sym,side,variant,t,R,how,stop_pct,gross_rr,per
BTC,1,MID,2016-06-09 14:05:00,2.21570843293342,target,0.37223853230455467,2.3231664108927603,design
BTC,1,MID,2016-08-13 17:00:00,2.262191187732127,target,0.2733960244641337,2.408499094287833,design
BTC,1,MID,2016-08-13 23:25:00,-1.3609387368041945,stop,0.27705532768639624,2.349027542677722,design
BTC,1,MID,2016-08-24 04:20:00,2.3288838521107724,target,0.2790094806232541,2.4722481561145204,design
BTC,1,MID,2017-01-24 22:00:00,-1.1748212051270532,stop,0.5720129885120281,2.7742054340148914,design
BTC,1,MID,2017-03-08 05:30:00,-1.0816595391980481,stop,1.224596672747208,2.908411573623631,design
BTC,1,MID,2017-03-08 08:00:00,2.856050609880348,target,1.4391480160210617,2.883844832263805,design
BTC,1,MID,2017-03-08 20:00:00,-1.0733799450240735,stop,1.3627701678870627,2.906136436596974,design
BTC,1,MID,2017-04-13 05:45:00,-1.3605976652367806,stop,0.27731738067226985,2.2650981534006935,design
BTC,1,MID,2017-05-30 22:15:00,-1.0870915370012626,stop,1.1482171912817472,2.3424593191368013,design
BTC,1,MID,2017-06-04 19:55:00,-1.1416101195468271,stop,0.7061642227265568,2.489033003590558,design
BTC,1,MID,2017-06-30 04:10:00,2.2833671099132706,target,0.6418782889171636,2.3456842200113224,design
BTC,1,MID,2017-06-30 13:50:00,-1.1590041503745052,stop,0.6289144010673196,2.3940360896898816,design
BTC,1,MID,2017-07-19 19:40:00,2.4772029501627744,target,1.302540209323798,2.5079121748866435,design
BTC,1,MID,2017-08-02 21:05:00,2.3647236520082533,target,0.8669709423539923,2.4108612998184467,design
BTC,1,MID,2017-09-10 05:00:00,-1.0997908997789172,stop,1.0020953836626991,2.471018113070509,design
BTC,1,MID,2017-09-21 01:00:00,-1.1006750925611997,stop,0.9932943437743631,2.5180424666312096,design
BTC,1,MID,2017-10-23 13:15:00,-1.0993997086206664,stop,1.00603916638855,2.4617043209077494,design
BTC,1,MID,2017-11-06 02:30:00,-1.132343563376519,stop,0.7556090938514236,2.281049822241957,design
BTC,1,MID,2017-11-12 23:25:00,2.7079153311130666,target,2.8132078006604986,2.722133975036423,design
BTC,1,MID,2017-11-23 23:05:00,-1.1959900288605856,stop,0.5102300386471873,2.4457810776537254,design
BTC,1,MID,2017-12-09 17:05:00,-1.0346499585747233,stop,2.886006336323558,2.851018924017335,design
BTC,1,MID,2017-12-19 11:05:00,-1.0806922504119383,stop,1.2392763801913391,2.6482938277517287,design
BTC,1,MID,2018-01-04 08:20:00,-1.0895957358973907,stop,1.1161245454194906,2.3344154126886605,design
BTC,1,MID,2018-01-10 00:20:00,-1.0591796806536977,stop,1.6897691723814932,2.665895378882784,design
BTC,1,MID,2018-04-06 06:20:00,-1.111088202360703,stop,0.9001855991449065,2.3497755886651728,design
BTC,1,MID,2018-04-17 19:00:00,-1.1805083328280508,stop,0.553991045362201,2.3293644518812613,design
BTC,1,MID,2018-05-17 18:40:00,-1.1447545022931886,stop,0.6908247993382477,2.511964191524198,design
BTC,1,MID,2018-05-17 22:00:00,-1.1361428890314194,stop,0.7345223882895695,2.606105612454065,design
BTC,1,MID,2018-07-01 14:35:00,-1.246650095942641,stop,0.4054326418071016,2.250594456767374,design
BTC,1,MID,2018-07-12 06:15:00,-1.2759879665870124,stop,0.3623346381244212,2.4007786382255127,design
BTC,1,MID,2018-07-30 16:10:00,-1.2203802468464173,stop,0.45376117610799244,2.4583086606968787,design
BTC,1,MID,2018-09-17 15:00:00,-1.2045554761783959,stop,0.488864937122429,2.676195581214285,design
BTC,1,MID,2018-10-01 14:05:00,-1.3069778453115672,stop,0.32575640726940713,2.41240696703356,design
BTC,1,MID,2018-10-02 16:35:00,-1.2777024054602721,stop,0.3600977090358905,2.621471790074294,design
BTC,1,MID,2018-11-22 23:15:00,-1.1036982584559336,stop,0.9643363494141487,2.4374709219430106,design
BTC,1,MID,2018-11-24 19:35:00,-1.127713335950066,stop,0.7830035857735207,2.5856365381679103,design
BTC,1,MID,2018-12-06 14:00:00,-1.09479884143307,stop,1.0548652123623474,2.6286141962920366,design
BTC,1,MID,2018-12-15 15:00:00,-1.138893821519709,stop,0.7199744301499399,2.6668557739021024,design
BTC,1,MID,2018-12-15 17:35:00,2.660456698139,target,0.745255894799314,2.714129537601439,design
BTC,1,MID,2018-12-27 05:20:00,2.4193115623037333,target,0.8087047533564838,2.46877337124449,design
BTC,1,MID,2019-01-28 04:00:00,-1.21628702468596,stop,0.46234858584418514,2.787202318596625,design
BTC,1,MID,2019-02-13 15:05:00,-1.312449571688416,stop,0.32005164692535726,2.588409171110064,design
BTC,1,MID,2019-02-27 20:30:00,-1.4057153304545524,stop,0.24647823854218842,2.3889999166093174,design
BTC,1,MID,2019-04-09 10:15:00,2.406512524700792,target,0.6924736037801618,2.4642764593571354,design
BTC,1,MID,2019-04-14 05:10:00,-1.3083390434426614,stop,0.32431831818468987,2.3206942091381846,design
BTC,1,MID,2019-04-21 09:40:00,-1.2963578728104947,stop,0.3374298750752092,2.5510875623526585,design
BTC,1,MID,2019-04-28 19:25:00,-1.358439269267062,stop,0.2789872889889559,2.201677257684979,design
BTC,1,MID,2019-05-28 13:20:00,-1.1802964630219144,stop,0.5546420507863503,2.3714939683817127,design
BTC,1,MID,2019-05-29 05:10:00,-1.1535401504457843,stop,0.6512954410273974,2.5317735368964667,design
BTC,1,MID,2019-06-06 14:45:00,-1.1307670696733414,stop,0.7647185201121491,2.4315041901076726,design
BTC,1,MID,2019-06-18 15:20:00,-1.1295634269382235,stop,0.7718227463038668,2.5579760154731055,design
BTC,1,MID,2019-06-30 13:25:00,-1.0717047844933891,stop,1.3946070782657396,2.561377422538428,design
BTC,1,MID,2019-08-08 17:25:00,2.6212320142294847,target,0.9227425251581859,2.664581051376269,design
BTC,1,MID,2019-09-16 12:00:00,-1.459480556952628,stop,0.21763706534879543,2.231605017585573,design
BTC,1,MID,2019-09-18 11:40:00,-1.3546680176705306,stop,0.2819538131935402,2.434026112398542,design
BTC,1,MID,2019-10-15 16:10:00,-1.2455497025721043,stop,0.40724952607358816,2.4500248979736363,design
BTC,1,MID,2019-10-30 11:00:00,-1.1089100985940674,stop,0.9181884994221035,2.6112011898497802,design
BTC,1,MID,2019-11-07 05:15:00,-1.2925752703314781,stop,0.3417923869187689,2.441925870717692,design
BTC,1,MID,2020-01-02 03:15:00,-1.3478083053453866,stop,0.2875146983643656,2.451853082471337,design
BTC,1,MID,2020-01-16 09:25:00,2.3655518766302848,target,0.6685350038853374,2.425384196205971,design
BTC,1,MID,2020-01-30 16:30:00,2.286205266312995,target,0.4841450051656022,2.3688251417082147,design
BTC,1,MID,2020-02-13 08:10:00,-1.2104797798514988,stop,0.47510501992425885,2.3930071375269235,design
BTC,1,MID,2020-02-14 07:35:00,2.5630400778241844,target,0.6519466953220863,2.624394787169307,design
BTC,1,MID,2020-02-17 12:00:00,-1.1379459053235093,stop,0.7249218435696297,2.6709107327671413,design
BTC,1,MID,2020-03-01 17:05:00,-1.1468352662373273,stop,0.6810353027750958,2.4863595845167192,design
BTC,1,MID,2020-03-07 16:55:00,-1.32846999443833,stop,0.30444181110361634,2.466580918551859,design
BTC,1,MID,2020-03-12 03:00:00,-1.1007109171864238,stop,0.9929410116967982,2.512790171955839,design
BTC,1,MID,2020-03-29 16:40:00,-1.126025329246941,stop,0.7934912814554477,2.590835194665493,design
BTC,1,MID,2020-04-09 11:55:00,-1.1678540394577772,stop,0.5957556953829193,2.5899248493331073,design
BTC,1,MID,2020-04-10 05:00:00,-1.1463230610302195,stop,0.6834192730518902,2.6334859128048507,design
BTC,1,MID,2020-05-09 06:50:00,-1.1638789048444949,stop,0.6102066650670525,2.3440296638583935,design
BTC,1,MID,2020-05-24 12:00:00,-1.219469208207781,stop,0.45564478414359505,2.365740131821325,design
BTC,1,MID,2020-06-14 14:40:00,-1.3608251764963462,stop,0.2771425236204732,2.3788437061610366,design
BTC,1,MID,2020-06-17 14:00:00,-1.2649577434698889,stop,0.3774186732208658,2.3865575015515943,design
BTC,1,MID,2020-06-19 02:55:00,2.4120548164120437,target,0.4284454778771679,2.5054155870711,design
BTC,1,MID,2020-06-20 11:15:00,-1.2931660354050316,stop,0.3411036338566379,2.5980751862929647,design
BTC,1,MID,2020-06-27 19:40:00,-1.2560041188143418,stop,0.39061871528919256,2.4808823417224786,design
BTC,1,MID,2020-09-05 18:50:00,-1.0873833998045956,stop,1.1443821163243508,2.607682140639268,design
BTC,1,MID,2020-09-05 20:00:00,2.5111072397941823,target,1.2622206093034292,2.542797421134253,design
BTC,1,MID,2020-09-23 19:00:00,-1.3007727985558561,stop,0.33247687450508967,2.547103075047412,design
BTC,1,MID,2020-09-27 06:40:00,-1.3821228431026646,stop,0.26169594884211905,2.502096015022412,design
BTC,1,MID,2020-10-14 16:00:00,2.2871723035254576,target,0.41524166476718327,2.383501750673848,design
BTC,1,MID,2020-11-02 05:15:00,2.1122995054183518,target,0.3667546028718099,2.2213642579443915,design
BTC,1,MID,2020-11-02 08:25:00,-1.279213200720181,stop,0.35814925562999045,2.27473756666886,design
BTC,1,MID,2020-11-07 15:10:00,-1.1500757944415894,stop,0.6663299726120777,2.4251891921441495,design
BTC,1,MID,2020-11-22 07:10:00,-1.1712479784438088,stop,0.5839484991807523,2.3960822832400375,design
BTC,1,MID,2020-11-25 22:40:00,-1.133214832042091,stop,0.7506671627105588,2.416366138207951,design
BTC,1,MID,2020-12-21 10:05:00,-1.1185229570141297,stop,0.8437184029088854,2.4615575185277674,design
BTC,1,MID,2020-12-23 22:20:00,2.548945841101161,target,1.015263256174994,2.5883444894386374,design
BTC,1,MID,2020-12-24 02:55:00,2.4447374070242383,target,1.0412500504540394,2.4831527713092703,design
BTC,1,MID,2021-01-24 19:10:00,-1.1117371567330308,stop,0.8949574423029766,2.5086882165460094,design
BTC,1,MID,2021-01-27 11:45:00,-1.0898844612910217,stop,1.1125393484445198,2.483296531522895,design
BTC,1,MID,2021-02-28 02:45:00,-1.082884353480851,stop,1.206500332093478,2.5027233108695324,design
BTC,1,MID,2021-04-03 17:05:00,-1.2488805094426367,stop,0.4017992418287321,2.2935199598809772,design
BTC,1,MID,2021-04-16 05:00:00,-1.152350803717787,stop,0.6563798651514755,2.502112511898598,design
BTC,1,MID,2021-04-17 17:45:00,-1.1488087612836986,stop,0.6720034434622671,2.5554657866611468,design
BTC,1,MID,2021-05-16 18:20:00,-1.082695516475304,stop,1.2092554017709514,2.540867841418419,design
BTC,1,MID,2021-05-18 23:05:00,-1.0690663711618504,stop,1.4478826427069629,2.5069700382835123,design
BTC,1,MID,2021-06-05 14:05:00,-1.0820691753663654,stop,1.2184842793118063,2.651104681580434,design
BTC,1,MID,2021-06-20 10:00:00,-1.1250561533377827,stop,0.7996407800094024,2.4685357822231335,design
BTC,1,MID,2021-06-21 06:25:00,-1.0792246320485022,stop,1.2622336944244692,2.715057127089545,design
BTC,1,MID,2021-08-19 03:05:00,-1.1415179244008842,stop,0.7066242698467337,2.5016245621866977,design
BTC,1,MID,2021-08-30 04:00:00,-1.169260000308116,stop,0.5908070413444578,2.6352251187132785,design
BTC,1,MID,2021-08-30 11:25:00,-1.1626368999066479,stop,0.6148666142640387,2.7785100693657276,design
BTC,1,MID,2021-09-13 02:30:00,-1.1596009567049,stop,0.626562660178151,2.4706253606034423,design
BTC,1,MID,2021-10-31 09:00:00,-1.1997627421176271,stop,0.50059384918293,2.5430824728470776,design
BTC,1,MID,2021-11-05 19:45:00,-1.1923621364734824,stop,0.5198528246424692,2.4658005832649548,design
BTC,1,MID,2021-12-01 20:55:00,-1.1227906892571347,stop,0.8143939952205255,2.558356316470417,design
BTC,1,MID,2021-12-03 15:45:00,-1.1792124010007203,stop,0.5579970997631917,2.3188402610586243,design
BTC,1,MID,2021-12-06 08:25:00,-1.1358763785907233,stop,0.7359630940798952,2.210024879612832,design
BTC,1,MID,2021-12-10 16:05:00,-1.0997065304688332,stop,1.0029433330975102,2.533172412878681,design
BTC,1,MID,2022-01-02 18:30:00,2.2603010322483525,target,0.4616772389841663,2.3469416474279368,design
BTC,1,MID,2022-01-03 03:40:00,2.3760756791292867,target,0.4612941405835106,2.462788248140899,design
BTC,1,MID,2022-01-05 00:00:00,2.5125899224108776,target,0.6966646919929619,2.5700063530980297,design
BTC,1,MID,2022-02-02 14:30:00,-1.191115216082101,stop,0.523244574921973,2.5066463460216473,design
BTC,1,MID,2022-02-21 23:30:00,-1.0866557001826758,stop,1.153992175808325,2.508489110397225,design
BTC,1,MID,2022-03-07 19:20:00,-1.1195249325943715,stop,0.8366455251588997,2.4854765008242703,design
BTC,1,MID,2022-03-30 01:40:00,-1.2137153653687969,stop,0.4679120746766875,2.43022063033791,design
BTC,1,MID,2022-04-08 13:10:00,-1.2419735417186442,stop,0.4132683238412714,2.4414238476142858,design
BTC,1,MID,2022-04-08 18:05:00,-1.2020712316849445,stop,0.49487499613954516,2.310798244512232,design
BTC,1,MID,2022-05-11 19:35:00,-1.0516977948499973,stop,1.9343184808975482,2.3654632462822396,design
BTC,1,MID,2022-06-17 22:35:00,-1.0990091609877333,stop,1.0100075488205538,2.472575998595413,design
BTC,1,MID,2022-08-03 01:00:00,2.3166792609766724,target,0.6244255872495156,2.3807381349510606,design
BTC,1,MID,2022-08-26 07:05:00,-1.2712777204890198,stop,0.36862592261441396,2.508586397139229,design
BTC,1,MID,2022-09-16 00:15:00,-1.1393098385090914,stop,0.7178243910854428,2.650649602728968,design
BTC,1,MID,2022-09-25 14:10:00,2.264501174528421,target,0.3588978879122504,2.3759534882566644,design
BTC,1,MID,2022-09-25 21:35:00,-1.275172355808725,stop,0.36340859788078056,2.3464626144943455,design
BTC,1,MID,2022-10-13 07:35:00,-1.407662747018752,stop,0.24530080497004578,2.6151803727423135,design
BTC,1,MID,2022-10-20 20:30:00,-1.281300534807607,stop,0.3554916810534829,2.534653499746202,design
BTC,1,MID,2022-12-07 07:10:00,-1.4304729607105062,stop,0.2323026278699306,2.5669167685911622,design
BTC,1,MID,2023-02-23 12:05:00,2.634915716911694,target,0.6229674500236135,2.6991245291032198,design
BTC,1,MID,2023-03-04 21:45:00,2.487250699403593,target,0.2230503497878892,2.6665824065183235,design
BTC,1,MID,2023-04-12 15:10:00,-1.2402702537936947,stop,0.4161980037939439,2.394306396379174,design
BTC,1,MID,2023-05-08 01:40:00,-1.2442550420551535,stop,0.40940812995549036,2.6887568690588357,design
BTC,1,MID,2023-06-10 01:50:00,-1.3472923639501813,stop,0.28794183339529145,2.7423716526190236,design
BTC,1,MID,2023-07-18 13:05:00,2.508507868882265,target,0.3411251378876926,2.6257668907405987,design
BTC,1,MID,2023-07-18 16:45:00,-1.2937154951486383,stop,0.3404655241269917,2.6072052291194137,design
BTC,1,MID,2023-08-22 16:15:00,-1.4376859483035744,stop,0.22847432134293932,2.7882827563445622,design
BTC,1,MID,2023-08-31 14:15:00,-1.316665717297972,stop,0.3157904204259132,2.593107634979349,design
BTC,1,MID,2023-09-04 12:15:00,-1.5486293350693099,stop,0.1822724262226458,2.5905284519963545,design
BTC,1,MID,2023-09-20 19:15:00,2.5412401737513233,target,0.3723638254413661,2.648661994204982,design
BTC,1,MID,2023-10-08 10:00:00,-1.6025230528013252,stop,0.16596875345278084,2.436688405933883,design
BTC,1,MID,2023-10-31 06:30:00,2.4867176439426313,target,0.34402099493984023,2.602989617422026,design
BTC,1,MID,2023-11-07 10:00:00,-1.317416738813949,stop,0.3150432468484723,2.6568874766375083,design
BTC,1,MID,2023-11-27 10:35:00,-1.3236783144183877,stop,0.3089487171227037,2.620073007600926,design
BTC,1,MID,2023-11-30 08:25:00,-1.2841020878765226,stop,0.351986149582478,2.5935068394109755,design
BTC,1,MID,2023-12-15 16:50:00,2.8535311787325384,target,0.6246946543997908,2.9175624614052422,design
BTC,1,MID,2023-12-24 20:40:00,-1.5384450368126013,stop,0.18571997727375042,2.4153729578400496,design
BTC,1,MID,2023-12-26 07:00:00,-1.2440878741283548,stop,0.40968852040316656,2.8405979935666945,design
BTC,1,MID,2024-01-14 20:00:00,-1.3409588802170984,stop,0.29329049865581186,2.376834843138556,held-out
BTC,1,MID,2024-01-31 21:00:00,-1.1777584470377478,stop,0.5625611703210063,2.531798559875656,held-out
BTC,1,MID,2024-02-23 09:00:00,-1.255375062190885,stop,0.39158091296029934,2.4459388500549926,held-out
BTC,1,MID,2024-03-14 13:50:00,-1.1937341620412651,stop,0.5161712263152646,2.600778024677814,held-out
BTC,1,MID,2024-03-19 01:05:00,-1.1607724962377235,stop,0.6219969356707423,2.281687069096521,held-out
BTC,1,MID,2024-04-12 14:10:00,-1.2437216433516642,stop,0.4103041429755614,2.421550456114365,held-out
BTC,1,MID,2024-04-24 13:30:00,-1.3039378949444713,stop,0.32901458377959014,2.5135663082652298,held-out
BTC,1,MID,2024-05-29 15:15:00,2.379687125814173,target,0.39718266827774756,2.480396454782244,held-out
BTC,1,MID,2024-07-02 13:55:00,-1.2948424350242576,stop,0.3391642047447232,2.7327660770233226,held-out
BTC,1,MID,2024-07-11 16:00:00,-1.150535856877056,stop,0.6642935581897328,2.56756973018211,held-out
BTC,1,MID,2024-07-23 11:25:00,-1.2014858273311995,stop,0.496312824204858,2.693500355441742,held-out
BTC,1,MID,2024-07-24 19:50:00,-1.2113774977961609,stop,0.4730872540483648,2.4588776138340878,held-out
BTC,1,MID,2024-07-25 00:10:00,-1.1879546751221126,stop,0.5320431637841984,2.581948296020717,held-out
BTC,1,MID,2024-09-08 15:40:00,-1.3112339664272075,stop,0.321301691932742,2.4372230922959313,held-out
BTC,1,MID,2024-09-11 05:05:00,-1.1914536082782423,stop,0.5223197457562072,2.4544856028967104,held-out
BTC,1,MID,2024-09-29 05:45:00,2.397854233631135,target,0.21597787458851847,2.5830583897337362,held-out
BTC,1,MID,2024-10-23 08:00:00,-1.3103458533426156,stop,0.32222115721198946,2.4923378508103076,held-out
BTC,1,MID,2024-11-17 20:25:00,-1.2518471388547006,stop,0.3970662539775507,2.4408954168057164,held-out
BTC,1,MID,2025-01-12 10:20:00,2.300135134579746,target,0.22173676186632213,2.480529218372287,held-out
BTC,1,MID,2025-02-06 17:00:00,-1.198907440012686,stop,0.5027464030185202,2.4681928557766417,held-out
BTC,1,MID,2025-02-11 16:25:00,-1.3123347259907545,stop,0.320169330140255,2.398879764242885,held-out
BTC,1,MID,2025-02-24 14:40:00,-1.3852806064463767,stop,0.2595510864726538,2.39811278865649,held-out
BTC,1,MID,2025-03-08 01:30:00,-1.0842016135301085,stop,1.1876256975080692,2.654268011201388,held-out
BTC,1,MID,2025-03-13 16:05:00,-1.1374799018926747,stop,0.7273790468519991,2.6005582133544576,held-out
BTC,1,MID,2025-03-28 04:50:00,-1.2865779225955638,stop,0.34894523309503533,2.5679198464632518,held-out
BTC,1,MID,2025-04-06 16:15:00,-1.3239501032929264,stop,0.3086895141674849,2.6002431347416275,held-out
BTC,1,MID,2025-04-27 12:25:00,2.5387181437744424,target,0.26427039578699857,2.6900782682442292,held-out
BTC,1,MID,2025-05-29 16:05:00,-1.2542867343419075,stop,0.3932568494333743,2.55505673601315,held-out
BTC,1,MID,2025-06-04 13:00:00,-1.3475647142798723,stop,0.2877162033182579,2.623871400749732,held-out
BTC,1,MID,2025-06-05 16:15:00,-1.3050519402025862,stop,0.32781302729492445,2.462812824164334,held-out
BTC,1,MID,2025-06-27 00:50:00,-1.373354620149838,stop,0.26784187098010775,2.4020688254197333,held-out
BTC,1,MID,2025-07-04 07:50:00,-1.3672194131135393,stop,0.2723167578536522,2.6614040719441925,held-out
BTC,1,MID,2025-07-25 01:20:00,-1.311819982841018,stop,0.3206978561440856,2.468359564221185,held-out
BTC,1,MID,2025-07-31 22:40:00,-1.258740642246995,stop,0.3864874073572857,2.7813905864478494,held-out
BTC,1,MID,2025-09-09 15:35:00,-1.3089802889719853,stop,0.32364524071328976,2.642192561844843,held-out
BTC,1,MID,2025-09-09 18:00:00,2.545868800008549,target,0.3396519057372732,2.663636430115535,held-out
BTC,1,MID,2025-09-23 19:25:00,-1.3522007592311838,stop,0.2839289734022414,2.450412295559901,held-out
BTC,1,MID,2025-10-09 14:35:00,-1.2497759057945503,stop,0.400358872413633,2.556514879067826,held-out
BTC,1,MID,2025-10-09 16:40:00,-1.2211748469721955,stop,0.45213097858533297,2.541826022422439,held-out
BTC,1,MID,2025-10-15 17:10:00,2.4808278598125058,target,0.5354631732914904,2.555529542384101,held-out
BTC,1,MID,2025-11-16 15:50:00,-1.2935933550280918,stop,0.3406071639136101,2.3871162415216345,held-out
BTC,1,MID,2025-12-04 17:35:00,-1.2167901659915643,stop,0.46127553592025544,2.300461011652679,held-out
BTC,1,MID,2025-12-15 15:00:00,-1.2174921106039613,stop,0.4597867928280552,2.7055253033074513,held-out
BTC,1,MID,2025-12-24 15:20:00,2.387599049219867,target,0.36028148141159,2.4986233512275065,held-out
BTC,1,MID,2026-01-16 13:35:00,-1.3131796971182645,stop,0.31930550070823227,2.6968395898650255,held-out
BTC,1,MID,2026-01-23 15:15:00,2.3536657514642303,target,0.3301816794448091,2.474811176816899,held-out
BTC,1,MID,2026-02-10 14:35:00,-1.14639017862536,stop,0.6831059360609076,2.6623848120873026,held-out
BTC,1,MID,2026-02-18 18:20:00,-1.2063802077260546,stop,0.4845425881765668,2.375800596812529,held-out
BTC,1,MID,2026-03-08 21:10:00,-1.2434022416192982,stop,0.4108425597674179,2.452364086315028,held-out
BTC,1,MID,2026-03-12 05:25:00,2.5077395354452565,target,0.554220370517551,2.5799129923007786,held-out
BTC,1,MID,2026-05-12 12:30:00,-1.2929793758086405,stop,0.34132095381797445,2.8083389144046964,held-out
BTC,1,MID,2026-05-17 23:05:00,-1.505254295039582,stop,0.19792013839717276,2.304916944456811,held-out
BTC,1,MID,2026-05-22 18:00:00,-1.3162694370818648,stop,0.31618610044231205,2.7137092407635213,held-out
BTC,1,MID,2026-05-26 16:00:00,-1.2552131739404004,stop,0.39182930275908423,2.4531278531985174,held-out
BTC,1,MID,2026-06-29 15:10:00,2.287607032576483,target,0.5431452250159878,2.361252161278153,held-out
BTC,1,MID,2026-06-30 12:00:00,-1.213843303215335,stop,0.4676321329515867,2.7425464293098223,held-out
BTC,1,MID,2026-08-07 04:45:00,2.3763840527456206,target,0.21967515730425194,2.558471096591911,held-out
BTC,1,MID,2026-08-10 13:30:00,-1.532718954794393,stop,0.18771624155666808,2.4053124316722094,held-out
BTC,1,MID,2026-08-12 15:00:00,2.5743986247367836,target,0.296948869314853,2.7091019495626756,held-out
BTC,1,MID,2026-09-14 00:25:00,-1.4936800740834721,stop,0.20256033259120734,2.5786371067300715,held-out
BTC,-1,MID,2016-06-25 14:00:00,2.617943857900263,target,1.1634848722690703,2.6523233336918053,design
BTC,-1,MID,2016-07-07 02:20:00,2.4469568292861923,target,0.4043580631348933,2.5458790560124,design
BTC,-1,MID,2016-07-27 15:30:00,-1.3225849984445301,stop,0.3099958165512629,2.2855506336420732,design
BTC,-1,MID,2016-08-06 17:00:00,-1.1760259072592965,stop,0.568098193936272,2.471441555708105,design
BTC,-1,MID,2016-08-10 13:20:00,-1.3346516812525244,stop,0.2988181610973026,2.4225749186124297,design
BTC,-1,MID,2016-10-28 13:00:00,-1.3034055895367422,stop,0.3295918185050118,2.4402297823875823,design
BTC,-1,MID,2016-11-08 13:40:00,-1.4005299237261815,stop,0.2496692358705365,2.28537405884693,design
BTC,-1,MID,2016-11-20 02:10:00,2.4905255947404803,target,0.2816415983934509,2.6325500692079213,design
BTC,-1,MID,2016-12-20 22:20:00,2.1831714314387005,target,0.16600483826303364,2.424128263893308,design
BTC,-1,MID,2017-01-14 00:00:00,-1.0870544499491273,stop,1.1487063562912376,2.7921002626586744,design
BTC,-1,MID,2017-01-26 12:00:00,-1.319252602236154,stop,0.3132315893420006,2.7619560448384597,design
BTC,-1,MID,2017-02-04 00:15:00,2.5852766357529995,target,0.5408731401780443,2.659231130862209,design
BTC,-1,MID,2017-02-28 00:00:00,-1.2279585714610146,stop,0.4386762005003266,2.480423714777431,design
BTC,-1,MID,2017-03-15 22:50:00,2.24947124939294,target,0.3144853505347506,2.376663183554528,design
BTC,-1,MID,2017-03-27 09:40:00,-1.1030692168042682,stop,0.97022178978912,2.474363409999832,design
BTC,-1,MID,2017-03-31 04:55:00,-1.1868760448512468,stop,0.5351140649386066,2.366102481406369,design
BTC,-1,MID,2017-04-27 16:00:00,-1.1519722197715223,stop,0.6580149987303062,2.9505645171958466,design
BTC,-1,MID,2017-05-03 13:20:00,-1.1108095165197638,stop,0.9024495651703721,2.905420680780409,design
BTC,-1,MID,2017-05-08 04:10:00,-1.1447353719863946,stop,0.6909161086717637,2.505454509117259,design
BTC,-1,MID,2017-05-22 04:00:00,-1.1226096778628891,stop,0.8155963031876412,2.76470840168617,design
BTC,-1,MID,2017-05-23 12:25:00,-1.065306690375313,stop,1.5312366837962086,2.7140338244390487,design
BTC,-1,MID,2017-06-05 03:00:00,-1.1336469557723001,stop,0.7482400135650988,2.5844898656059363,design
BTC,-1,MID,2017-06-11 00:00:00,-1.1392354062732128,stop,0.7182081244750081,2.361261284550285,design
BTC,-1,MID,2017-06-19 21:20:00,-1.1155517718147738,stop,0.8654129523889701,2.456593283313487,design
BTC,-1,MID,2017-07-12 15:35:00,-1.0978010456226364,stop,1.0224839557017444,2.6177089961009057,design
BTC,-1,MID,2017-08-14 11:00:00,-1.0694758815619654,stop,1.439348414900072,2.7566163055380883,design
BTC,-1,MID,2017-08-20 19:05:00,2.4548912271597727,target,0.8962017915144079,2.4995240323814714,design
BTC,-1,MID,2017-09-05 22:00:00,-1.0654953479789135,stop,1.526825997354736,2.661746900924723,design
BTC,-1,MID,2017-09-18 00:35:00,-1.078063279209085,stop,1.281012032970836,2.5831037875880907,design
BTC,-1,MID,2017-09-20 13:55:00,2.4155318800379737,target,0.8958419844945178,2.460182611631638,design
BTC,-1,MID,2017-11-13 09:45:00,-1.0447881399769574,stop,2.232733934730222,2.6487412389905405,design
BTC,-1,MID,2017-11-19 17:25:00,-1.1819997927180461,stop,0.5494511752269956,2.2857415909941325,design
BTC,-1,MID,2017-12-03 09:05:00,-1.1178542692607818,stop,0.8485055367720716,2.3787511800730967,design
BTC,-1,MID,2017-12-12 17:25:00,-1.07381449630026,stop,1.354747441386358,2.57100400683718,design
BTC,-1,MID,2017-12-12 20:00:00,2.673625891946111,target,1.3880583817038559,2.702443123647057,design
BTC,-1,MID,2018-01-02 13:10:00,-1.077680060059012,stop,1.287331651443525,2.562506470578197,design
BTC,-1,MID,2018-01-02 18:05:00,-1.071608709338815,stop,1.3964781787485165,2.6131870012537717,design
BTC,-1,MID,2018-01-20 04:45:00,-1.0681727859744004,stop,1.4668609852258536,2.3912991715541003,design
BTC,-1,MID,2018-02-09 18:00:00,-1.0553754455015758,stop,1.8058545460759179,2.619886376186551,design
BTC,-1,MID,2018-02-17 01:05:00,-1.0992027617545448,stop,1.0080364521244671,2.5201286486109367,design
BTC,-1,MID,2018-04-12 11:00:00,-1.189675150437992,stop,0.5272171909134273,2.467914218226858,design
BTC,-1,MID,2018-04-15 11:00:00,-1.1381237611879134,stop,0.7239883937417028,2.678301666352207,design
BTC,-1,MID,2018-04-24 00:30:00,-1.2054086298857576,stop,0.4868344628734301,2.5219414619465965,design
BTC,-1,MID,2018-05-13 12:30:00,-1.1218282026993356,stop,0.820828000284907,2.513382158497398,design
BTC,-1,MID,2018-05-13 18:30:00,-1.119192237190947,stop,0.8389808124819333,2.6390311047545443,design
BTC,-1,MID,2018-05-14 15:00:00,-1.1052295041684939,stop,0.9503038220144003,2.515754127704001,design
BTC,-1,MID,2018-05-20 15:35:00,-1.211055870593873,stop,0.47380818983437023,2.5612337715790674,design
BTC,-1,MID,2018-07-02 13:15:00,-1.2540838518584394,stop,0.39357085965350586,2.3860116051292835,design
BTC,-1,MID,2018-09-03 19:20:00,2.3599836671588803,target,0.3536721368463172,2.473082766105941,design
BTC,-1,MID,2018-09-27 19:40:00,-1.3403755112885656,stop,0.2937931686725294,2.424201634966059,design
BTC,-1,MID,2018-10-01 00:05:00,-1.3249446552817186,stop,0.3077447139830708,2.319316398829901,design
BTC,-1,MID,2018-11-18 16:20:00,-1.3379806790502073,stop,0.29587490113641945,2.4480135087510893,design
BTC,-1,MID,2018-11-28 03:45:00,-1.0715856849653709,stop,1.396927333284223,2.5877515723776696,design
BTC,-1,MID,2018-12-17 12:10:00,-1.238857708596379,stop,0.41865929547611846,2.4025163524491897,design
BTC,-1,MID,2019-01-04 21:30:00,-1.193798840103376,stop,0.5159989602964502,2.559540496414408,design
BTC,-1,MID,2019-03-08 06:25:00,-1.3562241390626637,stop,0.2807221325964352,2.380972294756219,design
BTC,-1,MID,2019-03-20 20:00:00,-1.3800177221593992,stop,0.26314562234561995,2.527174566110467,design
BTC,-1,MID,2019-03-29 04:10:00,-1.5407131845048854,stop,0.18494093146917984,2.387223302769965,design
BTC,-1,MID,2019-06-17 12:05:00,-1.1082052598545213,stop,0.9241694917090624,2.7214886588044367,design
BTC,-1,MID,2019-06-25 03:05:00,-1.1086230449014254,stop,0.9206149587387216,2.7057980642646133,design
BTC,-1,MID,2019-08-30 16:00:00,2.445760284127683,target,0.5130821546483382,2.5237205086991565,design
BTC,-1,MID,2019-10-13 13:20:00,-1.287374951914216,stop,0.3479774396964524,2.5563996332808445,design
BTC,-1,MID,2019-11-02 03:35:00,-1.195564758332604,stop,0.5113395728995636,2.344452879714588,design
BTC,-1,MID,2019-11-10 06:00:00,-1.309449565879851,stop,0.3231544362186201,2.314197770505044,design
BTC,-1,MID,2020-01-05 00:20:00,-1.246337325624133,stop,0.4059474127464636,2.3703210745181256,design
BTC,-1,MID,2020-01-22 00:15:00,2.551691781510267,target,0.519455786325632,2.628695447756705,design
BTC,-1,MID,2020-01-30 16:20:00,-1.2112873387714653,stop,0.4732891264637629,2.3688251417082147,design
BTC,-1,MID,2020-02-13 06:00:00,2.3395028629651797,target,0.4501048042828971,2.4283710545938555,design
BTC,-1,MID,2020-03-07 16:35:00,-1.3334031562754338,stop,0.2999371725125097,2.466580918551793,design
BTC,-1,MID,2020-03-27 00:00:00,-1.133179899469029,stop,0.7508640598069762,2.4697977771540467,design
BTC,-1,MID,2020-04-06 05:00:00,-1.138648785603311,stop,0.7212468509180506,2.6654599298558086,design
BTC,-1,MID,2020-04-26 13:10:00,2.7525098103088697,target,0.4932436403338472,2.8336056354327908,design
BTC,-1,MID,2020-04-28 23:10:00,-1.282188665533197,stop,0.3543728441787322,2.340826743747874,design
BTC,-1,MID,2020-05-17 12:05:00,-1.163993281091489,stop,0.6097810796541824,2.5676911547392836,design
BTC,-1,MID,2020-06-22 05:00:00,-1.3441725625062118,stop,0.2905519233486115,2.4484489206924143,design
BTC,-1,MID,2020-06-22 07:25:00,-1.3330674915967684,stop,0.3002394485291469,2.5140875501098385,design
BTC,-1,MID,2020-06-29 20:05:00,-1.2820186324289387,stop,0.35458650068164344,2.444736289877618,design
BTC,-1,MID,2020-08-15 22:00:00,2.3273774368269886,target,0.4643633106578214,2.413516886438836,design
BTC,-1,MID,2020-08-23 19:10:00,-1.3915324022088178,stop,0.2554067030872876,2.3149855242098627,design
BTC,-1,MID,2020-09-16 14:00:00,-1.1966307491828374,stop,0.5085674565935505,2.5536556718765104,design
BTC,-1,MID,2020-10-01 02:00:00,-1.2987789505389153,stop,0.3346955996050839,2.516957794819059,design
BTC,-1,MID,2020-11-03 14:00:00,-1.1571680072876849,stop,0.636261804967452,2.56508388861446,design
BTC,-1,MID,2020-11-24 09:20:00,-1.15080842256868,stop,0.6630929380251208,2.5291616637137806,design
BTC,-1,MID,2020-12-15 21:05:00,2.4435518085296706,target,0.4277471570248403,2.5370649958018356,design
BTC,-1,MID,2021-01-01 01:05:00,-1.1166855880647213,stop,0.8570038653319685,2.486045719747817,design
BTC,-1,MID,2021-01-01 03:15:00,-1.1124308099332947,stop,0.8894359122675539,2.5220572512137545,design
BTC,-1,MID,2021-03-07 00:20:00,-1.1229362458343055,stop,0.8134297523187811,2.5691701359748067,design
BTC,-1,MID,2021-03-07 04:00:00,-1.1121475347408671,stop,0.8916825521939847,2.73034426955878,design
BTC,-1,MID,2021-03-11 20:25:00,-1.0996994789829242,stop,1.0030142686816588,2.5149960845611465,design
BTC,-1,MID,2021-03-31 16:00:00,2.5400523257006586,target,0.8053595673558267,2.5897195819441388,design
BTC,-1,MID,2021-04-13 06:25:00,-1.2026683818627193,stop,0.4934168767762529,2.487838830981629,design
BTC,-1,MID,2021-04-13 08:00:00,-1.187290434669689,stop,0.5339300972650473,2.4674958098912065,design
BTC,-1,MID,2021-05-14 13:50:00,2.6423650717610943,target,1.2975813340062778,2.673191655769127,design
BTC,-1,MID,2021-05-26 03:55:00,-1.0713953826736309,stop,1.4006508019871442,2.530451525843695,design
BTC,-1,MID,2021-06-13 16:00:00,-1.13582766580333,stop,0.7362270374637359,2.4504913664733285,design
BTC,-1,MID,2021-07-02 23:10:00,2.24091520726604,target,0.657825058025824,2.30172164738561,design
BTC,-1,MID,2021-07-03 07:20:00,-1.1625526695631663,stop,0.6151852213115521,2.461259022157042,design
BTC,-1,MID,2021-07-07 08:05:00,2.487119925311935,target,0.7157202880567733,2.5430076801618116,design
BTC,-1,MID,2021-08-08 04:30:00,-1.1079412833113909,stop,0.9264296007257793,2.5187421694333443,design
BTC,-1,MID,2021-08-11 08:00:00,2.5344614481999246,target,0.7016723412521514,2.591468113060932,design
BTC,-1,MID,2021-09-03 10:35:00,-1.157346205884616,stop,0.6355412222226149,2.617510599827839,design
BTC,-1,MID,2021-09-03 12:05:00,-1.1469581106355458,stop,0.6804660155709182,2.545178328328365,design
BTC,-1,MID,2021-09-12 13:10:00,2.460525850890501,target,0.49728644180600834,2.5409623893465483,design
BTC,-1,MID,2021-09-30 01:05:00,-1.144746946737956,stop,0.6908608592693563,2.5200123390780735,design
BTC,-1,MID,2021-10-19 04:00:00,-1.1057689117618172,stop,0.9454573970203243,2.7432887741895193,design
BTC,-1,MID,2021-12-03 10:00:00,-1.2059459593600181,stop,0.4855642728352248,2.2641477702218675,design
BTC,-1,MID,2021-12-19 03:00:00,-1.1556862023686398,stop,0.6423176779867502,2.592972951694913,design
BTC,-1,MID,2022-01-02 17:00:00,2.332235414730221,target,0.4433248809005829,2.422462698880713,design
BTC,-1,MID,2022-01-09 02:40:00,2.39051172773621,target,0.6973911495922422,2.4478683489428135,design
BTC,-1,MID,2022-01-19 15:00:00,2.4464324864798757,target,0.5756814011467911,2.515915363502336,design
BTC,-1,MID,2022-03-17 05:00:00,2.706253667778406,target,0.9947042014323307,2.7464666275129703,design
BTC,-1,MID,2022-04-13 14:00:00,-1.1737322773319243,stop,0.575598279926677,2.4290563683007242,design
BTC,-1,MID,2022-06-25 23:55:00,-1.1678964130501914,stop,0.5956053389306516,2.515982995344614,design
BTC,-1,MID,2022-07-19 15:05:00,-1.08577421761082,stop,1.1658514969349665,2.6985326329031847,design
BTC,-1,MID,2022-08-03 09:15:00,-1.1817269870206613,stop,0.5502760026975554,2.4937242308281817,design
BTC,-1,MID,2022-08-21 08:10:00,-1.2086400955046817,stop,0.47929425913129964,2.410915685695239,design
BTC,-1,MID,2022-08-23 12:00:00,-1.1957306251596715,stop,0.510906251479158,2.3616472261401076,design
BTC,-1,MID,2022-11-18 00:10:00,-1.273232498188447,stop,0.36598867507711497,2.5041858086990256,design
BTC,-1,MID,2023-01-16 20:00:00,-1.1712721725367206,stop,0.5838660099822116,2.6499668020309826,design
BTC,-1,MID,2023-03-01 04:45:00,-1.2496857515982138,stop,0.4005034302514658,2.446060429166722,design
BTC,-1,MID,2023-03-21 17:00:00,2.3668424036840223,target,0.6548556915655787,2.42792456348685,design
BTC,-1,MID,2023-04-25 18:00:00,-1.2438093179835974,stop,0.4101565962574392,2.5758854060066017,design
BTC,-1,MID,2023-04-25 20:00:00,-1.2286395761842706,stop,0.4373696000879814,2.6347964099331156,design
BTC,-1,MID,2023-06-03 15:55:00,-1.4679935227729881,stop,0.2136781710299599,2.8500073291016026,design
BTC,-1,MID,2023-06-20 15:55:00,-1.2246583614374629,stop,0.4451203122828642,2.873832374496385,design
BTC,-1,MID,2023-06-27 10:10:00,-1.2864558703599525,stop,0.34909391060599604,2.682356983106017,design
BTC,-1,MID,2023-07-20 06:00:00,-1.3771802446894366,stop,0.26512523232052676,2.4779497469518534,design
BTC,-1,MID,2023-07-26 18:10:00,-1.5592097307264228,stop,0.17882378382453815,2.4450988876647233,design
BTC,-1,MID,2023-09-04 03:20:00,2.4303357264042798,target,0.20318165745616792,2.6272038910841014,design
BTC,-1,MID,2023-09-19 15:30:00,2.5992300960434718,target,0.47938528574423733,2.6826702874500574,design
BTC,-1,MID,2023-09-28 15:00:00,-1.239663608819847,stop,0.41725149885049573,2.8809245008843636,design
BTC,-1,MID,2023-10-21 19:00:00,2.8561224323021177,target,0.5030990558961229,2.935629637754435,design
BTC,-1,MID,2023-10-29 13:05:00,-1.3828864020055556,stop,0.2611740701059136,2.7879996871087975,design
BTC,-1,MID,2023-12-01 04:10:00,-1.3552177932727463,stop,0.28151742928940837,2.472104873314437,design
BTC,-1,MID,2023-12-01 06:45:00,-1.333937163668152,stop,0.2994575353684633,2.57888827660622,design
BTC,-1,MID,2023-12-22 05:20:00,-1.2548453107779969,stop,0.3923948990653115,2.3767717321743635,design
BTC,-1,MID,2024-01-01 15:40:00,-1.3339145690485261,stop,0.29947779842294775,2.6161709162723925,held-out
BTC,-1,MID,2024-01-16 20:10:00,-1.2033374043722849,stop,0.4917934322448258,2.5229295315493108,held-out
BTC,-1,MID,2024-01-26 09:40:00,-1.3117205658955562,stop,0.32080013621400133,2.5343198487091763,held-out
BTC,-1,MID,2024-02-11 03:20:00,-1.2326695211196195,stop,0.42979415403785654,2.782895433983138,held-out
BTC,-1,MID,2024-02-24 17:00:00,-1.429511448005226,stop,0.23282266506382687,2.6129540394967554,held-out
BTC,-1,MID,2024-03-10 05:00:00,-1.2393252435449231,stop,0.41784142165190874,2.711682521040904,held-out
BTC,-1,MID,2024-03-24 16:00:00,2.5869360550516998,target,0.5677335834665848,2.657391636974051,held-out
BTC,-1,MID,2024-04-04 13:00:00,-1.2253117081931006,stop,0.44382957637645787,2.4867456176907763,held-out
BTC,-1,MID,2024-05-02 21:35:00,-1.1321111168425948,stop,0.7569385710299165,2.687799028504395,held-out
BTC,-1,MID,2024-05-05 15:20:00,-1.2278374143603703,stop,0.438909475341175,2.603524298748544,held-out
BTC,-1,MID,2024-05-05 17:20:00,2.420759193425557,target,0.42237429134343507,2.5154619270431096,held-out
BTC,-1,MID,2024-05-12 15:40:00,-1.3990919110362663,stop,0.2505688470115668,2.5497755578299817,held-out
BTC,-1,MID,2024-05-19 10:30:00,-1.5463296701693685,stop,0.18303966535260452,2.363271744540384,held-out
BTC,-1,MID,2024-07-09 14:10:00,-1.1192304085561184,stop,0.8387122145348744,2.9435026436757648,held-out
BTC,-1,MID,2024-07-16 19:10:00,-1.1433508041013891,stop,0.6975893900760546,2.560052615516371,held-out
BTC,-1,MID,2024-09-02 14:30:00,-1.2180614669248788,stop,0.45858629408582996,2.543701698173838,held-out
BTC,-1,MID,2024-09-13 14:55:00,-1.2824870870798202,stop,0.3539984819615623,2.3686617782949626,held-out
BTC,-1,MID,2024-09-18 23:25:00,-1.1597688706742129,stop,0.6259041550335014,2.5647618794337683,held-out
BTC,-1,MID,2024-09-23 02:10:00,-1.2408678702969063,stop,0.415165376256845,2.415093795864326,held-out
BTC,-1,MID,2024-09-24 17:40:00,-1.3119906728349489,stop,0.32052240245304575,2.3645695355759035,held-out
BTC,-1,MID,2024-10-04 07:25:00,-1.2307842586389217,stop,0.4333051161711036,2.443304474808463,held-out
BTC,-1,MID,2024-10-06 14:15:00,-1.5857823041249501,stop,0.17071188271790044,2.5160927268352538,held-out
BTC,-1,MID,2024-10-16 10:15:00,-1.1542280208688425,stop,0.648390606561964,2.8468654051814135,held-out
BTC,-1,MID,2024-11-10 02:15:00,-1.3168687683948825,stop,0.3155880603397927,2.6661953386635426,held-out
BTC,-1,MID,2024-11-19 12:20:00,-1.182464930491761,stop,0.5480505197929825,2.5556729967643737,held-out
BTC,-1,MID,2024-11-19 15:50:00,-1.166508612389459,stop,0.6005695355030815,2.480033477934424,held-out
BTC,-1,MID,2024-12-11 08:10:00,-1.1565755691218127,stop,0.638669241701443,2.5917085793538215,held-out
BTC,-1,MID,2024-12-31 12:25:00,-1.1816790564490667,stop,0.5504211765214377,2.7490148703499924,held-out
BTC,-1,MID,2025-01-10 17:45:00,-1.1501539972112993,stop,0.6659829365666394,2.547857107739197,held-out
BTC,-1,MID,2025-01-12 15:15:00,-1.4534849654345523,stop,0.22051447704374266,2.467138752970383,held-out
BTC,-1,MID,2025-01-17 01:30:00,-1.1705605071571374,stop,0.5863021966032852,2.7505651445379775,held-out
BTC,-1,MID,2025-02-06 10:05:00,2.5112868698150215,target,0.47077921833834696,2.596252387496926,held-out
BTC,-1,MID,2025-04-04 19:20:00,2.3344779726747875,target,0.6954029068727429,2.3919985835389004,held-out
BTC,-1,MID,2025-04-15 12:55:00,-1.2401461791226305,stop,0.41641303794775364,2.598354330587179,held-out
BTC,-1,MID,2025-04-17 18:10:00,2.5501379833149396,target,0.4225664331693465,2.6447976554048185,held-out
BTC,-1,MID,2025-05-06 20:05:00,-1.319185754885673,stop,0.3132971897064089,2.4482515345940286,held-out
BTC,-1,MID,2025-05-12 07:00:00,-1.3198194167709867,stop,0.31267645038452146,2.4309760520847186,held-out
BTC,-1,MID,2025-06-02 23:00:00,-1.2967951200381513,stop,0.3369327635412116,2.54173848090655,held-out
BTC,-1,MID,2025-06-16 04:10:00,-1.3826606331166822,stop,0.26132816220347305,2.5808145220736045,held-out
BTC,-1,MID,2025-06-30 00:00:00,-1.4984337483799366,stop,0.20062846933023865,2.552694074752778,held-out
BTC,-1,MID,2025-07-22 12:05:00,2.579401315332504,target,0.4388044365255292,2.6705580965098354,held-out
BTC,-1,MID,2025-07-24 17:50:00,2.222892554738613,target,0.33256686437166866,2.3431691194997284,held-out
BTC,-1,MID,2025-08-17 04:50:00,-1.619214704218431,stop,0.16149487297175766,2.5222872901231983,held-out
BTC,-1,MID,2025-09-02 02:35:00,-1.259320698523088,stop,0.3856229007924594,2.4947395126027203,held-out
BTC,-1,MID,2025-09-18 03:00:00,-1.2932289614665238,stop,0.34103043403308714,2.5809771452120303,held-out
BTC,-1,MID,2025-10-25 08:50:00,-1.2922081897325746,stop,0.34222175665753535,2.800855257087808,held-out
BTC,-1,MID,2025-11-24 17:30:00,-1.1827861977426433,stop,0.547087259513963,2.3792354208582043,held-out
BTC,-1,MID,2025-11-26 17:25:00,-1.2298724827180796,stop,0.4350237958783525,2.32685534962769,held-out
BTC,-1,MID,2025-11-28 13:40:00,-1.32434537422799,stop,0.30831332260563593,2.3012109726248138,held-out
BTC,-1,MID,2025-11-30 08:20:00,-1.5114914284490122,stop,0.19550669754765682,2.3343474003290012,held-out
BTC,-1,MID,2025-12-22 09:30:00,-1.2662621661827376,stop,0.3755696929595671,2.7069995807666705,held-out
BTC,-1,MID,2026-01-09 16:10:00,2.496776057325475,target,0.46030867637159256,2.583674267272987,held-out
BTC,-1,MID,2026-01-12 17:00:00,2.50764742087756,target,0.3953158080817285,2.6088323448857853,held-out
BTC,-1,MID,2026-01-13 06:55:00,-1.2566994140745553,stop,0.3895606866128499,2.647373572357433,held-out
BTC,-1,MID,2026-01-23 16:35:00,-1.2930416770704611,stop,0.3412483882828561,2.356048575225028,held-out
BTC,-1,MID,2026-01-27 16:45:00,2.4701072787374048,target,0.3376748686533566,2.5885644211345262,held-out
BTC,-1,MID,2026-01-27 20:15:00,-1.2675671564905044,stop,0.37373794792915427,2.338786188961058,held-out
BTC,-1,MID,2026-02-20 05:20:00,-1.2353859586503724,stop,0.42483417691253955,2.5573752879565053,held-out
BTC,-1,MID,2026-02-21 09:15:00,-1.2466545932002369,stop,0.40542524954651427,2.7044212957605804,held-out
BTC,-1,MID,2026-03-31 17:10:00,-1.169484689350053,stop,0.5900237973322796,2.403197951740742,held-out
BTC,-1,MID,2026-03-31 21:50:00,-1.1647094647838756,stop,0.6071296517854362,2.500881059950684,held-out
BTC,-1,MID,2026-04-04 15:05:00,-1.48768618639053,stop,0.20504989230907159,2.7115628919737196,held-out
BTC,-1,MID,2026-05-03 22:10:00,-1.4361467230553515,stop,0.22928064046765512,2.670663805463943,held-out
BTC,-1,MID,2026-05-04 15:00:00,2.4506237551273236,target,0.4985534169956532,2.5308558799837635,held-out
BTC,-1,MID,2026-05-04 17:10:00,-1.19514297013036,stop,0.5124447984633919,2.462249301140256,held-out
BTC,-1,MID,2026-05-20 06:15:00,-1.3639461480047648,stop,0.27476592498154645,2.395836607915073,held-out
BTC,-1,MID,2026-05-29 16:30:00,-1.2634235017784694,stop,0.37961685014762553,2.427110039910285,held-out
BTC,-1,MID,2026-06-07 03:15:00,-1.1456697951073356,stop,0.6864841124154516,2.711093275357558,held-out
BTC,-1,MID,2026-06-27 07:50:00,-1.168103327005328,stop,0.5948722240151174,2.688445901717598,held-out
BTC,-1,MID,2026-06-29 17:15:00,2.259175223708712,target,0.5357836977071915,2.3338322171394084,held-out
BTC,-1,MID,2026-08-07 09:30:00,-1.4750799592943915,stop,0.21049088273166514,2.4562940040354833,held-out
BTC,-1,MID,2026-08-19 13:10:00,-1.438735195162424,stop,0.2279279189420375,2.7521956623092905,held-out
BTC,-1,MID,2026-08-27 07:55:00,-1.2986314031945394,stop,0.33486096549215333,2.41355224592123,held-out
BTC,-1,MID,2026-09-03 04:10:00,2.374478015233691,target,0.35492029236003636,2.4871793762463867,held-out
BTC,-1,MID,2026-09-14 02:20:00,-1.4341085830290734,stop,0.23035711319557745,2.490423936895793,held-out
BTC,1,FAR,2016-06-09 14:05:00,4.538874843826127,target,0.37223853230455467,4.646332821785467,design
BTC,1,FAR,2016-08-13 17:00:00,-1.3657697663892652,stop,0.2733960244641337,4.816998188575666,design
BTC,1,FAR,2016-08-24 04:20:00,-1.3584107600093698,stop,0.2790094806232541,4.944496312229041,design
BTC,1,FAR,2017-01-24 22:00:00,-1.1748212051270532,stop,0.5720129885120281,5.548410868029761,design
BTC,1,FAR,2017-03-08 05:30:00,-1.0816595391980481,stop,1.224596672747208,5.816823147247246,design
BTC,1,FAR,2017-03-08 08:00:00,-1.069485555958642,stop,1.4391480160210617,5.76768966452761,design
BTC,1,FAR,2017-04-13 05:45:00,-1.3605976652367806,stop,0.27731738067226985,4.530196306801387,design
BTC,1,FAR,2017-05-30 22:15:00,-1.0870915370012626,stop,1.1482171912817472,4.6849186382736026,design
BTC,1,FAR,2017-06-04 19:55:00,-1.1416101195468271,stop,0.7061642227265568,4.9780660071810905,design
BTC,1,FAR,2017-06-30 04:10:00,-1.1557927752451296,stop,0.6418782889171636,4.691368440022645,design
BTC,1,FAR,2017-07-19 19:40:00,4.985115125049434,target,1.302540209323798,5.015824349773303,design
BTC,1,FAR,2017-08-02 21:05:00,4.7755849518266995,target,0.8669709423539923,4.821722599636893,design
BTC,1,FAR,2017-09-10 05:00:00,-1.0997908997789172,stop,1.0020953836626991,4.942036226141018,design
BTC,1,FAR,2017-09-21 01:00:00,-1.1006750925611997,stop,0.9932943437743631,5.036084933262419,design
BTC,1,FAR,2017-10-23 13:15:00,-1.0993997086206664,stop,1.00603916638855,4.923408641815499,design
BTC,1,FAR,2017-11-06 02:30:00,-1.132343563376519,stop,0.7556090938514236,4.562099644483914,design
BTC,1,FAR,2017-11-12 23:25:00,5.430049306149496,target,2.8132078006604986,5.444267950072852,design
BTC,1,FAR,2017-11-23 23:05:00,-1.1959900288605856,stop,0.5102300386471873,4.891562155307495,design
BTC,1,FAR,2017-12-09 17:05:00,-1.0346499585747233,stop,2.886006336323558,5.702037848034665,design
BTC,1,FAR,2017-12-19 11:05:00,-1.0806922504119383,stop,1.2392763801913391,5.296587655503473,design
BTC,1,FAR,2018-01-04 08:20:00,-1.0895957358973907,stop,1.1161245454194906,4.6688308253773325,design
BTC,1,FAR,2018-01-10 00:20:00,-1.0591796806536977,stop,1.6897691723814932,5.331790757765568,design
BTC,1,FAR,2018-04-06 06:20:00,-1.111088202360703,stop,0.9001855991449065,4.6995511773303456,design
BTC,1,FAR,2018-04-17 19:00:00,-1.1805083328280508,stop,0.553991045362201,4.658728903762523,design
BTC,1,FAR,2018-05-17 18:40:00,-1.1447545022931886,stop,0.6908247993382477,5.023928383048428,design
BTC,1,FAR,2018-05-17 22:00:00,-1.1361428890314194,stop,0.7345223882895695,5.21221122490813,design
BTC,1,FAR,2018-07-01 14:35:00,-1.246650095942641,stop,0.4054326418071016,4.501188913534748,design
BTC,1,FAR,2018-07-12 06:15:00,-1.2759879665870124,stop,0.3623346381244212,4.8015572764510255,design
BTC,1,FAR,2018-07-30 16:10:00,-1.2203802468464173,stop,0.45376117610799244,4.9166173213937325,design
BTC,1,FAR,2018-09-17 15:00:00,-1.2045554761783959,stop,0.488864937122429,5.35239116242857,design
BTC,1,FAR,2018-10-01 14:05:00,-1.3069778453115672,stop,0.32575640726940713,4.82481393406712,design
BTC,1,FAR,2018-10-02 16:35:00,-1.2777024054602721,stop,0.3600977090358905,5.242943580148627,design
BTC,1,FAR,2018-11-22 23:15:00,-1.1036982584559336,stop,0.9643363494141487,4.874941843886021,design
BTC,1,FAR,2018-11-24 19:35:00,-1.127713335950066,stop,0.7830035857735207,5.171273076335793,design
BTC,1,FAR,2018-12-06 14:00:00,-1.09479884143307,stop,1.0548652123623474,5.257228392584073,design
BTC,1,FAR,2018-12-15 15:00:00,-1.138893821519709,stop,0.7199744301499399,5.333711547804205,design
BTC,1,FAR,2018-12-15 17:35:00,5.3745862357404395,target,0.745255894799314,5.428259075202878,design
BTC,1,FAR,2018-12-27 05:20:00,-1.1236545223518912,stop,0.8087047533564838,4.93754674248898,design
BTC,1,FAR,2019-01-28 04:00:00,-1.21628702468596,stop,0.46234858584418514,5.57440463719325,design
BTC,1,FAR,2019-02-13 15:05:00,-1.312449571688416,stop,0.32005164692535726,5.176818342220167,design
BTC,1,FAR,2019-02-27 20:30:00,-1.4057153304545524,stop,0.24647823854218842,4.777999833218635,design
BTC,1,FAR,2019-04-09 10:15:00,4.870788984057952,target,0.6924736037801618,4.928552918714296,design
BTC,1,FAR,2019-04-14 05:10:00,-1.3083390434426614,stop,0.32431831818468987,4.641388418276313,design
BTC,1,FAR,2019-04-21 09:40:00,-1.2963578728104947,stop,0.3374298750752092,5.102175124705266,design
BTC,1,FAR,2019-04-28 19:25:00,-1.358439269267062,stop,0.2789872889889559,4.403354515369958,design
BTC,1,FAR,2019-05-28 13:20:00,-1.1802964630219144,stop,0.5546420507863503,4.742987936763425,design
BTC,1,FAR,2019-05-29 05:10:00,-1.1535401504457843,stop,0.6512954410273974,5.063547073792933,design
BTC,1,FAR,2019-06-06 14:45:00,-1.1307670696733414,stop,0.7647185201121491,4.863008380215345,design
BTC,1,FAR,2019-06-18 15:20:00,-1.1295634269382235,stop,0.7718227463038668,5.115952030946211,design
BTC,1,FAR,2019-06-30 13:25:00,-1.0717047844933891,stop,1.3946070782657396,5.122754845076856,design
BTC,1,FAR,2019-08-08 17:25:00,-1.1083725928669614,stop,0.9227425251581859,5.329162102752555,design
BTC,1,FAR,2019-09-16 12:00:00,-1.459480556952628,stop,0.21763706534879543,4.463210035171065,design
BTC,1,FAR,2019-09-18 11:40:00,-1.3546680176705306,stop,0.2819538131935402,4.868052224797084,design
BTC,1,FAR,2019-10-15 16:10:00,-1.2455497025721043,stop,0.40724952607358816,4.9000497959472185,design
BTC,1,FAR,2019-10-30 11:00:00,-1.1089100985940674,stop,0.9181884994221035,5.2224023796995604,design
BTC,1,FAR,2019-11-07 05:15:00,-1.2925752703314781,stop,0.3417923869187689,4.883851741435326,design
BTC,1,FAR,2020-01-02 03:15:00,-1.3478083053453866,stop,0.2875146983643656,4.903706164942674,design
BTC,1,FAR,2020-01-16 09:25:00,4.7909360728362556,target,0.6685350038853374,4.850768392411942,design
BTC,1,FAR,2020-01-30 16:30:00,4.65503040802121,target,0.4841450051656022,4.737650283416429,design
BTC,1,FAR,2020-02-13 08:10:00,-1.2104797798514988,stop,0.47510501992425885,4.786014275053847,design
BTC,1,FAR,2020-02-14 07:35:00,-1.1533867733628074,stop,0.6519466953220863,5.248789574338614,design
BTC,1,FAR,2020-02-17 12:00:00,-1.1379459053235093,stop,0.7249218435696297,5.341821465534257,design
BTC,1,FAR,2020-03-01 17:05:00,-1.1468352662373273,stop,0.6810353027750958,4.9727191690334385,design
BTC,1,FAR,2020-03-07 16:55:00,-1.32846999443833,stop,0.30444181110361634,4.933161837103651,design
BTC,1,FAR,2020-03-12 03:00:00,-1.1007109171864238,stop,0.9929410116967982,5.025580343911678,design
BTC,1,FAR,2020-03-29 16:40:00,-1.126025329246941,stop,0.7934912814554477,5.181670389330986,design
BTC,1,FAR,2020-04-09 11:55:00,-1.1678540394577772,stop,0.5957556953829193,5.179849698666193,design
BTC,1,FAR,2020-04-10 05:00:00,-1.1463230610302195,stop,0.6834192730518902,5.266971825609701,design
BTC,1,FAR,2020-05-09 06:50:00,-1.1638789048444949,stop,0.6102066650670525,4.688059327716787,design
BTC,1,FAR,2020-05-24 12:00:00,-1.219469208207781,stop,0.45564478414359505,4.73148026364265,design
BTC,1,FAR,2020-06-14 14:40:00,-1.3608251764963462,stop,0.2771425236204732,4.757687412322073,design
BTC,1,FAR,2020-06-17 14:00:00,-1.2649577434698889,stop,0.3774186732208658,4.773115003103189,design
BTC,1,FAR,2020-06-19 02:55:00,-1.2334019266476404,stop,0.4284454778771679,5.010831174142154,design
BTC,1,FAR,2020-06-27 19:40:00,-1.2560041188143418,stop,0.39061871528919256,4.961764683445009,design
BTC,1,FAR,2020-09-05 18:50:00,-1.0873833998045956,stop,1.1443821163243508,5.215364281278536,design
BTC,1,FAR,2020-09-05 20:00:00,1.5891986014002826,time,1.2622206093034292,5.085594842268506,design
BTC,1,FAR,2020-09-23 19:00:00,-1.3007727985558561,stop,0.33247687450508967,5.094206150094824,design
BTC,1,FAR,2020-09-27 06:40:00,-1.3821228431026646,stop,0.26169594884211905,5.004192030044824,design
BTC,1,FAR,2020-10-14 16:00:00,-1.240823617870976,stop,0.41524166476718327,4.767003501347696,design
BTC,1,FAR,2020-11-02 05:15:00,-1.2726618813150998,stop,0.3667546028718099,4.442728515888783,design
BTC,1,FAR,2020-11-07 15:10:00,-1.1500757944415894,stop,0.6663299726120777,4.850378384288317,design
BTC,1,FAR,2020-11-22 07:10:00,-1.1712479784438088,stop,0.5839484991807523,4.792164566480109,design
BTC,1,FAR,2020-11-25 22:40:00,-1.133214832042091,stop,0.7506671627105588,4.8327322764159275,design
BTC,1,FAR,2020-12-21 10:05:00,-1.1185229570141297,stop,0.8437184029088854,4.923115037055535,design
BTC,1,FAR,2020-12-23 22:20:00,5.137290330539782,target,1.015263256174994,5.176688978877259,design
BTC,1,FAR,2021-01-24 19:10:00,-1.1117371567330308,stop,0.8949574423029766,5.017376433092019,design
BTC,1,FAR,2021-01-27 11:45:00,-1.0898844612910217,stop,1.1125393484445198,4.96659306304579,design
BTC,1,FAR,2021-02-28 02:45:00,-1.082884353480851,stop,1.206500332093478,5.005446621739065,design
BTC,1,FAR,2021-04-03 17:05:00,-1.2488805094426367,stop,0.4017992418287321,4.587039919761923,design
BTC,1,FAR,2021-04-16 05:00:00,-1.152350803717787,stop,0.6563798651514755,5.004225023797215,design
BTC,1,FAR,2021-04-17 17:45:00,-1.1488087612836986,stop,0.6720034434622671,5.110931573322276,design
BTC,1,FAR,2021-05-16 18:20:00,-1.082695516475304,stop,1.2092554017709514,5.081735682836851,design
BTC,1,FAR,2021-05-18 23:05:00,-1.0690663711618504,stop,1.4478826427069629,5.013940076567025,design
BTC,1,FAR,2021-06-05 14:05:00,-1.0820691753663654,stop,1.2184842793118063,5.302209363160868,design
BTC,1,FAR,2021-06-20 10:00:00,-1.1250561533377827,stop,0.7996407800094024,4.937071564446267,design
BTC,1,FAR,2021-06-21 06:25:00,-1.0792246320485022,stop,1.2622336944244692,5.43011425417909,design
BTC,1,FAR,2021-08-19 03:05:00,-1.1415179244008842,stop,0.7066242698467337,5.0032491243734185,design
BTC,1,FAR,2021-08-30 04:00:00,-1.169260000308116,stop,0.5908070413444578,5.270450237426531,design
BTC,1,FAR,2021-08-30 11:25:00,-1.1626368999066479,stop,0.6148666142640387,5.55702013873148,design
BTC,1,FAR,2021-09-13 02:30:00,-1.1596009567049,stop,0.626562660178151,4.941250721206885,design
BTC,1,FAR,2021-10-31 09:00:00,-1.1997627421176271,stop,0.50059384918293,5.086164945694155,design
BTC,1,FAR,2021-11-05 19:45:00,-1.1923621364734824,stop,0.5198528246424692,4.931601166529933,design
BTC,1,FAR,2021-12-01 20:55:00,-1.1227906892571347,stop,0.8143939952205255,5.116712632940834,design
BTC,1,FAR,2021-12-03 15:45:00,-1.1792124010007203,stop,0.5579970997631917,4.637680522117249,design
BTC,1,FAR,2021-12-06 08:25:00,-1.1358763785907233,stop,0.7359630940798952,4.420049759225685,design
BTC,1,FAR,2021-12-10 16:05:00,-1.0997065304688332,stop,1.0029433330975102,5.066344825757378,design
BTC,1,FAR,2022-01-02 18:30:00,-1.21660153794896,stop,0.4616772389841663,4.6938832948558735,design
BTC,1,FAR,2022-01-05 00:00:00,-1.14354107671788,stop,0.6966646919929619,5.140012706196059,design
BTC,1,FAR,2022-02-02 14:30:00,-1.191115216082101,stop,0.523244574921973,5.0132926920432945,design
BTC,1,FAR,2022-02-21 23:30:00,-1.0866557001826758,stop,1.153992175808325,5.01697822079445,design
BTC,1,FAR,2022-03-07 19:20:00,-1.1195249325943715,stop,0.8366455251588997,4.970953001648541,design
BTC,1,FAR,2022-03-30 01:40:00,-1.2137153653687969,stop,0.4679120746766875,4.86044126067582,design
BTC,1,FAR,2022-04-08 13:10:00,-1.2419735417186442,stop,0.4132683238412714,4.882847695228612,design
BTC,1,FAR,2022-04-08 18:05:00,-1.2020712316849445,stop,0.49487499613954516,4.621596489024498,design
BTC,1,FAR,2022-05-11 19:35:00,-1.0516977948499973,stop,1.9343184808975482,4.730926492564485,design
BTC,1,FAR,2022-06-17 22:35:00,-1.0990091609877333,stop,1.0100075488205538,4.945151997190826,design
BTC,1,FAR,2022-08-03 01:00:00,4.697417395927759,target,0.6244255872495156,4.761476269902147,design
BTC,1,FAR,2022-08-26 07:05:00,-1.2712777204890198,stop,0.36862592261441396,5.017172794278458,design
BTC,1,FAR,2022-09-16 00:15:00,-1.1393098385090914,stop,0.7178243910854428,5.301299205457936,design
BTC,1,FAR,2022-09-25 14:10:00,-1.2786307843206082,stop,0.3588978879122504,4.751906976513329,design
BTC,1,FAR,2022-10-13 07:35:00,-1.407662747018752,stop,0.24530080497004578,5.230360745484627,design
BTC,1,FAR,2022-10-20 20:30:00,-1.281300534807607,stop,0.3554916810534829,5.069306999492404,design
BTC,1,FAR,2022-12-07 07:10:00,-1.4304729607105062,stop,0.2323026278699306,5.1338335371823245,design
BTC,1,FAR,2023-02-23 12:05:00,-1.1605220304788149,stop,0.6229674500236135,5.3982490582064395,design
BTC,1,FAR,2023-03-04 21:45:00,5.153833105921916,target,0.2230503497878892,5.333164813036647,design
BTC,1,FAR,2023-04-12 15:10:00,-1.2402702537936947,stop,0.4161980037939439,4.788612792758348,design
BTC,1,FAR,2023-05-08 01:40:00,-1.2442550420551535,stop,0.40940812995549036,5.377513738117671,design
BTC,1,FAR,2023-06-10 01:50:00,-1.3472923639501813,stop,0.28794183339529145,5.484743305238047,design
BTC,1,FAR,2023-07-18 13:05:00,-1.293147554645834,stop,0.3411251378876926,5.251533781481197,design
BTC,1,FAR,2023-08-22 16:15:00,-1.4376859483035744,stop,0.22847432134293932,5.5765655126891245,design
BTC,1,FAR,2023-08-31 14:15:00,-1.316665717297972,stop,0.3157904204259132,5.186215269958698,design
BTC,1,FAR,2023-09-04 12:15:00,-1.5486293350693099,stop,0.1822724262226458,5.181056903992709,design
BTC,1,FAR,2023-09-20 19:15:00,-1.2685545511341472,stop,0.3723638254413661,5.297323988409964,design
BTC,1,FAR,2023-10-08 10:00:00,-1.6025230528013252,stop,0.16596875345278084,4.873376811867766,design
BTC,1,FAR,2023-10-31 06:30:00,5.089707261364658,target,0.34402099493984023,5.205979234844052,design
BTC,1,FAR,2023-11-07 10:00:00,-1.317416738813949,stop,0.3150432468484723,5.313774953275017,design
BTC,1,FAR,2023-11-27 10:35:00,-1.3236783144183877,stop,0.3089487171227037,5.240146015201852,design
BTC,1,FAR,2023-11-30 08:25:00,-1.2841020878765226,stop,0.351986149582478,5.187013678821951,design
BTC,1,FAR,2023-12-15 16:50:00,0.9660233576815582,time,0.6246946543997908,5.8351249228104844,design
BTC,1,FAR,2023-12-24 20:40:00,-1.5384450368126013,stop,0.18571997727375042,4.830745915680099,design
BTC,1,FAR,2023-12-26 07:00:00,-1.2440878741283548,stop,0.40968852040316656,5.681195987133389,design
BTC,1,FAR,2024-01-14 20:00:00,-1.3409588802170984,stop,0.29329049865581186,4.753669686277112,held-out
BTC,1,FAR,2024-01-31 21:00:00,-1.1777584470377478,stop,0.5625611703210063,5.063597119751312,held-out
BTC,1,FAR,2024-02-23 09:00:00,-1.255375062190885,stop,0.39158091296029934,4.891877700109985,held-out
BTC,1,FAR,2024-03-14 13:50:00,-1.1937341620412651,stop,0.5161712263152646,5.201556049355628,held-out
BTC,1,FAR,2024-03-19 01:05:00,-1.1607724962377235,stop,0.6219969356707423,4.563374138193042,held-out
BTC,1,FAR,2024-04-12 14:10:00,-1.2437216433516642,stop,0.4103041429755614,4.84310091222873,held-out
BTC,1,FAR,2024-04-24 13:30:00,-1.3039378949444713,stop,0.32901458377959014,5.0271326165304595,held-out
BTC,1,FAR,2024-05-29 15:15:00,4.860083580596417,target,0.39718266827774756,4.960792909564488,held-out
BTC,1,FAR,2024-07-02 13:55:00,-1.2948424350242576,stop,0.3391642047447232,5.465532154046645,held-out
BTC,1,FAR,2024-07-11 16:00:00,-1.150535856877056,stop,0.6642935581897328,5.13513946036422,held-out
BTC,1,FAR,2024-07-23 11:25:00,-1.2014858273311995,stop,0.496312824204858,5.387000710883484,held-out
BTC,1,FAR,2024-07-24 19:50:00,-1.2113774977961609,stop,0.4730872540483648,4.9177552276681755,held-out
BTC,1,FAR,2024-07-25 00:10:00,-1.1879546751221126,stop,0.5320431637841984,5.163896592041455,held-out
BTC,1,FAR,2024-09-08 15:40:00,-1.3112339664272075,stop,0.321301691932742,4.8744461845918625,held-out
BTC,1,FAR,2024-09-11 05:05:00,-1.1914536082782423,stop,0.5223197457562072,4.908971205793421,held-out
BTC,1,FAR,2024-09-29 05:45:00,-1.463010390256503,stop,0.21597787458851847,5.166116779467524,held-out
BTC,1,FAR,2024-10-23 08:00:00,-1.3103458533426156,stop,0.32222115721198946,4.984675701620615,held-out
BTC,1,FAR,2024-11-17 20:25:00,-1.2518471388547006,stop,0.3970662539775507,4.881790833611433,held-out
BTC,1,FAR,2025-01-12 10:20:00,4.780664352952034,target,0.22173676186632213,4.961058436744574,held-out
BTC,1,FAR,2025-02-06 17:00:00,-1.198907440012686,stop,0.5027464030185202,4.936385711553283,held-out
BTC,1,FAR,2025-02-11 16:25:00,-1.3123347259907545,stop,0.320169330140255,4.79775952848577,held-out
BTC,1,FAR,2025-02-24 14:40:00,-1.3852806064463767,stop,0.2595510864726538,4.79622557731298,held-out
BTC,1,FAR,2025-03-08 01:30:00,-1.0842016135301085,stop,1.1876256975080692,5.308536022402776,held-out
BTC,1,FAR,2025-03-13 16:05:00,-1.1374799018926747,stop,0.7273790468519991,5.201116426708915,held-out
BTC,1,FAR,2025-03-28 04:50:00,-1.2865779225955638,stop,0.34894523309503533,5.1358396929265036,held-out
BTC,1,FAR,2025-04-06 16:15:00,-1.3239501032929264,stop,0.3086895141674849,5.200486269483255,held-out
BTC,1,FAR,2025-04-27 12:25:00,-1.3784003111744678,stop,0.26427039578699857,5.3801565364884585,held-out
BTC,1,FAR,2025-05-29 16:05:00,-1.2542867343419075,stop,0.3932568494333743,5.1101134720263,held-out
BTC,1,FAR,2025-06-04 13:00:00,-1.3475647142798723,stop,0.2877162033182579,5.247742801499464,held-out
BTC,1,FAR,2025-06-05 16:15:00,-1.3050519402025862,stop,0.32781302729492445,4.925625648328668,held-out
BTC,1,FAR,2025-06-27 00:50:00,-1.373354620149838,stop,0.26784187098010775,4.804137650839467,held-out
BTC,1,FAR,2025-07-04 07:50:00,-1.3672194131135393,stop,0.2723167578536522,5.322808143888385,held-out
BTC,1,FAR,2025-07-25 01:20:00,-1.311819982841018,stop,0.3206978561440856,4.93671912844237,held-out
BTC,1,FAR,2025-07-31 22:40:00,-1.258740642246995,stop,0.3864874073572857,5.562781172895699,held-out
BTC,1,FAR,2025-09-09 15:35:00,-1.3089802889719853,stop,0.32364524071328976,5.284385123689686,held-out
BTC,1,FAR,2025-09-09 18:00:00,5.209505230124084,target,0.3396519057372732,5.32727286023107,held-out
BTC,1,FAR,2025-09-23 19:25:00,-1.3522007592311838,stop,0.2839289734022414,4.900824591119802,held-out
BTC,1,FAR,2025-10-09 14:35:00,-1.2497759057945503,stop,0.400358872413633,5.113029758135652,held-out
BTC,1,FAR,2025-10-09 16:40:00,-1.2211748469721955,stop,0.45213097858533297,5.083652044844878,held-out
BTC,1,FAR,2025-10-15 17:10:00,-1.186754206428988,stop,0.5354631732914904,5.111059084768202,held-out
BTC,1,FAR,2025-11-16 15:50:00,-1.2935933550280918,stop,0.3406071639136101,4.774232483043269,held-out
BTC,1,FAR,2025-12-04 17:35:00,-1.2167901659915643,stop,0.46127553592025544,4.600922023305358,held-out
BTC,1,FAR,2025-12-15 15:00:00,-1.2174921106039613,stop,0.4597867928280552,5.411050606614903,held-out
BTC,1,FAR,2025-12-24 15:20:00,4.886222400447374,target,0.36028148141159,4.997246702455013,held-out
BTC,1,FAR,2026-01-16 13:35:00,-1.3131796971182645,stop,0.31930550070823227,5.393679179730051,held-out
BTC,1,FAR,2026-01-23 15:15:00,4.8284769282811295,target,0.3301816794448091,4.949622353633798,held-out
BTC,1,FAR,2026-02-10 14:35:00,-1.14639017862536,stop,0.6831059360609076,5.324769624174605,held-out
BTC,1,FAR,2026-02-18 18:20:00,-1.2063802077260546,stop,0.4845425881765668,4.751601193625058,held-out
BTC,1,FAR,2026-03-08 21:10:00,-1.2434022416192982,stop,0.4108425597674179,4.904728172630056,held-out
BTC,1,FAR,2026-03-12 05:25:00,5.087652527746035,target,0.554220370517551,5.159825984601557,held-out
BTC,1,FAR,2026-05-12 12:30:00,-1.2929793758086405,stop,0.34132095381797445,5.616677828809393,held-out
BTC,1,FAR,2026-05-17 23:05:00,-1.505254295039582,stop,0.19792013839717276,4.609833888913622,held-out
BTC,1,FAR,2026-05-22 18:00:00,-1.3162694370818648,stop,0.31618610044231205,5.427418481527102,held-out
BTC,1,FAR,2026-05-26 16:00:00,-1.2552131739404004,stop,0.39182930275908423,4.906255706397084,held-out
BTC,1,FAR,2026-06-29 15:10:00,4.648859193854636,target,0.5431452250159878,4.722504322556306,held-out
BTC,1,FAR,2026-06-30 12:00:00,-1.213843303215335,stop,0.4676321329515867,5.485092858619645,held-out
BTC,1,FAR,2026-08-07 04:45:00,4.934855149337531,target,0.21967515730425194,5.116942193183822,held-out
BTC,1,FAR,2026-08-10 13:30:00,-1.532718954794393,stop,0.18771624155666808,4.810624863344478,held-out
BTC,1,FAR,2026-08-12 15:00:00,-1.33675831206473,stop,0.296948869314853,5.418203899125351,held-out
BTC,1,FAR,2026-09-14 00:25:00,-1.4936800740834721,stop,0.20256033259120734,5.157274213460143,held-out
BTC,-1,FAR,2016-06-25 14:00:00,5.270267191592068,target,1.1634848722690703,5.304646667383611,design
BTC,-1,FAR,2016-07-07 02:20:00,4.992835885298592,target,0.4043580631348933,5.0917581120248,design
BTC,-1,FAR,2016-07-27 15:30:00,-1.3225849984445301,stop,0.3099958165512629,4.5711012672841465,design
BTC,-1,FAR,2016-08-06 17:00:00,-1.1760259072592965,stop,0.568098193936272,4.942883111416175,design
BTC,-1,FAR,2016-08-10 13:20:00,-1.3346516812525244,stop,0.2988181610973026,4.845149837224859,design
BTC,-1,FAR,2016-10-28 13:00:00,-1.3034055895367422,stop,0.3295918185050118,4.880459564775215,design
BTC,-1,FAR,2016-11-08 13:40:00,-1.4005299237261815,stop,0.2496692358705365,4.570748117693925,design
BTC,-1,FAR,2016-11-20 02:10:00,5.123075663948401,target,0.2816415983934509,5.265100138415843,design
BTC,-1,FAR,2016-12-20 22:20:00,-1.6023920811365184,stop,0.16600483826303364,4.848256527786616,design
BTC,-1,FAR,2017-01-14 00:00:00,-1.0870544499491273,stop,1.1487063562912376,5.584200525317349,design
BTC,-1,FAR,2017-01-26 12:00:00,-1.319252602236154,stop,0.3132315893420006,5.523912089676919,design
BTC,-1,FAR,2017-02-04 00:15:00,-1.184886237773024,stop,0.5408731401780443,5.318462261724398,design
BTC,-1,FAR,2017-02-28 00:00:00,-1.2279585714610146,stop,0.4386762005003266,4.960847429554862,design
BTC,-1,FAR,2017-03-15 22:50:00,4.6261344329474685,target,0.3144853505347506,4.753326367109056,design
BTC,-1,FAR,2017-03-27 09:40:00,-1.1030692168042682,stop,0.97022178978912,4.948726819999664,design
BTC,-1,FAR,2017-03-31 04:55:00,-1.1868760448512468,stop,0.5351140649386066,4.732204962812778,design
BTC,-1,FAR,2017-04-27 16:00:00,-1.1519722197715223,stop,0.6580149987303062,5.901129034391693,design
BTC,-1,FAR,2017-05-03 13:20:00,-1.1108095165197638,stop,0.9024495651703721,5.810841361560818,design
BTC,-1,FAR,2017-05-08 04:10:00,-1.1447353719863946,stop,0.6909161086717637,5.010909018234496,design
BTC,-1,FAR,2017-05-22 04:00:00,-1.1226096778628891,stop,0.8155963031876412,5.52941680337234,design
BTC,-1,FAR,2017-05-23 12:25:00,-1.065306690375313,stop,1.5312366837962086,5.428067648878104,design
BTC,-1,FAR,2017-06-05 03:00:00,-1.1336469557723001,stop,0.7482400135650988,5.168979731211873,design
BTC,-1,FAR,2017-06-11 00:00:00,-1.1392354062732128,stop,0.7182081244750081,4.72252256910057,design
BTC,-1,FAR,2017-06-19 21:20:00,-1.1155517718147738,stop,0.8654129523889701,4.913186566626994,design
BTC,-1,FAR,2017-07-12 15:35:00,-1.0978010456226364,stop,1.0224839557017444,5.235417992201811,design
BTC,-1,FAR,2017-08-14 11:00:00,-1.0694758815619654,stop,1.439348414900072,5.513232611076169,design
BTC,-1,FAR,2017-08-20 19:05:00,4.954415259541244,target,0.8962017915144079,4.999048064762943,design
BTC,-1,FAR,2017-09-05 22:00:00,-1.0654953479789135,stop,1.526825997354736,5.323493801849446,design
BTC,-1,FAR,2017-09-18 00:35:00,-1.078063279209085,stop,1.281012032970836,5.166207575176181,design
BTC,-1,FAR,2017-09-20 13:55:00,4.8757144916696245,target,0.8958419844945178,4.920365223263288,design
BTC,-1,FAR,2017-11-13 09:45:00,-1.0447881399769574,stop,2.232733934730222,5.297482477981075,design
BTC,-1,FAR,2017-11-19 17:25:00,-1.1819997927180461,stop,0.5494511752269956,4.571483181988244,design
BTC,-1,FAR,2017-12-03 09:05:00,-1.1178542692607818,stop,0.8485055367720716,4.757502360146212,design
BTC,-1,FAR,2017-12-12 17:25:00,-1.07381449630026,stop,1.354747441386358,5.142008013674344,design
BTC,-1,FAR,2017-12-12 20:00:00,5.376069015593169,target,1.3880583817038559,5.404886247294114,design
BTC,-1,FAR,2018-01-02 13:10:00,-1.077680060059012,stop,1.287331651443525,5.125012941156383,design
BTC,-1,FAR,2018-01-02 18:05:00,-1.071608709338815,stop,1.3964781787485165,5.226374002507543,design
BTC,-1,FAR,2018-01-20 04:45:00,-1.0681727859744004,stop,1.4668609852258536,4.78259834310819,design
BTC,-1,FAR,2018-02-09 18:00:00,-1.0553754455015758,stop,1.8058545460759179,5.239772752373108,design
BTC,-1,FAR,2018-02-17 01:05:00,-1.0992027617545448,stop,1.0080364521244671,5.040257297221873,design
BTC,-1,FAR,2018-04-12 11:00:00,-1.189675150437992,stop,0.5272171909134273,4.935828436453691,design
BTC,-1,FAR,2018-04-15 11:00:00,-1.1381237611879134,stop,0.7239883937417028,5.356603332704414,design
BTC,-1,FAR,2018-04-24 00:30:00,-1.2054086298857576,stop,0.4868344628734301,5.043882923893193,design
BTC,-1,FAR,2018-05-13 12:30:00,-1.1218282026993356,stop,0.820828000284907,5.0267643169948215,design
BTC,-1,FAR,2018-05-13 18:30:00,-1.119192237190947,stop,0.8389808124819333,5.2780622095090886,design
BTC,-1,FAR,2018-05-14 15:00:00,-1.1052295041684939,stop,0.9503038220144003,5.031508255408002,design
BTC,-1,FAR,2018-05-20 15:35:00,-1.211055870593873,stop,0.47380818983437023,5.122467543158181,design
BTC,-1,FAR,2018-07-02 13:15:00,-1.2540838518584394,stop,0.39357085965350586,4.772023210258531,design
BTC,-1,FAR,2018-09-03 19:20:00,-1.2827477473676516,stop,0.3536721368463172,4.946165532211917,design
BTC,-1,FAR,2018-09-27 19:40:00,-1.3403755112885656,stop,0.2937931686725294,4.848403269932118,design
BTC,-1,FAR,2018-10-01 00:05:00,-1.3249446552817186,stop,0.3077447139830708,4.638632797659802,design
BTC,-1,FAR,2018-11-18 16:20:00,-1.3379806790502073,stop,0.29587490113641945,4.896027017502234,design
BTC,-1,FAR,2018-11-28 03:45:00,-1.0715856849653709,stop,1.396927333284223,5.175503144755339,design
BTC,-1,FAR,2018-12-17 12:10:00,-1.238857708596379,stop,0.41865929547611846,4.8050327048983466,design
BTC,-1,FAR,2019-01-04 21:30:00,-1.193798840103376,stop,0.5159989602964502,5.119080992828839,design
BTC,-1,FAR,2019-03-08 06:25:00,-1.3562241390626637,stop,0.2807221325964352,4.761944589512438,design
BTC,-1,FAR,2019-03-20 20:00:00,-1.3800177221593992,stop,0.26314562234561995,5.054349132220934,design
BTC,-1,FAR,2019-03-29 04:10:00,-1.5407131845048854,stop,0.18494093146917984,4.77444660553993,design
BTC,-1,FAR,2019-06-17 12:05:00,-1.1082052598545213,stop,0.9241694917090624,5.442977317608852,design
BTC,-1,FAR,2019-06-25 03:05:00,-1.1086230449014254,stop,0.9206149587387216,5.411596128529227,design
BTC,-1,FAR,2019-08-30 16:00:00,-1.194900561428684,stop,0.5130821546483382,5.047441017398313,design
BTC,-1,FAR,2019-10-13 13:20:00,-1.287374951914216,stop,0.3479774396964524,5.11279926656175,design
BTC,-1,FAR,2019-11-02 03:35:00,-1.195564758332604,stop,0.5113395728995636,4.688905759429214,design
BTC,-1,FAR,2019-11-10 06:00:00,-1.309449565879851,stop,0.3231544362186201,4.628395541010088,design
BTC,-1,FAR,2020-01-05 00:20:00,-1.246337325624133,stop,0.4059474127464636,4.740642149036221,design
BTC,-1,FAR,2020-01-22 00:15:00,5.180387229266972,target,0.519455786325632,5.25739089551341,design
BTC,-1,FAR,2020-01-30 16:20:00,-1.2112873387714653,stop,0.4732891264637629,4.737650283416429,design
BTC,-1,FAR,2020-02-13 06:00:00,4.767873917559036,target,0.4501048042828971,4.856742109187711,design
BTC,-1,FAR,2020-03-07 16:35:00,-1.3334031562754338,stop,0.2999371725125097,4.933161837103651,design
BTC,-1,FAR,2020-03-27 00:00:00,-1.133179899469029,stop,0.7508640598069762,4.939595554308093,design
BTC,-1,FAR,2020-04-06 05:00:00,-1.138648785603311,stop,0.7212468509180506,5.330919859711617,design
BTC,-1,FAR,2020-04-26 13:10:00,-1.2027395628098032,stop,0.4932436403338472,5.6672112708655815,design
BTC,-1,FAR,2020-04-28 23:10:00,-1.282188665533197,stop,0.3543728441787322,4.6816534874957805,design
BTC,-1,FAR,2020-05-17 12:05:00,-1.163993281091489,stop,0.6097810796541824,5.135382309478598,design
BTC,-1,FAR,2020-06-22 05:00:00,-1.3441725625062118,stop,0.2905519233486115,4.896897841384895,design
BTC,-1,FAR,2020-06-22 07:25:00,-1.3330674915967684,stop,0.3002394485291469,5.028175100219677,design
BTC,-1,FAR,2020-06-29 20:05:00,-1.2820186324289387,stop,0.35458650068164344,4.88947257975518,design
BTC,-1,FAR,2020-08-15 22:00:00,-1.2153486240296183,stop,0.4643633106578214,4.827033772877705,design
BTC,-1,FAR,2020-08-23 19:10:00,-1.3915324022088178,stop,0.2554067030872876,4.629971048419787,design
BTC,-1,FAR,2020-09-16 14:00:00,-1.1966307491828374,stop,0.5085674565935505,5.107311343753021,design
BTC,-1,FAR,2020-10-01 02:00:00,-1.2987789505389153,stop,0.3346955996050839,5.033915589638118,design
BTC,-1,FAR,2020-11-03 14:00:00,-1.1571680072876849,stop,0.636261804967452,5.13016777722892,design
BTC,-1,FAR,2020-11-24 09:20:00,-1.15080842256868,stop,0.6630929380251208,5.058323327427561,design
BTC,-1,FAR,2020-12-15 21:05:00,-1.2337829681804122,stop,0.4277471570248403,5.074129991603628,design
BTC,-1,FAR,2021-01-01 01:05:00,-1.1166855880647213,stop,0.8570038653319685,4.972091439495634,design
BTC,-1,FAR,2021-01-01 03:15:00,-1.1124308099332947,stop,0.8894359122675539,5.044114502427509,design
BTC,-1,FAR,2021-03-07 00:20:00,-1.1229362458343055,stop,0.8134297523187811,5.138340271949613,design
BTC,-1,FAR,2021-03-07 04:00:00,-1.1121475347408671,stop,0.8916825521939847,5.46068853911756,design
BTC,-1,FAR,2021-03-11 20:25:00,-1.0996994789829242,stop,1.0030142686816588,5.0299921691223055,design
BTC,-1,FAR,2021-03-31 16:00:00,-1.1241681406086999,stop,0.8053595673558267,5.1794391638882775,design
BTC,-1,FAR,2021-04-13 06:25:00,-1.2026683818627193,stop,0.4934168767762529,4.975677661963258,design
BTC,-1,FAR,2021-04-13 08:00:00,-1.187290434669689,stop,0.5339300972650473,4.934991619782413,design
BTC,-1,FAR,2021-05-14 13:50:00,5.315556727530221,target,1.2975813340062778,5.346383311538254,design
BTC,-1,FAR,2021-05-26 03:55:00,-1.0713953826736309,stop,1.4006508019871442,5.0609030516874025,design
BTC,-1,FAR,2021-06-13 16:00:00,-1.13582766580333,stop,0.7362270374637359,4.900982732946657,design
BTC,-1,FAR,2021-07-02 23:10:00,-1.1520161002989253,stop,0.657825058025824,4.60344329477122,design
BTC,-1,FAR,2021-07-07 08:05:00,5.030127605473776,target,0.7157202880567733,5.086015360323652,design
BTC,-1,FAR,2021-08-08 04:30:00,-1.1079412833113909,stop,0.9264296007257793,5.037484338866671,design
BTC,-1,FAR,2021-08-11 08:00:00,5.125929561260857,target,0.7016723412521514,5.182936226121864,design
BTC,-1,FAR,2021-09-03 10:35:00,-1.157346205884616,stop,0.6355412222226149,5.235021199655678,design
BTC,-1,FAR,2021-09-03 12:05:00,-1.1469581106355458,stop,0.6804660155709182,5.09035665665673,design
BTC,-1,FAR,2021-09-12 13:10:00,-1.2010913461401187,stop,0.49728644180600834,5.081924778693065,design
BTC,-1,FAR,2021-09-30 01:05:00,-1.144746946737956,stop,0.6908608592693563,5.040024678156122,design
BTC,-1,FAR,2021-10-19 04:00:00,-1.1057689117618172,stop,0.9454573970203243,5.486577548379051,design
BTC,-1,FAR,2021-12-03 10:00:00,-1.2059459593600181,stop,0.4855642728352248,4.528295540443735,design
BTC,-1,FAR,2021-12-19 03:00:00,-1.1556862023686398,stop,0.6423176779867502,5.185945903389826,design
BTC,-1,FAR,2022-01-02 17:00:00,4.754698113610969,target,0.4433248809005829,4.844925397761461,design
BTC,-1,FAR,2022-01-09 02:40:00,-1.1433915530165089,stop,0.6973911495922422,4.895736697885627,design
BTC,-1,FAR,2022-01-19 15:00:00,-1.1737071925561502,stop,0.5756814011467911,5.031830727004702,design
BTC,-1,FAR,2022-03-17 05:00:00,-1.1005323993364102,stop,0.9947042014323307,5.492933255025941,design
BTC,-1,FAR,2022-04-13 14:00:00,-1.1737322773319243,stop,0.575598279926677,4.8581127366014485,design
BTC,-1,FAR,2022-06-25 23:55:00,-1.1678964130501914,stop,0.5956053389306516,5.0319659906892,design
BTC,-1,FAR,2022-07-19 15:05:00,-1.08577421761082,stop,1.1658514969349665,5.397065265806369,design
BTC,-1,FAR,2022-08-03 09:15:00,-1.1817269870206613,stop,0.5502760026975554,4.987448461656335,design
BTC,-1,FAR,2022-08-21 08:10:00,-1.2086400955046817,stop,0.47929425913129964,4.821831371390478,design
BTC,-1,FAR,2022-08-23 12:00:00,-1.1957306251596715,stop,0.510906251479158,4.723294452280215,design
BTC,-1,FAR,2022-11-18 00:10:00,-1.273232498188447,stop,0.36598867507711497,5.008371617398051,design
BTC,-1,FAR,2023-01-16 20:00:00,-1.1712721725367206,stop,0.5838660099822116,5.299933604061965,design
BTC,-1,FAR,2023-03-01 04:45:00,-1.2496857515982138,stop,0.4005034302514658,4.892120858333444,design
BTC,-1,FAR,2023-03-21 17:00:00,-1.1527053995070695,stop,0.6548556915655787,4.8558491269737,design
BTC,-1,FAR,2023-04-25 18:00:00,-1.2438093179835974,stop,0.4101565962574392,5.151770812013203,design
BTC,-1,FAR,2023-04-25 20:00:00,-1.2286395761842706,stop,0.4373696000879814,5.269592819866231,design
BTC,-1,FAR,2023-06-03 15:55:00,-1.4679935227729881,stop,0.2136781710299599,5.700014658203205,design
BTC,-1,FAR,2023-06-20 15:55:00,-1.2246583614374629,stop,0.4451203122828642,5.74766474899277,design
BTC,-1,FAR,2023-06-27 10:10:00,-1.2864558703599525,stop,0.34909391060599604,5.364713966212034,design
BTC,-1,FAR,2023-07-20 06:00:00,-1.3771802446894366,stop,0.26512523232052676,4.955899493903707,design
BTC,-1,FAR,2023-07-26 18:10:00,-1.5592097307264228,stop,0.17882378382453815,4.8901977753294466,design
BTC,-1,FAR,2023-09-04 03:20:00,5.057539617488381,target,0.20318165745616792,5.254407782168203,design
BTC,-1,FAR,2023-09-19 15:30:00,5.281900383493529,target,0.47938528574423733,5.365340574900115,design
BTC,-1,FAR,2023-09-28 15:00:00,-1.239663608819847,stop,0.41725149885049573,5.761849001768727,design
BTC,-1,FAR,2023-10-21 19:00:00,-1.1987680136307937,stop,0.5030990558961229,5.87125927550887,design
BTC,-1,FAR,2023-10-29 13:05:00,-1.3828864020055556,stop,0.2611740701059136,5.575999374217595,design
BTC,-1,FAR,2023-12-01 04:10:00,-1.3552177932727463,stop,0.28151742928940837,4.944209746628874,design
BTC,-1,FAR,2023-12-01 06:45:00,-1.333937163668152,stop,0.2994575353684633,5.15777655321244,design
BTC,-1,FAR,2023-12-22 05:20:00,-1.2548453107779969,stop,0.3923948990653115,4.753543464348727,design
BTC,-1,FAR,2024-01-01 15:40:00,-1.3339145690485261,stop,0.29947779842294775,5.232341832544785,held-out
BTC,-1,FAR,2024-01-16 20:10:00,-1.2033374043722849,stop,0.4917934322448258,5.0458590630986215,held-out
BTC,-1,FAR,2024-01-26 09:40:00,-1.3117205658955562,stop,0.32080013621400133,5.0686396974183525,held-out
BTC,-1,FAR,2024-02-11 03:20:00,-1.2326695211196195,stop,0.42979415403785654,5.565790867966276,held-out
BTC,-1,FAR,2024-02-24 17:00:00,-1.429511448005226,stop,0.23282266506382687,5.225908078993511,held-out
BTC,-1,FAR,2024-03-10 05:00:00,-1.2393252435449231,stop,0.41784142165190874,5.423365042081808,held-out
BTC,-1,FAR,2024-03-24 16:00:00,-1.176138954805878,stop,0.5677335834665848,5.314783273948121,held-out
BTC,-1,FAR,2024-04-04 13:00:00,-1.2253117081931006,stop,0.44382957637645787,4.973491235381553,held-out
BTC,-1,FAR,2024-05-02 21:35:00,-1.1321111168425948,stop,0.7569385710299165,5.37559805700879,held-out
BTC,-1,FAR,2024-05-05 15:20:00,-1.2278374143603703,stop,0.438909475341175,5.207048597497088,held-out
BTC,-1,FAR,2024-05-05 17:20:00,-1.2367568340438821,stop,0.42237429134343507,5.030923854086219,held-out
BTC,-1,FAR,2024-05-12 15:40:00,-1.3990919110362663,stop,0.2505688470115668,5.099551115659963,held-out
BTC,-1,FAR,2024-05-19 10:30:00,-1.5463296701693685,stop,0.18303966535260452,4.726543489080768,held-out
BTC,-1,FAR,2024-07-09 14:10:00,-1.1192304085561184,stop,0.8387122145348744,5.8870052873515295,held-out
BTC,-1,FAR,2024-07-16 19:10:00,-1.1433508041013891,stop,0.6975893900760546,5.120105231032742,held-out
BTC,-1,FAR,2024-09-02 14:30:00,-1.2180614669248788,stop,0.45858629408582996,5.087403396347676,held-out
BTC,-1,FAR,2024-09-13 14:55:00,-1.2824870870798202,stop,0.3539984819615623,4.737323556589925,held-out
BTC,-1,FAR,2024-09-18 23:25:00,-1.1597688706742129,stop,0.6259041550335014,5.129523758867537,held-out
BTC,-1,FAR,2024-09-23 02:10:00,-1.2408678702969063,stop,0.415165376256845,4.830187591728652,held-out
BTC,-1,FAR,2024-09-24 17:40:00,-1.3119906728349489,stop,0.32052240245304575,4.729139071151807,held-out
BTC,-1,FAR,2024-10-04 07:25:00,-1.2307842586389217,stop,0.4333051161711036,4.886608949616926,held-out
BTC,-1,FAR,2024-10-06 14:15:00,-1.5857823041249501,stop,0.17071188271790044,5.0321854536705075,held-out
BTC,-1,FAR,2024-10-16 10:15:00,-1.1542280208688425,stop,0.648390606561964,5.693730810362827,held-out
BTC,-1,FAR,2024-11-10 02:15:00,-1.3168687683948825,stop,0.3155880603397927,5.332390677327085,held-out
BTC,-1,FAR,2024-11-19 12:20:00,-1.182464930491761,stop,0.5480505197929825,5.111345993528747,held-out
BTC,-1,FAR,2024-11-19 15:50:00,-1.166508612389459,stop,0.6005695355030815,4.960066955868848,held-out
BTC,-1,FAR,2024-12-11 08:10:00,-1.1565755691218127,stop,0.638669241701443,5.183417158707643,held-out
BTC,-1,FAR,2024-12-31 12:25:00,-1.1816790564490667,stop,0.5504211765214377,5.498029740699985,held-out
BTC,-1,FAR,2025-01-10 17:45:00,-1.1501539972112993,stop,0.6659829365666394,5.095714215478394,held-out
BTC,-1,FAR,2025-01-12 15:15:00,-1.4534849654345523,stop,0.22051447704374266,4.934277505940766,held-out
BTC,-1,FAR,2025-01-17 01:30:00,-1.1705605071571374,stop,0.5863021966032852,5.501130289075955,held-out
BTC,-1,FAR,2025-02-06 10:05:00,5.107539257311947,target,0.47077921833834696,5.192504774993852,held-out
BTC,-1,FAR,2025-04-04 19:20:00,4.7264765562136875,target,0.6954029068727429,4.783997167077801,held-out
BTC,-1,FAR,2025-04-15 12:55:00,-1.2401461791226305,stop,0.41641303794775364,5.196708661174358,held-out
BTC,-1,FAR,2025-04-17 18:10:00,-0.08748964007427129,time,0.4225664331693465,5.289595310809637,held-out
BTC,-1,FAR,2025-05-06 20:05:00,-1.319185754885673,stop,0.3132971897064089,4.896503069188057,held-out
BTC,-1,FAR,2025-05-12 07:00:00,-1.3198194167709867,stop,0.31267645038452146,4.861952104169437,held-out
BTC,-1,FAR,2025-06-02 23:00:00,-1.2967951200381513,stop,0.3369327635412116,5.0834769618131,held-out
BTC,-1,FAR,2025-06-16 04:10:00,-1.3826606331166822,stop,0.26132816220347305,5.161629044147209,held-out
BTC,-1,FAR,2025-06-30 00:00:00,-1.4984337483799366,stop,0.20062846933023865,5.105388149505556,held-out
BTC,-1,FAR,2025-07-22 12:05:00,-1.2278919529433292,stop,0.4388044365255292,5.341116193019671,held-out
BTC,-1,FAR,2025-07-24 17:50:00,4.566061674238342,target,0.33256686437166866,4.686338238999457,held-out
BTC,-1,FAR,2025-08-17 04:50:00,-1.619214704218431,stop,0.16149487297175766,5.044574580246397,held-out
BTC,-1,FAR,2025-09-02 02:35:00,-1.259320698523088,stop,0.3856229007924594,4.989479025205441,held-out
BTC,-1,FAR,2025-09-18 03:00:00,-1.2932289614665238,stop,0.34103043403308714,5.1619542904240605,held-out
BTC,-1,FAR,2025-10-25 08:50:00,-1.2922081897325746,stop,0.34222175665753535,5.601710514175616,held-out
BTC,-1,FAR,2025-11-24 17:30:00,-1.1827861977426433,stop,0.547087259513963,4.7584708417164086,held-out
BTC,-1,FAR,2025-11-26 17:25:00,-1.2298724827180796,stop,0.4350237958783525,4.65371069925538,held-out
BTC,-1,FAR,2025-11-28 13:40:00,-1.32434537422799,stop,0.30831332260563593,4.6024219452496276,held-out
BTC,-1,FAR,2025-11-30 08:20:00,-1.5114914284490122,stop,0.19550669754765682,4.6686948006580025,held-out
BTC,-1,FAR,2025-12-22 09:30:00,-1.2662621661827376,stop,0.3755696929595671,5.413999161533341,held-out
BTC,-1,FAR,2026-01-09 16:10:00,1.925142629343719,time,0.46030867637159256,5.167348534545974,held-out
BTC,-1,FAR,2026-01-12 17:00:00,-1.252962310020564,stop,0.3953158080817285,5.217664689771571,held-out
BTC,-1,FAR,2026-01-23 16:35:00,-1.2930416770704611,stop,0.3412483882828561,4.712097150450056,held-out
BTC,-1,FAR,2026-01-27 16:45:00,-1.296142855992804,stop,0.3376748686533566,5.1771288422690525,held-out
BTC,-1,FAR,2026-02-20 05:20:00,-1.2353859586503724,stop,0.42483417691253955,5.1147505759130105,held-out
BTC,-1,FAR,2026-02-21 09:15:00,-1.2466545932002369,stop,0.40542524954651427,5.408842591521161,held-out
BTC,-1,FAR,2026-03-31 17:10:00,-1.169484689350053,stop,0.5900237973322796,4.806395903481484,held-out
BTC,-1,FAR,2026-03-31 21:50:00,-1.1647094647838756,stop,0.6071296517854362,5.001762119901368,held-out
BTC,-1,FAR,2026-04-04 15:05:00,-1.48768618639053,stop,0.20504989230907159,5.423125783947439,held-out
BTC,-1,FAR,2026-05-03 22:10:00,-1.4361467230553515,stop,0.22928064046765512,5.341327610927886,held-out
BTC,-1,FAR,2026-05-04 15:00:00,-1.2005803121410998,stop,0.4985534169956532,5.061711759967527,held-out
BTC,-1,FAR,2026-05-05 02:25:00,-1.2104599262550406,stop,0.47514983863872257,5.364001026876202,held-out
BTC,-1,FAR,2026-05-20 06:15:00,-1.3639461480047648,stop,0.27476592498154645,4.791673215830146,held-out
BTC,-1,FAR,2026-05-29 16:30:00,-1.2634235017784694,stop,0.37961685014762553,4.85422007982057,held-out
BTC,-1,FAR,2026-06-07 03:15:00,-1.1456697951073356,stop,0.6864841124154516,5.422186550715116,held-out
BTC,-1,FAR,2026-06-27 07:50:00,-1.168103327005328,stop,0.5948722240151174,5.376891803435196,held-out
BTC,-1,FAR,2026-06-29 17:15:00,4.593007440848121,target,0.5357836977071915,4.667664434278817,held-out
BTC,-1,FAR,2026-08-07 09:30:00,-1.4750799592943915,stop,0.21049088273166514,4.9125880080709665,held-out
BTC,-1,FAR,2026-08-19 13:10:00,-1.438735195162424,stop,0.2279279189420375,5.50439132461863,held-out
BTC,-1,FAR,2026-08-27 07:55:00,-1.2986314031945394,stop,0.33486096549215333,4.827104491842406,held-out
BTC,-1,FAR,2026-09-03 04:10:00,-1.2817534025317396,stop,0.35492029236003636,4.974358752492721,held-out
BTC,-1,FAR,2026-09-14 02:20:00,-1.4341085830290734,stop,0.23035711319557745,4.980847873791586,held-out
ETHUSDT,1,MID,2022-01-24 09:00:00,-1.0750305042466337,stop,1.3327912560908413,2.428590411517778,design
ETHUSDT,1,MID,2022-02-10 20:00:00,-1.0900525027191021,stop,1.1104633072989285,2.501974813336563,design
ETHUSDT,1,MID,2022-02-17 05:00:00,-1.1273486213892185,stop,0.7852460349324684,2.5336133453254175,design
ETHUSDT,1,MID,2022-02-17 10:00:00,-1.113981633107313,stop,0.8773343325046999,2.4958266277726717,design
ETHUSDT,1,MID,2022-02-21 13:00:00,2.538632427373696,target,1.0987719637029298,2.5750367053507186,design
ETHUSDT,1,MID,2022-02-21 21:00:00,-1.0846833343879192,stop,1.1808698927928105,2.39601174914683,design
ETHUSDT,1,MID,2022-02-22 01:00:00,-1.0743949065503104,stop,1.3441780443984248,2.39881899349506,design
ETHUSDT,1,MID,2022-03-07 19:00:00,-1.101486345958455,stop,0.9853542272665581,2.651764827660336,design
ETHUSDT,1,MID,2022-04-21 19:00:00,-1.1435316212695068,stop,0.696710586249366,2.7014462390402163,design
ETHUSDT,1,MID,2022-05-18 12:00:00,-1.1147153462668986,stop,0.8717229494939441,2.599872622211195,design
ETHUSDT,1,MID,2022-06-03 10:00:00,-1.1544007348240246,stop,0.6476653113987643,2.4376479465009386,design
ETHUSDT,1,MID,2022-06-10 00:00:00,-1.1661671320661835,stop,0.6018037307171583,2.5132692990158345,design
ETHUSDT,1,MID,2022-06-15 07:00:00,-1.0353769881259156,stop,2.826696259276641,2.6907921954883447,design
ETHUSDT,1,MID,2022-06-28 18:00:00,-1.0972209060273406,stop,1.0285853535645695,2.5520303959334383,design
ETHUSDT,1,MID,2022-06-28 22:00:00,-1.0901141228509963,stop,1.1097039713225652,2.725507254887629,design
ETHUSDT,1,MID,2022-07-04 06:00:00,2.4605916882882726,target,0.7232184025851786,2.5159000154229503,design
ETHUSDT,1,MID,2022-07-31 22:00:00,-1.124434393256561,stop,0.8036363370520747,2.4182570176854337,design
ETHUSDT,1,MID,2022-08-01 00:00:00,-1.1159970236007766,stop,0.8620910855796342,2.456974491295239,design
ETHUSDT,1,MID,2022-08-14 16:00:00,-1.18057346301732,stop,0.5537912289493413,2.495094953158137,design
ETHUSDT,1,MID,2022-08-15 08:00:00,-1.0892696457376045,stop,1.1202016001490127,2.7366421186259666,design
ETHUSDT,1,MID,2022-09-12 03:00:00,2.270193791232086,target,0.7980926131911737,2.320313287815396,design
ETHUSDT,1,MID,2022-09-12 15:00:00,-1.1342277396185945,stop,0.7450024881902061,2.4121532178220577,design
ETHUSDT,1,MID,2022-09-15 14:00:00,-1.0957550725356526,stop,1.0443310975798896,2.3232282240160327,design
ETHUSDT,1,MID,2022-11-06 03:00:00,2.639521119994712,target,0.5405056214485475,2.7135259007272428,design
ETHUSDT,1,MID,2022-11-13 08:00:00,-1.120953392238617,stop,0.8267647409402122,2.5297784118400473,design
ETHUSDT,1,MID,2022-12-11 22:00:00,-1.3475045524203408,stop,0.28776601429681464,2.506855175144927,design
ETHUSDT,1,MID,2022-12-19 17:00:00,-1.2731475283082538,stop,0.36610252569134527,2.2992325974166175,design
ETHUSDT,1,MID,2023-01-06 11:00:00,-1.4575421074805563,stop,0.21855911918281665,2.520569060047693,design
ETHUSDT,1,MID,2023-01-18 15:00:00,-1.1872668234771384,stop,0.533997416858027,2.4838838103590235,design
ETHUSDT,1,MID,2023-01-24 22:00:00,-1.1669893948641241,stop,0.5988404238566648,2.6356199218299006,design
ETHUSDT,1,MID,2023-02-01 19:00:00,-1.2249390899284673,stop,0.44456479321491393,2.3616556067728007,design
ETHUSDT,1,MID,2023-03-04 21:00:00,2.546047262686982,target,0.3253366477485875,2.6689968297794393,design
ETHUSDT,1,MID,2023-04-21 06:00:00,-1.1688187146753992,stop,0.5923513882467217,2.5847424534307906,design
ETHUSDT,1,MID,2023-04-23 18:00:00,-1.2443499512144989,stop,0.4092491097418576,2.417813879368032,design
ETHUSDT,1,MID,2023-04-24 07:00:00,-1.210975365968646,stop,0.4739889870121682,2.457383101002911,design
ETHUSDT,1,MID,2023-04-24 15:00:00,-1.1805138044205452,stop,0.5539742532212596,2.471951621341526,design
ETHUSDT,1,MID,2023-05-08 00:00:00,-1.167220435204535,stop,0.5980130351753086,2.6720024988504765,design
ETHUSDT,1,MID,2023-06-10 04:00:00,-1.3366169791234426,stop,0.2970735470932037,2.5158580733931344,design
ETHUSDT,1,MID,2023-07-20 15:00:00,-1.2597083988883448,stop,0.3850472315413738,2.581037839601194,design
ETHUSDT,1,MID,2023-07-20 18:00:00,2.534633917227978,target,0.4120434314010656,2.631711062382285,design
ETHUSDT,1,MID,2023-08-11 02:00:00,-1.5732090337135132,stop,0.17445642709458672,2.5529227407455264,design
ETHUSDT,1,MID,2023-10-05 15:00:00,-1.353643226703782,stop,0.282770861843091,2.436587900572119,design
ETHUSDT,1,MID,2023-10-09 08:00:00,-1.4089040709427267,stop,0.24455613701631881,2.549377728793562,design
ETHUSDT,1,MID,2023-10-11 02:00:00,2.752689613578415,target,0.4694169500532024,2.83790170486627,design
ETHUSDT,1,MID,2023-10-12 09:00:00,-1.2989231029184634,stop,0.3345341963323485,2.6398796200302725,design
ETHUSDT,1,MID,2023-11-07 10:00:00,-1.2411478821837543,stop,0.41468330177496704,2.4550819116146467,design
ETHUSDT,1,MID,2023-11-26 15:00:00,-1.3444313040996607,stop,0.29033365669650374,2.3083713678910023,design
ETHUSDT,1,MID,2023-12-11 02:00:00,-1.2533215961768396,stop,0.394755131458242,2.5038651465155692,design
ETHUSDT,1,MID,2023-12-12 21:00:00,2.625481661789502,target,0.6637258261616286,2.685747510161446,design
ETHUSDT,1,MID,2023-12-13 02:00:00,-1.159211797851817,stop,0.6280941572751586,2.573422983053058,design
ETHUSDT,1,MID,2023-12-15 14:00:00,-1.1561096165141935,stop,0.6405755278433339,2.8984928916429666,design
ETHUSDT,1,MID,2023-12-31 22:00:00,-1.283981764586585,stop,0.35213528638213093,2.282225697348724,design
ETHUSDT,1,MID,2024-02-23 15:00:00,-1.1558539062835091,stop,0.6416265230984528,2.615063499255821,design
ETHUSDT,1,MID,2024-03-03 07:00:00,-1.2844903634363307,stop,0.3515057550354604,2.345926865919682,design
ETHUSDT,1,MID,2024-03-16 19:00:00,-1.103805567915328,stop,0.9633394624994293,2.7339770384777347,design
ETHUSDT,1,MID,2024-04-17 14:00:00,-1.13149075870984,stop,0.7605097193230855,2.4895668849366306,design
ETHUSDT,1,MID,2024-06-11 01:00:00,-1.3028296086920275,stop,0.33021870097814066,2.6140140187505856,design
ETHUSDT,1,MID,2024-07-21 07:00:00,2.196495055454965,target,0.296636638046769,2.331340165160171,design
ETHUSDT,1,MID,2024-07-23 16:00:00,-1.161121389969343,stop,0.6206500578168253,2.22685117127653,design
ETHUSDT,1,MID,2024-07-31 20:00:00,-1.1555096997620586,stop,0.6430467048229624,2.5525321964750307,design
ETHUSDT,1,MID,2024-07-31 22:00:00,-1.1390359984328973,stop,0.7192381910233326,2.6291417241210415,design
ETHUSDT,1,MID,2024-08-07 14:00:00,-1.0987327377839977,stop,1.0128352787985555,2.3100037431881293,design
ETHUSDT,1,MID,2024-09-15 18:00:00,-1.292431421073861,stop,0.3419605172138546,2.6681214987842905,design
ETHUSDT,1,MID,2024-09-25 16:00:00,-1.2049617693173111,stop,0.487895866302682,2.584024085026567,design
ETHUSDT,1,MID,2024-10-17 13:00:00,-1.2412002966397446,stop,0.4145931882884846,2.2199083818013787,design
ETHUSDT,1,MID,2024-10-17 18:00:00,-1.221082836940622,stop,0.45231914599891737,2.214936774947221,design
ETHUSDT,1,MID,2024-10-25 22:00:00,-1.1399937896545875,stop,0.7143174011271086,2.513752301736403,design
ETHUSDT,1,MID,2024-12-09 03:00:00,-1.2346928724947608,stop,0.4260887812101426,2.3987466403205153,design
ETHUSDT,1,MID,2024-12-26 04:00:00,-1.1848380737758446,stop,0.541014077658433,2.489709626540119,design
ETHUSDT,1,MID,2024-12-27 16:00:00,2.4070832114189953,target,0.7396439858281786,2.4611632834082404,design
ETHUSDT,1,MID,2024-12-30 22:00:00,2.3467873236571997,target,0.6640175752988029,2.4070266930473854,design
ETHUSDT,1,MID,2025-01-13 06:00:00,-1.1671802585371398,stop,0.5981567493376295,2.6121915396428137,held-out
ETHUSDT,1,MID,2025-03-08 01:00:00,2.5499801992055877,target,1.2699066289284755,2.581478577975176,held-out
ETHUSDT,1,MID,2025-03-12 15:00:00,-1.085557420573953,stop,1.1688056901337183,2.2658345802172217,held-out
ETHUSDT,1,MID,2025-03-24 01:00:00,2.274890203723714,target,0.3964508156623491,2.375785443233241,held-out
ETHUSDT,1,MID,2025-03-26 13:00:00,-1.2436160792294184,stop,0.4104819366451911,2.3497810467083338,held-out
ETHUSDT,1,MID,2025-05-06 10:00:00,-1.2125255391560905,stop,0.47053168478991364,2.5471599781353973,held-out
ETHUSDT,1,MID,2025-06-01 12:00:00,-1.2070729244286988,stop,0.48292165803855686,2.502391835996352,held-out
ETHUSDT,1,MID,2025-06-02 10:00:00,2.427276801434331,target,0.5141935242503824,2.505068524031993,held-out
ETHUSDT,1,MID,2025-06-09 00:00:00,-1.2615288686996609,stop,0.38236696582372215,2.432597668711435,held-out
ETHUSDT,1,MID,2025-07-01 10:00:00,-1.1768760405391503,stop,0.5653676987294709,2.735684113441742,held-out
ETHUSDT,1,MID,2025-08-11 12:00:00,2.593073807792612,target,0.7118783964105205,2.6492631797439037,held-out
ETHUSDT,1,MID,2025-08-28 18:00:00,-1.1381013119499273,stop,0.7241060826146101,2.526913302068869,held-out
ETHUSDT,1,MID,2025-09-01 15:00:00,-1.1845189879458426,stop,0.5419496449294992,2.35973649981854,held-out
ETHUSDT,1,MID,2025-09-09 14:00:00,2.359743753955412,target,0.40726960115318445,2.4579587935428004,held-out
ETHUSDT,1,MID,2025-09-25 02:00:00,-1.19081228779301,stop,0.5240752634782005,2.5723496388873053,held-out
ETHUSDT,1,MID,2025-09-28 12:00:00,-1.3559660178649955,stop,0.28092569228876846,2.3625024189343944,held-out
ETHUSDT,1,MID,2025-11-11 14:00:00,-1.1511611888557702,stop,0.6615454718037082,2.420538529793478,held-out
ETHUSDT,1,MID,2025-11-12 16:00:00,-1.1084010181213564,stop,0.9225005607239649,2.5977533722961885,held-out
ETHUSDT,1,MID,2025-11-13 15:00:00,-1.1018234081671778,stop,0.9820924461280636,2.5990999691770265,held-out
ETHUSDT,1,MID,2025-12-14 11:00:00,-1.329776581752325,stop,0.3032356011110087,2.441214987144295,held-out
ETHUSDT,1,MID,2025-12-18 19:00:00,-1.080587402515725,stop,1.2408887354383604,2.7471188895986027,held-out
ETHUSDT,1,MID,2025-12-23 03:00:00,-1.165180764424857,stop,0.605397367836322,2.551790252888896,held-out
ETHUSDT,1,MID,2026-01-07 14:00:00,-1.1688425193447674,stop,0.5922678741591472,2.654075922649086,held-out
ETHUSDT,1,MID,2026-01-15 15:00:00,-1.1643572701506057,stop,0.608430645680394,2.495261885891005,held-out
ETHUSDT,1,MID,2026-02-04 16:00:00,-1.0604544021411897,stop,1.654139259643204,2.775494198979727,held-out
ETHUSDT,1,MID,2026-02-04 22:00:00,-1.0533300518030757,stop,1.875115373396895,2.7092575216385835,held-out
ETHUSDT,1,MID,2026-02-10 09:00:00,-1.0870977251024097,stop,1.1481356129843796,2.705444263789093,held-out
ETHUSDT,1,MID,2026-02-12 17:00:00,2.5743479541611776,target,0.9494893180318327,2.6164758635966567,held-out
ETHUSDT,1,MID,2026-02-15 12:00:00,-1.1648728617656199,stop,0.6065279569305835,2.483553890335579,held-out
ETHUSDT,1,MID,2026-04-25 15:00:00,2.314350954432479,target,0.2231248014849753,2.493622822614706,held-out
ETHUSDT,1,MID,2026-05-13 15:00:00,-1.205081721836055,stop,0.48761049548794644,2.6266809676856204,held-out
ETHUSDT,1,MID,2026-05-26 15:00:00,-1.2177103282444284,stop,0.4593259346324063,2.39388392882529,held-out
ETHUSDT,1,MID,2026-06-02 14:00:00,-1.2030789224143967,stop,0.49241939444578614,2.5687000625943037,held-out
ETHUSDT,1,MID,2026-09-13 08:00:00,-1.3929619072433082,stop,0.25447759224683203,2.607781974524025,held-out
ETHUSDT,1,MID,2026-09-23 11:00:00,-1.2226484578520773,stop,0.44913852521016673,2.3903146657552354,held-out
ETHUSDT,-1,MID,2022-01-16 15:00:00,-1.1836193827109376,stop,0.5446048152630205,2.418115049698417,design
ETHUSDT,-1,MID,2022-02-06 23:00:00,-1.1748340143472813,stop,0.571971079960248,2.528618124737645,design
ETHUSDT,-1,MID,2022-02-21 16:00:00,2.393258131742658,target,1.1021984457706813,2.4295492371724348,design
ETHUSDT,-1,MID,2022-03-15 16:00:00,-1.1556349067512945,stop,0.642529379092317,2.457260909720593,design
ETHUSDT,-1,MID,2022-04-08 02:00:00,-1.1506906021375374,stop,0.6636113903687813,2.4183347683357024,design
ETHUSDT,-1,MID,2022-04-13 13:00:00,-1.151498865978315,stop,0.660070947424211,2.6634995158160555,design
ETHUSDT,-1,MID,2022-06-21 05:00:00,-1.059165925246578,stop,1.6901620245646998,2.5971044694773706,design
ETHUSDT,-1,MID,2022-07-04 11:00:00,-1.1431476278277664,stop,0.6985795120567345,2.513178924564602,design
ETHUSDT,-1,MID,2022-07-16 16:00:00,-1.088903170346021,stop,1.1248192793439071,2.7277188923216023,design
ETHUSDT,-1,MID,2022-09-30 00:00:00,2.390921166604809,target,0.816430368725775,2.439914934514777,design
ETHUSDT,-1,MID,2022-11-18 03:00:00,2.3668257865243367,target,0.7114026256208204,2.4230527367202166,design
ETHUSDT,-1,MID,2023-01-11 22:00:00,-1.308112215979054,stop,0.3245570763309112,2.44194436708369,design
ETHUSDT,-1,MID,2023-01-15 23:00:00,-1.1658453087191074,stop,0.6029715327635239,2.5294796972078775,design
ETHUSDT,-1,MID,2023-02-01 19:00:00,-1.229662401142013,stop,0.4354217299076504,2.361655606772833,design
ETHUSDT,-1,MID,2023-03-05 01:00:00,-1.3022743474685696,stop,0.330825294430246,2.5799121994725867,design
ETHUSDT,-1,MID,2023-03-12 03:00:00,-1.1222126458565116,stop,0.8182459294548692,2.6953934132228206,design
ETHUSDT,-1,MID,2023-04-04 10:00:00,-1.162833212582215,stop,0.6141253274697247,2.745009065398424,design
ETHUSDT,-1,MID,2023-05-15 03:00:00,-1.2512221400261931,stop,0.39805408866262226,2.4706015626627518,design
ETHUSDT,-1,MID,2023-06-13 12:00:00,-1.2735776401363128,stop,0.365526948584592,2.4713666589177183,design
ETHUSDT,-1,MID,2023-06-20 01:00:00,2.5654753824124645,target,0.46810749036749183,2.650925841597806,design
ETHUSDT,-1,MID,2023-06-20 16:00:00,-1.2241677897376437,stop,0.4460944193500577,2.781738997471993,design
ETHUSDT,-1,MID,2023-07-19 04:00:00,2.4978573219185365,target,0.3764069967988163,2.604125272143116,design
ETHUSDT,-1,MID,2023-09-28 11:00:00,-1.2189100197098168,stop,0.4568086930536947,2.9106929511863715,design
ETHUSDT,-1,MID,2023-10-01 11:00:00,2.5582107323047087,target,0.25291065638560095,2.7163693507340323,design
ETHUSDT,-1,MID,2023-10-01 22:00:00,-1.3936963615501239,stop,0.25400285541442164,2.605834904748592,design
ETHUSDT,-1,MID,2023-11-01 19:00:00,-1.2119153603948838,stop,0.4718865107921374,2.3993651803707023,design
ETHUSDT,-1,MID,2023-11-06 12:00:00,2.6205913299887196,target,0.5177616862747509,2.6978469498237763,design
ETHUSDT,-1,MID,2023-12-09 08:00:00,-1.2573004446573266,stop,0.38865070805913404,2.4484441114126603,design
ETHUSDT,-1,MID,2023-12-21 12:00:00,-1.1450057991648923,stop,0.6896275912819577,2.8293814471198497,design
ETHUSDT,-1,MID,2024-01-09 22:00:00,-1.0988486408485605,stop,1.011647698355341,2.7356972613245483,design
ETHUSDT,-1,MID,2024-01-12 13:00:00,-1.1320516144444401,stop,0.757279647210026,2.4343984637063425,design
ETHUSDT,-1,MID,2024-02-05 07:00:00,-1.3110757020100776,stop,0.3214651589752272,2.427644758803987,design
ETHUSDT,-1,MID,2024-02-06 14:00:00,-1.2154226985510845,stop,0.4642036362583506,2.633816758310197,design
ETHUSDT,-1,MID,2024-02-09 07:00:00,-1.270228762424879,stop,0.3700568329686929,2.4157486049782793,design
ETHUSDT,-1,MID,2024-02-11 03:00:00,-1.3045550127787282,stop,0.32834790367628636,2.519687000564098,design
ETHUSDT,-1,MID,2024-02-20 21:00:00,-1.1402036838947278,stop,0.7132480204663175,2.437773957936893,design
ETHUSDT,-1,MID,2024-02-24 16:00:00,-1.2825726408754445,stop,0.3538913027467478,2.397839810980718,design
ETHUSDT,-1,MID,2024-03-07 19:00:00,-1.1290059512350368,stop,0.7751580376149415,2.3392795608249037,design
ETHUSDT,-1,MID,2024-03-10 06:00:00,-1.2867982859835838,stop,0.3486771186830732,2.352132836583531,design
ETHUSDT,-1,MID,2024-04-04 13:00:00,-1.1803542529156739,stop,0.5544643299692845,2.5040781773644465,design
ETHUSDT,-1,MID,2024-05-31 12:00:00,-1.2039364941623334,stop,0.49034872552236813,2.626467774239782,design
ETHUSDT,-1,MID,2024-07-10 13:00:00,-1.1671246768875736,stop,0.5983556818917352,2.4941229852969284,design
ETHUSDT,-1,MID,2024-07-16 16:00:00,-1.128429878765615,stop,0.7786350104908238,2.624230946692446,design
ETHUSDT,-1,MID,2024-08-07 10:00:00,2.3046259702012946,target,0.976358262465066,2.345594538336325,design
ETHUSDT,-1,MID,2024-08-13 22:00:00,-1.110257090904175,stop,0.906971145165717,2.6134536142331366,design
ETHUSDT,-1,MID,2024-08-17 16:00:00,-1.217378893602271,stop,0.4600262626369139,2.6829277711812933,design
ETHUSDT,-1,MID,2024-09-17 13:00:00,-1.1864520174874802,stop,0.5363310161377831,2.6696785214345993,design
ETHUSDT,-1,MID,2024-10-06 09:00:00,-1.3551810705697251,stop,0.28154653579819405,2.4099190970231503,design
ETHUSDT,-1,MID,2024-10-14 03:00:00,-1.2871905385172688,stop,0.34820088613047057,2.50128949215618,design
ETHUSDT,-1,MID,2024-10-28 09:00:00,-1.2472603530036244,stop,0.404432003696663,2.504762229566795,design
ETHUSDT,-1,MID,2024-11-18 15:00:00,-1.1543913259835308,stop,0.6477047811006376,2.3364110163084932,design
ETHUSDT,-1,MID,2024-12-01 15:00:00,-1.1943304729046273,stop,0.5145873341700641,2.5266476967689857,design
ETHUSDT,-1,MID,2024-12-02 01:00:00,-1.227185136664568,stop,0.44016964079673476,2.320204357369296,design
ETHUSDT,-1,MID,2024-12-15 23:00:00,-1.2402472567850342,stop,0.4162378432044985,2.3242304001833873,design
ETHUSDT,-1,MID,2024-12-31 13:00:00,-1.1704601664933565,stop,0.5866473209381584,2.6400851407593664,design
ETHUSDT,-1,MID,2025-01-06 03:00:00,-1.2443204521963118,stop,0.4092985220887275,2.445841973063244,held-out
ETHUSDT,-1,MID,2025-01-20 07:00:00,2.501814853987331,target,1.4944036800927996,2.528581383361453,held-out
ETHUSDT,-1,MID,2025-02-21 09:00:00,-1.2538050549407955,stop,0.39400318493785225,2.371549038707927,held-out
ETHUSDT,-1,MID,2025-03-24 03:00:00,-1.251145535100756,stop,0.3981755039359206,2.3217583306525063,held-out
ETHUSDT,-1,MID,2025-04-02 20:00:00,-1.1402882522709525,stop,0.7128180612504893,2.499143420096164,held-out
ETHUSDT,-1,MID,2025-04-04 21:00:00,2.2879361402732927,target,0.8023594051971452,2.3377891110752884,held-out
ETHUSDT,-1,MID,2025-04-14 10:00:00,-1.1081324016772456,stop,0.9247921848483571,2.576326509026118,held-out
ETHUSDT,-1,MID,2025-05-22 01:00:00,-1.092209033263489,stop,1.0844924457048382,2.4633123242180393,held-out
ETHUSDT,-1,MID,2025-05-27 07:00:00,-1.1592494595348402,stop,0.6279456162180713,2.529529485953848,held-out
ETHUSDT,-1,MID,2025-06-02 15:00:00,-1.191951303284656,stop,0.5209654651404169,2.3951335655360366,held-out
ETHUSDT,-1,MID,2025-06-02 17:00:00,-1.1771709583815446,stop,0.5644265906416,2.452655161356521,held-out
ETHUSDT,-1,MID,2025-06-07 16:00:00,-1.199677775718573,stop,0.5008068606540396,2.6808462744895802,held-out
ETHUSDT,-1,MID,2025-06-08 21:00:00,-1.2718510943462993,stop,0.36784843644077586,2.6201441516607433,held-out
ETHUSDT,-1,MID,2025-06-16 00:00:00,2.277785220693905,target,0.46947963304003365,2.3629859348143176,held-out
ETHUSDT,-1,MID,2025-06-19 09:00:00,2.3244493579495256,target,0.5426392250112073,2.3981631592309824,held-out
ETHUSDT,-1,MID,2025-07-26 02:00:00,-1.1273059220992323,stop,0.7855094119034938,2.677469754275879,held-out
ETHUSDT,-1,MID,2025-08-11 02:00:00,-1.1539125860846002,stop,0.6497194449389186,2.561685957601467,held-out
ETHUSDT,-1,MID,2025-08-11 15:00:00,-1.137787468215997,stop,0.7257554064585837,2.50415289467261,held-out
ETHUSDT,-1,MID,2025-08-12 12:00:00,-1.1433784521149477,stop,0.6974548722274475,2.6348834591245183,held-out
ETHUSDT,-1,MID,2025-08-17 06:00:00,-1.2149331039369342,stop,0.4652610424746021,2.361111196038387,held-out
ETHUSDT,-1,MID,2025-08-22 14:00:00,-1.1644368596891723,stop,0.6081361574833376,2.2735928964435077,held-out
ETHUSDT,-1,MID,2025-09-01 09:00:00,2.404511248264999,target,0.5733224491104999,2.4742800146233708,held-out
ETHUSDT,-1,MID,2025-09-03 13:00:00,-1.1739251940866153,stop,0.5749598298576551,2.512396350661622,held-out
ETHUSDT,-1,MID,2025-09-08 13:00:00,-1.3597206305476692,stop,0.2779935080391456,2.2245654007732596,held-out
ETHUSDT,-1,MID,2025-09-09 07:00:00,2.338563382380194,target,0.4025561993051272,2.43792839046862,held-out
ETHUSDT,-1,MID,2025-09-10 13:00:00,-1.2480163778049413,stop,0.4031991793648704,2.6163024283635514,held-out
ETHUSDT,-1,MID,2025-09-11 11:00:00,-1.187310621679839,stop,0.5338725540665024,2.8450025331220754,held-out
ETHUSDT,-1,MID,2025-09-17 22:00:00,-1.1793262762730001,stop,0.5576427619997163,2.299966227020426,held-out
ETHUSDT,-1,MID,2025-09-28 16:00:00,-1.32660741065244,stop,0.30617798843032135,2.3658063666534255,held-out
ETHUSDT,-1,MID,2025-10-26 09:00:00,-1.3945321123363068,stop,0.25346479253064724,2.2623539497236074,held-out
ETHUSDT,-1,MID,2025-12-17 14:00:00,-1.1738244062781096,stop,0.5752932061796054,2.4774200091561047,held-out
ETHUSDT,-1,MID,2025-12-21 09:00:00,-1.4425169248078213,stop,0.22598005724510659,2.2482846364914484,held-out
ETHUSDT,-1,MID,2026-01-05 18:00:00,-1.1797224135679647,stop,0.5564136270748643,2.4843931105302834,held-out
ETHUSDT,-1,MID,2026-02-21 09:00:00,-1.2235888041106375,stop,0.4472495856747704,2.6354914296146195,held-out
ETHUSDT,-1,MID,2026-03-12 13:00:00,-1.1676886056831977,stop,0.5963434402270782,2.531302261086601,held-out
ETHUSDT,-1,MID,2026-03-12 23:00:00,-1.1557458555155866,stop,0.6420716600705453,2.453683805790094,held-out
ETHUSDT,-1,MID,2026-03-31 14:00:00,2.3927028038778606,target,0.6636600397229774,2.452974626205293,held-out
ETHUSDT,-1,MID,2026-04-11 03:00:00,-1.1749404879565866,stop,0.5716229625746561,2.752824743728713,held-out
ETHUSDT,-1,MID,2026-05-03 20:00:00,2.5306080330313483,target,0.2951197127832813,2.6661462511420906,held-out
ETHUSDT,-1,MID,2026-05-05 05:00:00,-1.1779923629493643,stop,0.5618218576515459,2.671865362309823,held-out
ETHUSDT,-1,MID,2026-05-26 14:00:00,2.3971659510979655,target,0.4321403344219039,2.489728474921413,held-out
ETHUSDT,-1,MID,2026-06-11 06:00:00,-1.1536635308745378,stop,0.6507724990495461,2.386836780087769,held-out
ETHUSDT,-1,MID,2026-06-11 17:00:00,-1.153885660342997,stop,0.6498331279022961,2.5877631395325325,held-out
ETHUSDT,-1,MID,2026-06-27 02:00:00,-1.1262575072868446,stop,0.7920321107940926,2.632702571842966,held-out
ETHUSDT,-1,MID,2026-07-05 23:00:00,2.5964004181596954,target,0.4907793877968431,2.6779034335564176,held-out
ETHUSDT,-1,MID,2026-07-11 15:00:00,-1.2582221623910739,stop,0.3872634288010933,2.7948788563634657,held-out
ETHUSDT,-1,MID,2026-07-22 15:00:00,2.1777221159854174,target,0.4074606745894234,2.275891098894764,held-out
ETHUSDT,-1,MID,2026-08-05 12:00:00,-1.3282472821623204,stop,0.30464837162170116,2.379968096468431,held-out
ETHUSDT,-1,MID,2026-08-07 09:00:00,-1.3804812285538546,stop,0.26282505547010365,2.2594794970603616,held-out
ETHUSDT,-1,MID,2026-09-06 23:00:00,-1.236027213593379,stop,0.4236799582453114,2.7750330293621297,held-out
ETHUSDT,1,FAR,2022-01-24 09:00:00,-1.0750305042466337,stop,1.3327912560908413,4.857180823035556,design
ETHUSDT,1,FAR,2022-02-10 20:00:00,-1.0900525027191021,stop,1.1104633072989285,5.003949626673126,design
ETHUSDT,1,FAR,2022-02-17 05:00:00,-1.1273486213892185,stop,0.7852460349324684,5.067226690650835,design
ETHUSDT,1,FAR,2022-02-17 10:00:00,-1.113981633107313,stop,0.8773343325046999,4.9916532555453434,design
ETHUSDT,1,FAR,2022-02-21 13:00:00,5.113669132724415,target,1.0987719637029298,5.150073410701437,design
ETHUSDT,1,FAR,2022-02-21 21:00:00,-1.0846833343879192,stop,1.1808698927928105,4.79202349829366,design
ETHUSDT,1,FAR,2022-02-22 01:00:00,-1.0743949065503104,stop,1.3441780443984248,4.79763798699012,design
ETHUSDT,1,FAR,2022-03-07 19:00:00,-1.101486345958455,stop,0.9853542272665581,5.303529655320672,design
ETHUSDT,1,FAR,2022-04-21 19:00:00,-1.1435316212695068,stop,0.696710586249366,5.402892478080433,design
ETHUSDT,1,FAR,2022-05-18 12:00:00,-1.1147153462668986,stop,0.8717229494939441,5.19974524442239,design
ETHUSDT,1,FAR,2022-06-03 10:00:00,-1.1544007348240246,stop,0.6476653113987643,4.875295893001877,design
ETHUSDT,1,FAR,2022-06-10 00:00:00,-1.1661671320661835,stop,0.6018037307171583,5.026538598031648,design
ETHUSDT,1,FAR,2022-06-15 07:00:00,-1.0353769881259156,stop,2.826696259276641,5.381584390976682,design
ETHUSDT,1,FAR,2022-06-28 18:00:00,-1.0972209060273406,stop,1.0285853535645695,5.104060791866877,design
ETHUSDT,1,FAR,2022-06-28 22:00:00,-1.0901141228509963,stop,1.1097039713225652,5.451014509775258,design
ETHUSDT,1,FAR,2022-07-04 06:00:00,4.976491703711223,target,0.7232184025851786,5.0318000308459006,design
ETHUSDT,1,FAR,2022-07-31 22:00:00,-1.124434393256561,stop,0.8036363370520747,4.836514035370867,design
ETHUSDT,1,FAR,2022-08-01 00:00:00,-1.1159970236007766,stop,0.8620910855796342,4.913948982590478,design
ETHUSDT,1,FAR,2022-08-14 16:00:00,-1.18057346301732,stop,0.5537912289493413,4.990189906316295,design
ETHUSDT,1,FAR,2022-08-15 08:00:00,-1.0892696457376045,stop,1.1202016001490127,5.473284237251933,design
ETHUSDT,1,FAR,2022-09-12 03:00:00,-1.1252987414582751,stop,0.7980926131911737,4.640626575630809,design
ETHUSDT,1,FAR,2022-09-15 14:00:00,-1.0957550725356526,stop,1.0443310975798896,4.646456448032079,design
ETHUSDT,1,FAR,2022-11-06 03:00:00,-1.1850119518313267,stop,0.5405056214485475,5.4270518014544855,design
ETHUSDT,1,FAR,2022-11-13 08:00:00,-1.120953392238617,stop,0.8267647409402122,5.0595568236800945,design
ETHUSDT,1,FAR,2022-12-11 22:00:00,-1.3475045524203408,stop,0.28776601429681464,5.013710350289916,design
ETHUSDT,1,FAR,2022-12-19 17:00:00,-1.2731475283082538,stop,0.36610252569134527,4.598465194833288,design
ETHUSDT,1,FAR,2023-01-06 11:00:00,-1.4575421074805563,stop,0.21855911918281665,5.041138120095303,design
ETHUSDT,1,FAR,2023-01-18 15:00:00,-1.1872668234771384,stop,0.533997416858027,4.967767620718074,design
ETHUSDT,1,FAR,2023-01-24 22:00:00,-1.1669893948641241,stop,0.5988404238566648,5.271239843659778,design
ETHUSDT,1,FAR,2023-02-01 19:00:00,-1.2249390899284673,stop,0.44456479321491393,4.723311213545634,design
ETHUSDT,1,FAR,2023-03-04 21:00:00,5.215044092466422,target,0.3253366477485875,5.337993659558879,design
ETHUSDT,1,FAR,2023-04-21 06:00:00,-1.1688187146753992,stop,0.5923513882467217,5.169484906861581,design
ETHUSDT,1,FAR,2023-04-23 18:00:00,-1.2443499512144989,stop,0.4092491097418576,4.835627758736094,design
ETHUSDT,1,FAR,2023-04-24 07:00:00,-1.210975365968646,stop,0.4739889870121682,4.914766202005822,design
ETHUSDT,1,FAR,2023-04-24 15:00:00,-1.1805138044205452,stop,0.5539742532212596,4.943903242683052,design
ETHUSDT,1,FAR,2023-05-08 00:00:00,-1.167220435204535,stop,0.5980130351753086,5.344004997700953,design
ETHUSDT,1,FAR,2023-06-10 04:00:00,-1.3366169791234426,stop,0.2970735470932037,5.0317161467863105,design
ETHUSDT,1,FAR,2023-07-20 15:00:00,-1.2597083988883448,stop,0.3850472315413738,5.162075679202388,design
ETHUSDT,1,FAR,2023-07-20 18:00:00,-0.14969100350538408,time,0.4120434314010656,5.26342212476454,design
ETHUSDT,1,FAR,2023-08-11 02:00:00,-1.5732090337135132,stop,0.17445642709458672,5.105845481491123,design
ETHUSDT,1,FAR,2023-10-05 15:00:00,-1.353643226703782,stop,0.282770861843091,4.873175801144238,design
ETHUSDT,1,FAR,2023-10-09 08:00:00,-1.4089040709427267,stop,0.24455613701631881,5.098755457587124,design
ETHUSDT,1,FAR,2023-10-11 02:00:00,-1.2130302282196377,stop,0.4694169500532024,5.675803409732571,design
ETHUSDT,1,FAR,2023-11-07 10:00:00,-1.2411478821837543,stop,0.41468330177496704,4.9101638232292935,design
ETHUSDT,1,FAR,2023-11-26 15:00:00,-1.3444313040996607,stop,0.29033365669650374,4.616742735782005,design
ETHUSDT,1,FAR,2023-12-11 02:00:00,-1.2533215961768396,stop,0.394755131458242,5.007730293031188,design
ETHUSDT,1,FAR,2023-12-12 21:00:00,-1.15066462092986,stop,0.6637258261616286,5.371495020322892,design
ETHUSDT,1,FAR,2023-12-15 14:00:00,-1.1561096165141935,stop,0.6405755278433339,5.796985783285964,design
ETHUSDT,1,FAR,2023-12-31 22:00:00,-1.283981764586585,stop,0.35213528638213093,4.564451394697448,design
ETHUSDT,1,FAR,2024-02-23 15:00:00,-1.1558539062835091,stop,0.6416265230984528,5.230126998511666,design
ETHUSDT,1,FAR,2024-03-03 07:00:00,-1.2844903634363307,stop,0.3515057550354604,4.691853731839364,design
ETHUSDT,1,FAR,2024-03-16 19:00:00,-1.103805567915328,stop,0.9633394624994293,5.467954076955469,design
ETHUSDT,1,FAR,2024-04-17 14:00:00,-1.13149075870984,stop,0.7605097193230855,4.979133769873261,design
ETHUSDT,1,FAR,2024-06-11 01:00:00,-1.3028296086920275,stop,0.33021870097814066,5.228028037501133,design
ETHUSDT,1,FAR,2024-07-21 07:00:00,-1.3371127742630147,stop,0.296636638046769,4.662680330320298,design
ETHUSDT,1,FAR,2024-07-23 16:00:00,-1.161121389969343,stop,0.6206500578168253,4.45370234255306,design
ETHUSDT,1,FAR,2024-07-31 20:00:00,-1.1555096997620586,stop,0.6430467048229624,5.105064392950061,design
ETHUSDT,1,FAR,2024-07-31 22:00:00,-1.1390359984328973,stop,0.7192381910233326,5.258283448242103,design
ETHUSDT,1,FAR,2024-08-07 14:00:00,-1.0987327377839977,stop,1.0128352787985555,4.620007486376259,design
ETHUSDT,1,FAR,2024-09-15 18:00:00,-1.292431421073861,stop,0.3419605172138546,5.336242997568581,design
ETHUSDT,1,FAR,2024-09-25 16:00:00,-1.2049617693173111,stop,0.487895866302682,5.1680481700531695,design
ETHUSDT,1,FAR,2024-10-17 13:00:00,-1.2412002966397446,stop,0.4145931882884846,4.4398167636027575,design
ETHUSDT,1,FAR,2024-10-17 18:00:00,-1.221082836940622,stop,0.45231914599891737,4.429873549894442,design
ETHUSDT,1,FAR,2024-10-25 22:00:00,-1.1399937896545875,stop,0.7143174011271086,5.027504603472781,design
ETHUSDT,1,FAR,2024-12-09 03:00:00,-1.2346928724947608,stop,0.4260887812101426,4.797493280641031,design
ETHUSDT,1,FAR,2024-12-26 04:00:00,-1.1848380737758446,stop,0.541014077658433,4.979419253080238,design
ETHUSDT,1,FAR,2024-12-27 16:00:00,1.384127800002259,time,0.7396439858281786,4.922326566816481,design
ETHUSDT,1,FAR,2024-12-30 22:00:00,4.7538140167045855,target,0.6640175752988029,4.814053386094771,design
ETHUSDT,1,FAR,2025-01-13 06:00:00,-1.1671802585371398,stop,0.5981567493376295,5.224383079285627,held-out
ETHUSDT,1,FAR,2025-03-08 01:00:00,-1.0787459469239704,stop,1.2699066289284755,5.162957155950369,held-out
ETHUSDT,1,FAR,2025-03-12 15:00:00,-1.085557420573953,stop,1.1688056901337183,4.5316691604344435,held-out
ETHUSDT,1,FAR,2025-03-24 01:00:00,4.650675646956954,target,0.3964508156623491,4.751570886466482,held-out
ETHUSDT,1,FAR,2025-03-26 13:00:00,-1.2436160792294184,stop,0.4104819366451911,4.699562093416722,held-out
ETHUSDT,1,FAR,2025-05-06 10:00:00,-1.2125255391560905,stop,0.47053168478991364,5.094319956270795,held-out
ETHUSDT,1,FAR,2025-06-01 12:00:00,-1.2070729244286988,stop,0.48292165803855686,5.004783671992704,held-out
ETHUSDT,1,FAR,2025-06-02 10:00:00,4.932345325466324,target,0.5141935242503824,5.010137048063986,held-out
ETHUSDT,1,FAR,2025-06-09 00:00:00,-1.2615288686996609,stop,0.38236696582372215,4.86519533742287,held-out
ETHUSDT,1,FAR,2025-07-01 10:00:00,-1.1768760405391503,stop,0.5653676987294709,5.471368226883517,held-out
ETHUSDT,1,FAR,2025-08-11 12:00:00,5.242336987536485,target,0.7118783964105205,5.298526359487777,held-out
ETHUSDT,1,FAR,2025-08-28 18:00:00,-1.1381013119499273,stop,0.7241060826146101,5.053826604137738,held-out
ETHUSDT,1,FAR,2025-09-01 15:00:00,-1.1845189879458426,stop,0.5419496449294992,4.71947299963708,held-out
ETHUSDT,1,FAR,2025-09-09 14:00:00,4.817702547498212,target,0.40726960115318445,4.915917587085601,held-out
ETHUSDT,1,FAR,2025-09-25 02:00:00,-1.19081228779301,stop,0.5240752634782005,5.144699277774611,held-out
ETHUSDT,1,FAR,2025-09-28 12:00:00,-1.3559660178649955,stop,0.28092569228876846,4.725004837868829,held-out
ETHUSDT,1,FAR,2025-11-11 14:00:00,-1.1511611888557702,stop,0.6615454718037082,4.841077059586956,held-out
ETHUSDT,1,FAR,2025-11-12 16:00:00,-1.1084010181213564,stop,0.9225005607239649,5.195506744592391,held-out
ETHUSDT,1,FAR,2025-11-13 15:00:00,-1.1018234081671778,stop,0.9820924461280636,5.198199938354053,held-out
ETHUSDT,1,FAR,2025-12-14 11:00:00,-1.329776581752325,stop,0.3032356011110087,4.88242997428859,held-out
ETHUSDT,1,FAR,2025-12-18 19:00:00,-1.080587402515725,stop,1.2408887354383604,5.4942377791972055,held-out
ETHUSDT,1,FAR,2025-12-23 03:00:00,-1.165180764424857,stop,0.605397367836322,5.103580505777792,held-out
ETHUSDT,1,FAR,2026-01-07 14:00:00,-1.1688425193447674,stop,0.5922678741591472,5.308151845298172,held-out
ETHUSDT,1,FAR,2026-01-15 15:00:00,-1.1643572701506057,stop,0.608430645680394,4.9905237717820325,held-out
ETHUSDT,1,FAR,2026-02-04 16:00:00,-1.0604544021411897,stop,1.654139259643204,5.550988397959454,held-out
ETHUSDT,1,FAR,2026-02-04 22:00:00,-1.0533300518030757,stop,1.875115373396895,5.418515043277167,held-out
ETHUSDT,1,FAR,2026-02-10 09:00:00,-1.0870977251024097,stop,1.1481356129843796,5.410888527578177,held-out
ETHUSDT,1,FAR,2026-02-12 17:00:00,5.190823817757821,target,0.9494893180318327,5.232951727193301,held-out
ETHUSDT,1,FAR,2026-02-15 12:00:00,-1.1648728617656199,stop,0.6065279569305835,4.967107780671177,held-out
ETHUSDT,1,FAR,2026-04-25 15:00:00,4.807973777047274,target,0.2231248014849753,4.987245645229501,held-out
ETHUSDT,1,FAR,2026-05-13 15:00:00,-1.205081721836055,stop,0.48761049548794644,5.253361935371241,held-out
ETHUSDT,1,FAR,2026-05-26 15:00:00,-1.2177103282444284,stop,0.4593259346324063,4.78776785765058,held-out
ETHUSDT,1,FAR,2026-06-02 14:00:00,-1.2030789224143967,stop,0.49241939444578614,5.1374001251885835,held-out
ETHUSDT,1,FAR,2026-09-13 08:00:00,-1.3929619072433082,stop,0.25447759224683203,5.21556394904805,held-out
ETHUSDT,1,FAR,2026-09-23 11:00:00,-1.2226484578520773,stop,0.44913852521016673,4.780629331510471,held-out
ETHUSDT,-1,FAR,2022-01-16 15:00:00,-1.1836193827109376,stop,0.5446048152630205,4.8362300993968095,design
ETHUSDT,-1,FAR,2022-02-06 23:00:00,-1.1748340143472813,stop,0.571971079960248,5.0572362494753165,design
ETHUSDT,-1,FAR,2022-02-21 16:00:00,4.822807368915092,target,1.1021984457706813,4.8590984743448695,design
ETHUSDT,-1,FAR,2022-03-15 16:00:00,-1.1556349067512945,stop,0.642529379092317,4.914521819441186,design
ETHUSDT,-1,FAR,2022-04-08 02:00:00,-1.1506906021375374,stop,0.6636113903687813,4.836669536671405,design
ETHUSDT,-1,FAR,2022-04-13 13:00:00,-1.151498865978315,stop,0.660070947424211,5.326999031632111,design
ETHUSDT,-1,FAR,2022-06-21 05:00:00,-1.059165925246578,stop,1.6901620245646998,5.194208938954741,design
ETHUSDT,-1,FAR,2022-07-04 11:00:00,-1.1431476278277664,stop,0.6985795120567345,5.026357849129204,design
ETHUSDT,-1,FAR,2022-07-16 16:00:00,-1.088903170346021,stop,1.1248192793439071,5.4554377846432045,design
ETHUSDT,-1,FAR,2022-09-30 00:00:00,-1.1224844197749193,stop,0.816430368725775,4.8798298690295745,design
ETHUSDT,-1,FAR,2022-11-18 03:00:00,0.9989699587790094,time,0.7114026256208204,4.846105473440459,design
ETHUSDT,-1,FAR,2023-01-11 22:00:00,-1.308112215979054,stop,0.3245570763309112,4.88388873416738,design
ETHUSDT,-1,FAR,2023-01-15 23:00:00,-1.1658453087191074,stop,0.6029715327635239,5.058959394415779,design
ETHUSDT,-1,FAR,2023-02-01 19:00:00,-1.229662401142013,stop,0.4354217299076504,4.723311213545634,design
ETHUSDT,-1,FAR,2023-03-05 01:00:00,-1.3022743474685696,stop,0.330825294430246,5.159824398945173,design
ETHUSDT,-1,FAR,2023-03-12 03:00:00,-1.1222126458565116,stop,0.8182459294548692,5.39078682644566,design
ETHUSDT,-1,FAR,2023-04-04 10:00:00,-1.162833212582215,stop,0.6141253274697247,5.4900181307968685,design
ETHUSDT,-1,FAR,2023-05-15 03:00:00,-1.2512221400261931,stop,0.39805408866262226,4.9412031253255035,design
ETHUSDT,-1,FAR,2023-06-13 12:00:00,-1.2735776401363128,stop,0.365526948584592,4.942733317835437,design
ETHUSDT,-1,FAR,2023-06-20 01:00:00,-1.2136261479633537,stop,0.46810749036749183,5.301851683195612,design
ETHUSDT,-1,FAR,2023-07-19 04:00:00,-1.2656698755614484,stop,0.3764069967988163,5.208250544286232,design
ETHUSDT,-1,FAR,2023-09-28 11:00:00,-1.2189100197098168,stop,0.4568086930536947,5.821385902372773,design
ETHUSDT,-1,FAR,2023-10-01 11:00:00,5.274580083038795,target,0.25291065638560095,5.432738701468118,design
ETHUSDT,-1,FAR,2023-10-01 22:00:00,-1.3936963615501239,stop,0.25400285541442164,5.211669809497131,design
ETHUSDT,-1,FAR,2023-11-01 19:00:00,-1.2119153603948838,stop,0.4718865107921374,4.798730360741405,design
ETHUSDT,-1,FAR,2023-11-06 12:00:00,5.318438279812473,target,0.5177616862747509,5.395693899647529,design
ETHUSDT,-1,FAR,2023-12-09 08:00:00,-1.2573004446573266,stop,0.38865070805913404,4.896888222825272,design
ETHUSDT,-1,FAR,2023-12-21 12:00:00,-1.1450057991648923,stop,0.6896275912819577,5.6587628942396995,design
ETHUSDT,-1,FAR,2024-01-09 22:00:00,-1.0988486408485605,stop,1.011647698355341,5.4713945226490965,design
ETHUSDT,-1,FAR,2024-01-12 13:00:00,-1.1320516144444401,stop,0.757279647210026,4.868796927412685,design
ETHUSDT,-1,FAR,2024-02-05 07:00:00,-1.3110757020100776,stop,0.3214651589752272,4.855289517607974,design
ETHUSDT,-1,FAR,2024-02-06 14:00:00,-1.2154226985510845,stop,0.4642036362583506,5.267633516620394,design
ETHUSDT,-1,FAR,2024-02-09 07:00:00,-1.270228762424879,stop,0.3700568329686929,4.8314972099565585,design
ETHUSDT,-1,FAR,2024-02-11 03:00:00,-1.3045550127787282,stop,0.32834790367628636,5.039374001128141,design
ETHUSDT,-1,FAR,2024-02-20 21:00:00,-1.1402036838947278,stop,0.7132480204663175,4.875547915873786,design
ETHUSDT,-1,FAR,2024-02-24 16:00:00,-1.2825726408754445,stop,0.3538913027467478,4.7956796219614795,design
ETHUSDT,-1,FAR,2024-03-07 19:00:00,-1.1290059512350368,stop,0.7751580376149415,4.6785591216498075,design
ETHUSDT,-1,FAR,2024-03-10 06:00:00,-1.2867982859835838,stop,0.3486771186830732,4.704265673167095,design
ETHUSDT,-1,FAR,2024-04-04 13:00:00,-1.1803542529156739,stop,0.5544643299692845,5.008156354728868,design
ETHUSDT,-1,FAR,2024-05-31 12:00:00,-1.2039364941623334,stop,0.49034872552236813,5.252935548479588,design
ETHUSDT,-1,FAR,2024-07-10 13:00:00,-1.1671246768875736,stop,0.5983556818917352,4.988245970593881,design
ETHUSDT,-1,FAR,2024-07-16 16:00:00,-1.128429878765615,stop,0.7786350104908238,5.248461893384909,design
ETHUSDT,-1,FAR,2024-08-07 10:00:00,4.650220508537638,target,0.976358262465066,4.691189076672668,design
ETHUSDT,-1,FAR,2024-08-13 22:00:00,-1.110257090904175,stop,0.906971145165717,5.226907228466273,design
ETHUSDT,-1,FAR,2024-08-17 16:00:00,-1.217378893602271,stop,0.4600262626369139,5.365855542362625,design
ETHUSDT,-1,FAR,2024-09-17 13:00:00,-1.1864520174874802,stop,0.5363310161377831,5.339357042869235,design
ETHUSDT,-1,FAR,2024-10-06 09:00:00,-1.3551810705697251,stop,0.28154653579819405,4.819838194046301,design
ETHUSDT,-1,FAR,2024-10-14 03:00:00,-1.2871905385172688,stop,0.34820088613047057,5.002578984312308,design
ETHUSDT,-1,FAR,2024-10-28 09:00:00,-1.2472603530036244,stop,0.404432003696663,5.00952445913359,design
ETHUSDT,-1,FAR,2024-11-18 15:00:00,-1.1543913259835308,stop,0.6477047811006376,4.6728220326169865,design
ETHUSDT,-1,FAR,2024-12-01 15:00:00,-1.1943304729046273,stop,0.5145873341700641,5.053295393537947,design
ETHUSDT,-1,FAR,2024-12-02 01:00:00,-1.227185136664568,stop,0.44016964079673476,4.640408714738592,design
ETHUSDT,-1,FAR,2024-12-15 23:00:00,-1.2402472567850342,stop,0.4162378432044985,4.648460800366775,design
ETHUSDT,-1,FAR,2024-12-31 13:00:00,-1.1704601664933565,stop,0.5866473209381584,5.280170281518733,design
ETHUSDT,-1,FAR,2025-01-06 03:00:00,-1.2443204521963118,stop,0.4092985220887275,4.891683946126488,held-out
ETHUSDT,-1,FAR,2025-01-20 07:00:00,2.5535750893651965,time,1.4944036800927996,5.057162766722906,held-out
ETHUSDT,-1,FAR,2025-02-21 09:00:00,-1.2538050549407955,stop,0.39400318493785225,4.743098077415896,held-out
ETHUSDT,-1,FAR,2025-03-24 03:00:00,-1.251145535100756,stop,0.3981755039359206,4.6435166613050125,held-out
ETHUSDT,-1,FAR,2025-04-02 20:00:00,-1.1402882522709525,stop,0.7128180612504893,4.998286840192328,held-out
ETHUSDT,-1,FAR,2025-04-04 21:00:00,4.625725251348597,target,0.8023594051971452,4.675578222150593,held-out
ETHUSDT,-1,FAR,2025-04-14 10:00:00,-1.1081324016772456,stop,0.9247921848483571,5.152653018052236,held-out
ETHUSDT,-1,FAR,2025-05-22 01:00:00,-1.092209033263489,stop,1.0844924457048382,4.9266246484360945,held-out
ETHUSDT,-1,FAR,2025-05-27 07:00:00,-1.1592494595348402,stop,0.6279456162180713,5.059058971907696,held-out
ETHUSDT,-1,FAR,2025-06-02 15:00:00,-1.191951303284656,stop,0.5209654651404169,4.790267131072073,held-out
ETHUSDT,-1,FAR,2025-06-02 17:00:00,-1.1771709583815446,stop,0.5644265906416,4.905310322713042,held-out
ETHUSDT,-1,FAR,2025-06-07 16:00:00,-1.199677775718573,stop,0.5008068606540396,5.3616925489791605,held-out
ETHUSDT,-1,FAR,2025-06-08 21:00:00,-1.2718510943462993,stop,0.36784843644077586,5.240288303321438,held-out
ETHUSDT,-1,FAR,2025-06-16 00:00:00,-1.2130017853010309,stop,0.46947963304003365,4.725971869628598,held-out
ETHUSDT,-1,FAR,2025-06-19 09:00:00,-1.1842845032036426,stop,0.5426392250112073,4.796326318461998,held-out
ETHUSDT,-1,FAR,2025-07-26 02:00:00,-1.1273059220992323,stop,0.7855094119034938,5.354939508551758,held-out
ETHUSDT,-1,FAR,2025-08-11 02:00:00,-1.1539125860846002,stop,0.6497194449389186,5.123371915202934,held-out
ETHUSDT,-1,FAR,2025-08-11 15:00:00,-1.137787468215997,stop,0.7257554064585837,5.00830578934525,held-out
ETHUSDT,-1,FAR,2025-08-12 12:00:00,-1.1433784521149477,stop,0.6974548722274475,5.269766918249006,held-out
ETHUSDT,-1,FAR,2025-08-17 06:00:00,-1.2149331039369342,stop,0.4652610424746021,4.722222392076774,held-out
ETHUSDT,-1,FAR,2025-08-22 14:00:00,-1.1644368596891723,stop,0.6081361574833376,4.547185792887015,held-out
ETHUSDT,-1,FAR,2025-09-01 09:00:00,4.878791262888405,target,0.5733224491104999,4.948560029246777,held-out
ETHUSDT,-1,FAR,2025-09-03 13:00:00,-1.1739251940866153,stop,0.5749598298576551,5.02479270132328,held-out
ETHUSDT,-1,FAR,2025-09-08 13:00:00,-1.3597206305476692,stop,0.2779935080391456,4.449130801546595,held-out
ETHUSDT,-1,FAR,2025-09-09 07:00:00,4.776491772848814,target,0.4025561993051272,4.87585678093724,held-out
ETHUSDT,-1,FAR,2025-09-10 13:00:00,-1.2480163778049413,stop,0.4031991793648704,5.232604856727051,held-out
ETHUSDT,-1,FAR,2025-09-11 11:00:00,-1.187310621679839,stop,0.5338725540665024,5.690005066244151,held-out
ETHUSDT,-1,FAR,2025-09-17 22:00:00,-1.1793262762730001,stop,0.5576427619997163,4.599932454040852,held-out
ETHUSDT,-1,FAR,2025-09-28 16:00:00,-1.32660741065244,stop,0.30617798843032135,4.731612733306851,held-out
ETHUSDT,-1,FAR,2025-10-26 09:00:00,-1.3945321123363068,stop,0.25346479253064724,4.524707899447215,held-out
ETHUSDT,-1,FAR,2025-12-17 14:00:00,-1.1738244062781096,stop,0.5752932061796054,4.954840018312209,held-out
ETHUSDT,-1,FAR,2025-12-21 09:00:00,-1.4425169248078213,stop,0.22598005724510659,4.496569272982829,held-out
ETHUSDT,-1,FAR,2026-01-05 18:00:00,-1.1797224135679647,stop,0.5564136270748643,4.968786221060567,held-out
ETHUSDT,-1,FAR,2026-02-21 09:00:00,-1.2235888041106375,stop,0.4472495856747704,5.270982859229239,held-out
ETHUSDT,-1,FAR,2026-03-12 13:00:00,-1.1676886056831977,stop,0.5963434402270782,5.062604522173202,held-out
ETHUSDT,-1,FAR,2026-03-12 23:00:00,-1.1557458555155866,stop,0.6420716600705453,4.907367611580154,held-out
ETHUSDT,-1,FAR,2026-03-31 14:00:00,-1.150679555818581,stop,0.6636600397229774,4.905949252410586,held-out
ETHUSDT,-1,FAR,2026-04-11 03:00:00,-1.1749404879565866,stop,0.5716229625746561,5.505649487457426,held-out
ETHUSDT,-1,FAR,2026-05-03 20:00:00,-1.3388455452768557,stop,0.2951197127832813,5.332292502284247,held-out
ETHUSDT,-1,FAR,2026-05-05 05:00:00,-1.1779923629493643,stop,0.5618218576515459,5.34373072461968,held-out
ETHUSDT,-1,FAR,2026-05-26 14:00:00,4.886894426019378,target,0.4321403344219039,4.979456949842826,held-out
ETHUSDT,-1,FAR,2026-06-11 06:00:00,-1.1536635308745378,stop,0.6507724990495461,4.773673560175538,held-out
ETHUSDT,-1,FAR,2026-06-11 17:00:00,-1.153885660342997,stop,0.6498331279022961,5.175526279065065,held-out
ETHUSDT,-1,FAR,2026-06-27 02:00:00,-1.1262575072868446,stop,0.7920321107940926,5.265405143685914,held-out
ETHUSDT,-1,FAR,2026-07-05 23:00:00,5.274303851716113,target,0.4907793877968431,5.355806867112835,held-out
ETHUSDT,-1,FAR,2026-07-11 15:00:00,-1.2582221623910739,stop,0.3872634288010933,5.589757712726899,held-out
ETHUSDT,-1,FAR,2026-07-22 15:00:00,4.453613214880181,target,0.4074606745894234,4.551782197789528,held-out
ETHUSDT,-1,FAR,2026-08-05 12:00:00,-1.3282472821623204,stop,0.30464837162170116,4.759936192936862,held-out
ETHUSDT,-1,FAR,2026-08-07 09:00:00,-1.3804812285538546,stop,0.26282505547010365,4.518958994120768,held-out
ETHUSDT,-1,FAR,2026-09-06 23:00:00,-1.236027213593379,stop,0.4236799582453114,5.550066058724217,held-out
SOLUSDT,1,MID,2022-01-10 12:00:00,-1.106829732274199,stop,0.936068993820287,2.4291745381427625,design
SOLUSDT,1,MID,2022-02-17 13:00:00,-1.0893688094859997,stop,1.1189586229820567,2.600204489294059,design
SOLUSDT,1,MID,2022-03-11 17:00:00,2.276092376706026,target,0.8695493813879381,2.322093214445861,design
SOLUSDT,1,MID,2022-04-21 19:00:00,-1.0998302777700317,stop,1.0017001077604857,2.5310826751969127,design
SOLUSDT,1,MID,2022-04-28 15:00:00,2.3456253197686134,target,0.7688492449037557,2.3976511236113516,design
SOLUSDT,1,MID,2022-04-29 04:00:00,-1.1358168876438421,stop,0.7362854629847937,2.3695521161609667,design
SOLUSDT,1,MID,2022-05-18 12:00:00,-1.066146657193352,stop,1.5117921939379653,2.5590177696072463,design
SOLUSDT,1,MID,2022-06-09 02:00:00,2.4987082021910076,target,1.2617329193390119,2.5304106325444575,design
SOLUSDT,1,MID,2022-06-26 17:00:00,2.342136410911925,target,1.2247250152825349,2.37479680365386,design
SOLUSDT,1,MID,2022-06-26 22:00:00,-1.0796152293588914,stop,1.256041096725572,2.4346554660445543,design
SOLUSDT,1,MID,2022-08-14 13:00:00,-1.1180828293971812,stop,0.8468631765558562,2.388501714045933,design
SOLUSDT,1,MID,2022-08-14 15:00:00,-1.1106274506483094,stop,0.9039347776159594,2.5292868989638,design
SOLUSDT,1,MID,2022-08-26 00:00:00,-1.1334992308416025,stop,0.7490679861567923,2.469385178846738,design
SOLUSDT,1,MID,2022-10-13 06:00:00,-1.1655309521550885,stop,0.6041166241000561,2.7743828565996274,design
SOLUSDT,1,MID,2022-11-17 13:00:00,-1.081853095010795,stop,1.2217009019245002,2.612779077875876,design
SOLUSDT,1,MID,2022-11-30 18:00:00,2.522636601743095,target,0.8793125107443887,2.5681266857703737,design
SOLUSDT,1,MID,2022-12-03 21:00:00,-1.190938625142918,stop,0.5237285013713167,2.6754461896749415,design
SOLUSDT,1,MID,2022-12-16 08:00:00,-1.1376254449337952,stop,0.7266098216656451,2.6090131741003764,design
SOLUSDT,1,MID,2022-12-24 00:00:00,-1.1655567695928057,stop,0.6040224162742153,2.7126557229748007,design
SOLUSDT,1,MID,2022-12-27 12:00:00,-1.171565556227251,stop,0.5828675766803845,2.6577749861377344,design
SOLUSDT,1,MID,2023-02-27 18:00:00,-1.1315361096090055,stop,0.7602475114799471,2.373373992591297,design
SOLUSDT,1,MID,2023-03-07 10:00:00,-1.1765671888001625,stop,0.5663566412283957,2.5820207964927544,design
SOLUSDT,1,MID,2023-04-02 14:00:00,-1.2046419978526208,stop,0.48865824732623064,2.4825390390824746,design
SOLUSDT,1,MID,2023-04-15 20:00:00,2.678105186094823,target,0.8610718756275244,2.724558915605904,design
SOLUSDT,1,MID,2023-04-25 02:00:00,-1.1215680471645852,stop,0.822584571623617,2.5677281262107283,design
SOLUSDT,1,MID,2023-04-30 20:00:00,-1.1374299316816625,stop,0.7276435255140504,2.604174462740877,design
SOLUSDT,1,MID,2023-05-17 08:00:00,2.4699496391238807,target,0.5682790995784657,2.5403375876331094,design
SOLUSDT,1,MID,2023-05-21 12:00:00,-1.3851694093965699,stop,0.25962601795575135,2.37486981080879,design
SOLUSDT,1,MID,2023-06-01 23:00:00,-1.2024069223775533,stop,0.4940542488634269,2.417272236313589,design
SOLUSDT,1,MID,2023-07-09 14:00:00,-1.1124899274159845,stop,0.8889684818641842,2.476688391657096,design
SOLUSDT,1,MID,2023-07-24 09:00:00,-1.1244018813616499,stop,0.8038463639411458,2.8243870815007797,design
SOLUSDT,1,MID,2023-07-28 05:00:00,2.4332992202290833,target,0.7715024406627413,2.4851461074089074,design
SOLUSDT,1,MID,2023-09-21 06:00:00,-1.16145972482267,stop,0.6193495009967925,2.404753876799344,design
SOLUSDT,1,MID,2023-09-27 15:00:00,2.493747812798966,target,0.6396315969733736,2.5562838103783116,design
SOLUSDT,1,MID,2023-10-05 17:00:00,2.436851013126451,target,0.9088417731911184,2.480863074609444,design
SOLUSDT,1,MID,2023-10-09 00:00:00,2.181284439647251,target,0.4417337794763762,2.27183671764468,design
SOLUSDT,1,MID,2023-10-09 07:00:00,-1.2369478426382365,stop,0.4220338066241709,2.3778830128934842,design
SOLUSDT,1,MID,2023-10-11 17:00:00,-1.1615685747329374,stop,0.6189322407856455,2.3453383074834884,design
SOLUSDT,1,MID,2023-10-12 01:00:00,-1.1586502436386295,stop,0.6303173427692815,2.5143132687592695,design
SOLUSDT,1,MID,2023-10-18 17:00:00,-1.1386680915620935,stop,0.7211464358779429,2.5886279290335525,design
SOLUSDT,1,MID,2023-11-05 18:00:00,-1.1034428980059576,stop,0.9667169223569192,2.387046130492203,design
SOLUSDT,1,MID,2023-11-26 14:00:00,-1.151943092466675,stop,0.658141139400152,2.6283075443618062,design
SOLUSDT,1,MID,2023-12-01 00:00:00,2.4729757906876286,target,0.8349882745583853,2.52088065500582,design
SOLUSDT,1,MID,2023-12-31 23:00:00,2.3150777566014336,target,0.9613395608469537,2.356686363621371,design
SOLUSDT,1,MID,2024-01-18 16:00:00,-1.091317051353852,stop,1.095085731716214,2.6641067971023658,design
SOLUSDT,1,MID,2024-02-03 13:00:00,-1.1387833357233486,stop,0.7205476037796099,2.5767181378904676,design
SOLUSDT,1,MID,2024-02-05 23:00:00,2.5211728152073105,target,0.7541885158870419,2.5742099526834146,design
SOLUSDT,1,MID,2024-02-12 02:00:00,-1.1811584446020074,stop,0.5520029729759112,2.310303542325034,design
SOLUSDT,1,MID,2024-02-21 13:00:00,-1.0780107101244554,stop,1.2818752686709773,2.841034674185333,design
SOLUSDT,1,MID,2024-02-26 09:00:00,-1.199415393554472,stop,0.501465800696495,2.2225502141281543,design
SOLUSDT,1,MID,2024-03-10 13:00:00,-1.1487713870224407,stop,0.6721722637762054,2.3167291863231836,design
SOLUSDT,1,MID,2024-04-04 21:00:00,-1.1016652020914808,stop,0.9836207270804186,2.554565627355235,design
SOLUSDT,1,MID,2024-04-12 12:00:00,-1.1622428435221623,stop,0.6163600059582288,2.3762096652239726,design
SOLUSDT,1,MID,2024-04-26 10:00:00,2.499381340759663,target,0.9500887024379996,2.5414826728746083,design
SOLUSDT,1,MID,2024-04-26 16:00:00,-1.103303635413249,stop,0.9680201437245323,2.4712709011996083,design
SOLUSDT,1,MID,2024-05-24 06:00:00,-1.0714547813274051,stop,1.3994864744152111,2.6866336822698145,design
SOLUSDT,1,MID,2024-06-07 17:00:00,-1.175911800537423,stop,0.5684666957787539,2.5906156470963304,design
SOLUSDT,1,MID,2024-06-11 01:00:00,-1.169804067554884,stop,0.5889140433439739,2.4584369404017634,design
SOLUSDT,1,MID,2024-06-20 15:00:00,-1.0918718828842706,stop,1.0884723036096717,2.579932245800425,design
SOLUSDT,1,MID,2024-07-11 15:00:00,-1.1246704904889013,stop,0.8021144346817376,2.539927584642819,design
SOLUSDT,1,MID,2024-08-11 12:00:00,-1.1525781529302332,stop,0.655401825749754,2.4745472534045625,design
SOLUSDT,1,MID,2024-09-06 16:00:00,-1.0939814264447028,stop,1.0640400319826873,2.5663672019472243,design
SOLUSDT,1,MID,2024-09-09 15:00:00,2.3309382275098534,target,0.6699657804251943,2.3906427693964765,design
SOLUSDT,1,MID,2024-09-11 05:00:00,-1.134143407694463,stop,0.745470848837902,2.592613555240832,design
SOLUSDT,1,MID,2024-10-01 14:00:00,-1.151708124332866,stop,0.6591604796364625,2.5133421426521845,design
SOLUSDT,1,MID,2024-10-09 13:00:00,-1.1860613776523383,stop,0.5374570545578417,2.3281814607411886,design
SOLUSDT,1,MID,2024-11-14 23:00:00,-1.0758738973190551,stop,1.3179763203607808,2.4660652023147587,design
SOLUSDT,1,MID,2024-11-19 22:00:00,-1.1032345907003192,stop,0.9686675688993727,2.4845195497764334,design
SOLUSDT,1,MID,2024-11-21 02:00:00,2.496370577480249,target,0.9635382474433964,2.53788423830911,design
SOLUSDT,1,MID,2024-12-14 16:00:00,-1.190725981628318,stop,0.5243124148385694,2.4460784605271435,design
SOLUSDT,1,MID,2024-12-23 01:00:00,2.3623605700313886,target,1.1061069318718844,2.3985234389615266,design
SOLUSDT,1,MID,2025-01-05 12:00:00,-1.2170176473266836,stop,0.46079201959768196,2.49618469977304,held-out
SOLUSDT,1,MID,2025-01-11 09:00:00,2.511953492845769,target,0.8303681543162819,2.5601248970501316,held-out
SOLUSDT,1,MID,2025-01-13 02:00:00,-1.1620807362037493,stop,0.6169764670509117,2.3790771601264953,held-out
SOLUSDT,1,MID,2025-01-13 04:00:00,-1.1450169229955425,stop,0.6895746919349113,2.439578050263432,held-out
SOLUSDT,1,MID,2025-01-21 04:00:00,2.7217067098221706,target,3.0577300672084005,2.7347883092834726,held-out
SOLUSDT,1,MID,2025-02-05 05:00:00,-1.0698505690314262,stop,1.4316275641936358,2.482905144282825,held-out
SOLUSDT,1,MID,2025-02-07 22:00:00,2.570387203927901,target,1.3043631106241933,2.601053511242325,held-out
SOLUSDT,1,MID,2025-03-18 01:00:00,-1.127764124709989,stop,0.7826923264021842,2.465575357828072,held-out
SOLUSDT,1,MID,2025-03-28 03:00:00,-1.1604068193819836,stop,0.6234148921179326,2.2768286280222676,held-out
SOLUSDT,1,MID,2025-04-02 02:00:00,2.5666999295317163,target,0.8373947429188505,2.6144671269475666,held-out
SOLUSDT,1,MID,2025-04-15 19:00:00,-1.1050768155504798,stop,0.9516847220399366,2.4550581152839914,held-out
SOLUSDT,1,MID,2025-04-15 22:00:00,-1.1024306086254743,stop,0.9762706806286634,2.575779892692137,held-out
SOLUSDT,1,MID,2025-04-30 01:00:00,2.401580788270111,target,0.6662876768896108,2.4616149167515644,held-out
SOLUSDT,1,MID,2025-05-06 10:00:00,-1.1751088294824097,stop,0.5710734307092459,2.561320006412977,held-out
SOLUSDT,1,MID,2025-05-16 22:00:00,-1.1265289800847844,stop,0.7903327754083848,2.35411187040877,held-out
SOLUSDT,1,MID,2025-05-29 16:00:00,-1.1646174793226098,stop,0.6074689055590784,2.4931157151983583,held-out
SOLUSDT,1,MID,2025-05-29 18:00:00,-1.1461045777719572,stop,0.6844412510885312,2.6070911535607606,held-out
SOLUSDT,1,MID,2025-06-26 13:00:00,-1.1552413691776942,stop,0.64415819397687,2.4999485321806287,held-out
SOLUSDT,1,MID,2025-06-26 15:00:00,-1.1382634392479092,stop,0.7232569979739759,2.5653902389507075,held-out
SOLUSDT,1,MID,2025-07-23 12:00:00,-1.1034444189757986,stop,0.9667027084699048,2.662962402289733,held-out
SOLUSDT,1,MID,2025-07-25 02:00:00,-1.085850694247331,stop,1.1648129450404408,2.582633529481972,held-out
SOLUSDT,1,MID,2025-08-11 12:00:00,-1.1254492990283362,stop,0.7971347849254401,2.612487153533131,held-out
SOLUSDT,1,MID,2025-08-25 06:00:00,-1.0924749945723327,stop,1.0813734076164934,2.2869555494929417,held-out
SOLUSDT,1,MID,2025-08-29 15:00:00,-1.0947397264720629,stop,1.0555234189903242,2.3221105623966816,held-out
SOLUSDT,1,MID,2025-09-01 20:00:00,-1.1301074927813215,stop,0.7685952427664963,2.633490238454173,held-out
SOLUSDT,1,MID,2025-09-24 03:00:00,-1.1321966916037445,stop,0.7564485826903062,2.3379543645265817,held-out
SOLUSDT,1,MID,2025-09-25 06:00:00,-1.0956718116960962,stop,1.0452399534112766,2.707980076900364,held-out
SOLUSDT,1,MID,2025-09-28 10:00:00,-1.2152713934300998,stop,0.4645299052819609,2.4228825187000123,held-out
SOLUSDT,1,MID,2025-10-28 19:00:00,-1.1365758658924692,stop,0.7321937836274339,2.3878278240342947,held-out
SOLUSDT,1,MID,2025-10-30 04:00:00,2.541758348264866,target,1.0022893490791698,2.581666983467614,held-out
SOLUSDT,1,MID,2025-11-03 03:00:00,-1.1607805041414867,stop,0.6219659562206632,2.509651736940012,held-out
SOLUSDT,1,MID,2025-11-17 17:00:00,-1.0838102045015252,stop,1.193172127365231,2.5160284164022135,held-out
SOLUSDT,1,MID,2025-12-23 05:00:00,-1.1695282208515119,stop,0.5898722908653008,2.4914221357632176,held-out
SOLUSDT,1,MID,2025-12-23 12:00:00,-1.1679685871711247,stop,0.5953494143409152,2.708669349171847,held-out
SOLUSDT,1,MID,2026-02-10 14:00:00,-1.0987966360449661,stop,1.0121802118291374,2.761091466712148,held-out
SOLUSDT,1,MID,2026-02-17 15:00:00,2.5850587941362426,target,0.9420288046932618,2.6275203407478926,held-out
SOLUSDT,1,MID,2026-03-29 00:00:00,2.398358765412069,target,0.5124614889527052,2.4764134111996894,held-out
SOLUSDT,1,MID,2026-05-04 00:00:00,-1.3501594758753999,stop,0.2855841606171007,2.325501601628381,held-out
SOLUSDT,1,MID,2026-05-07 21:00:00,2.3521937253345877,target,0.5584505676193307,2.4238204767774585,held-out
SOLUSDT,1,MID,2026-05-26 01:00:00,2.582799231113138,target,0.5045475250016148,2.6620781850627626,held-out
SOLUSDT,1,MID,2026-05-26 16:00:00,-1.1890043107927326,stop,0.5290884614248972,2.3997123521599764,held-out
SOLUSDT,1,MID,2026-06-01 07:00:00,-1.2133330689587443,stop,0.46875058090191674,2.401862008704778,held-out
SOLUSDT,1,MID,2026-06-17 08:00:00,-1.143159012347946,stop,0.6985239584983404,2.6492676533973856,held-out
SOLUSDT,1,MID,2026-06-22 19:00:00,-1.1567955365169957,stop,0.6377732569521233,2.3245290964643552,held-out
SOLUSDT,1,MID,2026-07-13 04:00:00,-1.1676313017221942,stop,0.5965472973879565,2.6297884036864922,held-out
SOLUSDT,1,MID,2026-07-23 12:00:00,-1.261425914992616,stop,0.3825175480511354,2.506383067882807,held-out
SOLUSDT,1,MID,2026-08-14 14:00:00,-1.3264739533914618,stop,0.3063031490297605,2.6377526665339137,held-out
SOLUSDT,-1,MID,2022-01-08 22:00:00,2.4475096412646864,target,1.6681491820271195,2.471488312016059,design
SOLUSDT,-1,MID,2022-03-02 03:00:00,-1.0690302909160663,stop,1.4486394113794125,2.545880471179157,design
SOLUSDT,-1,MID,2022-03-22 04:00:00,-1.1191994443874773,stop,0.8389300848998398,2.617844431747233,design
SOLUSDT,-1,MID,2022-03-30 14:00:00,-1.0770562864855024,stop,1.2977526501853194,2.585879627264702,design
SOLUSDT,-1,MID,2022-04-16 10:00:00,-1.1889029042380717,stop,0.5293724858458048,2.47514480566196,design
SOLUSDT,-1,MID,2022-05-28 15:00:00,-1.0742028961931755,stop,1.3476562928172757,2.5259392071679017,design
SOLUSDT,-1,MID,2022-06-09 09:00:00,-1.093209581170765,stop,1.0728510818731665,2.489982918724034,design
SOLUSDT,-1,MID,2022-06-23 08:00:00,-1.0675831646129303,stop,1.4796584411625406,2.3817203683225943,design
SOLUSDT,-1,MID,2022-07-04 11:00:00,-1.119548270202222,stop,0.8364821994567126,2.4550376288671876,design
SOLUSDT,-1,MID,2022-07-18 04:00:00,-1.0826401824701226,stop,1.2100650919563685,2.5945409262143007,design
SOLUSDT,-1,MID,2022-08-24 19:00:00,2.604865602384712,target,0.8714332763253742,2.65076699390452,design
SOLUSDT,-1,MID,2022-09-12 08:00:00,-1.0994912966379133,stop,1.0051130438468214,2.49321206854447,design
SOLUSDT,-1,MID,2022-09-15 07:00:00,-1.1060661805332213,stop,0.9428075895377301,2.2153200099701436,design
SOLUSDT,-1,MID,2022-11-30 21:00:00,-1.1164936605794484,stop,0.8584158099470154,2.420996842753731,design
SOLUSDT,-1,MID,2023-05-15 03:00:00,-1.1881606373553977,stop,0.5314607848139888,2.4127707599786863,design
SOLUSDT,-1,MID,2023-05-17 19:00:00,-1.185598456871815,stop,0.5387975831559082,2.434540853411003,design
SOLUSDT,-1,MID,2023-08-12 19:00:00,-1.2874305624825446,stop,0.3479101148336404,2.500805667293562,design
SOLUSDT,-1,MID,2023-09-20 17:00:00,-1.1731651204824947,stop,0.5774835008422439,2.314313717140277,design
SOLUSDT,-1,MID,2023-09-28 02:00:00,2.547906218272678,target,0.5910709310630241,2.6155799912461877,design
SOLUSDT,-1,MID,2023-10-06 16:00:00,-1.1224432970247429,stop,0.816704567991112,2.3901513529124463,design
SOLUSDT,-1,MID,2023-11-15 07:00:00,-1.0501166971104976,stop,1.9953429847844788,2.66819614418201,design
SOLUSDT,-1,MID,2023-11-18 19:00:00,2.5279788776366474,target,1.4653073214955328,2.5552769054381974,design
SOLUSDT,-1,MID,2023-12-01 09:00:00,-1.1251351871981403,stop,0.7991357366306493,2.527571788983438,design
SOLUSDT,-1,MID,2023-12-20 07:00:00,-1.0978408730168103,stop,1.0220677403687783,2.4286512966398877,design
SOLUSDT,-1,MID,2023-12-25 14:00:00,-1.0691481291889124,stop,1.4461707232425665,2.485948735791672,design
SOLUSDT,-1,MID,2024-01-01 01:00:00,2.3119966141979003,target,0.9201436722364408,2.3554680863243984,design
SOLUSDT,-1,MID,2024-01-01 10:00:00,-1.1069553196557667,stop,0.9349698577111237,2.3181165006668296,design
SOLUSDT,-1,MID,2024-01-01 15:00:00,-1.1010944350642187,stop,0.9891741314591309,2.515760001598093,design
SOLUSDT,-1,MID,2024-01-29 15:00:00,-1.1061286687419494,stop,0.9422524675509586,2.5726600328376947,design
SOLUSDT,-1,MID,2024-02-11 12:00:00,2.3189237616661105,target,0.6073887222111036,2.384779446069315,design
SOLUSDT,-1,MID,2024-03-29 02:00:00,2.530099316727045,target,0.8944425116239583,2.5748199102589595,design
SOLUSDT,-1,MID,2024-03-29 22:00:00,-1.1337804646294183,stop,0.7474932926642718,2.3250991832659924,design
SOLUSDT,-1,MID,2024-03-31 19:00:00,-1.1887100143630593,stop,0.5299135837465938,2.3323325513581046,design
SOLUSDT,-1,MID,2024-04-19 08:00:00,-1.0491155732961797,stop,2.0360141048741127,2.6163538240932063,design
SOLUSDT,-1,MID,2024-04-24 04:00:00,2.3790191250265478,target,0.784585608945198,2.4300014519312896,design
SOLUSDT,-1,MID,2024-05-28 13:00:00,-1.1266544101618834,stop,0.7895500825607646,2.497109145432178,design
SOLUSDT,-1,MID,2024-05-29 03:00:00,-1.1310256209333391,stop,0.7632095103817617,2.529193926419635,design
SOLUSDT,-1,MID,2024-06-04 14:00:00,-1.2235583889675465,stop,0.44731043402945947,2.4507189377862817,design
SOLUSDT,-1,MID,2024-06-10 16:00:00,2.4460510167427856,target,0.5790729793240121,2.515126938825516,design
SOLUSDT,-1,MID,2024-06-16 11:00:00,-1.2570508906187021,stop,0.3890280238255839,2.2194596580444723,design
SOLUSDT,-1,MID,2024-07-02 11:00:00,-1.2057951165552392,stop,0.48592017961299977,2.245908375026088,design
SOLUSDT,-1,MID,2024-07-19 03:00:00,-1.137303548617431,stop,0.7283132956645577,2.3619473399274686,design
SOLUSDT,-1,MID,2024-07-19 05:00:00,-1.1288033665550976,stop,0.7763772226964543,2.406124807449949,design
SOLUSDT,-1,MID,2024-08-08 07:00:00,-1.0650069737128705,stop,1.5382964978756042,2.514958397279998,design
SOLUSDT,-1,MID,2024-08-14 12:00:00,-1.1320828203191122,stop,0.7571007323919939,2.444502005503578,design
SOLUSDT,-1,MID,2024-09-09 16:00:00,-1.1534333646234411,stop,0.6517487265264748,2.3811872031871566,design
SOLUSDT,-1,MID,2024-09-29 18:00:00,-1.2500585579498633,stop,0.3999063292208938,2.232199901535676,design
SOLUSDT,-1,MID,2024-10-06 13:00:00,-1.2333318754665157,stop,0.42857410630272197,2.4988947456616146,design
SOLUSDT,-1,MID,2024-10-23 19:00:00,-1.1291404021334843,stop,0.7743510036203561,2.2635450292892467,design
SOLUSDT,-1,MID,2024-10-28 19:00:00,-1.1657885987742291,stop,0.6031777862854124,2.287818574355586,design
SOLUSDT,-1,MID,2024-11-10 04:00:00,-1.1294026200497747,stop,0.7727818800078006,2.551180856772005,design
SOLUSDT,-1,MID,2024-11-11 10:00:00,-1.0822688694163025,stop,1.2155266106061715,2.639605787871659,design
SOLUSDT,-1,MID,2024-11-19 11:00:00,2.525631869903565,target,0.9532929845705674,2.567591687763778,design
SOLUSDT,-1,MID,2024-11-21 10:00:00,-1.10647223539508,stop,0.939211989200152,2.443441951313969,design
SOLUSDT,-1,MID,2024-11-23 05:00:00,2.284677154845675,target,0.8422577639279241,2.332168554406609,design
SOLUSDT,-1,MID,2024-12-23 03:00:00,2.271315893543639,target,1.056600452449684,2.309173155394381,design
SOLUSDT,-1,MID,2025-01-13 00:00:00,2.467066188999317,target,0.5552248286002791,2.5391090767441606,held-out
SOLUSDT,-1,MID,2025-03-06 08:00:00,-1.0886448431043638,stop,1.1280972078913547,2.488193150025576,held-out
SOLUSDT,-1,MID,2025-03-23 08:00:00,-1.1977923356108213,stop,0.5055807632342298,2.5707449736577677,held-out
SOLUSDT,-1,MID,2025-03-30 19:00:00,2.1853059548858695,target,0.6232545857962534,2.2494851858319156,held-out
SOLUSDT,-1,MID,2025-04-01 08:00:00,-1.1499871365778411,stop,0.6667238423349819,2.3846380666243854,held-out
SOLUSDT,-1,MID,2025-04-02 19:00:00,-1.1057252221499958,stop,0.9458480953402666,2.6770171016515185,held-out
SOLUSDT,-1,MID,2025-04-04 15:00:00,-1.087552073033121,stop,1.1421774098046784,2.537529892190053,held-out
SOLUSDT,-1,MID,2025-05-05 22:00:00,2.402521208888212,target,0.5836205697862737,2.4710588891393526,held-out
SOLUSDT,-1,MID,2025-05-22 00:00:00,-1.0939483191581094,stop,1.0644149985451685,2.4674316329831467,held-out
SOLUSDT,-1,MID,2025-06-19 22:00:00,2.3504404468418505,target,0.5601792741032091,2.421846158993618,held-out
SOLUSDT,-1,MID,2025-06-20 07:00:00,-1.1848526252472982,stop,0.5409714894025377,2.5078364570248013,held-out
SOLUSDT,-1,MID,2025-06-25 13:00:00,-1.166426880475626,stop,0.6008644740213435,2.346273414973583,held-out
SOLUSDT,-1,MID,2025-07-06 07:00:00,2.2166622242960035,target,0.32238347959684305,2.340738061091431,held-out
SOLUSDT,-1,MID,2025-09-10 05:00:00,-1.1560690226587675,stop,0.6407421427802624,2.5668074447053866,held-out
SOLUSDT,-1,MID,2025-09-17 21:00:00,-1.1424692823317137,stop,0.701905690569622,2.3673519828681244,held-out
SOLUSDT,-1,MID,2025-10-20 04:00:00,-1.1274057064052005,stop,0.7848941999658975,2.4232248475019786,held-out
SOLUSDT,-1,MID,2025-11-24 17:00:00,-1.1219347833541626,stop,0.8201105316236758,2.3003639550778203,held-out
SOLUSDT,-1,MID,2026-01-13 14:00:00,-1.1464332441103617,stop,0.682905037087298,2.6812782519964453,held-out
SOLUSDT,-1,MID,2026-01-21 19:00:00,-1.1208897852699622,stop,0.8271997487354888,2.6194170303401987,held-out
SOLUSDT,-1,MID,2026-03-13 00:00:00,-1.142570304385259,stop,0.7014083362673907,2.4250133285772093,held-out
SOLUSDT,-1,MID,2026-04-22 02:00:00,-1.1987431558501722,stop,0.5031619809609325,2.3675193558659604,held-out
SOLUSDT,-1,MID,2026-05-04 01:00:00,-1.3201038173413946,stop,0.3123986487588455,2.4458455999106516,held-out
SOLUSDT,-1,MID,2026-05-29 16:00:00,2.492727982136254,target,0.6109883041181535,2.558195683777012,held-out
SOLUSDT,-1,MID,2026-05-30 01:00:00,-1.1697117972664848,stop,0.5892342289144349,2.636204381186615,held-out
SOLUSDT,-1,MID,2026-06-13 21:00:00,-1.1881534480860028,stop,0.5314810917219603,2.6888863160668017,held-out
SOLUSDT,-1,MID,2026-07-06 17:00:00,-1.156650352919522,stop,0.6383643454118124,2.44199795076103,held-out
SOLUSDT,-1,MID,2026-07-20 15:00:00,-1.2154724836564026,stop,0.46409638160324157,2.266456685220906,held-out
SOLUSDT,-1,MID,2026-08-05 02:00:00,2.099082273613764,target,0.34766594800042294,2.2141352439436375,held-out
SOLUSDT,-1,MID,2026-08-05 16:00:00,-1.295956510208773,stop,0.33788748194610846,2.213175608614291,held-out
SOLUSDT,1,FAR,2022-01-10 12:00:00,-1.106829732274199,stop,0.936068993820287,4.858349076285525,design
SOLUSDT,1,FAR,2022-02-17 13:00:00,-1.0893688094859997,stop,1.1189586229820567,5.200408978588118,design
SOLUSDT,1,FAR,2022-03-11 17:00:00,0.5826605422309512,time,0.8695493813879381,4.644186428891742,design
SOLUSDT,1,FAR,2022-04-21 19:00:00,-1.0998302777700317,stop,1.0017001077604857,5.062165350393825,design
SOLUSDT,1,FAR,2022-04-28 15:00:00,-1.130064509606845,stop,0.7688492449037557,4.795302247222703,design
SOLUSDT,1,FAR,2022-05-18 12:00:00,-1.066146657193352,stop,1.5117921939379653,5.118035539214501,design
SOLUSDT,1,FAR,2022-06-09 02:00:00,5.029118834735465,target,1.2617329193390119,5.060821265088915,design
SOLUSDT,1,FAR,2022-06-26 17:00:00,-1.0816509818548377,stop,1.2247250152825349,4.74959360730772,design
SOLUSDT,1,FAR,2022-08-14 13:00:00,-1.1180828293971812,stop,0.8468631765558562,4.777003428091866,design
SOLUSDT,1,FAR,2022-08-14 15:00:00,-1.1106274506483094,stop,0.9039347776159594,5.058573797927617,design
SOLUSDT,1,FAR,2022-08-26 00:00:00,-1.1334992308416025,stop,0.7490679861567923,4.938770357693476,design
SOLUSDT,1,FAR,2022-10-13 06:00:00,-1.1655309521550885,stop,0.6041166241000561,5.548765713199235,design
SOLUSDT,1,FAR,2022-11-17 13:00:00,-1.081853095010795,stop,1.2217009019245002,5.225558155751752,design
SOLUSDT,1,FAR,2022-11-30 18:00:00,5.090763287513468,target,0.8793125107443887,5.1362533715407475,design
SOLUSDT,1,FAR,2022-12-03 21:00:00,-1.190938625142918,stop,0.5237285013713167,5.350892379349857,design
SOLUSDT,1,FAR,2022-12-16 08:00:00,-1.1376254449337952,stop,0.7266098216656451,5.218026348200753,design
SOLUSDT,1,FAR,2022-12-24 00:00:00,-1.1655567695928057,stop,0.6040224162742153,5.4253114459496015,design
SOLUSDT,1,FAR,2022-12-27 12:00:00,-1.171565556227251,stop,0.5828675766803845,5.315549972275469,design
SOLUSDT,1,FAR,2023-02-27 18:00:00,-1.1315361096090055,stop,0.7602475114799471,4.746747985182574,design
SOLUSDT,1,FAR,2023-03-07 10:00:00,-1.1765671888001625,stop,0.5663566412283957,5.164041592985509,design
SOLUSDT,1,FAR,2023-04-02 14:00:00,-1.2046419978526208,stop,0.48865824732623064,4.965078078164984,design
SOLUSDT,1,FAR,2023-04-15 20:00:00,5.4026641017007275,target,0.8610718756275244,5.449117831211808,design
SOLUSDT,1,FAR,2023-04-25 02:00:00,-1.1215680471645852,stop,0.822584571623617,5.135456252421457,design
SOLUSDT,1,FAR,2023-04-30 20:00:00,-1.1374299316816625,stop,0.7276435255140504,5.208348925481754,design
SOLUSDT,1,FAR,2023-05-17 08:00:00,5.01028722675699,target,0.5682790995784657,5.080675175266219,design
SOLUSDT,1,FAR,2023-05-21 12:00:00,-1.3851694093965699,stop,0.25962601795575135,4.74973962161758,design
SOLUSDT,1,FAR,2023-06-01 23:00:00,-1.2024069223775533,stop,0.4940542488634269,4.834544472627178,design
SOLUSDT,1,FAR,2023-07-09 14:00:00,-1.1124899274159845,stop,0.8889684818641842,4.953376783314192,design
SOLUSDT,1,FAR,2023-07-24 09:00:00,-1.1244018813616499,stop,0.8038463639411458,5.648774163001542,design
SOLUSDT,1,FAR,2023-07-28 05:00:00,2.2761495318878677,time,0.7715024406627413,4.970292214817815,design
SOLUSDT,1,FAR,2023-09-21 06:00:00,-1.16145972482267,stop,0.6193495009967925,4.809507753598688,design
SOLUSDT,1,FAR,2023-09-27 15:00:00,5.0500316231772775,target,0.6396315969733736,5.112567620756623,design
SOLUSDT,1,FAR,2023-10-05 17:00:00,4.917714087735895,target,0.9088417731911184,4.961726149218888,design
SOLUSDT,1,FAR,2023-10-09 00:00:00,-1.2263806949935736,stop,0.4417337794763762,4.5436734352893255,design
SOLUSDT,1,FAR,2023-10-11 17:00:00,-1.1615685747329374,stop,0.6189322407856455,4.690676614966977,design
SOLUSDT,1,FAR,2023-10-12 01:00:00,-1.1586502436386295,stop,0.6303173427692815,5.028626537518539,design
SOLUSDT,1,FAR,2023-10-18 17:00:00,-1.1386680915620935,stop,0.7211464358779429,5.1772558580671255,design
SOLUSDT,1,FAR,2023-11-05 18:00:00,-1.1034428980059576,stop,0.9667169223569192,4.774092260984424,design
SOLUSDT,1,FAR,2023-11-26 14:00:00,-1.151943092466675,stop,0.658141139400152,5.256615088723594,design
SOLUSDT,1,FAR,2023-12-01 00:00:00,4.993856445693433,target,0.8349882745583853,5.0417613100116245,design
SOLUSDT,1,FAR,2023-12-31 23:00:00,4.671764120222805,target,0.9613395608469537,4.713372727242742,design
SOLUSDT,1,FAR,2024-01-18 16:00:00,-1.091317051353852,stop,1.095085731716214,5.3282135942047315,design
SOLUSDT,1,FAR,2024-02-03 13:00:00,-1.1387833357233486,stop,0.7205476037796099,5.153436275780935,design
SOLUSDT,1,FAR,2024-02-05 23:00:00,-1.1325928436902604,stop,0.7541885158870419,5.148419905366829,design
SOLUSDT,1,FAR,2024-02-12 02:00:00,-1.1811584446020074,stop,0.5520029729759112,4.620607084650068,design
SOLUSDT,1,FAR,2024-02-21 13:00:00,-1.0780107101244554,stop,1.2818752686709773,5.682069348370666,design
SOLUSDT,1,FAR,2024-02-26 09:00:00,-1.199415393554472,stop,0.501465800696495,4.445100428256309,design
SOLUSDT,1,FAR,2024-03-10 13:00:00,-1.1487713870224407,stop,0.6721722637762054,4.633458372646367,design
SOLUSDT,1,FAR,2024-04-04 21:00:00,-1.1016652020914808,stop,0.9836207270804186,5.10913125471047,design
SOLUSDT,1,FAR,2024-04-12 12:00:00,-1.1622428435221623,stop,0.6163600059582288,4.752419330447945,design
SOLUSDT,1,FAR,2024-04-26 10:00:00,-1.1052533302873642,stop,0.9500887024379996,5.082965345749196,design
SOLUSDT,1,FAR,2024-05-24 06:00:00,-1.0714547813274051,stop,1.3994864744152111,5.373267364539629,design
SOLUSDT,1,FAR,2024-06-07 17:00:00,-1.175911800537423,stop,0.5684666957787539,5.181231294192661,design
SOLUSDT,1,FAR,2024-06-11 01:00:00,-1.169804067554884,stop,0.5889140433439739,4.916873880803557,design
SOLUSDT,1,FAR,2024-06-20 15:00:00,-1.0918718828842706,stop,1.0884723036096717,5.15986449160085,design
SOLUSDT,1,FAR,2024-07-11 15:00:00,-1.1246704904889013,stop,0.8021144346817376,5.079855169285663,design
SOLUSDT,1,FAR,2024-08-11 12:00:00,-1.1525781529302332,stop,0.655401825749754,4.949094506809153,design
SOLUSDT,1,FAR,2024-09-06 16:00:00,-1.0939814264447028,stop,1.0640400319826873,5.132734403894449,design
SOLUSDT,1,FAR,2024-09-09 15:00:00,4.72158099690633,target,0.6699657804251943,4.781285538792953,design
SOLUSDT,1,FAR,2024-09-11 05:00:00,-1.134143407694463,stop,0.745470848837902,5.185227110481664,design
SOLUSDT,1,FAR,2024-10-01 14:00:00,-1.151708124332866,stop,0.6591604796364625,5.026684285304369,design
SOLUSDT,1,FAR,2024-10-09 13:00:00,-1.1860613776523383,stop,0.5374570545578417,4.656362921482377,design
SOLUSDT,1,FAR,2024-11-14 23:00:00,-1.0758738973190551,stop,1.3179763203607808,4.932130404629517,design
SOLUSDT,1,FAR,2024-11-19 22:00:00,-1.1032345907003192,stop,0.9686675688993727,4.969039099552867,design
SOLUSDT,1,FAR,2024-11-21 02:00:00,5.034254815789372,target,0.9635382474433964,5.075768476618233,design
SOLUSDT,1,FAR,2024-12-14 16:00:00,-1.190725981628318,stop,0.5243124148385694,4.892156921054311,design
SOLUSDT,1,FAR,2024-12-23 01:00:00,4.760884008992916,target,1.1061069318718844,4.797046877923053,design
SOLUSDT,1,FAR,2025-01-05 12:00:00,-1.2170176473266836,stop,0.46079201959768196,4.992369399546051,held-out
SOLUSDT,1,FAR,2025-01-11 09:00:00,-1.120428510510906,stop,0.8303681543162819,5.120249794100263,held-out
SOLUSDT,1,FAR,2025-01-21 04:00:00,1.682172364148381,time,3.0577300672084005,5.469576618566945,held-out
SOLUSDT,1,FAR,2025-02-05 05:00:00,-1.0698505690314262,stop,1.4316275641936358,4.96581028856564,held-out
SOLUSDT,1,FAR,2025-02-07 22:00:00,5.171440715170237,target,1.3043631106241933,5.202107022484662,held-out
SOLUSDT,1,FAR,2025-03-18 01:00:00,-1.127764124709989,stop,0.7826923264021842,4.93115071565613,held-out
SOLUSDT,1,FAR,2025-03-28 03:00:00,-1.1604068193819836,stop,0.6234148921179326,4.553657256044502,held-out
SOLUSDT,1,FAR,2025-04-02 02:00:00,5.181167056479255,target,0.8373947429188505,5.228934253895106,held-out
SOLUSDT,1,FAR,2025-04-15 19:00:00,-1.1050768155504798,stop,0.9516847220399366,4.910116230567959,held-out
SOLUSDT,1,FAR,2025-04-15 22:00:00,-1.1024306086254743,stop,0.9762706806286634,5.151559785384274,held-out
SOLUSDT,1,FAR,2025-04-30 01:00:00,-1.1500853212036335,stop,0.6662876768896108,4.9232298335030995,held-out
SOLUSDT,1,FAR,2025-05-06 10:00:00,-1.1751088294824097,stop,0.5710734307092459,5.1226400128259195,held-out
SOLUSDT,1,FAR,2025-05-16 22:00:00,-1.1265289800847844,stop,0.7903327754083848,4.70822374081754,held-out
SOLUSDT,1,FAR,2025-05-29 16:00:00,-1.1646174793226098,stop,0.6074689055590784,4.986231430396717,held-out
SOLUSDT,1,FAR,2025-05-29 18:00:00,-1.1461045777719572,stop,0.6844412510885312,5.214182307121546,held-out
SOLUSDT,1,FAR,2025-06-26 13:00:00,-1.1552413691776942,stop,0.64415819397687,4.9998970643612575,held-out
SOLUSDT,1,FAR,2025-06-26 15:00:00,-1.1382634392479092,stop,0.7232569979739759,5.1307804779014425,held-out
SOLUSDT,1,FAR,2025-07-23 12:00:00,-1.1034444189757986,stop,0.9667027084699048,5.325924804579466,held-out
SOLUSDT,1,FAR,2025-07-25 02:00:00,-1.085850694247331,stop,1.1648129450404408,5.165267058963944,held-out
SOLUSDT,1,FAR,2025-08-11 12:00:00,-1.1254492990283362,stop,0.7971347849254401,5.224974307066262,held-out
SOLUSDT,1,FAR,2025-08-25 06:00:00,-1.0924749945723327,stop,1.0813734076164934,4.573911098985883,held-out
SOLUSDT,1,FAR,2025-08-29 15:00:00,-1.0947397264720629,stop,1.0555234189903242,4.64422112479335,held-out
SOLUSDT,1,FAR,2025-09-01 20:00:00,-1.1301074927813215,stop,0.7685952427664963,5.266980476908346,held-out
SOLUSDT,1,FAR,2025-09-24 03:00:00,-1.1321966916037445,stop,0.7564485826903062,4.675908729053163,held-out
SOLUSDT,1,FAR,2025-09-25 06:00:00,-1.0956718116960962,stop,1.0452399534112766,5.4159601538007145,held-out
SOLUSDT,1,FAR,2025-09-28 10:00:00,-1.2152713934300998,stop,0.4645299052819609,4.845765037400055,held-out
SOLUSDT,1,FAR,2025-10-28 19:00:00,-1.1365758658924692,stop,0.7321937836274339,4.775655648068589,held-out
SOLUSDT,1,FAR,2025-10-30 04:00:00,-1.0997715880068692,stop,1.0022893490791698,5.163333966935228,held-out
SOLUSDT,1,FAR,2025-11-03 03:00:00,-1.1607805041414867,stop,0.6219659562206632,5.019303473880024,held-out
SOLUSDT,1,FAR,2025-11-17 17:00:00,-1.0838102045015252,stop,1.193172127365231,5.032056832804427,held-out
SOLUSDT,1,FAR,2025-12-23 05:00:00,-1.1695282208515119,stop,0.5898722908653008,4.982844271526416,held-out
SOLUSDT,1,FAR,2025-12-23 12:00:00,-1.1679685871711247,stop,0.5953494143409152,5.417338698343674,held-out
SOLUSDT,1,FAR,2026-02-10 14:00:00,-1.0987966360449661,stop,1.0121802118291374,5.522182933424279,held-out
SOLUSDT,1,FAR,2026-02-17 15:00:00,-1.1061538665291253,stop,0.9420288046932618,5.2550406814957675,held-out
SOLUSDT,1,FAR,2026-03-29 00:00:00,-1.1951366144690514,stop,0.5124614889527052,4.952826822399345,held-out
SOLUSDT,1,FAR,2026-05-04 00:00:00,-1.3501594758753999,stop,0.2855841606171007,4.651003203256702,held-out
SOLUSDT,1,FAR,2026-05-07 21:00:00,4.776014202112046,target,0.5584505676193307,4.847640953554917,held-out
SOLUSDT,1,FAR,2026-05-26 01:00:00,-1.198197384874061,stop,0.5045475250016148,5.324156370125525,held-out
SOLUSDT,1,FAR,2026-06-01 07:00:00,-1.2133330689587443,stop,0.46875058090191674,4.803724017409519,held-out
SOLUSDT,1,FAR,2026-06-17 08:00:00,-1.143159012347946,stop,0.6985239584983404,5.2985353067948,held-out
SOLUSDT,1,FAR,2026-06-22 19:00:00,-1.1567955365169957,stop,0.6377732569521233,4.6490581929287105,held-out
SOLUSDT,1,FAR,2026-07-13 04:00:00,-1.1676313017221942,stop,0.5965472973879565,5.2595768073729845,held-out
SOLUSDT,1,FAR,2026-07-23 12:00:00,-1.261425914992616,stop,0.3825175480511354,5.012766135765614,held-out
SOLUSDT,1,FAR,2026-08-14 14:00:00,-1.3264739533914618,stop,0.3063031490297605,5.275505333067827,held-out
SOLUSDT,-1,FAR,2022-01-08 22:00:00,4.918997953280746,target,1.6681491820271195,4.942976624032118,design
SOLUSDT,-1,FAR,2022-03-02 03:00:00,-1.0690302909160663,stop,1.4486394113794125,5.091760942358314,design
SOLUSDT,-1,FAR,2022-03-22 04:00:00,-1.1191994443874773,stop,0.8389300848998398,5.2356888634944845,design
SOLUSDT,-1,FAR,2022-03-30 14:00:00,-1.0770562864855024,stop,1.2977526501853194,5.171759254529404,design
SOLUSDT,-1,FAR,2022-04-16 10:00:00,-1.1889029042380717,stop,0.5293724858458048,4.9502896113238934,design
SOLUSDT,-1,FAR,2022-05-28 15:00:00,-1.0742028961931755,stop,1.3476562928172757,5.051878414335792,design
SOLUSDT,-1,FAR,2022-06-09 09:00:00,-1.093209581170765,stop,1.0728510818731665,4.979965837448068,design
SOLUSDT,-1,FAR,2022-06-23 08:00:00,-1.0675831646129303,stop,1.4796584411625406,4.7634407366451885,design
SOLUSDT,-1,FAR,2022-07-04 11:00:00,-1.119548270202222,stop,0.8364821994567126,4.91007525773435,design
SOLUSDT,-1,FAR,2022-07-18 04:00:00,-1.0826401824701226,stop,1.2100650919563685,5.189081852428601,design
SOLUSDT,-1,FAR,2022-08-24 19:00:00,5.255632596289232,target,0.8714332763253742,5.30153398780904,design
SOLUSDT,-1,FAR,2022-09-12 08:00:00,-1.0994912966379133,stop,1.0051130438468214,4.986424137088959,design
SOLUSDT,-1,FAR,2022-09-15 07:00:00,-1.1060661805332213,stop,0.9428075895377301,4.430640019940266,design
SOLUSDT,-1,FAR,2022-11-30 21:00:00,-1.1164936605794484,stop,0.8584158099470154,4.841993685507462,design
SOLUSDT,-1,FAR,2023-05-15 03:00:00,-1.1881606373553977,stop,0.5314607848139888,4.825541519957373,design
SOLUSDT,-1,FAR,2023-05-17 19:00:00,-1.185598456871815,stop,0.5387975831559082,4.869081706822006,design
SOLUSDT,-1,FAR,2023-08-12 19:00:00,-1.2874305624825446,stop,0.3479101148336404,5.001611334587124,design
SOLUSDT,-1,FAR,2023-09-20 17:00:00,-1.1731651204824947,stop,0.5774835008422439,4.628627434280523,design
SOLUSDT,-1,FAR,2023-09-28 02:00:00,-1.169184432433774,stop,0.5910709310630241,5.231159982492375,design
SOLUSDT,-1,FAR,2023-10-06 16:00:00,-1.1224432970247429,stop,0.816704567991112,4.780302705824893,design
SOLUSDT,-1,FAR,2023-11-15 07:00:00,-1.0501166971104976,stop,1.9953429847844788,5.33639228836402,design
SOLUSDT,-1,FAR,2023-11-18 19:00:00,-1.0682450695038752,stop,1.4653073214955328,5.110553810876395,design
SOLUSDT,-1,FAR,2023-12-01 09:00:00,-1.1251351871981403,stop,0.7991357366306493,5.0551435779668905,design
SOLUSDT,-1,FAR,2023-12-20 07:00:00,-1.0978408730168103,stop,1.0220677403687783,4.857302593279775,design
SOLUSDT,-1,FAR,2023-12-25 14:00:00,-1.0691481291889124,stop,1.4461707232425665,4.971897471583344,design
SOLUSDT,-1,FAR,2024-01-01 01:00:00,-1.1086786803162452,stop,0.9201436722364408,4.710936172648797,design
SOLUSDT,-1,FAR,2024-01-01 15:00:00,-1.1010944350642187,stop,0.9891741314591309,5.031520003196186,design
SOLUSDT,-1,FAR,2024-01-29 15:00:00,-1.1061286687419494,stop,0.9422524675509586,5.145320065675374,design
SOLUSDT,-1,FAR,2024-02-11 12:00:00,4.703703207735425,target,0.6073887222111036,4.76955889213863,design
SOLUSDT,-1,FAR,2024-03-29 02:00:00,-1.111801483829787,stop,0.8944425116239583,5.149639820517919,design
SOLUSDT,-1,FAR,2024-03-31 19:00:00,-1.1887100143630593,stop,0.5299135837465938,4.6646651027161825,design
SOLUSDT,-1,FAR,2024-04-19 08:00:00,-1.0491155732961797,stop,2.0360141048741127,5.2327076481864125,design
SOLUSDT,-1,FAR,2024-04-24 04:00:00,4.809020576957837,target,0.784585608945198,4.860002903862579,design
SOLUSDT,-1,FAR,2024-05-28 13:00:00,-1.1266544101618834,stop,0.7895500825607646,4.994218290864356,design
SOLUSDT,-1,FAR,2024-05-29 03:00:00,-1.1310256209333391,stop,0.7632095103817617,5.058387852839249,design
SOLUSDT,-1,FAR,2024-06-04 14:00:00,-1.2235583889675465,stop,0.44731043402945947,4.901437875572602,design
SOLUSDT,-1,FAR,2024-06-10 16:00:00,4.961177955568301,target,0.5790729793240121,5.030253877651032,design
SOLUSDT,-1,FAR,2024-06-16 11:00:00,-1.2570508906187021,stop,0.3890280238255839,4.438919316088895,design
SOLUSDT,-1,FAR,2024-07-02 11:00:00,-1.2057951165552392,stop,0.48592017961299977,4.491816750052176,design
SOLUSDT,-1,FAR,2024-07-19 03:00:00,-1.137303548617431,stop,0.7283132956645577,4.723894679854913,design
SOLUSDT,-1,FAR,2024-07-19 05:00:00,-1.1288033665550976,stop,0.7763772226964543,4.8122496148998755,design
SOLUSDT,-1,FAR,2024-08-08 07:00:00,-1.0650069737128705,stop,1.5382964978756042,5.029916794559984,design
SOLUSDT,-1,FAR,2024-08-14 12:00:00,-1.1320828203191122,stop,0.7571007323919939,4.889004011007181,design
SOLUSDT,-1,FAR,2024-09-09 16:00:00,-1.1534333646234411,stop,0.6517487265264748,4.762374406374313,design
SOLUSDT,-1,FAR,2024-09-29 18:00:00,-1.2500585579498633,stop,0.3999063292208938,4.464399803071307,design
SOLUSDT,-1,FAR,2024-10-06 13:00:00,-1.2333318754665157,stop,0.42857410630272197,4.997789491323229,design
SOLUSDT,-1,FAR,2024-10-23 19:00:00,-1.1291404021334843,stop,0.7743510036203561,4.527090058578472,design
SOLUSDT,-1,FAR,2024-10-28 19:00:00,-1.1657885987742291,stop,0.6031777862854124,4.575637148711145,design
SOLUSDT,-1,FAR,2024-11-10 04:00:00,-1.1294026200497747,stop,0.7727818800078006,5.102361713543992,design
SOLUSDT,-1,FAR,2024-11-11 10:00:00,-1.0822688694163025,stop,1.2155266106061715,5.279211575743307,design
SOLUSDT,-1,FAR,2024-11-19 11:00:00,5.093223557667331,target,0.9532929845705674,5.135183375527544,design
SOLUSDT,-1,FAR,2024-11-21 10:00:00,-1.10647223539508,stop,0.939211989200152,4.88688390262795,design
SOLUSDT,-1,FAR,2024-11-23 05:00:00,4.616845709252283,target,0.8422577639279241,4.664337108813218,design
SOLUSDT,-1,FAR,2024-12-23 03:00:00,-1.0946431546268547,stop,1.056600452449684,4.618346310788777,design
SOLUSDT,-1,FAR,2025-01-13 00:00:00,5.006175265743478,target,0.5552248286002791,5.078218153488321,held-out
SOLUSDT,-1,FAR,2025-03-06 08:00:00,-1.0886448431043638,stop,1.1280972078913547,4.976386300051152,held-out
SOLUSDT,-1,FAR,2025-03-23 08:00:00,-1.1977923356108213,stop,0.5055807632342298,5.1414899473154705,held-out
SOLUSDT,-1,FAR,2025-03-30 19:00:00,4.434791140717786,target,0.6232545857962534,4.498970371663831,held-out
SOLUSDT,-1,FAR,2025-04-01 08:00:00,-1.1499871365778411,stop,0.6667238423349819,4.769276133248771,held-out
SOLUSDT,-1,FAR,2025-04-02 19:00:00,-1.1057252221499958,stop,0.9458480953402666,5.354034203303049,held-out
SOLUSDT,-1,FAR,2025-04-04 15:00:00,-1.087552073033121,stop,1.1421774098046784,5.075059784380117,held-out
SOLUSDT,-1,FAR,2025-05-05 22:00:00,4.873580098027564,target,0.5836205697862737,4.942117778278705,held-out
SOLUSDT,-1,FAR,2025-05-22 00:00:00,-1.0939483191581094,stop,1.0644149985451685,4.934863265966293,held-out
SOLUSDT,-1,FAR,2025-06-19 22:00:00,-1.1785142803794195,stop,0.5601792741032091,4.843692317987236,held-out
SOLUSDT,-1,FAR,2025-06-25 13:00:00,-1.166426880475626,stop,0.6008644740213435,4.692546829947166,held-out
SOLUSDT,-1,FAR,2025-07-06 07:00:00,-1.3101895919885693,stop,0.32238347959684305,4.6814761221829215,held-out
SOLUSDT,-1,FAR,2025-09-10 05:00:00,-1.1560690226587675,stop,0.6407421427802624,5.133614889410773,held-out
SOLUSDT,-1,FAR,2025-09-17 21:00:00,-1.1424692823317137,stop,0.701905690569622,4.734703965736249,held-out
SOLUSDT,-1,FAR,2025-10-20 04:00:00,-1.1274057064052005,stop,0.7848941999658975,4.846449695003977,held-out
SOLUSDT,-1,FAR,2025-11-24 17:00:00,-1.1219347833541626,stop,0.8201105316236758,4.600727910155615,held-out
SOLUSDT,-1,FAR,2026-01-13 14:00:00,-1.1464332441103617,stop,0.682905037087298,5.362556503992891,held-out
SOLUSDT,-1,FAR,2026-01-21 19:00:00,-1.1208897852699622,stop,0.8271997487354888,5.2388340606804364,held-out
SOLUSDT,-1,FAR,2026-03-13 00:00:00,-1.142570304385259,stop,0.7014083362673907,4.8500266571543955,held-out
SOLUSDT,-1,FAR,2026-04-22 02:00:00,-1.1987431558501722,stop,0.5031619809609325,4.735038711731889,held-out
SOLUSDT,-1,FAR,2026-05-04 01:00:00,-1.3201038173413946,stop,0.3123986487588455,4.891691199821303,held-out
SOLUSDT,-1,FAR,2026-05-29 16:00:00,2.4864777731755217,time,0.6109883041181535,5.116391367554051,held-out
SOLUSDT,-1,FAR,2026-06-13 21:00:00,-1.1881534480860028,stop,0.5314810917219603,5.3777726321336035,held-out
SOLUSDT,-1,FAR,2026-07-06 17:00:00,-1.156650352919522,stop,0.6383643454118124,4.88399590152206,held-out
SOLUSDT,-1,FAR,2026-07-20 15:00:00,-1.2154724836564026,stop,0.46409638160324157,4.532913370441812,held-out
SOLUSDT,-1,FAR,2026-08-05 02:00:00,-1.2876324258246836,stop,0.34766594800042294,4.428270487887275,held-out
XRPUSDT,1,MID,2022-01-08 17:00:00,-1.109385031288335,stop,0.9142018685939172,2.6370333269213355,design
XRPUSDT,1,MID,2022-01-28 11:00:00,2.4648717952036816,target,0.9527890272633397,2.506853806809011,design
XRPUSDT,1,MID,2022-01-30 14:00:00,-1.205495211649942,stop,0.48662934380363343,2.3176404972814,design
XRPUSDT,1,MID,2022-02-17 08:00:00,-1.1068920317315372,stop,0.9355234284549232,2.695518772972778,design
XRPUSDT,1,MID,2022-02-17 13:00:00,-1.1075385428198685,stop,0.9298991540875182,2.6050617219990304,design
XRPUSDT,1,MID,2022-02-21 13:00:00,-1.103274755200221,stop,0.9682908451937554,2.385173048306912,design
XRPUSDT,1,MID,2022-02-21 18:00:00,-1.0955966665962995,stop,1.0460615789282228,2.419025267714001,design
XRPUSDT,1,MID,2022-03-03 09:00:00,2.287526475835218,target,0.7537409977674345,2.340595103014155,design
XRPUSDT,1,MID,2022-03-13 20:00:00,-1.1535498483944286,stop,0.6512543063092232,2.3270488761616224,design
XRPUSDT,1,MID,2022-03-31 14:00:00,-1.1820966480528543,stop,0.5491589277962687,2.2712531262696305,design
XRPUSDT,1,MID,2022-04-17 18:00:00,-1.2035135029223594,stop,0.4913678874573256,2.4270380902873376,design
XRPUSDT,1,MID,2022-04-21 20:00:00,-1.1562586391990823,stop,0.6399646157969818,2.608819465094532,design
XRPUSDT,1,MID,2022-04-28 13:00:00,-1.1704984697183785,stop,0.5865155280582602,2.4092723050296327,design
XRPUSDT,1,MID,2022-04-30 23:00:00,-1.1310961345113095,stop,0.7627989976422458,2.5776840584129066,design
XRPUSDT,1,MID,2022-05-03 19:00:00,-1.124390631054352,stop,0.8039190665115707,2.66306194604577,design
XRPUSDT,1,MID,2022-05-26 08:00:00,-1.1339972477857747,stop,0.7462839845776007,2.56712650156765,design
XRPUSDT,1,MID,2022-05-27 19:00:00,2.485553478267311,target,1.171440565380058,2.5196994701188244,design
XRPUSDT,1,MID,2022-08-02 04:00:00,-1.080985311172739,stop,1.2347918227628136,2.819774026559467,design
XRPUSDT,1,MID,2022-08-20 21:00:00,2.1505150129496458,target,0.6301918105954191,2.213987751451606,design
XRPUSDT,1,MID,2022-08-28 22:00:00,-1.2597910207150376,stop,0.38492477424648586,2.2255934928982817,design
XRPUSDT,1,MID,2022-09-05 05:00:00,-1.3211057998555085,stop,0.3114238361468342,2.309761613151907,design
XRPUSDT,1,MID,2022-09-11 21:00:00,-1.244074535042607,stop,0.40971091057304887,2.3545280724779496,design
XRPUSDT,1,MID,2022-09-15 13:00:00,-1.1659585326587367,stop,0.6025601600469179,2.348235128452657,design
XRPUSDT,1,MID,2022-10-01 11:00:00,2.5031283502707207,target,1.0891378097381548,2.539854648487855,design
XRPUSDT,1,MID,2022-10-16 16:00:00,-1.232103594822858,stop,0.4308420990907968,2.3665236361529955,design
XRPUSDT,1,MID,2022-10-20 18:00:00,-1.1540562212560102,stop,0.6491136754147719,2.4025700095623734,design
XRPUSDT,1,MID,2022-11-02 09:00:00,-1.2014428054661164,stop,0.49641882105747603,2.3712685845706045,design
XRPUSDT,1,MID,2022-11-28 01:00:00,-1.1492694829476988,stop,0.6699292985093145,2.558537753813339,design
XRPUSDT,1,MID,2022-12-11 09:00:00,-1.5016640288954757,stop,0.19933659628770295,2.3402753712890196,design
XRPUSDT,1,MID,2022-12-18 18:00:00,2.522838660891564,target,0.44469263827204686,2.61278842969239,design
XRPUSDT,1,MID,2023-02-19 19:00:00,-1.2143073606545545,stop,0.4666195304471674,2.38376795413686,design
XRPUSDT,1,MID,2023-02-23 17:00:00,-1.1851885303431153,stop,0.5399902456956764,2.4145027755828297,design
XRPUSDT,1,MID,2023-03-05 21:00:00,-1.2217955147745174,stop,0.45086574497082316,2.8898438407103066,design
XRPUSDT,1,MID,2023-03-05 23:00:00,-1.2080151804933095,stop,0.48073414528136516,2.873309723212926,design
XRPUSDT,1,MID,2023-03-11 17:00:00,2.5205520333350444,target,0.736031717852553,2.574897517408345,design
XRPUSDT,1,MID,2023-03-27 02:00:00,2.542130418876664,target,0.8695028920718341,2.5881337161223907,design
XRPUSDT,1,MID,2023-04-08 19:00:00,2.3756821097612715,target,0.3945375297881606,2.477066634628848,design
XRPUSDT,1,MID,2023-04-17 00:00:00,-1.2985563909136426,stop,0.334945099295915,2.3596723779157207,design
XRPUSDT,1,MID,2023-05-11 19:00:00,2.7587807644340496,target,0.7776513650116749,2.810217695943068,design
XRPUSDT,1,MID,2023-05-16 02:00:00,-1.2496688278223402,stop,0.40053057833538674,2.435043843069963,design
XRPUSDT,1,MID,2023-07-05 10:00:00,-1.2383713019371028,stop,0.4195135873629042,2.3501882748619614,design
XRPUSDT,1,MID,2023-07-22 15:00:00,-1.135786544269324,stop,0.73644999611785,2.6877160671207303,design
XRPUSDT,1,MID,2023-07-24 08:00:00,-1.1202004767219216,stop,0.8319434558595434,2.635300641502258,design
XRPUSDT,1,MID,2023-08-01 02:00:00,-1.1206474399684565,stop,0.828861350279336,2.679061918257465,design
XRPUSDT,1,MID,2023-09-21 08:00:00,-1.1685727197937077,stop,0.5932157950727485,2.5067561549999664,design
XRPUSDT,1,MID,2023-09-28 05:00:00,-1.2784500353599983,stop,0.35913085760866736,2.487011238957932,design
XRPUSDT,1,MID,2023-09-28 08:00:00,2.461710147322164,target,0.3732866065257833,2.5688664162606187,design
XRPUSDT,1,MID,2023-11-25 11:00:00,2.134683706265102,target,0.29430880382360186,2.27059537278791,design
XRPUSDT,1,MID,2023-12-17 23:00:00,-1.2568349580471616,stop,0.38935509698659226,2.499610297295963,design
XRPUSDT,1,MID,2023-12-24 06:00:00,2.4404861643002387,target,0.36923584037810897,2.548818009765291,design
XRPUSDT,1,MID,2023-12-31 22:00:00,-1.3193930309937576,stop,0.31309386960905367,2.4981210226237014,design
XRPUSDT,1,MID,2024-01-10 13:00:00,2.4787981928275182,target,0.8726559622755471,2.5246352715036275,design
XRPUSDT,1,MID,2024-01-17 15:00:00,-1.2591637389551738,stop,0.3858564489120004,2.521830205599618,design
XRPUSDT,1,MID,2024-02-07 08:00:00,2.475957777889127,target,0.40761523074903616,2.5740895378984274,design
XRPUSDT,1,MID,2024-02-23 03:00:00,-1.192279741103737,stop,0.5200755910423708,2.3638749954077523,design
XRPUSDT,1,MID,2024-03-20 16:00:00,2.624087881555418,target,1.2557483286645974,2.6559413979702375,design
XRPUSDT,1,MID,2024-04-03 21:00:00,-1.1305869086297853,stop,0.7657735453674049,2.5572477150123896,design
XRPUSDT,1,MID,2024-04-04 04:00:00,-1.1289080230132305,stop,0.7757469059139664,2.6317019833746595,design
XRPUSDT,1,MID,2024-04-24 12:00:00,-1.1905101446526938,stop,0.5249064304806619,2.3743958735452875,design
XRPUSDT,1,MID,2024-04-30 09:00:00,-1.1511366463731993,stop,0.661652897557827,2.55959171042646,design
XRPUSDT,1,MID,2024-05-15 00:00:00,2.4170425664443065,target,0.5142976825459793,2.4948185342495357,design
XRPUSDT,1,MID,2024-05-26 13:00:00,-1.3103010196534,stop,0.32226771317637953,2.5155764992168685,design
XRPUSDT,1,MID,2024-05-29 20:00:00,-1.2474875760778137,stop,0.4040606869435681,2.291595470177742,design
XRPUSDT,1,MID,2024-05-30 06:00:00,-1.252843047505217,stop,0.39550227299778395,2.599529548141219,design
XRPUSDT,1,MID,2024-06-23 13:00:00,-1.512821037551677,stop,0.19499980047117893,2.370154591086054,design
XRPUSDT,1,MID,2024-07-03 12:00:00,-1.2362629952233204,stop,0.4232571414980923,2.554248057475188,design
XRPUSDT,1,MID,2024-07-25 19:00:00,-1.0886146919335555,stop,1.1284810432448527,2.2818598039909084,design
XRPUSDT,1,MID,2024-08-03 19:00:00,-1.0909551153615618,stop,1.0994433859215418,2.5142442946119004,design
XRPUSDT,1,MID,2024-08-04 08:00:00,-1.0993207005881855,stop,1.006839454492283,2.707867202014807,design
XRPUSDT,1,MID,2024-08-09 10:00:00,-1.0619696680165016,stop,1.613692685482377,2.708107019271621,design
XRPUSDT,1,MID,2024-08-23 14:00:00,-1.2663920454053257,stop,0.37538658426472965,2.4768967973275,design
XRPUSDT,1,MID,2024-09-20 15:00:00,2.3436702739269357,target,0.4990050233394227,2.4238297876174264,design
XRPUSDT,1,MID,2024-10-02 12:00:00,-1.0717925349480963,stop,1.3929024803525445,2.7760173941263084,design
XRPUSDT,1,MID,2024-10-07 23:00:00,-1.1874049834856037,stop,0.533603739559476,2.314600089742033,design
XRPUSDT,1,MID,2024-11-26 09:00:00,-1.0487935775124928,stop,2.04945005260983,2.6190359422911715,design
XRPUSDT,1,MID,2024-12-12 22:00:00,-1.0852646404350206,stop,1.1728191134073827,2.285661595304266,design
XRPUSDT,1,MID,2024-12-20 09:00:00,-1.0513967823377977,stop,1.945647090177062,2.5591212688133016,design
XRPUSDT,1,MID,2024-12-23 00:00:00,-1.0887582061162016,stop,1.1266563890338288,2.4059066692770297,design
XRPUSDT,1,MID,2025-01-19 11:00:00,-1.0763359954041227,stop,1.309997982872957,2.659652465978277,held-out
XRPUSDT,1,MID,2025-01-23 04:00:00,-1.1114515774213864,stop,0.8972506474440531,2.4149792590230312,held-out
XRPUSDT,1,MID,2025-02-23 12:00:00,-1.2193665385447905,stop,0.4558580386205159,2.3798984677918926,held-out
XRPUSDT,1,MID,2025-04-15 18:00:00,-1.1508846112311266,stop,0.6627581115400758,2.329050558078863,held-out
XRPUSDT,1,MID,2025-04-18 00:00:00,2.3582657999761087,target,0.6688614028347464,2.4180689218642506,held-out
XRPUSDT,1,MID,2025-05-04 13:00:00,-1.2820366176555926,stop,0.3545638890128601,2.276575156273394,held-out
XRPUSDT,1,MID,2025-05-04 17:00:00,-1.2639916360952173,stop,0.37879987972017304,2.2703950179642787,held-out
XRPUSDT,1,MID,2025-05-05 15:00:00,-1.152381027373222,stop,0.6562496770354042,2.5795786027559435,held-out
XRPUSDT,1,MID,2025-05-19 05:00:00,-1.1101148471835742,stop,0.9081427487547462,2.5758965803145357,held-out
XRPUSDT,1,MID,2025-05-30 00:00:00,-1.1648840171987114,stop,0.6064869215279013,2.6141156545354622,held-out
XRPUSDT,1,MID,2025-06-20 14:00:00,-1.2973576771459734,stop,0.3362953361749251,2.2306819850093684,held-out
XRPUSDT,1,MID,2025-07-23 10:00:00,-1.1421544962845216,stop,0.7034599862381452,2.5953868045627946,held-out
XRPUSDT,1,MID,2025-07-31 23:00:00,-1.116860335781938,stop,0.8557223400983586,2.746977025873814,held-out
XRPUSDT,1,MID,2025-08-09 23:00:00,-1.1298592157744232,stop,0.7700647151120089,2.7004880602406596,held-out
XRPUSDT,1,MID,2025-08-17 18:00:00,-1.251574259968122,stop,0.397496945882585,2.3804308967571552,held-out
XRPUSDT,1,MID,2025-09-01 21:00:00,2.643228067246738,target,0.7817225341388073,2.694397117968893,held-out
XRPUSDT,1,MID,2025-09-21 11:00:00,2.2380914167981296,target,0.2935569922242641,2.3743511587205495,held-out
XRPUSDT,1,MID,2025-09-21 16:00:00,-1.345401286105465,stop,0.2895183197710096,2.4074724707904114,held-out
XRPUSDT,1,MID,2025-10-04 08:00:00,-1.213737808982142,stop,0.46786294140572515,2.5735048835187304,held-out
XRPUSDT,1,MID,2025-10-22 00:00:00,-1.1044297375341636,stop,0.9575816463896164,2.624271054296048,held-out
XRPUSDT,1,MID,2025-10-22 08:00:00,-1.1139531107707572,stop,0.877553928309802,2.7227445190334176,held-out
XRPUSDT,1,MID,2025-10-28 14:00:00,2.3843986991671406,target,0.6013298021464204,2.4509179367921874,held-out
XRPUSDT,1,MID,2025-10-28 20:00:00,-1.155485836945696,stop,0.6431453948755825,2.2915658103926404,held-out
XRPUSDT,1,MID,2025-11-15 16:00:00,-1.1214952624993024,stop,0.8230773607372072,2.5198373770640106,held-out
XRPUSDT,1,MID,2025-12-04 11:00:00,-1.1759295646308638,stop,0.5684092961283705,2.540924680406301,held-out
XRPUSDT,1,MID,2025-12-22 20:00:00,-1.2045537061119154,stop,0.4888691674219189,2.3681426798200804,held-out
XRPUSDT,1,MID,2026-01-12 10:00:00,2.387378903811506,target,0.5984756954218282,2.4542153690280366,held-out
XRPUSDT,1,MID,2026-01-12 21:00:00,2.3337840737158375,target,0.6122195561216099,2.3991201114167544,held-out
XRPUSDT,1,MID,2026-02-04 15:00:00,-1.0960407159903718,stop,1.0412250571937118,2.6600789969050536,held-out
XRPUSDT,1,MID,2026-02-12 17:00:00,2.4299209620650912,target,0.8085266204430763,2.4793936683293323,held-out
XRPUSDT,1,MID,2026-02-12 21:00:00,2.364999688716075,target,0.830721370821347,2.413150610800156,held-out
XRPUSDT,1,MID,2026-03-08 02:00:00,-1.284045072986733,stop,0.35205680193111744,2.434268949822918,held-out
XRPUSDT,1,MID,2026-03-08 13:00:00,-1.2397882121727328,stop,0.41703467861866533,2.3821201887419474,held-out
XRPUSDT,1,MID,2026-03-08 18:00:00,2.3677089346544795,target,0.4263520243468041,2.4615281209507853,held-out
XRPUSDT,1,MID,2026-03-08 22:00:00,-1.228073875273141,stop,0.43845442569974363,2.393583998334735,held-out
XRPUSDT,1,MID,2026-03-12 06:00:00,2.478228642788253,target,0.5408243588125518,2.552189808457316,held-out
XRPUSDT,1,MID,2026-03-20 19:00:00,2.409074410836145,target,0.5536165201901906,2.4813265899912365,held-out
XRPUSDT,1,MID,2026-04-05 05:00:00,-1.4255857734317292,stop,0.23497026038639804,2.4067362526421054,held-out
XRPUSDT,1,MID,2026-05-03 02:00:00,2.2369023728679904,target,0.23298467903338638,2.408587481802849,held-out
XRPUSDT,1,MID,2026-05-13 14:00:00,-1.1759725289139955,stop,0.5682705170923232,2.625477844447068,held-out
XRPUSDT,1,MID,2026-05-13 19:00:00,2.6649616398897575,target,0.622560952534969,2.7292123768451133,held-out
XRPUSDT,1,MID,2026-05-19 14:00:00,-1.2148261939157907,stop,0.4654925834565538,2.4440447596529236,held-out
XRPUSDT,1,MID,2026-05-19 16:00:00,-1.2018638161915542,stop,0.49538348123324494,2.466966417369515,held-out
XRPUSDT,1,MID,2026-05-22 14:00:00,-1.2460618336094997,stop,0.4064019134259564,2.542899291749465,held-out
XRPUSDT,1,MID,2026-05-22 17:00:00,-1.2286216684817797,stop,0.437403858803391,2.6049896005470936,held-out
XRPUSDT,1,MID,2026-05-26 17:00:00,-1.2507092023460522,stop,0.3988684861354657,2.3620861775602826,held-out
XRPUSDT,1,MID,2026-06-21 21:00:00,-1.3039487942944852,stop,0.32900278559129126,2.332347882088616,held-out
XRPUSDT,1,MID,2026-08-10 01:00:00,2.3726515061798934,target,0.3252303861756788,2.4956412442248292,held-out
XRPUSDT,1,MID,2026-08-14 17:00:00,-1.3593714698455241,stop,0.27826360295931396,2.4726735264193587,held-out
XRPUSDT,1,MID,2026-08-14 22:00:00,-1.344460098544948,stop,0.29030938684165514,2.5552651287981583,held-out
XRPUSDT,1,MID,2026-09-07 02:00:00,2.2180420569031147,target,0.42848090295412933,2.311395108869312,held-out
XRPUSDT,-1,MID,2022-01-29 04:00:00,-1.1415278888778027,stop,0.7065745189369813,2.437429882167132,design
XRPUSDT,-1,MID,2022-02-02 12:00:00,2.4802728244477033,target,0.5143325049557632,2.558043526502477,design
XRPUSDT,-1,MID,2022-02-19 06:00:00,2.549182274950153,target,1.0038612737247228,2.589028418084636,design
XRPUSDT,-1,MID,2022-03-16 23:00:00,-1.123343024528202,stop,0.8107471045282783,2.6249845605191218,design
XRPUSDT,-1,MID,2022-04-10 17:00:00,-1.3066690572384085,stop,0.326084414581999,2.4316594955652864,design
XRPUSDT,-1,MID,2022-06-05 00:00:00,2.4251982673882977,target,0.4605357911638613,2.512053623187925,design
XRPUSDT,-1,MID,2022-06-21 10:00:00,-1.1098697743436796,stop,0.9101684298285148,2.3866617648152038,design
XRPUSDT,-1,MID,2022-07-03 18:00:00,-1.1989946891531538,stop,0.5025259740627364,2.409470916150915,design
XRPUSDT,-1,MID,2022-07-19 16:00:00,-1.1192113358747768,stop,0.8388464005222039,2.4085714178479782,design
XRPUSDT,-1,MID,2022-07-19 18:00:00,-1.1091179217122376,stop,0.9164397418026055,2.4745964967138185,design
XRPUSDT,-1,MID,2022-08-14 07:00:00,-1.1833869038346088,stop,0.5452952087036,2.688235815475846,design
XRPUSDT,-1,MID,2022-08-16 20:00:00,-1.1873399346965148,stop,0.5337890192072344,2.407086155542047,design
XRPUSDT,-1,MID,2022-08-21 07:00:00,-1.1716258021710886,stop,0.5826629722045703,2.2906212547566733,design
XRPUSDT,-1,MID,2022-08-23 17:00:00,-1.1538532916127768,stop,0.6499698443351046,2.505316757870163,design
XRPUSDT,-1,MID,2022-08-23 20:00:00,-1.1463099236014598,stop,0.6834806384862482,2.6436958454656665,design
XRPUSDT,-1,MID,2022-09-04 21:00:00,2.0722147584953032,target,0.2885971785789248,2.2108162520960484,design
XRPUSDT,-1,MID,2022-09-05 01:00:00,2.162178273375366,target,0.30946259895990685,2.2914346039769913,design
XRPUSDT,-1,MID,2022-10-31 22:00:00,-1.159221438856195,stop,0.6280561255969904,2.484992600226037,design
XRPUSDT,-1,MID,2022-12-22 21:00:00,-1.2514598928617584,stop,0.39767773246835647,2.2819943753572733,design
XRPUSDT,-1,MID,2023-01-17 20:00:00,-1.140755715928526,stop,0.7104507219499256,2.5316933891572515,design
XRPUSDT,-1,MID,2023-02-04 13:00:00,-1.308794544352939,stop,0.3238399182522613,2.483100945217068,design
XRPUSDT,-1,MID,2023-02-12 18:00:00,-1.4489597436200903,stop,0.22273711935433563,2.197860370298588,design
XRPUSDT,-1,MID,2023-02-28 12:00:00,-1.2353535859597582,stop,0.42489261250133853,2.309031146373133,design
XRPUSDT,-1,MID,2023-03-01 06:00:00,-1.2073899606071041,stop,0.482183417689383,2.3476878303618474,design
XRPUSDT,-1,MID,2023-03-19 06:00:00,2.6627435410215727,target,0.7869727725286685,2.713571220702883,design
XRPUSDT,-1,MID,2023-03-27 08:00:00,-1.1190981081778526,stop,0.8396438997222964,2.3876988425944594,design
XRPUSDT,-1,MID,2023-05-05 07:00:00,2.5108064515057875,target,0.3889349242499716,2.613651419920842,design
XRPUSDT,-1,MID,2023-05-05 16:00:00,-1.2561771070466992,stop,0.39035494292536743,2.319094405854394,design
XRPUSDT,-1,MID,2023-05-12 04:00:00,-1.1371566379588514,stop,0.7290934036309722,2.8718580792792503,design
XRPUSDT,-1,MID,2023-06-02 05:00:00,-1.174491527017047,stop,0.5730937295896922,2.5055331783048005,design
XRPUSDT,-1,MID,2023-06-13 00:00:00,-1.142399162995701,stop,0.7022513187315496,2.5727625288830773,design
XRPUSDT,-1,MID,2023-07-18 11:00:00,-1.0897854714510449,stop,1.1137659398995803,2.549114331417674,design
XRPUSDT,-1,MID,2023-07-18 14:00:00,-1.0821131595432127,stop,1.2178315943058344,2.484175039437688,design
XRPUSDT,-1,MID,2023-12-04 07:00:00,-1.227148817570011,stop,0.4402400200440329,2.5696947967345922,design
XRPUSDT,-1,MID,2023-12-06 07:00:00,-1.170400165009065,stop,0.5868538918062682,2.5056056345322886,design
XRPUSDT,-1,MID,2023-12-06 21:00:00,-1.1296091299155724,stop,0.7715505849405843,2.71339158780249,design
XRPUSDT,-1,MID,2023-12-07 04:00:00,-1.1288039718394345,stop,0.7763735742920945,2.679183760796518,design
XRPUSDT,-1,MID,2023-12-08 04:00:00,2.6998467099931815,target,0.7589666829647937,2.7525499457185574,design
XRPUSDT,-1,MID,2023-12-14 23:00:00,-1.1211015996029037,stop,0.825752924221508,2.90292432418252,design
XRPUSDT,-1,MID,2023-12-21 21:00:00,2.501983223644956,target,0.4883929227310797,2.5838844923536035,design
XRPUSDT,-1,MID,2023-12-24 14:00:00,-1.2983085332397593,stop,0.33522339744678736,2.3608634541470974,design
XRPUSDT,-1,MID,2024-01-03 05:00:00,2.4658956602576234,target,0.4893363421570924,2.5476390268419897,design
XRPUSDT,-1,MID,2024-01-08 19:00:00,2.6785892508727356,target,0.9637279815773444,2.7200947386915404,design
XRPUSDT,-1,MID,2024-01-09 21:00:00,2.4504732387061994,target,0.8612320575546974,2.4969183282138663,design
XRPUSDT,-1,MID,2024-01-10 15:00:00,2.4818827041361127,target,0.8341081572917441,2.529838115733903,design
XRPUSDT,-1,MID,2024-02-07 19:00:00,-1.2499821591489582,stop,0.40002854739890636,2.568998242641588,design
XRPUSDT,-1,MID,2024-02-11 04:00:00,-1.3364875165156103,stop,0.29718784528923464,2.450709474660431,design
XRPUSDT,-1,MID,2024-03-07 16:00:00,-1.0879248671079818,stop,1.137334673218085,2.664049284657589,design
XRPUSDT,-1,MID,2024-03-20 20:00:00,-1.0866533939082643,stop,1.1540228892346096,2.4455278489161065,design
XRPUSDT,-1,MID,2024-03-24 18:00:00,-1.1774408145114132,stop,0.5635681975161798,2.549590296019541,design
XRPUSDT,-1,MID,2024-04-08 08:00:00,-1.2248431057706741,stop,0.44475457522808687,2.519333999121148,design
XRPUSDT,-1,MID,2024-04-17 04:00:00,-1.120058288997753,stop,0.8329287451520448,2.5673718569088733,design
XRPUSDT,-1,MID,2024-04-22 04:00:00,-1.1714097052080938,stop,0.583397537955033,2.3587021469759883,design
XRPUSDT,-1,MID,2024-05-15 15:00:00,-1.1959667903874796,stop,0.510290543628708,2.5283565957528165,design
XRPUSDT,-1,MID,2024-05-17 07:00:00,-1.289958240723487,stop,0.34487724767016714,2.334115210423905,design
XRPUSDT,-1,MID,2024-05-25 09:00:00,-1.165438297157362,stop,0.6044549642872702,2.9669487254075566,design
XRPUSDT,-1,MID,2024-05-26 01:00:00,2.4578360877829137,target,0.36252336817206254,2.5681738025671783,design
XRPUSDT,-1,MID,2024-07-02 10:00:00,-1.2994821789680338,stop,0.3339096848586568,2.5996179635542753,design
XRPUSDT,-1,MID,2024-07-10 06:00:00,-1.1888832125304507,stop,0.5294276747007286,2.456207460554659,design
XRPUSDT,-1,MID,2024-07-11 04:00:00,-1.2141601174379102,stop,0.466940349101145,2.4023751187172673,design
XRPUSDT,-1,MID,2024-07-12 07:00:00,-1.1279530431203708,stop,0.7815367072272422,2.796787827767672,design
XRPUSDT,-1,MID,2024-07-16 00:00:00,-1.1482454946167462,stop,0.6745567564027929,2.313323713135171,design
XRPUSDT,-1,MID,2024-08-07 19:00:00,-1.1102878651517558,stop,0.9067180678708427,2.3305212908202195,design
XRPUSDT,-1,MID,2024-08-19 10:00:00,-1.1541654907457979,stop,0.6486535963154627,2.7444729608974545,design
XRPUSDT,-1,MID,2024-09-24 22:00:00,-1.2974195075026689,stop,0.33622542394635185,2.2329471470803517,design
XRPUSDT,-1,MID,2024-10-06 14:00:00,-1.3285801355527982,stop,0.3043397612328619,2.263185780553835,design
XRPUSDT,-1,MID,2024-10-07 14:00:00,-1.2076297139002246,stop,0.48162663292044244,2.4629950036240253,design
XRPUSDT,-1,MID,2024-10-12 15:00:00,-1.3549116858577177,stop,0.28176023496755054,2.5161747169589015,design
XRPUSDT,-1,MID,2024-10-27 13:00:00,-1.3042238115167355,stop,0.3287053682663463,2.6902621504796103,design
XRPUSDT,-1,MID,2024-10-28 08:00:00,-1.3806697188459411,stop,0.2626949164834161,2.380609332472847,design
XRPUSDT,-1,MID,2024-10-28 23:00:00,-1.2901629225026616,stop,0.3446339702450534,2.430053863951098,design
XRPUSDT,-1,MID,2024-11-09 23:00:00,-1.2137448197407852,stop,0.46784759565763046,2.5515345949209145,design
XRPUSDT,-1,MID,2024-11-21 18:00:00,-1.0741513904510525,stop,1.348592378264442,2.3941673048640526,design
XRPUSDT,-1,MID,2024-12-15 23:00:00,-1.1508474395126274,stop,0.6629214279214136,2.329881176610642,design
XRPUSDT,-1,MID,2024-12-31 13:00:00,2.7092014272327396,target,1.0713887439913354,2.746536148382585,design
XRPUSDT,-1,MID,2025-01-01 05:00:00,-1.1089497278729188,stop,0.9178545183393392,2.785668192587672,held-out
XRPUSDT,-1,MID,2025-01-24 14:00:00,2.500053622313554,target,0.8159847073046379,2.5490741488527435,held-out
XRPUSDT,-1,MID,2025-03-06 08:00:00,-1.1035583632355666,stop,0.9656390548827781,2.395506443845955,held-out
XRPUSDT,-1,MID,2025-03-13 09:00:00,-1.098774305256512,stop,1.0124090444403016,2.5076224481927682,held-out
XRPUSDT,-1,MID,2025-03-13 11:00:00,-1.0930570873106202,stop,1.074609176904544,2.547737300277572,held-out
XRPUSDT,-1,MID,2025-03-14 13:00:00,-1.1108435347781715,stop,0.9021726003246605,2.5325677042478745,held-out
XRPUSDT,-1,MID,2025-04-15 13:00:00,2.291565321919194,target,0.6359715786896438,2.3544612143463617,held-out
XRPUSDT,-1,MID,2025-05-22 08:00:00,-1.1531983294296642,stop,0.6527486322617614,2.4825855781905135,held-out
XRPUSDT,-1,MID,2025-06-07 22:00:00,2.541748405020393,target,0.34274113420769403,2.658454560213778,held-out
XRPUSDT,-1,MID,2025-06-11 08:00:00,-1.2101580273163468,stop,0.4758324070556291,2.504833057517079,held-out
XRPUSDT,-1,MID,2025-06-20 13:00:00,2.105104653845721,target,0.3166171518147481,2.2314401974848854,held-out
XRPUSDT,-1,MID,2025-07-21 09:00:00,-1.1195388096823338,stop,0.8365484001868786,2.697739768780785,held-out
XRPUSDT,-1,MID,2025-07-27 20:00:00,2.110030202138724,target,0.4775287942767949,2.1937947844621397,held-out
XRPUSDT,-1,MID,2025-07-27 23:00:00,-1.1927827610605588,stop,0.5187185796586191,2.2620230879008485,held-out
XRPUSDT,-1,MID,2025-08-24 18:00:00,-1.2138452364143761,stop,0.4676279054737798,2.541601796673484,held-out
XRPUSDT,-1,MID,2025-09-02 13:00:00,-1.1380474795234512,stop,0.7243884520398817,2.765983093271264,held-out
XRPUSDT,-1,MID,2025-09-16 19:00:00,2.505956873180933,target,0.5359928122708536,2.580584739607968,held-out
XRPUSDT,-1,MID,2025-09-24 12:00:00,-1.178596259247727,stop,0.559922141825446,2.6762299044118234,held-out
XRPUSDT,-1,MID,2025-09-28 18:00:00,-1.2455582154579146,stop,0.40723540775665334,2.5256453634758436,held-out
XRPUSDT,-1,MID,2025-10-19 13:00:00,-1.1566647794856557,stop,0.6383055612646875,2.376192424920776,held-out
XRPUSDT,-1,MID,2025-10-27 02:00:00,2.3451303799441585,target,0.5084131611244367,2.42380654936419,held-out
XRPUSDT,-1,MID,2025-10-27 05:00:00,2.321444021691585,target,0.5090553187259572,2.4000209435477604,held-out
XRPUSDT,-1,MID,2025-10-27 16:00:00,-1.190871822324798,stop,0.5239117999818461,2.2156119689766345,held-out
XRPUSDT,-1,MID,2025-11-28 08:00:00,-1.1928228030402712,stop,0.51861086149191,2.4015689690684434,held-out
XRPUSDT,-1,MID,2026-01-11 14:00:00,2.1316591986711577,target,0.248336132646482,2.292731208506077,held-out
XRPUSDT,-1,MID,2026-01-12 16:00:00,2.3679147937205496,target,0.5856936973362143,2.436209877280307,held-out
XRPUSDT,-1,MID,2026-01-13 15:00:00,-1.18268394982312,stop,0.5473934633930506,2.5595436422268185,held-out
XRPUSDT,-1,MID,2026-01-13 18:00:00,-1.1655590147851869,stop,0.6040142249562801,2.514422626068337,held-out
XRPUSDT,-1,MID,2026-01-21 19:00:00,-1.1278144307265408,stop,0.7823842693783948,2.3810374479160434,held-out
XRPUSDT,-1,MID,2026-02-20 16:00:00,-1.1445349114344565,stop,0.6918743645222899,2.4465282067339107,held-out
XRPUSDT,-1,MID,2026-04-26 22:00:00,2.1702480043591548,target,0.2205097543092773,2.3516458755113656,held-out
XRPUSDT,-1,MID,2026-05-03 12:00:00,2.3170281342770433,target,0.21853104508758925,2.50006848895053,held-out
XRPUSDT,-1,MID,2026-07-20 15:00:00,-1.2533933049688775,stop,0.39464341811352227,2.3098668036013565,held-out
XRPUSDT,-1,MID,2026-07-30 14:00:00,2.476903325047009,target,0.450312412845215,2.5657305455699064,held-out
XRPUSDT,-1,MID,2026-08-08 10:00:00,-1.2402552784003342,stop,0.4162239459037871,2.8087065310606554,held-out
XRPUSDT,-1,MID,2026-09-07 02:00:00,2.2161929408159824,target,0.4201584986762968,2.311395108869275,held-out
XRPUSDT,1,FAR,2022-01-08 17:00:00,-1.109385031288335,stop,0.9142018685939172,5.274066653842671,design
XRPUSDT,1,FAR,2022-01-28 11:00:00,4.971725602012713,target,0.9527890272633397,5.013707613618042,design
XRPUSDT,1,FAR,2022-01-30 14:00:00,-1.205495211649942,stop,0.48662934380363343,4.6352809945628,design
XRPUSDT,1,FAR,2022-02-17 08:00:00,-1.1068920317315372,stop,0.9355234284549232,5.391037545945571,design
XRPUSDT,1,FAR,2022-02-17 13:00:00,-1.1075385428198685,stop,0.9298991540875182,5.210123443998061,design
XRPUSDT,1,FAR,2022-02-21 13:00:00,-1.103274755200221,stop,0.9682908451937554,4.770346096613824,design
XRPUSDT,1,FAR,2022-02-21 18:00:00,-1.0955966665962995,stop,1.0460615789282228,4.838050535428002,design
XRPUSDT,1,FAR,2022-03-03 09:00:00,-1.1326715679473427,stop,0.7537409977674345,4.68119020602829,design
XRPUSDT,1,FAR,2022-03-13 20:00:00,-1.1535498483944286,stop,0.6512543063092232,4.654097752323266,design
XRPUSDT,1,FAR,2022-03-31 14:00:00,-1.1820966480528543,stop,0.5491589277962687,4.542506252539285,design
XRPUSDT,1,FAR,2022-04-17 18:00:00,-1.2035135029223594,stop,0.4913678874573256,4.854076180574675,design
XRPUSDT,1,FAR,2022-04-21 20:00:00,-1.1562586391990823,stop,0.6399646157969818,5.217638930189064,design
XRPUSDT,1,FAR,2022-04-28 13:00:00,-1.1704984697183785,stop,0.5865155280582602,4.818544610059235,design
XRPUSDT,1,FAR,2022-04-30 23:00:00,-1.1310961345113095,stop,0.7627989976422458,5.155368116825813,design
XRPUSDT,1,FAR,2022-05-03 19:00:00,-1.124390631054352,stop,0.8039190665115707,5.32612389209154,design
XRPUSDT,1,FAR,2022-05-26 08:00:00,-1.1339972477857747,stop,0.7462839845776007,5.1342530031353,design
XRPUSDT,1,FAR,2022-05-27 19:00:00,1.6273122296117004,time,1.171440565380058,5.039398940237661,design
XRPUSDT,1,FAR,2022-08-02 04:00:00,-1.080985311172739,stop,1.2347918227628136,5.639548053118922,design
XRPUSDT,1,FAR,2022-08-20 21:00:00,4.364502764401252,target,0.6301918105954191,4.427975502903212,design
XRPUSDT,1,FAR,2022-08-28 22:00:00,-1.2597910207150376,stop,0.38492477424648586,4.451186985796563,design
XRPUSDT,1,FAR,2022-09-05 05:00:00,-1.3211057998555085,stop,0.3114238361468342,4.61952322630376,design
XRPUSDT,1,FAR,2022-09-11 21:00:00,-1.244074535042607,stop,0.40971091057304887,4.709056144955899,design
XRPUSDT,1,FAR,2022-09-15 13:00:00,-1.1659585326587367,stop,0.6025601600469179,4.696470256905314,design
XRPUSDT,1,FAR,2022-10-01 11:00:00,-1.091815745542836,stop,1.0891378097381548,5.07970929697571,design
XRPUSDT,1,FAR,2022-10-16 16:00:00,-1.232103594822858,stop,0.4308420990907968,4.733047272305991,design
XRPUSDT,1,FAR,2022-10-20 18:00:00,-1.1540562212560102,stop,0.6491136754147719,4.805140019124747,design
XRPUSDT,1,FAR,2022-11-02 09:00:00,-1.2014428054661164,stop,0.49641882105747603,4.742537169141209,design
XRPUSDT,1,FAR,2022-11-28 01:00:00,-1.1492694829476988,stop,0.6699292985093145,5.117075507626678,design
XRPUSDT,1,FAR,2022-12-11 09:00:00,-1.5016640288954757,stop,0.19933659628770295,4.680550742577967,design
XRPUSDT,1,FAR,2022-12-18 18:00:00,-1.2248744220020653,stop,0.44469263827204686,5.22557685938478,design
XRPUSDT,1,FAR,2023-02-19 19:00:00,-1.2143073606545545,stop,0.4666195304471674,4.76753590827372,design
XRPUSDT,1,FAR,2023-02-23 17:00:00,-1.1851885303431153,stop,0.5399902456956764,4.829005551165686,design
XRPUSDT,1,FAR,2023-03-05 21:00:00,-1.2217955147745174,stop,0.45086574497082316,5.779687681420647,design
XRPUSDT,1,FAR,2023-03-05 23:00:00,-1.2080151804933095,stop,0.48073414528136516,5.746619446425821,design
XRPUSDT,1,FAR,2023-03-11 17:00:00,-1.1358637101832514,stop,0.736031717852553,5.14979503481669,design
XRPUSDT,1,FAR,2023-03-27 02:00:00,5.130264134999054,target,0.8695028920718341,5.1762674322447815,design
XRPUSDT,1,FAR,2023-04-08 19:00:00,-1.2534613121689415,stop,0.3945375297881606,4.954133269257696,design
XRPUSDT,1,FAR,2023-04-17 00:00:00,-1.2985563909136426,stop,0.334945099295915,4.719344755831441,design
XRPUSDT,1,FAR,2023-05-11 19:00:00,5.568998460377135,target,0.7776513650116749,5.620435391886153,design
XRPUSDT,1,FAR,2023-05-16 02:00:00,-1.2496688278223402,stop,0.40053057833538674,4.870087686139926,design
XRPUSDT,1,FAR,2023-07-05 10:00:00,-1.2383713019371028,stop,0.4195135873629042,4.700376549723923,design
XRPUSDT,1,FAR,2023-07-22 15:00:00,-1.135786544269324,stop,0.73644999611785,5.375432134241461,design
XRPUSDT,1,FAR,2023-07-24 08:00:00,-1.1202004767219216,stop,0.8319434558595434,5.270601283004516,design
XRPUSDT,1,FAR,2023-08-01 02:00:00,-1.1206474399684565,stop,0.828861350279336,5.35812383651493,design
XRPUSDT,1,FAR,2023-09-21 08:00:00,-1.1685727197937077,stop,0.5932157950727485,5.013512309999933,design
XRPUSDT,1,FAR,2023-09-28 05:00:00,-1.2784500353599983,stop,0.35913085760866736,4.974022477915895,design
XRPUSDT,1,FAR,2023-09-28 08:00:00,5.030576563582783,target,0.3732866065257833,5.1377328325212375,design
XRPUSDT,1,FAR,2023-11-25 11:00:00,4.405279079053011,target,0.29430880382360186,4.54119074557582,design
XRPUSDT,1,FAR,2023-12-17 23:00:00,-1.2568349580471616,stop,0.38935509698659226,4.999220594591973,design
XRPUSDT,1,FAR,2023-12-24 06:00:00,4.98930417406553,target,0.36923584037810897,5.097636019530582,design
XRPUSDT,1,FAR,2023-12-31 22:00:00,-1.3193930309937576,stop,0.31309386960905367,4.996242045247403,design
XRPUSDT,1,FAR,2024-01-10 13:00:00,5.003433464331146,target,0.8726559622755471,5.049270543007255,design
XRPUSDT,1,FAR,2024-01-17 15:00:00,-1.2591637389551738,stop,0.3858564489120004,5.043660411199236,design
XRPUSDT,1,FAR,2024-02-07 08:00:00,5.050047315787473,target,0.40761523074903616,5.148179075796773,design
XRPUSDT,1,FAR,2024-02-23 03:00:00,-1.192279741103737,stop,0.5200755910423708,4.7277499908155045,design
XRPUSDT,1,FAR,2024-03-20 16:00:00,5.28002927952564,target,1.2557483286645974,5.311882795940459,design
XRPUSDT,1,FAR,2024-04-03 21:00:00,-1.1305869086297853,stop,0.7657735453674049,5.114495430024753,design
XRPUSDT,1,FAR,2024-04-04 04:00:00,-1.1289080230132305,stop,0.7757469059139664,5.263403966749294,design
XRPUSDT,1,FAR,2024-04-24 12:00:00,-1.1905101446526938,stop,0.5249064304806619,4.748791747090536,design
XRPUSDT,1,FAR,2024-04-30 09:00:00,-1.1511366463731993,stop,0.661652897557827,5.11918342085292,design
XRPUSDT,1,FAR,2024-05-15 00:00:00,4.91186110069382,target,0.5142976825459793,4.989637068499049,design
XRPUSDT,1,FAR,2024-05-26 13:00:00,-1.3103010196534,stop,0.32226771317637953,5.031152998433737,design
XRPUSDT,1,FAR,2024-05-29 20:00:00,-1.2474875760778137,stop,0.4040606869435681,4.583190940355484,design
XRPUSDT,1,FAR,2024-05-30 06:00:00,-1.252843047505217,stop,0.39550227299778395,5.199059096282492,design
XRPUSDT,1,FAR,2024-06-23 13:00:00,-1.512821037551677,stop,0.19499980047117893,4.740309182172108,design
XRPUSDT,1,FAR,2024-07-03 12:00:00,-1.2362629952233204,stop,0.4232571414980923,5.108496114950376,design
XRPUSDT,1,FAR,2024-07-25 19:00:00,-1.0886146919335555,stop,1.1284810432448527,4.563719607981801,design
XRPUSDT,1,FAR,2024-08-03 19:00:00,-1.0909551153615618,stop,1.0994433859215418,5.028488589223782,design
XRPUSDT,1,FAR,2024-08-04 08:00:00,-1.0993207005881855,stop,1.006839454492283,5.415734404029593,design
XRPUSDT,1,FAR,2024-08-09 10:00:00,-1.0619696680165016,stop,1.613692685482377,5.416214038543253,design
XRPUSDT,1,FAR,2024-08-23 14:00:00,-1.2663920454053257,stop,0.37538658426472965,4.953793594655,design
XRPUSDT,1,FAR,2024-09-20 15:00:00,4.767500061544363,target,0.4990050233394227,4.847659575234853,design
XRPUSDT,1,FAR,2024-10-02 12:00:00,-1.0717925349480963,stop,1.3929024803525445,5.552034788252617,design
XRPUSDT,1,FAR,2024-10-07 23:00:00,-1.1874049834856037,stop,0.533603739559476,4.629200179484027,design
XRPUSDT,1,FAR,2024-11-26 09:00:00,-1.0487935775124928,stop,2.04945005260983,5.238071884582343,design
XRPUSDT,1,FAR,2024-12-12 22:00:00,-1.0852646404350206,stop,1.1728191134073827,4.571323190608532,design
XRPUSDT,1,FAR,2024-12-20 09:00:00,-1.0513967823377977,stop,1.945647090177062,5.118242537626603,design
XRPUSDT,1,FAR,2024-12-23 00:00:00,-1.0887582061162016,stop,1.1266563890338288,4.811813338554059,design
XRPUSDT,1,FAR,2025-01-19 11:00:00,-1.0763359954041227,stop,1.309997982872957,5.319304931956543,held-out
XRPUSDT,1,FAR,2025-01-23 04:00:00,-1.1114515774213864,stop,0.8972506474440531,4.8299585180460785,held-out
XRPUSDT,1,FAR,2025-02-23 12:00:00,-1.2193665385447905,stop,0.4558580386205159,4.759796935583747,held-out
XRPUSDT,1,FAR,2025-04-15 18:00:00,-1.1508846112311266,stop,0.6627581115400758,4.658101116157758,held-out
XRPUSDT,1,FAR,2025-04-18 00:00:00,2.0256660939426543,time,0.6688614028347464,4.836137843728501,held-out
XRPUSDT,1,FAR,2025-05-04 13:00:00,-1.2820366176555926,stop,0.3545638890128601,4.553150312546731,held-out
XRPUSDT,1,FAR,2025-05-04 17:00:00,-1.2639916360952173,stop,0.37879987972017304,4.540790035928503,held-out
XRPUSDT,1,FAR,2025-05-05 15:00:00,-1.152381027373222,stop,0.6562496770354042,5.159157205511919,held-out
XRPUSDT,1,FAR,2025-05-19 05:00:00,-1.1101148471835742,stop,0.9081427487547462,5.1517931606290714,held-out
XRPUSDT,1,FAR,2025-05-30 00:00:00,-1.1648840171987114,stop,0.6064869215279013,5.228231309070892,held-out
XRPUSDT,1,FAR,2025-06-20 14:00:00,-1.2973576771459734,stop,0.3362953361749251,4.461363970018676,held-out
XRPUSDT,1,FAR,2025-07-23 10:00:00,-1.1421544962845216,stop,0.7034599862381452,5.190773609125589,held-out
XRPUSDT,1,FAR,2025-07-31 23:00:00,-1.116860335781938,stop,0.8557223400983586,5.493954051747645,held-out
XRPUSDT,1,FAR,2025-08-09 23:00:00,-1.1298592157744232,stop,0.7700647151120089,5.400976120481301,held-out
XRPUSDT,1,FAR,2025-08-17 18:00:00,-1.251574259968122,stop,0.397496945882585,4.7608617935143105,held-out
XRPUSDT,1,FAR,2025-09-01 21:00:00,5.3376251852156305,target,0.7817225341388073,5.388794235937786,held-out
XRPUSDT,1,FAR,2025-09-21 11:00:00,-1.3406493548060492,stop,0.2935569922242641,4.748702317441047,held-out
XRPUSDT,1,FAR,2025-10-04 08:00:00,-1.213737808982142,stop,0.46786294140572515,5.147009767037461,held-out
XRPUSDT,1,FAR,2025-10-22 00:00:00,-1.1044297375341636,stop,0.9575816463896164,5.248542108592076,held-out
XRPUSDT,1,FAR,2025-10-22 08:00:00,-1.1139531107707572,stop,0.877553928309802,5.445489038066835,held-out
XRPUSDT,1,FAR,2025-10-28 14:00:00,-1.1662980940626164,stop,0.6013298021464204,4.901835873584375,held-out
XRPUSDT,1,FAR,2025-11-15 16:00:00,-1.1214952624993024,stop,0.8230773607372072,5.039674754128045,held-out
XRPUSDT,1,FAR,2025-12-04 11:00:00,-1.1759295646308638,stop,0.5684092961283705,5.081849360812602,held-out
XRPUSDT,1,FAR,2025-12-22 20:00:00,-1.2045537061119154,stop,0.4888691674219189,4.736285359640185,held-out
XRPUSDT,1,FAR,2026-01-12 10:00:00,4.841594272839578,target,0.5984756954218282,4.908430738056109,held-out
XRPUSDT,1,FAR,2026-01-12 21:00:00,4.732904185132628,target,0.6122195561216099,4.798240222833544,held-out
XRPUSDT,1,FAR,2026-02-04 15:00:00,-1.0960407159903718,stop,1.0412250571937118,5.320157993810121,held-out
XRPUSDT,1,FAR,2026-02-12 17:00:00,4.909314630394423,target,0.8085266204430763,4.958787336658665,held-out
XRPUSDT,1,FAR,2026-03-08 02:00:00,-1.284045072986733,stop,0.35205680193111744,4.868537899645789,held-out
XRPUSDT,1,FAR,2026-03-08 13:00:00,-1.2397882121727328,stop,0.41703467861866533,4.764240377483895,held-out
XRPUSDT,1,FAR,2026-03-08 18:00:00,-1.234547965740765,stop,0.4263520243468041,4.923056241901532,held-out
XRPUSDT,1,FAR,2026-03-12 06:00:00,5.030418451245569,target,0.5408243588125518,5.104379616914632,held-out
XRPUSDT,1,FAR,2026-03-20 19:00:00,-1.180630447887729,stop,0.5536165201901906,4.962653179982473,held-out
XRPUSDT,1,FAR,2026-04-05 05:00:00,-1.4255857734317292,stop,0.23497026038639804,4.813472505284211,held-out
XRPUSDT,1,FAR,2026-05-03 02:00:00,4.645489854670839,target,0.23298467903338638,4.817174963605698,held-out
XRPUSDT,1,FAR,2026-05-13 14:00:00,-1.1759725289139955,stop,0.5682705170923232,5.250955688894136,held-out
XRPUSDT,1,FAR,2026-05-13 19:00:00,5.394174016734871,target,0.622560952534969,5.458424753690227,held-out
XRPUSDT,1,FAR,2026-05-19 14:00:00,-1.2148261939157907,stop,0.4654925834565538,4.888089519305883,held-out
XRPUSDT,1,FAR,2026-05-19 16:00:00,-1.2018638161915542,stop,0.49538348123324494,4.93393283473903,held-out
XRPUSDT,1,FAR,2026-05-22 14:00:00,-1.2460618336094997,stop,0.4064019134259564,5.08579858349893,held-out
XRPUSDT,1,FAR,2026-05-22 17:00:00,-1.2286216684817797,stop,0.437403858803391,5.209979201094187,held-out
XRPUSDT,1,FAR,2026-05-26 17:00:00,-1.2507092023460522,stop,0.3988684861354657,4.724172355120565,held-out
XRPUSDT,1,FAR,2026-06-21 21:00:00,-1.3039487942944852,stop,0.32900278559129126,4.664695764177232,held-out
XRPUSDT,1,FAR,2026-08-10 01:00:00,-1.3074743451123392,stop,0.3252303861756788,4.991282488449725,held-out
XRPUSDT,1,FAR,2026-08-14 17:00:00,-1.3593714698455241,stop,0.27826360295931396,4.945347052838677,held-out
XRPUSDT,1,FAR,2026-08-14 22:00:00,-1.344460098544948,stop,0.29030938684165514,5.110530257596355,held-out
XRPUSDT,1,FAR,2026-09-07 02:00:00,-1.2333826299154933,stop,0.42848090295412933,4.6227902177385864,held-out
XRPUSDT,-1,FAR,2022-01-29 04:00:00,-1.1415278888778027,stop,0.7065745189369813,4.874859764334264,design
XRPUSDT,-1,FAR,2022-02-02 12:00:00,5.03831635095018,target,0.5143325049557632,5.116087053004954,design
XRPUSDT,-1,FAR,2022-02-19 06:00:00,-1.0996153578362082,stop,1.0038612737247228,5.178056836169272,design
XRPUSDT,-1,FAR,2022-03-16 23:00:00,-1.123343024528202,stop,0.8107471045282783,5.249969121038226,design
XRPUSDT,-1,FAR,2022-04-10 17:00:00,-1.3066690572384085,stop,0.326084414581999,4.863318991130528,design
XRPUSDT,-1,FAR,2022-06-05 00:00:00,-1.2171383894990682,stop,0.4605357911638613,5.02410724637585,design
XRPUSDT,-1,FAR,2022-06-21 10:00:00,-1.1098697743436796,stop,0.9101684298285148,4.773323529630425,design
XRPUSDT,-1,FAR,2022-07-03 18:00:00,-1.1989946891531538,stop,0.5025259740627364,4.8189418323018645,design
XRPUSDT,-1,FAR,2022-07-19 16:00:00,-1.1192113358747768,stop,0.8388464005222039,4.8171428356959565,design
XRPUSDT,-1,FAR,2022-07-19 18:00:00,-1.1091179217122376,stop,0.9164397418026055,4.949192993427637,design
XRPUSDT,-1,FAR,2022-08-14 07:00:00,-1.1833869038346088,stop,0.5452952087036,5.376471630951692,design
XRPUSDT,-1,FAR,2022-08-16 20:00:00,-1.1873399346965148,stop,0.5337890192072344,4.814172311084094,design
XRPUSDT,-1,FAR,2022-08-21 07:00:00,-1.1716258021710886,stop,0.5826629722045703,4.581242509513347,design
XRPUSDT,-1,FAR,2022-08-23 17:00:00,-1.1538532916127768,stop,0.6499698443351046,5.010633515740326,design
XRPUSDT,-1,FAR,2022-08-23 20:00:00,-1.1463099236014598,stop,0.6834806384862482,5.287391690931309,design
XRPUSDT,-1,FAR,2022-09-04 21:00:00,-1.3465037340018633,stop,0.2885971785789248,4.421632504192097,design
XRPUSDT,-1,FAR,2022-10-31 22:00:00,-1.159221438856195,stop,0.6280561255969904,4.969985200452074,design
XRPUSDT,-1,FAR,2022-12-22 21:00:00,-1.2514598928617584,stop,0.39767773246835647,4.563988750714506,design
XRPUSDT,-1,FAR,2023-01-17 20:00:00,-1.140755715928526,stop,0.7104507219499256,5.0633867783144835,design
XRPUSDT,-1,FAR,2023-02-04 13:00:00,-1.308794544352939,stop,0.3238399182522613,4.966201890434094,design
XRPUSDT,-1,FAR,2023-02-12 18:00:00,-1.4489597436200903,stop,0.22273711935433563,4.395720740597176,design
XRPUSDT,-1,FAR,2023-02-28 12:00:00,-1.2353535859597582,stop,0.42489261250133853,4.618062292746266,design
XRPUSDT,-1,FAR,2023-03-01 06:00:00,-1.2073899606071041,stop,0.482183417689383,4.695375660723695,design
XRPUSDT,-1,FAR,2023-03-19 06:00:00,-1.1270691992032762,stop,0.7869727725286685,5.427142441405747,design
XRPUSDT,-1,FAR,2023-03-27 08:00:00,-1.1190981081778526,stop,0.8396438997222964,4.775397685188919,design
XRPUSDT,-1,FAR,2023-05-05 07:00:00,5.124457871426629,target,0.3889349242499716,5.227302839841684,design
XRPUSDT,-1,FAR,2023-05-05 16:00:00,-1.2561771070466992,stop,0.39035494292536743,4.638188811708757,design
XRPUSDT,-1,FAR,2023-05-12 04:00:00,-1.1371566379588514,stop,0.7290934036309722,5.743716158558483,design
XRPUSDT,-1,FAR,2023-06-02 05:00:00,-1.174491527017047,stop,0.5730937295896922,5.011066356609564,design
XRPUSDT,-1,FAR,2023-06-13 00:00:00,-1.142399162995701,stop,0.7022513187315496,5.145525057766155,design
XRPUSDT,-1,FAR,2023-07-18 11:00:00,-1.0897854714510449,stop,1.1137659398995803,5.098228662835361,design
XRPUSDT,-1,FAR,2023-07-18 14:00:00,-1.0821131595432127,stop,1.2178315943058344,4.968350078875387,design
XRPUSDT,-1,FAR,2023-12-04 07:00:00,-1.227148817570011,stop,0.4402400200440329,5.1393895934691844,design
XRPUSDT,-1,FAR,2023-12-06 07:00:00,-1.170400165009065,stop,0.5868538918062682,5.011211269064607,design
XRPUSDT,-1,FAR,2023-12-06 21:00:00,-1.1296091299155724,stop,0.7715505849405843,5.426783175605002,design
XRPUSDT,-1,FAR,2023-12-07 04:00:00,-1.1288039718394345,stop,0.7763735742920945,5.358367521593036,design
XRPUSDT,-1,FAR,2023-12-08 04:00:00,-1.1317580893134391,stop,0.7589666829647937,5.505099891437115,design
XRPUSDT,-1,FAR,2023-12-14 23:00:00,-1.1211015996029037,stop,0.825752924221508,5.80584864836504,design
XRPUSDT,-1,FAR,2023-12-21 21:00:00,-1.2047531717716193,stop,0.4883929227310797,5.167768984707171,design
XRPUSDT,-1,FAR,2023-12-24 14:00:00,-1.2983085332397593,stop,0.33522339744678736,4.721726908294195,design
XRPUSDT,-1,FAR,2024-01-03 05:00:00,5.013534687099614,target,0.4893363421570924,5.0952780536839795,design
XRPUSDT,-1,FAR,2024-01-08 19:00:00,-0.20681475991842024,time,0.9637279815773444,5.4401894773831,design
XRPUSDT,-1,FAR,2024-02-07 19:00:00,-1.2499821591489582,stop,0.40002854739890636,5.137996485283257,design
XRPUSDT,-1,FAR,2024-02-11 04:00:00,-1.3364875165156103,stop,0.29718784528923464,4.901418949320862,design
XRPUSDT,-1,FAR,2024-03-07 16:00:00,-1.0879248671079818,stop,1.137334673218085,5.328098569315193,design
XRPUSDT,-1,FAR,2024-03-20 20:00:00,-1.0866533939082643,stop,1.1540228892346096,4.891055697832213,design
XRPUSDT,-1,FAR,2024-03-24 18:00:00,-1.1774408145114132,stop,0.5635681975161798,5.099180592039082,design
XRPUSDT,-1,FAR,2024-04-08 08:00:00,-1.2248431057706741,stop,0.44475457522808687,5.038667998242254,design
XRPUSDT,-1,FAR,2024-04-17 04:00:00,-1.120058288997753,stop,0.8329287451520448,5.13474371381776,design
XRPUSDT,-1,FAR,2024-04-22 04:00:00,-1.1714097052080938,stop,0.583397537955033,4.717404293951977,design
XRPUSDT,-1,FAR,2024-05-15 15:00:00,-1.1959667903874796,stop,0.510290543628708,5.0567131915056756,design
XRPUSDT,-1,FAR,2024-05-17 07:00:00,-1.289958240723487,stop,0.34487724767016714,4.668230420847748,design
XRPUSDT,-1,FAR,2024-05-25 09:00:00,-1.165438297157362,stop,0.6044549642872702,5.933897450815147,design
XRPUSDT,-1,FAR,2024-05-26 01:00:00,5.026009890350092,target,0.36252336817206254,5.136347605134357,design
XRPUSDT,-1,FAR,2024-07-02 10:00:00,-1.2994821789680338,stop,0.3339096848586568,5.199235927108585,design
XRPUSDT,-1,FAR,2024-07-10 06:00:00,-1.1888832125304507,stop,0.5294276747007286,4.912414921109342,design
XRPUSDT,-1,FAR,2024-07-11 04:00:00,-1.2141601174379102,stop,0.466940349101145,4.804750237434561,design
XRPUSDT,-1,FAR,2024-07-12 07:00:00,-1.1279530431203708,stop,0.7815367072272422,5.593575655535344,design
XRPUSDT,-1,FAR,2024-07-16 00:00:00,-1.1482454946167462,stop,0.6745567564027929,4.626647426270372,design
XRPUSDT,-1,FAR,2024-08-07 19:00:00,-1.1102878651517558,stop,0.9067180678708427,4.661042581640451,design
XRPUSDT,-1,FAR,2024-08-19 10:00:00,-1.1541654907457979,stop,0.6486535963154627,5.488945921794909,design
XRPUSDT,-1,FAR,2024-09-24 22:00:00,-1.2974195075026689,stop,0.33622542394635185,4.465894294160703,design
XRPUSDT,-1,FAR,2024-10-06 14:00:00,-1.3285801355527982,stop,0.3043397612328619,4.526371561107601,design
XRPUSDT,-1,FAR,2024-10-07 14:00:00,-1.2076297139002246,stop,0.48162663292044244,4.925990007248051,design
XRPUSDT,-1,FAR,2024-10-12 15:00:00,-1.3549116858577177,stop,0.28176023496755054,5.032349433917876,design
XRPUSDT,-1,FAR,2024-10-27 13:00:00,-1.3042238115167355,stop,0.3287053682663463,5.3805243009592205,design
XRPUSDT,-1,FAR,2024-10-28 08:00:00,-1.3806697188459411,stop,0.2626949164834161,4.761218664945694,design
XRPUSDT,-1,FAR,2024-10-28 23:00:00,-1.2901629225026616,stop,0.3446339702450534,4.860107727902257,design
XRPUSDT,-1,FAR,2024-11-09 23:00:00,-1.2137448197407852,stop,0.46784759565763046,5.103069189841829,design
XRPUSDT,-1,FAR,2024-11-21 18:00:00,-1.0741513904510525,stop,1.348592378264442,4.788334609728105,design
XRPUSDT,-1,FAR,2024-12-15 23:00:00,-1.1508474395126274,stop,0.6629214279214136,4.659762353221284,design
XRPUSDT,-1,FAR,2024-12-31 13:00:00,-1.0933368028746144,stop,1.0713887439913354,5.493072296765151,design
XRPUSDT,-1,FAR,2025-01-24 14:00:00,2.5837172510782542,time,0.8159847073046379,5.098148297705487,held-out
XRPUSDT,-1,FAR,2025-03-06 08:00:00,-1.1035583632355666,stop,0.9656390548827781,4.791012887691892,held-out
XRPUSDT,-1,FAR,2025-03-13 09:00:00,-1.098774305256512,stop,1.0124090444403016,5.015244896385518,held-out
XRPUSDT,-1,FAR,2025-03-13 11:00:00,-1.0930570873106202,stop,1.074609176904544,5.095474600555144,held-out
XRPUSDT,-1,FAR,2025-03-14 13:00:00,-1.1108435347781715,stop,0.9021726003246605,5.065135408495749,held-out
XRPUSDT,-1,FAR,2025-04-15 13:00:00,4.6460265362655235,target,0.6359715786896438,4.708922428692691,held-out
XRPUSDT,-1,FAR,2025-05-22 08:00:00,-1.1531983294296642,stop,0.6527486322617614,4.965171156381027,held-out
XRPUSDT,-1,FAR,2025-06-07 22:00:00,-1.291765387983463,stop,0.34274113420769403,5.316909120427556,held-out
XRPUSDT,-1,FAR,2025-06-11 08:00:00,-1.2101580273163468,stop,0.4758324070556291,5.0096661150341175,held-out
XRPUSDT,-1,FAR,2025-06-20 13:00:00,4.336544851330607,target,0.3166171518147481,4.462880394969771,held-out
XRPUSDT,-1,FAR,2025-07-21 09:00:00,-1.1195388096823338,stop,0.8365484001868786,5.3954795375615845,held-out
XRPUSDT,-1,FAR,2025-07-27 20:00:00,-1.2094114558085391,stop,0.4775287942767949,4.387589568924279,held-out
XRPUSDT,-1,FAR,2025-07-28 00:00:00,-1.1912650592408087,stop,0.5228346484032761,4.488430163893371,held-out
XRPUSDT,-1,FAR,2025-08-24 18:00:00,-1.2138452364143761,stop,0.4676279054737798,5.083203593346968,held-out
XRPUSDT,-1,FAR,2025-09-02 13:00:00,-1.1380474795234512,stop,0.7243884520398817,5.531966186542549,held-out
XRPUSDT,-1,FAR,2025-09-16 19:00:00,-1.186569666067587,stop,0.5359928122708536,5.161169479215936,held-out
XRPUSDT,-1,FAR,2025-09-24 12:00:00,-1.178596259247727,stop,0.559922141825446,5.352459808823647,held-out
XRPUSDT,-1,FAR,2025-09-28 18:00:00,-1.2455582154579146,stop,0.40723540775665334,5.051290726951687,held-out
XRPUSDT,-1,FAR,2025-10-19 13:00:00,-1.1566647794856557,stop,0.6383055612646875,4.752384849841552,held-out
XRPUSDT,-1,FAR,2025-10-27 02:00:00,-1.196690423550079,stop,0.5084131611244367,4.847613098728347,held-out
XRPUSDT,-1,FAR,2025-11-28 08:00:00,-1.1928228030402712,stop,0.51861086149191,4.803137938136887,held-out
XRPUSDT,-1,FAR,2026-01-11 14:00:00,4.42439040717732,target,0.248336132646482,4.5854624170122396,held-out
XRPUSDT,-1,FAR,2026-01-12 16:00:00,4.80412467100082,target,0.5856936973362143,4.872419754560577,held-out
XRPUSDT,-1,FAR,2026-01-13 15:00:00,-1.18268394982312,stop,0.5473934633930506,5.119087284453637,held-out
XRPUSDT,-1,FAR,2026-01-13 18:00:00,-1.1655590147851869,stop,0.6040142249562801,5.028845252136674,held-out
XRPUSDT,-1,FAR,2026-01-21 19:00:00,-1.1278144307265408,stop,0.7823842693783948,4.762074895832087,held-out
XRPUSDT,-1,FAR,2026-02-20 16:00:00,-1.1445349114344565,stop,0.6918743645222899,4.893056413467821,held-out
XRPUSDT,-1,FAR,2026-04-26 22:00:00,-1.4534946778805276,stop,0.2205097543092773,4.703291751022731,held-out
XRPUSDT,-1,FAR,2026-05-03 12:00:00,-1.4576008866837162,stop,0.21853104508758925,5.000136977901133,held-out
XRPUSDT,-1,FAR,2026-07-20 15:00:00,-1.2533933049688775,stop,0.39464341811352227,4.6197336072026625,held-out
XRPUSDT,-1,FAR,2026-07-30 14:00:00,5.042633870616915,target,0.450312412845215,5.131461091139813,held-out
XRPUSDT,-1,FAR,2026-08-08 10:00:00,-1.2402552784003342,stop,0.4162239459037871,5.617413062121361,held-out
XRPUSDT,-1,FAR,2026-09-07 02:00:00,4.527588049685294,target,0.4201584986762968,4.6227902177385864,held-out
