t,o,h,l,c,v,taker_buy_v
2026-03-10 13:00:00,9.44,9.49,9.33,9.38,93759.16,41193.27
2026-03-10 14:00:00,9.38,9.67,9.31,9.65,228646.02,122251.09
2026-03-10 15:00:00,9.64,9.81,9.62,9.77,659327.59,307366.48
2026-03-10 16:00:00,9.77,9.96,9.69,9.84,476260.69,233737.07
2026-03-10 17:00:00,9.83,9.96,9.82,9.88,318348.64,142941.07
2026-03-10 18:00:00,9.87,9.89,9.61,9.63,254613.91,115460.8
2026-03-10 19:00:00,9.63,9.65,9.55,9.6,119544.24,60580.38
2026-03-10 20:00:00,9.6,9.66,9.59,9.63,60965.3,30288.56
2026-03-10 21:00:00,9.63,9.66,9.51,9.54,92179.52,48412.37
2026-03-10 22:00:00,9.55,9.59,9.5,9.5,56312.78,29323.18
2026-03-10 23:00:00,9.5,9.54,9.49,9.53,63565.33,37930.6
2026-03-11 00:00:00,9.53,9.59,9.5,9.56,87770.34,57031.34
2026-03-11 01:00:00,9.56,9.57,9.5,9.56,60999.74,37609.69
2026-03-11 02:00:00,9.56,9.57,9.48,9.57,54528.58,26445.16
2026-03-11 03:00:00,9.56,9.6,9.54,9.54,56788.87,21518.99
2026-03-11 04:00:00,9.55,9.7,9.52,9.7,76693.15,41201.15
2026-03-11 05:00:00,9.69,9.74,9.49,9.5,80937.56,31369.86
2026-03-11 06:00:00,9.5,9.63,9.49,9.62,69726.39,34838.4
2026-03-11 07:00:00,9.62,9.62,9.49,9.51,48924.59,23247.57
2026-03-11 08:00:00,9.51,9.57,9.49,9.55,69719.68,44004.58
2026-03-11 09:00:00,9.55,9.57,9.5,9.52,37017.69,15614.84
2026-03-11 10:00:00,9.52,9.6,9.51,9.58,30635.54,15886
2026-03-11 11:00:00,9.58,9.62,9.54,9.55,38924.3,15849.58
2026-03-11 12:00:00,9.56,9.68,9.52,9.6,125754.71,64344.34
2026-03-11 13:00:00,9.61,9.86,9.6,9.72,165138.19,77063.47
2026-03-11 14:00:00,9.71,9.79,9.65,9.68,121508.66,55935.6
2026-03-11 15:00:00,9.69,9.7,9.51,9.6,126649.45,74043.07
2026-03-11 16:00:00,9.6,9.68,9.57,9.64,104393.83,51691.33
2026-03-11 17:00:00,9.64,9.75,9.61,9.68,115553.86,71196.67
2026-03-11 18:00:00,9.68,9.76,9.67,9.74,155022,96374.79
2026-03-11 19:00:00,9.74,9.75,9.69,9.7,56800.85,28912.55
2026-03-11 20:00:00,9.7,9.71,9.64,9.67,59486.78,21365.29
2026-03-11 21:00:00,9.67,9.67,9.61,9.65,69162.21,30833.24
2026-03-11 22:00:00,9.64,9.66,9.58,9.6,83665.2,33906.54
2026-03-11 23:00:00,9.61,9.62,9.53,9.55,44882.36,21195.85
2026-03-12 00:00:00,9.56,9.57,9.52,9.55,66347.54,35777.55
2026-03-12 01:00:00,9.54,9.55,9.49,9.51,57824.08,25595.97
2026-03-12 02:00:00,9.51,9.53,9.43,9.45,92808.21,50690.76
2026-03-12 03:00:00,9.45,9.52,9.44,9.49,45821.88,25500.43
2026-03-12 04:00:00,9.49,9.53,9.47,9.48,39058.37,19263.29
2026-03-12 05:00:00,9.48,9.5,9.45,9.47,22782.43,10272.82
2026-03-12 06:00:00,9.47,9.55,9.46,9.53,43923.94,19565.54
2026-03-12 07:00:00,9.53,9.59,9.5,9.59,71009.22,42809.71
2026-03-12 08:00:00,9.58,9.65,9.54,9.58,47721.01,23411.77
2026-03-12 09:00:00,9.58,9.64,9.51,9.59,73028.35,36890.7
2026-03-12 10:00:00,9.58,9.66,9.57,9.62,84224.12,46167.39
2026-03-12 11:00:00,9.61,9.63,9.55,9.57,50372.61,26037.17
2026-03-12 12:00:00,9.58,9.65,9.54,9.61,57182.11,31861.66
2026-03-12 13:00:00,9.61,9.64,9.51,9.57,92000.63,55341.42
2026-03-12 14:00:00,9.57,9.64,9.44,9.51,168215.67,81126.13
2026-03-12 15:00:00,9.5,9.63,9.49,9.59,88465.94,43052.51
2026-03-12 16:00:00,9.59,9.62,9.53,9.59,76148.98,33611.45
2026-03-12 17:00:00,9.6,9.61,9.52,9.55,33148.3,15028.34
2026-03-12 18:00:00,9.56,9.59,9.53,9.54,33215.32,14259.95
2026-03-12 19:00:00,9.54,9.62,9.52,9.61,54228.5,25634.29
2026-03-12 20:00:00,9.6,9.62,9.59,9.61,36391.49,10160.68
2026-03-12 21:00:00,9.61,9.67,9.61,9.66,41052.85,12777.63
2026-03-12 22:00:00,9.65,9.69,9.62,9.65,66984.86,36697.29
2026-03-12 23:00:00,9.65,9.74,9.65,9.67,141092.05,82778.78
2026-03-13 00:00:00,9.67,9.95,9.65,9.82,329200.03,142941
2026-03-13 01:00:00,9.82,9.97,9.82,9.95,168661.8,76136.8
2026-03-13 02:00:00,9.96,10.01,9.86,9.89,242010.99,105920.67
2026-03-13 03:00:00,9.9,9.98,9.85,9.95,154660.68,69685.34
2026-03-13 04:00:00,9.95,9.95,9.87,9.91,79546.41,35135.95
2026-03-13 05:00:00,9.92,10,9.88,9.95,86182.41,39330.43
2026-03-13 06:00:00,9.96,9.97,9.82,9.86,92122.33,44770.16
2026-03-13 07:00:00,9.85,9.89,9.82,9.85,45031.28,26816.2
2026-03-13 08:00:00,9.86,9.94,9.8,9.85,88975.14,41062.83
2026-03-13 09:00:00,9.84,9.97,9.81,9.95,60057.76,26851.68
2026-03-13 10:00:00,9.95,10.04,9.94,10.01,105194.97,53660.41
2026-03-13 11:00:00,10.02,10.02,9.98,10.01,88405.87,36157
2026-03-13 12:00:00,10.01,10.18,9.99,10.09,348893.55,208608.06
2026-03-13 13:00:00,10.09,10.29,10.07,10.22,458730.68,265953.58
2026-03-13 14:00:00,10.22,10.27,9.94,9.97,350092.11,152755.5
2026-03-13 15:00:00,9.97,10.04,9.87,9.89,200183.59,107150.92
2026-03-13 16:00:00,9.89,9.93,9.83,9.89,123258.7,66809.78
2026-03-13 17:00:00,9.89,9.92,9.73,9.76,145145.47,73430.61
2026-03-13 18:00:00,9.76,9.83,9.74,9.79,82126.4,47083.6
2026-03-13 19:00:00,9.79,9.79,9.74,9.77,88095.39,45523.96
2026-03-13 20:00:00,9.78,9.81,9.75,9.79,52447.58,24591.52
2026-03-13 21:00:00,9.8,9.83,9.74,9.76,50064.59,26477.17
2026-03-13 22:00:00,9.76,9.77,9.67,9.71,122702.62,56822.6
2026-03-13 23:00:00,9.71,9.73,9.69,9.72,44840.91,23397.69
2026-03-14 00:00:00,9.72,9.72,9.65,9.67,93481.25,41016.61
2026-03-14 01:00:00,9.66,9.71,9.63,9.7,75231.6,40070.81
2026-03-14 02:00:00,9.7,9.73,9.67,9.71,51445.21,17873.2
2026-03-14 03:00:00,9.71,9.76,9.7,9.74,69243.17,26010.89
2026-03-14 04:00:00,9.74,9.78,9.7,9.71,107074.47,36128.8
2026-03-14 05:00:00,9.72,9.72,9.64,9.67,73563.73,29323.79
2026-03-14 06:00:00,9.67,9.67,9.58,9.62,73142.47,32821.54
2026-03-14 07:00:00,9.62,9.62,9.59,9.59,29685.52,16710.27
2026-03-14 08:00:00,9.59,9.62,9.58,9.59,40767.44,21966.97
2026-03-14 09:00:00,9.6,9.62,9.55,9.56,37713.08,23205.59
2026-03-14 10:00:00,9.56,9.57,9.52,9.55,152690.01,77348.43
2026-03-14 11:00:00,9.55,9.59,9.54,9.58,49919.16,26704.65
2026-03-14 12:00:00,9.57,9.58,9.54,9.56,38669.25,24939.35
2026-03-14 13:00:00,9.57,9.59,9.55,9.58,42772.43,23894.19
2026-03-14 14:00:00,9.58,9.59,9.54,9.55,27710.6,14410.76
2026-03-14 15:00:00,9.55,9.58,9.54,9.56,30129.76,18576.63
2026-03-14 16:00:00,9.56,9.61,9.55,9.6,15158.48,10305.4
2026-03-14 17:00:00,9.61,9.61,9.57,9.58,14729.15,5384.41
2026-03-14 18:00:00,9.58,9.59,9.55,9.57,30574.1,15156.83
2026-03-14 19:00:00,9.57,9.58,9.56,9.57,14106.96,10662.93
2026-03-14 20:00:00,9.57,9.6,9.56,9.59,25014.85,14484.91
2026-03-14 21:00:00,9.59,9.62,9.57,9.61,27075.47,12940.64
2026-03-14 22:00:00,9.62,9.64,9.61,9.62,40432.93,27278.21
2026-03-14 23:00:00,9.63,9.73,9.63,9.73,75043.79,41015.24
2026-03-15 00:00:00,9.73,9.74,9.68,9.69,66799.8,25153.7
2026-03-15 01:00:00,9.69,9.73,9.65,9.71,34639.59,18563.14
2026-03-15 02:00:00,9.72,9.8,9.7,9.78,69928.17,31029.13
2026-03-15 03:00:00,9.79,9.81,9.69,9.71,65565.29,25451.76
2026-03-15 04:00:00,9.71,9.76,9.68,9.72,25481.63,9980.37
2026-03-15 05:00:00,9.71,9.76,9.69,9.71,38282.82,21631.61
2026-03-15 06:00:00,9.72,9.73,9.66,9.7,26780.67,11343.09
2026-03-15 07:00:00,9.71,9.75,9.7,9.72,22904.85,9170.03
2026-03-15 08:00:00,9.72,9.79,9.71,9.78,37877.89,19849.66
2026-03-15 09:00:00,9.79,9.87,9.78,9.78,88148.92,40244.02
2026-03-15 10:00:00,9.78,9.83,9.78,9.8,30297.23,15427.52
2026-03-15 11:00:00,9.81,9.82,9.79,9.8,43657.79,18282.34
2026-03-15 12:00:00,9.8,9.88,9.79,9.84,49872.12,26970.26
2026-03-15 13:00:00,9.84,9.85,9.7,9.76,63305.63,24190.51
2026-03-15 14:00:00,9.76,9.81,9.71,9.75,43333.44,23736.59
2026-03-15 15:00:00,9.76,9.76,9.71,9.71,20773.89,7933.93
2026-03-15 16:00:00,9.71,9.74,9.68,9.7,30864.42,10926.45
2026-03-15 17:00:00,9.7,9.8,9.69,9.77,53795.97,25491.07
2026-03-15 18:00:00,9.77,9.8,9.67,9.69,34154.98,15574.19
2026-03-15 19:00:00,9.7,9.78,9.68,9.77,49123.96,30645.18
2026-03-15 20:00:00,9.76,9.84,9.73,9.79,47389.87,27857.58
2026-03-15 21:00:00,9.8,9.87,9.76,9.84,69121.64,36574.24
2026-03-15 22:00:00,9.85,10.02,9.79,9.97,199400.25,110178.61
2026-03-15 23:00:00,9.98,10.04,9.87,9.95,213871.99,104316.45
2026-03-16 00:00:00,9.94,10,9.89,9.94,113318.71,46721.85
2026-03-16 01:00:00,9.94,10.04,9.88,10.01,88803.14,46539.09
2026-03-16 02:00:00,10,10.03,9.89,9.96,69297.5,28680.1
2026-03-16 03:00:00,9.96,10.41,9.95,10.26,569419.83,272353.35
2026-03-16 04:00:00,10.27,10.47,10.26,10.43,303957.39,138200.36
2026-03-16 05:00:00,10.42,10.52,10.38,10.49,315736.78,149623.15
2026-03-16 06:00:00,10.49,10.5,10.39,10.41,142254.6,54808.29
2026-03-16 07:00:00,10.41,10.46,10.34,10.37,143283.13,60436.47
2026-03-16 08:00:00,10.37,10.45,10.23,10.24,202005.81,78510.88
2026-03-16 09:00:00,10.24,10.31,10.24,10.27,65658.75,32361.22
2026-03-16 10:00:00,10.27,10.3,10.19,10.27,147974.05,82844.63
2026-03-16 11:00:00,10.27,10.29,10.18,10.22,71726.67,45677.61
2026-03-16 12:00:00,10.21,10.28,10.16,10.18,266474.93,135149.77
2026-03-16 13:00:00,10.17,10.28,10.15,10.19,324048.95,190552.33
2026-03-16 14:00:00,10.2,10.24,10.04,10.14,294645.58,141831.88
2026-03-16 15:00:00,10.15,10.2,10.07,10.08,203459.07,96899.69
2026-03-16 16:00:00,10.08,10.27,10.07,10.25,174038.51,107474.72
2026-03-16 17:00:00,10.25,10.31,10.21,10.26,105046.8,56311.92
2026-03-16 18:00:00,10.25,10.34,10.23,10.24,138907.35,81679.83
2026-03-16 19:00:00,10.24,10.33,10.19,10.27,204992.15,127614.78
2026-03-16 20:00:00,10.28,10.38,10.26,10.33,89227.36,43416.96
2026-03-16 21:00:00,10.33,10.45,10.32,10.38,194828.55,95323.43
2026-03-16 22:00:00,10.38,10.51,10.37,10.5,164397.47,91336.4
2026-03-16 23:00:00,10.5,10.51,10.35,10.49,173454.81,75054.44
2026-03-17 00:00:00,10.48,10.55,10.45,10.5,319314.5,186784.34
2026-03-17 01:00:00,10.51,10.52,10.44,10.5,197609.62,114726.09
2026-03-17 02:00:00,10.5,10.51,10.45,10.48,142973.6,65946.41
2026-03-17 03:00:00,10.47,10.48,10.28,10.35,168888.24,90341.73
2026-03-17 04:00:00,10.35,10.39,10.25,10.29,161542.85,81280.45
2026-03-17 05:00:00,10.29,10.33,10.24,10.28,105399.17,49576.11
2026-03-17 06:00:00,10.29,10.38,10.25,10.3,86954.18,44313.28
2026-03-17 07:00:00,10.29,10.39,10.29,10.31,67591.06,33097.86
2026-03-17 08:00:00,10.32,10.36,10.27,10.29,104936.72,49148.51
2026-03-17 09:00:00,10.29,10.31,10.25,10.27,145098.76,76601.41
2026-03-17 10:00:00,10.27,10.3,10.23,10.26,196739.97,92252.68
2026-03-17 11:00:00,10.27,10.31,10.26,10.26,78408.41,42630.39
2026-03-17 12:00:00,10.26,10.28,10.21,10.24,160002.47,88416
2026-03-17 13:00:00,10.25,10.3,10.23,10.25,174346.5,92158.38
2026-03-17 14:00:00,10.26,10.31,10.23,10.28,130268.96,68146.99
2026-03-17 15:00:00,10.28,10.34,10.22,10.27,176993.71,79435.75
2026-03-17 16:00:00,10.27,10.33,10.25,10.27,101982.3,51280.37
2026-03-17 17:00:00,10.26,10.31,10.25,10.29,55873.14,27135.5
2026-03-17 18:00:00,10.29,10.33,10.27,10.3,46960.86,21450.47
2026-03-17 19:00:00,10.3,10.31,10.24,10.25,47942.69,21542.87
2026-03-17 20:00:00,10.25,10.3,10.24,10.28,35435.67,17817.56
2026-03-17 21:00:00,10.28,10.33,10.27,10.3,62147.46,31440.53
2026-03-17 22:00:00,10.3,10.34,10.22,10.27,62837.84,29789.55
2026-03-17 23:00:00,10.26,10.27,10.18,10.2,129805.47,54604.9
2026-03-18 00:00:00,10.2,10.23,10.16,10.2,157149.9,72349.53
2026-03-18 01:00:00,10.21,10.25,10.2,10.23,39489.42,23087.14
2026-03-18 02:00:00,10.22,10.3,10.22,10.26,67311.91,35526.24
2026-03-18 03:00:00,10.27,10.36,10.26,10.32,73155.95,35085.12
2026-03-18 04:00:00,10.32,10.32,10.23,10.25,33341.73,16273.16
2026-03-18 05:00:00,10.26,10.33,10.22,10.24,51073.93,21994.32
2026-03-18 06:00:00,10.25,10.32,10.24,10.26,32636.78,18218.02
2026-03-18 07:00:00,10.26,10.26,10.22,10.25,38756.51,19368.82
2026-03-18 08:00:00,10.25,10.29,10.24,10.25,36513.53,16492.48
2026-03-18 09:00:00,10.24,10.28,10.24,10.25,34639.42,16936
2026-03-18 10:00:00,10.25,10.26,10.2,10.21,54218.17,33919.83
2026-03-18 11:00:00,10.21,10.25,9.93,9.98,385320.69,191615.54
2026-03-18 12:00:00,9.98,9.98,9.73,9.81,463133.36,269579.98
2026-03-18 13:00:00,9.8,9.84,9.75,9.8,195413.06,120573.51
2026-03-18 14:00:00,9.8,9.81,9.56,9.57,366830.06,199923.94
2026-03-18 15:00:00,9.57,9.59,9.48,9.57,248802.64,135584.67
2026-03-18 16:00:00,9.56,9.57,9.49,9.54,176182.28,92496.84
2026-03-18 17:00:00,9.54,9.65,9.52,9.62,151154.04,83550.55
2026-03-18 18:00:00,9.63,9.72,9.56,9.6,283822.83,144488.71
2026-03-18 19:00:00,9.6,9.68,9.59,9.62,109029.31,51541.14
2026-03-18 20:00:00,9.62,9.68,9.54,9.66,100167.81,52042.47
2026-03-18 21:00:00,9.66,9.74,9.66,9.72,70625.14,29643.74
2026-03-18 22:00:00,9.72,9.72,9.66,9.69,65498.78,31699.58
2026-03-18 23:00:00,9.7,9.71,9.63,9.69,53484.17,22618.37
2026-03-19 00:00:00,9.68,9.7,9.65,9.66,36595.49,16930.97
2026-03-19 01:00:00,9.67,9.69,9.65,9.66,20893.32,9877.68
2026-03-19 02:00:00,9.66,9.67,9.61,9.62,58873.94,35644.9
2026-03-19 03:00:00,9.63,9.75,9.62,9.67,106609.08,58123.79
2026-03-19 04:00:00,9.66,9.67,9.61,9.62,38615.72,23503.94
2026-03-19 05:00:00,9.62,9.64,9.59,9.6,28219.45,14175.85
2026-03-19 06:00:00,9.61,9.63,9.57,9.6,53168.02,28446.79
2026-03-19 07:00:00,9.6,9.61,9.44,9.51,128428.61,59631.65
2026-03-19 08:00:00,9.52,9.55,9.48,9.52,53990.25,31280.46
2026-03-19 09:00:00,9.52,9.61,9.51,9.6,67332.09,44368.81
2026-03-19 10:00:00,9.6,9.62,9.54,9.55,24641.09,9939.37
2026-03-19 11:00:00,9.54,9.58,9.53,9.54,30171.91,21010.24
2026-03-19 12:00:00,9.55,9.55,9.43,9.44,62097.25,30689.17
2026-03-19 13:00:00,9.43,9.49,9.36,9.47,131691.83,70038.81
2026-03-19 14:00:00,9.48,9.51,9.37,9.43,74298.84,31775.71
2026-03-19 15:00:00,9.43,9.48,9.33,9.4,88192.03,42892.3
2026-03-19 16:00:00,9.41,9.41,9.35,9.37,52723.14,26250.68
2026-03-19 17:00:00,9.38,9.48,9.33,9.46,52099.68,27682.14
2026-03-19 18:00:00,9.47,9.47,9.42,9.46,29186.07,17937.67
2026-03-19 19:00:00,9.46,9.58,9.45,9.51,77882.93,42791.55
2026-03-19 20:00:00,9.51,9.55,9.49,9.5,41056.83,22274.5
2026-03-19 21:00:00,9.51,9.53,9.5,9.52,23348.81,12699.66
2026-03-19 22:00:00,9.52,9.52,9.42,9.46,49015.78,21037.38
2026-03-19 23:00:00,9.47,9.5,9.44,9.48,32791.64,18698.4
2026-03-20 00:00:00,9.48,9.53,9.46,9.52,27386.22,17334.99
2026-03-20 01:00:00,9.53,9.6,9.52,9.56,32822.98,17477.91
2026-03-20 02:00:00,9.56,9.57,9.5,9.55,33498.66,16468.29
2026-03-20 03:00:00,9.54,9.58,9.52,9.57,30459.82,17937.29
2026-03-20 04:00:00,9.57,9.58,9.52,9.58,24211.21,11449.9
2026-03-20 05:00:00,9.57,9.6,9.55,9.57,21108.04,11481.88
2026-03-20 06:00:00,9.56,9.56,9.51,9.51,20650.38,7742.33
2026-03-20 07:00:00,9.51,9.56,9.45,9.53,49282.71,17608.22
2026-03-20 08:00:00,9.53,9.61,9.52,9.58,86688.88,30494.19
2026-03-20 09:00:00,9.57,9.57,9.49,9.53,46759.89,28979.48
2026-03-20 10:00:00,9.53,9.56,9.49,9.54,27716,14864.14
2026-03-20 11:00:00,9.55,9.59,9.49,9.52,43785.2,13596.74
2026-03-20 12:00:00,9.52,9.55,9.47,9.49,37463.77,14876.94
2026-03-20 13:00:00,9.49,9.54,9.44,9.46,75223.59,33096.72
2026-03-20 14:00:00,9.45,9.54,9.42,9.45,86024.14,39988.35
2026-03-20 15:00:00,9.45,9.5,9.42,9.49,44988.17,20618.6
2026-03-20 16:00:00,9.49,9.51,9.45,9.48,44229.84,24071.7
2026-03-20 17:00:00,9.47,9.5,9.41,9.5,42165.8,21559.42
2026-03-20 18:00:00,9.5,9.54,9.44,9.47,200627.15,116759.25
2026-03-20 19:00:00,9.47,9.54,9.43,9.53,79974.7,43603.88
2026-03-20 20:00:00,9.54,9.55,9.45,9.52,63225.92,28010.41
2026-03-20 21:00:00,9.51,9.61,9.48,9.57,87853.89,50075.57
2026-03-20 22:00:00,9.58,9.65,9.57,9.59,119219.87,55976.09
2026-03-20 23:00:00,9.58,9.59,9.53,9.56,43817.82,23757.64
2026-03-21 00:00:00,9.57,9.61,9.53,9.56,55054.28,24113.93
2026-03-21 01:00:00,9.56,9.59,9.53,9.55,30788.09,15309.55
2026-03-21 02:00:00,9.55,9.61,9.53,9.61,31080.49,16875.48
2026-03-21 03:00:00,9.61,9.62,9.57,9.59,24022.92,11151.84
2026-03-21 04:00:00,9.59,9.62,9.55,9.57,23763.68,8931.02
2026-03-21 05:00:00,9.57,9.62,9.56,9.59,23244.82,12718.82
2026-03-21 06:00:00,9.59,9.64,9.58,9.62,32718.47,12877.06
2026-03-21 07:00:00,9.62,9.63,9.58,9.59,39113.9,15310.91
2026-03-21 08:00:00,9.59,9.59,9.54,9.57,140686.64,51572.06
2026-03-21 09:00:00,9.57,9.6,9.54,9.55,40131.03,19706.52
2026-03-21 10:00:00,9.54,9.55,9.49,9.5,40717.33,19447.5
2026-03-21 11:00:00,9.5,9.52,9.49,9.51,15863.5,7400.05
2026-03-21 12:00:00,9.5,9.52,9.49,9.51,37570.6,13785.21
2026-03-21 13:00:00,9.5,9.51,9.48,9.49,11302.19,4193.97
2026-03-21 14:00:00,9.5,9.55,9.46,9.47,47052.64,29041.89
2026-03-21 15:00:00,9.47,9.55,9.47,9.54,24764.49,12622.53
2026-03-21 16:00:00,9.54,9.57,9.49,9.49,43533.53,19587.35
2026-03-21 17:00:00,9.5,9.51,9.48,9.5,26770.93,13827.1
2026-03-21 18:00:00,9.5,9.51,9.48,9.49,17884.99,9030.23
2026-03-21 19:00:00,9.49,9.5,9.47,9.5,14827.82,8657.78
2026-03-21 20:00:00,9.5,9.53,9.49,9.53,20987.08,10202.63
2026-03-21 21:00:00,9.53,9.53,9.5,9.5,17698.34,7974.9
2026-03-21 22:00:00,9.5,9.52,9.48,9.5,23576.89,11383.52
2026-03-21 23:00:00,9.5,9.5,9.15,9.21,260668.31,130303.63
2026-03-22 00:00:00,9.21,9.27,9.05,9.22,202708.34,98766.5
2026-03-22 01:00:00,9.23,9.26,9.2,9.23,61495.32,37565.94
2026-03-22 02:00:00,9.23,9.32,9.22,9.29,45527.87,27378.81
2026-03-22 03:00:00,9.28,9.36,9.25,9.28,39627.06,24251.16
2026-03-22 04:00:00,9.28,9.32,9.26,9.3,49776.21,27918.16
2026-03-22 05:00:00,9.3,9.31,9.24,9.25,35649.86,17287.18
2026-03-22 06:00:00,9.24,9.25,9.21,9.24,26370.92,16023.8
2026-03-22 07:00:00,9.24,9.26,9.19,9.19,49940.18,27481.06
2026-03-22 08:00:00,9.19,9.19,9.1,9.15,92614.31,44628.92
2026-03-22 09:00:00,9.16,9.19,9.12,9.14,36677.99,20549.07
2026-03-22 10:00:00,9.14,9.14,9.09,9.11,48169.07,29221.57
2026-03-22 11:00:00,9.11,9.12,9.06,9.07,47962.32,25748.9
2026-03-22 12:00:00,9.06,9.14,9.06,9.12,44086.55,29642.75
2026-03-22 13:00:00,9.12,9.14,9.07,9.1,50291.89,31660.68
2026-03-22 14:00:00,9.1,9.14,9.07,9.08,51646.38,29016.69
2026-03-22 15:00:00,9.09,9.11,9.07,9.1,44790.52,25716.58
2026-03-22 16:00:00,9.1,9.11,9.08,9.08,39169.39,20816.12
2026-03-22 17:00:00,9.08,9.1,9.06,9.08,33931.85,19083.81
2026-03-22 18:00:00,9.07,9.09,8.99,9.04,98141.97,54145.36
2026-03-22 19:00:00,9.04,9.04,8.95,8.98,92549.13,41380.97
2026-03-22 20:00:00,8.98,9.03,8.96,8.99,86618.92,42952.88
2026-03-22 21:00:00,8.99,8.99,8.87,8.98,118905.39,59101.93
2026-03-22 22:00:00,8.98,9.09,8.93,9.05,170540.24,77048.84
2026-03-22 23:00:00,9.05,9.09,9.01,9.03,40845.88,22087.84
2026-03-23 00:00:00,9.03,9.07,8.99,9.05,56505.22,27923.81
2026-03-23 01:00:00,9.04,9.11,9.03,9.07,45226.7,22176.21
2026-03-23 02:00:00,9.07,9.14,9.05,9.12,42142.26,22842.8
2026-03-23 03:00:00,9.12,9.19,9.09,9.1,37412.75,20548.36
2026-03-23 04:00:00,9.11,9.16,9.1,9.16,28380.15,16087.94
2026-03-23 05:00:00,9.15,9.18,9.11,9.16,32087.38,15143.97
2026-03-23 06:00:00,9.16,9.16,8.99,9.03,58852.91,26869.48
2026-03-23 07:00:00,9.03,9.06,8.95,9.02,70517.23,32690.21
2026-03-23 08:00:00,9.03,9.06,8.97,8.98,51520.04,23052.93
2026-03-23 09:00:00,8.99,9.02,8.92,9,59531.72,32077.8
2026-03-23 10:00:00,9.01,9.06,8.98,9,39353.64,18899.84
2026-03-23 11:00:00,9.01,9.59,9,9.38,1050664.88,588591.73
2026-03-23 12:00:00,9.39,9.49,9.34,9.47,231861.34,110858.25
2026-03-23 13:00:00,9.47,9.64,9.43,9.62,168186.83,87070.79
2026-03-23 14:00:00,9.63,9.76,9.59,9.64,287716.02,146768.16
2026-03-23 15:00:00,9.64,9.67,9.4,9.42,199863.66,92868.14
2026-03-23 16:00:00,9.42,9.48,9.36,9.46,88999.36,39589.59
2026-03-23 17:00:00,9.46,9.56,9.43,9.52,80931.79,44675.93
2026-03-23 18:00:00,9.53,9.55,9.43,9.53,95350.19,47530.01
2026-03-23 19:00:00,9.53,9.58,9.45,9.47,57736.27,29426.5
2026-03-23 20:00:00,9.46,9.54,9.44,9.54,37567.17,18371.69
2026-03-23 21:00:00,9.54,9.58,9.52,9.57,42207.93,22170.62
2026-03-23 22:00:00,9.57,9.58,9.51,9.56,87788.21,49350.89
2026-03-23 23:00:00,9.56,9.57,9.49,9.56,54555.04,22593.79
2026-03-24 00:00:00,9.56,9.59,9.48,9.54,101499.44,45707.76
2026-03-24 01:00:00,9.53,9.54,9.45,9.5,58988.12,26324.44
2026-03-24 02:00:00,9.51,9.57,9.49,9.52,57205.38,24484.27
2026-03-24 03:00:00,9.52,9.6,9.51,9.57,49654.83,25978.41
2026-03-24 04:00:00,9.58,9.62,9.5,9.52,40198.18,16715.35
2026-03-24 05:00:00,9.52,9.56,9.47,9.53,37760.08,18537.31
2026-03-24 06:00:00,9.53,9.55,9.49,9.55,42774.93,25223.11
2026-03-24 07:00:00,9.55,9.62,9.54,9.6,95587.36,48852.98
2026-03-24 08:00:00,9.61,9.64,9.56,9.59,62098.94,26475.3
2026-03-24 09:00:00,9.59,9.62,9.54,9.6,51261.77,28369.38
2026-03-24 10:00:00,9.59,9.6,9.55,9.57,44109.17,24802.42
2026-03-24 11:00:00,9.57,9.57,9.51,9.55,47844.12,30578.23
2026-03-24 12:00:00,9.55,9.56,9.51,9.55,33616.36,15231.54
2026-03-24 13:00:00,9.55,9.56,9.43,9.45,123325.26,57955.39
2026-03-24 14:00:00,9.45,9.5,9.39,9.47,130062.23,71389.11
2026-03-24 15:00:00,9.47,9.5,9.44,9.44,70694.05,30540.18
2026-03-24 16:00:00,9.44,9.48,9.4,9.4,56875.41,30543.05
2026-03-24 17:00:00,9.4,9.42,9.35,9.39,58657.1,27106.47
2026-03-24 18:00:00,9.39,9.45,9.38,9.41,30850.41,15611.83
2026-03-24 19:00:00,9.41,9.43,9.38,9.39,25915.51,11814.57
2026-03-24 20:00:00,9.39,9.58,9.38,9.56,112267.74,46209.26
2026-03-24 21:00:00,9.56,9.58,9.51,9.56,86152.09,31263.94
2026-03-24 22:00:00,9.56,9.6,9.54,9.57,70870.23,26677.21
2026-03-24 23:00:00,9.58,9.65,9.56,9.62,81754.52,29870.2
2026-03-25 00:00:00,9.63,9.66,9.58,9.64,94980.26,39551.39
2026-03-25 01:00:00,9.64,9.65,9.6,9.6,57138.31,21371.47
2026-03-25 02:00:00,9.6,9.62,9.58,9.58,44792.54,20715.39
2026-03-25 03:00:00,9.58,9.63,9.56,9.62,47592.28,19850.57
2026-03-25 04:00:00,9.62,9.66,9.6,9.64,45962.21,21742.83
2026-03-25 05:00:00,9.64,9.69,9.62,9.64,93550.95,42793.88
2026-03-25 06:00:00,9.64,9.69,9.61,9.64,88592.99,34339.72
2026-03-25 07:00:00,9.65,9.71,9.63,9.64,73672.76,24963.75
2026-03-25 08:00:00,9.65,9.74,9.62,9.7,115156.26,53161.9
2026-03-25 09:00:00,9.69,9.72,9.65,9.71,43578.82,20377.15
2026-03-25 10:00:00,9.7,9.74,9.69,9.71,65066.25,25888.68
2026-03-25 11:00:00,9.72,9.78,9.69,9.75,175473.89,88861.25
2026-03-25 12:00:00,9.75,9.8,9.67,9.74,135350.26,52482.31
2026-03-25 13:00:00,9.73,9.77,9.71,9.73,126070.28,48884.42
2026-03-25 14:00:00,9.73,9.74,9.69,9.7,76217.74,29840.03
2026-03-25 15:00:00,9.7,9.71,9.59,9.67,87770.94,39520.57
2026-03-25 16:00:00,9.67,9.76,9.65,9.7,142902,72303.48
2026-03-25 17:00:00,9.71,9.71,9.63,9.65,60690.74,29579.67
2026-03-25 18:00:00,9.65,9.7,9.65,9.66,47969.12,22607.25
2026-03-25 19:00:00,9.66,9.71,9.65,9.68,46736.44,20879.57
2026-03-25 20:00:00,9.68,9.69,9.61,9.65,33708.27,14265.09
2026-03-25 21:00:00,9.65,9.68,9.63,9.64,33698.57,16320.9
2026-03-25 22:00:00,9.65,9.73,9.64,9.68,51271.01,21536.75
2026-03-25 23:00:00,9.68,9.7,9.66,9.68,27566.05,13103.5
2026-03-26 00:00:00,9.69,9.69,9.65,9.68,37451.1,16783.38
2026-03-26 01:00:00,9.68,9.69,9.64,9.67,31709.62,13441.04
2026-03-26 02:00:00,9.66,9.67,9.56,9.6,42551.9,18840.81
2026-03-26 03:00:00,9.59,9.61,9.54,9.57,40498.16,18624.18
2026-03-26 04:00:00,9.57,9.57,9.53,9.55,39004.62,15765.81
2026-03-26 05:00:00,9.55,9.56,9.44,9.45,105399.89,56209.17
2026-03-26 06:00:00,9.44,9.46,9.42,9.43,72568.77,45849.72
2026-03-26 07:00:00,9.43,9.46,9.41,9.44,55935.03,35305.56
2026-03-26 08:00:00,9.45,9.45,9.38,9.41,70180.94,38010.22
2026-03-26 09:00:00,9.41,9.42,9.27,9.29,170420.22,81072.08
2026-03-26 10:00:00,9.29,9.3,9.24,9.26,103416.04,53207.59
2026-03-26 11:00:00,9.27,9.29,9.23,9.23,82040.3,38909.07
2026-03-26 12:00:00,9.23,9.26,9.21,9.25,89995.26,46893.29
2026-03-26 13:00:00,9.25,9.34,9.24,9.3,86503.87,44310.18
2026-03-26 14:00:00,9.3,9.32,9.22,9.24,77634.36,40438.39
2026-03-26 15:00:00,9.24,9.25,9.13,9.18,116485.27,58297.59
2026-03-26 16:00:00,9.19,9.21,9.13,9.14,63187.95,25929.31
2026-03-26 17:00:00,9.14,9.17,9.03,9.06,152321.98,68317.66
2026-03-26 18:00:00,9.06,9.07,8.99,9.02,166729.33,84328.93
2026-03-26 19:00:00,9.03,9.04,8.99,9.02,85909.63,43354.66
2026-03-26 20:00:00,9.01,9.15,9,9.1,212296.17,135586.15
2026-03-26 21:00:00,9.09,9.15,9.08,9.11,65189.18,37223.71
2026-03-26 22:00:00,9.11,9.12,9.07,9.12,52259.29,30693.07
2026-03-26 23:00:00,9.12,9.14,9.08,9.11,44016.69,18591.56
2026-03-27 00:00:00,9.1,9.12,9.08,9.11,50133.82,25402.83
2026-03-27 01:00:00,9.11,9.14,9.07,9.14,54194.97,28548.9
2026-03-27 02:00:00,9.14,9.15,9.11,9.13,22439.98,15243.64
2026-03-27 03:00:00,9.13,9.13,9.07,9.08,31585.23,14467.91
2026-03-27 04:00:00,9.07,9.08,9,9.06,54801.62,30358.81
2026-03-27 05:00:00,9.05,9.1,9.04,9.08,29942.19,18110.64
2026-03-27 06:00:00,9.07,9.1,9.05,9.09,54755.03,34685.34
2026-03-27 07:00:00,9.08,9.1,9.03,9.07,57844.85,31889.48
2026-03-27 08:00:00,9.07,9.08,8.91,8.98,166691.3,65630.17
2026-03-27 09:00:00,8.98,8.99,8.91,8.94,100377.96,63945.73
2026-03-27 10:00:00,8.93,8.96,8.7,8.72,342343.9,170929.07
2026-03-27 11:00:00,8.72,8.77,8.66,8.76,200457.71,110053.31
2026-03-27 12:00:00,8.76,8.79,8.73,8.78,121625.52,61408.82
2026-03-27 13:00:00,8.79,8.84,8.75,8.79,161934.68,92561.72
2026-03-27 14:00:00,8.78,8.83,8.73,8.8,112121.34,48546.04
2026-03-27 15:00:00,8.8,8.89,8.78,8.8,112433.58,60312.96
2026-03-27 16:00:00,8.81,8.81,8.75,8.77,60998.84,31723.2
2026-03-27 17:00:00,8.77,8.82,8.72,8.73,80943.1,40579.4
2026-03-27 18:00:00,8.72,8.74,8.66,8.72,96546.55,51846.57
2026-03-27 19:00:00,8.72,8.77,8.69,8.77,58004.05,33502.45
2026-03-27 20:00:00,8.77,8.78,8.72,8.77,34609.83,21062.88
2026-03-27 21:00:00,8.77,8.81,8.77,8.77,26264.33,11095.22
2026-03-27 22:00:00,8.78,8.79,8.74,8.77,21347.95,14620.56
2026-03-27 23:00:00,8.77,8.8,8.74,8.79,48792.67,25977.02
2026-03-28 00:00:00,8.79,8.79,8.76,8.77,29629.58,15080.47
2026-03-28 01:00:00,8.77,8.77,8.7,8.74,52703.74,31813.74
2026-03-28 02:00:00,8.75,8.78,8.72,8.74,38808.42,26544.64
2026-03-28 03:00:00,8.74,8.76,8.73,8.74,18275.63,8656.26
2026-03-28 04:00:00,8.74,8.75,8.71,8.74,23291.67,12558.3
2026-03-28 05:00:00,8.74,8.77,8.72,8.77,14510.81,9420.4
2026-03-28 06:00:00,8.76,8.8,8.75,8.79,30380.35,17056.41
2026-03-28 07:00:00,8.79,8.83,8.77,8.83,27058.2,17511.68
2026-03-28 08:00:00,8.84,8.85,8.8,8.81,34504.18,16446.2
2026-03-28 09:00:00,8.81,8.82,8.79,8.8,22043.66,8956.27
2026-03-28 10:00:00,8.8,8.84,8.77,8.8,28764.97,13257.18
2026-03-28 11:00:00,8.8,8.82,8.79,8.82,23348.13,15972.4
2026-03-28 12:00:00,8.82,8.84,8.78,8.79,37304.77,20219.76
2026-03-28 13:00:00,8.79,8.94,8.77,8.89,144666.85,74296.48
2026-03-28 14:00:00,8.9,8.93,8.85,8.88,63157.62,34037.68
2026-03-28 15:00:00,8.88,8.99,8.87,8.94,94313.14,44410.64
2026-03-28 16:00:00,8.94,8.95,8.89,8.91,35475.98,13698.93
2026-03-28 17:00:00,8.92,8.94,8.86,8.88,30528.24,12433.53
2026-03-28 18:00:00,8.89,8.92,8.87,8.91,24024.58,10695.35
2026-03-28 19:00:00,8.9,8.91,8.86,8.89,20250.89,10390.97
2026-03-28 20:00:00,8.88,8.91,8.87,8.89,25671.85,14041.19
2026-03-28 21:00:00,8.88,8.89,8.82,8.84,34482.13,15966.16
2026-03-28 22:00:00,8.83,8.85,8.81,8.83,31210.25,17181.49
2026-03-28 23:00:00,8.84,8.84,8.73,8.75,65446.56,29182.54
2026-03-29 00:00:00,8.76,8.78,8.73,8.75,41838.81,19896.36
2026-03-29 01:00:00,8.75,8.78,8.73,8.77,46046.07,27472.86
2026-03-29 02:00:00,8.76,8.79,8.75,8.78,21964.34,11180.42
2026-03-29 03:00:00,8.78,8.82,8.76,8.8,32857.91,17377.53
2026-03-29 04:00:00,8.79,8.81,8.76,8.78,19488.57,12641.47
2026-03-29 05:00:00,8.77,8.78,8.74,8.77,31916.71,16954.22
2026-03-29 06:00:00,8.77,8.79,8.75,8.76,16155.03,6741.72
2026-03-29 07:00:00,8.75,8.76,8.72,8.75,34346.17,17214.13
2026-03-29 08:00:00,8.75,8.76,8.73,8.75,12288.33,7865.28
2026-03-29 09:00:00,8.75,8.76,8.72,8.73,28187.96,15254.19
2026-03-29 10:00:00,8.72,8.72,8.67,8.7,29738.43,15265.47
2026-03-29 11:00:00,8.7,8.75,8.69,8.73,24321.59,12950.06
2026-03-29 12:00:00,8.72,8.73,8.68,8.7,26275.49,15505.81
2026-03-29 13:00:00,8.71,8.71,8.62,8.65,78350.91,44092.23
2026-03-29 14:00:00,8.65,8.71,8.64,8.69,48892.51,32413.26
2026-03-29 15:00:00,8.69,8.71,8.63,8.66,62487.48,35993.24
2026-03-29 16:00:00,8.66,8.68,8.63,8.63,35855.13,19593.44
2026-03-29 17:00:00,8.63,8.65,8.57,8.61,65821.53,39697.8
2026-03-29 18:00:00,8.61,8.64,8.59,8.62,23876.36,15490.07
2026-03-29 19:00:00,8.62,8.64,8.6,8.61,24891.72,15955.17
2026-03-29 20:00:00,8.61,8.68,8.6,8.65,28082.87,12416.51
2026-03-29 21:00:00,8.65,8.67,8.64,8.67,17781.5,6956.24
2026-03-29 22:00:00,8.66,8.66,8.37,8.56,245507.54,122956.34
2026-03-29 23:00:00,8.56,8.63,8.53,8.6,119752.12,62441.27
2026-03-30 00:00:00,8.6,8.76,8.56,8.67,120069.34,72712.75
2026-03-30 01:00:00,8.67,8.75,8.67,8.73,52541.85,30425.27
2026-03-30 02:00:00,8.73,8.86,8.72,8.8,105859.46,55901.33
2026-03-30 03:00:00,8.8,8.83,8.76,8.81,34438.15,18811.13
2026-03-30 04:00:00,8.81,8.86,8.81,8.85,56873.32,32043.66
2026-03-30 05:00:00,8.85,8.89,8.82,8.84,51001.62,24154.01
2026-03-30 06:00:00,8.84,8.86,8.8,8.82,30541.13,10487.41
2026-03-30 07:00:00,8.82,8.92,8.81,8.92,45051.16,26119.86
2026-03-30 08:00:00,8.92,9.08,8.91,9,185865.74,93700.41
2026-03-30 09:00:00,9.01,9.02,8.91,8.92,38145.97,11808.33
2026-03-30 10:00:00,8.91,8.94,8.89,8.94,39718.65,18994.11
2026-03-30 11:00:00,8.93,9.05,8.93,8.99,166300.87,70642.29
2026-03-30 12:00:00,8.99,9.01,8.96,9,38746.42,20007.83
2026-03-30 13:00:00,9.01,9.03,8.93,8.94,84964.46,39989.97
2026-03-30 14:00:00,8.95,8.98,8.87,8.98,92519.94,45278.49
2026-03-30 15:00:00,8.98,8.99,8.9,8.94,42095.21,19208.32
2026-03-30 16:00:00,8.95,8.96,8.88,8.92,91334.28,29970.78
2026-03-30 17:00:00,8.91,8.94,8.82,8.84,86071.41,38894.79
2026-03-30 18:00:00,8.85,8.86,8.77,8.79,82256.45,41882.06
2026-03-30 19:00:00,8.78,8.81,8.74,8.8,38424.88,19071.23
2026-03-30 20:00:00,8.8,8.83,8.78,8.8,21734.16,10152.65
2026-03-30 21:00:00,8.8,8.88,8.78,8.85,41360.99,21764.06
2026-03-30 22:00:00,8.84,8.86,8.8,8.83,29241.06,9964.66
2026-03-30 23:00:00,8.82,8.82,8.76,8.81,38145.4,22106.97
2026-03-31 00:00:00,8.81,8.88,8.79,8.86,57581.1,31997.29
2026-03-31 01:00:00,8.86,9.07,8.84,9.01,82699.29,47617.89
2026-03-31 02:00:00,9.01,9.07,8.98,9.03,53336.04,27995.64
2026-03-31 03:00:00,9.02,9.04,8.96,8.97,26999.8,12825.75
2026-03-31 04:00:00,8.98,9,8.93,8.93,34056.5,14524.83
2026-03-31 05:00:00,8.93,8.96,8.9,8.94,20953.2,10050.97
2026-03-31 06:00:00,8.95,8.97,8.9,8.96,27229.89,11685.76
2026-03-31 07:00:00,8.96,8.96,8.88,8.92,27758.19,9855.46
2026-03-31 08:00:00,8.92,8.92,8.8,8.81,46631.62,17384.49
2026-03-31 09:00:00,8.81,8.84,8.69,8.72,78073.15,35921.21
2026-03-31 10:00:00,8.72,8.75,8.71,8.72,38546.43,22526.73
2026-03-31 11:00:00,8.73,8.8,8.71,8.77,96731.28,48064.65
2026-03-31 12:00:00,8.77,8.81,8.74,8.78,54422.49,32813.14
2026-03-31 13:00:00,8.77,8.9,8.77,8.87,68582.83,32095.48
2026-03-31 14:00:00,8.87,8.96,8.74,8.77,83739.14,38988.47
2026-03-31 15:00:00,8.78,8.88,8.74,8.74,164139.12,100002.49
2026-03-31 16:00:00,8.75,8.91,8.72,8.86,111197.5,67175.5
2026-03-31 17:00:00,8.87,8.96,8.8,8.82,109051.95,59205.51
2026-03-31 18:00:00,8.83,8.91,8.83,8.9,106487.47,61292.81
2026-03-31 19:00:00,8.91,8.93,8.88,8.91,41989.11,14402.25
2026-03-31 20:00:00,8.9,8.96,8.9,8.94,86488.63,43929.99
2026-03-31 21:00:00,8.94,8.95,8.87,8.9,117689.93,62687.21
2026-03-31 22:00:00,8.9,8.91,8.85,8.89,50536.1,25096.47
2026-03-31 23:00:00,8.89,8.93,8.88,8.91,52016.76,26942.56
2026-04-01 00:00:00,8.91,8.98,8.89,8.97,55908.32,28499.52
2026-04-01 01:00:00,8.97,8.98,8.89,8.9,52152.94,25309.6
2026-04-01 02:00:00,8.91,8.92,8.87,8.88,29720.5,12527.15
2026-04-01 03:00:00,8.89,8.99,8.89,8.96,37704.58,19848.55
2026-04-01 04:00:00,8.96,8.99,8.95,8.97,41853.54,20479.19
2026-04-01 05:00:00,8.97,9.12,8.95,9.09,194871.25,96660.23
2026-04-01 06:00:00,9.09,9.43,9.09,9.39,776207.75,427257.97
2026-04-01 07:00:00,9.39,9.48,9.33,9.34,401802.68,174605.67
2026-04-01 08:00:00,9.34,9.36,9.24,9.24,125098.45,51058.08
2026-04-01 09:00:00,9.24,9.25,9.18,9.21,79381.94,40790.13
2026-04-01 10:00:00,9.22,9.23,9.15,9.17,62872.5,36407.21
2026-04-01 11:00:00,9.18,9.23,9.16,9.21,86550.13,51190.39
2026-04-01 12:00:00,9.2,9.31,9.19,9.23,215090.32,117714.66
2026-04-01 13:00:00,9.24,9.26,9.14,9.17,135061.98,67822.15
2026-04-01 14:00:00,9.16,9.22,9.15,9.2,68072.49,36889.55
2026-04-01 15:00:00,9.21,9.23,9.17,9.22,47545.24,28067.17
2026-04-01 16:00:00,9.22,9.26,9.17,9.23,82094.39,45503.73
2026-04-01 17:00:00,9.24,9.31,9.18,9.19,100274.34,43501.9
2026-04-01 18:00:00,9.19,9.19,9.12,9.12,54965.63,28429.89
2026-04-01 19:00:00,9.13,9.19,9.12,9.16,31246.72,16881
2026-04-01 20:00:00,9.17,9.17,9.09,9.13,36840.7,19130.57
2026-04-01 21:00:00,9.13,9.21,9.12,9.18,62072.77,43873.29
2026-04-01 22:00:00,9.18,9.19,9.11,9.12,53938.67,31946.55
2026-04-01 23:00:00,9.12,9.14,9.1,9.13,65493.64,37591.82
2026-04-02 00:00:00,9.13,9.19,9.12,9.19,46072.64,30998.28
2026-04-02 01:00:00,9.18,9.19,8.86,8.93,425111.62,211565.38
2026-04-02 02:00:00,8.92,8.94,8.77,8.81,173319.7,98526.24
2026-04-02 03:00:00,8.8,8.83,8.73,8.78,170648.63,94451.44
2026-04-02 04:00:00,8.77,8.79,8.66,8.68,163411.88,85688.95
2026-04-02 05:00:00,8.68,8.72,8.66,8.71,152908.24,90048.63
2026-04-02 06:00:00,8.71,8.74,8.69,8.71,65597.78,35827.82
2026-04-02 07:00:00,8.7,8.75,8.67,8.75,105608.4,61982.71
2026-04-02 08:00:00,8.74,8.74,8.66,8.67,83479.39,32767.43
2026-04-02 09:00:00,8.67,8.68,8.64,8.67,84382.51,53515.64
2026-04-02 10:00:00,8.66,8.69,8.63,8.68,48092.48,23902.4
2026-04-02 11:00:00,8.68,8.7,8.64,8.69,64049.39,33356.99
2026-04-02 12:00:00,8.68,8.7,8.65,8.66,55360.41,29166.45
2026-04-02 13:00:00,8.66,8.69,8.62,8.69,150531.29,73633.56
2026-04-02 14:00:00,8.69,8.85,8.66,8.82,202149.35,103619.11
2026-04-02 15:00:00,8.81,8.82,8.71,8.73,106703.7,61349.62
2026-04-02 16:00:00,8.74,8.79,8.69,8.73,96891.41,59015.26
2026-04-02 17:00:00,8.73,8.78,8.64,8.65,94802.47,48085.73
2026-04-02 18:00:00,8.65,8.72,8.64,8.7,55549.23,32047.25
2026-04-02 19:00:00,8.69,8.72,8.66,8.71,66121.77,43089.74
2026-04-02 20:00:00,8.7,8.75,8.67,8.71,45924.63,26034.19
2026-04-02 21:00:00,8.71,8.73,8.68,8.73,45358.99,28109.21
2026-04-02 22:00:00,8.72,8.75,8.7,8.73,43463.69,19331.21
2026-04-02 23:00:00,8.73,8.77,8.71,8.75,66445.61,30209.59
2026-04-03 00:00:00,8.75,8.78,8.74,8.78,52786.21,30725.2
2026-04-03 01:00:00,8.78,8.81,8.74,8.76,31939.43,15654.84
2026-04-03 02:00:00,8.76,8.82,8.73,8.78,46168.35,23970.48
2026-04-03 03:00:00,8.78,8.82,8.76,8.81,51620.29,26761.55
2026-04-03 04:00:00,8.81,8.85,8.77,8.83,33232.69,10995.2
2026-04-03 05:00:00,8.83,8.95,8.8,8.89,98183.1,39397.35
2026-04-03 06:00:00,8.9,8.95,8.86,8.92,92601.33,27772.08
2026-04-03 07:00:00,8.91,8.95,8.88,8.9,63434.3,22869.09
2026-04-03 08:00:00,8.9,8.93,8.88,8.91,43718.97,21167.59
2026-04-03 09:00:00,8.91,8.96,8.89,8.93,32323.01,13423.35
2026-04-03 10:00:00,8.93,8.96,8.91,8.94,38778.08,21216.87
2026-04-03 11:00:00,8.95,8.97,8.92,8.96,37110.88,12016.67
2026-04-03 12:00:00,8.96,9.07,8.94,8.96,163738.8,76048.15
2026-04-03 13:00:00,8.97,8.99,8.93,8.99,59425.97,25494.1
2026-04-03 14:00:00,8.98,9.05,8.96,9.03,81657.26,26713.71
2026-04-03 15:00:00,9.03,9.06,9,9.01,95184.09,46883.33
2026-04-03 16:00:00,9.01,9.13,9.01,9.12,129770.2,59275.25
2026-04-03 17:00:00,9.12,9.15,9,9.03,118434.71,52902.03
2026-04-03 18:00:00,9.03,9.05,8.98,8.99,63831.5,24885.55
2026-04-03 19:00:00,9,9.01,8.93,8.96,52450.74,24859.86
2026-04-03 20:00:00,8.96,8.99,8.94,8.94,42588.89,22651.71
2026-04-03 21:00:00,8.94,8.98,8.93,8.94,28494.75,15512.98
2026-04-03 22:00:00,8.94,8.96,8.9,8.91,41721.36,16530.46
2026-04-03 23:00:00,8.9,8.92,8.87,8.91,40506,24852.5
2026-04-04 00:00:00,8.91,8.92,8.85,8.87,29933.45,17919.33
2026-04-04 01:00:00,8.86,8.9,8.86,8.9,14806.23,9820.18
2026-04-04 02:00:00,8.9,8.92,8.88,8.89,17862.69,10415.39
2026-04-04 03:00:00,8.9,8.92,8.88,8.9,11364.94,6762.53
2026-04-04 04:00:00,8.9,8.92,8.87,8.91,11616.12,6158.35
2026-04-04 05:00:00,8.9,8.91,8.86,8.87,16051.89,7800.48
2026-04-04 06:00:00,8.87,8.91,8.85,8.9,23858.53,15705.25
2026-04-04 07:00:00,8.91,8.91,8.87,8.87,13636.51,7616.46
2026-04-04 08:00:00,8.88,8.89,8.84,8.86,18689.21,8230.98
2026-04-04 09:00:00,8.85,8.89,8.84,8.85,17673.62,10140.66
2026-04-04 10:00:00,8.85,8.9,8.85,8.89,24154.95,13616.13
2026-04-04 11:00:00,8.9,8.91,8.87,8.89,14116.86,8895.49
2026-04-04 12:00:00,8.89,8.91,8.88,8.89,23730.5,15507.04
2026-04-04 13:00:00,8.9,8.91,8.85,8.87,30757.26,16003.18
2026-04-04 14:00:00,8.87,8.89,8.83,8.89,24131.17,13839.93
2026-04-04 15:00:00,8.89,8.97,8.88,8.95,70372.22,40456.31
2026-04-04 16:00:00,8.95,9.02,8.93,8.93,62086.42,21085.09
2026-04-04 17:00:00,8.94,9.05,8.92,9.04,59888.73,31075.57
2026-04-04 18:00:00,9.05,9.07,9.01,9.03,57875.26,25396.04
2026-04-04 19:00:00,9.03,9.11,9.01,9.02,53160.5,21023.23
2026-04-04 20:00:00,9.02,9.04,8.98,9,41618.87,18968.1
2026-04-04 21:00:00,8.99,9.03,8.98,9,41731.6,18394.4
2026-04-04 22:00:00,9,9.02,8.99,8.99,21968.79,9399.35
2026-04-04 23:00:00,8.99,9,8.96,8.99,17968.38,9395.46
2026-04-05 00:00:00,8.99,9.02,8.98,9.01,23228.22,12338.7
2026-04-05 01:00:00,9.01,9.03,8.97,8.98,23483.16,6306.65
2026-04-05 02:00:00,8.97,9,8.95,8.97,31523.89,13791.24
2026-04-05 03:00:00,8.97,8.99,8.94,8.95,25193.66,8172.31
2026-04-05 04:00:00,8.95,8.96,8.93,8.94,14533.95,6632.17
2026-04-05 05:00:00,8.93,8.93,8.87,8.87,20339.68,8507.38
2026-04-05 06:00:00,8.87,8.88,8.79,8.82,55831.95,27095.98
2026-04-05 07:00:00,8.82,8.84,8.78,8.8,32456.04,17979.87
2026-04-05 08:00:00,8.8,8.84,8.79,8.82,28404.56,19530.4
2026-04-05 09:00:00,8.83,8.85,8.8,8.83,18235.86,10241.82
2026-04-05 10:00:00,8.83,8.86,8.8,8.81,17104.81,10895.29
2026-04-05 11:00:00,8.81,8.83,8.79,8.82,22578.33,9248.7
2026-04-05 12:00:00,8.82,8.82,8.74,8.79,48730.52,23473.07
2026-04-05 13:00:00,8.78,8.82,8.75,8.81,28023.23,15954
2026-04-05 14:00:00,8.82,8.84,8.8,8.82,23071.71,13681.13
2026-04-05 15:00:00,8.81,8.95,8.8,8.87,94295.98,60114.66
2026-04-05 16:00:00,8.88,8.89,8.84,8.84,29829.16,17261.56
2026-04-05 17:00:00,8.84,8.87,8.81,8.87,23492.2,12979.47
2026-04-05 18:00:00,8.87,8.87,8.83,8.85,28626.56,16998.94
2026-04-05 19:00:00,8.86,8.89,8.82,8.85,27140.3,18207.21
2026-04-05 20:00:00,8.85,8.9,8.85,8.89,26271.16,13264.4
2026-04-05 21:00:00,8.88,8.89,8.83,8.86,34890.42,16386.53
2026-04-05 22:00:00,8.86,8.97,8.81,8.96,67998.63,29386.75
2026-04-05 23:00:00,8.96,9.09,8.94,9.06,112592.03,56436.03
2026-04-06 00:00:00,9.07,9.43,9.07,9.42,456131.27,230182.56
2026-04-06 01:00:00,9.42,9.61,9.39,9.43,576839.21,266584.63
2026-04-06 02:00:00,9.43,9.66,9.42,9.59,389530.76,187176.2
2026-04-06 03:00:00,9.6,9.62,9.44,9.45,209319.98,84758.3
2026-04-06 04:00:00,9.45,9.52,9.4,9.48,120199.74,50997.79
2026-04-06 05:00:00,9.49,9.54,9.46,9.47,130835.71,51933.34
2026-04-06 06:00:00,9.47,9.52,9.37,9.39,169417.8,70106.94
2026-04-06 07:00:00,9.4,9.43,9.37,9.39,70319.78,33185.2
2026-04-06 08:00:00,9.39,9.45,9.38,9.42,73335.93,32319
2026-04-06 09:00:00,9.41,9.51,9.41,9.45,118765.46,67037.67
2026-04-06 10:00:00,9.45,9.5,9.44,9.46,63492.31,23284.8
2026-04-06 11:00:00,9.45,9.47,9.44,9.44,40641.51,20317.46
2026-04-06 12:00:00,9.45,9.46,9.4,9.41,42615.24,18228.98
2026-04-06 13:00:00,9.41,9.41,9.33,9.36,91664.02,51078.04
2026-04-06 14:00:00,9.36,9.4,9.33,9.36,104173.13,47968.64
2026-04-06 15:00:00,9.36,9.39,9.34,9.39,50163.8,30316.98
2026-04-06 16:00:00,9.38,9.4,9.32,9.33,65192.98,38001.15
2026-04-06 17:00:00,9.34,9.35,9.27,9.33,77754.81,49684.01
2026-04-06 18:00:00,9.32,9.36,9.3,9.34,44155.3,29402.3
2026-04-06 19:00:00,9.34,9.34,9.29,9.32,61160.79,35560.91
2026-04-06 20:00:00,9.32,9.36,9.31,9.34,33242.67,19856.25
2026-04-06 21:00:00,9.33,9.33,9.26,9.28,34475.73,19556.51
2026-04-06 22:00:00,9.27,9.27,9.12,9.12,152971.23,96783.67
2026-04-06 23:00:00,9.12,9.12,8.81,8.91,667430.81,325792.52
2026-04-07 00:00:00,8.9,8.93,8.81,8.83,223709.84,135776.59
2026-04-07 01:00:00,8.83,8.83,8.69,8.71,290166.15,159592.88
2026-04-07 02:00:00,8.71,8.72,8.63,8.67,444796.56,281393.61
2026-04-07 03:00:00,8.67,8.71,8.64,8.69,219831.03,139988.46
2026-04-07 04:00:00,8.68,8.73,8.65,8.71,293823.79,145064.44
2026-04-07 05:00:00,8.7,8.71,8.53,8.56,515931.99,254463.79
2026-04-07 06:00:00,8.56,8.59,8.46,8.58,512505.88,284602.9
2026-04-07 07:00:00,8.59,8.66,8.57,8.65,286103.81,169933.8
2026-04-07 08:00:00,8.65,8.71,8.64,8.69,147887.06,82261.78
2026-04-07 09:00:00,8.7,8.73,8.67,8.7,114568.68,66967.4
2026-04-07 10:00:00,8.7,8.71,8.61,8.63,259766.92,136353.25
2026-04-07 11:00:00,8.63,8.64,8.58,8.62,199385.4,112564.6
2026-04-07 12:00:00,8.61,8.69,8.55,8.66,235769.07,134660.92
2026-04-07 13:00:00,8.66,8.69,8.6,8.6,244103.33,138983.48
2026-04-07 14:00:00,8.61,8.62,8.52,8.56,185346.96,101748.35
2026-04-07 15:00:00,8.56,8.62,8.54,8.59,134172.97,71697.99
2026-04-07 16:00:00,8.59,8.64,8.56,8.57,124192.76,75859.19
2026-04-07 17:00:00,8.57,8.7,8.56,8.61,166701.06,92560.75
2026-04-07 18:00:00,8.6,8.66,8.6,8.64,120910.66,71336.76
2026-04-07 19:00:00,8.64,8.81,8.63,8.79,270491.41,146560.16
2026-04-07 20:00:00,8.8,8.89,8.74,8.76,297510.61,155729.26
2026-04-07 21:00:00,8.77,9.13,8.75,9.04,311708.28,165631.72
2026-04-07 22:00:00,9.05,9.36,9.04,9.35,571743.05,297347.18
2026-04-07 23:00:00,9.35,9.62,9.35,9.43,711341.94,362335.03
2026-04-08 00:00:00,9.43,9.48,9.34,9.37,213258.21,88924.57
2026-04-08 01:00:00,9.37,9.45,9.32,9.41,147533.1,75951.08
2026-04-08 02:00:00,9.42,9.52,9.41,9.43,195221.96,95112.73
2026-04-08 03:00:00,9.43,9.48,9.42,9.44,164433.18,82992.52
2026-04-08 04:00:00,9.43,9.56,9.43,9.46,273060.53,151864.13
2026-04-08 05:00:00,9.46,9.52,9.42,9.46,157608.8,65394.56
2026-04-08 06:00:00,9.46,9.48,9.4,9.41,159260.84,71654.64
2026-04-08 07:00:00,9.41,9.45,9.37,9.39,166349.38,94521.01
2026-04-08 08:00:00,9.4,9.4,9.36,9.38,70077.24,35535.65
2026-04-08 09:00:00,9.38,9.41,9.35,9.36,87427.78,36245.62
2026-04-08 10:00:00,9.36,9.39,9.34,9.36,72058.97,34417.49
2026-04-08 11:00:00,9.35,9.36,9.28,9.3,131231.12,58288.75
2026-04-08 12:00:00,9.3,9.37,9.27,9.36,170004.05,86714.48
2026-04-08 13:00:00,9.35,9.44,9.31,9.32,199844.39,83564.77
2026-04-08 14:00:00,9.33,9.34,9.14,9.18,274115.85,137934.23
2026-04-08 15:00:00,9.18,9.23,9.17,9.22,100487.59,46162.38
2026-04-08 16:00:00,9.21,9.25,9.17,9.22,69502.31,35869.18
2026-04-08 17:00:00,9.23,9.29,9.2,9.27,74470.54,40488.02
2026-04-08 18:00:00,9.27,9.29,9.12,9.14,99973.21,55174.82
2026-04-08 19:00:00,9.14,9.19,9.12,9.19,75173.32,33896.02
2026-04-08 20:00:00,9.19,9.22,9.13,9.15,49986.83,16541.35
2026-04-08 21:00:00,9.14,9.22,9.13,9.2,67694.39,35668.26
2026-04-08 22:00:00,9.19,9.19,9.11,9.12,120496.08,53149.13
2026-04-08 23:00:00,9.12,9.12,9.04,9.05,147024,76378.11
2026-04-09 00:00:00,9.05,9.06,8.94,8.97,161299.26,96132.15
2026-04-09 01:00:00,8.96,8.99,8.92,8.99,117022.29,71905.26
2026-04-09 02:00:00,8.99,9.06,8.96,9.04,90076.15,51958.78
2026-04-09 03:00:00,9.03,9.06,9.01,9.03,45346.96,21532.1
2026-04-09 04:00:00,9.02,9.07,9.01,9.04,33031.91,15017.81
2026-04-09 05:00:00,9.05,9.06,9,9.02,31875.14,16811.75
2026-04-09 06:00:00,9.01,9.06,9.01,9.05,27182.09,10805.1
2026-04-09 07:00:00,9.06,9.09,9.05,9.08,25406.33,12067.23
2026-04-09 08:00:00,9.08,9.17,9.05,9.16,73812.91,38686.21
2026-04-09 09:00:00,9.16,9.16,9.06,9.13,117452.71,40037.95
2026-04-09 10:00:00,9.13,9.16,9.1,9.1,47866.54,24751.92
2026-04-09 11:00:00,9.1,9.11,9.04,9.08,50370.32,22948.54
2026-04-09 12:00:00,9.09,9.13,9.06,9.1,54800.59,23883.2
2026-04-09 13:00:00,9.11,9.12,9.06,9.1,77298.99,38490.83
2026-04-09 14:00:00,9.1,9.18,9.06,9.16,87735.51,49085.32
2026-04-09 15:00:00,9.16,9.37,9.13,9.34,252286.84,122197.61
2026-04-09 16:00:00,9.34,9.39,9.24,9.29,180967.33,72336.79
2026-04-09 17:00:00,9.29,9.39,9.28,9.36,156766.47,86149.66
2026-04-09 18:00:00,9.36,9.37,9.26,9.28,89051.61,38060.49
2026-04-09 19:00:00,9.28,9.35,9.25,9.31,136655.11,68261.69
2026-04-09 20:00:00,9.31,9.35,9.28,9.33,147620.7,85783.91
2026-04-09 21:00:00,9.33,9.46,9.31,9.42,132017.08,59831.57
2026-04-09 22:00:00,9.42,9.7,9.39,9.48,543440.17,268723.7
2026-04-09 23:00:00,9.48,9.52,9.34,9.37,241335.19,116347.02
2026-04-10 00:00:00,9.37,9.41,9.31,9.34,137136.73,66645.03
2026-04-10 01:00:00,9.33,9.42,9.27,9.35,82938.93,44224.82
2026-04-10 02:00:00,9.35,9.38,9.31,9.33,46560.89,22018.16
2026-04-10 03:00:00,9.33,9.36,9.28,9.31,67343.84,37317.62
2026-04-10 04:00:00,9.31,9.4,9.3,9.38,75004.45,38075.17
2026-04-10 05:00:00,9.39,9.42,9.36,9.37,84615.44,38652.05
2026-04-10 06:00:00,9.38,9.4,9.28,9.3,68937.18,28363.72
2026-04-10 07:00:00,9.31,9.32,9.27,9.28,92713.04,64176.31
2026-04-10 08:00:00,9.28,9.33,9.25,9.27,90120.06,49039.4
2026-04-10 09:00:00,9.27,9.33,9.27,9.31,48572.33,25235.24
2026-04-10 10:00:00,9.31,9.31,9.26,9.28,48349.95,30000.21
2026-04-10 11:00:00,9.28,9.34,9.26,9.3,62227.47,36043.58
2026-04-10 12:00:00,9.31,9.38,9.3,9.38,122793.02,80486.22
2026-04-10 13:00:00,9.38,9.42,9.32,9.37,80182.13,36456.68
2026-04-10 14:00:00,9.37,9.47,9.33,9.44,129971.66,64701.55
2026-04-10 15:00:00,9.45,9.51,9.39,9.42,113796.33,60794.39
2026-04-10 16:00:00,9.42,9.46,9.4,9.42,63966.29,31561.85
2026-04-10 17:00:00,9.42,9.42,9.35,9.4,48689.58,22902.24
2026-04-10 18:00:00,9.4,9.53,9.38,9.52,189144.03,121384.63
2026-04-10 19:00:00,9.52,9.56,9.49,9.53,76826.96,24257.69
2026-04-10 20:00:00,9.53,9.56,9.49,9.51,85733.69,38536.17
2026-04-10 21:00:00,9.51,9.52,9.4,9.45,78246.11,34487.2
2026-04-10 22:00:00,9.45,9.46,9.39,9.42,46144.5,22178.25
2026-04-10 23:00:00,9.42,9.42,9.38,9.39,57787.48,24690.81
2026-04-11 00:00:00,9.39,9.4,9.35,9.35,50743.21,25812.51
2026-04-11 01:00:00,9.35,9.36,9.31,9.35,47581.72,32703.27
2026-04-11 02:00:00,9.35,9.38,9.33,9.35,92624.83,23391.06
2026-04-11 03:00:00,9.34,9.37,9.31,9.33,59584.19,26839
2026-04-11 04:00:00,9.32,9.35,9.3,9.31,47760.32,27780.74
2026-04-11 05:00:00,9.3,9.31,9.25,9.26,64977.37,34852.54
2026-04-11 06:00:00,9.26,9.29,9.23,9.28,47652.92,29796.89
2026-04-11 07:00:00,9.28,9.31,9.26,9.28,32670.24,15900.29
2026-04-11 08:00:00,9.29,9.32,9.27,9.28,44553.59,27051
2026-04-11 09:00:00,9.28,9.32,9.26,9.28,48646.28,25983.02
2026-04-11 10:00:00,9.28,9.29,9.25,9.27,31731.16,14023.49
2026-04-11 11:00:00,9.26,9.29,9.25,9.28,32794.72,18347.43
2026-04-11 12:00:00,9.28,9.3,9.26,9.27,30218.53,17529.62
2026-04-11 13:00:00,9.27,9.28,9.19,9.24,85821.53,42897.31
2026-04-11 14:00:00,9.23,9.28,9.23,9.27,30042.97,21445.14
2026-04-11 15:00:00,9.28,9.34,9.27,9.34,53727.69,29896.83
2026-04-11 16:00:00,9.33,9.47,9.33,9.44,101411.06,58166.12
2026-04-11 17:00:00,9.45,9.46,9.38,9.39,63866.97,34916.89
2026-04-11 18:00:00,9.39,9.53,9.36,9.5,150282.2,84493.67
2026-04-11 19:00:00,9.49,9.61,9.48,9.58,137249.83,55670.47
2026-04-11 20:00:00,9.58,9.61,9.43,9.46,140227.84,50926.03
2026-04-11 21:00:00,9.46,9.5,9.43,9.47,68902.15,33555.01
2026-04-11 22:00:00,9.46,9.52,9.39,9.42,114949.82,54766.13
2026-04-11 23:00:00,9.41,9.42,9.33,9.38,61230.58,26133.98
2026-04-12 00:00:00,9.37,9.38,9.32,9.37,60905.7,33450.5
2026-04-12 01:00:00,9.37,9.39,9.03,9.09,358550.91,182346.08
2026-04-12 02:00:00,9.08,9.14,9.03,9.13,171132.86,103472.07
2026-04-12 03:00:00,9.13,9.13,9.08,9.09,109592.92,60266.93
2026-04-12 04:00:00,9.08,9.1,9.06,9.07,106606.84,65161.94
2026-04-12 05:00:00,9.08,9.09,9.05,9.07,94545.42,49824.49
2026-04-12 06:00:00,9.07,9.09,9.04,9.05,48770.71,28041.06
2026-04-12 07:00:00,9.05,9.05,9,9.02,93360.89,41064.7
2026-04-12 08:00:00,9.02,9.05,9,9.04,52517.45,37484.94
2026-04-12 09:00:00,9.04,9.05,9,9.03,49043.24,26110.32
2026-04-12 10:00:00,9.02,9.05,8.98,9,80759.01,41083.44
2026-04-12 11:00:00,8.99,9.05,8.98,9.03,53332.7,28477.55
2026-04-12 12:00:00,9.03,9.06,9,9.02,95283.2,46701.33
2026-04-12 13:00:00,9.02,9.05,8.96,8.97,108330.64,53147.45
2026-04-12 14:00:00,8.96,9.01,8.96,8.98,65328.46,33851.68
2026-04-12 15:00:00,8.98,8.99,8.92,8.96,75488.37,44189.49
2026-04-12 16:00:00,8.96,9.02,8.95,9.02,77455.7,44442.7
2026-04-12 17:00:00,9.02,9.13,9.01,9.11,78350.1,47228.21
2026-04-12 18:00:00,9.12,9.17,9.09,9.11,89698.75,44176.22
2026-04-12 19:00:00,9.11,9.11,9.06,9.08,48979.61,21371.12
2026-04-12 20:00:00,9.09,9.15,9.06,9.13,64275.56,35874.68
2026-04-12 21:00:00,9.14,9.17,9.11,9.15,68101,30898.97
2026-04-12 22:00:00,9.15,9.15,9.02,9.06,120173.78,56631.58
2026-04-12 23:00:00,9.06,9.06,9.01,9.03,70483.4,33746.83
2026-04-13 00:00:00,9.04,9.12,9.02,9.1,79424.48,36525.35
2026-04-13 01:00:00,9.1,9.17,9.09,9.14,83746.18,41080.46
2026-04-13 02:00:00,9.14,9.15,9.05,9.06,51652.91,23939.9
2026-04-13 03:00:00,9.06,9.08,9.04,9.07,35362.41,19780.21
2026-04-13 04:00:00,9.07,9.12,9.05,9.05,42194.82,17194.97
2026-04-13 05:00:00,9.05,9.07,9.01,9.07,47725.54,30593.93
2026-04-13 06:00:00,9.07,9.2,9.06,9.15,129907.4,76303.86
2026-04-13 07:00:00,9.16,9.16,9.04,9.06,71985.28,35848.14
2026-04-13 08:00:00,9.06,9.07,9.01,9.03,72463.27,27984.34
2026-04-13 09:00:00,9.02,9.09,9.02,9.08,47504.81,22959.84
2026-04-13 10:00:00,9.08,9.09,8.98,8.99,71477.1,24067.09
2026-04-13 11:00:00,9,9.08,8.97,9.07,141161.37,79643.7
2026-04-13 12:00:00,9.06,9.19,9.03,9.15,103883.66,47602.01
2026-04-13 13:00:00,9.16,9.28,9.1,9.26,285882.2,140215.11
2026-04-13 14:00:00,9.27,9.33,9.15,9.31,205756.94,111021.04
2026-04-13 15:00:00,9.32,9.33,9.15,9.21,190812.32,89735.37
2026-04-13 16:00:00,9.21,9.31,9.15,9.28,185285.24,90811.48
2026-04-13 17:00:00,9.29,9.39,9.25,9.26,147378.44,68551.02
2026-04-13 18:00:00,9.26,9.27,9.18,9.26,105759.44,60046.79
2026-04-13 19:00:00,9.27,9.42,9.26,9.4,174938.13,81344.88
2026-04-13 20:00:00,9.41,9.42,9.27,9.3,121178.75,37610.82
2026-04-13 21:00:00,9.3,9.33,9.25,9.32,84577.52,49294.86
2026-04-13 22:00:00,9.31,9.62,9.31,9.59,509395.82,235223.31
2026-04-13 23:00:00,9.6,9.71,9.56,9.66,429770.17,208339.33
2026-04-14 00:00:00,9.66,9.71,9.49,9.51,213498.7,78907.87
2026-04-14 01:00:00,9.51,9.54,9.46,9.5,105612.43,47253.65
2026-04-14 02:00:00,9.5,9.5,9.43,9.46,132990.48,71246.29
2026-04-14 03:00:00,9.45,9.49,9.43,9.46,66574.46,35870.57
2026-04-14 04:00:00,9.45,9.47,9.43,9.45,67671.34,32090.18
2026-04-14 05:00:00,9.45,9.45,9.37,9.39,97548.85,54751.58
2026-04-14 06:00:00,9.38,9.44,9.38,9.42,70516.42,38206.06
2026-04-14 07:00:00,9.42,9.46,9.39,9.42,108632.35,60413.3
2026-04-14 08:00:00,9.42,9.46,9.39,9.45,108641.55,63488.82
2026-04-14 09:00:00,9.44,9.45,9.39,9.43,79223.53,39055.12
2026-04-14 10:00:00,9.42,9.45,9.4,9.41,58822.2,33438.86
2026-04-14 11:00:00,9.41,9.41,9.38,9.39,85913.93,54242.92
2026-04-14 12:00:00,9.39,9.4,9.36,9.38,71197.54,45214.8
2026-04-14 13:00:00,9.38,9.5,9.37,9.49,189320.68,108422.55
2026-04-14 14:00:00,9.5,9.54,9.39,9.39,255006.41,146195.91
2026-04-14 15:00:00,9.4,9.47,9.28,9.42,251992.35,146551.62
2026-04-14 16:00:00,9.42,9.49,9.37,9.39,193544.65,77531.51
2026-04-14 17:00:00,9.39,9.45,9.32,9.38,114818.96,53220.44
2026-04-14 18:00:00,9.38,9.4,9.21,9.25,203784.25,105190.5
2026-04-14 19:00:00,9.25,9.35,9.25,9.35,135350.21,81611.29
2026-04-14 20:00:00,9.36,9.38,9.3,9.32,90944.08,45281.86
2026-04-14 21:00:00,9.33,9.39,9.32,9.37,345907.68,205934.76
2026-04-14 22:00:00,9.36,9.39,9.29,9.31,160988.75,94145.75
2026-04-14 23:00:00,9.31,9.33,9.27,9.31,67539.18,37308.35
2026-04-15 00:00:00,9.3,9.38,9.3,9.34,83678.12,42826.7
2026-04-15 01:00:00,9.33,9.39,9.32,9.36,75378.12,37558.66
2026-04-15 02:00:00,9.37,9.39,9.28,9.32,50826.28,26146.74
2026-04-15 03:00:00,9.32,9.36,9.29,9.35,58423.68,25804.92
2026-04-15 04:00:00,9.35,9.45,9.34,9.41,200890.22,105755.22
2026-04-15 05:00:00,9.41,9.45,9.32,9.35,92734.71,43559.51
2026-04-15 06:00:00,9.34,9.34,9.29,9.31,54450.27,22807.2
2026-04-15 07:00:00,9.31,9.33,9.26,9.27,120068.45,60923.61
2026-04-15 08:00:00,9.27,9.4,9.26,9.35,90416.88,50286.85
2026-04-15 09:00:00,9.36,9.37,9.3,9.32,48171.42,24146.52
2026-04-15 10:00:00,9.32,9.4,9.29,9.34,60593.83,24412.95
2026-04-15 11:00:00,9.34,9.46,9.34,9.43,109331.92,65982.65
2026-04-15 12:00:00,9.42,9.44,9.38,9.44,90058.96,38113.95
2026-04-15 13:00:00,9.43,9.45,9.36,9.39,96501.73,43327.4
2026-04-15 14:00:00,9.39,9.47,9.38,9.45,90741.08,44980.03
2026-04-15 15:00:00,9.46,9.46,9.33,9.37,112524.4,53385.93
2026-04-15 16:00:00,9.36,9.46,9.36,9.43,83277.72,43819.56
2026-04-15 17:00:00,9.44,9.48,9.4,9.45,79598.97,39257.08
2026-04-15 18:00:00,9.45,9.5,9.44,9.47,101503.23,54493.03
2026-04-15 19:00:00,9.47,9.57,9.45,9.53,160006.47,84354.62
2026-04-15 20:00:00,9.53,9.54,9.45,9.47,80380.79,32215.14
2026-04-15 21:00:00,9.47,9.51,9.43,9.5,38503.25,18979.84
2026-04-15 22:00:00,9.5,9.56,9.48,9.49,113457.19,44168.13
2026-04-15 23:00:00,9.48,9.48,9.39,9.43,88928.68,43148.31
2026-04-16 00:00:00,9.44,9.45,9.37,9.4,68512.97,28998.01
2026-04-16 01:00:00,9.41,9.41,9.35,9.37,81216.95,35006.62
2026-04-16 02:00:00,9.37,9.49,9.37,9.44,101779.1,51628.62
2026-04-16 03:00:00,9.44,9.51,9.41,9.49,140426.2,64882.19
2026-04-16 04:00:00,9.49,9.55,9.47,9.48,132104.11,55051.05
2026-04-16 05:00:00,9.49,9.52,9.46,9.49,54088.36,30336.84
2026-04-16 06:00:00,9.5,9.57,9.5,9.56,69017.32,33876.44
2026-04-16 07:00:00,9.57,9.62,9.49,9.51,171826.66,68463.8
2026-04-16 08:00:00,9.51,9.52,9.44,9.45,95919.35,43212.32
2026-04-16 09:00:00,9.44,9.51,9.43,9.43,49965.1,24211.45
2026-04-16 10:00:00,9.43,9.45,9.35,9.41,109665.72,56035.78
2026-04-16 11:00:00,9.41,9.48,9.38,9.46,79846.2,50708.96
2026-04-16 12:00:00,9.47,9.56,9.47,9.5,128997.02,53211.52
2026-04-16 13:00:00,9.51,9.62,9.31,9.41,286137.77,123986.55
2026-04-16 14:00:00,9.41,9.42,9.26,9.4,256102.35,110778.75
2026-04-16 15:00:00,9.4,9.61,9.39,9.58,335356.87,142611.13
2026-04-16 16:00:00,9.59,9.65,9.42,9.46,272922.73,132531.74
2026-04-16 17:00:00,9.46,9.55,9.41,9.53,158709.3,83028.02
2026-04-16 18:00:00,9.52,9.85,9.49,9.78,503888.33,291883.41
2026-04-16 19:00:00,9.78,9.87,9.74,9.86,318557.29,155865.73
2026-04-16 20:00:00,9.85,9.89,9.66,9.7,218568.96,113492.43
2026-04-16 21:00:00,9.7,9.74,9.65,9.73,131493.33,66086.07
2026-04-16 22:00:00,9.73,9.77,9.68,9.71,75234.66,38376.98
2026-04-16 23:00:00,9.71,9.78,9.69,9.73,71276.25,32197.84
2026-04-17 00:00:00,9.72,9.75,9.67,9.69,80384.36,43187.06
2026-04-17 01:00:00,9.69,9.72,9.6,9.64,140196.13,62747.27
2026-04-17 02:00:00,9.63,9.65,9.55,9.59,100136.76,51159.14
2026-04-17 03:00:00,9.58,9.59,9.54,9.55,46761.31,21520.55
2026-04-17 04:00:00,9.55,9.59,9.53,9.55,68495.93,40016.69
2026-04-17 05:00:00,9.55,9.56,9.45,9.45,99097.64,57704.83
2026-04-17 06:00:00,9.45,9.58,9.45,9.56,94482.11,54430.47
2026-04-17 07:00:00,9.57,9.63,9.56,9.62,83967.07,39791.1
2026-04-17 08:00:00,9.63,9.71,9.62,9.67,94362.44,49400.28
2026-04-17 09:00:00,9.67,9.74,9.6,9.68,177016.66,103401.54
2026-04-17 10:00:00,9.68,9.71,9.5,9.55,127388.61,56424.68
2026-04-17 11:00:00,9.54,9.68,9.53,9.65,92984.43,49353.44
2026-04-17 12:00:00,9.66,9.76,9.61,9.74,147546.74,70120.31
2026-04-17 13:00:00,9.73,9.92,9.71,9.9,465035.34,199628.08
2026-04-17 14:00:00,9.89,10.01,9.86,9.94,348288.46,169981.88
2026-04-17 15:00:00,9.94,9.94,9.75,9.82,172762.24,83139.92
2026-04-17 16:00:00,9.81,9.95,9.8,9.92,217642.94,126140.88
2026-04-17 17:00:00,9.93,9.93,9.77,9.84,200145.98,77858.23
2026-04-17 18:00:00,9.84,9.85,9.74,9.77,121250.16,64480.27
2026-04-17 19:00:00,9.77,9.84,9.75,9.79,75100,40023.51
2026-04-17 20:00:00,9.79,9.83,9.72,9.79,80941.23,42942.18
2026-04-17 21:00:00,9.78,9.85,9.76,9.79,64269,34728.2
2026-04-17 22:00:00,9.79,9.85,9.77,9.8,54430.28,31461.16
2026-04-17 23:00:00,9.8,9.8,9.69,9.72,84805.28,47375.1
2026-04-18 00:00:00,9.72,9.77,9.7,9.74,51273.74,23935.34
2026-04-18 01:00:00,9.75,9.79,9.68,9.7,53368.05,26015.52
2026-04-18 02:00:00,9.7,9.75,9.68,9.71,41956.86,26282.48
2026-04-18 03:00:00,9.71,9.72,9.63,9.64,74452.61,36001.21
2026-04-18 04:00:00,9.65,9.68,9.62,9.66,101358.85,63030.04
2026-04-18 05:00:00,9.66,9.72,9.66,9.7,54883.3,31539.93
2026-04-18 06:00:00,9.69,9.73,9.65,9.69,35686.05,19344.76
2026-04-18 07:00:00,9.69,9.74,9.68,9.7,65955.89,32504.58
2026-04-18 08:00:00,9.7,9.71,9.51,9.56,175509.99,82044.85
2026-04-18 09:00:00,9.56,9.57,9.48,9.53,104671.18,53253
2026-04-18 10:00:00,9.53,9.53,9.42,9.43,182194.05,94662.59
2026-04-18 11:00:00,9.44,9.44,9.35,9.4,137563.02,67977.14
2026-04-18 12:00:00,9.39,9.42,9.38,9.41,79414.76,43024.66
2026-04-18 13:00:00,9.42,9.43,9.33,9.4,84068.97,48125.46
2026-04-18 14:00:00,9.39,9.44,9.37,9.43,77493.45,47607.32
2026-04-18 15:00:00,9.42,9.45,9.39,9.4,83461.5,51755.48
2026-04-18 16:00:00,9.41,9.44,9.36,9.39,98974.6,55552.68
2026-04-18 17:00:00,9.39,9.42,9.35,9.39,66672.21,38712.52
2026-04-18 18:00:00,9.39,9.4,9.3,9.34,139480.99,83321.86
2026-04-18 19:00:00,9.33,9.4,9.33,9.38,50388.95,32808.81
2026-04-18 20:00:00,9.38,9.42,9.35,9.4,77742.32,40108.74
2026-04-18 21:00:00,9.4,9.41,9.37,9.39,49469.81,25569.72
2026-04-18 22:00:00,9.4,9.4,9.35,9.39,46602.45,22690.69
2026-04-18 23:00:00,9.38,9.4,9.32,9.33,52783.41,31264.94
2026-04-19 00:00:00,9.33,9.34,9.27,9.3,74055.33,41177.29
2026-04-19 01:00:00,9.3,9.33,9.25,9.28,67749.48,36780.9
2026-04-19 02:00:00,9.28,9.29,9.21,9.27,131974,80385.97
2026-04-19 03:00:00,9.28,9.33,9.24,9.3,96376.57,43801.21
2026-04-19 04:00:00,9.29,9.33,9.25,9.29,73097.42,39035.28
2026-04-19 05:00:00,9.3,9.32,9.26,9.27,54327.89,27161.58
2026-04-19 06:00:00,9.27,9.31,9.23,9.28,60286.14,31552.59
2026-04-19 07:00:00,9.28,9.28,9.13,9.22,221756.21,129926.89
2026-04-19 08:00:00,9.21,9.22,9.18,9.2,63294.03,40933.21
2026-04-19 09:00:00,9.2,9.22,9.17,9.18,71191.24,37909.76
2026-04-19 10:00:00,9.17,9.2,9.15,9.18,62105.96,32470.78
2026-04-19 11:00:00,9.18,9.28,9.17,9.25,115505.11,59488
2026-04-19 12:00:00,9.25,9.29,9.24,9.27,80960.98,38911.62
2026-04-19 13:00:00,9.27,9.36,9.26,9.29,101751.23,52248.58
2026-04-19 14:00:00,9.3,9.36,9.24,9.32,115907.68,56209.59
2026-04-19 15:00:00,9.31,9.32,9.2,9.28,110804.95,54326.25
2026-04-19 16:00:00,9.29,9.29,9.21,9.22,119687.65,62917.87
2026-04-19 17:00:00,9.22,9.24,9.14,9.15,164848.51,82581.44
2026-04-19 18:00:00,9.15,9.19,9.13,9.18,109253.67,59662.74
2026-04-19 19:00:00,9.18,9.24,9.17,9.2,82142.49,39501.79
2026-04-19 20:00:00,9.19,9.2,9.12,9.15,79273.03,35103.13
2026-04-19 21:00:00,9.15,9.18,9.11,9.13,71025.39,35844.88
2026-04-19 22:00:00,9.12,9.12,8.96,9.01,510521.09,260410.75
2026-04-19 23:00:00,9,9.02,8.97,9,144036.72,75029.09
2026-04-20 00:00:00,9,9.1,8.98,9.08,226434.31,118774.73
2026-04-20 01:00:00,9.07,9.14,9.07,9.13,66169.76,33666.82
2026-04-20 02:00:00,9.13,9.14,9.07,9.11,85105.32,43089.37
2026-04-20 03:00:00,9.11,9.17,9.11,9.15,54931.6,29160.56
2026-04-20 04:00:00,9.16,9.17,9.11,9.14,51257.69,22373.73
2026-04-20 05:00:00,9.14,9.14,9.05,9.08,105678.19,51240.81
2026-04-20 06:00:00,9.08,9.17,9.06,9.15,95507.51,56311.3
2026-04-20 07:00:00,9.15,9.33,9.14,9.22,251392.82,145275.55
2026-04-20 08:00:00,9.23,9.24,9.16,9.16,154380.94,70557.65
2026-04-20 09:00:00,9.17,9.25,9.16,9.21,156906.67,88020.91
2026-04-20 10:00:00,9.2,9.28,9.2,9.22,101457.93,48090.83
2026-04-20 11:00:00,9.21,9.23,9.17,9.22,136329.31,59776.16
2026-04-20 12:00:00,9.22,9.27,9.19,9.25,131346.32,69238.67
2026-04-20 13:00:00,9.26,9.29,9.22,9.26,200743.42,121554.01
2026-04-20 14:00:00,9.25,9.3,9.17,9.2,223968.03,94760.21
2026-04-20 15:00:00,9.21,9.25,9.15,9.23,315214.29,147463.08
2026-04-20 16:00:00,9.23,9.24,9.16,9.17,110999.08,39656.99
2026-04-20 17:00:00,9.18,9.27,9.17,9.26,85842.53,49470.11
2026-04-20 18:00:00,9.27,9.35,9.27,9.33,213645.7,104891.43
2026-04-20 19:00:00,9.32,9.36,9.3,9.31,78778.03,33111.65
2026-04-20 20:00:00,9.32,9.4,9.29,9.38,144588.5,74074.83
2026-04-20 21:00:00,9.38,9.44,9.35,9.4,211352.03,97691.05
2026-04-20 22:00:00,9.4,9.42,9.34,9.37,72383.46,23385.94
2026-04-20 23:00:00,9.36,9.36,9.26,9.27,66500.4,26307.57
2026-04-21 00:00:00,9.27,9.34,9.27,9.33,65145.49,30886.65
2026-04-21 01:00:00,9.32,9.37,9.31,9.31,56597.97,24924.08
2026-04-21 02:00:00,9.31,9.32,9.27,9.28,54487.99,22605.46
2026-04-21 03:00:00,9.27,9.32,9.25,9.29,69247.64,31083.15
2026-04-21 04:00:00,9.28,9.33,9.26,9.32,47747.42,25059.03
2026-04-21 05:00:00,9.32,9.38,9.31,9.36,89351.01,46761.98
2026-04-21 06:00:00,9.37,9.38,9.3,9.33,82683.79,33169.95
2026-04-21 07:00:00,9.32,9.38,9.28,9.34,89116.35,49825.39
2026-04-21 08:00:00,9.34,9.43,9.33,9.37,120279.6,57330.39
2026-04-21 09:00:00,9.37,9.42,9.34,9.39,75574.98,37382.98
2026-04-21 10:00:00,9.39,9.44,9.39,9.41,61978.23,37435.35
2026-04-21 11:00:00,9.42,9.53,9.38,9.44,242997.07,114210.9
2026-04-21 12:00:00,9.44,9.46,9.34,9.4,232239.24,114142.87
2026-04-21 13:00:00,9.39,9.4,9.33,9.37,126287.33,56288.38
2026-04-21 14:00:00,9.38,9.47,9.34,9.36,115820.81,59702.74
2026-04-21 15:00:00,9.36,9.4,9.32,9.39,128037.3,56789.24
2026-04-21 16:00:00,9.39,9.44,9.31,9.33,97122.77,38604.12
2026-04-21 17:00:00,9.33,9.39,9.21,9.33,213611.41,98194.65
2026-04-21 18:00:00,9.33,9.35,9.26,9.32,81133.89,37330.41
2026-04-21 19:00:00,9.32,9.35,9.17,9.2,147879.98,62895.05
2026-04-21 20:00:00,9.21,9.36,9.2,9.31,173165.77,108441.28
2026-04-21 21:00:00,9.3,9.33,9.29,9.3,59786.23,26261.63
2026-04-21 22:00:00,9.3,9.32,9.26,9.3,40919.82,19890.41
2026-04-21 23:00:00,9.3,9.4,9.3,9.39,54955.76,27794.01
2026-04-22 00:00:00,9.4,9.43,9.38,9.42,137655.38,90554.76
2026-04-22 01:00:00,9.42,9.43,9.36,9.39,88173.01,52265.09
2026-04-22 02:00:00,9.4,9.59,9.38,9.58,308831.74,193457.51
2026-04-22 03:00:00,9.59,9.61,9.5,9.56,128778.04,67290.88
2026-04-22 04:00:00,9.57,9.59,9.53,9.56,71458.45,36742.34
2026-04-22 05:00:00,9.56,9.68,9.54,9.62,270398.11,145567.24
2026-04-22 06:00:00,9.61,9.62,9.58,9.61,104459.63,40067.09
2026-04-22 07:00:00,9.61,9.61,9.55,9.57,100945.06,41779.98
2026-04-22 08:00:00,9.58,9.59,9.53,9.56,59612.88,25335.44
2026-04-22 09:00:00,9.56,9.64,9.54,9.6,111284.51,57251.94
2026-04-22 10:00:00,9.61,9.64,9.55,9.58,220046.85,93028.55
2026-04-22 11:00:00,9.58,9.6,9.56,9.58,76677.5,37697.7
2026-04-22 12:00:00,9.57,9.59,9.51,9.53,63608.8,25351.15
2026-04-22 13:00:00,9.52,9.57,9.49,9.55,116464.27,68599.61
2026-04-22 14:00:00,9.56,9.6,9.52,9.57,111957.81,56689.38
2026-04-22 15:00:00,9.57,9.59,9.54,9.54,114529.76,50471.44
2026-04-22 16:00:00,9.55,9.57,9.49,9.49,73404.45,22259.02
2026-04-22 17:00:00,9.5,9.55,9.49,9.52,57029.51,31621.14
2026-04-22 18:00:00,9.53,9.58,9.51,9.51,37480.24,16384.73
2026-04-22 19:00:00,9.52,9.53,9.43,9.48,81304.62,28139.31
2026-04-22 20:00:00,9.48,9.48,9.43,9.44,48521.61,18024.14
2026-04-22 21:00:00,9.44,9.49,9.44,9.48,67342.86,32197.8
2026-04-22 22:00:00,9.47,9.49,9.42,9.43,63094.73,37466.29
2026-04-22 23:00:00,9.43,9.43,9.33,9.33,119642.01,45771.61
2026-04-23 00:00:00,9.33,9.36,9.21,9.35,283372.94,116101.35
2026-04-23 01:00:00,9.35,9.35,9.28,9.33,83361.99,35544.48
2026-04-23 02:00:00,9.34,9.34,9.27,9.31,122388.4,62776.14
2026-04-23 03:00:00,9.31,9.31,9.22,9.27,96303.67,51198.33
2026-04-23 04:00:00,9.27,9.32,9.26,9.32,45467.82,31717.02
2026-04-23 05:00:00,9.32,9.35,9.25,9.28,192342.76,85434.97
2026-04-23 06:00:00,9.28,9.34,9.27,9.33,159638.52,86108.67
2026-04-23 07:00:00,9.32,9.33,9.27,9.28,55106.8,23136.52
2026-04-23 08:00:00,9.29,9.29,9.24,9.29,61877.41,30258.51
2026-04-23 09:00:00,9.29,9.29,9.22,9.24,69336.89,35480.52
2026-04-23 10:00:00,9.25,9.26,9.19,9.22,89519.12,35630.62
2026-04-23 11:00:00,9.23,9.3,9.22,9.27,64875.63,45833.31
2026-04-23 12:00:00,9.28,9.31,9.26,9.29,111664.8,51201.3
2026-04-23 13:00:00,9.3,9.31,9.26,9.28,38680.17,19194.02
2026-04-23 14:00:00,9.27,9.36,9.24,9.36,78951.94,47679.17
2026-04-23 15:00:00,9.36,9.45,9.34,9.4,145535.33,76077.92
2026-04-23 16:00:00,9.4,9.41,9.33,9.33,75472.53,28857.47
2026-04-23 17:00:00,9.33,9.35,9.16,9.26,261991.33,119683.03
2026-04-23 18:00:00,9.26,9.31,9.25,9.26,102524.08,55415.28
2026-04-23 19:00:00,9.26,9.31,9.24,9.28,87323.12,40990.41
2026-04-23 20:00:00,9.27,9.35,9.27,9.32,60762.32,36455.54
2026-04-23 21:00:00,9.32,9.37,9.3,9.34,65400.09,31528.39
2026-04-23 22:00:00,9.34,9.38,9.34,9.36,58998.56,30047.36
2026-04-23 23:00:00,9.35,9.41,9.34,9.38,31022.01,16115.68
2026-04-24 00:00:00,9.39,9.42,9.39,9.41,60444.35,29757.31
2026-04-24 01:00:00,9.42,9.44,9.36,9.43,62460.75,39546.09
2026-04-24 02:00:00,9.43,9.44,9.36,9.36,39714.47,11075.26
2026-04-24 03:00:00,9.36,9.37,9.28,9.33,50758.55,23595.08
2026-04-24 04:00:00,9.33,9.34,9.3,9.32,50545.1,22470.82
2026-04-24 05:00:00,9.32,9.38,9.3,9.36,45808.16,22464.09
2026-04-24 06:00:00,9.37,9.41,9.35,9.37,39667.39,22513.62
2026-04-24 07:00:00,9.37,9.41,9.34,9.37,69136.24,20924.77
2026-04-24 08:00:00,9.37,9.4,9.35,9.37,49479.21,27581.32
2026-04-24 09:00:00,9.37,9.38,9.32,9.36,55901.13,21236.05
2026-04-24 10:00:00,9.35,9.42,9.33,9.39,33167.29,17173.4
2026-04-24 11:00:00,9.4,9.47,9.4,9.44,93192.82,54507.44
2026-04-24 12:00:00,9.44,9.47,9.39,9.41,41828.38,18780.86
2026-04-24 13:00:00,9.41,9.45,9.4,9.41,50268.96,22289.13
2026-04-24 14:00:00,9.42,9.43,9.37,9.41,52801.81,22727.49
2026-04-24 15:00:00,9.41,9.46,9.34,9.46,73164.47,38375.09
2026-04-24 16:00:00,9.46,9.48,9.39,9.43,44176.89,18281.01
2026-04-24 17:00:00,9.42,9.45,9.4,9.42,74786.82,31999.04
2026-04-24 18:00:00,9.42,9.45,9.38,9.42,37188.59,21055.73
2026-04-24 19:00:00,9.43,9.45,9.41,9.44,31234.92,15843.06
2026-04-24 20:00:00,9.44,9.47,9.39,9.46,62119.94,31405.08
2026-04-24 21:00:00,9.46,9.48,9.43,9.45,74211.81,30878.44
2026-04-24 22:00:00,9.45,9.45,9.37,9.39,54999.81,22475.6
2026-04-24 23:00:00,9.39,9.41,9.37,9.4,38674.15,24656.79
2026-04-25 00:00:00,9.4,9.42,9.38,9.41,41083.37,20618.87
2026-04-25 01:00:00,9.41,9.46,9.41,9.43,34385.85,16620.48
2026-04-25 02:00:00,9.44,9.44,9.4,9.44,29395.1,12160.83
2026-04-25 03:00:00,9.44,9.46,9.41,9.44,31406.8,18502.47
2026-04-25 04:00:00,9.44,9.46,9.42,9.44,30975.2,18715
2026-04-25 05:00:00,9.44,9.46,9.39,9.45,116769.37,52094.86
2026-04-25 06:00:00,9.45,9.5,9.45,9.46,89918.45,58799.43
2026-04-25 07:00:00,9.45,9.47,9.43,9.45,24342.28,11368.4
2026-04-25 08:00:00,9.45,9.47,9.43,9.46,53019.76,26557.21
2026-04-25 09:00:00,9.45,9.49,9.45,9.48,52762.89,35338.84
2026-04-25 10:00:00,9.47,9.49,9.46,9.47,53762.58,27219.95
2026-04-25 11:00:00,9.48,9.48,9.38,9.4,48336.13,13717.99
2026-04-25 12:00:00,9.4,9.41,9.37,9.39,26658.51,13572.12
2026-04-25 13:00:00,9.38,9.44,9.38,9.42,16672.49,9046.09
2026-04-25 14:00:00,9.42,9.43,9.38,9.38,22479.58,10640.65
2026-04-25 15:00:00,9.39,9.4,9.32,9.34,55100.87,15889.55
2026-04-25 16:00:00,9.34,9.37,9.3,9.33,61375.84,25682.03
2026-04-25 17:00:00,9.33,9.34,9.28,9.3,49575.55,24794.76
2026-04-25 18:00:00,9.3,9.34,9.29,9.31,28375.81,12775.88
2026-04-25 19:00:00,9.31,9.33,9.3,9.3,13419.22,5565.64
2026-04-25 20:00:00,9.31,9.33,9.29,9.33,29213.27,16571.82
2026-04-25 21:00:00,9.32,9.35,9.32,9.33,30673.47,19304.26
2026-04-25 22:00:00,9.33,9.37,9.32,9.34,28469.05,18522.28
2026-04-25 23:00:00,9.34,9.37,9.34,9.36,20456.09,13661.93
2026-04-26 00:00:00,9.36,9.37,9.32,9.33,36693.18,16658.85
2026-04-26 01:00:00,9.33,9.34,9.31,9.32,24191.28,15038.25
2026-04-26 02:00:00,9.32,9.37,9.32,9.35,24108.34,15610.68
2026-04-26 03:00:00,9.34,9.36,9.31,9.34,23926.12,10005.77
2026-04-26 04:00:00,9.35,9.4,9.32,9.37,41032.25,22634.12
2026-04-26 05:00:00,9.36,9.44,9.36,9.4,72380.06,42667.35
2026-04-26 06:00:00,9.4,9.44,9.39,9.42,58089.82,23280.6
2026-04-26 07:00:00,9.41,9.44,9.4,9.43,29277.45,17570.18
2026-04-26 08:00:00,9.43,9.45,9.41,9.44,38550.47,17586.63
2026-04-26 09:00:00,9.43,9.46,9.43,9.45,40456.58,20704.07
2026-04-26 10:00:00,9.45,9.46,9.43,9.45,32529.95,12060.05
2026-04-26 11:00:00,9.45,9.53,9.45,9.48,70173.33,34029.15
2026-04-26 12:00:00,9.49,9.5,9.42,9.43,33645.54,9541.28
2026-04-26 13:00:00,9.44,9.45,9.41,9.41,30665.88,14445.8
2026-04-26 14:00:00,9.41,9.49,9.4,9.47,53522.98,28088.62
2026-04-26 15:00:00,9.46,9.49,9.45,9.49,34692.66,14983.56
2026-04-26 16:00:00,9.48,9.49,9.43,9.43,54419.43,20436.29
2026-04-26 17:00:00,9.43,9.44,9.4,9.43,50145.51,12766.67
2026-04-26 18:00:00,9.42,9.55,9.41,9.48,314416.46,165094
2026-04-26 19:00:00,9.48,9.52,9.46,9.48,54644.01,26945.84
2026-04-26 20:00:00,9.48,9.49,9.45,9.45,31911.92,15489.15
2026-04-26 21:00:00,9.45,9.47,9.39,9.46,93618.16,42479.77
2026-04-26 22:00:00,9.46,9.51,9.42,9.45,109328.09,60233.92
2026-04-26 23:00:00,9.44,9.5,9.43,9.45,69677.42,33677.77
2026-04-27 00:00:00,9.46,9.51,9.42,9.51,73475.23,45977.39
2026-04-27 01:00:00,9.51,9.56,9.47,9.55,94110.67,54765.16
2026-04-27 02:00:00,9.55,9.56,9.5,9.54,42310.01,18542.72
2026-04-27 03:00:00,9.53,9.57,9.51,9.51,80978.37,39005.16
2026-04-27 04:00:00,9.51,9.54,9.48,9.5,47611.13,19946.71
2026-04-27 05:00:00,9.5,9.5,9.27,9.29,255660.77,83662.72
2026-04-27 06:00:00,9.29,9.3,9.21,9.26,165401.91,69298.67
2026-04-27 07:00:00,9.25,9.27,9.23,9.23,90786.28,41841.02
2026-04-27 08:00:00,9.23,9.26,9.22,9.25,75135.1,44041.99
2026-04-27 09:00:00,9.26,9.28,9.24,9.26,53753.62,34632.39
2026-04-27 10:00:00,9.25,9.28,9.25,9.26,24159.65,12001
2026-04-27 11:00:00,9.26,9.28,9.24,9.27,51682.6,12873.77
2026-04-27 12:00:00,9.26,9.27,9.24,9.24,40555.44,17719.87
2026-04-27 13:00:00,9.24,9.26,9.19,9.24,97473.56,40188.44
2026-04-27 14:00:00,9.23,9.32,9.23,9.27,129146.42,61038.79
2026-04-27 15:00:00,9.28,9.28,9.08,9.13,295615.67,114704.02
2026-04-27 16:00:00,9.13,9.18,9.1,9.16,88798.95,49193.62
2026-04-27 17:00:00,9.16,9.2,9.15,9.17,34816.67,17444.1
2026-04-27 18:00:00,9.17,9.21,9.16,9.19,22447.93,10657.21
2026-04-27 19:00:00,9.19,9.21,9.13,9.18,54918.09,21868.67
2026-04-27 20:00:00,9.17,9.2,9.17,9.17,25827.38,10250.53
2026-04-27 21:00:00,9.17,9.2,9.16,9.18,20571.59,11969.6
2026-04-27 22:00:00,9.18,9.23,9.16,9.22,28521.6,17292.63
2026-04-27 23:00:00,9.22,9.28,9.22,9.27,66010.84,28773.37
2026-04-28 00:00:00,9.26,9.27,9.23,9.26,53543.37,20496.41
2026-04-28 01:00:00,9.25,9.27,9.23,9.25,43485.6,18430.55
2026-04-28 02:00:00,9.25,9.28,9.2,9.21,38847.39,15162.23
2026-04-28 03:00:00,9.22,9.23,9.2,9.22,22937.15,11012.82
2026-04-28 04:00:00,9.22,9.25,9.21,9.22,21177.27,6952.82
2026-04-28 05:00:00,9.22,9.26,9.21,9.22,22614.95,10045.92
2026-04-28 06:00:00,9.23,9.25,9.16,9.19,31431.75,11505.08
2026-04-28 07:00:00,9.18,9.19,9.14,9.18,45282.92,24615.03
2026-04-28 08:00:00,9.17,9.21,9.16,9.18,56807.89,33184.07
2026-04-28 09:00:00,9.19,9.19,9.13,9.15,74022.95,35063.56
2026-04-28 10:00:00,9.16,9.21,9.15,9.21,32061.13,11851.33
2026-04-28 11:00:00,9.22,9.23,9.12,9.15,179868.21,69362.77
2026-04-28 12:00:00,9.16,9.2,9.14,9.19,65018.37,26956
2026-04-28 13:00:00,9.2,9.23,9.13,9.19,108160.83,52884.16
2026-04-28 14:00:00,9.19,9.2,9.11,9.17,55603.42,25098.19
2026-04-28 15:00:00,9.17,9.2,9.13,9.17,63686.79,35218.47
2026-04-28 16:00:00,9.16,9.18,9.14,9.17,37758.34,16301.04
2026-04-28 17:00:00,9.16,9.2,9.13,9.16,33895.96,11874.58
2026-04-28 18:00:00,9.16,9.19,9.12,9.17,85821.94,33831.24
2026-04-28 19:00:00,9.17,9.19,9.14,9.18,32637.69,17879.21
2026-04-28 20:00:00,9.19,9.2,9.17,9.18,37339.32,19672.49
2026-04-28 21:00:00,9.19,9.21,9.17,9.18,42336.96,15363.16
2026-04-28 22:00:00,9.18,9.2,9.15,9.16,39055.01,22113.09
2026-04-28 23:00:00,9.17,9.18,9.15,9.17,15185.69,6915.49
2026-04-29 00:00:00,9.17,9.18,9.15,9.18,21687.27,12904.42
2026-04-29 01:00:00,9.17,9.19,9.14,9.18,44399.12,15409.56
2026-04-29 02:00:00,9.18,9.2,9.15,9.18,27826.14,15505.86
2026-04-29 03:00:00,9.18,9.26,9.18,9.26,68912.31,40434.54
2026-04-29 04:00:00,9.26,9.35,9.24,9.34,100780.76,63261.58
2026-04-29 05:00:00,9.34,9.35,9.32,9.33,72854.46,30478.41
2026-04-29 06:00:00,9.33,9.35,9.28,9.3,35323.1,13429.46
2026-04-29 07:00:00,9.3,9.33,9.28,9.3,46603.3,14118.79
2026-04-29 08:00:00,9.3,9.3,9.25,9.27,43058.92,19376.16
2026-04-29 09:00:00,9.26,9.42,9.25,9.4,123044.71,77678.4
2026-04-29 10:00:00,9.4,9.45,9.36,9.4,131679.61,70399.52
2026-04-29 11:00:00,9.39,9.4,9.33,9.35,60748.35,24075.94
2026-04-29 12:00:00,9.34,9.35,9.2,9.27,174218.62,60507.84
2026-04-29 13:00:00,9.26,9.28,9.16,9.22,107070.84,44469.03
2026-04-29 14:00:00,9.21,9.24,9.17,9.2,46838.9,21420.93
2026-04-29 15:00:00,9.19,9.21,9.08,9.12,158339.58,71217
2026-04-29 16:00:00,9.12,9.16,9.1,9.12,77000.1,23396.99
2026-04-29 17:00:00,9.12,9.19,9.11,9.18,37000.44,20273.2
2026-04-29 18:00:00,9.19,9.19,8.92,9.07,531638.5,261540.21
2026-04-29 19:00:00,9.07,9.08,9.02,9.06,106250.25,54186.54
2026-04-29 20:00:00,9.06,9.13,9.05,9.1,85642.81,48790.63
2026-04-29 21:00:00,9.1,9.16,9.09,9.13,60276.48,30445.11
2026-04-29 22:00:00,9.12,9.14,9.1,9.12,30658.26,14823.83
2026-04-29 23:00:00,9.12,9.13,9.09,9.12,52416.55,23230.16
2026-04-30 00:00:00,9.12,9.23,9.12,9.21,84061.28,57841.93
2026-04-30 01:00:00,9.22,9.22,9.17,9.19,40141.48,15114.4
2026-04-30 02:00:00,9.2,9.22,9.09,9.12,102558.59,33920.42
2026-04-30 03:00:00,9.12,9.17,9.12,9.16,38195.7,12512.44
2026-04-30 04:00:00,9.17,9.17,9.08,9.08,59008.96,21141.64
2026-04-30 05:00:00,9.09,9.12,9.05,9.09,37744.12,22265.1
2026-04-30 06:00:00,9.1,9.13,9.08,9.11,25738.49,13203.31
2026-04-30 07:00:00,9.11,9.16,9.09,9.15,49013.34,21283.19
2026-04-30 08:00:00,9.16,9.17,9.14,9.15,54772.68,23423.22
2026-04-30 09:00:00,9.15,9.23,9.14,9.18,81016.8,52393.53
2026-04-30 10:00:00,9.18,9.19,9.13,9.14,47355.42,21470.26
2026-04-30 11:00:00,9.15,9.19,9.11,9.14,50442.09,20755.2
2026-04-30 12:00:00,9.15,9.18,9.13,9.13,27027.94,13306.06
2026-04-30 13:00:00,9.13,9.16,9.09,9.13,62744.87,34449.88
2026-04-30 14:00:00,9.13,9.16,9.08,9.12,95236.49,47564.75
2026-04-30 15:00:00,9.12,9.17,9.09,9.13,78412.56,36364.84
2026-04-30 16:00:00,9.14,9.14,9.08,9.1,35808.78,10244.44
2026-04-30 17:00:00,9.09,9.11,9.07,9.1,24527.81,10948.72
2026-04-30 18:00:00,9.09,9.13,9.08,9.1,25618.18,11265.86
2026-04-30 19:00:00,9.1,9.13,9.09,9.1,30392,13630.59
2026-04-30 20:00:00,9.11,9.12,9.09,9.09,34715.62,14068.46
2026-04-30 21:00:00,9.09,9.11,9.08,9.09,23520.47,11718.55
2026-04-30 22:00:00,9.09,9.1,9.06,9.06,40617.88,17063.68
2026-04-30 23:00:00,9.07,9.1,9.06,9.09,15808.96,6984.99
2026-05-01 00:00:00,9.1,9.14,9.09,9.1,24514.07,13201.68
2026-05-01 01:00:00,9.11,9.14,9.1,9.13,24537.01,16083.75
2026-05-01 02:00:00,9.12,9.13,9.09,9.11,17795.92,3955.88
2026-05-01 03:00:00,9.11,9.21,9.1,9.15,62483.59,36772.9
2026-05-01 04:00:00,9.16,9.18,9.12,9.12,47610.44,24451.08
2026-05-01 05:00:00,9.12,9.14,9.1,9.12,18587.64,10997.77
2026-05-01 06:00:00,9.12,9.13,9.06,9.09,37554.85,19459.96
2026-05-01 07:00:00,9.08,9.12,9.07,9.1,24231.61,13147.98
2026-05-01 08:00:00,9.1,9.15,9.1,9.14,36165.59,21008.77
2026-05-01 09:00:00,9.14,9.14,9.08,9.11,51791.93,17097.96
2026-05-01 10:00:00,9.11,9.12,9.06,9.11,26206.54,14453.4
2026-05-01 11:00:00,9.12,9.13,9.09,9.13,30660.44,15098.18
2026-05-01 12:00:00,9.12,9.2,9.11,9.16,84556.06,45048.84
2026-05-01 13:00:00,9.17,9.26,9.17,9.25,105678.94,57302.05
2026-05-01 14:00:00,9.25,9.27,9.18,9.22,84274.37,38705.88
2026-05-01 15:00:00,9.21,9.24,9.16,9.2,124431.26,48248.06
2026-05-01 16:00:00,9.2,9.22,9.14,9.17,71116.74,47595.82
2026-05-01 17:00:00,9.16,9.19,9.13,9.19,61407.64,31912.39
2026-05-01 18:00:00,9.19,9.19,9.16,9.17,30130,16823.94
2026-05-01 19:00:00,9.17,9.19,9.15,9.16,43919.37,11942.76
2026-05-01 20:00:00,9.15,9.16,9.07,9.08,49725.08,13050.63
2026-05-01 21:00:00,9.08,9.13,9.08,9.11,42859.08,26491.18
2026-05-01 22:00:00,9.11,9.13,9.08,9.09,45035.35,18875.94
2026-05-01 23:00:00,9.09,9.1,9.06,9.08,39722.81,18931.62
2026-05-02 00:00:00,9.09,9.11,9.07,9.09,27888.89,14946.43
2026-05-02 01:00:00,9.09,9.12,9.08,9.11,19622.11,10189.78
2026-05-02 02:00:00,9.1,9.13,9.09,9.11,27074.63,14173.23
2026-05-02 03:00:00,9.11,9.14,9.09,9.12,27906.56,13430.89
2026-05-02 04:00:00,9.13,9.13,9.07,9.08,26333.25,9121.56
2026-05-02 05:00:00,9.09,9.1,9.06,9.08,18727.45,8556.37
2026-05-02 06:00:00,9.07,9.11,9.07,9.1,27806.89,14652.43
2026-05-02 07:00:00,9.11,9.11,9.09,9.1,5602.49,2877.86
2026-05-02 08:00:00,9.09,9.1,9.08,9.09,18359.08,8466.5
2026-05-02 09:00:00,9.1,9.13,9.09,9.11,18450.4,12988.46
2026-05-02 10:00:00,9.11,9.13,9.1,9.13,16092.16,8675.98
2026-05-02 11:00:00,9.12,9.12,9.07,9.08,21987.86,8824.37
2026-05-02 12:00:00,9.09,9.11,9.08,9.08,26062.26,17442.3
2026-05-02 13:00:00,9.09,9.12,9.08,9.12,29483.25,15020.95
2026-05-02 14:00:00,9.11,9.14,9.11,9.13,21852.27,12724.52
2026-05-02 15:00:00,9.13,9.16,9.12,9.15,22924.23,13700.66
2026-05-02 16:00:00,9.15,9.18,9.14,9.17,21723.71,8909.06
2026-05-02 17:00:00,9.17,9.17,9.14,9.14,34943.05,14139.49
2026-05-02 18:00:00,9.13,9.16,9.1,9.15,64196.73,37000.94
2026-05-02 19:00:00,9.15,9.17,9.14,9.17,39390.73,19440.71
2026-05-02 20:00:00,9.17,9.19,9.15,9.17,20970.15,10431.75
2026-05-02 21:00:00,9.18,9.25,9.15,9.21,176383.46,73381.59
2026-05-02 22:00:00,9.21,9.22,9.18,9.21,78768.23,34401.34
2026-05-02 23:00:00,9.21,9.21,9.17,9.18,26182.93,13172.59
2026-05-03 00:00:00,9.19,9.2,9.12,9.14,34884.78,12730.27
2026-05-03 01:00:00,9.13,9.14,9.07,9.08,57815.54,15254.64
2026-05-03 02:00:00,9.07,9.09,9.04,9.06,78966.95,41220.35
2026-05-03 03:00:00,9.06,9.07,9.02,9.05,46112.88,21940.88
2026-05-03 04:00:00,9.04,9.05,9.02,9.02,62115.91,39794.3
2026-05-03 05:00:00,9.02,9.06,9.02,9.04,43145.53,24358.57
2026-05-03 06:00:00,9.03,9.07,9,9.05,68635.38,32190.1
2026-05-03 07:00:00,9.05,9.08,9.04,9.06,34841.14,19761.36
2026-05-03 08:00:00,9.05,9.08,9.03,9.03,29032.31,10981.58
2026-05-03 09:00:00,9.03,9.08,8.97,9.06,162926.57,92258.47
2026-05-03 10:00:00,9.06,9.07,9.04,9.05,33862.81,18747.33
2026-05-03 11:00:00,9.04,9.11,9.03,9.08,70472.33,33778.48
2026-05-03 12:00:00,9.08,9.13,9.08,9.09,67649.6,32611.24
2026-05-03 13:00:00,9.09,9.1,9.05,9.06,38277.15,17403.67
2026-05-03 14:00:00,9.06,9.11,9.05,9.09,61664.23,36940.83
2026-05-03 15:00:00,9.1,9.13,9.08,9.11,40702.71,18008.8
2026-05-03 16:00:00,9.11,9.11,9.07,9.09,37955.12,9795.54
2026-05-03 17:00:00,9.09,9.11,9.07,9.1,24806.89,10333.66
2026-05-03 18:00:00,9.1,9.12,9.09,9.1,18637.1,7653.43
2026-05-03 19:00:00,9.11,9.14,9.1,9.13,23938.7,13917.13
2026-05-03 20:00:00,9.13,9.18,9.11,9.12,63957.24,30425.1
2026-05-03 21:00:00,9.13,9.15,9.06,9.08,61510.98,36207.49
2026-05-03 22:00:00,9.09,9.2,9.08,9.17,82778.98,51310.3
2026-05-03 23:00:00,9.17,9.18,9.08,9.08,56508.21,23706.39
2026-05-04 00:00:00,9.08,9.09,8.99,9.06,103287.68,52065.27
2026-05-04 01:00:00,9.06,9.21,9.01,9.19,130088.95,84784.38
2026-05-04 02:00:00,9.2,9.31,9.18,9.29,189342.88,105194.83
2026-05-04 03:00:00,9.29,9.34,9.25,9.29,116025.3,52493.98
2026-05-04 04:00:00,9.29,9.38,9.28,9.33,110188.89,53875.86
2026-05-04 05:00:00,9.33,9.34,9.25,9.32,50676.92,25215.68
2026-05-04 06:00:00,9.32,9.33,9.21,9.26,72702.44,26701.96
2026-05-04 07:00:00,9.26,9.29,9.23,9.24,52753.14,28985.63
2026-05-04 08:00:00,9.23,9.24,9.17,9.2,94258.99,56962.52
2026-05-04 09:00:00,9.2,9.32,9.16,9.29,186055.12,102967.92
2026-05-04 10:00:00,9.29,9.29,9.03,9.12,340367.24,159197.16
2026-05-04 11:00:00,9.12,9.15,9.11,9.14,57797.38,31180.95
2026-05-04 12:00:00,9.14,9.17,9.11,9.11,54047.84,22939.74
2026-05-04 13:00:00,9.1,9.15,9.07,9.12,95963.66,54291.89
2026-05-04 14:00:00,9.12,9.28,9.07,9.23,141827.26,87004.81
2026-05-04 15:00:00,9.24,9.24,9.1,9.14,171561.51,91432.8
2026-05-04 16:00:00,9.14,9.24,9.09,9.19,170525.41,91367.6
2026-05-04 17:00:00,9.2,9.3,9.18,9.26,87624.55,49737.83
2026-05-04 18:00:00,9.25,9.29,9.23,9.27,88490.21,36069.24
2026-05-04 19:00:00,9.27,9.27,9.2,9.23,52210.63,24270.47
2026-05-04 20:00:00,9.23,9.24,9.13,9.15,98319.59,37324.64
2026-05-04 21:00:00,9.15,9.26,9.14,9.23,52457.33,32782.1
2026-05-04 22:00:00,9.23,9.26,9.18,9.19,63346.37,26139.11
2026-05-04 23:00:00,9.18,9.19,9.14,9.18,71179.53,32631.71
2026-05-05 00:00:00,9.18,9.22,9.17,9.21,81957.58,38157.57
2026-05-05 01:00:00,9.21,9.26,9.2,9.24,96784.93,42347.28
2026-05-05 02:00:00,9.24,9.3,9.23,9.26,99678.5,49906.26
2026-05-05 03:00:00,9.26,9.32,9.24,9.28,72021.61,35743.49
2026-05-05 04:00:00,9.29,9.3,9.26,9.27,31560.02,15159.5
2026-05-05 05:00:00,9.27,9.31,9.26,9.3,56804.37,25371.19
2026-05-05 06:00:00,9.3,9.33,9.27,9.33,42910.27,15438.18
2026-05-05 07:00:00,9.33,9.38,9.31,9.33,67483.37,36063.93
2026-05-05 08:00:00,9.33,9.36,9.32,9.34,53826.44,17572.29
2026-05-05 09:00:00,9.34,9.37,9.31,9.34,97156.33,37640.06
2026-05-05 10:00:00,9.34,9.43,9.33,9.4,115634.5,73359.94
2026-05-05 11:00:00,9.41,9.41,9.34,9.39,54384.75,24662.92
2026-05-05 12:00:00,9.39,9.43,9.38,9.42,56459.73,31486.27
2026-05-05 13:00:00,9.42,9.52,9.41,9.47,196295.39,110295.78
2026-05-05 14:00:00,9.48,9.52,9.4,9.45,169768.35,56185.19
2026-05-05 15:00:00,9.45,9.49,9.4,9.41,82580.04,34853.87
2026-05-05 16:00:00,9.41,9.43,9.33,9.37,63515.51,26667.63
2026-05-05 17:00:00,9.38,9.4,9.35,9.38,81442.57,39733.83
2026-05-05 18:00:00,9.38,9.41,9.37,9.4,39216.99,17459.48
2026-05-05 19:00:00,9.4,9.43,9.38,9.4,36541.85,16036.32
2026-05-05 20:00:00,9.41,9.46,9.4,9.44,96099.68,55394.6
2026-05-05 21:00:00,9.44,9.49,9.43,9.45,94395.93,52383.22
2026-05-05 22:00:00,9.46,9.49,9.37,9.42,110183.98,55265.27
2026-05-05 23:00:00,9.42,9.43,9.36,9.4,44734.74,22305.58
2026-05-06 00:00:00,9.4,9.42,9.37,9.4,53949.34,20884.46
2026-05-06 01:00:00,9.4,9.53,9.4,9.49,106124.79,70913.69
2026-05-06 02:00:00,9.5,9.51,9.43,9.49,64556.44,31821.09
2026-05-06 03:00:00,9.49,9.58,9.48,9.56,190451.4,125464.35
2026-05-06 04:00:00,9.57,9.59,9.49,9.51,146417.81,60198.92
2026-05-06 05:00:00,9.52,9.56,9.49,9.55,110304.55,52751.15
2026-05-06 06:00:00,9.56,9.57,9.5,9.53,89014.35,40848.07
2026-05-06 07:00:00,9.52,9.59,9.52,9.56,95950.62,60936.82
2026-05-06 08:00:00,9.56,9.74,9.56,9.73,236902.02,137606
2026-05-06 09:00:00,9.72,9.75,9.67,9.73,249643.12,145726.07
2026-05-06 10:00:00,9.73,9.76,9.7,9.74,223089.31,135391.7
2026-05-06 11:00:00,9.73,9.76,9.7,9.74,129897.02,74215.51
2026-05-06 12:00:00,9.75,9.78,9.71,9.75,152350.85,84088.21
2026-05-06 13:00:00,9.75,9.75,9.55,9.57,220339.46,106687.65
2026-05-06 14:00:00,9.56,9.62,9.46,9.55,288229.72,150667.58
2026-05-06 15:00:00,9.55,9.63,9.53,9.62,153992.95,95230.8
2026-05-06 16:00:00,9.62,9.67,9.57,9.62,144353.18,76205.76
2026-05-06 17:00:00,9.63,9.65,9.59,9.59,92580.58,50523.45
2026-05-06 18:00:00,9.6,9.62,9.57,9.57,57556.44,32048.36
2026-05-06 19:00:00,9.57,9.62,9.56,9.61,69986.14,37291.09
2026-05-06 20:00:00,9.6,9.65,9.56,9.6,60513.26,30232.4
2026-05-06 21:00:00,9.6,9.67,9.57,9.65,84226,49095.96
2026-05-06 22:00:00,9.66,9.66,9.57,9.6,72643.35,31893.96
2026-05-06 23:00:00,9.59,9.62,9.52,9.61,49872.56,24044.3
2026-05-07 00:00:00,9.61,9.63,9.52,9.54,74762.19,39082.46
2026-05-07 01:00:00,9.53,9.56,9.47,9.52,124748.32,61812.98
2026-05-07 02:00:00,9.53,9.53,9.45,9.51,103699.08,51527.5
2026-05-07 03:00:00,9.5,9.52,9.46,9.47,36137.21,16323.58
2026-05-07 04:00:00,9.46,9.57,9.46,9.57,47680.35,25128.76
2026-05-07 05:00:00,9.56,9.62,9.56,9.58,86389.3,46623.68
2026-05-07 06:00:00,9.58,9.66,9.53,9.66,105050.04,62635.92
2026-05-07 07:00:00,9.66,9.7,9.64,9.68,99655.28,58061.45
2026-05-07 08:00:00,9.69,9.69,9.64,9.64,93730.28,63610.58
2026-05-07 09:00:00,9.64,9.65,9.56,9.57,74164.11,38381.97
2026-05-07 10:00:00,9.56,9.6,9.52,9.58,64402.54,33703.37
2026-05-07 11:00:00,9.58,9.61,9.55,9.57,58789.98,30168.73
2026-05-07 12:00:00,9.58,9.65,9.57,9.64,82255.66,50971.14
2026-05-07 13:00:00,9.64,9.65,9.49,9.54,128458.39,71667.58
2026-05-07 14:00:00,9.53,9.56,9.41,9.46,232219.68,101840.83
2026-05-07 15:00:00,9.46,9.48,9.37,9.41,198924.23,80245.61
2026-05-07 16:00:00,9.42,9.48,9.4,9.45,89139.62,50187.71
2026-05-07 17:00:00,9.45,9.51,9.4,9.51,108578.67,62106.76
2026-05-07 18:00:00,9.5,9.55,9.47,9.5,93025.32,55448.92
2026-05-07 19:00:00,9.5,9.51,9.46,9.47,86055.71,41283.26
2026-05-07 20:00:00,9.47,9.53,9.44,9.44,76329.24,37860.69
2026-05-07 21:00:00,9.44,9.49,9.41,9.45,81659.56,38438.6
2026-05-07 22:00:00,9.45,9.49,9.41,9.46,62871.94,28338.45
2026-05-07 23:00:00,9.45,9.51,9.45,9.5,36567.35,19034.69
2026-05-08 00:00:00,9.51,9.54,9.47,9.5,79011.92,45367.52
2026-05-08 01:00:00,9.51,9.52,9.46,9.49,33108.32,14633.58
2026-05-08 02:00:00,9.49,9.52,9.43,9.49,83030.08,52939.89
2026-05-08 03:00:00,9.48,9.51,9.43,9.49,60297.43,33540.54
2026-05-08 04:00:00,9.49,9.53,9.47,9.5,82432.05,48401.91
2026-05-08 05:00:00,9.51,9.52,9.48,9.49,53127.25,27188.64
2026-05-08 06:00:00,9.48,9.5,9.45,9.49,73803.44,22551.69
2026-05-08 07:00:00,9.49,9.52,9.44,9.52,62069.43,32951.7
2026-05-08 08:00:00,9.51,9.58,9.51,9.54,132751.47,81471.81
2026-05-08 09:00:00,9.54,9.63,9.53,9.56,99603.04,51338.57
2026-05-08 10:00:00,9.57,9.62,9.55,9.59,91524.14,52718.07
2026-05-08 11:00:00,9.59,9.61,9.56,9.59,113490.58,44097.46
2026-05-08 12:00:00,9.59,9.62,9.55,9.57,126715.27,62397.65
2026-05-08 13:00:00,9.58,9.59,9.5,9.54,74988.48,31106.3
2026-05-08 14:00:00,9.55,9.72,9.54,9.71,175194.76,94127.63
2026-05-08 15:00:00,9.7,9.78,9.62,9.78,190391.24,101253.45
2026-05-08 16:00:00,9.78,9.8,9.72,9.74,97089.31,48444.14
2026-05-08 17:00:00,9.74,9.86,9.7,9.81,182602.27,105140.21
2026-05-08 18:00:00,9.81,9.94,9.8,9.9,304000.12,181723.2
2026-05-08 19:00:00,9.9,9.96,9.87,9.91,167597.65,74714.4
2026-05-08 20:00:00,9.91,9.92,9.86,9.89,95871.26,44807.68
2026-05-08 21:00:00,9.89,10,9.88,9.98,149463.28,102574.31
2026-05-08 22:00:00,9.98,10.02,9.92,9.95,162261.8,98691.13
2026-05-08 23:00:00,9.95,9.95,9.86,9.91,72318.56,39787.78
2026-05-09 00:00:00,9.91,10.01,9.89,10,141180.75,93107.1
2026-05-09 01:00:00,10,10.12,9.99,10.08,209285.11,126985.47
2026-05-09 02:00:00,10.09,10.1,10.02,10.04,70082.14,41319.43
2026-05-09 03:00:00,10.03,10.05,9.96,9.98,102611.68,51098.05
2026-05-09 04:00:00,9.99,10.04,9.95,9.97,34846.01,13957.79
2026-05-09 05:00:00,9.97,10.02,9.94,10,54937.88,30057.12
2026-05-09 06:00:00,10,10.02,9.94,9.95,46732.22,19915.21
2026-05-09 07:00:00,9.96,9.99,9.93,9.95,73659.42,36561.93
2026-05-09 08:00:00,9.95,10,9.94,9.97,74992.37,36081.71
2026-05-09 09:00:00,9.97,9.97,9.88,9.89,65171.41,26390.82
2026-05-09 10:00:00,9.9,9.92,9.86,9.91,33773.19,16709.74
2026-05-09 11:00:00,9.91,9.95,9.9,9.93,39686.71,18700.84
2026-05-09 12:00:00,9.94,9.96,9.9,9.93,40258.85,20658.77
2026-05-09 13:00:00,9.93,9.98,9.89,9.9,189196.18,94132.49
2026-05-09 14:00:00,9.9,9.91,9.81,9.85,206425.16,115944.68
2026-05-09 15:00:00,9.84,9.86,9.8,9.83,63089.19,22082.76
2026-05-09 16:00:00,9.84,9.88,9.81,9.84,54821.21,29733.15
2026-05-09 17:00:00,9.85,9.97,9.84,9.95,81347.95,50708.94
2026-05-09 18:00:00,9.95,9.98,9.93,9.96,64993.46,33064.81
2026-05-09 19:00:00,9.96,10,9.94,10,51094.62,30093.48
2026-05-09 20:00:00,10,10.01,9.94,9.97,38986.77,19619.42
2026-05-09 21:00:00,9.97,9.99,9.94,9.97,40563.11,17756.3
2026-05-09 22:00:00,9.96,10.01,9.94,9.98,37606.2,18192.48
2026-05-09 23:00:00,9.99,10.01,9.93,9.97,36805.26,12271.54
2026-05-10 00:00:00,9.96,10,9.91,9.93,74990.69,37010.26
2026-05-10 01:00:00,9.92,9.92,9.86,9.89,45831.94,19503.6
2026-05-10 02:00:00,9.89,9.93,9.85,9.92,31741.72,17682.84
2026-05-10 03:00:00,9.91,9.95,9.9,9.91,41813.6,22581.34
2026-05-10 04:00:00,9.91,9.94,9.89,9.91,29780.59,12656.17
2026-05-10 05:00:00,9.92,9.95,9.89,9.93,27294.83,13794.13
2026-05-10 06:00:00,9.93,9.96,9.91,9.95,49510.97,26711.86
2026-05-10 07:00:00,9.95,10.02,9.92,9.92,82827.82,29838.1
2026-05-10 08:00:00,9.92,10.07,9.91,10.03,219897.32,117319.12
2026-05-10 09:00:00,10.04,10.07,9.97,10,60860.59,33087.87
2026-05-10 10:00:00,10,10.02,9.94,10.01,58893.3,25011.82
2026-05-10 11:00:00,10,10.02,9.94,9.98,42044.19,21156.44
2026-05-10 12:00:00,9.99,10.01,9.95,10,39323.46,22437.79
2026-05-10 13:00:00,10,10.08,9.99,10.08,54504.8,28231.64
2026-05-10 14:00:00,10.08,10.12,10.01,10.05,282112.45,213578.1
2026-05-10 15:00:00,10.05,10.17,10.05,10.15,150020.03,93586.64
2026-05-10 16:00:00,10.16,10.26,10.14,10.25,176062.49,100977.51
2026-05-10 17:00:00,10.25,10.37,10.19,10.36,201115.46,115024.49
2026-05-10 18:00:00,10.36,10.43,10.33,10.4,147105.97,71554.96
2026-05-10 19:00:00,10.4,10.49,10.34,10.41,155980.83,87412.43
2026-05-10 20:00:00,10.41,10.47,9.95,10.09,350971.83,119320.65
2026-05-10 21:00:00,10.09,10.19,10.03,10.14,152485.85,59397.26
2026-05-10 22:00:00,10.13,10.3,10.11,10.28,176063.61,98922.95
2026-05-10 23:00:00,10.29,10.3,10.21,10.23,116117.73,54767.93
2026-05-11 00:00:00,10.23,10.26,10.11,10.16,125358.67,52752.99
2026-05-11 01:00:00,10.15,10.22,10.11,10.15,85490.34,38303.99
2026-05-11 02:00:00,10.15,10.15,10.01,10.06,128181.34,79868.22
2026-05-11 03:00:00,10.06,10.07,9.97,10.03,104985.97,44582.05
2026-05-11 04:00:00,10.03,10.05,9.98,10.04,55537.05,32816.4
2026-05-11 05:00:00,10.03,10.11,10.02,10.08,99417.56,63653.57
2026-05-11 06:00:00,10.09,10.15,10.08,10.11,60060.07,32363.4
2026-05-11 07:00:00,10.1,10.11,10.04,10.09,64794.8,40571.37
2026-05-11 08:00:00,10.09,10.11,10.02,10.07,83266.88,34661.93
2026-05-11 09:00:00,10.08,10.16,10.07,10.15,57105.6,30566.53
2026-05-11 10:00:00,10.15,10.21,10.1,10.11,70280.57,34520.53
2026-05-11 11:00:00,10.11,10.16,10.09,10.12,50431.05,29429.73
2026-05-11 12:00:00,10.13,10.15,10.06,10.07,73173.22,34056.68
2026-05-11 13:00:00,10.08,10.15,10.03,10.11,84514.6,41090.02
2026-05-11 14:00:00,10.11,10.17,10,10.11,173325.74,62845.17
2026-05-11 15:00:00,10.11,10.25,10.08,10.24,86087.07,47484.37
2026-05-11 16:00:00,10.24,10.27,10.14,10.18,110172.44,48255.17
2026-05-11 17:00:00,10.18,10.23,10.14,10.22,51433.13,25980.27
2026-05-11 18:00:00,10.22,10.23,10.15,10.17,48923.64,24158.5
2026-05-11 19:00:00,10.16,10.23,10.15,10.21,65098.13,40957.27
2026-05-11 20:00:00,10.21,10.23,10.17,10.19,52980.3,23965.18
2026-05-11 21:00:00,10.18,10.21,10.16,10.16,24229.22,10478.66
2026-05-11 22:00:00,10.16,10.2,10.13,10.15,53023.38,27392.29
2026-05-11 23:00:00,10.15,10.17,10.11,10.14,49242.6,23468.86
2026-05-12 00:00:00,10.14,10.17,10.1,10.15,66636.36,37998.08
2026-05-12 01:00:00,10.16,10.17,9.98,10.03,131507.12,53666.52
2026-05-12 02:00:00,10.02,10.08,10.02,10.06,59012.41,30398.65
2026-05-12 03:00:00,10.06,10.08,10,10.02,48492.86,23601.38
2026-05-12 04:00:00,10.01,10.05,10,10.03,32511.44,17518.3
2026-05-12 05:00:00,10.03,10.08,10.03,10.05,36797.14,15487.5
2026-05-12 06:00:00,10.04,10.07,10.01,10.03,59426.6,23899.64
2026-05-12 07:00:00,10.02,10.03,9.94,10.02,73408.66,27878.72
2026-05-12 08:00:00,10.01,10.02,9.94,9.97,71567.76,30061.4
2026-05-12 09:00:00,9.96,9.97,9.89,9.91,128487.17,40790.1
2026-05-12 10:00:00,9.91,9.93,9.84,9.86,87097.17,29439.33
2026-05-12 11:00:00,9.87,9.88,9.81,9.87,71109.46,31282.69
2026-05-12 12:00:00,9.87,9.93,9.82,9.89,83259.45,38917.85
2026-05-12 13:00:00,9.89,9.91,9.77,9.79,101758.07,36231.85
2026-05-12 14:00:00,9.79,9.84,9.69,9.74,228099.27,99752.74
2026-05-12 15:00:00,9.74,9.78,9.66,9.74,171202.81,56387.89
2026-05-12 16:00:00,9.73,9.77,9.68,9.7,93971.67,38455.11
2026-05-12 17:00:00,9.7,9.81,9.7,9.79,64891.79,43643.46
2026-05-12 18:00:00,9.8,9.85,9.78,9.83,37847.65,19166.81
2026-05-12 19:00:00,9.84,9.89,9.83,9.87,50409.52,27084.7
2026-05-12 20:00:00,9.87,9.89,9.84,9.86,33320.56,19211.71
2026-05-12 21:00:00,9.87,9.89,9.85,9.88,51036.91,23044.25
2026-05-12 22:00:00,9.88,9.9,9.86,9.87,27149.5,14742.86
2026-05-12 23:00:00,9.88,9.89,9.83,9.83,40895.66,17693.39
2026-05-13 00:00:00,9.83,9.89,9.82,9.88,32822.01,10054.89
2026-05-13 01:00:00,9.88,9.97,9.88,9.94,103939.18,59184.46
2026-05-13 02:00:00,9.95,10,9.93,9.98,59511.34,26993.07
2026-05-13 03:00:00,9.98,10.05,9.97,10.03,60710.89,41009.92
2026-05-13 04:00:00,10.04,10.06,10.01,10.05,67870.78,42013.82
2026-05-13 05:00:00,10.04,10.05,9.96,10,47788.48,19102.21
2026-05-13 06:00:00,10,10.03,9.97,9.97,39316.87,17493.26
2026-05-13 07:00:00,9.98,10.02,9.97,10,40441.71,24237.45
2026-05-13 08:00:00,10,10.06,9.98,10.03,31504.22,19820.56
2026-05-13 09:00:00,10.04,10.15,10.03,10.14,117201.75,79981.25
2026-05-13 10:00:00,10.15,10.16,10.05,10.08,87087.9,36798.92
2026-05-13 11:00:00,10.07,10.08,9.94,9.95,80796.53,41554.42
2026-05-13 12:00:00,9.95,9.98,9.79,9.86,161709.62,51085.2
2026-05-13 13:00:00,9.87,9.91,9.74,9.76,196556.05,91913.51
2026-05-13 14:00:00,9.76,9.83,9.7,9.81,122272.79,62090.82
2026-05-13 15:00:00,9.81,9.83,9.62,9.64,152019.68,48374.59
2026-05-13 16:00:00,9.64,9.76,9.63,9.73,112508.55,53525.49
2026-05-13 17:00:00,9.74,9.79,9.74,9.77,69971.99,30497.69
2026-05-13 18:00:00,9.77,9.82,9.77,9.78,49852.73,26759.08
2026-05-13 19:00:00,9.78,9.79,9.71,9.74,46470.07,24719.96
2026-05-13 20:00:00,9.73,9.8,9.72,9.79,43978.78,25283.35
2026-05-13 21:00:00,9.79,9.79,9.7,9.71,46411.42,22297.53
2026-05-13 22:00:00,9.72,9.77,9.69,9.76,58552.81,37604.34
2026-05-13 23:00:00,9.76,9.78,9.74,9.76,33170.99,18977.75
2026-05-14 00:00:00,9.76,9.82,9.76,9.8,59565.66,33098.3
2026-05-14 01:00:00,9.79,9.81,9.77,9.79,30982.05,14479.58
2026-05-14 02:00:00,9.8,9.82,9.72,9.73,54843.63,25597.62
2026-05-14 03:00:00,9.73,9.75,9.63,9.65,111035.21,42706.17
2026-05-14 04:00:00,9.66,9.72,9.64,9.72,73227.14,50777.88
2026-05-14 05:00:00,9.72,9.8,9.7,9.78,48276.61,28160.23
2026-05-14 06:00:00,9.79,9.79,9.74,9.74,46150.96,23099.94
2026-05-14 07:00:00,9.74,9.76,9.7,9.71,59937.41,19832.64
2026-05-14 08:00:00,9.71,9.73,9.68,9.71,59998.87,24563.35
2026-05-14 09:00:00,9.71,9.72,9.63,9.68,90020.48,32155.98
2026-05-14 10:00:00,9.67,9.73,9.66,9.71,42612.85,22016.84
2026-05-14 11:00:00,9.71,9.73,9.66,9.68,43127.72,23754.97
2026-05-14 12:00:00,9.67,9.78,9.66,9.76,34254.53,17156.77
2026-05-14 13:00:00,9.77,9.83,9.75,9.78,84888.77,42311.87
2026-05-14 14:00:00,9.78,10.05,9.74,10.03,211784.62,128351.16
2026-05-14 15:00:00,10.04,10.07,9.98,10.05,155053.62,85176.32
2026-05-14 16:00:00,10.06,10.1,9.93,10.05,181472.47,82178.57
2026-05-14 17:00:00,10.05,10.08,9.94,10.01,108610.11,48961.99
2026-05-14 18:00:00,10.01,10.12,9.98,10.09,117636.09,63102.93
2026-05-14 19:00:00,10.09,10.14,10,10.02,142430.06,59986.37
2026-05-14 20:00:00,10.01,10.03,9.94,9.99,58858.67,31854.57
2026-05-14 21:00:00,9.99,10.02,9.94,9.98,36901,14454.01
2026-05-14 22:00:00,9.98,10.01,9.97,9.98,24703.35,9599.38
2026-05-14 23:00:00,9.97,9.98,9.89,9.91,41698.66,13183.46
2026-05-15 00:00:00,9.9,9.96,9.89,9.95,29871.26,16755.43
2026-05-15 01:00:00,9.95,9.97,9.87,9.88,45728.04,21803.43
2026-05-15 02:00:00,9.87,9.93,9.82,9.92,82940.69,48133.7
2026-05-15 03:00:00,9.92,9.93,9.86,9.88,28995.28,11684.28
2026-05-15 04:00:00,9.88,9.88,9.8,9.81,37889.82,9351.48
2026-05-15 05:00:00,9.8,9.83,9.68,9.7,86662.85,31265.57
2026-05-15 06:00:00,9.7,9.78,9.69,9.76,61460.41,23015.03
2026-05-15 07:00:00,9.75,9.86,9.74,9.82,50370.46,27730.66
2026-05-15 08:00:00,9.82,9.82,9.74,9.78,33091.6,12886.09
2026-05-15 09:00:00,9.79,9.8,9.73,9.75,37400.48,16061.54
2026-05-15 10:00:00,9.75,9.83,9.74,9.82,26607.88,17054.62
2026-05-15 11:00:00,9.82,9.82,9.77,9.79,35037.34,8902.15
2026-05-15 12:00:00,9.78,9.79,9.72,9.73,24689.11,11334.62
2026-05-15 13:00:00,9.72,9.73,9.43,9.46,288940.76,86923.96
2026-05-15 14:00:00,9.46,9.53,9.41,9.48,249044.09,97480.08
2026-05-15 15:00:00,9.49,9.51,9.45,9.48,79619.05,25857.42
2026-05-15 16:00:00,9.49,9.59,9.47,9.56,78344.99,45395.21
2026-05-15 17:00:00,9.56,9.61,9.56,9.59,42542.7,20146.95
2026-05-15 18:00:00,9.6,9.61,9.54,9.58,35838.01,11404.71
2026-05-15 19:00:00,9.57,9.58,9.53,9.55,21451.77,7116.99
2026-05-15 20:00:00,9.54,9.55,9.5,9.53,69173.3,26741.98
2026-05-15 21:00:00,9.52,9.56,9.5,9.52,45393.73,11518.91
2026-05-15 22:00:00,9.52,9.56,9.51,9.55,24652.35,13277.91
2026-05-15 23:00:00,9.56,9.57,9.53,9.54,14717.99,7856.04
2026-05-16 00:00:00,9.53,9.58,9.52,9.54,20258.53,11512.85
2026-05-16 01:00:00,9.55,9.56,9.51,9.56,29780.34,15273.64
2026-05-16 02:00:00,9.55,9.56,9.52,9.54,13348.71,6570.32
2026-05-16 03:00:00,9.55,9.56,9.52,9.53,15513.35,7202.1
2026-05-16 04:00:00,9.54,9.54,9.44,9.49,64799.11,20568.12
2026-05-16 05:00:00,9.49,9.49,9.46,9.47,48073.67,24282.02
2026-05-16 06:00:00,9.47,9.48,9.34,9.37,145957.64,33343.57
2026-05-16 07:00:00,9.37,9.38,9.22,9.34,223200.46,66352.13
2026-05-16 08:00:00,9.35,9.38,9.34,9.34,31353.31,20385.62
2026-05-16 09:00:00,9.34,9.35,9.2,9.25,154235.27,47330.08
2026-05-16 10:00:00,9.24,9.27,9.19,9.24,134677.84,46895.21
2026-05-16 11:00:00,9.25,9.29,9.25,9.26,25659,13480.47
2026-05-16 12:00:00,9.26,9.29,9.24,9.28,24044.7,11618.86
2026-05-16 13:00:00,9.27,9.31,9.26,9.27,40865.15,17962.24
2026-05-16 14:00:00,9.27,9.34,9.25,9.29,51663.55,23172.13
2026-05-16 15:00:00,9.29,9.33,9.28,9.32,48460.53,16492.4
2026-05-16 16:00:00,9.32,9.36,9.31,9.33,35698.54,19468.53
2026-05-16 17:00:00,9.33,9.38,9.33,9.35,23064.62,12696.32
2026-05-16 18:00:00,9.36,9.37,9.33,9.33,37051.28,20388.59
2026-05-16 19:00:00,9.33,9.34,9.31,9.31,14054.1,5723.6
2026-05-16 20:00:00,9.32,9.34,9.29,9.31,13313.16,3818.44
2026-05-16 21:00:00,9.31,9.33,9.3,9.32,17777.99,10964.43
2026-05-16 22:00:00,9.31,9.32,9.29,9.3,31176.6,12890.36
2026-05-16 23:00:00,9.3,9.31,9.28,9.29,9456.34,3890.03
2026-05-17 00:00:00,9.3,9.31,9.23,9.24,42506.08,16427.15
2026-05-17 01:00:00,9.24,9.27,9.18,9.21,108854.92,59954.53
2026-05-17 02:00:00,9.21,9.24,9.2,9.23,22118.93,14225.88
2026-05-17 03:00:00,9.22,9.3,9.22,9.27,18943.46,12324.1
2026-05-17 04:00:00,9.27,9.33,9.27,9.3,34542.59,18047.23
2026-05-17 05:00:00,9.31,9.36,9.3,9.32,29227.71,17674.7
2026-05-17 06:00:00,9.33,9.35,9.31,9.35,15119.61,8623.09
2026-05-17 07:00:00,9.35,9.36,9.3,9.32,65348.47,19201.13
2026-05-17 08:00:00,9.32,9.32,9.29,9.3,27770.09,17543.93
2026-05-17 09:00:00,9.3,9.38,9.29,9.36,55575,30597.38
2026-05-17 10:00:00,9.37,9.42,9.36,9.37,49796.61,33459.73
2026-05-17 11:00:00,9.38,9.38,9.34,9.36,20120.76,7975.8
2026-05-17 12:00:00,9.36,9.4,9.35,9.36,12536.73,5423.65
2026-05-17 13:00:00,9.35,9.36,9.31,9.33,23213.74,9244.81
2026-05-17 14:00:00,9.33,9.34,9.26,9.3,44550.06,15034.5
2026-05-17 15:00:00,9.29,9.31,9.27,9.3,28820.33,15984.27
2026-05-17 16:00:00,9.3,9.32,9.26,9.27,29809.22,15673.89
2026-05-17 17:00:00,9.27,9.28,9.23,9.26,35652.17,16188.4
2026-05-17 18:00:00,9.26,9.29,9.23,9.28,32996.21,19556.8
2026-05-17 19:00:00,9.29,9.33,9.28,9.31,14872.99,8069.82
2026-05-17 20:00:00,9.32,9.32,9.28,9.3,33644.19,17402.46
2026-05-17 21:00:00,9.3,9.35,9.28,9.32,80345.64,34536.37
2026-05-17 22:00:00,9.32,9.33,9.22,9.25,51964.11,22181.71
2026-05-17 23:00:00,9.24,9.24,8.96,9.2,572242.05,276286.45
2026-05-18 00:00:00,9.19,9.2,9.11,9.19,111840.69,51199.05
2026-05-18 01:00:00,9.19,9.2,9.11,9.17,71728.1,30074.68
2026-05-18 02:00:00,9.16,9.24,9.15,9.2,59126.94,25569.52
2026-05-18 03:00:00,9.2,9.23,9.17,9.2,46960.32,21408.95
2026-05-18 04:00:00,9.2,9.23,9.15,9.22,28159.9,13363.01
2026-05-18 05:00:00,9.22,9.23,9.15,9.16,70152.65,30049.62
2026-05-18 06:00:00,9.16,9.18,9.06,9.13,160848.66,56172.78
2026-05-18 07:00:00,9.14,9.15,9.08,9.11,61479.77,27534.11
2026-05-18 08:00:00,9.12,9.14,9.1,9.13,31535.82,12968.37
2026-05-18 09:00:00,9.14,9.14,9.08,9.08,28026.71,16085.41
2026-05-18 10:00:00,9.08,9.09,9.04,9.07,58991.24,26813.69
2026-05-18 11:00:00,9.06,9.21,9.05,9.16,72307.94,35075.09
2026-05-18 12:00:00,9.16,9.23,9.16,9.2,60919.81,35387.37
2026-05-18 13:00:00,9.2,9.2,9.08,9.15,52055.42,24825.72
2026-05-18 14:00:00,9.14,9.14,9.03,9.07,83378.84,35054.94
2026-05-18 15:00:00,9.07,9.11,9.01,9.09,81902.86,35628.07
2026-05-18 16:00:00,9.09,9.12,9.05,9.09,49848,23382.11
2026-05-18 17:00:00,9.1,9.15,9.09,9.12,34559.43,20590.68
2026-05-18 18:00:00,9.13,9.13,9.01,9.02,55762.2,27238.18
2026-05-18 19:00:00,9.02,9.2,9.02,9.18,130597.72,79157.12
2026-05-18 20:00:00,9.18,9.22,9.15,9.18,37387.56,18276.74
2026-05-18 21:00:00,9.18,9.26,9.16,9.25,67615.35,48579.42
2026-05-18 22:00:00,9.25,9.27,9.21,9.24,50727.64,33936.61
2026-05-18 23:00:00,9.25,9.27,9.22,9.24,46704.88,23899.97
2026-05-19 00:00:00,9.25,9.32,9.24,9.28,64779.35,41789.91
2026-05-19 01:00:00,9.28,9.28,9.22,9.24,61702.58,27168.37
2026-05-19 02:00:00,9.23,9.28,9.2,9.21,39391.35,18991.15
2026-05-19 03:00:00,9.21,9.26,9.19,9.24,50650.02,30292.34
2026-05-19 04:00:00,9.24,9.27,9.21,9.24,43874.53,20936.65
2026-05-19 05:00:00,9.24,9.27,9.19,9.24,51980.18,21631.39
2026-05-19 06:00:00,9.25,9.28,9.23,9.25,39116.46,18265.59
2026-05-19 07:00:00,9.26,9.3,9.24,9.28,66034.82,33043.65
2026-05-19 08:00:00,9.28,9.28,9.21,9.24,42718.08,22655.2
2026-05-19 09:00:00,9.23,9.25,9.17,9.19,43280.73,18305.19
2026-05-19 10:00:00,9.19,9.2,9.13,9.16,38258.94,18320.65
2026-05-19 11:00:00,9.16,9.16,9.08,9.1,34215.44,15587.8
2026-05-19 12:00:00,9.1,9.16,9.09,9.15,18391.39,12808.45
2026-05-19 13:00:00,9.15,9.16,9.1,9.12,89930.45,59908.14
2026-05-19 14:00:00,9.11,9.14,9.02,9.07,81119.45,41481.88
2026-05-19 15:00:00,9.07,9.12,9.06,9.1,49174.96,30028.08
2026-05-19 16:00:00,9.1,9.17,9.08,9.17,30395.54,16792.92
2026-05-19 17:00:00,9.16,9.19,9.13,9.16,29755.12,13234.88
2026-05-19 18:00:00,9.15,9.17,9.1,9.14,39086.55,19163.93
2026-05-19 19:00:00,9.13,9.18,9.1,9.11,38113.3,19171.78
2026-05-19 20:00:00,9.12,9.15,9.11,9.14,9490.9,4124.07
2026-05-19 21:00:00,9.14,9.15,9.12,9.13,19668.97,7036.87
2026-05-19 22:00:00,9.13,9.13,9.06,9.08,38197.23,19106.7
2026-05-19 23:00:00,9.08,9.14,9.08,9.11,19395.92,13457.62
2026-05-20 00:00:00,9.1,9.12,9.07,9.1,43230.87,17749.97
2026-05-20 01:00:00,9.11,9.12,9.06,9.11,28723.77,15967.19
2026-05-20 02:00:00,9.12,9.13,9.08,9.1,7625.85,2986.67
2026-05-20 03:00:00,9.09,9.14,9.08,9.12,15675.44,7910.55
2026-05-20 04:00:00,9.12,9.13,9.09,9.13,12153.58,6467.81
2026-05-20 05:00:00,9.13,9.21,9.13,9.193,63526.12,37092.84
2026-05-20 06:00:00,9.194,9.245,9.194,9.236,63621.71,32609.58
2026-05-20 07:00:00,9.236,9.239,9.197,9.207,29085.5,11330.66
2026-05-20 08:00:00,9.208,9.267,9.205,9.24,64140.57,39867.07
2026-05-20 09:00:00,9.239,9.24,9.2,9.204,19546.83,10648.02
2026-05-20 10:00:00,9.205,9.25,9.205,9.225,33373.3,21487.69
2026-05-20 11:00:00,9.224,9.238,9.185,9.205,41641.16,20748.58
2026-05-20 12:00:00,9.204,9.272,9.195,9.253,46032.56,27632.3
2026-05-20 13:00:00,9.252,9.258,9.153,9.193,71051.11,29561.07
2026-05-20 14:00:00,9.194,9.332,9.165,9.312,136705.46,86841.61
2026-05-20 15:00:00,9.312,9.368,9.268,9.34,178568.24,110776.4
2026-05-20 16:00:00,9.341,9.374,9.271,9.336,98485.92,55771.09
2026-05-20 17:00:00,9.335,9.4,9.315,9.342,157812.55,105662.63
2026-05-20 18:00:00,9.341,9.349,9.272,9.291,37001.1,14590.72
2026-05-20 19:00:00,9.291,9.336,9.275,9.318,57075.3,30172.34
2026-05-20 20:00:00,9.317,9.336,9.262,9.307,63779.41,33872.84
2026-05-20 21:00:00,9.305,9.315,9.266,9.268,35473.85,14945.46
2026-05-20 22:00:00,9.268,9.285,9.22,9.274,39948.6,18657.53
2026-05-20 23:00:00,9.273,9.299,9.249,9.298,43905.95,20968.32
2026-05-21 00:00:00,9.297,9.365,9.292,9.355,73509.71,44750.23
2026-05-21 01:00:00,9.355,9.387,9.333,9.354,95948.22,42539.09
2026-05-21 02:00:00,9.353,9.392,9.345,9.361,72535.17,40983.16
2026-05-21 03:00:00,9.361,9.388,9.353,9.383,49526.75,32194.87
2026-05-21 04:00:00,9.384,9.402,9.355,9.388,91168.93,43352.75
2026-05-21 05:00:00,9.388,9.399,9.304,9.347,63945.1,36866.62
2026-05-21 06:00:00,9.347,9.42,9.343,9.389,439941.15,334672.84
2026-05-21 07:00:00,9.39,9.485,9.375,9.471,138410.71,91274.16
2026-05-21 08:00:00,9.472,9.517,9.379,9.411,529114.49,158559.76
2026-05-21 09:00:00,9.411,9.45,9.378,9.378,78760.74,41783.28
2026-05-21 10:00:00,9.378,9.384,9.284,9.323,111667.77,40948
2026-05-21 11:00:00,9.323,9.341,9.296,9.296,50125.43,15222.39
2026-05-21 12:00:00,9.297,9.326,9.263,9.307,71960.19,39246.38
2026-05-21 13:00:00,9.307,9.35,9.25,9.33,95433.29,37171.84
2026-05-21 14:00:00,9.329,9.378,9.292,9.316,88452.63,49362.02
2026-05-21 15:00:00,9.315,9.405,9.295,9.376,85172.07,52400.99
2026-05-21 16:00:00,9.377,9.394,9.298,9.332,95968.09,23286.55
2026-05-21 17:00:00,9.333,9.516,9.333,9.478,216501.17,131542.43
2026-05-21 18:00:00,9.478,9.51,9.414,9.454,208237.77,111810.68
2026-05-21 19:00:00,9.454,9.508,9.447,9.493,80232.1,50983.93
2026-05-21 20:00:00,9.493,9.505,9.457,9.481,66451.45,39143.35
2026-05-21 21:00:00,9.482,9.502,9.464,9.47,53697.11,31889.52
2026-05-21 22:00:00,9.471,9.484,9.448,9.454,42597.62,26498.05
2026-05-21 23:00:00,9.453,9.468,9.428,9.453,48862.26,18678.94
2026-05-22 00:00:00,9.453,9.462,9.387,9.392,43524.34,18983.67
2026-05-22 01:00:00,9.391,9.436,9.384,9.432,45490.62,28091.66
2026-05-22 02:00:00,9.433,9.49,9.433,9.472,46499.27,29605.79
2026-05-22 03:00:00,9.472,9.507,9.452,9.503,71671.23,46397.88
2026-05-22 04:00:00,9.504,9.552,9.493,9.517,77453.85,57617.04
2026-05-22 05:00:00,9.517,9.575,9.508,9.534,81623.55,53178.65
2026-05-22 06:00:00,9.534,9.54,9.481,9.493,75233.98,31516.1
2026-05-22 07:00:00,9.492,9.548,9.458,9.51,82180.49,42980.11
2026-05-22 08:00:00,9.51,9.566,9.486,9.509,128436.08,88146.3
2026-05-22 09:00:00,9.509,9.55,9.491,9.493,56962.38,38464.12
2026-05-22 10:00:00,9.492,9.5,9.459,9.496,29319,14341.8
2026-05-22 11:00:00,9.496,9.532,9.467,9.531,66160,33370.57
2026-05-22 12:00:00,9.531,9.591,9.517,9.59,100616.38,68771.45
2026-05-22 13:00:00,9.589,9.602,9.494,9.537,159423.16,63829.02
2026-05-22 14:00:00,9.537,9.537,9.401,9.428,145862.97,39966.28
2026-05-22 15:00:00,9.427,9.464,9.373,9.433,102319.34,35329.4
2026-05-22 16:00:00,9.433,9.46,9.403,9.438,58199.72,27121.72
2026-05-22 17:00:00,9.439,9.466,9.402,9.408,59999.58,23847.55
2026-05-22 18:00:00,9.408,9.408,9.204,9.296,228836.94,65540.55
2026-05-22 19:00:00,9.296,9.313,9.148,9.22,312361.93,121774.12
2026-05-22 20:00:00,9.22,9.259,9.201,9.252,104475.37,40151.17
2026-05-22 21:00:00,9.251,9.285,9.245,9.262,34323.01,17067.12
2026-05-22 22:00:00,9.262,9.265,9.209,9.231,46090.46,17997.7
2026-05-22 23:00:00,9.232,9.25,9.099,9.154,154743.96,42499.35
2026-05-23 00:00:00,9.155,9.174,9.109,9.17,109663.66,52860.39
2026-05-23 01:00:00,9.17,9.192,9.151,9.182,31992.76,18237.34
2026-05-23 02:00:00,9.183,9.192,9.17,9.192,39357.42,11347.56
2026-05-23 03:00:00,9.192,9.215,9.191,9.201,17245.26,9379.28
2026-05-23 04:00:00,9.2,9.201,9.151,9.158,33632.02,13136.65
2026-05-23 05:00:00,9.159,9.167,9.126,9.147,48479.46,17000.85
2026-05-23 06:00:00,9.148,9.152,9.108,9.118,64080.39,21876.67
2026-05-23 07:00:00,9.119,9.123,8.842,8.92,524059.46,197943.42
2026-05-23 08:00:00,8.92,8.93,8.834,8.89,341771.7,123452.84
2026-05-23 09:00:00,8.889,8.896,8.842,8.875,158710.01,66405.83
2026-05-23 10:00:00,8.875,8.917,8.872,8.906,82308.26,37756.58
2026-05-23 11:00:00,8.906,8.926,8.9,8.9,139079.5,37256.9
2026-05-23 12:00:00,8.901,8.94,8.877,8.929,179992.17,55428.89
2026-05-23 13:00:00,8.928,9.022,8.927,9.013,108248.79,70916.43
2026-05-23 14:00:00,9.014,9.112,9.001,9.105,77185.66,48579.61
2026-05-23 15:00:00,9.106,9.169,9.095,9.134,72178.67,38325.39
2026-05-23 16:00:00,9.135,9.162,9.11,9.153,44382.84,20643.45
2026-05-23 17:00:00,9.154,9.173,9.117,9.144,43860.41,23407.86
2026-05-23 18:00:00,9.144,9.334,9.139,9.274,216278.29,118682.12
2026-05-23 19:00:00,9.275,9.306,9.253,9.285,87078.52,52105.23
2026-05-23 20:00:00,9.286,9.544,9.269,9.541,363511.8,236642.02
2026-05-23 21:00:00,9.542,9.59,9.438,9.482,261365.05,145594.4
2026-05-23 22:00:00,9.482,9.513,9.364,9.414,177999.37,83194.43
2026-05-23 23:00:00,9.413,9.424,9.383,9.39,54649.29,28037.76
2026-05-24 00:00:00,9.391,9.422,9.378,9.406,57142.25,30320.82
2026-05-24 01:00:00,9.406,9.429,9.389,9.408,37048.15,20745.1
2026-05-24 02:00:00,9.409,9.417,9.338,9.359,43763.09,14876.62
2026-05-24 03:00:00,9.359,9.377,9.32,9.33,32741.49,12402.26
2026-05-24 04:00:00,9.331,9.361,9.331,9.357,18404.53,10312.23
2026-05-24 05:00:00,9.356,9.36,9.326,9.353,25505.97,12500.67
2026-05-24 06:00:00,9.352,9.374,9.323,9.363,28839.9,13731.45
2026-05-24 07:00:00,9.364,9.374,9.322,9.327,24058.08,9815.19
2026-05-24 08:00:00,9.328,9.349,9.316,9.345,42982.8,17808.22
2026-05-24 09:00:00,9.344,9.371,9.335,9.357,38213.2,16627.11
2026-05-24 10:00:00,9.357,9.385,9.322,9.346,63376.19,31184.4
2026-05-24 11:00:00,9.347,9.367,9.341,9.352,20856.77,10678.14
2026-05-24 12:00:00,9.353,9.354,9.296,9.322,42589.04,11829
2026-05-24 13:00:00,9.323,9.334,9.254,9.278,57207.89,18054.34
2026-05-24 14:00:00,9.278,9.282,9.138,9.237,147130.77,53677.8
2026-05-24 15:00:00,9.237,9.247,9.219,9.237,24084.3,12068.04
2026-05-24 16:00:00,9.236,9.264,9.217,9.257,52015.17,27418.91
2026-05-24 17:00:00,9.256,9.272,9.247,9.26,15487.04,6499.31
2026-05-24 18:00:00,9.26,9.263,9.222,9.234,19836.05,9450.54
2026-05-24 19:00:00,9.234,9.244,9.21,9.235,24600.49,8368.31
2026-05-24 20:00:00,9.236,9.241,9.194,9.201,49387.38,17671.65
2026-05-24 21:00:00,9.202,9.211,9.069,9.079,133650.74,41953.09
2026-05-24 22:00:00,9.08,9.208,9.08,9.168,110313.59,51103.69
2026-05-24 23:00:00,9.169,9.235,9.169,9.212,31916.79,16294.93
2026-05-25 00:00:00,9.212,9.24,9.205,9.224,44954.98,22988.59
2026-05-25 01:00:00,9.224,9.232,9.153,9.156,52011.68,17094.07
2026-05-25 02:00:00,9.156,9.228,9.156,9.179,32839.1,13808.42
2026-05-25 03:00:00,9.18,9.19,9.161,9.17,26612.58,13215.24
2026-05-25 04:00:00,9.17,9.26,9.161,9.252,46149.12,28699.09
2026-05-25 05:00:00,9.253,9.307,9.252,9.292,72843.79,53587.01
2026-05-25 06:00:00,9.291,9.324,9.273,9.319,59535.7,43324.49
2026-05-25 07:00:00,9.32,9.36,9.293,9.342,64809.43,40534.55
2026-05-25 08:00:00,9.343,9.364,9.325,9.357,48940.08,29590.14
2026-05-25 09:00:00,9.357,9.385,9.34,9.375,53314.37,34706.46
2026-05-25 10:00:00,9.374,9.422,9.374,9.417,92102.11,69815.24
2026-05-25 11:00:00,9.416,9.42,9.367,9.377,40824.47,15739.21
2026-05-25 12:00:00,9.378,9.414,9.365,9.389,67677.91,39221.57
2026-05-25 13:00:00,9.388,9.416,9.383,9.408,30542.31,18492.35
2026-05-25 14:00:00,9.408,9.495,9.408,9.472,125143.78,84976.35
2026-05-25 15:00:00,9.472,9.506,9.414,9.433,94819.17,63865.47
2026-05-25 16:00:00,9.433,9.484,9.418,9.461,49466.77,28115.94
2026-05-25 17:00:00,9.462,9.471,9.424,9.435,27062.42,14164.24
2026-05-25 18:00:00,9.434,9.459,9.394,9.399,25835.96,11869.96
2026-05-25 19:00:00,9.398,9.413,9.363,9.386,38089.46,15399.89
2026-05-25 20:00:00,9.385,9.401,9.328,9.348,43617.05,18837.61
2026-05-25 21:00:00,9.347,9.375,9.33,9.341,36747.59,11087.34
2026-05-25 22:00:00,9.342,9.346,9.276,9.283,64143.53,28851.72
2026-05-25 23:00:00,9.282,9.324,9.274,9.31,37558.73,26016.48
2026-05-26 00:00:00,9.31,9.313,9.2,9.254,146518.9,50620.05
2026-05-26 01:00:00,9.253,9.259,9.176,9.208,86937.55,21562.05
2026-05-26 02:00:00,9.209,9.223,9.188,9.208,37390.26,12520.14
2026-05-26 03:00:00,9.208,9.226,9.168,9.225,32821.29,11290.47
2026-05-26 04:00:00,9.226,9.277,9.211,9.257,41839.38,23340.93
2026-05-26 05:00:00,9.256,9.332,9.243,9.303,42617.95,21811.01
2026-05-26 06:00:00,9.303,9.33,9.264,9.306,32860.58,18556.04
2026-05-26 07:00:00,9.306,9.31,9.239,9.27,52211.59,20631.78
2026-05-26 08:00:00,9.269,9.297,9.262,9.281,38286.07,17176.95
2026-05-26 09:00:00,9.282,9.307,9.266,9.289,30106.49,18527.84
2026-05-26 10:00:00,9.288,9.463,9.268,9.429,147008.04,93810.55
2026-05-26 11:00:00,9.429,9.436,9.382,9.382,48901.87,27292.62
2026-05-26 12:00:00,9.382,9.403,9.344,9.389,54926.37,29066.75
2026-05-26 13:00:00,9.39,9.436,9.334,9.424,89917.73,50519.47
2026-05-26 14:00:00,9.425,9.49,9.326,9.357,149689.36,90399.86
2026-05-26 15:00:00,9.356,9.366,9.235,9.291,137621.71,60730.96
2026-05-26 16:00:00,9.291,9.291,9.217,9.256,106094.95,40749.39
2026-05-26 17:00:00,9.257,9.278,9.12,9.172,150135.32,59693.97
2026-05-26 18:00:00,9.172,9.225,9.136,9.155,78537.34,32630.57
2026-05-26 19:00:00,9.156,9.193,9.125,9.173,50635.2,26964.77
2026-05-26 20:00:00,9.174,9.186,9.159,9.183,31233.4,13716.38
2026-05-26 21:00:00,9.183,9.189,9.128,9.145,35971.83,8975.33
2026-05-26 22:00:00,9.146,9.163,9.119,9.137,63469.52,20934.2
2026-05-26 23:00:00,9.138,9.164,9.135,9.14,31154.17,13922.4
2026-05-27 00:00:00,9.14,9.193,9.14,9.193,47609.04,27796.42
2026-05-27 01:00:00,9.193,9.202,9.145,9.149,43712.52,21101.5
2026-05-27 02:00:00,9.15,9.172,9.114,9.172,44743.1,17753.33
2026-05-27 03:00:00,9.172,9.178,9.13,9.142,34545.17,13526.08
2026-05-27 04:00:00,9.141,9.147,9.045,9.14,105191.16,34130.16
2026-05-27 05:00:00,9.141,9.176,9.137,9.169,24711.02,12401.81
2026-05-27 06:00:00,9.17,9.199,9.161,9.196,47286.34,29357.92
2026-05-27 07:00:00,9.196,9.215,9.173,9.196,62365.45,34425.18
2026-05-27 08:00:00,9.195,9.227,9.158,9.166,49620.63,24126.42
2026-05-27 09:00:00,9.166,9.168,9.13,9.138,32406.28,8198.94
2026-05-27 10:00:00,9.138,9.176,9.126,9.161,54985.58,33030.35
2026-05-27 11:00:00,9.16,9.193,9.152,9.153,39331.99,22536.02
2026-05-27 12:00:00,9.153,9.244,9.121,9.188,73086.5,41595.73
2026-05-27 13:00:00,9.187,9.198,9.081,9.152,125165.8,51187.86
2026-05-27 14:00:00,9.153,9.193,9.096,9.171,101660.75,43299.76
2026-05-27 15:00:00,9.17,9.291,9.168,9.242,115844.34,72088.51
2026-05-27 16:00:00,9.242,9.254,9.168,9.21,36255.22,19859.06
2026-05-27 17:00:00,9.21,9.21,9.088,9.112,71527.95,26490.17
2026-05-27 18:00:00,9.111,9.167,9.079,9.163,45213.28,22258.72
2026-05-27 19:00:00,9.164,9.205,9.16,9.19,40109.52,21840.76
2026-05-27 20:00:00,9.19,9.222,9.177,9.194,52264.02,31675.86
2026-05-27 21:00:00,9.193,9.2,9,9.043,197761.54,68236.28
2026-05-27 22:00:00,9.043,9.085,9.014,9.031,104141.42,51366.98
2026-05-27 23:00:00,9.03,9.056,8.994,9.043,85669.54,41002.58
2026-05-28 00:00:00,9.042,9.067,9.019,9.057,59528.91,31094.42
2026-05-28 01:00:00,9.057,9.063,8.976,9.048,70368.91,26216.02
2026-05-28 02:00:00,9.049,9.071,9.026,9.054,76400.35,45986.34
2026-05-28 03:00:00,9.054,9.059,8.86,8.88,256948.25,114685.35
2026-05-28 04:00:00,8.879,8.879,8.72,8.826,335993.54,157005.79
2026-05-28 05:00:00,8.827,8.837,8.715,8.774,121405.1,53176.09
2026-05-28 06:00:00,8.773,8.819,8.755,8.804,70602.07,47067.78
2026-05-28 07:00:00,8.805,8.85,8.788,8.847,87609.38,40465.69
2026-05-28 08:00:00,8.847,8.852,8.792,8.806,55829.66,21028.1
2026-05-28 09:00:00,8.807,8.879,8.803,8.871,40142.48,22640.4
2026-05-28 10:00:00,8.871,8.885,8.797,8.807,85061.7,27208.44
2026-05-28 11:00:00,8.807,8.83,8.795,8.819,46874.78,16537.63
2026-05-28 12:00:00,8.818,8.861,8.771,8.852,73634.85,31322.37
2026-05-28 13:00:00,8.853,8.878,8.803,8.832,81142.33,42523.16
2026-05-28 14:00:00,8.832,8.925,8.746,8.869,153416.87,79953.59
2026-05-28 15:00:00,8.869,8.884,8.782,8.852,85938.61,45205.24
2026-05-28 16:00:00,8.851,8.982,8.815,8.962,129053.23,70323.88
2026-05-28 17:00:00,8.963,9.016,8.93,8.991,96410.17,56555.93
2026-05-28 18:00:00,8.99,9.074,8.983,8.988,100304.05,55867.27
2026-05-28 19:00:00,8.988,8.996,8.912,8.916,84284.11,41542.79
2026-05-28 20:00:00,8.916,8.969,8.888,8.938,46125.13,26463.48
2026-05-28 21:00:00,8.939,8.994,8.931,8.973,32768.27,25821.27
2026-05-28 22:00:00,8.972,8.992,8.901,8.909,45162.25,23006.25
2026-05-28 23:00:00,8.909,8.943,8.907,8.928,18589.76,6662.15
2026-05-29 00:00:00,8.928,8.962,8.928,8.946,38754.83,22569.32
2026-05-29 01:00:00,8.947,8.974,8.928,8.942,35213.36,21138.25
2026-05-29 02:00:00,8.943,8.952,8.869,8.872,29559.35,11900.98
2026-05-29 03:00:00,8.873,8.94,8.873,8.882,27463.97,13193.95
2026-05-29 04:00:00,8.882,8.903,8.834,8.903,20892.65,8088.37
2026-05-29 05:00:00,8.904,8.936,8.899,8.929,35049.07,17755.7
2026-05-29 06:00:00,8.929,8.982,8.923,8.954,60644.84,21338.9
2026-05-29 07:00:00,8.953,8.972,8.889,8.926,31174.16,12810.02
2026-05-29 08:00:00,8.926,8.963,8.922,8.932,28584.81,13803.99
2026-05-29 09:00:00,8.933,8.977,8.931,8.965,26233.97,14566.93
2026-05-29 10:00:00,8.964,8.964,8.906,8.914,36531.94,17261.3
2026-05-29 11:00:00,8.913,8.923,8.836,8.874,50967.64,22252.01
2026-05-29 12:00:00,8.873,8.876,8.807,8.833,61740.91,21464.48
2026-05-29 13:00:00,8.832,8.85,8.787,8.819,64648.49,31132.98
2026-05-29 14:00:00,8.82,8.84,8.656,8.715,251560.7,114549.76
2026-05-29 15:00:00,8.716,9.003,8.712,8.925,232134.44,142745.81
2026-05-29 16:00:00,8.925,8.975,8.856,8.954,130175.39,64201.13
2026-05-29 17:00:00,8.954,8.988,8.916,8.927,95109.81,51093.87
2026-05-29 18:00:00,8.927,8.952,8.8,8.844,81169.85,32890.08
2026-05-29 19:00:00,8.844,8.874,8.774,8.837,33524.52,15270.6
2026-05-29 20:00:00,8.837,8.879,8.798,8.815,40406.9,20461.97
2026-05-29 21:00:00,8.815,8.854,8.791,8.791,35273.3,17463.25
2026-05-29 22:00:00,8.791,8.833,8.787,8.815,18515.43,8314.34
2026-05-29 23:00:00,8.815,8.838,8.789,8.827,37919.85,12680.94
2026-05-30 00:00:00,8.827,8.88,8.812,8.872,51218.35,25386.35
2026-05-30 01:00:00,8.873,8.97,8.866,8.948,97693.5,67460.59
2026-05-30 02:00:00,8.948,9.019,8.948,9.016,77502.64,51300.15
2026-05-30 03:00:00,9.016,9.049,8.963,8.973,60820.68,27455.42
2026-05-30 04:00:00,8.973,8.996,8.821,8.901,142249.11,57172.92
2026-05-30 05:00:00,8.9,8.949,8.886,8.94,40497.16,27693.88
2026-05-30 06:00:00,8.94,8.955,8.913,8.92,22017.08,11470.97
2026-05-30 07:00:00,8.92,8.929,8.897,8.916,12517.87,5361.02
2026-05-30 08:00:00,8.916,8.924,8.894,8.897,14970.64,8064.34
2026-05-30 09:00:00,8.897,8.942,8.885,8.93,47601.34,29938.24
2026-05-30 10:00:00,8.93,8.942,8.916,8.917,25388.11,13560.68
2026-05-30 11:00:00,8.916,8.935,8.895,8.921,22947.98,11284.28
2026-05-30 12:00:00,8.921,8.935,8.908,8.932,16269.15,9358.45
2026-05-30 13:00:00,8.931,8.96,8.912,8.952,34395.48,17427.17
2026-05-30 14:00:00,8.953,8.981,8.938,8.968,37050.48,20994.34
2026-05-30 15:00:00,8.968,8.994,8.948,8.965,29534.1,17527.82
2026-05-30 16:00:00,8.964,8.99,8.952,8.985,29830.33,14268.43
2026-05-30 17:00:00,8.984,8.993,8.942,8.99,23180.68,14476.19
2026-05-30 18:00:00,8.989,9.009,8.969,8.994,27214.61,16091.01
2026-05-30 19:00:00,8.995,8.997,8.966,8.991,16726.93,8493.77
2026-05-30 20:00:00,8.991,9.007,8.977,8.999,20030.15,10979.95
2026-05-30 21:00:00,8.999,9.016,8.998,8.999,30246.44,18367.98
2026-05-30 22:00:00,8.999,8.999,8.919,8.94,30605.48,12498.4
2026-05-30 23:00:00,8.94,8.957,8.916,8.946,21141.59,10973.12
2026-05-31 00:00:00,8.947,8.983,8.933,8.975,31125.71,15517.75
2026-05-31 01:00:00,8.974,9.004,8.971,8.987,27932.25,20529.5
2026-05-31 02:00:00,8.987,9.04,8.975,9.016,36799.32,23910.72
2026-05-31 03:00:00,9.016,9.025,9.002,9.011,18640.33,8210.2
2026-05-31 04:00:00,9.012,9.041,8.997,9.035,30396.88,16807.99
2026-05-31 05:00:00,9.034,9.084,9.022,9.045,71521.26,36687.72
2026-05-31 06:00:00,9.045,9.056,9.027,9.027,37795.34,24081.43
2026-05-31 07:00:00,9.027,9.027,8.973,8.991,30975.83,11096.97
2026-05-31 08:00:00,8.99,9.019,8.977,9.001,17938.25,8977.14
2026-05-31 09:00:00,9.001,9.038,8.977,8.988,26961.63,12416.29
2026-05-31 10:00:00,8.987,8.995,8.957,8.99,25911.58,9552.5
2026-05-31 11:00:00,8.99,9.026,8.99,9.016,19052.99,12653.42
2026-05-31 12:00:00,9.016,9.05,8.998,9.03,48656.66,31525.2
2026-05-31 13:00:00,9.031,9.05,9,9.01,41179.3,21210.57
2026-05-31 14:00:00,9.009,9.01,8.85,8.877,192711.59,84901.61
2026-05-31 15:00:00,8.878,8.934,8.873,8.884,36083.75,16225.08
2026-05-31 16:00:00,8.884,8.898,8.813,8.83,63267.88,21919.05
2026-05-31 17:00:00,8.829,8.872,8.814,8.868,37097.57,15305.25
2026-05-31 18:00:00,8.868,8.868,8.836,8.858,30400.24,11131.65
2026-05-31 19:00:00,8.858,8.868,8.8,8.839,57029.24,19229.45
2026-05-31 20:00:00,8.839,8.895,8.839,8.894,30330.99,18497.95
2026-05-31 21:00:00,8.894,8.952,8.88,8.94,44878.3,22105.06
2026-05-31 22:00:00,8.94,8.985,8.91,8.982,43519.94,23717.53
2026-05-31 23:00:00,8.982,9.029,8.912,8.983,59889.69,29344.08
2026-06-01 00:00:00,8.983,9.074,8.976,9.039,120334.8,76050.93
2026-06-01 01:00:00,9.038,9.043,8.891,8.891,60648.47,25675.37
2026-06-01 02:00:00,8.89,9.045,8.868,9.03,63628.77,32667.81
2026-06-01 03:00:00,9.029,9.073,9.005,9.02,56866.59,31508.74
2026-06-01 04:00:00,9.02,9.044,8.898,8.95,49658.84,24511.4
2026-06-01 05:00:00,8.949,8.954,8.874,8.89,34990.8,17883.2
2026-06-01 06:00:00,8.89,8.903,8.815,8.846,52786.56,23490.82
2026-06-01 07:00:00,8.846,8.868,8.78,8.792,68167.05,26216.75
2026-06-01 08:00:00,8.793,8.844,8.761,8.838,72930.06,35633.86
2026-06-01 09:00:00,8.839,8.893,8.838,8.864,118098.19,47037.19
2026-06-01 10:00:00,8.865,8.875,8.834,8.863,36629.8,16239.8
2026-06-01 11:00:00,8.864,8.882,8.805,8.832,38046.43,18192.65
2026-06-01 12:00:00,8.833,8.878,8.768,8.834,82267.82,35521.17
2026-06-01 13:00:00,8.834,8.846,8.722,8.783,182729.71,86338.31
2026-06-01 14:00:00,8.784,8.811,8.711,8.752,139200.38,69449.77
2026-06-01 15:00:00,8.753,8.778,8.677,8.732,87198.46,37209.36
2026-06-01 16:00:00,8.731,8.885,8.686,8.876,135638.58,71033.21
2026-06-01 17:00:00,8.876,8.954,8.856,8.924,117404.19,78071.75
2026-06-01 18:00:00,8.923,8.947,8.889,8.895,62882.35,30255.08
2026-06-01 19:00:00,8.895,8.969,8.876,8.959,54305.85,27245.81
2026-06-01 20:00:00,8.959,8.986,8.911,8.938,66558.91,44663.3
2026-06-01 21:00:00,8.939,8.943,8.862,8.881,53241.38,22547.79
2026-06-01 22:00:00,8.881,8.932,8.83,8.929,81665.12,57793.04
2026-06-01 23:00:00,8.929,8.96,8.897,8.936,57165.93,41188.72
2026-06-02 00:00:00,8.936,8.944,8.869,8.883,23707.96,6785.66
2026-06-02 01:00:00,8.884,8.897,8.772,8.777,57669.81,27727.36
2026-06-02 02:00:00,8.776,8.86,8.675,8.86,103917.78,44330.05
2026-06-02 03:00:00,8.86,8.895,8.829,8.884,40078.31,21415.25
2026-06-02 04:00:00,8.884,8.895,8.803,8.811,51721.49,23837.73
2026-06-02 05:00:00,8.81,8.837,8.736,8.74,88136.34,51604.89
2026-06-02 06:00:00,8.739,8.761,8.663,8.715,123509.01,56347.56
2026-06-02 07:00:00,8.716,8.753,8.67,8.717,146074.64,43491.36
2026-06-02 08:00:00,8.718,8.741,8.696,8.708,37561.09,14463.97
2026-06-02 09:00:00,8.709,8.718,8.66,8.685,77493.75,33455.13
2026-06-02 10:00:00,8.685,8.744,8.661,8.741,37143.58,20627.18
2026-06-02 11:00:00,8.74,8.74,8.672,8.683,35415.42,19166.79
2026-06-02 12:00:00,8.683,8.722,8.659,8.699,81119.52,36123.3
2026-06-02 13:00:00,8.7,8.72,8.678,8.694,61635.79,29181.37
2026-06-02 14:00:00,8.694,8.697,8.4,8.46,333420.28,139745.49
2026-06-02 15:00:00,8.461,8.479,8.273,8.366,286018.64,115026.08
2026-06-02 16:00:00,8.366,8.509,8.328,8.411,127128.04,64781.66
2026-06-02 17:00:00,8.412,8.494,8.41,8.452,61504.73,31818.99
2026-06-02 18:00:00,8.452,8.48,8.316,8.35,73945.35,27951.93
2026-06-02 19:00:00,8.35,8.374,8.176,8.332,192855.15,91249.19
2026-06-02 20:00:00,8.333,8.388,8.267,8.335,97573.47,56253.07
2026-06-02 21:00:00,8.336,8.391,8.297,8.331,73052.8,38507.79
2026-06-02 22:00:00,8.331,8.331,8.093,8.127,289177.02,100680.77
2026-06-02 23:00:00,8.128,8.185,8.029,8.18,214851.49,86513.63
2026-06-03 00:00:00,8.181,8.249,8.158,8.216,94438.15,38732.94
2026-06-03 01:00:00,8.217,8.266,8.191,8.242,55958.35,23110.67
2026-06-03 02:00:00,8.242,8.242,8.157,8.184,65540.8,29763.52
2026-06-03 03:00:00,8.184,8.206,7.993,8.052,142668.62,67171.71
2026-06-03 04:00:00,8.051,8.187,8.051,8.17,76277.49,50441.13
2026-06-03 05:00:00,8.171,8.316,8.171,8.287,325431.19,203481.12
2026-06-03 06:00:00,8.286,8.327,8.263,8.27,249804.42,153707.21
2026-06-03 07:00:00,8.27,8.345,8.258,8.321,108905.06,68456.15
2026-06-03 08:00:00,8.32,8.338,8.288,8.31,87010.15,38997.62
2026-06-03 09:00:00,8.309,8.327,8.244,8.281,123902.98,55381.69
2026-06-03 10:00:00,8.282,8.361,8.277,8.355,99766.44,55596.86
2026-06-03 11:00:00,8.355,8.372,8.277,8.302,110458.54,56751.97
2026-06-03 12:00:00,8.302,8.309,8.24,8.306,106075.02,55314.29
2026-06-03 13:00:00,8.307,8.346,8.256,8.313,147898.07,84119.44
2026-06-03 14:00:00,8.313,8.32,8.226,8.275,140199.86,61101.69
2026-06-03 15:00:00,8.276,8.285,8.179,8.191,144322.69,57534.99
2026-06-03 16:00:00,8.192,8.198,8.029,8.123,226529.48,104374.07
2026-06-03 17:00:00,8.124,8.192,8.069,8.14,117197.91,71346.52
2026-06-03 18:00:00,8.141,8.189,8.077,8.185,146714.29,74766.2
2026-06-03 19:00:00,8.185,8.194,8.03,8.044,228249.39,81379.56
2026-06-03 20:00:00,8.043,8.096,7.909,7.958,296470.15,133043.56
2026-06-03 21:00:00,7.957,8.179,7.928,8.173,159174.9,94438.94
2026-06-03 22:00:00,8.173,8.191,8.079,8.107,161775.33,90373.91
2026-06-03 23:00:00,8.107,8.115,8.037,8.049,130879.47,72862.72
2026-06-04 00:00:00,8.048,8.117,7.93,7.989,248202.46,119584.75
2026-06-04 01:00:00,7.989,8.024,7.744,7.765,477339.26,209462.04
2026-06-04 02:00:00,7.766,7.889,7.519,7.841,762254.92,381248.46
2026-06-04 03:00:00,7.842,8.064,7.841,8.035,222606.64,139524.95
2026-06-04 04:00:00,8.036,8.077,7.974,7.987,80274.4,43049.1
2026-06-04 05:00:00,7.986,7.986,7.859,7.898,148336.21,59962.01
2026-06-04 06:00:00,7.897,8.001,7.884,7.929,106186.9,62177.27
2026-06-04 07:00:00,7.93,7.939,7.819,7.824,144788.92,60744.17
2026-06-04 08:00:00,7.825,7.85,7.74,7.801,154729.84,72281
2026-06-04 09:00:00,7.801,7.804,7.601,7.719,252015.1,110198.43
2026-06-04 10:00:00,7.719,7.721,7.544,7.575,449676.83,186088.66
2026-06-04 11:00:00,7.575,7.68,7.543,7.663,242934.8,141330.57
2026-06-04 12:00:00,7.663,7.826,7.616,7.804,188175.03,107610.99
2026-06-04 13:00:00,7.804,7.828,7.679,7.788,201620.69,94412.88
2026-06-04 14:00:00,7.789,7.808,7.727,7.771,182026.92,98459.79
2026-06-04 15:00:00,7.77,7.858,7.75,7.762,119462.67,60854.39
2026-06-04 16:00:00,7.764,7.798,7.707,7.759,90756.91,44804.28
2026-06-04 17:00:00,7.758,7.796,7.672,7.753,121533.68,62348.83
2026-06-04 18:00:00,7.754,7.842,7.69,7.81,89317.61,44935.18
2026-06-04 19:00:00,7.809,7.847,7.764,7.78,80536.85,39276.72
2026-06-04 20:00:00,7.779,7.781,7.704,7.74,69656.22,33519.06
2026-06-04 21:00:00,7.739,7.764,7.567,7.596,150746.53,56423.84
2026-06-04 22:00:00,7.596,7.679,7.575,7.672,145021.6,77702.8
2026-06-04 23:00:00,7.671,7.712,7.616,7.707,110480.73,54143.75
2026-06-05 00:00:00,7.706,7.724,7.632,7.637,109795.31,59618.5
2026-06-05 01:00:00,7.637,7.682,7.564,7.647,160760.84,75508.93
2026-06-05 02:00:00,7.647,7.651,7.418,7.434,270780.08,105441.93
2026-06-05 03:00:00,7.435,7.502,7.313,7.317,251034.86,115960.52
2026-06-05 04:00:00,7.318,7.487,7.293,7.482,243458.64,116473.51
2026-06-05 05:00:00,7.482,7.509,7.252,7.263,289338.62,136899.43
2026-06-05 06:00:00,7.263,7.283,7.005,7.181,564050.36,229199.6
2026-06-05 07:00:00,7.18,7.319,7.056,7.305,336924.76,193227.93
2026-06-05 08:00:00,7.306,7.307,7.124,7.158,167366.1,89088.67
2026-06-05 09:00:00,7.159,7.283,7.158,7.254,170382.68,92213.24
2026-06-05 10:00:00,7.255,7.269,7.137,7.158,119340.71,64569.53
2026-06-05 11:00:00,7.157,7.159,7.063,7.077,191841.67,106737.58
2026-06-05 12:00:00,7.076,7.13,7.016,7.086,215580.37,129681.86
2026-06-05 13:00:00,7.087,7.223,6.968,6.974,293350.59,123275.46
2026-06-05 14:00:00,6.974,7.127,6.891,7.077,379388.27,192397.14
2026-06-05 15:00:00,7.077,7.092,6.851,6.904,405380.17,201851.31
2026-06-05 16:00:00,6.903,7.081,6.79,7.062,561141.51,274609.76
2026-06-05 17:00:00,7.062,7.109,6.982,7.021,162701.16,66190.51
2026-06-05 18:00:00,7.022,7.066,6.808,6.826,210220.45,96686.89
2026-06-05 19:00:00,6.825,6.83,6.584,6.7,562936.33,293229.03
2026-06-05 20:00:00,6.697,6.98,6.613,6.908,422566.44,211902.2
2026-06-05 21:00:00,6.907,7.01,6.889,6.957,111989.02,57298.77
2026-06-05 22:00:00,6.956,6.959,6.769,6.807,185751.57,91018.66
2026-06-05 23:00:00,6.808,6.854,6.634,6.729,187261.47,89301.6
2026-06-06 00:00:00,6.73,6.909,6.728,6.899,111562.23,61221.69
2026-06-06 01:00:00,6.9,6.933,6.726,6.744,91297.44,37547.56
2026-06-06 02:00:00,6.743,6.75,6.653,6.658,89497.82,41779.41
2026-06-06 03:00:00,6.657,6.657,6.515,6.526,161056.96,78788.62
2026-06-06 04:00:00,6.526,6.552,6.224,6.307,503012.24,255745.08
2026-06-06 05:00:00,6.306,6.584,6.256,6.582,222975.54,123066.24
2026-06-06 06:00:00,6.583,6.689,6.543,6.546,103430.59,52133.17
2026-06-06 07:00:00,6.547,6.716,6.523,6.676,139666.62,66466.53
2026-06-06 08:00:00,6.677,6.759,6.634,6.746,135277.74,76372.09
2026-06-06 09:00:00,6.746,6.838,6.701,6.713,146382.31,69537.16
2026-06-06 10:00:00,6.714,6.714,6.571,6.62,183150.3,80715.67
2026-06-06 11:00:00,6.619,6.705,6.607,6.683,85110.6,50173.93
2026-06-06 12:00:00,6.683,6.804,6.655,6.786,117183.98,63631.14
2026-06-06 13:00:00,6.785,6.82,6.743,6.762,90270.52,41201.69
2026-06-06 14:00:00,6.763,6.828,6.749,6.754,115333.04,46550.95
2026-06-06 15:00:00,6.755,6.77,6.602,6.693,163203.85,77959.59
2026-06-06 16:00:00,6.692,6.715,6.629,6.697,113199.99,60513.13
2026-06-06 17:00:00,6.698,6.706,6.596,6.613,114553.95,47498.07
2026-06-06 18:00:00,6.612,6.666,6.597,6.64,63936.75,35277.97
2026-06-06 19:00:00,6.64,6.672,6.608,6.608,53938.8,29712.25
2026-06-06 20:00:00,6.608,6.63,6.567,6.623,91407.73,46019.22
2026-06-06 21:00:00,6.624,6.672,6.624,6.629,71260.4,37049.02
2026-06-06 22:00:00,6.628,6.657,6.586,6.634,74289.98,38694.82
2026-06-06 23:00:00,6.634,6.689,6.631,6.664,45871.35,25298.93
2026-06-07 00:00:00,6.665,6.702,6.652,6.663,47950.5,23993.76
2026-06-07 01:00:00,6.661,6.841,6.653,6.782,197150.99,113752.94
2026-06-07 02:00:00,6.783,6.796,6.717,6.775,69290.84,36538.39
2026-06-07 03:00:00,6.775,6.801,6.725,6.757,60390.39,33025.87
2026-06-07 04:00:00,6.756,6.787,6.69,6.78,71076.31,42567.97
2026-06-07 05:00:00,6.779,6.82,6.751,6.772,84530.42,47094
2026-06-07 06:00:00,6.771,6.835,6.728,6.792,135859.97,72438.42
2026-06-07 07:00:00,6.791,6.833,6.758,6.825,125190.99,68253.35
2026-06-07 08:00:00,6.825,6.886,6.779,6.874,171170.67,89412.65
2026-06-07 09:00:00,6.874,6.88,6.77,6.771,126718.72,57543.78
2026-06-07 10:00:00,6.772,6.781,6.696,6.714,111646.48,46227.49
2026-06-07 11:00:00,6.714,6.755,6.695,6.729,119807.2,71211.44
2026-06-07 12:00:00,6.73,6.735,6.593,6.651,217926.14,94681.35
2026-06-07 13:00:00,6.651,6.676,6.627,6.66,80064.23,42317.87
2026-06-07 14:00:00,6.66,6.777,6.646,6.725,156410.76,72752.22
2026-06-07 15:00:00,6.725,6.725,6.669,6.71,109293.05,53847.24
2026-06-07 16:00:00,6.71,6.723,6.669,6.698,71069.34,35110.71
2026-06-07 17:00:00,6.698,6.743,6.664,6.688,121084.68,45841.16
2026-06-07 18:00:00,6.688,6.724,6.667,6.671,44214.69,21081.89
2026-06-07 19:00:00,6.672,6.672,6.508,6.541,228505.09,100188.26
2026-06-07 20:00:00,6.54,6.62,6.519,6.61,98078.27,44787.26
2026-06-07 21:00:00,6.609,6.628,6.561,6.595,52367.45,24683.08
2026-06-07 22:00:00,6.596,6.964,6.59,6.75,364831.03,179798.38
2026-06-07 23:00:00,6.749,6.839,6.736,6.819,132362.38,59591.46
2026-06-08 00:00:00,6.818,6.864,6.765,6.822,119813.58,64618.75
2026-06-08 01:00:00,6.823,6.825,6.636,6.712,168498.91,71711.83
2026-06-08 02:00:00,6.713,6.731,6.669,6.7,92072.01,44132.33
2026-06-08 03:00:00,6.7,6.736,6.637,6.668,94419.52,37405.41
2026-06-08 04:00:00,6.669,6.678,6.585,6.589,80156.94,38823.42
2026-06-08 05:00:00,6.589,6.615,6.538,6.596,136635.84,64278
2026-06-08 06:00:00,6.596,6.667,6.594,6.648,97705.21,52517.51
2026-06-08 07:00:00,6.648,6.705,6.607,6.703,83448.28,40379.51
2026-06-08 08:00:00,6.703,6.705,6.629,6.663,139025.63,62504.14
2026-06-08 09:00:00,6.662,6.715,6.621,6.709,108183.8,56929.36
2026-06-08 10:00:00,6.708,6.745,6.664,6.702,81631.33,38586.35
2026-06-08 11:00:00,6.702,6.824,6.688,6.785,145472.18,75714.14
2026-06-08 12:00:00,6.785,6.822,6.708,6.812,198782.54,97491.1
2026-06-08 13:00:00,6.813,6.827,6.702,6.732,147764.83,69482.44
2026-06-08 14:00:00,6.733,6.823,6.701,6.817,152333.03,79072.6
2026-06-08 15:00:00,6.818,6.88,6.797,6.809,144170.9,76902.39
2026-06-08 16:00:00,6.81,6.856,6.787,6.804,133761.21,70135.74
2026-06-08 17:00:00,6.804,6.835,6.771,6.832,98886.01,48420.8
2026-06-08 18:00:00,6.831,6.864,6.79,6.821,72798.09,41563.03
2026-06-08 19:00:00,6.821,6.847,6.804,6.822,61891.13,30608
2026-06-08 20:00:00,6.823,6.825,6.752,6.798,121467.09,63476.85
2026-06-08 21:00:00,6.799,6.882,6.796,6.818,121781.51,66874.31
2026-06-08 22:00:00,6.817,6.817,6.773,6.802,77402.47,25227.92
2026-06-08 23:00:00,6.802,6.823,6.745,6.766,49038.05,20540.29
2026-06-09 00:00:00,6.767,6.777,6.593,6.616,300936.17,105843.2
2026-06-09 01:00:00,6.615,6.664,6.598,6.657,83235,39470.34
2026-06-09 02:00:00,6.657,6.678,6.601,6.66,49061.15,26294.22
2026-06-09 03:00:00,6.661,6.685,6.623,6.67,122103.48,68333.28
2026-06-09 04:00:00,6.67,6.778,6.645,6.744,174101.84,95260.3
2026-06-09 05:00:00,6.744,6.793,6.739,6.779,54595.76,30717.7
2026-06-09 06:00:00,6.78,6.788,6.753,6.755,43646.21,17256.37
2026-06-09 07:00:00,6.756,6.787,6.729,6.748,69065.09,28711.91
2026-06-09 08:00:00,6.749,6.751,6.701,6.719,62337.27,22111.47
2026-06-09 09:00:00,6.718,6.728,6.663,6.677,57822.41,19112.26
2026-06-09 10:00:00,6.678,6.703,6.66,6.696,67155,27782.96
2026-06-09 11:00:00,6.695,6.718,6.667,6.711,42130.95,22147.06
2026-06-09 12:00:00,6.71,6.743,6.701,6.735,54440.06,30458.86
2026-06-09 13:00:00,6.735,6.748,6.672,6.69,96428.62,51720.03
2026-06-09 14:00:00,6.69,6.705,6.531,6.61,214710.31,98820.94
2026-06-09 15:00:00,6.609,6.643,6.518,6.526,109853.41,47758.32
2026-06-09 16:00:00,6.526,6.554,6.445,6.521,166387.91,66119.01
2026-06-09 17:00:00,6.521,6.641,6.517,6.608,125780.53,65161.93
2026-06-09 18:00:00,6.608,6.675,6.59,6.65,82051.33,34986.8
2026-06-09 19:00:00,6.65,6.68,6.631,6.658,86892.51,43819.52
2026-06-09 20:00:00,6.659,6.7,6.656,6.68,74299.85,35808.04
2026-06-09 21:00:00,6.68,6.69,6.614,6.625,76108.07,23167.38
2026-06-09 22:00:00,6.625,6.657,6.611,6.619,67747.5,29051.33
2026-06-09 23:00:00,6.619,6.652,6.611,6.639,47772.63,19581.8
2026-06-10 00:00:00,6.639,6.676,6.601,6.668,62518.55,29803.38
2026-06-10 01:00:00,6.668,6.68,6.619,6.635,53025.1,26787.08
2026-06-10 02:00:00,6.636,6.65,6.556,6.566,48885.41,14927.31
2026-06-10 03:00:00,6.567,6.611,6.557,6.583,27792.2,15631.08
2026-06-10 04:00:00,6.583,6.593,6.532,6.547,43761.7,16272.45
2026-06-10 05:00:00,6.548,6.564,6.489,6.515,80129.14,34122.29
2026-06-10 06:00:00,6.515,6.551,6.497,6.528,62931.95,28891.52
2026-06-10 07:00:00,6.527,6.585,6.526,6.563,64035.91,40160.36
2026-06-10 08:00:00,6.564,6.564,6.442,6.473,179565.73,71646.56
2026-06-10 09:00:00,6.474,6.509,6.432,6.494,102565.66,48227.61
2026-06-10 10:00:00,6.495,6.504,6.44,6.499,56320.67,28248.63
2026-06-10 11:00:00,6.5,6.509,6.419,6.462,154844.96,68105.83
2026-06-10 12:00:00,6.462,6.601,6.439,6.543,193617.38,101947.44
2026-06-10 13:00:00,6.543,6.664,6.529,6.599,173107.86,78512.55
2026-06-10 14:00:00,6.6,6.61,6.51,6.554,130758.57,57739.27
2026-06-10 15:00:00,6.555,6.617,6.502,6.58,224293.77,111956.44
2026-06-10 16:00:00,6.58,6.583,6.461,6.506,199296.04,85894.4
2026-06-10 17:00:00,6.506,6.535,6.429,6.49,193945.55,77045.81
2026-06-10 18:00:00,6.49,6.535,6.479,6.535,115144.24,67685.56
2026-06-10 19:00:00,6.534,6.536,6.442,6.461,167752.65,76560.5
2026-06-10 20:00:00,6.462,6.484,6.423,6.443,113834.68,53184.92
2026-06-10 21:00:00,6.442,6.443,6.301,6.338,192314.97,70282.33
2026-06-10 22:00:00,6.339,6.392,6.312,6.333,164463.67,63080.6
2026-06-10 23:00:00,6.333,6.407,6.306,6.383,103340.04,52102.73
2026-06-11 00:00:00,6.382,6.451,6.381,6.435,82787.95,39027.17
2026-06-11 01:00:00,6.434,6.52,6.433,6.501,79900.26,42755.57
2026-06-11 02:00:00,6.501,6.508,6.444,6.482,62544.14,30419.24
2026-06-11 03:00:00,6.482,6.64,6.458,6.597,150001.1,92419.56
2026-06-11 04:00:00,6.597,6.63,6.57,6.607,154168.34,89778.93
2026-06-11 05:00:00,6.606,6.606,6.566,6.567,65938.12,32597.02
2026-06-11 06:00:00,6.567,6.609,6.549,6.578,89231.79,38315.68
2026-06-11 07:00:00,6.577,6.61,6.573,6.593,59800.94,26436.05
2026-06-11 08:00:00,6.593,6.642,6.586,6.614,96288.4,41035.41
2026-06-11 09:00:00,6.613,6.613,6.54,6.579,147239.3,84255
2026-06-11 10:00:00,6.578,6.588,6.552,6.577,60350.81,33645.07
2026-06-11 11:00:00,6.576,6.622,6.554,6.598,65287.6,32931.33
2026-06-11 12:00:00,6.599,6.6,6.501,6.558,164398.22,80496.94
2026-06-11 13:00:00,6.557,6.611,6.537,6.585,106597.75,54295.72
2026-06-11 14:00:00,6.585,6.597,6.523,6.544,137067.73,65217.22
2026-06-11 15:00:00,6.544,6.573,6.51,6.544,79253.06,39954.03
2026-06-11 16:00:00,6.545,6.561,6.511,6.517,67850.81,35995.31
2026-06-11 17:00:00,6.516,6.689,6.476,6.672,261596.83,138835.91
2026-06-11 18:00:00,6.673,6.692,6.628,6.651,116662.07,62073.84
2026-06-11 19:00:00,6.65,6.707,6.634,6.667,123546.9,67450.55
2026-06-11 20:00:00,6.668,6.678,6.607,6.634,88511.91,37989.88
2026-06-11 21:00:00,6.634,6.672,6.633,6.651,54805.15,37049.8
2026-06-11 22:00:00,6.651,6.677,6.634,6.646,42509.64,30219.34
2026-06-11 23:00:00,6.646,6.672,6.626,6.648,43058.71,25709.71
2026-06-12 00:00:00,6.648,6.667,6.637,6.64,41041.75,22977.68
2026-06-12 01:00:00,6.639,6.641,6.601,6.629,40822.96,14144.1
2026-06-12 02:00:00,6.63,6.677,6.63,6.661,34208.09,20985.4
2026-06-12 03:00:00,6.661,6.665,6.637,6.659,21102.39,10583.99
2026-06-12 04:00:00,6.659,6.69,6.641,6.664,46846.71,24070.59
2026-06-12 05:00:00,6.665,6.665,6.612,6.619,39994.81,16457.66
2026-06-12 06:00:00,6.617,6.625,6.527,6.546,97717.74,32126.98
2026-06-12 07:00:00,6.546,6.584,6.546,6.571,45494.9,25063.17
2026-06-12 08:00:00,6.572,6.637,6.568,6.624,41068.32,20863.99
2026-06-12 09:00:00,6.623,6.668,6.615,6.647,51664.71,29414.54
2026-06-12 10:00:00,6.647,6.662,6.614,6.637,37015.21,21440.67
2026-06-12 11:00:00,6.637,6.659,6.629,6.638,39422.39,16543.45
2026-06-12 12:00:00,6.637,6.65,6.607,6.617,39839.34,18744.86
2026-06-12 13:00:00,6.617,6.62,6.52,6.542,114605.74,46768.3
2026-06-12 14:00:00,6.542,6.673,6.537,6.667,143074.7,80454.91
2026-06-12 15:00:00,6.668,6.7,6.546,6.554,175671.74,79853.95
2026-06-12 16:00:00,6.552,6.623,6.523,6.622,98107.99,49048.48
2026-06-12 17:00:00,6.623,6.654,6.59,6.596,54232.92,26177.86
2026-06-12 18:00:00,6.596,6.617,6.559,6.586,57299.59,25105.63
2026-06-12 19:00:00,6.587,6.628,6.581,6.586,37579.93,20455.03
2026-06-12 20:00:00,6.587,6.606,6.571,6.581,38343.03,17715.56
2026-06-12 21:00:00,6.582,6.603,6.554,6.565,32954.78,15888.43
2026-06-12 22:00:00,6.565,6.588,6.55,6.571,47238.5,20300.08
2026-06-12 23:00:00,6.571,6.575,6.54,6.571,28369.68,12325.63
2026-06-13 00:00:00,6.57,6.595,6.557,6.586,19284.42,11013.1
2026-06-13 01:00:00,6.586,6.635,6.581,6.62,38304.53,24284.4
2026-06-13 02:00:00,6.62,6.625,6.591,6.605,21940.5,10536.06
2026-06-13 03:00:00,6.605,6.616,6.573,6.597,22581.93,9289.37
2026-06-13 04:00:00,6.598,6.622,6.573,6.588,20486.59,13551.09
2026-06-13 05:00:00,6.589,6.62,6.569,6.592,20123.77,11384.12
2026-06-13 06:00:00,6.593,6.643,6.573,6.635,49630.86,27301.09
2026-06-13 07:00:00,6.634,6.686,6.618,6.666,78416.17,42633.01
2026-06-13 08:00:00,6.667,6.683,6.648,6.661,32594.17,20380.59
2026-06-13 09:00:00,6.661,6.671,6.648,6.651,24869.7,12409.74
2026-06-13 10:00:00,6.653,6.663,6.63,6.645,25180.82,11960.74
2026-06-13 11:00:00,6.645,6.678,6.643,6.674,36678,18164.42
2026-06-13 12:00:00,6.674,6.695,6.663,6.68,25387.8,16281.08
2026-06-13 13:00:00,6.68,6.685,6.66,6.676,38290.45,19923.12
2026-06-13 14:00:00,6.676,6.694,6.669,6.691,46911.19,27232.27
2026-06-13 15:00:00,6.692,6.76,6.685,6.754,142418.78,93266.07
2026-06-13 16:00:00,6.754,6.769,6.679,6.717,104241.43,48362.14
2026-06-13 17:00:00,6.716,6.728,6.683,6.697,42451.66,22569.57
2026-06-13 18:00:00,6.696,6.722,6.691,6.708,26854.17,12165.09
2026-06-13 19:00:00,6.707,6.734,6.69,6.715,41820.61,22861.88
2026-06-13 20:00:00,6.715,6.724,6.699,6.72,13354.95,8179.2
2026-06-13 21:00:00,6.72,6.776,6.702,6.749,38792.21,21166.45
2026-06-13 22:00:00,6.751,6.753,6.719,6.72,24081.16,13699.23
2026-06-13 23:00:00,6.719,6.735,6.705,6.719,14667.78,7919.58
2026-06-14 00:00:00,6.718,6.718,6.694,6.702,27109.93,7777.65
2026-06-14 01:00:00,6.703,6.735,6.69,6.708,20740.03,8444.03
2026-06-14 02:00:00,6.708,6.731,6.703,6.712,16638.2,8504.86
2026-06-14 03:00:00,6.712,6.727,6.7,6.722,41301.92,20621.37
2026-06-14 04:00:00,6.723,6.724,6.663,6.676,24739.18,5565.47
2026-06-14 05:00:00,6.676,6.687,6.651,6.678,34053.37,13152.11
2026-06-14 06:00:00,6.679,6.698,6.656,6.659,19896.53,8708.07
2026-06-14 07:00:00,6.659,6.663,6.642,6.658,23523.96,8545.16
2026-06-14 08:00:00,6.657,6.669,6.647,6.652,14430.95,5024.5
2026-06-14 09:00:00,6.652,6.678,6.624,6.675,30309.51,12640.83
2026-06-14 10:00:00,6.674,6.683,6.644,6.645,40244.23,15301.97
2026-06-14 11:00:00,6.645,6.658,6.636,6.646,25079.82,9837.17
2026-06-14 12:00:00,6.646,6.652,6.601,6.609,34535.82,12317.94
2026-06-14 13:00:00,6.609,6.615,6.561,6.581,68135.58,18909.33
2026-06-14 14:00:00,6.582,6.582,6.495,6.53,128503.19,45659.81
2026-06-14 15:00:00,6.53,6.541,6.515,6.531,68893.62,27629.71
2026-06-14 16:00:00,6.53,6.552,6.512,6.526,55843.64,24518.89
2026-06-14 17:00:00,6.525,6.53,6.463,6.473,97314.82,25915.4
2026-06-14 18:00:00,6.473,6.474,6.376,6.402,233349.42,96384.89
2026-06-14 19:00:00,6.402,6.472,6.397,6.434,115914.58,55063.35
2026-06-14 20:00:00,6.434,6.486,6.413,6.462,90972.58,46562.36
2026-06-14 21:00:00,6.462,6.771,6.456,6.714,264635.47,165705.29
2026-06-14 22:00:00,6.715,6.765,6.69,6.725,211365.08,118731.03
2026-06-14 23:00:00,6.725,6.791,6.699,6.79,154600.19,97979.71
2026-06-15 00:00:00,6.789,6.805,6.73,6.753,112737.64,57970.37
2026-06-15 01:00:00,6.754,6.755,6.7,6.718,62029,32133.72
2026-06-15 02:00:00,6.719,6.775,6.71,6.734,84477.42,56212.95
2026-06-15 03:00:00,6.734,6.777,6.725,6.764,56711.45,26794.9
2026-06-15 04:00:00,6.764,6.78,6.742,6.747,48088.21,25817.68
2026-06-15 05:00:00,6.746,6.802,6.735,6.787,59866.06,34248.11
2026-06-15 06:00:00,6.787,6.804,6.762,6.772,60911.34,31453.8
2026-06-15 07:00:00,6.773,6.806,6.753,6.758,76976.15,28857.86
2026-06-15 08:00:00,6.758,6.796,6.751,6.774,55471.68,30087.6
2026-06-15 09:00:00,6.774,6.79,6.74,6.762,87186.75,36154.66
2026-06-15 10:00:00,6.762,6.858,6.757,6.839,150985.74,87083.58
2026-06-15 11:00:00,6.839,6.953,6.812,6.909,218203.08,126420.81
2026-06-15 12:00:00,6.909,6.952,6.877,6.929,142032.21,76773.63
2026-06-15 13:00:00,6.929,7.01,6.92,6.975,291801.21,155311.79
2026-06-15 14:00:00,6.976,6.978,6.914,6.948,102552.21,47460.07
2026-06-15 15:00:00,6.947,7.035,6.913,7.035,262596.2,149437.47
2026-06-15 16:00:00,7.036,7.079,7.012,7.035,201917.59,105841.14
2026-06-15 17:00:00,7.034,7.052,6.979,7.018,119750.04,67571.2
2026-06-15 18:00:00,7.017,7.032,6.973,6.978,86716,43735.02
2026-06-15 19:00:00,6.978,7.004,6.883,6.897,147244.37,65001.7
2026-06-15 20:00:00,6.897,6.926,6.873,6.882,90662.02,43136.03
2026-06-15 21:00:00,6.883,6.902,6.858,6.876,76732.63,36058.01
2026-06-15 22:00:00,6.876,6.898,6.81,6.83,79615.71,33557.96
2026-06-15 23:00:00,6.83,6.849,6.803,6.84,138987.52,54177.69
2026-06-16 00:00:00,6.839,6.872,6.827,6.835,79023.29,36368.66
2026-06-16 01:00:00,6.836,6.874,6.831,6.836,31620.6,21930.94
2026-06-16 02:00:00,6.835,6.841,6.746,6.771,95543.62,40105.67
2026-06-16 03:00:00,6.771,6.835,6.76,6.835,51478.37,26471.09
2026-06-16 04:00:00,6.834,6.842,6.76,6.769,43561.75,16194.49
2026-06-16 05:00:00,6.77,6.816,6.77,6.806,32794.23,18100.2
2026-06-16 06:00:00,6.807,6.867,6.807,6.86,38059.76,27736.14
2026-06-16 07:00:00,6.861,6.928,6.854,6.924,70876.3,46656.58
2026-06-16 08:00:00,6.923,7.05,6.915,7.032,127982.21,84189.37
2026-06-16 09:00:00,7.032,7.038,6.948,6.959,81191.76,33930.35
2026-06-16 10:00:00,6.959,6.988,6.943,6.955,68384.78,34394
2026-06-16 11:00:00,6.955,6.975,6.922,6.951,53803.82,21580.66
2026-06-16 12:00:00,6.951,7.001,6.927,6.968,106877.72,65586.79
2026-06-16 13:00:00,6.968,6.975,6.836,6.837,164222.73,57936.41
2026-06-16 14:00:00,6.838,6.869,6.714,6.762,258585.24,100225.24
2026-06-16 15:00:00,6.761,6.817,6.752,6.79,87267.29,44396.63
2026-06-16 16:00:00,6.79,6.804,6.767,6.782,51611.61,24481.22
2026-06-16 17:00:00,6.783,6.857,6.782,6.853,66388.76,43670.54
2026-06-16 18:00:00,6.854,6.91,6.848,6.879,118181.32,62834.84
2026-06-16 19:00:00,6.879,6.898,6.825,6.864,104395.68,50131.36
2026-06-16 20:00:00,6.864,6.951,6.847,6.932,126067.56,76328.43
2026-06-16 21:00:00,6.932,6.946,6.889,6.918,80491.28,24455.72
2026-06-16 22:00:00,6.918,6.924,6.883,6.906,51524.85,15061.83
2026-06-16 23:00:00,6.907,6.915,6.871,6.88,46485.86,16343.27
2026-06-17 00:00:00,6.881,6.923,6.881,6.897,50804.1,19239.35
2026-06-17 01:00:00,6.898,6.971,6.871,6.966,76168.64,50704.24
2026-06-17 02:00:00,6.965,7.022,6.946,6.984,126696.78,62226.15
2026-06-17 03:00:00,6.983,6.983,6.932,6.954,73511.21,24866.14
2026-06-17 04:00:00,6.955,6.987,6.938,6.953,63867.86,24889.69
2026-06-17 05:00:00,6.954,6.975,6.907,6.941,73190.4,26679.67
2026-06-17 06:00:00,6.941,6.965,6.884,6.904,130790.57,55133.98
2026-06-17 07:00:00,6.905,6.955,6.87,6.899,94646.45,47222.39
2026-06-17 08:00:00,6.9,6.903,6.793,6.811,125513.32,40244.65
2026-06-17 09:00:00,6.81,6.85,6.81,6.838,63964.84,37261.29
2026-06-17 10:00:00,6.839,6.847,6.81,6.814,42595.55,19606.06
2026-06-17 11:00:00,6.814,6.823,6.774,6.806,69279.3,30741.09
2026-06-17 12:00:00,6.806,6.851,6.768,6.849,149457.64,66263.34
2026-06-17 13:00:00,6.849,6.872,6.815,6.832,80597.42,52696.97
2026-06-17 14:00:00,6.831,6.873,6.79,6.837,92215.14,42409.24
2026-06-17 15:00:00,6.837,6.971,6.827,6.968,181195.76,125332.18
2026-06-17 16:00:00,6.968,7.018,6.91,6.91,169526.53,93475.64
2026-06-17 17:00:00,6.911,6.97,6.884,6.965,115212.35,61511.42
2026-06-17 18:00:00,6.964,6.964,6.775,6.897,358866.1,169526.94
2026-06-17 19:00:00,6.897,6.915,6.703,6.737,353196.71,138211.93
2026-06-17 20:00:00,6.736,6.796,6.718,6.791,113291.83,66167.25
2026-06-17 21:00:00,6.791,6.796,6.718,6.741,65178,28776.66
2026-06-17 22:00:00,6.741,6.768,6.653,6.738,128307.55,66160.66
2026-06-17 23:00:00,6.739,6.778,6.739,6.766,47320.41,25113.87
2026-06-18 00:00:00,6.766,6.795,6.759,6.762,53070.04,22241.17
2026-06-18 01:00:00,6.762,6.804,6.761,6.772,31718.55,18420.12
2026-06-18 02:00:00,6.773,6.798,6.752,6.789,27418.32,15019.14
2026-06-18 03:00:00,6.788,6.788,6.703,6.712,72349.21,24364.76
2026-06-18 04:00:00,6.713,6.714,6.623,6.639,165755.96,50035.25
2026-06-18 05:00:00,6.638,6.64,6.575,6.62,160099.83,54988.38
2026-06-18 06:00:00,6.62,6.65,6.596,6.646,76982.07,37055.84
2026-06-18 07:00:00,6.646,6.684,6.62,6.676,85885.74,50584.07
2026-06-18 08:00:00,6.677,6.698,6.652,6.67,87132.97,40670.99
2026-06-18 09:00:00,6.67,6.683,6.643,6.674,84561.76,44860.71
2026-06-18 10:00:00,6.674,6.675,6.626,6.651,68088.17,27236.3
2026-06-18 11:00:00,6.651,6.662,6.607,6.62,74692.73,27355.07
2026-06-18 12:00:00,6.621,6.669,6.609,6.666,69241.66,45683.73
2026-06-18 13:00:00,6.666,6.68,6.559,6.619,142680.2,67054.54
2026-06-18 14:00:00,6.619,6.673,6.568,6.593,110539.53,65147.75
2026-06-18 15:00:00,6.593,6.594,6.214,6.245,1133098.59,540604.69
2026-06-18 16:00:00,6.244,6.338,6.228,6.334,291261.57,158098.75
2026-06-18 17:00:00,6.335,6.341,6.252,6.291,208008.02,102027.75
2026-06-18 18:00:00,6.291,6.32,6.264,6.306,145195.56,75464.63
2026-06-18 19:00:00,6.305,6.368,6.298,6.356,109511.22,59596.33
2026-06-18 20:00:00,6.357,6.386,6.326,6.352,136152.94,69665.09
2026-06-18 21:00:00,6.352,6.354,6.277,6.293,162134.51,73480.03
2026-06-18 22:00:00,6.293,6.311,6.28,6.307,62932.18,29537
2026-06-18 23:00:00,6.306,6.322,6.275,6.318,95945.55,44914.82
2026-06-19 00:00:00,6.317,6.324,6.29,6.309,63117.87,25691.51
2026-06-19 01:00:00,6.309,6.321,6.273,6.306,88524.16,43163.83
2026-06-19 02:00:00,6.306,6.323,6.245,6.277,141109.2,60390.52
2026-06-19 03:00:00,6.277,6.29,6.111,6.15,331837.29,142920.69
2026-06-19 04:00:00,6.15,6.15,6.029,6.042,349418.07,142145.69
2026-06-19 05:00:00,6.043,6.091,6.041,6.071,202538.9,88488.96
2026-06-19 06:00:00,6.071,6.084,6.006,6.047,228643.88,112485.43
2026-06-19 07:00:00,6.047,6.047,5.968,5.992,556773.84,286025.17
2026-06-19 08:00:00,5.992,6.057,5.987,6.056,253908.64,131715.22
2026-06-19 09:00:00,6.057,6.102,6.03,6.063,281649.31,127199.09
2026-06-19 10:00:00,6.063,6.071,6.008,6.042,124917.56,63192.23
2026-06-19 11:00:00,6.042,6.073,6.01,6.047,155658.53,80872.81
2026-06-19 12:00:00,6.047,6.124,6.035,6.11,168234.71,82339.3
2026-06-19 13:00:00,6.11,6.193,6.086,6.165,199489.05,103420.53
2026-06-19 14:00:00,6.166,6.178,6.11,6.119,167440.36,80434.53
2026-06-19 15:00:00,6.119,6.15,6.11,6.122,115670.11,58169.28
2026-06-19 16:00:00,6.123,6.157,6.069,6.071,233763.79,103528.24
2026-06-19 17:00:00,6.071,6.133,5.983,5.993,334729.77,145367.1
2026-06-19 18:00:00,5.993,6.052,5.734,5.921,1815278.29,824495.68
2026-06-19 19:00:00,5.92,5.92,5.681,5.879,1227911.6,585005.37
2026-06-19 20:00:00,5.88,5.937,5.802,5.933,319795.95,154729.84
2026-06-19 21:00:00,5.932,5.948,5.872,5.942,155530.64,76690.62
2026-06-19 22:00:00,5.941,5.975,5.926,5.933,207280.96,66050.99
2026-06-19 23:00:00,5.932,5.939,5.873,5.896,190533.81,103971.06
2026-06-20 00:00:00,5.896,5.972,5.883,5.902,237239.79,144759.93
2026-06-20 01:00:00,5.903,5.975,5.899,5.941,140701.52,82856.17
2026-06-20 02:00:00,5.941,5.956,5.91,5.941,114847.99,59124.66
2026-06-20 03:00:00,5.941,5.968,5.907,5.95,111018.19,51919.17
2026-06-20 04:00:00,5.949,5.997,5.933,5.98,115062.8,65973.43
2026-06-20 05:00:00,5.981,6.053,5.98,6.029,177406.7,105996.82
2026-06-20 06:00:00,6.028,6.047,5.819,5.94,962010.27,501567.75
2026-06-20 07:00:00,5.939,6.259,5.866,6.148,1638669.72,861436.29
2026-06-20 08:00:00,6.149,6.177,6.098,6.163,193021.26,103827.24
2026-06-20 09:00:00,6.163,6.211,6.163,6.188,135238.15,71866
2026-06-20 10:00:00,6.188,6.216,6.167,6.214,151433.75,80379.46
2026-06-20 11:00:00,6.214,6.221,6.141,6.162,117074.58,59044.03
2026-06-20 12:00:00,6.163,6.188,6.141,6.168,126180.1,57469.6
2026-06-20 13:00:00,6.167,6.174,6.027,6.122,962630.37,517418.49
2026-06-20 14:00:00,6.121,6.161,6.047,6.107,394759.49,129743.07
2026-06-20 15:00:00,6.107,6.162,6.09,6.15,168402.43,71344.19
2026-06-20 16:00:00,6.151,6.152,6.099,6.142,54478.18,29857.11
2026-06-20 17:00:00,6.142,6.145,6.068,6.109,75353.33,42770.17
2026-06-20 18:00:00,6.109,6.127,6.085,6.09,100309.8,51359.98
2026-06-20 19:00:00,6.089,6.121,6.069,6.116,96199.57,57425.22
2026-06-20 20:00:00,6.117,6.148,6.106,6.14,111998.62,68630.7
2026-06-20 21:00:00,6.139,6.204,6.136,6.182,216985.69,92204.53
2026-06-20 22:00:00,6.182,6.256,6.166,6.242,271408.84,162285.29
2026-06-20 23:00:00,6.241,6.263,6.228,6.239,111851.05,67306.56
2026-06-21 00:00:00,6.24,6.292,6.233,6.266,216645.28,113699.23
2026-06-21 01:00:00,6.266,6.273,6.228,6.248,116616.55,56609.54
2026-06-21 02:00:00,6.248,6.248,6.216,6.237,47204.67,19022.26
2026-06-21 03:00:00,6.236,6.272,6.225,6.263,65185.07,29875.23
2026-06-21 04:00:00,6.263,6.286,6.23,6.237,60639.13,31362.61
2026-06-21 05:00:00,6.237,6.26,6.204,6.22,61326.03,26598.53
2026-06-21 06:00:00,6.22,6.25,6.211,6.241,47616.54,25715.97
2026-06-21 07:00:00,6.241,6.345,6.218,6.287,155976.61,86050.99
2026-06-21 08:00:00,6.288,6.318,6.235,6.288,116077.64,65650.63
2026-06-21 09:00:00,6.288,6.342,6.264,6.314,130369.09,71894.76
2026-06-21 10:00:00,6.314,6.326,6.282,6.303,165649.82,69757.3
2026-06-21 11:00:00,6.303,6.312,6.26,6.267,89408.03,43901.29
2026-06-21 12:00:00,6.267,6.289,6.24,6.282,88711.86,44330.4
2026-06-21 13:00:00,6.283,6.309,6.269,6.297,58629.14,35932.49
2026-06-21 14:00:00,6.297,6.372,6.263,6.324,129428.75,72712.21
2026-06-21 15:00:00,6.325,6.348,6.311,6.331,65298.49,35721.53
2026-06-21 16:00:00,6.331,6.335,6.241,6.273,90856.44,42332.02
2026-06-21 17:00:00,6.273,6.298,6.233,6.247,66412.93,38579.74
2026-06-21 18:00:00,6.247,6.276,6.228,6.267,59903.24,31630.77
2026-06-21 19:00:00,6.266,6.277,6.254,6.263,33513.05,17784.89
2026-06-21 20:00:00,6.263,6.268,6.175,6.2,85887.64,34031.25
2026-06-21 21:00:00,6.2,6.207,6.128,6.174,104219.37,48412.17
2026-06-21 22:00:00,6.174,6.204,6.123,6.144,70507.39,35818.79
2026-06-21 23:00:00,6.144,6.144,6.097,6.113,76290,28037.5
2026-06-22 00:00:00,6.113,6.213,6.113,6.202,88518.25,61151.76
2026-06-22 01:00:00,6.202,6.336,6.192,6.268,155145.73,90457.06
2026-06-22 02:00:00,6.268,6.274,6.228,6.231,43800.41,24421.93
2026-06-22 03:00:00,6.232,6.293,6.202,6.23,113161.86,66982.84
2026-06-22 04:00:00,6.23,6.286,6.218,6.276,48243.9,29274.5
2026-06-22 05:00:00,6.275,6.32,6.27,6.301,63161.12,41707.34
2026-06-22 06:00:00,6.302,6.306,6.196,6.251,456512.75,281574.15
2026-06-22 07:00:00,6.251,6.308,6.246,6.286,102393.52,68588.23
2026-06-22 08:00:00,6.286,6.288,6.22,6.265,138433.47,61127.14
2026-06-22 09:00:00,6.264,6.274,6.239,6.24,70307.23,38750.13
2026-06-22 10:00:00,6.24,6.285,6.24,6.269,40278.45,22212.73
2026-06-22 11:00:00,6.268,6.379,6.26,6.365,120198.19,77880.39
2026-06-22 12:00:00,6.365,6.426,6.352,6.405,157571.96,94792.12
2026-06-22 13:00:00,6.406,6.472,6.363,6.463,165785.65,91830.38
2026-06-22 14:00:00,6.464,6.468,6.304,6.331,136982.39,70026.85
2026-06-22 15:00:00,6.331,6.35,6.283,6.307,112912.14,62566.68
2026-06-22 16:00:00,6.307,6.331,6.281,6.313,95251.68,54897.74
2026-06-22 17:00:00,6.312,6.329,6.268,6.32,85850.7,43618.71
2026-06-22 18:00:00,6.319,6.336,6.262,6.271,93915.85,48434.1
2026-06-22 19:00:00,6.27,6.279,6.234,6.271,60028.55,27126.44
2026-06-22 20:00:00,6.272,6.297,6.265,6.277,30487.87,13981.43
2026-06-22 21:00:00,6.278,6.283,6.216,6.25,42841.17,16994.03
2026-06-22 22:00:00,6.251,6.269,6.166,6.211,89823.16,47382.8
2026-06-22 23:00:00,6.21,6.247,6.193,6.241,64848.76,42630.48
2026-06-23 00:00:00,6.241,6.277,6.214,6.276,84543.69,57023.04
2026-06-23 01:00:00,6.275,6.298,6.224,6.27,79120.89,54563.83
2026-06-23 02:00:00,6.269,6.313,6.246,6.301,59252.38,28473.56
2026-06-23 03:00:00,6.302,6.313,6.276,6.313,43650.84,22692.49
2026-06-23 04:00:00,6.314,6.334,6.265,6.273,60467.43,35317.33
2026-06-23 05:00:00,6.274,6.295,6.212,6.238,67172.66,29893.27
2026-06-23 06:00:00,6.239,6.246,6.065,6.167,730593.06,480676.23
2026-06-23 07:00:00,6.166,6.215,6.145,6.157,184013.89,70198.28
2026-06-23 08:00:00,6.157,6.166,6.013,6.125,224501.48,119423.7
2026-06-23 09:00:00,6.124,6.214,6.124,6.211,233850.86,126366.48
2026-06-23 10:00:00,6.211,6.246,6.171,6.202,151115.82,75188.87
2026-06-23 11:00:00,6.202,6.258,6.201,6.257,134229.53,65414.37
2026-06-23 12:00:00,6.258,6.305,6.233,6.247,183131.58,86745.05
2026-06-23 13:00:00,6.247,6.307,6.217,6.285,207314.11,101462.31
2026-06-23 14:00:00,6.286,6.456,6.275,6.327,426165.5,212626.43
2026-06-23 15:00:00,6.327,6.388,6.292,6.371,182630.54,100125.11
2026-06-23 16:00:00,6.372,6.408,6.328,6.335,187740.51,110580.95
2026-06-23 17:00:00,6.335,6.352,6.275,6.283,164751.04,86346.09
2026-06-23 18:00:00,6.283,6.313,6.271,6.302,106709.84,61495.62
2026-06-23 19:00:00,6.302,6.353,6.296,6.34,121282.69,72323.23
2026-06-23 20:00:00,6.341,6.45,6.341,6.413,309864.12,169166.54
2026-06-23 21:00:00,6.413,6.451,6.409,6.431,121525.36,69651.12
2026-06-23 22:00:00,6.43,6.527,6.423,6.473,166895.4,108953.43
2026-06-23 23:00:00,6.472,6.514,6.442,6.484,142784.64,78787.64
2026-06-24 00:00:00,6.484,6.544,6.484,6.514,159248.71,79158.72
2026-06-24 01:00:00,6.515,6.54,6.455,6.455,138067.15,69056.7
2026-06-24 02:00:00,6.456,6.464,6.412,6.437,125648.05,63545.5
2026-06-24 03:00:00,6.438,6.453,6.407,6.417,80983.26,35848.34
2026-06-24 04:00:00,6.417,6.443,6.367,6.428,90939.55,45299.32
2026-06-24 05:00:00,6.427,6.458,6.427,6.437,62951.01,34598.76
2026-06-24 06:00:00,6.436,6.458,6.411,6.422,52525.67,29164.97
2026-06-24 07:00:00,6.422,6.428,6.356,6.395,144543.08,68724.93
2026-06-24 08:00:00,6.394,6.415,6.378,6.407,58752.08,25669.73
2026-06-24 09:00:00,6.406,6.418,6.386,6.411,57020.19,28369.5
2026-06-24 10:00:00,6.411,6.431,6.386,6.404,75893.72,39112.83
2026-06-24 11:00:00,6.403,6.496,6.371,6.447,144659.36,73290.14
2026-06-24 12:00:00,6.447,6.45,6.413,6.427,52586.02,24188
2026-06-24 13:00:00,6.427,6.431,6.286,6.308,319485.96,139608.93
2026-06-24 14:00:00,6.307,6.36,6.287,6.329,208961.24,110645.21
2026-06-24 15:00:00,6.33,6.335,6.206,6.234,238269.76,100804.42
2026-06-24 16:00:00,6.233,6.306,6.106,6.144,268959.06,123596.41
2026-06-24 17:00:00,6.146,6.173,5.998,6.023,255534.09,110587.11
2026-06-24 18:00:00,6.023,6.158,6.005,6.098,134812.79,77549.52
2026-06-24 19:00:00,6.098,6.148,6.073,6.144,129558.81,69366.78
2026-06-24 20:00:00,6.143,6.366,6.119,6.337,274923.13,161677.91
2026-06-24 21:00:00,6.338,6.387,6.305,6.38,103896.43,62458.37
2026-06-24 22:00:00,6.381,6.492,6.381,6.424,235169.09,128451.59
2026-06-24 23:00:00,6.425,6.472,6.402,6.444,127488.15,66473.85
2026-06-25 00:00:00,6.444,6.483,6.391,6.403,119076.21,62273.48
2026-06-25 01:00:00,6.403,6.433,6.396,6.425,64554.18,33707.83
2026-06-25 02:00:00,6.424,6.46,6.39,6.411,115812.52,65412.45
2026-06-25 03:00:00,6.411,6.435,6.391,6.414,54091.95,32633.79
2026-06-25 04:00:00,6.414,6.509,6.389,6.485,92246.6,60265.29
2026-06-25 05:00:00,6.485,6.64,6.484,6.551,404706.43,252459.71
2026-06-25 06:00:00,6.55,6.622,6.55,6.578,136821.87,89509.16
2026-06-25 07:00:00,6.579,6.589,6.515,6.531,177418.08,57240.12
2026-06-25 08:00:00,6.531,6.534,6.489,6.509,70148.3,28571.33
2026-06-25 09:00:00,6.51,6.515,6.488,6.503,44451.47,19542.06
2026-06-25 10:00:00,6.503,6.51,6.424,6.432,197164.13,61324.62
2026-06-25 11:00:00,6.432,6.445,6.385,6.404,125935.99,56171.17
2026-06-25 12:00:00,6.404,6.447,6.34,6.379,143594.43,69103.03
2026-06-25 13:00:00,6.379,6.393,5.954,5.979,605416.45,257076.47
2026-06-25 14:00:00,5.98,6.232,5.98,6.125,535229.01,287390.99
2026-06-25 15:00:00,6.125,6.135,6.037,6.118,217236.56,113958.52
2026-06-25 16:00:00,6.119,6.173,6.073,6.106,105526.25,52758.34
2026-06-25 17:00:00,6.108,6.26,6.108,6.258,231468.68,123215.92
2026-06-25 18:00:00,6.258,6.26,6.12,6.14,124867.86,54513.72
2026-06-25 19:00:00,6.14,6.14,6.046,6.109,140589.88,64890.21
2026-06-25 20:00:00,6.11,6.181,6.11,6.141,91346.98,44370.34
2026-06-25 21:00:00,6.141,6.254,6.138,6.254,87028.94,44615.84
2026-06-25 22:00:00,6.253,6.259,6.193,6.203,53530.17,24017.35
2026-06-25 23:00:00,6.204,6.269,6.2,6.235,62779.12,31148.52
2026-06-26 00:00:00,6.235,6.249,6.205,6.212,45838.52,24869.99
2026-06-26 01:00:00,6.211,6.229,6.121,6.129,60348.57,25166.21
2026-06-26 02:00:00,6.13,6.133,5.986,5.998,184822.78,79414.38
2026-06-26 03:00:00,5.999,6.157,5.963,6.143,165560.8,99110.06
2026-06-26 04:00:00,6.144,6.158,6.081,6.086,59179.22,22947.35
2026-06-26 05:00:00,6.087,6.132,6.072,6.107,63605.58,31776.1
2026-06-26 06:00:00,6.108,6.256,6.077,6.247,142627.51,66006.57
2026-06-26 07:00:00,6.246,6.335,6.243,6.312,168258.86,85712.31
2026-06-26 08:00:00,6.312,6.322,6.215,6.226,108255.33,55140.72
2026-06-26 09:00:00,6.227,6.26,6.152,6.159,93815.89,45240.62
2026-06-26 10:00:00,6.16,6.179,6.141,6.151,53985.88,26142.37
2026-06-26 11:00:00,6.152,6.175,6.105,6.136,59302.16,28787.2
2026-06-26 12:00:00,6.136,6.191,6.072,6.099,106290.7,48619.57
2026-06-26 13:00:00,6.1,6.261,6.043,6.256,183252.48,98481.73
2026-06-26 14:00:00,6.255,6.287,6.205,6.226,169328.67,84725.27
2026-06-26 15:00:00,6.228,6.377,6.21,6.373,213165.34,112816.7
2026-06-26 16:00:00,6.374,6.458,6.343,6.383,283151.36,148656.6
2026-06-26 17:00:00,6.382,6.523,6.375,6.471,269340.82,137622.67
2026-06-26 18:00:00,6.47,6.504,6.39,6.401,117925.08,54411.53
2026-06-26 19:00:00,6.402,6.447,6.373,6.383,125400.47,66341.22
2026-06-26 20:00:00,6.383,6.451,6.342,6.359,148883.63,69734.54
2026-06-26 21:00:00,6.358,6.386,6.335,6.349,27893.59,13155.49
2026-06-26 22:00:00,6.348,6.55,6.32,6.533,240551.71,126384.56
2026-06-26 23:00:00,6.532,6.634,6.527,6.633,221580.6,126444.45
2026-06-27 00:00:00,6.633,6.67,6.521,6.59,258902.16,125912.29
2026-06-27 01:00:00,6.59,6.59,6.527,6.537,81591.61,35909.74
2026-06-27 02:00:00,6.537,6.671,6.499,6.654,170290.77,100786.85
2026-06-27 03:00:00,6.653,6.653,6.544,6.549,81904.69,44409.14
2026-06-27 04:00:00,6.55,6.596,6.543,6.554,130998.09,84706.79
2026-06-27 05:00:00,6.555,6.576,6.521,6.569,58652.13,32876.55
2026-06-27 06:00:00,6.569,6.637,6.54,6.593,119328.52,67381
2026-06-27 07:00:00,6.593,6.6,6.556,6.563,58664.07,33705.67
2026-06-27 08:00:00,6.562,6.584,6.543,6.565,66420.1,40199.59
2026-06-27 09:00:00,6.566,6.573,6.513,6.533,64587.79,28781.72
2026-06-27 10:00:00,6.533,6.543,6.503,6.526,73752.19,34350.6
2026-06-27 11:00:00,6.525,6.581,6.45,6.579,169054.2,79902.63
2026-06-27 12:00:00,6.58,6.581,6.521,6.538,78079.78,35241.92
2026-06-27 13:00:00,6.538,6.588,6.533,6.58,60046.73,34467.32
2026-06-27 14:00:00,6.581,6.646,6.567,6.615,105148.03,60779.31
2026-06-27 15:00:00,6.616,6.676,6.608,6.637,111509.68,60030.53
2026-06-27 16:00:00,6.638,6.653,6.614,6.623,107315.17,63184.2
2026-06-27 17:00:00,6.623,6.623,6.532,6.535,101241.89,42745.93
2026-06-27 18:00:00,6.535,6.536,6.499,6.508,54102.79,24444.09
2026-06-27 19:00:00,6.509,6.521,6.4,6.431,150487.9,70203.27
2026-06-27 20:00:00,6.431,6.46,6.427,6.432,40201.83,23988.84
2026-06-27 21:00:00,6.433,6.459,6.374,6.402,56310,27484.76
2026-06-27 22:00:00,6.401,6.434,6.336,6.429,109926.49,46090.77
2026-06-27 23:00:00,6.43,6.464,6.414,6.433,57896.47,33036.46
2026-06-28 00:00:00,6.433,6.443,6.411,6.429,59648.18,34799.92
2026-06-28 01:00:00,6.429,6.43,6.385,6.394,47589.13,24992.24
2026-06-28 02:00:00,6.395,6.423,6.366,6.372,67113.55,28261.48
2026-06-28 03:00:00,6.372,6.413,6.369,6.406,22672,11657.83
2026-06-28 04:00:00,6.405,6.41,6.376,6.398,18925.79,9659.01
2026-06-28 05:00:00,6.399,6.399,6.355,6.374,68093.89,26544.03
2026-06-28 06:00:00,6.375,6.385,6.302,6.331,72360.17,36061.13
2026-06-28 07:00:00,6.33,6.361,6.318,6.341,29887.5,16229.71
2026-06-28 08:00:00,6.341,6.384,6.307,6.368,87422.03,51863.56
2026-06-28 09:00:00,6.369,6.395,6.313,6.327,68919,36507.18
2026-06-28 10:00:00,6.327,6.356,6.313,6.322,39626.15,22034.92
2026-06-28 11:00:00,6.323,6.364,6.312,6.358,30949.18,12043.05
2026-06-28 12:00:00,6.357,6.357,6.306,6.324,47904.75,21870.81
2026-06-28 13:00:00,6.324,6.324,6.28,6.302,56100.56,21610.55
2026-06-28 14:00:00,6.302,6.342,6.294,6.321,44684.98,23267.9
2026-06-28 15:00:00,6.322,6.355,6.311,6.327,42575.67,19348.91
2026-06-28 16:00:00,6.327,6.33,6.27,6.312,126271.53,85464.24
2026-06-28 17:00:00,6.311,6.336,6.279,6.32,50761.69,26717
2026-06-28 18:00:00,6.319,6.353,6.315,6.349,37452.39,18948.38
2026-06-28 19:00:00,6.349,6.369,6.308,6.335,39725.72,19899.72
2026-06-28 20:00:00,6.334,6.475,6.33,6.406,129063.86,70409.69
2026-06-28 21:00:00,6.407,6.42,6.299,6.327,84390.94,41354.58
2026-06-28 22:00:00,6.328,6.445,6.316,6.351,97650.92,47450.54
2026-06-28 23:00:00,6.35,6.487,6.337,6.448,83862.74,47716.3
2026-06-29 00:00:00,6.45,6.489,6.364,6.483,115747.44,57424.66
2026-06-29 01:00:00,6.484,6.546,6.425,6.508,67021.38,37124.7
2026-06-29 02:00:00,6.509,6.541,6.406,6.521,119533.23,61625.58
2026-06-29 03:00:00,6.522,6.663,6.521,6.617,169394.17,95565.5
2026-06-29 04:00:00,6.618,6.634,6.526,6.588,237020.45,104596.26
2026-06-29 05:00:00,6.588,6.617,6.504,6.613,98800.56,48427.6
2026-06-29 06:00:00,6.614,6.65,6.531,6.539,151319.01,85050.67
2026-06-29 07:00:00,6.539,6.566,6.5,6.55,69061.33,37542.26
2026-06-29 08:00:00,6.551,6.577,6.5,6.529,171121.19,81055.04
2026-06-29 09:00:00,6.529,6.613,6.523,6.613,94995.99,47676.01
2026-06-29 10:00:00,6.613,6.63,6.564,6.599,92712.25,48712.31
2026-06-29 11:00:00,6.599,6.611,6.538,6.574,84027.75,43467.06
2026-06-29 12:00:00,6.574,6.714,6.529,6.569,235770.44,124457.76
2026-06-29 13:00:00,6.569,6.621,6.525,6.564,137762.34,65033.87
2026-06-29 14:00:00,6.565,6.567,6.448,6.566,188348.89,94019.37
2026-06-29 15:00:00,6.566,6.671,6.497,6.659,182657.96,101358.3
2026-06-29 16:00:00,6.66,6.703,6.626,6.688,179862.71,103326.15
2026-06-29 17:00:00,6.688,6.822,6.686,6.757,357206.52,192329.67
2026-06-29 18:00:00,6.757,6.77,6.721,6.727,78068.2,39905.98
2026-06-29 19:00:00,6.727,6.744,6.707,6.725,76979.26,40370.18
2026-06-29 20:00:00,6.725,6.736,6.671,6.671,60832.03,25274.52
2026-06-29 21:00:00,6.671,6.716,6.662,6.703,67844.2,28680
2026-06-29 22:00:00,6.704,6.72,6.688,6.696,78042.82,36975.79
2026-06-29 23:00:00,6.696,6.701,6.661,6.679,38166,15305.94
2026-06-30 00:00:00,6.678,6.681,6.611,6.655,72642.98,32876.11
2026-06-30 01:00:00,6.654,6.677,6.627,6.659,47839.32,22278.83
2026-06-30 02:00:00,6.659,6.677,6.628,6.671,34173.75,23904.92
2026-06-30 03:00:00,6.671,6.671,6.622,6.629,42597.04,18993.44
2026-06-30 04:00:00,6.629,6.64,6.601,6.633,42805.14,19676.51
2026-06-30 05:00:00,6.633,6.638,6.581,6.611,40585.66,14268.51
2026-06-30 06:00:00,6.612,6.616,6.576,6.599,30486.23,13365.45
2026-06-30 07:00:00,6.598,6.616,6.568,6.579,84667.15,34897.42
2026-06-30 08:00:00,6.579,6.648,6.565,6.64,147798.31,89361.37
2026-06-30 09:00:00,6.641,6.655,6.6,6.634,101019.96,53884.68
2026-06-30 10:00:00,6.635,6.639,6.599,6.608,37928.77,18270.54
2026-06-30 11:00:00,6.607,6.613,6.525,6.535,81555.19,33794.43
2026-06-30 12:00:00,6.534,6.534,6.387,6.397,198218.7,68193.22
2026-06-30 13:00:00,6.397,6.48,6.385,6.475,156215.51,69232.76
2026-06-30 14:00:00,6.475,6.531,6.436,6.45,94163.94,55084.33
2026-06-30 15:00:00,6.45,6.533,6.432,6.499,63033.45,32091.7
2026-06-30 16:00:00,6.5,6.558,6.466,6.54,73109.38,37992.84
2026-06-30 17:00:00,6.54,6.578,6.504,6.504,70374.38,27282.06
2026-06-30 18:00:00,6.504,6.561,6.489,6.558,57768.22,27070.49
2026-06-30 19:00:00,6.557,6.598,6.538,6.575,60602.7,34157.12
2026-06-30 20:00:00,6.575,6.594,6.543,6.555,26852,13473.95
2026-06-30 21:00:00,6.555,6.563,6.529,6.554,30414.95,17695.25
2026-06-30 22:00:00,6.554,6.578,6.511,6.519,42458.88,21684.17
2026-06-30 23:00:00,6.52,6.541,6.508,6.538,27118.08,15267.78
2026-07-01 00:00:00,6.539,6.555,6.513,6.541,31762.8,12570.07
2026-07-01 01:00:00,6.542,6.596,6.427,6.571,97246.86,50937.02
2026-07-01 02:00:00,6.571,6.626,6.55,6.605,44466.84,22006.27
2026-07-01 03:00:00,6.605,6.727,6.605,6.704,166302.71,102221.62
2026-07-01 04:00:00,6.705,6.723,6.672,6.699,107790,51548.14
2026-07-01 05:00:00,6.699,6.705,6.651,6.682,71714.33,31886.56
2026-07-01 06:00:00,6.682,6.686,6.605,6.635,64844.72,30160.22
2026-07-01 07:00:00,6.636,6.664,6.619,6.654,58356.84,28129.83
2026-07-01 08:00:00,6.654,6.671,6.617,6.669,90867.97,50187.21
2026-07-01 09:00:00,6.668,6.697,6.65,6.686,120617.32,78606.73
2026-07-01 10:00:00,6.686,6.695,6.62,6.647,79469.64,44828.79
2026-07-01 11:00:00,6.648,6.671,6.629,6.659,47423.6,19699.94
2026-07-01 12:00:00,6.66,6.664,6.595,6.609,75014.33,33342.32
2026-07-01 13:00:00,6.61,6.663,6.561,6.647,141948.74,67866.78
2026-07-01 14:00:00,6.647,6.715,6.633,6.669,112660.03,60173.81
2026-07-01 15:00:00,6.67,6.748,6.664,6.73,117179.49,59829.25
2026-07-01 16:00:00,6.73,6.758,6.688,6.695,85725.8,44303.34
2026-07-01 17:00:00,6.696,6.754,6.667,6.744,66298.77,31480.27
2026-07-01 18:00:00,6.745,6.751,6.703,6.722,88191.01,32931.76
2026-07-01 19:00:00,6.721,6.735,6.678,6.695,75972.45,36203.7
2026-07-01 20:00:00,6.695,6.711,6.672,6.711,60022.54,26713.25
2026-07-01 21:00:00,6.712,6.795,6.707,6.781,134231.76,88642.96
2026-07-01 22:00:00,6.78,6.814,6.721,6.73,161978.09,75359.64
2026-07-01 23:00:00,6.729,6.729,6.663,6.666,81562.5,25501.95
2026-07-02 00:00:00,6.667,6.668,6.613,6.643,116271.46,52194.21
2026-07-02 01:00:00,6.644,6.729,6.641,6.696,84095.76,45792.32
2026-07-02 02:00:00,6.695,6.704,6.669,6.672,66509.39,17565.27
2026-07-02 03:00:00,6.672,6.727,6.654,6.716,72422.53,34524.86
2026-07-02 04:00:00,6.715,6.731,6.703,6.728,51261.2,25617.02
2026-07-02 05:00:00,6.727,6.735,6.683,6.695,62050.53,27449.18
2026-07-02 06:00:00,6.694,6.707,6.663,6.672,54250,27883.01
2026-07-02 07:00:00,6.672,6.689,6.666,6.671,48878.78,22370.3
2026-07-02 08:00:00,6.672,6.715,6.666,6.711,53901.48,29197.61
2026-07-02 09:00:00,6.711,6.778,6.695,6.764,123051.97,66636.27
2026-07-02 10:00:00,6.764,6.797,6.75,6.796,88342.34,46440.03
2026-07-02 11:00:00,6.797,6.814,6.764,6.782,113632.22,45871.93
2026-07-02 12:00:00,6.781,6.833,6.756,6.819,143052.47,61420.09
2026-07-02 13:00:00,6.82,6.88,6.796,6.818,221015.01,100866.24
2026-07-02 14:00:00,6.819,6.846,6.74,6.768,186375.75,77259.32
2026-07-02 15:00:00,6.768,6.79,6.741,6.777,70010.88,40412.71
2026-07-02 16:00:00,6.777,6.784,6.738,6.775,73778.21,32775.37
2026-07-02 17:00:00,6.775,6.79,6.736,6.754,42071.08,21051.45
2026-07-02 18:00:00,6.754,6.769,6.747,6.757,42485.36,23763.15
2026-07-02 19:00:00,6.757,6.763,6.717,6.744,68831.75,30712.3
2026-07-02 20:00:00,6.745,6.761,6.723,6.753,66662.68,39116.34
2026-07-02 21:00:00,6.754,6.798,6.752,6.787,63081.39,27758.37
2026-07-02 22:00:00,6.786,6.823,6.762,6.812,106586.62,55346.8
2026-07-02 23:00:00,6.812,6.814,6.788,6.8,66091.02,27123.8
2026-07-03 00:00:00,6.801,6.812,6.783,6.789,84627.97,33201.53
2026-07-03 01:00:00,6.789,6.868,6.787,6.854,86731.11,43699.51
2026-07-03 02:00:00,6.855,6.872,6.824,6.859,84525.09,40347.19
2026-07-03 03:00:00,6.858,6.88,6.813,6.85,106217.83,34753.06
2026-07-03 04:00:00,6.851,6.854,6.812,6.818,71064.05,25269.56
2026-07-03 05:00:00,6.818,6.871,6.812,6.85,67456.61,31595.24
2026-07-03 06:00:00,6.85,6.878,6.838,6.855,80752.17,27516.54
2026-07-03 07:00:00,6.856,6.861,6.83,6.838,77329.25,23746.82
2026-07-03 08:00:00,6.839,6.891,6.826,6.843,138231.74,65521.28
2026-07-03 09:00:00,6.842,6.858,6.831,6.838,60278.82,24317.29
2026-07-03 10:00:00,6.837,6.908,6.835,6.881,119475.3,72957.94
2026-07-03 11:00:00,6.881,6.913,6.873,6.901,46108.7,22463.8
2026-07-03 12:00:00,6.9,6.924,6.849,6.872,75324.36,37504.46
2026-07-03 13:00:00,6.873,6.878,6.839,6.854,78566.39,29848.45
2026-07-03 14:00:00,6.853,6.862,6.807,6.858,60544.44,22612.16
2026-07-03 15:00:00,6.859,6.895,6.821,6.83,62618.47,29293.71
2026-07-03 16:00:00,6.83,6.835,6.792,6.824,92254.18,30257.23
2026-07-03 17:00:00,6.823,6.877,6.816,6.868,63190.76,39917.35
2026-07-03 18:00:00,6.869,6.888,6.857,6.875,48373.22,22970.96
2026-07-03 19:00:00,6.874,6.937,6.87,6.915,207166.6,111130.99
2026-07-03 20:00:00,6.916,7.004,6.912,6.99,138745.16,80038.76
2026-07-03 21:00:00,6.99,7.035,6.952,7.002,130280.06,66646.29
2026-07-03 22:00:00,7.003,7.004,6.934,6.946,71827.16,35667.14
2026-07-03 23:00:00,6.947,6.97,6.92,6.948,57657.95,22711.35
2026-07-04 00:00:00,6.949,6.972,6.929,6.932,56926.8,24725.69
2026-07-04 01:00:00,6.931,6.931,6.865,6.883,93502.61,29820.54
2026-07-04 02:00:00,6.883,6.911,6.872,6.901,40770.6,23675.18
2026-07-04 03:00:00,6.902,6.937,6.89,6.933,35433.69,14254.62
2026-07-04 04:00:00,6.934,6.949,6.904,6.929,42805.88,19568.02
2026-07-04 05:00:00,6.929,6.944,6.897,6.897,43871.45,14118.02
2026-07-04 06:00:00,6.897,6.92,6.847,6.867,68381.4,19988.74
2026-07-04 07:00:00,6.867,6.877,6.841,6.867,50655.86,15679.67
2026-07-04 08:00:00,6.868,6.877,6.851,6.861,31409.69,16240.38
2026-07-04 09:00:00,6.862,6.865,6.818,6.824,64937.12,17864.86
2026-07-04 10:00:00,6.824,6.849,6.817,6.843,20889.9,9174.83
2026-07-04 11:00:00,6.842,6.867,6.835,6.858,24782.35,12621.37
2026-07-04 12:00:00,6.858,6.888,6.857,6.887,19036.47,9136.15
2026-07-04 13:00:00,6.886,6.918,6.865,6.884,26970.94,13129.76
2026-07-04 14:00:00,6.884,6.948,6.884,6.94,53493.73,39230.89
2026-07-04 15:00:00,6.94,7.007,6.94,6.987,106877.16,61022.63
2026-07-04 16:00:00,6.988,6.997,6.963,6.979,44971.85,21853.05
2026-07-04 17:00:00,6.98,7.115,6.941,7.088,145608.48,83607.22
2026-07-04 18:00:00,7.088,7.097,7.029,7.048,63896.17,28541.05
2026-07-04 19:00:00,7.048,7.061,7,7.012,33699.36,13455.14
2026-07-04 20:00:00,7.012,7.023,6.976,6.993,46141.39,13507.92
2026-07-04 21:00:00,6.994,7.028,6.989,7.018,19982.22,6871.74
2026-07-04 22:00:00,7.018,7.025,6.981,6.996,23471.03,6202.68
2026-07-04 23:00:00,6.996,6.996,6.919,6.968,52963.18,20556.82
2026-07-05 00:00:00,6.967,6.971,6.9,6.918,44524.93,17474.56
2026-07-05 01:00:00,6.919,6.933,6.881,6.898,40414.59,13115.5
2026-07-05 02:00:00,6.897,6.903,6.803,6.808,96594.86,31217.75
2026-07-05 03:00:00,6.808,6.832,6.786,6.806,72170.08,32060.28
2026-07-05 04:00:00,6.806,6.819,6.779,6.788,52147.59,22902.41
2026-07-05 05:00:00,6.788,6.808,6.763,6.779,57707.31,24439.99
2026-07-05 06:00:00,6.779,6.805,6.753,6.8,63571.77,28126.66
2026-07-05 07:00:00,6.8,6.83,6.779,6.818,71780.87,43294.56
2026-07-05 08:00:00,6.817,6.837,6.809,6.82,45740.53,26633.03
2026-07-05 09:00:00,6.82,6.834,6.775,6.787,93095.56,36193.7
2026-07-05 10:00:00,6.786,6.872,6.773,6.85,84572.01,28908.27
2026-07-05 11:00:00,6.849,6.892,6.843,6.88,46667.16,30611.29
2026-07-05 12:00:00,6.88,6.913,6.854,6.881,46712.77,24648.57
2026-07-05 13:00:00,6.881,6.913,6.865,6.912,47315.91,20324.04
2026-07-05 14:00:00,6.911,6.912,6.877,6.912,39387.35,14705.86
2026-07-05 15:00:00,6.911,6.949,6.903,6.928,65494.55,35218.77
2026-07-05 16:00:00,6.929,6.943,6.916,6.934,50027.17,27757.91
2026-07-05 17:00:00,6.934,6.977,6.916,6.923,54864.55,29025.69
2026-07-05 18:00:00,6.922,6.952,6.916,6.929,33339.16,10695.67
2026-07-05 19:00:00,6.929,6.943,6.903,6.918,82682.83,39696.42
2026-07-05 20:00:00,6.918,6.918,6.895,6.907,69635.95,21642.65
2026-07-05 21:00:00,6.907,6.975,6.882,6.958,48193.21,27806.12
2026-07-05 22:00:00,6.958,7.008,6.934,6.952,113115.42,57193.75
2026-07-05 23:00:00,6.952,6.982,6.919,6.924,46407.99,17149.27
2026-07-06 00:00:00,6.925,6.933,6.85,6.909,55953.43,24872.17
2026-07-06 01:00:00,6.908,6.954,6.884,6.888,36591.33,19488.55
2026-07-06 02:00:00,6.887,6.921,6.864,6.907,37774.41,19956.99
2026-07-06 03:00:00,6.906,6.931,6.883,6.918,27615.6,12773.4
2026-07-06 04:00:00,6.918,6.967,6.908,6.933,30973.61,18928.4
2026-07-06 05:00:00,6.933,6.935,6.832,6.871,55578.51,22738.73
2026-07-06 06:00:00,6.871,6.902,6.858,6.887,53184.95,28298.89
2026-07-06 07:00:00,6.886,6.956,6.876,6.932,51643.94,33083.13
2026-07-06 08:00:00,6.931,6.94,6.855,6.873,63298.08,30683.52
2026-07-06 09:00:00,6.873,6.873,6.819,6.827,45407.79,15978.54
2026-07-06 10:00:00,6.827,6.864,6.822,6.857,36069.41,18228.14
2026-07-06 11:00:00,6.858,6.863,6.818,6.818,33294.28,16958.38
2026-07-06 12:00:00,6.818,6.818,6.716,6.744,166335.98,75172.08
2026-07-06 13:00:00,6.743,6.811,6.714,6.792,123861.78,60113.54
2026-07-06 14:00:00,6.792,6.842,6.776,6.804,138228.99,53477.65
2026-07-06 15:00:00,6.804,6.924,6.803,6.919,127649.17,58311.77
2026-07-06 16:00:00,6.92,6.99,6.909,6.957,124114.71,72041.37
2026-07-06 17:00:00,6.956,6.961,6.896,6.907,43015.68,16864.49
2026-07-06 18:00:00,6.906,6.983,6.906,6.956,46252.9,27973.51
2026-07-06 19:00:00,6.956,6.993,6.953,6.96,124380.18,48283.79
2026-07-06 20:00:00,6.96,6.961,6.891,6.915,217564.34,77789.71
2026-07-06 21:00:00,6.915,7.088,6.915,7.01,199979.61,117041.12
2026-07-06 22:00:00,7.01,7.021,6.991,6.998,30852.4,14864.93
2026-07-06 23:00:00,6.999,7.01,6.922,6.93,32044,18909.38
2026-07-07 00:00:00,6.929,6.949,6.888,6.9,29299.46,15171.4
2026-07-07 01:00:00,6.899,6.899,6.817,6.836,73755.48,32396.55
2026-07-07 02:00:00,6.836,6.847,6.8,6.823,63350.45,23769.45
2026-07-07 03:00:00,6.823,6.829,6.782,6.804,35237.61,15430.09
2026-07-07 04:00:00,6.805,6.805,6.75,6.771,74685.08,34288.08
2026-07-07 05:00:00,6.77,6.77,6.698,6.757,116065.16,54025.2
2026-07-07 06:00:00,6.757,6.788,6.738,6.777,44728.54,21175.14
2026-07-07 07:00:00,6.777,6.818,6.749,6.764,329156.91,164448.3
2026-07-07 08:00:00,6.765,6.766,6.736,6.752,59662.84,30783.75
2026-07-07 09:00:00,6.751,6.792,6.746,6.782,59006.74,29217.12
2026-07-07 10:00:00,6.782,6.802,6.748,6.756,54826.11,28599.77
2026-07-07 11:00:00,6.756,6.798,6.743,6.795,29406.15,18495.55
2026-07-07 12:00:00,6.795,6.823,6.769,6.771,57090.02,28590.17
2026-07-07 13:00:00,6.771,6.783,6.728,6.758,61637.23,28549.94
2026-07-07 14:00:00,6.759,6.791,6.65,6.726,146758.38,60406.38
2026-07-07 15:00:00,6.725,6.796,6.702,6.77,111111.23,60995.89
2026-07-07 16:00:00,6.77,6.809,6.747,6.785,91860.01,41282.96
2026-07-07 17:00:00,6.785,6.804,6.769,6.801,40690.23,22866.89
2026-07-07 18:00:00,6.802,6.808,6.738,6.745,47645.15,21176.3
2026-07-07 19:00:00,6.744,6.769,6.695,6.758,64564.33,28241.12
2026-07-07 20:00:00,6.759,6.773,6.728,6.743,44040.24,25767.69
2026-07-07 21:00:00,6.744,6.751,6.68,6.688,71254.17,17182.89
2026-07-07 22:00:00,6.687,6.725,6.66,6.707,26992.76,12984.38
2026-07-07 23:00:00,6.707,6.721,6.685,6.689,18568.28,11022.17
2026-07-08 00:00:00,6.689,6.698,6.65,6.669,70467.68,32534.21
2026-07-08 01:00:00,6.669,6.674,6.484,6.499,145543.44,55107.56
2026-07-08 02:00:00,6.499,6.499,6.351,6.407,309653.74,134436
2026-07-08 03:00:00,6.408,6.441,6.385,6.394,87400.42,45949.74
2026-07-08 04:00:00,6.394,6.416,6.368,6.406,97795.25,57530.43
2026-07-08 05:00:00,6.406,6.45,6.398,6.417,61206.64,28576.53
2026-07-08 06:00:00,6.417,6.418,6.378,6.403,50963.26,29876.39
2026-07-08 07:00:00,6.402,6.458,6.385,6.448,97768.91,58561.59
2026-07-08 08:00:00,6.448,6.455,6.317,6.353,204346.45,94123.07
2026-07-08 09:00:00,6.354,6.385,6.342,6.373,55548.41,30292.46
2026-07-08 10:00:00,6.374,6.441,6.352,6.421,91819.11,39132.29
2026-07-08 11:00:00,6.421,6.455,6.401,6.441,103963.53,38282.38
2026-07-08 12:00:00,6.441,6.443,6.402,6.402,54122.21,18642.93
2026-07-08 13:00:00,6.403,6.476,6.369,6.453,140138.81,67717.23
2026-07-08 14:00:00,6.454,6.469,6.377,6.407,91373.12,43175.69
2026-07-08 15:00:00,6.408,6.411,6.348,6.382,65809.99,31304.16
2026-07-08 16:00:00,6.382,6.438,6.38,6.425,75906.73,38809.31
2026-07-08 17:00:00,6.426,6.473,6.421,6.435,43629.78,13869.29
2026-07-08 18:00:00,6.434,6.483,6.431,6.462,28638.46,16835.44
2026-07-08 19:00:00,6.463,6.472,6.444,6.456,15019.91,6573.25
2026-07-08 20:00:00,6.457,6.467,6.431,6.435,24839.55,9760.43
2026-07-08 21:00:00,6.436,6.473,6.417,6.457,37459.01,16116.11
2026-07-08 22:00:00,6.457,6.471,6.454,6.457,13211.97,6529.88
2026-07-08 23:00:00,6.457,6.476,6.45,6.475,18604.45,8986.08
2026-07-09 00:00:00,6.474,6.5,6.44,6.449,40727.67,20015.74
2026-07-09 01:00:00,6.45,6.547,6.449,6.492,161679.99,82211.69
2026-07-09 02:00:00,6.492,6.532,6.442,6.442,130149.4,66565.51
2026-07-09 03:00:00,6.442,6.481,6.428,6.465,45575.65,25018.46
2026-07-09 04:00:00,6.466,6.531,6.463,6.529,58489.07,39823.24
2026-07-09 05:00:00,6.529,6.613,6.517,6.602,122873.92,69597.82
2026-07-09 06:00:00,6.601,6.778,6.585,6.77,199962.87,100759.5
2026-07-09 07:00:00,6.77,6.813,6.733,6.746,254131.24,138684.83
2026-07-09 08:00:00,6.746,6.768,6.724,6.737,109203.78,41489.56
2026-07-09 09:00:00,6.736,6.755,6.704,6.727,73272.37,29644.39
2026-07-09 10:00:00,6.728,6.738,6.665,6.687,63309.78,21982.41
2026-07-09 11:00:00,6.687,6.715,6.676,6.709,62909.35,29022.78
2026-07-09 12:00:00,6.71,6.743,6.686,6.726,120650.17,53223.64
2026-07-09 13:00:00,6.725,6.784,6.714,6.772,67149.58,36339.22
2026-07-09 14:00:00,6.773,6.79,6.714,6.722,72260.46,38648.86
2026-07-09 15:00:00,6.722,6.782,6.721,6.753,62903,30159.2
2026-07-09 16:00:00,6.753,6.765,6.696,6.708,34903.49,15023.4
2026-07-09 17:00:00,6.708,6.752,6.703,6.746,34284.43,18457.57
2026-07-09 18:00:00,6.747,6.778,6.742,6.742,46435.05,27572.57
2026-07-09 19:00:00,6.742,6.752,6.721,6.725,35564.63,16799.04
2026-07-09 20:00:00,6.725,6.728,6.686,6.721,51913.3,31316.24
2026-07-09 21:00:00,6.722,6.735,6.71,6.723,22337.08,10551.91
2026-07-09 22:00:00,6.723,6.731,6.697,6.699,20139.26,8671.71
2026-07-09 23:00:00,6.699,6.709,6.679,6.679,23303.06,10687.76
2026-07-10 00:00:00,6.679,6.697,6.668,6.685,28994.46,15334.02
2026-07-10 01:00:00,6.685,6.815,6.672,6.774,85199.02,61133.57
2026-07-10 02:00:00,6.775,6.799,6.771,6.789,45424.4,27290.29
2026-07-10 03:00:00,6.788,6.791,6.734,6.779,48517.34,26235.59
2026-07-10 04:00:00,6.779,6.808,6.775,6.794,28428.59,15777.88
2026-07-10 05:00:00,6.794,6.834,6.785,6.801,37754.86,23202.7
2026-07-10 06:00:00,6.801,6.807,6.774,6.782,26714.52,6850.16
2026-07-10 07:00:00,6.782,6.784,6.74,6.752,70303.01,28715.72
2026-07-10 08:00:00,6.753,6.815,6.752,6.775,63348.4,33573.93
2026-07-10 09:00:00,6.774,6.777,6.737,6.756,43136.66,28467.19
2026-07-10 10:00:00,6.756,6.788,6.741,6.77,56309.07,31752.81
2026-07-10 11:00:00,6.769,6.778,6.743,6.752,30616.29,15732.41
2026-07-10 12:00:00,6.751,6.77,6.722,6.733,53549.33,32806.93
2026-07-10 13:00:00,6.732,6.786,6.72,6.772,43846.9,20370.96
2026-07-10 14:00:00,6.772,6.775,6.649,6.692,155162.67,75431.55
2026-07-10 15:00:00,6.692,6.743,6.689,6.743,34086.16,16682.19
2026-07-10 16:00:00,6.743,6.772,6.722,6.757,31746.1,16611.88
2026-07-10 17:00:00,6.757,6.767,6.735,6.735,14645.54,5225.05
2026-07-10 18:00:00,6.736,6.758,6.708,6.718,32348.01,17056.74
2026-07-10 19:00:00,6.717,6.768,6.711,6.742,21645.95,13370.53
2026-07-10 20:00:00,6.743,6.753,6.73,6.739,20312.55,9307.43
2026-07-10 21:00:00,6.74,6.767,6.74,6.757,19768.44,10863.55
2026-07-10 22:00:00,6.758,6.767,6.752,6.753,16066.25,7008.29
2026-07-10 23:00:00,6.753,6.753,6.737,6.739,13362.21,5257.8
2026-07-11 00:00:00,6.74,6.756,6.721,6.734,24675.16,9791.93
2026-07-11 01:00:00,6.733,6.75,6.709,6.711,23404.53,13070.3
2026-07-11 02:00:00,6.71,6.74,6.707,6.732,23702.91,13443.2
2026-07-11 03:00:00,6.731,6.734,6.713,6.725,14877.23,7242.6
2026-07-11 04:00:00,6.724,6.738,6.716,6.727,8985.21,5686.33
2026-07-11 05:00:00,6.727,6.727,6.702,6.71,28325.87,13789.88
2026-07-11 06:00:00,6.709,6.725,6.698,6.709,28269.97,9296.1
2026-07-11 07:00:00,6.708,6.721,6.706,6.71,16503.41,9122.52
2026-07-11 08:00:00,6.709,6.718,6.696,6.714,17348.92,9487.8
2026-07-11 09:00:00,6.715,6.721,6.688,6.697,29276.88,12982.04
2026-07-11 10:00:00,6.697,6.728,6.692,6.713,26703.45,15347.92
2026-07-11 11:00:00,6.714,6.739,6.71,6.72,27381.47,11746.67
2026-07-11 12:00:00,6.719,6.746,6.719,6.736,18748.08,9501.91
2026-07-11 13:00:00,6.735,6.748,6.719,6.742,25834.03,12077.61
2026-07-11 14:00:00,6.742,6.791,6.74,6.752,42685.24,24144.75
2026-07-11 15:00:00,6.752,6.789,6.719,6.752,66333.95,31880.21
2026-07-11 16:00:00,6.751,6.752,6.729,6.742,18579.52,10066.89
2026-07-11 17:00:00,6.743,6.776,6.734,6.76,13691.68,9489.59
2026-07-11 18:00:00,6.759,6.787,6.749,6.764,37734.81,19939.57
2026-07-11 19:00:00,6.764,6.771,6.744,6.752,20700.05,7054.08
2026-07-11 20:00:00,6.751,6.761,6.749,6.753,9432.17,5091.88
2026-07-11 21:00:00,6.753,6.759,6.731,6.736,29569.38,13221.55
2026-07-11 22:00:00,6.735,6.736,6.682,6.686,73231.02,30530.22
2026-07-11 23:00:00,6.685,6.699,6.542,6.552,228231.24,93935.78
2026-07-12 00:00:00,6.551,6.551,6.426,6.454,238232.01,121553.32
2026-07-12 01:00:00,6.454,6.518,6.445,6.518,79257.1,43940.8
2026-07-12 02:00:00,6.517,6.517,6.491,6.499,59346.85,26575.79
2026-07-12 03:00:00,6.499,6.535,6.495,6.527,36705.98,22004.5
2026-07-12 04:00:00,6.526,6.541,6.407,6.438,167355.19,66479.42
2026-07-12 05:00:00,6.439,6.469,6.434,6.446,76395.53,38907.62
2026-07-12 06:00:00,6.446,6.447,6.282,6.345,351476.14,149989.59
2026-07-12 07:00:00,6.345,6.402,6.325,6.379,130227.94,68155.29
2026-07-12 08:00:00,6.379,6.411,6.371,6.395,72451.88,44919.16
2026-07-12 09:00:00,6.396,6.422,6.38,6.414,52518.46,30822.14
2026-07-12 10:00:00,6.415,6.416,6.4,6.407,27108.93,16728.38
2026-07-12 11:00:00,6.407,6.449,6.377,6.433,38621.28,26365.2
2026-07-12 12:00:00,6.432,6.458,6.42,6.438,36574.85,19780.4
2026-07-12 13:00:00,6.437,6.458,6.43,6.448,57584.08,30632.41
2026-07-12 14:00:00,6.448,6.481,6.429,6.458,36592.68,20145.48
2026-07-12 15:00:00,6.459,6.473,6.435,6.441,44073.37,26097.62
2026-07-12 16:00:00,6.44,6.445,6.392,6.424,77179.76,26918.14
2026-07-12 17:00:00,6.423,6.442,6.401,6.423,34397.37,13223.14
2026-07-12 18:00:00,6.423,6.479,6.419,6.478,29175.14,14262.98
2026-07-12 19:00:00,6.478,6.48,6.453,6.472,29330,13251.07
2026-07-12 20:00:00,6.472,6.478,6.45,6.465,27439.17,13156.96
2026-07-12 21:00:00,6.465,6.483,6.423,6.429,72225.67,33091.97
2026-07-12 22:00:00,6.429,6.429,6.373,6.399,73261.47,31387.13
2026-07-12 23:00:00,6.399,6.419,6.386,6.407,30379.48,13880.66
2026-07-13 00:00:00,6.407,6.562,6.403,6.462,131589.03,56787.56
2026-07-13 01:00:00,6.461,6.47,6.409,6.425,82230.26,33963.17
2026-07-13 02:00:00,6.424,6.532,6.407,6.491,75991.78,31095.08
2026-07-13 03:00:00,6.49,6.497,6.418,6.49,100771.25,44625.29
2026-07-13 04:00:00,6.49,6.519,6.464,6.479,72384.53,35596.96
2026-07-13 05:00:00,6.48,6.528,6.456,6.495,83797.87,44896.35
2026-07-13 06:00:00,6.496,6.515,6.478,6.49,26359.89,11611.56
2026-07-13 07:00:00,6.49,6.516,6.48,6.509,39023.7,20637.46
2026-07-13 08:00:00,6.509,6.534,6.492,6.53,39572.64,19104.06
2026-07-13 09:00:00,6.531,6.672,6.529,6.638,203530.54,107443.56
2026-07-13 10:00:00,6.637,6.672,6.602,6.627,129451.87,62750.31
2026-07-13 11:00:00,6.627,6.669,6.621,6.646,91022.95,47365.46
2026-07-13 12:00:00,6.646,6.655,6.565,6.605,151479.78,52357.57
2026-07-13 13:00:00,6.605,6.683,6.557,6.56,254294.9,138107.86
2026-07-13 14:00:00,6.559,6.679,6.531,6.659,236217.68,137118.93
2026-07-13 15:00:00,6.659,6.674,6.556,6.563,104035.86,50174.86
2026-07-13 16:00:00,6.563,6.585,6.49,6.511,131763.46,49162.92
2026-07-13 17:00:00,6.512,6.522,6.427,6.436,84379.82,36672.92
2026-07-13 18:00:00,6.437,6.468,6.422,6.443,52591.38,27836.06
2026-07-13 19:00:00,6.443,6.487,6.439,6.476,57438.68,35380.44
2026-07-13 20:00:00,6.476,6.49,6.43,6.449,44395.87,20742.32
2026-07-13 21:00:00,6.449,6.449,6.338,6.398,97174.94,39087.44
2026-07-13 22:00:00,6.398,6.431,6.398,6.398,29247.64,16189.43
2026-07-13 23:00:00,6.398,6.457,6.381,6.452,36346.1,23181.72
2026-07-14 00:00:00,6.452,6.488,6.441,6.482,39129.35,25254.38
2026-07-14 01:00:00,6.482,6.502,6.453,6.49,39402.57,13600.05
2026-07-14 02:00:00,6.491,6.497,6.451,6.452,31259.55,13041.64
2026-07-14 03:00:00,6.453,6.46,6.42,6.443,25909.23,9642.42
2026-07-14 04:00:00,6.444,6.477,6.441,6.452,19805.42,8132.35
2026-07-14 05:00:00,6.452,6.5,6.445,6.491,34500.75,16910.25
2026-07-14 06:00:00,6.491,6.516,6.481,6.508,66191.52,29941.67
2026-07-14 07:00:00,6.507,6.512,6.48,6.481,15993.07,8085.78
2026-07-14 08:00:00,6.48,6.537,6.479,6.508,26917.3,15630.23
2026-07-14 09:00:00,6.508,6.525,6.468,6.474,32843.18,15151.62
2026-07-14 10:00:00,6.475,6.495,6.453,6.473,75552.01,28942.98
2026-07-14 11:00:00,6.473,6.473,6.439,6.44,45192.14,18654.41
2026-07-14 12:00:00,6.44,6.609,6.422,6.592,211021.53,108815.57
2026-07-14 13:00:00,6.592,6.67,6.563,6.659,175973.56,98603.71
2026-07-14 14:00:00,6.659,6.675,6.605,6.657,199361.11,109436.52
2026-07-14 15:00:00,6.657,6.712,6.621,6.656,164685.85,96150.02
2026-07-14 16:00:00,6.656,6.685,6.641,6.644,95895.29,45258.78
2026-07-14 17:00:00,6.643,6.67,6.604,6.663,62973.29,28653.75
2026-07-14 18:00:00,6.662,6.672,6.64,6.669,45771.62,21119.4
2026-07-14 19:00:00,6.668,6.688,6.652,6.674,35660.42,19766.6
2026-07-14 20:00:00,6.674,6.679,6.637,6.645,30624.63,13563.77
2026-07-14 21:00:00,6.644,6.65,6.632,6.637,24857.89,11399.67
2026-07-14 22:00:00,6.637,6.698,6.625,6.669,59155.41,35360.51
2026-07-14 23:00:00,6.67,6.712,6.649,6.712,44871.63,30088.65
2026-07-15 00:00:00,6.713,6.757,6.665,6.678,90550.66,53164.18
2026-07-15 01:00:00,6.678,6.69,6.638,6.643,58916.98,21588.66
2026-07-15 02:00:00,6.642,6.646,6.609,6.61,30745.69,11924.17
2026-07-15 03:00:00,6.61,6.667,6.606,6.658,41400.85,18504.44
2026-07-15 04:00:00,6.657,6.672,6.636,6.661,37410.24,22189.82
2026-07-15 05:00:00,6.662,6.69,6.635,6.685,24087.79,13602.62
2026-07-15 06:00:00,6.686,6.734,6.682,6.684,72824.77,42925.08
2026-07-15 07:00:00,6.685,6.685,6.609,6.621,35861.33,13016.52
2026-07-15 08:00:00,6.622,6.659,6.614,6.653,49991.48,22553.4
2026-07-15 09:00:00,6.652,6.689,6.652,6.663,26357.43,16418.48
2026-07-15 10:00:00,6.662,6.683,6.652,6.654,18376.47,7267.7
2026-07-15 11:00:00,6.655,6.687,6.653,6.669,31331.55,17993.67
2026-07-15 12:00:00,6.669,6.756,6.658,6.746,102937.2,57017.31
2026-07-15 13:00:00,6.746,6.773,6.677,6.7,152067.89,96388.12
2026-07-15 14:00:00,6.701,6.725,6.667,6.707,83206.38,35014.13
2026-07-15 15:00:00,6.706,6.743,6.689,6.728,68113.12,38236.87
2026-07-15 16:00:00,6.728,6.741,6.647,6.697,94448.71,51397.75
2026-07-15 17:00:00,6.696,6.73,6.693,6.726,61671.09,28338.09
2026-07-15 18:00:00,6.726,6.749,6.694,6.697,62871.64,31490.27
2026-07-15 19:00:00,6.698,6.712,6.687,6.696,61105.33,23948.02
2026-07-15 20:00:00,6.696,6.737,6.692,6.699,33646.9,18904.72
2026-07-15 21:00:00,6.699,6.712,6.675,6.684,28355.96,16023.05
2026-07-15 22:00:00,6.684,6.717,6.675,6.697,42753.32,21382.01
2026-07-15 23:00:00,6.696,6.719,6.69,6.702,19363.54,10082.66
2026-07-16 00:00:00,6.701,6.725,6.691,6.714,31846.56,19961.92
2026-07-16 01:00:00,6.714,6.724,6.661,6.713,37044.29,19567.52
2026-07-16 02:00:00,6.713,6.724,6.697,6.721,14875.09,5616.92
2026-07-16 03:00:00,6.72,6.731,6.704,6.712,21121.74,10392.79
2026-07-16 04:00:00,6.713,6.721,6.69,6.706,18126.13,11560.18
2026-07-16 05:00:00,6.707,6.739,6.702,6.714,42690.46,22134.98
2026-07-16 06:00:00,6.714,6.73,6.656,6.683,47981.95,23977.75
2026-07-16 07:00:00,6.682,6.684,6.612,6.628,54291.26,21393.89
2026-07-16 08:00:00,6.628,6.631,6.546,6.589,180113.14,98050.26
2026-07-16 09:00:00,6.59,6.605,6.577,6.581,42649.25,16399.99
2026-07-16 10:00:00,6.581,6.609,6.572,6.596,33440.4,18592.53
2026-07-16 11:00:00,6.596,6.596,6.559,6.578,59957.73,28982.83
2026-07-16 12:00:00,6.578,6.578,6.513,6.536,97681.17,39812.94
2026-07-16 13:00:00,6.536,6.632,6.531,6.622,66087.46,39451.3
2026-07-16 14:00:00,6.622,6.657,6.607,6.632,48289.61,19916.87
2026-07-16 15:00:00,6.632,6.657,6.594,6.628,41305.16,20685.53
2026-07-16 16:00:00,6.629,6.64,6.596,6.607,68579.21,40473.8
2026-07-16 17:00:00,6.606,6.607,6.523,6.54,78080.77,29756.12
2026-07-16 18:00:00,6.54,6.586,6.527,6.58,56867.39,34807
2026-07-16 19:00:00,6.579,6.608,6.578,6.598,36882.38,22124.56
2026-07-16 20:00:00,6.598,6.604,6.58,6.597,20133.6,7136.67
2026-07-16 21:00:00,6.597,6.622,6.591,6.602,71377.41,55357.89
2026-07-16 22:00:00,6.603,6.632,6.549,6.558,64560.71,16233.39
2026-07-16 23:00:00,6.558,6.558,6.481,6.514,81126.65,32078.94
2026-07-17 00:00:00,6.514,6.517,6.437,6.502,97264.11,45085.47
2026-07-17 01:00:00,6.503,6.525,6.459,6.463,54466.92,25399.5
2026-07-17 02:00:00,6.463,6.492,6.444,6.478,64793.81,32299.4
2026-07-17 03:00:00,6.478,6.553,6.476,6.528,42282.17,28107.97
2026-07-17 04:00:00,6.528,6.532,6.482,6.522,21730.75,9748.85
2026-07-17 05:00:00,6.521,6.524,6.442,6.458,77107.12,37333.67
2026-07-17 06:00:00,6.457,6.504,6.444,6.5,56779.96,36919.82
2026-07-17 07:00:00,6.5,6.5,6.466,6.479,22175.31,9003.7
2026-07-17 08:00:00,6.479,6.481,6.423,6.47,29796.94,17665.83
2026-07-17 09:00:00,6.47,6.505,6.468,6.501,24742.51,12902.06
2026-07-17 10:00:00,6.501,6.51,6.49,6.492,36369.39,24840.3
2026-07-17 11:00:00,6.492,6.501,6.483,6.488,22538.19,12987.46
2026-07-17 12:00:00,6.488,6.496,6.451,6.454,33363.36,15060.95
2026-07-17 13:00:00,6.453,6.474,6.373,6.469,139708.47,60815.08
2026-07-17 14:00:00,6.47,6.515,6.458,6.459,53136.7,29270.71
2026-07-17 15:00:00,6.458,6.482,6.409,6.482,69098.12,37267.57
2026-07-17 16:00:00,6.482,6.582,6.464,6.56,68189.49,31900.87
2026-07-17 17:00:00,6.56,6.62,6.56,6.598,106263.78,54502.66
2026-07-17 18:00:00,6.598,6.651,6.579,6.624,93726.96,47147.05
2026-07-17 19:00:00,6.623,6.623,6.557,6.574,44161.78,13575.31
2026-07-17 20:00:00,6.574,6.581,6.546,6.564,27307.54,12431.94
2026-07-17 21:00:00,6.563,6.583,6.556,6.571,27781.91,12073.24
2026-07-17 22:00:00,6.572,6.579,6.552,6.561,25002.28,15200.67
2026-07-17 23:00:00,6.561,6.591,6.541,6.591,17808.49,11471.25
2026-07-18 00:00:00,6.59,6.609,6.578,6.591,18563.13,10513.16
2026-07-18 01:00:00,6.591,6.637,6.585,6.618,41484.96,26219.93
2026-07-18 02:00:00,6.619,6.642,6.616,6.626,23764.27,12299.99
2026-07-18 03:00:00,6.627,6.658,6.621,6.644,51675.92,24180.99
2026-07-18 04:00:00,6.644,6.664,6.602,6.604,44576.52,16570.55
2026-07-18 05:00:00,6.603,6.629,6.591,6.602,31004.06,16687.11
2026-07-18 06:00:00,6.603,6.613,6.594,6.61,36710.13,16546.03
2026-07-18 07:00:00,6.61,6.635,6.596,6.609,20850.76,11872.24
2026-07-18 08:00:00,6.608,6.62,6.572,6.577,41965.11,19449.07
2026-07-18 09:00:00,6.577,6.578,6.528,6.545,41197.51,14617.29
2026-07-18 10:00:00,6.544,6.555,6.534,6.546,23130.16,8350.44
2026-07-18 11:00:00,6.546,6.554,6.538,6.546,15325.92,9669.43
2026-07-18 12:00:00,6.546,6.567,6.514,6.548,33470.58,15512.58
2026-07-18 13:00:00,6.548,6.551,6.525,6.541,18010.88,9577.8
2026-07-18 14:00:00,6.541,6.571,6.54,6.567,29206.78,14670.78
2026-07-18 15:00:00,6.568,6.577,6.543,6.543,32126.64,22863.87
2026-07-18 16:00:00,6.543,6.561,6.525,6.553,28907.39,15767.77
2026-07-18 17:00:00,6.554,6.588,6.53,6.571,29152.1,15360.78
2026-07-18 18:00:00,6.571,6.6,6.556,6.567,21542.57,8091.03
2026-07-18 19:00:00,6.567,6.579,6.562,6.574,17904.83,10731.18
2026-07-18 20:00:00,6.574,6.588,6.565,6.574,25571.58,14047.01
2026-07-18 21:00:00,6.574,6.605,6.569,6.576,32483.8,16924.83
2026-07-18 22:00:00,6.575,6.594,6.575,6.591,18123.17,8844.27
2026-07-18 23:00:00,6.591,6.598,6.57,6.574,9602.15,4140.58
2026-07-19 00:00:00,6.573,6.605,6.573,6.578,36135.71,20519.76
2026-07-19 01:00:00,6.579,6.588,6.573,6.575,14916.12,4189.33
2026-07-19 02:00:00,6.576,6.637,6.576,6.622,26843.58,14404.44
2026-07-19 03:00:00,6.622,6.627,6.583,6.585,17470.73,7490.25
2026-07-19 04:00:00,6.585,6.588,6.561,6.568,22896.53,7415.64
2026-07-19 05:00:00,6.567,6.596,6.564,6.564,24004.85,10387.26
2026-07-19 06:00:00,6.563,6.584,6.557,6.583,18776.74,9950.02
2026-07-19 07:00:00,6.583,6.583,6.554,6.557,29440.19,14920.6
2026-07-19 08:00:00,6.558,6.57,6.545,6.562,20137.44,10939.65
2026-07-19 09:00:00,6.563,6.566,6.489,6.497,75366.38,28056.78
2026-07-19 10:00:00,6.497,6.539,6.477,6.506,59843.92,29719.75
2026-07-19 11:00:00,6.506,6.524,6.476,6.485,44593.98,14082.68
2026-07-19 12:00:00,6.486,6.487,6.406,6.433,139936.08,70317.22
2026-07-19 13:00:00,6.434,6.447,6.42,6.438,70652.55,33830.91
2026-07-19 14:00:00,6.437,6.479,6.434,6.469,61750.93,37646.45
2026-07-19 15:00:00,6.47,6.473,6.441,6.455,30079.79,14182.09
2026-07-19 16:00:00,6.456,6.466,6.444,6.446,31211.81,14630.55
2026-07-19 17:00:00,6.445,6.497,6.413,6.473,42345.1,18160.33
2026-07-19 18:00:00,6.474,6.477,6.392,6.41,52409.35,23084.27
2026-07-19 19:00:00,6.411,6.437,6.404,6.437,27209.43,21210.53
2026-07-19 20:00:00,6.437,6.449,6.434,6.449,27240.21,11695.39
2026-07-19 21:00:00,6.45,6.451,6.409,6.417,16526.07,10399.75
2026-07-19 22:00:00,6.417,6.49,6.41,6.456,53059.83,27101.96
2026-07-19 23:00:00,6.457,6.469,6.424,6.465,35354.38,19111.29
2026-07-20 00:00:00,6.466,6.552,6.444,6.486,87695.16,43304.46
2026-07-20 01:00:00,6.487,6.574,6.484,6.511,57587.89,26637.91
2026-07-20 02:00:00,6.512,6.631,6.511,6.619,105918.47,57227.73
2026-07-20 03:00:00,6.62,6.65,6.569,6.599,80852.04,38076.21
2026-07-20 04:00:00,6.599,6.602,6.536,6.545,44216.03,21891.86
2026-07-20 05:00:00,6.544,6.547,6.457,6.48,61958.11,26325.72
2026-07-20 06:00:00,6.48,6.506,6.446,6.471,56928.16,28050.86
2026-07-20 07:00:00,6.472,6.549,6.472,6.547,48767.22,27286.23
2026-07-20 08:00:00,6.547,6.562,6.492,6.508,56223.15,22236.89
2026-07-20 09:00:00,6.509,6.574,6.502,6.556,37428.63,16799.88
2026-07-20 10:00:00,6.557,6.574,6.543,6.543,34595.78,17972.5
2026-07-20 11:00:00,6.544,6.635,6.541,6.63,57517.46,32025.99
2026-07-20 12:00:00,6.628,6.628,6.561,6.564,64818.12,35260.86
2026-07-20 13:00:00,6.563,6.609,6.52,6.532,48006.14,15282.58
2026-07-20 14:00:00,6.533,6.554,6.48,6.528,79456.89,30326.61
2026-07-20 15:00:00,6.528,6.634,6.526,6.612,78149.1,44799.8
2026-07-20 16:00:00,6.612,6.62,6.557,6.577,68416.46,26803.4
2026-07-20 17:00:00,6.576,6.602,6.566,6.597,29781.94,16217.59
2026-07-20 18:00:00,6.598,6.628,6.567,6.57,43979.43,24207.03
2026-07-20 19:00:00,6.569,6.574,6.546,6.567,51265.93,23461.53
2026-07-20 20:00:00,6.567,6.607,6.557,6.599,20419.35,13179.88
2026-07-20 21:00:00,6.598,6.624,6.583,6.584,80052.85,29392.85
2026-07-20 22:00:00,6.584,6.587,6.551,6.557,30287.72,13483.07
2026-07-20 23:00:00,6.557,6.599,6.554,6.579,29555.22,21002.84
2026-07-21 00:00:00,6.579,6.622,6.567,6.615,31464.76,21703.51
2026-07-21 01:00:00,6.614,6.632,6.599,6.616,23039.89,11140.1
2026-07-21 02:00:00,6.617,6.642,6.59,6.628,37776.16,22795.4
2026-07-21 03:00:00,6.628,6.666,6.625,6.642,49955.55,26424.14
2026-07-21 04:00:00,6.642,6.65,6.604,6.616,53809.69,28227.46
2026-07-21 05:00:00,6.615,6.668,6.615,6.654,27970.95,18329.04
2026-07-21 06:00:00,6.654,6.688,6.641,6.675,42809.93,20067.52
2026-07-21 07:00:00,6.675,6.684,6.647,6.677,39305.16,18147.41
2026-07-21 08:00:00,6.676,6.687,6.655,6.662,50679.94,24348.73
2026-07-21 09:00:00,6.661,6.67,6.641,6.658,45813.29,17028.16
2026-07-21 10:00:00,6.659,6.669,6.62,6.628,82643.77,36911.3
2026-07-21 11:00:00,6.628,6.643,6.615,6.638,32043.71,13952.29
2026-07-21 12:00:00,6.639,6.66,6.621,6.65,68495.36,39789.95
2026-07-21 13:00:00,6.65,6.655,6.615,6.646,37777.86,21757.92
2026-07-21 14:00:00,6.647,6.649,6.578,6.603,96977.6,41760.89
2026-07-21 15:00:00,6.602,6.627,6.583,6.62,59361.66,36526.64
2026-07-21 16:00:00,6.619,6.641,6.608,6.632,25263.26,15614.98
2026-07-21 17:00:00,6.632,6.636,6.581,6.615,67923.53,38425.06
2026-07-21 18:00:00,6.615,6.635,6.596,6.61,39045.89,19669.47
2026-07-21 19:00:00,6.611,6.628,6.604,6.614,29691.78,16983.99
2026-07-21 20:00:00,6.614,6.615,6.578,6.581,28311.28,10071.47
2026-07-21 21:00:00,6.581,6.581,6.544,6.566,53069.3,27419.84
2026-07-21 22:00:00,6.565,6.567,6.546,6.56,34921.98,20172.04
2026-07-21 23:00:00,6.56,6.573,6.524,6.571,33399.4,15199
2026-07-22 00:00:00,6.572,6.615,6.562,6.613,64802.9,38770.5
2026-07-22 01:00:00,6.613,6.613,6.563,6.584,59879.55,21644.15
2026-07-22 02:00:00,6.585,6.615,6.573,6.595,19824.38,8939.68
2026-07-22 03:00:00,6.595,6.601,6.545,6.549,45547.2,15786.3
2026-07-22 04:00:00,6.548,6.583,6.539,6.559,23293.05,12913.12
2026-07-22 05:00:00,6.559,6.56,6.478,6.499,78587.75,31480.44
2026-07-22 06:00:00,6.5,6.509,6.464,6.509,57630.08,26946.18
2026-07-22 07:00:00,6.508,6.51,6.49,6.502,35805.31,17370.21
2026-07-22 08:00:00,6.503,6.53,6.499,6.517,44736.43,18309.1
2026-07-22 09:00:00,6.517,6.524,6.485,6.51,27692.27,13209.05
2026-07-22 10:00:00,6.511,6.531,6.502,6.519,42781.13,24463.22
2026-07-22 11:00:00,6.519,6.522,6.502,6.516,30062.49,13014.01
2026-07-22 12:00:00,6.517,6.517,6.49,6.509,45863.94,19998.88
2026-07-22 13:00:00,6.509,6.565,6.503,6.562,39133.41,28276.33
2026-07-22 14:00:00,6.563,6.6,6.535,6.573,26586.74,11015.28
2026-07-22 15:00:00,6.573,6.654,6.573,6.637,114419.9,59458.95
2026-07-22 16:00:00,6.638,6.657,6.605,6.631,53653.67,27238.38
2026-07-22 17:00:00,6.632,6.639,6.607,6.609,69042.52,46128.11
2026-07-22 18:00:00,6.61,6.627,6.591,6.611,28018.11,14108.25
2026-07-22 19:00:00,6.612,6.617,6.568,6.6,33326.9,19212.41
2026-07-22 20:00:00,6.599,6.645,6.592,6.636,74380.39,45286.64
2026-07-22 21:00:00,6.636,6.664,6.629,6.644,23064.48,12432.11
2026-07-22 22:00:00,6.645,6.649,6.605,6.632,20749.8,8882.75
2026-07-22 23:00:00,6.632,6.632,6.576,6.626,27258.56,9692.24
2026-07-23 00:00:00,6.626,6.655,6.604,6.631,23779.46,14042.83
2026-07-23 01:00:00,6.631,6.637,6.607,6.615,28650.12,13493.13
2026-07-23 02:00:00,6.616,6.617,6.57,6.578,20921.23,6938.55
2026-07-23 03:00:00,6.578,6.581,6.524,6.531,41319.73,16070.51
2026-07-23 04:00:00,6.531,6.566,6.521,6.543,26104.22,10422.58
2026-07-23 05:00:00,6.543,6.581,6.533,6.57,18763.01,8928.61
2026-07-23 06:00:00,6.57,6.587,6.563,6.584,14386.19,6244.96
2026-07-23 07:00:00,6.585,6.586,6.522,6.561,42491.07,18373.89
2026-07-23 08:00:00,6.56,6.586,6.551,6.581,9781.85,3536.34
2026-07-23 09:00:00,6.581,6.592,6.573,6.577,42359.88,20761.04
2026-07-23 10:00:00,6.578,6.598,6.571,6.594,23057.78,14595.51
2026-07-23 11:00:00,6.594,6.612,6.581,6.585,31283.69,18403.72
2026-07-23 12:00:00,6.585,6.589,6.473,6.512,89625.61,39258.1
2026-07-23 13:00:00,6.513,6.513,6.423,6.45,137957.42,57120.35
2026-07-23 14:00:00,6.45,6.505,6.433,6.452,44690.51,23159.07
2026-07-23 15:00:00,6.453,6.453,6.393,6.451,139305.34,70626.39
2026-07-23 16:00:00,6.451,6.451,6.409,6.435,52300.61,16566.97
2026-07-23 17:00:00,6.434,6.439,6.304,6.326,177238.71,76050.68
2026-07-23 18:00:00,6.326,6.326,6.197,6.275,416522.91,204949.15
2026-07-23 19:00:00,6.275,6.298,6.258,6.285,81016.8,40406.17
2026-07-23 20:00:00,6.285,6.325,6.282,6.315,60258.03,29302.58
2026-07-23 21:00:00,6.315,6.327,6.291,6.304,50040.27,20110.38
2026-07-23 22:00:00,6.304,6.314,6.28,6.308,44725.05,23801.86
2026-07-23 23:00:00,6.308,6.311,6.26,6.268,47545.47,25024.46
2026-07-24 00:00:00,6.268,6.283,6.23,6.269,98088.54,33875.09
2026-07-24 01:00:00,6.27,6.289,6.226,6.236,94700.13,31961.67
2026-07-24 02:00:00,6.237,6.261,6.212,6.243,75691.15,22010.3
2026-07-24 03:00:00,6.244,6.281,6.239,6.27,31854.15,12083.07
2026-07-24 04:00:00,6.271,6.283,6.257,6.263,37468.01,20043.46
2026-07-24 05:00:00,6.263,6.3,6.246,6.249,124673.83,63276.62
2026-07-24 06:00:00,6.25,6.285,6.233,6.261,49470.16,22070.86
2026-07-24 07:00:00,6.262,6.32,6.25,6.282,81826.81,36220.9
2026-07-24 08:00:00,6.283,6.287,6.238,6.26,49993.12,18113.16
2026-07-24 09:00:00,6.26,6.285,6.225,6.275,78250.53,39981.24
2026-07-24 10:00:00,6.274,6.282,6.244,6.274,61929.08,32767.02
2026-07-24 11:00:00,6.274,6.274,6.237,6.259,51455.35,17185.52
2026-07-24 12:00:00,6.258,6.26,6.214,6.219,37242.95,15075.63
2026-07-24 13:00:00,6.218,6.221,6.137,6.204,169564.94,76438.67
2026-07-24 14:00:00,6.205,6.211,6.161,6.205,70490.09,33719.46
2026-07-24 15:00:00,6.205,6.223,6.181,6.202,54258.23,22758.38
2026-07-24 16:00:00,6.202,6.21,6.175,6.195,53135.7,15606.97
2026-07-24 17:00:00,6.194,6.234,6.181,6.224,73647.21,30299.33
2026-07-24 18:00:00,6.223,6.241,6.212,6.236,113536.12,23349.7
2026-07-24 19:00:00,6.237,6.244,6.216,6.234,35754.85,16101.05
2026-07-24 20:00:00,6.235,6.249,6.226,6.243,33272.67,12624.1
2026-07-24 21:00:00,6.243,6.263,6.229,6.242,39025.68,17345.66
2026-07-24 22:00:00,6.242,6.277,6.238,6.272,56940.59,38299.41
2026-07-24 23:00:00,6.273,6.315,6.272,6.304,50952.06,26325.75
2026-07-25 00:00:00,6.304,6.317,6.243,6.263,68466.43,25742.6
2026-07-25 01:00:00,6.262,6.278,6.255,6.271,16968.2,7591.07
2026-07-25 02:00:00,6.272,6.273,6.252,6.261,19366.18,11412.35
2026-07-25 03:00:00,6.262,6.268,6.239,6.247,19808.44,12274.58
2026-07-25 04:00:00,6.247,6.27,6.247,6.262,13018.71,8962.06
2026-07-25 05:00:00,6.262,6.278,6.261,6.268,30564.06,16814.06
2026-07-25 06:00:00,6.269,6.283,6.242,6.26,37830.59,21517.8
2026-07-25 07:00:00,6.26,6.265,6.24,6.245,28398.86,10612.3
2026-07-25 08:00:00,6.246,6.278,6.231,6.241,48579.21,27045.93
2026-07-25 09:00:00,6.24,6.291,6.238,6.275,41280.44,23361.52
2026-07-25 10:00:00,6.275,6.284,6.27,6.28,14691.48,5844.01
2026-07-25 11:00:00,6.28,6.302,6.274,6.289,36331.27,21771.81
2026-07-25 12:00:00,6.29,6.344,6.279,6.318,126367.99,63569.61
2026-07-25 13:00:00,6.318,6.507,6.309,6.478,333266.49,200982.62
2026-07-25 14:00:00,6.479,6.6,6.479,6.557,521610.34,291928.23
2026-07-25 15:00:00,6.557,6.599,6.534,6.58,326365.64,199572.61
2026-07-25 16:00:00,6.58,6.735,6.575,6.667,506469.49,264614.9
2026-07-25 17:00:00,6.667,6.689,6.646,6.665,217858.58,113521.65
2026-07-25 18:00:00,6.665,6.717,6.624,6.694,133488.28,72722.07
2026-07-25 19:00:00,6.694,6.722,6.661,6.713,132695.57,68693.12
2026-07-25 20:00:00,6.713,6.749,6.677,6.73,156015.61,96729.19
2026-07-25 21:00:00,6.731,6.8,6.725,6.754,273201.11,151665.76
2026-07-25 22:00:00,6.755,6.845,6.752,6.8,299299.37,195454.59
2026-07-25 23:00:00,6.801,6.81,6.724,6.777,465628.17,251747.86
2026-07-26 00:00:00,6.777,6.801,6.733,6.776,107467.48,54441.38
2026-07-26 01:00:00,6.776,6.815,6.758,6.782,85760.95,50333.4
2026-07-26 02:00:00,6.782,6.805,6.756,6.793,79870.32,53190.72
2026-07-26 03:00:00,6.794,6.794,6.737,6.764,79828.69,34804.48
2026-07-26 04:00:00,6.764,6.783,6.749,6.755,52869.81,30619.74
2026-07-26 05:00:00,6.755,6.807,6.74,6.784,142079.23,81721.88
2026-07-26 06:00:00,6.784,6.819,6.776,6.794,110603.92,67452.51
2026-07-26 07:00:00,6.793,6.831,6.754,6.784,95195.69,46752.3
2026-07-26 08:00:00,6.783,6.786,6.739,6.758,61066.13,29542.39
2026-07-26 09:00:00,6.758,6.762,6.729,6.736,83907.34,41139.05
2026-07-26 10:00:00,6.736,6.738,6.7,6.724,103610.21,38360.6
2026-07-26 11:00:00,6.724,6.733,6.694,6.7,61009.76,25670.5
2026-07-26 12:00:00,6.701,6.722,6.687,6.702,73350.77,50297.58
2026-07-26 13:00:00,6.702,6.702,6.666,6.675,70952.25,26385.34
2026-07-26 14:00:00,6.674,6.706,6.645,6.67,84766.38,38466.89
2026-07-26 15:00:00,6.671,6.702,6.666,6.695,41579.81,26667.82
2026-07-26 16:00:00,6.694,6.725,6.681,6.691,40615.1,20011.26
2026-07-26 17:00:00,6.691,6.703,6.681,6.684,27044.44,11695.86
2026-07-26 18:00:00,6.683,6.689,6.671,6.674,39138.18,12624.84
2026-07-26 19:00:00,6.673,6.679,6.662,6.669,30071.56,14065.09
2026-07-26 20:00:00,6.669,6.678,6.666,6.677,15502.71,10491.92
2026-07-26 21:00:00,6.678,6.687,6.669,6.675,24842.36,10149.83
2026-07-26 22:00:00,6.676,6.742,6.676,6.724,74613.17,47035.67
2026-07-26 23:00:00,6.724,6.756,6.714,6.746,45062.22,28965.54
2026-07-27 00:00:00,6.746,6.747,6.713,6.729,37143.2,21759.23
2026-07-27 01:00:00,6.728,6.734,6.687,6.725,34009.9,17165.32
2026-07-27 02:00:00,6.726,6.726,6.686,6.689,21933.24,8731.72
2026-07-27 03:00:00,6.69,6.705,6.677,6.69,28817.68,12623.02
2026-07-27 04:00:00,6.69,6.713,6.688,6.694,54999.17,26875.84
2026-07-27 05:00:00,6.695,6.71,6.676,6.7,49482.96,13353.4
2026-07-27 06:00:00,6.7,6.746,6.692,6.702,46799.77,24727.7
2026-07-27 07:00:00,6.702,6.714,6.669,6.682,48666.09,19371.91
2026-07-27 08:00:00,6.683,6.684,6.622,6.634,107819.02,43583.41
2026-07-27 09:00:00,6.633,6.638,6.597,6.613,147908.84,44132.65
2026-07-27 10:00:00,6.612,6.657,6.603,6.651,92626.53,34952.67
2026-07-27 11:00:00,6.651,6.685,6.64,6.669,72878.69,47545.41
2026-07-27 12:00:00,6.668,6.695,6.651,6.676,52341.27,26804.49
2026-07-27 13:00:00,6.677,6.682,6.609,6.641,112401.45,49291.03
2026-07-27 14:00:00,6.641,6.66,6.509,6.527,202335.17,67019.05
2026-07-27 15:00:00,6.527,6.567,6.481,6.544,153407.88,52810.22
2026-07-27 16:00:00,6.544,6.633,6.532,6.616,137742.43,70072.46
2026-07-27 17:00:00,6.617,6.62,6.57,6.578,46134.59,20221.11
2026-07-27 18:00:00,6.578,6.583,6.55,6.577,61787.97,32121.42
2026-07-27 19:00:00,6.578,6.615,6.564,6.614,36495.75,19734.11
2026-07-27 20:00:00,6.614,6.621,6.597,6.602,18288.89,6837.42
2026-07-27 21:00:00,6.602,6.614,6.561,6.577,42596.05,17698.16
2026-07-27 22:00:00,6.578,6.578,6.44,6.45,118009.85,38710.14
2026-07-27 23:00:00,6.451,6.451,6.376,6.408,230632.48,81649.69
2026-07-28 00:00:00,6.407,6.451,6.389,6.426,51994.24,26363.03
2026-07-28 01:00:00,6.427,6.432,6.358,6.374,93189.4,29663.17
2026-07-28 02:00:00,6.374,6.426,6.365,6.415,44498.93,24726.05
2026-07-28 03:00:00,6.415,6.44,6.409,6.434,22932.23,13910.09
2026-07-28 04:00:00,6.434,6.454,6.43,6.446,14435.11,6842.08
2026-07-28 05:00:00,6.446,6.457,6.419,6.421,31656.94,15251.8
2026-07-28 06:00:00,6.422,6.449,6.403,6.445,40562.37,20182.39
2026-07-28 07:00:00,6.445,6.469,6.426,6.447,43884.21,18325.63
2026-07-28 08:00:00,6.446,6.446,6.42,6.438,25583.63,11654.81
2026-07-28 09:00:00,6.437,6.461,6.431,6.442,21566.82,12576.8
2026-07-28 10:00:00,6.441,6.484,6.44,6.469,23636.05,12018.98
2026-07-28 11:00:00,6.469,6.482,6.45,6.461,41046.39,21373.34
2026-07-28 12:00:00,6.461,6.49,6.456,6.485,41036.99,19468.92
2026-07-28 13:00:00,6.485,6.503,6.373,6.418,130724.41,51135.4
2026-07-28 14:00:00,6.419,6.461,6.402,6.449,36279.42,18660.75
2026-07-28 15:00:00,6.449,6.59,6.439,6.573,99526.45,59237.68
2026-07-28 16:00:00,6.574,6.577,6.516,6.56,92514.92,33151
2026-07-28 17:00:00,6.56,6.563,6.502,6.52,34338.75,11945.76
2026-07-28 18:00:00,6.521,6.539,6.513,6.537,12759.04,5182.69
2026-07-28 19:00:00,6.537,6.607,6.537,6.595,53027.55,34761.37
2026-07-28 20:00:00,6.595,6.602,6.567,6.582,40413.54,21328.9
2026-07-28 21:00:00,6.582,6.629,6.582,6.605,50360.4,24047.46
2026-07-28 22:00:00,6.605,6.617,6.536,6.536,48146.27,17019.32
2026-07-28 23:00:00,6.536,6.58,6.525,6.577,25349.68,11168.46
2026-07-29 00:00:00,6.578,6.638,6.565,6.568,58282.59,37998.96
2026-07-29 01:00:00,6.567,6.571,6.506,6.509,24257.71,7592.06
2026-07-29 02:00:00,6.509,6.533,6.487,6.507,40211.79,13212.46
2026-07-29 03:00:00,6.507,6.51,6.411,6.412,57006.43,15323.39
2026-07-29 04:00:00,6.413,6.415,6.308,6.414,208459.52,68316.83
2026-07-29 05:00:00,6.414,6.433,6.405,6.425,40707.21,20959.71
2026-07-29 06:00:00,6.425,6.454,6.385,6.434,53930.05,25399.82
2026-07-29 07:00:00,6.435,6.438,6.41,6.427,39174.79,16745.21
2026-07-29 08:00:00,6.428,6.428,6.376,6.409,65489.49,33262.14
2026-07-29 09:00:00,6.41,6.434,6.406,6.416,46481.88,30354.35
2026-07-29 10:00:00,6.416,6.433,6.391,6.406,43076.3,17760.05
2026-07-29 11:00:00,6.407,6.42,6.388,6.415,24092.5,12455.06
2026-07-29 12:00:00,6.416,6.416,6.383,6.389,34287.65,15965.85
2026-07-29 13:00:00,6.388,6.41,6.359,6.401,55229.37,28998.11
2026-07-29 14:00:00,6.401,6.415,6.367,6.379,49446.63,23969.79
2026-07-29 15:00:00,6.378,6.405,6.37,6.384,35588.25,13193.25
2026-07-29 16:00:00,6.383,6.403,6.362,6.385,25439.12,13692.16
2026-07-29 17:00:00,6.385,6.439,6.385,6.438,40400.26,21585.8
2026-07-29 18:00:00,6.438,6.497,6.404,6.474,104333.18,54765.57
2026-07-29 19:00:00,6.474,6.489,6.341,6.364,66585.37,25009.16
2026-07-29 20:00:00,6.364,6.385,6.312,6.347,76021.56,36396.34
2026-07-29 21:00:00,6.347,6.395,6.313,6.392,40069.73,19349.87
2026-07-29 22:00:00,6.392,6.423,6.39,6.421,35452.52,14515.92
2026-07-29 23:00:00,6.422,6.438,6.402,6.432,29189.83,16261.25
2026-07-30 00:00:00,6.432,6.446,6.391,6.401,22502.9,12829.75
2026-07-30 01:00:00,6.402,6.522,6.402,6.5,54763.68,32513.47
2026-07-30 02:00:00,6.501,6.527,6.489,6.491,56333.89,34839.83
2026-07-30 03:00:00,6.492,6.526,6.482,6.487,34533.79,16139.75
2026-07-30 04:00:00,6.487,6.491,6.427,6.438,37337.12,8756.12
2026-07-30 05:00:00,6.438,6.479,6.424,6.457,20070.19,12859.5
2026-07-30 06:00:00,6.458,6.459,6.432,6.437,13568.31,6163.31
2026-07-30 07:00:00,6.436,6.46,6.418,6.424,16847.23,6261.09
2026-07-30 08:00:00,6.423,6.45,6.419,6.447,17321,5366.8
2026-07-30 09:00:00,6.448,6.46,6.436,6.44,45899.41,9902.72
2026-07-30 10:00:00,6.441,6.471,6.437,6.459,17709.97,6656.17
2026-07-30 11:00:00,6.459,6.508,6.457,6.495,37905.44,25993.11
2026-07-30 12:00:00,6.496,6.512,6.457,6.463,43556.65,18415.21
2026-07-30 13:00:00,6.463,6.481,6.419,6.481,46736.64,22631.88
2026-07-30 14:00:00,6.481,6.507,6.446,6.49,60794.87,31903.28
2026-07-30 15:00:00,6.489,6.497,6.446,6.455,24636.21,11228.2
2026-07-30 16:00:00,6.455,6.501,6.453,6.482,57024.66,29108.85
2026-07-30 17:00:00,6.482,6.497,6.471,6.485,34128.52,20347.63
2026-07-30 18:00:00,6.486,6.498,6.456,6.462,20603.15,6177.83
2026-07-30 19:00:00,6.462,6.481,6.45,6.473,16400.16,8044.04
2026-07-30 20:00:00,6.474,6.491,6.451,6.457,38789.18,23403.87
2026-07-30 21:00:00,6.456,6.469,6.449,6.454,21065.11,10596.18
2026-07-30 22:00:00,6.453,6.48,6.445,6.457,12365.02,6512.42
2026-07-30 23:00:00,6.457,6.478,6.434,6.434,20941.03,7188.91
2026-07-31 00:00:00,6.435,6.45,6.431,6.446,18643.72,10011.22
2026-07-31 01:00:00,6.447,6.544,6.447,6.484,69794.68,28450.81
2026-07-31 02:00:00,6.483,6.491,6.408,6.416,25686.29,11723.23
2026-07-31 03:00:00,6.417,6.468,6.397,6.455,19912.36,10866.75
2026-07-31 04:00:00,6.454,6.463,6.431,6.452,14062.48,4819.32
2026-07-31 05:00:00,6.452,6.483,6.44,6.459,25155.94,11946
2026-07-31 06:00:00,6.459,6.466,6.422,6.442,29450.65,9730.5
2026-07-31 07:00:00,6.441,6.472,6.392,6.456,39092.03,22634.98
2026-07-31 08:00:00,6.456,6.478,6.452,6.463,16023.24,6432.63
2026-07-31 09:00:00,6.464,6.473,6.415,6.422,24837.92,13974.05
2026-07-31 10:00:00,6.423,6.484,6.404,6.481,31920.51,13553.78
2026-07-31 11:00:00,6.482,6.524,6.449,6.462,37084.79,17296.72
2026-07-31 12:00:00,6.463,6.464,6.418,6.449,42362.25,20292
2026-07-31 13:00:00,6.45,6.506,6.38,6.387,86543.15,31652.07
2026-07-31 14:00:00,6.388,6.431,6.331,6.41,144444.13,73393.44
2026-07-31 15:00:00,6.409,6.417,6.381,6.403,32003.71,16876.72
2026-07-31 16:00:00,6.404,6.428,6.403,6.419,34259.23,14462.35
2026-07-31 17:00:00,6.419,6.475,6.414,6.462,22449.72,12908.93
2026-07-31 18:00:00,6.462,6.477,6.441,6.457,23565.79,13913.17
2026-07-31 19:00:00,6.456,6.463,6.412,6.424,12981.34,4899.43
2026-07-31 20:00:00,6.424,6.453,6.397,6.4,25935.94,9191.81
2026-07-31 21:00:00,6.4,6.425,6.388,6.399,13969.98,5319.47
2026-07-31 22:00:00,6.398,6.413,6.386,6.391,17575.57,5705.99
2026-07-31 23:00:00,6.391,6.399,6.382,6.386,12064.6,5400.72
2026-08-01 00:00:00,6.387,6.405,6.381,6.388,29049.27,17507.38
2026-08-01 01:00:00,6.388,6.421,6.388,6.414,13689.39,6175.76
2026-08-01 02:00:00,6.415,6.424,6.403,6.416,14254.7,4925.71
2026-08-01 03:00:00,6.416,6.419,6.398,6.409,14576.88,4857.31
2026-08-01 04:00:00,6.409,6.449,6.409,6.442,15696.87,11099.3
2026-08-01 05:00:00,6.442,6.453,6.396,6.409,28680.97,12130.54
2026-08-01 06:00:00,6.409,6.417,6.395,6.413,19064.45,11691.81
2026-08-01 07:00:00,6.413,6.425,6.373,6.379,25160.79,9977.58
2026-08-01 08:00:00,6.379,6.384,6.361,6.374,30251.16,14552.22
2026-08-01 09:00:00,6.373,6.374,6.342,6.347,23358.68,10283.05
2026-08-01 10:00:00,6.348,6.354,6.323,6.347,35337.66,12957.53
2026-08-01 11:00:00,6.348,6.35,6.33,6.334,38200.48,12693.88
2026-08-01 12:00:00,6.334,6.361,6.325,6.351,19475.12,9749.64
2026-08-01 13:00:00,6.351,6.364,6.348,6.357,14759.17,9274.69
2026-08-01 14:00:00,6.356,6.369,6.351,6.368,11154.47,6114.65
2026-08-01 15:00:00,6.368,6.379,6.36,6.375,12996.02,5268.18
2026-08-01 16:00:00,6.374,6.388,6.35,6.361,16940.08,7366.46
2026-08-01 17:00:00,6.36,6.367,6.286,6.305,58846.97,22914.61
2026-08-01 18:00:00,6.304,6.306,6.04,6.104,393210.09,173487.68
2026-08-01 19:00:00,6.103,6.157,6.089,6.132,106645.93,43785.71
2026-08-01 20:00:00,6.132,6.157,6.108,6.153,110092.69,62719.46
2026-08-01 21:00:00,6.153,6.195,6.152,6.189,68768.36,48340.35
2026-08-01 22:00:00,6.189,6.211,6.182,6.185,41711.52,26377.92
2026-08-01 23:00:00,6.185,6.201,6.185,6.191,25115.39,16191.92
2026-08-02 00:00:00,6.191,6.206,6.185,6.199,30985.34,15368.76
2026-08-02 01:00:00,6.2,6.232,6.199,6.224,39279.42,23492.05
2026-08-02 02:00:00,6.224,6.347,6.214,6.325,66400.06,36557.72
2026-08-02 03:00:00,6.326,6.349,6.317,6.321,42498.8,25630.51
2026-08-02 04:00:00,6.322,6.543,6.322,6.48,229839.58,128440.62
2026-08-02 05:00:00,6.481,6.687,6.481,6.577,440793.07,217198.45
2026-08-02 06:00:00,6.577,6.634,6.57,6.611,209205.73,121594.5
2026-08-02 07:00:00,6.611,6.631,6.579,6.611,152499.06,93903.97
2026-08-02 08:00:00,6.612,6.617,6.56,6.576,156405.96,72979.76
2026-08-02 09:00:00,6.576,6.656,6.554,6.616,191339.42,119001.61
2026-08-02 10:00:00,6.616,6.616,6.581,6.593,94498.54,45753.38
2026-08-02 11:00:00,6.592,6.632,6.58,6.596,131935.68,79963.15
2026-08-02 12:00:00,6.596,6.606,6.556,6.564,87744.81,28644.19
2026-08-02 13:00:00,6.563,6.6,6.557,6.595,54422.53,24249.92
2026-08-02 14:00:00,6.594,6.609,6.563,6.589,60840.05,29755.39
2026-08-02 15:00:00,6.589,6.614,6.589,6.596,37762.57,23209.77
2026-08-02 16:00:00,6.596,6.607,6.564,6.587,74033.44,45024.59
2026-08-02 17:00:00,6.587,6.646,6.579,6.625,69482.35,48679.84
2026-08-02 18:00:00,6.624,6.674,6.622,6.625,69284.98,41354.52
2026-08-02 19:00:00,6.624,6.624,6.586,6.602,51954.16,16415.77
2026-08-02 20:00:00,6.601,6.606,6.576,6.587,50751.3,16916.37
2026-08-02 21:00:00,6.587,6.671,6.586,6.643,33805.62,20974.43
2026-08-02 22:00:00,6.643,6.663,6.57,6.6,52465.86,19685.3
2026-08-02 23:00:00,6.599,6.601,6.53,6.553,89553.38,31991.6
2026-08-03 00:00:00,6.552,6.564,6.519,6.538,82466.48,35682.86
2026-08-03 01:00:00,6.537,6.547,6.509,6.516,40222.72,17382.13
2026-08-03 02:00:00,6.516,6.516,6.469,6.486,67664.4,25639.4
2026-08-03 03:00:00,6.485,6.485,6.392,6.427,123716.16,45190.3
2026-08-03 04:00:00,6.427,6.451,6.407,6.412,67699.45,27623.72
2026-08-03 05:00:00,6.412,6.43,6.401,6.429,36745.59,15502.8
2026-08-03 06:00:00,6.43,6.43,6.389,6.393,40349.83,16603.68
2026-08-03 07:00:00,6.393,6.417,6.382,6.402,46810.19,23050.54
2026-08-03 08:00:00,6.401,6.433,6.369,6.428,61023.02,30264.38
2026-08-03 09:00:00,6.428,6.458,6.404,6.454,31206.89,15584.76
2026-08-03 10:00:00,6.455,6.462,6.434,6.443,19905.28,9219.59
2026-08-03 11:00:00,6.443,6.46,6.425,6.443,36556.17,18015.99
2026-08-03 12:00:00,6.443,6.455,6.419,6.442,63351.24,29738.64
2026-08-03 13:00:00,6.442,6.549,6.44,6.546,70631.32,48633.85
2026-08-03 14:00:00,6.545,6.551,6.508,6.542,51763.23,28210.32
2026-08-03 15:00:00,6.541,6.545,6.5,6.513,62764.4,19708.94
2026-08-03 16:00:00,6.513,6.558,6.513,6.532,76016.73,26658.38
2026-08-03 17:00:00,6.532,6.553,6.523,6.538,44315.75,23425.7
2026-08-03 18:00:00,6.538,6.586,6.534,6.57,37867.85,22635.63
2026-08-03 19:00:00,6.57,6.598,6.565,6.577,69429.09,43332.26
2026-08-03 20:00:00,6.578,6.593,6.561,6.583,41472.67,26577.49
2026-08-03 21:00:00,6.583,6.585,6.56,6.577,34943.45,22307.02
2026-08-03 22:00:00,6.576,6.584,6.548,6.577,43391.49,25393.73
2026-08-03 23:00:00,6.576,6.577,6.56,6.575,17028.48,8929.7
2026-08-04 00:00:00,6.574,6.616,6.563,6.589,81168.54,46343.7
2026-08-04 01:00:00,6.589,6.932,6.587,6.868,623493.84,381041.49
2026-08-04 02:00:00,6.869,6.987,6.78,6.919,323259.74,187551.22
2026-08-04 03:00:00,6.919,6.953,6.854,6.865,192743.38,115732.97
2026-08-04 04:00:00,6.866,6.918,6.838,6.878,143312.45,88692.11
2026-08-04 05:00:00,6.877,6.9,6.827,6.838,104241.19,60338.46
2026-08-04 06:00:00,6.839,6.854,6.788,6.804,115900.9,46385.74
2026-08-04 07:00:00,6.804,6.835,6.768,6.833,71503.74,30407.71
2026-08-04 08:00:00,6.833,6.835,6.762,6.77,108387.57,39711.12
2026-08-04 09:00:00,6.77,6.8,6.761,6.8,66153.41,34554.33
2026-08-04 10:00:00,6.8,6.85,6.787,6.8,71321.16,38376.56
2026-08-04 11:00:00,6.8,6.824,6.791,6.819,59151.74,24322.64
2026-08-04 12:00:00,6.818,6.829,6.78,6.802,101719.36,48229.92
2026-08-04 13:00:00,6.802,6.837,6.723,6.747,143193.84,62345.51
2026-08-04 14:00:00,6.747,6.761,6.693,6.741,106992.64,50199.31
2026-08-04 15:00:00,6.74,6.762,6.686,6.757,82335.39,42070.16
2026-08-04 16:00:00,6.759,6.76,6.712,6.722,34953.06,10734.19
2026-08-04 17:00:00,6.721,6.737,6.7,6.703,31988.04,15564.18
2026-08-04 18:00:00,6.702,6.746,6.699,6.737,36316.51,26264.77
2026-08-04 19:00:00,6.737,6.748,6.721,6.732,19878.21,12619.63
2026-08-04 20:00:00,6.731,6.739,6.696,6.714,36275.23,17115.02
2026-08-04 21:00:00,6.714,6.721,6.695,6.705,28887.16,15046.19
2026-08-04 22:00:00,6.705,6.72,6.637,6.719,111045.44,57344.41
2026-08-04 23:00:00,6.72,6.727,6.682,6.688,37547.88,16398.85
2026-08-05 00:00:00,6.688,6.694,6.656,6.666,59768.77,19817.5
2026-08-05 01:00:00,6.665,6.681,6.652,6.67,32788.41,13566.78
2026-08-05 02:00:00,6.671,6.708,6.667,6.697,41018.33,17808.13
2026-08-05 03:00:00,6.697,6.703,6.6,6.626,127902.56,47879.75
2026-08-05 04:00:00,6.627,6.658,6.627,6.654,23335.42,11276.69
2026-08-05 05:00:00,6.654,6.686,6.653,6.682,62035.06,29023.98
2026-08-05 06:00:00,6.682,6.721,6.679,6.694,51586.18,29148.53
2026-08-05 07:00:00,6.693,6.695,6.662,6.684,16345.21,8603.42
2026-08-05 08:00:00,6.683,6.704,6.661,6.663,33931.17,12929.77
2026-08-05 09:00:00,6.664,6.687,6.664,6.67,20173.27,10296.21
2026-08-05 10:00:00,6.669,6.696,6.659,6.668,64086.33,43233.64
2026-08-05 11:00:00,6.669,6.685,6.655,6.661,31297.94,11242.54
2026-08-05 12:00:00,6.661,6.72,6.658,6.672,51388.69,31327.71
2026-08-05 13:00:00,6.671,6.674,6.531,6.618,193686.36,68255.07
2026-08-05 14:00:00,6.618,6.652,6.609,6.635,78723.68,39743.36
2026-08-05 15:00:00,6.636,6.682,6.622,6.647,78606.46,45221.57
2026-08-05 16:00:00,6.647,6.7,6.644,6.677,102862.89,37391.66
2026-08-05 17:00:00,6.677,6.686,6.654,6.679,87446.56,36458.36
2026-08-05 18:00:00,6.679,6.698,6.67,6.685,28363.49,18463.1
2026-08-05 19:00:00,6.685,6.694,6.664,6.665,25911.68,16672.15
2026-08-05 20:00:00,6.665,6.706,6.664,6.682,42696.26,24059.78
2026-08-05 21:00:00,6.682,6.682,6.642,6.654,27982.13,14033.67
2026-08-05 22:00:00,6.654,6.674,6.646,6.653,11442.8,6201.24
2026-08-05 23:00:00,6.654,6.672,6.642,6.661,27220.16,12369.34
2026-08-06 00:00:00,6.662,6.681,6.65,6.66,15338.22,9067.03
2026-08-06 01:00:00,6.659,6.669,6.622,6.645,32578,12718.66
2026-08-06 02:00:00,6.644,6.654,6.614,6.651,34715.55,13743.39
2026-08-06 03:00:00,6.651,6.671,6.638,6.67,19842.91,12864.4
2026-08-06 04:00:00,6.669,6.7,6.657,6.671,55262.8,28155.55
2026-08-06 05:00:00,6.67,6.703,6.662,6.672,22469.96,11016.3
2026-08-06 06:00:00,6.673,6.681,6.652,6.674,16764.71,8123.9
2026-08-06 07:00:00,6.673,6.698,6.666,6.687,26152.24,19837.18
2026-08-06 08:00:00,6.687,6.692,6.658,6.677,21361.97,8639.14
2026-08-06 09:00:00,6.677,6.68,6.491,6.526,284333.25,104164.1
2026-08-06 10:00:00,6.525,6.525,6.35,6.41,680754.93,305291.48
2026-08-06 11:00:00,6.411,6.455,6.389,6.442,153097.14,62774.83
2026-08-06 12:00:00,6.442,6.45,6.412,6.417,119523.81,53248.61
2026-08-06 13:00:00,6.416,6.434,6.396,6.42,144467.13,48495.34
2026-08-06 14:00:00,6.42,6.458,6.405,6.454,79829.13,35728.47
2026-08-06 15:00:00,6.454,6.479,6.44,6.47,76269.57,38048.84
2026-08-06 16:00:00,6.472,6.505,6.438,6.504,136897.14,57917.49
2026-08-06 17:00:00,6.503,6.508,6.459,6.463,43755.62,21812.04
2026-08-06 18:00:00,6.462,6.486,6.443,6.453,57643.98,23975.82
2026-08-06 19:00:00,6.453,6.468,6.445,6.449,17295.39,8689.45
2026-08-06 20:00:00,6.449,6.471,6.448,6.459,21915.61,14830.34
2026-08-06 21:00:00,6.459,6.471,6.453,6.464,19798.45,9282.29
2026-08-06 22:00:00,6.465,6.477,6.451,6.454,17344.63,8562.04
2026-08-06 23:00:00,6.454,6.458,6.41,6.441,37803.77,12410.94
2026-08-07 00:00:00,6.44,6.448,6.403,6.419,42093.2,18071.32
2026-08-07 01:00:00,6.42,6.435,6.4,6.418,27385.77,14754.89
2026-08-07 02:00:00,6.417,6.436,6.394,6.426,33539.25,19014.45
2026-08-07 03:00:00,6.427,6.446,6.406,6.408,33483.76,17978.27
2026-08-07 04:00:00,6.407,6.41,6.389,6.398,49922.23,26626.29
2026-08-07 05:00:00,6.398,6.411,6.372,6.409,39656.92,19987.78
2026-08-07 06:00:00,6.408,6.435,6.402,6.418,29015.26,16904.39
2026-08-07 07:00:00,6.418,6.435,6.402,6.415,23557.95,12215.87
2026-08-07 08:00:00,6.414,6.44,6.409,6.412,39703.12,15753.7
2026-08-07 09:00:00,6.413,6.48,6.413,6.454,80793.51,39344.78
2026-08-07 10:00:00,6.454,6.462,6.429,6.449,71343.52,31825.61
2026-08-07 11:00:00,6.45,6.472,6.45,6.466,34699.16,21984.05
2026-08-07 12:00:00,6.467,6.526,6.465,6.496,116197.38,64237.26
2026-08-07 13:00:00,6.497,6.505,6.477,6.479,35457.07,20887.54
2026-08-07 14:00:00,6.48,6.489,6.407,6.428,84409.6,29709.53
2026-08-07 15:00:00,6.428,6.453,6.424,6.44,31254.51,18391.04
2026-08-07 16:00:00,6.441,6.462,6.407,6.407,38590.06,13807.84
2026-08-07 17:00:00,6.406,6.409,6.361,6.396,76286.1,32656.17
2026-08-07 18:00:00,6.397,6.414,6.393,6.41,26564.76,14909.27
2026-08-07 19:00:00,6.41,6.456,6.408,6.446,31080.75,18275.21
2026-08-07 20:00:00,6.446,6.452,6.438,6.45,12910.57,7990.4
2026-08-07 21:00:00,6.45,6.478,6.447,6.447,23453.08,13510.66
2026-08-07 22:00:00,6.447,6.447,6.422,6.424,14056.81,3639.19
2026-08-07 23:00:00,6.424,6.444,6.423,6.435,9487.52,4483.68
2026-08-08 00:00:00,6.434,6.438,6.419,6.437,10920.56,4118.25
2026-08-08 01:00:00,6.437,6.595,6.436,6.552,79803.36,41716.47
2026-08-08 02:00:00,6.553,6.567,6.523,6.536,56960.7,24042.11
2026-08-08 03:00:00,6.536,6.544,6.517,6.525,27823.57,12007.55
2026-08-08 04:00:00,6.526,6.549,6.516,6.523,25089.06,12598.18
2026-08-08 05:00:00,6.523,6.552,6.522,6.53,29687.84,10992.97
2026-08-08 06:00:00,6.53,6.539,6.513,6.518,17453.74,10625.97
2026-08-08 07:00:00,6.518,6.527,6.506,6.521,9682.34,4498.16
2026-08-08 08:00:00,6.521,6.544,6.514,6.534,31855.26,11216.88
2026-08-08 09:00:00,6.534,6.567,6.534,6.542,29785.04,17203.68
2026-08-08 10:00:00,6.541,6.555,6.503,6.527,94521.4,16358.28
2026-08-08 11:00:00,6.527,6.58,6.519,6.551,84102.33,66579.82
2026-08-08 12:00:00,6.551,6.566,6.533,6.537,17713.75,5370.19
2026-08-08 13:00:00,6.538,6.538,6.517,6.517,52781.38,29682.71
2026-08-08 14:00:00,6.517,6.567,6.516,6.55,52556.01,35330.28
2026-08-08 15:00:00,6.551,6.566,6.537,6.544,25249.99,10369.36
2026-08-08 16:00:00,6.545,6.561,6.541,6.549,36329.26,11421.22
2026-08-08 17:00:00,6.549,6.559,6.539,6.541,17007.59,8876.61
2026-08-08 18:00:00,6.541,6.541,6.523,6.534,23584.1,11853.24
2026-08-08 19:00:00,6.533,6.537,6.52,6.525,10883.5,5448.13
2026-08-08 20:00:00,6.525,6.531,6.51,6.518,25077.18,12232.61
2026-08-08 21:00:00,6.518,6.527,6.514,6.515,21703.55,14569.36
2026-08-08 22:00:00,6.516,6.516,6.461,6.473,55390.71,23878.44
2026-08-08 23:00:00,6.472,6.486,6.464,6.482,19041.25,12293.76
2026-08-09 00:00:00,6.481,6.486,6.457,6.486,57772.93,32899.86
2026-08-09 01:00:00,6.485,6.493,6.472,6.48,17299.51,7519.24
2026-08-09 02:00:00,6.481,6.493,6.472,6.475,10978.99,7194.58
2026-08-09 03:00:00,6.475,6.477,6.439,6.462,26750.7,11012.49
2026-08-09 04:00:00,6.461,6.485,6.455,6.475,12522.84,7069.39
2026-08-09 05:00:00,6.474,6.474,6.433,6.456,32881.1,7140.94
2026-08-09 06:00:00,6.456,6.497,6.451,6.493,19627.34,11857.2
2026-08-09 07:00:00,6.493,6.497,6.472,6.484,27495.73,13589.67
2026-08-09 08:00:00,6.485,6.503,6.463,6.475,18412.44,11423.47
2026-08-09 09:00:00,6.475,6.494,6.465,6.483,14814.42,7707.52
2026-08-09 10:00:00,6.483,6.494,6.478,6.48,19172.16,9588.49
2026-08-09 11:00:00,6.48,6.484,6.465,6.476,16010.11,6286.63
2026-08-09 12:00:00,6.475,6.476,6.456,6.467,25174.36,4927.29
2026-08-09 13:00:00,6.466,6.49,6.454,6.48,70307.83,15559.29
2026-08-09 14:00:00,6.481,6.511,6.477,6.503,20695.83,8728.21
2026-08-09 15:00:00,6.504,6.556,6.504,6.55,34040.19,21921.51
2026-08-09 16:00:00,6.551,6.59,6.537,6.539,94317.55,51076.64
2026-08-09 17:00:00,6.54,6.566,6.538,6.55,23088.87,10273.56
2026-08-09 18:00:00,6.55,6.558,6.529,6.54,27394.49,10337
2026-08-09 19:00:00,6.539,6.595,6.534,6.565,127650.52,79907.67
2026-08-09 20:00:00,6.566,6.573,6.539,6.566,62469.85,10405.67
2026-08-09 21:00:00,6.566,6.585,6.546,6.563,35693.17,13645.82
2026-08-09 22:00:00,6.564,6.589,6.48,6.496,39561.82,18091.34
2026-08-09 23:00:00,6.496,6.502,6.386,6.421,106297.05,42873.58
2026-08-10 00:00:00,6.421,6.476,6.376,6.463,73435.95,42920.51
2026-08-10 01:00:00,6.463,6.539,6.452,6.526,28687.04,14622.92
2026-08-10 02:00:00,6.527,6.529,6.464,6.511,16700.41,7991.74
2026-08-10 03:00:00,6.511,6.52,6.461,6.486,14207.86,10002.51
2026-08-10 04:00:00,6.485,6.526,6.485,6.499,17707.81,8585.85
2026-08-10 05:00:00,6.5,6.57,6.498,6.545,40306.51,17289.62
2026-08-10 06:00:00,6.546,6.575,6.518,6.536,33570.1,18570.7
2026-08-10 07:00:00,6.537,6.553,6.523,6.537,33788.07,15794.21
2026-08-10 08:00:00,6.537,6.549,6.508,6.515,43830.44,16309.34
2026-08-10 09:00:00,6.514,6.526,6.497,6.509,29263.09,12331.72
2026-08-10 10:00:00,6.509,6.536,6.498,6.525,16656.16,6867.78
2026-08-10 11:00:00,6.525,6.549,6.518,6.549,19781.34,9913.38
2026-08-10 12:00:00,6.55,6.582,6.527,6.533,61119.16,31867.94
2026-08-10 13:00:00,6.533,6.553,6.515,6.533,63224.58,30585.83
2026-08-10 14:00:00,6.533,6.568,6.517,6.522,52231.62,33997.36
2026-08-10 15:00:00,6.521,6.536,6.472,6.489,60575.79,29980.28
2026-08-10 16:00:00,6.488,6.488,6.419,6.433,107558.51,52755.27
2026-08-10 17:00:00,6.434,6.502,6.426,6.488,39048.44,21523.08
2026-08-10 18:00:00,6.487,6.497,6.478,6.495,16328.9,6453.73
2026-08-10 19:00:00,6.494,6.496,6.461,6.473,35704.09,22612.92
2026-08-10 20:00:00,6.473,6.473,6.455,6.458,9455.95,3848.63
2026-08-10 21:00:00,6.457,6.457,6.419,6.425,29985.25,9134.35
2026-08-10 22:00:00,6.426,6.44,6.413,6.424,16568.92,8690.12
2026-08-10 23:00:00,6.424,6.442,6.417,6.436,18866.62,10601.78
2026-08-11 00:00:00,6.436,6.484,6.432,6.478,33891.86,17733.72
2026-08-11 01:00:00,6.477,6.537,6.473,6.527,44404.68,29180.61
2026-08-11 02:00:00,6.527,6.555,6.525,6.54,47929.5,28761.58
2026-08-11 03:00:00,6.541,6.556,6.531,6.541,21088.14,9363.83
2026-08-11 04:00:00,6.54,6.548,6.512,6.532,19059.69,7257.88
2026-08-11 05:00:00,6.531,6.531,6.491,6.498,26596.42,11999.57
2026-08-11 06:00:00,6.498,6.52,6.475,6.487,41861.48,28404.44
2026-08-11 07:00:00,6.487,6.496,6.471,6.484,22645.56,13629.8
2026-08-11 08:00:00,6.485,6.497,6.472,6.49,26516.19,15535.89
2026-08-11 09:00:00,6.49,6.527,6.472,6.51,47309.76,29425.44
2026-08-11 10:00:00,6.51,6.516,6.46,6.498,33119.69,18316.75
2026-08-11 11:00:00,6.498,6.525,6.496,6.508,26231.43,9891.84
2026-08-11 12:00:00,6.509,6.514,6.47,6.481,31588.45,15405.33
2026-08-11 13:00:00,6.48,6.482,6.422,6.426,110054.86,47030.98
2026-08-11 14:00:00,6.426,6.431,6.224,6.253,336354.71,134536.08
2026-08-11 15:00:00,6.253,6.253,6.11,6.217,579434.22,298459.56
2026-08-11 16:00:00,6.217,6.255,6.189,6.219,134518.05,64330.77
2026-08-11 17:00:00,6.219,6.238,6.208,6.211,90208.02,37608.05
2026-08-11 18:00:00,6.211,6.245,6.207,6.239,68004.37,30737.78
2026-08-11 19:00:00,6.239,6.279,6.22,6.279,60367.6,30196.69
2026-08-11 20:00:00,6.279,6.331,6.275,6.309,67145.19,33787.54
2026-08-11 21:00:00,6.309,6.323,6.293,6.316,44841.65,24688.37
2026-08-11 22:00:00,6.317,6.335,6.308,6.321,27571.62,12887.58
2026-08-11 23:00:00,6.321,6.329,6.307,6.322,21992.32,8673.92
2026-08-12 00:00:00,6.324,6.327,6.28,6.291,64298.18,23856.56
2026-08-12 01:00:00,6.291,6.312,6.283,6.294,55458.32,29499.87
2026-08-12 02:00:00,6.294,6.305,6.284,6.291,27342.36,17285.12
2026-08-12 03:00:00,6.292,6.31,6.264,6.287,38873.07,19712.13
2026-08-12 04:00:00,6.286,6.316,6.279,6.294,30708.98,11228.03
2026-08-12 05:00:00,6.295,6.3,6.286,6.294,23849.76,10871.21
2026-08-12 06:00:00,6.294,6.294,6.237,6.244,126554.57,42133.91
2026-08-12 07:00:00,6.244,6.268,6.21,6.237,129893.24,47254.71
2026-08-12 08:00:00,6.236,6.251,6.22,6.223,73610.28,36521
2026-08-12 09:00:00,6.222,6.268,6.216,6.253,58170.7,28849.08
2026-08-12 10:00:00,6.253,6.295,6.25,6.284,85904.1,39671.14
2026-08-12 11:00:00,6.285,6.314,6.272,6.31,38393.97,16221.69
2026-08-12 12:00:00,6.311,6.546,6.305,6.409,500159.96,245803.14
2026-08-12 13:00:00,6.41,6.429,6.347,6.353,146429.13,67912.11
2026-08-12 14:00:00,6.352,6.368,6.282,6.296,146230.52,67320.39
2026-08-12 15:00:00,6.295,6.401,6.292,6.377,97685.97,57172.17
2026-08-12 16:00:00,6.377,6.38,6.329,6.349,43294.11,20047.18
2026-08-12 17:00:00,6.35,6.372,6.334,6.363,61569.2,30438.61
2026-08-12 18:00:00,6.363,6.4,6.363,6.381,94571.08,51398.45
2026-08-12 19:00:00,6.38,6.391,6.324,6.357,101896.9,51767.23
2026-08-12 20:00:00,6.356,6.425,6.354,6.39,67691.7,38451.17
2026-08-12 21:00:00,6.389,6.404,6.314,6.338,83420.74,44504.47
2026-08-12 22:00:00,6.338,6.353,6.298,6.312,51760.6,25266.84
2026-08-12 23:00:00,6.313,6.328,6.298,6.32,25267.15,15299.03
2026-08-13 00:00:00,6.319,6.383,6.317,6.373,42756.21,22639.31
2026-08-13 01:00:00,6.372,6.412,6.361,6.403,44837.33,28727.16
2026-08-13 02:00:00,6.402,6.425,6.377,6.42,48368.83,31083.55
2026-08-13 03:00:00,6.421,6.526,6.421,6.512,213073.92,122218.76
2026-08-13 04:00:00,6.512,6.55,6.489,6.505,194375.75,101917.13
2026-08-13 05:00:00,6.506,6.544,6.487,6.516,113399.79,69011.93
2026-08-13 06:00:00,6.516,6.548,6.516,6.537,107925.3,72718.54
2026-08-13 07:00:00,6.537,6.548,6.511,6.519,102144.08,58626.52
2026-08-13 08:00:00,6.519,6.536,6.496,6.515,91787.99,44021.07
2026-08-13 09:00:00,6.515,6.516,6.476,6.503,66594.32,28922.55
2026-08-13 10:00:00,6.503,6.518,6.482,6.514,63785.13,36200.13
2026-08-13 11:00:00,6.515,6.519,6.48,6.505,56163.84,23153.38
2026-08-13 12:00:00,6.505,6.55,6.498,6.548,104720.78,67938.03
2026-08-13 13:00:00,6.549,6.55,6.482,6.494,83689.79,35585.51
2026-08-13 14:00:00,6.493,6.527,6.469,6.492,78452.35,41103.91
2026-08-13 15:00:00,6.492,6.499,6.411,6.412,100958.36,49273.27
2026-08-13 16:00:00,6.411,6.419,6.366,6.394,172077.9,102004.34
2026-08-13 17:00:00,6.394,6.42,6.391,6.418,39394.16,23699.49
2026-08-13 18:00:00,6.418,6.443,6.412,6.432,21832.93,13708.69
2026-08-13 19:00:00,6.433,6.44,6.418,6.423,24747.84,14211.49
2026-08-13 20:00:00,6.424,6.427,6.408,6.417,14328.48,7431.11
2026-08-13 21:00:00,6.416,6.429,6.408,6.423,8472.79,4977.47
2026-08-13 22:00:00,6.423,6.447,6.421,6.445,13442.95,8819.36
2026-08-13 23:00:00,6.445,6.458,6.438,6.457,21591.17,12134.15
2026-08-14 00:00:00,6.457,6.484,6.45,6.467,46968.09,29477.19
2026-08-14 01:00:00,6.466,6.49,6.455,6.469,39807.85,23059.88
2026-08-14 02:00:00,6.469,6.474,6.437,6.449,24270.19,10660.4
2026-08-14 03:00:00,6.449,6.45,6.411,6.417,33897.95,8954.51
2026-08-14 04:00:00,6.417,6.437,6.406,6.433,17355.02,7209.41
2026-08-14 05:00:00,6.433,6.436,6.416,6.429,18443.88,9773.21
2026-08-14 06:00:00,6.43,6.431,6.381,6.382,32496.55,11707.32
2026-08-14 07:00:00,6.381,6.409,6.372,6.377,62605.65,31327.24
2026-08-14 08:00:00,6.378,6.407,6.377,6.393,34404.27,9432.56
2026-08-14 09:00:00,6.393,6.396,6.358,6.359,32711.29,14579.5
2026-08-14 10:00:00,6.359,6.381,6.351,6.365,28371.96,13680.68
2026-08-14 11:00:00,6.365,6.374,6.357,6.362,22436.68,11692.96
2026-08-14 12:00:00,6.362,6.384,6.348,6.384,35110.34,19827.68
2026-08-14 13:00:00,6.383,6.405,6.362,6.394,51568.26,23435.78
2026-08-14 14:00:00,6.394,6.403,6.375,6.386,30798.1,9210.63
2026-08-14 15:00:00,6.385,6.451,6.373,6.439,43886.98,26989.44
2026-08-14 16:00:00,6.44,6.459,6.423,6.444,30469.62,16396.03
2026-08-14 17:00:00,6.445,6.494,6.441,6.442,42977.15,19078.73
2026-08-14 18:00:00,6.443,6.447,6.407,6.428,28486.31,12408.66
2026-08-14 19:00:00,6.427,6.459,6.402,6.432,32547.51,17568.96
2026-08-14 20:00:00,6.433,6.441,6.423,6.425,15269.27,5481.5
2026-08-14 21:00:00,6.424,6.429,6.392,6.402,46376.96,23311.65
2026-08-14 22:00:00,6.402,6.432,6.39,6.43,22031.73,12239.37
2026-08-14 23:00:00,6.431,6.495,6.43,6.476,33667.78,18557.5
2026-08-15 00:00:00,6.477,6.515,6.477,6.5,49939.62,27797.41
2026-08-15 01:00:00,6.5,6.504,6.478,6.489,50057.17,22066.66
2026-08-15 02:00:00,6.49,6.877,6.49,6.766,701341.96,387029.47
2026-08-15 03:00:00,6.767,6.86,6.746,6.77,518426.23,251904.17
2026-08-15 04:00:00,6.77,6.793,6.687,6.723,185947.18,84197.99
2026-08-15 05:00:00,6.723,6.742,6.677,6.688,135185.43,66219.81
2026-08-15 06:00:00,6.688,6.703,6.597,6.654,168244.45,76178.73
2026-08-15 07:00:00,6.654,6.659,6.62,6.62,86128.86,28616.72
2026-08-15 08:00:00,6.621,6.632,6.594,6.598,129065.86,56256.14
2026-08-15 09:00:00,6.598,6.604,6.582,6.59,48950.56,18364.89
2026-08-15 10:00:00,6.589,6.598,6.579,6.591,34687.13,16340
2026-08-15 11:00:00,6.59,6.59,6.569,6.573,33912.7,11032.77
2026-08-15 12:00:00,6.573,6.599,6.568,6.59,37784.81,26377.69
2026-08-15 13:00:00,6.59,6.59,6.552,6.566,44459.14,12234.9
2026-08-15 14:00:00,6.566,6.581,6.555,6.556,36295.92,15820.1
2026-08-15 15:00:00,6.555,6.574,6.54,6.563,27602.77,12437.58
2026-08-15 16:00:00,6.563,6.564,6.478,6.507,128354.13,56285.59
2026-08-15 17:00:00,6.507,6.518,6.494,6.506,47399.62,21664.03
2026-08-15 18:00:00,6.505,6.508,6.492,6.495,34671.64,15706.71
2026-08-15 19:00:00,6.495,6.511,6.489,6.507,36552.42,19370.1
2026-08-15 20:00:00,6.506,6.507,6.494,6.498,21940.87,9148.38
2026-08-15 21:00:00,6.498,6.507,6.492,6.497,25623.99,13980.79
2026-08-15 22:00:00,6.497,6.498,6.363,6.377,244465.21,80491.59
2026-08-15 23:00:00,6.378,6.378,6.301,6.333,296809.28,121546.88
2026-08-16 00:00:00,6.333,6.337,6.22,6.326,399717.72,215785.96
2026-08-16 01:00:00,6.326,6.35,6.32,6.338,85811.88,39634.05
2026-08-16 02:00:00,6.338,6.363,6.314,6.358,64464.14,23910.01
2026-08-16 03:00:00,6.358,6.37,6.351,6.353,46419.1,17194.39
2026-08-16 04:00:00,6.353,6.358,6.336,6.343,47630.43,22403.38
2026-08-16 05:00:00,6.343,6.345,6.33,6.336,35014.11,16850.71
2026-08-16 06:00:00,6.335,6.34,6.32,6.33,53129.18,19777.2
2026-08-16 07:00:00,6.33,6.34,6.324,6.335,33355.58,18644.32
2026-08-16 08:00:00,6.335,6.346,6.324,6.337,50424.78,27125.24
2026-08-16 09:00:00,6.337,6.359,6.333,6.345,37598.79,21133.22
2026-08-16 10:00:00,6.345,6.383,6.343,6.373,30617.87,18282.57
2026-08-16 11:00:00,6.373,6.386,6.349,6.361,23643.23,10517
2026-08-16 12:00:00,6.361,6.384,6.355,6.384,17100.39,11427.43
2026-08-16 13:00:00,6.384,6.396,6.375,6.383,32577.83,19220.48
2026-08-16 14:00:00,6.383,6.424,6.382,6.415,68585.84,39514.42
2026-08-16 15:00:00,6.414,6.436,6.414,6.431,22904.5,9791.87
2026-08-16 16:00:00,6.432,6.437,6.367,6.369,67292.41,27904.29
2026-08-16 17:00:00,6.369,6.38,6.357,6.361,39412.85,16547.73
2026-08-16 18:00:00,6.36,6.363,6.336,6.338,44848.12,18119.78
2026-08-16 19:00:00,6.339,6.358,6.339,6.346,31497.99,12172.4
2026-08-16 20:00:00,6.346,6.351,6.323,6.33,42153.23,23109.74
2026-08-16 21:00:00,6.33,6.334,6.277,6.299,103141.83,47787.19
2026-08-16 22:00:00,6.298,6.333,6.288,6.329,44381.44,21911.34
2026-08-16 23:00:00,6.33,6.336,6.319,6.33,12477.84,5296.3
2026-08-17 00:00:00,6.33,6.343,6.292,6.311,44265.46,23736.4
2026-08-17 01:00:00,6.311,6.372,6.309,6.339,66686.06,35923.59
2026-08-17 02:00:00,6.34,6.387,6.33,6.372,32474.03,22357.48
2026-08-17 03:00:00,6.373,6.375,6.357,6.367,33957.31,11861.02
2026-08-17 04:00:00,6.367,6.403,6.367,6.39,43367.46,35425.14
2026-08-17 05:00:00,6.39,6.391,6.356,6.357,25248.74,13945.82
2026-08-17 06:00:00,6.357,6.394,6.342,6.381,48429.28,27295.29
2026-08-17 07:00:00,6.381,6.382,6.361,6.363,26767.99,16170.02
2026-08-17 08:00:00,6.364,6.366,6.31,6.32,68598.27,37532.61
2026-08-17 09:00:00,6.32,6.333,6.315,6.327,36667.54,17843.69
2026-08-17 10:00:00,6.328,6.359,6.32,6.35,22987.69,12537.76
2026-08-17 11:00:00,6.35,6.351,6.318,6.329,40275.41,17883.94
2026-08-17 12:00:00,6.328,6.332,6.3,6.311,67937.3,29403.17
2026-08-17 13:00:00,6.311,6.326,6.293,6.309,81283.58,35172.93
2026-08-17 14:00:00,6.31,6.335,6.293,6.329,51214.86,28723.04
2026-08-17 15:00:00,6.328,6.347,6.314,6.327,78658.57,36623.78
2026-08-17 16:00:00,6.328,6.335,6.3,6.301,49806.92,21689.78
2026-08-17 17:00:00,6.3,6.348,6.297,6.323,46851.63,20188.58
2026-08-17 18:00:00,6.322,6.358,6.322,6.339,35840.98,21118.02
2026-08-17 19:00:00,6.339,6.353,6.316,6.342,44436.02,11462.2
2026-08-17 20:00:00,6.343,6.359,6.324,6.343,70302.36,32217.14
2026-08-17 21:00:00,6.342,6.352,6.334,6.339,18242.28,10919.68
2026-08-17 22:00:00,6.339,6.345,6.315,6.318,23180.4,9351.1
2026-08-17 23:00:00,6.318,6.368,6.314,6.352,18843.23,13245.31
2026-08-18 00:00:00,6.352,6.388,6.345,6.387,45931.17,18721.32
2026-08-18 01:00:00,6.387,6.455,6.332,6.338,87912.82,41814.25
2026-08-18 02:00:00,6.338,6.338,6.244,6.25,161714.09,63169.57
2026-08-18 03:00:00,6.25,6.287,6.237,6.278,90857.86,41989.38
2026-08-18 04:00:00,6.278,6.3,6.271,6.3,28238.82,13397.27
2026-08-18 05:00:00,6.301,6.356,6.293,6.34,61365.08,27008.72
2026-08-18 06:00:00,6.339,6.37,6.313,6.354,33688.1,15026.62
2026-08-18 07:00:00,6.354,6.356,6.305,6.313,34186.58,13801.92
2026-08-18 08:00:00,6.313,6.348,6.296,6.326,45524.04,17082.95
2026-08-18 09:00:00,6.326,6.338,6.318,6.326,48492.36,17030.26
2026-08-18 10:00:00,6.326,6.329,6.3,6.313,84537.34,16900.84
2026-08-18 11:00:00,6.313,6.335,6.313,6.332,17108.3,6963.6
2026-08-18 12:00:00,6.332,6.335,6.313,6.329,24706.15,12159.72
2026-08-18 13:00:00,6.329,6.339,6.313,6.324,35360.48,12882.93
2026-08-18 14:00:00,6.325,6.4,6.325,6.354,107337.08,48085.29
2026-08-18 15:00:00,6.354,6.378,6.351,6.376,45346.91,25706.4
2026-08-18 16:00:00,6.376,6.382,6.321,6.34,67926.28,24757.74
2026-08-18 17:00:00,6.339,6.358,6.329,6.351,31994.23,14744.15
2026-08-18 18:00:00,6.351,6.363,6.34,6.348,23400,6443.98
2026-08-18 19:00:00,6.348,6.362,6.334,6.349,50393.7,23460.93
2026-08-18 20:00:00,6.349,6.358,6.313,6.314,33734.61,11921.22
2026-08-18 21:00:00,6.313,6.326,6.304,6.318,23927.25,12818.77
2026-08-18 22:00:00,6.318,6.327,6.311,6.321,15649.28,7104.69
2026-08-18 23:00:00,6.322,6.349,6.322,6.334,9989.26,4991.03
2026-08-19 00:00:00,6.335,6.347,6.318,6.33,30854.32,13273.84
2026-08-19 01:00:00,6.33,6.357,6.329,6.35,15281.79,9167.69
2026-08-19 02:00:00,6.349,6.356,6.337,6.345,21068.24,9440.8
2026-08-19 03:00:00,6.345,6.374,6.337,6.364,18347.03,10452.43
2026-08-19 04:00:00,6.364,6.366,6.347,6.35,9593.48,5304.34
2026-08-19 05:00:00,6.35,6.365,6.345,6.347,10125.14,5307.88
2026-08-19 06:00:00,6.346,6.366,6.336,6.365,27907.22,10658.34
2026-08-19 07:00:00,6.366,6.373,6.345,6.35,30711.86,14233.22
2026-08-19 08:00:00,6.351,6.393,6.348,6.359,88965.8,40186.35
2026-08-19 09:00:00,6.359,6.37,6.339,6.345,50256.38,24212.81
2026-08-19 10:00:00,6.345,6.345,6.325,6.34,23493.67,14972.16
2026-08-19 11:00:00,6.34,6.35,6.306,6.314,68375.67,30752.52
2026-08-19 12:00:00,6.314,6.371,6.311,6.359,49577.41,34824.68
2026-08-19 13:00:00,6.358,6.358,6.303,6.309,121000.3,54054.53
2026-08-19 14:00:00,6.309,6.393,6.291,6.378,202064.31,102369.28
2026-08-19 15:00:00,6.379,6.729,6.37,6.56,816566.08,406603.38
2026-08-19 16:00:00,6.559,6.643,6.558,6.607,297132.76,152988.73
2026-08-19 17:00:00,6.608,6.61,6.523,6.544,201388.91,103347.76
2026-08-19 18:00:00,6.543,6.55,6.5,6.527,95146.82,46073.17
2026-08-19 19:00:00,6.526,6.591,6.52,6.586,119593.11,77175
2026-08-19 20:00:00,6.586,6.761,6.586,6.711,299051.34,190136.4
2026-08-19 21:00:00,6.711,6.879,6.702,6.827,722972.43,365972.29
2026-08-19 22:00:00,6.827,6.858,6.76,6.795,358353.42,191230.99
2026-08-19 23:00:00,6.796,6.812,6.751,6.778,121400.84,67052.72
2026-08-20 00:00:00,6.778,6.823,6.744,6.786,144798.07,84688.26
2026-08-20 01:00:00,6.786,6.8,6.748,6.793,83595.08,43644.63
2026-08-20 02:00:00,6.794,6.811,6.77,6.773,73503.25,41552.26
2026-08-20 03:00:00,6.772,6.772,6.691,6.754,117198.2,52182.76
2026-08-20 04:00:00,6.754,6.773,6.729,6.763,40249.9,24718.21
2026-08-20 05:00:00,6.763,6.778,6.745,6.75,36789.4,15209.59
2026-08-20 06:00:00,6.751,6.804,6.728,6.804,68981.27,48453.67
2026-08-20 07:00:00,6.803,6.829,6.786,6.808,124276.8,80693.15
2026-08-20 08:00:00,6.808,6.947,6.797,6.914,287284.04,176127.28
2026-08-20 09:00:00,6.914,6.93,6.854,6.871,150568.84,71171.07
2026-08-20 10:00:00,6.87,6.964,6.868,6.916,111974.05,62917.78
2026-08-20 11:00:00,6.916,6.952,6.874,6.889,101122.47,56792.06
2026-08-20 12:00:00,6.889,6.907,6.73,6.864,328845.15,155977.8
2026-08-20 13:00:00,6.864,6.922,6.832,6.913,146962.58,81290.71
2026-08-20 14:00:00,6.913,6.972,6.901,6.971,198873.64,124954.7
2026-08-20 15:00:00,6.971,7.137,6.959,7.056,471486.92,280717.56
2026-08-20 16:00:00,7.057,7.236,7.047,7.221,316078.68,181614.67
2026-08-20 17:00:00,7.22,7.322,7.201,7.264,310642.04,186168.77
2026-08-20 18:00:00,7.265,7.279,7.161,7.167,337006.96,174386.14
2026-08-20 19:00:00,7.167,7.203,7.124,7.142,150972.37,81787.47
2026-08-20 20:00:00,7.142,7.211,7.119,7.211,135284.12,70110.66
2026-08-20 21:00:00,7.21,7.221,7.134,7.207,133599.71,56696.91
2026-08-20 22:00:00,7.207,7.207,7.149,7.171,74018.1,30312.78
2026-08-20 23:00:00,7.172,7.309,7.169,7.291,120706.08,77618.59
2026-08-21 00:00:00,7.291,7.357,7.218,7.272,145742.4,66894.72
2026-08-21 01:00:00,7.271,7.336,7.235,7.301,135516.64,65374.53
2026-08-21 02:00:00,7.302,7.325,7.253,7.271,162110.68,83588.9
2026-08-21 03:00:00,7.271,7.343,7.233,7.303,123986.2,64692.95
2026-08-21 04:00:00,7.304,7.356,7.27,7.313,105771.68,57997.08
2026-08-21 05:00:00,7.312,7.395,7.279,7.393,267434.68,172494.07
2026-08-21 06:00:00,7.393,7.445,7.308,7.36,302244.77,175210.38
2026-08-21 07:00:00,7.361,7.497,7.351,7.477,277699,139719.79
2026-08-21 08:00:00,7.478,7.699,7.476,7.684,304279.64,187758.07
2026-08-21 09:00:00,7.685,7.689,7.369,7.589,457163.24,214499.63
2026-08-21 10:00:00,7.589,7.631,7.539,7.621,214587.45,109619.76
2026-08-21 11:00:00,7.62,7.666,7.433,7.493,288540.9,150175.24
2026-08-21 12:00:00,7.492,7.581,7.45,7.556,224152.23,124698.89
2026-08-21 13:00:00,7.557,7.637,7.469,7.58,255549.84,108794.45
2026-08-21 14:00:00,7.58,7.651,7.512,7.632,194527.26,104372.69
2026-08-21 15:00:00,7.632,7.676,7.536,7.618,333665.48,150788.1
2026-08-21 16:00:00,7.619,7.655,7.546,7.631,154014.41,94354.49
2026-08-21 17:00:00,7.632,7.702,7.608,7.659,240490.62,131443.08
2026-08-21 18:00:00,7.658,7.67,7.474,7.525,217278.34,96282.21
2026-08-21 19:00:00,7.524,7.583,7.467,7.542,166966.57,73806.45
2026-08-21 20:00:00,7.542,7.639,7.518,7.635,115223.82,68005.49
2026-08-21 21:00:00,7.635,7.78,7.632,7.773,270462.09,148997.19
2026-08-21 22:00:00,7.773,7.889,7.749,7.862,396164.91,194246.15
2026-08-21 23:00:00,7.863,7.893,7.794,7.838,194684.29,119303.87
2026-08-22 00:00:00,7.838,7.899,7.773,7.876,158436.48,93195.6
2026-08-22 01:00:00,7.876,7.926,7.821,7.843,163662.89,80352.32
2026-08-22 02:00:00,7.843,8.07,7.843,8.061,213175.58,143557.62
2026-08-22 03:00:00,8.062,8.114,8.023,8.073,378714.42,249461.65
2026-08-22 04:00:00,8.073,8.317,8.021,8.24,379116.38,202271.75
2026-08-22 05:00:00,8.239,8.305,7,7.698,1510614.25,726525.78
2026-08-22 06:00:00,7.697,7.718,7.563,7.67,332389.16,140745.49
2026-08-22 07:00:00,7.67,7.735,7.596,7.61,214986.4,91529.32
2026-08-22 08:00:00,7.61,7.658,7.465,7.539,343198.38,131776.03
2026-08-22 09:00:00,7.54,7.612,7.459,7.529,191985.39,84992.15
2026-08-22 10:00:00,7.53,7.548,7.348,7.503,421551.95,176456.2
2026-08-22 11:00:00,7.503,7.54,7.461,7.526,165873.92,74712.82
2026-08-22 12:00:00,7.526,7.596,7.504,7.556,135618.65,64927.51
2026-08-22 13:00:00,7.556,7.571,7.51,7.541,102394.36,42593.52
2026-08-22 14:00:00,7.542,7.551,7.441,7.475,184661.66,70628.53
2026-08-22 15:00:00,7.475,7.504,7.428,7.451,92252.45,32377.14
2026-08-22 16:00:00,7.45,7.63,7.45,7.598,202759.92,117941.99
2026-08-22 17:00:00,7.598,7.603,7.548,7.577,78556.71,37639.22
2026-08-22 18:00:00,7.577,7.587,7.526,7.562,62521.93,34806.39
2026-08-22 19:00:00,7.561,7.599,7.531,7.566,46905.7,26674.22
2026-08-22 20:00:00,7.565,7.599,7.544,7.57,96180.78,62109.16
2026-08-22 21:00:00,7.57,7.57,7.438,7.455,147978.74,47344.68
2026-08-22 22:00:00,7.455,7.528,7.413,7.485,88855.15,43341.48
2026-08-22 23:00:00,7.486,7.512,7.45,7.494,38502.74,14362.57
2026-08-23 00:00:00,7.493,7.584,7.466,7.571,117537.45,65342.06
2026-08-23 01:00:00,7.57,7.57,7.501,7.516,57072.91,31193.4
2026-08-23 02:00:00,7.516,7.521,7.424,7.46,100690.89,39866.68
2026-08-23 03:00:00,7.46,7.471,7.377,7.408,154619.52,45724.35
2026-08-23 04:00:00,7.408,7.444,7.308,7.331,200830.74,76459.36
2026-08-23 05:00:00,7.331,7.394,7.275,7.312,207865.28,68341.95
2026-08-23 06:00:00,7.313,7.383,7.299,7.341,106339.22,31986.25
2026-08-23 07:00:00,7.342,7.397,7.329,7.373,75467.61,43311.7
2026-08-23 08:00:00,7.372,7.437,7.369,7.406,72672.92,42579.4
2026-08-23 09:00:00,7.406,7.424,7.381,7.419,48909.82,30176.55
2026-08-23 10:00:00,7.418,7.476,7.416,7.437,95263.71,52257.72
2026-08-23 11:00:00,7.437,7.532,7.429,7.53,150381.63,86470.47
2026-08-23 12:00:00,7.529,7.556,7.484,7.543,86466.5,48775.84
2026-08-23 13:00:00,7.542,7.627,7.536,7.612,191230.01,107135.68
2026-08-23 14:00:00,7.612,7.66,7.432,7.563,304476.63,176998.84
2026-08-23 15:00:00,7.564,7.602,7.512,7.556,137434.05,73216.71
2026-08-23 16:00:00,7.557,7.594,7.531,7.579,80742.11,46130.27
2026-08-23 17:00:00,7.579,7.603,7.531,7.548,105670.88,59083.4
2026-08-23 18:00:00,7.548,7.591,7.543,7.588,59880.57,34727.22
2026-08-23 19:00:00,7.588,7.594,7.539,7.545,48563.7,25169
2026-08-23 20:00:00,7.545,7.577,7.514,7.577,54846.2,30630.1
2026-08-23 21:00:00,7.577,7.676,7.576,7.627,140197.59,82272.94
2026-08-23 22:00:00,7.627,7.657,7.584,7.625,57905.14,33237.35
2026-08-23 23:00:00,7.626,7.648,7.584,7.609,61684.07,33510.75
2026-08-24 00:00:00,7.608,7.609,7.466,7.57,135409.28,49546.42
2026-08-24 01:00:00,7.57,7.579,7.418,7.424,134307.39,33772.24
2026-08-24 02:00:00,7.423,7.538,7.395,7.503,79167.6,36254.62
2026-08-24 03:00:00,7.504,7.505,7.432,7.454,95895.49,42951.88
2026-08-24 04:00:00,7.454,7.515,7.452,7.509,141383.48,92868.22
2026-08-24 05:00:00,7.508,7.53,7.454,7.489,80928.49,51613.81
2026-08-24 06:00:00,7.488,7.516,7.435,7.48,101734.79,53142.28
2026-08-24 07:00:00,7.481,7.541,7.453,7.459,82256.43,39389.61
2026-08-24 08:00:00,7.46,7.476,7.409,7.445,134466.07,67976.33
2026-08-24 09:00:00,7.445,7.501,7.441,7.49,47454.26,27319.15
2026-08-24 10:00:00,7.49,7.525,7.449,7.463,79077.08,41487.91
2026-08-24 11:00:00,7.463,7.582,7.421,7.547,134340.08,72071.25
2026-08-24 12:00:00,7.546,7.62,7.463,7.595,206112.78,126504.02
2026-08-24 13:00:00,7.595,7.614,7.442,7.515,324628.24,153028.56
2026-08-24 14:00:00,7.514,7.603,7.496,7.567,143580.24,83052.23
2026-08-24 15:00:00,7.567,7.649,7.514,7.541,158158.6,88216.89
2026-08-24 16:00:00,7.541,7.646,7.531,7.558,181648.15,86393.73
2026-08-24 17:00:00,7.559,7.583,7.487,7.529,156591.2,53871.17
2026-08-24 18:00:00,7.53,7.575,7.509,7.523,67603.01,36347.67
2026-08-24 19:00:00,7.524,7.537,7.512,7.53,157667.36,59569.78
2026-08-24 20:00:00,7.531,7.567,7.52,7.554,75910.13,42739.66
2026-08-24 21:00:00,7.554,7.58,7.54,7.574,67092.58,40446.89
2026-08-24 22:00:00,7.574,7.588,7.516,7.52,56905.26,23747.67
2026-08-24 23:00:00,7.521,7.553,7.499,7.544,49265.24,22868.88
2026-08-25 00:00:00,7.544,7.64,7.511,7.623,93149.28,51036.21
2026-08-25 01:00:00,7.623,7.64,7.585,7.62,67212.37,44160.75
2026-08-25 02:00:00,7.621,7.734,7.587,7.685,150042.94,82897.45
2026-08-25 03:00:00,7.685,7.725,7.604,7.624,103590.04,40378.6
2026-08-25 04:00:00,7.624,7.67,7.612,7.65,50871.58,25732.31
2026-08-25 05:00:00,7.65,7.704,7.638,7.674,54005.39,27687.69
2026-08-25 06:00:00,7.674,7.679,7.574,7.587,97793.89,39149.57
2026-08-25 07:00:00,7.587,7.624,7.481,7.529,91833.52,35665.16
2026-08-25 08:00:00,7.53,7.581,7.524,7.534,136590.69,58932.4
2026-08-25 09:00:00,7.535,7.548,7.492,7.529,103457.87,34356.56
2026-08-25 10:00:00,7.528,7.539,7.512,7.53,90145,48421.22
2026-08-25 11:00:00,7.529,7.555,7.513,7.523,57374.79,27069.9
2026-08-25 12:00:00,7.523,7.54,7.493,7.527,122901.28,48351.39
2026-08-25 13:00:00,7.527,7.532,7.322,7.416,392911.54,119227.83
2026-08-25 14:00:00,7.416,7.516,7.398,7.496,170739.44,64954
2026-08-25 15:00:00,7.497,7.514,7.453,7.51,88718.85,49504.59
2026-08-25 16:00:00,7.509,7.537,7.459,7.467,74952.37,26358.69
2026-08-25 17:00:00,7.467,7.497,7.435,7.486,74033,26514.51
2026-08-25 18:00:00,7.487,7.522,7.479,7.498,27086.95,13146.3
2026-08-25 19:00:00,7.498,7.504,7.447,7.46,39299.96,14155.79
2026-08-25 20:00:00,7.461,7.462,7.345,7.35,179316.11,54338.58
2026-08-25 21:00:00,7.35,7.373,7.226,7.349,177785.69,61147.55
2026-08-25 22:00:00,7.35,7.394,7.348,7.392,31543.7,17825.44
2026-08-25 23:00:00,7.391,7.401,7.318,7.328,62963.07,18312.03
2026-08-26 00:00:00,7.328,7.365,7.296,7.36,50065.96,14697.94
2026-08-26 01:00:00,7.359,7.394,7.354,7.373,25829.63,14294.03
2026-08-26 02:00:00,7.374,7.419,7.356,7.395,16385.6,8697.21
2026-08-26 03:00:00,7.394,7.399,7.349,7.371,26625.23,7882.16
2026-08-26 04:00:00,7.37,7.382,7.334,7.338,33102.24,11677.29
2026-08-26 05:00:00,7.338,7.375,7.307,7.375,37817.71,15516.5
2026-08-26 06:00:00,7.375,7.404,7.367,7.396,50339.6,33037.84
2026-08-26 07:00:00,7.396,7.419,7.39,7.392,63155.36,38477.42
2026-08-26 08:00:00,7.391,7.412,7.354,7.369,32891.11,19341.53
2026-08-26 09:00:00,7.37,7.385,7.282,7.318,110581.3,21685.2
2026-08-26 10:00:00,7.317,7.415,7.305,7.403,59137.85,35414.68
2026-08-26 11:00:00,7.403,7.41,7.32,7.339,57805.77,24364.91
2026-08-26 12:00:00,7.339,7.392,7.279,7.352,83451.58,36828.15
2026-08-26 13:00:00,7.351,7.364,7.269,7.31,61329.32,23396.29
2026-08-26 14:00:00,7.309,7.335,7.183,7.205,148652.73,54852.02
2026-08-26 15:00:00,7.205,7.252,7.153,7.232,137697.32,73407.79
2026-08-26 16:00:00,7.231,7.257,7.192,7.212,45923.46,12610.56
2026-08-26 17:00:00,7.213,7.295,7.21,7.246,44804.14,31095.13
2026-08-26 18:00:00,7.247,7.262,7.236,7.25,25850.18,13382.11
2026-08-26 19:00:00,7.249,7.281,7.244,7.255,18464.53,9423.75
2026-08-26 20:00:00,7.254,7.273,7.205,7.273,22522,10461.24
2026-08-26 21:00:00,7.273,7.355,7.268,7.348,71802.98,47190.98
2026-08-26 22:00:00,7.347,7.4,7.342,7.369,130515.13,90352.13
2026-08-26 23:00:00,7.368,7.46,7.364,7.441,144605.82,100738.85
2026-08-27 00:00:00,7.442,7.444,7.365,7.365,42102.55,21692.24
2026-08-27 01:00:00,7.364,7.407,7.334,7.385,41915.37,25419.67
2026-08-27 02:00:00,7.385,7.402,7.34,7.349,23965.07,7047.69
2026-08-27 03:00:00,7.349,7.38,7.328,7.348,23557.99,11426
2026-08-27 04:00:00,7.348,7.379,7.318,7.339,34139.12,18102.24
2026-08-27 05:00:00,7.34,7.362,7.297,7.351,35914.98,18909.18
2026-08-27 06:00:00,7.352,7.376,7.32,7.37,41816.81,23024.43
2026-08-27 07:00:00,7.37,7.387,7.355,7.377,26212.38,12197.99
2026-08-27 08:00:00,7.378,7.478,7.373,7.472,209309.49,148522.56
2026-08-27 09:00:00,7.471,7.517,7.44,7.452,136558.92,75615.86
2026-08-27 10:00:00,7.452,7.472,7.353,7.419,90673.06,45225.83
2026-08-27 11:00:00,7.419,7.44,7.376,7.394,43550.49,19953.59
2026-08-27 12:00:00,7.393,7.431,7.383,7.399,48029.21,12923.69
2026-08-27 13:00:00,7.399,7.55,7.394,7.472,287706.21,148644.14
2026-08-27 14:00:00,7.471,7.545,7.456,7.509,76054.33,44953.58
2026-08-27 15:00:00,7.509,7.58,7.502,7.52,136355.57,75166.02
2026-08-27 16:00:00,7.521,7.556,7.502,7.528,70965.29,42527.52
2026-08-27 17:00:00,7.527,7.583,7.516,7.528,72836.52,38084.56
2026-08-27 18:00:00,7.528,7.534,7.459,7.515,217050.13,63237.69
2026-08-27 19:00:00,7.515,7.521,7.482,7.482,35787.92,17577.43
2026-08-27 20:00:00,7.484,7.532,7.472,7.525,70036.09,46583.38
2026-08-27 21:00:00,7.524,7.528,7.489,7.517,31913.44,15775.06
2026-08-27 22:00:00,7.516,7.544,7.511,7.52,72757,48756.96
2026-08-27 23:00:00,7.52,7.54,7.511,7.527,99668.24,52786.55
2026-08-28 00:00:00,7.528,7.538,7.513,7.52,98911.45,63914.04
2026-08-28 01:00:00,7.521,7.597,7.499,7.521,153455.95,84210.67
2026-08-28 02:00:00,7.522,7.523,7.407,7.44,258525.94,57648.04
2026-08-28 03:00:00,7.439,7.464,7.414,7.442,139403.16,27291.24
2026-08-28 04:00:00,7.441,7.46,7.409,7.436,73723.33,23363.47
2026-08-28 05:00:00,7.436,7.473,7.421,7.464,60920.87,26004.31
2026-08-28 06:00:00,7.464,7.503,7.464,7.486,31756.48,20445.64
2026-08-28 07:00:00,7.486,7.487,7.4,7.4,110658.06,32413.69
2026-08-28 08:00:00,7.401,7.439,7.371,7.397,69356.38,35822.94
2026-08-28 09:00:00,7.397,7.4,7.365,7.367,77515.88,24213.07
2026-08-28 10:00:00,7.368,7.42,7.323,7.42,77192.29,35924.01
2026-08-28 11:00:00,7.42,7.448,7.417,7.428,95971.84,35978.73
2026-08-28 12:00:00,7.427,7.432,7.388,7.404,21256.67,12046.62
2026-08-28 13:00:00,7.404,7.414,7.362,7.392,50277.41,28028.81
2026-08-28 14:00:00,7.393,7.475,7.279,7.437,249410.24,111456.3
2026-08-28 15:00:00,7.438,7.459,7.324,7.331,119138.28,44708.97
2026-08-28 16:00:00,7.331,7.34,7.205,7.299,261788.84,110203.5
2026-08-28 17:00:00,7.299,7.321,7.266,7.289,85574.26,40210.63
2026-08-28 18:00:00,7.289,7.291,7.205,7.249,164352.8,31533.13
2026-08-28 19:00:00,7.249,7.289,7.247,7.27,26809.9,13515.57
2026-08-28 20:00:00,7.269,7.288,7.261,7.275,22683.03,11543.45
2026-08-28 21:00:00,7.276,7.301,7.25,7.258,37284.4,19607.16
2026-08-28 22:00:00,7.259,7.311,7.252,7.306,34234.66,21000.29
2026-08-28 23:00:00,7.306,7.321,7.3,7.308,26706.41,18094.64
2026-08-29 00:00:00,7.308,7.329,7.293,7.299,77100.84,30689.8
2026-08-29 01:00:00,7.298,7.311,7.286,7.3,15370.19,8384.81
2026-08-29 02:00:00,7.301,7.307,7.257,7.282,56417.16,21748.79
2026-08-29 03:00:00,7.281,7.289,7.26,7.261,23860.24,7805.7
2026-08-29 04:00:00,7.261,7.307,7.259,7.299,17950.33,10773.98
2026-08-29 05:00:00,7.299,7.315,7.295,7.313,20902.9,12410.03
2026-08-29 06:00:00,7.314,7.316,7.263,7.28,29167.96,9511.71
2026-08-29 07:00:00,7.28,7.289,7.268,7.272,18320.94,7517.47
2026-08-29 08:00:00,7.271,7.271,7.226,7.243,33775.05,10152.07
2026-08-29 09:00:00,7.244,7.268,7.24,7.256,17352.02,9414.64
2026-08-29 10:00:00,7.255,7.285,7.242,7.262,24675.52,10048.02
2026-08-29 11:00:00,7.262,7.269,7.251,7.261,31506.2,13292.52
2026-08-29 12:00:00,7.261,7.289,7.259,7.283,10982.28,5158.97
2026-08-29 13:00:00,7.283,7.304,7.268,7.3,29542.43,16517.66
2026-08-29 14:00:00,7.3,7.367,7.295,7.358,76377.9,53316.84
2026-08-29 15:00:00,7.359,7.368,7.316,7.331,47056.2,22027.84
2026-08-29 16:00:00,7.333,7.344,7.302,7.32,28843.22,12149.94
2026-08-29 17:00:00,7.32,7.324,7.274,7.291,28703.11,10171.71
2026-08-29 18:00:00,7.292,7.332,7.288,7.318,28638.05,15743.45
2026-08-29 19:00:00,7.318,7.34,7.313,7.32,38645.12,27605.47
2026-08-29 20:00:00,7.32,7.335,7.317,7.325,13912.84,5838.72
2026-08-29 21:00:00,7.324,7.346,7.306,7.308,60102.31,42281
2026-08-29 22:00:00,7.308,7.328,7.305,7.325,14750.77,5800.33
2026-08-29 23:00:00,7.325,7.337,7.313,7.331,13661.92,6928.88
2026-08-30 00:00:00,7.331,7.348,7.315,7.316,25201.9,9973.14
2026-08-30 01:00:00,7.316,7.32,7.25,7.279,71659.51,29780.43
2026-08-30 02:00:00,7.278,7.294,7.268,7.286,17627.37,9029.75
2026-08-30 03:00:00,7.287,7.306,7.283,7.294,9460.61,5039.2
2026-08-30 04:00:00,7.294,7.304,7.267,7.288,12709.6,5500.69
2026-08-30 05:00:00,7.288,7.309,7.287,7.306,7232.57,3907.98
2026-08-30 06:00:00,7.306,7.347,7.303,7.347,18121.25,11252.25
2026-08-30 07:00:00,7.347,7.35,7.317,7.326,21579.3,8106.35
2026-08-30 08:00:00,7.326,7.344,7.31,7.325,35018.43,21683.82
2026-08-30 09:00:00,7.325,7.347,7.315,7.34,33679.98,17967.94
2026-08-30 10:00:00,7.339,7.386,7.33,7.38,54657.61,34581.77
2026-08-30 11:00:00,7.381,7.394,7.356,7.384,62532.62,46116.47
2026-08-30 12:00:00,7.385,7.412,7.376,7.398,62361.63,39914.36
2026-08-30 13:00:00,7.399,7.438,7.38,7.425,67134.71,43748.93
2026-08-30 14:00:00,7.424,7.432,7.404,7.422,63171.04,43798.48
2026-08-30 15:00:00,7.423,7.431,7.389,7.411,53755.24,24726
2026-08-30 16:00:00,7.411,7.471,7.406,7.447,73876.88,49747.85
2026-08-30 17:00:00,7.447,7.457,7.381,7.423,64644.12,34262.94
2026-08-30 18:00:00,7.423,7.46,7.399,7.445,42699.64,26574.06
2026-08-30 19:00:00,7.445,7.449,7.391,7.411,27467.44,12130.33
2026-08-30 20:00:00,7.412,7.434,7.331,7.366,97032.09,36346.72
2026-08-30 21:00:00,7.365,7.368,7.281,7.336,145582.29,55060.36
2026-08-30 22:00:00,7.337,7.367,7.27,7.315,123763.56,51167.12
2026-08-30 23:00:00,7.315,7.315,7.011,7.113,491070.05,163605.39
2026-08-31 00:00:00,7.114,7.182,7.081,7.152,108002.55,48533.61
2026-08-31 01:00:00,7.152,7.163,7.106,7.11,128465.47,34132.22
2026-08-31 02:00:00,7.11,7.173,7.081,7.098,87056.38,39204.18
2026-08-31 03:00:00,7.1,7.156,7.095,7.143,44433.59,25182.83
2026-08-31 04:00:00,7.144,7.154,7.125,7.149,27473.95,12036.83
2026-08-31 05:00:00,7.149,7.234,7.145,7.209,50098.37,29519.35
2026-08-31 06:00:00,7.208,7.236,7.2,7.222,34347.52,22631.93
2026-08-31 07:00:00,7.221,7.245,7.214,7.218,33543.51,20129.12
2026-08-31 08:00:00,7.218,7.244,7.186,7.217,46100.53,18662.48
2026-08-31 09:00:00,7.217,7.245,7.204,7.224,37346.42,17583.35
2026-08-31 10:00:00,7.224,7.248,7.192,7.237,43428.59,21650.35
2026-08-31 11:00:00,7.237,7.249,7.171,7.197,70862.04,20894.18
2026-08-31 12:00:00,7.197,7.236,7.153,7.177,78543.95,32501.96
2026-08-31 13:00:00,7.176,7.2,7.13,7.15,68138.36,30697.13
2026-08-31 14:00:00,7.151,7.237,7.143,7.23,71879.44,41847.55
2026-08-31 15:00:00,7.231,7.234,7.19,7.203,50892.83,26164.99
2026-08-31 16:00:00,7.204,7.229,7.176,7.201,34804.68,18083.06
2026-08-31 17:00:00,7.201,7.239,7.181,7.232,50669.69,25109.72
2026-08-31 18:00:00,7.233,7.265,7.219,7.232,43626.62,27753.81
2026-08-31 19:00:00,7.232,7.25,7.191,7.212,85723.67,41608.07
2026-08-31 20:00:00,7.212,7.24,7.207,7.22,28979.66,14427.61
2026-08-31 21:00:00,7.22,7.251,7.203,7.238,51310.35,24443.08
2026-08-31 22:00:00,7.239,7.248,7.214,7.226,26246.06,19437.87
2026-08-31 23:00:00,7.225,7.236,7.211,7.233,29143.8,16250.53
2026-09-01 00:00:00,7.233,7.286,7.225,7.275,73903.4,49475.19
2026-09-01 01:00:00,7.276,7.295,7.25,7.269,47527.79,27302.02
2026-09-01 02:00:00,7.268,7.27,7.234,7.259,25466.18,8079.26
2026-09-01 03:00:00,7.259,7.298,7.249,7.278,47513.69,34940.52
2026-09-01 04:00:00,7.278,7.29,7.261,7.265,33363.87,19124.49
2026-09-01 05:00:00,7.266,7.336,7.264,7.326,70865.24,42892.49
2026-09-01 06:00:00,7.326,7.326,7.278,7.301,38212.03,20287.15
2026-09-01 07:00:00,7.301,7.332,7.29,7.317,72941.46,54689.12
2026-09-01 08:00:00,7.317,7.322,7.202,7.214,120480.6,58825.62
2026-09-01 09:00:00,7.215,7.268,7.203,7.247,98772.68,65618.88
2026-09-01 10:00:00,7.246,7.287,7.212,7.281,66988.65,48405.12
2026-09-01 11:00:00,7.281,7.31,7.251,7.282,120967.08,39810.79
2026-09-01 12:00:00,7.282,7.298,7.247,7.269,103296.26,68016.43
2026-09-01 13:00:00,7.268,7.306,7.214,7.292,86392.96,49304.47
2026-09-01 14:00:00,7.292,7.372,7.282,7.333,192594.92,149268.55
2026-09-01 15:00:00,7.333,7.337,7.268,7.304,113468.48,65449.2
2026-09-01 16:00:00,7.305,7.311,7.211,7.266,192068.03,44043.85
2026-09-01 17:00:00,7.266,7.301,7.24,7.243,122793.85,76803.62
2026-09-01 18:00:00,7.243,7.256,7.143,7.225,188988.05,82300.41
2026-09-01 19:00:00,7.226,7.251,7.208,7.232,38829.71,20642.18
2026-09-01 20:00:00,7.233,7.246,7.204,7.233,59096.76,22855.66
2026-09-01 21:00:00,7.234,7.24,7.169,7.205,55001.23,23936.36
2026-09-01 22:00:00,7.206,7.217,7.176,7.188,64139.59,27606.92
2026-09-01 23:00:00,7.188,7.238,7.18,7.218,36953.87,19167.24
2026-09-02 00:00:00,7.219,7.236,7.178,7.183,47866.16,22849.46
2026-09-02 01:00:00,7.183,7.202,7.11,7.142,113592.98,33687.04
2026-09-02 02:00:00,7.142,7.188,7.132,7.186,56855.93,27593.33
2026-09-02 03:00:00,7.186,7.247,7.183,7.202,61071.55,44057.58
2026-09-02 04:00:00,7.203,7.236,7.184,7.232,41221.57,28401.1
2026-09-02 05:00:00,7.232,7.257,7.209,7.243,47122.64,32333.04
2026-09-02 06:00:00,7.242,7.246,7.201,7.226,37103.27,11756.12
2026-09-02 07:00:00,7.225,7.246,7.207,7.21,21598.16,11030.79
2026-09-02 08:00:00,7.21,7.223,7.13,7.145,72306.41,33204.69
2026-09-02 09:00:00,7.145,7.174,7.08,7.11,94782.98,43061.59
2026-09-02 10:00:00,7.111,7.125,7.041,7.085,139945.42,62530.31
2026-09-02 11:00:00,7.084,7.126,7.048,7.12,109553.69,41410.42
2026-09-02 12:00:00,7.119,7.145,7.093,7.097,63657.1,37040.69
2026-09-02 13:00:00,7.098,7.202,7.098,7.169,113918.29,58616.25
2026-09-02 14:00:00,7.17,7.193,7.135,7.136,81925.46,28136.37
2026-09-02 15:00:00,7.137,7.165,7.108,7.15,44875.83,24841.15
2026-09-02 16:00:00,7.149,7.177,7.137,7.144,39037.32,15783.78
2026-09-02 17:00:00,7.143,7.168,7.104,7.166,62302.63,29361.74
2026-09-02 18:00:00,7.167,7.185,7.155,7.174,54348.77,28499.12
2026-09-02 19:00:00,7.174,7.184,7.139,7.167,34816.6,20095.01
2026-09-02 20:00:00,7.168,7.199,7.164,7.182,64389.69,41128.6
2026-09-02 21:00:00,7.182,7.193,7.168,7.179,46622.38,19193.6
2026-09-02 22:00:00,7.179,7.181,7.137,7.148,41489.37,15126.25
2026-09-02 23:00:00,7.149,7.197,7.144,7.194,31191.62,23043.26
2026-09-03 00:00:00,7.194,7.196,7.156,7.16,32504.15,19567.64
2026-09-03 01:00:00,7.16,7.24,7.134,7.196,103551.35,76133.89
2026-09-03 02:00:00,7.195,7.282,7.191,7.269,165203.05,106366.22
2026-09-03 03:00:00,7.269,7.283,7.242,7.278,137950.33,92403.32
2026-09-03 04:00:00,7.279,7.297,7.247,7.296,94633.04,67501.36
2026-09-03 05:00:00,7.297,7.313,7.213,7.288,147919.49,89976.22
2026-09-03 06:00:00,7.288,7.294,7.271,7.279,80330.32,37772.72
2026-09-03 07:00:00,7.279,7.347,7.23,7.261,254407.24,102848.76
2026-09-03 08:00:00,7.262,7.302,7.262,7.279,75521.91,39640.06
2026-09-03 09:00:00,7.279,7.297,7.255,7.265,47854.05,24482.4
2026-09-03 10:00:00,7.264,7.275,7.232,7.274,42425.74,21287.21
2026-09-03 11:00:00,7.273,7.301,7.262,7.282,79282.96,50482.59
2026-09-03 12:00:00,7.282,7.328,7.276,7.315,116887.44,55327.76
2026-09-03 13:00:00,7.314,7.328,7.275,7.31,109070.05,40448.19
2026-09-03 14:00:00,7.309,7.46,7.294,7.458,268841.42,176354.29
2026-09-03 15:00:00,7.458,7.522,7.406,7.512,304671.41,190008.96
2026-09-03 16:00:00,7.512,7.547,7.469,7.518,218059.51,140217.36
2026-09-03 17:00:00,7.518,7.536,7.492,7.507,116269.44,63733.01
2026-09-03 18:00:00,7.507,7.547,7.505,7.533,95755.28,57637.33
2026-09-03 19:00:00,7.533,7.565,7.507,7.537,110220.94,51817.26
2026-09-03 20:00:00,7.538,7.546,7.507,7.528,75155.57,37488.69
2026-09-03 21:00:00,7.528,7.578,7.513,7.549,89453.44,54037.48
2026-09-03 22:00:00,7.549,7.552,7.474,7.503,99163.91,41987.36
2026-09-03 23:00:00,7.503,7.531,7.492,7.519,66203.42,35673.28
2026-09-04 00:00:00,7.518,7.525,7.485,7.493,87123.5,23139.52
2026-09-04 01:00:00,7.494,7.51,7.477,7.498,144220.08,58395.45
2026-09-04 02:00:00,7.498,7.517,7.487,7.517,71355.11,41703.22
2026-09-04 03:00:00,7.517,7.53,7.491,7.498,44377.24,26541.33
2026-09-04 04:00:00,7.498,7.523,7.491,7.496,72071.89,39963.09
2026-09-04 05:00:00,7.495,7.509,7.432,7.463,192422.49,50394.87
2026-09-04 06:00:00,7.462,7.483,7.449,7.474,90389.59,21383.56
2026-09-04 07:00:00,7.475,7.505,7.472,7.477,41859.31,20913.49
2026-09-04 08:00:00,7.478,7.531,7.47,7.525,121478.84,80473.31
2026-09-04 09:00:00,7.525,7.537,7.491,7.495,124125.28,80986.42
2026-09-04 10:00:00,7.495,7.508,7.475,7.505,97026.06,20636.89
2026-09-04 11:00:00,7.505,7.507,7.493,7.495,57676.71,38081.59
2026-09-04 12:00:00,7.495,7.508,7.269,7.362,550650.68,203711.15
2026-09-04 13:00:00,7.362,7.405,7.345,7.38,217968.86,102888.3
2026-09-04 14:00:00,7.379,7.39,7.297,7.336,157395.64,34149.43
2026-09-04 15:00:00,7.336,7.377,7.326,7.366,55440.36,27989.28
2026-09-04 16:00:00,7.365,7.4,7.356,7.382,41062.89,19753.26
2026-09-04 17:00:00,7.382,7.382,7.329,7.339,52599.85,16297.58
2026-09-04 18:00:00,7.339,7.371,7.337,7.366,45128.46,16124.61
2026-09-04 19:00:00,7.367,7.396,7.367,7.392,40881.36,26644.25
2026-09-04 20:00:00,7.392,7.401,7.372,7.385,37519.65,19050.78
2026-09-04 21:00:00,7.385,7.389,7.347,7.352,30285.39,13160.97
2026-09-04 22:00:00,7.353,7.359,7.341,7.345,22018.73,11159.19
2026-09-04 23:00:00,7.345,7.389,7.342,7.386,37684.32,28271.47
2026-09-05 00:00:00,7.386,7.406,7.378,7.385,41640.87,31660.31
2026-09-05 01:00:00,7.386,7.404,7.384,7.387,31054.38,17711.96
2026-09-05 02:00:00,7.387,7.403,7.378,7.391,44424.39,28446.59
2026-09-05 03:00:00,7.392,7.411,7.386,7.402,96180.83,52628.58
2026-09-05 04:00:00,7.402,7.413,7.377,7.407,126603.59,55573.85
2026-09-05 05:00:00,7.407,7.423,7.387,7.418,57000.97,32266.49
2026-09-05 06:00:00,7.419,7.464,7.419,7.458,144338.78,101898.16
2026-09-05 07:00:00,7.457,7.532,7.455,7.491,181773.71,122645.21
2026-09-05 08:00:00,7.492,7.499,7.462,7.495,86189.13,47667.79
2026-09-05 09:00:00,7.496,7.51,7.489,7.505,67448.41,45080.62
2026-09-05 10:00:00,7.505,7.514,7.491,7.499,122308.09,79714.14
2026-09-05 11:00:00,7.499,7.508,7.478,7.494,99116.46,63642.93
2026-09-05 12:00:00,7.494,7.559,7.494,7.544,226607.78,168041.07
2026-09-05 13:00:00,7.544,7.556,7.513,7.533,144532.28,93241.72
2026-09-05 14:00:00,7.533,7.588,7.533,7.556,127188.99,88340.23
2026-09-05 15:00:00,7.556,7.561,7.527,7.544,80634.32,46351.55
2026-09-05 16:00:00,7.544,7.576,7.529,7.567,89287.41,54915.91
2026-09-05 17:00:00,7.566,7.65,7.562,7.622,132600.4,94116.99
2026-09-05 18:00:00,7.621,7.637,7.602,7.605,120422.54,77321.49
2026-09-05 19:00:00,7.604,7.64,7.589,7.596,109344.53,61695.02
2026-09-05 20:00:00,7.597,7.613,7.574,7.584,64163.21,31716.73
2026-09-05 21:00:00,7.584,7.631,7.567,7.621,43715.55,31783.71
2026-09-05 22:00:00,7.621,7.631,7.59,7.603,75230.62,39377.67
2026-09-05 23:00:00,7.602,7.604,7.572,7.593,47138.34,21563.01
2026-09-06 00:00:00,7.592,7.629,7.584,7.623,50189.39,29302.2
2026-09-06 01:00:00,7.623,7.724,7.615,7.695,197507.88,142317.05
2026-09-06 02:00:00,7.696,7.704,7.661,7.68,99265.58,52814.68
2026-09-06 03:00:00,7.679,7.741,7.656,7.711,97201.9,63212.15
2026-09-06 04:00:00,7.712,7.721,7.634,7.645,84089.98,30302.29
2026-09-06 05:00:00,7.645,7.708,7.638,7.69,60929.15,32799.87
2026-09-06 06:00:00,7.69,7.69,7.651,7.659,45209.1,21278.24
2026-09-06 07:00:00,7.659,7.674,7.603,7.652,65817.64,31993.72
2026-09-06 08:00:00,7.651,7.675,7.622,7.632,51910.99,29522.16
2026-09-06 09:00:00,7.633,7.677,7.624,7.658,56194.88,34498.29
2026-09-06 10:00:00,7.658,7.694,7.649,7.688,40322.4,25323.93
2026-09-06 11:00:00,7.687,7.698,7.674,7.69,63866.11,35533.02
2026-09-06 12:00:00,7.691,7.713,7.674,7.697,91764.39,60974.87
2026-09-06 13:00:00,7.697,7.707,7.64,7.683,67577.85,35397.3
2026-09-06 14:00:00,7.683,7.684,7.532,7.602,177791.5,68084.45
2026-09-06 15:00:00,7.603,7.633,7.56,7.629,106818.85,60060.03
2026-09-06 16:00:00,7.629,7.66,7.613,7.641,109069.77,61362.92
2026-09-06 17:00:00,7.642,7.648,7.614,7.622,46588.31,17904.62
2026-09-06 18:00:00,7.623,7.648,7.619,7.628,62994.95,31478.04
2026-09-06 19:00:00,7.628,7.664,7.621,7.657,87652.62,32088.66
2026-09-06 20:00:00,7.658,7.847,7.652,7.803,299986.7,224663.81
2026-09-06 21:00:00,7.804,7.872,7.775,7.788,219919.96,146411.44
2026-09-06 22:00:00,7.789,7.846,7.722,7.816,136084.3,75081.14
2026-09-06 23:00:00,7.815,7.936,7.815,7.908,169043.71,115854.84
2026-09-07 00:00:00,7.907,7.962,7.881,7.903,199877.85,110407.7
2026-09-07 01:00:00,7.903,7.929,7.791,7.826,141918.59,59790.05
2026-09-07 02:00:00,7.825,7.956,7.794,7.864,140166.49,84886.88
2026-09-07 03:00:00,7.864,7.878,7.76,7.77,113988.01,36906.27
2026-09-07 04:00:00,7.771,7.823,7.771,7.817,66351.34,37473.83
2026-09-07 05:00:00,7.817,7.975,7.814,7.888,186841.44,130480.18
2026-09-07 06:00:00,7.887,7.934,7.842,7.857,112612.24,53342.39
2026-09-07 07:00:00,7.857,7.881,7.731,7.785,184646.01,87360.93
2026-09-07 08:00:00,7.784,7.907,7.781,7.888,117417,76810.43
2026-09-07 09:00:00,7.888,7.972,7.879,7.888,173282.24,92787.46
2026-09-07 10:00:00,7.889,7.911,7.839,7.853,90074.41,53560.67
2026-09-07 11:00:00,7.852,7.869,7.83,7.864,162632.4,56826.45
2026-09-07 12:00:00,7.864,8.077,7.861,8.043,285759.52,194577.93
2026-09-07 13:00:00,8.043,8.127,8.028,8.068,384638.03,220277.89
2026-09-07 14:00:00,8.067,8.098,8.026,8.062,377666.76,206258.69
2026-09-07 15:00:00,8.061,8.092,7.966,8.092,348685.32,139740.97
2026-09-07 16:00:00,8.093,8.094,8.049,8.066,289001.12,172822.22
2026-09-07 17:00:00,8.066,8.2,8.051,8.116,285808.82,172998.56
2026-09-07 18:00:00,8.116,8.137,8.028,8.11,201185.1,103564.63
2026-09-07 19:00:00,8.11,8.155,8.079,8.106,186916.44,103751.74
2026-09-07 20:00:00,8.105,8.144,8.047,8.113,178316.48,92406.29
2026-09-07 21:00:00,8.114,8.184,8.105,8.107,220861.09,124156.06
2026-09-07 22:00:00,8.107,8.108,8.032,8.061,219080.47,64928.49
2026-09-07 23:00:00,8.061,8.101,8.057,8.078,130307.65,88802.21
2026-09-08 00:00:00,8.078,8.119,8.057,8.118,133185.24,78379.78
2026-09-08 01:00:00,8.118,8.19,8.102,8.138,178900.28,115954.93
2026-09-08 02:00:00,8.139,8.139,8.024,8.035,248495.1,141790.47
2026-09-08 03:00:00,8.035,8.084,8.033,8.051,167718.85,80436.86
2026-09-08 04:00:00,8.05,8.07,8.045,8.051,107143.03,63146.24
2026-09-08 05:00:00,8.051,8.082,8.041,8.065,169685.39,109727.68
2026-09-08 06:00:00,8.064,8.07,8.007,8.047,171977.21,92489.62
2026-09-08 07:00:00,8.048,8.078,8.04,8.062,122684.67,67750.95
2026-09-08 08:00:00,8.062,8.072,8.037,8.048,137149.67,79865.9
2026-09-08 09:00:00,8.049,8.119,8.043,8.115,191309.89,88095.64
2026-09-08 10:00:00,8.116,8.199,8.062,8.069,270705.28,155333.2
2026-09-08 11:00:00,8.069,8.074,8.023,8.047,224444.13,142592.23
2026-09-08 12:00:00,8.047,8.051,8.022,8.041,128257.43,54370.19
2026-09-08 13:00:00,8.042,8.049,7.83,7.915,411950.86,202910.52
2026-09-08 14:00:00,7.915,7.997,7.903,7.986,132636.02,67963.72
2026-09-08 15:00:00,7.986,8.11,7.983,8.052,271623.76,161802.38
2026-09-08 16:00:00,8.053,8.069,8.02,8.039,254456.65,173589.79
2026-09-08 17:00:00,8.039,8.043,7.994,8.009,113494.35,72922.71
2026-09-08 18:00:00,8.008,8.046,7.962,7.982,166354.69,103840.31
2026-09-08 19:00:00,7.982,8.013,7.963,7.976,87675.92,50020.64
2026-09-08 20:00:00,7.975,8.039,7.97,7.99,79995.8,42685.43
2026-09-08 21:00:00,7.991,8.015,7.934,7.955,117183.28,57671.18
2026-09-08 22:00:00,7.955,7.996,7.95,7.996,50281.28,26548.44
2026-09-08 23:00:00,7.997,8.016,7.981,8.008,43892.61,18936.18
2026-09-09 00:00:00,8.008,8.072,7.976,7.996,125733.18,86685.34
2026-09-09 01:00:00,7.997,8.01,7.952,7.973,65112.73,39037.88
2026-09-09 02:00:00,7.974,7.994,7.936,7.978,84375.17,47371.8
2026-09-09 03:00:00,7.978,7.978,7.924,7.953,82837.42,32627.98
2026-09-09 04:00:00,7.952,8.052,7.951,8.037,104393.68,62952.88
2026-09-09 05:00:00,8.037,8.046,7.96,7.984,118537.39,48582.17
2026-09-09 06:00:00,7.984,8.046,7.973,8.024,75433.79,39534.63
2026-09-09 07:00:00,8.024,8.051,8.018,8.033,190278.67,107613.37
2026-09-09 08:00:00,8.034,8.05,8.024,8.033,112665.86,56652.02
2026-09-09 09:00:00,8.032,8.032,7.895,7.901,155156.18,87024.87
2026-09-09 10:00:00,7.901,7.946,7.9,7.945,94840.35,46240.31
2026-09-09 11:00:00,7.945,7.984,7.9,7.973,76106.19,37306.73
2026-09-09 12:00:00,7.974,8.001,7.953,7.981,75119.33,33647.57
2026-09-09 13:00:00,7.982,8.019,7.94,7.949,102691.23,51465.81
2026-09-09 14:00:00,7.948,7.973,7.924,7.952,145089.68,79602.93
2026-09-09 15:00:00,7.952,7.982,7.811,7.895,316085.09,169677.98
2026-09-09 16:00:00,7.895,7.96,7.89,7.946,123793.56,49556.79
2026-09-09 17:00:00,7.946,7.965,7.924,7.934,107997.31,73312.83
2026-09-09 18:00:00,7.934,7.958,7.927,7.93,118483.23,69632.21
2026-09-09 19:00:00,7.931,7.944,7.843,7.857,113276.63,59737.02
2026-09-09 20:00:00,7.857,7.894,7.821,7.884,79825.32,37084.2
2026-09-09 21:00:00,7.884,7.886,7.785,7.819,90554.13,52006.58
2026-09-09 22:00:00,7.819,7.826,7.685,7.696,200941.01,101613.52
2026-09-09 23:00:00,7.696,7.801,7.694,7.798,69791.97,45892.62
2026-09-10 00:00:00,7.798,7.811,7.75,7.763,69828.1,29016.01
2026-09-10 01:00:00,7.763,7.821,7.707,7.744,105780.59,63479.54
2026-09-10 02:00:00,7.744,7.809,7.731,7.808,55269.89,23678.15
2026-09-10 03:00:00,7.809,7.836,7.79,7.805,105810.44,29687.27
2026-09-10 04:00:00,7.805,7.851,7.803,7.838,61897.26,24529.82
2026-09-10 05:00:00,7.839,7.868,7.806,7.863,69541.01,31393.3
2026-09-10 06:00:00,7.864,7.864,7.799,7.847,44728.82,15090.33
2026-09-10 07:00:00,7.847,7.847,7.725,7.748,120143.04,57274.77
2026-09-10 08:00:00,7.748,7.781,7.741,7.765,62699.78,27726.75
2026-09-10 09:00:00,7.764,7.784,7.72,7.737,49670.14,23423.07
2026-09-10 10:00:00,7.737,7.757,7.712,7.717,53399.45,29876.61
2026-09-10 11:00:00,7.716,7.766,7.692,7.728,56992.37,28149.5
2026-09-10 12:00:00,7.727,7.756,7.543,7.583,317569.81,140142.28
2026-09-10 13:00:00,7.583,7.638,7.558,7.625,139212.09,82889.58
2026-09-10 14:00:00,7.626,7.641,7.561,7.602,86692.47,43383.95
2026-09-10 15:00:00,7.602,7.614,7.565,7.598,65806.9,33154.38
2026-09-10 16:00:00,7.598,7.602,7.518,7.589,140030.08,88797.92
2026-09-10 17:00:00,7.589,7.664,7.581,7.62,89243.77,42979.74
2026-09-10 18:00:00,7.62,7.623,7.546,7.621,49172.13,28597.24
2026-09-10 19:00:00,7.622,7.627,7.587,7.589,48926.88,24283.31
2026-09-10 20:00:00,7.59,7.626,7.587,7.601,23516.46,13225.57
2026-09-10 21:00:00,7.601,7.616,7.567,7.571,34629.55,17793
2026-09-10 22:00:00,7.572,7.588,7.51,7.517,58449.58,24774.05
2026-09-10 23:00:00,7.517,7.521,7.419,7.425,174754.98,95250.04
2026-09-11 00:00:00,7.425,7.486,7.414,7.478,70639.69,30220.4
2026-09-11 01:00:00,7.478,7.493,7.435,7.48,89926.64,51721.65
2026-09-11 02:00:00,7.48,7.483,7.439,7.46,29262.29,18154.65
2026-09-11 03:00:00,7.461,7.473,7.434,7.464,46420.49,23345.59
2026-09-11 04:00:00,7.464,7.523,7.461,7.508,56775.16,28882.83
2026-09-11 05:00:00,7.508,7.529,7.504,7.527,70547.27,36736.02
2026-09-11 06:00:00,7.528,7.54,7.512,7.525,38153.56,16616.47
2026-09-11 07:00:00,7.524,7.547,7.476,7.483,83096.46,39335.2
2026-09-11 08:00:00,7.483,7.532,7.472,7.503,61105.49,25251.74
2026-09-11 09:00:00,7.503,7.505,7.373,7.405,189022.57,81863.11
2026-09-11 10:00:00,7.405,7.43,7.36,7.361,170527.82,73909.77
2026-09-11 11:00:00,7.36,7.369,7.3,7.359,224203.19,106486.87
2026-09-11 12:00:00,7.358,7.646,7.276,7.581,730558.75,318311.96
2026-09-11 13:00:00,7.582,7.783,7.473,7.773,586768.91,284346.46
2026-09-11 14:00:00,7.772,7.839,7.65,7.72,341827.82,181215.32
2026-09-11 15:00:00,7.72,7.726,7.531,7.577,224780.24,121388.28
2026-09-11 16:00:00,7.577,7.64,7.52,7.599,202952.55,115213.27
2026-09-11 17:00:00,7.599,7.608,7.531,7.542,86642,58990.81
2026-09-11 18:00:00,7.541,7.546,7.412,7.431,183108.89,94703.64
2026-09-11 19:00:00,7.431,7.474,7.394,7.469,92632.74,48541.32
2026-09-11 20:00:00,7.47,7.496,7.431,7.454,79723.84,43506.39
2026-09-11 21:00:00,7.454,7.495,7.421,7.427,32149.25,14378.06
2026-09-11 22:00:00,7.427,7.459,7.395,7.415,88084.25,48640.06
2026-09-11 23:00:00,7.414,7.463,7.411,7.463,33508.98,12314.39
2026-09-12 00:00:00,7.464,7.474,7.443,7.464,40707,14744.07
2026-09-12 01:00:00,7.464,7.493,7.454,7.46,42855.25,26759.29
2026-09-12 02:00:00,7.46,7.477,7.443,7.459,61914.47,31496.85
2026-09-12 03:00:00,7.458,7.47,7.436,7.455,33826.8,14797.65
2026-09-12 04:00:00,7.456,7.471,7.44,7.45,55671.3,31394.22
2026-09-12 05:00:00,7.45,7.477,7.439,7.441,47913.9,25820.42
2026-09-12 06:00:00,7.441,7.459,7.416,7.435,42789.44,21655.74
2026-09-12 07:00:00,7.435,7.464,7.429,7.456,25603.77,14977.97
2026-09-12 08:00:00,7.456,7.468,7.434,7.439,38093.39,18683.28
2026-09-12 09:00:00,7.44,7.461,7.437,7.45,56152.86,30437.19
2026-09-12 10:00:00,7.45,7.458,7.43,7.442,29746.3,12113.51
2026-09-12 11:00:00,7.442,7.454,7.428,7.446,22933.57,8988.65
2026-09-12 12:00:00,7.446,7.459,7.43,7.438,41550.46,20257.15
2026-09-12 13:00:00,7.439,7.444,7.413,7.435,83688.58,40099.66
2026-09-12 14:00:00,7.434,7.439,7.415,7.426,23941.11,11309.02
2026-09-12 15:00:00,7.427,7.448,7.426,7.433,85532.55,40675.84
2026-09-12 16:00:00,7.433,7.433,7.397,7.4,66837.65,23694.88
2026-09-12 17:00:00,7.4,7.419,7.392,7.402,46476.72,23702.74
2026-09-12 18:00:00,7.402,7.404,7.372,7.379,61283.03,26971.11
2026-09-12 19:00:00,7.378,7.394,7.361,7.366,54081.4,22912.07
2026-09-12 20:00:00,7.367,7.402,7.366,7.385,40126.09,19781.45
2026-09-12 21:00:00,7.385,7.417,7.379,7.396,44575.38,16690.75
2026-09-12 22:00:00,7.395,7.416,7.368,7.377,86272.85,39102.98
2026-09-12 23:00:00,7.377,7.41,7.376,7.401,20612.67,11869.59
2026-09-13 00:00:00,7.399,7.402,7.382,7.396,22157.09,10725.35
2026-09-13 01:00:00,7.396,7.404,7.376,7.399,49244.48,22540.82
2026-09-13 02:00:00,7.399,7.426,7.391,7.404,44285.17,23039.1
2026-09-13 03:00:00,7.404,7.428,7.402,7.407,51658.16,21665.91
2026-09-13 04:00:00,7.408,7.408,7.391,7.399,31840.38,13726.96
2026-09-13 05:00:00,7.399,7.458,7.398,7.445,36244.21,15767.5
2026-09-13 06:00:00,7.445,7.462,7.383,7.401,39427.6,21109.12
2026-09-13 07:00:00,7.401,7.411,7.362,7.364,76219.2,39303.39
2026-09-13 08:00:00,7.364,7.375,7.292,7.301,100296.88,50001.92
2026-09-13 09:00:00,7.302,7.343,7.279,7.337,68089.23,31836.59
2026-09-13 10:00:00,7.336,7.341,7.291,7.303,28745.13,13397.82
2026-09-13 11:00:00,7.304,7.332,7.298,7.327,43023.98,19982.56
2026-09-13 12:00:00,7.326,7.332,7.303,7.31,35570.92,22060.86
2026-09-13 13:00:00,7.311,7.377,7.297,7.374,57690.49,24633.64
2026-09-13 14:00:00,7.374,7.425,7.366,7.406,80046.01,34928.43
2026-09-13 15:00:00,7.407,7.408,7.359,7.362,27974.73,14943.83
2026-09-13 16:00:00,7.362,7.396,7.359,7.394,28771.29,15461.31
2026-09-13 17:00:00,7.395,7.437,7.392,7.424,73589.4,43115.1
2026-09-13 18:00:00,7.424,7.439,7.416,7.429,25929.17,11598.01
2026-09-13 19:00:00,7.43,7.447,7.394,7.413,31628.11,10594.31
2026-09-13 20:00:00,7.414,7.453,7.414,7.447,49020.5,25198.03
2026-09-13 21:00:00,7.448,7.45,7.426,7.439,27678.43,10503.29
2026-09-13 22:00:00,7.439,7.439,7.282,7.288,169505.06,69577.7
2026-09-13 23:00:00,7.29,7.324,7.284,7.29,53579.56,23780.91
2026-09-14 00:00:00,7.291,7.353,7.257,7.322,81934.31,36848.06
2026-09-14 01:00:00,7.322,7.379,7.299,7.367,47485.46,22934.64
2026-09-14 02:00:00,7.367,7.439,7.356,7.411,55725.19,25652.18
2026-09-14 03:00:00,7.413,7.441,7.392,7.403,42530.61,18668.95
2026-09-14 04:00:00,7.404,7.424,7.389,7.417,24415.78,9492.21
2026-09-14 05:00:00,7.417,7.422,7.399,7.42,35562.54,11991.72
2026-09-14 06:00:00,7.42,7.449,7.392,7.408,42031.55,22520.91
2026-09-14 07:00:00,7.409,7.432,7.399,7.423,28715.81,17478.4
2026-09-14 08:00:00,7.423,7.425,7.376,7.386,72058.71,38611.66
2026-09-14 09:00:00,7.386,7.435,7.341,7.398,88374.28,50361.94
2026-09-14 10:00:00,7.398,7.407,7.38,7.385,45458.09,23549.8
2026-09-14 11:00:00,7.385,7.467,7.351,7.461,139892.42,63251.72
2026-09-14 12:00:00,7.462,7.543,7.448,7.456,225067.49,101462.44
2026-09-14 13:00:00,7.455,7.512,7.407,7.461,95009.47,45526.81
2026-09-14 14:00:00,7.461,7.508,7.437,7.448,79587.96,40781.78
2026-09-14 15:00:00,7.449,7.49,7.422,7.462,80404.12,43972.66
2026-09-14 16:00:00,7.462,7.578,7.453,7.55,109965.33,52975.02
2026-09-14 17:00:00,7.551,7.619,7.546,7.611,147914.78,66259.05
2026-09-14 18:00:00,7.611,7.626,7.57,7.609,110494.84,46833.23
2026-09-14 19:00:00,7.609,7.635,7.584,7.602,109667.4,44312.69
2026-09-14 20:00:00,7.603,7.803,7.6,7.725,335468.03,167162.56
2026-09-14 21:00:00,7.725,7.728,7.621,7.631,132705.27,51155.74
2026-09-14 22:00:00,7.631,7.677,7.608,7.618,77290.48,33643.72
2026-09-14 23:00:00,7.618,7.627,7.558,7.563,99821.69,43594.23
2026-09-15 00:00:00,7.563,7.616,7.563,7.576,92079,42532.75
2026-09-15 01:00:00,7.577,7.577,7.532,7.55,70429.41,27470.65
2026-09-15 02:00:00,7.551,7.58,7.542,7.574,53721.83,25854.81
2026-09-15 03:00:00,7.574,7.574,7.504,7.543,83558.4,42662.73
2026-09-15 04:00:00,7.544,7.556,7.498,7.525,47518.89,17322.71
2026-09-15 05:00:00,7.525,7.541,7.47,7.522,47695.83,15572.57
2026-09-15 06:00:00,7.522,7.533,7.463,7.475,62988.3,21287.76
2026-09-15 07:00:00,7.474,7.511,7.461,7.465,56720.72,28603.71
2026-09-15 08:00:00,7.465,7.522,7.441,7.522,56653.99,22488.26
2026-09-15 09:00:00,7.524,7.535,7.495,7.524,54145.34,21662.27
2026-09-15 10:00:00,7.524,7.539,7.514,7.523,52223.65,25988.34
2026-09-15 11:00:00,7.522,7.534,7.457,7.475,78118.28,28900.15
2026-09-15 12:00:00,7.474,7.573,7.471,7.552,111018.83,64839.73
2026-09-15 13:00:00,7.554,7.616,7.475,7.541,173719.03,75264.34
2026-09-15 14:00:00,7.542,7.556,7.333,7.405,209027.7,79939.65
2026-09-15 15:00:00,7.405,7.476,7.384,7.431,113273.21,68598.61
2026-09-15 16:00:00,7.432,7.471,7.39,7.44,65376.46,31588.56
2026-09-15 17:00:00,7.44,7.537,7.406,7.508,179384.85,88530.65
2026-09-15 18:00:00,7.507,7.538,7.189,7.355,478669.28,210090.53
2026-09-15 19:00:00,7.355,7.385,7.314,7.351,169574.67,76682.12
2026-09-15 20:00:00,7.351,7.368,7.256,7.315,140203.66,70759.89
2026-09-15 21:00:00,7.314,7.336,7.227,7.234,136736.46,86902.27
2026-09-15 22:00:00,7.235,7.297,7.215,7.279,80650.79,39976.98
2026-09-15 23:00:00,7.279,7.314,7.267,7.27,72048.58,32735.87
2026-09-16 00:00:00,7.271,7.287,7.235,7.245,103603.59,47783.28
2026-09-16 01:00:00,7.245,7.278,7.197,7.202,109174.71,54572.84
2026-09-16 02:00:00,7.202,7.301,7.197,7.269,59737.27,33882.4
2026-09-16 03:00:00,7.27,7.308,7.261,7.288,53522.93,23263.45
2026-09-16 04:00:00,7.288,7.343,7.287,7.324,73885.45,34553.82
2026-09-16 05:00:00,7.324,7.346,7.299,7.333,74206.95,24103.48
2026-09-16 06:00:00,7.333,7.347,7.291,7.328,50442.7,19365.32
2026-09-16 07:00:00,7.328,7.348,7.237,7.244,65951.82,30465.87
2026-09-16 08:00:00,7.243,7.245,7.189,7.219,142273.47,83761.24
2026-09-16 09:00:00,7.219,7.288,7.217,7.28,144275.8,93469.18
2026-09-16 10:00:00,7.28,7.284,7.253,7.263,39336.56,17689.28
2026-09-16 11:00:00,7.263,7.335,7.255,7.32,39474.23,18249.39
2026-09-16 12:00:00,7.32,7.33,7.265,7.284,53343.4,22242.66
2026-09-16 13:00:00,7.283,7.299,7.236,7.254,91621.47,43316.97
2026-09-16 14:00:00,7.254,7.273,7.226,7.246,179426.39,65786.64
2026-09-16 15:00:00,7.247,7.274,7.216,7.229,63176.41,31485.64
2026-09-16 16:00:00,7.229,7.259,7.218,7.253,45103.35,24121.29
2026-09-16 17:00:00,7.252,7.267,7.169,7.238,104292.95,39941.72
2026-09-16 18:00:00,7.238,7.357,7.197,7.273,361681.71,181488.26
2026-09-16 19:00:00,7.273,7.362,7.244,7.34,146507.37,62488.1
2026-09-16 20:00:00,7.341,7.384,7.311,7.38,162508.93,62431.48
2026-09-16 21:00:00,7.38,7.409,7.358,7.383,94667.53,33301.43
2026-09-16 22:00:00,7.383,7.389,7.335,7.344,63136.47,25745.04
2026-09-16 23:00:00,7.344,7.49,7.33,7.477,268224.78,118538.2
2026-09-17 00:00:00,7.478,7.564,7.477,7.506,182859.36,106451.91
2026-09-17 01:00:00,7.506,7.558,7.486,7.53,132788.35,57288.2
2026-09-17 02:00:00,7.531,7.552,7.469,7.528,130426.58,50998.52
2026-09-17 03:00:00,7.528,7.573,7.524,7.554,86315.96,36178.2
2026-09-17 04:00:00,7.554,7.564,7.511,7.548,63007.26,25246.83
2026-09-17 05:00:00,7.547,7.553,7.505,7.507,44418.29,18102.73
2026-09-17 06:00:00,7.506,7.534,7.504,7.523,28274.38,11692.68
2026-09-17 07:00:00,7.523,7.566,7.519,7.54,93345.43,46334.98
2026-09-17 08:00:00,7.54,7.6,7.54,7.587,124594.75,68060.24
2026-09-17 09:00:00,7.586,7.613,7.523,7.524,133967.17,64409.5
2026-09-17 10:00:00,7.524,7.552,7.473,7.543,123920.59,50642.95
2026-09-17 11:00:00,7.543,7.568,7.518,7.562,92111.23,40756.29
2026-09-17 12:00:00,7.563,7.638,7.561,7.611,200570.74,91885.76
2026-09-17 13:00:00,7.611,7.626,7.545,7.599,101591.66,37374.35
2026-09-17 14:00:00,7.6,7.652,7.566,7.574,140019.49,57662.47
2026-09-17 15:00:00,7.575,7.61,7.528,7.604,81273.62,38137.39
2026-09-17 16:00:00,7.604,7.633,7.578,7.629,96373.69,50488.64
2026-09-17 17:00:00,7.629,7.65,7.608,7.611,220577.41,98832.85
2026-09-17 18:00:00,7.611,7.621,7.574,7.596,103409.36,46038.97
2026-09-17 19:00:00,7.595,7.608,7.573,7.588,67846.18,24131.31
2026-09-17 20:00:00,7.588,7.627,7.579,7.62,48560.45,21944.51
2026-09-17 21:00:00,7.621,7.631,7.586,7.589,36896.93,23082.5
2026-09-17 22:00:00,7.588,7.599,7.548,7.599,87026.04,47390.9
2026-09-17 23:00:00,7.6,7.625,7.583,7.611,66541.59,30931.27
2026-09-18 00:00:00,7.611,7.66,7.588,7.647,97406.29,48000.15
2026-09-18 01:00:00,7.647,7.713,7.631,7.706,133327.54,73670.77
2026-09-18 02:00:00,7.707,7.744,7.681,7.729,166377.85,68686.68
2026-09-18 03:00:00,7.729,7.959,7.727,7.947,471895.47,263577.82
2026-09-18 04:00:00,7.948,7.969,7.853,7.938,254251.66,105652.47
2026-09-18 05:00:00,7.939,7.944,7.861,7.875,142666.04,56513.67
2026-09-18 06:00:00,7.876,7.922,7.874,7.915,120449.37,62342.08
2026-09-18 07:00:00,7.915,7.941,7.898,7.93,129329.39,62181.97
2026-09-18 08:00:00,7.93,7.951,7.906,7.937,120052.05,62277.34
2026-09-18 09:00:00,7.937,7.956,7.932,7.947,144358.6,56706.43
2026-09-18 10:00:00,7.948,8.032,7.947,8.012,253160.56,137645.48
2026-09-18 11:00:00,8.013,8.023,7.914,7.944,333929.4,143075.2
2026-09-18 12:00:00,7.945,8.034,7.929,8.004,256219.12,135595.71
2026-09-18 13:00:00,8.004,8.172,7.957,8.076,658258.55,373072.78
2026-09-18 14:00:00,8.076,8.147,8.047,8.145,470228.72,294318.21
2026-09-18 15:00:00,8.145,8.147,8.065,8.111,221250.2,95750.14
2026-09-18 16:00:00,8.112,8.131,8.053,8.085,245737.62,94860.73
2026-09-18 17:00:00,8.086,8.149,8.049,8.135,157459.77,62271.71
2026-09-18 18:00:00,8.134,8.26,8.124,8.203,461039.93,207969.89
2026-09-18 19:00:00,8.203,8.341,8.203,8.278,409294.57,217085.58
2026-09-18 20:00:00,8.277,8.292,8.226,8.236,264056.55,142672.54
2026-09-18 21:00:00,8.236,8.294,8.23,8.254,100623.64,53255.03
2026-09-18 22:00:00,8.254,8.266,8.178,8.199,131978.11,53049.92
2026-09-18 23:00:00,8.199,8.213,8.178,8.204,111606.59,60323.78
2026-09-19 00:00:00,8.204,8.365,8.202,8.351,218957.95,104544.03
2026-09-19 01:00:00,8.352,8.779,8.283,8.697,691461.63,366667.66
2026-09-19 02:00:00,8.698,8.744,8.537,8.607,330571.17,148304.15
2026-09-19 03:00:00,8.607,8.609,8.433,8.493,210415.31,96363.31
2026-09-19 04:00:00,8.493,8.565,8.361,8.408,258870.06,105778.6
2026-09-19 05:00:00,8.407,8.547,8.405,8.473,124940.78,48894.45
2026-09-19 06:00:00,8.473,8.579,8.416,8.476,166691.66,76601.08
2026-09-19 07:00:00,8.476,8.643,8.473,8.539,207445.7,98098.06
2026-09-19 08:00:00,8.539,8.832,8.539,8.801,384881.25,193271.26
2026-09-19 09:00:00,8.8,9.055,8.784,8.994,673328.03,336292.81
2026-09-19 10:00:00,8.994,9.21,8.9,9.151,583515.52,278959.74
2026-09-19 11:00:00,9.151,9.371,9.151,9.321,480663.37,246114.21
2026-09-19 12:00:00,9.322,9.364,9.054,9.351,464676.69,213086.28
2026-09-19 13:00:00,9.351,9.438,9.15,9.377,562222.59,251790.16
2026-09-19 14:00:00,9.377,9.454,9.273,9.426,313876.01,148714.45
2026-09-19 15:00:00,9.425,9.485,9.33,9.445,302775.85,162827.25
2026-09-19 16:00:00,9.444,9.718,9.408,9.696,507756.34,259340.19
2026-09-19 17:00:00,9.696,9.844,9.63,9.646,455904.35,230252.25
2026-09-19 18:00:00,9.646,9.799,9.546,9.759,412940.97,200287.27
2026-09-19 19:00:00,9.759,9.801,9.603,9.615,318929.3,140049.41
2026-09-19 20:00:00,9.616,9.82,9.564,9.748,324127.84,149476.38
2026-09-19 21:00:00,9.748,9.794,9.573,9.693,315554.85,138565.24
2026-09-19 22:00:00,9.692,9.818,9.599,9.79,241999.34,116748.23
2026-09-19 23:00:00,9.79,10.174,9.776,10.094,682410.39,372582.62
2026-09-20 00:00:00,10.093,10.825,10.086,10.33,1326123.09,668950.52
2026-09-20 01:00:00,10.331,10.429,9.717,9.738,950916.82,465813.08
2026-09-20 02:00:00,9.739,9.815,9.484,9.517,484049.51,231704.47
2026-09-20 03:00:00,9.516,9.673,9.436,9.566,347954.16,170731.41
2026-09-20 04:00:00,9.567,9.667,9.494,9.617,426721.25,181959.37
2026-09-20 05:00:00,9.618,9.697,9.564,9.604,184236.95,80034.71
2026-09-20 06:00:00,9.604,9.777,9.592,9.763,266725.83,119334.39
2026-09-20 07:00:00,9.763,9.839,9.536,9.597,340913.38,155231.92
2026-09-20 08:00:00,9.596,9.724,9.596,9.64,210856.77,106155.76
2026-09-20 09:00:00,9.639,9.898,9.638,9.809,314507.55,158932.82
2026-09-20 10:00:00,9.81,9.84,9.715,9.766,215115.75,91989.79
2026-09-20 11:00:00,9.765,10.421,9.753,10.412,856329.17,353640.66
2026-09-20 12:00:00,10.412,10.609,10.134,10.372,1327261.59,648395.73
2026-09-20 13:00:00,10.372,10.734,10.348,10.582,881555.63,436006.03
2026-09-20 14:00:00,10.581,10.96,10.549,10.831,993124.22,489256.95
2026-09-20 15:00:00,10.827,11.439,10.797,11.41,1342805.93,680334.69
2026-09-20 16:00:00,11.409,11.434,10.9,11.303,1368550.13,677343.6
2026-09-20 17:00:00,11.303,11.405,10.931,11.02,582213.52,292563.53
2026-09-20 18:00:00,11.02,11.278,11.011,11.104,370023.66,193279.98
2026-09-20 19:00:00,11.103,11.3,11.014,11.147,355266.91,190779.95
2026-09-20 20:00:00,11.148,11.386,11.121,11.182,278356.47,140981.75
2026-09-20 21:00:00,11.182,11.368,11.036,11.292,287656.53,149605.46
2026-09-20 22:00:00,11.292,11.474,11.227,11.256,351584.29,174768.01
2026-09-20 23:00:00,11.255,11.417,11.139,11.313,298729.3,149336.47
2026-09-21 00:00:00,11.314,11.799,11.314,11.529,716026.56,373975.36
2026-09-21 01:00:00,11.526,11.76,11.11,11.11,626799.14,299817.98
2026-09-21 02:00:00,11.109,11.282,11.053,11.089,361921.53,176391.15
2026-09-21 03:00:00,11.088,11.284,11.065,11.281,291975.12,137622.13
2026-09-21 04:00:00,11.281,11.609,11.194,11.545,602952.07,249974.97
2026-09-21 05:00:00,11.545,11.604,11.313,11.332,289096.21,136589.32
2026-09-21 06:00:00,11.333,11.36,11.043,11.135,400111.19,189307.32
2026-09-21 07:00:00,11.135,11.22,10.922,10.939,462504.66,210255.05
2026-09-21 08:00:00,10.938,11.198,10.895,11.119,504153.07,250824.15
2026-09-21 09:00:00,11.119,11.292,11.069,11.251,381047.35,186351.79
2026-09-21 10:00:00,11.252,11.488,11.223,11.391,345750.04,173047.27
2026-09-21 11:00:00,11.392,11.543,11.273,11.308,430485.28,217771.57
2026-09-21 12:00:00,11.308,11.5,11.272,11.451,298889.34,149510.75
2026-09-21 13:00:00,11.451,11.454,11.112,11.268,427572.68,216233.76
2026-09-21 14:00:00,11.268,11.284,11.104,11.177,390326.79,203776.36
2026-09-21 15:00:00,11.176,11.238,11.055,11.081,740503.77,465794.95
2026-09-21 16:00:00,11.081,11.155,10.988,11.072,327497.22,196504.85
2026-09-21 17:00:00,11.071,11.08,10.764,10.854,452753.58,228478.87
2026-09-21 18:00:00,10.854,10.999,10.829,10.908,261922.79,149164.84
2026-09-21 19:00:00,10.908,11.095,10.9,11.089,306497.16,187318.79
2026-09-21 20:00:00,11.089,11.14,10.97,11.138,381429.7,195057.61
2026-09-21 21:00:00,11.138,11.382,11.092,11.327,465774.8,207858.42
2026-09-21 22:00:00,11.327,11.355,11.175,11.244,262884.76,121685.58
2026-09-21 23:00:00,11.243,11.288,11.202,11.231,126591.23,59669.08
2026-09-22 00:00:00,11.231,11.239,11.113,11.143,244749.96,136299.3
2026-09-22 01:00:00,11.144,11.171,11.035,11.168,219051.11,117832.67
2026-09-22 02:00:00,11.167,11.228,11.089,11.164,188490.06,74141.18
2026-09-22 03:00:00,11.163,11.186,10.972,11.005,243876.33,115025.49
2026-09-22 04:00:00,11.005,11.031,10.748,10.772,383900.35,177371.81
2026-09-22 05:00:00,10.773,10.777,10.524,10.707,543229.63,316221.63
2026-09-22 06:00:00,10.708,10.782,10.667,10.687,167510.86,89015.6
2026-09-22 07:00:00,10.688,10.739,10.654,10.732,134502.13,81310.95
2026-09-22 08:00:00,10.732,10.948,10.708,10.893,298251.69,129549.81
2026-09-22 09:00:00,10.892,10.94,10.77,10.926,192817.38,71784.31
2026-09-22 10:00:00,10.925,10.933,10.797,10.916,123151.61,61039.91
2026-09-22 11:00:00,10.915,10.972,10.85,10.856,153693.36,76915.97
2026-09-22 12:00:00,10.856,10.9,10.746,10.896,209568.02,106687.15
2026-09-22 13:00:00,10.896,11.047,10.872,11.02,407235.16,180555.81
2026-09-22 14:00:00,11.019,11.096,10.901,11.033,335773.08,165958.96
2026-09-22 15:00:00,11.033,11.213,11.033,11.105,311815.68,187004.64
2026-09-22 16:00:00,11.105,11.23,11.05,11.069,182130.65,95058.39
2026-09-22 17:00:00,11.069,11.086,11.006,11.044,84803.69,37200.32
2026-09-22 18:00:00,11.044,11.05,10.949,11.005,121237.84,52292.61
2026-09-22 19:00:00,11.005,11.096,10.923,10.982,196232.07,86512.04
2026-09-22 20:00:00,10.983,11.048,10.906,11.018,155684.88,88031.16
2026-09-22 21:00:00,11.019,11.146,10.989,11.086,128684.89,70805.42
2026-09-22 22:00:00,11.087,11.288,11.061,11.258,196643.61,107605.06
2026-09-22 23:00:00,11.259,11.379,11.166,11.313,335607.79,168687.85
2026-09-23 00:00:00,11.312,11.326,11.12,11.122,271960.52,124126.79
2026-09-23 01:00:00,11.123,11.158,10.984,11.062,124557.26,57086.39
2026-09-23 02:00:00,11.061,11.283,11.023,11.262,226921.74,137368.71
2026-09-23 03:00:00,11.262,11.4,11.169,11.24,263978.8,129230.72
2026-09-23 04:00:00,11.241,11.252,11.135,11.14,107046.37,49243.88
2026-09-23 05:00:00,11.141,11.274,11.11,11.197,128830.23,61089.34
2026-09-23 06:00:00,11.198,11.262,11.151,11.172,78855.54,37867.91
2026-09-23 07:00:00,11.171,11.197,11.092,11.141,133508.52,58530.03
2026-09-23 08:00:00,11.142,11.17,10.989,11.037,189780.86,89597.69
2026-09-23 09:00:00,11.037,11.165,11.025,11.105,215303.8,116297.85
2026-09-23 10:00:00,11.105,11.297,11.049,11.219,331590.41,177410.44
2026-09-23 11:00:00,11.218,11.26,11.015,11.117,226172.47,76426.97
2026-09-23 12:00:00,11.116,11.125,10.701,10.754,572487.13,213419.93
2026-09-23 13:00:00,10.753,10.787,10.57,10.773,464290.98,195603.66
2026-09-23 14:00:00,10.773,10.845,10.126,10.452,967197.04,486595.76
2026-09-23 15:00:00,10.453,10.505,10.21,10.23,360804.41,181157
2026-09-23 16:00:00,10.23,10.347,10.073,10.276,337359.5,143896.67
2026-09-23 17:00:00,10.276,10.357,10.199,10.32,146449.11,68027.88
2026-09-23 18:00:00,10.321,10.328,10.218,10.302,165210.9,81685.55
2026-09-23 19:00:00,10.302,10.371,10.264,10.327,149071.04,61794.22
2026-09-23 20:00:00,10.328,10.378,10.272,10.282,97168.02,35957.25
2026-09-23 21:00:00,10.282,10.385,10.251,10.322,67762.19,23565.93
2026-09-23 22:00:00,10.322,10.434,10.286,10.316,155522.15,34146.61
2026-09-23 23:00:00,10.316,10.33,10.23,10.264,68765.86,23194.56
2026-09-24 00:00:00,10.266,10.276,10.186,10.214,127300.6,44489.92
2026-09-24 01:00:00,10.215,10.259,10.161,10.19,128622.76,58324.84
2026-09-24 02:00:00,10.192,10.334,10.145,10.307,132728.9,56089.45
2026-09-24 03:00:00,10.308,10.342,10.193,10.232,99049.74,28758.57
2026-09-24 04:00:00,10.233,10.372,10.189,10.361,81826.46,29897.69
2026-09-24 05:00:00,10.362,10.41,10.192,10.236,357338.5,185117.83
2026-09-24 06:00:00,10.236,10.287,10.215,10.255,92068.24,34264.92
2026-09-24 07:00:00,10.255,10.289,10.19,10.275,99680.55,40360.01
2026-09-24 08:00:00,10.275,10.287,10.063,10.183,166230.01,60038.64
2026-09-24 09:00:00,10.183,10.226,10.016,10.073,213516.27,82164.57
2026-09-24 10:00:00,10.072,10.135,10.037,10.112,163092.72,90563.49
2026-09-24 11:00:00,10.114,10.201,10.111,10.125,92220.45,40908.06
2026-09-24 12:00:00,10.124,10.151,9.966,10.082,139792.84,67258.1
2026-09-24 13:00:00,10.082,10.292,10.08,10.277,217571.37,92144.46
2026-09-24 14:00:00,10.278,10.506,10.154,10.247,434225.82,205638.4
2026-09-24 15:00:00,10.246,10.426,10.2,10.391,197365.72,92638.57
2026-09-24 16:00:00,10.392,10.541,10.294,10.437,281100.06,122300.99
2026-09-24 17:00:00,10.436,10.48,10.28,10.306,160179.54,77599.86
2026-09-24 18:00:00,10.306,10.456,10.233,10.446,165766.98,86280.03
2026-09-24 19:00:00,10.446,10.504,10.361,10.461,136073.37,73075.64
2026-09-24 20:00:00,10.46,10.486,10.366,10.398,131718.13,61411.59
2026-09-24 21:00:00,10.399,10.75,10.387,10.539,408736.52,224303.64
2026-09-24 22:00:00,10.538,10.538,10.17,10.188,756088.53,411935.72
2026-09-24 23:00:00,10.188,10.253,10.114,10.207,190446.75,109517.7
2026-09-25 00:00:00,10.207,10.295,10.168,10.222,153961.37,79542.99
2026-09-25 01:00:00,10.222,10.309,10.203,10.261,142705.19,82917.14
2026-09-25 02:00:00,10.261,10.338,10.172,10.204,97743.94,49729.5
2026-09-25 03:00:00,10.207,10.211,10.094,10.183,114548.55,52304.58
2026-09-25 04:00:00,10.183,10.305,10.17,10.236,114918.1,68454.38
2026-09-25 05:00:00,10.236,10.256,10.156,10.203,76690.27,42489.25
2026-09-25 06:00:00,10.203,10.233,10.127,10.162,73242.63,35048.32
2026-09-25 07:00:00,10.161,10.231,10.082,10.213,124216.04,65838.24
2026-09-25 08:00:00,10.213,10.394,10.174,10.38,178397.94,117843.39
2026-09-25 09:00:00,10.379,10.555,10.34,10.436,258463.48,133444.01
2026-09-25 10:00:00,10.437,10.468,10.347,10.409,159421.94,82460.76
2026-09-25 11:00:00,10.409,10.685,10.393,10.588,565965.81,295119.03
2026-09-25 12:00:00,10.589,10.744,10.431,10.582,431101.33,227951.5
2026-09-25 13:00:00,10.583,10.606,10.3,10.4,343503.93,152503.23
2026-09-25 14:00:00,10.399,10.415,10.201,10.396,479795.69,220411.31
2026-09-25 15:00:00,10.396,10.444,10.246,10.352,230563.24,113550.92
2026-09-25 16:00:00,10.353,10.475,10.336,10.347,227638.75,95987.71
2026-09-25 17:00:00,10.348,10.436,10.299,10.434,144151.12,80836.4
2026-09-25 18:00:00,10.435,10.565,10.43,10.46,144059.44,81826.09
2026-09-25 19:00:00,10.461,10.49,10.414,10.459,105180.6,57629
2026-09-25 20:00:00,10.459,10.605,10.455,10.504,174505.42,105764.7
2026-09-25 21:00:00,10.503,10.525,10.409,10.465,77323.4,39429.53
2026-09-25 22:00:00,10.465,10.649,10.443,10.593,123514.07,84192.95
2026-09-25 23:00:00,10.593,10.698,10.568,10.652,180214.71,119945.26
2026-09-26 00:00:00,10.652,10.7,10.545,10.592,162905.4,102479.54
2026-09-26 01:00:00,10.59,10.945,10.585,10.792,328787.43,166961.4
2026-09-26 02:00:00,10.791,10.97,10.771,10.8,265910.03,147269.55
2026-09-26 03:00:00,10.8,10.802,10.62,10.627,138624.16,50216.76
2026-09-26 04:00:00,10.626,10.707,10.608,10.67,76096.19,38402.66
2026-09-26 05:00:00,10.669,10.7,10.605,10.637,88631.21,42540.55
2026-09-26 06:00:00,10.636,10.646,10.573,10.607,98772.36,52478.27
2026-09-26 07:00:00,10.608,10.73,10.602,10.701,97938.46,58165.95
2026-09-26 08:00:00,10.701,10.748,10.658,10.677,88861.49,39850.27
2026-09-26 09:00:00,10.678,10.691,10.511,10.623,122745.57,60740.71
2026-09-26 10:00:00,10.623,10.797,10.621,10.773,149201.28,77080.36
2026-09-26 11:00:00,10.774,11.011,10.753,10.948,306654.36,201648.69
2026-09-26 12:00:00,10.948,10.995,10.784,10.816,256225.61,142955.48
2026-09-26 13:00:00,10.816,10.86,10.701,10.714,154684.21,82791.71
