t,o,h,l,c,v,taker_buy_v
2026-03-10 13:00:00,646.59,648.03,641.24,642.37,5589.777,2693.994
2026-03-10 14:00:00,642.37,651.81,638.29,650.89,9294.529,5343.006
2026-03-10 15:00:00,650.89,652.23,646.1,649.23,7930.078,3646.665
2026-03-10 16:00:00,649.24,652.36,647.5,649.74,4586.571,2365.232
2026-03-10 17:00:00,649.75,650.18,644.58,646.57,4696.655,1815.651
2026-03-10 18:00:00,646.57,646.57,640.6,641.4,4473.728,2040.53
2026-03-10 19:00:00,641.41,642.81,640.06,641.79,4300.69,2267.502
2026-03-10 20:00:00,641.78,644.29,641.7,644.08,1384.615,841.047
2026-03-10 21:00:00,644.09,645.29,639.68,641.52,2617.731,1104.001
2026-03-10 22:00:00,641.52,642.47,639.6,642.02,2099.878,1034.978
2026-03-10 23:00:00,642.01,643.03,641.17,642,1417.563,709.176
2026-03-11 00:00:00,642.01,643.95,641.16,643.38,2305.506,1454.664
2026-03-11 01:00:00,643.38,644.42,642.46,644.28,1463.82,801.694
2026-03-11 02:00:00,644.28,644.38,638.77,641.02,2754.225,1144.128
2026-03-11 03:00:00,641.02,642.59,639.64,639.88,2303.041,1243.12
2026-03-11 04:00:00,639.87,644.87,639.26,644.67,2732.537,1752.257
2026-03-11 05:00:00,644.67,644.92,637.77,638.01,3339.535,1170.612
2026-03-11 06:00:00,638,643.72,638,643.03,3424.915,2017.211
2026-03-11 07:00:00,643.03,643.25,640.01,640.5,4942.274,3124.088
2026-03-11 08:00:00,640.5,642.73,639.83,642.46,3461.149,2266.38
2026-03-11 09:00:00,642.47,642.5,639.51,639.94,2658.643,1094.4
2026-03-11 10:00:00,639.94,644.37,639.78,643.79,3592.084,2314.249
2026-03-11 11:00:00,643.79,643.79,635.02,638.2,18872.69,7854.3
2026-03-11 12:00:00,638.2,642.73,636.74,641.76,6382.073,3747.235
2026-03-11 13:00:00,641.76,652.19,641.58,646.55,13111.288,6922.864
2026-03-11 14:00:00,646.55,651.26,644.59,648.41,9995.774,5662.656
2026-03-11 15:00:00,648.42,649.38,642.05,645.98,7103.307,3164.038
2026-03-11 16:00:00,645.99,649.71,645.24,648.11,5532.254,3086.063
2026-03-11 17:00:00,648.11,655.73,648.11,651.76,10037.57,5882.254
2026-03-11 18:00:00,651.75,654.18,650.73,652.68,3560.693,1799.266
2026-03-11 19:00:00,652.68,653.74,651.08,653.15,2255.839,1340.135
2026-03-11 20:00:00,653.14,653.18,651.59,652.78,1425.046,720.738
2026-03-11 21:00:00,652.78,654.36,651.73,654.19,2028.392,1385.732
2026-03-11 22:00:00,654.2,656.29,651.55,652.35,4097.394,1606.43
2026-03-11 23:00:00,652.36,653.21,650.4,651.46,2765.765,1278.976
2026-03-12 00:00:00,651.47,652.25,650.52,652.08,1785.658,1030.251
2026-03-12 01:00:00,652.07,652.09,646.69,646.75,5033.32,2040.604
2026-03-12 02:00:00,646.74,647.73,642.52,643.17,4894.524,2524.78
2026-03-12 03:00:00,643.17,645.17,642.25,643.26,3235.238,1648.192
2026-03-12 04:00:00,643.26,644.32,641.63,643.08,2835.774,1672.16
2026-03-12 05:00:00,643.08,645.03,642.97,644.36,2577.726,1726.11
2026-03-12 06:00:00,644.37,645.48,643.53,644.64,2241.145,1284.71
2026-03-12 07:00:00,644.64,647.16,644.07,645.85,3414.348,1940.662
2026-03-12 08:00:00,645.86,648.9,645.75,647.76,4056.619,2449.727
2026-03-12 09:00:00,647.75,651.26,646,650.1,4647.862,2650.064
2026-03-12 10:00:00,650.1,652.81,649.41,652.07,4601.453,2746.83
2026-03-12 11:00:00,652.06,654.09,651.08,652.46,3535.763,1838.182
2026-03-12 12:00:00,652.47,657.7,651.35,655.55,5644.6,3399.004
2026-03-12 13:00:00,655.56,656.16,650.6,652.68,8529.908,3957.069
2026-03-12 14:00:00,652.69,656.16,645.64,646.84,10387.9,4319.658
2026-03-12 15:00:00,646.84,653.76,646.02,650.03,13062.625,7530.856
2026-03-12 16:00:00,650.03,652.5,648,651.53,5118.156,2267.804
2026-03-12 17:00:00,651.53,652.52,649.46,650.5,2180.223,1123.63
2026-03-12 18:00:00,650.5,651.49,647.82,647.95,2412.603,1040.219
2026-03-12 19:00:00,647.95,651.54,646.42,651.03,3522.512,1918.284
2026-03-12 20:00:00,651.03,651.55,648.98,649.62,1862.47,874.576
2026-03-12 21:00:00,649.63,652.35,649.63,651.86,1362.453,777.935
2026-03-12 22:00:00,651.85,652.04,649.85,651.26,1090.337,621.849
2026-03-12 23:00:00,651.26,654.92,651.24,651.72,3500.839,2155.657
2026-03-13 00:00:00,651.72,664,650.34,658.7,18076.881,10762.193
2026-03-13 01:00:00,658.71,662.15,658.06,661.9,4683.4,2347.234
2026-03-13 02:00:00,661.91,662.4,659.06,659.43,5624.749,2003.365
2026-03-13 03:00:00,659.43,662.05,657.43,661.58,5126.152,3563.886
2026-03-13 04:00:00,661.57,661.9,659.32,660.67,3505.06,2396.06
2026-03-13 05:00:00,660.67,662,659.24,660.68,3640.93,1924.2
2026-03-13 06:00:00,660.67,661.7,658.88,660.84,8255.416,3570.111
2026-03-13 07:00:00,660.84,664.5,660.01,661.29,10567.686,5328.916
2026-03-13 08:00:00,661.29,668,660.65,665.9,12687.14,7507.477
2026-03-13 09:00:00,665.9,667.97,664.22,667.02,10846.913,7313.066
2026-03-13 10:00:00,667.01,668.67,665.99,666.98,16021.128,6331.343
2026-03-13 11:00:00,666.99,668.21,665.88,666.64,4429.662,2152.963
2026-03-13 12:00:00,666.64,673.63,666.56,671.21,10084.039,6137.52
2026-03-13 13:00:00,671.21,679,670.63,674.54,16188.602,8164.979
2026-03-13 14:00:00,674.55,678.36,667.3,667.98,17852.117,8255.76
2026-03-13 15:00:00,667.99,671.62,661.09,662.21,18686.399,7835.801
2026-03-13 16:00:00,662.21,663.57,658.21,661.84,17048.078,6051.786
2026-03-13 17:00:00,661.84,664.48,654,655.86,13929.816,7059.804
2026-03-13 18:00:00,655.86,658.52,654.07,656.83,21267.659,10947.549
2026-03-13 19:00:00,656.83,658.06,656.03,657.25,2072.084,1172.028
2026-03-13 20:00:00,657.25,658.6,656.24,657.34,3089.779,1144.06
2026-03-13 21:00:00,657.35,658.78,656.2,656.86,2425.743,1313.983
2026-03-13 22:00:00,656.87,657.45,653.55,655.53,3579.399,1685.027
2026-03-13 23:00:00,655.53,656.2,654.5,655.73,2292.168,1339.465
2026-03-14 00:00:00,655.72,656.27,652.52,653.08,3664.962,2028.804
2026-03-14 01:00:00,653.08,656.82,652.93,656.43,2762.649,1632.86
2026-03-14 02:00:00,656.43,656.73,655.08,655.48,1787.374,863.394
2026-03-14 03:00:00,655.49,657.26,655.27,656.89,2070.278,1190.679
2026-03-14 04:00:00,656.88,658.27,655.22,655.49,3422.734,1891.887
2026-03-14 05:00:00,655.5,656.74,654.65,655.62,2926.298,1560.686
2026-03-14 06:00:00,655.61,655.61,651,653.32,4304.943,1785.73
2026-03-14 07:00:00,653.31,654.66,652,652.19,3105.768,1633.277
2026-03-14 08:00:00,652.19,653.99,651.8,652.05,3664.645,1980.385
2026-03-14 09:00:00,652.05,653.33,650.54,651.22,2570.497,1303.098
2026-03-14 10:00:00,651.21,651.37,650.11,651.02,1624.181,981.076
2026-03-14 11:00:00,651.02,653.91,650.91,653.52,2055.606,1225.607
2026-03-14 12:00:00,653.51,654.6,652.54,653.4,2099.421,1242.263
2026-03-14 13:00:00,653.4,654.52,652.99,654.06,4846.017,3152.719
2026-03-14 14:00:00,654.07,654.98,651.85,652.34,2852.64,1395.817
2026-03-14 15:00:00,652.35,653.64,651.91,653.4,1352.247,736.274
2026-03-14 16:00:00,653.4,654.5,652.34,654.11,1593.985,817.871
2026-03-14 17:00:00,654.1,654.15,652.59,653.1,1093.139,611.948
2026-03-14 18:00:00,653.09,653.67,652.24,653.33,1273.113,657.231
2026-03-14 19:00:00,653.33,654.14,652.78,653.7,762.661,467.884
2026-03-14 20:00:00,653.7,654.62,653.24,654.06,655.561,418.444
2026-03-14 21:00:00,654.06,655,653.12,654.86,844.363,505.262
2026-03-14 22:00:00,654.86,655.52,654.35,655.01,1078.283,642.721
2026-03-14 23:00:00,655.01,658,655.01,657.7,2828.9,1358.59
2026-03-15 00:00:00,657.7,658,655.56,655.91,1356.322,671.389
2026-03-15 01:00:00,655.92,656.15,654.46,655.41,1509.225,748.992
2026-03-15 02:00:00,655.42,660.57,655.42,659.41,2724.58,1632.377
2026-03-15 03:00:00,659.42,661.16,658,658.89,2241.495,1129.617
2026-03-15 04:00:00,658.89,660.64,658.33,659.34,2004.218,1005.504
2026-03-15 05:00:00,659.35,661,658.61,659.53,4074.299,1955.495
2026-03-15 06:00:00,659.53,660.19,657.79,658.56,2968.587,1478.441
2026-03-15 07:00:00,658.56,660.64,658.36,660.02,2313.814,1050.364
2026-03-15 08:00:00,660.02,664.25,659.74,664.24,3482.559,1776.539
2026-03-15 09:00:00,664.25,666.55,662.86,663.6,3994.774,1851.636
2026-03-15 10:00:00,663.6,663.88,662.12,662.86,2318.627,1044.749
2026-03-15 11:00:00,662.86,662.97,659.75,661.64,4499.908,1902.246
2026-03-15 12:00:00,661.65,661.89,659.78,661.89,5472.871,2477.8
2026-03-15 13:00:00,661.89,662.52,656.83,659.97,7072.23,3514.161
2026-03-15 14:00:00,659.97,660.51,658.41,660.33,2369.296,1154.633
2026-03-15 15:00:00,660.33,661.23,659.52,659.69,2271.923,1143.779
2026-03-15 16:00:00,659.69,660.98,658.53,658.96,2403.585,1498.995
2026-03-15 17:00:00,658.96,663.2,658.96,661.95,1979.508,1088.374
2026-03-15 18:00:00,661.95,662.54,658.08,658.37,2441.634,1265.962
2026-03-15 19:00:00,658.37,660.55,658.12,660.49,1106.292,662.77
2026-03-15 20:00:00,660.49,665.29,659.74,663.88,4031.538,2002.388
2026-03-15 21:00:00,663.89,669.09,662.71,667.41,4568.472,2042.027
2026-03-15 22:00:00,667.41,679,665.56,676.51,14804.754,6913.614
2026-03-15 23:00:00,676.52,678.99,671.83,673.77,10988.583,4465.061
2026-03-16 00:00:00,673.77,676.66,670.89,671.97,5003.808,2210.02
2026-03-16 01:00:00,671.97,677,670.22,675.96,6042.938,3898.304
2026-03-16 02:00:00,675.96,676.79,670.68,672.97,3771.343,1665.703
2026-03-16 03:00:00,672.98,685.93,672.25,680.47,20268.076,11394.242
2026-03-16 04:00:00,680.47,687.82,680.46,683.44,14849.907,8251.181
2026-03-16 05:00:00,683.44,686.43,682.13,685.47,10560.577,5319.07
2026-03-16 06:00:00,685.47,685.48,679.41,679.41,8520.06,3448.929
2026-03-16 07:00:00,679.41,681.03,677.27,678.13,9542.818,3428.989
2026-03-16 08:00:00,678.13,681.06,673.83,675.21,7939.927,3237.726
2026-03-16 09:00:00,675.21,677.72,674.64,676.52,6133.242,3024.092
2026-03-16 10:00:00,676.52,679.12,675.22,679.08,11043.24,6482.506
2026-03-16 11:00:00,679.08,679.5,676.34,677.2,6648.051,2872.249
2026-03-16 12:00:00,677.19,680.95,677.19,678.55,12037.242,6015.896
2026-03-16 13:00:00,678.55,683.68,677.78,681.04,15555.412,8008.185
2026-03-16 14:00:00,681.04,682.17,670.13,674.66,22722.533,8551.787
2026-03-16 15:00:00,674.65,677.15,671,671.67,8769.673,3429.364
2026-03-16 16:00:00,671.67,676.27,671.22,675.31,9235.241,5471.353
2026-03-16 17:00:00,675.31,678.71,674.6,678.37,8828.968,4598.515
2026-03-16 18:00:00,678.37,680.51,676.9,677.11,9805.139,5302.31
2026-03-16 19:00:00,677.11,681.37,676.19,678.55,4944.314,2341.718
2026-03-16 20:00:00,678.55,678.63,673.79,677.01,4260.527,1731.111
2026-03-16 21:00:00,677,682.59,676.3,679.57,8166.928,4745.093
2026-03-16 22:00:00,679.56,684.66,679.56,681.4,5413.942,2544.715
2026-03-16 23:00:00,681.41,681.41,675.73,679.71,6851.35,2470.462
2026-03-17 00:00:00,679.7,684.13,677.66,682.58,9628.906,5191.623
2026-03-17 01:00:00,682.59,686.53,680.69,684.01,16161.724,7320.682
2026-03-17 02:00:00,684.01,684.63,680.43,682.73,6284.196,3030.564
2026-03-17 03:00:00,682.73,683.1,675,676.11,9441.2,3696.724
2026-03-17 04:00:00,676.11,677.39,671.81,674.89,10414.573,4149.67
2026-03-17 05:00:00,674.89,677.16,673.55,675.09,5370.053,2460.898
2026-03-17 06:00:00,675.09,676.99,672.87,673.37,4517.474,2033.355
2026-03-17 07:00:00,673.37,675.6,673.36,674.28,4736.443,2368.001
2026-03-17 08:00:00,674.28,676.77,673.23,673.67,6495.596,3392.089
2026-03-17 09:00:00,673.67,675.63,672.1,672.77,6287.729,2474.495
2026-03-17 10:00:00,672.77,673.53,667.88,669.36,9686.089,3701.251
2026-03-17 11:00:00,669.35,670.6,667.36,667.66,7848.604,4096.217
2026-03-17 12:00:00,667.66,669.69,665.01,665.55,7125.285,2917.101
2026-03-17 13:00:00,665.56,668.83,663.57,665.23,8929.252,3991.984
2026-03-17 14:00:00,665.23,670.45,663.4,670.21,7275.406,4054.135
2026-03-17 15:00:00,670.2,673.33,665.21,668.49,6661.568,3106.6
2026-03-17 16:00:00,668.5,671.57,667.71,670.84,3277.912,1674.378
2026-03-17 17:00:00,670.85,672.84,669.91,672.76,2917.582,1690.352
2026-03-17 18:00:00,672.76,674.85,672.3,673.86,2964.171,1528.038
2026-03-17 19:00:00,673.86,674.62,671.62,672.03,2609.605,1250.83
2026-03-17 20:00:00,672.03,672.9,670.65,672.07,1382.254,828.061
2026-03-17 21:00:00,672.07,674.48,672.01,673.56,1687.385,957.066
2026-03-17 22:00:00,673.57,674.48,669.22,671.38,2020.74,969.066
2026-03-17 23:00:00,671.37,671.98,668.01,668.61,3393.286,1970.44
2026-03-18 00:00:00,668.62,669.33,665.52,668.35,4560.412,2304.608
2026-03-18 01:00:00,668.35,670.74,668.35,669.68,1905.647,1183.261
2026-03-18 02:00:00,669.68,672.7,669.64,671.68,2608.71,1639.498
2026-03-18 03:00:00,671.68,675.18,671.24,673.49,3535.757,1911.693
2026-03-18 04:00:00,673.49,673.8,670.6,671.96,4673.61,2978.589
2026-03-18 05:00:00,671.96,673.6,670.13,671.27,3489.441,1918.257
2026-03-18 06:00:00,671.27,675.06,671.26,672.84,4056.76,1984.695
2026-03-18 07:00:00,672.84,674.08,671.66,673.98,3133.315,1660.783
2026-03-18 08:00:00,673.98,676.1,673.89,674.39,4318.603,2203.559
2026-03-18 09:00:00,674.4,676.14,674,675.97,4529.094,3022.027
2026-03-18 10:00:00,675.97,676.47,671.38,672.44,4225.369,2245.9
2026-03-18 11:00:00,672.47,673.26,661.55,662.89,13929.236,6183.565
2026-03-18 12:00:00,662.89,662.89,656.04,657.74,12156.018,5785.868
2026-03-18 13:00:00,657.75,659.22,654.87,657.49,7600.937,3921.847
2026-03-18 14:00:00,657.49,657.78,647.77,648.13,13468.429,5270.805
2026-03-18 15:00:00,648.14,650.66,645.3,648.82,10884.211,6033.718
2026-03-18 16:00:00,648.82,649.99,645.47,648.5,8662.396,4946.267
2026-03-18 17:00:00,648.5,651.83,647,650.14,9043.487,3916.953
2026-03-18 18:00:00,650.14,653.01,647.03,647.84,5813.716,3031.718
2026-03-18 19:00:00,647.84,650.28,647,648.08,4197.856,1843.912
2026-03-18 20:00:00,648.09,651.09,644.43,650.24,11640.827,3267.355
2026-03-18 21:00:00,650.23,652.86,649.96,652.61,2503.487,1703.797
2026-03-18 22:00:00,652.6,652.64,650.46,651.66,1874.315,963.215
2026-03-18 23:00:00,651.66,652.98,650.91,652.27,1693.553,1070.791
2026-03-19 00:00:00,652.28,652.9,650.68,651.48,3078.073,1769.385
2026-03-19 01:00:00,651.48,652.55,650.51,651.41,3715.41,1550.779
2026-03-19 02:00:00,651.4,652.34,649.05,650.63,2045.825,1083.382
2026-03-19 03:00:00,650.63,656.4,650.41,652.53,5819.462,2896.564
2026-03-19 04:00:00,652.53,652.66,648.28,649.53,3065.603,1706.422
2026-03-19 05:00:00,649.53,650.52,648.35,649.46,1899.012,1103.943
2026-03-19 06:00:00,649.45,650.84,648.12,648.67,4253.506,2025.336
2026-03-19 07:00:00,648.68,648.79,641.04,645.39,10512.031,4543.071
2026-03-19 08:00:00,645.39,646.31,643.73,644.43,6885.189,3378.456
2026-03-19 09:00:00,644.43,648.89,643.85,648.28,7044.016,3619.939
2026-03-19 10:00:00,648.29,648.71,645.83,645.86,2738.995,1578.663
2026-03-19 11:00:00,645.87,646.43,643.69,644.08,3690.15,1852.278
2026-03-19 12:00:00,644.09,644.09,638.14,638.67,7836.624,2793.722
2026-03-19 13:00:00,638.67,642.06,636.47,641.21,8200.56,3980.14
2026-03-19 14:00:00,641.22,642.74,635.66,638.12,8129.179,4589.106
2026-03-19 15:00:00,638.13,640.41,634.35,637.87,6283.878,3013.125
2026-03-19 16:00:00,637.88,637.93,634.43,635.96,8580.364,4285.36
2026-03-19 17:00:00,635.97,639.06,633.32,638.25,4887.266,2195.944
2026-03-19 18:00:00,638.24,638.27,636.23,637.86,1607.204,640.504
2026-03-19 19:00:00,637.86,642.5,637.78,640.04,5912.406,2992.57
2026-03-19 20:00:00,640.04,642.97,639.57,642.05,2976.873,1491.848
2026-03-19 21:00:00,642.05,644.06,641.52,642.25,2548.687,1260.21
2026-03-19 22:00:00,642.25,642.49,639,640.45,1676.627,619.913
2026-03-19 23:00:00,640.44,641.68,638.22,639.15,4292.718,1898.431
2026-03-20 00:00:00,639.16,642.08,638.51,641.04,3299.076,2120.089
2026-03-20 01:00:00,641.04,644,640.94,642.06,3715.223,2267.589
2026-03-20 02:00:00,642.07,643.27,639.33,642.75,2688.709,1361.635
2026-03-20 03:00:00,642.76,645.18,642.57,644.41,2946.466,1816.686
2026-03-20 04:00:00,644.42,645.95,641.7,644.23,2929.921,1465.164
2026-03-20 05:00:00,644.23,644.91,642.06,643.22,2712.527,1376.753
2026-03-20 06:00:00,643.22,643.22,641.22,642.33,2548.604,1322.468
2026-03-20 07:00:00,642.34,644.65,639.68,644.1,4707.232,2947.415
2026-03-20 08:00:00,644.1,647.65,643.76,646.57,5812.327,3562.98
2026-03-20 09:00:00,646.57,646.57,641.13,641.96,5526.109,2630.461
2026-03-20 10:00:00,641.96,643.95,640.32,643.21,2940.48,1351.185
2026-03-20 11:00:00,643.22,644.36,640.6,641.62,4258.947,2034.021
2026-03-20 12:00:00,641.62,643.59,640.5,641.33,4761.808,2360.783
2026-03-20 13:00:00,641.34,643.08,637.56,637.99,8809.949,4431.549
2026-03-20 14:00:00,637.99,642.16,636.61,638.84,11027.733,6633.887
2026-03-20 15:00:00,638.84,641.44,637.81,640.42,5978.98,2903.55
2026-03-20 16:00:00,640.41,641.92,639.04,640.41,2620.581,1384.453
2026-03-20 17:00:00,640.41,641.3,636.91,640.24,3984.342,2420.532
2026-03-20 18:00:00,640.24,640.74,636.38,637.99,3679.641,1950.683
2026-03-20 19:00:00,637.99,640.5,636.44,640.26,2291.721,1117.206
2026-03-20 20:00:00,640.26,640.77,637.58,639.73,1940.06,950.842
2026-03-20 21:00:00,639.73,643.17,639.02,641.74,2825.83,1750.822
2026-03-20 22:00:00,641.75,644.57,641.74,643.7,2386.537,1261.476
2026-03-20 23:00:00,643.7,643.88,641.47,642.11,2295.199,1130.739
2026-03-21 00:00:00,642.11,643.22,641.34,642.06,2417.25,1428.826
2026-03-21 01:00:00,642.07,642.97,640.2,640.61,1273.734,588.192
2026-03-21 02:00:00,640.61,642.42,640.15,642.41,964.405,556.112
2026-03-21 03:00:00,642.41,642.62,641.58,642.32,1132.718,580.794
2026-03-21 04:00:00,642.32,643.37,641.8,641.8,1396.118,777.805
2026-03-21 05:00:00,641.81,643.37,641.8,642.22,1437.373,892.671
2026-03-21 06:00:00,642.23,643.45,642.12,643.23,1306.044,640.928
2026-03-21 07:00:00,643.24,644.46,642.97,643.11,2471.464,1192.989
2026-03-21 08:00:00,643.11,643.57,642.14,643.16,2318.563,1260.25
2026-03-21 09:00:00,643.17,644.46,643.09,643.2,2460.633,1098.138
2026-03-21 10:00:00,643.21,643.27,641.99,642.82,2771.831,1247.52
2026-03-21 11:00:00,642.83,644.06,642.82,643.81,1510.242,808.267
2026-03-21 12:00:00,643.81,644.39,643.66,643.89,1993.03,1081.739
2026-03-21 13:00:00,643.9,644.21,643.19,644.04,2684.393,1360.496
2026-03-21 14:00:00,644.05,646.38,642.09,642.22,4230.629,2041.068
2026-03-21 15:00:00,642.22,643.26,641.39,642.82,2947.252,1307.342
2026-03-21 16:00:00,642.82,643.24,640.86,641.35,2117.32,797.134
2026-03-21 17:00:00,641.35,641.94,640.62,641.34,1185.981,631.375
2026-03-21 18:00:00,641.34,642.49,641,641.56,888.815,500.75
2026-03-21 19:00:00,641.56,641.97,641.26,641.61,497.564,271.154
2026-03-21 20:00:00,641.61,642.51,641.52,642.47,657.511,381.224
2026-03-21 21:00:00,642.46,642.68,641.59,641.72,756.758,398.155
2026-03-21 22:00:00,641.72,642.67,641.13,642.27,1091.498,617.441
2026-03-21 23:00:00,642.27,642.27,627.76,630.7,13725.573,4701.728
2026-03-22 00:00:00,630.7,632.63,622.72,630.38,14195.251,7111.665
2026-03-22 01:00:00,630.37,632,629.09,631.09,3980.928,1996.871
2026-03-22 02:00:00,631.1,635.13,631.1,634.33,3010.634,1594.88
2026-03-22 03:00:00,634.34,637.7,632.8,634.84,4635.001,2171.611
2026-03-22 04:00:00,634.84,636.57,632.42,635.15,4969.433,2534.407
2026-03-22 05:00:00,635.16,635.16,632.76,633.56,3370.07,1397.227
2026-03-22 06:00:00,633.56,634.24,632.41,633.62,1787.755,981.358
2026-03-22 07:00:00,633.63,634.63,631.9,631.99,3169.534,1318.012
2026-03-22 08:00:00,631.98,632.1,628.84,630.85,4630.467,2063.147
2026-03-22 09:00:00,630.86,631.86,629.92,631.11,2162.136,1015.444
2026-03-22 10:00:00,631.12,631.52,629.29,629.61,2815.532,1054.865
2026-03-22 11:00:00,629.62,630.05,627.61,627.9,4601.963,2141.45
2026-03-22 12:00:00,627.9,630.97,627.9,629.48,3856.732,2039.219
2026-03-22 13:00:00,629.48,631.71,629,630.24,5964.501,3449.192
2026-03-22 14:00:00,630.25,631.76,628.86,629.98,1780.443,861.513
2026-03-22 15:00:00,629.97,631.76,629.25,629.7,3247.25,1687.058
2026-03-22 16:00:00,629.7,630.86,629.42,630.55,4806.247,3283.31
2026-03-22 17:00:00,630.55,632.26,629.9,630.64,4957.827,2391.546
2026-03-22 18:00:00,630.65,631.45,627.61,629.6,3293.062,1446.388
2026-03-22 19:00:00,629.6,629.6,626.57,627.44,3343.302,1474.318
2026-03-22 20:00:00,627.45,630,627.45,628.07,2764.941,1578.292
2026-03-22 21:00:00,628.06,628.6,622.16,625.91,7014.817,3012.013
2026-03-22 22:00:00,625.92,630.11,623.06,629.92,4984.829,3070.179
2026-03-22 23:00:00,629.92,631.35,626.19,626.41,3010.924,1299.155
2026-03-23 00:00:00,626.41,628,622,624.77,8335.621,4614.89
2026-03-23 01:00:00,624.78,628.18,623.72,626.43,5508.617,3228.665
2026-03-23 02:00:00,626.43,630.29,625.49,628.74,3300.208,1788.526
2026-03-23 03:00:00,628.73,630.71,626.19,626.47,3106.283,1429.854
2026-03-23 04:00:00,626.46,629.8,626.46,629.57,1985.722,1195.222
2026-03-23 05:00:00,629.58,632,629.58,631.92,3132.074,1852.499
2026-03-23 06:00:00,631.91,631.91,621.4,622.87,8527.604,3755.16
2026-03-23 07:00:00,622.88,625.62,620.33,624.33,6563.385,3185.382
2026-03-23 08:00:00,624.34,626.35,623.55,624.38,3901.083,2046.297
2026-03-23 09:00:00,624.39,626.1,621.59,625.78,4527.114,2395.57
2026-03-23 10:00:00,625.78,628.1,625.1,626.62,6237.242,2390.736
2026-03-23 11:00:00,626.62,650.85,626.62,638.4,60562.376,34520.924
2026-03-23 12:00:00,638.4,645.65,635.81,645.17,11939.896,6260.156
2026-03-23 13:00:00,645.17,649.55,642.94,647.81,13750.718,6842.54
2026-03-23 14:00:00,647.82,649.37,644.25,646.21,26031.423,15663.216
2026-03-23 15:00:00,646.22,647.77,636.73,637.25,27579.329,16262.334
2026-03-23 16:00:00,637.25,638.98,633.76,635.7,24931.13,13255.879
2026-03-23 17:00:00,635.71,638.12,632.49,637.98,22206.83,13690.051
2026-03-23 18:00:00,637.98,639.62,636.12,639.52,3776.331,2143.294
2026-03-23 19:00:00,639.53,640.76,637.09,637.62,3423.121,1662.137
2026-03-23 20:00:00,637.62,639.68,636.5,639.23,1544.247,860.723
2026-03-23 21:00:00,639.24,641.09,639.2,639.59,2531.472,1415.371
2026-03-23 22:00:00,639.59,639.88,637.13,638.53,2078.602,912.9
2026-03-23 23:00:00,638.53,639.38,636.24,639.11,2076.446,1159.559
2026-03-24 00:00:00,639.12,640.17,634.8,636.69,3992.686,1852.061
2026-03-24 01:00:00,636.69,636.84,632.43,633.67,3719.038,1893.108
2026-03-24 02:00:00,633.67,635.43,632,632.81,3654.025,1876.258
2026-03-24 03:00:00,632.82,633.57,632.35,632.7,2014.524,970.903
2026-03-24 04:00:00,632.7,633.96,628.93,629.34,6259.479,2372.828
2026-03-24 05:00:00,629.34,629.68,627.21,629.29,4550.631,2133.168
2026-03-24 06:00:00,629.28,631.29,628.95,631,4000.751,1874.111
2026-03-24 07:00:00,631,638.44,630.76,637.86,6120.301,3418.538
2026-03-24 08:00:00,637.87,638.31,634.45,634.78,4975.875,1986.355
2026-03-24 09:00:00,634.77,638.84,634,638.56,3989.154,2329.957
2026-03-24 10:00:00,638.57,638.57,636.44,638.12,3923.627,1777.669
2026-03-24 11:00:00,638.12,639.81,635.85,638.88,4702.821,2093.653
2026-03-24 12:00:00,638.88,639.35,636.62,637.48,2860.868,1457.914
2026-03-24 13:00:00,637.48,638.31,631.18,632.17,8231.734,3245.275
2026-03-24 14:00:00,632.17,634.26,627.2,629.91,10983.385,5316.282
2026-03-24 15:00:00,629.91,633.29,629.81,630.98,4687.399,2425.002
2026-03-24 16:00:00,630.97,632.02,628.19,629.27,3384.992,1853.78
2026-03-24 17:00:00,629.28,629.71,626.99,628.85,4201.924,1836.462
2026-03-24 18:00:00,628.84,632.46,628.69,630.69,2168.132,1304.923
2026-03-24 19:00:00,630.69,632.16,629.58,630.29,1193.496,626.407
2026-03-24 20:00:00,630.29,637.56,629.85,636.79,4915.66,3273.676
2026-03-24 21:00:00,636.79,637.7,635.06,637.62,2057.004,907.168
2026-03-24 22:00:00,637.63,638.74,635.8,636.75,1966.873,1023.698
2026-03-24 23:00:00,636.76,639.79,636.41,638.3,2619.92,1512.988
2026-03-25 00:00:00,638.31,641.7,637.5,640.08,4241.533,2481.295
2026-03-25 01:00:00,640.08,641.27,638.24,638.99,6265.516,2087.455
2026-03-25 02:00:00,638.99,640.2,638.4,639.37,2467.855,1298.276
2026-03-25 03:00:00,639.36,643,638.48,642.22,3445.67,1837.412
2026-03-25 04:00:00,642.22,643.19,641.59,642.82,2618.709,1488.21
2026-03-25 05:00:00,642.82,645.86,642.46,643.83,3833.441,2037.433
2026-03-25 06:00:00,643.82,647.19,643.73,644.86,5217.029,2518.514
2026-03-25 07:00:00,644.86,646.2,643.09,643.57,6210.973,3676.557
2026-03-25 08:00:00,643.57,648.74,643.41,647.17,8500.907,4932.39
2026-03-25 09:00:00,647.18,650.16,646.88,649.28,11042.712,6768.477
2026-03-25 10:00:00,649.28,649.48,646,646.87,10518.14,4161.009
2026-03-25 11:00:00,646.87,650.92,646.74,648.36,6122.313,2949.291
2026-03-25 12:00:00,648.36,650.75,645.83,648.99,6716.081,3225.744
2026-03-25 13:00:00,648.99,652.8,648.17,649.5,5329.622,2542.907
2026-03-25 14:00:00,649.5,650.29,647,647.12,4483.501,1654.414
2026-03-25 15:00:00,647.13,647.49,641.92,645.65,7820.671,2944.59
2026-03-25 16:00:00,645.64,651.15,645.08,647.56,7256.313,3281.995
2026-03-25 17:00:00,647.57,648.24,645.04,645.3,2689.079,1187.489
2026-03-25 18:00:00,645.3,646.61,644.09,645.43,3189.219,1714.555
2026-03-25 19:00:00,645.42,647.32,645.1,646.03,1508.232,841.604
2026-03-25 20:00:00,646.03,646.85,644.04,646.81,1660.454,884.718
2026-03-25 21:00:00,646.81,648.65,646.3,647.17,1653.922,832.873
2026-03-25 22:00:00,647.17,650.26,645.96,649.05,2169.979,1280.94
2026-03-25 23:00:00,649.06,649.12,646.71,647.66,2557.069,1294.764
2026-03-26 00:00:00,647.67,648.47,646.29,647.2,1407.29,741.669
2026-03-26 01:00:00,647.2,647.8,645.84,646.61,1538.291,746.954
2026-03-26 02:00:00,646.6,646.66,642.54,643.67,2987.55,1355.548
2026-03-26 03:00:00,643.66,643.85,641.33,642.9,3824.571,1818.68
2026-03-26 04:00:00,642.91,643.3,641.11,642.27,3500.177,1746.977
2026-03-26 05:00:00,642.28,642.48,634.53,635.19,6806.882,3108.407
2026-03-26 06:00:00,635.19,635.96,633.44,635.24,4614.781,2042.687
2026-03-26 07:00:00,635.24,635.89,633.85,635.37,3041.103,1470.299
2026-03-26 08:00:00,635.38,635.44,632.5,633.54,4249.276,1959.551
2026-03-26 09:00:00,633.55,633.92,628.1,630.08,7161.329,2855.746
2026-03-26 10:00:00,630.07,631.64,628.82,630.73,3653.653,1917.92
2026-03-26 11:00:00,630.73,630.97,628.18,629.17,3241.901,1587.933
2026-03-26 12:00:00,629.17,629.99,628.46,629.68,2785.96,1318.112
2026-03-26 13:00:00,629.67,632.7,628.5,631.54,5241.256,2739.195
2026-03-26 14:00:00,631.53,632.49,628.2,629.65,4307.135,1840.568
2026-03-26 15:00:00,629.65,629.78,625.11,626.82,7767.721,3966.483
2026-03-26 16:00:00,626.83,627.57,626,627.05,3079.384,1471.376
2026-03-26 17:00:00,627.05,628.89,624.89,625.69,3688.454,1360.182
2026-03-26 18:00:00,625.69,626.42,623.01,625.74,4457.394,2199.691
2026-03-26 19:00:00,625.73,626.76,625,625.68,3555.788,1156.586
2026-03-26 20:00:00,625.67,631.52,625.24,629.9,5717.588,3252.036
2026-03-26 21:00:00,629.9,631.51,628.68,630.78,2684.679,1091.057
2026-03-26 22:00:00,630.78,631.27,627.87,629.73,1785.838,751.665
2026-03-26 23:00:00,629.73,630.47,627.74,628.86,3620.072,1969.51
2026-03-27 00:00:00,628.86,629.67,627.38,629.13,3514.961,2215.508
2026-03-27 01:00:00,629.13,631.51,628.59,631.35,2856.858,1409.041
2026-03-27 02:00:00,631.36,631.87,630.12,630.45,2799.503,1544.101
2026-03-27 03:00:00,630.45,630.6,628.04,628.3,2360.423,1005.736
2026-03-27 04:00:00,628.31,628.31,625.11,627.36,4086.465,1956.125
2026-03-27 05:00:00,627.37,630,626.66,627.83,2312.425,1141.496
2026-03-27 06:00:00,627.84,628.87,627.59,628.1,2385.556,1081.843
2026-03-27 07:00:00,628.1,630.02,627.4,628.45,3596.413,1466.339
2026-03-27 08:00:00,628.46,629.15,617.88,620.6,13606.782,4469.403
2026-03-27 09:00:00,620.59,621.51,618,619.97,5017.861,2274.671
2026-03-27 10:00:00,619.98,620.27,607.77,609.1,22105.288,8287.725
2026-03-27 11:00:00,609.11,612.33,607.18,611.07,11283.294,6646.616
2026-03-27 12:00:00,611.07,611.94,609.9,611.28,4918.478,2669.962
2026-03-27 13:00:00,611.28,612.31,607.23,608.22,8332.605,3515.246
2026-03-27 14:00:00,608.21,610.42,605.86,609.56,7505.12,3568.723
2026-03-27 15:00:00,609.56,614.03,609.27,610.66,9263.804,4982.297
2026-03-27 16:00:00,610.66,610.76,607.77,609.37,5348.257,2544.565
2026-03-27 17:00:00,609.38,611.96,607,607.46,4019.621,1971.352
2026-03-27 18:00:00,607.45,609.69,606.67,609.37,3102.644,1652.976
2026-03-27 19:00:00,609.36,610.84,608.27,610.17,2153.521,1290.668
2026-03-27 20:00:00,610.16,611.4,608.66,611.23,4649.04,3120.448
2026-03-27 21:00:00,611.22,612.2,610.73,611.01,1308.455,664.104
2026-03-27 22:00:00,611,611.07,609.86,610.63,2018.301,1065.322
2026-03-27 23:00:00,610.63,614.18,609.89,613.95,3188.955,1634.814
2026-03-28 00:00:00,613.95,614.07,612.17,612.43,3174.043,1497.661
2026-03-28 01:00:00,612.43,612.59,609.9,611.37,2873.621,1351.061
2026-03-28 02:00:00,611.38,612.77,610.63,610.87,2650.902,1382.133
2026-03-28 03:00:00,610.87,611.85,610.68,611.14,2079.434,1165.539
2026-03-28 04:00:00,611.15,611.89,610.53,611.08,2939.561,1200.673
2026-03-28 05:00:00,611.08,612.34,610.5,612.34,1931.173,1071.597
2026-03-28 06:00:00,612.34,614.61,611.88,613.81,5490.639,2897.546
2026-03-28 07:00:00,613.82,614.36,612.9,613.9,2954.099,1320.681
2026-03-28 08:00:00,613.9,614.27,612.53,612.53,5905.541,2934.023
2026-03-28 09:00:00,612.54,612.54,611.45,612.25,2529.789,1086.978
2026-03-28 10:00:00,612.25,613.47,610.46,611.54,2090.756,1085.399
2026-03-28 11:00:00,611.55,613.14,611.31,613,1574.395,1112.058
2026-03-28 12:00:00,612.99,614,611.59,612.57,2293.037,1182.518
2026-03-28 13:00:00,612.58,618.53,612.2,615.89,7673.265,4561.934
2026-03-28 14:00:00,615.89,617.56,614.67,615.13,4131.901,1758.196
2026-03-28 15:00:00,615.13,619,614.68,617.28,3782.635,1969.452
2026-03-28 16:00:00,617.29,617.51,616.46,616.94,2063.238,1010.052
2026-03-28 17:00:00,616.95,617.69,615.4,616.21,1493.076,580.411
2026-03-28 18:00:00,616.21,617.14,616.2,616.67,1293.499,604.116
2026-03-28 19:00:00,616.66,616.75,615.67,616.67,1332.702,682.803
2026-03-28 20:00:00,616.67,618.1,616.66,617.9,1409.867,730.265
2026-03-28 21:00:00,617.91,618.06,614.68,615.55,1754.283,706.757
2026-03-28 22:00:00,615.54,616.45,615.03,615.7,2276.872,1383.435
2026-03-28 23:00:00,615.69,615.69,610.71,611.08,4389.554,1692.824
2026-03-29 00:00:00,611.08,611.89,609.89,611.88,2252.65,860.154
2026-03-29 01:00:00,611.89,613.7,611.26,612.7,3004.525,1684.842
2026-03-29 02:00:00,612.7,613.84,612.56,613.54,1616.054,905.705
2026-03-29 03:00:00,613.55,615.3,613.09,614.05,4373.684,2390.043
2026-03-29 04:00:00,614.06,614.31,612.99,613.05,2723.79,1276.762
2026-03-29 05:00:00,613.06,614.11,612,613.67,1671.557,862.581
2026-03-29 06:00:00,613.66,614.7,613.3,613.95,1381.741,819.925
2026-03-29 07:00:00,613.95,614.26,612.84,613.68,1817.907,810.692
2026-03-29 08:00:00,613.68,614.35,613.41,613.84,2908.099,1407.574
2026-03-29 09:00:00,613.84,614.24,612.51,613.37,2260.58,1122.2
2026-03-29 10:00:00,613.37,613.37,610.95,612,3470.367,1387.975
2026-03-29 11:00:00,612,614.63,612,613.69,2027.142,988.138
2026-03-29 12:00:00,613.69,613.75,611.86,612.77,1424.786,657.028
2026-03-29 13:00:00,612.78,612.89,610,610.24,4097.448,1670.942
2026-03-29 14:00:00,610.24,612.46,609.03,609.28,4733.956,1645.213
2026-03-29 15:00:00,609.28,610.18,607.46,609.64,5538.017,1899.191
2026-03-29 16:00:00,609.63,611.06,609.16,609.54,1818.088,1010.964
2026-03-29 17:00:00,609.55,610,607.59,609.07,2088.157,1149.047
2026-03-29 18:00:00,609.07,610.03,608.49,609.51,1724.355,898.59
2026-03-29 19:00:00,609.51,609.84,609,609.23,950.283,527.352
2026-03-29 20:00:00,609.23,612.26,609.19,609.47,3658.402,1567.032
2026-03-29 21:00:00,609.47,611.1,609.17,610.99,1314.219,722.723
2026-03-29 22:00:00,610.99,610.99,596.42,604.32,20615.166,6054.057
2026-03-29 23:00:00,604.31,607.93,604.05,606.09,5940.746,2679.504
2026-03-30 00:00:00,606.09,614.5,605.09,609.64,6380.106,3671.592
2026-03-30 01:00:00,609.64,614.93,609.64,614.01,4486.819,2163.912
2026-03-30 02:00:00,614.02,619.08,612.51,616.62,7729.771,4554.724
2026-03-30 03:00:00,616.62,616.97,614.69,615.67,6296.399,2349.676
2026-03-30 04:00:00,615.68,618.02,615.68,617.08,5782.226,2485.355
2026-03-30 05:00:00,617.09,618.75,616.13,616.88,4886.194,2182.015
2026-03-30 06:00:00,616.88,617.99,615.51,615.61,3513.46,1563.807
2026-03-30 07:00:00,615.61,619.15,615.35,618.21,4748.318,2578.072
2026-03-30 08:00:00,618.22,621.4,617.1,619.95,11564.991,5039.208
2026-03-30 09:00:00,619.96,619.96,617.5,617.85,5117.087,2035.829
2026-03-30 10:00:00,617.85,618.28,616.29,618.13,3372.09,1343.174
2026-03-30 11:00:00,618.13,621.21,617.48,617.79,9034.706,4194.478
2026-03-30 12:00:00,617.79,620,617.57,619.57,4953.367,2534.672
2026-03-30 13:00:00,619.57,620.94,616.37,616.81,7300.643,2903.208
2026-03-30 14:00:00,616.81,618.25,613.4,617.22,5940.104,2869.458
2026-03-30 15:00:00,617.22,619.46,615.46,618.48,3758.993,1741.575
2026-03-30 16:00:00,618.48,618.66,615.29,616.69,3289.694,1245.334
2026-03-30 17:00:00,616.69,617.63,611.71,613.2,3378.62,1475.633
2026-03-30 18:00:00,613.2,613.6,610.11,610.8,3778.685,1489.254
2026-03-30 19:00:00,610.79,610.96,608.11,610.6,4624.557,2067.583
2026-03-30 20:00:00,610.61,611.63,608.79,610.08,3651.262,1615.041
2026-03-30 21:00:00,610.08,613.33,609.6,612.33,3266.861,1576.514
2026-03-30 22:00:00,612.33,613.63,610.63,611.05,2521.605,897.614
2026-03-30 23:00:00,611.04,611.04,607.27,609.29,3503.525,1300.879
2026-03-31 00:00:00,609.29,612.46,608.2,611.38,4159.174,2251.805
2026-03-31 01:00:00,611.4,619.76,610.5,616.62,5847.763,2765.484
2026-03-31 02:00:00,616.63,617.61,614.93,614.93,5208.762,1956.351
2026-03-31 03:00:00,614.93,615.12,612.58,613.6,3610.766,1500.888
2026-03-31 04:00:00,613.61,614.56,611.68,612.36,4282.171,1732.809
2026-03-31 05:00:00,612.36,613.81,611.18,613.27,3654.088,1420.885
2026-03-31 06:00:00,613.26,613.38,610.97,612.14,2328.618,750.278
2026-03-31 07:00:00,612.14,612.49,609.3,611.01,5249.741,2119.956
2026-03-31 08:00:00,611.02,611.21,606.4,607.2,9218.886,3651.332
2026-03-31 09:00:00,607.2,608.26,598.82,600.43,13751.913,5206.493
2026-03-31 10:00:00,600.44,603.46,599.99,602.79,6606.971,3556.767
2026-03-31 11:00:00,602.79,606.5,602.37,605.22,6390.532,3569.951
2026-03-31 12:00:00,605.23,607.86,604.3,606.21,4314.147,2671.238
2026-03-31 13:00:00,606.22,613.75,606.15,612.37,8295.729,4175.564
2026-03-31 14:00:00,612.36,615.98,606.52,608.34,10675.229,4204.298
2026-03-31 15:00:00,608.35,611.68,607.6,607.9,7554.322,3221.997
2026-03-31 16:00:00,607.9,616.59,607.8,614.29,8152.04,4118.769
2026-03-31 17:00:00,614.3,619.77,613.7,613.88,10770.632,4732.897
2026-03-31 18:00:00,613.88,617.2,613.88,615.95,4576.782,2632.062
2026-03-31 19:00:00,615.96,617.07,615.04,615.77,3208.41,1416.932
2026-03-31 20:00:00,615.76,619.32,615.76,619.18,3469.109,2130.945
2026-03-31 21:00:00,619.19,619.38,616.92,618,2017.55,998.477
2026-03-31 22:00:00,618,618.43,615.09,616.92,2824.396,1340.764
2026-03-31 23:00:00,616.91,618.11,616.19,617.43,2962.884,1295.012
2026-04-01 00:00:00,617.42,619.85,616,619.2,4208.205,2337.503
2026-04-01 01:00:00,619.21,619.5,615.36,615.52,3319.431,1713.108
2026-04-01 02:00:00,615.53,616.5,613.92,614.7,3455.326,1818.321
2026-04-01 03:00:00,614.71,617.33,614.71,616.76,4456.068,1971.087
2026-04-01 04:00:00,616.76,617.17,615.47,615.88,2809.117,1299.455
2026-04-01 05:00:00,615.89,619.44,614.96,617.35,9364.437,4229.292
2026-04-01 06:00:00,617.36,621.9,617.2,619.22,13379.454,6420.045
2026-04-01 07:00:00,619.22,621.05,616.14,616.32,5961.127,2380.338
2026-04-01 08:00:00,616.33,617.43,614.85,615.45,4666.735,2095.755
2026-04-01 09:00:00,615.46,616.11,613.89,615.61,5145.619,1977.184
2026-04-01 10:00:00,615.61,616.6,613.71,614.77,7035.878,2721.284
2026-04-01 11:00:00,614.77,615.79,614.04,615.34,4010.113,1466.416
2026-04-01 12:00:00,615.34,617.91,613.3,614.65,6346.962,3059.148
2026-04-01 13:00:00,614.66,616.51,609.87,610.91,10226.562,3807.366
2026-04-01 14:00:00,610.91,614.71,610.69,613.75,5095.251,2581.439
2026-04-01 15:00:00,613.75,615.21,612.05,614.82,4637.449,2252.499
2026-04-01 16:00:00,614.82,617.31,611.44,616.4,6722.573,3121.738
2026-04-01 17:00:00,616.39,619.5,613.76,614.1,4473.66,2160.175
2026-04-01 18:00:00,614.1,614.88,612.36,613.04,3521.866,1715.457
2026-04-01 19:00:00,613.05,614.63,612.59,613.76,3125.268,1336.727
2026-04-01 20:00:00,613.76,613.99,610.83,613.48,3268,1175.303
2026-04-01 21:00:00,613.48,616,613.39,614.42,3682.099,1455.826
2026-04-01 22:00:00,614.42,614.47,609.58,610.84,5514.349,1837.262
2026-04-01 23:00:00,610.85,611.5,609.88,610.81,2132.016,880.546
2026-04-02 00:00:00,610.81,613.6,610,613.6,4159.206,2074.384
2026-04-02 01:00:00,613.59,613.59,602.56,604.14,19624.929,9035.289
2026-04-02 02:00:00,604.13,604.17,596.16,597.09,17334.793,5112.167
2026-04-02 03:00:00,597.1,598.04,591.69,592.06,19768.636,7689.026
2026-04-02 04:00:00,592.06,592.51,587.34,587.91,17542.95,6189.631
2026-04-02 05:00:00,587.91,591.4,587.91,590.79,11572.732,5900.238
2026-04-02 06:00:00,590.79,591.76,588.55,590.03,9495.647,3794.73
2026-04-02 07:00:00,590.03,592.5,589.15,591.82,5688.566,2802.477
2026-04-02 08:00:00,591.82,591.82,587.57,587.91,9061.382,3226.683
2026-04-02 09:00:00,587.91,588.15,585.2,585.74,11356.572,4963.946
2026-04-02 10:00:00,585.74,586.32,581.04,581.39,12233.486,5047.478
2026-04-02 11:00:00,581.39,581.89,577.25,581.23,20899.172,7686.961
2026-04-02 12:00:00,581.23,581.4,575,575.4,26958.838,11354.376
2026-04-02 13:00:00,575.4,576.04,570.31,573.22,37110.971,20178.229
2026-04-02 14:00:00,573.23,579.2,571.56,576.05,17486.753,8587.459
2026-04-02 15:00:00,576.05,576.7,571.47,574.13,15905.237,8438.551
2026-04-02 16:00:00,574.12,581.27,573.82,579.89,14704.368,8591.915
2026-04-02 17:00:00,579.9,582.98,578.25,578.53,8276.295,3808.22
2026-04-02 18:00:00,578.52,582.69,578.31,581.95,3432.038,2026.652
2026-04-02 19:00:00,581.95,583.72,580.33,583.51,3498.814,1796.199
2026-04-02 20:00:00,583.5,584.83,582.74,583.64,2924.46,1709.405
2026-04-02 21:00:00,583.64,584.53,582.03,584.25,2764.541,1210.913
2026-04-02 22:00:00,584.24,584.78,581.14,583.26,3823.761,1453.365
2026-04-02 23:00:00,583.26,584.12,582.4,583.52,1994.172,1144.392
2026-04-03 00:00:00,583.52,585.65,582.86,584.03,4311.2,2206.389
2026-04-03 01:00:00,584.03,587.06,583.66,584.43,5652.629,2157.607
2026-04-03 02:00:00,584.44,586.02,581.93,584.81,5477.562,2863.282
2026-04-03 03:00:00,584.81,586.39,584.48,585.82,3812.815,2090.121
2026-04-03 04:00:00,585.82,587.03,585.01,586.62,2836.27,1253.952
2026-04-03 05:00:00,586.62,588.16,584.98,586.79,3224.276,1836.081
2026-04-03 06:00:00,586.79,587.73,585.42,586.21,2798.432,1500.337
2026-04-03 07:00:00,586.22,589,585.99,586.49,3422.097,1720.009
2026-04-03 08:00:00,586.5,588.31,584,585.75,4201.556,2026.64
2026-04-03 09:00:00,585.75,586.04,583.16,585.26,5832.141,2847.144
2026-04-03 10:00:00,585.25,585.96,583.58,585.88,2357.653,1229.486
2026-04-03 11:00:00,585.89,587.71,585.51,587.34,3284.532,1964.946
2026-04-03 12:00:00,587.34,590.31,584.58,585.4,6066.251,3287.157
2026-04-03 13:00:00,585.4,586.66,584.08,586.49,3355.842,1724
2026-04-03 14:00:00,586.5,588.35,585.72,587.75,3506.662,2209.014
2026-04-03 15:00:00,587.74,588.95,586.3,586.99,5069.582,1840.814
2026-04-03 16:00:00,586.99,588.96,586.98,588.81,2237.597,1320.675
2026-04-03 17:00:00,588.81,589.33,587.1,588.41,1713.244,1038.769
2026-04-03 18:00:00,588.42,589,587.54,588.02,1480.419,799.538
2026-04-03 19:00:00,588.03,588.83,586.63,588.66,1343.177,749.066
2026-04-03 20:00:00,588.66,589.21,588.1,588.46,998.364,607.826
2026-04-03 21:00:00,588.47,589.1,587.61,588.75,1541.992,654.868
2026-04-03 22:00:00,588.75,588.9,587,587.26,930.531,481.586
2026-04-03 23:00:00,587.26,588.65,587.09,588.31,1051.551,547.289
2026-04-04 00:00:00,588.32,588.65,587.24,587.68,1446.3,830.204
2026-04-04 01:00:00,587.68,588.36,587.1,587.69,1599.178,829.496
2026-04-04 02:00:00,587.68,588.72,587.51,588.28,1723.044,1161.9
2026-04-04 03:00:00,588.27,589.26,588.25,589.12,1661.249,822.748
2026-04-04 04:00:00,589.12,589.33,588.53,588.75,1389.511,528.88
2026-04-04 05:00:00,588.74,589.66,588.33,589.66,1946.692,1084.393
2026-04-04 06:00:00,589.66,592.25,589.66,591.57,4173.441,2192.161
2026-04-04 07:00:00,591.57,591.57,589.23,590,5751.677,2006.278
2026-04-04 08:00:00,590,591.73,589.24,589.44,4019.703,1714.529
2026-04-04 09:00:00,589.45,590.31,589.03,590.16,1831.925,886.73
2026-04-04 10:00:00,590.16,590.58,589.11,590.19,2400.679,1170.053
2026-04-04 11:00:00,590.2,590.45,589.2,589.49,2150.619,1164.394
2026-04-04 12:00:00,589.5,589.79,589.14,589.68,1859.584,840.434
2026-04-04 13:00:00,589.68,590.89,589.67,590.2,2036.091,805.773
2026-04-04 14:00:00,590.2,590.53,588.11,590.22,3605.692,1310.896
2026-04-04 15:00:00,590.22,591.82,589.81,591.11,4416.459,2255.186
2026-04-04 16:00:00,591.12,593.54,590.46,591.34,3486.562,1692.833
2026-04-04 17:00:00,591.35,592.92,590.7,592.69,2781.306,1393.406
2026-04-04 18:00:00,592.69,593.5,592.39,593.36,1977.608,987.713
2026-04-04 19:00:00,593.35,596.58,593.02,593.46,3735.075,2027.373
2026-04-04 20:00:00,593.46,593.72,592.71,593.57,1221.799,688.427
2026-04-04 21:00:00,593.57,595.16,593.23,594.46,1714.191,716.214
2026-04-04 22:00:00,594.47,594.88,593.8,594.25,1298.838,577.362
2026-04-04 23:00:00,594.24,594.29,592.54,593.36,1438.211,716.674
2026-04-05 00:00:00,593.36,594.05,592.21,592.45,1839.142,921.425
2026-04-05 01:00:00,592.46,593.65,591.71,591.92,2285.195,1162.804
2026-04-05 02:00:00,591.92,593.23,591.12,593.22,2703.795,1515.032
2026-04-05 03:00:00,593.23,593.66,592.69,593.43,1460.413,677.617
2026-04-05 04:00:00,593.42,593.55,592.82,593.12,1026.408,481.674
2026-04-05 05:00:00,593.11,594,592,592.25,2377.338,1206.862
2026-04-05 06:00:00,592.25,592.31,587.71,590.51,5096.998,2288.009
2026-04-05 07:00:00,590.52,591.42,589.63,590.46,3633.493,1478.597
2026-04-05 08:00:00,590.46,593.14,590.15,592.44,3379.177,1812.843
2026-04-05 09:00:00,592.44,593.79,592.44,593.39,1997.195,970.519
2026-04-05 10:00:00,593.39,594.97,592.93,593.86,2525.994,1207.857
2026-04-05 11:00:00,593.86,594.32,593,593.98,1500.39,863.276
2026-04-05 12:00:00,593.97,593.98,589.05,589.58,5189.572,2432.828
2026-04-05 13:00:00,589.57,589.64,587.13,589.1,4954.615,2042.186
2026-04-05 14:00:00,589.09,590.95,588.88,589.5,3064.53,1361.478
2026-04-05 15:00:00,589.5,596.42,588.53,593.13,7573.79,4266.718
2026-04-05 16:00:00,593.13,593.69,592.3,592.9,1982.135,939.901
2026-04-05 17:00:00,592.91,593.49,591.77,592.99,1974.572,1081.837
2026-04-05 18:00:00,593,593.63,591.84,592.2,1903.232,740.054
2026-04-05 19:00:00,592.2,593.59,591.67,592.53,1846.734,897.426
2026-04-05 20:00:00,592.53,593.62,591.33,593.47,2163.679,1106.63
2026-04-05 21:00:00,593.47,593.48,590.51,591.27,3024.132,1646.742
2026-04-05 22:00:00,591.27,597.72,590.81,597.1,4412.642,2546.644
2026-04-05 23:00:00,597.11,604.06,596.79,601.5,10116.779,5657.686
2026-04-06 00:00:00,601.5,607.66,601.5,603.44,9666.655,4910.469
2026-04-06 01:00:00,603.45,603.76,600.43,600.73,4655.743,1801.329
2026-04-06 02:00:00,600.73,605.02,600.6,602.98,4083.23,2498.831
2026-04-06 03:00:00,602.98,603.09,600.1,600.61,3402.072,1674.295
2026-04-06 04:00:00,600.62,601.45,598.63,599.99,5003.166,1868.34
2026-04-06 05:00:00,599.99,602.96,599.86,601.99,3316.983,2025.038
2026-04-06 06:00:00,601.99,604.19,600,601.36,5209.948,2316.797
2026-04-06 07:00:00,601.36,604.47,600.13,603.8,5310.643,2702.394
2026-04-06 08:00:00,603.81,605.32,603.78,604.18,3530.64,2068.776
2026-04-06 09:00:00,604.19,610.29,604.05,606.98,7673.589,4041.406
2026-04-06 10:00:00,606.99,607.9,605.59,606.61,3295.162,1691.845
2026-04-06 11:00:00,606.61,606.61,605.01,605.36,2921.378,1107.424
2026-04-06 12:00:00,605.36,605.63,604.11,604.33,3134.974,1291.995
2026-04-06 13:00:00,604.34,606.96,604.13,605.57,4410.984,2222.424
2026-04-06 14:00:00,605.57,608.5,604.86,607.09,6716.29,3595.851
2026-04-06 15:00:00,607.09,608.74,606.71,608.45,3371.725,1644.112
2026-04-06 16:00:00,608.45,609,605.61,605.65,4649.323,2337.999
2026-04-06 17:00:00,605.65,605.65,602.95,604.46,4427.354,1695.863
2026-04-06 18:00:00,604.46,607.27,603.56,606.93,2384.723,1439.058
2026-04-06 19:00:00,606.92,607,605.06,606.67,1825.547,1005.324
2026-04-06 20:00:00,606.68,607.96,605.82,606.48,2995.426,1045.113
2026-04-06 21:00:00,606.49,606.57,604.84,605.27,2344.132,1413.827
2026-04-06 22:00:00,605.27,605.95,600,600.04,4569.136,1997.775
2026-04-06 23:00:00,600.05,600.78,596.25,600.11,6060.726,2899.751
2026-04-07 00:00:00,600.1,601.32,598.69,599.14,3358.321,1606.508
2026-04-07 01:00:00,599.14,600.74,597.12,597.22,2937.454,1419.874
2026-04-07 02:00:00,597.22,599.52,596.38,598.47,3008.275,1699.648
2026-04-07 03:00:00,598.47,599.47,597.98,599.16,2147.136,1360.818
2026-04-07 04:00:00,599.15,601.88,598.18,600.2,2868.809,1790.209
2026-04-07 05:00:00,600.21,600.21,597.13,597.81,2681.13,1283.266
2026-04-07 06:00:00,597.8,599.07,596.78,598.84,2792.52,1474.548
2026-04-07 07:00:00,598.84,599.45,597.5,599.3,2835.124,1735.734
2026-04-07 08:00:00,599.29,602.95,599.21,602.36,5856.899,3719.655
2026-04-07 09:00:00,602.37,606.51,602.36,605.19,7391.204,4841.457
2026-04-07 10:00:00,605.19,605.37,597.17,597.66,12204.875,4156.87
2026-04-07 11:00:00,597.66,598.24,596.4,597.1,4381.657,2594.359
2026-04-07 12:00:00,597.1,599.76,592.2,598.4,9928.754,4698.703
2026-04-07 13:00:00,598.4,600,596.46,596.53,5675.784,2687.724
2026-04-07 14:00:00,596.52,596.94,593.33,594.51,7819.479,3669.917
2026-04-07 15:00:00,594.51,599.26,593.98,598.53,7194.726,5407.01
2026-04-07 16:00:00,598.53,602.74,598.53,601.23,8090.682,4746.835
2026-04-07 17:00:00,601.23,607.07,601,604.6,5100.759,3133.908
2026-04-07 18:00:00,604.59,604.83,602.64,603.35,2429.151,1016.185
2026-04-07 19:00:00,603.35,609.05,603.11,608.41,8373.676,5982.81
2026-04-07 20:00:00,608.41,609.9,607.23,607.86,3968.341,2251.615
2026-04-07 21:00:00,607.87,613.83,607.87,611.9,7716.247,4784.457
2026-04-07 22:00:00,611.9,619.5,611.9,619.46,22764.299,11062.269
2026-04-07 23:00:00,619.46,624.85,617.03,620.1,22001.59,11123.153
2026-04-08 00:00:00,620.11,621.46,615.02,617.5,11720.388,4860.761
2026-04-08 01:00:00,617.5,618.92,615.63,616,6353.992,2880.761
2026-04-08 02:00:00,616.01,617.44,614.86,615.28,6943.3,3581.546
2026-04-08 03:00:00,615.29,615.83,612.92,613.29,7379.178,2583.119
2026-04-08 04:00:00,613.29,616,613.21,615.22,9192.386,5820.234
2026-04-08 05:00:00,615.22,616.8,615.21,615.93,5184.911,2996.121
2026-04-08 06:00:00,615.93,617.4,613.9,614,4937.889,2342.997
2026-04-08 07:00:00,614,614.96,612.02,613.24,6443.178,2470.403
2026-04-08 08:00:00,613.24,613.86,611.35,612.8,8246.774,2727.758
2026-04-08 09:00:00,612.8,614.54,611.4,611.75,5108.278,2041.778
2026-04-08 10:00:00,611.76,612.97,611.2,611.93,4554.667,1329.626
2026-04-08 11:00:00,611.92,612.97,610.89,612.83,3937.742,2111.297
2026-04-08 12:00:00,612.83,614.78,611.53,613.48,14240.766,4410.75
2026-04-08 13:00:00,613.48,615.85,606.25,607.31,19153.086,7151.24
2026-04-08 14:00:00,607.3,608.23,601.16,602.59,13514.993,6133.065
2026-04-08 15:00:00,602.6,605.8,601.69,605.35,6540.077,3162.415
2026-04-08 16:00:00,605.34,607.19,604.83,605.2,7010.059,3308.836
2026-04-08 17:00:00,605.2,607.79,604.63,606.94,2595.382,1703.417
2026-04-08 18:00:00,606.95,607.01,602.75,603.03,3656.733,1509.792
2026-04-08 19:00:00,603.04,604.63,602.76,604.28,1883.844,1047.859
2026-04-08 20:00:00,604.28,604.93,603.58,604.86,1683.882,685.201
2026-04-08 21:00:00,604.86,607.38,604.86,606.49,1941.477,1203.869
2026-04-08 22:00:00,606.5,606.75,604.1,604.34,2516.325,1152.456
2026-04-08 23:00:00,604.34,604.34,599.45,601.16,7375.379,2262.863
2026-04-09 00:00:00,601.15,601.51,598.51,599.5,7729.302,3975.745
2026-04-09 01:00:00,599.49,601.51,596.94,601.51,5220.276,2462.867
2026-04-09 02:00:00,601.52,603.06,601.05,601.68,3298.581,1781.531
2026-04-09 03:00:00,601.69,601.69,600,600.16,1927.09,844.804
2026-04-09 04:00:00,600.16,600.3,598.86,598.97,2430.701,1000.281
2026-04-09 05:00:00,598.97,601.19,598.64,600.18,2775.27,1265.664
2026-04-09 06:00:00,600.18,600.74,598.67,600.5,1966.465,991.583
2026-04-09 07:00:00,600.5,601.01,599.82,600.01,3049.536,1489.581
2026-04-09 08:00:00,600.01,601.98,599.3,600.82,4597.788,2169.789
2026-04-09 09:00:00,600.82,603.04,599.88,602.76,4155.335,2295.777
2026-04-09 10:00:00,602.76,603.41,601.14,602.57,4317.381,2858.908
2026-04-09 11:00:00,602.57,603.13,601.26,602.44,2899.165,1357.236
2026-04-09 12:00:00,602.45,603.73,601.35,603.29,3001.827,1708.74
2026-04-09 13:00:00,603.29,603.65,600,600.65,4222.683,1977.679
2026-04-09 14:00:00,600.66,601.41,598.2,600.85,5050.359,1949.377
2026-04-09 15:00:00,600.85,607.34,599.7,606.01,9239.941,5497.234
2026-04-09 16:00:00,606.01,607.41,603.63,605.96,5305.155,2867.402
2026-04-09 17:00:00,605.96,608.77,605.48,608.45,5650.797,2744.893
2026-04-09 18:00:00,608.45,608.65,605.39,606.67,3783.184,1822.592
2026-04-09 19:00:00,606.66,609.5,606.32,608.76,5380.665,3995.386
2026-04-09 20:00:00,608.76,609.65,607.81,608.45,2240.328,1286.879
2026-04-09 21:00:00,608.46,610.26,606.69,606.9,4274.367,2269.334
2026-04-09 22:00:00,606.9,612.1,605.62,605.62,7953.82,3902.941
2026-04-09 23:00:00,605.63,606,601.9,603.03,6835.16,2678.943
2026-04-10 00:00:00,603.03,603.59,601.1,603.42,3054.599,1596.161
2026-04-10 01:00:00,603.42,605.4,601.04,603.01,5049.061,2284.752
2026-04-10 02:00:00,603.01,603.51,601,601.6,5355.755,3343.508
2026-04-10 03:00:00,601.61,601.62,599.79,601.14,4307.255,2029.53
2026-04-10 04:00:00,601.14,602.58,600.88,601.04,5705.208,4207.133
2026-04-10 05:00:00,601.04,602.61,600.57,601.79,2129.111,1348.47
2026-04-10 06:00:00,601.8,601.93,599.42,600.5,2889.688,1475.126
2026-04-10 07:00:00,600.51,601.32,599.04,599.29,3477.753,1834.469
2026-04-10 08:00:00,599.29,600.84,597.4,600.53,6939.382,2898.347
2026-04-10 09:00:00,600.53,602.17,600.23,601.71,3515.247,1958.712
2026-04-10 10:00:00,601.72,601.86,599.79,600.72,2772.154,1326.568
2026-04-10 11:00:00,600.71,603.49,600.43,602.57,6001.349,4123.905
2026-04-10 12:00:00,602.57,604.54,601.5,602.75,3723.965,2008.595
2026-04-10 13:00:00,602.75,603.27,601.04,602.3,3653.249,1639.897
2026-04-10 14:00:00,602.3,607.48,602,606.93,9845.701,5198.641
2026-04-10 15:00:00,606.93,608.76,602.81,603.27,10385.332,3566.667
2026-04-10 16:00:00,603.27,606.1,603.2,605.82,3744.805,2229.614
2026-04-10 17:00:00,605.83,607.37,605.33,607.28,2588.584,1320.411
2026-04-10 18:00:00,607.28,609.34,606.52,609.05,3162.095,1900.098
2026-04-10 19:00:00,609.06,609.99,608.31,609.6,3029.416,2002.449
2026-04-10 20:00:00,609.61,610.34,607.81,609.99,3508.093,2068.378
2026-04-10 21:00:00,609.99,610.12,606.37,607.51,4587.504,1373.714
2026-04-10 22:00:00,607.51,608.05,605.92,606.69,2825.409,1485.619
2026-04-10 23:00:00,606.7,606.7,605.29,605.54,2015.217,1031.582
2026-04-11 00:00:00,605.54,605.76,604.34,604.54,2656.845,1068.125
2026-04-11 01:00:00,604.53,605.43,603.4,605.08,3165.285,1797.01
2026-04-11 02:00:00,605.08,606.56,604.45,605.71,4389.568,2559.268
2026-04-11 03:00:00,605.71,607.73,605.7,606.76,3804.752,1985.185
2026-04-11 04:00:00,606.77,607.62,605.54,605.91,2773.043,1478.236
2026-04-11 05:00:00,605.91,606.85,604.82,605.57,3372.965,1511.759
2026-04-11 06:00:00,605.58,606.05,604.41,605.87,2241.824,1158.903
2026-04-11 07:00:00,605.87,606.56,605.49,606.09,2468.736,1448.123
2026-04-11 08:00:00,606.09,607.32,605.07,605.84,11835.304,5754.805
2026-04-11 09:00:00,605.85,607.25,605.63,606.69,3577.819,1875.599
2026-04-11 10:00:00,606.69,606.81,605.2,605.51,3347.763,1697.028
2026-04-11 11:00:00,605.52,605.79,604.31,605.36,4710.099,2903.886
2026-04-11 12:00:00,605.37,606.92,605.09,606.52,3057.691,1741.966
2026-04-11 13:00:00,606.52,606.53,603.76,604.73,3905.507,1816.279
2026-04-11 14:00:00,604.73,605.59,604.17,604.67,3217.344,1595.058
2026-04-11 15:00:00,604.67,606.67,604.24,605.74,4218.397,2377.986
2026-04-11 16:00:00,605.74,608.86,605.7,607.46,3061.597,1849.954
2026-04-11 17:00:00,607.47,608.4,606.43,607.89,2268.877,1392.191
2026-04-11 18:00:00,607.89,611.7,607.15,611.01,6088.572,3771.197
2026-04-11 19:00:00,611.01,614.12,611.01,612.92,6192.207,3317.529
2026-04-11 20:00:00,612.93,613.02,609.14,610.17,3679.963,1209.924
2026-04-11 21:00:00,610.17,611.24,609.87,610.02,2842.284,1009.808
2026-04-11 22:00:00,610.01,612.16,609.93,610.99,3145.522,1454.256
2026-04-11 23:00:00,610.98,610.98,605.94,607.05,4245.506,1575.213
2026-04-12 00:00:00,607.06,607.31,605.86,606.91,2847.237,1485.032
2026-04-12 01:00:00,606.92,607.44,590.21,593.61,18330.103,6771.381
2026-04-12 02:00:00,593.61,597.86,592.1,597.3,5742.468,3374.204
2026-04-12 03:00:00,597.29,597.84,595.03,595.5,4158.706,2198.283
2026-04-12 04:00:00,595.5,595.69,594.37,594.78,3535.616,1849.749
2026-04-12 05:00:00,594.79,596,594.1,595.71,3585.279,1858.667
2026-04-12 06:00:00,595.71,596,594.04,594.77,4577.933,2280.613
2026-04-12 07:00:00,594.78,594.78,592.87,594.3,3160.989,1691.562
2026-04-12 08:00:00,594.3,594.82,593.43,593.63,2305.075,1142.737
2026-04-12 09:00:00,593.64,594.41,593.09,593.5,2462.236,1220.088
2026-04-12 10:00:00,593.5,595.59,592.91,593.64,3620.674,1880.257
2026-04-12 11:00:00,593.64,595.48,593.46,595.42,4634.653,2348.351
2026-04-12 12:00:00,595.41,595.78,592.51,592.82,3949.694,1900.878
2026-04-12 13:00:00,592.82,593.01,590.77,591.25,5681.515,2565.067
2026-04-12 14:00:00,591.24,592.59,589.1,589.87,6867.439,2708.206
2026-04-12 15:00:00,589.87,592.1,589.87,591.65,3570.798,2101.805
2026-04-12 16:00:00,591.66,592.43,591,591.92,2543.941,1430.57
2026-04-12 17:00:00,591.92,593.36,591.37,592.7,3402.142,1675.628
2026-04-12 18:00:00,592.7,593.02,591.42,592.48,2967.508,1452.067
2026-04-12 19:00:00,592.49,593.09,592.31,592.36,2357.624,1039.561
2026-04-12 20:00:00,592.36,596.91,591.76,595.7,4250.349,2222.494
2026-04-12 21:00:00,595.7,596.85,594.3,595.39,1970.055,1121.68
2026-04-12 22:00:00,595.38,595.39,591.11,593.92,4465.973,2336.815
2026-04-12 23:00:00,593.91,593.91,590.95,592.19,2786.244,1377.003
2026-04-13 00:00:00,592.19,596.35,591.6,596.06,3282.743,2085.854
2026-04-13 01:00:00,596.07,596.75,594.94,596.46,2873.819,1566.028
2026-04-13 02:00:00,596.47,597.94,595.58,596.3,2774.113,1255.294
2026-04-13 03:00:00,596.3,596.63,594.55,594.68,2326.243,1106.785
2026-04-13 04:00:00,594.68,597.05,594.6,595.47,2398.863,1415.995
2026-04-13 05:00:00,595.47,597.86,595.22,597.79,2900.974,1402.662
2026-04-13 06:00:00,597.8,599.67,597.62,598.23,5702.173,4111.663
2026-04-13 07:00:00,598.22,598.46,596.09,597.26,5486.514,2125.596
2026-04-13 08:00:00,597.27,597.33,595.19,596.59,2951.231,1528.463
2026-04-13 09:00:00,596.59,598.12,596.59,597.31,4423.154,2823.978
2026-04-13 10:00:00,597.32,598.12,596.75,597.42,2900.359,1770.652
2026-04-13 11:00:00,597.43,598.71,597.13,597.2,2855.777,1591.727
2026-04-13 12:00:00,597.2,599.21,596.48,598.57,5349.08,3035.966
2026-04-13 13:00:00,598.56,599.93,595.58,599.78,6747.617,3858.108
2026-04-13 14:00:00,599.79,603.41,597.83,603.4,8874.389,4567.167
2026-04-13 15:00:00,603.41,605,600.05,603.4,10021.631,4744.238
2026-04-13 16:00:00,603.39,607.94,602.15,606.14,11995.029,6069.861
2026-04-13 17:00:00,606.14,607.86,604.45,604.78,5803.999,2685.175
2026-04-13 18:00:00,604.78,605.4,603.2,604.84,3802.824,1717.047
2026-04-13 19:00:00,604.83,609.17,603.88,608.59,6230.109,3747.762
2026-04-13 20:00:00,608.59,608.98,607.11,607.41,4170.792,1634.406
2026-04-13 21:00:00,607.42,609.36,607.21,607.97,3043.064,1732.697
2026-04-13 22:00:00,607.97,616.49,607.89,615.46,16447.962,9701.102
2026-04-13 23:00:00,615.46,617.97,614.09,614.71,15142.041,7844.891
2026-04-14 00:00:00,614.71,615.9,612,612.28,9249.096,4500.092
2026-04-14 01:00:00,612.28,614.19,610.86,613.81,4524.697,2375.139
2026-04-14 02:00:00,613.81,615.43,612.88,615.2,8158.524,4582.081
2026-04-14 03:00:00,615.2,616.14,614.51,616.13,6183.332,4181.835
2026-04-14 04:00:00,616.14,616.15,614.58,614.69,3812.896,1887.281
2026-04-14 05:00:00,614.69,614.77,611.88,612.81,7309.735,3435.976
2026-04-14 06:00:00,612.81,615.19,612.81,614.84,3471.802,1954.335
2026-04-14 07:00:00,614.84,615.63,613.33,613.55,5121.003,2821.058
2026-04-14 08:00:00,613.54,618.37,613.43,617.5,10494.58,6125.874
2026-04-14 09:00:00,617.51,619.15,617.25,617.9,6991.139,4034.378
2026-04-14 10:00:00,617.9,619.4,617.25,617.9,5316.745,2782.616
2026-04-14 11:00:00,617.89,617.89,615.53,616.41,5329.565,2373.078
2026-04-14 12:00:00,616.42,616.65,615.18,615.55,4192.995,1743.338
2026-04-14 13:00:00,615.55,622.53,615.49,622.24,13999.04,8690.668
2026-04-14 14:00:00,622.24,622.85,618.33,619.11,15149.936,6918.601
2026-04-14 15:00:00,619.12,625.38,618.41,623.45,14598.642,9253.256
2026-04-14 16:00:00,623.45,625.12,618.07,618.96,10217.808,4818.079
2026-04-14 17:00:00,618.96,620.27,615.72,617.04,17577.652,10413.975
2026-04-14 18:00:00,617.04,618.42,613.11,613.92,6577.478,3406.821
2026-04-14 19:00:00,613.92,615.3,611.94,613.95,3467.487,1588.469
2026-04-14 20:00:00,613.95,615,613.13,613.69,2009.374,914.626
2026-04-14 21:00:00,613.7,616.2,613.64,615.79,2007.67,1131.435
2026-04-14 22:00:00,615.79,617.16,613.98,614.14,3260.834,1677.171
2026-04-14 23:00:00,614.15,614.74,613.38,613.75,4360.001,2423.562
2026-04-15 00:00:00,613.75,617.06,613.75,616.85,4624.626,2610.963
2026-04-15 01:00:00,616.85,620,615.96,619.45,5946.496,4040.363
2026-04-15 02:00:00,619.45,619.8,615.46,616.05,4619.903,2863.983
2026-04-15 03:00:00,616.05,616.58,615.11,616.14,2036.708,989.699
2026-04-15 04:00:00,616.14,617.27,614.27,615.33,2877.529,1227.516
2026-04-15 05:00:00,615.34,616.39,613.02,613.42,3296.564,1468.149
2026-04-15 06:00:00,613.43,615.15,612.81,614.09,2643.126,1293.398
2026-04-15 07:00:00,614.09,614.57,610.71,611.54,7443.81,3366.667
2026-04-15 08:00:00,611.55,614.82,610.45,614.41,8063.772,5216.731
2026-04-15 09:00:00,614.42,615.82,613.74,615.55,4830.521,2770.234
2026-04-15 10:00:00,615.56,618.55,615.49,617.01,6676.293,4175.642
2026-04-15 11:00:00,617.02,620.66,617.02,619.7,5806.256,3050.634
2026-04-15 12:00:00,619.71,619.71,617.22,618.06,9220.505,4480.368
2026-04-15 13:00:00,618.07,619.24,616.58,618.97,4950.7,2005.968
2026-04-15 14:00:00,618.98,620.42,616.99,618.49,5082.054,2401.168
2026-04-15 15:00:00,618.49,619.77,616,619.04,5419.447,2416.593
2026-04-15 16:00:00,619.05,621.42,618.57,620.72,5325.247,3300.938
2026-04-15 17:00:00,620.72,621.77,619.95,621.44,3549.374,2193.906
2026-04-15 18:00:00,621.44,622.94,621,622.38,2784.265,1363.09
2026-04-15 19:00:00,622.39,627.64,622.26,625.38,5608.231,3525.321
2026-04-15 20:00:00,625.38,625.53,622.13,623.5,3473.033,1812.369
2026-04-15 21:00:00,623.49,623.8,622.13,623.28,1992.809,976.413
2026-04-15 22:00:00,623.28,626.8,622.85,624.28,5208.464,2970.062
2026-04-15 23:00:00,624.28,624.28,621.42,622.59,3463.487,1909.124
2026-04-16 00:00:00,622.58,623.25,620.38,623.24,4832.833,2128.39
2026-04-16 01:00:00,623.23,623.24,620.84,622.37,2737.218,1498.643
2026-04-16 02:00:00,622.38,626.16,622.15,624.2,3759.276,2032.792
2026-04-16 03:00:00,624.19,625.69,623.95,624.25,4712.053,2177.497
2026-04-16 04:00:00,624.25,625.17,622.31,623.36,3980.913,2030.037
2026-04-16 05:00:00,623.35,625.26,622.57,625.09,4383.426,2292.204
2026-04-16 06:00:00,625.1,626.08,624.04,624.8,3088.508,1817.946
2026-04-16 07:00:00,624.8,625.36,621.86,622.69,4219.481,2018.78
2026-04-16 08:00:00,622.69,623.22,621,622.51,4380.804,2178.986
2026-04-16 09:00:00,622.51,623.95,621.81,622.75,4091.872,2249.063
2026-04-16 10:00:00,622.76,623.36,619.16,619.72,6215.787,2217.675
2026-04-16 11:00:00,619.72,621.16,618.86,620.95,2804.01,1537.219
2026-04-16 12:00:00,620.95,622.04,620.68,621.58,3261.114,1892.424
2026-04-16 13:00:00,621.58,623.98,614.89,617.63,10046.41,4257.847
2026-04-16 14:00:00,617.62,620.6,615.3,619.35,9094.038,4502.601
2026-04-16 15:00:00,619.35,626.38,618.64,624.89,8652.426,4790.698
2026-04-16 16:00:00,624.89,627.99,623.94,625.52,8474.081,4632.71
2026-04-16 17:00:00,625.52,627.63,623.6,627.44,4448.705,2354.007
2026-04-16 18:00:00,627.44,637.31,626.48,635.85,14635.829,9897.402
2026-04-16 19:00:00,635.85,637,633.92,636.55,7244.874,3508.903
2026-04-16 20:00:00,636.55,637.4,633.2,634.6,3497.795,1392.48
2026-04-16 21:00:00,634.61,635.08,631.71,632.63,3650.829,1608.348
2026-04-16 22:00:00,632.63,634.36,631.89,633.41,3047.206,1692.751
2026-04-16 23:00:00,633.42,636.65,633.01,635.77,6287.213,3113.548
2026-04-17 00:00:00,635.77,636.55,633.03,633.49,3492.362,1657.032
2026-04-17 01:00:00,633.5,634.41,629.44,631.28,3987.094,1674.379
2026-04-17 02:00:00,631.28,631.82,628.18,629.66,3523.408,1648.565
2026-04-17 03:00:00,629.65,631.22,628.99,629.26,4170.86,2462.507
2026-04-17 04:00:00,629.26,630.22,628.73,629.52,3363.605,2043.946
2026-04-17 05:00:00,629.53,629.83,627.14,627.87,4511.536,2233.647
2026-04-17 06:00:00,627.87,629.09,627.59,628.32,5193.469,2888.923
2026-04-17 07:00:00,628.33,629.72,626.66,627.21,6590.644,2554.093
2026-04-17 08:00:00,627.21,631.34,626.89,631,9413.96,5203.331
2026-04-17 09:00:00,631,635,629.57,632.75,10753.904,5688.874
2026-04-17 10:00:00,632.76,633.39,628.92,630.52,6519.334,3008.578
2026-04-17 11:00:00,630.52,633.97,630.28,632.5,3596.081,1771.886
2026-04-17 12:00:00,632.5,636.62,631.76,635.9,6659.145,3149.695
2026-04-17 13:00:00,635.91,643.4,635.43,643.04,23864.745,13284.304
2026-04-17 14:00:00,643.05,645.67,640.86,643.86,13825.651,7602.952
2026-04-17 15:00:00,643.86,643.86,641,643.34,6700.124,3309.195
2026-04-17 16:00:00,643.33,645.6,643.16,645.6,6226.093,3905.37
2026-04-17 17:00:00,645.59,645.6,640.03,641.84,5387.971,2578.184
2026-04-17 18:00:00,641.84,642.16,638.83,639.78,5401.195,1903.341
2026-04-17 19:00:00,639.78,642.04,638.88,641.36,2413.1,1105.83
2026-04-17 20:00:00,641.36,642.25,639.26,640.88,2713.571,1706.549
2026-04-17 21:00:00,640.88,642.62,640.86,642.4,3174.435,1832.014
2026-04-17 22:00:00,642.39,644.72,641.58,644.04,5754.871,3511.126
2026-04-17 23:00:00,644.04,644.77,641.76,643.12,6249.68,1791.476
2026-04-18 00:00:00,643.12,645.5,641.64,644,3537.586,1899.965
2026-04-18 01:00:00,644,646.88,643.19,644.98,7491.983,3887.659
2026-04-18 02:00:00,644.99,645.95,643.75,644.16,8183.573,3952.198
2026-04-18 03:00:00,644.16,644.16,640.06,640.2,9726.175,4533.38
2026-04-18 04:00:00,640.21,644.99,640.08,644.33,4435.583,2523.029
2026-04-18 05:00:00,644.33,648.79,644.18,645.08,9964.432,4842.836
2026-04-18 06:00:00,645.09,645.82,643.21,643.8,5396.04,2863.015
2026-04-18 07:00:00,643.81,644.53,642.76,643.35,7287.064,3538.83
2026-04-18 08:00:00,643.35,643.55,634.81,637.1,11006.258,4442.183
2026-04-18 09:00:00,637.1,637.1,633.58,635.87,4393.796,2043.848
2026-04-18 10:00:00,635.87,635.93,632,634.01,5010.051,2334.349
2026-04-18 11:00:00,634.01,634.63,631.52,633.37,6264.954,2920.954
2026-04-18 12:00:00,633.38,634.73,631.61,634.11,4021.582,2057.712
2026-04-18 13:00:00,634.1,634.54,631.42,633.57,3152.118,1785.329
2026-04-18 14:00:00,633.57,634.51,632.22,634.2,2920.756,1783.184
2026-04-18 15:00:00,634.2,635,632.44,633.37,3281.589,2117.381
2026-04-18 16:00:00,633.37,634.59,631.21,633.34,4794.005,3077.828
2026-04-18 17:00:00,633.34,634.12,631.82,633.51,2204.509,1068.265
2026-04-18 18:00:00,633.51,634.05,629.09,629.56,5208.461,2064.661
2026-04-18 19:00:00,629.57,631.28,628.03,630.39,3117.549,1693.543
2026-04-18 20:00:00,630.39,631.55,629.71,630.22,2054.142,1038.07
2026-04-18 21:00:00,630.23,631.84,629.7,631.79,1787.644,842.57
2026-04-18 22:00:00,631.79,631.79,629.69,630.89,3065.429,1689.621
2026-04-18 23:00:00,630.88,631.66,629.73,629.9,1360.08,655.619
2026-04-19 00:00:00,629.9,630.36,628.36,629.31,2345.629,1239.35
2026-04-19 01:00:00,629.32,630.43,627.47,628.07,3684.046,1297.404
2026-04-19 02:00:00,628.06,628.07,623.55,625.04,6121.484,2806.483
2026-04-19 03:00:00,625.03,625.3,621.08,623.26,4225.906,1856.012
2026-04-19 04:00:00,623.26,624.72,620.48,622.06,3836.211,1718.774
2026-04-19 05:00:00,622.06,623.49,621.84,622.65,3652.345,2213.137
2026-04-19 06:00:00,622.65,623.55,619.77,622.81,5173.484,2157.823
2026-04-19 07:00:00,622.81,622.82,618.1,620.32,5159.057,2493.452
2026-04-19 08:00:00,620.32,621.47,618,621.23,4504.501,2179.889
2026-04-19 09:00:00,621.23,621.6,619.08,619.89,3477.162,1680.333
2026-04-19 10:00:00,619.89,620.86,619.17,620.35,2915.049,1661.322
2026-04-19 11:00:00,620.35,623.33,620.16,622.4,3595.78,2154.381
2026-04-19 12:00:00,622.4,623.92,622.06,623.23,3311.745,1893.231
2026-04-19 13:00:00,623.23,626.23,623.1,625.16,5557.272,2999.201
2026-04-19 14:00:00,625.15,628.36,623.68,627.06,3665.167,2095.071
2026-04-19 15:00:00,627.07,627.56,623.33,626.07,6146.471,3095.361
2026-04-19 16:00:00,626.07,626.64,622.96,623.53,3971.69,1822.258
2026-04-19 17:00:00,623.53,625.05,620.31,620.42,4497.516,2412.641
2026-04-19 18:00:00,620.43,622.2,619.39,622.09,3486.747,1820.236
2026-04-19 19:00:00,622.09,623.51,622.09,622.93,1935.327,1189.24
2026-04-19 20:00:00,622.93,622.93,620,621.02,3412.058,1057.32
2026-04-19 21:00:00,621.03,623.36,620.12,620.46,2618.488,1472.453
2026-04-19 22:00:00,620.45,620.45,615,617.01,9738.242,5384.402
2026-04-19 23:00:00,617.01,617.79,615.1,616.06,3559.365,1539.095
2026-04-20 00:00:00,616.07,621.1,615.97,619.84,4610.905,2536.257
2026-04-20 01:00:00,619.85,622.8,619.66,621.93,2273.968,1414.807
2026-04-20 02:00:00,621.92,622,620.07,621.24,2624.054,1282.378
2026-04-20 03:00:00,621.24,622.04,621,621.69,2174.671,1276.765
2026-04-20 04:00:00,621.7,621.7,620.31,621.02,2068.294,1218.39
2026-04-20 05:00:00,621.01,621.01,617,618.74,3123.144,1407.303
2026-04-20 06:00:00,618.75,624.38,618.51,624.24,3785.144,2296.207
2026-04-20 07:00:00,624.23,629.48,623.21,624.69,6643.15,3646.987
2026-04-20 08:00:00,624.69,625.56,622.71,623.82,5345.832,2643.573
2026-04-20 09:00:00,623.81,627.03,623.47,626.71,4677.187,1907.85
2026-04-20 10:00:00,626.72,628.14,626.01,626.05,4118.23,1797.824
2026-04-20 11:00:00,626.04,626.8,625.15,625.5,3411.239,1709.588
2026-04-20 12:00:00,625.49,627.94,624.3,625.05,4920.4,1989.322
2026-04-20 13:00:00,625.05,626.6,623.4,625.82,7676.973,4231.208
2026-04-20 14:00:00,625.82,628.06,622.81,623.58,6928.703,3358.44
2026-04-20 15:00:00,623.59,628.36,620.87,628.31,4312.986,2239.662
2026-04-20 16:00:00,628.31,629.42,626.89,627.11,2987.224,1582.187
2026-04-20 17:00:00,627.12,630,626.71,629.48,3168.79,1857.855
2026-04-20 18:00:00,629.48,631.8,629.28,630.97,4669.74,2485.503
2026-04-20 19:00:00,630.97,631.7,630,630.56,1762.862,862.109
2026-04-20 20:00:00,630.57,631.9,629.56,631.01,4047.982,2151.005
2026-04-20 21:00:00,631.01,632.08,629.17,630.42,3443.092,1630.941
2026-04-20 22:00:00,630.42,631.5,628.75,628.94,1483.617,629.123
2026-04-20 23:00:00,628.93,629.4,628,629.26,1889.524,1106.18
2026-04-21 00:00:00,629.26,631.99,629.26,631.52,3330.319,1872.043
2026-04-21 01:00:00,631.52,632.46,630.12,630.47,2210.166,1196.327
2026-04-21 02:00:00,630.47,630.69,628.42,628.64,2730.461,1226.965
2026-04-21 03:00:00,628.63,630.19,628.1,629.87,2824.533,1477.043
2026-04-21 04:00:00,629.87,630.76,628.81,630.61,1885.044,1219.802
2026-04-21 05:00:00,630.61,632.06,630.55,630.91,2394.992,1444.804
2026-04-21 06:00:00,630.9,633.08,630.04,632.46,2410.782,1405.816
2026-04-21 07:00:00,632.46,633.93,631.78,632.88,4448.528,2679.488
2026-04-21 08:00:00,632.89,637.51,632.2,635.2,7499.125,5023.866
2026-04-21 09:00:00,635.21,636.88,634.69,636.75,8379.993,4725.944
2026-04-21 10:00:00,636.76,640.7,636.76,638.55,10904.39,6941.627
2026-04-21 11:00:00,638.56,638.63,633.44,634.14,14905.16,5124.727
2026-04-21 12:00:00,634.14,634.87,629.9,631.96,6353.037,2814.648
2026-04-21 13:00:00,631.96,633.14,630.69,632.27,3734.742,1859.713
2026-04-21 14:00:00,632.28,635.17,630.12,630.39,5402.492,2347.082
2026-04-21 15:00:00,630.39,632.83,629.37,631.81,3819.154,2094.738
2026-04-21 16:00:00,631.82,633.66,631.24,631.88,3520.441,1818.941
2026-04-21 17:00:00,631.88,632.15,627.04,629.74,4209.655,1840.534
2026-04-21 18:00:00,629.74,630.49,628.31,630.3,2183.635,1128.615
2026-04-21 19:00:00,630.31,631.58,625,626.6,3082.909,1401.794
2026-04-21 20:00:00,626.59,630.7,625.56,629.8,3578.825,2014.059
2026-04-21 21:00:00,629.81,630.11,628.68,629.19,1530.739,801.886
2026-04-21 22:00:00,629.19,629.71,627.71,628.9,1298.75,650.699
2026-04-21 23:00:00,628.89,632.45,628.8,631.72,2735.367,1784.177
2026-04-22 00:00:00,631.73,633.34,631.73,632.84,2196.356,1344.092
2026-04-22 01:00:00,632.85,633.1,631.19,632.68,1606.108,1000.999
2026-04-22 02:00:00,632.68,640.82,632.44,640.08,11139.423,7179.641
2026-04-22 03:00:00,640.08,641.4,639.12,639.57,5626.561,2795.315
2026-04-22 04:00:00,639.57,640.58,638.66,639.74,2983.534,1682.556
2026-04-22 05:00:00,639.75,644.95,639.65,642.84,16398.539,7558.652
2026-04-22 06:00:00,642.83,643.2,641.46,642.3,3660.383,1912.322
2026-04-22 07:00:00,642.3,642.82,641.26,641.99,2917.39,1414.239
2026-04-22 08:00:00,642,642.96,641,642.17,4271.833,1511.884
2026-04-22 09:00:00,642.17,643.81,641.75,642.13,2477.283,1177.298
2026-04-22 10:00:00,642.13,643.17,641,642.07,5359.626,1613.511
2026-04-22 11:00:00,642.07,642.97,641.13,642.77,3225.857,1429.215
2026-04-22 12:00:00,642.78,643.93,642.14,643.45,3365.515,1962.411
2026-04-22 13:00:00,643.45,654.19,643.11,650.59,17645.769,11387.749
2026-04-22 14:00:00,650.6,653.4,647.7,650.26,11826.154,5960.314
2026-04-22 15:00:00,650.27,650.45,648.29,649.1,6171.514,3376.799
2026-04-22 16:00:00,649.1,650.96,642.89,644.4,8093.459,3731.904
2026-04-22 17:00:00,644.4,645.78,643.72,644.68,4425.562,2463.806
2026-04-22 18:00:00,644.69,646.85,644.68,645.08,3357.954,1471.772
2026-04-22 19:00:00,645.08,646.49,643.93,644.1,2421.601,998.607
2026-04-22 20:00:00,644.1,644.18,640.46,641.06,7782.11,2213.494
2026-04-22 21:00:00,641.07,643.41,640.23,641.47,2592.139,1394.403
2026-04-22 22:00:00,641.47,642.43,639.42,640,2015.469,709.834
2026-04-22 23:00:00,639.99,640.57,637.33,637.47,3426.2,1637.982
2026-04-23 00:00:00,637.47,639.5,633.95,638.57,7572.807,3619.323
2026-04-23 01:00:00,638.58,639.11,636.82,637.76,2992.97,1521.993
2026-04-23 02:00:00,637.76,638.16,633.79,634.87,4894.421,2568.801
2026-04-23 03:00:00,634.86,635.88,633.23,635.6,7106.479,3586.766
2026-04-23 04:00:00,635.61,636.38,635.01,636.18,2689.391,1701.412
2026-04-23 05:00:00,636.17,637.19,635.47,636.96,1859.158,1083.612
2026-04-23 06:00:00,636.96,638.43,636.58,636.94,3931.349,1918.941
2026-04-23 07:00:00,636.95,637.2,635.3,635.7,4703.614,2406.037
2026-04-23 08:00:00,635.7,636.29,634.17,635.37,3223.64,1778.406
2026-04-23 09:00:00,635.38,635.45,632.12,632.85,4305.627,2007.556
2026-04-23 10:00:00,632.86,633.33,631,631.62,5066.76,2160.486
2026-04-23 11:00:00,631.63,634.14,631.24,633.56,4291.687,2583.729
2026-04-23 12:00:00,633.56,634.98,632,634.7,5474.271,2942.214
2026-04-23 13:00:00,634.69,635.99,634.33,635.99,3608.782,2393.74
2026-04-23 14:00:00,636,637.33,635.33,637.01,3196.107,1767.715
2026-04-23 15:00:00,637.01,640,635.85,639.74,6122.711,2811.331
2026-04-23 16:00:00,639.74,640.38,638.41,638.54,4028.96,1727.412
2026-04-23 17:00:00,638.54,638.92,631.14,633.88,8471.805,4117.276
2026-04-23 18:00:00,633.89,636.66,633.62,634.11,3418.58,1904.516
2026-04-23 19:00:00,634.11,636.55,633.65,635.91,2106.695,1000.839
2026-04-23 20:00:00,635.9,638.55,635.6,637.8,3226.126,1985.804
2026-04-23 21:00:00,637.8,638.96,636.86,637.81,2115.811,1228.417
2026-04-23 22:00:00,637.81,639.79,637.8,638.57,1561.743,945.798
2026-04-23 23:00:00,638.56,638.86,637.56,638.54,2439.762,1200.098
2026-04-24 00:00:00,638.55,640.42,638.08,639.92,2009.003,1237.636
2026-04-24 01:00:00,639.93,639.93,637.43,639.6,1772.705,845.828
2026-04-24 02:00:00,639.6,639.76,636.6,636.77,2348.855,1035.942
2026-04-24 03:00:00,636.77,636.82,633.6,634.61,3401.037,1869.662
2026-04-24 04:00:00,634.61,634.61,632.45,633.87,3519.305,1578.188
2026-04-24 05:00:00,633.87,634.66,632.04,634.11,3629.088,1977.725
2026-04-24 06:00:00,634.11,635.36,633.38,634.56,3000.424,1703.288
2026-04-24 07:00:00,634.57,637.17,634.33,635,3460.321,1721.608
2026-04-24 08:00:00,634.99,637.87,634.54,637.04,3998.343,2003.728
2026-04-24 09:00:00,637.04,637.19,633.33,633.97,4751.51,2614.195
2026-04-24 10:00:00,633.97,635.55,633.6,634.88,2611.252,1421.281
2026-04-24 11:00:00,634.89,638.75,634.89,638.1,4605.173,2735.365
2026-04-24 12:00:00,638.1,638.82,636.48,638.56,2481.986,1376.815
2026-04-24 13:00:00,638.57,640.49,637.42,638.45,4329.815,2175.699
2026-04-24 14:00:00,638.44,639.11,636.05,638.23,4988.325,3286.272
2026-04-24 15:00:00,638.23,639.78,635.95,639.6,5154.399,3400.799
2026-04-24 16:00:00,639.6,639.97,636.75,637.9,3575.124,2003.896
2026-04-24 17:00:00,637.91,638.49,636.54,637.76,2544.083,1212.723
2026-04-24 18:00:00,637.77,637.86,635.34,637.48,1395.245,766.861
2026-04-24 19:00:00,637.48,638.9,636.76,638.24,1375.004,842.556
2026-04-24 20:00:00,638.24,638.3,636.46,637.99,1665.686,829.192
2026-04-24 21:00:00,638,638.37,636.89,637.47,2026.913,1049.686
2026-04-24 22:00:00,637.47,637.71,635.43,636.11,1207.361,709.129
2026-04-24 23:00:00,636.12,636.68,635.94,636.21,774.861,434.787
2026-04-25 00:00:00,636.21,636.66,635.49,635.97,2530.278,907.366
2026-04-25 01:00:00,635.97,637.34,635.75,637.04,1648.716,948.239
2026-04-25 02:00:00,637.04,637.69,636.56,637.68,2301.189,1588.88
2026-04-25 03:00:00,637.69,637.69,636.91,637.45,2412.311,1306.3
2026-04-25 04:00:00,637.45,637.89,636.92,637.73,1051.799,630.967
2026-04-25 05:00:00,637.72,637.72,636.41,636.7,1098.403,531.757
2026-04-25 06:00:00,636.7,638.08,636.29,637.45,1496.898,865.371
2026-04-25 07:00:00,637.46,637.61,636.7,636.7,1808.404,1086.367
2026-04-25 08:00:00,636.71,638.5,636.47,638.07,2755.457,1682.538
2026-04-25 09:00:00,638.08,638.34,637.16,637.65,2863.479,1468.414
2026-04-25 10:00:00,637.64,638.3,637.46,637.99,1182.141,728.642
2026-04-25 11:00:00,637.99,637.99,634.2,634.66,2987.149,1180.935
2026-04-25 12:00:00,634.66,635.15,632.85,632.93,2782.914,1519.97
2026-04-25 13:00:00,632.94,633.9,632.73,632.74,4020.019,1935.573
2026-04-25 14:00:00,632.74,632.9,630.92,630.92,5414.339,2320.469
2026-04-25 15:00:00,630.92,631.67,629.11,629.91,7505.676,2196.388
2026-04-25 16:00:00,629.9,630.41,627.36,629.52,3821.678,1632.793
2026-04-25 17:00:00,629.52,629.99,627.32,627.41,2797.847,1370.504
2026-04-25 18:00:00,627.41,629.13,627.15,628.71,1665.064,895.621
2026-04-25 19:00:00,628.71,629.4,628.17,628.66,1086.961,583.143
2026-04-25 20:00:00,628.67,629.41,628.34,629.33,816.69,462.336
2026-04-25 21:00:00,629.32,629.75,628.92,629.4,1704.993,1002.838
2026-04-25 22:00:00,629.41,630.43,629.01,629.57,1040.631,614.374
2026-04-25 23:00:00,629.57,629.67,628.4,628.53,2125.301,821.38
2026-04-26 00:00:00,628.52,629.34,627.5,628.81,2487.504,1416.058
2026-04-26 01:00:00,628.82,630.35,628.24,629.77,2323.55,1283.332
2026-04-26 02:00:00,629.77,630.11,629.18,629.94,1329.357,490.541
2026-04-26 03:00:00,629.95,629.99,627,628.63,1773.533,804.101
2026-04-26 04:00:00,628.63,630.72,628.27,630.09,1965.918,1399.453
2026-04-26 05:00:00,630.09,632.79,630.01,631.62,2962.866,1580.717
2026-04-26 06:00:00,631.62,632.46,630.76,631.04,2165.518,910.812
2026-04-26 07:00:00,631.05,632.61,630.96,632.52,2718.101,1362.93
2026-04-26 08:00:00,632.52,632.75,629.9,630.6,3854.853,1646.924
2026-04-26 09:00:00,630.61,632.31,630,631.7,3126.565,2161.815
2026-04-26 10:00:00,631.7,631.84,631.19,631.44,1371.693,725.083
2026-04-26 11:00:00,631.44,632.7,631.44,632.54,1459.701,742.458
2026-04-26 12:00:00,632.55,632.55,630.6,630.97,1960.955,956.194
2026-04-26 13:00:00,630.98,631.86,630.64,631.37,1905.487,1041.447
2026-04-26 14:00:00,631.38,633.03,630.88,632.14,3605.979,1670.901
2026-04-26 15:00:00,632.14,632.88,631.62,632.29,1904.968,914.858
2026-04-26 16:00:00,632.29,632.54,631.08,631.15,1188.989,551.639
2026-04-26 17:00:00,631.14,632,630.59,631.99,787.617,462.766
2026-04-26 18:00:00,631.99,634.4,631.72,633.87,2853.772,1709.721
2026-04-26 19:00:00,633.86,636.74,633.5,635.89,4110.5,2552.913
2026-04-26 20:00:00,635.9,636.28,634.54,634.62,1181.827,639.187
2026-04-26 21:00:00,634.62,636.84,633,635.7,2625.484,1312.435
2026-04-26 22:00:00,635.7,638.06,633.69,635.02,1879.351,998.912
2026-04-26 23:00:00,635.03,636.79,633.84,635.76,2902.252,1116.605
2026-04-27 00:00:00,635.77,638.39,633.74,638.29,3026.52,1635.846
2026-04-27 01:00:00,638.3,639.81,635.73,638.49,5661.45,3161.506
2026-04-27 02:00:00,638.49,639.65,637.21,638.47,6653.152,2870.49
2026-04-27 03:00:00,638.48,639.78,638.18,638.27,2702.991,1543.023
2026-04-27 04:00:00,638.27,638.64,636.4,636.87,3931.953,1674.705
2026-04-27 05:00:00,636.88,637.11,627.88,629.2,11427.828,3942.421
2026-04-27 06:00:00,629.2,629.67,625.15,627.31,8870.59,5670.969
2026-04-27 07:00:00,627.32,627.59,625.5,625.87,4179.681,2079.779
2026-04-27 08:00:00,625.87,628.27,625.4,628.04,4345.813,2408.263
2026-04-27 09:00:00,628.04,628.94,627.3,628.49,2774.062,1579.251
2026-04-27 10:00:00,628.49,628.62,627.62,627.8,1619.312,748.993
2026-04-27 11:00:00,627.8,627.92,626.57,627.4,2197.544,1029.74
2026-04-27 12:00:00,627.39,627.39,625.2,625.79,3674.327,1399.355
2026-04-27 13:00:00,625.79,627.02,624.17,625.49,4835.465,2133.619
2026-04-27 14:00:00,625.49,628.56,625,626.29,5291.122,2161.972
2026-04-27 15:00:00,626.3,626.45,618.38,620.94,11576.961,5389.479
2026-04-27 16:00:00,620.93,622.3,620.5,621.5,4483.678,3002.491
2026-04-27 17:00:00,621.5,624.02,621.49,623.06,4400.113,2239.516
2026-04-27 18:00:00,623.05,623.8,622.25,623.49,2511.359,1047.725
2026-04-27 19:00:00,623.49,623.58,621.01,623.53,2251.739,1050.94
2026-04-27 20:00:00,623.53,624.36,623.52,623.95,1240.727,550.898
2026-04-27 21:00:00,623.96,624.68,623.33,623.34,2093.592,897.319
2026-04-27 22:00:00,623.34,625.12,623.13,624.78,1378.746,704.691
2026-04-27 23:00:00,624.78,627.31,624.3,626.83,2816.763,1681.541
2026-04-28 00:00:00,626.83,627.58,626.01,627.08,1550.845,599.047
2026-04-28 01:00:00,627.07,627.1,625.5,625.82,1700.772,618.528
2026-04-28 02:00:00,625.83,626.64,623.28,624.43,2348.921,982.929
2026-04-28 03:00:00,624.42,624.66,623.44,624.52,1525.969,650.282
2026-04-28 04:00:00,624.52,625.99,623.87,625.51,3005.751,1655.338
2026-04-28 05:00:00,625.51,626.62,624.43,624.75,2731.955,1393.907
2026-04-28 06:00:00,624.75,625.96,623.09,623.16,5546.394,2488.131
2026-04-28 07:00:00,623.16,624.5,621.86,624.26,5223.99,2254.185
2026-04-28 08:00:00,624.26,625.47,623.76,624.54,2067.307,979.879
2026-04-28 09:00:00,624.55,624.91,622.4,622.97,2458.514,1246.956
2026-04-28 10:00:00,622.97,623.83,622.41,622.71,2359.953,1110.934
2026-04-28 11:00:00,622.7,622.96,621.21,621.85,2790.751,1410.77
2026-04-28 12:00:00,621.86,623.54,621.13,623.26,3280.393,1827.335
2026-04-28 13:00:00,623.26,623.63,620.54,622.22,4927.969,2794.2
2026-04-28 14:00:00,622.22,622.29,619,622.29,5463.353,2356.245
2026-04-28 15:00:00,622.3,623,621.81,622.82,3209.095,1540.313
2026-04-28 16:00:00,622.82,623.59,621.82,623.48,2351.294,949.752
2026-04-28 17:00:00,623.48,624,622.43,623.52,2139.001,882.145
2026-04-28 18:00:00,623.52,624.01,623.05,623.73,1294.775,682.824
2026-04-28 19:00:00,623.73,624.3,622.97,624.17,1352.801,912.969
2026-04-28 20:00:00,624.17,624.46,623.74,624.28,1865.94,810.163
2026-04-28 21:00:00,624.29,624.66,623,623.61,1262.259,469.305
2026-04-28 22:00:00,623.61,624.38,622.87,623.24,947.531,453.403
2026-04-28 23:00:00,623.24,624.64,622.95,624.55,942.209,483.851
2026-04-29 00:00:00,624.56,624.91,623.57,624.6,1524.91,738.105
2026-04-29 01:00:00,624.61,625.33,622.56,624.72,2042.124,1076.389
2026-04-29 02:00:00,624.73,625.3,623.61,624.18,1881.419,881.055
2026-04-29 03:00:00,624.19,626.73,624.11,626.05,4232.689,1965.502
2026-04-29 04:00:00,626.05,628.5,625,627.86,5066.669,2982.092
2026-04-29 05:00:00,627.86,628.23,627.05,627.35,3185.836,1028.302
2026-04-29 06:00:00,627.35,627.61,625.49,626.06,3185.459,1644.564
2026-04-29 07:00:00,626.06,626.73,625,625.13,5208.463,2029.568
2026-04-29 08:00:00,625.13,625.86,624.54,625.62,4525.758,1937.736
2026-04-29 09:00:00,625.62,629.45,625.25,629.05,5079.587,2614.363
2026-04-29 10:00:00,629.06,629.61,627.46,627.85,3873.105,1624.509
2026-04-29 11:00:00,627.85,628,625.92,626.02,6000.836,1886.629
2026-04-29 12:00:00,626.01,626.06,622.19,623.88,4988.261,1983.231
2026-04-29 13:00:00,623.88,624.2,620.02,622.17,4039.956,2001.805
2026-04-29 14:00:00,622.16,622.86,620.63,621.13,3858.497,1425.889
2026-04-29 15:00:00,621.14,621.33,615.48,616.51,8198.364,3331.332
2026-04-29 16:00:00,616.52,618.01,616.21,617.73,4088.9,1975.904
2026-04-29 17:00:00,617.73,620.01,617.73,619.92,3826.145,1739.831
2026-04-29 18:00:00,619.92,620.28,610.26,613.76,15726.037,6436.901
2026-04-29 19:00:00,613.76,614.46,612.37,613.31,2913.086,1250.053
2026-04-29 20:00:00,613.32,616.15,613.02,615.39,2991.729,1826.964
2026-04-29 21:00:00,615.38,618.58,615.03,617.19,2498.511,1273.131
2026-04-29 22:00:00,617.18,618.14,616.56,618.03,1278.418,555.134
2026-04-29 23:00:00,618.03,618.24,616.72,617.39,1598.413,809.496
2026-04-30 00:00:00,617.39,620.41,616.33,620.28,4532.131,1765.277
2026-04-30 01:00:00,620.27,620.53,619.22,619.23,2057.651,783.76
2026-04-30 02:00:00,619.23,620.18,616.03,617.43,3999.705,2009.643
2026-04-30 03:00:00,617.42,618.48,616.99,617.88,1976.605,890.63
2026-04-30 04:00:00,617.88,618,614.53,614.66,2812.091,961.865
2026-04-30 05:00:00,614.66,616.51,613.47,616.35,5333.219,2051.68
2026-04-30 06:00:00,616.34,616.8,615.52,615.64,4085.447,1582.261
2026-04-30 07:00:00,615.65,618.26,615.52,617.5,6566.304,2494.032
2026-04-30 08:00:00,617.5,618.29,616.6,616.61,3506.393,1402.567
2026-04-30 09:00:00,616.61,618.75,616.57,616.9,2324.812,840.37
2026-04-30 10:00:00,616.9,617.28,615.62,615.84,2833.008,949.83
2026-04-30 11:00:00,615.85,617.33,614.38,615.63,5077.119,1363.21
2026-04-30 12:00:00,615.64,616.8,615,615.28,4345.726,1538.726
2026-04-30 13:00:00,615.29,616.7,614.14,615.6,4067.245,1900.363
2026-04-30 14:00:00,615.61,616.51,613.58,616.43,6486.738,3331.345
2026-04-30 15:00:00,616.42,618.13,615.76,617.1,4235.352,2106.48
2026-04-30 16:00:00,617.09,617.15,616,616.33,2402.697,1146.227
2026-04-30 17:00:00,616.33,617.36,615.75,617.11,2126.601,953.191
2026-04-30 18:00:00,617.11,618.69,617.1,617.56,1601.471,740.794
2026-04-30 19:00:00,617.57,618.84,617.23,618.45,1891.523,853.362
2026-04-30 20:00:00,618.44,618.61,617.73,617.74,1528.017,362.498
2026-04-30 21:00:00,617.73,617.79,616,616.01,1540.678,478.786
2026-04-30 22:00:00,616.01,616.41,614.91,615.08,1793.655,585.376
2026-04-30 23:00:00,615.08,615.63,614.79,615.38,1488.257,401.833
2026-05-01 00:00:00,615.38,616.8,615.28,615.57,2894.365,1354.283
2026-05-01 01:00:00,615.57,617.54,615.5,617.51,1918.189,953.188
2026-05-01 02:00:00,617.51,617.54,616.5,617.18,3678.681,1624.323
2026-05-01 03:00:00,617.18,621.29,616.9,618.5,5867.57,2900.752
2026-05-01 04:00:00,618.5,619.08,616.99,617.1,3437.91,1326.578
2026-05-01 05:00:00,617.11,618.29,616.99,617.9,1881.068,823.306
2026-05-01 06:00:00,617.9,618.37,616.03,616.66,2140.455,1085.942
2026-05-01 07:00:00,616.67,617.61,616.13,617.42,2934.677,1457.483
2026-05-01 08:00:00,617.42,619.56,617.13,618.67,2320.242,1108.41
2026-05-01 09:00:00,618.66,618.7,616.44,616.87,2813.9,1037.807
2026-05-01 10:00:00,616.87,617.41,615.94,617.4,4370.999,2143.74
2026-05-01 11:00:00,617.41,619,617.41,618.92,3728.483,1618.252
2026-05-01 12:00:00,618.92,620.84,618.44,619.14,7659.518,3503.037
2026-05-01 13:00:00,619.14,622.84,619.14,622.48,7664.283,3639.234
2026-05-01 14:00:00,622.47,622.82,619.56,620.7,5312.87,1806.766
2026-05-01 15:00:00,620.71,622.62,619.74,620.83,4811.647,1945.712
2026-05-01 16:00:00,620.83,621.79,619.35,619.55,3583.013,1457.408
2026-05-01 17:00:00,619.55,620.5,618.98,620.36,2074.056,949.788
2026-05-01 18:00:00,620.36,620.78,619,619.26,1754.886,684.86
2026-05-01 19:00:00,619.26,620.38,618.9,619.24,1465.188,555.917
2026-05-01 20:00:00,619.24,619.37,616.4,616.94,3082.45,1338.733
2026-05-01 21:00:00,616.94,617.69,616.73,617.32,1848.359,754.9
2026-05-01 22:00:00,617.33,617.88,614.94,615.13,7672.397,4161.004
2026-05-01 23:00:00,615.12,615.66,613.79,615.34,3138.534,902.077
2026-05-02 00:00:00,615.34,616.13,614.78,615.86,2589.412,1279.53
2026-05-02 01:00:00,615.86,616.58,615.59,615.81,1561.132,787.299
2026-05-02 02:00:00,615.82,617.26,615.61,616.11,1684.156,694.845
2026-05-02 03:00:00,616.11,616.87,615.4,616.19,1766.26,821.207
2026-05-02 04:00:00,616.19,616.22,614.48,615.01,3363.201,995.067
2026-05-02 05:00:00,615.01,615.67,614.15,615.21,1700.763,839.414
2026-05-02 06:00:00,615.21,616.3,614.86,616.21,1376.908,568.165
2026-05-02 07:00:00,616.21,616.4,615.25,615.91,1312.023,560.138
2026-05-02 08:00:00,615.9,616.2,615.24,615.73,2066.39,925.964
2026-05-02 09:00:00,615.74,615.93,615.22,615.64,1543.401,701.653
2026-05-02 10:00:00,615.63,615.86,615.16,615.76,1436.752,698.487
2026-05-02 11:00:00,615.76,615.76,614.71,615.66,1613.307,781.684
2026-05-02 12:00:00,615.67,616.45,615.38,615.89,2966.674,1464.995
2026-05-02 13:00:00,615.89,617.19,615.89,617.18,2842.743,1414.721
2026-05-02 14:00:00,617.18,617.62,616.65,616.77,3751.839,1816.445
2026-05-02 15:00:00,616.77,618.27,616.69,618.22,2639.992,1432.375
2026-05-02 16:00:00,618.22,619.38,617.73,618.63,3447.533,1568.552
2026-05-02 17:00:00,618.63,618.89,618.02,618.33,2070.724,1053.216
2026-05-02 18:00:00,618.32,619.21,617.71,618.63,1678.539,810.314
2026-05-02 19:00:00,618.63,618.97,618.23,618.83,1378.044,598.154
2026-05-02 20:00:00,618.84,618.85,618.26,618.56,1506.933,638.494
2026-05-02 21:00:00,618.57,621.81,618.56,619.57,3686.958,2182.458
2026-05-02 22:00:00,619.57,619.88,618.34,619.72,1730.131,742.975
2026-05-02 23:00:00,619.71,619.71,617.77,618.03,2260.179,778.578
2026-05-03 00:00:00,618.03,618.49,617,617.7,2163.222,1105.608
2026-05-03 01:00:00,617.7,617.77,615.55,616.02,2674.024,1173.503
2026-05-03 02:00:00,616.02,616.23,615.09,615.67,3621.007,1273.949
2026-05-03 03:00:00,615.67,616.56,615.35,616.22,2207.243,1313.774
2026-05-03 04:00:00,616.22,616.29,615.42,615.58,1697.096,710.452
2026-05-03 05:00:00,615.58,617.6,615.57,617.09,2424.961,1344.016
2026-05-03 06:00:00,617.09,617.22,615.31,616.88,3716.314,1071.829
2026-05-03 07:00:00,616.88,618.35,616.49,616.96,1911.708,832.938
2026-05-03 08:00:00,616.97,617.84,616.68,617.57,2568.151,1649.816
2026-05-03 09:00:00,617.58,619.4,617.55,618.64,3449.374,2100.223
2026-05-03 10:00:00,618.65,618.72,617.64,617.64,2947.455,1324.183
2026-05-03 11:00:00,617.64,619.54,617.14,618.81,3991.357,2488.564
2026-05-03 12:00:00,618.81,619.8,618.81,619.05,2808.033,1387.726
2026-05-03 13:00:00,619.06,619.25,618.14,619,3138.185,1467.945
2026-05-03 14:00:00,619,620.21,618.9,620,4112.627,2598.098
2026-05-03 15:00:00,619.99,620.57,619.59,619.87,3597.366,1528.826
2026-05-03 16:00:00,619.87,620.34,618.78,619.88,2334.978,1047.025
2026-05-03 17:00:00,619.88,620.78,618.95,619.78,3632.142,1483.727
2026-05-03 18:00:00,619.78,619.96,619.1,619.49,1799.882,780.561
2026-05-03 19:00:00,619.5,619.96,618.91,619.26,1831.314,822.503
2026-05-03 20:00:00,619.26,620.93,618.8,619.58,2935.306,1588.596
2026-05-03 21:00:00,619.59,619.95,617.9,618.88,3141.565,1255.405
2026-05-03 22:00:00,618.88,622,618.88,620.82,6399.603,4343.925
2026-05-03 23:00:00,620.83,622.27,617,617.27,3747.217,1269.95
2026-05-04 00:00:00,617.28,617.54,615.61,617.18,5142.093,2046.213
2026-05-04 01:00:00,617.18,623.2,616.33,622.21,5446.488,3035.596
2026-05-04 02:00:00,622.22,626.66,621.81,624.76,17256.271,7432.056
2026-05-04 03:00:00,624.76,626.58,623.88,626.57,9575.08,4502.857
2026-05-04 04:00:00,626.58,639,626.58,632.65,30948.662,16203.194
2026-05-04 05:00:00,632.65,634.63,631.84,633.26,13842.205,4914.404
2026-05-04 06:00:00,633.26,634.13,626.88,628.45,11387.357,4922.706
2026-05-04 07:00:00,628.46,629.58,627.68,628.4,4659.311,2080.58
2026-05-04 08:00:00,628.4,628.99,627.51,628.08,5494.794,2440.107
2026-05-04 09:00:00,628.09,631.01,627.73,630.55,4071.681,1956.283
2026-05-04 10:00:00,630.55,630.6,620,623.72,20388.276,7707.155
2026-05-04 11:00:00,623.71,624.57,622.36,622.9,4574.808,1902.397
2026-05-04 12:00:00,622.91,623.48,622.02,622.26,6629.273,3640.733
2026-05-04 13:00:00,622.27,624.5,621.19,623.36,9042.742,3888.494
2026-05-04 14:00:00,623.36,628.44,621.45,627.19,12256.113,5547.726
2026-05-04 15:00:00,627.19,628.43,623.48,625.47,15590.551,5365.48
2026-05-04 16:00:00,625.47,626.84,623.5,625.84,7400.547,3199.761
2026-05-04 17:00:00,625.84,628.8,625.71,627.74,5776.413,2801.281
2026-05-04 18:00:00,627.75,628,625.44,625.8,3495.096,1480.869
2026-05-04 19:00:00,625.8,625.86,624.72,624.93,2607.588,1044.246
2026-05-04 20:00:00,624.93,625.63,622.71,623.14,4832.665,1515.548
2026-05-04 21:00:00,623.15,625.41,623.14,625.03,2384.139,1117.448
2026-05-04 22:00:00,625.02,625.91,624.14,624.3,1892.089,887.173
2026-05-04 23:00:00,624.31,624.31,622.6,622.63,1954.759,754.72
2026-05-05 00:00:00,622.64,624.97,622.58,624.8,3454.31,2001.816
2026-05-05 01:00:00,624.8,625.68,624.14,624.65,3394.784,1438.812
2026-05-05 02:00:00,624.64,626.86,624.35,625.2,5106.271,2583.555
2026-05-05 03:00:00,625.21,628.86,624.8,627.81,7243.939,3937.736
2026-05-05 04:00:00,627.8,627.96,625.89,626.19,5115.396,1806.093
2026-05-05 05:00:00,626.19,628.6,625.73,628.21,4093.023,2169.15
2026-05-05 06:00:00,628.2,628.34,626.17,627.04,5711.079,2383.539
2026-05-05 07:00:00,627.04,628.81,626.78,627.54,7659.56,2430.775
2026-05-05 08:00:00,627.54,628.9,627.15,627.32,6116.396,2013.288
2026-05-05 09:00:00,627.32,627.47,625.94,626.99,5171.365,2093.512
2026-05-05 10:00:00,626.99,628.63,626.58,628.33,3840.331,2326.857
2026-05-05 11:00:00,628.32,628.94,627.93,628.59,8855.598,6123.882
2026-05-05 12:00:00,628.6,630.43,628.05,629.92,6350.758,3463.966
2026-05-05 13:00:00,629.92,634,629.91,631.04,13809.903,7228.734
2026-05-05 14:00:00,631.05,631.46,628.51,630.65,9406.747,3591.592
2026-05-05 15:00:00,630.65,632.34,630.23,631.01,5542.858,2601.869
2026-05-05 16:00:00,631.01,631.95,628.79,629.29,7200.006,3228.918
2026-05-05 17:00:00,629.3,629.42,627.81,628.97,7648.194,2906.258
2026-05-05 18:00:00,628.98,630.44,628.97,630.33,2745.516,1217.914
2026-05-05 19:00:00,630.33,632.38,630.18,631.72,5789.886,3274.569
2026-05-05 20:00:00,631.73,634.5,631.59,633.24,5975.417,3304.748
2026-05-05 21:00:00,633.24,635,631.7,633.28,5875.355,3143.113
2026-05-05 22:00:00,633.3,634.67,630.18,631.89,6975.854,3038.508
2026-05-05 23:00:00,631.88,632.31,629.71,630.42,3939.249,1658.81
2026-05-06 00:00:00,630.41,631.69,628.97,630.94,5027.862,2688.476
2026-05-06 01:00:00,630.93,634.46,630.53,634.35,4402.838,2485.088
2026-05-06 02:00:00,634.36,635,632.65,634.16,5154.551,2264.26
2026-05-06 03:00:00,634.16,636.01,631.16,635.17,8780.128,5101.137
2026-05-06 04:00:00,635.18,636.19,633.51,634.65,4657.171,2466.076
2026-05-06 05:00:00,634.65,634.94,632.85,634.85,3546.008,1938.11
2026-05-06 06:00:00,634.86,636.17,634.5,635.87,4027.874,2261.562
2026-05-06 07:00:00,635.88,640.43,635.69,637.99,13222.488,8536.824
2026-05-06 08:00:00,637.98,646.59,637.95,646.18,18204.554,10786.863
2026-05-06 09:00:00,646.18,647.7,643.44,646.96,15236.711,6836.795
2026-05-06 10:00:00,646.97,648.33,644.97,645.51,16548.52,8149.107
2026-05-06 11:00:00,645.51,652.66,645.39,652.56,28136.788,17380.137
2026-05-06 12:00:00,652.56,664.26,651.12,657.08,49770.698,29873.472
2026-05-06 13:00:00,657.08,657.09,645.86,647.41,15639.212,5854.102
2026-05-06 14:00:00,647.41,650.3,643.58,647.33,10650.277,5419.784
2026-05-06 15:00:00,647.34,649.54,646.71,648.51,5741.237,3063.653
2026-05-06 16:00:00,648.51,650.73,646.29,649.5,5950.472,3083.967
2026-05-06 17:00:00,649.5,650.41,647.8,648.59,4856.925,2646.514
2026-05-06 18:00:00,648.6,650.49,647.32,649.77,5875.308,3448.263
2026-05-06 19:00:00,649.77,650.93,648.78,650.45,3312.538,1845.486
2026-05-06 20:00:00,650.44,651.49,647.66,648.87,3055.02,1286.279
2026-05-06 21:00:00,648.87,650.51,647.38,649.78,1950.729,1004.73
2026-05-06 22:00:00,649.79,650.16,646.61,646.86,3583.751,1616.037
2026-05-06 23:00:00,646.86,647.76,644.46,647.74,4363.596,2475.532
2026-05-07 00:00:00,647.74,649.81,644.7,644.88,4766.74,2458.389
2026-05-07 01:00:00,644.88,645.46,641.94,645.11,11514.502,4654.274
2026-05-07 02:00:00,645.12,645.33,642.01,643.93,5883.638,2813.513
2026-05-07 03:00:00,643.94,644.51,641.64,642.53,7666.116,3847.021
2026-05-07 04:00:00,642.54,644.18,642.1,644.18,3731.792,1845.625
2026-05-07 05:00:00,644.18,647.08,644.13,647.08,4086.093,2695.626
2026-05-07 06:00:00,647.08,648.18,644.91,648.18,4855.548,2458.955
2026-05-07 07:00:00,648.18,653.49,647.62,651.91,6642.01,4312.467
2026-05-07 08:00:00,651.92,653.1,649.15,651.04,5158.696,2490.336
2026-05-07 09:00:00,651.05,651.07,647.48,648.91,7708.641,3708.087
2026-05-07 10:00:00,648.91,649.65,646.15,647.66,3866.919,1716.961
2026-05-07 11:00:00,647.66,649.23,646.51,648.01,4867.844,2069.516
2026-05-07 12:00:00,648.01,651,647.28,650.8,3966.895,2294.866
2026-05-07 13:00:00,650.8,650.8,645.36,646.82,7082.231,2661.299
2026-05-07 14:00:00,646.83,647.08,640.6,642.37,9140.019,4027.124
2026-05-07 15:00:00,642.37,644.02,639.41,642.45,9280.918,3495.102
2026-05-07 16:00:00,642.46,643.59,639.33,641.45,7909.232,3442.72
2026-05-07 17:00:00,641.45,643.65,639.75,643.63,4914.54,2377.683
2026-05-07 18:00:00,643.63,644.7,642.2,643.35,2673.188,1452.567
2026-05-07 19:00:00,643.35,644.19,641.92,643.71,2202.615,1076.188
2026-05-07 20:00:00,643.71,645.65,643.36,643.4,5723.42,4167.787
2026-05-07 21:00:00,643.41,643.92,641.22,642.48,2749.542,1249.93
2026-05-07 22:00:00,642.47,642.47,633.68,635.57,15114.031,6909.334
2026-05-07 23:00:00,635.57,637.5,634.35,637.02,2668.639,1447.352
2026-05-08 00:00:00,637.02,639.12,636.67,637.85,4557.393,2270.732
2026-05-08 01:00:00,637.85,638.53,636,638.1,2470.019,1246.416
2026-05-08 02:00:00,638.1,639.87,635.46,638.69,4681.681,2796.21
2026-05-08 03:00:00,638.69,640.54,636.81,639.44,3703.024,1923.585
2026-05-08 04:00:00,639.44,641,638.19,639.82,3288.616,2029.296
2026-05-08 05:00:00,639.83,640.13,638,638,3162.671,1653.224
2026-05-08 06:00:00,638.01,638.38,634.76,636.64,9441.31,3060.649
2026-05-08 07:00:00,636.64,637.07,634.91,636.91,8400.311,3827.587
2026-05-08 08:00:00,636.91,638.22,635.89,638.22,9632.427,4324.949
2026-05-08 09:00:00,638.22,639.66,637.54,638.38,3782.002,2043.098
2026-05-08 10:00:00,638.39,640.1,637.82,639.55,3831.669,2258.53
2026-05-08 11:00:00,639.55,641.56,639.55,641.02,4306.931,2668.132
2026-05-08 12:00:00,641.03,641.26,639.16,639.72,4182.501,1708.98
2026-05-08 13:00:00,639.72,640.09,637.54,638.96,3838.372,1696.842
2026-05-08 14:00:00,638.97,642.77,638.91,642.26,4532.975,2306.704
2026-05-08 15:00:00,642.26,644,639.42,643.92,5925.312,4263.67
2026-05-08 16:00:00,643.92,644.15,642.36,642.47,2523.88,1224.859
2026-05-08 17:00:00,642.47,647.08,642.38,645.75,4934.115,3037.423
2026-05-08 18:00:00,645.76,649.5,645.76,647.7,4763.448,2647.152
2026-05-08 19:00:00,647.71,648.77,646.89,648.09,2833.688,1553.596
2026-05-08 20:00:00,648.1,648.94,645.86,646.66,4486.012,1393.065
2026-05-08 21:00:00,646.67,650.01,646.19,650.01,2636.474,1659.063
2026-05-08 22:00:00,650.02,651.53,649.99,650.07,3484.235,1715.096
2026-05-08 23:00:00,650.07,650.5,647.81,649.36,2353.61,1139.161
2026-05-09 00:00:00,649.37,652.41,649.01,651.9,4427.702,2910.208
2026-05-09 01:00:00,651.9,655.88,651.87,654.41,6373.98,3853.966
2026-05-09 02:00:00,654.41,655.17,653.7,654.26,4306.747,2232.807
2026-05-09 03:00:00,654.26,654.92,652.98,653.66,3344.886,1727.994
2026-05-09 04:00:00,653.67,656,652.96,653.17,7758.841,5009.951
2026-05-09 05:00:00,653.17,653.17,650.91,651.15,14679.748,3937.581
2026-05-09 06:00:00,651.16,651.93,649.88,651.6,6798.258,3098.308
2026-05-09 07:00:00,651.6,651.6,648.95,649.77,3369.149,1284.605
2026-05-09 08:00:00,649.77,650.96,649.66,650.63,1954.073,1033.382
2026-05-09 09:00:00,650.63,651.03,648.55,649.8,2443.213,1175.679
2026-05-09 10:00:00,649.8,649.91,648.43,649.18,2669.912,1331.253
2026-05-09 11:00:00,649.19,650.61,649.07,650.04,2755.429,1586.858
2026-05-09 12:00:00,650.05,650.67,649.07,649.83,2516.72,1529.449
2026-05-09 13:00:00,649.84,649.96,648.42,649.46,2857.323,1438.262
2026-05-09 14:00:00,649.46,649.51,646.85,647,3317.145,1386.253
2026-05-09 15:00:00,647,648.5,646.23,647.66,2677.538,1228.073
2026-05-09 16:00:00,647.67,649.79,647.01,648.35,5753.775,1986.261
2026-05-09 17:00:00,648.35,650.62,648.34,649.9,6760.881,2417.544
2026-05-09 18:00:00,649.9,651.84,649.87,651.08,1857.939,1002.261
2026-05-09 19:00:00,651.09,651.27,650.46,651.01,1236.501,621.42
2026-05-09 20:00:00,651.01,651.38,650,650.62,2647.714,1782.106
2026-05-09 21:00:00,650.63,652.33,650.61,651.48,4837.196,3053.122
2026-05-09 22:00:00,651.49,652.36,650.49,651,1773.34,835.625
2026-05-09 23:00:00,650.99,651.59,649.53,649.75,1234.882,570.051
2026-05-10 00:00:00,649.76,650.5,646.49,646.9,7885.408,3711.082
2026-05-10 01:00:00,646.9,646.9,644.84,646.69,4043.912,1884.247
2026-05-10 02:00:00,646.69,647.86,645.63,647.69,2478.35,1576.019
2026-05-10 03:00:00,647.7,648.89,646.95,647.7,3616.464,1804.548
2026-05-10 04:00:00,647.71,648.68,647.34,648.01,1281.783,659.545
2026-05-10 05:00:00,648,648.79,647.58,648.39,1810.672,953.768
2026-05-10 06:00:00,648.39,648.95,647.28,648.51,2809.221,1401.23
2026-05-10 07:00:00,648.51,649.29,647.83,648.28,2697.372,1185.065
2026-05-10 08:00:00,648.29,650.72,648,650.37,3265.296,1634.194
2026-05-10 09:00:00,650.37,651.9,649.64,651.37,6704.574,2745.797
2026-05-10 10:00:00,651.37,651.63,649.82,650.9,2560.84,1319.278
2026-05-10 11:00:00,650.91,651.41,647.71,649.59,3531.255,1504.095
2026-05-10 12:00:00,649.59,649.64,648.47,649.61,2186.297,1130.288
2026-05-10 13:00:00,649.62,651.52,649.18,651.09,3861.152,2100.085
2026-05-10 14:00:00,651.1,652.49,649.99,651.7,3921.31,1853.95
2026-05-10 15:00:00,651.71,656.2,651.7,655.5,7514.226,3957.085
2026-05-10 16:00:00,655.51,657.54,654.4,657.12,5192.061,2920.806
2026-05-10 17:00:00,657.13,661,656.16,660.6,6627.967,4256.505
2026-05-10 18:00:00,660.61,662,659.46,660.65,5202.078,3019.308
2026-05-10 19:00:00,660.66,662.38,658.8,661.14,2633.706,1399.885
2026-05-10 20:00:00,661.14,662.68,648.71,651.68,10292.33,4174.97
2026-05-10 21:00:00,651.68,654.66,650.77,652.53,6042.285,3445.287
2026-05-10 22:00:00,652.52,666.5,651.8,665.79,16892.653,10031.101
2026-05-10 23:00:00,665.79,666.66,663.24,663.55,6226.005,3015.149
2026-05-11 00:00:00,663.56,664.85,656.46,657.82,6733.129,2984.592
2026-05-11 01:00:00,657.82,660.54,655.76,657.2,7393.923,3996.903
2026-05-11 02:00:00,657.2,657.95,654.03,655.34,6930.179,3486.239
2026-05-11 03:00:00,655.35,655.35,650.07,651.79,9632.18,4343.367
2026-05-11 04:00:00,651.8,653.29,650.63,652.04,7741.232,4069.072
2026-05-11 05:00:00,652.05,653.84,651.04,652.99,6231.34,2946.609
2026-05-11 06:00:00,652.99,654.17,650.78,651.5,6268.152,2991.794
2026-05-11 07:00:00,651.5,651.5,650.03,650.61,6626.85,2903.148
2026-05-11 08:00:00,650.61,651.98,649.46,651.06,6694.325,2956.685
2026-05-11 09:00:00,651.06,653.22,650.91,653.07,7488.571,4444.39
2026-05-11 10:00:00,653.06,654.64,652.88,653.89,6908.955,3041.123
2026-05-11 11:00:00,653.89,655.92,653.2,655.92,6638.856,3393.146
2026-05-11 12:00:00,655.92,656.52,654.17,654.75,6077.356,2855.975
2026-05-11 13:00:00,654.75,656.72,651.49,654.5,7710.361,3120.007
2026-05-11 14:00:00,654.51,656.46,651.8,656.24,7434.147,3460.987
2026-05-11 15:00:00,656.24,661.51,655.71,661.5,9835.205,5902.18
2026-05-11 16:00:00,661.51,663.31,659.87,661.51,8591.558,4025.31
2026-05-11 17:00:00,661.52,663,659.5,662.54,5348.272,3151.22
2026-05-11 18:00:00,662.54,663.4,661.28,661.53,6192.67,3203.757
2026-05-11 19:00:00,661.54,663.56,660.98,663.32,7006.306,4200.588
2026-05-11 20:00:00,663.31,663.9,661.02,662.66,4717.593,3006.332
2026-05-11 21:00:00,662.66,664.36,662.46,663.94,4115.559,2630.787
2026-05-11 22:00:00,663.94,671.46,663.15,670.06,20457.094,13298.557
2026-05-11 23:00:00,670.07,673,668.14,670.6,10891.432,5757.748
2026-05-12 00:00:00,670.6,671.47,667.54,668.71,8667.849,4065.306
2026-05-12 01:00:00,668.71,669.7,659.09,663.45,17387.456,8366.056
2026-05-12 02:00:00,663.44,665.12,661.18,662.88,5417.198,2545.192
2026-05-12 03:00:00,662.89,663.65,661.04,662.02,2863.558,1237.035
2026-05-12 04:00:00,662.02,664.31,661.14,662.58,5215.846,2113.572
2026-05-12 05:00:00,662.58,664.18,662.37,662.37,3902.347,1789.903
2026-05-12 06:00:00,662.38,663.52,659.89,660.16,4846.778,1960.108
2026-05-12 07:00:00,660.17,660.86,657.76,658.59,5579.73,2508.293
2026-05-12 08:00:00,658.6,660.3,657.55,659.38,4607.493,2664.519
2026-05-12 09:00:00,659.38,662,658.62,661.86,3843.417,1940.876
2026-05-12 10:00:00,661.85,662.48,660.24,661.54,4040.643,1854.675
2026-05-12 11:00:00,661.55,663.4,660.76,663.4,5813.318,2988.874
2026-05-12 12:00:00,663.4,664.75,661.17,661.51,7608.403,3030.947
2026-05-12 13:00:00,661.52,662.87,656.4,657.14,9603.634,3915.599
2026-05-12 14:00:00,657.15,658.74,652.78,654.06,14974.178,7543.132
2026-05-12 15:00:00,654.07,656.32,650.49,652.26,12962.888,5186.044
2026-05-12 16:00:00,652.26,654,650.56,651.85,4493.719,2187.996
2026-05-12 17:00:00,651.86,656.8,651.86,656.45,4589.458,2683.761
2026-05-12 18:00:00,656.45,660.84,656.25,660.38,6850.442,4664.101
2026-05-12 19:00:00,660.39,663.38,660.38,663.07,5620.546,3602.133
2026-05-12 20:00:00,663.07,665.69,663.06,665.42,5537.278,4099.138
2026-05-12 21:00:00,665.42,667.29,664.48,665.26,6494.576,3427.857
2026-05-12 22:00:00,665.26,668,665.26,666.27,5108.961,2972.392
2026-05-12 23:00:00,666.27,666.68,664.1,664.95,5587.373,3748.417
2026-05-13 00:00:00,664.95,668.14,664.36,667.57,6216.016,3975.643
2026-05-13 01:00:00,667.57,679.87,666.99,678.34,31170.066,20767.504
2026-05-13 02:00:00,678.35,680.81,677.67,680.44,13214.823,8701.529
2026-05-13 03:00:00,680.44,682.95,679.66,681.28,12880.164,8340.751
2026-05-13 04:00:00,681.28,682.18,676.6,679.81,9762.272,5529.595
2026-05-13 05:00:00,679.81,681.3,677.7,678.15,10407.904,4776.336
2026-05-13 06:00:00,678.16,678.87,675.94,676.36,5831.064,3079.189
2026-05-13 07:00:00,676.37,679.03,676.02,679.02,5686.465,3423.07
2026-05-13 08:00:00,679.02,683,678.41,683,9785.858,6665.801
2026-05-13 09:00:00,683,685.68,681.79,685.18,11549.832,7509.655
2026-05-13 10:00:00,685.19,685.44,680.38,680.38,7476.421,3189.552
2026-05-13 11:00:00,680.39,680.9,677.41,678.42,7334.719,3616.581
2026-05-13 12:00:00,678.42,680.3,668.89,672.76,19908.391,9137.041
2026-05-13 13:00:00,672.76,674.8,667.17,667.67,13681.378,6548.637
2026-05-13 14:00:00,667.67,673.41,665.5,672.1,14319.073,9086.756
2026-05-13 15:00:00,672.11,673.87,663.77,664.19,13891.595,6260.827
2026-05-13 16:00:00,664.19,670.45,664.17,670.24,8432.823,4586.99
2026-05-13 17:00:00,670.24,671.4,669.08,670.76,5082,2628.396
2026-05-13 18:00:00,670.77,674.71,670.77,671.75,4125.281,2460.889
2026-05-13 19:00:00,671.74,672.05,669.1,671.32,3389.17,1759.594
2026-05-13 20:00:00,671.33,672.5,670.77,672.47,2684.248,1472.158
2026-05-13 21:00:00,672.47,672.5,669.07,669.28,2931.105,1490.733
2026-05-13 22:00:00,669.28,672.25,668.2,672.08,2829.462,1727.331
2026-05-13 23:00:00,672.09,673.84,671.15,671.68,3472.638,1879.358
2026-05-14 00:00:00,671.68,677.52,671.51,675.18,9694.164,5272.205
2026-05-14 01:00:00,675.18,676.39,673.86,675.5,4853.945,2277.907
2026-05-14 02:00:00,675.5,675.69,669.34,669.93,4115.397,1414.15
2026-05-14 03:00:00,669.94,671.64,665.42,665.92,6888.812,3540.964
2026-05-14 04:00:00,665.91,668.53,665.47,667.47,5541.643,3015.977
2026-05-14 05:00:00,667.47,671.5,667.05,669.75,6766.685,3503.41
2026-05-14 06:00:00,669.75,671.49,668.8,670.11,5589.752,2875.152
2026-05-14 07:00:00,670.11,672.06,668.2,669.34,6346.653,3430.792
2026-05-14 08:00:00,669.33,673.45,668.55,673.02,5586.126,3243.93
2026-05-14 09:00:00,673.02,673.39,669.33,670.63,5811.41,3057.848
2026-05-14 10:00:00,670.63,673.34,670.46,673.2,4702.751,2910.041
2026-05-14 11:00:00,673.21,673.96,670.84,670.85,4787.91,2557.187
2026-05-14 12:00:00,670.85,678.56,670.62,678.25,11877.128,8669.109
2026-05-14 13:00:00,678.25,678.64,673.79,674.36,8359.154,4748.445
2026-05-14 14:00:00,674.37,680.36,673.89,678.29,12136.988,7622.037
2026-05-14 15:00:00,678.29,680.58,676.4,679.98,10891.433,5514.692
2026-05-14 16:00:00,679.98,682.74,678.48,682.51,8495.615,4597.784
2026-05-14 17:00:00,682.51,687.66,680.67,682,12991.006,6526.541
2026-05-14 18:00:00,682.01,685.11,680.47,682.51,8836.665,5699.434
2026-05-14 19:00:00,682.51,683.06,679.18,680.2,4189.792,1774.645
2026-05-14 20:00:00,680.21,680.55,677.84,680.55,3658.797,2269.522
2026-05-14 21:00:00,680.54,681.3,679.33,681.13,2530.387,1513.798
2026-05-14 22:00:00,681.14,681.99,680.3,680.75,2004.445,1073.525
2026-05-14 23:00:00,680.75,680.75,677.2,678.27,3143.372,1222.483
2026-05-15 00:00:00,678.28,686,677.98,683.43,10947.224,6337.483
2026-05-15 01:00:00,683.43,685.04,679.56,679.82,6118.282,2643.089
2026-05-15 02:00:00,679.83,680.63,677.24,679.83,8477.249,5190.714
2026-05-15 03:00:00,679.84,683.8,678.67,681.95,6048.032,3188.061
2026-05-15 04:00:00,681.95,681.95,678.25,678.38,3103.505,1252.689
2026-05-15 05:00:00,678.38,679.68,673.79,676.36,7709.472,3977.896
2026-05-15 06:00:00,676.36,683.57,675.82,683.06,6801.311,3738.953
2026-05-15 07:00:00,683.07,689.14,681.29,684.3,17240.806,9962.315
2026-05-15 08:00:00,684.31,687.24,682.69,685.81,9857.393,5015.262
2026-05-15 09:00:00,685.82,686.17,681.63,683.03,8038.876,3479.586
2026-05-15 10:00:00,683.04,689.98,682.24,689.11,7127.836,4654.41
2026-05-15 11:00:00,689.12,689.67,685.4,686.47,6917.469,3560.901
2026-05-15 12:00:00,686.47,686.74,682.15,682.74,9412.363,4579.799
2026-05-15 13:00:00,682.75,682.75,670.65,671.51,18900.497,7831.858
2026-05-15 14:00:00,671.51,676.73,670,676.04,9644.948,5218.87
2026-05-15 15:00:00,676.03,676.5,669.16,671.73,8287.86,3674.827
2026-05-15 16:00:00,671.73,675.24,671.16,674.66,3406.597,1810.376
2026-05-15 17:00:00,674.67,676.72,674.44,675.31,2985.079,1362.597
2026-05-15 18:00:00,675.32,676.59,673.13,674.41,2132.772,890.348
2026-05-15 19:00:00,674.4,675.31,672.42,674.04,1891.43,852.952
2026-05-15 20:00:00,674.04,674.46,671.92,673.69,2122.954,1064.1
2026-05-15 21:00:00,673.69,674.56,671.68,672.1,4261.595,1023.556
2026-05-15 22:00:00,672.1,673.67,671.89,673.55,2522.184,785.914
2026-05-15 23:00:00,673.54,673.59,671.21,672.38,2548.637,640.932
2026-05-16 00:00:00,672.37,674.92,671.87,672.26,2742.209,1403.282
2026-05-16 01:00:00,672.27,673.68,670.44,670.46,3614.52,1767.502
2026-05-16 02:00:00,670.47,671.17,667,668.69,4504.025,1772.59
2026-05-16 03:00:00,668.69,668.91,664.9,665.29,7387.447,2153.7
2026-05-16 04:00:00,665.29,665.29,660.51,662.74,10775.312,4515.623
2026-05-16 05:00:00,662.73,665.04,661.59,664.48,5574.851,3439.059
2026-05-16 06:00:00,664.48,665.06,659.29,660.4,8232.783,3468.818
2026-05-16 07:00:00,660.4,661.32,656.2,660.68,15480.441,7515.906
2026-05-16 08:00:00,660.68,661.84,659.64,661.74,5644.244,3160.637
2026-05-16 09:00:00,661.74,661.97,651.21,652.49,18817.327,7789.767
2026-05-16 10:00:00,652.49,655.59,650.7,654.12,9706.976,5611.223
2026-05-16 11:00:00,654.13,656.2,654.12,654.28,4323.165,2355.03
2026-05-16 12:00:00,654.28,654.62,652.96,653.54,4630.365,1853.844
2026-05-16 13:00:00,653.54,653.62,651.95,652.28,3655.441,1523.263
2026-05-16 14:00:00,652.28,655.09,651.1,653.21,6065.412,2963.221
2026-05-16 15:00:00,653.2,658,653.11,655.2,4904.965,2553.983
2026-05-16 16:00:00,655.19,657,654.92,656.85,2932.385,1685.102
2026-05-16 17:00:00,656.86,657.47,655.2,655.78,2214.518,931.8
2026-05-16 18:00:00,655.78,658.34,655.47,657.82,2277.304,1325.215
2026-05-16 19:00:00,657.82,657.89,655.9,656.16,1408.328,742.201
2026-05-16 20:00:00,656.16,657.51,656.04,656.67,1303.568,748.439
2026-05-16 21:00:00,656.67,657.62,656.2,657.4,1296.581,465.967
2026-05-16 22:00:00,657.39,657.44,656.34,656.47,767.459,368.272
2026-05-16 23:00:00,656.47,657.13,655.73,656.2,1518.71,761.937
2026-05-17 00:00:00,656.2,657.28,651.14,652,7138.043,2650.189
2026-05-17 01:00:00,652,654.02,650,650.68,5365.333,2049.893
2026-05-17 02:00:00,650.68,652.51,650.67,651.36,3310.043,1752.569
2026-05-17 03:00:00,651.36,653.88,651.36,652.77,2524.614,1090.948
2026-05-17 04:00:00,652.77,654.91,652.41,654.74,2455.685,1512.295
2026-05-17 05:00:00,654.74,656.35,654.66,655.16,3311.555,1804.061
2026-05-17 06:00:00,655.16,656.06,654.45,655.26,2305.544,1065.493
2026-05-17 07:00:00,655.26,655.89,654.47,655.31,1842.571,810.33
2026-05-17 08:00:00,655.31,655.39,653.64,653.83,2240.036,828.035
2026-05-17 09:00:00,653.84,654.47,650,653.21,10620.711,3057.065
2026-05-17 10:00:00,653.21,655.44,653.21,654.81,3981.816,1822.937
2026-05-17 11:00:00,654.81,655.45,653.65,655.07,3250.843,1532.276
2026-05-17 12:00:00,655.07,657.51,654.63,656.5,3357.966,1734.646
2026-05-17 13:00:00,656.49,656.5,653,653.63,4035.602,1835.837
2026-05-17 14:00:00,653.64,653.77,650.57,652.11,4503.24,2239.353
2026-05-17 15:00:00,652.11,653,651.09,652.4,2566.47,1408.842
2026-05-17 16:00:00,652.41,653.56,651.36,651.71,2113.895,964.768
2026-05-17 17:00:00,651.7,652.07,650.22,651.74,2269.568,877.778
2026-05-17 18:00:00,651.75,653.46,650.87,653.46,2258.338,1186.872
2026-05-17 19:00:00,653.47,656.35,653.47,656.04,1484.697,958.862
2026-05-17 20:00:00,656.04,656.27,653.87,654.59,1269.624,572.346
2026-05-17 21:00:00,654.59,657.6,654.27,657,2352.223,1437.58
2026-05-17 22:00:00,657,657,653.06,653.77,2221.008,1010.263
2026-05-17 23:00:00,653.77,653.84,640.01,649.48,19032.527,7650.279
2026-05-18 00:00:00,649.48,649.7,644.86,646.24,9471.044,4121.051
2026-05-18 01:00:00,646.25,646.66,642.13,646.38,5666.936,2694.384
2026-05-18 02:00:00,646.37,648.07,644,644.5,5366.753,2505.345
2026-05-18 03:00:00,644.5,645.72,643.13,643.44,3565.387,1914.495
2026-05-18 04:00:00,643.44,644.53,640.96,643.74,5489.751,2168.815
2026-05-18 05:00:00,643.75,644.58,641.6,641.84,3495.885,1706.913
2026-05-18 06:00:00,641.85,642.72,637.54,640.62,8953.74,3503.861
2026-05-18 07:00:00,640.62,642.36,639,641.85,4169.67,2095.07
2026-05-18 08:00:00,641.86,642.14,638.74,640.21,4494.243,2422.193
2026-05-18 09:00:00,640.21,640.63,638.8,639.36,4317.78,2131.804
2026-05-18 10:00:00,639.36,639.46,637.54,638.34,3453.508,1342.815
2026-05-18 11:00:00,638.35,643.69,637.64,641.75,3999.973,2224.316
2026-05-18 12:00:00,641.75,645.54,641.67,643.28,6425.742,2750.511
2026-05-18 13:00:00,643.29,643.34,637.77,640.06,6242.88,2719.832
2026-05-18 14:00:00,640.05,640.05,635.11,636.89,9282.81,3555.139
2026-05-18 15:00:00,636.89,637.63,634.3,637.03,6847.297,3469.557
2026-05-18 16:00:00,637.04,640.19,635.74,639.49,11370.24,5998.394
2026-05-18 17:00:00,639.49,641.06,638.85,640.45,2109.492,1043.321
2026-05-18 18:00:00,640.45,640.49,636.08,637.78,2827.363,1167.897
2026-05-18 19:00:00,637.79,644.92,637.47,644.78,9105.763,5895.724
2026-05-18 20:00:00,644.79,645.51,642.19,642.7,2224.343,1012.659
2026-05-18 21:00:00,642.71,646.05,641.89,645.54,2323.409,1179.597
2026-05-18 22:00:00,645.54,646.4,644,645.02,3050.464,1670.301
2026-05-18 23:00:00,645.02,645.85,642.97,643.53,1926.747,832.186
2026-05-19 00:00:00,643.53,647.19,643.42,645.73,2592.654,1525.125
2026-05-19 01:00:00,645.73,645.99,642.99,642.99,2961.477,1397.827
2026-05-19 02:00:00,642.99,644.64,641.17,641.96,4070.303,1899.516
2026-05-19 03:00:00,641.96,644.78,641.32,642.88,5457.332,3181.735
2026-05-19 04:00:00,642.87,644.53,641.71,643.38,2419.53,1053.463
2026-05-19 05:00:00,643.37,643.93,640.95,643.84,2463.012,1208.542
2026-05-19 06:00:00,643.84,645.33,643.12,644.45,3525.525,2099.444
2026-05-19 07:00:00,644.46,646.34,643.25,645.93,4470.698,2099.289
2026-05-19 08:00:00,645.93,646.02,641.83,642.33,4568.733,1783.709
2026-05-19 09:00:00,642.33,642.57,639.8,640.5,3891.078,1444.346
2026-05-19 10:00:00,640.5,641.17,637.98,640.07,5575.471,2390.501
2026-05-19 11:00:00,640.08,640.86,638.34,639.88,4196.234,2247.18
2026-05-19 12:00:00,639.87,641.57,639.32,641.47,4185.825,2286.554
2026-05-19 13:00:00,641.46,642.05,638.71,640.19,5694.384,2552.232
2026-05-19 14:00:00,640.18,641.29,636.1,638.19,7158.846,3342.847
2026-05-19 15:00:00,638.2,640.57,637.76,638.73,5115.45,2032.256
2026-05-19 16:00:00,638.74,640.74,637.87,640.61,2663.235,1346.868
2026-05-19 17:00:00,640.62,641.54,639.6,640.62,1488.172,754.566
2026-05-19 18:00:00,640.63,641.19,639.24,640.38,1650.25,822.065
2026-05-19 19:00:00,640.38,641.88,639.33,639.99,1157.632,524.3
2026-05-19 20:00:00,639.98,641.3,639.89,641.24,1168.046,617.058
2026-05-19 21:00:00,641.23,641.66,640.29,640.42,830.749,330.147
2026-05-19 22:00:00,640.42,640.42,637.87,638.63,2037.889,566.103
2026-05-19 23:00:00,638.64,641.41,638.18,640.02,1611.412,985.312
2026-05-20 00:00:00,640.03,640.12,637.52,639.49,2219.108,1062.202
2026-05-20 01:00:00,639.48,640.95,637.8,640.32,2257.127,975.96
2026-05-20 02:00:00,640.33,640.64,638.11,639.13,4559.955,1255.879
2026-05-20 03:00:00,639.14,640.52,638.13,640.12,1962.22,859.624
2026-05-20 04:00:00,640.13,640.73,638.38,639.84,1632.705,848.37
2026-05-20 05:00:00,639.84,643.6,639.83,642.63,6421.933,3320.609
2026-05-20 06:00:00,642.63,644,641.28,643.88,6060.946,3392.239
2026-05-20 07:00:00,643.89,645,643.07,643.41,2911.231,1331.967
2026-05-20 08:00:00,643.41,645.31,643.23,644.4,2923.177,1626.978
2026-05-20 09:00:00,644.4,645.18,643.69,644.43,2425.786,1455.159
2026-05-20 10:00:00,644.43,645.3,643.71,643.9,3204.666,1489.137
2026-05-20 11:00:00,643.91,644.11,642.3,643.33,2375.555,1140.664
2026-05-20 12:00:00,643.33,646,642.92,644.95,2968.01,1964.539
2026-05-20 13:00:00,644.96,645.17,641.75,643.19,3643.008,1687.301
2026-05-20 14:00:00,643.19,649.46,641.34,647.92,8075.515,4721.077
2026-05-20 15:00:00,647.93,649.97,646.85,648.8,6491.732,3501.512
2026-05-20 16:00:00,648.81,649.77,646.01,648.71,2802.244,1397.841
2026-05-20 17:00:00,648.72,651.19,647.75,649.64,3999.765,2395.433
2026-05-20 18:00:00,649.63,649.99,648.5,648.81,2425.06,1079.77
2026-05-20 19:00:00,648.81,651,648,650.57,2845.564,1185.534
2026-05-20 20:00:00,650.56,651.5,648.8,651.26,2271.431,1142.365
2026-05-20 21:00:00,651.27,651.77,649.39,649.41,4342.773,1292.682
2026-05-20 22:00:00,649.41,649.41,647.17,648.7,2136.563,952.521
2026-05-20 23:00:00,648.69,649.73,647.43,649.5,1986.579,869.01
2026-05-21 00:00:00,649.5,653.84,649.31,653.71,4136.092,2359.192
2026-05-21 01:00:00,653.71,654.78,652.31,653.07,3952.962,1931.399
2026-05-21 02:00:00,653.07,655.42,652.45,653.88,4403.658,2220.157
2026-05-21 03:00:00,653.87,656,653,654.81,3934.114,2485.127
2026-05-21 04:00:00,654.81,655.31,653.37,654.39,2392.599,1270.87
2026-05-21 05:00:00,654.39,655.33,651.91,652.83,4586.379,1870.666
2026-05-21 06:00:00,652.82,652.97,650.13,651.38,3815.55,1828.818
2026-05-21 07:00:00,651.38,653.14,651.02,652.93,4379.777,1657.891
2026-05-21 08:00:00,652.93,656,652.83,654.92,3632.874,2121.605
2026-05-21 09:00:00,654.93,655.47,652.96,653.31,2721.692,935.372
2026-05-21 10:00:00,653.31,653.99,648.05,648.38,7296.958,3762.939
2026-05-21 11:00:00,648.38,649.56,647.36,647.77,2745.555,1168.268
2026-05-21 12:00:00,647.78,650.89,647.54,649.67,4315.368,2459.844
2026-05-21 13:00:00,649.67,650.89,646.33,649.6,5709.375,2906.807
2026-05-21 14:00:00,649.61,651.3,647.81,648.9,5386.741,3022.647
2026-05-21 15:00:00,648.9,653.08,648.75,652.39,6872.674,3459.632
2026-05-21 16:00:00,652.39,653.33,650.23,651.1,3531.286,1870.494
2026-05-21 17:00:00,651.1,659.82,651,657.79,10461.071,6614.865
2026-05-21 18:00:00,657.79,659.41,654.46,655.95,8368.706,4368.08
2026-05-21 19:00:00,655.94,658.53,655.82,657.87,2988.173,1925.306
2026-05-21 20:00:00,657.88,658.51,657.05,657.36,1676.941,950.061
2026-05-21 21:00:00,657.35,659,657.35,657.51,1314.895,651.796
2026-05-21 22:00:00,657.52,658.08,656.11,656.9,1067.439,408.328
2026-05-21 23:00:00,656.9,658.66,656.35,658.58,3364.799,1814.012
2026-05-22 00:00:00,658.58,659.33,656.92,656.98,3576.462,1637.188
2026-05-22 01:00:00,656.98,660.2,656.14,659.34,3596.275,2186.171
2026-05-22 02:00:00,659.34,661,658.69,660.31,8892.205,5512.52
2026-05-22 03:00:00,660.31,661.42,659.34,659.61,3892.985,2359.485
2026-05-22 04:00:00,659.62,660.59,658.43,659.13,4930.88,2740.767
2026-05-22 05:00:00,659.13,659.23,656.56,657.15,7782.628,3637.261
2026-05-22 06:00:00,657.15,657.75,655.81,656.12,2950.529,1251.13
2026-05-22 07:00:00,656.13,659.72,655.48,659.49,3381.942,1881.692
2026-05-22 08:00:00,659.49,661.1,658.82,659.16,4093.517,2231.676
2026-05-22 09:00:00,659.16,659.16,656.2,657.25,8595.136,3525.179
2026-05-22 10:00:00,657.25,657.26,654.79,656.08,4676.383,1609.901
2026-05-22 11:00:00,656.08,657.95,655.31,657.94,2055.315,1209.917
2026-05-22 12:00:00,657.95,660.62,657.77,660.62,4904.05,2540.27
2026-05-22 13:00:00,660.62,664,660.21,663.99,8517.528,4795.821
2026-05-22 14:00:00,664,664.2,656.61,657.39,9619.78,3585.117
2026-05-22 15:00:00,657.39,659.83,656.45,658.51,4599.402,2413.745
2026-05-22 16:00:00,658.51,660.84,657.93,660.52,4660.485,2826.714
2026-05-22 17:00:00,660.53,661.58,658.72,659.83,5089.263,1857.686
2026-05-22 18:00:00,659.83,659.89,648.55,653.53,9200.437,3693.153
2026-05-22 19:00:00,653.53,654.11,648.31,652.48,7946.716,4188.969
2026-05-22 20:00:00,652.48,654.03,651.84,653.22,3223.788,1603.016
2026-05-22 21:00:00,653.22,654.03,652.36,653.23,1903.233,834.309
2026-05-22 22:00:00,653.23,653.53,650.75,652.53,2149.759,814.971
2026-05-22 23:00:00,652.53,653.37,648.7,650.44,3668.922,1742.134
2026-05-23 00:00:00,650.45,652.15,648.07,650.99,5169.201,2686.147
2026-05-23 01:00:00,651,652.31,649.57,650.36,1971.199,1011.978
2026-05-23 02:00:00,650.36,651.7,649.66,651.51,2214.625,937.641
2026-05-23 03:00:00,651.51,653,650.16,652.34,3506.46,1552.227
2026-05-23 04:00:00,652.33,652.78,649.85,650.18,3086.519,1525.581
2026-05-23 05:00:00,650.19,650.31,648.33,648.97,5051.792,2363.863
2026-05-23 06:00:00,648.97,649.69,648.21,648.68,3481.915,2022.701
2026-05-23 07:00:00,648.69,648.98,635.29,636.76,18338.892,6372.199
2026-05-23 08:00:00,636.76,640.53,635.64,640.32,8255.882,4096.681
2026-05-23 09:00:00,640.33,640.76,638.63,638.63,3915.51,2002.661
2026-05-23 10:00:00,638.64,640.72,638.64,640.2,2808.929,1446.156
2026-05-23 11:00:00,640.2,641.27,639.76,640.22,4274.001,2153.578
2026-05-23 12:00:00,640.23,640.89,639.28,640.68,1734.393,804.438
2026-05-23 13:00:00,640.67,643.43,640.51,643.06,5146.33,2669.104
2026-05-23 14:00:00,643.07,647.85,642.24,647.36,4863.707,3085.829
2026-05-23 15:00:00,647.36,648.8,646.35,647.49,4359.683,2182.432
2026-05-23 16:00:00,647.49,648.24,646.27,646.76,2897.53,1179.735
2026-05-23 17:00:00,646.76,649.54,646.76,649.12,2477.783,1367.695
2026-05-23 18:00:00,649.12,653,648.97,651.61,3407.319,2035.47
2026-05-23 19:00:00,651.62,653.17,650.77,652.34,2139.432,1321.325
2026-05-23 20:00:00,652.34,661.44,651.73,661.43,9260.169,6300.24
2026-05-23 21:00:00,661.43,663.93,655.12,657.66,9359.984,4462.208
2026-05-23 22:00:00,657.66,658.5,654.44,656.67,2736.627,1186.564
2026-05-23 23:00:00,656.66,657.53,655.99,656.26,2551.756,1266.31
2026-05-24 00:00:00,656.26,657.89,655.47,656.59,2660.753,1420.904
2026-05-24 01:00:00,656.59,658.17,656.36,657.4,2196.557,1223.115
2026-05-24 02:00:00,657.4,658.75,656.13,657.89,3068.899,1506.834
2026-05-24 03:00:00,657.9,658.91,656.36,657.14,2304.746,1097.29
2026-05-24 04:00:00,657.14,658.05,656.33,656.36,1535.085,896.909
2026-05-24 05:00:00,656.36,656.36,654.01,655.35,3363.01,1650.911
2026-05-24 06:00:00,655.34,657.93,654.89,657.43,5205.179,2815.679
2026-05-24 07:00:00,657.43,657.65,655.93,656.64,1386.673,635.66
2026-05-24 08:00:00,656.64,659,656.22,658.68,2857.685,1827.305
2026-05-24 09:00:00,658.69,660.17,658.08,659.79,4822.435,2391.957
2026-05-24 10:00:00,659.79,662.6,659.01,660.85,5312.81,2277.647
2026-05-24 11:00:00,660.86,662.6,660.51,661.27,4101.909,1524.839
2026-05-24 12:00:00,661.27,661.31,658.47,660.13,4153.103,1823.069
2026-05-24 13:00:00,660.13,660.8,656.46,657.45,3730.34,1127.621
2026-05-24 14:00:00,657.45,658.4,652.07,655.62,7580.183,3145.672
2026-05-24 15:00:00,655.61,656.65,655.16,655.51,2181.257,791.63
2026-05-24 16:00:00,655.54,657.71,655.24,656.79,2114.362,1173.002
2026-05-24 17:00:00,656.78,657.54,656.29,656.29,1584.369,827.394
2026-05-24 18:00:00,656.29,656.38,655,655.38,1842.356,720.917
2026-05-24 19:00:00,655.39,656.45,655.21,656.16,802.786,497.338
2026-05-24 20:00:00,656.16,656.28,655,655.16,1083.983,398.046
2026-05-24 21:00:00,655.16,655.93,649.68,650.2,3854.275,1280.193
2026-05-24 22:00:00,650.2,656,650.19,654.68,4157.786,2526.854
2026-05-24 23:00:00,654.68,657.65,654.68,656.57,1767.636,1130.716
2026-05-25 00:00:00,656.58,659.71,656.58,658.91,2545.87,1481.935
2026-05-25 01:00:00,658.92,659.85,655.76,655.89,1894.746,849.363
2026-05-25 02:00:00,655.9,659.98,655.9,657.01,2720.107,1286.578
2026-05-25 03:00:00,657.01,657.46,655.96,657.07,1795.948,646.958
2026-05-25 04:00:00,657.08,659.88,656.4,659.36,2363.772,1350.918
2026-05-25 05:00:00,659.37,661.29,659.16,660.77,3758.661,2317.153
2026-05-25 06:00:00,660.77,661.98,659.14,660.81,3088.407,1343.54
2026-05-25 07:00:00,660.81,661.98,660.08,661.92,4186.963,2226.932
2026-05-25 08:00:00,661.92,662.74,660.86,662.1,3953.317,2182.336
2026-05-25 09:00:00,662.11,663.38,661.13,661.51,3070.477,1490.119
2026-05-25 10:00:00,661.51,662.5,661.23,661.69,2558.38,1369.832
2026-05-25 11:00:00,661.69,662.48,660.86,662.25,5015.127,2793.574
2026-05-25 12:00:00,662.25,671.16,662.13,669.61,16610.642,9767.371
2026-05-25 13:00:00,669.61,671.98,669.04,671.97,9600.425,4372.463
2026-05-25 14:00:00,671.98,673.07,670.5,671.39,7926.228,3743.16
2026-05-25 15:00:00,671.39,671.62,666.74,667.78,8992.831,3090.75
2026-05-25 16:00:00,667.78,668.25,666.48,667.07,3262.061,1838.499
2026-05-25 17:00:00,667.07,667.4,660.87,661.06,8477.457,3611.883
2026-05-25 18:00:00,661.07,664.02,660.95,662.98,6215.01,3375.92
2026-05-25 19:00:00,662.98,663.05,661.07,662.37,2378.375,1100.138
2026-05-25 20:00:00,662.37,663,660.43,661.37,3677.656,1581.902
2026-05-25 21:00:00,661.37,662.4,661.35,661.82,1753.367,855.967
2026-05-25 22:00:00,661.82,663.09,660.38,660.72,4452.373,2267.695
2026-05-25 23:00:00,660.72,663.29,660.49,663.15,3946.553,1926.594
2026-05-26 00:00:00,663.15,663.75,657.2,659.52,14244.001,4672.927
2026-05-26 01:00:00,659.52,659.79,656.04,657.7,4419.569,2205.48
2026-05-26 02:00:00,657.7,659.71,656.99,659.34,6019.346,3103.626
2026-05-26 03:00:00,659.34,659.49,657.12,658.05,4313.21,1765.291
2026-05-26 04:00:00,658.06,659.59,656.95,658.83,4487.465,2189.271
2026-05-26 05:00:00,658.84,659.8,658.18,659.27,3059.651,1288.287
2026-05-26 06:00:00,659.27,659.82,657.56,658.11,3812.654,1469.761
2026-05-26 07:00:00,658.12,658.96,655.34,657.73,8803.963,3309.989
2026-05-26 08:00:00,657.73,658.12,656.43,657.14,3174.403,1718.793
2026-05-26 09:00:00,657.14,657.91,656.3,656.83,2830.33,1483.668
2026-05-26 10:00:00,656.82,664.6,656.44,662.78,7049.514,3992.868
2026-05-26 11:00:00,662.78,663.76,661.66,662.48,3697.955,2079.159
2026-05-26 12:00:00,662.48,662.95,660.21,662.48,3728.328,1697.648
2026-05-26 13:00:00,662.47,665.1,660.71,663.35,8024.959,4554.726
2026-05-26 14:00:00,663.36,668.01,660.88,662.89,10641.857,4941.285
2026-05-26 15:00:00,662.89,663.5,657.28,660.28,10706.226,5905.258
2026-05-26 16:00:00,660.29,661.05,657.67,659.77,6664.316,3535.335
2026-05-26 17:00:00,659.77,660.3,653.45,655.77,6095.138,2696.77
2026-05-26 18:00:00,655.77,657.75,655.04,655.53,1908.024,1057.725
2026-05-26 19:00:00,655.54,657.81,654.92,657.2,1293.741,698.374
2026-05-26 20:00:00,657.21,657.85,656.6,657.3,1728.28,1089.097
2026-05-26 21:00:00,657.31,657.6,655.14,656.48,1642.835,703.291
2026-05-26 22:00:00,656.49,657.5,655.31,655.98,2604.784,1157.669
2026-05-26 23:00:00,655.99,657.84,655.99,656.43,1382.733,640.894
2026-05-27 00:00:00,656.43,658.62,656.32,658.54,1842.709,1017.634
2026-05-27 01:00:00,658.55,659.11,656.85,657.32,2987.309,1691.898
2026-05-27 02:00:00,657.33,657.44,654.63,656.66,3159.574,1278.583
2026-05-27 03:00:00,656.66,656.86,654,654.38,3614.368,1561.217
2026-05-27 04:00:00,654.39,654.47,650.75,654.31,5262.499,1941.215
2026-05-27 05:00:00,654.32,654.71,653,653.25,3337.474,2055.988
2026-05-27 06:00:00,653.25,653.8,652.08,652.92,5401.037,3200.983
2026-05-27 07:00:00,652.92,653.54,651.52,653.5,8096.622,4293.964
2026-05-27 08:00:00,653.47,654.94,652.31,653.72,5048.767,2870.916
2026-05-27 09:00:00,653.72,654.68,652.94,654.09,2453.614,1216.824
2026-05-27 10:00:00,654.09,655.77,652.76,654.62,4005.948,1222.848
2026-05-27 11:00:00,654.63,655.64,653.73,653.84,3352.581,1790.158
2026-05-27 12:00:00,653.85,657.22,653.18,655.21,4677.41,2170.787
2026-05-27 13:00:00,655.22,655.51,650.14,652.43,5882.576,2272.463
2026-05-27 14:00:00,652.43,654.38,651.42,654.12,5539.24,2525.49
2026-05-27 15:00:00,654.12,658.27,653.94,657.66,6706.702,3797.845
2026-05-27 16:00:00,657.67,659.9,654.78,655.99,3456.198,1692.123
2026-05-27 17:00:00,656,656.1,650.32,651.05,4390.995,1540.414
2026-05-27 18:00:00,651.06,653.82,650.27,653.74,2030.921,1118.141
2026-05-27 19:00:00,653.74,654.28,652.78,653.39,2023.685,1009.445
2026-05-27 20:00:00,653.4,654.97,653.15,653.92,2289.359,745.461
2026-05-27 21:00:00,653.92,654.26,646.87,648.7,9293.997,2613.348
2026-05-27 22:00:00,648.7,650.13,647,647.01,3173.192,1636.948
2026-05-27 23:00:00,647.01,649.45,646.57,648.84,3710.817,1533.593
2026-05-28 00:00:00,648.83,649.03,646.99,648.95,2876.567,1420.054
2026-05-28 01:00:00,648.96,649.38,645.35,646.66,3893.907,1678.691
2026-05-28 02:00:00,646.67,647.01,644,644.91,3150.93,1257.479
2026-05-28 03:00:00,644.91,645.67,636.76,637.81,17259.522,5827.234
2026-05-28 04:00:00,637.81,637.91,633.11,636.59,15645.911,5470.386
2026-05-28 05:00:00,636.6,636.6,632.99,634.7,6681.177,2929.202
2026-05-28 06:00:00,634.7,635.27,631.47,634.03,7780.098,3229.718
2026-05-28 07:00:00,634.04,636.7,633.63,634.98,7504.294,3854.665
2026-05-28 08:00:00,634.99,635.36,633.65,634.74,4469.875,2131.737
2026-05-28 09:00:00,634.74,635.28,632.3,634.25,6795.113,2706.986
2026-05-28 10:00:00,634.25,635.13,632.59,633.42,5409.716,2255.608
2026-05-28 11:00:00,633.42,633.59,631.35,632.9,5915.538,2471.408
2026-05-28 12:00:00,632.9,633.54,630.42,633.16,5661.179,2048.444
2026-05-28 13:00:00,633.15,633.8,629.36,631.45,7891.517,3233.793
2026-05-28 14:00:00,631.45,636.66,628.22,635.21,10275.415,5770.89
2026-05-28 15:00:00,635.21,635.9,631.47,634.79,5794.953,2776.076
2026-05-28 16:00:00,634.79,640.61,633.45,640.23,8468.177,4997.234
2026-05-28 17:00:00,640.24,641.9,639,640.21,5508.127,3298.95
2026-05-28 18:00:00,640.22,642.59,640.14,641.83,2643.742,1709.729
2026-05-28 19:00:00,641.84,641.98,639.71,639.71,1896.972,686.745
2026-05-28 20:00:00,639.72,641.52,638.44,640.92,2290.501,1233.707
2026-05-28 21:00:00,640.93,642.53,640.59,641.88,2160.82,1152.82
2026-05-28 22:00:00,641.89,642.43,638.46,638.87,1881.431,872.721
2026-05-28 23:00:00,638.87,639.79,637.56,638.24,3402.203,1411.181
2026-05-29 00:00:00,638.23,639.47,638.23,638.49,2752.769,1699.884
2026-05-29 01:00:00,638.5,639.22,635.78,636.96,2224.797,874.333
2026-05-29 02:00:00,636.97,637.53,633.79,634.27,3354.625,1073.186
2026-05-29 03:00:00,634.27,636.78,634.27,635.61,2484.846,1328.274
2026-05-29 04:00:00,635.6,636.75,634.56,636.57,2955.211,1873.023
2026-05-29 05:00:00,636.57,638.49,636.4,638.44,3739.956,2481.186
2026-05-29 06:00:00,638.43,639.49,637.48,638.16,4565.996,2686.921
2026-05-29 07:00:00,638.17,638.56,635.82,637.04,7305.062,2885.316
2026-05-29 08:00:00,637.04,638.27,636.68,636.75,3024.807,1459.518
2026-05-29 09:00:00,636.75,640.95,636.71,640.73,5717.114,3449.281
2026-05-29 10:00:00,640.73,641.19,638.98,639.13,4637.029,1546.833
2026-05-29 11:00:00,639.13,639.34,635.25,637.14,3455.81,1480.895
2026-05-29 12:00:00,637.14,637.17,635.2,635.91,2799.425,1219.391
2026-05-29 13:00:00,635.91,636.79,634.01,635.58,6162.533,2390.597
2026-05-29 14:00:00,635.58,636.83,630.86,634.9,11820.038,5364.243
2026-05-29 15:00:00,634.91,643.04,634.45,639.74,13874.095,6127.945
2026-05-29 16:00:00,639.75,644.08,638.16,644,11092.212,4359.125
2026-05-29 17:00:00,644.01,645,641.95,642.42,6554.289,2345.664
2026-05-29 18:00:00,642.43,643,638.32,639.64,4498.26,1861.222
2026-05-29 19:00:00,639.65,642.93,639.17,641.45,3007.155,1570.949
2026-05-29 20:00:00,641.46,643.33,641.45,642.21,2565.297,1059.115
2026-05-29 21:00:00,642.21,643.87,641.48,641.73,2410.816,1024.566
2026-05-29 22:00:00,641.73,643.5,641.66,642.8,1906.324,857.334
2026-05-29 23:00:00,642.79,643.38,641.36,643.1,2346.797,1130.673
2026-05-30 00:00:00,643.11,647.36,642.66,646.89,9524.458,3926.4
2026-05-30 01:00:00,646.89,653.73,646.17,653.24,11845.799,6138.988
2026-05-30 02:00:00,653.25,658.67,651.99,658.01,25983.38,13429.303
2026-05-30 03:00:00,658.02,661.01,657.03,658.19,12759.123,4831.625
2026-05-30 04:00:00,658.2,660.62,656.52,658.91,8749.24,4164.618
2026-05-30 05:00:00,658.91,666.84,658.4,666.43,14419.016,8521.016
2026-05-30 06:00:00,666.43,668.94,665.09,667.54,16333.502,7922.657
2026-05-30 07:00:00,667.54,674.25,667.02,672.92,17876.4,11045.082
2026-05-30 08:00:00,672.93,675.47,669.5,673.3,12916.165,6320.391
2026-05-30 09:00:00,673.31,677.34,670.68,674.77,10038.917,5426.577
2026-05-30 10:00:00,674.78,676.01,674.2,675.19,6105.436,3260.195
2026-05-30 11:00:00,675.18,675.18,669.97,673.82,11687.941,4550.956
2026-05-30 12:00:00,673.82,674.07,671.72,673.13,4524.107,2011.082
2026-05-30 13:00:00,673.13,674.93,671.11,674.86,5845.697,3278.652
2026-05-30 14:00:00,674.87,687.58,674.3,686.67,36539.362,22129.484
2026-05-30 15:00:00,686.67,695,685.32,694.53,35930.681,21393.399
2026-05-30 16:00:00,694.53,710.38,694.4,708.57,53548.832,32006.138
2026-05-30 17:00:00,708.56,717.22,700.43,713.09,48845.445,24401.986
2026-05-30 18:00:00,713.09,717,708.89,716.55,20330.412,10245.095
2026-05-30 19:00:00,716.56,724.56,712.61,721.12,71297.115,28685.359
2026-05-30 20:00:00,721.13,723.67,717.83,719.65,53131.002,20864.406
2026-05-30 21:00:00,719.65,729,717.74,719.35,46271.81,24723.226
2026-05-30 22:00:00,719.35,720.06,707.31,715.97,22045.425,9354.216
2026-05-30 23:00:00,715.97,720.4,715.81,718.74,9831.701,5743.189
2026-05-31 00:00:00,718.74,727.37,718.74,723.32,19558.115,11066.517
2026-05-31 01:00:00,723.32,729.69,722.47,728.14,18793.642,9613.181
2026-05-31 02:00:00,728.14,743.57,727.27,739.89,47396.307,24616.039
2026-05-31 03:00:00,739.88,745.74,734.7,740.03,27951.386,13441.403
2026-05-31 04:00:00,740.02,742.28,731.29,734.32,18319.454,9478.565
2026-05-31 05:00:00,734.32,741.33,732.23,737.47,13442.505,6948.162
2026-05-31 06:00:00,737.47,737.57,731.85,735.94,17094.861,7385.682
2026-05-31 07:00:00,735.94,735.94,716.67,719.71,35886.456,16356.602
2026-05-31 08:00:00,719.71,725.23,718.78,723.41,16033.979,7986.907
2026-05-31 09:00:00,723.42,725.44,717.56,720.04,12556.904,5681.474
2026-05-31 10:00:00,720.04,724.39,719.39,721.06,9682.311,4714.584
2026-05-31 11:00:00,721.05,724.61,720,722.89,5745.385,3224.576
2026-05-31 12:00:00,722.89,726.16,721.77,724.88,9188.735,4564.198
2026-05-31 13:00:00,724.89,733.8,724.03,727.46,15363.148,8115.176
2026-05-31 14:00:00,727.46,730,718.36,719.79,20013.354,8290.866
2026-05-31 15:00:00,719.79,725,719.38,720.84,8609.066,4338.016
2026-05-31 16:00:00,720.84,722,703,709.19,30004.128,13054.464
2026-05-31 17:00:00,709.19,717.61,708.96,713.92,11116.678,5688.469
2026-05-31 18:00:00,713.92,713.92,708.43,709.62,10507.819,3514.121
2026-05-31 19:00:00,709.63,710.77,707.18,708.55,5790.24,2790.139
2026-05-31 20:00:00,708.55,711.32,708.55,710.22,5803.308,2637.005
2026-05-31 21:00:00,710.22,711.89,707,711.01,6273.48,3268.972
2026-05-31 22:00:00,711.02,714.83,707.66,711.46,7695.841,4069.11
2026-05-31 23:00:00,711.46,713.12,706.26,710.55,7338.63,3313.674
2026-06-01 00:00:00,710.54,717.32,708.93,710.63,29105.51,9032.595
2026-06-01 01:00:00,710.63,710.89,693.05,695.09,47977.626,27453.122
2026-06-01 02:00:00,695.1,708.87,693.97,707.54,20850.722,12427.299
2026-06-01 03:00:00,707.55,710.15,702.96,703.65,13764.893,5147.662
2026-06-01 04:00:00,703.65,705.57,696,698.01,16725.351,8849.823
2026-06-01 05:00:00,698.01,698.44,694.3,695.78,9020.714,4566.363
2026-06-01 06:00:00,695.78,696.26,691.09,693.39,21323.943,11774.342
2026-06-01 07:00:00,693.4,694.25,684.72,686.08,24125.391,8881.288
2026-06-01 08:00:00,686.08,689.78,685.25,689.61,10912.673,5806.616
2026-06-01 09:00:00,689.61,729.57,688.58,711.01,87825.457,49301.55
2026-06-01 10:00:00,711.01,714.53,695.05,702.27,49420.42,20946.167
2026-06-01 11:00:00,702.28,708.29,695.09,697.14,20847.708,9523.781
2026-06-01 12:00:00,697.14,698.38,686.16,692.7,23548.991,11773.967
2026-06-01 13:00:00,692.71,693.19,679.3,686.7,31962.241,14591.269
2026-06-01 14:00:00,686.71,686.74,674.51,678.58,23904.407,10968.859
2026-06-01 15:00:00,678.59,685.5,677.23,677.58,15760.334,7352.662
2026-06-01 16:00:00,677.59,685.93,674.07,684.66,14820.431,7513.154
2026-06-01 17:00:00,684.66,689.39,683.6,687.69,14717.025,9727.308
2026-06-01 18:00:00,687.69,695.68,686.48,691.28,14434.614,7456.499
2026-06-01 19:00:00,691.29,696.33,690.68,696.15,6111.513,3610.714
2026-06-01 20:00:00,696.14,701.73,694.82,695.81,12304.099,6125.603
2026-06-01 21:00:00,695.82,695.92,689.1,690.09,12453.69,5861.902
2026-06-01 22:00:00,690.09,694.5,688.42,693.52,8349.245,3872.063
2026-06-01 23:00:00,693.53,695.94,692.15,693.1,3075.528,1707.795
2026-06-02 00:00:00,693.1,693.97,690.01,690.47,5964.701,2708.494
2026-06-02 01:00:00,690.48,692.43,684.5,684.81,7434.745,3030.28
2026-06-02 02:00:00,684.82,693.3,681.18,691.12,17230.742,10686.745
2026-06-02 03:00:00,691.13,695.51,690.11,693.68,7352.91,4516.879
2026-06-02 04:00:00,693.68,694.24,686,686.61,9613.466,3580.025
2026-06-02 05:00:00,686.61,689.08,683.16,683.74,6482.114,2729.429
2026-06-02 06:00:00,683.74,685.39,680.47,683.3,8813.342,4399.789
2026-06-02 07:00:00,683.31,686.39,680.54,681.84,8335.776,3152.441
2026-06-02 08:00:00,681.84,685.57,680.75,681.81,6129.649,2986.059
2026-06-02 09:00:00,681.82,682.34,676.09,677.77,15926.033,7118.063
2026-06-02 10:00:00,677.77,681.15,675.58,680.11,8478.129,3744.282
2026-06-02 11:00:00,680.12,680.18,676.73,678.13,6630.375,2998.275
2026-06-02 12:00:00,678.13,680.21,675.05,676.12,10507.614,4755.152
2026-06-02 13:00:00,676.12,676.97,671.72,674.72,16530.859,7722.361
2026-06-02 14:00:00,674.73,677.5,666.67,673.35,27174.848,10965.834
2026-06-02 15:00:00,673.36,673.51,658,663.13,38112.735,17317.531
2026-06-02 16:00:00,663.14,671.5,660.5,663.95,14395.13,7631.62
2026-06-02 17:00:00,663.95,667.43,663.38,666.38,10879.126,4675.615
2026-06-02 18:00:00,666.38,667.59,659.15,659.76,13136.112,6272.392
2026-06-02 19:00:00,659.76,662.23,652.36,660.31,12545.936,5529.987
2026-06-02 20:00:00,660.31,662.88,656.19,661.6,6024.03,3307.702
2026-06-02 21:00:00,661.61,663.45,658.88,659.81,9403.993,4229.849
2026-06-02 22:00:00,659.8,659.8,642.47,648.39,24461.097,10061.353
2026-06-02 23:00:00,648.39,651.86,645.26,650.69,18573.878,8618.854
2026-06-03 00:00:00,650.7,657.51,650.22,654.63,11520.21,6053.936
2026-06-03 01:00:00,654.63,655,646.61,649.97,20527.582,13099.959
2026-06-03 02:00:00,649.98,650.49,644.04,644.77,14952.097,8309.371
2026-06-03 03:00:00,644.78,646.71,630.35,633.99,29370.222,9129.3
2026-06-03 04:00:00,633.97,640.11,632.81,636.66,18020.121,8006.091
2026-06-03 05:00:00,636.67,646.3,636.02,645.99,20929.44,13592.698
2026-06-03 06:00:00,646,646.78,640.34,640.63,7045.676,3076.751
2026-06-03 07:00:00,640.64,645.34,640.11,644.1,6121.829,2976.012
2026-06-03 08:00:00,644.1,645.9,640.91,644.7,5398.884,3001.103
2026-06-03 09:00:00,644.7,646.06,638.81,641.84,7009.915,3021.662
2026-06-03 10:00:00,641.84,646.01,640.9,641.7,5371.914,2698.793
2026-06-03 11:00:00,641.7,645,637.04,637.38,9225.307,4036.176
2026-06-03 12:00:00,637.38,637.53,633.12,635.43,13516.348,7784.808
2026-06-03 13:00:00,635.43,637.24,630.05,633.11,12653.366,4503.093
2026-06-03 14:00:00,633.11,637.64,630.18,637.02,8149.294,3786.893
2026-06-03 15:00:00,637.04,639.31,632.85,632.99,7974.219,4150.021
2026-06-03 16:00:00,633,633.6,620,628.25,26014.288,11603.691
2026-06-03 17:00:00,628.26,629.33,623.8,627.16,8781.307,4558.478
2026-06-03 18:00:00,627.16,629,625.23,628.13,3931.318,1796.482
2026-06-03 19:00:00,628.13,628.98,621.74,622.77,7868.897,2776.891
2026-06-03 20:00:00,622.77,625.78,616.21,619.8,16410.68,5606.723
2026-06-03 21:00:00,619.8,629.63,618.88,629.43,14405.889,9732.969
2026-06-03 22:00:00,629.44,630,625.83,627.43,16222.802,3889.276
2026-06-03 23:00:00,627.43,627.94,620.32,620.63,9491.838,2799.523
2026-06-04 00:00:00,620.63,624.57,612.93,616.23,18380.52,8662.913
2026-06-04 01:00:00,616.23,617.72,599.14,602.49,47294.911,20022.705
2026-06-04 02:00:00,602.5,609.99,590.46,608.05,48303.274,26032.409
2026-06-04 03:00:00,608.05,621.4,608.04,618.99,18063.028,10228.307
2026-06-04 04:00:00,618.99,621.36,613.87,614.63,10211.687,3896.131
2026-06-04 05:00:00,614.63,614.63,600.61,604.23,73980.682,52502.763
2026-06-04 06:00:00,604.24,610.98,603.49,605.4,11243.987,5460.779
2026-06-04 07:00:00,605.4,605.84,599.22,600.2,19246.776,8824.973
2026-06-04 08:00:00,600.2,603.7,596.45,602.28,10079.18,5104.428
2026-06-04 09:00:00,602.29,602.48,591.16,597.99,17195.49,7965.276
2026-06-04 10:00:00,597.99,598.09,588.1,590.47,18887.637,7743.465
2026-06-04 11:00:00,590.48,595.52,588.95,595.3,12611.737,6295.663
2026-06-04 12:00:00,595.31,604.98,593.94,603.55,14518.418,7743.299
2026-06-04 13:00:00,603.56,606.04,597.01,604.81,12780.278,6027.844
2026-06-04 14:00:00,604.82,606.56,602.17,604.75,12557.308,5616.197
2026-06-04 15:00:00,604.74,609.5,603.85,606.4,10729.259,4621.092
2026-06-04 16:00:00,606.4,607.46,603.03,603.74,10994.111,6400.094
2026-06-04 17:00:00,603.73,605.37,599.31,604.54,6651.581,2819.961
2026-06-04 18:00:00,604.54,610.35,602.87,609.17,5099.781,3422.611
2026-06-04 19:00:00,609.17,610.19,605.15,606.35,2597.667,1158.58
2026-06-04 20:00:00,606.35,606.56,603.1,605.42,2684.951,1309.473
2026-06-04 21:00:00,605.42,607.59,597.99,599.29,7755.48,2650.694
2026-06-04 22:00:00,599.29,603.71,598.15,603,5477.928,2827.353
2026-06-04 23:00:00,602.97,605.32,599.16,604.53,4086.094,1952.553
2026-06-05 00:00:00,604.5,608,601.72,602.09,7177.332,3817.621
2026-06-05 01:00:00,602.09,602.99,595.75,602.47,8235.02,3887.497
2026-06-05 02:00:00,602.47,603.12,594.56,595.92,9098.769,4252.252
2026-06-05 03:00:00,595.95,598,591.4,595.76,17604.833,8831.299
2026-06-05 04:00:00,595.76,602.74,593.47,602.01,16393.805,10276.632
2026-06-05 05:00:00,602.02,602.85,583.27,584.55,26109.986,11107.62
2026-06-05 06:00:00,584.55,585.42,570.61,580.62,52962.803,21251.151
2026-06-05 07:00:00,580.62,593.56,574.36,593.26,27976.015,16122.041
2026-06-05 08:00:00,593.26,593.26,585.6,587.02,10783.034,5215.955
2026-06-05 09:00:00,587.02,597,586.68,596.14,11893.822,7237.698
2026-06-05 10:00:00,596.14,596.72,590.88,592.89,7426.394,3885.19
2026-06-05 11:00:00,592.89,595.51,589.37,590.11,9080.901,4400.978
2026-06-05 12:00:00,590.12,593.75,586.74,591.15,16505.212,9140.295
2026-06-05 13:00:00,591.16,596.27,580.58,581.02,17282.295,8175.048
2026-06-05 14:00:00,581.02,589.96,580,582.93,24271.971,12376.978
2026-06-05 15:00:00,582.94,583.93,574.66,578.75,29111.598,15511.338
2026-06-05 16:00:00,578.75,583,567.79,577.76,100817.633,52127.316
2026-06-05 17:00:00,577.76,579.96,572.73,576.06,13599.092,6145.645
2026-06-05 18:00:00,576.09,576.9,560.83,561.32,35231.746,12150.075
2026-06-05 19:00:00,561.32,570,556.46,567.33,27872.222,14399.495
2026-06-05 20:00:00,567.28,578.37,563.19,577.54,12872.822,7728.24
2026-06-05 21:00:00,577.53,579.4,575.65,576.5,13318.714,9249.509
2026-06-05 22:00:00,576.5,578.1,572.23,577.01,18470.745,8892.031
2026-06-05 23:00:00,577.01,578,566.89,572.22,20741.271,4629.852
2026-06-06 00:00:00,572.17,577.8,571.99,576.52,12610.792,7086.077
2026-06-06 01:00:00,576.52,579.7,574.57,576.4,19109.922,11501.435
2026-06-06 02:00:00,576.39,579,573.65,576.4,19832.74,7874.389
2026-06-06 03:00:00,576.41,576.82,570.6,573.13,8924.167,3570.924
2026-06-06 04:00:00,573.13,575.67,559.68,565.47,20625.621,9611.76
2026-06-06 05:00:00,565.47,576.89,560.41,576.28,14502.955,8103.345
2026-06-06 06:00:00,576.27,579.09,574.8,576.39,22140.385,12883.908
2026-06-06 07:00:00,576.39,581.58,575.9,579.06,15575.801,11259.756
2026-06-06 08:00:00,579.06,584.43,578,580.78,6495.908,3844.402
2026-06-06 09:00:00,580.79,582.62,575,576.55,7235.734,2726.339
2026-06-06 10:00:00,576.55,576.57,571.05,573.81,17131.733,5113.181
2026-06-06 11:00:00,573.8,576.69,573.37,574.06,7736.105,3855.307
2026-06-06 12:00:00,574.07,577.4,571.89,575.91,5963.982,3527.791
2026-06-06 13:00:00,575.91,577.2,573.19,574.49,6537.79,3459.905
2026-06-06 14:00:00,574.5,577.2,574.03,574.95,5664.941,2808.668
2026-06-06 15:00:00,574.95,576.87,571.04,575.86,5683.404,3459.306
2026-06-06 16:00:00,575.86,577.66,571.25,574.11,7438.343,4505.193
2026-06-06 17:00:00,574.12,575.32,572.66,573.92,4356.598,2044.096
2026-06-06 18:00:00,573.92,576.08,573.06,574.38,2410.229,1404.938
2026-06-06 19:00:00,574.37,576.01,573.48,573.73,3221.19,1626.549
2026-06-06 20:00:00,573.74,575.61,572.65,574.8,3257.067,1537.012
2026-06-06 21:00:00,574.81,576.86,574.56,575.02,1971.547,950.124
2026-06-06 22:00:00,575.01,575.01,570.93,572.46,4040.901,2096.104
2026-06-06 23:00:00,572.46,575.5,572.16,574.53,3722.668,2374.542
2026-06-07 00:00:00,574.54,576.1,573.9,574.13,4566.595,3368.962
2026-06-07 01:00:00,574.14,581.64,573.6,579.74,19320.52,14152.693
2026-06-07 02:00:00,579.73,581.28,577,579.08,8265.839,5170.592
2026-06-07 03:00:00,579.08,581.34,578,581.1,3817.049,2208.132
2026-06-07 04:00:00,581.09,582.95,578,582.79,6438.264,4140.938
2026-06-07 05:00:00,582.79,587,581.65,585.24,15959.061,9657.871
2026-06-07 06:00:00,585.24,589,583.85,588.4,11341.396,7512.197
2026-06-07 07:00:00,588.4,590,587.33,589.67,6330.935,3838.911
2026-06-07 08:00:00,589.67,599,587.45,597.94,15790.879,10114.7
2026-06-07 09:00:00,597.94,598.24,592,592.94,8499.454,4177.956
2026-06-07 10:00:00,592.95,594,590.04,592.82,6731.516,3594.072
2026-06-07 11:00:00,592.82,595.48,592.48,593.38,4790.134,3013.043
2026-06-07 12:00:00,593.37,593.99,585.73,588.51,13356.85,5792.219
2026-06-07 13:00:00,588.51,589.88,587,588.89,4585.182,2337.145
2026-06-07 14:00:00,588.89,593.91,588.67,591.4,5370.88,3020.249
2026-06-07 15:00:00,591.4,593.16,589.08,591.52,5310.96,3263.057
2026-06-07 16:00:00,591.53,595.28,590.04,594.05,5442.74,3424.521
2026-06-07 17:00:00,594.06,597.39,593.56,596.14,3506.591,1959.371
2026-06-07 18:00:00,596.16,597.65,594.88,595.1,1619.632,875.31
2026-06-07 19:00:00,595.11,595.4,586.7,588.62,7149.261,2614.063
2026-06-07 20:00:00,588.64,594.55,587.8,593.92,3859.871,2121.501
2026-06-07 21:00:00,593.92,595.1,592.44,594.08,2114.588,1213.059
2026-06-07 22:00:00,594.09,610.54,592.93,603.45,21554.285,14570.694
2026-06-07 23:00:00,603.36,605.99,602.88,604.44,7121.88,4131.792
2026-06-08 00:00:00,604.44,608.39,603,605.65,7292.648,3818.879
2026-06-08 01:00:00,605.65,605.92,599,604.04,5783.484,2666.978
2026-06-08 02:00:00,604.05,604.47,601.45,601.93,3223.282,1666.554
2026-06-08 03:00:00,601.92,604.41,601.01,603.35,2348.288,1200.984
2026-06-08 04:00:00,603.36,603.7,596,596.4,6493.418,2889.363
2026-06-08 05:00:00,596.41,597.36,591.55,595.12,6226.674,3018.112
2026-06-08 06:00:00,595.12,597.54,594.86,595.88,5250.665,2408.568
2026-06-08 07:00:00,595.89,597.57,593.58,596.39,6961.08,3225.121
2026-06-08 08:00:00,596.4,596.44,593.43,595.33,5122.891,1888.639
2026-06-08 09:00:00,595.33,601,595.27,599.72,7089.155,3997.395
2026-06-08 10:00:00,599.72,600.02,596.86,598.02,4059.521,1729.508
2026-06-08 11:00:00,598.02,604.39,597.09,602.29,5979.227,3469.078
2026-06-08 12:00:00,602.29,603.59,597.86,603.36,7471.719,3948.954
2026-06-08 13:00:00,603.38,603.6,598.2,600.34,9166.896,3388.412
2026-06-08 14:00:00,600.35,603.48,599.49,603.29,5770.866,2755.011
2026-06-08 15:00:00,603.29,606.28,603.21,604.2,7552.279,3535.838
2026-06-08 16:00:00,604.21,607.75,603.33,603.84,4133.447,2000.934
2026-06-08 17:00:00,603.85,607.99,602.38,607.95,3831.349,2192.266
2026-06-08 18:00:00,607.95,609.98,606.61,607.77,5409.863,3249.128
2026-06-08 19:00:00,607.76,608.6,606.35,607.66,2308.146,1130.261
2026-06-08 20:00:00,607.67,608.19,605.48,606.83,1786.031,872.111
2026-06-08 21:00:00,606.83,610.44,606.63,607.6,2894.178,1666.719
2026-06-08 22:00:00,607.59,607.59,604.24,606.27,2297.501,1138.589
2026-06-08 23:00:00,606.3,607.54,601.09,601.86,3022.898,1104.607
2026-06-09 00:00:00,601.86,602.92,593.1,595.72,10253.258,3813.541
2026-06-09 01:00:00,595.72,599.02,594.84,597.69,4160.447,2238.302
2026-06-09 02:00:00,597.69,598.34,594.59,598.32,3453.276,1413.913
2026-06-09 03:00:00,598.32,599.96,597.35,599.14,4210.245,2483.238
2026-06-09 04:00:00,599.14,603.25,596.5,602.4,4959.328,3272.327
2026-06-09 05:00:00,602.41,605.68,600.64,603.54,4351.209,2736.361
2026-06-09 06:00:00,603.55,605.2,602.81,604.04,3625.314,1956.878
2026-06-09 07:00:00,604.04,605,601.15,604.23,6961.752,4012.375
2026-06-09 08:00:00,604.24,604.58,601.24,601.95,4081.935,1510.586
2026-06-09 09:00:00,601.94,603.74,599.46,600.19,4416.256,1551.036
2026-06-09 10:00:00,600.19,601.09,597.05,600.09,4955.379,2315.71
2026-06-09 11:00:00,600.08,600.23,596.22,596.94,5236.143,1911.749
2026-06-09 12:00:00,596.93,599.68,596.1,597.46,6945.041,2748.829
2026-06-09 13:00:00,597.46,598.51,593.43,594.58,8779.7,2865.541
2026-06-09 14:00:00,594.58,595.5,584.63,588.79,14919.23,6330.97
2026-06-09 15:00:00,588.8,591.58,586.04,586.91,7890.546,3490.517
2026-06-09 16:00:00,586.91,589.53,583.84,588.6,10721.041,5410.361
2026-06-09 17:00:00,588.61,593.26,588.44,591.65,6167.06,3065.661
2026-06-09 18:00:00,591.65,595.15,591.25,594.34,3292.087,1904.505
2026-06-09 19:00:00,594.34,596.97,593.36,596.76,3690.354,2445.497
2026-06-09 20:00:00,596.76,598.62,596.06,597.04,2454.203,1375.983
2026-06-09 21:00:00,597.04,597.39,594.04,594.56,2731.966,1071.989
2026-06-09 22:00:00,594.56,596.02,592.44,592.89,2512.87,1100.363
2026-06-09 23:00:00,592.88,593.96,590.9,593.44,3868.085,1837.12
2026-06-10 00:00:00,593.44,594.83,590.03,593.43,4191.966,2207.783
2026-06-10 01:00:00,593.43,594.23,590.62,591.76,2952.233,1177.001
2026-06-10 02:00:00,591.77,592.77,586.48,586.86,4615.666,1697.37
2026-06-10 03:00:00,586.85,589.33,586.52,587.87,2497.383,1189.319
2026-06-10 04:00:00,587.88,588.24,584.15,585.39,4612.596,1379.96
2026-06-10 05:00:00,585.39,586.83,583.58,585.52,5544.872,2132.51
2026-06-10 06:00:00,585.53,586.79,583.99,586.1,6187.952,2812.178
2026-06-10 07:00:00,586.1,589.46,585.86,588.63,3930.983,2448.6
2026-06-10 08:00:00,588.63,588.64,583.96,584.68,4414.356,2030.611
2026-06-10 09:00:00,584.69,585.56,581.26,584.89,5412.589,2710.075
2026-06-10 10:00:00,584.89,585.82,583,584.49,2798.142,1423.081
2026-06-10 11:00:00,584.5,584.93,580.68,583,6007.418,3113.978
2026-06-10 12:00:00,583.01,591.32,582.4,589,7449.608,4300.303
2026-06-10 13:00:00,589.01,596.63,587.68,592.87,8888.926,4958.09
2026-06-10 14:00:00,592.88,594.36,590.42,592.99,5021.477,3000.625
2026-06-10 15:00:00,593,598.52,591.3,596.9,9136.195,4675.431
2026-06-10 16:00:00,596.9,597.16,590.75,592.45,5389.124,2666.534
2026-06-10 17:00:00,592.48,594.02,587.58,590.1,6085.064,2653.509
2026-06-10 18:00:00,590.1,590.8,587.05,589.84,2543.365,1312.825
2026-06-10 19:00:00,589.84,590.52,587.15,588.06,2598.04,1212.79
2026-06-10 20:00:00,588.05,589.22,586.24,587.25,3583.476,1976.416
2026-06-10 21:00:00,587.23,587.23,582.1,583.35,4635.12,1708.311
2026-06-10 22:00:00,583.35,585.96,582.31,584,3409.445,1422.995
2026-06-10 23:00:00,584.01,587.18,582.86,586.53,2940.006,1677.597
2026-06-11 00:00:00,586.51,590,586.51,589.02,2519.615,1523.392
2026-06-11 01:00:00,589.04,594.2,589.04,593.01,3956.463,2597.936
2026-06-11 02:00:00,593.02,593.25,589.51,592.35,3700.234,1922.834
2026-06-11 03:00:00,592.36,597.75,591.43,596.43,6778.777,4758.657
2026-06-11 04:00:00,596.43,596.57,594.04,595.14,4571.761,2195.332
2026-06-11 05:00:00,595.14,595.7,593.72,594.35,4579.745,2441.073
2026-06-11 06:00:00,594.35,597.63,594,596.08,3478.289,1998.339
2026-06-11 07:00:00,596.09,598.26,595.11,598.21,3219.63,1694.045
2026-06-11 08:00:00,598.21,603.77,598.15,601.2,11637.765,6731.418
2026-06-11 09:00:00,601.2,601.51,598.8,600.57,4094.615,2046.631
2026-06-11 10:00:00,600.58,600.83,598.5,599.86,5730.153,3104.03
2026-06-11 11:00:00,599.86,602.74,598.5,600.63,4743.227,2624.585
2026-06-11 12:00:00,600.64,601.08,597.28,599.88,6923.989,3374.784
2026-06-11 13:00:00,599.88,602.99,598.22,601.64,4408.499,2346.073
2026-06-11 14:00:00,601.65,602.2,598.04,598.85,3888.624,1839.759
2026-06-11 15:00:00,598.84,600,597.2,598.48,4278.553,2205.95
2026-06-11 16:00:00,598.48,600.52,598,598.39,3947.074,1746.103
2026-06-11 17:00:00,598.39,606,596.03,605.82,12343.012,7762.397
2026-06-11 18:00:00,605.77,607.33,603.33,604.67,3852.249,2196.403
2026-06-11 19:00:00,604.67,606.57,602.66,604.46,5158.555,2697.75
2026-06-11 20:00:00,604.44,604.68,600.8,602.5,2696.736,1136.348
2026-06-11 21:00:00,602.5,604.91,602.5,603.28,3757.339,1529.513
2026-06-11 22:00:00,603.29,604.9,603.18,603.5,1598.726,972.65
2026-06-11 23:00:00,603.51,606.32,602.3,605.76,3942.299,1965.619
2026-06-12 00:00:00,605.77,606,603.77,604.19,2970.362,1619.769
2026-06-12 01:00:00,604.2,604.2,601.22,601.8,2328.301,1062.908
2026-06-12 02:00:00,601.8,606.15,601.8,604.8,5357.388,2873.703
2026-06-12 03:00:00,604.79,604.84,602.07,602.24,3446.3,1176.084
2026-06-12 04:00:00,602.24,604.9,601.79,603.53,4026.965,2052.336
2026-06-12 05:00:00,603.54,603.67,600.47,600.61,2801.628,1038.009
2026-06-12 06:00:00,600.6,601.95,596.58,598.15,5056.863,1599.983
2026-06-12 07:00:00,598.16,601.41,598.11,599.82,4888.443,2366.346
2026-06-12 08:00:00,599.83,606,599.78,605.23,5240.886,3695.219
2026-06-12 09:00:00,605.23,607.94,604.5,606.96,4680.722,2488.858
2026-06-12 10:00:00,606.96,607.83,604.56,605.98,3301.277,1606.991
2026-06-12 11:00:00,605.99,608.68,605.89,606.65,5340.86,2936.091
2026-06-12 12:00:00,606.64,606.64,604.87,606.36,5257.553,2577.385
2026-06-12 13:00:00,606.37,607.33,603.48,605.29,5616.089,2782.503
2026-06-12 14:00:00,605.3,610.19,604.93,609.54,8846.308,4962.151
2026-06-12 15:00:00,609.54,613.39,605.03,605.34,15771.959,8665.726
2026-06-12 16:00:00,605.34,609.04,604.7,608.51,4625.638,2818.167
2026-06-12 17:00:00,608.52,609.47,605.83,606.87,2874.278,1581.643
2026-06-12 18:00:00,606.87,607.95,605.59,605.86,2659.111,1280.658
2026-06-12 19:00:00,605.85,606.55,602.74,603.45,2711.527,992.705
2026-06-12 20:00:00,603.46,604.61,602.74,602.85,1907.453,858.535
2026-06-12 21:00:00,602.84,604.52,602.33,603.56,2092.796,621.666
2026-06-12 22:00:00,603.57,604.08,602.38,602.97,1764.038,775.194
2026-06-12 23:00:00,602.97,604.02,602.11,603.83,1769.582,1030.677
2026-06-13 00:00:00,603.84,605.27,603.42,604.88,2261.272,1161.433
2026-06-13 01:00:00,604.89,606.27,603.83,606.08,1651.112,1090.218
2026-06-13 02:00:00,606.09,606.15,603.33,603.72,3198.626,1572.228
2026-06-13 03:00:00,603.72,604.62,599.33,600.37,11330.855,2737.927
2026-06-13 04:00:00,600.37,601.27,599.5,599.55,3869.357,1787.747
2026-06-13 05:00:00,599.56,600.6,599.48,600.56,3064.593,1702.699
2026-06-13 06:00:00,600.56,602.93,600.41,602.7,4201.673,2726.602
2026-06-13 07:00:00,602.71,604,601.85,603.27,2179.231,1006.774
2026-06-13 08:00:00,603.28,604.5,602.72,603.88,3498.012,2111.867
2026-06-13 09:00:00,603.88,604.3,603.07,603.77,3757.141,1525.208
2026-06-13 10:00:00,603.78,605.62,603.58,604.97,1863.182,1092.494
2026-06-13 11:00:00,604.97,607.49,604.83,606.67,2621.935,1825.018
2026-06-13 12:00:00,606.67,609,606.16,608.9,5598.02,3086.572
2026-06-13 13:00:00,608.91,610.16,608.01,608.61,5023.707,2189.598
2026-06-13 14:00:00,608.61,610.57,607.87,610.45,3730.709,1789.34
2026-06-13 15:00:00,610.46,611.08,609.35,610.37,2597.504,1479.712
2026-06-13 16:00:00,610.38,610.49,607.49,608.9,2921.867,1121.145
2026-06-13 17:00:00,608.91,609.24,606.69,607.09,1984.364,935.698
2026-06-13 18:00:00,607.09,608.69,607.09,607.81,709.304,360.715
2026-06-13 19:00:00,607.81,608.79,607.35,608.48,877.877,538.226
2026-06-13 20:00:00,608.49,609.47,607.68,608.99,1018.195,575.397
2026-06-13 21:00:00,608.99,612.33,608.6,609.77,2521.059,1550.457
2026-06-13 22:00:00,609.78,609.87,608.42,609.09,1437.295,632.597
2026-06-13 23:00:00,609.08,610.76,608.8,609.65,1574.263,865.77
2026-06-14 00:00:00,609.66,610.13,608.88,609.47,1331.438,609.822
2026-06-14 01:00:00,609.47,611.01,609,609.26,2482.222,1381.526
2026-06-14 02:00:00,609.26,610.62,609.08,609.33,1774.651,766.836
2026-06-14 03:00:00,609.33,610.21,608.51,610.04,2868.001,989.654
2026-06-14 04:00:00,610.04,610.21,608,608.81,3743.107,733.051
2026-06-14 05:00:00,608.82,610.16,608.7,610.15,2975.207,1132.956
2026-06-14 06:00:00,610.14,612.1,610.14,611.32,2218.754,1249.512
2026-06-14 07:00:00,611.31,611.61,609.8,610.31,3248.748,1170.721
2026-06-14 08:00:00,610.32,611.63,610.13,610.54,2147.507,1049.872
2026-06-14 09:00:00,610.54,612.98,609.73,611.86,4484.276,2679.595
2026-06-14 10:00:00,611.87,613.03,610.9,611.09,4477.128,1953.597
2026-06-14 11:00:00,611.09,612.9,611.09,612.26,3309.89,2265.792
2026-06-14 12:00:00,612.26,612.5,610.01,611.26,7754.359,2373.095
2026-06-14 13:00:00,611.26,612.16,611.1,611.31,6213,2567.939
2026-06-14 14:00:00,611.31,611.83,605.34,605.85,11146.852,3739.697
2026-06-14 15:00:00,605.85,608.38,605.73,608.15,6191.044,1813.662
2026-06-14 16:00:00,608.16,608.76,606,606.2,4319.321,1759.296
2026-06-14 17:00:00,606.2,607.63,604,604.19,4045.542,1565.66
2026-06-14 18:00:00,604.2,605.49,603.57,604.4,4702.116,2011.341
2026-06-14 19:00:00,604.39,604.95,602.88,603.28,4326.182,1134.902
2026-06-14 20:00:00,603.27,605.86,602.79,604.92,2435.715,1046.207
2026-06-14 21:00:00,604.92,617.24,604.73,614.58,14779.085,11164.14
2026-06-14 22:00:00,614.59,616.57,611.68,614.11,16503.997,11917.532
2026-06-14 23:00:00,614.11,616.92,612.76,616.79,4549.469,2108.771
2026-06-15 00:00:00,616.79,618.08,614.7,615.51,5805.464,3188.582
2026-06-15 01:00:00,615.51,616.13,613.08,613.56,4810.278,2584.672
2026-06-15 02:00:00,613.56,616.81,612.66,615.62,2672.036,1506.263
2026-06-15 03:00:00,615.62,618.3,615.3,617.83,3272.408,1938.841
2026-06-15 04:00:00,617.84,617.99,615.97,616.67,3023.893,1407.719
2026-06-15 05:00:00,616.68,618.29,616,617.64,5594.48,2384.97
2026-06-15 06:00:00,617.64,619,616.5,617.44,5311.199,2592.556
2026-06-15 07:00:00,617.44,617.66,615.49,615.58,4369.195,2608.793
2026-06-15 08:00:00,615.59,617.15,615.32,616.13,2444.22,1145.428
2026-06-15 09:00:00,616.14,616.22,612.74,614.23,5109.253,1545.593
2026-06-15 10:00:00,614.24,618.42,614.14,617.53,4761.34,2397.029
2026-06-15 11:00:00,617.53,622.88,616.53,620.65,13777.468,7485.625
2026-06-15 12:00:00,620.65,624.5,619.34,624.5,9418.086,4215.151
2026-06-15 13:00:00,624.5,632.9,623.52,626.33,31812.211,15199.305
2026-06-15 14:00:00,626.33,629.35,625.37,627.9,9348.556,4427.811
2026-06-15 15:00:00,627.91,630.28,624.26,629.07,18979.725,7220.185
2026-06-15 16:00:00,629.07,629.68,627.2,627.71,8772.508,3233.863
2026-06-15 17:00:00,627.71,627.71,623.96,625.18,5777.82,1671.56
2026-06-15 18:00:00,625.19,625.19,621.92,622.02,4376.446,1528.099
2026-06-15 19:00:00,622.01,624.18,618.69,620.91,6926.054,2449.156
2026-06-15 20:00:00,620.91,621.77,619.33,619.68,3327.616,1406.168
2026-06-15 21:00:00,619.67,621,618.05,619.32,2669.503,1038.035
2026-06-15 22:00:00,619.32,620.25,615.66,615.67,4813.536,2187.218
2026-06-15 23:00:00,615.67,618,615.3,617.87,3364.347,1450.367
2026-06-16 00:00:00,617.87,619.13,615.48,615.94,5167.777,1598.474
2026-06-16 01:00:00,615.94,618,615.54,615.8,3582.804,1664.349
2026-06-16 02:00:00,615.79,615.92,611.1,612.44,8520.74,3170.364
2026-06-16 03:00:00,612.44,615.36,611.8,615.06,4869.397,2113.913
2026-06-16 04:00:00,615.07,615.88,611.8,612.9,7012.989,1445.546
2026-06-16 05:00:00,612.91,615.08,612.9,613.65,4430.334,2555.75
2026-06-16 06:00:00,613.66,616.5,613.66,615.38,5816.952,3467.283
2026-06-16 07:00:00,615.38,619.21,615.31,615.77,17125.616,7687.461
2026-06-16 08:00:00,615.77,619.5,615.48,619.06,8839.632,3413.898
2026-06-16 09:00:00,619.06,619.32,614.7,615.15,7144.441,2804.181
2026-06-16 10:00:00,615.16,616.32,613.6,613.87,6862.066,2360.052
2026-06-16 11:00:00,613.87,614.83,613.3,614.28,6789.64,1812.887
2026-06-16 12:00:00,614.29,617.94,613.36,614.54,9250.022,2958.022
2026-06-16 13:00:00,614.54,614.59,601.33,606.35,42955.524,12668.312
2026-06-16 14:00:00,606.36,608.15,602.3,605.72,16884.501,5664.797
2026-06-16 15:00:00,605.72,607.93,604.98,606.47,4985.293,2084.328
2026-06-16 16:00:00,606.48,608,604.05,604.26,6569.836,2168.97
2026-06-16 17:00:00,604.27,608.74,604.01,607.94,4493.534,1836.424
2026-06-16 18:00:00,607.94,610.76,607.17,607.98,3245.051,1574.961
2026-06-16 19:00:00,607.97,608.12,605.97,607.05,4171.372,1297.837
2026-06-16 20:00:00,607.06,608.93,606.42,608.32,2520.581,1028.16
2026-06-16 21:00:00,608.32,608.55,606.04,607.28,2741.623,870.386
2026-06-16 22:00:00,607.29,608,605.28,606.15,3687.97,1317.14
2026-06-16 23:00:00,606.16,607.18,604.56,604.94,4521.722,1589.586
2026-06-17 00:00:00,604.94,606.54,604.73,605.09,4049.601,1613.105
2026-06-17 01:00:00,605.09,607.79,603.1,607.49,3899.288,1438.651
2026-06-17 02:00:00,607.5,608.4,604.19,605.23,4782.996,2086.84
2026-06-17 03:00:00,605.23,605.71,604,604.77,3668.928,918.491
2026-06-17 04:00:00,604.78,609.4,604.3,607.59,6417.098,3843.546
2026-06-17 05:00:00,607.59,609.7,606.52,607.89,4542.543,2219.094
2026-06-17 06:00:00,607.89,608.31,605.55,607.15,4696.29,1881.891
2026-06-17 07:00:00,607.15,607.95,605.02,606.62,6216.177,3027.293
2026-06-17 08:00:00,606.63,606.69,601.42,602.43,7990.251,2796.546
2026-06-17 09:00:00,602.42,603.21,600.9,601.38,5415.079,2228.679
2026-06-17 10:00:00,601.38,603.14,600.99,602.05,3438.142,1472.756
2026-06-17 11:00:00,602.05,604.86,600.9,604.07,5455.24,2906.212
2026-06-17 12:00:00,604.07,609.6,603.74,609.47,11013.021,7075.261
2026-06-17 13:00:00,609.48,612.5,608.5,608.59,15477.512,7358.89
2026-06-17 14:00:00,608.59,608.59,601.01,601.6,26451.604,10968.044
2026-06-17 15:00:00,601.61,606.27,601.61,605.55,5073.338,2592.311
2026-06-17 16:00:00,605.56,609.4,602.35,605.69,9183.961,4776.852
2026-06-17 17:00:00,605.69,609.19,605.05,608.66,3745.51,2066.578
2026-06-17 18:00:00,608.67,609.75,600.39,607.76,10384.797,4920.025
2026-06-17 19:00:00,607.77,609.39,597.03,598.62,13434.642,6022.819
2026-06-17 20:00:00,598.6,601.02,597.6,600.86,5686.18,3492.126
2026-06-17 21:00:00,600.86,602,599.09,599.45,2215.811,1030.658
2026-06-17 22:00:00,599.45,601.11,595.11,599.52,4324.503,1662.505
2026-06-17 23:00:00,599.52,602.29,599.48,601.63,1821.677,1100.151
2026-06-18 00:00:00,601.63,603.35,601.36,602.32,3485.876,2132.419
2026-06-18 01:00:00,602.33,604.31,600.66,601.72,2384.519,1186.851
2026-06-18 02:00:00,601.73,603.47,600.74,601.8,4652.618,1506.55
2026-06-18 03:00:00,601.81,602.02,596.25,596.6,7121.608,2342.072
2026-06-18 04:00:00,596.6,597.04,590.75,591.23,10544.339,3723.788
2026-06-18 05:00:00,591.24,591.35,587.5,589.58,11594.667,4446.401
2026-06-18 06:00:00,589.58,590.51,587.38,589.37,7059.724,2954.826
2026-06-18 07:00:00,589.38,590.77,587.97,589.57,7251.356,2698.518
2026-06-18 08:00:00,589.56,592.8,589.13,591.59,4427.17,2535.336
2026-06-18 09:00:00,591.58,592.71,590.28,590.66,2307.893,1227.243
2026-06-18 10:00:00,590.67,591.2,588.84,590.36,3579.292,1904.911
2026-06-18 11:00:00,590.36,591.12,588.49,589.64,2770.87,1309.334
2026-06-18 12:00:00,589.64,591.96,589.02,591.51,6095.473,3693.09
2026-06-18 13:00:00,591.52,592.5,587.67,589.55,5272.913,1697.724
2026-06-18 14:00:00,589.56,592.4,588.1,589.55,3811.957,1901.435
2026-06-18 15:00:00,589.54,589.54,573,573.74,28972.473,11217.517
2026-06-18 16:00:00,573.75,579.83,573.48,577.66,12013.715,6178.204
2026-06-18 17:00:00,577.67,578.29,574.5,576.07,5597.307,2555.878
2026-06-18 18:00:00,576.08,577.87,575,576.19,6065.077,3446.39
2026-06-18 19:00:00,576.19,579.37,575.62,578.88,3761.011,1927.082
2026-06-18 20:00:00,578.88,581.12,578.88,579.88,3152.192,1775.475
2026-06-18 21:00:00,579.89,580.08,578.07,579.57,3137.54,1240.013
2026-06-18 22:00:00,579.57,580.64,577.45,578.23,4260.999,2043.366
2026-06-18 23:00:00,578.22,578.89,576.94,578.48,2248.223,1373.018
2026-06-19 00:00:00,578.48,579.89,577.62,579.38,2661.672,1684.676
2026-06-19 01:00:00,579.39,582.52,579.39,581.95,2999.775,2052.442
2026-06-19 02:00:00,581.96,582.84,580.56,582.49,2646.896,1548.725
2026-06-19 03:00:00,582.5,583.29,575.9,578.19,6380.178,2913.965
2026-06-19 04:00:00,578.19,578.89,570.82,572.61,8363.381,3328.121
2026-06-19 05:00:00,572.61,576.11,572.47,575.87,2280.633,1302.818
2026-06-19 06:00:00,575.87,577.16,573.49,574.5,5113.429,1461.655
2026-06-19 07:00:00,574.51,575.59,572.82,574.97,5594.452,2646.016
2026-06-19 08:00:00,574.97,575.28,573.26,574.17,4771.961,1542.896
2026-06-19 09:00:00,574.17,574.46,571.07,571.44,5475.482,2037.225
2026-06-19 10:00:00,571.44,573.42,571,573.04,4164.732,1817.924
2026-06-19 11:00:00,573.04,573.86,571.81,573.28,2797.88,1098.283
2026-06-19 12:00:00,573.29,576.17,572.12,575.55,4986.353,1950.328
2026-06-19 13:00:00,575.56,578.5,573.22,577.73,7096.902,3068.429
2026-06-19 14:00:00,577.73,579.24,576.47,577.61,4494.793,2178.995
2026-06-19 15:00:00,577.6,579.73,576.47,578.77,4777.955,3204.828
2026-06-19 16:00:00,578.77,580.7,577.2,577.46,3956.177,1863.449
2026-06-19 17:00:00,577.47,580.26,577.2,579.92,2277.959,1199.157
2026-06-19 18:00:00,579.93,580.16,578.26,579.25,1000.851,449.535
2026-06-19 19:00:00,579.25,582,577.87,579.93,2394.813,1306.643
2026-06-19 20:00:00,579.94,581.86,578.97,581.7,3396.254,1951.84
2026-06-19 21:00:00,581.7,582.47,579.86,580.14,1761.259,929.071
2026-06-19 22:00:00,580.13,581.5,579.83,580.57,1968.427,1493.272
2026-06-19 23:00:00,580.57,582.4,580.08,581.42,2980.977,2295.141
2026-06-20 00:00:00,581.41,582.75,580.7,580.91,5547.493,3633.052
2026-06-20 01:00:00,580.91,581.77,580.42,581.25,4133.62,2780.655
2026-06-20 02:00:00,581.25,581.48,580.13,580.18,2973.671,1559.662
2026-06-20 03:00:00,580.19,581.1,580.12,580.6,2670.22,2065.317
2026-06-20 04:00:00,580.6,581.2,580.24,581,5001.391,3308.726
2026-06-20 05:00:00,581,584.2,580.87,582.83,10503.437,7182.273
2026-06-20 06:00:00,582.83,588.5,582.83,587.25,5281.292,3365.402
2026-06-20 07:00:00,587.25,589.43,585.27,587.69,3879.368,2122.353
2026-06-20 08:00:00,587.7,587.87,585.38,585.67,4614.454,2565.101
2026-06-20 09:00:00,585.68,588.3,585.61,587.81,4007.031,2623.321
2026-06-20 10:00:00,587.81,587.92,585.68,586.98,2658.455,1402.753
2026-06-20 11:00:00,586.98,587.76,586.15,586.38,2964.67,1597.718
2026-06-20 12:00:00,586.37,587.15,585.71,586.42,1931.269,1081.883
2026-06-20 13:00:00,586.42,586.77,583.13,584.73,4301.904,2213.239
2026-06-20 14:00:00,584.73,588.27,582,586.04,6330.072,3239.103
2026-06-20 15:00:00,586.04,589,585.09,587.2,5669.861,3584.692
2026-06-20 16:00:00,587.21,587.4,585.47,586.8,2356.798,1016.007
2026-06-20 17:00:00,586.8,586.8,584,585.34,1648.486,690.485
2026-06-20 18:00:00,585.34,587.04,585.3,585.37,1152.557,538.373
2026-06-20 19:00:00,585.37,586.53,585.3,585.92,1086.004,617.148
2026-06-20 20:00:00,585.92,586.55,585,586.39,1092.27,434.812
2026-06-20 21:00:00,586.4,587.37,585.64,586.46,1027.673,645.914
2026-06-20 22:00:00,586.46,588.5,585.99,587.91,2124.503,1252.048
2026-06-20 23:00:00,587.91,588.5,587.38,588.03,1583.671,750.762
2026-06-21 00:00:00,588.03,588.65,587.32,587.49,2336.639,1383.55
2026-06-21 01:00:00,587.48,590.22,587,589.44,2145.182,1297.41
2026-06-21 02:00:00,589.44,589.7,588.41,589.52,1499.512,708.088
2026-06-21 03:00:00,589.53,591,589.02,590.36,4386.66,2824.195
2026-06-21 04:00:00,590.37,590.86,589.1,589.24,3040.479,1199.53
2026-06-21 05:00:00,589.24,590.63,588.81,589.76,1478.677,647.19
2026-06-21 06:00:00,589.76,591.65,589.07,590.27,3073.473,1449.908
2026-06-21 07:00:00,590.28,591.83,589.58,590.94,1834.521,992.905
2026-06-21 08:00:00,590.94,591.01,587.51,588.88,3718.675,1701.661
2026-06-21 09:00:00,588.89,590.44,588.19,589.97,2337.992,1078.943
2026-06-21 10:00:00,589.97,591.78,589.76,590.21,2133.017,1132.4
2026-06-21 11:00:00,590.22,590.79,588,588.45,2413.046,1138.151
2026-06-21 12:00:00,588.44,588.56,585.15,587.08,8919.259,5029.441
2026-06-21 13:00:00,587.09,589.16,586.77,588.42,2358.935,1340.534
2026-06-21 14:00:00,588.43,589.83,587.84,589.82,1923.123,971.017
2026-06-21 15:00:00,589.82,590.5,589.32,589.88,1969.77,1039.691
2026-06-21 16:00:00,589.88,590.39,588.58,589.8,1650.267,874.653
2026-06-21 17:00:00,589.8,591.44,589.74,590.86,1976.196,963.911
2026-06-21 18:00:00,590.85,591.78,589.14,591.68,1700.309,841.187
2026-06-21 19:00:00,591.68,592.56,591.33,591.85,1556.075,1083.242
2026-06-21 20:00:00,591.85,591.89,587.4,588.46,1672.693,559.642
2026-06-21 21:00:00,588.48,588.66,585.14,587.68,2494.854,1125.166
2026-06-21 22:00:00,587.67,588.9,585.58,587.49,3004.929,1561.003
2026-06-21 23:00:00,587.5,587.5,583.6,584.23,3736.969,1547.733
2026-06-22 00:00:00,584.23,589.43,584.07,587.88,3019.695,1911.317
2026-06-22 01:00:00,587.88,596.31,587.11,594.51,10651.335,7405.931
2026-06-22 02:00:00,594.52,594.72,591.32,591.33,5398.402,2815.881
2026-06-22 03:00:00,591.32,592.7,589.07,590.05,3536.436,1620.016
2026-06-22 04:00:00,590.05,590.67,589.31,590.57,3441.164,1728.069
2026-06-22 05:00:00,590.56,592.99,590.11,592.99,2003.415,1093.403
2026-06-22 06:00:00,593,594.12,590.46,590.82,3656.235,1554.359
2026-06-22 07:00:00,590.83,595.03,590.59,593.96,5770.683,2784
2026-06-22 08:00:00,593.97,594.9,592.41,593.18,2854.063,1476.889
2026-06-22 09:00:00,593.18,593.66,592.38,593.12,2822.643,1232.128
2026-06-22 10:00:00,593.11,593.33,591.23,592.07,2510.369,1018.739
2026-06-22 11:00:00,592.07,598,591.88,597.17,6219.059,4065.915
2026-06-22 12:00:00,597.17,601,597.17,600.63,7927.901,4644.779
2026-06-22 13:00:00,600.64,602.31,599.21,602.1,6136.855,2737.578
2026-06-22 14:00:00,602.11,602.3,596.12,597.96,11432.055,4142.752
2026-06-22 15:00:00,597.95,599.38,595.5,596.25,4992.024,2000.057
2026-06-22 16:00:00,596.25,596.43,592.58,594.79,4302.818,1816.05
2026-06-22 17:00:00,594.79,595.73,593.01,595.44,2515.29,1253.126
2026-06-22 18:00:00,595.44,597,593.17,593.35,2442.622,1068.277
2026-06-22 19:00:00,593.34,593.96,590.23,592.29,4947.445,2496.676
2026-06-22 20:00:00,592.29,593.15,589.92,591.56,2918.295,1360.422
2026-06-22 21:00:00,591.56,592.07,589.17,591.17,1354.201,476.916
2026-06-22 22:00:00,591.16,591.94,587.88,589.97,2716.246,1377.088
2026-06-22 23:00:00,589.97,591.19,589,590.15,1862.379,809.439
2026-06-23 00:00:00,590.14,591.77,588.8,591.4,3291.913,1608.12
2026-06-23 01:00:00,591.4,592.27,588.03,590.38,2804.639,1246.456
2026-06-23 02:00:00,590.38,592.83,589.85,592.62,2578.666,1234.231
2026-06-23 03:00:00,592.63,592.67,589.76,591.96,2973.224,1425.583
2026-06-23 04:00:00,591.97,592.31,587.1,587.21,2560.556,1137.36
2026-06-23 05:00:00,587.21,588.03,585,585.6,3695.872,1505.083
2026-06-23 06:00:00,585.61,585.97,577.46,581.14,10166.262,4310.123
2026-06-23 07:00:00,581.14,582.66,580.74,580.88,3828.884,1824.368
2026-06-23 08:00:00,580.87,581.43,570.57,574.08,14856.344,6928.734
2026-06-23 09:00:00,574.08,574.83,571.51,571.92,9033.779,3480.641
2026-06-23 10:00:00,571.92,573.61,570.86,572.11,7952.015,3096.524
2026-06-23 11:00:00,572.11,574.68,571.71,574.07,7108.936,2798.181
2026-06-23 12:00:00,574.07,575.6,573,573.76,5043.462,2569.489
2026-06-23 13:00:00,573.75,575.46,571.21,575.28,6484.265,3000.773
2026-06-23 14:00:00,575.27,577.02,573.21,573.84,4879.017,2573.362
2026-06-23 15:00:00,573.84,574.96,572.07,574.67,3133.828,1699.772
2026-06-23 16:00:00,574.67,577.25,574.12,574.72,2958.17,1788.744
2026-06-23 17:00:00,574.71,575.92,573.48,574.08,2498.201,1475.212
2026-06-23 18:00:00,574.07,575.19,572.7,573.82,1908.633,945.365
2026-06-23 19:00:00,573.81,576.81,573.78,576.2,4047.805,2402.783
2026-06-23 20:00:00,576.2,577.11,575.51,576.25,1485.504,606.024
2026-06-23 21:00:00,576.25,577.83,576.09,577,2129.481,1193.159
2026-06-23 22:00:00,577.01,578.4,576.48,577.99,1742.953,1084.261
2026-06-23 23:00:00,577.98,579.24,576.6,578.08,1692.473,727.086
2026-06-24 00:00:00,578.09,581.11,577.95,579.82,2631.981,1414.632
2026-06-24 01:00:00,579.82,581.63,578.77,579.54,2489.814,1253.649
2026-06-24 02:00:00,579.54,579.75,577.33,577.49,1521.066,684.747
2026-06-24 03:00:00,577.48,578.59,575.38,577.85,1952.54,852.278
2026-06-24 04:00:00,577.85,578.81,574.24,577.45,2238.545,1082.396
2026-06-24 05:00:00,577.46,581.4,577.24,579.93,1649.201,974.586
2026-06-24 06:00:00,579.92,580.58,578.84,579,1356.045,670.177
2026-06-24 07:00:00,579,579.17,576.3,576.92,3357.405,1192.701
2026-06-24 08:00:00,576.93,578.13,576.53,577.88,3287.134,1316.803
2026-06-24 09:00:00,577.89,577.89,576.07,577.01,2045.99,1068.796
2026-06-24 10:00:00,577,577.05,575.22,575.52,3447.24,1503.859
2026-06-24 11:00:00,575.53,582.21,573.84,579.79,5068.222,2726.884
2026-06-24 12:00:00,579.79,580.33,576.54,576.75,4607.773,2027.809
2026-06-24 13:00:00,576.75,576.97,568.29,570.11,15787.258,6441.825
2026-06-24 14:00:00,570.14,571.76,567.59,570.45,9240.693,4499.255
2026-06-24 15:00:00,570.46,570.46,561.02,561.41,13788.594,5346.385
2026-06-24 16:00:00,561.4,563.79,552,554.75,24694.074,7915.699
2026-06-24 17:00:00,554.74,557.15,546.6,549.04,26835.278,10363.484
2026-06-24 18:00:00,549.05,556,548.14,553.59,8267.779,4124.949
2026-06-24 19:00:00,553.6,555.61,552.25,555.57,3791.253,2072.09
2026-06-24 20:00:00,555.57,564.61,554.67,563.2,10971.396,6689.258
2026-06-24 21:00:00,563.22,564.24,559.94,564.21,3833.835,1981.451
2026-06-24 22:00:00,564.21,566.26,562.92,563.35,4982.786,1979.362
2026-06-24 23:00:00,563.35,565,562.73,564.67,3062.096,1006.003
2026-06-25 00:00:00,564.66,565.98,563.09,564.05,3609.003,1701.706
2026-06-25 01:00:00,564.05,566.76,563.48,566.21,2442.141,1414.315
2026-06-25 02:00:00,566.2,567.11,565.32,565.82,3485.979,1878.549
2026-06-25 03:00:00,565.81,566.91,564.56,565.79,2178.241,974.729
2026-06-25 04:00:00,565.78,568.96,563.79,568.46,2922.785,1738.714
2026-06-25 05:00:00,568.46,571.18,567.98,570.19,9522.894,6147.315
2026-06-25 06:00:00,570.19,572.72,570.18,571.3,4083.878,1981.652
2026-06-25 07:00:00,571.31,572.06,569.88,570.47,3701.724,1351.32
2026-06-25 08:00:00,570.47,570.61,568.99,569.56,4649.173,2180.228
2026-06-25 09:00:00,569.56,570.29,568.31,568.68,5185.723,2605.521
2026-06-25 10:00:00,568.67,568.87,562.44,563.7,5714.046,1920.672
2026-06-25 11:00:00,563.71,564.25,560.46,562.7,5992.075,2408.942
2026-06-25 12:00:00,562.71,566.9,561.07,563.06,6658.667,3755.511
2026-06-25 13:00:00,563.06,568.58,540.6,542.2,29723.13,12533.398
2026-06-25 14:00:00,542.2,559.47,542.2,553.16,30936.515,15276.195
2026-06-25 15:00:00,553.16,554.56,548.24,554.04,9318.825,4894.039
2026-06-25 16:00:00,554.04,557.35,552.46,554.17,4781.419,2530.797
2026-06-25 17:00:00,554.17,559.63,553.23,559.63,3899.467,2222.424
2026-06-25 18:00:00,559.63,560.24,554.72,555.52,4765.994,2498.29
2026-06-25 19:00:00,555.52,555.54,552.55,554.27,2473.806,1208.201
2026-06-25 20:00:00,554.28,557.2,554.27,555.47,2064.457,1158.37
2026-06-25 21:00:00,555.46,561.63,555.42,561.41,2718.751,1846.9
2026-06-25 22:00:00,561.4,561.4,559.51,560.37,2666.306,1369.28
2026-06-25 23:00:00,560.37,563,559.27,560.62,2772.917,1165.345
2026-06-26 00:00:00,560.63,564.98,559.6,560.8,13649.187,7304.986
2026-06-26 01:00:00,560.8,561.49,557.03,558.53,3799.224,1921.682
2026-06-26 02:00:00,558.53,558.63,550.37,552.43,12133.474,6556.525
2026-06-26 03:00:00,552.44,563.63,551.01,562.99,9672.76,5647.527
2026-06-26 04:00:00,562.99,563.31,559.52,560.28,5299.198,2372.103
2026-06-26 05:00:00,560.29,561.83,559.19,561.09,6750.559,3099.329
2026-06-26 06:00:00,561.1,565.32,559.04,564.14,6738.741,3362.66
2026-06-26 07:00:00,564.14,570.34,564.1,569.48,11913.636,7279.928
2026-06-26 08:00:00,569.49,569.96,566.7,568.58,6891.743,3982.002
2026-06-26 09:00:00,568.58,568.68,563.43,564.21,8875.516,3600.291
2026-06-26 10:00:00,564.21,566.49,563.03,564.17,9495.74,5023.345
2026-06-26 11:00:00,564.16,565.64,558.82,558.99,11503.368,5472.83
2026-06-26 12:00:00,558.99,561.41,554.36,556.27,18016.881,6908.385
2026-06-26 13:00:00,556.27,564.21,551.92,563.88,11062.196,5900.41
2026-06-26 14:00:00,563.9,564.9,559.15,559.8,12443.805,5487.215
2026-06-26 15:00:00,559.81,567.2,559.6,565.28,9102.192,4752.301
2026-06-26 16:00:00,565.28,568.98,562.77,566.83,9004.921,5144.903
2026-06-26 17:00:00,566.83,568.32,566.21,567.45,4057.055,2240.483
2026-06-26 18:00:00,567.45,568.57,564.8,565.3,3331.001,2071.289
2026-06-26 19:00:00,565.3,568.68,564.85,565.82,3773.224,1735.039
2026-06-26 20:00:00,565.85,568.59,564.63,565.05,2871.733,1414.73
2026-06-26 21:00:00,565.06,568.26,564.46,568,2166.127,955.62
2026-06-26 22:00:00,568.01,568.5,565.72,568.23,2153.759,1139.224
2026-06-26 23:00:00,568.23,568.68,567.12,567.64,1497.367,638.355
2026-06-27 00:00:00,567.65,568.66,565.8,567.72,1909.337,1128.144
2026-06-27 01:00:00,567.72,567.75,565.62,565.76,1666.719,799.79
2026-06-27 02:00:00,565.75,568.44,565.23,567.88,4020.274,1623.614
2026-06-27 03:00:00,567.87,568.12,566.04,566.96,3071.858,1754.254
2026-06-27 04:00:00,566.96,567.95,564.34,564.54,3183.326,1149.863
2026-06-27 05:00:00,564.54,566.34,563.93,565.46,6619.128,3657.518
2026-06-27 06:00:00,565.45,566.7,564.41,565.43,2889.803,1163.843
2026-06-27 07:00:00,565.43,565.78,564.93,565.53,3093.826,1452.533
2026-06-27 08:00:00,565.53,565.72,564.3,565.41,4964.33,2284.281
2026-06-27 09:00:00,565.4,565.69,564.17,564.63,2268.188,730.351
2026-06-27 10:00:00,564.62,564.77,563.63,564.64,3828.931,1502.065
2026-06-27 11:00:00,564.64,564.69,562.53,563.16,2146.586,986.143
2026-06-27 12:00:00,563.16,564.67,562.47,564.3,1869.398,874.565
2026-06-27 13:00:00,564.29,565.49,563.68,564.18,3913.198,1481.949
2026-06-27 14:00:00,564.18,565.29,563.18,564.5,3631.456,1446.443
2026-06-27 15:00:00,564.5,567.04,564.22,565.46,5628.729,2327.892
2026-06-27 16:00:00,565.47,566.6,565,566.51,2922.639,1232.591
2026-06-27 17:00:00,566.5,566.76,563.29,563.3,3819.059,1453.682
2026-06-27 18:00:00,563.3,563.51,561.8,562.24,2163.074,1082.557
2026-06-27 19:00:00,562.24,562.9,557.95,559.12,3238.301,1104.779
2026-06-27 20:00:00,559.11,559.99,559.03,559.73,2017.971,1026.111
2026-06-27 21:00:00,559.75,563.28,556.25,557.41,5795.87,2712.847
2026-06-27 22:00:00,557.4,559.07,554.53,559,5627.361,2231.859
2026-06-27 23:00:00,558.99,559.12,556.98,557.2,1122.548,594.869
2026-06-28 00:00:00,557.19,558.48,556.85,557.87,1728.57,1097.949
2026-06-28 01:00:00,557.88,558.31,556.46,558.03,1371.058,610.494
2026-06-28 02:00:00,558.03,558.8,556.78,557.57,1711.57,882.64
2026-06-28 03:00:00,557.56,558.85,557.56,558.74,1056.064,651.403
2026-06-28 04:00:00,558.74,558.74,556.78,556.92,1374.681,538.623
2026-06-28 05:00:00,556.92,557.3,554.66,556.05,2517.44,970.164
2026-06-28 06:00:00,556.06,556.37,554.03,554.94,2802.624,1163.567
2026-06-28 07:00:00,554.94,556.8,554.93,556.45,2072.333,1043.112
2026-06-28 08:00:00,556.46,558.89,555.3,557.37,2768.924,1272.911
2026-06-28 09:00:00,557.4,558.03,555.16,555.25,3901.51,1415.574
2026-06-28 10:00:00,555.26,556.24,554.35,555.16,2385.579,736.59
2026-06-28 11:00:00,555.17,557.41,555.02,557.29,5715.843,3390.584
2026-06-28 12:00:00,557.29,558,555.5,556.63,2741,1674.918
2026-06-28 13:00:00,556.63,556.71,554.14,555.28,2921.332,811.689
2026-06-28 14:00:00,555.28,557.09,554.94,554.95,2670.956,1088.45
2026-06-28 15:00:00,554.95,556.09,553.8,554.55,2687.264,1046.944
2026-06-28 16:00:00,554.56,554.84,551.48,552.42,3221.495,1269.291
2026-06-28 17:00:00,552.42,553.43,550,551.98,3946.316,1414.49
2026-06-28 18:00:00,551.98,553.94,551.32,553.86,2314.493,1045.044
2026-06-28 19:00:00,553.86,553.86,547.23,548.45,7821.897,2799.636
2026-06-28 20:00:00,548.44,555.28,548.33,550.1,9253.371,5019.866
2026-06-28 21:00:00,550.1,551.67,548.44,548.94,1368.308,726.417
2026-06-28 22:00:00,548.94,553.13,545.62,547.29,5020.206,2406.36
2026-06-28 23:00:00,547.28,553.26,546.9,551.07,3495.023,1864.408
2026-06-29 00:00:00,551.07,553.09,546.67,552.84,3164.292,1469.881
2026-06-29 01:00:00,552.83,553.07,549.64,552.27,2362.648,922.113
2026-06-29 02:00:00,552.28,554.8,547.42,553.78,3297.47,1655.793
2026-06-29 03:00:00,553.78,556.69,553.55,555.19,4093.218,2529.809
2026-06-29 04:00:00,555.2,555.26,550.91,551.33,2640.212,1030.692
2026-06-29 05:00:00,551.33,553.33,548.37,553.33,3819.279,1725.796
2026-06-29 06:00:00,553.33,555.53,553.01,554,4337.857,2130.012
2026-06-29 07:00:00,554,554.66,552.73,553.6,3558.863,1515.049
2026-06-29 08:00:00,553.6,554.48,551.52,552.94,4013.762,2197.627
2026-06-29 09:00:00,552.95,554.62,552.32,553.6,5032.163,1965.218
2026-06-29 10:00:00,553.59,555.78,553.51,553.8,3512.013,1755.922
2026-06-29 11:00:00,553.81,554.69,550.51,551.87,3898.734,1994.924
2026-06-29 12:00:00,551.86,558.42,549.68,553.3,7307.813,3840.286
2026-06-29 13:00:00,553.3,555.94,549,550.7,7584.574,2997.354
2026-06-29 14:00:00,550.71,552.04,546.17,550.98,7730.211,3281.977
2026-06-29 15:00:00,551,552.62,547.5,551.97,4146.023,2223.837
2026-06-29 16:00:00,551.97,559.04,550.34,556.15,14936.307,7622.721
2026-06-29 17:00:00,556.15,562.96,556.05,561.12,7657.348,3958.859
2026-06-29 18:00:00,561.13,562.4,560.34,561.14,2710.692,1350.574
2026-06-29 19:00:00,561.14,563.16,559.94,561.78,3657.287,2320.404
2026-06-29 20:00:00,561.78,562.21,559.98,560.08,1845.765,714.035
2026-06-29 21:00:00,560.08,561.84,559.42,561.2,2031.71,774.698
2026-06-29 22:00:00,561.2,561.88,560.01,560.12,1398.13,614.045
2026-06-29 23:00:00,560.12,560.55,559.28,559.52,1057.753,480.473
2026-06-30 00:00:00,559.51,560.4,555.27,555.71,2840.083,1394.467
2026-06-30 01:00:00,555.72,557.16,555,555.8,2265.45,1127.019
2026-06-30 02:00:00,555.8,557.38,554.53,556.59,2167.568,1059.494
2026-06-30 03:00:00,556.59,556.91,553.76,553.77,6410.792,2759.923
2026-06-30 04:00:00,553.76,554.73,551.62,553.17,3679.173,1271.828
2026-06-30 05:00:00,553.17,554.14,552,554.12,4697.823,2156.415
2026-06-30 06:00:00,554.13,554.19,552.48,553.3,2113.612,1043.092
2026-06-30 07:00:00,553.31,553.59,551.83,552.42,2549.116,1069.311
2026-06-30 08:00:00,552.42,553.06,549.53,550.16,5435.183,2113.52
2026-06-30 09:00:00,550.16,551.37,549.14,549.83,9552.218,6696.365
2026-06-30 10:00:00,549.83,550.6,549.16,549.45,4257.424,1211.534
2026-06-30 11:00:00,549.44,549.6,547,547.7,4055.732,1715.251
2026-06-30 12:00:00,547.71,547.77,543.79,543.8,10641.249,3236.985
2026-06-30 13:00:00,543.8,548.8,543.68,548.56,7193.052,3698.619
2026-06-30 14:00:00,548.56,551.56,544.94,545.57,8452.867,4601.025
2026-06-30 15:00:00,545.57,547.49,543.68,544.96,5562.831,2534.09
2026-06-30 16:00:00,544.96,547.94,544.86,546.76,4532.844,2012.1
2026-06-30 17:00:00,546.76,548.66,545.87,546.82,3421.891,1626.218
2026-06-30 18:00:00,546.83,548.55,545.52,546.94,2938.033,1866.085
2026-06-30 19:00:00,546.94,547.92,545.88,547.4,1845.96,817.033
2026-06-30 20:00:00,547.38,547.7,545.22,545.52,3762.485,1583.398
2026-06-30 21:00:00,545.52,545.82,544.13,545.02,2952.696,954.279
2026-06-30 22:00:00,545.03,545.97,544.41,544.87,3294.816,1278.49
2026-06-30 23:00:00,544.87,546.8,544.85,546.52,1692.622,1008.949
2026-07-01 00:00:00,546.52,548.56,545.25,547.86,5761.521,4287.176
2026-07-01 01:00:00,547.87,549.76,540,547.85,10504.27,4482.476
2026-07-01 02:00:00,547.85,550.5,547.12,549.78,5945.623,4214.877
2026-07-01 03:00:00,549.78,552.83,548.73,551.52,4062.827,2405.017
2026-07-01 04:00:00,551.52,552.65,550.67,551.09,4767.399,3128.614
2026-07-01 05:00:00,551.09,551.64,549.81,551.01,2970.736,1790.115
2026-07-01 06:00:00,551.01,551.12,545.08,545.91,5155.97,2622.222
2026-07-01 07:00:00,545.92,547.74,545.22,546.89,3091.276,1244.432
2026-07-01 08:00:00,546.88,547.31,544.06,547.25,5693.328,2412.653
2026-07-01 09:00:00,547.25,547.69,544.79,545.26,5607.393,2159.119
2026-07-01 10:00:00,545.26,545.73,542,542.21,6623.979,2103.823
2026-07-01 11:00:00,542.21,544.44,537.25,542.64,16438.388,6776.052
2026-07-01 12:00:00,542.64,543.72,541.32,542.66,4932.404,2596.369
2026-07-01 13:00:00,542.65,550.74,542.65,549.13,17753.922,7709.665
2026-07-01 14:00:00,549.13,552.53,547.37,549.48,9010.574,4155.728
2026-07-01 15:00:00,549.49,555.68,549.42,554.36,12303.441,6788.022
2026-07-01 16:00:00,554.36,554.96,550.79,551.66,8308.606,3309.514
2026-07-01 17:00:00,551.66,554.47,550.15,554.25,4932.036,2109.974
2026-07-01 18:00:00,554.25,554.35,552.23,552.92,4003.511,1900.914
2026-07-01 19:00:00,552.92,554.02,550.43,551.25,8065.95,3742.748
2026-07-01 20:00:00,551.26,552.48,550.03,552.47,2024.842,834.108
2026-07-01 21:00:00,552.48,557.12,552.47,556.26,5175.652,3054.309
2026-07-01 22:00:00,556.25,559.55,553.2,553.7,6928.258,3688.718
2026-07-01 23:00:00,553.7,553.74,550.14,550.44,2011.266,716.919
2026-07-02 00:00:00,550.45,550.56,546.21,547.78,3147.814,1342.859
2026-07-02 01:00:00,547.79,551.84,547.74,550.44,2917.629,1443.69
2026-07-02 02:00:00,550.44,551.89,549,551.05,3494.703,1949.285
2026-07-02 03:00:00,551.05,561.19,550.16,556.94,13729.155,10378.251
2026-07-02 04:00:00,556.93,556.93,552.8,554.33,5159.397,2717.547
2026-07-02 05:00:00,554.33,554.33,551.94,552.09,6769.328,3205.7
2026-07-02 06:00:00,552.09,552.27,549,549.03,5028.411,1839.599
2026-07-02 07:00:00,549.03,549.99,548.74,549.4,3803.362,1774.212
2026-07-02 08:00:00,549.4,551.13,549.25,550.87,3646.765,2248.886
2026-07-02 09:00:00,550.87,555.99,550.16,554.56,7117.477,4380.07
2026-07-02 10:00:00,554.56,556.83,553.87,555.95,10259.27,5044.197
2026-07-02 11:00:00,555.95,561.73,555.64,559.93,14037.64,8011.252
2026-07-02 12:00:00,559.94,563.3,559.14,563.05,9819.103,5046.856
2026-07-02 13:00:00,563.05,567.17,561.49,565.15,25043.083,13387.241
2026-07-02 14:00:00,565.15,566.41,560.02,561.99,10739.772,5853.53
2026-07-02 15:00:00,562,563.55,560.33,562.54,3629.86,2048.116
2026-07-02 16:00:00,562.54,564.16,559.44,561.89,4014.238,1693.231
2026-07-02 17:00:00,561.89,563.59,559.87,560.68,5678.457,3031.837
2026-07-02 18:00:00,560.69,561.82,559.88,560.16,1835.063,659.022
2026-07-02 19:00:00,560.16,560.35,558,558.14,3222.09,1928.964
2026-07-02 20:00:00,558.14,558.88,557.39,558.42,1741.963,800.19
2026-07-02 21:00:00,558.42,558.49,557.22,557.52,2292.607,1077.906
2026-07-02 22:00:00,557.52,558.33,556.16,557.37,3213.824,1660.709
2026-07-02 23:00:00,557.36,559.6,556.66,558.96,1975.803,926.866
2026-07-03 00:00:00,558.95,559.26,556.99,557.69,3362.504,1445.581
2026-07-03 01:00:00,557.69,562.12,557.22,561.58,4077.478,2179.954
2026-07-03 02:00:00,561.58,562.01,559.14,561.52,2465.884,1107.997
2026-07-03 03:00:00,561.52,561.82,559.54,561.03,2313.14,1039.311
2026-07-03 04:00:00,561.03,561.71,560.04,560.74,2402.773,1241.363
2026-07-03 05:00:00,560.74,563.31,560.4,562.56,2587.482,1432.832
2026-07-03 06:00:00,562.56,563.97,561.34,561.54,3503.188,1660.849
2026-07-03 07:00:00,561.54,562.47,561.14,561.69,3879.416,1743.272
2026-07-03 08:00:00,561.68,564,561.34,562.29,4887.897,2386.004
2026-07-03 09:00:00,562.29,564.39,561.71,562.86,5726.675,2755.236
2026-07-03 10:00:00,562.87,566.5,562.66,565.91,6880.748,3838.945
2026-07-03 11:00:00,565.91,567.58,565.14,566.77,8853.931,2502.274
2026-07-03 12:00:00,566.78,567.84,564.38,564.97,5403.957,1952.096
2026-07-03 13:00:00,564.98,567.78,564.74,566.92,6165.148,3423.633
2026-07-03 14:00:00,566.91,566.91,563.23,565.89,6734.727,2292.916
2026-07-03 15:00:00,565.9,568.45,564.82,565.65,6584.534,1934.792
2026-07-03 16:00:00,565.66,567.24,564.6,566.74,2315.176,1191.388
2026-07-03 17:00:00,566.74,568.26,566.37,567.86,4276.499,2620.719
2026-07-03 18:00:00,567.87,568.77,567.67,568.42,3398.32,1127.2
2026-07-03 19:00:00,568.43,571.5,567.7,569.69,4537.071,2309.174
2026-07-03 20:00:00,569.69,574.73,569.51,573.17,5540.143,3333.974
2026-07-03 21:00:00,573.17,574.94,571.85,573.94,3040.867,1121.981
2026-07-03 22:00:00,573.94,574.37,572.34,573.14,2041.942,1049.86
2026-07-03 23:00:00,573.14,575.21,572.61,573.81,3679.491,1526.586
2026-07-04 00:00:00,573.81,575.71,573.46,574.08,3271.843,1769.834
2026-07-04 01:00:00,574.08,574.08,570.93,571.84,3613.278,1311.33
2026-07-04 02:00:00,571.84,572.56,571.16,571.91,3063.148,1682.83
2026-07-04 03:00:00,571.9,573,571.45,572.23,2743.027,1886.939
2026-07-04 04:00:00,572.23,573.36,571.46,573.18,2707.637,1300.252
2026-07-04 05:00:00,573.17,573.17,569.9,571.35,5447.094,2525.678
2026-07-04 06:00:00,571.36,572.38,568.74,569.96,5339.758,2176.171
2026-07-04 07:00:00,569.96,570.1,568.7,569.7,5855.275,2228.157
2026-07-04 08:00:00,569.71,576.24,569.21,575.21,9135.473,5141.008
2026-07-04 09:00:00,575.21,575.37,572.2,572.61,3658.428,1293.484
2026-07-04 10:00:00,572.62,573,571.36,572.01,5345.156,2326.833
2026-07-04 11:00:00,572,572.76,571.24,571.91,1842.2,900.462
2026-07-04 12:00:00,571.91,573.66,571.9,573.28,1666.429,839.95
2026-07-04 13:00:00,573.28,574.5,572.21,573.3,2262.093,984.158
2026-07-04 14:00:00,573.29,576,573.19,574.63,3879.364,1935.05
2026-07-04 15:00:00,574.64,578.23,574,576.74,10571.117,5084.307
2026-07-04 16:00:00,576.74,576.82,574.84,575.78,6165.224,2467.521
2026-07-04 17:00:00,575.78,578.79,574.46,578.48,4266.459,2202.881
2026-07-04 18:00:00,578.48,578.82,576.46,576.87,1903.581,847.05
2026-07-04 19:00:00,576.88,577.22,575.51,575.52,1719.754,651.763
2026-07-04 20:00:00,575.52,575.95,573.16,573.21,3048.389,1510.051
2026-07-04 21:00:00,573.21,575.47,572.57,574.68,2820.62,1860.496
2026-07-04 22:00:00,574.68,578.27,574.49,576.67,3193.494,1906.778
2026-07-04 23:00:00,576.68,576.8,573.7,575.37,3195.293,1150.674
2026-07-05 00:00:00,575.38,575.43,572.15,573.26,2964.556,1258.499
2026-07-05 01:00:00,573.25,573.9,569.89,572,4179.775,1855.078
2026-07-05 02:00:00,571.99,572.28,568.19,569.38,4375.016,1962.891
2026-07-05 03:00:00,569.37,571.09,569.37,570.44,2272.27,1024.878
2026-07-05 04:00:00,570.44,572.14,569.88,571.48,2831.606,1755.877
2026-07-05 05:00:00,571.47,572.14,570.36,571.61,6229.72,2889.103
2026-07-05 06:00:00,571.62,572.4,570.58,571.61,3007.981,1503.063
2026-07-05 07:00:00,571.61,575.83,571.44,575.64,3489.995,2383.384
2026-07-05 08:00:00,575.65,579,574.84,578.32,6996.715,4265.225
2026-07-05 09:00:00,578.32,578.36,572.48,574.61,8037.239,2390.187
2026-07-05 10:00:00,574.6,576.39,573.8,576.13,5310.199,2262.833
2026-07-05 11:00:00,576.13,578.28,574.49,577.05,5766.8,2747.756
2026-07-05 12:00:00,577.06,586.54,576.19,583.72,10621.304,5860.032
2026-07-05 13:00:00,583.72,587.73,582.25,586.88,13009.758,7123.058
2026-07-05 14:00:00,586.87,589.82,586.29,587.29,9867.42,4887.606
2026-07-05 15:00:00,587.29,589.85,586.59,587.34,6167.397,3006.661
2026-07-05 16:00:00,587.34,588.95,584.87,585.76,5660.867,2396.904
2026-07-05 17:00:00,585.76,587.21,584.48,585.35,2588.311,1186.665
2026-07-05 18:00:00,585.34,591.8,583.49,590.59,7889.258,4850.068
2026-07-05 19:00:00,590.59,591.11,588.84,589.45,4439.499,1818.245
2026-07-05 20:00:00,589.44,590.6,587.62,588.07,2679.992,1124.425
2026-07-05 21:00:00,588.07,591.27,585.84,589.65,3903.627,2198.031
2026-07-05 22:00:00,589.65,593.47,588.9,591.55,6074.121,3078.489
2026-07-05 23:00:00,591.55,593.1,589.03,589.87,4473.408,1959.369
2026-07-06 00:00:00,589.88,591.87,587.01,591.77,4249.57,1881.937
2026-07-06 01:00:00,591.77,593.1,587.89,588.53,5955.818,2700.089
2026-07-06 02:00:00,588.53,589.32,585.47,586.41,4584.888,1949.1
2026-07-06 03:00:00,586.4,586.64,582.67,585.41,6864.786,2676.344
2026-07-06 04:00:00,585.41,585.68,583.43,584.07,2673.329,1135.48
2026-07-06 05:00:00,584.08,584.66,581.13,583.17,6444.833,2309.985
2026-07-06 06:00:00,583.17,583.39,581.62,582.39,3482.682,1654.537
2026-07-06 07:00:00,582.38,582.88,581.03,582.08,4264.398,2239.127
2026-07-06 08:00:00,582.07,582.9,579.9,580.63,6123.926,2680.758
2026-07-06 09:00:00,580.63,580.63,576.1,577.43,6703.417,3034.451
2026-07-06 10:00:00,577.44,581,577.3,580.18,2848.862,1424.632
2026-07-06 11:00:00,580.19,581.13,577.81,577.81,3421.051,1585.008
2026-07-06 12:00:00,577.81,577.86,571.85,571.95,13817.583,6532.663
2026-07-06 13:00:00,571.96,575.18,570.12,573.04,8725.602,4100.827
2026-07-06 14:00:00,573.05,578.93,572.95,577.1,11497.681,5849.369
2026-07-06 15:00:00,577.1,585,576.95,584.74,11087.27,7117.97
2026-07-06 16:00:00,584.75,586.71,583.32,585.31,10371.241,4686.277
2026-07-06 17:00:00,585.31,586.13,582.85,583.06,7435.421,3654.149
2026-07-06 18:00:00,583.07,585.19,582.85,584.4,1894.982,896.308
2026-07-06 19:00:00,584.39,585.98,584.01,585.15,2507.85,1309
2026-07-06 20:00:00,585.15,586.29,583.55,585.72,2588.604,1371.486
2026-07-06 21:00:00,585.72,592.1,585.72,589.51,7134.471,4372.981
2026-07-06 22:00:00,589.52,589.71,587.47,588.11,3537.328,1853.424
2026-07-06 23:00:00,588.11,588.91,585.54,586.01,2589.902,1113.622
2026-07-07 00:00:00,586.02,587.92,585.57,586.91,3254.594,2012.145
2026-07-07 01:00:00,586.91,586.91,582.48,582.93,3667.711,1358.768
2026-07-07 02:00:00,582.94,583.5,580.24,580.98,3117.29,1218.963
2026-07-07 03:00:00,580.98,581.92,578.22,579.18,3572.446,1694.845
2026-07-07 04:00:00,579.18,579.41,577.61,578.84,2497.571,1320.351
2026-07-07 05:00:00,578.85,579.84,576.39,579.04,3173.882,1598.338
2026-07-07 06:00:00,579.04,580.79,578.06,579.98,4676.857,2915.697
2026-07-07 07:00:00,579.98,580.4,578.28,578.33,3979.503,1915.257
2026-07-07 08:00:00,578.32,578.56,576.52,577.22,3627.702,1570.215
2026-07-07 09:00:00,577.22,578.58,576.82,577.93,3215.671,1249.618
2026-07-07 10:00:00,577.94,580,577.82,578.47,3240.515,1690.644
2026-07-07 11:00:00,578.46,580.4,577.27,580.23,3702.431,1654.207
2026-07-07 12:00:00,580.23,582.4,579.98,581.09,4598.24,2239.035
2026-07-07 13:00:00,581.08,581.28,576.85,577.48,4490.299,2244.702
2026-07-07 14:00:00,577.5,581.52,575.28,581.01,6211.707,3020.129
2026-07-07 15:00:00,581.01,585.61,579.5,584.74,6826.746,3771.718
2026-07-07 16:00:00,584.73,587.16,583.41,585.28,4804.602,2241.035
2026-07-07 17:00:00,585.28,586.49,584.2,585.97,4903.827,2461.5
2026-07-07 18:00:00,585.98,585.98,582.28,582.38,3597.613,1403.07
2026-07-07 19:00:00,582.38,584.29,580.01,583.29,4385.155,2130.436
2026-07-07 20:00:00,583.29,583.8,580.18,580.71,2862.778,811.501
2026-07-07 21:00:00,580.72,581.54,577.82,578.04,4540.947,1528.052
2026-07-07 22:00:00,578.05,579.63,576.69,578.59,2222.802,734.65
2026-07-07 23:00:00,578.58,579.25,576.4,576.82,1897.6,602.606
2026-07-08 00:00:00,576.83,578.94,576.16,578.62,3099.067,1468.882
2026-07-08 01:00:00,578.63,579,571.39,572.06,7098.01,2047.821
2026-07-08 02:00:00,572.07,572.07,567.45,571.14,8698.686,3963.177
2026-07-08 03:00:00,571.15,572.47,568.55,569.05,3654.818,1204.268
2026-07-08 04:00:00,569.06,569.87,568.19,569.54,3034.575,1352.316
2026-07-08 05:00:00,569.55,570.31,567.52,568.2,2408.679,879.29
2026-07-08 06:00:00,568.21,568.37,565.98,566.56,5992.601,2639.45
2026-07-08 07:00:00,566.56,568.1,565.23,567.94,4031.619,1821.009
2026-07-08 08:00:00,567.94,568.76,560.73,561.55,9116.358,3688.4
2026-07-08 09:00:00,561.56,563.38,560.4,561.5,4525.845,2122.338
2026-07-08 10:00:00,561.51,563.36,560.61,562.83,4648.185,1956.468
2026-07-08 11:00:00,562.83,568.78,562.28,566.13,5834.56,3331.361
2026-07-08 12:00:00,566.14,566.72,563.76,563.93,2974.309,1382.702
2026-07-08 13:00:00,563.94,566.05,562.73,565.36,4455.721,2275.511
2026-07-08 14:00:00,565.37,567.38,563.31,564.48,6452.047,2887.462
2026-07-08 15:00:00,564.48,564.62,560.94,562.36,3692.874,1472.353
2026-07-08 16:00:00,562.36,566.8,561.64,566.59,4743.146,2592.017
2026-07-08 17:00:00,566.59,567.87,564.46,564.71,4013.949,1812.971
2026-07-08 18:00:00,564.71,566.92,564.3,566.29,2170.609,1223.41
2026-07-08 19:00:00,566.3,567.5,565.63,566.94,1400.539,633.758
2026-07-08 20:00:00,566.95,567.72,565.83,566.25,2202.713,1181.929
2026-07-08 21:00:00,566.26,567.02,564.77,566.86,1680.149,795.813
2026-07-08 22:00:00,566.87,568.35,566.51,568.03,1938.058,965.584
2026-07-08 23:00:00,568.03,568.98,567.15,568.66,1549.871,763.301
2026-07-09 00:00:00,568.66,569.36,567.65,568.67,2331.028,1181.627
2026-07-09 01:00:00,568.68,572.81,566.97,567.25,4242.216,2521.382
2026-07-09 02:00:00,567.25,569.44,566.05,566.11,2475.918,1390.578
2026-07-09 03:00:00,566.11,568.5,565.48,568.26,2157.856,1139.193
2026-07-09 04:00:00,568.26,570.51,567.66,570.5,2790.507,1481.197
2026-07-09 05:00:00,570.51,573.73,569.42,573.67,4704.288,2914.196
2026-07-09 06:00:00,573.67,575.21,572.43,574.75,4821.148,1949.977
2026-07-09 07:00:00,574.75,577.15,572.27,572.74,7477.494,2304.733
2026-07-09 08:00:00,572.74,573.52,571.93,572.2,7618.414,2919.629
2026-07-09 09:00:00,572.2,573.5,570.67,573.06,9199.192,3881.639
2026-07-09 10:00:00,573.07,573.27,569.45,569.94,4022.895,1312.733
2026-07-09 11:00:00,569.94,570.59,568.93,569.77,3200.15,1396.532
2026-07-09 12:00:00,569.77,570.73,568.12,569.04,4957.602,2378.514
2026-07-09 13:00:00,569.05,572.29,568.07,570.99,4193.802,1765.094
2026-07-09 14:00:00,570.99,572.11,568.81,572.07,3598.847,1587.256
2026-07-09 15:00:00,572.07,573,570.62,571.03,2300.148,932.863
2026-07-09 16:00:00,571.02,571.59,569.3,569.9,3028.827,1380.342
2026-07-09 17:00:00,569.91,572.58,569.46,571.57,2112.279,877.62
2026-07-09 18:00:00,571.58,573.67,571.04,571.86,2560.509,1367.57
2026-07-09 19:00:00,571.87,571.95,570.09,570.26,1837.876,845.182
2026-07-09 20:00:00,570.26,570.75,569.47,570.08,1268.799,536.562
2026-07-09 21:00:00,570.08,571.21,570.01,570.36,1244.871,558.067
2026-07-09 22:00:00,570.36,571.06,569.76,570.43,1723.122,866.894
2026-07-09 23:00:00,570.43,570.54,568.62,568.72,1753.821,620.571
2026-07-10 00:00:00,568.73,570.8,568.02,570.8,2038.102,1162.512
2026-07-10 01:00:00,570.8,576.69,569.66,574.95,6068.86,3559.925
2026-07-10 02:00:00,574.95,575.7,574,575.41,5549.363,3355.405
2026-07-10 03:00:00,575.42,575.88,574.44,575.52,4047.581,2721.979
2026-07-10 04:00:00,575.52,577.34,575.01,576.19,2718.335,1613.831
2026-07-10 05:00:00,576.2,578.14,575.39,577.42,2842.355,1633.532
2026-07-10 06:00:00,577.42,577.66,575.91,576.57,6605.7,3219.032
2026-07-10 07:00:00,576.58,577.18,573.86,574,8386.584,2928.059
2026-07-10 08:00:00,574,577.16,573.93,576.05,5184.896,2445.689
2026-07-10 09:00:00,576.06,577.16,574.79,576.62,3585.472,1675.402
2026-07-10 10:00:00,576.63,577.66,575.45,576.33,4607.298,1962.559
2026-07-10 11:00:00,576.34,577.32,574.75,575.59,4452.252,1917.316
2026-07-10 12:00:00,575.6,577,573.56,573.63,4777.024,1853.048
2026-07-10 13:00:00,573.63,576.69,573,575.59,3298.743,1721.403
2026-07-10 14:00:00,575.59,575.7,569.63,572.22,4641.864,1895.483
2026-07-10 15:00:00,572.22,574.54,572.12,573.86,3500.025,2132.069
2026-07-10 16:00:00,573.86,577.5,573.86,577.17,3323.316,1648.364
2026-07-10 17:00:00,577.17,578.31,575.92,575.93,2214.577,991.493
2026-07-10 18:00:00,575.93,577.58,574.75,575.28,1794.955,923.242
2026-07-10 19:00:00,575.29,576.78,573.87,575.99,2764.175,1492.707
2026-07-10 20:00:00,575.99,576.37,574.73,575.23,1518.344,718.247
2026-07-10 21:00:00,575.23,577.01,574.69,575.85,1497.286,785.419
2026-07-10 22:00:00,575.86,576.57,575.65,576.04,1009.738,566.048
2026-07-10 23:00:00,576.05,576.42,575.16,575.43,1079.529,519.376
2026-07-11 00:00:00,575.44,575.76,574.42,574.73,1429.647,678.423
2026-07-11 01:00:00,574.73,576.07,573.27,573.32,1582.114,600.163
2026-07-11 02:00:00,573.32,575.1,573.06,575,1289.265,642.26
2026-07-11 03:00:00,575.01,576,574.15,574.91,10090.681,3762.208
2026-07-11 04:00:00,574.92,576,574.31,575.27,3456.664,2156.177
2026-07-11 05:00:00,575.27,576.33,574.9,575.23,3218.498,1698.553
2026-07-11 06:00:00,575.24,576.33,574.88,576.2,1938.67,1139.232
2026-07-11 07:00:00,576.21,577.72,575.99,576.92,2805.19,1876.243
2026-07-11 08:00:00,576.92,579.28,576.61,579.26,2715.187,1283.57
2026-07-11 09:00:00,579.26,579.84,577.36,577.72,2448.249,1068.792
2026-07-11 10:00:00,577.72,578.91,577.04,578.91,2546.985,1707.964
2026-07-11 11:00:00,578.9,579.39,577.76,579.39,2596.269,1817.658
2026-07-11 12:00:00,579.39,580.36,578.76,579.49,2542.181,1545.736
2026-07-11 13:00:00,579.48,582.18,579.29,581.21,3452.98,2082.871
2026-07-11 14:00:00,581.21,583.01,580.91,581.7,6564.328,3047.273
2026-07-11 15:00:00,581.71,582.17,577.81,579.86,4505.554,1843.637
2026-07-11 16:00:00,579.87,580.45,579.23,579.89,1743.103,661.041
2026-07-11 17:00:00,579.88,581.18,579.62,580.66,1559.989,970
2026-07-11 18:00:00,580.65,581.31,580.41,580.92,1155.951,531.872
2026-07-11 19:00:00,580.93,581.52,580.29,580.56,1174.774,412.476
2026-07-11 20:00:00,580.57,581.51,580.57,580.99,701.382,356.115
2026-07-11 21:00:00,581,581.52,580.86,581.18,1118.175,378.391
2026-07-11 22:00:00,581.18,582.08,579.73,580.23,1626.798,708.409
2026-07-11 23:00:00,580.23,580.71,574.65,574.65,3453.705,1352.518
2026-07-12 00:00:00,574.65,575.28,570.3,571.29,4723.759,1864.113
2026-07-12 01:00:00,571.3,574.28,570.78,574.04,3131.661,1709.189
2026-07-12 02:00:00,574.05,574.51,572.93,574.28,1907.398,971.65
2026-07-12 03:00:00,574.28,575.89,574,575.39,1614.122,843.292
2026-07-12 04:00:00,575.4,575.89,573.89,574.4,2342.037,596.489
2026-07-12 05:00:00,574.41,574.48,572.68,573.09,2458.515,1306.163
2026-07-12 06:00:00,573.09,573.09,570.13,571.89,4632.923,1309.461
2026-07-12 07:00:00,571.89,572.72,571.67,572.37,2559.961,1291.477
2026-07-12 08:00:00,572.37,573.99,572.26,573.69,5808.471,3581.841
2026-07-12 09:00:00,573.68,575.05,572.33,574.41,3697.219,1779.847
2026-07-12 10:00:00,574.41,574.8,573.73,574.42,1725.818,836.245
2026-07-12 11:00:00,574.43,580.53,573.71,580.17,5956.989,3423.772
2026-07-12 12:00:00,580.18,584.63,580.11,582.3,10661.57,4629.157
2026-07-12 13:00:00,582.3,582.45,580.48,581.02,3931.09,1394.514
2026-07-12 14:00:00,581.02,582.82,579.36,581.55,3334.308,1667.436
2026-07-12 15:00:00,581.54,581.54,580.12,581.1,3489.158,1007.207
2026-07-12 16:00:00,581.09,582.07,580.81,581.12,2790.46,1327.852
2026-07-12 17:00:00,581.12,581.22,578.88,579.3,3972.015,1688.634
2026-07-12 18:00:00,579.3,579.75,579.05,579.45,1330.638,706.486
2026-07-12 19:00:00,579.45,579.88,578.88,579.86,1471.066,420.343
2026-07-12 20:00:00,579.87,579.96,578.28,578.84,2034.183,391.926
2026-07-12 21:00:00,578.85,579.43,575.69,575.75,1964.739,916.855
2026-07-12 22:00:00,575.75,575.75,572.89,574.16,4872.073,1767.165
2026-07-12 23:00:00,574.16,574.99,573.15,573.91,1305.879,658.476
2026-07-13 00:00:00,573.91,579.89,573.08,577.93,4729.911,2701.246
2026-07-13 01:00:00,577.93,579.08,572.19,572.3,3585.615,1553.504
2026-07-13 02:00:00,572.31,573.77,570.87,572.04,5065.513,1804.67
2026-07-13 03:00:00,572.05,572.05,566.67,569.04,7761.951,2281.256
2026-07-13 04:00:00,569.05,569.63,567.28,567.31,2553.159,989.841
2026-07-13 05:00:00,567.32,569.53,566.28,568.59,3718.242,1737.231
2026-07-13 06:00:00,568.6,569.34,567.69,568.57,1503.616,749.103
2026-07-13 07:00:00,568.57,570.58,567.88,570.11,3094.072,1755.136
2026-07-13 08:00:00,570.11,571.1,569.43,570.37,3498.008,1485.946
2026-07-13 09:00:00,570.37,570.4,569.29,569.62,3286.706,1425.296
2026-07-13 10:00:00,569.62,570.39,568.45,569.65,2646.892,1238.324
2026-07-13 11:00:00,569.65,570.92,569.31,569.66,2955.447,1201.047
2026-07-13 12:00:00,569.67,569.77,567.56,568.41,2631.442,1064.131
2026-07-13 13:00:00,568.41,569.57,566.41,568.05,3483.733,1787.345
2026-07-13 14:00:00,568.06,570.73,565.61,570.7,5148.813,2272.062
2026-07-13 15:00:00,570.71,571.78,568.31,568.72,2479.323,945.246
2026-07-13 16:00:00,568.72,568.88,565.67,566.07,2806.812,1204.436
2026-07-13 17:00:00,566.07,566.7,562.4,562.62,3718.629,1346.518
2026-07-13 18:00:00,562.62,565.33,562.37,564.44,3059.842,1630.401
2026-07-13 19:00:00,564.44,566.35,564.04,566.29,2431.992,1121.196
2026-07-13 20:00:00,566.29,566.7,564.45,565.34,1830.03,773.26
2026-07-13 21:00:00,565.35,565.59,563.31,564.86,2072.815,958.089
2026-07-13 22:00:00,564.86,566.64,564.69,565.31,1036.458,482.55
2026-07-13 23:00:00,565.31,567.5,565.09,567.49,1626.102,718.641
2026-07-14 00:00:00,567.5,569.9,566.74,569.28,2561.083,1666.961
2026-07-14 01:00:00,569.27,570.57,568.61,569.95,2594.72,1387.643
2026-07-14 02:00:00,569.95,570.42,567.57,570,3181.588,1559.128
2026-07-14 03:00:00,570,570.54,568.02,569.98,3562.601,1239.227
2026-07-14 04:00:00,569.99,571.5,569.81,571.16,4747.849,2789.822
2026-07-14 05:00:00,571.17,571.68,570,570.45,3889.637,2065.531
2026-07-14 06:00:00,570.44,570.45,568.93,569.28,2513.924,1060.701
2026-07-14 07:00:00,569.29,570.46,568.93,570.15,2227.677,1237.648
2026-07-14 08:00:00,570.16,571.74,569.14,570.68,2904.441,1154.185
2026-07-14 09:00:00,570.68,571.24,569.48,569.99,2814.807,1206.426
2026-07-14 10:00:00,569.99,571.18,569.32,570.95,3489.782,1587.176
2026-07-14 11:00:00,570.96,571.46,570.45,570.96,3113.989,1789.465
2026-07-14 12:00:00,570.96,577.94,570.21,577.41,13080.212,7308.106
2026-07-14 13:00:00,577.42,582,576.24,578.97,18673.096,8120.813
2026-07-14 14:00:00,578.97,582.29,577.57,581.48,12856.061,5447.447
2026-07-14 15:00:00,581.48,584.64,581.09,582.87,9581.247,4146.048
2026-07-14 16:00:00,582.87,583.41,581.54,581.63,5159.056,1774.768
2026-07-14 17:00:00,581.63,581.67,579.1,580.84,9200.64,2248.982
2026-07-14 18:00:00,580.85,581.12,579.7,579.89,2747.314,1141.201
2026-07-14 19:00:00,579.88,581.56,579.88,580.64,2705.634,1218.118
2026-07-14 20:00:00,580.65,580.97,579.5,579.9,1894.474,716.513
2026-07-14 21:00:00,579.91,581.25,579.56,580.68,1490.117,738.805
2026-07-14 22:00:00,580.68,582.91,579.27,581.67,4001.901,2383.902
2026-07-14 23:00:00,581.75,582.9,581.11,581.87,4243.336,2342.342
2026-07-15 00:00:00,581.88,583.17,581.44,582.22,4543.826,1835.016
2026-07-15 01:00:00,582.23,582.23,579.95,580.09,3751.022,1465.522
2026-07-15 02:00:00,580.08,581.11,579.2,579.94,3220.098,1463.229
2026-07-15 03:00:00,579.95,581.29,579.67,580.71,3290.735,1641.841
2026-07-15 04:00:00,580.72,581.24,577.29,579.66,3858.444,1489.123
2026-07-15 05:00:00,579.67,580.77,578.71,580.6,3261.538,1381.61
2026-07-15 06:00:00,580.6,582.28,579.78,579.78,3779.461,1861.323
2026-07-15 07:00:00,579.79,580.19,576.49,576.49,9743.3,4883.424
2026-07-15 08:00:00,576.5,577.7,575.8,577.13,5287.453,1999.078
2026-07-15 09:00:00,577.12,577.98,576.56,577.14,4011.443,1758.149
2026-07-15 10:00:00,577.14,578.86,576.99,578.82,5247.953,2545.811
2026-07-15 11:00:00,578.82,579.1,577.83,579.01,3709.241,1272.491
2026-07-15 12:00:00,579.02,584.52,577.22,582.59,9320.893,4394.001
2026-07-15 13:00:00,582.6,585.3,580.99,582.47,12170.854,5863.403
2026-07-15 14:00:00,582.48,583.72,580.21,581.62,6402.896,2497.983
2026-07-15 15:00:00,581.62,582.33,580.4,581.73,6796.062,2355.229
2026-07-15 16:00:00,581.74,581.79,576.63,578.64,7227.608,2871.564
2026-07-15 17:00:00,578.65,580.83,578.35,580.09,3701.86,1442.364
2026-07-15 18:00:00,580.1,581.91,579.51,579.74,2267.169,845.72
2026-07-15 19:00:00,579.75,580.37,578.55,579.48,1732.744,897.799
2026-07-15 20:00:00,579.5,581.32,579.3,580.78,1734.464,841.131
2026-07-15 21:00:00,580.78,581.49,580.48,581.09,2571.616,989.734
2026-07-15 22:00:00,581.1,581.97,580.53,581.06,2800.784,1032.909
2026-07-15 23:00:00,581.07,581.66,579.9,580.55,2464.393,873.725
2026-07-16 00:00:00,580.56,582.4,578,579.51,5371.393,2347.374
2026-07-16 01:00:00,579.51,580.49,577.85,579.91,4703.799,2224.829
2026-07-16 02:00:00,579.91,580.68,579.45,580.36,1819.519,845.234
2026-07-16 03:00:00,580.36,581.52,580.15,581.46,2839.049,1264.693
2026-07-16 04:00:00,581.47,582.25,580.53,580.76,2044.482,835.947
2026-07-16 05:00:00,580.76,585.87,580.76,583.6,6071.449,3387.107
2026-07-16 06:00:00,583.61,584.64,581.63,582.97,2783.551,1156.243
2026-07-16 07:00:00,582.98,583.12,578.88,579.86,3294.067,1174.103
2026-07-16 08:00:00,579.86,580.07,574.57,577.01,6999.322,2580.494
2026-07-16 09:00:00,577.01,578.09,576.7,577.58,2926.164,1151.876
2026-07-16 10:00:00,577.58,578.25,577.2,577.61,2139.317,873.643
2026-07-16 11:00:00,577.61,578.48,576.31,578.09,2438.1,959.496
2026-07-16 12:00:00,578.09,578.09,575.66,576.68,2939.109,1055.31
2026-07-16 13:00:00,576.67,579.57,576.15,578.31,2921.514,1101.983
2026-07-16 14:00:00,578.31,581.21,578,579.8,3962.756,1474.093
2026-07-16 15:00:00,579.8,580.97,577.15,579.48,5413.22,2186.519
2026-07-16 16:00:00,579.49,579.56,576.81,576.98,6944.992,3090.958
2026-07-16 17:00:00,576.99,576.99,574.28,575.22,5908.675,1815.731
2026-07-16 18:00:00,575.23,576.65,575,576.07,2735.853,1308.639
2026-07-16 19:00:00,576.07,576.38,575.16,575.8,2547.41,886.243
2026-07-16 20:00:00,575.81,576,574.74,574.85,2260.388,833.458
2026-07-16 21:00:00,574.85,576.86,574.68,576.23,1589.095,674.516
2026-07-16 22:00:00,576.23,577,573.58,573.69,2322.848,717.876
2026-07-16 23:00:00,573.7,573.91,571.69,572.45,3373.171,1299.952
2026-07-17 00:00:00,572.45,573.88,570.65,573.88,5360.268,2918.832
2026-07-17 01:00:00,573.88,574.84,571.21,571.62,3840.665,1699.494
2026-07-17 02:00:00,571.61,572.43,570.32,570.94,3726.981,1489.461
2026-07-17 03:00:00,570.94,573.47,570.69,572.36,4012.312,1275.452
2026-07-17 04:00:00,572.37,572.74,570.42,571.93,3042.199,979.272
2026-07-17 05:00:00,571.94,571.94,567.27,567.8,8126.651,2958.445
2026-07-17 06:00:00,567.8,570,567.32,570,3952.693,1537.802
2026-07-17 07:00:00,570,570.15,566,566,5099.317,1233.287
2026-07-17 08:00:00,566.01,566.01,562.86,564.64,8083.401,2149.083
2026-07-17 09:00:00,564.64,565.61,564.17,564.36,10477.206,3996.471
2026-07-17 10:00:00,564.36,565.59,563.81,564.19,14166.865,7678.415
2026-07-17 11:00:00,564.18,564.82,563,564.78,16345.039,8034.694
2026-07-17 12:00:00,564.78,565.13,561.27,561.37,11933.671,3743.714
2026-07-17 13:00:00,561.38,561.38,555.59,560.54,13436.466,5286.753
2026-07-17 14:00:00,560.54,563.06,560.28,561.86,4624.29,2562.8
2026-07-17 15:00:00,561.87,562.97,559.29,562.97,5495.521,2505.643
2026-07-17 16:00:00,562.97,565.02,562.19,564.19,5805.251,2885.232
2026-07-17 17:00:00,564.2,567.77,564.19,566.19,6074.924,3950.599
2026-07-17 18:00:00,566.2,568,565.82,567.31,2479.93,1284.668
2026-07-17 19:00:00,567.31,568.05,565.66,568.05,1861.423,1012.765
2026-07-17 20:00:00,568.05,568.3,567.03,567.85,1464.569,822.587
2026-07-17 21:00:00,567.85,569.16,567.84,568.62,1146.803,679.05
2026-07-17 22:00:00,568.62,568.78,567.13,567.51,1103.388,459.279
2026-07-17 23:00:00,567.51,568.61,566.62,568.09,1005.358,445.907
2026-07-18 00:00:00,568.09,569.21,567.51,567.87,1664.392,1114.762
2026-07-18 01:00:00,567.87,567.87,566.66,566.82,1693.027,549.197
2026-07-18 02:00:00,566.82,568.4,566.25,567.79,3605.485,2311.037
2026-07-18 03:00:00,567.79,568.85,567.74,568.39,4641.192,2347.213
2026-07-18 04:00:00,568.39,568.43,566.92,567.19,2619.804,1308.814
2026-07-18 05:00:00,567.2,567.67,566.92,567.67,5055.179,2472.123
2026-07-18 06:00:00,567.67,568.5,566.39,567.16,2262.785,865.59
2026-07-18 07:00:00,567.16,567.99,567.15,567.97,2205.547,1065.705
2026-07-18 08:00:00,567.97,568.94,567.8,567.85,4045.762,2009.922
2026-07-18 09:00:00,567.85,568.84,567.69,568.48,4702.131,2334.942
2026-07-18 10:00:00,568.48,569.83,568.32,569.56,2225.052,1313.111
2026-07-18 11:00:00,569.56,570.51,569.54,569.76,3259.998,1928.66
2026-07-18 12:00:00,569.76,571.87,568.99,571.29,3402.727,2111.724
2026-07-18 13:00:00,571.29,571.29,569,569.45,2089.306,857.832
2026-07-18 14:00:00,569.44,571.06,569,570.85,2895.261,1106.189
2026-07-18 15:00:00,570.85,570.92,569.72,570.86,2006.341,765.449
2026-07-18 16:00:00,570.86,571.47,570.06,571.18,1861.263,1047.61
2026-07-18 17:00:00,571.19,572.75,570.55,571.38,2940.506,1531.545
2026-07-18 18:00:00,571.39,572.74,570.35,570.61,2714.364,1555.997
2026-07-18 19:00:00,570.62,571.46,570.41,570.64,973.133,406.075
2026-07-18 20:00:00,570.65,572.22,570.5,571.44,985.435,529.991
2026-07-18 21:00:00,571.45,572.5,570.09,570.82,1935.412,619.236
2026-07-18 22:00:00,570.83,571.46,569.8,570.3,1551.949,635.045
2026-07-18 23:00:00,570.31,571.22,569.66,570.65,1203.492,614.57
2026-07-19 00:00:00,570.66,571.6,570.65,571.1,1476.14,871.657
2026-07-19 01:00:00,571.1,571.11,570.24,570.59,1600.172,631.681
2026-07-19 02:00:00,570.59,572.61,570.56,571.07,2652.42,1428.549
2026-07-19 03:00:00,571.07,571.2,568.7,569.15,2541.737,1260.461
2026-07-19 04:00:00,569.15,569.37,567.31,568.85,3385.038,1539.8
2026-07-19 05:00:00,568.84,569.41,568.59,568.84,2664.629,1329.126
2026-07-19 06:00:00,568.84,569.24,568.58,569.24,1200.696,664.017
2026-07-19 07:00:00,569.24,569.68,568.64,569.04,1401.83,724.563
2026-07-19 08:00:00,569.05,569.51,568.49,568.64,6978.984,3343.627
2026-07-19 09:00:00,568.65,568.75,567.13,568.03,3052.263,1239.109
2026-07-19 10:00:00,568.02,569.03,567.51,568.25,1750.912,863.116
2026-07-19 11:00:00,568.26,570,567.78,568.01,3109.556,1427.218
2026-07-19 12:00:00,568.01,568.02,567,568.02,2308.499,893.618
2026-07-19 13:00:00,568.03,568.34,567.15,568.34,1392.459,565.083
2026-07-19 14:00:00,568.34,570.04,567.7,569.76,1885.134,1147.052
2026-07-19 15:00:00,569.76,570.96,569.41,570.16,1829.42,821.47
2026-07-19 16:00:00,570.16,570.47,568.21,568.4,1926.508,843.832
2026-07-19 17:00:00,568.4,569.77,567.03,568.36,2687.083,1045.021
2026-07-19 18:00:00,568.36,568.41,566.33,567.46,3090.038,1445.845
2026-07-19 19:00:00,567.47,568.16,566.85,568.15,685.565,380.665
2026-07-19 20:00:00,568.16,569.79,568.16,569.78,703.383,416.61
2026-07-19 21:00:00,569.79,569.92,568,568.65,963.473,508.261
2026-07-19 22:00:00,568.65,571.75,568.33,570.72,3870.051,1571.659
2026-07-19 23:00:00,570.73,571.75,569.95,571.06,1941.213,1055.461
2026-07-20 00:00:00,571.06,573.94,568.4,569.34,6414.596,3902.444
2026-07-20 01:00:00,569.35,572.75,568.23,569.01,3207.321,1705.289
2026-07-20 02:00:00,569.01,571.64,568.7,570.39,2604.943,1092.119
2026-07-20 03:00:00,570.39,571,569.12,570.13,2959.417,1272.697
2026-07-20 04:00:00,570.13,570.23,567.41,567.42,3171.083,1493.04
2026-07-20 05:00:00,567.42,567.63,564,565.3,5685.561,1955.419
2026-07-20 06:00:00,565.31,565.79,562.97,564.48,4184.214,1426.341
2026-07-20 07:00:00,564.49,566.86,563.9,566.69,3034.539,1618.214
2026-07-20 08:00:00,566.7,567.04,564.35,565.29,3685.493,1261.131
2026-07-20 09:00:00,565.3,567.04,564.85,565.86,3043.56,953.03
2026-07-20 10:00:00,565.86,567.68,565.68,566.62,3555.244,1567.348
2026-07-20 11:00:00,566.62,571.43,566.41,571.01,8191.776,3827.853
2026-07-20 12:00:00,571.02,571.03,569.02,569.31,5311.229,2156.235
2026-07-20 13:00:00,569.31,569.93,566.16,566.76,5633.916,1991.703
2026-07-20 14:00:00,566.77,568.52,565,567.61,4747.635,1905.006
2026-07-20 15:00:00,567.61,574.6,567.61,573.91,7838.528,4378.792
2026-07-20 16:00:00,573.92,574.9,572.39,573.29,9025.287,4542.312
2026-07-20 17:00:00,573.3,574.82,572.21,574.01,3568.155,1835.126
2026-07-20 18:00:00,574.01,575.91,572.05,572.32,5937.836,3430.53
2026-07-20 19:00:00,572.32,572.6,571.05,571.3,3914.368,1597.153
2026-07-20 20:00:00,571.3,572.96,570.86,572.43,1660.686,617.642
2026-07-20 21:00:00,572.43,572.73,571.2,571.28,2019.582,859.144
2026-07-20 22:00:00,571.29,571.29,569.91,570,1374.022,543.031
2026-07-20 23:00:00,570,571.6,569.86,571.27,1977.816,977.208
2026-07-21 00:00:00,571.28,573.78,570.75,573.51,2280.87,1234.864
2026-07-21 01:00:00,573.51,574.12,572.02,572.16,2129.42,844.528
2026-07-21 02:00:00,572.17,574.28,571.31,573.37,2285.559,1238.016
2026-07-21 03:00:00,573.38,575.37,573.38,575.25,3615.823,2007.464
2026-07-21 04:00:00,575.25,576.08,573.76,573.91,5521.47,2009.821
2026-07-21 05:00:00,573.91,575.8,573.9,574.94,3964.804,1937.438
2026-07-21 06:00:00,574.94,576.96,574.83,576.39,4852.304,1818.057
2026-07-21 07:00:00,576.4,576.9,575.15,576.85,6400.977,2741.357
2026-07-21 08:00:00,576.86,578.61,576.32,577.68,8886.172,5507.661
2026-07-21 09:00:00,577.68,579.77,577.06,579.42,4240.91,2074.708
2026-07-21 10:00:00,579.42,579.79,577.32,577.76,5916.341,3158.473
2026-07-21 11:00:00,577.76,577.96,576.18,576.66,5460.375,1657.123
2026-07-21 12:00:00,576.67,578,576.18,577.74,4359.542,2022.546
2026-07-21 13:00:00,577.74,577.93,576.22,577.71,6429.4,2640.476
2026-07-21 14:00:00,577.72,577.8,574.48,575.79,11586.09,4715.642
2026-07-21 15:00:00,575.79,575.82,574.53,575.17,3573.007,1332.834
2026-07-21 16:00:00,575.17,575.6,574,574.7,3322.363,1388.891
2026-07-21 17:00:00,574.69,574.79,572.15,573.03,5680.809,2142.799
2026-07-21 18:00:00,573.04,573.78,572.33,573.27,3367.593,1295.182
2026-07-21 19:00:00,573.28,573.39,572.61,572.75,2283.514,811.288
2026-07-21 20:00:00,572.74,573.64,572.5,573.12,1043.016,467.811
2026-07-21 21:00:00,573.12,573.99,572.6,573.38,1956.308,894.332
2026-07-21 22:00:00,573.38,573.61,572.25,572.81,1455.394,544.315
2026-07-21 23:00:00,572.82,574.16,571.81,573.95,2368.403,1093.131
2026-07-22 00:00:00,573.96,575.63,573.52,574.79,6154.786,3385.64
2026-07-22 01:00:00,574.79,574.97,573.05,573.37,2539.141,1185.715
2026-07-22 02:00:00,573.37,574.16,572.54,572.69,1942.185,683.696
2026-07-22 03:00:00,572.7,572.89,570.9,571.08,3052.637,1225.746
2026-07-22 04:00:00,571.07,572.58,570.49,572.15,2582.327,956.303
2026-07-22 05:00:00,572.16,572.16,568.59,569.21,3372.688,1298.335
2026-07-22 06:00:00,569.22,569.65,566.89,568.02,3910.952,1643.297
2026-07-22 07:00:00,568.02,568.56,567.38,568.27,3390.435,1900.934
2026-07-22 08:00:00,568.27,570.4,568.18,570.13,3255.674,1731.996
2026-07-22 09:00:00,570.13,571.26,569.19,571.08,3219.725,1730.863
2026-07-22 10:00:00,571.09,571.77,570.85,570.94,3023.053,1062.147
2026-07-22 11:00:00,570.95,571.77,570.4,570.97,3156.974,1360.769
2026-07-22 12:00:00,570.97,570.98,569.37,570.12,2372.127,734.994
2026-07-22 13:00:00,570.12,572.66,569.91,572.31,3538.821,1637.421
2026-07-22 14:00:00,572.31,575.25,570.41,571.01,6072.339,3006.678
2026-07-22 15:00:00,571.01,573.28,571.01,572.5,7332.3,3453.763
2026-07-22 16:00:00,572.5,575.18,570.93,574.83,6207.876,3275.761
2026-07-22 17:00:00,574.84,575.5,571.4,571.82,6973.958,2773.061
2026-07-22 18:00:00,571.83,572.37,569.6,570.18,4877.618,2436.464
2026-07-22 19:00:00,570.19,570.31,568.98,570.16,1501.262,671.373
2026-07-22 20:00:00,570.16,570.97,569.61,570.55,2376.506,975.656
2026-07-22 21:00:00,570.56,572.18,570.45,571.34,1657.921,448.494
2026-07-22 22:00:00,571.35,571.51,570.29,571.38,1263.826,484.431
2026-07-22 23:00:00,571.38,571.39,569.38,571.08,1108.865,501.232
2026-07-23 00:00:00,571.09,572.24,570.86,571.35,2000.136,851.976
2026-07-23 01:00:00,571.36,571.8,570.01,570.81,2791.269,928.653
2026-07-23 02:00:00,570.82,571.04,570,570.8,1426.321,609.309
2026-07-23 03:00:00,570.81,571.15,569.62,570.38,2333.741,1098.217
2026-07-23 04:00:00,570.38,570.52,569.55,569.77,2356.945,963.359
2026-07-23 05:00:00,569.78,570.64,569,569.9,1897.79,1035.839
2026-07-23 06:00:00,569.9,570.58,569.34,570.33,2272.099,983.752
2026-07-23 07:00:00,570.33,570.33,568.23,569.82,2453.092,1184.607
2026-07-23 08:00:00,569.83,571.51,569.68,570.49,2971.825,1072.067
2026-07-23 09:00:00,570.5,570.98,568.91,569.3,4938.589,1231.552
2026-07-23 10:00:00,569.31,570.28,569.13,569.96,2783.671,1309.993
2026-07-23 11:00:00,569.97,571,569.54,569.99,3565.099,1240.021
2026-07-23 12:00:00,570,570.28,566.8,569.01,6455.055,2253.953
2026-07-23 13:00:00,569.01,569.46,566.25,566.25,5272.051,2252.649
2026-07-23 14:00:00,566.26,568.3,565.93,566.95,6616.446,3489.877
2026-07-23 15:00:00,566.96,567.87,563.71,567.66,5964.294,2662.3
2026-07-23 16:00:00,567.66,567.79,566.21,566.69,2741.503,1327.411
2026-07-23 17:00:00,566.69,567.72,565.01,565.56,2370.228,1068.387
2026-07-23 18:00:00,565.57,567.69,565.57,567.26,1356.775,543.218
2026-07-23 19:00:00,567.27,567.55,565.43,566.64,1213.079,651.01
2026-07-23 20:00:00,566.64,568.8,566.6,567.79,1327.037,654.581
2026-07-23 21:00:00,567.79,568.09,566.82,567.37,1860.412,1037.834
2026-07-23 22:00:00,567.37,567.96,566.14,567.96,2453.082,1326.926
2026-07-23 23:00:00,567.96,568.33,567.18,567.41,1185.706,495.224
2026-07-24 00:00:00,567.41,567.99,565.92,567.95,2908.378,1349.73
2026-07-24 01:00:00,567.95,568.67,567.46,567.97,1256.371,576.366
2026-07-24 02:00:00,567.97,568.43,566.56,567.35,1295.255,615.251
2026-07-24 03:00:00,567.36,570.39,567,569.15,3457.351,1673.389
2026-07-24 04:00:00,569.15,569.28,567.15,567.29,2020.041,909.871
2026-07-24 05:00:00,567.29,567.97,566.81,567.64,2474.334,1156.833
2026-07-24 06:00:00,567.65,569.31,567.46,568.58,1991.768,1062.234
2026-07-24 07:00:00,568.59,571.31,568.58,569.5,4882.167,2648.785
2026-07-24 08:00:00,569.51,569.63,568.05,568.17,2765.267,1317.986
2026-07-24 09:00:00,568.18,568.44,566.51,568.42,4159.888,1205.524
2026-07-24 10:00:00,568.42,568.66,566.76,566.97,1657.978,517.678
2026-07-24 11:00:00,566.97,567,565.18,566.98,4306.977,1624.386
2026-07-24 12:00:00,566.98,566.99,563,563.88,6298.867,2031.612
2026-07-24 13:00:00,563.88,563.93,556,558.9,16406.924,6776.336
2026-07-24 14:00:00,558.89,560.66,556.6,560.65,9917.754,5522.386
2026-07-24 15:00:00,560.66,562.71,559.55,561.41,5293.066,3082.143
2026-07-24 16:00:00,561.41,562.02,560,560.47,4123.529,1973.874
2026-07-24 17:00:00,560.48,562.8,560.33,562.33,2817.488,1366.633
2026-07-24 18:00:00,562.34,562.8,561.34,562.29,2144.022,1243.907
2026-07-24 19:00:00,562.29,566.37,562.29,565.16,6106.081,3146.415
2026-07-24 20:00:00,565.17,565.71,564.81,565.01,1914.014,656.7
2026-07-24 21:00:00,565.02,565.25,563.6,563.78,1664.134,805.304
2026-07-24 22:00:00,563.78,565.25,563.77,564.83,1084.28,591.281
2026-07-24 23:00:00,564.83,565.23,564.26,564.9,1542.939,724.214
2026-07-25 00:00:00,564.91,565.29,564.35,564.97,2537.134,1077.015
2026-07-25 01:00:00,564.98,565.41,564.18,565.15,3773.085,1763.611
2026-07-25 02:00:00,565.16,566.13,564.71,566.13,1926.982,837.964
2026-07-25 03:00:00,566.13,566.47,565.05,565.37,2960.927,1373.53
2026-07-25 04:00:00,565.37,565.78,565.05,565.61,2349.438,1245.242
2026-07-25 05:00:00,565.61,566.15,564.76,565,2337.791,1398.817
2026-07-25 06:00:00,565,565.14,564.25,565.02,1792.404,718.929
2026-07-25 07:00:00,565.02,565.23,563.9,564.81,1484.119,724.56
2026-07-25 08:00:00,564.81,565.43,564.34,564.84,2829.229,1394.382
2026-07-25 09:00:00,564.84,565.9,564.39,565.51,1977.174,767.827
2026-07-25 10:00:00,565.52,566.09,565.3,565.69,2197.283,1428.562
2026-07-25 11:00:00,565.69,566.16,565.01,565.74,2330.749,1296.837
2026-07-25 12:00:00,565.75,566.85,564.98,566.79,2109.014,783.337
2026-07-25 13:00:00,566.8,569.33,566.8,568.29,3613.428,2078.771
2026-07-25 14:00:00,568.29,568.29,566.55,567.08,2918.834,1112.06
2026-07-25 15:00:00,567.08,567.68,566.43,567.38,3848.058,1628.628
2026-07-25 16:00:00,567.39,568.16,566.51,567.36,3128.664,1094.134
2026-07-25 17:00:00,567.35,568.97,566.91,568.31,2006.592,1041.269
2026-07-25 18:00:00,568.32,569.1,568.12,568.95,1521.863,978.411
2026-07-25 19:00:00,568.96,569.02,568.42,568.7,863.671,525.746
2026-07-25 20:00:00,568.7,569.07,568.28,568.41,1103.543,740.587
2026-07-25 21:00:00,568.42,570,568.23,568.86,1622.902,937.946
2026-07-25 22:00:00,568.86,569.98,568.8,569.59,1120.093,593.562
2026-07-25 23:00:00,569.6,569.68,568.87,568.94,1044.298,491.278
2026-07-26 00:00:00,568.94,570.53,568.94,570.31,2726.463,1328.38
2026-07-26 01:00:00,570.31,570.41,569.69,570.17,2496.736,1159.934
2026-07-26 02:00:00,570.18,570.3,569.54,570.3,2945.065,1501.254
2026-07-26 03:00:00,570.3,570.84,570.09,570.43,1472.386,943.431
2026-07-26 04:00:00,570.44,571.48,569.93,570.88,1777.826,1129.878
2026-07-26 05:00:00,570.89,571.97,570.47,571.19,2131.24,918.468
2026-07-26 06:00:00,571.2,572.39,570.31,572.37,5804.614,2920.787
2026-07-26 07:00:00,572.38,572.91,571.3,571.57,2330.883,1122.183
2026-07-26 08:00:00,571.56,571.86,570.88,571.72,4832.458,2459.676
2026-07-26 09:00:00,571.73,572.45,571.11,571.44,1891.181,706.832
2026-07-26 10:00:00,571.45,571.47,570.8,571.08,1481.069,874.1
2026-07-26 11:00:00,571.08,571.19,570.44,570.65,1361.416,677.445
2026-07-26 12:00:00,570.66,571.85,570.32,570.78,3618.338,2383.065
2026-07-26 13:00:00,570.78,571.88,570.01,571.46,2062.822,872.098
2026-07-26 14:00:00,571.46,572.89,571.45,572.77,5035.454,3234.955
2026-07-26 15:00:00,572.78,573.99,572.44,573.79,4432.882,2896.872
2026-07-26 16:00:00,573.8,574.75,573,573.34,3349.285,1911.242
2026-07-26 17:00:00,573.35,573.74,572.68,572.91,2744.443,1387.194
2026-07-26 18:00:00,572.92,573.62,572.2,572.91,2554.223,1130.414
2026-07-26 19:00:00,572.9,573.66,572.66,573.59,2205.045,1411.566
2026-07-26 20:00:00,573.59,573.72,572.9,573.05,840.099,380.373
2026-07-26 21:00:00,573.05,574.3,572.8,573.72,1429.119,729.395
2026-07-26 22:00:00,573.73,576.57,573.73,575.64,3875.219,2128.866
2026-07-26 23:00:00,575.64,576.5,573.74,575.32,2430.749,1203.58
2026-07-27 00:00:00,575.31,575.67,572.39,572.61,2134.06,1021.302
2026-07-27 01:00:00,572.62,573.48,571.49,573.47,1882.977,1042.81
2026-07-27 02:00:00,573.48,574.08,572.72,572.96,1858.773,800.742
2026-07-27 03:00:00,572.97,573.69,572.44,573.61,1783.961,927.802
2026-07-27 04:00:00,573.61,574.69,573.09,573.6,1940.541,1091.438
2026-07-27 05:00:00,573.6,575.85,573.59,575.54,2102.86,1248.384
2026-07-27 06:00:00,575.54,577.2,574.69,575.07,3495.561,2004.61
2026-07-27 07:00:00,575.07,575.43,574.49,574.76,2201.442,1178.009
2026-07-27 08:00:00,574.76,575.15,573.32,573.46,5605.377,1581.414
2026-07-27 09:00:00,573.47,573.47,571.68,572.61,7081.464,2968.263
2026-07-27 10:00:00,572.62,574.26,572.09,573.68,3987.634,2184.56
2026-07-27 11:00:00,573.68,573.99,572.58,572.9,3318.714,1677.402
2026-07-27 12:00:00,572.9,573.73,570.92,573.59,3082.82,1459.447
2026-07-27 13:00:00,573.59,576.89,572.72,574.42,4498.806,2374.35
2026-07-27 14:00:00,574.42,575.3,565.8,567.79,9399.345,3692.425
2026-07-27 15:00:00,567.79,570.56,567.04,568.64,5044.26,2852.078
2026-07-27 16:00:00,568.64,572.5,568.06,571.82,2981.694,1721.32
2026-07-27 17:00:00,571.82,574.85,571.51,574.73,2893.83,1609.79
2026-07-27 18:00:00,574.73,575.56,573.39,575.37,3693.322,2219.266
2026-07-27 19:00:00,575.38,576.11,574.65,575.62,2608.934,1568.087
2026-07-27 20:00:00,575.63,575.77,573.81,574.51,1712.791,506.265
2026-07-27 21:00:00,574.51,574.95,573.22,573.94,949.978,495.988
2026-07-27 22:00:00,573.94,573.94,565.72,566.5,3515.366,1325.635
2026-07-27 23:00:00,566.5,568.11,565.4,566.28,2664.33,1264.449
2026-07-28 00:00:00,566.28,567.21,564.93,565.82,3021.52,1507.397
2026-07-28 01:00:00,565.82,566.52,562.03,565.14,5994.394,2228.354
2026-07-28 02:00:00,565.14,565.9,564.24,565.3,2494.754,1166.651
2026-07-28 03:00:00,565.31,567,565,566.57,1937.842,1273.986
2026-07-28 04:00:00,566.58,566.85,565.01,565.07,2200.266,1080.915
2026-07-28 05:00:00,565.07,566.78,565,565.61,2990.284,1114.755
2026-07-28 06:00:00,565.61,565.61,564.6,565.44,4467.429,2282.355
2026-07-28 07:00:00,565.44,566,564.87,565.83,2450.788,1362.218
2026-07-28 08:00:00,565.84,566.07,564.9,565.49,1586.142,773.54
2026-07-28 09:00:00,565.49,567.44,565.13,565.86,1849.064,724.034
2026-07-28 10:00:00,565.86,566.95,565.4,565.6,2577.989,1276.338
2026-07-28 11:00:00,565.6,567.22,565.33,566.86,3250.602,2041.927
2026-07-28 12:00:00,566.86,568.75,566.46,568.39,3430.521,1808.465
2026-07-28 13:00:00,568.39,569.15,563.19,565.5,8120.166,2176.554
2026-07-28 14:00:00,565.5,569.34,564.69,568.55,5856.175,2409.228
2026-07-28 15:00:00,568.55,575.66,567.92,573.3,13030.876,7715.697
2026-07-28 16:00:00,573.3,573.97,570.92,571.81,5022.868,1959.956
2026-07-28 17:00:00,571.81,571.81,567.05,568.49,4221.712,1338.749
2026-07-28 18:00:00,568.5,569.78,568.5,569.62,2148.496,1076.115
2026-07-28 19:00:00,569.62,570.99,569.52,570.93,1301.013,700.22
2026-07-28 20:00:00,570.93,571.68,570.61,570.88,2097.409,1035.987
2026-07-28 21:00:00,570.88,572.07,570.88,571.51,1742.698,809.932
2026-07-28 22:00:00,571.51,571.91,568.64,568.91,2080.79,870.901
2026-07-28 23:00:00,568.91,571.34,568.29,571.29,1222.274,779.375
2026-07-29 00:00:00,571.29,573.5,571.28,571.84,2688.574,1641.383
2026-07-29 01:00:00,571.84,572.43,570.37,570.37,1907.488,872.846
2026-07-29 02:00:00,570.38,571.79,569.54,570.47,2299.136,848.213
2026-07-29 03:00:00,570.48,570.52,567.1,567.38,5095.859,2783.013
2026-07-29 04:00:00,567.39,568.83,566.01,568.67,2752.354,1439.124
2026-07-29 05:00:00,568.67,570,568.23,569.74,1852.379,882.332
2026-07-29 06:00:00,569.73,572.13,568.89,571.23,2881.118,1743.461
2026-07-29 07:00:00,571.24,571.9,570.6,571.9,1920.71,1030.453
2026-07-29 08:00:00,571.89,572.13,570.27,571.3,5096.672,3260.925
2026-07-29 09:00:00,571.31,573.22,571.23,572.91,1924.663,1006.086
2026-07-29 10:00:00,572.92,573.23,570.21,570.71,2775.889,1164.365
2026-07-29 11:00:00,570.72,571.52,570.11,570.69,1935.842,822.028
2026-07-29 12:00:00,570.7,570.74,568.5,569.48,2076.514,1053.374
2026-07-29 13:00:00,569.48,570.24,568.3,570.24,2347.43,1197.097
2026-07-29 14:00:00,570.25,570.6,567.4,568.51,4272.556,1950.803
2026-07-29 15:00:00,568.52,569.5,567.73,568.57,3001.705,1011.638
2026-07-29 16:00:00,568.57,569.4,567.37,568.93,2368.101,980.019
2026-07-29 17:00:00,568.94,570.22,568.39,570,3386.1,1914.565
2026-07-29 18:00:00,569.99,573.56,568.47,572.45,6446.073,3531.065
2026-07-29 19:00:00,572.45,572.96,567.8,568.54,6477.021,3157.898
2026-07-29 20:00:00,568.55,569.6,566.28,567.51,4285.23,1818.076
2026-07-29 21:00:00,567.51,569.01,565.27,569,2597.04,1203.39
2026-07-29 22:00:00,569.01,571.99,569.01,571.11,1741.578,966.113
2026-07-29 23:00:00,571.12,572.56,570.78,571.99,1349.132,631.555
2026-07-30 00:00:00,571.99,573.36,571.05,571.86,3077.444,1493.629
2026-07-30 01:00:00,571.87,576.19,571.78,575.72,4221.809,2758.307
2026-07-30 02:00:00,575.72,577.51,574.28,574.68,4593.217,2427.674
2026-07-30 03:00:00,574.68,574.95,573.31,573.42,2917.262,1545.533
2026-07-30 04:00:00,573.42,573.64,571.73,571.9,4954.669,2516.322
2026-07-30 05:00:00,571.9,573.49,571.56,573.05,1227.023,605.605
2026-07-30 06:00:00,573.05,574.31,572.65,574.22,1691.697,710.706
2026-07-30 07:00:00,574.23,576.1,574.19,574.72,3587.788,1740.473
2026-07-30 08:00:00,574.72,579.3,574.41,578.76,6780.93,4048.857
2026-07-30 09:00:00,578.77,579.99,578.23,579.84,5410.413,2506.44
2026-07-30 10:00:00,579.84,588.53,579.67,587.39,19503.334,12000.528
2026-07-30 11:00:00,587.4,591.25,586.2,589,16486.934,10098.047
2026-07-30 12:00:00,589,589.94,585.57,586.77,9165.693,3363.974
2026-07-30 13:00:00,586.77,589.19,585.52,587.96,7256.54,3545.695
2026-07-30 14:00:00,587.95,588.82,586.3,587.95,5881.512,2886.486
2026-07-30 15:00:00,587.96,591,587.51,590.99,7034.756,4363.831
2026-07-30 16:00:00,591,594,591,593.42,8026.119,4490.128
2026-07-30 17:00:00,593.42,596,592.27,593.89,6512.216,3616.151
2026-07-30 18:00:00,593.89,595.75,593.78,595.68,4799.647,3079.599
2026-07-30 19:00:00,595.69,595.99,593.91,594.62,3836.911,1784.618
2026-07-30 20:00:00,594.62,595.18,592.51,592.67,6506.963,3739.083
2026-07-30 21:00:00,592.68,592.91,590.81,591.24,3463.574,1249.941
2026-07-30 22:00:00,591.24,593.46,590.78,592.79,3071.857,1735.606
2026-07-30 23:00:00,592.79,594.48,591.94,591.99,3189.471,1419.295
2026-07-31 00:00:00,591.99,592.85,590.24,590.48,4371.007,1978.745
2026-07-31 01:00:00,590.48,594.46,588.9,589.55,5720.288,2575.566
2026-07-31 02:00:00,589.55,590.12,587.54,588.03,4455.03,1734.965
2026-07-31 03:00:00,588.04,589.98,585.79,589.46,5550.458,2145.169
2026-07-31 04:00:00,589.47,589.98,588.47,589.13,5117.13,1766.875
2026-07-31 05:00:00,589.14,591,589.13,590.04,3213.528,1555.649
2026-07-31 06:00:00,590.04,592.92,590.03,592.54,4263.266,2307.781
2026-07-31 07:00:00,592.54,592.74,589.76,589.76,9885.384,3833.961
2026-07-31 08:00:00,589.77,593.31,589.76,592.74,8550.352,4173.447
2026-07-31 09:00:00,592.75,592.77,589.89,590.49,5626.478,2243.052
2026-07-31 10:00:00,590.49,592.73,588.15,592.46,5796.672,2359.344
2026-07-31 11:00:00,592.47,593.92,591.34,592.02,3927.304,2296.1
2026-07-31 12:00:00,592.02,593.09,589.92,592.56,7039.25,3976.805
2026-07-31 13:00:00,592.57,595.5,587.89,588.78,10600.348,5750.47
2026-07-31 14:00:00,588.79,589,584.63,586.62,12905.325,4780.346
2026-07-31 15:00:00,586.63,586.67,583.99,585.45,5746.312,2763.789
2026-07-31 16:00:00,585.45,587.91,585.23,587.48,2948.236,1548.14
2026-07-31 17:00:00,587.48,590.04,586.87,589.04,2880.796,1819.92
2026-07-31 18:00:00,589.05,589.61,587.6,588.95,1900.994,914.1
2026-07-31 19:00:00,588.95,589.4,587.93,588.17,1302.125,595.428
2026-07-31 20:00:00,588.17,589,586.72,586.92,1846.351,898.249
2026-07-31 21:00:00,586.92,588.59,586.41,587.13,2057.385,1148.365
2026-07-31 22:00:00,587.14,587.79,586.63,586.81,1590.078,808.222
2026-07-31 23:00:00,586.81,587.72,586.8,587.01,1186.706,627.001
2026-08-01 00:00:00,587.01,589.1,587.01,588.71,3669.285,2665.512
2026-08-01 01:00:00,588.72,590,588.3,589.99,2853.281,1821.167
2026-08-01 02:00:00,590,590.77,589.4,590.77,2909.304,1681.024
2026-08-01 03:00:00,590.77,591.44,588.92,589.36,3526.94,1776.139
2026-08-01 04:00:00,589.35,592.8,588.79,591.89,4066.13,2233.305
2026-08-01 05:00:00,591.89,592.13,590.29,590.87,2502.667,1086.086
2026-08-01 06:00:00,590.87,592.58,590.11,591.31,6164.969,2575.521
2026-08-01 07:00:00,591.32,591.83,590.08,590.09,2430.593,1035.76
2026-08-01 08:00:00,590.09,590.5,585.8,585.95,6603.379,2594.944
2026-08-01 09:00:00,585.95,586.17,583.87,584.15,3823.377,1481.232
2026-08-01 10:00:00,584.16,584.6,580.23,580.77,6224.225,2276.061
2026-08-01 11:00:00,580.78,581.08,579.64,580.33,5379.768,2218.128
2026-08-01 12:00:00,580.34,580.53,578.22,578.34,4514.295,1951.956
2026-08-01 13:00:00,578.34,579.92,577.9,579.3,6411.149,3715.545
2026-08-01 14:00:00,579.31,580.29,578.37,579.03,5950.712,3106.106
2026-08-01 15:00:00,579.03,579.03,576.36,576.47,6017.194,2367.622
2026-08-01 16:00:00,576.47,578.6,576.31,578.46,3279.364,1925.698
2026-08-01 17:00:00,578.46,578.73,576.35,577.22,3089.448,980.221
2026-08-01 18:00:00,577.23,577.81,573.5,576.59,7553.889,2837.508
2026-08-01 19:00:00,576.59,578.42,575.69,575.74,3888.23,2025.629
2026-08-01 20:00:00,575.74,575.9,574.85,575.75,3596.133,1348.016
2026-08-01 21:00:00,575.75,576.52,575,575.91,3043.484,1216.747
2026-08-01 22:00:00,575.91,576.45,575.63,576.03,2747.59,1342.406
2026-08-01 23:00:00,576.04,576.15,575.13,575.13,5000.896,2206.701
2026-08-02 00:00:00,575.14,576.81,574.03,574.53,3789.962,1927.684
2026-08-02 01:00:00,574.53,577.93,574.53,577.46,3278.887,2033.333
2026-08-02 02:00:00,577.47,581.3,577.23,581.3,4609.292,2603.657
2026-08-02 03:00:00,581.3,583.1,581.04,582.31,4877.478,2871.436
2026-08-02 04:00:00,582.32,585.32,582.32,584.88,6454.152,2718.397
2026-08-02 05:00:00,584.89,585.54,583.75,584.7,2912.458,1319.253
2026-08-02 06:00:00,584.71,585.5,583.4,585,2116.509,1034.694
2026-08-02 07:00:00,585.01,586.15,584.45,585.49,9065.045,4492.332
2026-08-02 08:00:00,585.49,585.7,583.59,583.67,3040.269,1540.95
2026-08-02 09:00:00,583.67,584.57,582.51,583.72,2757.419,1021.25
2026-08-02 10:00:00,583.73,584.19,582.94,583.82,1344.078,603.456
2026-08-02 11:00:00,583.82,583.9,581.59,582.11,2008.993,812.039
2026-08-02 12:00:00,582.11,582.77,581.2,581.78,2740.725,1290.598
2026-08-02 13:00:00,581.77,583.52,581.46,582.9,2343.266,1268.492
2026-08-02 14:00:00,582.91,585.24,582.31,584.23,3875.688,1942.973
2026-08-02 15:00:00,584.23,587.5,584.14,586.24,4769.338,2754.237
2026-08-02 16:00:00,586.24,588.79,585.89,587.7,3200.427,1864.705
2026-08-02 17:00:00,587.7,588.25,587.26,587.73,1146.717,682.043
2026-08-02 18:00:00,587.73,590.99,587.73,589.28,3424.792,2392.084
2026-08-02 19:00:00,589.28,589.71,588.37,589.4,1354.273,783.364
2026-08-02 20:00:00,589.41,589.5,588.28,589.5,1778.17,1060.692
2026-08-02 21:00:00,589.5,590.83,589,589.78,2373.107,828.597
2026-08-02 22:00:00,589.77,590.86,587.69,588.33,2829.461,1242.2
2026-08-02 23:00:00,588.33,588.71,587.71,588.46,1637.947,851.352
2026-08-03 00:00:00,588.46,588.54,584.32,585.02,3163.623,1049.175
2026-08-03 01:00:00,585.02,585.37,584,584.4,1765.557,905.966
2026-08-03 02:00:00,584.4,586.43,584,585.88,2949.653,1498.257
2026-08-03 03:00:00,585.88,585.88,582.97,583.1,3227.648,919.416
2026-08-03 04:00:00,583.11,584.47,582.49,582.5,3618.816,1698.495
2026-08-03 05:00:00,582.5,583.74,582.2,582.97,2305.917,860.711
2026-08-03 06:00:00,582.97,583.48,581.9,582.55,2642.054,1438.231
2026-08-03 07:00:00,582.55,584.23,581.75,583.73,7172.907,3997.954
2026-08-03 08:00:00,583.74,584.41,581.03,584.25,4625.303,1732.612
2026-08-03 09:00:00,584.26,586.64,583.82,586.57,5231.284,2704.367
2026-08-03 10:00:00,586.58,587.68,586.04,587.1,3088.743,1701.808
2026-08-03 11:00:00,587.1,587.8,585.66,585.76,2544.088,1117.004
2026-08-03 12:00:00,585.76,587.63,585.2,586.85,3069.132,1706.915
2026-08-03 13:00:00,586.85,588.44,584.45,588.21,6887.843,3510.205
2026-08-03 14:00:00,588.21,590.18,586.58,589.77,7716.011,4588.567
2026-08-03 15:00:00,589.78,593.69,589.41,592.54,7513.287,4628.074
2026-08-03 16:00:00,592.54,594.32,591.8,592.46,4707.463,1627.796
2026-08-03 17:00:00,592.46,593.8,591.25,592.2,4657.723,2231.264
2026-08-03 18:00:00,592.21,592.65,591.19,591.56,1367.709,527.831
2026-08-03 19:00:00,591.57,592.72,591.4,591.45,1650.452,1025.232
2026-08-03 20:00:00,591.45,592.55,590.96,591.11,1354.341,680.76
2026-08-03 21:00:00,591.11,591.11,589.66,589.97,2597.671,1062.72
2026-08-03 22:00:00,589.97,590.68,589.14,589.69,1601.743,901.814
2026-08-03 23:00:00,589.69,590.02,589.05,589.35,1378.888,718.245
2026-08-04 00:00:00,589.35,590.27,588.8,589,2231.9,1382.069
2026-08-04 01:00:00,589,592.29,588.93,592.23,4927.653,2045.745
2026-08-04 02:00:00,592.24,592.58,590.48,591.01,2065.143,968.981
2026-08-04 03:00:00,591.01,591.59,590.11,590.86,2224.778,1214.518
2026-08-04 04:00:00,590.87,593.09,590.57,592,1890.844,1228.026
2026-08-04 05:00:00,592.01,592.14,589.68,589.73,1401.136,652.688
2026-08-04 06:00:00,589.74,591.65,589.4,590.71,3218.241,1925.354
2026-08-04 07:00:00,590.71,591.21,589.63,590.61,2676.807,1268.825
2026-08-04 08:00:00,590.62,590.93,588.94,589.92,4348.023,2055.5
2026-08-04 09:00:00,589.93,590.09,588.13,589.11,2350,1001.633
2026-08-04 10:00:00,589.12,590.68,588,589.95,2076.969,1004.038
2026-08-04 11:00:00,589.96,592.13,589.51,591.77,2521.285,1342.584
2026-08-04 12:00:00,591.78,592.07,590.16,591.78,3293.586,1413.578
2026-08-04 13:00:00,591.78,592.01,588.7,589.18,5788.679,1940.21
2026-08-04 14:00:00,589.18,594.7,588.74,594.03,7511.876,4062.196
2026-08-04 15:00:00,594.03,594.7,591.34,593.28,4753.913,2135.306
2026-08-04 16:00:00,593.28,594.6,592.11,593.2,5275.926,2795.461
2026-08-04 17:00:00,593.21,594.04,592.2,592.68,2545.334,1297.757
2026-08-04 18:00:00,592.69,594.96,592.61,594.01,2781.414,1519.268
2026-08-04 19:00:00,594.02,594.32,593.16,593.78,2391.659,1171.69
2026-08-04 20:00:00,593.77,594.68,592.56,593.65,1957.556,1045.884
2026-08-04 21:00:00,593.66,594.1,593.11,593.97,836.302,396.367
2026-08-04 22:00:00,593.97,594.19,593.24,593.83,925.329,462.422
2026-08-04 23:00:00,593.83,594.78,592.8,593.18,2220.887,1071.584
2026-08-05 00:00:00,593.19,602.93,592.36,596.11,24066.997,16911.703
2026-08-05 01:00:00,596.11,604.58,596.11,603.35,7725.476,4645.645
2026-08-05 02:00:00,603.36,605.5,600.5,603.85,6556.688,3869.627
2026-08-05 03:00:00,603.86,603.86,597.97,598.81,5758.31,2219.403
2026-08-05 04:00:00,598.82,599.83,598,599.33,2707.404,1390.856
2026-08-05 05:00:00,599.34,602.9,599,602.17,3557.104,2115.129
2026-08-05 06:00:00,602.18,602.19,600.65,601.04,2944.565,1396.392
2026-08-05 07:00:00,601.04,601.4,598.54,600.11,3760.19,1954.95
2026-08-05 08:00:00,600.12,600.99,599.1,599.23,3782.561,1340.161
2026-08-05 09:00:00,599.24,599.79,597.69,598.18,5193.375,2044.618
2026-08-05 10:00:00,598.18,598.18,595.23,597.29,4307.984,1742.558
2026-08-05 11:00:00,597.3,598.2,596.22,596.62,5963.226,2659.733
2026-08-05 12:00:00,596.62,599.91,596.42,599.4,5518.048,3094.07
2026-08-05 13:00:00,599.4,600.86,597.73,600.58,8103.835,3661.937
2026-08-05 14:00:00,600.58,602.8,598.74,602.74,6475.542,3234.259
2026-08-05 15:00:00,602.75,603.71,599.72,599.88,4513.764,2130.425
2026-08-05 16:00:00,599.88,602.52,598.86,599.26,4557.621,1927.715
2026-08-05 17:00:00,599.27,601.15,597.19,601.01,5434.177,2747.779
2026-08-05 18:00:00,601.01,602.06,600,600.28,4051.207,2355.046
2026-08-05 19:00:00,600.28,600.93,599.58,599.73,2336.629,994.626
2026-08-05 20:00:00,599.73,600.08,597.28,597.58,3484.878,1448.404
2026-08-05 21:00:00,597.58,597.59,595.5,595.62,3561.475,1434.124
2026-08-05 22:00:00,595.63,595.84,592.2,592.55,5358.362,1854.582
2026-08-05 23:00:00,592.55,594.35,591.79,593.85,4890.838,2290.741
2026-08-06 00:00:00,593.86,596.91,593.86,595.65,5647.611,3124.645
2026-08-06 01:00:00,595.65,595.85,594.06,594.06,3895.625,1720.229
2026-08-06 02:00:00,594.07,594.44,592,593.57,4199.517,1711.118
2026-08-06 03:00:00,593.57,594.53,593.11,594.52,2393.792,1374.169
2026-08-06 04:00:00,594.53,595.98,594.07,595.45,3415.197,1501.956
2026-08-06 05:00:00,595.46,598.32,595.27,596.7,3149.253,1990.997
2026-08-06 06:00:00,596.71,596.71,594.93,595.22,2199.443,793.526
2026-08-06 07:00:00,595.22,596.21,594.8,595.35,3550.038,2022.867
2026-08-06 08:00:00,595.36,596.27,594.54,595.46,2910.501,981.402
2026-08-06 09:00:00,595.46,595.77,593.35,594.63,4123.056,1755.509
2026-08-06 10:00:00,594.64,595.06,593.07,593.33,4021.43,1497.704
2026-08-06 11:00:00,593.33,594.48,592.4,594.1,2669.086,1016.13
2026-08-06 12:00:00,594.1,594.46,592.81,593.16,3707.75,1866.064
2026-08-06 13:00:00,593.17,593.49,591.14,593.05,5753.434,3251.749
2026-08-06 14:00:00,593.05,594.36,591.68,593.43,4644.9,2148.43
2026-08-06 15:00:00,593.44,594.6,592.42,592.5,3072.377,1554.343
2026-08-06 16:00:00,592.51,593.09,591.47,593.04,3635.687,1372.588
2026-08-06 17:00:00,593.04,593.83,592.54,593.14,3090.853,1277.39
2026-08-06 18:00:00,593.15,593.4,590.65,591.58,2575.429,998.295
2026-08-06 19:00:00,591.58,591.65,589.95,590.6,2890.64,911.885
2026-08-06 20:00:00,590.6,591.63,590.37,591.36,1498.328,728.594
2026-08-06 21:00:00,591.36,592.52,591.36,592.16,914.988,524.673
2026-08-06 22:00:00,592.17,592.74,591.56,591.91,825.216,470.562
2026-08-06 23:00:00,591.9,592.39,590.99,592.39,860.147,426.202
2026-08-07 00:00:00,592.4,593.59,592.06,593.07,2107.465,1466.542
2026-08-07 01:00:00,593.07,594,592.86,593.46,1929.279,926.277
2026-08-07 02:00:00,593.46,594,592.2,593.54,2940.72,1886.379
2026-08-07 03:00:00,593.55,594.68,592.85,592.93,3820.365,1736.762
2026-08-07 04:00:00,592.94,592.95,587,587.51,13807.466,4175.706
2026-08-07 05:00:00,587.52,588.23,586.2,587.86,5387.817,2110.493
2026-08-07 06:00:00,587.86,588.18,586.51,587.08,3891.835,1709.138
2026-08-07 07:00:00,587.08,588.49,585.3,585.46,6994.931,3468.61
2026-08-07 08:00:00,585.46,589,585.32,588.77,5211.36,3272.116
2026-08-07 09:00:00,588.78,590.75,588.71,590.07,5792.075,2630.921
2026-08-07 10:00:00,590.07,590.9,589.69,590.25,2966.782,1383.636
2026-08-07 11:00:00,590.25,591.9,590.24,591.45,3451.401,2163.711
2026-08-07 12:00:00,591.45,593.33,590.78,592.91,9258.909,5750.04
2026-08-07 13:00:00,592.91,593.45,591.18,592.68,5289.2,2604.972
2026-08-07 14:00:00,592.68,593.32,590.4,591.05,5834.479,2351.542
2026-08-07 15:00:00,591.06,592.79,591.05,592.31,3814.62,1760.445
2026-08-07 16:00:00,592.32,594.4,592.32,592.6,3559.057,1927.411
2026-08-07 17:00:00,592.61,593.05,591.05,591.97,2036.888,961.581
2026-08-07 18:00:00,591.98,592.59,591.12,591.4,964.734,559.344
2026-08-07 19:00:00,591.41,593.44,591.4,593.38,1201.554,545.705
2026-08-07 20:00:00,593.38,593.73,592.43,592.91,945.614,474.732
2026-08-07 21:00:00,592.91,593.68,592.28,592.73,873.437,410.945
2026-08-07 22:00:00,592.74,592.9,592.22,592.51,554.647,268.577
2026-08-07 23:00:00,592.51,593,592.31,592.57,867.114,479.318
2026-08-08 00:00:00,592.57,592.67,590.77,591.04,2351.955,955.771
2026-08-08 01:00:00,591.05,591.2,590.65,590.95,2012.689,856.504
2026-08-08 02:00:00,590.95,592,590.88,591.78,2707.842,1561.436
2026-08-08 03:00:00,591.77,593.78,591.63,593.43,4213.4,2287.207
2026-08-08 04:00:00,593.42,593.79,592.67,593.65,1944.962,1007.17
2026-08-08 05:00:00,593.65,593.83,592.93,593.33,1840.174,828.758
2026-08-08 06:00:00,593.33,595.15,593.33,594.68,3564.815,2214.402
2026-08-08 07:00:00,594.68,595.15,594.06,594.52,2961.607,1320.261
2026-08-08 08:00:00,594.53,594.9,593.74,594.46,2225.678,1097.614
2026-08-08 09:00:00,594.47,595.5,594.14,594.68,3350.636,1925.243
2026-08-08 10:00:00,594.68,595.96,594.67,595.16,2107.312,1234.045
2026-08-08 11:00:00,595.16,596.61,595.06,596.51,2944.932,1903.136
2026-08-08 12:00:00,596.51,596.61,595.42,596.02,3477.495,1892.809
2026-08-08 13:00:00,596.03,599.2,595.84,598.18,4594.727,2767.144
2026-08-08 14:00:00,598.18,612,598.18,603.28,38978.703,22905.703
2026-08-08 15:00:00,603.27,606.48,603.13,605.14,6345.797,2874.115
2026-08-08 16:00:00,605.15,607.42,603.33,605.31,4461.431,2139.055
2026-08-08 17:00:00,605.31,605.98,603.76,604.48,2022.437,1002.92
2026-08-08 18:00:00,604.49,604.9,603.66,603.85,2017.115,566.728
2026-08-08 19:00:00,603.86,603.86,602.75,603.29,1636.746,532.288
2026-08-08 20:00:00,603.28,603.29,601.82,602.25,1432.036,555.589
2026-08-08 21:00:00,602.25,602.94,601.55,601.66,1204.907,519.841
2026-08-08 22:00:00,601.66,601.78,599.04,600.22,3417.854,1148.284
2026-08-08 23:00:00,600.23,601.79,600.01,600.66,2169.777,1129.509
2026-08-09 00:00:00,600.66,603.92,600.62,603.6,3315.678,1691.794
2026-08-09 01:00:00,603.6,604.41,602.17,602.75,2492.237,1069.934
2026-08-09 02:00:00,602.75,602.82,600.49,601.07,2434.339,837.758
2026-08-09 03:00:00,601.07,602.18,600.21,600.44,2677.828,1400.34
2026-08-09 04:00:00,600.44,601.98,600.35,601.29,3643.211,1696.347
2026-08-09 05:00:00,601.29,602.22,601.1,601.97,1964.775,955.889
2026-08-09 06:00:00,601.97,603.73,601.96,603.64,3374.385,1608.947
2026-08-09 07:00:00,603.65,603.76,601.68,603.14,5409.037,2510.237
2026-08-09 08:00:00,603.14,603.68,601.41,602.11,3737.45,1796.521
2026-08-09 09:00:00,602.11,602.61,601,602.6,2149.383,1001.95
2026-08-09 10:00:00,602.61,604.71,602.61,604.34,3143.507,1677.395
2026-08-09 11:00:00,604.34,604.68,603.9,603.92,1836.776,888.299
2026-08-09 12:00:00,603.92,605.04,603.14,604.31,2764.092,1415.947
2026-08-09 13:00:00,604.31,609.36,604.3,607.44,7394.611,4696.671
2026-08-09 14:00:00,607.45,611.55,607.08,608.13,8676.739,5232.96
2026-08-09 15:00:00,608.13,609.29,607.49,608.53,5581.534,2522.253
2026-08-09 16:00:00,608.54,609.14,607.43,608.77,2988.23,1716.923
2026-08-09 17:00:00,608.76,609.3,608.51,608.62,1698.851,785.833
2026-08-09 18:00:00,608.62,609.03,607.17,608.45,3360.237,1603.428
2026-08-09 19:00:00,608.46,608.99,607.49,607.63,2325.047,899.223
2026-08-09 20:00:00,607.63,608.27,607.52,608.01,1789.308,968.003
2026-08-09 21:00:00,608.01,608.83,607.74,608.63,1017.74,518.161
2026-08-09 22:00:00,608.63,611.12,603.29,605.1,6838.2,3345.016
2026-08-09 23:00:00,605.1,605.82,601.86,602.23,3816.594,1214.223
2026-08-10 00:00:00,602.22,606.81,601.92,603.99,6804.466,4046.104
2026-08-10 01:00:00,604,606.84,603.67,604.87,2602.333,1327.204
2026-08-10 02:00:00,604.88,605,602.25,603.24,3173.29,1380.011
2026-08-10 03:00:00,603.24,603.61,601.33,602.59,2823.824,1205.07
2026-08-10 04:00:00,602.59,603.26,601,601.63,2514.324,1271.142
2026-08-10 05:00:00,601.64,603.56,601.4,602.98,2600.573,1318.883
2026-08-10 06:00:00,602.98,604.2,602.97,603.96,2780.373,1511.465
2026-08-10 07:00:00,603.96,604.9,603.2,604.04,3279.463,1912.291
2026-08-10 08:00:00,604.04,605.11,603.88,604.69,2965.682,1565.473
2026-08-10 09:00:00,604.69,604.69,603.59,604.35,3190.954,1657.903
2026-08-10 10:00:00,604.35,606.66,604.26,606.45,4175.919,2061.833
2026-08-10 11:00:00,606.45,606.66,604.64,605.18,3434.438,1518.871
2026-08-10 12:00:00,605.19,605.63,602.39,602.64,3724.454,1279.297
2026-08-10 13:00:00,602.63,603.09,599.64,600.23,9360.046,3996.481
2026-08-10 14:00:00,600.23,602.59,600.06,601.46,6605.656,4231.188
2026-08-10 15:00:00,601.47,601.7,599.7,601.11,8341.631,4279.246
2026-08-10 16:00:00,601.11,602.5,597.62,598.54,7520.351,2895.429
2026-08-10 17:00:00,598.55,600.5,597.32,600.19,2303.961,1218.943
2026-08-10 18:00:00,600.19,600.72,599.16,600.23,1870.363,805.006
2026-08-10 19:00:00,600.23,601,600.12,600.69,2421.997,797.138
2026-08-10 20:00:00,600.68,601.54,600.42,600.66,1138.232,602.486
2026-08-10 21:00:00,600.67,600.7,599.04,599.22,1600.447,679.954
2026-08-10 22:00:00,599.22,600.16,598.49,599.2,1560.383,552.883
2026-08-10 23:00:00,599.2,599.77,598.29,599.23,1436.58,676.19
2026-08-11 00:00:00,599.24,600.26,599.05,599.91,3201.151,2024.806
2026-08-11 01:00:00,599.91,600.79,599.6,600.14,2473.881,1670.937
2026-08-11 02:00:00,600.14,600.91,599.78,600.52,1788.798,1019.894
2026-08-11 03:00:00,600.52,601,600,600.38,1761.923,772.419
2026-08-11 04:00:00,600.38,600.75,599.8,599.88,1704.911,829.466
2026-08-11 05:00:00,599.88,600.71,599.19,599.67,1789.611,779.496
2026-08-11 06:00:00,599.68,600.67,598.52,598.75,1695.477,686.347
2026-08-11 07:00:00,598.75,602.5,598.46,602.5,13870.665,8990.714
2026-08-11 08:00:00,602.5,606.44,602.33,605.41,15444.606,10611.48
2026-08-11 09:00:00,605.41,607.94,605,607.19,5665.134,2882.774
2026-08-11 10:00:00,607.2,608.54,606.6,608.11,4693.945,2789.529
2026-08-11 11:00:00,608.12,608.46,606.46,608.43,4759.275,2974.826
2026-08-11 12:00:00,608.44,614.98,608.43,612.21,17148.86,10411.622
2026-08-11 13:00:00,612.21,613.98,610,611.71,8166.208,3928.461
2026-08-11 14:00:00,611.7,611.71,606.32,607.64,8860.773,3701.768
2026-08-11 15:00:00,607.64,609.73,605.48,608.49,8806.201,4489.344
2026-08-11 16:00:00,608.49,610.3,607.83,609.43,8612.622,3920.089
2026-08-11 17:00:00,609.44,610.61,609.3,610.32,4141.849,2620.406
2026-08-11 18:00:00,610.33,610.77,608.03,610.04,3712.384,2223.15
2026-08-11 19:00:00,610.04,611.84,609,611.71,3699.836,2394.042
2026-08-11 20:00:00,611.71,613.13,611.28,612.74,4471.293,2564.131
2026-08-11 21:00:00,612.74,613.55,611.87,612.76,4708.158,2597.036
2026-08-11 22:00:00,612.76,614.78,612.46,614.62,3283.668,2209.495
2026-08-11 23:00:00,614.62,617.73,613.59,616.69,8025.751,5143.565
2026-08-12 00:00:00,616.69,617.79,614.61,617.79,7137.505,4460.83
2026-08-12 01:00:00,617.8,620.55,615.94,618.53,8800.069,5686.556
2026-08-12 02:00:00,618.53,619.44,615.57,616.17,6862.064,3627.288
2026-08-12 03:00:00,616.17,616.17,612.9,613.28,4272.542,1753.793
2026-08-12 04:00:00,613.28,615.81,612.72,614.71,3000.663,1759.58
2026-08-12 05:00:00,614.71,615,612.82,613.25,6069.194,1352.374
2026-08-12 06:00:00,613.25,613.47,609.02,611.6,11615.628,3885.962
2026-08-12 07:00:00,611.6,612.44,611.11,612.29,3304.909,1405.478
2026-08-12 08:00:00,612.29,612.95,610,610.51,5349.316,2708.53
2026-08-12 09:00:00,610.51,613.71,610.28,613.7,3306.056,1790.536
2026-08-12 10:00:00,613.71,614.84,613.26,613.96,4279.272,2583.669
2026-08-12 11:00:00,613.96,614.88,613.31,614.87,2240.735,1090.191
2026-08-12 12:00:00,614.87,615.71,610,612.92,9023.324,3503.049
2026-08-12 13:00:00,612.91,613.99,612.11,612.37,4157.394,2051.021
2026-08-12 14:00:00,612.37,614.05,609.04,609.46,7536.249,2932.92
2026-08-12 15:00:00,609.46,611.57,608.83,610.91,3554.884,1706.55
2026-08-12 16:00:00,610.91,611.26,610.31,610.4,2384.482,1256.582
2026-08-12 17:00:00,610.41,611.72,610.29,610.71,2086.016,1181.976
2026-08-12 18:00:00,610.72,611.28,610,610.44,2498.555,1028.243
2026-08-12 19:00:00,610.45,610.96,609.1,609.79,1800.74,880.226
2026-08-12 20:00:00,609.78,612.14,609.78,611.89,1386.26,840.726
2026-08-12 21:00:00,611.9,612.27,608.93,609.87,1689.333,633.75
2026-08-12 22:00:00,609.87,610.81,609.27,609.95,1305.387,497.584
2026-08-12 23:00:00,609.96,611,609.66,610.44,1885.884,876.099
2026-08-13 00:00:00,610.44,611.75,610,610.72,2330.905,1025.622
2026-08-13 01:00:00,610.72,611.73,609.79,611.08,2703.771,1113.58
2026-08-13 02:00:00,611.08,611.36,610.08,611.15,1420.307,724.912
2026-08-13 03:00:00,611.16,612.48,610.52,612.34,2346.725,1528.242
2026-08-13 04:00:00,612.35,613.07,611.79,612.6,2762.267,1549.438
2026-08-13 05:00:00,612.6,614.99,612.6,613.85,2595.288,1625.481
2026-08-13 06:00:00,613.85,613.87,610.83,612.68,3439.368,1569.393
2026-08-13 07:00:00,612.68,614.13,612.67,613.71,2356.7,1564.5
2026-08-13 08:00:00,613.7,614.4,613.23,614.14,3134.402,1500.674
2026-08-13 09:00:00,614.14,614.28,611.53,612.12,3593.056,1399.165
2026-08-13 10:00:00,612.12,612.18,610.16,610.51,3892.321,1318.779
2026-08-13 11:00:00,610.52,611.33,607.77,608.93,5299.026,2090.97
2026-08-13 12:00:00,608.93,610.29,608.49,609.78,3666.32,1758.903
2026-08-13 13:00:00,609.79,611.54,609.31,610.68,3696.625,1657.781
2026-08-13 14:00:00,610.68,611.64,609.87,609.88,3598.877,1728.926
2026-08-13 15:00:00,609.88,610.46,606.62,607.6,5556.245,2352.904
2026-08-13 16:00:00,607.59,609.61,605,607.35,6884.288,3373.036
2026-08-13 17:00:00,607.36,608.76,607.24,608.11,2131.367,1270.999
2026-08-13 18:00:00,608.11,609.72,607.44,609.33,2749.321,1603.151
2026-08-13 19:00:00,609.34,610.26,609.15,609.79,2966.988,1340.963
2026-08-13 20:00:00,609.79,611.06,609.54,610.42,1545.673,822.791
2026-08-13 21:00:00,610.42,611.58,610.41,610.93,1487.505,742.861
2026-08-13 22:00:00,610.94,611.8,610.72,610.8,1261.191,710.339
2026-08-13 23:00:00,610.8,611.2,610.32,610.71,1075.566,543.552
2026-08-14 00:00:00,610.71,611.56,610.42,611.09,2081.63,1113.889
2026-08-14 01:00:00,611.09,611.29,610.15,611.28,1586.226,732.826
2026-08-14 02:00:00,611.29,612.5,609.92,612.4,2648.629,1615.916
2026-08-14 03:00:00,612.41,612.9,611.2,611.76,2880.449,1502.861
2026-08-14 04:00:00,611.76,612.65,610.55,610.64,1519.248,799.237
2026-08-14 05:00:00,610.64,611.09,609.98,610.31,1829.267,782.687
2026-08-14 06:00:00,610.31,610.31,607.83,608.45,4274.944,2010.772
2026-08-14 07:00:00,608.46,609.4,607.46,607.47,2139.179,1015.434
2026-08-14 08:00:00,607.47,608.63,606.52,608.62,2570.292,1174.968
2026-08-14 09:00:00,608.63,609,607.39,607.47,2673.598,1203.033
2026-08-14 10:00:00,607.47,607.9,605.44,605.9,4295.774,1528.328
2026-08-14 11:00:00,605.91,606.25,603.43,604.92,4312.024,1821.496
2026-08-14 12:00:00,604.93,606,604.44,604.68,2995.979,1888.025
2026-08-14 13:00:00,604.68,605.02,603.44,604.12,3810.652,1924.994
2026-08-14 14:00:00,604.11,605.5,602.98,603.95,3615.646,1953.798
2026-08-14 15:00:00,603.95,607.31,603.86,606.69,4501.845,2888.563
2026-08-14 16:00:00,606.7,607.19,606.23,607.09,2656.876,1430.141
2026-08-14 17:00:00,607.09,607.47,605.61,606.09,2276.454,1021.148
2026-08-14 18:00:00,606.09,607.03,605.57,606.23,1698.201,785.502
2026-08-14 19:00:00,606.23,606.57,605.04,606.41,2414.099,1016.837
2026-08-14 20:00:00,606.42,607.1,606.3,606.84,1335.663,689.759
2026-08-14 21:00:00,606.84,607.22,606.4,607.05,1135.119,564.268
2026-08-14 22:00:00,607.05,607.3,606.45,606.8,1706.053,798.032
2026-08-14 23:00:00,606.81,608.39,606.54,607.96,2682.241,2041.624
2026-08-15 00:00:00,607.97,608.15,606.97,607.91,1968.511,927.044
2026-08-15 01:00:00,607.92,608.6,607.62,607.69,2018.002,948.377
2026-08-15 02:00:00,607.7,608.64,607.62,608.61,1699.706,973.788
2026-08-15 03:00:00,608.62,610.79,608.62,610.41,3808.932,2192.411
2026-08-15 04:00:00,610.42,612.35,610.17,611.53,3921.584,2019.16
2026-08-15 05:00:00,611.53,611.88,610.36,610.71,2434.063,1097.813
2026-08-15 06:00:00,610.7,612.17,610.7,611.88,2421.998,1429.972
2026-08-15 07:00:00,611.89,612.25,610.89,611.57,1694.507,794.483
2026-08-15 08:00:00,611.57,612,610.37,610.59,2576.183,1200.689
2026-08-15 09:00:00,610.59,612.15,609.91,611.88,2664.467,1268.583
2026-08-15 10:00:00,611.87,611.98,611.05,611.47,3085.395,1014.315
2026-08-15 11:00:00,611.47,612.04,611.26,611.74,2581.496,1052.611
2026-08-15 12:00:00,611.74,612.85,610.38,611.29,3356.792,1411.123
2026-08-15 13:00:00,611.3,611.3,609.36,609.73,3086.22,1135.164
2026-08-15 14:00:00,609.73,610.67,608.77,610.64,2853.791,1450.139
2026-08-15 15:00:00,610.64,611.82,610.5,611.65,4014.015,2094.87
2026-08-15 16:00:00,611.65,612,611.18,611.44,3035.333,1425.893
2026-08-15 17:00:00,611.44,611.8,610.74,610.8,2288.091,1161.402
2026-08-15 18:00:00,610.81,611.18,610.14,610.24,1815.829,730.313
2026-08-15 19:00:00,610.24,611.47,610.06,611.41,1856.612,770.059
2026-08-15 20:00:00,611.41,611.67,610.51,610.55,1528.274,606.55
2026-08-15 21:00:00,610.56,610.98,610.29,610.3,1413.085,542.15
2026-08-15 22:00:00,610.31,610.33,609.29,609.29,1542.927,692.931
2026-08-15 23:00:00,609.3,609.3,607.5,607.76,3097.47,1085.03
2026-08-16 00:00:00,607.76,607.97,606.99,607.6,4424.51,2111.5
2026-08-16 01:00:00,607.61,607.75,606.59,607.15,2832.164,1046.743
2026-08-16 02:00:00,607.15,607.7,606.35,607.32,3109.232,1853.466
2026-08-16 03:00:00,607.32,607.32,606.32,606.49,2669.647,920.613
2026-08-16 04:00:00,606.49,606.56,605,605.93,4346.599,1543.647
2026-08-16 05:00:00,605.94,606.59,605.87,606.18,2883.943,1518.498
2026-08-16 06:00:00,606.18,606.19,604.36,605.28,2698.314,971.571
2026-08-16 07:00:00,605.29,605.74,605.1,605.63,3000.066,1198.955
2026-08-16 08:00:00,605.64,607.41,604.87,607.41,3801.085,2232.569
2026-08-16 09:00:00,607.41,608.54,606.92,607.33,4750.69,2786.485
2026-08-16 10:00:00,607.34,607.34,606.49,606.75,2895.561,1347.344
2026-08-16 11:00:00,606.76,607.23,606.5,606.9,2653.621,1285.356
2026-08-16 12:00:00,606.9,607.72,606.77,607.38,2567.157,1254.557
2026-08-16 13:00:00,607.38,608.43,607.36,607.45,3703.437,1624.236
2026-08-16 14:00:00,607.46,608.43,607.41,607.73,4544.898,1748.674
2026-08-16 15:00:00,607.73,608.2,607.05,607.44,3343.127,1595.789
2026-08-16 16:00:00,607.44,608.19,606.89,607.38,3551.374,1904.711
2026-08-16 17:00:00,607.39,607.85,606.12,606.27,4005.312,1880.766
2026-08-16 18:00:00,606.27,606.6,605.27,605.27,3025.007,1133.333
2026-08-16 19:00:00,605.28,606.36,605.28,606.09,2846.385,1629.225
2026-08-16 20:00:00,606.1,606.1,605,605.55,2939.072,1474.816
2026-08-16 21:00:00,605.56,605.56,603.3,604,2569.816,808.28
2026-08-16 22:00:00,604.01,604.46,601.5,602.29,3989.818,1176.349
2026-08-16 23:00:00,602.3,604.15,601.71,602.98,3219.053,1775.958
2026-08-17 00:00:00,602.99,602.99,601.01,602.51,3628.932,1432.529
2026-08-17 01:00:00,602.52,605.14,602.36,603.32,2908.496,1654.065
2026-08-17 02:00:00,603.32,605.71,602,604.75,4011.563,1927.913
2026-08-17 03:00:00,604.76,605.59,604.1,605.17,2738.011,1327.657
2026-08-17 04:00:00,605.17,606.44,604.83,606.44,3517.679,2150.193
2026-08-17 05:00:00,606.44,606.93,605.36,605.69,2502.694,1123.538
2026-08-17 06:00:00,605.68,607.41,605.54,606.51,4259.959,1887.51
2026-08-17 07:00:00,606.52,606.6,604.97,605.07,3578.995,1612.303
2026-08-17 08:00:00,605.07,605.49,604.2,604.91,3137.122,1169.742
2026-08-17 09:00:00,604.91,605.19,603.41,604.27,4237.133,1226.971
2026-08-17 10:00:00,604.28,605.67,601.88,605.23,6219.266,2223.992
2026-08-17 11:00:00,605.24,605.51,604.63,604.99,2884.151,1348.583
2026-08-17 12:00:00,604.99,604.99,603.97,604.02,2624.199,967.123
2026-08-17 13:00:00,604.02,606.96,603.85,605.93,3923.34,2014.395
2026-08-17 14:00:00,605.94,607.63,604.97,607.42,5256.457,2704.884
2026-08-17 15:00:00,607.43,607.86,606,607.16,4306.068,1940.975
2026-08-17 16:00:00,607.16,608,607.03,607.59,3796.125,1574.42
2026-08-17 17:00:00,607.6,607.89,605.71,606.15,3313.806,1160.718
2026-08-17 18:00:00,606.16,607.3,605.97,606.39,2624.733,1339.059
2026-08-17 19:00:00,606.4,606.4,604.95,605.24,2748.1,969.529
2026-08-17 20:00:00,605.25,605.79,605,605.54,1986.14,813.281
2026-08-17 21:00:00,605.55,606.08,605,605.09,1633.778,478.858
2026-08-17 22:00:00,605.09,605.42,604.67,604.8,1377.535,514.215
2026-08-17 23:00:00,604.8,606.5,604.37,605.8,1830.073,728.873
2026-08-18 00:00:00,605.81,606,605.08,605.23,2710.213,1512.213
2026-08-18 01:00:00,605.24,605.71,603.63,604.08,2746.02,1251.004
2026-08-18 02:00:00,604.08,604.08,602.17,603.07,3134.868,1263.373
2026-08-18 03:00:00,603.07,603.73,602.92,603.62,2315.415,1033.316
2026-08-18 04:00:00,603.63,603.92,602.97,603.47,1990.201,1040.398
2026-08-18 05:00:00,603.47,603.91,603.13,603.7,2645.41,1373.534
2026-08-18 06:00:00,603.71,605.2,603.3,604.24,3258.465,1342.06
2026-08-18 07:00:00,604.24,604.27,603.02,603.33,3126.404,1122.288
2026-08-18 08:00:00,603.34,603.34,602.02,602.75,3724.213,1383.204
2026-08-18 09:00:00,602.76,602.89,601.03,601.19,5115.349,1804.662
2026-08-18 10:00:00,601.19,601.56,601,601.17,5859.59,2835.053
2026-08-18 11:00:00,601.17,602.76,601.09,602.12,4181.178,1809.07
2026-08-18 12:00:00,602.13,602.13,601.22,601.22,2912.236,1116.779
2026-08-18 13:00:00,601.23,601.23,600,600.3,6040.385,2173.504
2026-08-18 14:00:00,600.3,604.24,600.29,602.71,7568.754,3267.983
2026-08-18 15:00:00,602.71,604,602.7,603.45,3953.84,1724.993
2026-08-18 16:00:00,603.46,604.48,603.13,603.91,2270.893,964.601
2026-08-18 17:00:00,603.92,603.96,602.7,602.78,2304.804,697.359
2026-08-18 18:00:00,602.79,604,602.7,603.29,1834.338,846.31
2026-08-18 19:00:00,603.3,603.83,602.94,603,1800.584,531.328
2026-08-18 20:00:00,603,603.12,602.69,602.91,1320.066,463.674
2026-08-18 21:00:00,602.92,603.11,602.23,602.53,1579.736,415.211
2026-08-18 22:00:00,602.54,603.51,602.53,603.2,1906.677,939.752
2026-08-18 23:00:00,603.2,604.2,603.12,603.94,1573.253,602.626
2026-08-19 00:00:00,603.95,604.82,602.94,603.93,3592.158,1217.576
2026-08-19 01:00:00,603.93,604.69,603.46,603.51,2074,792.281
2026-08-19 02:00:00,603.51,603.51,601.42,601.97,2863.269,667.359
2026-08-19 03:00:00,601.98,602.69,601.7,601.97,2048.356,576.181
2026-08-19 04:00:00,601.97,602.59,601.7,601.9,2572.835,1160.887
2026-08-19 05:00:00,601.9,602.05,601.39,601.46,2315.299,677.416
2026-08-19 06:00:00,601.47,602.42,601.39,602.41,3070.157,1042.915
2026-08-19 07:00:00,602.42,602.6,601.8,601.8,2858.505,995.132
2026-08-19 08:00:00,601.81,603.49,601.68,602.78,3475.721,1673.475
2026-08-19 09:00:00,602.78,603.04,602.47,602.47,2755.835,1126.395
2026-08-19 10:00:00,602.48,602.77,602.01,602.77,2440.697,1027.805
2026-08-19 11:00:00,602.77,603.5,602.41,602.8,4107.834,1961.23
2026-08-19 12:00:00,602.81,605.36,602.8,604.28,4634.269,2459.284
2026-08-19 13:00:00,604.28,605.85,604.01,604.29,8393.323,4119.567
2026-08-19 14:00:00,604.3,609.43,604.01,608.76,10488.632,5875.698
2026-08-19 15:00:00,608.76,620.18,608.73,616.65,51035.397,28873.089
2026-08-19 16:00:00,616.66,620.3,616.35,618.74,19208.304,9770.414
2026-08-19 17:00:00,618.75,619.18,614.47,617.22,9675.546,3353.719
2026-08-19 18:00:00,617.23,617.88,616.1,617.18,5564.575,2452.914
2026-08-19 19:00:00,617.18,617.85,613.92,616.58,14013.721,6563.808
2026-08-19 20:00:00,616.59,624.62,616.24,624.06,13135.237,7542.321
2026-08-19 21:00:00,624.07,636.59,623.32,634.64,31300.262,18538.599
2026-08-19 22:00:00,634.65,635.4,626.94,628.01,16743.369,6813.899
2026-08-19 23:00:00,628.01,629.14,625.77,627.51,8523.067,3750.654
2026-08-20 00:00:00,627.51,630.73,626.8,628.9,15441.832,7683.148
2026-08-20 01:00:00,628.9,629.48,624.19,625.75,10572.365,4595.161
2026-08-20 02:00:00,625.76,626.75,624.2,624.33,6441.654,2781.224
2026-08-20 03:00:00,624.34,628.47,622.28,626.37,10823.286,5441.834
2026-08-20 04:00:00,626.38,627.6,624.89,626.8,5168.626,2466.117
2026-08-20 05:00:00,626.8,627.81,624.51,625,6591.673,2441.588
2026-08-20 06:00:00,625.01,631.2,624.51,630.18,9004.452,5574.78
2026-08-20 07:00:00,630.19,632.71,627.97,630.44,6852.371,3320.101
2026-08-20 08:00:00,630.45,645,630.35,640.66,39381.445,21154.596
2026-08-20 09:00:00,640.66,645,640.47,642.89,20143.985,10206.269
2026-08-20 10:00:00,642.9,646.72,641.83,644,16899.372,9940.159
2026-08-20 11:00:00,644,649,642.57,645.83,12226.216,6577.141
2026-08-20 12:00:00,645.82,646.19,639.89,643.22,12483.482,5655.653
2026-08-20 13:00:00,643.23,644.94,638.21,641.63,12701.746,5884.536
2026-08-20 14:00:00,641.63,645.2,640.52,642.24,11792.957,6447.931
2026-08-20 15:00:00,642.24,652.63,642.14,652.56,16001.682,9938.642
2026-08-20 16:00:00,652.57,654.21,645.92,653.85,15475.754,6666.28
2026-08-20 17:00:00,653.86,654.59,651.53,653.27,7793.551,3297.322
2026-08-20 18:00:00,653.28,654.12,647.02,647.49,6348.56,2421.177
2026-08-20 19:00:00,647.49,650.93,646.94,650.48,2844.544,1534.749
2026-08-20 20:00:00,650.48,654.29,650.18,653.71,4040.271,1950.193
2026-08-20 21:00:00,653.7,655,652.77,653.93,3638.834,1887.112
2026-08-20 22:00:00,653.93,656,652.27,653.87,5339.005,3068.842
2026-08-20 23:00:00,653.88,658.3,653.7,654.8,5403.705,3235.003
2026-08-21 00:00:00,654.8,658.27,653.24,656.82,10964.898,5043.111
2026-08-21 01:00:00,656.83,666.64,656.21,661.54,20903.25,12583.131
2026-08-21 02:00:00,661.55,663.91,658.87,659.1,10776.101,4875.87
2026-08-21 03:00:00,659.11,662.55,657.21,661.07,7785.955,4654.587
2026-08-21 04:00:00,661.08,662.52,658.59,660.55,7600.254,3448.062
2026-08-21 05:00:00,660.55,664.83,660.11,664.73,9576.721,4613.727
2026-08-21 06:00:00,664.73,673,663.94,666.88,17151.098,10110.002
2026-08-21 07:00:00,666.89,673.73,666.74,669.6,23073.38,12506.492
2026-08-21 08:00:00,669.6,686.15,669.14,685.36,40403.283,19570.61
2026-08-21 09:00:00,685.36,685.59,668,678.26,47494.568,19686.567
2026-08-21 10:00:00,678.26,680.42,675.65,678.37,11802.114,6437.299
2026-08-21 11:00:00,678.37,680.19,671.28,674.44,15775.063,6057.44
2026-08-21 12:00:00,674.44,680.39,673,679.05,11026.23,5367.151
2026-08-21 13:00:00,679.06,680.84,673.81,679.76,13010.9,5355.985
2026-08-21 14:00:00,679.76,680,675.03,678.74,9903.272,4894.608
2026-08-21 15:00:00,678.74,682,678.01,679.11,12463.565,5914.086
2026-08-21 16:00:00,679.11,680.85,674.13,679.53,10275.376,4740.715
2026-08-21 17:00:00,679.53,681.62,676.63,679.1,6135.285,3342.763
2026-08-21 18:00:00,679.11,682.11,673.71,676.6,8345.813,4292.073
2026-08-21 19:00:00,676.61,677.27,672.53,672.96,7028.81,3929.984
2026-08-21 20:00:00,672.96,676.29,671.77,676.28,11961.442,8720.632
2026-08-21 21:00:00,676.29,684.94,675.7,684.93,18829.512,11447.004
2026-08-21 22:00:00,684.93,691.98,683.77,691.18,16265.498,9682.65
2026-08-21 23:00:00,691.19,692,686.06,687,6764.147,3376.045
2026-08-22 00:00:00,687,688.8,681.8,688.6,11691.629,5897.3
2026-08-22 01:00:00,688.6,692.49,685.13,688.24,13342.44,6246.908
2026-08-22 02:00:00,688.25,714.52,688.24,712.4,39564.723,25257.89
2026-08-22 03:00:00,712.41,721.85,710.32,718.11,34309.285,18620.588
2026-08-22 04:00:00,718.11,725.33,714.5,724.64,30126.051,13575.784
2026-08-22 05:00:00,724.64,726.08,683.18,698.61,93400.76,46883.133
2026-08-22 06:00:00,698.62,700.91,692.49,700.81,16566.756,7701.483
2026-08-22 07:00:00,700.81,708.37,698,706.06,23425.582,12920.931
2026-08-22 08:00:00,706.07,710,695.94,698.04,17026.15,8484.785
2026-08-22 09:00:00,698.05,703.98,692.9,697.67,16725.111,9005.524
2026-08-22 10:00:00,697.68,697.91,684.15,690.91,21168.203,10156.154
2026-08-22 11:00:00,690.91,695.5,689.33,694.17,6804.712,3583.298
2026-08-22 12:00:00,694.18,698.1,692.87,694.71,8023.459,4140.192
2026-08-22 13:00:00,694.71,696.09,692.23,695.24,8167.762,5138.592
2026-08-22 14:00:00,695.25,695.87,690,691.92,17179.842,9975.15
2026-08-22 15:00:00,691.91,693.2,688.33,688.45,9930.67,5583.614
2026-08-22 16:00:00,688.46,697.42,688.36,696.43,6572.488,4290.22
2026-08-22 17:00:00,696.44,698.07,694.01,696.15,3360.092,1743.029
2026-08-22 18:00:00,696.16,698.98,696,698.3,3529.271,2053.817
2026-08-22 19:00:00,698.31,699.71,696.6,698.6,2696.883,1648.438
2026-08-22 20:00:00,698.61,700.36,697.25,697.84,4880.671,2484.762
2026-08-22 21:00:00,697.84,697.95,692,692.72,7531.07,3083.575
2026-08-22 22:00:00,692.72,697.07,691.87,693.67,5224.739,2224.353
2026-08-22 23:00:00,693.68,696.28,691.35,695.28,3215.77,1786.836
2026-08-23 00:00:00,695.28,701.79,693.65,700.7,5987.756,3561.933
2026-08-23 01:00:00,700.7,700.79,697.18,698.23,6369.382,3350.737
2026-08-23 02:00:00,698.23,698.23,692.45,694,6821.995,2789.569
2026-08-23 03:00:00,694.01,695.19,688.2,689.31,9810.642,4271.876
2026-08-23 04:00:00,689.32,690.37,681.03,681.99,14007.593,5461.054
2026-08-23 05:00:00,681.99,685.4,676.98,682.92,16435.231,7715.701
2026-08-23 06:00:00,682.93,686.97,680.12,684.91,6646.514,3491.174
2026-08-23 07:00:00,684.92,689,683,683.95,8026.396,4121.529
2026-08-23 08:00:00,683.95,690,683.53,689.04,7186.881,4703.596
2026-08-23 09:00:00,689.04,689.92,687.31,689.13,3519.411,2309.19
2026-08-23 10:00:00,689.13,692.2,689.09,689.85,8418.629,6014.095
2026-08-23 11:00:00,689.85,695.6,689.85,695.16,6914.272,4456.523
2026-08-23 12:00:00,695.16,695.19,692.25,694.32,3332.612,1610.12
2026-08-23 13:00:00,694.33,700,694.03,698.3,8160.166,5286.552
2026-08-23 14:00:00,698.31,699.44,690,695.57,9567.567,4594.843
2026-08-23 15:00:00,695.58,697.44,693.46,695.09,4386.206,2351.329
2026-08-23 16:00:00,695.1,698.97,695.1,698.85,4716.302,2844.187
2026-08-23 17:00:00,698.85,700.19,696.16,697.53,8036.771,4225.611
2026-08-23 18:00:00,697.53,700.28,696.69,699.72,3470.272,2040.568
2026-08-23 19:00:00,699.73,700.3,697.25,698.87,3850.128,1756.61
2026-08-23 20:00:00,698.87,700.12,697.81,700.11,2071.072,1298.691
2026-08-23 21:00:00,700.12,707.27,700.12,703.28,7904.146,4890.202
2026-08-23 22:00:00,703.29,705,700.09,703.15,6505.995,3694.964
2026-08-23 23:00:00,703.15,704.75,699.71,702.37,4436.564,2798.478
2026-08-24 00:00:00,702.37,704.79,698.49,704.79,6428.035,3678.522
2026-08-24 01:00:00,704.8,705,694.8,695.31,8009.359,3218.404
2026-08-24 02:00:00,695.32,701.91,693.26,700.12,6894.809,3925.631
2026-08-24 03:00:00,700.12,700.37,695.65,695.85,4629.379,2285.571
2026-08-24 04:00:00,695.85,698.3,694.57,696.61,3926.96,1903.2
2026-08-24 05:00:00,696.61,700.29,695.83,699.26,4161.484,2195.31
2026-08-24 06:00:00,699.25,700.7,696.7,699.76,3553.843,2116.433
2026-08-24 07:00:00,699.77,703.5,698.09,698.77,7005.418,3226.25
2026-08-24 08:00:00,698.78,698.94,692.94,695.9,6198.825,2463.925
2026-08-24 09:00:00,695.9,699.79,695.48,699.53,5051.294,2247.547
2026-08-24 10:00:00,699.54,701.99,698.35,699.4,6727.384,2930.638
2026-08-24 11:00:00,699.41,707,697.2,703.75,9796.838,5693.775
2026-08-24 12:00:00,703.75,707.32,700.15,705.62,10265.2,4708.437
2026-08-24 13:00:00,705.62,708.16,696.46,699.76,20158.099,11921.995
2026-08-24 14:00:00,699.76,709,699.75,707.05,12724.369,6569.641
2026-08-24 15:00:00,707.05,716.84,703.87,705.89,22126.871,12248.828
2026-08-24 16:00:00,705.89,712.4,704,704.82,10390.078,5535.424
2026-08-24 17:00:00,704.82,706,698.67,702.64,11230.401,5519.497
2026-08-24 18:00:00,702.65,705.36,701.53,702.97,3919.814,1849.155
2026-08-24 19:00:00,702.97,704.33,700.61,702.09,5646.2,3094.97
2026-08-24 20:00:00,702.1,704.28,700.86,703.2,3323.924,1467.379
2026-08-24 21:00:00,703.21,705.29,702.93,703.88,2942.364,1980.262
2026-08-24 22:00:00,703.88,704.16,701.31,701.47,2865.99,1494.646
2026-08-24 23:00:00,701.47,704.5,700.1,704.31,3235.273,1939.507
2026-08-25 00:00:00,704.31,711.28,703.62,710.04,8912.719,4953.395
2026-08-25 01:00:00,710.05,712.43,708.37,710.47,7940.22,5042.068
2026-08-25 02:00:00,710.47,719.18,708.31,714.33,14220.811,8446.928
2026-08-25 03:00:00,714.33,718.63,713.89,715.5,7621.291,4124.172
2026-08-25 04:00:00,715.5,718.06,713.46,714.41,6859.451,3494.179
2026-08-25 05:00:00,714.41,718.56,713.93,716.56,4809.573,2783.391
2026-08-25 06:00:00,716.56,717.52,711.24,713.04,6996.05,3140.871
2026-08-25 07:00:00,713.04,716,702.44,706.31,14191.894,5533.753
2026-08-25 08:00:00,706.31,708.76,703.49,704.28,10372.064,4369.616
2026-08-25 09:00:00,704.28,704.3,697,698.99,11720.183,4205.976
2026-08-25 10:00:00,698.99,700.5,697.3,699.46,10968.456,3940.011
2026-08-25 11:00:00,699.47,700.12,696.61,696.78,7973.158,2878.253
2026-08-25 12:00:00,696.78,698.11,693,697.56,8371.855,3601.445
2026-08-25 13:00:00,697.56,698.28,690.5,694.48,10707.731,4064.157
2026-08-25 14:00:00,694.48,699.61,693.25,698.3,7886.865,4397.863
2026-08-25 15:00:00,698.31,700.42,696.24,700.07,6329.622,3449.009
2026-08-25 16:00:00,700.08,700.64,697.54,698.69,4388.227,1530.558
2026-08-25 17:00:00,698.7,700.6,696.66,700.13,3608.842,1852.153
2026-08-25 18:00:00,700.14,701.43,699.12,699.62,2670.775,1222.811
2026-08-25 19:00:00,699.63,700.09,696.73,698.1,3391.481,1246.459
2026-08-25 20:00:00,698.11,698.4,692.16,692.29,3712.411,1553.697
2026-08-25 21:00:00,692.28,693.53,688,692.82,6297.03,2893.524
2026-08-25 22:00:00,692.82,697.47,692.82,697.11,2462.874,1263.757
2026-08-25 23:00:00,697.12,697.5,693,694.41,2019.929,941.59
2026-08-26 00:00:00,694.42,694.83,691.4,693.6,4437.301,2172.109
2026-08-26 01:00:00,693.61,696.53,693.36,694.67,3751.337,1639.577
2026-08-26 02:00:00,694.68,698.21,693.74,697.67,3395.237,2059.182
2026-08-26 03:00:00,697.67,698.08,694.98,696.04,3407.905,1405.546
2026-08-26 04:00:00,696.04,697.37,694,694.2,2500.052,1345.767
2026-08-26 05:00:00,694.21,696.71,692.6,696.27,3097.1,1837.274
2026-08-26 06:00:00,696.28,697.76,695,697.75,2787.112,1836.925
2026-08-26 07:00:00,697.76,700.19,697.28,698.67,8575.584,5583.956
2026-08-26 08:00:00,698.67,699.28,696.16,697,4143.985,2122.261
2026-08-26 09:00:00,697,699,694.22,695.11,5735.591,2772.439
2026-08-26 10:00:00,695.11,708.06,694.74,706.8,14068.016,8531.927
2026-08-26 11:00:00,706.8,707.74,701.13,702.15,12294.925,5268.624
2026-08-26 12:00:00,702.15,703.96,697.82,701.57,7374.831,3729.766
2026-08-26 13:00:00,701.57,702.22,697,701.3,9207.561,3647.1
2026-08-26 14:00:00,701.31,702.52,693.21,693.84,11464.069,4152.199
2026-08-26 15:00:00,693.84,697.88,692.1,697,7574.243,3946.148
2026-08-26 16:00:00,697.01,698.06,694.8,695.92,4486.244,1549.612
2026-08-26 17:00:00,695.93,702,695.65,699.5,4954.697,3037.456
2026-08-26 18:00:00,699.51,699.81,697.22,698.17,3100.916,1741.433
2026-08-26 19:00:00,698.17,700.74,697.96,699.53,3042.859,1877.425
2026-08-26 20:00:00,699.54,700.38,697.8,698.98,3767.289,2346.408
2026-08-26 21:00:00,698.98,703.41,698.51,703.19,3563.193,2161.134
2026-08-26 22:00:00,703.19,707.5,702.84,704.21,5757.115,3079.373
2026-08-26 23:00:00,704.21,708.39,703.95,707.52,5518.778,3376.422
2026-08-27 00:00:00,707.52,707.6,703.17,703.31,5006.428,2220.402
2026-08-27 01:00:00,703.3,705.48,702.1,704.91,3682.991,2140.481
2026-08-27 02:00:00,704.92,705.53,702.57,702.88,2979.964,978.141
2026-08-27 03:00:00,702.88,704.04,702.31,703.34,3757.359,2157.781
2026-08-27 04:00:00,703.34,704.17,701.05,702.2,3392.255,1400.566
2026-08-27 05:00:00,702.21,705.46,701.48,705.29,3836.656,2119.825
2026-08-27 06:00:00,705.3,705.84,703.22,705.8,2375.08,1215.563
2026-08-27 07:00:00,705.81,707.81,705.06,707.35,3103.237,1851.997
2026-08-27 08:00:00,707.36,712.95,707.29,710.08,12130.398,6553.61
2026-08-27 09:00:00,710.09,715.79,709,712.6,11292.749,6426.643
2026-08-27 10:00:00,712.61,713.83,704.86,707.11,7586.928,3299.764
2026-08-27 11:00:00,707.11,708.51,705.46,706.72,5617.698,2995.242
2026-08-27 12:00:00,706.72,707.44,705.07,705.66,4250.813,2272.378
2026-08-27 13:00:00,705.65,708.85,704.86,708.67,9464.579,4897.781
2026-08-27 14:00:00,708.66,711.76,705.8,710.01,8225.852,4473.091
2026-08-27 15:00:00,710.01,713.74,709.33,711.35,6453.379,3786.597
2026-08-27 16:00:00,711.35,713.51,710.86,711.94,7249.752,3502.29
2026-08-27 17:00:00,711.94,714.18,709.74,710.88,4660.603,2564.504
2026-08-27 18:00:00,710.88,711.02,706.66,710.66,5043.903,2852.991
2026-08-27 19:00:00,710.67,711.79,709.66,709.91,2229.934,969.909
2026-08-27 20:00:00,709.92,710.66,708.89,709.98,1396.904,650.502
2026-08-27 21:00:00,709.98,710.66,709.2,710.59,3291.956,1638.463
2026-08-27 22:00:00,710.59,712.7,710.59,712.42,2300.396,1194.584
2026-08-27 23:00:00,712.42,712.71,711.66,711.85,1884.407,984.096
2026-08-28 00:00:00,711.84,714.79,711,712.85,5159.189,2981.933
2026-08-28 01:00:00,712.85,719.99,712.47,713.78,15284.218,8697.432
2026-08-28 02:00:00,713.78,714.15,706.21,707.8,7163.038,2514.758
2026-08-28 03:00:00,707.81,711.27,706.87,709.42,3106.677,1901.655
2026-08-28 04:00:00,709.42,710.96,707.1,709.33,2735.826,1188.904
2026-08-28 05:00:00,709.33,713,708.32,711.99,3654.31,2269.538
2026-08-28 06:00:00,711.99,714.15,711.98,712.66,2289.638,1076.89
2026-08-28 07:00:00,712.67,712.8,706.22,706.92,5699.532,1621.521
2026-08-28 08:00:00,706.93,709.51,705.14,705.37,6517.183,1922.812
2026-08-28 09:00:00,705.37,706.56,704.27,704.37,5105.942,2104.128
2026-08-28 10:00:00,704.38,707,702.82,706.8,4347.881,1972.533
2026-08-28 11:00:00,706.8,707.94,705.81,706.11,2620.476,1507.331
2026-08-28 12:00:00,706.11,707.03,704.35,705.19,3018.626,1246.24
2026-08-28 13:00:00,705.19,706,703.3,704.75,5439.951,2789.048
2026-08-28 14:00:00,704.73,707.49,696,704.53,17139.608,8362.3
2026-08-28 15:00:00,704.54,705.94,695.95,696.11,8414.648,3998.548
2026-08-28 16:00:00,696.11,696.43,686.31,693.27,18052.778,6866.773
2026-08-28 17:00:00,693.26,696.32,692.58,693.57,4492.066,2319.356
2026-08-28 18:00:00,693.57,693.6,685.39,688.07,14000.824,8215.296
2026-08-28 19:00:00,688.08,690.37,688.03,688.83,2437.334,1567.183
2026-08-28 20:00:00,688.83,689.55,688,688.27,1825.059,989.769
2026-08-28 21:00:00,688.28,689.15,686.72,687.3,2235.798,888.253
2026-08-28 22:00:00,687.3,690.72,686.89,689.8,3478.078,1973.127
2026-08-28 23:00:00,689.8,691.5,689.54,691.47,2464.115,1592.256
2026-08-29 00:00:00,691.47,692.45,690.89,690.89,2532.615,1318.797
2026-08-29 01:00:00,690.9,691.81,690.37,690.92,2055.211,1223.715
2026-08-29 02:00:00,690.93,691.37,689.49,690.35,4044.97,1707.775
2026-08-29 03:00:00,690.36,690.65,688.5,688.51,2758.153,1010.138
2026-08-29 04:00:00,688.5,690.39,688,690.18,4353.021,2629.33
2026-08-29 05:00:00,690.18,691.28,690.17,690.91,1897.16,1096.315
2026-08-29 06:00:00,690.91,690.97,687.09,687.51,2985.651,1189.321
2026-08-29 07:00:00,687.51,688.18,686.97,688.16,2149.758,1111.005
2026-08-29 08:00:00,688.16,688.71,687.16,688.07,2430.987,1192.156
2026-08-29 09:00:00,688.07,688.88,687.47,688.64,3477.591,2056.505
2026-08-29 10:00:00,688.64,689.82,688,688.86,2355.247,1189.918
2026-08-29 11:00:00,688.86,689.6,688.58,689.35,2594.138,1317.915
2026-08-29 12:00:00,689.35,689.73,687.39,688.34,4597.831,2427.334
2026-08-29 13:00:00,688.34,688.71,687.63,688.64,1781.469,985.014
2026-08-29 14:00:00,688.65,692.53,688.41,691.87,4061.991,2220.764
2026-08-29 15:00:00,691.88,691.97,690.06,690.86,2719.446,1829.153
2026-08-29 16:00:00,690.87,692.5,690.64,691.24,2702.789,1762.862
2026-08-29 17:00:00,691.24,692.21,690.38,690.83,2204.439,1173.173
2026-08-29 18:00:00,690.84,694,690.83,693.58,3766.549,2698.561
2026-08-29 19:00:00,693.59,694.36,692.94,693.46,2244.226,1322.585
2026-08-29 20:00:00,693.46,693.76,692.25,692.8,1578.717,988.313
2026-08-29 21:00:00,692.81,693.2,692.35,692.53,998.397,548.087
2026-08-29 22:00:00,692.54,693.44,692.21,693.16,1714.016,791.939
2026-08-29 23:00:00,693.17,693.37,692.06,692.58,1788.149,948.161
2026-08-30 00:00:00,692.58,693.35,692,692.25,1461.215,765.589
2026-08-30 01:00:00,692.25,692.87,690.6,691.73,4307.377,2126.97
2026-08-30 02:00:00,691.74,695.39,691.44,693.74,6146.178,4167.487
2026-08-30 03:00:00,693.74,695.56,693.65,694.57,2347.69,1295.222
2026-08-30 04:00:00,694.58,695.29,692.42,693.7,1701.248,865.5
2026-08-30 05:00:00,693.7,694.65,693.7,694.5,1372.336,789.621
2026-08-30 06:00:00,694.5,694.59,693.48,694.59,2445.11,1072.078
2026-08-30 07:00:00,694.59,695.19,693,693.2,2313.311,1105.42
2026-08-30 08:00:00,693.21,694.81,692.33,694.12,4115.186,2637.263
2026-08-30 09:00:00,694.12,696.25,691.43,691.84,4395.669,2368.587
2026-08-30 10:00:00,691.84,692.38,691.53,692.35,1948.018,1176.274
2026-08-30 11:00:00,692.35,694,692.29,692.8,4497.407,2339.148
2026-08-30 12:00:00,692.8,696.48,692.79,696.41,5256.091,3635.315
2026-08-30 13:00:00,696.41,700,695.19,699.36,7003.554,3979.497
2026-08-30 14:00:00,699.35,699.6,697.41,698.65,3057.421,1594.548
2026-08-30 15:00:00,698.66,699.8,696.65,699.41,4464.926,2564.533
2026-08-30 16:00:00,699.42,704.04,698.92,703.73,8365.375,5606.446
2026-08-30 17:00:00,703.73,703.73,698.19,700.93,3976.563,2025.564
2026-08-30 18:00:00,700.93,702.57,699.68,701.78,1488.815,932.978
2026-08-30 19:00:00,701.78,701.78,698.29,699.58,1555.874,716.562
2026-08-30 20:00:00,699.59,700.35,696.54,697.61,2743.725,1361.576
2026-08-30 21:00:00,697.61,697.61,693.49,696.9,4361.453,1766.194
2026-08-30 22:00:00,696.9,697.91,692.53,693.78,2393.628,1225.885
2026-08-30 23:00:00,693.78,693.78,679.09,684.74,14458.707,4753.888
2026-08-31 00:00:00,684.73,688.5,682.4,686.28,5986.585,3416.986
2026-08-31 01:00:00,686.28,686.68,682.6,683,4492.721,2007.003
2026-08-31 02:00:00,683.01,685.8,682.29,683.29,3712.917,1952.817
2026-08-31 03:00:00,683.3,686.88,682.86,685.39,5393.322,2734.235
2026-08-31 04:00:00,685.4,685.49,682.8,683.42,4750.767,2098.092
2026-08-31 05:00:00,683.43,687.27,683.05,686.64,4545.731,2657.924
2026-08-31 06:00:00,686.65,687.92,685.89,686.64,2898.66,1489.134
2026-08-31 07:00:00,686.65,688.18,685.99,686.81,5828.39,2083.961
2026-08-31 08:00:00,686.82,688.25,684.93,687.69,5076.706,2474.419
2026-08-31 09:00:00,687.69,689.74,686.29,686.43,6128.73,3176.406
2026-08-31 10:00:00,686.43,689.71,685.49,689.19,4313.9,2245.144
2026-08-31 11:00:00,689.2,689.2,686.85,687.21,3203.732,1437.3
2026-08-31 12:00:00,687.22,689.27,684.44,686.3,4196.233,2165.285
2026-08-31 13:00:00,686.31,687.74,685.23,685.54,3940.276,2171.885
2026-08-31 14:00:00,685.55,691.51,685,690.84,4872.675,3185.159
2026-08-31 15:00:00,690.85,691.5,688,689.67,3798.005,2083.472
2026-08-31 16:00:00,689.67,690.76,688.05,689.19,2931.538,1342.488
2026-08-31 17:00:00,689.2,693.21,688.75,692.87,3803.332,1888.597
2026-08-31 18:00:00,692.88,694.54,692,692.86,2882.769,1640.904
2026-08-31 19:00:00,692.86,694.73,691.44,691.65,3347.592,2074.161
2026-08-31 20:00:00,691.65,693.11,690.09,691.33,1833.784,766.532
2026-08-31 21:00:00,691.33,692.94,690.37,692.65,1661.155,1053.683
2026-08-31 22:00:00,692.65,693.06,690.66,691.05,933.935,431.932
2026-08-31 23:00:00,691.05,691.44,690.01,691.44,1473.94,834.718
2026-09-01 00:00:00,691.44,694.2,691.22,693.28,3381.14,2392.053
2026-09-01 01:00:00,693.29,694.1,690.67,691.6,2243.061,1094.164
2026-09-01 02:00:00,691.61,692.48,690.16,692.4,2047.94,955.377
2026-09-01 03:00:00,692.4,694.83,692.19,693.46,4253.44,2905.388
2026-09-01 04:00:00,693.46,694.2,692.03,692.32,2614.248,1266.381
2026-09-01 05:00:00,692.31,694.38,691.38,693.95,3939.01,1806.87
2026-09-01 06:00:00,693.95,693.95,690.14,690.45,4421.968,2158.771
2026-09-01 07:00:00,690.45,690.78,688.9,690.47,5380.882,2075.562
2026-09-01 08:00:00,690.47,690.75,685.95,686.33,4877.122,1984.227
2026-09-01 09:00:00,686.34,686.82,685.43,686.02,5139.475,2405.589
2026-09-01 10:00:00,686.02,688.5,685.6,686.61,3396.897,1427.553
2026-09-01 11:00:00,686.62,688.15,685.85,687.35,3203.796,1427.908
2026-09-01 12:00:00,687.36,687.51,684.74,686.7,2654.295,1307.836
2026-09-01 13:00:00,686.7,687.44,683.52,687.19,5112.296,2062.271
2026-09-01 14:00:00,687.19,688.81,686.9,687.31,3227.233,1517.845
2026-09-01 15:00:00,687.31,687.6,685.01,686.88,3071.317,1439.048
2026-09-01 16:00:00,686.87,687,682.74,684.01,3753.314,1492.633
2026-09-01 17:00:00,684.01,686.08,682.82,682.95,3366.094,1540.673
2026-09-01 18:00:00,682.95,683.35,674.6,679.48,11216.793,4228.191
2026-09-01 19:00:00,679.49,681.57,679.25,679.89,2141.409,1167.979
2026-09-01 20:00:00,679.89,681.27,679.25,681.02,2910.673,2027.607
2026-09-01 21:00:00,681.02,681.55,677.54,680.64,2683.624,1472.397
2026-09-01 22:00:00,680.64,681.4,679.26,680.99,1700.795,990.091
2026-09-01 23:00:00,680.99,683.99,680.5,683,2926.276,1795.305
2026-09-02 00:00:00,683,687.48,682.38,683.97,10490.948,5579.334
2026-09-02 01:00:00,683.97,685.16,679.74,682.71,6766.082,4135.17
2026-09-02 02:00:00,682.71,685.83,681.56,685.5,3644.424,1936.07
2026-09-02 03:00:00,685.5,689.71,685.35,687.62,5037.153,2797.041
2026-09-02 04:00:00,687.62,687.83,685.97,687.83,3573.256,2239.734
2026-09-02 05:00:00,687.83,689.72,686.41,689.1,4667.935,2468.912
2026-09-02 06:00:00,689.1,689.5,686.91,688.26,5248.712,2553.693
2026-09-02 07:00:00,688.26,689.24,687.63,687.71,2038.955,1026.809
2026-09-02 08:00:00,687.71,688.1,682.61,683.57,3217.475,1013.272
2026-09-02 09:00:00,683.57,686.75,681.75,683.54,5892.33,3399.268
2026-09-02 10:00:00,683.54,684,680.41,683.01,4360.596,2415.539
2026-09-02 11:00:00,683.01,684.21,680.96,683.84,5242.005,2791.834
2026-09-02 12:00:00,683.84,685.71,682.86,683.16,2740.628,1223.794
2026-09-02 13:00:00,683.17,689.52,683.16,687.47,6201.473,3678.949
2026-09-02 14:00:00,687.47,689.21,686.04,686.06,5283.196,2963.194
2026-09-02 15:00:00,686.07,688,683.8,687.61,4815.878,2258.974
2026-09-02 16:00:00,687.62,689,686.1,686.1,5860.407,3479.706
2026-09-02 17:00:00,686.11,687.94,684.65,687.73,3832.142,1859.136
2026-09-02 18:00:00,687.73,687.98,686,687.14,2461.305,1422.994
2026-09-02 19:00:00,687.15,687.95,685.45,686.61,2330.18,1116.662
2026-09-02 20:00:00,686.61,688,686.3,687.52,2525.959,1181.22
2026-09-02 21:00:00,687.52,688.54,687.1,687.12,2360.644,823.372
2026-09-02 22:00:00,687.12,687.32,685.45,686.18,1137.324,574.522
2026-09-02 23:00:00,686.19,688.99,685.73,688.84,1591.352,1068.365
2026-09-03 00:00:00,688.82,689.92,686.67,687.3,2329.889,1269.908
2026-09-03 01:00:00,687.29,692.07,686.24,690.1,4854.102,2851.463
2026-09-03 02:00:00,690.09,695,689.8,694.26,3474.65,2299.245
2026-09-03 03:00:00,694.26,694.33,691.75,692.6,2983.035,1405.747
2026-09-03 04:00:00,692.6,694.73,691.94,694.73,3028.57,1780.533
2026-09-03 05:00:00,694.73,695.48,689.77,695.37,3555.401,2000.93
2026-09-03 06:00:00,695.37,698.71,694.8,697.75,4903.764,3272.234
2026-09-03 07:00:00,697.75,699.45,696.9,697.96,5962.675,3720.603
2026-09-03 08:00:00,697.96,703.25,697.95,701.26,8307.209,5010.123
2026-09-03 09:00:00,701.27,703.06,700.43,700.79,4182.107,1990.581
2026-09-03 10:00:00,700.78,705.99,700.51,705.27,8888.125,5028.152
2026-09-03 11:00:00,705.28,715.57,704.86,711.43,20214.87,11752.024
2026-09-03 12:00:00,711.43,715.14,710.51,713.73,8670.726,4699.721
2026-09-03 13:00:00,713.72,714.72,708.66,711.66,10230.608,4737.836
2026-09-03 14:00:00,711.66,722.65,711,722.26,17356.763,10909.813
2026-09-03 15:00:00,722.26,728,718.34,727.56,17038.999,9437.142
2026-09-03 16:00:00,727.62,727.98,718.82,722.02,12117.25,4604.31
2026-09-03 17:00:00,722.03,722.79,719.67,721.9,6565.29,3118.262
2026-09-03 18:00:00,721.9,723.11,719.97,722.31,3713.564,1645.067
2026-09-03 19:00:00,722.3,725,721.3,724.59,3834.903,2086.827
2026-09-03 20:00:00,724.6,724.93,722.43,724.16,3346.226,1739.838
2026-09-03 21:00:00,724.17,727.58,723.32,724.97,3814.336,2127.649
2026-09-03 22:00:00,724.97,725.52,720.58,723.65,4380.649,2172.539
2026-09-03 23:00:00,723.65,725.43,723.31,725.22,2876.872,1551.187
2026-09-04 00:00:00,725.22,729.9,721.54,721.66,9514.094,5587.811
2026-09-04 01:00:00,721.66,723.78,718.22,722.3,9581.863,4639.409
2026-09-04 02:00:00,722.3,724.32,720.27,724.2,3895.914,2112.68
2026-09-04 03:00:00,724.21,725.19,723.51,723.54,3976.507,1932.552
2026-09-04 04:00:00,723.54,729.36,723.53,726.01,6626.896,3650.417
2026-09-04 05:00:00,726.02,726.62,723.13,724.83,4889.54,2456.28
2026-09-04 06:00:00,724.83,725.39,719.81,720.35,4746.048,2054.205
2026-09-04 07:00:00,720.35,722.45,714.11,714.5,10624.686,3825.032
2026-09-04 08:00:00,714.51,719.49,713.75,719.08,7565.082,3761.634
2026-09-04 09:00:00,719.08,720.78,717.3,718.8,5149.15,2812.032
2026-09-04 10:00:00,718.81,722.52,715.98,722.52,5482.642,2981.421
2026-09-04 11:00:00,722.52,725.05,721.86,724.39,5075.232,2268.486
2026-09-04 12:00:00,724.4,727.35,710.52,715.2,25301.924,11072.187
2026-09-04 13:00:00,715.2,718.72,712.02,715.16,9707.629,4900.729
2026-09-04 14:00:00,715.16,716.5,708.88,711.68,9677.923,4585.273
2026-09-04 15:00:00,711.68,717.79,710.64,716.64,5007.362,2857.686
2026-09-04 16:00:00,716.64,721.5,716.02,719.45,6977.506,4089.47
2026-09-04 17:00:00,719.45,719.56,716.59,716.9,3714.701,1283.318
2026-09-04 18:00:00,716.9,719.08,716.46,718.91,2832.917,1388.426
2026-09-04 19:00:00,718.92,721.41,718.92,720.1,2467.96,1502.241
2026-09-04 20:00:00,720.1,721.17,718.16,718.18,2243.706,1056.138
2026-09-04 21:00:00,718.18,719.26,716.48,717.42,2032.289,973.63
2026-09-04 22:00:00,717.42,719.12,717.42,718.69,1210.174,652.458
2026-09-04 23:00:00,718.69,721.51,718.45,721.37,2083.332,1052.025
2026-09-05 00:00:00,721.38,722,719.49,719.69,4208.1,1543.428
2026-09-05 01:00:00,719.7,723.71,719.49,720.32,3517.042,1858.069
2026-09-05 02:00:00,720.32,721.8,719.8,720.86,4354.114,2166.588
2026-09-05 03:00:00,720.87,725,720.8,723.51,4170.836,2851.697
2026-09-05 04:00:00,723.52,723.52,721.02,721.43,2986.967,1229.08
2026-09-05 05:00:00,721.43,722.89,720.69,722.53,2650.996,1473.671
2026-09-05 06:00:00,722.53,727.71,721.56,727.16,7005.069,4649.402
2026-09-05 07:00:00,727.16,739.46,726.39,738.25,25597.204,14999.654
2026-09-05 08:00:00,738.25,752.46,738.16,749.75,49088.125,28118.788
2026-09-05 09:00:00,749.76,751.75,743.91,747.5,26288.717,10465.292
2026-09-05 10:00:00,747.5,750.73,746.56,748.14,10488.047,4939.725
2026-09-05 11:00:00,748.13,756.88,745.81,747.85,15655.86,8295.643
2026-09-05 12:00:00,747.85,766.77,747.84,763.16,29327.513,18407.341
2026-09-05 13:00:00,763.16,767.76,758.94,760.91,26804.006,12377.909
2026-09-05 14:00:00,760.91,770,760.16,769.87,34373.917,21261.951
2026-09-05 15:00:00,769.87,772.31,765.61,769.99,14628.375,7777.186
2026-09-05 16:00:00,769.99,777.39,767.71,773.51,22120.035,10685.235
2026-09-05 17:00:00,773.52,780.64,773.52,776.17,18845.2,10545.574
2026-09-05 18:00:00,776.17,779,775.02,776.81,5498.823,2713.489
2026-09-05 19:00:00,776.81,779.77,773.17,773.42,7378.843,3611.574
2026-09-05 20:00:00,773.42,774.03,769.69,770.32,7300.118,3036.913
2026-09-05 21:00:00,770.33,772.25,769.52,771.3,3370.019,1781.102
2026-09-05 22:00:00,771.31,771.99,769.03,770.49,3117.971,1367.85
2026-09-05 23:00:00,770.49,770.92,763.47,766.53,8718.572,3866.479
2026-09-06 00:00:00,766.52,769,765.97,766.87,4966.464,2831.708
2026-09-06 01:00:00,766.87,768.52,763.34,765.29,11606.042,5706.361
2026-09-06 02:00:00,765.29,765.94,759.76,764,14052.871,5906.82
2026-09-06 03:00:00,764,765.99,763.58,764.87,3979.438,2019.567
2026-09-06 04:00:00,764.87,765.26,761.68,762.9,3777.573,1853.309
2026-09-06 05:00:00,762.91,764.46,760.8,761.82,6756.981,3832.889
2026-09-06 06:00:00,761.82,763.56,758.96,760.21,8908.967,5015.84
2026-09-06 07:00:00,760.21,760.93,753.96,756.62,13131.213,5681.888
2026-09-06 08:00:00,756.62,757.46,753.99,757.01,9515.831,5173.794
2026-09-06 09:00:00,757.01,758.99,756.52,757.64,4902.869,2549.805
2026-09-06 10:00:00,757.64,758.49,756.29,757.55,4478.486,2555.151
2026-09-06 11:00:00,757.56,758.77,756.62,758.24,5185.061,3032.337
2026-09-06 12:00:00,758.24,758.51,754.23,755.62,7243.775,2852.16
2026-09-06 13:00:00,755.62,755.66,749.93,751,16912.144,7075.745
2026-09-06 14:00:00,751,751,740.93,741.74,18220.427,7884.313
2026-09-06 15:00:00,741.75,746.19,740.24,745.97,7790.377,4994.205
2026-09-06 16:00:00,745.98,748.82,745.05,747.77,5367.4,2966.996
2026-09-06 17:00:00,747.77,748.55,746.66,748.24,3270.697,1333.46
2026-09-06 18:00:00,748.25,750,747.58,749.65,5041.987,2355.49
2026-09-06 19:00:00,749.65,750.47,748.6,749.18,2110.661,1083.813
2026-09-06 20:00:00,749.18,751.77,748.94,751.51,2977.967,1794.227
2026-09-06 21:00:00,751.51,753.87,751.1,751.48,5398.258,2779.848
2026-09-06 22:00:00,751.49,751.85,748.38,751.53,4922.84,2767.8
2026-09-06 23:00:00,751.53,754.93,751.19,753,6292.951,2944.12
2026-09-07 00:00:00,753.01,756.43,750.09,750.5,8281.461,3701.137
2026-09-07 01:00:00,750.51,751.13,745.73,748.69,5677.079,2467.16
2026-09-07 02:00:00,748.7,755.91,747.28,748.51,6118.384,3133.023
2026-09-07 03:00:00,748.51,750.24,744.89,746.31,6829.805,2727.778
2026-09-07 04:00:00,746.32,747.57,745.5,747.16,3720.2,2163.339
2026-09-07 05:00:00,747.15,750.2,746.78,748.54,3161.144,1823.946
2026-09-07 06:00:00,748.54,749.19,745.03,745.48,3956.64,1656.41
2026-09-07 07:00:00,745.49,745.62,740.26,743.87,7185.479,3174.656
2026-09-07 08:00:00,743.88,745.46,743.88,745.17,4317.572,2131.444
2026-09-07 09:00:00,745.18,746.92,742.52,742.81,6841.601,3227.667
2026-09-07 10:00:00,742.81,744.94,742.59,743.7,5083.96,2778.798
2026-09-07 11:00:00,743.71,744.95,743.28,744.95,3697.671,1746.518
2026-09-07 12:00:00,744.95,747.37,744.56,747.14,4908.675,2312.065
2026-09-07 13:00:00,747.14,747.68,744.06,745.63,8226.388,3622.611
2026-09-07 14:00:00,745.63,745.89,741,743.57,4975.976,2144.774
2026-09-07 15:00:00,743.57,743.57,733,734.6,15418.805,5008.606
2026-09-07 16:00:00,734.6,740,734.51,739.9,6385.504,4029.128
2026-09-07 17:00:00,739.9,741.56,739.25,740.76,2785.248,1480.492
2026-09-07 18:00:00,740.76,741.3,738.6,739.84,2418.885,1128.82
2026-09-07 19:00:00,739.84,742.17,739,741.9,1588.956,964.354
2026-09-07 20:00:00,741.91,741.99,738.56,740.18,2293.768,947.955
2026-09-07 21:00:00,740.19,740.25,738.67,739.34,2265.85,1236.239
2026-09-07 22:00:00,739.34,739.92,736.06,738.36,2402.671,1163.374
2026-09-07 23:00:00,738.37,740.96,738.31,739.98,1966.483,1094.905
2026-09-08 00:00:00,739.98,741.5,738.36,740.62,3108.652,1716.058
2026-09-08 01:00:00,740.62,743,740.2,742.55,3062.232,1719.565
2026-09-08 02:00:00,742.55,743.56,738.49,738.5,4356.434,2153.452
2026-09-08 03:00:00,738.5,745.24,737.01,742.91,7044.143,3717.263
2026-09-08 04:00:00,742.91,746.88,741.7,745.56,8705.947,4331.853
2026-09-08 05:00:00,745.55,754.46,743.8,750.94,16617.301,8463.295
2026-09-08 06:00:00,750.95,751.35,745.14,747.57,9418.313,4791.797
2026-09-08 07:00:00,747.57,757.58,747.51,754.66,13303.54,7390.404
2026-09-08 08:00:00,754.66,761.39,753.48,754.97,18950.372,8913.528
2026-09-08 09:00:00,754.96,757.11,750.23,754.78,11260.697,5128.769
2026-09-08 10:00:00,754.78,758.13,753.57,756.24,9594.934,5321.229
2026-09-08 11:00:00,756.24,756.75,750.3,752.28,11940.745,6100.35
2026-09-08 12:00:00,752.3,752.92,749.39,751.83,8370.121,4003.021
2026-09-08 13:00:00,751.84,753.01,742.33,747.03,13380.956,5262.487
2026-09-08 14:00:00,747.02,751.57,746.04,750.68,8669.863,4745.984
2026-09-08 15:00:00,750.69,757.03,749.31,756.35,9613.578,5852.076
2026-09-08 16:00:00,756.36,757.96,753.35,755.7,4918.913,2146.404
2026-09-08 17:00:00,755.71,756.5,751.92,751.97,3378.619,1437.739
2026-09-08 18:00:00,751.98,754.27,747.56,749.29,2918.75,1393.605
2026-09-08 19:00:00,749.29,750.29,747.53,748.88,4463.162,2060.824
2026-09-08 20:00:00,748.88,751.66,748.87,750.97,4415.155,2257.076
2026-09-08 21:00:00,750.99,753.37,750.99,751.81,4258.049,2329.029
2026-09-08 22:00:00,751.81,754.83,750.81,754.73,1992.096,1161.458
2026-09-08 23:00:00,754.73,754.96,752.02,752.02,1936.953,913.749
2026-09-09 00:00:00,752.03,756.66,751.91,754.49,5098.225,2465.485
2026-09-09 01:00:00,754.49,756,750.2,754.6,4445.822,2318.948
2026-09-09 02:00:00,754.6,754.91,751.27,751.66,6387.718,3089.512
2026-09-09 03:00:00,751.67,751.67,747.12,749.55,4560.879,2498.569
2026-09-09 04:00:00,749.56,755.36,749.55,754.63,5666.787,3190.246
2026-09-09 05:00:00,754.63,755.18,750.29,751.63,4722.307,2072.449
2026-09-09 06:00:00,751.64,756.2,751.06,754.75,4544.29,2323.678
2026-09-09 07:00:00,754.76,757.56,752.69,754.47,5566.415,2717.691
2026-09-09 08:00:00,754.48,757.78,753.8,757.49,6129.122,3293.935
2026-09-09 09:00:00,757.49,757.76,750.81,751.15,5952.66,2903.141
2026-09-09 10:00:00,751.16,752.31,749.3,750.67,6447.106,2824.062
2026-09-09 11:00:00,750.68,751.57,747.75,750.24,6820.049,3039.601
2026-09-09 12:00:00,750.24,751.69,749.69,750.46,6573.424,3309.46
2026-09-09 13:00:00,750.46,751.16,745,745.37,10579.487,4057.954
2026-09-09 14:00:00,745.37,746.83,741.42,743.6,16166.91,7213.498
2026-09-09 15:00:00,743.61,746.21,735,739.11,16425.209,7365.703
2026-09-09 16:00:00,739.11,741.9,737.91,740.75,5972.793,3056.379
2026-09-09 17:00:00,740.76,742.31,740.1,741.44,3788.989,1869.826
2026-09-09 18:00:00,741.44,741.61,739.66,740.01,2293.858,1202.551
2026-09-09 19:00:00,740.01,741.73,736.49,737.24,3322.624,1696.293
2026-09-09 20:00:00,737.25,738.17,732.29,733.91,8419.798,3019.012
2026-09-09 21:00:00,733.91,733.91,722.41,725.55,15960.336,5607.742
2026-09-09 22:00:00,725.55,726.23,717.61,719.09,15294.965,6322.766
2026-09-09 23:00:00,719.1,723.89,718.86,722.64,4910.452,3048.718
2026-09-10 00:00:00,722.64,724.43,720.64,720.95,6189.354,3327.561
2026-09-10 01:00:00,720.96,724.74,716.18,720.99,9485.997,3956.1
2026-09-10 02:00:00,720.99,725.29,720.66,725.29,4886.305,2775.706
2026-09-10 03:00:00,725.29,726.36,723.12,723.65,5706.34,2205.271
2026-09-10 04:00:00,723.65,723.96,721.98,722.66,5161.948,2518.47
2026-09-10 05:00:00,722.66,723.7,720.91,723.49,6149.103,2999.381
2026-09-10 06:00:00,723.5,723.53,718.37,721.08,8039.569,2521.424
2026-09-10 07:00:00,721.09,721.17,715.45,719.09,8424.575,3090.927
2026-09-10 08:00:00,719.1,719.77,718.27,718.5,4772.667,2390.539
2026-09-10 09:00:00,718.51,719.24,715.68,717.5,4527.593,2188.161
2026-09-10 10:00:00,717.51,718.74,716.42,717.03,3978.879,1586.616
2026-09-10 11:00:00,717.04,719.11,715.68,716.46,5348.978,2519.121
2026-09-10 12:00:00,716.46,718.12,703.62,705.66,32713.261,10020.542
2026-09-10 13:00:00,705.67,711,705.11,710.52,12921.346,5763.441
2026-09-10 14:00:00,710.53,712,706.96,710.02,8793.344,3900.091
2026-09-10 15:00:00,710.03,710.55,706.5,707.94,7521.038,3125.901
2026-09-10 16:00:00,707.95,709.15,704.5,708.31,9052.975,4391.369
2026-09-10 17:00:00,708.31,713.62,707.89,712.79,8816.941,4430.893
2026-09-10 18:00:00,712.79,713.96,710.31,713.95,5067.889,1259.747
2026-09-10 19:00:00,713.96,715.99,713.19,714.38,4466.386,2106.178
2026-09-10 20:00:00,714.38,716.27,713.9,715.01,2745.157,1748.945
2026-09-10 21:00:00,715.01,715.4,713.84,714.37,2384.779,1286.669
2026-09-10 22:00:00,714.38,715.77,711.45,711.98,3557.927,2001.051
2026-09-10 23:00:00,711.99,713.08,708.4,708.72,5860.278,2614.124
2026-09-11 00:00:00,708.72,713.5,708.72,713.49,3621.605,1816.025
2026-09-11 01:00:00,713.5,714.85,710.7,713.5,3447.011,1848.1
2026-09-11 02:00:00,713.51,713.62,710,711.18,3389.237,1508.672
2026-09-11 03:00:00,711.18,712.42,710.15,712.1,2765.232,1423.772
2026-09-11 04:00:00,712.11,717.31,711.99,716.65,4369.413,2562.987
2026-09-11 05:00:00,716.65,717.44,715.34,716.76,4135.61,1927.515
2026-09-11 06:00:00,716.77,717.22,714.37,715.31,2874.211,1164.483
2026-09-11 07:00:00,715.31,716.09,713.05,713.85,4331.514,1486.499
2026-09-11 08:00:00,713.85,716.21,712.62,714.11,3628.463,1614.419
2026-09-11 09:00:00,714.11,714.56,711.19,713.04,4184.023,2063.066
2026-09-11 10:00:00,713.04,715,712.4,712.73,2866.259,1311.588
2026-09-11 11:00:00,712.72,713.38,710.5,713.31,3036.038,1390.106
2026-09-11 12:00:00,713.32,725,706.5,723.82,20706.079,10952.577
2026-09-11 13:00:00,723.82,738.53,717.14,737.01,30914.652,15834.456
2026-09-11 14:00:00,737.02,741.61,729.9,733.1,24484.049,11989.878
2026-09-11 15:00:00,733.1,740.38,726.48,728.58,15452.16,8526.862
2026-09-11 16:00:00,728.58,733.51,727.22,730.49,8382.668,4583.644
2026-09-11 17:00:00,730.49,731.13,726.63,727.53,3603.082,1355.856
2026-09-11 18:00:00,727.53,728.08,720.79,722.38,6535.363,2753.415
2026-09-11 19:00:00,722.39,726.69,721.38,725.08,2887.8,1569.602
2026-09-11 20:00:00,725.08,727.66,724.41,726.23,2926.916,1426.528
2026-09-11 21:00:00,726.23,727.5,722.99,723.3,1932.735,839.579
2026-09-11 22:00:00,723.3,725.71,721.95,724.47,3740.342,1853.655
2026-09-11 23:00:00,724.47,727.67,723.97,726.75,2828.499,1662.703
2026-09-12 00:00:00,726.76,728.48,726.18,726.75,2433.65,1185.228
2026-09-12 01:00:00,726.76,731.13,726.1,730.29,4963.968,3266.072
2026-09-12 02:00:00,730.28,731.9,729.36,731.75,3443.577,1825.058
2026-09-12 03:00:00,731.75,736.26,731.74,733.49,7812.441,4430.237
2026-09-12 04:00:00,733.5,735.35,733.06,733.65,3174.266,1889.597
2026-09-12 05:00:00,733.65,735.27,732.03,732.94,4006.858,1791.309
2026-09-12 06:00:00,732.94,733.52,731.6,731.81,3180.329,1315.909
2026-09-12 07:00:00,731.8,734.53,731.75,733.6,2681.794,1695.466
2026-09-12 08:00:00,733.6,734.96,732.6,734.93,2895.492,1216.216
2026-09-12 09:00:00,734.94,736.92,734.41,735.29,4111.058,2034.182
2026-09-12 10:00:00,735.3,739.89,735.23,737.85,6231.628,3827.127
2026-09-12 11:00:00,737.85,738.15,736,736.71,3274.368,1087.32
2026-09-12 12:00:00,736.7,737.43,735.62,736.27,2245.392,1110.822
2026-09-12 13:00:00,736.26,736.88,734.92,736.67,4569.621,2542.267
2026-09-12 14:00:00,736.67,736.84,734.71,735.75,3530.493,1610.177
2026-09-12 15:00:00,735.75,737.12,735.11,735.19,4354.687,2383.817
2026-09-12 16:00:00,735.19,735.32,731.85,732.11,5497.598,1425.112
2026-09-12 17:00:00,732.11,732.42,730.33,730.94,2418.991,1042.55
2026-09-12 18:00:00,730.94,730.95,728.97,729.31,2466.584,1302.454
2026-09-12 19:00:00,729.32,729.48,725.06,726.18,5320.962,3057.556
2026-09-12 20:00:00,726.18,727.22,725.32,726.43,1540.314,632.686
2026-09-12 21:00:00,726.44,727.25,726.33,726.5,1153.965,559.302
2026-09-12 22:00:00,726.5,727.32,725.51,726.24,1258.347,694.865
2026-09-12 23:00:00,726.24,727.96,726.09,727.59,936.373,573.871
2026-09-13 00:00:00,727.6,728.16,726.96,728.02,1798.098,1330.069
2026-09-13 01:00:00,728.03,729.92,728.02,728.37,3637.956,2188.388
2026-09-13 02:00:00,728.37,729.08,727.54,728,1817.614,785.182
2026-09-13 03:00:00,728,728.92,727,727.01,3047.155,1106.469
2026-09-13 04:00:00,727.01,727.92,726.22,726.33,2959.188,1524.794
2026-09-13 05:00:00,726.34,726.73,726,726.36,2501.069,1354.065
2026-09-13 06:00:00,726.36,726.36,721.54,721.98,4814.798,1592.709
2026-09-13 07:00:00,721.98,723.61,721.73,722.23,2759.651,1138.984
2026-09-13 08:00:00,722.23,722.55,717.42,718.01,10278.883,4640.327
2026-09-13 09:00:00,718.02,719,714.34,716.3,6528.242,2765.51
2026-09-13 10:00:00,716.3,716.45,714.38,715.09,2859.537,1081.085
2026-09-13 11:00:00,715.1,716.85,714.05,716.31,3275.275,1703.539
2026-09-13 12:00:00,716.31,717.04,715.13,715.55,2627.029,1272.165
2026-09-13 13:00:00,715.55,718.44,713.1,718.04,3478.914,1914.047
2026-09-13 14:00:00,718.04,720.32,718.04,718.56,4315.485,2968.732
2026-09-13 15:00:00,718.56,719.66,717.37,718.88,2364.27,1134.362
2026-09-13 16:00:00,718.89,721.41,718.88,721.05,2251.069,1289.896
2026-09-13 17:00:00,721.06,722.15,720.81,721.16,1364.345,687.813
2026-09-13 18:00:00,721.17,722.34,720.86,722.11,1638.804,884.402
2026-09-13 19:00:00,722.11,723.1,720.8,721.09,1591.674,724.982
2026-09-13 20:00:00,721.09,722.69,721.08,722.34,1347.393,715.872
2026-09-13 21:00:00,722.34,722.84,721.9,722.2,1199.244,589.102
2026-09-13 22:00:00,722.19,722.19,715.25,715.95,4364.757,1979.067
2026-09-13 23:00:00,715.95,717.24,715.55,716.41,2332.683,1144.476
2026-09-14 00:00:00,716.41,720.5,713.9,718.9,3731.805,2195.796
2026-09-14 01:00:00,718.9,720.3,714.63,719.91,8771.57,5690.956
2026-09-14 02:00:00,719.91,724.91,719.02,723.67,13333.777,8962.959
2026-09-14 03:00:00,723.67,725.24,721.51,722.51,3352.122,1715.715
2026-09-14 04:00:00,722.52,725.72,722.13,724.73,2712.546,1574.872
2026-09-14 05:00:00,724.73,725.9,724.17,725.24,2452.2,1097.167
2026-09-14 06:00:00,725.25,726.98,722.31,723.68,3823.401,1996.458
2026-09-14 07:00:00,723.68,725.36,723,724.96,2809.299,1367
2026-09-14 08:00:00,724.96,725.98,723.67,723.99,4998.674,2405.941
2026-09-14 09:00:00,724,728.5,721.84,724.76,9576.481,4401.191
2026-09-14 10:00:00,724.77,725.26,722.57,722.95,5681.488,1470.805
2026-09-14 11:00:00,722.95,723.45,720.9,722.16,5091.419,2291.17
2026-09-14 12:00:00,722.16,723.32,719.87,720.17,4486.512,1952.136
2026-09-14 13:00:00,720.17,723.44,717.15,720.68,9853.667,4994.518
2026-09-14 14:00:00,720.69,723.99,719.75,721.58,9568.355,4458.95
2026-09-14 15:00:00,721.59,723.11,719.06,722.44,8394.544,3231.013
2026-09-14 16:00:00,722.45,726.5,722.05,724.8,8336.918,4047.324
2026-09-14 17:00:00,724.81,727.12,723.75,726.23,5702.218,2237.733
2026-09-14 18:00:00,726.23,728.44,725.87,727.21,5357.821,2385.786
2026-09-14 19:00:00,727.21,727.21,724.83,725.34,4242.942,1331.222
2026-09-14 20:00:00,725.35,733.75,725.35,726.93,9150.415,4764.969
2026-09-14 21:00:00,726.94,727.01,723.21,723.57,4963.926,1951.824
2026-09-14 22:00:00,723.57,724.84,717.13,722.6,10648.994,5473.616
2026-09-14 23:00:00,722.61,722.75,719.01,720.42,3873.13,1537.91
2026-09-15 00:00:00,720.43,720.53,718.78,719.35,3536.179,1524.35
2026-09-15 01:00:00,719.35,721.42,718.26,720.32,3354.281,1686.821
2026-09-15 02:00:00,720.32,722.39,719.79,721.88,3408.841,1897.034
2026-09-15 03:00:00,721.88,722.53,719.3,721.37,3698.654,1766.081
2026-09-15 04:00:00,721.38,721.69,719.88,720.59,3077.272,1349.546
2026-09-15 05:00:00,720.59,722.14,718,721.48,3663.416,1712.555
2026-09-15 06:00:00,721.48,723.5,717.5,718.54,3447.263,1726.068
2026-09-15 07:00:00,718.55,719.08,714.72,715.09,7492.634,3181.567
2026-09-15 08:00:00,715.09,717.65,714.21,717.61,4462.459,2472.048
2026-09-15 09:00:00,717.6,718.5,716.6,717.58,3160.648,1401.673
2026-09-15 10:00:00,717.59,720.33,717.5,719.44,3888.789,2562.428
2026-09-15 11:00:00,719.45,720.39,717.39,718.89,2272.626,1155.769
2026-09-15 12:00:00,718.89,721.48,718.06,720.33,3864.433,2177.938
2026-09-15 13:00:00,720.33,722.27,715,720.31,7916.685,4122.554
2026-09-15 14:00:00,720.32,721.62,711.37,715.52,13416.135,5177.901
2026-09-15 15:00:00,715.53,719.74,714.84,718.61,6590.375,3105.505
2026-09-15 16:00:00,718.61,720.8,716.18,719.59,4243.463,2011.286
2026-09-15 17:00:00,719.58,725,717.46,723.13,4567.635,2754.166
2026-09-15 18:00:00,723.13,725.32,707.04,718.17,21704.842,10060.636
2026-09-15 19:00:00,718.19,722.59,717.26,719.57,8050.066,3572.792
2026-09-15 20:00:00,719.58,720.51,712.28,715.12,5014.386,1944.35
2026-09-15 21:00:00,715.13,715.73,710.66,711.2,3283.026,1304.89
2026-09-15 22:00:00,711.2,714.59,708.76,713.4,4284.472,1976.05
2026-09-15 23:00:00,713.4,715.48,711.9,712.06,3060.092,1676.68
2026-09-16 00:00:00,712.07,716,711.91,713.98,3571.946,1827.69
2026-09-16 01:00:00,713.98,714.98,708.38,708.9,4811.121,2165.704
2026-09-16 02:00:00,708.91,714.94,708.28,712.86,5421.145,2382.615
2026-09-16 03:00:00,712.86,715.76,712.8,714.2,3042.144,1971.895
2026-09-16 04:00:00,714.2,716.24,713.94,715.3,3282.559,1753.886
2026-09-16 05:00:00,715.3,715.78,713.15,715.27,2550.659,1285.985
2026-09-16 06:00:00,715.27,715.73,711.86,714.31,2656.992,1188.558
2026-09-16 07:00:00,714.31,714.95,709.35,709.71,8370.036,4069.141
2026-09-16 08:00:00,709.7,709.71,704.29,707.18,10139.27,4005.598
2026-09-16 09:00:00,707.18,711.06,707.02,710.76,4726.407,2254.91
2026-09-16 10:00:00,710.76,712,710.52,711.55,3002.765,1710.925
2026-09-16 11:00:00,711.55,715.93,711.2,714.48,4489.821,2347.578
2026-09-16 12:00:00,714.49,714.69,712.05,712.9,3839.632,1946.755
2026-09-16 13:00:00,712.9,713.32,710.02,711.34,4504.76,2047.833
2026-09-16 14:00:00,711.35,712.03,708.32,709.71,4944.448,2087.235
2026-09-16 15:00:00,709.71,713.8,708.91,711.66,5006.947,2329.704
2026-09-16 16:00:00,711.71,714.06,710.72,713.4,2924.361,1502.155
2026-09-16 17:00:00,713.39,714.42,708.88,713.34,4673.009,2346.98
2026-09-16 18:00:00,713.39,721.43,710.8,715.68,19489.714,10058.407
2026-09-16 19:00:00,715.7,720.22,712.76,719.32,7628.592,3776.119
2026-09-16 20:00:00,719.33,721.93,718.99,720.61,4563.215,2781.157
2026-09-16 21:00:00,720.61,721.08,719.68,720.88,1589.228,883.901
2026-09-16 22:00:00,720.88,721.18,718.2,718.92,2794.503,1454.198
2026-09-16 23:00:00,718.92,726.77,718.38,725.92,7945.925,4509.238
2026-09-17 00:00:00,725.92,729,724.34,724.34,8737.367,3881.606
2026-09-17 01:00:00,724.35,729.22,723.24,725.54,6547.326,2635.691
2026-09-17 02:00:00,725.54,725.89,722.51,723.81,4729.545,1980.391
2026-09-17 03:00:00,723.81,726.54,723.8,725.54,3870.108,1768.552
2026-09-17 04:00:00,725.55,725.76,722.53,725.76,3210.703,1436.178
2026-09-17 05:00:00,725.76,726.92,724.83,724.98,3468.076,1317.218
2026-09-17 06:00:00,724.98,726.45,724.06,725.78,3586.205,1295.846
2026-09-17 07:00:00,725.79,727.35,724.08,724.38,5500.146,2019.215
2026-09-17 08:00:00,724.38,726.8,724.2,726.11,3849.222,1611.738
2026-09-17 09:00:00,726.12,727.4,725.17,725.5,5024.964,2238.274
2026-09-17 10:00:00,725.51,725.62,722.5,723.61,4500.766,1513.987
2026-09-17 11:00:00,723.62,724.56,720.89,724.56,3848.462,1729.4
2026-09-17 12:00:00,724.56,732.54,724.27,728.82,10554.396,5441.606
2026-09-17 13:00:00,728.83,730.31,723.42,727.32,9176.012,3480.335
2026-09-17 14:00:00,727.33,729.69,724.66,725.86,11282.274,3836.366
2026-09-17 15:00:00,725.86,728.9,724.62,727.87,4233.062,1839.148
2026-09-17 16:00:00,727.87,728.77,726.21,728.75,4036.917,2140.54
2026-09-17 17:00:00,728.75,730.45,728.38,729.16,3944.146,2260.998
2026-09-17 18:00:00,729.16,729.6,727.43,728.05,2162.782,1088.914
2026-09-17 19:00:00,728.05,733.63,727.97,732.58,6907.412,3177.731
2026-09-17 20:00:00,732.58,736.49,731.69,734.78,4993.7,3003.536
2026-09-17 21:00:00,734.78,735.62,733.68,733.88,2035.878,1054.193
2026-09-17 22:00:00,733.88,735.68,733.55,735.66,4596.728,2706.892
2026-09-17 23:00:00,735.67,739.49,735.35,738.36,7562.358,4261.807
2026-09-18 00:00:00,738.36,739.81,735.22,737.87,6028.588,2419.794
2026-09-18 01:00:00,737.88,744.44,737.34,743.5,9529.399,5918.634
2026-09-18 02:00:00,743.51,752.24,743.34,748.63,14698.274,9308.206
2026-09-18 03:00:00,748.64,754,747.41,751.31,9998.154,5580.727
2026-09-18 04:00:00,751.32,752.85,748.95,751.68,8717.541,3635.306
2026-09-18 05:00:00,751.69,754.53,750.27,752.37,8722.283,3601.668
2026-09-18 06:00:00,752.37,755.25,751.98,755.05,8099.816,4163.775
2026-09-18 07:00:00,755.06,759.31,753.06,753.11,18937.581,9367.621
2026-09-18 08:00:00,753.12,755.05,751.4,755.05,8957.047,3984.662
2026-09-18 09:00:00,755.04,755.98,750.02,751.39,13144.299,3752.311
2026-09-18 10:00:00,751.39,753.49,749.42,752.59,10201.255,4250.379
2026-09-18 11:00:00,752.59,753.98,748.79,749.27,5869.864,2386.803
2026-09-18 12:00:00,749.28,749.94,745,746.39,6275.273,2649.352
2026-09-18 13:00:00,746.39,762.52,745.92,758.56,21857.92,10392.898
2026-09-18 14:00:00,758.56,761.72,755.21,760.55,14441.578,6845.833
2026-09-18 15:00:00,760.55,760.75,753.82,757.06,13057.674,6135.041
2026-09-18 16:00:00,757.07,761.42,756.13,758.62,11044.337,5244.944
2026-09-18 17:00:00,758.62,761.76,756.9,761.7,5118.767,2698.631
2026-09-18 18:00:00,761.7,765.04,760.93,764.5,8706.647,5084.35
2026-09-18 19:00:00,764.51,768.92,764.4,766.46,7595.318,3883.989
2026-09-18 20:00:00,766.46,766.7,763.16,763.71,3781.258,1911.122
2026-09-18 21:00:00,763.71,765.24,763.4,763.99,2814.621,1297.88
2026-09-18 22:00:00,764,764.9,761.67,764.1,5220.347,2483.451
2026-09-18 23:00:00,764.1,764.86,760.76,761.31,3548.749,1714.813
2026-09-19 00:00:00,761.32,764.5,759.85,764.18,5963.616,3053.011
2026-09-19 01:00:00,764.19,764.45,759.77,762.57,6001.457,2969.845
2026-09-19 02:00:00,762.6,764.61,761.41,762,3253.602,1641.676
2026-09-19 03:00:00,762,762.91,758.85,759.55,4591.792,1864.937
2026-09-19 04:00:00,759.55,768,759.54,760.39,9986.226,5793.449
2026-09-19 05:00:00,760.39,764.7,760.31,763.89,4089.146,2450.932
2026-09-19 06:00:00,763.9,764.59,761.19,761.95,3543.718,1649.744
2026-09-19 07:00:00,761.95,762.97,760.03,760.91,3885.983,1765.253
2026-09-19 08:00:00,760.92,766.92,760.26,765.99,5020.636,2804.434
2026-09-19 09:00:00,765.98,770,764.34,766.69,6444.34,3126.868
2026-09-19 10:00:00,766.68,767.6,765.06,765.21,2870.313,1385.584
2026-09-19 11:00:00,765.22,768.35,764.68,768.08,3678.928,1945.681
2026-09-19 12:00:00,768.08,773.76,767.07,773.21,7077.34,4312.877
2026-09-19 13:00:00,773.21,773.39,768.42,769.81,7635.507,2688.016
2026-09-19 14:00:00,769.81,773.27,769.2,770.03,7334.549,3709.815
2026-09-19 15:00:00,770.03,771.6,766.8,767.03,4643.977,1916.766
2026-09-19 16:00:00,767.04,768.63,764.93,768.48,5019.886,1933.666
2026-09-19 17:00:00,768.49,769.01,761.66,762.69,5980.791,2796.948
2026-09-19 18:00:00,762.7,764.07,761.34,763.39,2563.611,1202.047
2026-09-19 19:00:00,763.4,764.16,762.68,763.08,2781.563,989.151
2026-09-19 20:00:00,763.09,763.44,760.66,762.13,3362.331,1375.048
2026-09-19 21:00:00,762.13,762.64,757.06,759.75,4263.778,1823.665
2026-09-19 22:00:00,759.76,762,757.84,761.7,1925.904,956.847
2026-09-19 23:00:00,761.71,763.62,761.7,762.02,2283.518,1141.405
2026-09-20 00:00:00,762.03,763.5,760.91,763.37,2212.942,1255.405
2026-09-20 01:00:00,763.38,764.28,759.29,760.8,2958.111,1257.775
2026-09-20 02:00:00,760.8,763.01,745.92,747.83,12002.292,4355.211
2026-09-20 03:00:00,747.84,753.09,745.9,750.47,11577.195,6214.792
2026-09-20 04:00:00,750.47,750.68,747.07,749.06,3103.028,1456.769
2026-09-20 05:00:00,749.06,751.51,748.72,751.45,5584.837,3121.076
2026-09-20 06:00:00,751.46,753.47,750,751.66,4702.769,2473.188
2026-09-20 07:00:00,751.66,752.21,747.92,748.01,3798.945,1538.728
2026-09-20 08:00:00,748.01,751,747.71,748.97,4920.747,2495.737
2026-09-20 09:00:00,748.98,753,748.86,750.61,4070.589,1917.706
2026-09-20 10:00:00,750.61,751.53,748,749.03,4248.538,1833.504
2026-09-20 11:00:00,749.03,753.33,748.5,752.59,3852.146,2601.937
2026-09-20 12:00:00,752.6,753.97,751.1,752.56,2894.439,1348.289
2026-09-20 13:00:00,752.56,753.87,750.43,751.94,3166.776,1377.984
2026-09-20 14:00:00,751.94,755.18,751.93,753.27,3276.183,1948.397
2026-09-20 15:00:00,753.28,757.5,753.27,757.44,4524.176,2077.69
2026-09-20 16:00:00,757.44,764.99,756.1,763.79,5489.676,2971.036
2026-09-20 17:00:00,763.78,766.84,760.44,764.19,6140.157,3287.756
2026-09-20 18:00:00,764.17,771.98,763.95,766.47,8768.332,4846.011
2026-09-20 19:00:00,766.47,770.9,766.47,769.55,2844.352,1925.6
2026-09-20 20:00:00,769.56,771.61,766.15,768.29,3619.315,1828.294
2026-09-20 21:00:00,768.29,768.4,762.54,765.88,3626.677,1559.276
2026-09-20 22:00:00,765.89,777.98,764.8,774.32,9279.646,5515.523
2026-09-20 23:00:00,774.32,776,771.38,772.56,3937.454,1908.007
2026-09-21 00:00:00,772.56,782.6,772.29,779.94,13867.913,8686.394
2026-09-21 01:00:00,779.95,784.96,774,774.48,15596.874,6567.503
2026-09-21 02:00:00,774.48,783.37,773.47,777.63,11521.055,4716.381
2026-09-21 03:00:00,777.63,779.81,775.95,776.88,8259.095,2646.873
2026-09-21 04:00:00,776.88,777.61,772.12,773.6,8084.451,2858.845
2026-09-21 05:00:00,773.6,775.32,770.8,772.77,7191.675,2659.293
2026-09-21 06:00:00,772.77,774.87,771,772.41,6034.2,2551.572
2026-09-21 07:00:00,772.41,773.78,766.01,768.71,11988.54,4254.807
2026-09-21 08:00:00,768.72,783,768.42,781.58,20779.061,9976.811
2026-09-21 09:00:00,781.58,786.8,779.57,783.99,28264.925,15190.905
2026-09-21 10:00:00,784,786.46,782,785.01,11099.701,5927.239
2026-09-21 11:00:00,785,794.13,784.22,790.61,15445.468,10046.434
2026-09-21 12:00:00,790.6,791.89,787.68,790.5,10028.489,4984.567
2026-09-21 13:00:00,790.49,796.3,785.95,794.32,13055.305,7268.57
2026-09-21 14:00:00,794.32,799.36,791.69,797.37,24133.863,13413.697
2026-09-21 15:00:00,797.38,807.49,797.27,803.08,30115.548,16967.41
2026-09-21 16:00:00,803.07,803.6,794.63,798.2,11374.181,5036.038
2026-09-21 17:00:00,798.2,799.56,793.22,796.07,6735.02,3247.495
2026-09-21 18:00:00,796.07,801.48,794.89,801.12,5510.639,2771.044
2026-09-21 19:00:00,801.09,802.02,798.6,799.89,5490.233,3000.371
2026-09-21 20:00:00,799.9,806.56,799.65,805.25,6137.78,3650.025
2026-09-21 21:00:00,805.25,807.11,802.04,804.27,6640.169,3162.814
2026-09-21 22:00:00,804.27,807.29,798.86,801.32,9546.64,4241.846
2026-09-21 23:00:00,801.32,803.49,797.66,799.41,4247.822,2142.123
2026-09-22 00:00:00,799.41,802.37,793.84,794.35,10165.639,5534.969
2026-09-22 01:00:00,794.35,796.09,782.75,789.41,27136.546,10104.958
2026-09-22 02:00:00,789.4,793.2,787.34,790.94,9138.496,5060.914
2026-09-22 03:00:00,790.94,792.15,787.8,789.16,4397.413,1908.835
2026-09-22 04:00:00,789.16,790.47,785.39,787.3,7318.523,3706.774
2026-09-22 05:00:00,787.31,789,783.25,787.43,10680.991,5945.944
2026-09-22 06:00:00,787.43,788.37,785.68,786.6,4607.363,2535.307
2026-09-22 07:00:00,786.6,787.57,783.15,784.98,5002.981,2053.111
2026-09-22 08:00:00,784.98,789.96,783.73,787.76,9188.453,4333.571
2026-09-22 09:00:00,787.77,788.61,783.28,787.84,7716.606,4070.431
2026-09-22 10:00:00,787.85,789.13,785.49,786.76,6562.488,2183.822
2026-09-22 11:00:00,786.75,788.13,784.72,786.91,7412.804,2310.184
2026-09-22 12:00:00,786.91,791.53,784.88,791.48,6737.39,3785.998
2026-09-22 13:00:00,791.49,794.22,786.66,791.57,13721.645,9298.368
2026-09-22 14:00:00,791.57,791.92,780.12,786.91,14385.405,5400.195
2026-09-22 15:00:00,786.9,790.69,786.17,787.93,5943.183,3252.704
2026-09-22 16:00:00,787.93,791.15,785.03,789.31,6544.893,3056.667
2026-09-22 17:00:00,789.31,790.07,786.75,788.59,6438.939,2961.508
2026-09-22 18:00:00,788.6,788.79,785.54,787.44,3905.271,1617.802
2026-09-22 19:00:00,787.44,789.92,785.47,786.33,4578.779,2444.291
2026-09-22 20:00:00,786.34,787.18,784,784.87,4538.424,1820.997
2026-09-22 21:00:00,784.87,785.8,783.96,784.21,3191.006,1520.587
2026-09-22 22:00:00,784.22,788,782.34,787.48,4216.366,2262.076
2026-09-22 23:00:00,787.48,791.25,786.94,788.38,5148.002,2723.951
2026-09-23 00:00:00,788.39,793.37,787.66,790.37,6905.943,4235.955
2026-09-23 01:00:00,790.38,792.59,787.07,788.87,5416.897,2897.403
2026-09-23 02:00:00,788.86,793.17,787.26,793.16,3202.277,1864.116
2026-09-23 03:00:00,793.16,797.61,792.37,796.57,8747.511,4940.924
2026-09-23 04:00:00,796.56,799,793.95,794.7,8481.761,4053.256
2026-09-23 05:00:00,794.7,794.92,789.54,790.7,6809.747,2327.67
2026-09-23 06:00:00,790.7,792.74,789.79,792.07,4672.016,2055.443
2026-09-23 07:00:00,792.07,792.07,786.88,788.52,5607.179,2677.077
2026-09-23 08:00:00,788.52,790.88,784,786.18,7658.75,3451.962
2026-09-23 09:00:00,786.18,788.5,781.36,782.77,9397.548,3832.98
2026-09-23 10:00:00,782.77,785.83,781.34,785.83,5396.369,3000.205
2026-09-23 11:00:00,785.77,786,781.03,782.93,6507.689,3157.393
2026-09-23 12:00:00,782.93,783,776.33,779.77,14206.906,6483.139
2026-09-23 13:00:00,779.77,784.77,776.88,781.01,8481.623,4510.518
2026-09-23 14:00:00,781.01,782.49,758.59,766.72,52892.803,26472.352
2026-09-23 15:00:00,766.73,769.23,761.04,761.18,14976.858,6031.529
2026-09-23 16:00:00,761.19,766.41,756.83,765.29,9422.61,4819.318
2026-09-23 17:00:00,765.29,767.98,762.12,766.84,5887.487,2660.381
2026-09-23 18:00:00,766.84,768.64,765.15,766.59,2685.159,1485.874
2026-09-23 19:00:00,766.59,768.41,765.43,768.07,2115.541,1178.993
2026-09-23 20:00:00,768.08,768.5,764.71,765.38,3042.304,1381.02
2026-09-23 21:00:00,765.38,766.68,764.65,766.5,3280.684,1251.635
2026-09-23 22:00:00,766.51,768.95,765.8,767.77,2693.487,1596.201
2026-09-23 23:00:00,767.77,767.77,765.29,767.38,4465.455,1492.445
2026-09-24 00:00:00,767.39,769.01,766.06,767.17,3702.651,1828.841
2026-09-24 01:00:00,767.17,768.34,765.96,766.56,2699.946,1353.105
2026-09-24 02:00:00,766.57,775.97,763.46,772.54,9376.567,5427.186
2026-09-24 03:00:00,772.54,774.32,766.03,766.68,5647.199,2278.673
2026-09-24 04:00:00,766.68,771,765.32,770.83,4840.798,2158.687
2026-09-24 05:00:00,770.84,775.82,770.84,772.96,3952.09,2425.289
2026-09-24 06:00:00,772.95,773.76,770.94,772.62,4087.943,1952.206
2026-09-24 07:00:00,772.61,777.62,770.62,775.8,5632.342,3309.956
2026-09-24 08:00:00,775.8,776.42,767.05,769.92,5300.945,2334.181
2026-09-24 09:00:00,769.92,771.15,763.04,766.52,8671.472,4251.942
2026-09-24 10:00:00,766.52,769.56,765.31,768.44,4494.61,2126.177
2026-09-24 11:00:00,768.45,770.93,768.44,769.98,3472.453,1736.095
2026-09-24 12:00:00,769.97,771.78,768.85,771.22,3724.081,1912.977
2026-09-24 13:00:00,771.22,778,771.22,777.24,6248.553,3659.162
2026-09-24 14:00:00,777.25,783.76,774.5,777.46,14574.492,6471.91
2026-09-24 15:00:00,777.47,782.72,776.06,780.54,6848.42,3837.2
2026-09-24 16:00:00,780.55,786.29,778.39,781.24,13679.277,5508.193
2026-09-24 17:00:00,781.24,781.33,777.89,778.6,3338.294,1522.279
2026-09-24 18:00:00,778.6,782.14,776.2,781.71,3081.128,1569.824
2026-09-24 19:00:00,781.71,781.91,778.98,779.72,3253.584,1585.272
2026-09-24 20:00:00,779.72,780.35,777.17,779.45,3644.664,2387.712
2026-09-24 21:00:00,779.45,780.96,778.6,778.65,2307.833,926.401
2026-09-24 22:00:00,778.64,778.64,775.35,776.58,2776.999,1360.397
2026-09-24 23:00:00,776.58,777.98,776.17,776.69,2073.777,793.689
2026-09-25 00:00:00,776.7,779.9,776.69,777.28,3367.829,2075.273
2026-09-25 01:00:00,777.29,779.03,776.03,778.22,2719.841,1866.206
2026-09-25 02:00:00,778.22,780.08,773.6,773.93,3868.367,1713.051
2026-09-25 03:00:00,773.93,774.8,771,773.07,4859.005,2375.789
2026-09-25 04:00:00,773.07,774.06,771.05,773.34,7732.373,5779.701
2026-09-25 05:00:00,773.34,775.13,772.49,774.82,4504.021,2788.464
2026-09-25 06:00:00,774.82,776,772.78,773.1,2178.991,1040.422
2026-09-25 07:00:00,773.1,774.29,770.76,773.38,5143.717,1937.25
2026-09-25 08:00:00,773.38,776.92,773.38,775.2,4194.512,1789.13
2026-09-25 09:00:00,775.21,780.14,775.09,776.92,6472.089,3088.428
2026-09-25 10:00:00,776.92,777.5,774.44,776.84,5176.084,2130.533
2026-09-25 11:00:00,776.85,790.29,776.64,779.27,26494.214,10843.101
2026-09-25 12:00:00,779.28,780.59,774.85,777.67,13702.252,4577.045
2026-09-25 13:00:00,777.68,778.65,771.07,774.09,7079.89,2973.832
2026-09-25 14:00:00,774.09,776.03,768.58,775.94,7812.442,3660.48
2026-09-25 15:00:00,775.94,776.82,771.09,774.45,5252.393,1799.188
2026-09-25 16:00:00,774.45,776.93,772.26,772.41,4689.883,1951.498
2026-09-25 17:00:00,772.42,774.44,771.21,773.43,3635.392,1408.662
2026-09-25 18:00:00,773.43,776.4,773.43,775.04,2442.46,1561.447
2026-09-25 19:00:00,775.04,776.17,774.44,775.13,1617.477,876.387
2026-09-25 20:00:00,775.13,776.16,772.88,773.14,2698.76,1769.332
2026-09-25 21:00:00,773.14,773.38,771.29,772.88,2173.542,1345.072
2026-09-25 22:00:00,772.88,777,772.61,776.38,1708.973,1019.762
2026-09-25 23:00:00,776.38,777.99,776.14,777.13,2345.184,1338.228
2026-09-26 00:00:00,777.14,778.08,774.9,776.11,3747.343,1974.521
2026-09-26 01:00:00,776.1,777,775.28,776.06,1583.077,740.952
2026-09-26 02:00:00,776.06,776.94,774.74,775.16,1595.961,840.885
2026-09-26 03:00:00,775.16,775.88,774.12,774.27,2018.177,1123.929
2026-09-26 04:00:00,774.27,775.31,773.06,774.34,2666.468,1573.339
2026-09-26 05:00:00,774.35,774.35,772.82,772.89,2031.04,814.589
2026-09-26 06:00:00,772.89,773.05,772.02,772.23,2523.523,1358.786
2026-09-26 07:00:00,772.24,773.75,772.2,773.72,2334.921,1427.235
2026-09-26 08:00:00,773.72,774.7,772.74,773.41,2280.98,1247.017
2026-09-26 09:00:00,773.41,773.52,770.34,771.42,3549.47,2263.864
2026-09-26 10:00:00,771.43,774.03,771.42,774.03,1710.979,876.296
2026-09-26 11:00:00,774.04,776,773.87,775.39,1740.351,1043.921
2026-09-26 12:00:00,775.39,776.19,774.01,774.24,2537.824,1365.568
2026-09-26 13:00:00,774.24,774.7,771.8,772.25,2499.43,986.41
