t,o,h,l,c,v,taker_buy_v
2026-09-13 22:45:00,76740,76816.01,76667.68,76714,147.71992,106.67328
2026-09-13 23:00:00,76714,76770.59,76674.41,76728,103.34608,48.16475
2026-09-13 23:15:00,76728,76759.64,76622.97,76743.83,70.78626,44.05791
2026-09-13 23:30:00,76743.83,76875.68,76736,76828.57,146.71539,54.20745
2026-09-13 23:45:00,76828.56,76876.8,76789.99,76842.01,63.89051,21.44664
2026-09-14 00:00:00,76842.01,77083.34,76830,76906,94.15869,57.85664
2026-09-14 00:15:00,76906,76934.01,76388.72,76472.96,357.55941,90.31647
2026-09-14 00:30:00,76472.96,76815.97,76451.7,76801.11,133.53299,70.56633
2026-09-14 00:45:00,76801.11,76885.72,76761.27,76808,99.68122,43.83449
2026-09-14 01:00:00,76808.01,76884.01,76702,76758,70.47601,34.81697
2026-09-14 01:15:00,76758.01,76902.37,76654.01,76854.01,92.69613,44.75164
2026-09-14 01:30:00,76854,76963.24,76636.41,76822,276.14456,103.71441
2026-09-14 01:45:00,76822,77170.76,76774.94,77118.97,109.14909,64.93732
2026-09-14 02:00:00,77118.96,77399.95,77016,77381.48,222.0607,159.21527
2026-09-14 02:15:00,77381.47,77666.66,77279.89,77533.99,223.49707,123.65161
2026-09-14 02:30:00,77534,77665,77440,77496.74,280.09033,183.05495
2026-09-14 02:45:00,77496.74,77725.5,77494.26,77600,365.61858,227.74276
2026-09-14 03:00:00,77600,77840.66,77582.72,77791.12,555.32642,470.76613
2026-09-14 03:15:00,77791.12,77869.82,77741.39,77817.76,181.63694,140.54857
2026-09-14 03:30:00,77817.76,77817.76,77526.37,77541.38,125.18655,73.4565
2026-09-14 03:45:00,77541.38,77596.33,77504.01,77596.33,76.50015,54.13847
2026-09-14 04:00:00,77596.32,77638.23,77537.8,77588.47,83.36102,66.40509
2026-09-14 04:15:00,77588.47,77697.32,77549.88,77636.15,108.50249,66.8956
2026-09-14 04:30:00,77636.15,77680,77541.8,77634.68,99.89345,57.8745
2026-09-14 04:45:00,77634.69,77700.78,77580.81,77681.78,187.52067,71.85616
2026-09-14 05:00:00,77681.79,77691.05,77564.83,77644.76,160.17625,71.58806
2026-09-14 05:15:00,77644.77,77644.77,77514.18,77514.18,61.92536,26.93799
2026-09-14 05:30:00,77514.19,77627.68,77514.19,77558.4,48.11923,32.2156
2026-09-14 05:45:00,77558.4,77611.79,77494.34,77611.79,52.24168,25.01926
2026-09-14 06:00:00,77611.79,77895.35,77599.95,77778.27,122.80111,82.47553
2026-09-14 06:15:00,77778.26,77778.27,77569.9,77569.9,73.01185,21.27745
2026-09-14 06:30:00,77569.9,77770.59,77379.41,77742.99,168.0256,89.3442
2026-09-14 06:45:00,77742.99,77762.93,77593.14,77593.15,55.04398,25.01646
2026-09-14 07:00:00,77593.15,77732.67,77524.41,77667.63,92.06685,41.31922
2026-09-14 07:15:00,77667.63,77749.99,77650.04,77711.88,93.99892,62.17251
2026-09-14 07:30:00,77711.89,77886.06,77690,77858.35,124.92493,92.44889
2026-09-14 07:45:00,77858.34,77892.24,77788.28,77892.24,142.52562,80.83389
2026-09-14 08:00:00,77892.24,77895,77705.83,77774.1,184.77694,70.81421
2026-09-14 08:15:00,77774.09,77999.99,77696.67,77760,198.33657,93.9362
2026-09-14 08:30:00,77760,77804.01,77704.92,77752,70.74052,36.01687
2026-09-14 08:45:00,77752.01,77764.01,77654,77728.8,72.95236,23.02577
2026-09-14 09:00:00,77728.8,77826.01,77703.47,77708.01,73.89015,34.41205
2026-09-14 09:15:00,77708.01,77778,77593.8,77778,125.59983,59.66499
2026-09-14 09:30:00,77778,77924.01,77777.99,77892.01,114.78274,59.95284
2026-09-14 09:45:00,77892,78374.01,77892,78141.57,404.39353,272.64784
2026-09-14 10:00:00,78141.57,78167.87,78014.21,78039.79,118.70894,49.54944
2026-09-14 10:15:00,78039.8,78068.26,77938.66,77971.16,91.33047,44.82371
2026-09-14 10:30:00,77971.17,78000,77928,77954.32,61.65086,35.31464
2026-09-14 10:45:00,77954.33,78024,77900,77906.6,72.46315,27.28639
2026-09-14 11:00:00,77906.61,77924.02,77718,77761.8,144.72816,52.08007
2026-09-14 11:15:00,77761.8,77912.01,77752,77910.75,50.35203,32.22002
2026-09-14 11:30:00,77910.76,77920.01,77699.95,77824.99,95.41611,51.01851
2026-09-14 11:45:00,77825,77836.01,77692.55,77776,64.0857,29.67204
2026-09-14 12:00:00,77776,77850.48,77710.47,77831.35,66.42814,38.85493
2026-09-14 12:15:00,77831.35,78000,77831.35,77999.99,116.52532,79.96341
2026-09-14 12:30:00,77999.99,78082.67,77762,77918.01,141.36796,75.64785
2026-09-14 12:45:00,77918,77930.01,77615.06,77698.01,92.06898,36.31137
2026-09-14 13:00:00,77698.01,77736.01,77481.98,77714.01,203.54227,82.74236
2026-09-14 13:15:00,77714.01,77860.3,77714.01,77860.3,146.22207,99.71373
2026-09-14 13:30:00,77860.74,78257,77840,78150.01,415.45426,234.90219
2026-09-14 13:45:00,78150.01,78490,78054,78168.01,376.02714,215.73434
2026-09-14 14:00:00,78168.01,78532.01,78164.01,78512,280.59206,170.09865
2026-09-14 14:15:00,78512,78649.17,78212,78398.01,403.41916,194.27986
2026-09-14 14:30:00,78398.01,78712.29,78340.57,78424.31,346.54999,215.20961
2026-09-14 14:45:00,78424.31,78623.06,78402,78521.06,274.68676,148.02786
2026-09-14 15:00:00,78521.05,78588,78301.41,78502.01,252.90722,119.37255
2026-09-14 15:15:00,78502,78602.25,78401,78407.67,211.3308,75.47641
2026-09-14 15:30:00,78407.67,78612.01,78342,78559.25,245.49871,159.52265
2026-09-14 15:45:00,78559.26,78684.01,78360,78578.02,202.02062,103.93316
2026-09-14 16:00:00,78578.02,78605.85,78426.17,78433.76,106.60208,44.8163
2026-09-14 16:15:00,78433.76,78882.01,78433.76,78662.18,304.75666,168.76351
2026-09-14 16:30:00,78662.19,78751.24,78622,78638,100.6816,52.22079
2026-09-14 16:45:00,78638,78904.72,78638,78769.42,151.0897,91.99058
2026-09-14 17:00:00,78769.42,78890.01,78734.96,78828.01,104.25172,59.5929
2026-09-14 17:15:00,78828,78985.76,78787.42,78887.16,236.70182,147.00968
2026-09-14 17:30:00,78887.16,78899.74,78698.37,78845.36,96.31468,45.27125
2026-09-14 17:45:00,78845.37,79048.44,78832,78937.98,212.97512,133.15741
2026-09-14 18:00:00,78937.98,79000,78848.18,78848.19,194.50253,138.01007
2026-09-14 18:15:00,78848.18,79253.73,78838.57,79135.72,322.37959,188.73898
2026-09-14 18:30:00,79135.72,79240.02,78990,79181.83,180.54113,102.96979
2026-09-14 18:45:00,79181.83,79325,79177.12,79226.01,196.69366,113.09637
2026-09-14 19:00:00,79226,79226,79014,79072.09,136.18895,65.46116
2026-09-14 19:15:00,79072.1,79227.69,79072.1,79143.03,88.80732,51.5531
2026-09-14 19:30:00,79143.03,79184.01,78951.67,79136,177.85687,58.53932
2026-09-14 19:45:00,79136,79150.01,78981.99,78982,96.95782,34.69038
2026-09-14 20:00:00,78982.01,79227.69,78978.56,79184,99.9281,53.23887
2026-09-14 20:15:00,79184,79600,79184,79438,270.88368,153.48554
2026-09-14 20:30:00,79438,79489.97,79334.84,79334.84,158.94655,54.18986
2026-09-14 20:45:00,79334.84,79382.01,79088,79100,93.23281,26.18147
2026-09-14 21:00:00,79100,79117.93,78761.27,78890.96,278.84174,117.43194
2026-09-14 21:15:00,78890.95,78989.28,78815.91,78907.23,139.33123,70.94622
2026-09-14 21:30:00,78907.24,78960.47,78782,78817.47,98.44206,38.33291
2026-09-14 21:45:00,78817.48,78832.01,78746,78757.83,57.54243,21.38043
2026-09-14 22:00:00,78757.82,78854.01,78716.27,78827.34,92.82749,33.36018
2026-09-14 22:15:00,78827.34,78836.45,78511,78590,130.1123,46.16885
2026-09-14 22:30:00,78590.01,78673.06,78520,78655.1,131.20639,55.15886
2026-09-14 22:45:00,78655.09,78657.46,78557.98,78557.98,65.63134,20.7948
2026-09-14 23:00:00,78557.99,78568.01,78353.5,78425.8,100.90719,30.80974
2026-09-14 23:15:00,78425.8,78469.48,78364.3,78394.65,127.27449,47.94479
2026-09-14 23:30:00,78394.14,78394.15,78260,78311.18,66.31414,20.73224
2026-09-14 23:45:00,78311.19,78311.19,78131.3,78189.21,138.46315,38.38151
2026-09-15 00:00:00,78189.2,78250.46,78120,78121.25,114.23256,47.66623
2026-09-15 00:15:00,78121.25,78130.01,78000,78017.99,98.7075,33.45037
2026-09-15 00:30:00,78017.99,78093.6,77941.18,77965.63,123.71326,48.4572
2026-09-15 00:45:00,77965.09,78024.26,77943.97,77952.93,109.7257,72.42911
2026-09-15 01:00:00,77952.92,77952.93,77750,77828.1,178.11236,80.58867
2026-09-15 01:15:00,77828.1,78030.79,77800,77856.46,177.25662,74.08927
2026-09-15 01:30:00,77856.47,78024.84,77845.16,78017.52,70.62104,48.12631
2026-09-15 01:45:00,78017.51,78080,77917.85,77917.86,78.33375,39.68276
2026-09-15 02:00:00,77917.86,78015.77,77874.91,77986.34,49.18672,27.55139
2026-09-15 02:15:00,77986.35,78018.04,77915.64,77956.59,45.94181,24.95708
2026-09-15 02:30:00,77956.58,77959.94,77842.14,77878.5,66.53503,31.20931
2026-09-15 02:45:00,77878.5,77919.44,77776.25,77913.72,99.41295,51.01482
2026-09-15 03:00:00,77913.73,77913.73,77702,77720.01,125.96382,64.18651
2026-09-15 03:15:00,77720.01,77843.78,77708.81,77842.88,80.69219,49.50029
2026-09-15 03:30:00,77842.88,77864.46,77777.8,77801.75,52.5016,36.68673
2026-09-15 03:45:00,77801.76,77811.25,77658,77676.99,111.31968,68.21034
2026-09-15 04:00:00,77676.99,77744.31,77630.87,77642.39,276.49107,79.37425
2026-09-15 04:15:00,77642.38,77686.01,77555.8,77624.21,354.69771,67.5444
2026-09-15 04:30:00,77624.22,77665.97,77542,77646.65,99.06585,53.80505
2026-09-15 04:45:00,77646.64,77646.65,77567.11,77567.12,54.43621,28.83063
2026-09-15 05:00:00,77567.11,77646.01,77300.01,77409.46,177.93088,56.28725
2026-09-15 05:15:00,77409.47,77466.01,77324.43,77465.99,91.30705,62.24273
2026-09-15 05:30:00,77466,77500,77378,77462,69.46832,38.83093
2026-09-15 05:45:00,77462.01,77666.66,77462,77630,123.09169,94.03469
2026-09-15 06:00:00,77630,77727.83,77573.55,77573.56,76.34312,47.4741
2026-09-15 06:15:00,77573.55,77599.22,77392.26,77410.16,62.92746,27.68756
2026-09-15 06:30:00,77410.16,77450.38,77400,77442.76,75.24217,39.06041
2026-09-15 06:45:00,77442.75,77446.01,77191.02,77286.7,146.94818,52.00659
2026-09-15 07:00:00,77286.71,77310.71,77164.57,77218,143.44152,82.9749
2026-09-15 07:15:00,77217.99,77309.65,77193.56,77279.55,152.84708,107.05818
2026-09-15 07:30:00,77279.55,77279.55,77019.79,77034.28,265.73584,147.44814
2026-09-15 07:45:00,77034.29,77099.02,76889.22,76930.01,322.12186,150.14572
2026-09-15 08:00:00,76930,76938.31,76703.59,76810.01,294.25168,120.3363
2026-09-15 08:15:00,76810.01,76885.21,76707.62,76856.01,193.68361,130.81325
2026-09-15 08:30:00,76856.01,76894.67,76832,76844,136.25764,69.80421
2026-09-15 08:45:00,76844.01,77007.84,76844,77000.01,130.351,88.74885
2026-09-15 09:00:00,77000.01,77000.01,76900,76933.35,101.83243,61.5894
2026-09-15 09:15:00,76933.35,76998.16,76869.99,76912,118.57835,73.62674
2026-09-15 09:30:00,76912,76991.62,76906.17,76991.62,87.90972,54.8696
2026-09-15 09:45:00,76991.62,77059.87,76959.99,76984.05,175.15019,106.15805
2026-09-15 10:00:00,76984.05,77054.64,76910,76996.25,149.66884,82.29296
2026-09-15 10:15:00,76996.25,77042.01,76892,76892,126.3432,64.35573
2026-09-15 10:30:00,76892,77052.01,76872.9,77052.01,207.70152,111.75521
2026-09-15 10:45:00,77052.01,77176.07,77008.51,77053.8,120.18989,83.4253
2026-09-15 11:00:00,77053.8,77223.32,77012,77038.51,129.58032,79.38154
2026-09-15 11:15:00,77040,77110.34,76972,77001.08,108.3644,67.37411
2026-09-15 11:30:00,77001.08,77001.09,76850,76926.33,147.516,73.34558
2026-09-15 11:45:00,76926.69,76951.63,76843.75,76940.01,78.46766,34.82843
2026-09-15 12:00:00,76940.01,76978.01,76859.64,76922.6,95.66623,52.26776
2026-09-15 12:15:00,76922.59,76986.5,76902,76953.81,152.1739,105.87203
2026-09-15 12:30:00,76953.8,76967.07,76858.66,76947.51,103.84621,61.04546
2026-09-15 12:45:00,76947.5,77143.15,76878.17,76957.65,160.86148,74.53292
2026-09-15 13:00:00,76956.75,77126.01,76954.28,76987.35,165.57777,94.41434
2026-09-15 13:15:00,76987.36,77003.69,76910.12,76952,127.18278,61.002
2026-09-15 13:30:00,76952.01,76952.01,76123.42,76422.56,1142.17272,382.0459
2026-09-15 13:45:00,76422.56,76620.01,76152,76618.77,748.45368,402.514
2026-09-15 14:00:00,76618.77,76696,76329.6,76406.35,401.66406,206.11067
2026-09-15 14:15:00,76406.35,76514.01,76307.47,76347.23,374.38,245.91885
2026-09-15 14:30:00,76347.22,76347.22,75700.87,75912.01,1126.79371,357.75156
2026-09-15 14:45:00,75912.01,75994,75605,75942.01,748.47406,356.38794
2026-09-15 15:00:00,75942.01,76105.91,75832,76023.25,371.24427,212.40477
2026-09-15 15:15:00,76023.25,76514.01,75904.63,76348.01,423.17828,281.67381
2026-09-15 15:30:00,76348.01,76462.69,76278,76439.42,262.72982,176.22146
2026-09-15 15:45:00,76439.42,76603.59,76426,76512,292.24425,173.16479
2026-09-15 16:00:00,76512.01,76576.47,76274,76282.02,178.80463,104.63081
2026-09-15 16:15:00,76282.01,76501.63,76282.01,76482.38,189.0002,116.77053
2026-09-15 16:30:00,76482.38,76487.4,76300,76368,119.92713,61.52255
2026-09-15 16:45:00,76368,76505.65,76366.5,76388,110.48229,69.54129
2026-09-15 17:00:00,76388.01,76417.51,76194.21,76273.85,210.91438,103.50062
2026-09-15 17:15:00,76273.85,76542.01,76242.03,76522.01,87.5001,60.01588
2026-09-15 17:30:00,76522.01,77343.44,76522,76772,620.11662,378.45421
2026-09-15 17:45:00,76772.01,77081.77,76772,76962,154.69488,95.0088
2026-09-15 18:00:00,76962,76969.2,76830,76878.01,184.94909,64.64997
2026-09-15 18:15:00,76878,77205.39,76495.54,76919.08,397.84019,200.27761
2026-09-15 18:30:00,76919.08,76950.96,75700.79,75773.02,1131.59687,518.45964
2026-09-15 18:45:00,75773.03,76205.14,74967.97,76000,1953.59749,796.89232
2026-09-15 19:00:00,76000,76269.76,75813.75,75978.93,427.52479,237.63725
2026-09-15 19:15:00,75978.94,76305.99,75875.51,75919.82,290.64043,164.11133
2026-09-15 19:30:00,75919.82,76063.77,75874.94,75897.53,223.38606,124.48883
2026-09-15 19:45:00,75897.54,76187.75,75868.05,76186.48,204.21058,124.5895
2026-09-15 20:00:00,76186.48,76245.98,75936,76042,182.59398,60.10881
2026-09-15 20:15:00,76041.99,76042,75742.18,75744.94,112.27523,36.80402
2026-09-15 20:30:00,75744.94,75862.19,75613.2,75862.19,144.65029,88.71139
2026-09-15 20:45:00,75862.19,76000,75862.19,75935.24,87.27545,54.57521
2026-09-15 21:00:00,75935.24,75956.58,75726.7,75874.76,138.45413,64.56779
2026-09-15 21:15:00,75874.76,75901.21,75660,75680.51,104.4669,42.14632
2026-09-15 21:30:00,75680.5,75766.42,75558.01,75748.77,88.82865,38.76463
2026-09-15 21:45:00,75748.78,75756.83,75392.35,75453.85,146.33177,57.51599
2026-09-15 22:00:00,75453.85,75597.4,75302.11,75381.89,198.50546,68.37323
2026-09-15 22:15:00,75381.88,75554.41,75140.64,75493,272.57576,103.71493
2026-09-15 22:30:00,75493,75664.56,75489.36,75613.72,120.04419,63.02241
2026-09-15 22:45:00,75613.72,75747.98,75600,75668,112.04965,43.05798
2026-09-15 23:00:00,75667.99,75898.85,75658.47,75896.99,79.18612,55.01343
2026-09-15 23:15:00,75896.99,75942.13,75734.22,75734.22,133.95872,59.13935
2026-09-15 23:30:00,75734.22,75741.06,75562.01,75673.74,125.21762,62.66433
2026-09-15 23:45:00,75673.74,75718.91,75625,75644.48,74.27542,47.62495
2026-09-16 00:00:00,75644.48,75793.59,75578.61,75702.64,89.27119,52.51101
2026-09-16 00:15:00,75702.64,75850.07,75682.83,75850.07,67.03605,46.3102
2026-09-16 00:30:00,75850.07,75915.49,75777,75802.27,70.98874,47.39893
2026-09-16 00:45:00,75802.28,75878.87,75731.65,75772.1,113.25157,77.33141
2026-09-16 01:00:00,75772.1,75862.43,75693.96,75786.07,79.57027,35.60349
2026-09-16 01:15:00,75786.07,75964.01,75721,75871.46,91.25837,48.49332
2026-09-16 01:30:00,75871.47,75871.47,75547.73,75659.55,123.55044,53.50459
2026-09-16 01:45:00,75659.55,75714.01,75457.52,75489.14,177.08677,66.87856
2026-09-16 02:00:00,75489.14,75674.04,75483.32,75659.07,108.56563,58.19402
2026-09-16 02:15:00,75659.07,75940.5,75648.91,75940.5,97.06862,49.39733
2026-09-16 02:30:00,75940.5,76111,75931.75,75964.78,131.67672,60.63797
2026-09-16 02:45:00,75964.79,76000,75817.46,75886.35,93.91681,48.10362
2026-09-16 03:00:00,75886.36,75988.01,75822.52,75956.98,122.97127,66.38429
2026-09-16 03:15:00,75956.98,76076.01,75856.76,75856.77,118.39336,57.15594
2026-09-16 03:30:00,75856.77,75908.01,75779.03,75792.02,88.76181,48.9095
2026-09-16 03:45:00,75792.02,75832.01,75768.25,75824.01,39.14609,19.53463
2026-09-16 04:00:00,75824,75918.01,75819.7,75889.99,63.52094,36.76486
2026-09-16 04:15:00,75889.99,75986.01,75838,75870.1,87.93783,35.92664
2026-09-16 04:30:00,75870.1,76022.67,75853.37,75929.02,84.94772,48.55284
2026-09-16 04:45:00,75929.02,75970.09,75805.7,75864.02,84.69316,54.26646
2026-09-16 05:00:00,75864.02,75877.33,75677.64,75802.01,67.54873,32.40878
2026-09-16 05:15:00,75802.01,75920.01,75802,75884.18,113.9944,78.376
2026-09-16 05:30:00,75884.18,75981.36,75836.7,75966.12,70.46189,45.70183
2026-09-16 05:45:00,75966.11,75966.12,75886.08,75962.01,120.62624,58.49208
2026-09-16 06:00:00,75962.01,76028.67,75952.43,75996.02,130.27127,56.48156
2026-09-16 06:15:00,75996.02,76015.38,75882.35,75916.81,106.12464,48.50886
2026-09-16 06:30:00,75916.81,75944.01,75830,75932.01,68.8725,27.34793
2026-09-16 06:45:00,75932,76038.83,75924,76030.01,94.59316,57.89438
2026-09-16 07:00:00,76030.01,76097.54,75820,75880.02,152.46139,74.74923
2026-09-16 07:15:00,75880.01,75928.01,75807.19,75817.86,143.18061,49.08708
2026-09-16 07:30:00,75817.86,75912.01,75758.02,75819.67,212.14485,88.986
2026-09-16 07:45:00,75819.68,75894.01,75739.36,75766.63,214.16512,95.9846
2026-09-16 08:00:00,75766.62,75766.62,75468.18,75523.47,274.65009,86.35646
2026-09-16 08:15:00,75523.47,75632.34,75350,75436.78,267.91946,105.51182
2026-09-16 08:30:00,75436.78,75574.78,75428,75558.41,92.03044,58.3725
2026-09-16 08:45:00,75558.4,75736.01,75543.36,75736.01,56.16244,37.30997
2026-09-16 09:00:00,75736.01,75950,75730,75796.23,248.07475,97.98578
2026-09-16 09:15:00,75796.24,75877.35,75763.53,75834.58,93.37401,52.24236
2026-09-16 09:30:00,75834.58,75944.01,75830.03,75919.01,53.39359,31.62341
2026-09-16 09:45:00,75919.01,75994,75892.43,75993,60.48416,33.88591
2026-09-16 10:00:00,75993.01,76046.05,75933.11,75944.35,144.34149,80.25601
2026-09-16 10:15:00,75944.34,76015.75,75922,75972.01,65.79977,31.65883
2026-09-16 10:30:00,75972,76008.98,75948,75987.79,51.40403,30.11011
2026-09-16 10:45:00,75987.79,75993.52,75900,75990.2,53.23742,23.93518
2026-09-16 11:00:00,75990.2,76049.94,75910.04,75916,78.14553,32.19404
2026-09-16 11:15:00,75916.01,75994.01,75874,75978.01,82.74317,42.59266
2026-09-16 11:30:00,75978,76278.64,75958,76236,161.48295,92.36517
2026-09-16 11:45:00,76236.01,76304.01,76152.47,76250,201.3038,119.41281
2026-09-16 12:00:00,76250,76300,76114,76115.98,182.36821,85.64266
2026-09-16 12:15:00,76115.98,76160.47,75912.5,75934.8,161.28988,43.68054
2026-09-16 12:30:00,75934.8,76018.93,75794.02,75961.45,123.95576,65.69661
2026-09-16 12:45:00,75961.46,76049.23,75904.95,75967.99,99.25126,53.26886
2026-09-16 13:00:00,75967.98,75967.98,75684.3,75799.46,176.81504,79.531
2026-09-16 13:15:00,75799.46,75880.68,75709.03,75770.29,135.7644,62.89842
2026-09-16 13:30:00,75770.29,75797.67,75585.09,75776.16,216.37328,100.27875
2026-09-16 13:45:00,75776.16,75941.17,75612.27,75646.01,209.06167,120.80159
2026-09-16 14:00:00,75646.01,75669.68,75423.04,75570.66,188.11815,89.18719
2026-09-16 14:15:00,75570.66,75830.01,75543.72,75828,166.62511,102.93034
2026-09-16 14:30:00,75828.01,75830.48,75616.42,75762.01,179.21274,85.47351
2026-09-16 14:45:00,75762,75762,75476.17,75697.82,172.01198,78.18913
2026-09-16 15:00:00,75697.83,75796,75552.79,75762.01,153.67236,92.52811
2026-09-16 15:15:00,75762,75800,75638.52,75638.53,129.83448,78.76406
2026-09-16 15:30:00,75638.52,75788,75556.45,75730.01,101.64947,59.94622
2026-09-16 15:45:00,75730,75950,75724.01,75788.41,175.68073,110.32507
2026-09-16 16:00:00,75788.41,75868.01,75650,75842,131.75334,64.04676
2026-09-16 16:15:00,75842.01,75883.75,75750,75788,100.912,48.18034
2026-09-16 16:30:00,75788.01,75838.54,75682.94,75688.01,72.23186,36.25166
2026-09-16 16:45:00,75688.01,75834.01,75682.94,75768,62.84203,36.02807
2026-09-16 17:00:00,75768,75793.91,75666.44,75727.06,81.26428,50.18556
2026-09-16 17:15:00,75727.06,75820,75640.82,75715.36,104.09669,66.02767
2026-09-16 17:30:00,75715.35,75738.01,75391.67,75460.65,208.85298,74.70854
2026-09-16 17:45:00,75460.66,75937.45,75353.07,75768.01,244.31307,140.33043
2026-09-16 18:00:00,75770.45,76560.76,75298.43,75798.01,1449.39764,808.99791
2026-09-16 18:15:00,75798.01,76104.01,75655.35,76015.09,456.22758,232.26169
2026-09-16 18:30:00,76015.09,76332.01,75064.82,75978.36,857.38001,466.27232
2026-09-16 18:45:00,75978.36,76089.03,75500,75632,334.09803,163.84322
2026-09-16 19:00:00,75632.01,76180,75632.01,75949.61,284.17189,171.40656
2026-09-16 19:15:00,75949.61,76018.01,75250,75550.98,288.25538,134.65811
2026-09-16 19:30:00,75550.63,75999.97,75436.16,75976.41,186.81743,113.67304
2026-09-16 19:45:00,75976.35,76150,75968.01,76080,198.78108,126.71351
2026-09-16 20:00:00,76080,76422.01,76024,76219.99,158.50496,104.68778
2026-09-16 20:15:00,76219.98,76373.34,76120,76216.01,185.01546,107.43468
2026-09-16 20:30:00,76216,76262.01,76039.1,76130.01,82.76486,38.08913
2026-09-16 20:45:00,76130.01,76196.01,76068.64,76178.34,85.56099,39.56088
2026-09-16 21:00:00,76178.35,76213.34,76092.63,76116.01,81.96835,31.1402
2026-09-16 21:15:00,76116,76146.01,76044.94,76074.56,112.03968,45.11353
2026-09-16 21:30:00,76074.56,76099.98,75933.11,75960.13,64.10874,24.71077
2026-09-16 21:45:00,75960.12,76024.01,75944,75976,62.33037,20.24158
2026-09-16 22:00:00,75976.01,75986.01,75671,75892,115.07132,58.04899
2026-09-16 22:15:00,75892,75937.52,75667.24,75758.21,191.42064,37.8867
2026-09-16 22:30:00,75758.21,75816.01,75654.81,75816.01,93.50037,25.58079
2026-09-16 22:45:00,75816,75820.01,75632.7,75675.88,125.53486,18.74245
2026-09-16 23:00:00,75675.88,75845.33,75643.61,75845.32,121.49879,53.39634
2026-09-16 23:15:00,75845.32,76140.62,75844.24,76076.49,115.24321,69.2692
2026-09-16 23:30:00,76076.49,76224.01,76063.77,76207.72,139.26963,74.86808
2026-09-16 23:45:00,76207.72,76276.02,76161.99,76206.01,108.46701,57.8239
2026-09-17 00:00:00,76206,76443.78,76188,76328,160.9921,127.44099
2026-09-17 00:15:00,76328.01,76494,76324,76404.96,110.30736,71.68537
2026-09-17 00:30:00,76404.97,76511.18,76376.01,76434,143.66931,96.37219
2026-09-17 00:45:00,76434,76456.88,76342.76,76342.77,57.91977,33.4569
2026-09-17 01:00:00,76342.77,76363.65,76222.01,76301.82,70.88809,37.33302
2026-09-17 01:15:00,76301.82,76658.39,76222,76631.36,193.45689,135.39599
2026-09-17 01:30:00,76631.36,76774.08,76510.55,76607.89,182.98395,102.37233
2026-09-17 01:45:00,76607.89,76607.89,76342.76,76374.21,191.48861,110.83864
2026-09-17 02:00:00,76374.22,76390.01,76111,76220,134.97038,67.2639
2026-09-17 02:15:00,76220,76220,76055.34,76179.23,108.77223,49.66926
2026-09-17 02:30:00,76179.22,76446.01,76156,76426.01,162.56794,99.0905
2026-09-17 02:45:00,76426,76485.13,76338.49,76370.01,90.36957,61.70332
2026-09-17 03:00:00,76370.01,76502.69,76370.01,76440,60.90992,37.67894
2026-09-17 03:15:00,76439.99,76530,76420,76500,47.69181,26.82758
2026-09-17 03:30:00,76500.01,76535.03,76444.53,76482.01,63.15855,30.214
2026-09-17 03:45:00,76482.01,76504.01,76409.54,76441.99,123.69109,38.24463
2026-09-17 04:00:00,76442,76442,76300,76320.14,48.75226,22.52759
2026-09-17 04:15:00,76320.13,76324.01,76187,76214.26,70.46437,45.06684
2026-09-17 04:30:00,76214.27,76384.9,76187,76370.1,74.07706,38.12659
2026-09-17 04:45:00,76370,76598,76339.03,76539.81,82.25058,47.25579
2026-09-17 05:00:00,76539.82,76632.14,76449.9,76477.36,84.60545,29.78199
2026-09-17 05:15:00,76477.37,76549.99,76420,76491.27,59.49828,25.75215
2026-09-17 05:30:00,76491.27,76491.28,76329.61,76359.19,82.20907,37.87086
2026-09-17 05:45:00,76359.18,76430.16,76318,76333.88,53.88023,23.75596
2026-09-17 06:00:00,76333.87,76479.35,76308.42,76464.95,70.08457,34.00014
2026-09-17 06:15:00,76464.96,76464.96,76342.89,76448,55.27339,33.42181
2026-09-17 06:30:00,76448.01,76584.1,76448.01,76561.32,82.43036,48.18253
2026-09-17 06:45:00,76561.31,76598.01,76472.7,76477.45,64.04692,26.47691
2026-09-17 07:00:00,76477.46,76682.01,76477.45,76536.01,102.42658,65.3979
2026-09-17 07:15:00,76536,76640.01,76518,76522.93,131.0827,36.25819
2026-09-17 07:30:00,76522.94,76535.92,76492,76512.61,84.33994,43.19035
2026-09-17 07:45:00,76512.61,76528,76425.34,76462.76,104.59473,64.15434
2026-09-17 08:00:00,76462.77,76527.66,76418,76418.01,93.45305,50.25532
2026-09-17 08:15:00,76418.01,76534.62,76396.97,76462,106.54928,50.2064
2026-09-17 08:30:00,76462,76545.01,76415.94,76494,106.25663,60.96737
2026-09-17 08:45:00,76494,76591.46,76477.45,76574.63,116.00668,56.38406
2026-09-17 09:00:00,76574.63,76717.42,76574.62,76689.51,89.6702,59.03378
2026-09-17 09:15:00,76689.51,76741.74,76650,76689.05,107.89928,54.56755
2026-09-17 09:30:00,76689.04,76770,76597.03,76597.04,87.79813,47.14495
2026-09-17 09:45:00,76597.03,76640.01,76468.04,76468.05,92.89978,40.47694
2026-09-17 10:00:00,76468.04,76470.49,76314,76398,107.25118,53.17977
2026-09-17 10:15:00,76398,76398.01,76318.93,76350,76.31017,39.74657
2026-09-17 10:30:00,76350,76410.01,76322.85,76325.01,68.13258,29.43511
2026-09-17 10:45:00,76325.01,76402.01,76270,76402.01,162.19597,61.09052
2026-09-17 11:00:00,76402.01,76455.01,76350,76434.35,63.69243,33.54122
2026-09-17 11:15:00,76434.35,76457.79,76346.14,76394.33,66.42618,27.36165
2026-09-17 11:30:00,76394.32,76394.33,76179,76192,77.84782,20.70999
2026-09-17 11:45:00,76192.01,76488.73,76192.01,76482,121.98449,71.51356
2026-09-17 12:00:00,76482,76820,76398.93,76820,203.09756,132.28466
2026-09-17 12:15:00,76819.99,76999.01,76814.29,76996.77,219.00642,137.34278
2026-09-17 12:30:00,76996.76,77179.47,76865.78,76870.18,419.29102,273.55366
2026-09-17 12:45:00,76870.18,76907.73,76734.65,76736.59,128.85531,67.88411
2026-09-17 13:00:00,76736.59,76889.66,76637,76659.3,175.8248,93.65721
2026-09-17 13:15:00,76659.3,76745.53,76465.11,76472.01,128.11738,53.96203
2026-09-17 13:30:00,76472.01,76584.01,76000,76152,423.75784,215.30412
2026-09-17 13:45:00,76152.01,76694.07,76054,76694.07,285.67339,184.95201
2026-09-17 14:00:00,76694.06,76983.14,76391.44,76965.72,330.06619,206.3241
2026-09-17 14:15:00,76965.72,77088.05,76706,76943.57,310.57472,166.3976
2026-09-17 14:30:00,76943.57,77014.01,76612,76620.54,193.63977,80.54594
2026-09-17 14:45:00,76620.53,76727.94,76500,76502.46,106.9918,58.70315
2026-09-17 15:00:00,76502.45,76502.46,76275,76350.26,132.86908,69.22955
2026-09-17 15:15:00,76350.25,76464.01,76287.23,76464.01,73.41614,46.86582
2026-09-17 15:30:00,76464.01,76862.85,76451.88,76766.28,122.74281,81.70692
2026-09-17 15:45:00,76766.28,76800,76604.58,76780.01,143.33686,66.37182
2026-09-17 16:00:00,76780.01,76811.39,76668,76731.47,99.85323,47.36944
2026-09-17 16:15:00,76731.47,76796.38,76676,76710.79,133.76934,82.43545
2026-09-17 16:30:00,76710.79,76713.66,76534,76706.01,188.32898,55.78958
2026-09-17 16:45:00,76706.01,76753.46,76591.58,76753.46,174.59289,80.34932
2026-09-17 17:00:00,76753.46,76920.7,76736.13,76820.01,251.55694,145.20518
2026-09-17 17:15:00,76820.01,76950,76768.53,76924.97,172.71844,102.25774
2026-09-17 17:30:00,76924.97,76970.01,76716,76716,137.39056,54.21079
2026-09-17 17:45:00,76716,76716,76576,76667.86,149.82809,69.84243
2026-09-17 18:00:00,76667.87,76720,76650,76719.99,38.05195,18.47573
2026-09-17 18:15:00,76720,76781.85,76719.99,76744.39,38.65427,16.0766
2026-09-17 18:30:00,76744.4,76757.98,76470.4,76626.82,115.6906,60.33008
2026-09-17 18:45:00,76626.81,76695.22,76575.96,76575.96,100.70048,47.27457
2026-09-17 19:00:00,76575.97,76624.18,76560.19,76564.62,70.29916,32.15946
2026-09-17 19:15:00,76564.61,76625,76504.62,76581.17,71.24723,37.23528
2026-09-17 19:30:00,76581.18,76625,76540,76603.59,53.66675,30.95822
2026-09-17 19:45:00,76603.6,76677.42,76506.18,76594.01,97.11619,53.42319
2026-09-17 20:00:00,76594.01,76650.01,76540.73,76636,46.69985,26.39262
2026-09-17 20:15:00,76636.01,76732.99,76600,76711.46,49.72176,28.53642
2026-09-17 20:30:00,76711.46,76711.46,76512,76527.45,61.02301,16.78791
2026-09-17 20:45:00,76527.44,76556.02,76500,76556.01,41.34278,28.34331
2026-09-17 21:00:00,76556.01,76616.01,76500,76506.87,82.82388,44.63413
2026-09-17 21:15:00,76506.87,76568.97,76506.86,76560.04,29.27465,10.43749
2026-09-17 21:30:00,76560.04,76580.86,76525,76525.01,37.43723,14.17324
2026-09-17 21:45:00,76525.01,76525.01,76395.51,76415.85,61.4182,23.81904
2026-09-17 22:00:00,76415.85,76458.55,76335.61,76367.21,96.65446,49.58642
2026-09-17 22:15:00,76367.21,76367.21,76259.98,76273.69,56.52513,16.83692
2026-09-17 22:30:00,76273.7,76447.87,76262,76418.01,54.85185,35.32394
2026-09-17 22:45:00,76418.01,76430,76323.37,76420,62.72017,41.27334
2026-09-17 23:00:00,76419.99,76510.01,76384.04,76494.5,79.95702,39.57162
2026-09-17 23:15:00,76494.51,76500,76468.26,76490,26.77891,12.76884
2026-09-17 23:30:00,76490,76490.01,76389.77,76436.09,62.89367,32.36715
2026-09-17 23:45:00,76436.1,76500.05,76403.99,76417.01,85.94552,50.56427
2026-09-18 00:00:00,76417.01,76472.35,76377.31,76472.35,237.36462,154.23508
2026-09-18 00:15:00,76472.34,76472.35,76296,76374,50.70293,30.25684
2026-09-18 00:30:00,76374,76455.09,76350,76431.35,48.33736,22.31027
2026-09-18 00:45:00,76431.36,76590,76410,76590,40.1702,21.95327
2026-09-18 01:00:00,76589.99,76678,76544,76550,368.3734,142.05493
2026-09-18 01:15:00,76550,76640.01,76520,76588.01,46.09612,27.11137
2026-09-18 01:30:00,76588,76720,76579.96,76696.59,77.66332,31.22383
2026-09-18 01:45:00,76696.59,76763.86,76693.58,76744.01,85.47057,40.22467
2026-09-18 02:00:00,76744.01,76817.79,76644,76770,169.76792,110.36523
2026-09-18 02:15:00,76770.01,76931.66,76752,76931.65,156.77525,114.95257
2026-09-18 02:30:00,76931.66,77042.06,76931.65,76946.63,295.99175,156.80601
2026-09-18 02:45:00,76946.63,77042.2,76924,76988.3,89.80735,49.39869
2026-09-18 03:00:00,76988.31,77323,76981.94,77322.99,204.70262,157.20313
2026-09-18 03:15:00,77322.99,77597.83,77287.44,77426.9,385.95832,249.13883
2026-09-18 03:30:00,77426.91,77497.42,77321.24,77343.05,157.77653,97.00457
2026-09-18 03:45:00,77343.06,77469.3,77343.05,77383.47,172.05524,83.22895
2026-09-18 04:00:00,77383.47,77417.39,77227.08,77291.22,182.13043,88.01384
2026-09-18 04:15:00,77291.34,77372.42,77250.91,77276.61,166.62081,100.03002
2026-09-18 04:30:00,77276.61,77450.63,77216.76,77450.63,205.64296,140.62912
2026-09-18 04:45:00,77450.63,77575.98,77346.61,77575.97,169.6565,97.56762
2026-09-18 05:00:00,77575.98,77669,77454.54,77528.2,225.71102,134.46378
2026-09-18 05:15:00,77528.19,77619.49,77442.93,77600.72,221.49209,112.58582
2026-09-18 05:30:00,77600.72,77715.48,77515.43,77590.64,156.85172,95.89957
2026-09-18 05:45:00,77590.65,77594.95,77460,77493.8,113.69975,49.39583
2026-09-18 06:00:00,77493.8,77611.7,77493.79,77496,110.84457,74.89888
2026-09-18 06:15:00,77496.01,77679.62,77488,77544.01,144.80587,92.75841
2026-09-18 06:30:00,77544,77582.02,77494.39,77526.01,124.63238,75.4514
2026-09-18 06:45:00,77526.01,77607.69,77402.32,77604,161.71731,93.31798
2026-09-18 07:00:00,77604.01,77787.83,77566.11,77627.36,184.92246,109.18572
2026-09-18 07:15:00,77627.36,77847.3,77618,77798.01,211.51924,144.77811
2026-09-18 07:30:00,77798.01,77850,77732.49,77822.01,603.10753,420.87611
2026-09-18 07:45:00,77822,77822,77730.57,77798.01,203.72866,79.80525
2026-09-18 08:00:00,77798,77973.45,77660,77767.1,345.69783,217.10436
2026-09-18 08:15:00,77767.1,78066.65,77760,77960.01,360.36332,177.33623
2026-09-18 08:30:00,77960.01,78028.01,77902.29,77968.73,162.93396,57.22039
2026-09-18 08:45:00,77968.73,78279.8,77959.39,78272.15,213.04413,149.81085
2026-09-18 09:00:00,78271.48,78490.79,78227.34,78377.3,467.39936,293.368
2026-09-18 09:15:00,78377.29,78394.15,78161.1,78162.96,258.46251,95.67903
2026-09-18 09:30:00,78162.97,78164.01,77961.57,78054,304.51608,110.25979
2026-09-18 09:45:00,78054,78220.07,78054,78212.01,168.61083,118.741
2026-09-18 10:00:00,78212,78222.01,78102,78196.59,133.98751,69.96899
2026-09-18 10:15:00,78196.59,78280.94,78167.55,78280.93,80.35775,40.21565
2026-09-18 10:30:00,78280.94,78319.67,78190.01,78230.01,92.2869,57.05294
2026-09-18 10:45:00,78230,78369.86,78211.62,78285.34,89.4126,51.35136
2026-09-18 11:00:00,78285.35,78450.01,78044.96,78118.01,265.65329,113.10308
2026-09-18 11:15:00,78118,78165.36,78040.4,78053.43,134.15851,53.53076
2026-09-18 11:30:00,78053.42,78172.56,78026,78026.01,89.69311,43.22646
2026-09-18 11:45:00,78026.01,78098.94,78026,78062,74.90607,37.64393
2026-09-18 12:00:00,78062.01,78124.99,77990.5,78083.43,153.25868,62.11553
2026-09-18 12:15:00,78083.44,78110.01,77982.88,78023.29,100.29987,30.48155
2026-09-18 12:30:00,78023.29,78182.01,77988,78120,147.96014,69.45282
2026-09-18 12:45:00,78120,78146.01,78026.32,78043.11,107.13593,47.78459
2026-09-18 13:00:00,78043.12,78084.67,77972.3,78029,153.26636,104.07934
2026-09-18 13:15:00,78029.01,78178.01,78029,78178,88.50001,53.72406
2026-09-18 13:30:00,78178.01,79320,78146.04,79297.04,908.41153,651.12353
2026-09-18 13:45:00,79297.04,80500,79226.6,80073.09,1976.87837,1179.98817
2026-09-18 14:00:00,80073.09,80626.58,80073.09,80303.26,1612.55693,964.78769
2026-09-18 14:15:00,80303.25,80989.99,80303.25,80705.08,1143.08269,674.8747
2026-09-18 14:30:00,80705.08,80815.72,80500,80784.67,559.84918,249.71288
2026-09-18 14:45:00,80784.67,80967.72,80717,80937.83,359.33732,182.18827
2026-09-18 15:00:00,80937.83,81050,80566.66,80768.43,703.01597,310.0062
2026-09-18 15:15:00,80768.43,81154.67,80768.43,80965.99,629.85893,399.2096
2026-09-18 15:30:00,80966,80976.59,80644.8,80644.8,247.99106,77.85929
2026-09-18 15:45:00,80644.8,80818.4,80501,80725.6,319.19787,130.60448
2026-09-18 16:00:00,80725.6,80970.27,80671.53,80967.33,328.92931,175.23299
2026-09-18 16:15:00,80967.33,81074.61,80868.15,81051.56,301.12701,126.80097
2026-09-18 16:30:00,81051.56,81258.01,80900,80999.99,326.82867,158.33434
2026-09-18 16:45:00,80999.99,80999.99,80770,80846.74,199.11012,53.50367
2026-09-18 17:00:00,80846.75,80898.96,80766.43,80898.95,181.92239,81.52551
2026-09-18 17:15:00,80898.95,80941.96,80622.74,80745.2,163.20912,75.47804
2026-09-18 17:30:00,80745.19,80774.01,80555.54,80774,169.30645,44.83252
2026-09-18 17:45:00,80774,81019.01,80758.25,81019,204.85664,140.62515
2026-09-18 18:00:00,81019,81019.01,80796.92,80872,178.99114,89.49222
2026-09-18 18:15:00,80872,80994.1,80812,80990.25,189.4832,78.5516
2026-09-18 18:30:00,80990.25,81148,80915.81,80943.39,267.85732,187.11179
2026-09-18 18:45:00,80943.38,81072.88,80879.91,80938.43,151.28701,59.78753
2026-09-18 19:00:00,80938.44,81208,80912,81196,132.54272,62.34988
2026-09-18 19:15:00,81196.01,81400,81118,81257.43,285.59958,149.44432
2026-09-18 19:30:00,81257.43,81257.43,81058,81244.68,182.28137,74.50362
2026-09-18 19:45:00,81244.68,81350.01,81135.03,81204.76,237.86654,129.08997
2026-09-18 20:00:00,81204.77,81235,80962,81078.01,183.45416,71.41068
2026-09-18 20:15:00,81078.01,81220,80941.65,81022,159.89791,61.53998
2026-09-18 20:30:00,81022.01,81176.47,80956.37,81168.01,103.45323,51.70501
2026-09-18 20:45:00,81168,81188,81070,81110.01,173.74708,50.64672
2026-09-18 21:00:00,81110.01,81291.95,81092,81277.61,153.80932,77.83044
2026-09-18 21:15:00,81277.61,81290.01,81108.17,81190.01,119.58582,47.69901
2026-09-18 21:30:00,81190,81300,81142.99,81220.69,106.57098,50.00825
2026-09-18 21:45:00,81220.7,81251.55,81146.67,81238.2,108.15324,49.60078
2026-09-18 22:00:00,81238.2,81370.57,81202.55,81241.98,154.78968,85.59918
2026-09-18 22:15:00,81241.98,81347.26,81237.42,81265,75.17249,30.94378
2026-09-18 22:30:00,81265,81265.01,81077.55,81124,106.05012,30.6785
2026-09-18 22:45:00,81124,81166,81088.85,81139.02,104.32216,57.67071
2026-09-18 23:00:00,81139.03,81200,81092,81175.64,153.55704,113.27747
2026-09-18 23:15:00,81175.65,81195.38,80999.13,80999.14,82.01489,32.73242
2026-09-18 23:30:00,80999.13,81030.01,80862.61,80899.99,158.50506,64.69699
2026-09-18 23:45:00,80899.99,80976.01,80880.93,80883.87,237.31645,99.34102
2026-09-19 00:00:00,80883.86,80976.01,80844.58,80976.01,206.69545,130.87266
2026-09-19 00:15:00,80976,81100,80975.14,81100,78.11481,42.13239
2026-09-19 00:30:00,81100,81333.9,81099.99,81322.03,113.24973,63.75097
2026-09-19 00:45:00,81322.04,81668.99,81271.02,81668.98,356.31623,244.43568
2026-09-19 01:00:00,81668.99,81741,81281.06,81281.07,206.4387,97.50901
2026-09-19 01:15:00,81281.08,81323.19,81088.65,81260.97,121.97648,46.72663
2026-09-19 01:30:00,81260.96,81266.01,81050,81172,109.68667,32.47625
2026-09-19 01:45:00,81172.01,81440,81172,81280.99,127.31992,38.84691
2026-09-19 02:00:00,81281,81418.01,81264,81375.93,76.42135,37.06671
2026-09-19 02:15:00,81375.93,81445.71,81328,81355,99.07168,39.83876
2026-09-19 02:30:00,81355.01,81439.52,81301,81322.01,121.58701,46.02677
2026-09-19 02:45:00,81322,81322,81280,81304.72,97.27866,21.53428
2026-09-19 03:00:00,81304.73,81402.01,81288,81288,86.77767,32.57913
2026-09-19 03:15:00,81288.01,81288.01,81142,81142.2,77.48199,23.05709
2026-09-19 03:30:00,81142.2,81168.33,81114.08,81168.01,35.88225,19.22964
2026-09-19 03:45:00,81168.01,81189.99,81136.01,81136.01,29.60994,12.36069
2026-09-19 04:00:00,81136.02,81224.6,81114.08,81208.3,83.11288,46.41788
2026-09-19 04:15:00,81208.29,81228.03,81128.02,81137.69,50.14009,16.94862
2026-09-19 04:30:00,81137.7,81137.7,80911.12,80971.95,130.98945,38.33683
2026-09-19 04:45:00,80971.95,81026.01,80942.01,81024,59.68393,26.80483
2026-09-19 05:00:00,81024.01,81136.01,81024,81044.32,53.68763,15.26581
2026-09-19 05:15:00,81044.32,81146.01,81018,81073.32,58.48321,23.60944
2026-09-19 05:30:00,81073.32,81116.01,81024.02,81026.62,51.02984,13.50847
2026-09-19 05:45:00,81026.62,81084.32,81012,81040.01,72.58731,24.53636
2026-09-19 06:00:00,81040.01,81067.53,81001.5,81001.51,45.59512,12.31795
2026-09-19 06:15:00,81001.51,81046.01,80925.76,80966.54,61.14801,20.03688
2026-09-19 06:30:00,80966.55,81086.2,80966.55,81069.85,60.75928,27.85064
2026-09-19 06:45:00,81069.85,81101.68,81030,81052.01,56.46115,29.67408
2026-09-19 07:00:00,81052.02,81164.01,81052.01,81164,37.85356,26.29256
2026-09-19 07:15:00,81164,81250,81078,81103.2,73.02138,35.84576
2026-09-19 07:30:00,81103.2,81118.61,81042,81054.01,48.49768,19.97172
2026-09-19 07:45:00,81054,81177.91,81032,81100.16,91.14633,39.62398
2026-09-19 08:00:00,81100.17,81248,81075.28,81242,126.53012,95.95481
2026-09-19 08:15:00,81242.01,81413.27,81200,81298,129.62659,72.71125
2026-09-19 08:30:00,81298,81390,81275.38,81322.01,48.16416,28.61595
2026-09-19 08:45:00,81322,81378.01,81286.08,81312.01,37.99571,20.07057
2026-09-19 09:00:00,81312.01,81528.01,81292,81435.11,150.21561,90.10688
2026-09-19 09:15:00,81435.11,81500,81390.12,81410,90.82847,37.38084
2026-09-19 09:30:00,81410,81435.88,81246.5,81262.77,126.10479,36.67682
2026-09-19 09:45:00,81262.77,81347.03,81262.76,81325.77,66.43626,34.52268
2026-09-19 10:00:00,81325.38,81330.29,81227.64,81308,55.20462,25.83441
2026-09-19 10:15:00,81308.01,81330.01,81260,81306.86,182.10352,70.89763
2026-09-19 10:30:00,81306.86,81306.86,81226.96,81258,54.94919,25.69147
2026-09-19 10:45:00,81258.01,81329.75,81199.99,81216.7,240.03918,125.55656
2026-09-19 11:00:00,81216.71,81373.61,81212.98,81313.5,123.89751,78.83838
2026-09-19 11:15:00,81313.5,81374.15,81272,81272,64.52488,31.31721
2026-09-19 11:30:00,81272.01,81300,81239.8,81286.01,72.03138,28.44705
2026-09-19 11:45:00,81286,81319.01,81286,81302.63,68.11232,23.69788
2026-09-19 12:00:00,81302.63,81369.86,81277.82,81347.99,95.20087,43.87391
2026-09-19 12:15:00,81347.99,81361.36,81223.16,81223.24,104.64809,27.68356
2026-09-19 12:30:00,81223.25,81286,81223.24,81280.04,49.77502,31.38279
2026-09-19 12:45:00,81280.05,81342.49,81244,81330,67.42497,31.59092
2026-09-19 13:00:00,81330.01,81337.33,81183.28,81238.54,113.21363,42.47511
2026-09-19 13:15:00,81238.54,81338.58,81233.09,81233.1,72.68353,37.14904
2026-09-19 13:30:00,81233.1,81282.64,81200,81263.09,82.88804,44.81675
2026-09-19 13:45:00,81263.09,81366.46,81228.36,81364.01,126.33882,86.51823
2026-09-19 14:00:00,81364,81468.24,81342,81383.62,204.2032,129.85863
2026-09-19 14:15:00,81383.63,81574.21,81383.62,81574.21,139.50899,99.10943
2026-09-19 14:30:00,81574.21,81639.61,81478,81536.78,163.22403,83.52011
2026-09-19 14:45:00,81536.79,81618.36,81499.14,81586.01,129.82968,71.58164
2026-09-19 15:00:00,81586.02,81751.14,81578,81700,333.65689,225.26889
2026-09-19 15:15:00,81700.01,81764.7,81566.79,81569.41,163.32935,94.83089
2026-09-19 15:30:00,81569.4,81951,81569.4,81919.05,271.56216,170.7213
2026-09-19 15:45:00,81919.05,81919.05,81609.26,81636.01,244.80354,81.31459
2026-09-19 16:00:00,81636.01,81779.38,81472,81760.21,186.81033,102.10617
2026-09-19 16:15:00,81760.21,81881.96,81746,81825.97,199.21637,141.55927
2026-09-19 16:30:00,81825.97,81914.01,81817.89,81861.08,184.34061,133.03852
2026-09-19 16:45:00,81861.08,81863.92,81827.49,81839.49,163.45566,107.99695
2026-09-19 17:00:00,81839.48,81857.21,81716,81716,101.55163,44.62796
2026-09-19 17:15:00,81716,81829.9,81447.9,81538.01,224.82884,86.23865
2026-09-19 17:30:00,81538.01,81601.67,81457.61,81498.02,104.21113,35.36451
2026-09-19 17:45:00,81498.02,81541.93,81454,81464.01,53.41227,18.05084
2026-09-19 18:00:00,81464,81534.01,81342,81382.74,72.22031,29.08497
2026-09-19 18:15:00,81382.73,81484.01,81334,81443.93,71.19626,22.09936
2026-09-19 18:30:00,81443.92,81516.01,81368.88,81489.99,73.90968,26.41271
2026-09-19 18:45:00,81490,81490,81410.74,81428.07,50.59569,19.38869
2026-09-19 19:00:00,81428.07,81454.01,81374.33,81380.86,34.29555,12.61942
2026-09-19 19:15:00,81380.86,81448.01,81354.37,81397.69,68.42816,28.02295
2026-09-19 19:30:00,81397.69,81397.69,81309.68,81327.69,91.41465,52.80352
2026-09-19 19:45:00,81327.69,81386.01,81320,81354.01,67.45946,19.33308
2026-09-19 20:00:00,81354.01,81431.13,81354,81412.93,73.50855,17.88718
2026-09-19 20:15:00,81412.93,81412.93,81249.03,81249.04,124.53306,20.79936
2026-09-19 20:30:00,81249.04,81296.84,81244.44,81287.1,116.02093,67.70106
2026-09-19 20:45:00,81287.1,81287.1,81080.24,81155.33,145.95207,67.70548
2026-09-19 21:00:00,81155.33,81222.15,80994.94,81000,138.18198,38.46733
2026-09-19 21:15:00,81000,81070.96,80904.46,81060,135.15926,45.47428
2026-09-19 21:30:00,81060,81066.01,80937.58,81020,144.73435,45.91521
2026-09-19 21:45:00,81020,81164.01,81020,81100.41,71.68601,22.1766
2026-09-19 22:00:00,81100.42,81100.42,80962,81006.01,109.5616,25.28025
2026-09-19 22:15:00,81006,81095.49,81000,81062.82,90.03111,38.87019
2026-09-19 22:30:00,81062.83,81246.01,81062.82,81246.01,64.13768,47.21727
2026-09-19 22:45:00,81246.01,81268.01,81204.06,81261.35,55.83958,35.00816
2026-09-19 23:00:00,81261.35,81281.03,81245.75,81281.02,42.04168,24.10538
2026-09-19 23:15:00,81281.03,81307.38,81221.33,81306,201.444,130.29126
2026-09-19 23:30:00,81306.01,81373.34,81279.67,81279.67,89.36472,23.09532
2026-09-19 23:45:00,81279.67,81319.26,81243.46,81249.99,337.06337,132.41916
2026-09-20 00:00:00,81249.99,81286,81208.83,81285.99,48.16097,22.08236
2026-09-20 00:15:00,81286,81330.01,81214,81318.01,212.57236,146.54713
2026-09-20 00:30:00,81318,81330.01,81264.45,81330,120.05401,79.75865
2026-09-20 00:45:00,81330,81330.01,81277.3,81293.37,70.3971,28.14324
2026-09-20 01:00:00,81293.37,81300,81138.49,81138.5,37.41488,8.1481
2026-09-20 01:15:00,81138.5,81211.99,81104,81122,58.73988,26.75663
2026-09-20 01:30:00,81122,81122.01,81027.11,81078.01,127.74391,58.44228
2026-09-20 01:45:00,81078.01,81116.01,81031.71,81097.99,45.47159,20.49745
2026-09-20 02:00:00,81098,81152.03,81084,81152.03,40.15,18.81915
2026-09-20 02:15:00,81152.03,81175.62,80984.48,80984.49,142.74017,58.67868
2026-09-20 02:30:00,80984.49,80990.01,80562.86,80562.86,367.34189,69.74445
2026-09-20 02:45:00,80562.87,80690.01,80263.66,80331.52,607.3635,214.59964
2026-09-20 03:00:00,80331.52,80524.52,80210.46,80247.39,542.55287,267.1412
2026-09-20 03:15:00,80247.39,80525.83,80126.04,80382.66,314.48209,202.76963
2026-09-20 03:30:00,80382.65,80404.13,80295.97,80387.99,168.43902,75.00085
2026-09-20 03:45:00,80388,80508.05,80327.03,80486.38,142.59137,102.39234
2026-09-20 04:00:00,80486.38,80524.53,80382.03,80429.6,70.19908,30.79947
2026-09-20 04:15:00,80429.6,80541.11,80330.96,80426.42,91.83818,48.08519
2026-09-20 04:30:00,80426.41,80492.82,80383.95,80383.95,57.07578,26.46017
2026-09-20 04:45:00,80383.94,80492.17,80311.01,80432.4,80.10926,35.14806
2026-09-20 05:00:00,80432.4,80668.15,80408.7,80600,299.76048,240.78281
2026-09-20 05:15:00,80600,80602.52,80450,80554.48,296.32617,222.7163
2026-09-20 05:30:00,80554.48,80634.14,80458,80540,160.09975,109.95158
2026-09-20 05:45:00,80540.01,80550.21,80457.26,80494.31,81.01704,31.00602
2026-09-20 06:00:00,80494.31,80528.01,80433.99,80520,62.02629,30.89293
2026-09-20 06:15:00,80520,80607.5,80464,80465.12,75.39406,35.78048
2026-09-20 06:30:00,80465.11,80480,80267.95,80379.06,189.74762,90.97247
2026-09-20 06:45:00,80379.07,80438.4,80227.27,80309.44,130.85524,60.01787
2026-09-20 07:00:00,80309.45,80366.14,80300.5,80344.01,54.3886,32.901
2026-09-20 07:15:00,80344.01,80420.01,80288,80397.58,72.93153,49.94119
2026-09-20 07:30:00,80397.57,80397.58,80298,80340.01,41.70861,27.77404
2026-09-20 07:45:00,80340,80389.88,80305.26,80311.61,60.08352,36.00486
2026-09-20 08:00:00,80311.6,80453.9,80311.6,80420.09,80.434,58.36932
2026-09-20 08:15:00,80420.1,80427.72,80378.93,80378.94,47.42182,33.0868
2026-09-20 08:30:00,80378.94,80409.85,80250,80256,57.88902,32.22359
2026-09-20 08:45:00,80256.01,80290.69,80165.49,80264.85,102.64307,48.61927
2026-09-20 09:00:00,80264.85,80332.01,80256.82,80267.89,47.21407,30.97396
2026-09-20 09:15:00,80267.88,80400,80258.51,80382.01,46.69787,40.89539
2026-09-20 09:30:00,80382.01,80581.82,80382,80552,87.37217,55.67356
2026-09-20 09:45:00,80552.01,80552.01,80466.86,80470.01,34.25341,14.42935
2026-09-20 10:00:00,80470.01,80515.83,80335.46,80411.1,66.19491,25.03447
2026-09-20 10:15:00,80411.11,80444.78,80333,80380.01,47.6523,20.21518
2026-09-20 10:30:00,80380,80433.97,80326,80357.67,53.34846,29.34092
2026-09-20 10:45:00,80357.67,80394.01,80319.58,80319.58,32.62947,15.54557
2026-09-20 11:00:00,80319.58,80412.01,80286,80366.18,97.67784,65.29719
2026-09-20 11:15:00,80366.18,80392,80312,80372.45,167.35524,110.88194
2026-09-20 11:30:00,80372.45,80499.68,80372.45,80458.96,169.14062,130.20209
2026-09-20 11:45:00,80458.96,80534.64,80454,80493.2,158.36405,117.88501
2026-09-20 12:00:00,80493.21,80534.01,80436,80488.01,113.85934,70.61054
2026-09-20 12:15:00,80488.01,80500.01,80360.65,80368.19,41.66721,10.77946
2026-09-20 12:30:00,80368.2,80387.98,80327.64,80356.01,72.04048,45.13165
2026-09-20 12:45:00,80356,80493.76,80356,80493.76,89.82302,51.73836
2026-09-20 13:00:00,80493.76,80650.58,80493.1,80574.49,104.10541,74.35937
2026-09-20 13:15:00,80574.5,80574.5,80486.72,80502.38,73.10998,28.49906
2026-09-20 13:30:00,80502.39,80562.98,80428,80562.98,49.86825,33.28622
2026-09-20 13:45:00,80562.98,80585.11,80538.3,80564.57,36.48553,22.98703
2026-09-20 14:00:00,80564.58,80789.33,80564.58,80592.01,115.49792,62.22513
2026-09-20 14:15:00,80592.01,80592.01,80414,80529.89,75.7369,30.57167
2026-09-20 14:30:00,80529.88,80680.01,80508,80633.33,131.87954,96.34068
2026-09-20 14:45:00,80633.32,80769.56,80608,80682.01,107.19927,68.28707
2026-09-20 15:00:00,80682.01,80928.95,80682,80766,171.68964,100.90485
2026-09-20 15:15:00,80766,80885.46,80666.66,80667.2,120.50034,58.12693
2026-09-20 15:30:00,80667.2,80875.98,80667.19,80839.5,77.07968,45.04678
2026-09-20 15:45:00,80839.51,80969.84,80839.5,80912,99.16548,67.28358
2026-09-20 16:00:00,80912,81209.99,80811.03,81160.08,294.59995,211.73678
2026-09-20 16:15:00,81160.07,81279.75,81044.28,81182.64,268.68854,187.88041
2026-09-20 16:30:00,81182.65,81497.33,81105.37,81376.01,401.93443,259.37138
2026-09-20 16:45:00,81376,81448.01,81220,81334.01,139.01543,71.89764
2026-09-20 17:00:00,81334.01,81462,81168.75,81240.01,192.88668,115.9778
2026-09-20 17:15:00,81240,81317.96,81140,81161.31,172.153,75.26667
2026-09-20 17:30:00,81161.31,81420.34,81161.3,81392,121.77579,75.51283
2026-09-20 17:45:00,81392.01,81418.57,81068.08,81147.94,133.3047,53.57516
2026-09-20 18:00:00,81147.94,81203.64,81030.97,81104.01,83.23123,29.327
2026-09-20 18:15:00,81104.01,81272.01,81104,81271.2,40.29452,23.48875
2026-09-20 18:30:00,81271.2,81314.01,81188.42,81218.05,44.76074,24.08569
2026-09-20 18:45:00,81218.06,81220.02,81032.65,81036,71.147,22.00061
2026-09-20 19:00:00,81036,81137.75,81036,81090.01,74.05471,51.25536
2026-09-20 19:15:00,81090.01,81116.64,81070,81116.64,25.77764,10.69245
2026-09-20 19:30:00,81116.63,81294.01,81116.63,81230.01,50.38341,27.21484
2026-09-20 19:45:00,81230,81292.01,81160.64,81177.32,37.78151,16.38843
2026-09-20 20:00:00,81177.32,81224.27,81153.48,81154.01,35.46744,13.86571
2026-09-20 20:15:00,81154.01,81218.01,81100,81187.34,98.45199,32.84897
2026-09-20 20:30:00,81187.34,81187.34,81082,81139.73,37.28591,17.02337
2026-09-20 20:45:00,81139.73,81221.62,81078.18,81091.85,54.31698,21.82042
2026-09-20 21:00:00,81091.86,81091.86,80579.43,80769.55,182.12191,61.29879
2026-09-20 21:15:00,80769.55,80930.01,80769.55,80882,67.56078,27.03465
2026-09-20 21:30:00,80882,80941.17,80804.32,80804.32,53.20099,21.242
2026-09-20 21:45:00,80804.32,80955.15,80796.89,80932.01,51.41828,30.7932
2026-09-20 22:00:00,80932.01,81295.5,80774.56,81295.11,150.28228,91.86855
2026-09-20 22:15:00,81295.1,81295.1,81079.19,81162,84.48349,40.67054
2026-09-20 22:30:00,81162.01,81272.35,81112.82,81112.83,70.50548,24.62467
2026-09-20 22:45:00,81112.83,81276.01,81112.82,81222.85,66.00676,29.08768
2026-09-20 23:00:00,81222.84,81258.62,81135.15,81157.52,49.84248,25.5826
2026-09-20 23:15:00,81157.52,81300.01,81143,81163.03,59.09876,37.00758
2026-09-20 23:30:00,81163.03,81284.01,81135.15,81262.01,62.1421,40.59371
2026-09-20 23:45:00,81262.01,81332.01,81164,81178,73.93489,36.68689
2026-09-21 00:00:00,81178.01,81713.97,81178.01,81683.96,277.94085,156.23782
2026-09-21 00:15:00,81683.96,81832.86,81517.45,81738.75,228.42439,117.34794
2026-09-21 00:30:00,81738.76,81842.58,81518.52,81693.92,162.17096,76.96956
2026-09-21 00:45:00,81694.01,81849.15,81583.64,81607.72,186.92661,81.00338
2026-09-21 01:00:00,81607.72,81804.83,81513.98,81794,179.94749,85.83893
2026-09-21 01:15:00,81794,82100,81502,81584,542.46186,327.88506
2026-09-21 01:30:00,81584,81667.82,81273.32,81468.06,180.21302,77.47939
2026-09-21 01:45:00,81468.01,81491.2,80850.22,80996.97,280.56539,108.75462
2026-09-21 02:00:00,80996.98,81368.01,80952.35,81368.01,163.35355,91.59987
2026-09-21 02:15:00,81368.01,81514.01,81322,81430,85.62711,41.66465
2026-09-21 02:30:00,81430,81430.01,81151.97,81257.02,148.38569,63.019
2026-09-21 02:45:00,81257.03,81396.59,81200,81310.61,91.38268,40.0245
2026-09-21 03:00:00,81310.61,81454,81250,81324,67.14964,30.14247
2026-09-21 03:15:00,81324,81500,81324,81444.97,172.16788,94.6668
2026-09-21 03:30:00,81444.96,81576.01,81444.96,81470.01,60.2439,34.65417
2026-09-21 03:45:00,81470.01,81513.96,81365.62,81425.23,79.25699,28.55695
2026-09-21 04:00:00,81425.24,81462.75,81277.04,81282.56,145.94171,39.85393
2026-09-21 04:15:00,81282.55,81348.01,81246,81304.94,113.37658,57.60879
2026-09-21 04:30:00,81304.93,81424.43,81228.15,81419.39,93.36484,46.83201
2026-09-21 04:45:00,81419.38,81509.25,81368.66,81400.01,84.28636,40.76568
2026-09-21 05:00:00,81400,81416.87,81302.05,81326.01,83.72997,34.28154
2026-09-21 05:15:00,81326.01,81648.01,81326,81582.02,113.17525,66.23196
2026-09-21 05:30:00,81582.02,81792.01,81582.01,81628,165.76583,105.3951
2026-09-21 05:45:00,81628,81680.01,81530,81550,95.71299,42.70852
2026-09-21 06:00:00,81550.01,81683.56,81544,81668.73,93.50828,53.1413
2026-09-21 06:15:00,81668.73,81878.98,81668.73,81814.01,163.61528,94.6406
2026-09-21 06:30:00,81814.01,81833.81,81400,81400.01,147.51771,60.00764
2026-09-21 06:45:00,81400.01,81751.67,81400,81639.9,127.38221,70.65657
2026-09-21 07:00:00,81639.91,81678.01,81475.82,81561.46,87.71419,36.23413
2026-09-21 07:15:00,81561.46,81660.96,81538,81614.01,72.62434,37.65112
2026-09-21 07:30:00,81614.02,81614.02,81458.42,81503.75,219.46901,41.68586
2026-09-21 07:45:00,81503.74,81725.74,81481.8,81720.01,245.0749,76.52736
2026-09-21 08:00:00,81720.01,81997.78,81720,81894,256.89442,144.92194
2026-09-21 08:15:00,81894.01,82265.32,81871.4,82240,417.2341,294.12147
2026-09-21 08:30:00,82240,84174.1,82188,83531.23,3091.51513,1919.05591
2026-09-21 08:45:00,83531.22,83886.01,83298.21,83760,788.10381,451.61675
2026-09-21 09:00:00,83760,84050.37,83700,83925.54,644.53304,380.22342
2026-09-21 09:15:00,83925.54,84600,83900,84457.18,1049.11194,559.03297
2026-09-21 09:30:00,84457.18,85299.87,84327.82,85030.4,1448.05479,950.56763
2026-09-21 09:45:00,85030.4,85069.46,84560.14,84653.71,684.87332,253.92698
2026-09-21 10:00:00,84653.7,84816.42,84500,84565.25,451.19493,234.6945
2026-09-21 10:15:00,84565.25,84741.35,84368.15,84368.16,522.81101,305.68052
2026-09-21 10:30:00,84368.16,84466,84130.21,84262.44,453.83492,227.58725
2026-09-21 10:45:00,84262.45,84446.01,84152.1,84441.77,268.79519,169.04325
2026-09-21 11:00:00,84441.77,84644.18,84392.41,84600.01,254.48417,160.99632
2026-09-21 11:15:00,84600.01,84709.65,84532,84674.01,244.40696,157.29775
2026-09-21 11:30:00,84674,84885.76,84616,84828.84,342.95004,187.57055
2026-09-21 11:45:00,84828.85,84917.36,84720,84887.19,309.16395,162.31941
2026-09-21 12:00:00,84887.19,85171.46,84820,85000.49,584.63041,330.26507
2026-09-21 12:15:00,85000.49,85473.68,84980.69,85084.49,572.57615,280.92396
2026-09-21 12:30:00,85084.48,85414.25,85040,85290.37,473.6229,210.93045
2026-09-21 12:45:00,85290.36,85422.38,85162.84,85323,374.10462,166.41006
2026-09-21 13:00:00,85323,85449.93,85084.23,85169.14,433.74007,165.53814
2026-09-21 13:15:00,85169.15,85219.44,84926,84946.89,537.91459,178.99378
2026-09-21 13:30:00,84946.89,85230,84778,85080.58,535.33913,249.78482
2026-09-21 13:45:00,85080.57,85845.27,85038.63,85466.34,824.011,440.6779
2026-09-21 14:00:00,85466.35,85540.81,85050,85321.82,509.32648,254.18941
2026-09-21 14:15:00,85321.82,85787.39,85229.82,85722.72,634.35019,339.85615
2026-09-21 14:30:00,85722.71,85999.95,85572.94,85799,606.31566,250.69508
2026-09-21 14:45:00,85799,86125,85698.12,85844.14,645.22343,311.74109
2026-09-21 15:00:00,85844.13,86344.7,85799.99,86289.14,787.6944,469.90936
2026-09-21 15:15:00,86289.14,86289.15,85814.61,85849.99,405.60919,140.6004
2026-09-21 15:30:00,85849.99,86119.99,85800,86119.99,379.67448,189.60045
2026-09-21 15:45:00,86119.99,86179.76,85903.5,85927.71,395.33659,171.74432
2026-09-21 16:00:00,85927.71,85965.88,85673.04,85727.3,395.77879,165.40453
2026-09-21 16:15:00,85727.3,85974.98,85727.3,85846.89,381.00456,233.54396
2026-09-21 16:30:00,85846.89,85957.12,85607.42,85857.2,208.79703,79.89519
2026-09-21 16:45:00,85857.21,86103.73,85842.13,85961.91,207.12037,106.88487
2026-09-21 17:00:00,85961.91,86108,85891.78,85950.14,195.08819,73.74822
2026-09-21 17:15:00,85950.14,85990.17,85754.7,85884.93,178.69528,71.62826
2026-09-21 17:30:00,85884.93,85971.3,85823.97,85893.89,102.78655,38.51511
2026-09-21 17:45:00,85893.89,85900.82,85667.5,85897.21,174.45581,74.18565
2026-09-21 18:00:00,85897.2,86010.48,85812.54,85987.64,160.66305,75.95474
2026-09-21 18:15:00,85987.64,86071.19,85891.73,85923.02,160.14593,84.98113
2026-09-21 18:30:00,85923.01,85980.77,85800,85923.13,184.54343,77.6696
2026-09-21 18:45:00,85923.14,86063.36,85886.15,86051.75,243.11128,111.64524
2026-09-21 19:00:00,86051.75,86067.95,85980.76,86055.65,147.84367,67.60129
2026-09-21 19:15:00,86055.66,86462.24,86045.7,86372.66,359.31074,204.93804
2026-09-21 19:30:00,86372.67,86895.7,86318.07,86577.63,588.81503,342.92105
2026-09-21 19:45:00,86577.64,86670.15,86474.42,86490.11,261.91976,115.43701
2026-09-21 20:00:00,86490.11,86799.9,86490.11,86750.4,142.51432,78.09765
2026-09-21 20:15:00,86750.41,87395.67,86707.58,87278.42,627.37486,356.37503
2026-09-21 20:30:00,87278.42,87303.49,86895.95,86949,276.61404,120.7608
2026-09-21 20:45:00,86948.99,87086.75,86863.44,87001.68,225.03403,93.40365
2026-09-21 21:00:00,87001.68,87001.68,86594.75,86594.76,141.87815,45.92529
2026-09-21 21:15:00,86594.75,86704.15,86537.53,86625.94,130.48415,78.85028
2026-09-21 21:30:00,86625.94,86870.62,86625.94,86790.35,173.08551,109.03951
2026-09-21 21:45:00,86790.35,86790.35,86588.29,86588.29,124.5297,53.92922
2026-09-21 22:00:00,86588.29,86711.27,86550,86622.02,154.79913,79.10919
2026-09-21 22:15:00,86622.01,86758.01,86373.27,86418.95,166.14998,81.18677
2026-09-21 22:30:00,86418.95,86597.61,86389.36,86428.29,149.80412,77.85543
2026-09-21 22:45:00,86428.29,86454.01,86295.78,86453.74,186.87703,83.65089
2026-09-21 23:00:00,86453.73,86696.74,86416.63,86649.18,161.83831,91.26892
2026-09-21 23:15:00,86649.17,86697.52,86500,86500,87.67791,32.13646
2026-09-21 23:30:00,86500.01,86530,86364.05,86462.01,223.17559,82.3969
2026-09-21 23:45:00,86462.01,86654.64,86438.13,86620,155.35395,85.6832
2026-09-22 00:00:00,86620.01,86625.82,86292.31,86478.16,284.30383,99.80794
2026-09-22 00:15:00,86478.16,86497.93,86333,86406.97,159.37774,87.38785
2026-09-22 00:30:00,86406.98,86517.12,86156.2,86357.77,294.91411,135.18861
2026-09-22 00:45:00,86357.78,86411.55,85867.68,85890.71,388.2921,147.03689
2026-09-22 01:00:00,85890.72,85973.79,85602.87,85786.21,394.1958,157.09816
2026-09-22 01:15:00,85780.02,85876.53,85395.27,85772.81,267.69749,121.97578
2026-09-22 01:30:00,85772.8,85840,85636.44,85681.72,121.11713,50.77684
2026-09-22 01:45:00,85681.71,85723.9,85539.38,85616.23,107.833,53.01809
2026-09-22 02:00:00,85616.23,85698.79,85300,85605.08,441.58665,142.73538
2026-09-22 02:15:00,85605.09,85845.8,85518.62,85744,178.05138,95.76219
2026-09-22 02:30:00,85744,85845.6,85644,85812.52,99.26099,51.80057
2026-09-22 02:45:00,85812.51,85879.25,85666.14,85714.9,180.07789,83.47419
2026-09-22 03:00:00,85714.91,85750.01,85453,85544.03,160.89661,60.37691
2026-09-22 03:15:00,85544.02,85646.01,85300.01,85612,218.63529,84.85326
2026-09-22 03:30:00,85612.01,85612.01,85421.16,85486.84,197.40015,116.72472
2026-09-22 03:45:00,85486.84,85742.74,85466.18,85692.83,126.30599,73.78417
2026-09-22 04:00:00,85692.83,85730.23,85616.24,85624,116.87296,53.28069
2026-09-22 04:15:00,85624,85645.33,85500,85565.99,272.85935,185.72329
2026-09-22 04:30:00,85565.99,85616.24,85460,85526.01,120.36818,52.9756
2026-09-22 04:45:00,85526,85534.18,85425.2,85452,84.83332,34.55422
2026-09-22 05:00:00,85452.01,85505.36,85374,85404.72,138.73062,63.65104
2026-09-22 05:15:00,85404.73,85416.01,85140.33,85215.06,184.54738,53.45725
2026-09-22 05:30:00,85215.06,85430.57,85114,85424.01,189.27735,123.91344
2026-09-22 05:45:00,85424.01,85600,85394,85397.37,331.77807,177.16275
2026-09-22 06:00:00,85397.38,85472.94,85258.01,85349.01,192.69957,116.46487
2026-09-22 06:15:00,85349.01,85374,85250,85372,108.97299,41.04702
2026-09-22 06:30:00,85372.01,85581.52,85350.54,85494.73,145.83622,82.17553
2026-09-22 06:45:00,85494.74,85502.26,85358,85384.01,135.43851,76.29194
2026-09-22 07:00:00,85384.02,85500,85300,85443.16,177.49483,87.36312
2026-09-22 07:15:00,85443.16,85462.66,85214,85322.71,262.0995,159.01519
2026-09-22 07:30:00,85322.71,85333.9,85157.31,85247.1,276.45203,62.06114
2026-09-22 07:45:00,85247.09,85344.01,85247.09,85344,329.92128,112.0866
2026-09-22 08:00:00,85344.01,85529.41,85344,85488,138.22085,80.58256
2026-09-22 08:15:00,85488.01,85646.75,85406,85419.69,161.55678,94.71187
2026-09-22 08:30:00,85419.7,86149.67,85327.42,86149.66,538.05302,398.58926
2026-09-22 08:45:00,86149.66,86377.77,86033.72,86223.77,370.82484,177.42187
2026-09-22 09:00:00,86223.77,86223.78,85681.83,85934.01,378.47815,131.48975
2026-09-22 09:15:00,85934,85998.44,85824,85900.42,209.66114,58.08689
2026-09-22 09:30:00,85900.43,86064.01,85850,86043.87,141.20492,85.29393
2026-09-22 09:45:00,86043.87,86271.22,86022,86253.99,222.52562,141.90475
2026-09-22 10:00:00,86253.99,86262.01,86012,86044,117.38287,49.0271
2026-09-22 10:15:00,86044.01,86094.01,85822.45,85866.02,145.20837,62.38279
2026-09-22 10:30:00,85866.01,85938.88,85723.04,85846,245.65083,81.77916
2026-09-22 10:45:00,85846.01,85980.01,85790.64,85904,126.20454,68.27715
2026-09-22 11:00:00,85904,85994.64,85774.27,85980.78,194.16598,79.05193
2026-09-22 11:15:00,85980.78,86093.83,85924.31,85924.31,185.96485,97.13815
2026-09-22 11:30:00,85924.32,86142.01,85861.91,86106.18,115.30861,62.80922
2026-09-22 11:45:00,86106.18,86136.77,85894.09,85986.62,166.08759,62.52123
2026-09-22 12:00:00,85986.62,86041.52,85918.01,85918.01,258.97986,157.75475
2026-09-22 12:15:00,85918,86104.01,85782.52,86104.01,416.96935,132.0688
2026-09-22 12:30:00,86104,86182.2,85981.36,85982.01,173.86102,83.22201
2026-09-22 12:45:00,85982,86060,85941.81,86024.01,170.64183,55.61718
2026-09-22 13:00:00,86024.01,86213.12,86015.08,86062.59,207.72826,110.36078
2026-09-22 13:15:00,86062.59,86062.59,85700.1,85743.06,266.48406,110.82294
2026-09-22 13:30:00,85742.75,86170.7,85569.46,85938.22,451.80068,220.90596
2026-09-22 13:45:00,85938.22,86370,85883.98,86346.01,292.82856,147.94862
2026-09-22 14:00:00,86346.01,86470.58,86081.23,86350.01,370.89923,169.73802
2026-09-22 14:15:00,86350.01,86388.12,85930.86,85930.86,356.04918,103.66285
2026-09-22 14:30:00,85930.87,86002.01,85461.53,85900.96,596.9927,243.90708
2026-09-22 14:45:00,85900.96,86264.01,85891.99,86258.01,227.79987,125.25142
2026-09-22 15:00:00,86258,86392.05,86132.39,86314,289.86135,130.99881
2026-09-22 15:15:00,86314.01,86334.01,86124.3,86284.52,197.71891,65.88517
2026-09-22 15:30:00,86284.52,86580,86250,86560.01,260.1194,150.06787
2026-09-22 15:45:00,86560,86717.6,86331.33,86413.12,273.07803,112.49027
2026-09-22 16:00:00,86413.11,86527.55,86154,86184,303.5263,101.68851
2026-09-22 16:15:00,86184,86300,86088.33,86090.12,236.06336,91.50316
2026-09-22 16:30:00,86090.12,86303.99,86033.18,86232,306.13962,111.03236
2026-09-22 16:45:00,86232.01,86588.3,86214.79,86421.13,223.05451,106.8146
2026-09-22 17:00:00,86421.13,86560.36,86376.83,86430,269.11239,116.65163
2026-09-22 17:15:00,86430.01,86584.76,86247.8,86584.76,255.94934,77.75485
2026-09-22 17:30:00,86584.76,86635.35,86451.28,86477.77,277.62464,119.79401
2026-09-22 17:45:00,86478.03,86660,86410.8,86570.24,270.33926,106.87828
2026-09-22 18:00:00,86570.24,86649.06,86440.88,86525.23,257.62375,97.78021
2026-09-22 18:15:00,86525.23,86643.87,86289.88,86289.88,289.69071,119.21394
2026-09-22 18:30:00,86289.88,86445.03,86241.4,86402.81,274.4104,140.89858
2026-09-22 18:45:00,86402.8,86581.04,86402.8,86461.44,203.64457,96.02991
2026-09-22 19:00:00,86461.45,86530,86397.94,86477.22,248.70335,117.54506
2026-09-22 19:15:00,86477.22,86584.55,86451.15,86531.87,264.51841,114.08432
2026-09-22 19:30:00,86531.87,86531.87,86267.13,86376.02,330.98461,113.47828
2026-09-22 19:45:00,86376.02,86404.48,86139.37,86192.44,295.37443,99.02691
2026-09-22 20:00:00,86192.45,86274.01,86132,86207.99,230.90111,75.95273
2026-09-22 20:15:00,86208,86378.32,86199.99,86329.33,188.98284,51.99373
2026-09-22 20:30:00,86329.33,86362.9,86236.01,86322.01,122.99724,70.20879
2026-09-22 20:45:00,86322,86322.01,86192.6,86264.01,103.84226,39.776
2026-09-22 21:00:00,86264.01,86344.01,86210.72,86253.78,89.85548,34.73954
2026-09-22 21:15:00,86253.78,86262,86219.2,86248.8,59.64856,22.3442
2026-09-22 21:30:00,86248.8,86305.39,86178,86208.95,94.06532,27.8294
2026-09-22 21:45:00,86208.96,86300,86184,86184.01,91.38193,38.9717
2026-09-22 22:00:00,86184,86284.01,86000,86038.01,175.49375,64.03384
2026-09-22 22:15:00,86038.01,86210.01,86032.81,86164.01,92.14306,36.25797
2026-09-22 22:30:00,86164.01,86282.64,86163.02,86216,121.14697,65.23437
2026-09-22 22:45:00,86216.01,86274.01,86119.2,86124.01,84.36243,28.04249
2026-09-22 23:00:00,86124.01,86504.17,86124,86383.94,164.99927,82.15482
2026-09-22 23:15:00,86383.94,86462.01,86169.99,86226.01,93.81514,35.51695
2026-09-22 23:30:00,86226.01,86267.15,86095.31,86132.01,222.13554,109.61476
2026-09-22 23:45:00,86132.01,86215.38,86106.98,86208.56,129.48802,77.64535
2026-09-23 00:00:00,86208.57,86377.76,86133.4,86349.62,177.44616,81.48474
2026-09-23 00:15:00,86349.63,86525,86349,86450,93.7158,54.61853
2026-09-23 00:30:00,86449.99,86588.3,86424,86444.01,260.29482,100.13406
2026-09-23 00:45:00,86444.01,86504.01,86419.6,86457.3,85.92574,36.68239
2026-09-23 01:00:00,86457.31,86845.39,86438,86721.43,427.75381,303.59627
2026-09-23 01:15:00,86721.44,86735.88,86585.79,86632.68,116.75918,58.70742
2026-09-23 01:30:00,86632.68,86640.01,86270.29,86277.85,105.48999,45.49521
2026-09-23 01:45:00,86277.85,86370.86,86169.74,86370,131.3944,71.62586
2026-09-23 02:00:00,86370.01,86386.42,86260.01,86378.01,160.71707,120.5
2026-09-23 02:15:00,86378.01,86638.15,86377.68,86589,236.51706,193.29465
2026-09-23 02:30:00,86589.01,86590,86472,86488,87.00654,52.42767
2026-09-23 02:45:00,86488.01,86552.27,86452.04,86552.26,68.9242,43.02582
2026-09-23 03:00:00,86552.27,86554.58,86436.35,86546.57,50.62423,29.99349
2026-09-23 03:15:00,86546.56,86822.7,86506,86691.93,158.34367,118.97888
2026-09-23 03:30:00,86691.94,86975.51,86660.21,86887.99,200.57206,114.15051
2026-09-23 03:45:00,86887.99,86888,86704.26,86704.27,86.08117,42.38933
2026-09-23 04:00:00,86704.27,86898.01,86636,86842,201.79024,125.99985
2026-09-23 04:15:00,86842.01,87246.42,86770.55,87020.02,331.35468,231.89014
2026-09-23 04:30:00,87020.01,87278.54,87020.01,87142.43,224.63111,106.04033
2026-09-23 04:45:00,87142.42,87223.88,87118.39,87166.95,119.15851,67.95155
2026-09-23 05:00:00,87166.94,87166.95,86888,86930.26,172.97993,63.19287
2026-09-23 05:15:00,86930.25,86958.01,86747.99,86781.65,209.20212,91.21992
2026-09-23 05:30:00,86781.65,86830.01,86710.73,86740.63,139.33386,51.98714
2026-09-23 05:45:00,86740.64,86770.36,86424,86496.01,213.08868,78.96873
2026-09-23 06:00:00,86496,86609.93,86445.17,86606.01,147.82106,62.95696
2026-09-23 06:15:00,86606.01,86606.01,86424,86424,139.35358,53.33881
2026-09-23 06:30:00,86424.01,86564.01,86375,86562.61,296.18615,241.34956
2026-09-23 06:45:00,86562.61,86562.61,86443.4,86469.66,145.54416,62.70473
2026-09-23 07:00:00,86469.67,86469.67,86309.94,86358.7,221.6854,90.86059
2026-09-23 07:15:00,86358.71,86443.36,86310.26,86406.04,155.93279,69.22904
2026-09-23 07:30:00,86406.03,86417.74,86000,86057.27,300.95647,98.40648
2026-09-23 07:45:00,86057.26,86223.77,86055.69,86124.77,223.52936,83.7451
2026-09-23 08:00:00,86124.77,86250,86082.03,86179.52,131.90466,52.55729
2026-09-23 08:15:00,86179.52,86264.01,86142.7,86151.37,121.88942,52.71949
2026-09-23 08:30:00,86151.37,86213.02,86082.19,86088.01,199.76728,38.39612
2026-09-23 08:45:00,86088.01,86092.01,85688,85899.99,454.4525,160.23469
2026-09-23 09:00:00,85899.99,86014.34,85880.49,85945.31,138.72406,56.99348
2026-09-23 09:15:00,85945.31,86024.01,85867.29,85888.43,168.36486,81.35059
2026-09-23 09:30:00,85888.42,85933.64,85790,85800.01,131.81802,49.72989
2026-09-23 09:45:00,85800,85924.01,85734.01,85854.33,153.9169,75.33456
2026-09-23 10:00:00,85854.34,85934.02,85819.44,85859.25,108.28412,70.04455
2026-09-23 10:15:00,85859.25,85859.25,85658.75,85800.01,174.18965,87.89053
2026-09-23 10:30:00,85800.01,85876,85730.69,85876,120.89474,55.73673
2026-09-23 10:45:00,85876,85923.07,85828,85923.07,171.53236,120.10865
2026-09-23 11:00:00,85923.07,85966.04,85699.11,85742.47,149.58747,62.34318
2026-09-23 11:15:00,85742.46,85748.6,85467.88,85506.01,266.76682,78.99186
2026-09-23 11:30:00,85506.01,85596.01,85450.88,85509.99,178.58061,87.88851
2026-09-23 11:45:00,85509.99,85677,85509.99,85649.95,111.18861,51.71224
2026-09-23 12:00:00,85649.96,85675.04,85459.4,85472.63,198.34471,100.78628
2026-09-23 12:15:00,85472.63,85518.01,85267.32,85485.41,251.18603,96.32382
2026-09-23 12:30:00,85485.41,85600,85463.03,85463.04,182.68515,88.7573
2026-09-23 12:45:00,85463.04,85550.95,85410,85510.91,99.73027,45.84709
2026-09-23 13:00:00,85510.9,85519.88,85288,85372,209.96461,109.18374
2026-09-23 13:15:00,85371.99,85588.01,85371.99,85548,173.21577,81.90341
2026-09-23 13:30:00,85548.01,85878.01,85524.36,85835.08,411.69846,228.46717
2026-09-23 13:45:00,85835.09,85838.01,85550.3,85792.01,279.95915,133.20433
2026-09-23 14:00:00,85792.01,85940.32,84535.6,84875.88,1297.2129,445.49363
2026-09-23 14:15:00,84875.87,84886.92,83928.57,84041.66,1785.74124,652.0661
2026-09-23 14:30:00,84041.66,84496.59,83864.07,84312.51,964.44865,517.65421
2026-09-23 14:45:00,84312.51,84580,84200,84533.99,564.92478,306.00279
2026-09-23 15:00:00,84534,84722.68,84456.25,84652.63,394.20108,229.06515
2026-09-23 15:15:00,84652.63,84794.01,84491.88,84505.46,439.86754,164.80384
2026-09-23 15:30:00,84505.45,84534.01,84277.17,84296.89,480.26847,158.3206
2026-09-23 15:45:00,84296.89,84337.55,83950,83996.01,572.41577,206.68278
2026-09-23 16:00:00,83996,84363.19,83500.01,84345.88,794.75362,339.50708
2026-09-23 16:15:00,84345.88,84350,84139.31,84239.38,193.40172,73.35539
2026-09-23 16:30:00,84239.38,84335,83939.23,84091.13,243.75858,112.50314
2026-09-23 16:45:00,84091.13,84146.37,83846.94,84038,258.16832,147.57382
2026-09-23 17:00:00,84038.01,84182,83699.27,83810.47,395.41045,189.98122
2026-09-23 17:15:00,83810.48,84225.8,83786,84064.49,250.708,160.31786
2026-09-23 17:30:00,84064.49,84259.25,83983.23,84259.24,181.12011,93.03117
2026-09-23 17:45:00,84259.24,84392.56,84256.62,84326.56,325.88056,203.831
2026-09-23 18:00:00,84326.55,84340.42,84162,84203.35,224.6673,110.64539
2026-09-23 18:15:00,84203.36,84275.57,84143.17,84158.01,155.92102,79.14344
2026-09-23 18:30:00,84158,84234.31,84136,84230.23,112.83478,70.88736
2026-09-23 18:45:00,84230.01,84411,84197,84330,167.9837,84.31469
2026-09-23 19:00:00,84330,84399.57,84228,84370.9,189.53575,94.62832
2026-09-23 19:15:00,84370.91,84465,84308,84410,139.4588,76.52427
2026-09-23 19:30:00,84410,84493.42,84398.12,84448,128.72387,65.47244
2026-09-23 19:45:00,84448,84565.21,84436.68,84518,210.23507,103.07397
2026-09-23 20:00:00,84518,84569.94,84280,84340,152.71831,56.14303
2026-09-23 20:15:00,84340.01,84398.01,84256,84303.33,87.20138,24.4511
2026-09-23 20:30:00,84303.34,84424.01,84300.92,84401.19,87.65332,36.82966
2026-09-23 20:45:00,84401.2,84414.01,84224.01,84232.86,95.41472,21.02626
2026-09-23 21:00:00,84232.86,84372.69,84212.68,84370.73,130.49004,58.08332
2026-09-23 21:15:00,84370.74,84418.01,84328.88,84418,115.56409,53.79392
2026-09-23 21:30:00,84418,84514.17,84417.99,84499.29,89.60363,37.24642
2026-09-23 21:45:00,84499.29,84516.01,84419.48,84419.48,80.8677,28.64816
2026-09-23 22:00:00,84419.49,84670.01,84344.51,84594,131.93603,66.78833
2026-09-23 22:15:00,84594,84600.01,84484,84484.01,80.54233,20.27237
2026-09-23 22:30:00,84484,84522.68,84396.25,84496,79.65935,25.33465
2026-09-23 22:45:00,84496.01,84620,84493.48,84563.01,68.89478,28.94254
2026-09-23 23:00:00,84563.01,84566,84480.33,84492.08,68.20708,24.22656
2026-09-23 23:15:00,84492.08,84508.01,84432,84483.95,27.82658,14.10482
2026-09-23 23:30:00,84483.95,84512,84440,84464,44.32954,17.21621
2026-09-23 23:45:00,84464.01,84476.01,84352,84397.6,59.62158,23.23338
2026-09-24 00:00:00,84397.6,84494.5,84300,84358,83.57968,32.77931
2026-09-24 00:15:00,84358,84440.87,84337.98,84338,123.59696,44.94154
2026-09-24 00:30:00,84338,84452.52,84274.1,84364,197.46349,143.70786
2026-09-24 00:45:00,84364,84371.76,84213.99,84318,93.61436,40.87426
2026-09-24 01:00:00,84318,84401.17,84252,84281.96,84.79885,35.28559
2026-09-24 01:15:00,84281.96,84334.04,84186,84230,194.48242,90.81781
2026-09-24 01:30:00,84230,84470.47,84077.45,84138.08,174.30968,69.2571
2026-09-24 01:45:00,84138.08,84188.16,84064,84104.35,131.21201,53.30041
2026-09-24 02:00:00,84104.35,84126.13,83744.7,83946.56,372.32207,104.00821
2026-09-24 02:15:00,83946.57,84250,83946.57,84164.19,121.26929,67.99424
2026-09-24 02:30:00,84164.2,84337,84137.48,84332.01,89.17444,57.37356
2026-09-24 02:45:00,84332,84372.01,84332,84365.54,67.09046,41.9069
2026-09-24 03:00:00,84365.55,84480.01,84242,84333.55,112.74913,62.45331
2026-09-24 03:15:00,84333.55,84360.01,84000,84056,86.30475,31.58651
2026-09-24 03:30:00,84056.01,84056.01,83878,84010.01,95.74245,49.65856
2026-09-24 03:45:00,84010.01,84023.33,83850,83934.01,74.10012,29.48822
2026-09-24 04:00:00,83934.01,83962.01,83810.09,83822,114.34766,42.08117
2026-09-24 04:15:00,83822.01,83937.96,83781.89,83934.54,112.27222,64.31427
2026-09-24 04:30:00,83934.54,83934.55,83854.38,83875.41,44.17959,17.82235
2026-09-24 04:45:00,83875.41,84054.05,83794,84046,90.33755,56.76829
2026-09-24 05:00:00,84046,84400,84041.64,84200,106.62775,59.12115
2026-09-24 05:15:00,84200.01,84234.01,84132,84183,61.3609,32.69794
2026-09-24 05:30:00,84183,84248.01,84110,84194,58.46898,35.56572
2026-09-24 05:45:00,84194,84240.01,83959.55,83978.02,90.82821,30.85603
2026-09-24 06:00:00,83978.02,84189.52,83918.84,84118.01,155.53707,67.45503
2026-09-24 06:15:00,84118.01,84206.27,84072.06,84193.98,176.65633,59.40256
2026-09-24 06:30:00,84193.98,84225.07,84153.9,84190.01,96.86962,37.1566
2026-09-24 06:45:00,84190.01,84199.81,84090.11,84113.99,61.30928,22.05533
2026-09-24 07:00:00,84114,84146.01,83950,84089.38,124.52939,45.5919
2026-09-24 07:15:00,84089.38,84411.55,84062.01,84411.55,147.72016,89.7256
2026-09-24 07:30:00,84411.55,84578.01,84378.77,84430.17,382.16168,210.82485
2026-09-24 07:45:00,84430.18,84612.01,84372,84524.02,328.76845,215.82684
2026-09-24 08:00:00,84524.02,84622.01,84401.49,84401.99,362.31332,244.86674
2026-09-24 08:15:00,84402,84463.99,83778,83778.01,337.31025,186.01204
2026-09-24 08:30:00,83778.01,83972.01,83630,83738,316.35732,151.1632
2026-09-24 08:45:00,83738,83777.15,83301,83660,588.9672,259.1584
2026-09-24 09:00:00,83660.01,83743.43,83459.36,83460.72,234.08782,118.97464
2026-09-24 09:15:00,83460.72,83522.01,83338.01,83364,246.00622,97.82606
2026-09-24 09:30:00,83364,83364.01,82874.93,83170.52,1001.8735,277.85865
2026-09-24 09:45:00,83170.52,83278.01,83036,83263.95,258.08,123.02468
2026-09-24 10:00:00,83263.96,83390,83156,83302,255.51823,115.17725
2026-09-24 10:15:00,83302,83366.01,83174.24,83264.01,232.72819,111.71246
2026-09-24 10:30:00,83264,83454.61,83166,83397.34,139.85068,79.48037
2026-09-24 10:45:00,83397.34,83566.66,83370.8,83512.2,320.42784,210.65794
2026-09-24 11:00:00,83512.2,83595.54,83506.76,83572.01,121.43164,62.33303
2026-09-24 11:15:00,83572.01,83616.01,83491.7,83522,175.72313,60.61066
2026-09-24 11:30:00,83522,83549.35,83410.69,83455.32,94.7092,45.53641
2026-09-24 11:45:00,83455.61,83549.65,83399.47,83494.58,155.39493,77.6453
2026-09-24 12:00:00,83494.59,83600.01,83394,83533.16,120.2161,57.98007
2026-09-24 12:15:00,83533.16,83670.01,83525,83550.01,141.22567,58.51413
2026-09-24 12:30:00,83550.01,83579.36,83346.66,83500.01,120.23542,53.44798
2026-09-24 12:45:00,83500.01,83657.5,83427.69,83604.26,113.97928,57.86755
2026-09-24 13:00:00,83604.26,83760.01,83600,83755.87,139.19844,84.74558
2026-09-24 13:15:00,83755.88,83960,83728,83780,189.21174,108.30986
2026-09-24 13:30:00,83780.01,84340.01,83759.21,83942,484.20778,297.31365
2026-09-24 13:45:00,83942.01,84258.43,83856,84258.43,260.66537,119.24587
2026-09-24 14:00:00,84258.42,84368.17,84132,84230,279.50218,124.26134
2026-09-24 14:15:00,84230,84942.45,84144,84875.22,502.50244,279.40865
2026-09-24 14:30:00,84875.22,84875.22,84391.49,84413.67,750.18271,215.2808
2026-09-24 14:45:00,84413.66,84414.5,83388.88,83673.77,650.81294,200.86223
2026-09-24 15:00:00,83673.77,83930.01,83508,83901.07,343.04962,176.45207
2026-09-24 15:15:00,83901.06,84249.99,83885.35,84125.71,260.11141,150.42163
2026-09-24 15:30:00,84125.71,84457.39,84108,84428,254.30015,140.31328
2026-09-24 15:45:00,84428,84468.01,84292,84418,153.57441,74.58344
2026-09-24 16:00:00,84418.01,84432.01,84044.02,84262.01,192.08693,71.50779
2026-09-24 16:15:00,84262.01,84837,84262.01,84706.72,461.25186,270.87968
2026-09-24 16:30:00,84706.73,84924.01,84444,84555.65,313.92768,143.64379
2026-09-24 16:45:00,84555.65,84710.01,84426,84500.33,193.12557,112.1635
2026-09-24 17:00:00,84500.32,84562.01,84369.31,84478,179.76751,78.82427
2026-09-24 17:15:00,84478,84542.01,84210.12,84329.71,210.19451,72.50087
2026-09-24 17:30:00,84329.71,84439.63,84144.15,84172.01,138.80155,56.02437
2026-09-24 17:45:00,84172,84222.01,84017.68,84110,174.05014,63.49638
2026-09-24 18:00:00,84110,84258.01,83888,84258,132.2105,66.9791
2026-09-24 18:15:00,84258,84482.29,84242,84424.01,126.72784,75.66558
2026-09-24 18:30:00,84424.01,84554,84258,84423.84,148.6238,63.88108
2026-09-24 18:45:00,84423.84,84540.01,84367.8,84476.01,103.68304,39.13149
2026-09-24 19:00:00,84476.01,84629.72,84298,84583.99,170.55204,89.78864
2026-09-24 19:15:00,84584,84660,84540,84643.87,128.67036,43.96635
2026-09-24 19:30:00,84643.87,84643.88,84416.12,84451.24,159.70672,85.63978
2026-09-24 19:45:00,84451.24,84576.9,84309.06,84412.65,191.4533,84.2475
2026-09-24 20:00:00,84412.64,84442.61,84244,84250,153.81371,60.1214
2026-09-24 20:15:00,84250.01,84317.91,84170,84266,117.34277,42.35819
2026-09-24 20:30:00,84266.01,84412.82,84206,84387.33,147.25346,93.55445
2026-09-24 20:45:00,84387.33,84500,84272,84371.63,185.75866,131.19374
2026-09-24 21:00:00,84371.62,84404.01,84290,84340,183.09238,130.38332
2026-09-24 21:15:00,84340.01,84460.87,84336,84426.84,72.13481,42.91315
2026-09-24 21:30:00,84426.84,84501.16,84418,84488.92,98.57326,58.25006
2026-09-24 21:45:00,84488.92,84492.01,84340.01,84350,68.07927,21.3014
2026-09-24 22:00:00,84350,84368.01,84247.37,84333.97,96.8836,48.65271
2026-09-24 22:15:00,84333.97,84334.02,83948.43,84129.52,250.23785,75.58075
2026-09-24 22:30:00,84129.51,84193.62,84068.74,84150.01,110.61315,40.83106
2026-09-24 22:45:00,84150.01,84277.32,84143.83,84277.32,66.5519,43.54503
2026-09-24 23:00:00,84277.32,84373.37,84269.99,84306.72,76.18259,35.88728
2026-09-24 23:15:00,84306.72,84443.36,84294,84435.26,56.64102,29.98392
2026-09-24 23:30:00,84435.26,84473.58,84412.07,84412.08,90.71963,40.16584
2026-09-24 23:45:00,84412.08,84445.92,84380.01,84410.24,47.36817,20.6984
2026-09-25 00:00:00,84410.24,84718.02,84410.24,84657.87,146.65962,78.52022
2026-09-25 00:15:00,84657.86,84675.1,84549.55,84673.41,240.07276,106.70483
2026-09-25 00:30:00,84673.41,84687.58,84547.92,84598.86,121.07538,62.78734
2026-09-25 00:45:00,84598.87,84668,84564.96,84590.01,75.23317,25.08043
2026-09-25 01:00:00,84590.01,84796.51,84578.07,84700.03,233.79439,120.62388
2026-09-25 01:15:00,84700.02,84753.01,84510.36,84540.16,140.74776,62.97023
2026-09-25 01:30:00,84540.16,84540.16,84366,84479.69,107.73977,39.26879
2026-09-25 01:45:00,84479.69,84632.01,84479.69,84610.73,71.48991,35.58425
2026-09-25 02:00:00,84610.74,84881.55,84572,84841.53,104.87656,59.30879
2026-09-25 02:15:00,84841.54,84888,84650,84692.01,194.93204,34.19689
2026-09-25 02:30:00,84692,84727.65,84404.01,84485.06,107.75245,41.13137
2026-09-25 02:45:00,84485.06,84485.06,84180,84226.16,169.70257,41.33772
2026-09-25 03:00:00,84226.17,84328.01,84184,84253.93,152.97546,82.74723
2026-09-25 03:15:00,84253.94,84326.01,84121.25,84146.01,96.24844,27.9253
2026-09-25 03:30:00,84146.01,84385.1,84063.18,84213.2,100.37761,51.45333
2026-09-25 03:45:00,84213.19,84235.89,84138.47,84231.19,71.50601,26.52146
2026-09-25 04:00:00,84231.19,84231.2,84072,84072.01,91.7689,40.78567
2026-09-25 04:15:00,84072,84170,84061.22,84119.99,138.44963,69.68563
2026-09-25 04:30:00,84120,84298.01,84119.99,84278,138.47605,84.77996
2026-09-25 04:45:00,84278,84286.01,84165.8,84208.01,125.55008,51.89358
2026-09-25 05:00:00,84208,84254.01,84168.45,84168.45,51.32258,20.90263
2026-09-25 05:15:00,84168.45,84270.09,84096.94,84190.02,79.39511,40.35222
2026-09-25 05:30:00,84190.02,84347.86,84122.41,84256.23,122.71199,55.36158
2026-09-25 05:45:00,84256.22,84290.01,84194,84194.01,50.52021,20.38242
2026-09-25 06:00:00,84194,84233.78,83962,84120,141.20447,52.30849
2026-09-25 06:15:00,84120,84284.01,84063.18,84102.99,87.78385,41.30093
2026-09-25 06:30:00,84102.98,84102.99,83938,84031.56,91.90766,38.77501
2026-09-25 06:45:00,84031.55,84070.01,84010,84036,81.87685,34.60004
2026-09-25 07:00:00,84036.01,84058.01,83750.5,83820.79,163.79386,66.93304
2026-09-25 07:15:00,83820.79,84046.01,83819.42,84046,104.07058,54.59316
2026-09-25 07:30:00,84046,84096.01,83818.75,83915.18,380.11224,155.96713
2026-09-25 07:45:00,83915.18,84088.87,83887.16,84043.96,694.47283,327.52398
2026-09-25 08:00:00,84043.96,84191.58,84028.98,84121.75,317.72874,206.57303
2026-09-25 08:15:00,84121.75,84512,84121.74,84432,181.19669,136.68776
2026-09-25 08:30:00,84432,84446.46,84322.49,84322.49,91.38225,49.0067
2026-09-25 08:45:00,84322.49,84473.57,84294.49,84417.06,96.54424,49.16313
2026-09-25 09:00:00,84417.05,84721,84417.05,84596.82,223.10484,130.31705
2026-09-25 09:15:00,84596.81,84832.84,84545.67,84814.01,227.47825,143.88013
2026-09-25 09:30:00,84814.01,84870,84592.59,84630.7,157.91855,47.02003
2026-09-25 09:45:00,84630.7,84643.67,84570.01,84570.01,90.07331,36.17811
2026-09-25 10:00:00,84570.02,84570.02,84394,84496.01,103.06392,39.35739
2026-09-25 10:15:00,84496.01,84746.01,84451.55,84728.56,109.04317,66.11949
2026-09-25 10:30:00,84728.57,84819.31,84662.25,84784,162.06028,80.29833
2026-09-25 10:45:00,84784,84870,84713.66,84713.66,166.68573,78.41377
2026-09-25 11:00:00,84713.67,85222,84707.5,85221.94,1019.46434,811.84521
2026-09-25 11:15:00,85221.94,85255,84841.04,84926.99,431.00815,204.18107
2026-09-25 11:30:00,84927,84973.66,84705.88,84716.69,191.08022,76.38372
2026-09-25 11:45:00,84716.69,84744.74,84567.02,84582.64,158.39566,74.3873
2026-09-25 12:00:00,84582.64,84704,84223.56,84368.41,357.19358,138.0323
2026-09-25 12:15:00,84368.42,84405.91,83900,84405.9,440.81177,181.81048
2026-09-25 12:30:00,84405.91,84542.01,84340,84435.99,237.0012,122.69031
2026-09-25 12:45:00,84435.99,84574.01,84340.01,84471.8,258.75892,105.27026
2026-09-25 13:00:00,84471.79,84574.01,84340,84460,258.30405,112.27391
2026-09-25 13:15:00,84460.01,84600.01,84104.22,84104.22,383.50107,190.42714
2026-09-25 13:30:00,84104.22,84342.01,83800,84010,527.75498,188.75955
2026-09-25 13:45:00,84010.01,84112.01,83530.06,83923.71,478.11111,211.24424
2026-09-25 14:00:00,83923.71,84017.47,83183,83580.01,936.97534,331.25293
2026-09-25 14:15:00,83580.01,83800,83462,83649.76,304.44143,126.68317
2026-09-25 14:30:00,83650.01,83928.01,83650,83684.46,355.74737,143.95325
2026-09-25 14:45:00,83684.46,84030.01,83564,84016.01,450.49328,264.95684
2026-09-25 15:00:00,84016.01,84092.01,83754,84001.9,276.79925,131.06241
2026-09-25 15:15:00,84001.9,84004.83,83730.81,83766.46,316.405,113.24539
2026-09-25 15:30:00,83766.45,83892.01,83455,83474.35,360.11474,101.35793
2026-09-25 15:45:00,83474.35,83796.01,83363.63,83796.01,224.72457,77.365
2026-09-25 16:00:00,83796.01,84077.64,83796.01,84010.48,369.73458,201.63628
2026-09-25 16:15:00,84010.48,84115.87,83926.57,83972.01,141.85728,62.70796
2026-09-25 16:30:00,83972.01,84037.92,83819.86,83906.01,171.77952,74.6013
2026-09-25 16:45:00,83906.01,83906.01,83720,83742.22,103.78844,42.7927
2026-09-25 17:00:00,83742.23,83962.01,83742.23,83959.93,159.18417,90.67081
2026-09-25 17:15:00,83959.92,83995.84,83694.83,83694.84,178.37257,84.17611
2026-09-25 17:30:00,83694.84,83840.53,83628,83803.7,155.16174,78.28482
2026-09-25 17:45:00,83803.7,83810.01,83704.04,83785.11,103.31068,68.28762
2026-09-25 18:00:00,83785.11,84019.97,83785.11,83998.76,88.44751,48.13318
2026-09-25 18:15:00,83998.76,84081.41,83902.69,83958,117.07936,51.30037
2026-09-25 18:30:00,83958.01,84020.01,83916.08,83980.54,83.61397,32.11851
2026-09-25 18:45:00,83980.54,84003.47,83938.6,83968,52.76313,25.74701
2026-09-25 19:00:00,83968.01,84050.01,83934,84049.97,94.40308,53.06049
2026-09-25 19:15:00,84049.97,84050,83954,84007.3,70.69403,36.18477
2026-09-25 19:30:00,84007.29,84072.01,83956.52,83986.47,77.66329,40.91332
2026-09-25 19:45:00,83986.47,84078.23,83986.46,84020.01,86.20619,37.33147
2026-09-25 20:00:00,84020.01,84043.9,83946,83974.49,64.29699,29.38993
2026-09-25 20:15:00,83974.49,84101.12,83974.49,84064.92,84.05398,42.94328
2026-09-25 20:30:00,84064.91,84193.39,84051.75,84122.01,81.0979,47.6603
2026-09-25 20:45:00,84122.01,84122.01,83817.89,83886,79.48985,28.69904
2026-09-25 21:00:00,83886.01,83921.36,83657.14,83696.49,128.25808,40.31991
2026-09-25 21:15:00,83696.49,83773.69,83632.03,83773.68,70.12568,41.57047
2026-09-25 21:30:00,83773.69,83840.87,83725.36,83814.6,53.31556,26.06508
2026-09-25 21:45:00,83814.6,83886,83789.92,83792,114.14785,18.00094
2026-09-25 22:00:00,83792,83933.94,83765.26,83933.94,39.02375,21.67683
2026-09-25 22:15:00,83933.94,83973.99,83900.57,83906,112.04353,37.74546
2026-09-25 22:30:00,83906,84098.5,83906,84079.69,63.49864,41.58957
2026-09-25 22:45:00,84079.69,84123.35,84041.73,84083.05,153.35355,90.30326
2026-09-25 23:00:00,84083.05,84100,84059.86,84059.94,92.94094,58.38231
2026-09-25 23:15:00,84059.93,84097.05,84020,84097.04,106.21424,70.60816
2026-09-25 23:30:00,84097.05,84106,84075.65,84080,63.39469,35.11966
2026-09-25 23:45:00,84080,84100,84038.11,84099.99,124.98363,60.60816
2026-09-26 00:00:00,84100,84145.26,84060,84074.05,112.62736,53.23106
2026-09-26 00:15:00,84074.04,84078.71,83922.74,83950.41,92.53118,20.03549
2026-09-26 00:30:00,83950.41,83950.41,83798,83881.4,133.56122,56.16844
2026-09-26 00:45:00,83881.41,83950,83881.4,83910.01,46.09651,26.92205
2026-09-26 01:00:00,83910.01,83981.11,83906.72,83933.73,226.51967,119.52741
2026-09-26 01:15:00,83933.72,84000,83927.86,83944.79,62.74258,21.90298
2026-09-26 01:30:00,83944.79,84078.9,83936.38,84041.37,51.99477,22.25056
2026-09-26 01:45:00,84041.37,84086.01,84036,84076.66,39.12939,13.85747
2026-09-26 02:00:00,84076.67,84138.6,83996,84136.01,48.25136,26.94682
2026-09-26 02:15:00,84136.02,84137.41,84029.77,84029.77,77.17599,22.93719
2026-09-26 02:30:00,84029.78,84044,84000,84010,143.94276,71.32345
2026-09-26 02:45:00,84009.99,84059.99,84009.99,84010,83.88061,27.84966
2026-09-26 03:00:00,84010,84010,83918,83944.01,42.66596,19.68018
2026-09-26 03:15:00,83944.01,84027.1,83909.98,84027.09,75.09633,45.31475
2026-09-26 03:30:00,84027.09,84049.83,83951.27,83951.28,74.54979,42.97774
2026-09-26 03:45:00,83951.28,83962.89,83939,83939,43.07743,31.12871
2026-09-26 04:00:00,83939.01,84013.48,83939,83985.68,66.21851,42.91979
2026-09-26 04:15:00,83985.68,84045.65,83893.67,83894.43,94.85718,39.54405
2026-09-26 04:30:00,83894.44,83983.25,83848.91,83983.24,102.54411,46.46508
2026-09-26 04:45:00,83983.24,83998,83972,83976,102.9721,57.08849
2026-09-26 05:00:00,83976.01,84012.93,83940.9,83967.97,52.75459,24.23651
2026-09-26 05:15:00,83967.96,83994.15,83899.32,83931.5,44.52595,23.49207
2026-09-26 05:30:00,83931.5,83960.01,83891.27,83960.01,45.5254,26.96655
2026-09-26 05:45:00,83960,83986.87,83900.58,83919.69,53.73416,19.20125
2026-09-26 06:00:00,83919.69,83939.89,83893.18,83893.18,74.01831,31.42245
2026-09-26 06:15:00,83893.19,83936,83876.58,83936,76.20613,48.53373
2026-09-26 06:30:00,83935.99,83968.01,83904.7,83913,52.43929,27.75399
2026-09-26 06:45:00,83913,83930,83886.03,83891.22,89.45198,28.93785
2026-09-26 07:00:00,83891.23,84021.25,83891.23,84010.32,73.08748,45.57932
2026-09-26 07:15:00,84010.32,84030.01,83995.76,84014.03,71.76982,44.72839
2026-09-26 07:30:00,84014.04,84069.91,84014.03,84038.01,43.54152,24.53121
2026-09-26 07:45:00,84038.01,84134.01,84038,84116.8,91.95723,67.54413
2026-09-26 08:00:00,84116.79,84119.37,84053.71,84080.08,87.22426,47.40581
2026-09-26 08:15:00,84080.08,84100.77,84032.06,84100.77,70.539,52.21046
2026-09-26 08:30:00,84100.77,84336.96,84100.76,84293.1,156.38648,114.02879
2026-09-26 08:45:00,84293.1,84293.11,84208.06,84220.01,63.03016,26.95052
2026-09-26 09:00:00,84220.01,84220.01,83975.8,84018.89,86.25479,33.56643
2026-09-26 09:15:00,84018.89,84038.01,83966.03,84031.18,114.07067,23.99955
2026-09-26 09:30:00,84031.18,84041,83981.1,84018.99,48.10489,27.75127
2026-09-26 09:45:00,84019,84027.59,83994.54,84021.95,51.77198,33.70049
2026-09-26 10:00:00,84021.96,84122.01,84021.95,84113.29,45.77385,30.4265
2026-09-26 10:15:00,84113.3,84184.95,84113.29,84143.55,53.38314,31.54938
2026-09-26 10:30:00,84143.55,84163.36,84122.11,84148,71.39411,46.18615
2026-09-26 10:45:00,84148.01,84179.92,84130.02,84179.92,43.43498,24.20996
2026-09-26 11:00:00,84179.92,84192.01,84130.79,84171.85,72.74059,39.40907
2026-09-26 11:15:00,84171.85,84199.97,84161.98,84163.35,26.33209,9.71604
2026-09-26 11:30:00,84163.36,84198,84163.34,84176.05,45.83575,19.39864
2026-09-26 11:45:00,84176.05,84185.64,84166.01,84176,53.11106,20.36797
2026-09-26 12:00:00,84176,84183.45,84108,84150,74.69981,41.84779
2026-09-26 12:15:00,84150,84204.88,84103.65,84103.66,64.32191,30.35763
2026-09-26 12:30:00,84103.65,84125.97,84050,84050.01,33.00772,14.20952
2026-09-26 12:45:00,84050,84074.01,84050,84051.9,63.95471,27.04927
2026-09-26 13:00:00,84051.89,84125.45,83958.83,84008.01,84.11303,33.41347
2026-09-26 13:15:00,84008,84024.02,83856.23,83932,106.88666,36.40646
2026-09-26 13:30:00,83932,83932.27,83865.42,83932.26,100.7864,44.30491
2026-09-26 13:45:00,83932.26,83975.82,83923.44,83939.1,151.17582,56.66458
2026-09-26 14:00:00,83939.11,83968.01,83919.1,83960.01,101.40702,55.26983
2026-09-26 14:15:00,83960.01,83982.73,83960,83980,33.86904,18.02091
2026-09-26 14:30:00,83980.01,84034.48,83980,84021.7,62.74908,32.40742
2026-09-26 14:45:00,84021.69,84049.19,84007.36,84020,54.92832,25.02368
2026-09-26 15:00:00,84020.01,84036,84010.49,84020.02,92.50924,56.84615
2026-09-26 15:15:00,84020.02,84058.5,84020.01,84058.49,69.42398,52.64918
2026-09-26 15:30:00,84058.5,84190,84058.49,84134.77,158.63962,91.0032
2026-09-26 15:45:00,84134.77,84156,84082.45,84155.99,121.23779,63.02188
2026-09-26 16:00:00,84156,84164.48,84110.21,84135.75,67.57623,32.50828
2026-09-26 16:15:00,84135.75,84149.56,84098.18,84112.22,57.39659,24.03732
2026-09-26 16:30:00,84112.22,84174.33,84112.21,84152.32,34.4781,16.98269
2026-09-26 16:45:00,84152.32,84166.3,84100.02,84120,104.69028,58.93356
2026-09-26 17:00:00,84120,84128.62,84065.27,84087.98,75.50211,36.64984
2026-09-26 17:15:00,84087.97,84088.01,84050.39,84070.75,110.37812,50.67348
2026-09-26 17:30:00,84070.74,84101.73,84041.92,84101.72,118.79367,54.51325
2026-09-26 17:45:00,84101.73,84132.41,84101.72,84132.4,74.91071,28.09146
2026-09-26 18:00:00,84132.4,84162.52,84100.6,84100.61,83.32108,23.37792
2026-09-26 18:15:00,84100.61,84100.61,84063.18,84069.27,84.11077,17.63984
2026-09-26 18:30:00,84069.26,84073.8,84002,84006.06,114.98834,56.01782
2026-09-26 18:45:00,84006.06,84020.76,83990,83998.68,112.89159,26.5
2026-09-26 19:00:00,83998.68,84048.14,83998.67,84022.95,132.90177,47.61591
2026-09-26 19:15:00,84022.94,84039.04,84022.16,84039.03,79.48502,26.68282
2026-09-26 19:30:00,84039.03,84039.17,83976.74,84016.78,72.63222,30.17332
2026-09-26 19:45:00,84016.79,84029.91,84004,84016.63,43.13614,21.64228
2026-09-26 20:00:00,84016.63,84060.01,83991.39,84018.01,27.33578,15.03567
2026-09-26 20:15:00,84018,84082.84,84018,84082.84,26.39881,17.43938
2026-09-26 20:30:00,84082.83,84097.88,83874,83890.01,88.15101,24.03835
2026-09-26 20:45:00,83890.01,84041.73,83838,84030.34,83.61493,41.39459
2026-09-26 21:00:00,84030.35,84118.06,84030.34,84118.06,30.50871,20.67134
2026-09-26 21:15:00,84118.05,84220.99,84105.4,84220.97,97.4833,77.04465
2026-09-26 21:30:00,84220.98,84262.85,84162,84163.99,87.50197,48.02208
2026-09-26 21:45:00,84164,84164,84118.48,84158.75,57.93289,31.84781
2026-09-26 22:00:00,84158.74,84420.59,84158.74,84345.26,183.90755,130.0959
2026-09-26 22:15:00,84345.26,84364,84256,84364,160.47116,92.26876
2026-09-26 22:30:00,84363.99,84363.99,84274.31,84275.11,42.53221,12.26486
2026-09-26 22:45:00,84275.11,84342.01,84269.77,84276.01,171.40838,59.82728
2026-09-26 23:00:00,84276.01,84376.01,84276,84356.91,38.95622,23.35796
2026-09-26 23:15:00,84356.92,84438.28,84329.69,84384.73,276.0847,145.58917
2026-09-26 23:30:00,84384.73,84434.01,84349.78,84349.79,250.23259,57.44268
2026-09-26 23:45:00,84349.78,84473.58,84349.78,84433.1,115.80708,74.15965
2026-09-27 00:00:00,84433.11,84443.26,84328.36,84328.37,71.64858,31.25695
2026-09-27 00:15:00,84328.37,84328.37,84257.07,84266.01,39.64525,17.50229
2026-09-27 00:30:00,84266,84384.77,84266,84350.5,53.29679,32.02005
2026-09-27 00:45:00,84350.5,84350.51,84306,84306.01,19.77412,7.04603
2026-09-27 01:00:00,84306.01,84391.99,84281.84,84391.99,26.52198,18.80616
2026-09-27 01:15:00,84391.98,84414.34,84332.99,84333,66.35159,21.99316
2026-09-27 01:30:00,84332.99,84401,84309.42,84400.99,51.21908,40.20885
2026-09-27 01:45:00,84401,84571.13,84401,84495.01,158.76687,117.1074
2026-09-27 02:00:00,84495.01,84535.97,84460,84498.01,85.11994,41.45275
2026-09-27 02:15:00,84498.01,84540.01,84475.51,84516.01,53.5511,21.85371
2026-09-27 02:30:00,84516.01,84536,84479.84,84479.84,32.3504,11.76852
2026-09-27 02:45:00,84479.84,84480.01,84448,84450,50.91851,26.75328
2026-09-27 03:00:00,84450.01,84518.6,84450,84488.81,66.57864,26.94893
2026-09-27 03:15:00,84488.82,84488.82,84378.46,84387.59,42.41816,18.20954
2026-09-27 03:30:00,84387.6,84436.75,84387.59,84403.71,36.71337,15.49839
2026-09-27 03:45:00,84403.7,84419.67,84372,84402.15,50.00491,25.36729
2026-09-27 04:00:00,84402.15,84510,84396,84490,42.7352,26.79995
2026-09-27 04:15:00,84490.01,84491.5,84426,84426,41.24125,17.61952
2026-09-27 04:30:00,84426,84426.01,84314.18,84315.38,66.39863,20.54293
2026-09-27 04:45:00,84315.39,84362,84305.35,84329.6,51.72619,19.77716
2026-09-27 05:00:00,84329.61,84398,84325,84391.54,52.26413,19.59114
2026-09-27 05:15:00,84391.55,84398.87,84391.54,84398.86,20.26677,11.43947
2026-09-27 05:30:00,84398.86,84654.02,84398.86,84548,168.82005,97.97136
2026-09-27 05:45:00,84548.01,84573.03,84468.98,84478.06,116.47374,40.69246
2026-09-27 06:00:00,84478.06,84608.01,84478.06,84605.94,86.61697,53.80065
2026-09-27 06:15:00,84605.95,84636.91,84546,84599.21,168.69186,69.35346
2026-09-27 06:30:00,84599.21,84605.82,84518.49,84528.54,108.42741,58.5949
2026-09-27 06:45:00,84528.54,84565.68,84482.98,84511.69,76.87671,37.87644
2026-09-27 07:00:00,84511.69,84548,84511.68,84540.77,65.73327,37.34703
2026-09-27 07:15:00,84540.78,84550.06,84500,84534.6,112.54583,69.29343
2026-09-27 07:30:00,84534.6,84632.01,84534.59,84626.01,87.35681,47.99299
2026-09-27 07:45:00,84626,84791,84614,84791,209.91699,138.39636
2026-09-27 08:00:00,84790.99,84840,84732.07,84816.39,331.22409,157.81686
2026-09-27 08:15:00,84816.38,84864.01,84754.02,84810.01,188.48434,93.62074
2026-09-27 08:30:00,84810.01,84883.98,84692.68,84749,213.34182,124.69781
2026-09-27 08:45:00,84749.01,84827.78,84709.98,84800,224.13597,115.7411
2026-09-27 09:00:00,84800,84800.01,84590,84658,247.88821,79.52219
2026-09-27 09:15:00,84658,84700.59,84631.59,84700.59,211.29688,119.28858
2026-09-27 09:30:00,84700.59,84804.24,84700.58,84804.24,286.57458,141.13089
2026-09-27 09:45:00,84804.24,84958.99,84804.23,84944.01,576.46893,326.10886
2026-09-27 10:00:00,84944.01,85048.13,84900,85032.41,220.54214,120.29899
2026-09-27 10:15:00,85032.4,85117.64,84910.55,84930,160.12218,72.09741
2026-09-27 10:30:00,84930.01,84930.14,84858,84858.01,97.08469,32.88316
2026-09-27 10:45:00,84858,84909.98,84800,84883,67.41878,45.83758
2026-09-27 11:00:00,84882.99,84946.01,84848,84910.02,80.78614,50.47907
2026-09-27 11:15:00,84910.01,84939.44,84841.93,84905.55,70.54839,32.24495
2026-09-27 11:30:00,84905.55,84912.34,84836.06,84912.34,54.28397,30.7758
2026-09-27 11:45:00,84912.33,84918.61,84850,84898,46.37291,21.70921
2026-09-27 12:00:00,84898,85007.49,84898,85002.83,52.77829,31.50833
2026-09-27 12:15:00,85002.83,85044.51,84957.78,84970.11,108.56249,36.76828
2026-09-27 12:30:00,84970.12,85027.48,84970,84996,71.2277,48.46435
2026-09-27 12:45:00,84996.01,84996.01,84802.01,84802.01,61.47511,24.4054
2026-09-27 13:00:00,84802.01,84806.73,84637.73,84649.99,184.06593,90.52949
2026-09-27 13:15:00,84649.99,84950,84649.99,84945.01,89.23156,67.09964
2026-09-27 13:30:00,84945,85159.03,84790,84798.93,169.82932,93.03114
2026-09-27 13:45:00,84798.94,85040,84743.8,85030.41,103.12494,57.77338
2026-09-27 14:00:00,85030.41,85048.14,84914.35,84996.74,95.86205,39.27461
2026-09-27 14:15:00,84996.74,85016.01,84700,84708,99.9642,31.82368
2026-09-27 14:30:00,84708.01,84796.14,84673.02,84734.01,136.08721,57.58605
2026-09-27 14:45:00,84734,84742.01,84450,84538.02,207.12675,62.47183
2026-09-27 15:00:00,84538.01,84592.24,84364,84514.32,197.86744,108.71777
2026-09-27 15:15:00,84514.32,84624.01,84458,84624,117.93097,71.24018
2026-09-27 15:30:00,84624,84644.01,84434.12,84436.23,105.6256,44.56961
2026-09-27 15:45:00,84436.23,84507.81,84430,84463.37,55.77028,26.23882
2026-09-27 16:00:00,84463.38,84593.12,84463.37,84563.99,47.27967,27.33029
2026-09-27 16:15:00,84563.99,84687.32,84506.63,84578.01,100.30089,52.11716
2026-09-27 16:30:00,84578,84578,84380,84392.01,95.16922,39.41708
2026-09-27 16:45:00,84392.01,84449.95,84392,84426,60.57303,21.06746
2026-09-27 17:00:00,84426,84473.58,84342,84390,102.57916,32.91889
2026-09-27 17:15:00,84390,84457.82,84390,84444,60.54708,20.82277
2026-09-27 17:30:00,84444,84520.01,84444,84476.79,63.7437,19.22836
2026-09-27 17:45:00,84476.78,84574.01,84476.78,84574,21.15134,14.79788
2026-09-27 18:00:00,84574,84604.45,84565.9,84604.44,43.17221,22.94988
2026-09-27 18:15:00,84604.45,84740.01,84604.44,84740.01,52.97572,34.52072
2026-09-27 18:30:00,84740.01,84771.67,84672,84758.01,88.37402,57.06202
2026-09-27 18:45:00,84758,84820.74,84706,84818.87,61.41497,38.13235
2026-09-27 19:00:00,84818.87,84843,84730,84795.96,40.02933,16.50497
2026-09-27 19:15:00,84795.95,84839.34,84671.37,84702.01,64.17185,24.26585
2026-09-27 19:30:00,84702,84796.01,84666,84771.4,61.89637,37.29845
2026-09-27 19:45:00,84771.41,84818.01,84736.01,84736.01,42.85101,12.28617
2026-09-27 20:00:00,84736.02,84813,84736.01,84812.99,27.77376,21.54417
2026-09-27 20:15:00,84813,84813,84615.09,84621.75,61.56189,24.2179
2026-09-27 20:30:00,84621.74,84643.87,84583.18,84639.98,53.07535,21.39951
2026-09-27 20:45:00,84639.98,84640.04,84548,84552,79.34587,23.64146
2026-09-27 21:00:00,84552.01,84682.01,84552,84682.01,41.04473,22.9586
2026-09-27 21:15:00,84682.01,84719.82,84607.51,84607.51,42.68958,10.22234
2026-09-27 21:30:00,84607.52,84622.01,84458,84548.72,103.38145,33.00502
2026-09-27 21:45:00,84548.72,84700.01,84548.71,84688.07,61.3732,24.75392
2026-09-27 22:00:00,84688.07,84756.01,84277.72,84329.32,152.38396,60.54333
2026-09-27 22:15:00,84329.32,84566.01,84272.79,84555.65,76.3272,29.39255
2026-09-27 22:30:00,84555.65,84555.65,84178.65,84184.36,140.76572,40.67369
2026-09-27 22:45:00,84184.35,84242.01,84135.78,84195.27,62.67368,31.43755
2026-09-27 23:00:00,84195.27,84302.68,84132,84224,96.30219,56.80016
2026-09-27 23:15:00,84224,84448.01,84206,84408,112.97824,79.06019
2026-09-27 23:30:00,84408,84470,84340.62,84340.63,63.41487,34.28372
2026-09-27 23:45:00,84340.63,84532.01,84340.62,84472,119.73341,68.90739
2026-09-28 00:00:00,84472.01,84567,84378,84430.01,74.26908,42.48088
2026-09-28 00:15:00,84430.01,84999,84422,84792.47,259.14211,165.35746
2026-09-28 00:30:00,84792.48,84792.48,84208,84300.01,286.48248,114.43698
2026-09-28 00:45:00,84300.01,84622.01,84140,84140,152.15045,74.70235
2026-09-28 01:00:00,84140,84238.87,83930,83959.63,415.70474,125.29145
2026-09-28 01:15:00,83959.63,84160.01,83880,84078,171.30436,78.63854
2026-09-28 01:30:00,84078,84142.01,83803.81,83815.43,162.49129,57.28889
2026-09-28 01:45:00,83815.43,83924.56,83613.8,83694.43,273.79285,124.4674
2026-09-28 02:00:00,83694.42,83782.07,83480,83745.42,374.95811,122.92723
2026-09-28 02:15:00,83745.42,83756.12,83554.86,83627.27,134.82978,56.38074
2026-09-28 02:30:00,83627.27,83629.72,83420.81,83493.1,203.74535,50.76717
2026-09-28 02:45:00,83493.09,83541.23,83389.07,83418.24,159.31148,53.57135
2026-09-28 03:00:00,83418.91,83536.48,83383.41,83438.01,153.37943,61.94734
2026-09-28 03:15:00,83438,83506.01,83304,83330.01,205.91941,77.75406
2026-09-28 03:30:00,83330,83488.01,83210,83445.02,184.6146,53.15677
2026-09-28 03:45:00,83445.03,83486,83302.99,83338.6,152.27702,51.65195
2026-09-28 04:00:00,83338.6,83450,83232,83430.53,164.44706,83.86692
2026-09-28 04:15:00,83430.52,83516.01,83370.71,83484.57,106.63966,63.19672
2026-09-28 04:30:00,83484.58,83526.01,83435.7,83500.01,65.80445,27.52812
2026-09-28 04:45:00,83500,83511.57,83436.58,83490.21,151.32618,106.8007
2026-09-28 05:00:00,83490.2,83534.01,83251.25,83335.38,269.74469,68.03776
2026-09-28 05:15:00,83335.38,83354.34,83026.17,83066.98,353.52121,111.88319
2026-09-28 05:30:00,83066.98,83150.01,82705.02,83140.66,583.51755,217.11363
2026-09-28 05:45:00,83140.67,83198.01,83052,83184.01,238.93071,139.08274
2026-09-28 06:00:00,83184,83295.84,83140.92,83247.35,176.26333,115.19946
2026-09-28 06:15:00,83247.34,83254.01,83057.75,83062,152.35209,44.3874
2026-09-28 06:30:00,83062,83218.01,83046,83186.95,117.69723,65.96899
2026-09-28 06:45:00,83186.94,83233.28,83122.16,83164.78,188.00814,75.68511
2026-09-28 07:00:00,83164.78,83291.66,83058.59,83086,187.93502,73.95596
2026-09-28 07:15:00,83086.01,83158.01,82938.98,82942.01,264.00193,83.19435
2026-09-28 07:30:00,82942.01,83057.85,82920,82944.71,386.40401,236.85226
2026-09-28 07:45:00,82944.71,83130.01,82934,82966.01,296.1902,207.76323
2026-09-28 08:00:00,82966,83160.33,82924.01,83040.06,588.2443,443.93582
2026-09-28 08:15:00,83040.06,83069.72,82824.12,82844.01,674.29891,410.89903
2026-09-28 08:30:00,82844.01,82972.01,82784,82922,306.01021,118.7838
2026-09-28 08:45:00,82922,83030.01,82910,82962,425.96279,137.45329
2026-09-28 09:00:00,82962.01,83003.67,82613.13,82879.11,389.46542,131.1607
2026-09-28 09:15:00,82879.11,82969.98,82751.81,82818.01,374.50146,106.97789
2026-09-28 09:30:00,82818,82844.32,82597.55,82626.01,221.94976,79.18603
2026-09-28 09:45:00,82626,82780.01,82613.71,82666.01,179.13239,84.995
2026-09-28 10:00:00,82666.01,82868.41,82666.01,82762.04,181.88889,96.8092
2026-09-28 10:15:00,82762.03,82850,82734.19,82816.93,139.20977,51.57574
2026-09-28 10:30:00,82816.94,82958.18,82773.91,82950,116.56718,62.83267
2026-09-28 10:45:00,82950,83064.51,82862,82960,367.15672,247.61201
2026-09-28 11:00:00,82960.01,83055.65,82960,82994.01,185.44465,86.32043
2026-09-28 11:15:00,82994.01,83078.24,82969.97,83021.05,225.76978,104.16222
2026-09-28 11:30:00,83021.05,83111,82982.53,83069.98,277.59028,78.65306
2026-09-28 11:45:00,83069.98,83086,82981.08,83082.54,147.07711,40.71468
2026-09-28 12:00:00,83082.53,83500,83011.48,83383.9,423.32661,257.41966
2026-09-28 12:15:00,83383.9,83466.15,83278.24,83369.7,238.87237,89.54249
2026-09-28 12:30:00,83369.7,83430.01,83270.26,83340.91,196.74791,78.00685
2026-09-28 12:45:00,83340.92,83631.43,83340.92,83579.75,351.65676,199.03968
2026-09-28 13:00:00,83579.75,83579.76,83310.71,83406.2,149.78318,50.28127
2026-09-28 13:15:00,83406.19,83567.48,83360,83567.47,172.74748,83.37192
2026-09-28 13:30:00,83567.48,83816.95,83388.03,83741.62,550.59528,221.62225
2026-09-28 13:45:00,83741.62,83820,83480,83641.99,303.07555,130.28704
2026-09-28 14:00:00,83641.99,83642,83326,83401.65,274.34465,80.22141
2026-09-28 14:15:00,83401.65,83609.42,83100,83244,286.16611,102.69882
2026-09-28 14:30:00,83244,83480.01,82856,82948.33,457.19772,170.23043
2026-09-28 14:45:00,82948.33,83066.01,82563,83020,478.9755,195.74799
2026-09-28 15:00:00,83020.01,83266.19,82929,82956.86,381.98987,165.1338
2026-09-28 15:15:00,82956.87,83126.01,82792,83068,594.28668,293.37463
2026-09-28 15:30:00,83068,83365.23,83020,83211.33,249.99024,138.28043
2026-09-28 15:45:00,83211.33,83397.18,83211.32,83370,184.80004,90.28008
2026-09-28 16:00:00,83370,83480.01,83256,83420.93,180.51197,100.17835
2026-09-28 16:15:00,83420.92,84188.9,83378,84012.01,471.59087,326.65176
2026-09-28 16:30:00,84012.01,84114.26,83678.13,83724,263.11312,106.2187
2026-09-28 16:45:00,83724,83776.01,83580.28,83723.1,192.50295,83.85354
2026-09-28 17:00:00,83723.1,84250,83563.11,84249.99,342.37716,203.83544
2026-09-28 17:15:00,84249.99,84381.3,83880,83905.01,288.39402,140.90541
2026-09-28 17:30:00,83905.01,84026.01,83852,84014.99,96.00302,41.85285
2026-09-28 17:45:00,84014.98,84054.01,83842.01,83880.33,84.27982,31.84974
2026-09-28 18:00:00,83880.34,83974.01,83846.94,83972.15,72.81954,35.11139
2026-09-28 18:15:00,83972.15,84000,83899.37,83938.36,48.11504,18.66771
2026-09-28 18:30:00,83938.35,83954.89,83800,83869.49,72.23523,27.6386
2026-09-28 18:45:00,83869.49,84045.23,83810.35,84041.19,238.0464,121.25442
2026-09-28 19:00:00,84041.19,84045.23,83658.05,83727.59,101.47908,35.72989
2026-09-28 19:15:00,83727.59,83737.5,83634.09,83638,81.9576,40.06061
2026-09-28 19:30:00,83638.01,83652.84,83118.1,83320.53,239.38628,72.7749
2026-09-28 19:45:00,83320.53,83424,83274,83389.54,88.10304,44.06988
2026-09-28 20:00:00,83389.53,83613.8,83270,83570.53,125.03477,66.00762
2026-09-28 20:15:00,83570.53,83570.53,83472.93,83492,79.88324,37.34506
2026-09-28 20:30:00,83492.01,83581.51,83468,83500.01,35.59472,16.00969
2026-09-28 20:45:00,83500,83548.01,83442,83548,40.69567,15.97155
2026-09-28 21:00:00,83548.01,83664.01,83548,83586,53.27058,31.58676
2026-09-28 21:15:00,83586.01,83586.01,83458,83468.31,38.01081,17.72092
2026-09-28 21:30:00,83468.32,83475.48,83400,83427.64,44.90204,16.77839
2026-09-28 21:45:00,83427.64,83439.38,83214,83218.01,76.44152,28.33886
2026-09-28 22:00:00,83218.01,83236.01,83100,83181.98,135.54591,47.61422
2026-09-28 22:15:00,83181.98,83242.4,83158,83236,32.34691,12.65784
2026-09-28 22:30:00,83236.01,83488.64,83236,83488.64,36.28207,23.14206
2026-09-28 22:45:00,83488.63,83544.01,83486.86,83544.01,62.08517,30.66219
2026-09-28 23:00:00,83544.01,83636.7,83455,83455,66.12421,24.26853
2026-09-28 23:15:00,83455.01,83590.01,83455,83590,43.24584,22.40298
2026-09-28 23:30:00,83590.01,83621.8,83583.3,83602.85,32.29856,17.35367
2026-09-28 23:45:00,83602.84,83602.85,83500,83500.01,36.06589,9.53212
2026-09-29 00:00:00,83500.01,83544.01,83462,83525.65,73.50721,36.27373
2026-09-29 00:15:00,83525.66,83558.01,83350,83549.04,172.3247,128.23018
2026-09-29 00:30:00,83549.05,83620.01,83468,83532,197.99732,84.8691
2026-09-29 00:45:00,83532,83532.01,83183,83185.69,99.52702,25.3749
2026-09-29 01:00:00,83185.69,83241.99,82991.2,83035.72,225.11149,76.13432
2026-09-29 01:15:00,83035.72,83054.01,82827.72,82827.73,197.38236,68.14622
2026-09-29 01:30:00,82827.73,83009.64,82775.94,82968.55,171.69416,79.68687
2026-09-29 01:45:00,82968.54,83115.35,82910.89,83068,160.95294,74.16609
2026-09-29 02:00:00,83068.01,83100,82914.16,83020.1,152.99171,61.9334
2026-09-29 02:15:00,83020.1,83156.01,82914.83,82975.59,83.88488,33.08485
2026-09-29 02:30:00,82975.59,83036.32,82891.32,83034.3,94.11906,34.91491
2026-09-29 02:45:00,83034.3,83112.01,82903.42,82967.4,119.36415,48.71635
2026-09-29 03:00:00,82967.41,83048.89,82895.42,82895.43,61.5356,25.97985
2026-09-29 03:15:00,82895.43,83210.01,82866.01,83210.01,107.04598,59.62343
2026-09-29 03:30:00,83210,83210.01,83114.94,83123.14,56.00996,19.28253
2026-09-29 03:45:00,83123.14,83172.16,83044.79,83069.99,84.24076,43.04433
2026-09-29 04:00:00,83070,83158.01,83024.43,83128.02,67.29581,23.26016
2026-09-29 04:15:00,83128.02,83295.61,83128.01,83226,83.40296,51.39538
2026-09-29 04:30:00,83226.01,83226.01,83108.98,83163.83,75.14252,34.03061
2026-09-29 04:45:00,83163.84,83215.96,83078.64,83212.98,124.53207,70.80119
2026-09-29 05:00:00,83212.98,83262.52,83178,83260,57.41994,32.8571
2026-09-29 05:15:00,83260,83344.01,83228,83316.01,77.17616,42.09351
2026-09-29 05:30:00,83316.01,83326.01,82971.1,83298.01,127.11433,57.38152
2026-09-29 05:45:00,83298.01,83434.56,83215.49,83431.02,97.44766,48.03548
2026-09-29 06:00:00,83431.01,83892.89,83420.01,83892.89,250.25213,155.59354
2026-09-29 06:15:00,83892.88,83895,83746,83881.93,134.78366,63.29803
2026-09-29 06:30:00,83881.93,83955.17,83844.79,83899.91,137.99794,60.26557
2026-09-29 06:45:00,83899.91,84017.74,83862.76,84007.06,134.41491,82.37638
2026-09-29 07:00:00,84007.07,84046.72,83873.74,83987.4,116.65054,51.7346
2026-09-29 07:15:00,83987.39,84070,83923.62,83996.22,149.92036,63.66393
2026-09-29 07:30:00,83996.21,84200,83963.04,84017.64,179.78931,73.04896
2026-09-29 07:45:00,84017.64,84064.96,83954.37,83980.97,168.04293,41.97683
2026-09-29 08:00:00,83980.97,84086.22,83978.73,84044.75,132.90875,49.90347
2026-09-29 08:15:00,84044.76,84368.01,84044.75,84166.93,221.56938,152.1267
2026-09-29 08:30:00,84166.93,84166.94,83844,83856.01,189.59793,53.97935
2026-09-29 08:45:00,83856.01,83882.01,83800,83874.01,106.60305,44.49991
2026-09-29 09:00:00,83874.01,83878.01,83762,83782,141.50605,49.69224
2026-09-29 09:15:00,83782.01,83916.01,83760.4,83849.55,144.94643,61.93431
2026-09-29 09:30:00,83849.54,84000,83834.01,84000,75.27514,45.44051
2026-09-29 09:45:00,84000,84328.94,83992.8,84258.01,521.67048,408.01975
2026-09-29 10:00:00,84258.01,84332.76,84165.58,84208.52,256.4841,175.92055
2026-09-29 10:15:00,84208.51,84219.03,84068,84150,87.07579,28.36604
2026-09-29 10:30:00,84150.01,84159,84000,84018.01,97.10255,41.92162
2026-09-29 10:45:00,84018,84076.49,83987.99,84030.49,68.8445,29.10651
2026-09-29 11:00:00,84030.5,84090.01,83936.92,84030.19,115.54499,66.56252
2026-09-29 11:15:00,84030.2,84077.46,83986,84068.3,76.42752,41.16537
2026-09-29 11:30:00,84068.29,84272.01,84063.19,84262.5,113.3595,64.62968
2026-09-29 11:45:00,84262.5,84500,84252,84358.01,186.72155,101.74205
2026-09-29 12:00:00,84358,84429.79,84299.45,84327.44,168.41335,75.47386
2026-09-29 12:15:00,84327.45,84488.99,84133,84203.93,174.27063,90.31356
2026-09-29 12:30:00,84203.93,84480,84203.93,84353.78,137.42597,69.28476
2026-09-29 12:45:00,84353.78,84390,84256,84332.85,110.31793,57.30736
2026-09-29 13:00:00,84332.85,84450,84249.65,84410.01,149.85882,76.82177
2026-09-29 13:15:00,84410,84563.99,84338.01,84361.84,197.55287,78.93278
2026-09-29 13:30:00,84361.84,84361.85,84025.26,84192.01,316.50437,110.64944
2026-09-29 13:45:00,84192.01,84456.01,84082,84200.01,192.99895,83.38838
2026-09-29 14:00:00,84200.01,84288.01,83875.01,83925.3,316.90979,129.19339
2026-09-29 14:15:00,83925.31,84080.01,83854.26,83942.16,207.4684,89.94897
2026-09-29 14:30:00,83942.17,84014.96,83764,83890.85,334.02587,83.41442
2026-09-29 14:45:00,83890.85,84009.75,83688,83752.01,192.21915,61.51286
2026-09-29 15:00:00,83752,83756.25,83364,83430.82,315.78046,144.67691
2026-09-29 15:15:00,83430.83,83496.01,82910,82994.54,522.74541,181.90629
2026-09-29 15:30:00,82994.53,83242.4,82986,83179.58,280.54423,184.4497
2026-09-29 15:45:00,83179.58,83331.13,82929,83068,373.04056,159.28823
2026-09-29 16:00:00,83068,83145.81,82962.6,83030,177.88283,97.43448
2026-09-29 16:15:00,83030.01,83290,82997.32,83258,223.82874,126.79283
2026-09-29 16:30:00,83258.01,83276.01,83042,83044.01,92.47181,42.91917
2026-09-29 16:45:00,83044.01,83088.01,82900,83061.27,189.88643,103.27404
2026-09-29 17:00:00,83061.28,83188.6,83014.98,83166.47,131.71468,77.77586
2026-09-29 17:15:00,83166.48,83180.69,83050,83178,92.37566,56.33687
2026-09-29 17:30:00,83178.01,83218.01,83107.9,83132.01,83.80314,35.85503
2026-09-29 17:45:00,83132.01,83171.24,82985,83078.01,75.4035,35.32638
2026-09-29 18:00:00,83078.01,83432.01,83078.01,83428.01,141.36729,101.71295
2026-09-29 18:15:00,83428,83519,83400,83427.65,69.28676,38.54538
2026-09-29 18:30:00,83427.66,83700,83414,83632.01,115.72599,73.98899
2026-09-29 18:45:00,83632,83684.01,83586,83640,67.64029,29.33691
2026-09-29 19:00:00,83640,83700,83599.89,83599.89,65.8068,28.25361
2026-09-29 19:15:00,83599.89,83665.93,83544,83547.99,67.47506,26.09377
2026-09-29 19:30:00,83547.99,83621.28,83436,83436,62.01874,22.19633
2026-09-29 19:45:00,83436,83637.69,83398.5,83594.01,124.91757,54.21317
2026-09-29 20:00:00,83594.01,83603.36,83508,83537.74,70.92967,22.46635
2026-09-29 20:15:00,83537.74,83650.01,83537.74,83630.25,50.72816,20.28444
2026-09-29 20:30:00,83630.26,83645.69,83586.94,83641.94,45.90621,19.7752
2026-09-29 20:45:00,83641.94,83654.85,83616.38,83616.39,36.69796,16.83521
2026-09-29 21:00:00,83616.38,83616.39,83526,83558.83,93.59363,40.97102
2026-09-29 21:15:00,83558.84,83559.68,83384,83422.01,142.12536,34.86611
2026-09-29 21:30:00,83422.01,83538.01,83420,83506.43,59.91989,33.09958
2026-09-29 21:45:00,83506.43,83506.43,83420,83503.99,48.52066,20.65773
2026-09-29 22:00:00,83503.99,83722.01,83503.99,83658.41,73.34006,39.78373
2026-09-29 22:15:00,83658.4,83689.51,83550,83598.01,71.68968,40.47693
2026-09-29 22:30:00,83598.01,83620,83544.68,83606.02,57.56327,20.36454
2026-09-29 22:45:00,83606.02,83650,83580.44,83612.01,72.30006,31.23695
2026-09-29 23:00:00,83612,83845.93,83612,83845.93,96.86636,57.30774
2026-09-29 23:15:00,83845.93,83849,83725,83759.03,90.08695,45.1923
2026-09-29 23:30:00,83759.04,83759.04,83640,83660,72.92497,27.57616
2026-09-29 23:45:00,83660.01,83716,83645,83663.66,31.96813,15.87866
2026-09-30 00:00:00,83663.66,83731.46,83516.14,83529.04,90.64864,38.34018
2026-09-30 00:15:00,83529.03,83592.01,83416.93,83578.01,140.28906,89.55317
2026-09-30 00:30:00,83578,83631.42,83468,83490.09,73.12741,29.06276
2026-09-30 00:45:00,83490.09,83490.09,83344.78,83453.36,106.7968,40.85595
2026-09-30 01:00:00,83453.36,83482.1,83390.19,83427.4,235.56313,61.27324
2026-09-30 01:15:00,83427.4,83550.39,83399.52,83429.19,38.39824,19.03447
2026-09-30 01:30:00,83429.19,83446.01,83336.51,83434.01,78.30285,42.17774
2026-09-30 01:45:00,83434,83506.01,83401.84,83448.01,56.20192,28.83044
2026-09-30 02:00:00,83448.01,83620.87,83438,83486.01,83.92832,36.90282
2026-09-30 02:15:00,83486,83552.02,83382.34,83420.01,86.18434,38.30549
2026-09-30 02:30:00,83420.01,83445.95,83298,83386.47,114.93606,61.72383
2026-09-30 02:45:00,83386.47,83484.01,83362,83384.68,57.29009,31.63676
2026-09-30 03:00:00,83384.68,83423.8,83331.99,83332,43.48178,18.04319
2026-09-30 03:15:00,83332,83332,83175.67,83321.39,125.5855,42.23043
2026-09-30 03:30:00,83321.39,83427.51,83262,83362,57.17682,28.88383
2026-09-30 03:45:00,83362,83362.01,83280,83300.65,38.51158,14.77831
2026-09-30 04:00:00,83300.65,83418.01,83300.64,83369.08,56.88148,29.74836
2026-09-30 04:15:00,83369.09,83433.33,83358.52,83370.01,88.47564,59.20945
2026-09-30 04:30:00,83370.01,83394.01,83296,83316.38,81.33683,49.92062
2026-09-30 04:45:00,83316.39,83320,83210,83210.01,59.78972,20.24569
2026-09-30 05:00:00,83210.01,83346.01,83210,83234.01,115.06472,66.29136
2026-09-30 05:15:00,83234.02,83383.97,83188.01,83383.97,121.45505,49.22314
2026-09-30 05:30:00,83383.96,83521.98,83383.96,83472.8,117.82752,48.13662
2026-09-30 05:45:00,83472.8,83484.01,83296.17,83384,86.48631,26.31616
2026-09-30 06:00:00,83384.01,83438.01,83114.58,83128.01,123.94422,50.67403
2026-09-30 06:15:00,83128,83188.64,83058.17,83160.04,157.52569,74.58886
2026-09-30 06:30:00,83160.05,83160.05,83042.41,83106,99.33788,50.30488
2026-09-30 06:45:00,83106.01,83194.93,82980,83043.14,149.49215,57.59929
2026-09-30 07:00:00,83043.14,83112.67,82956.11,83016.03,149.21948,76.89768
2026-09-30 07:15:00,83016.03,83400,83016.02,83308.01,119.82903,68.94933
2026-09-30 07:30:00,83308,83436.01,83268,83425.67,185.4673,96.14491
2026-09-30 07:45:00,83425.67,83470,83300,83304.92,233.64999,131.34717
2026-09-30 08:00:00,83304.92,83339.91,83125.7,83130.01,167.26508,88.88506
2026-09-30 08:15:00,83130,83288.65,83119.02,83133.99,160.24991,88.03191
2026-09-30 08:30:00,83134,83140.55,83037,83080.01,176.25962,68.35911
2026-09-30 08:45:00,83080,83172.6,83023.69,83062.41,124.4923,49.50829
2026-09-30 09:00:00,83062.41,83291.95,83058,83291.94,84.69473,49.33573
2026-09-30 09:15:00,83291.94,83440.99,83277.25,83426.95,127.39236,67.72395
2026-09-30 09:30:00,83426.96,83812.41,83426.95,83574.4,334.51225,189.91538
2026-09-30 09:45:00,83574.39,83656.01,83537.21,83632.01,98.15454,40.45134
2026-09-30 10:00:00,83632.01,83796.73,83632.01,83706.53,344.30893,225.73984
2026-09-30 10:15:00,83706.02,83866.33,83678,83787.92,175.26886,80.83945
2026-09-30 10:30:00,83787.91,83926.33,83787.91,83888.58,136.48128,64.49374
2026-09-30 10:45:00,83888.58,83950,83862.12,83918.01,102.4032,48.17093
2026-09-30 11:00:00,83918,83918,83696,83844.99,112.76053,46.80263
2026-09-30 11:15:00,83844.99,83879.64,83716,83858,83.73694,33.15608
2026-09-30 11:30:00,83858.01,83981.11,83747.65,83934.01,167.5483,85.2546
2026-09-30 11:45:00,83934.01,83976,83820.01,83915.16,85.1232,31.99169
2026-09-30 12:00:00,83915.17,83942.01,83768.89,83883.94,77.65133,30.92007
2026-09-30 12:15:00,83883.95,83975,83768,83939.61,150.69261,63.64164
2026-09-30 12:30:00,83939.61,85072.01,83874,84828.16,2195.21764,1015.04439
2026-09-30 12:45:00,84828.17,85514,84741.25,85290.32,1426.54003,942.29077
2026-09-30 13:00:00,85290.32,85649.95,85104.65,85394.57,654.24922,340.30986
2026-09-30 13:15:00,85394.57,85500.01,85168,85188,516.79348,123.98613
2026-09-30 13:30:00,85188.01,85563,84019.39,84515.45,914.77034,388.44179
2026-09-30 13:45:00,84515.46,84757.07,84400,84637.74,297.74795,170.3042
2026-09-30 14:00:00,84637.74,84644.83,84138.59,84354.01,399.64486,170.10491
2026-09-30 14:15:00,84354.01,84358.01,83647.28,83768.38,592.90226,251.8967
2026-09-30 14:30:00,83768.38,83831.96,83373,83553.98,578.41953,271.33644
2026-09-30 14:45:00,83553.98,83987.78,83544.61,83800.01,326.9992,176.38958
2026-09-30 15:00:00,83800.01,84000,83724,83952.98,230.67691,112.92142
2026-09-30 15:15:00,83952.98,84021.58,83694,83895.48,211.13587,103.18341
2026-09-30 15:30:00,83895.49,84295.71,83895.48,84114.01,249.03626,155.30794
2026-09-30 15:45:00,84114.01,84289.29,84105.59,84134.43,120.14226,79.11832
2026-09-30 16:00:00,84134.43,84385.32,84134.43,84361.98,165.33053,114.41655
2026-09-30 16:15:00,84361.97,84490.01,84294,84294,184.0409,76.56811
2026-09-30 16:30:00,84294.01,84362.55,84217.78,84356.01,111.56346,52.44297
2026-09-30 16:45:00,84356.01,84473.58,84309.42,84349.44,110.88914,57.18988
2026-09-30 17:00:00,84349.44,84435.26,84281.99,84298.01,158.02662,72.7499
2026-09-30 17:15:00,84298,84298.01,84016,84217.37,134.09049,64.02688
2026-09-30 17:30:00,84217.36,84217.36,83923.71,84008,174.85624,78.4983
2026-09-30 17:45:00,84008,84158.01,83980,84031.46,125.70236,55.74912
2026-09-30 18:00:00,84031.47,84078.55,83930.15,84006,120.06837,57.16001
2026-09-30 18:15:00,84006,84024.65,83876,83919.81,114.37562,53.82798
2026-09-30 18:30:00,83919.81,83945.46,83810.93,83854.46,95.42025,48.57974
2026-09-30 18:45:00,83854.46,83986.01,83792.98,83950,102.26609,62.46699
2026-09-30 19:00:00,83950.01,83958.01,83728.65,83760,76.35231,28.76589
2026-09-30 19:15:00,83760,83786.01,83613.8,83749.24,144.19913,60.35005
2026-09-30 19:30:00,83749.24,83940.6,83749.24,83824.02,75.62811,47.65275
2026-09-30 19:45:00,83824.01,83834.23,83503.18,83603.16,206.18975,77.36335
2026-09-30 20:00:00,83603.16,83670,83530.11,83655.74,176.11436,81.71568
2026-09-30 20:15:00,83655.75,83771.16,83601.64,83725.99,132.67877,74.05881
2026-09-30 20:30:00,83725.99,83732.47,83636.59,83689.4,71.79658,32.10648
2026-09-30 20:45:00,83689.4,83719.81,83638.38,83673.99,39.49949,15.36478
2026-09-30 21:00:00,83673.99,83808.82,83673.99,83766.01,105.12203,55.53703
2026-09-30 21:15:00,83766.01,83818.83,83725.99,83726,84.77795,25.84009
2026-09-30 21:30:00,83726,83816.05,83707.76,83708.25,74.6498,41.59443
2026-09-30 21:45:00,83708.26,83760.01,83708.25,83757.72,37.53889,24.39719
2026-09-30 22:00:00,83757.73,83781.79,83580.29,83728.69,76.56654,35.72155
2026-09-30 22:15:00,83728.69,83824.01,83714.71,83824.01,51.05532,26.40972
2026-09-30 22:30:00,83824,83845,83802,83810.16,38.01486,15.37255
2026-09-30 22:45:00,83810.17,83822.13,83685.85,83685.85,49.25748,21.35062
2026-09-30 23:00:00,83685.86,83774.86,83636,83700.63,157.6941,97.76103
2026-09-30 23:15:00,83700.64,83836.07,83661.22,83662.01,190.24909,44.26846
2026-09-30 23:30:00,83662,83687.99,83523.65,83621.6,132.40134,82.66483
2026-09-30 23:45:00,83621.59,83654.01,83552,83623.6,210.92671,130.79421
2026-10-01 00:00:00,83623.59,83660.01,83458.15,83509.05,149.21111,75.13615
2026-10-01 00:15:00,83509.04,83512.44,83429.8,83488.01,119.97871,66.37751
2026-10-01 00:30:00,83488.01,83570.72,83438.72,83570.72,94.74828,64.61934
2026-10-01 00:45:00,83570.71,83591.41,83487.63,83509.03,87.75708,53.2018
2026-10-01 01:00:00,83509.03,83614.01,83500,83590,124.05007,76.69078
2026-10-01 01:15:00,83590,83692,83533.06,83635.01,88.16302,53.56361
2026-10-01 01:30:00,83635.01,83635.01,83482.2,83600.53,72.15455,23.37359
2026-10-01 01:45:00,83600.52,83609.99,83512,83518.07,59.07976,33.95622
2026-10-01 02:00:00,83518.07,83668.01,83508.67,83600.01,59.03962,32.9932
2026-10-01 02:15:00,83600.01,83600.01,83425.82,83541.31,107.21637,47.07338
2026-10-01 02:30:00,83541.32,83596.5,83423.92,83447.75,136.9392,45.67833
2026-10-01 02:45:00,83447.75,83522.01,83410.39,83490.78,58.95176,26.50722
2026-10-01 03:00:00,83490.78,83529.1,83424.58,83474.01,93.48084,40.00528
2026-10-01 03:15:00,83474.01,83537.51,83441.07,83529.33,49.7573,27.90727
2026-10-01 03:30:00,83529.32,83732.01,83470,83714.2,76.80985,48.58936
2026-10-01 03:45:00,83714.2,83780.14,83638.2,83754.01,104.96827,56.85844
2026-10-01 04:00:00,83754.01,83938.2,83754.01,83934.91,107.01606,63.43682
2026-10-01 04:15:00,83934.91,83934.92,83720.4,83860.01,132.59748,64.18354
2026-10-01 04:30:00,83860,83930.88,83782.84,83930.88,83.89529,47.19381
2026-10-01 04:45:00,83930.88,84207.53,83930.87,84110.01,191.11939,119.89312
2026-10-01 05:00:00,84110.01,84278.07,84032,84246.01,178.83821,121.01311
2026-10-01 05:15:00,84246,84318.61,84238.98,84288.2,83.68968,43.33046
2026-10-01 05:30:00,84288.21,84326.01,84208,84212.01,98.97084,42.14709
2026-10-01 05:45:00,84212.01,84368,84212.01,84291.48,58.54579,29.12999
2026-10-01 06:00:00,84291.49,84419.69,84240.35,84376.01,118.93722,84.57571
2026-10-01 06:15:00,84376.02,84384.09,84306.51,84347.35,74.16086,24.59594
2026-10-01 06:30:00,84347.34,84359.22,84105.76,84160.89,116.16526,35.47564
2026-10-01 06:45:00,84160.89,84201.73,84120,84121.45,89.33129,43.92864
2026-10-01 07:00:00,84121.45,84214.18,84055.6,84055.62,225.45911,118.14408
2026-10-01 07:15:00,84055.61,84088.96,83321.71,83364.29,532.79052,182.03326
2026-10-01 07:30:00,83364.3,83672.71,83343.41,83544.14,471.35082,253.68423
2026-10-01 07:45:00,83544.14,83658.52,83400,83429.93,203.93342,103.16007
2026-10-01 08:00:00,83429.93,83529.1,83340,83392.95,442.83899,301.44059
2026-10-01 08:15:00,83392.96,83477.7,83350,83431.3,370.24794,237.70956
2026-10-01 08:30:00,83431.3,83565.34,83186,83491.18,338.07306,150.33573
2026-10-01 08:45:00,83491.18,83582.44,83441.68,83566.97,277.63734,139.2431
2026-10-01 09:00:00,83566.98,83762.01,83558.46,83690.38,230.86915,119.3447
2026-10-01 09:15:00,83690.38,83793.1,83675.38,83761.88,166.62829,89.10074
2026-10-01 09:30:00,83761.88,83887.25,83761.88,83887.25,154.22692,84.78108
2026-10-01 09:45:00,83887.24,83896.01,83748,83782.01,169.39026,75.32384
2026-10-01 10:00:00,83782.01,83817.54,83418.23,83703.56,133.89021,60.51266
2026-10-01 10:15:00,83703.55,83771.82,83548.8,83686.65,111.66013,49.69898
2026-10-01 10:30:00,83686.64,83887.25,83686.64,83884.73,69.72808,39.54927
2026-10-01 10:45:00,83884.73,84098.01,83866,83966.28,150.40788,77.63594
2026-10-01 11:00:00,83966.27,83966.28,83818.01,83866.65,94.133,36.50006
2026-10-01 11:15:00,83866.65,83874.01,83780.8,83874.01,64.67686,25.02186
2026-10-01 11:30:00,83874.01,83981.11,83795.71,83956.22,104.70136,47.56322
2026-10-01 11:45:00,83956.23,84048.01,83901.11,83905.76,160.50738,51.09593
2026-10-01 12:00:00,83905.76,84012.74,83905.75,83992.69,71.24903,24.27822
2026-10-01 12:15:00,83992.68,83992.69,83866.84,83912.01,125.35227,43.87079
2026-10-01 12:30:00,83912.01,84054.01,83840,83902,80.80157,35.86017
2026-10-01 12:45:00,83902,83930.02,83657.02,83736.02,133.47789,55.55427
2026-10-01 13:00:00,83736.02,83744.01,83502.22,83523.41,141.29746,65.16521
2026-10-01 13:15:00,83523.41,83620.01,83400,83476.04,233.12931,74.33194
2026-10-01 13:30:00,83476.04,83972.01,83464,83940.01,365.35217,221.00938
2026-10-01 13:45:00,83940.01,84023.78,83667,83939.67,258.55384,139.03274
2026-10-01 14:00:00,83938.6,84041.13,83552.66,83800,303.89743,155.41222
2026-10-01 14:15:00,83800,84221.72,83791.52,84120,301.13808,179.22463
2026-10-01 14:30:00,84120,84332.01,83994,84020.01,282.38735,139.35212
2026-10-01 14:45:00,84020,84091.65,83773.56,84050.65,256.01234,138.28896
2026-10-01 15:00:00,84050.65,84744,83850,84092.8,1598.71437,1007.75893
2026-10-01 15:15:00,84092.79,84248.86,84063.18,84094.26,162.22657,95.06412
2026-10-01 15:30:00,84094.27,84094.27,83831.99,83889.44,196.24709,83.67187
2026-10-01 15:45:00,83889.44,84308.92,83889.02,84162.65,278.74413,167.36318
2026-10-01 16:00:00,84162.66,84317.29,84139.24,84317.29,183.5146,106.90629
2026-10-01 16:15:00,84317.29,84426.24,84265.82,84305.49,189.78705,112.61727
2026-10-01 16:30:00,84305.49,84625.98,84196,84329.81,236.30152,125.6049
2026-10-01 16:45:00,84329.82,84412.01,84064,84202.01,142.13507,69.64543
2026-10-01 17:00:00,84202,84486.01,84198,84432.89,172.58407,80.19956
2026-10-01 17:15:00,84432.9,84920,84432.9,84919.19,268.71243,139.52125
2026-10-01 17:30:00,84919.18,85055,84772.38,85054.99,359.33352,204.10186
2026-10-01 17:45:00,85054.99,85078.85,84792.7,84908.01,360.51232,186.40982
2026-10-01 18:00:00,84908,84989.29,84692.35,84881.46,204.49001,100.16291
2026-10-01 18:15:00,84881.47,84947.28,84802.51,84802.95,118.02029,56.18337
2026-10-01 18:30:00,84802.95,85273.65,84793.44,84972,352.66308,236.83847
2026-10-01 18:45:00,84972.01,84972.01,84671.01,84802.02,147.98177,62.17378
2026-10-01 19:00:00,84802.02,84892.01,84733.52,84800.19,92.19043,42.57645
2026-10-01 19:15:00,84800.18,84820,84601,84612.01,125.73745,45.19397
2026-10-01 19:30:00,84612,84766,84601,84648.48,113.32232,40.34082
2026-10-01 19:45:00,84648.48,84698.01,84585.81,84675.36,136.19664,58.30497
2026-10-01 20:00:00,84675.36,84860.05,84675.35,84786.01,124.42154,42.88781
2026-10-01 20:15:00,84786,84845.05,84766.65,84766.65,108.12422,56.50651
2026-10-01 20:30:00,84766.66,84768.01,84603.43,84609.99,67.46116,19.08982
2026-10-01 20:45:00,84609.99,84665.31,84563.54,84634,94.35663,39.035
2026-10-01 21:00:00,84634.01,84658.01,84619.55,84619.56,42.54664,13.62728
2026-10-01 21:15:00,84619.55,84687.4,84566.02,84591.35,93.39341,36.36181
2026-10-01 21:30:00,84591.34,84614.01,84493.35,84494.07,86.6822,28.50115
2026-10-01 21:45:00,84494.06,84572,84494.06,84544.99,80.04908,39.41482
2026-10-01 22:00:00,84544.99,84788.01,84537.12,84748.6,100.93483,47.25675
2026-10-01 22:15:00,84748.59,84769.74,84702.34,84702.34,58.80773,18.5225
2026-10-01 22:30:00,84702.34,84785.07,84659.46,84678.18,239.47047,105.85861
2026-10-01 22:45:00,84678.18,84780.01,84622.88,84749.73,54.75466,27.00507
2026-10-01 23:00:00,84749.74,84749.74,84668.12,84668.13,57.28313,22.19719
2026-10-01 23:15:00,84668.13,84769,84644.69,84729.98,102.64096,35.26559
2026-10-01 23:30:00,84729.99,84858.57,84703.48,84838.01,90.64753,53.05444
2026-10-01 23:45:00,84838,84900,84790,84880.05,83.69521,51.97132
2026-10-02 00:00:00,84880.05,84920.01,84772.21,84888.53,413.29644,179.62066
2026-10-02 00:15:00,84888.52,84958.48,84802.02,84802.02,209.60613,99.46113
2026-10-02 00:30:00,84802.02,84890.01,84705.04,84824.15,122.41362,54.9399
2026-10-02 00:45:00,84824.15,84824.16,84723.52,84784.89,56.06645,27.42012
2026-10-02 01:00:00,84784.89,84792.7,84667.64,84667.64,57.51476,14.31925
2026-10-02 01:15:00,84667.65,84700.01,84520,84614.01,102.61198,35.81056
2026-10-02 01:30:00,84614,84650,84578,84578.01,57.50087,20.52611
2026-10-02 01:45:00,84578.01,84986.39,84577.14,84910,155.08876,116.98059
2026-10-02 02:00:00,84910.01,85109,84866.51,85086.02,190.61854,125.06998
2026-10-02 02:15:00,85086.02,85086.02,84876,84934.01,162.03828,43.54946
2026-10-02 02:30:00,84934,84988.01,84868,84988.01,82.76936,36.96298
2026-10-02 02:45:00,84988.01,85189.97,84988,85188,206.40158,153.32778
2026-10-02 03:00:00,85187.99,85511,85187.99,85306,439.22208,298.32356
2026-10-02 03:15:00,85306.01,85335.38,85206,85280.93,61.11087,32.76661
2026-10-02 03:30:00,85280.94,85462.55,85280,85425.87,125.99985,74.7256
2026-10-02 03:45:00,85425.87,85569,85384.85,85512.9,153.22963,79.21443
2026-10-02 04:00:00,85512.89,85616,85453.36,85463.58,177.68933,90.45881
2026-10-02 04:15:00,85463.59,86804.78,85463.58,86788.12,1383.69591,870.37082
2026-10-02 04:30:00,86788.12,86912.75,86379.87,86525.32,816.84676,399.56568
2026-10-02 04:45:00,86525.33,86770.33,86459.47,86652.12,299.31348,142.33595
2026-10-02 05:00:00,86652.12,86670.36,86500,86576,233.42265,129.0393
2026-10-02 05:15:00,86576.01,86592.01,86288.59,86346.52,229.33152,104.28341
2026-10-02 05:30:00,86346.52,86396.01,85893.27,86137.34,271.09477,116.51168
2026-10-02 05:45:00,86137.34,86169.78,85966.01,86002.01,146.19139,67.92365
2026-10-02 06:00:00,86002.01,86098.62,85875.32,85902.73,308.9175,101.79471
2026-10-02 06:15:00,85902.73,86056.02,85902.72,86025.96,221.24907,89.00872
2026-10-02 06:30:00,86025.97,86096.01,85930.36,86002.01,150.45262,53.75223
2026-10-02 06:45:00,86002,86098,85945.64,85992.95,146.53582,56.35772
2026-10-02 07:00:00,85992.96,86077.79,85900,85956.67,181.79461,82.51469
2026-10-02 07:15:00,85956.67,85979.21,85896,85956.01,138.968,66.14353
2026-10-02 07:30:00,85956.01,85956.01,85767.45,85768.82,451.89969,132.87974
2026-10-02 07:45:00,85768.83,86163.5,85768.82,86089.65,448.07748,164.2575
2026-10-02 08:00:00,86089.64,86342.81,86062.28,86320.01,249.99172,157.15312
2026-10-02 08:15:00,86320.01,86640.61,86316,86400,233.50405,115.87708
2026-10-02 08:30:00,86400,86474.01,86258.1,86323.84,109.20076,50.43341
2026-10-02 08:45:00,86323.83,86344.01,86197,86236,144.26192,67.40319
2026-10-02 09:00:00,86236.01,86255,86138,86194.03,436.14834,69.66662
2026-10-02 09:15:00,86194.02,86240,86108,86209.07,691.08297,156.12769
2026-10-02 09:30:00,86209.08,86408.01,86176.36,86338.14,174.52913,104.93793
2026-10-02 09:45:00,86338.14,86432.01,86284.66,86364.02,139.5411,73.24747
2026-10-02 10:00:00,86364.01,86438.46,86322.03,86336.01,80.3563,44.24899
2026-10-02 10:15:00,86336.01,86413.54,86172,86409.39,173.42076,57.89213
2026-10-02 10:30:00,86408.18,86500,86350.78,86428.01,115.40576,46.29493
2026-10-02 10:45:00,86428,86428.01,86292,86297.6,83.34264,33.01355
2026-10-02 11:00:00,86297.6,86500,86274,86458.01,106.76281,55.00719
2026-10-02 11:15:00,86458,86500,86426,86431.33,95.9921,27.00825
2026-10-02 11:30:00,86431.34,86547.85,86425.21,86497.53,152.37446,72.58765
2026-10-02 11:45:00,86497.53,86562.5,86424.85,86424.85,114.58487,42.85292
2026-10-02 12:00:00,86424.85,86483.2,86308,86406.03,114.71136,38.00012
2026-10-02 12:15:00,86406.02,86662.01,86398.29,86616.35,235.70583,120.08367
2026-10-02 12:30:00,86616.35,87220,86412.04,86476,1391.8493,820.01964
2026-10-02 12:45:00,86476.01,86900.65,86456,86810,239.45424,147.00525
2026-10-02 13:00:00,86810.01,86949.61,86672,86692,216.91026,78.26342
2026-10-02 13:15:00,86692.01,86757.42,86600,86606.58,128.1052,44.21029
2026-10-02 13:30:00,86606.58,87150,86574,86900.31,471.14487,188.49609
2026-10-02 13:45:00,86900.84,86996.01,86465.72,86565.05,437.92265,184.01868
2026-10-02 14:00:00,86565.06,86838.01,86291.75,86356,501.08594,129.99309
2026-10-02 14:15:00,86356,86645.83,86077.31,86081.86,449.09436,112.92214
2026-10-02 14:30:00,86081.86,86171.59,85691.68,85954,740.91744,255.67695
2026-10-02 14:45:00,85954,86056,85394.44,85686.93,469.91011,205.91062
2026-10-02 15:00:00,85686.93,85758.81,85366,85639.2,374.23565,190.74129
2026-10-02 15:15:00,85639.19,85688.03,85315.86,85484.01,307.12603,82.12526
2026-10-02 15:30:00,85484,85554.46,85325.96,85341.49,265.82448,120.54183
2026-10-02 15:45:00,85341.5,85450,85162.9,85326,233.59176,88.32468
2026-10-02 16:00:00,85326,85508,85142.85,85208.01,231.14838,113.34675
2026-10-02 16:15:00,85208.01,85339.37,85122,85178.7,148.04871,74.08456
2026-10-02 16:30:00,85178.69,85238.01,85018,85192,167.7679,68.06157
2026-10-02 16:45:00,85192,85296.97,85094,85160.01,127.78414,57.07648
2026-10-02 17:00:00,85160,85258.01,84914.07,84919.91,239.61036,61.30448
2026-10-02 17:15:00,84919.91,84982.01,84300,84584.74,1729.1515,370.86288
2026-10-02 17:30:00,84584.75,84785.5,84367.13,84604.22,1515.22821,824.22825
2026-10-02 17:45:00,84604.21,84819.5,84584,84774.75,143.54637,72.75195
2026-10-02 18:00:00,84774.75,84900,84768,84891.22,170.09473,86.91789
2026-10-02 18:15:00,84891.21,84891.21,84556.75,84621.24,207.9027,61.06386
2026-10-02 18:30:00,84621.25,84636.4,83900,84040.72,540.03225,175.13454
2026-10-02 18:45:00,84040.88,84296.01,83888,84262.01,250.53167,116.91202
2026-10-02 19:00:00,84262.01,84315.44,84082.41,84129.76,195.71585,88.19893
2026-10-02 19:15:00,84129.76,84188.01,83975.58,84141.01,288.19747,179.84635
2026-10-02 19:30:00,84141.01,84239.76,84100,84186.01,351.87329,93.45195
2026-10-02 19:45:00,84186.01,84354.57,84161.06,84315.28,279.57854,121.53913
2026-10-02 20:00:00,84315.27,84474.82,84315.27,84374.01,175.6173,86.30772
2026-10-02 20:15:00,84374,84531.99,84347.08,84348,137.48719,65.40629
2026-10-02 20:30:00,84348,84452.62,84232.01,84238.01,122.74738,51.55348
2026-10-02 20:45:00,84238.01,84500.47,84238,84459.04,166.73745,98.1814
2026-10-02 21:00:00,84459.04,84544.46,84442,84496,76.86721,52.83705
2026-10-02 21:15:00,84496,84509.71,84431.79,84434.01,82.59146,29.65442
2026-10-02 21:30:00,84434,84544.46,84422.01,84520,88.90784,39.78902
2026-10-02 21:45:00,84519.99,84539.94,84500,84531.69,91.56015,42.80773
2026-10-02 22:00:00,84531.68,84550,84460,84545.91,250.22278,173.56978
2026-10-02 22:15:00,84546,84567.22,84484.86,84525.01,116.86644,51.20114
2026-10-02 22:30:00,84525.02,84558.7,84499.99,84510,185.26,108.96681
2026-10-02 22:45:00,84510,84560,84492.93,84560,112.31487,42.89611
2026-10-02 23:00:00,84559.99,84562.01,84488,84490.72,43.64865,14.48022
2026-10-02 23:15:00,84490.72,84566.01,84490.48,84566,49.71351,18.71004
2026-10-02 23:30:00,84566.01,84590.01,84519.35,84579.39,172.87155,110.86855
2026-10-02 23:45:00,84579.39,84588.64,84514.02,84518.01,159.23472,58.5937
2026-10-03 00:00:00,84518,84534.27,84456.02,84519.32,93.49614,36.34067
2026-10-03 00:15:00,84519.31,84571.03,84519.31,84558.69,70.88674,28.58714
2026-10-03 00:30:00,84558.68,84650,84558.68,84630.9,91.72956,65.52549
2026-10-03 00:45:00,84630.9,84686.28,84630.9,84660.11,56.7336,39.6358
2026-10-03 01:00:00,84660.11,84688.91,84631.72,84651.8,70.97621,32.93746
2026-10-03 01:15:00,84651.79,84720.58,84608.19,84614.59,69.22147,26.08364
2026-10-03 01:30:00,84614.6,84669.73,84614.6,84627.16,63.58032,37.01261
2026-10-03 01:45:00,84627.17,84648.83,84613.98,84640,34.97501,27.46903
2026-10-03 02:00:00,84640.01,84640.01,84605.32,84614,40.66382,16.19598
2026-10-03 02:15:00,84614,84680.52,84613.99,84641.51,62.60294,37.67873
2026-10-03 02:30:00,84641.52,84701.38,84641.51,84679.04,55.13477,41.91562
2026-10-03 02:45:00,84679.03,84679.04,84600,84600,64.83603,19.6351
2026-10-03 03:00:00,84600.01,84614.01,84522.63,84532.64,62.94719,22.00183
2026-10-03 03:15:00,84532.64,84603.11,84532.63,84594.01,45.10526,29.44262
2026-10-03 03:30:00,84594.01,84655.4,84594,84655.4,44.91052,35.30932
2026-10-03 03:45:00,84655.39,84699.56,84655.39,84699.56,57.86746,37.48715
2026-10-03 04:00:00,84699.56,84725.04,84663.63,84663.64,28.32421,12.86941
2026-10-03 04:15:00,84663.63,84663.64,84527.99,84528,46.48119,16.53469
2026-10-03 04:30:00,84528,84559.87,84525,84550.01,47.78059,21.67675
2026-10-03 04:45:00,84550.01,84606.33,84550,84577.23,29.58942,14.09754
2026-10-03 05:00:00,84577.23,84584.01,84553.14,84570.19,31.70346,17.27513
2026-10-03 05:15:00,84570.2,84619.64,84570.19,84619.63,35.24489,29.92249
2026-10-03 05:30:00,84619.64,84637.51,84619.63,84637.43,17.94141,9.41195
2026-10-03 05:45:00,84637.44,84654.01,84627.02,84652.09,63.05121,48.23413
2026-10-03 06:00:00,84652.09,84674.01,84628.37,84628.37,65.78154,15.84274
2026-10-03 06:15:00,84628.37,84668.03,84628.37,84649.55,31.84321,19.74272
2026-10-03 06:30:00,84649.55,84664,84626.37,84652.82,111.06577,78.79663
2026-10-03 06:45:00,84652.82,84652.83,84550,84586,63.62061,25.67512
2026-10-03 07:00:00,84586.01,84610,84572,84587.99,85.22189,42.90008
2026-10-03 07:15:00,84587.99,84629.66,84572.07,84629.65,106.52655,34.76593
2026-10-03 07:30:00,84629.66,84648.01,84570,84570.01,89.25715,34.16295
2026-10-03 07:45:00,84570,84609.07,84560,84560,95.0159,47.85968
2026-10-03 08:00:00,84560,84644.01,84557.36,84643.46,41.91964,26.43677
2026-10-03 08:15:00,84643.46,84643.46,84570,84589.87,92.29679,38.95456
2026-10-03 08:30:00,84589.86,84625.63,84573.41,84625.63,29.82062,22.3987
2026-10-03 08:45:00,84625.63,84644.47,84614.99,84616.01,80.04343,25.52593
2026-10-03 09:00:00,84616.02,84665.88,84616.01,84640.01,31.05754,17.60187
2026-10-03 09:15:00,84640.01,84643.81,84598.05,84598.06,45.42728,8.83333
2026-10-03 09:30:00,84598.06,84598.06,84588,84590.06,33.26491,16.18514
2026-10-03 09:45:00,84590.06,84600.01,84579.99,84600.01,61.95726,29.97954
2026-10-03 10:00:00,84600,84620.01,84580.75,84580.76,125.85184,55.23242
2026-10-03 10:15:00,84580.76,84611.01,84570.67,84586.23,113.41694,42.64307
2026-10-03 10:30:00,84586.24,84615.44,84586.23,84601,62.86934,46.35414
2026-10-03 10:45:00,84601,84649.25,84600.99,84636.13,38.46732,22.3744
2026-10-03 11:00:00,84636.13,84645.01,84616.03,84645,81.86742,56.9622
2026-10-03 11:15:00,84645,84651.22,84636.12,84651.22,28.72999,15.09312
2026-10-03 11:30:00,84651.22,84659.46,84649.6,84659.46,30.26462,17.77308
2026-10-03 11:45:00,84659.46,84696.01,84659.43,84672.01,47.17624,12.5343
2026-10-03 12:00:00,84672.01,84696,84672,84695.99,39.38803,23.64584
2026-10-03 12:15:00,84696,84921.66,84695.99,84861.4,181.25434,110.10748
2026-10-03 12:30:00,84861.41,84911.98,84785.5,84822.01,111.17472,46.32896
2026-10-03 12:45:00,84822.02,84926.47,84822.01,84888.02,54.58636,31.61224
2026-10-03 13:00:00,84888.02,84896.22,84828,84853.32,90.28293,56.59103
2026-10-03 13:15:00,84853.32,84853.32,84770.35,84812.01,44.8744,17.8856
2026-10-03 13:30:00,84812.01,84962.2,84812,84833.43,81.12264,43.75102
2026-10-03 13:45:00,84833.43,84878.01,84833.42,84870.04,33.71912,16.24527
2026-10-03 14:00:00,84870.03,84870.04,84774,84792.42,62.18078,30.95596
2026-10-03 14:15:00,84792.42,84840.01,84792.42,84826,42.89831,20.81601
2026-10-03 14:30:00,84826.01,84826.01,84745.44,84752,58.78641,22.63464
2026-10-03 14:45:00,84752,84857.99,84752,84856.01,61.70318,45.48421
2026-10-03 15:00:00,84856.01,84873.11,84780,84873.1,80.43932,50.42693
2026-10-03 15:15:00,84873.1,84879.05,84838,84838.66,67.01569,42.70204
2026-10-03 15:30:00,84838.66,84854.01,84761.24,84820.25,185.91003,76.85679
2026-10-03 15:45:00,84820.25,84867.28,84820.24,84867.28,32.83816,23.32731
2026-10-03 16:00:00,84867.27,84867.28,84836.47,84840.16,45.79874,20.74818
2026-10-03 16:15:00,84840.16,84840.17,84782.01,84813.22,47.11712,12.85654
2026-10-03 16:30:00,84813.23,84844.04,84813.22,84844.04,50.96776,30.59073
2026-10-03 16:45:00,84844.04,84880.01,84840.01,84868.03,71.25728,41.25793
2026-10-03 17:00:00,84868.02,84889.74,84868.02,84889.74,70.16959,43.52138
2026-10-03 17:15:00,84889.74,84959.99,84889.73,84894.01,59.56625,41.65973
2026-10-03 17:30:00,84894.01,84988.49,84840,84988.48,108.23085,81.21623
2026-10-03 17:45:00,84988.49,85012.01,84935,85012,93.87576,61.22176
2026-10-03 18:00:00,85012.01,85037.63,84977.06,84989.25,88.52712,49.90798
2026-10-03 18:15:00,84989.25,85014.01,84954,84995.78,45.20301,23.72419
2026-10-03 18:30:00,84995.78,84995.79,84920,84942.01,42.09931,16.31241
2026-10-03 18:45:00,84942,84950,84934.18,84949.99,38.95322,27.72242
2026-10-03 19:00:00,84950,84950,84850.51,84869.85,44.00016,13.06595
2026-10-03 19:15:00,84869.85,84890.01,84828.1,84828.11,63.04184,34.56388
2026-10-03 19:30:00,84828.1,84828.11,84784.99,84784.99,67.47043,11.5458
2026-10-03 19:45:00,84784.99,84849.38,84700,84842.5,60.81024,39.7025
2026-10-03 20:00:00,84842.5,84898.44,84842.49,84887.68,36.15959,18.30668
2026-10-03 20:15:00,84887.68,84915.65,84881.79,84889.15,52.04737,30.05292
2026-10-03 20:30:00,84889.16,84889.16,84858.46,84858.46,24.24166,4.90527
2026-10-03 20:45:00,84858.46,84858.47,84714,84749.75,82.90633,25.26138
2026-10-03 21:00:00,84749.76,84773.89,84558,84685.04,155.8153,53.09159
2026-10-03 21:15:00,84685.04,84732.14,84685.04,84710.68,50.47112,22.29176
2026-10-03 21:30:00,84710.69,84724.47,84692.3,84701.45,49.00946,17.33409
2026-10-03 21:45:00,84701.71,84745.67,84701.66,84715.15,33.41794,15.05586
2026-10-03 22:00:00,84715.15,84787.86,84693.73,84787.56,65.78665,35.84508
2026-10-03 22:15:00,84787.57,84798.53,84742.35,84784.01,218.74824,78.52329
2026-10-03 22:30:00,84784.01,84802.01,84783.98,84802,23.69279,11.49082
2026-10-03 22:45:00,84802,84802.01,84802,84802.01,3.69709,0.80375
