t,o,h,l,c,v,taker_buy_v
2026-03-10 13:00:00,0.09499,0.09707,0.09457,0.09609,183656881,83709378
2026-03-10 14:00:00,0.0961,0.09965,0.09491,0.09935,252043649,122842104
2026-03-10 15:00:00,0.09935,0.09975,0.09768,0.09912,223195687,123364030
2026-03-10 16:00:00,0.09912,0.10046,0.09864,0.09982,162205768,85384548
2026-03-10 17:00:00,0.09981,0.10003,0.09786,0.09824,122243946,54562980
2026-03-10 18:00:00,0.09824,0.09826,0.09506,0.09545,122847987,47587839
2026-03-10 19:00:00,0.09545,0.09553,0.09431,0.09477,53499151,20663886
2026-03-10 20:00:00,0.09476,0.09507,0.09446,0.09496,47780451,25353705
2026-03-10 21:00:00,0.09497,0.09532,0.0939,0.09442,39150945,14934504
2026-03-10 22:00:00,0.09442,0.09486,0.09403,0.09434,26471091,11463656
2026-03-10 23:00:00,0.09434,0.09477,0.09433,0.09452,17687168,8421276
2026-03-11 00:00:00,0.09452,0.09509,0.09406,0.09444,68107676,27952363
2026-03-11 01:00:00,0.09444,0.09447,0.09329,0.09362,35519621,16589103
2026-03-11 02:00:00,0.09362,0.09368,0.09244,0.093,46908863,23062954
2026-03-11 03:00:00,0.09299,0.09321,0.09243,0.09262,36593583,19294096
2026-03-11 04:00:00,0.09261,0.09324,0.09222,0.09312,90845944,37273369
2026-03-11 05:00:00,0.09313,0.09319,0.09143,0.09167,72487799,29710945
2026-03-11 06:00:00,0.09167,0.09229,0.09148,0.09205,44644147,29342964
2026-03-11 07:00:00,0.09205,0.09238,0.09146,0.09194,35754126,20858490
2026-03-11 08:00:00,0.09194,0.09237,0.0917,0.09209,39491203,24487692
2026-03-11 09:00:00,0.09209,0.09214,0.09153,0.09169,24481366,13267712
2026-03-11 10:00:00,0.0917,0.09228,0.09161,0.09225,18209998,10721060
2026-03-11 11:00:00,0.09225,0.09241,0.09181,0.09197,24560893,14017667
2026-03-11 12:00:00,0.09198,0.0935,0.09173,0.09249,52036008,33503514
2026-03-11 13:00:00,0.09249,0.09485,0.09244,0.09311,155890090,89898010
2026-03-11 14:00:00,0.09311,0.09426,0.09268,0.09348,82594655,46845658
2026-03-11 15:00:00,0.09348,0.09356,0.0912,0.09237,101935614,52791255
2026-03-11 16:00:00,0.09237,0.09314,0.09225,0.09302,42535824,20251540
2026-03-11 17:00:00,0.09302,0.09424,0.09269,0.09369,78295758,45576964
2026-03-11 18:00:00,0.09369,0.09462,0.09369,0.09438,38248031,19190915
2026-03-11 19:00:00,0.09438,0.09457,0.09373,0.09384,23954328,12239337
2026-03-11 20:00:00,0.09384,0.09385,0.0933,0.09366,12927648,6990574
2026-03-11 21:00:00,0.09366,0.09388,0.0935,0.0937,13230282,5680709
2026-03-11 22:00:00,0.09371,0.09422,0.09334,0.09345,22377930,10252352
2026-03-11 23:00:00,0.09345,0.09379,0.09276,0.09288,18354107,6787214
2026-03-12 00:00:00,0.09289,0.09304,0.09246,0.09274,17791029,8796994
2026-03-12 01:00:00,0.09273,0.09273,0.09215,0.09236,12363594,6482821
2026-03-12 02:00:00,0.09236,0.09255,0.0918,0.09191,22670457,10319273
2026-03-12 03:00:00,0.0919,0.09255,0.09185,0.09216,18947151,10817776
2026-03-12 04:00:00,0.09216,0.09237,0.09195,0.09199,11396494,6027279
2026-03-12 05:00:00,0.09198,0.09222,0.09187,0.09204,10249968,4962212
2026-03-12 06:00:00,0.09204,0.09217,0.0918,0.09205,18569620,11913091
2026-03-12 07:00:00,0.09204,0.093,0.09187,0.09291,58158780,30512980
2026-03-12 08:00:00,0.09291,0.09329,0.09253,0.09293,40289094,22527418
2026-03-12 09:00:00,0.09293,0.09364,0.0924,0.09308,29323794,16262842
2026-03-12 10:00:00,0.09308,0.09451,0.09294,0.09432,55609400,35671554
2026-03-12 11:00:00,0.09432,0.09519,0.09409,0.09469,45351830,23974160
2026-03-12 12:00:00,0.0947,0.09586,0.09458,0.09512,65815469,32851748
2026-03-12 13:00:00,0.09513,0.09562,0.09396,0.09489,79536444,37102206
2026-03-12 14:00:00,0.09489,0.0958,0.09327,0.09369,90113162,46890763
2026-03-12 15:00:00,0.09369,0.09476,0.09307,0.09409,78327162,31145623
2026-03-12 16:00:00,0.09409,0.09487,0.09334,0.09473,37102725,16740332
2026-03-12 17:00:00,0.09474,0.09492,0.0941,0.09436,22665237,8747848
2026-03-12 18:00:00,0.09436,0.09453,0.09376,0.09384,15508892,7032811
2026-03-12 19:00:00,0.09383,0.09472,0.0937,0.09443,21701821,12160294
2026-03-12 20:00:00,0.09443,0.09459,0.09403,0.09411,11530275,4753639
2026-03-12 21:00:00,0.09412,0.09477,0.09409,0.09469,12894808,7319092
2026-03-12 22:00:00,0.09468,0.09486,0.09426,0.09442,16615940,7499964
2026-03-12 23:00:00,0.09441,0.09534,0.0944,0.09475,37363040,18818491
2026-03-13 00:00:00,0.09474,0.09806,0.09454,0.09683,150595751,70245854
2026-03-13 01:00:00,0.09682,0.0972,0.09627,0.09708,55984410,27605394
2026-03-13 02:00:00,0.09708,0.09718,0.0957,0.09595,63887939,24948797
2026-03-13 03:00:00,0.09596,0.09699,0.09593,0.09676,27115311,13652620
2026-03-13 04:00:00,0.09677,0.09683,0.09616,0.09624,17114485,8505607
2026-03-13 05:00:00,0.09623,0.09689,0.0958,0.09652,22302630,9927688
2026-03-13 06:00:00,0.09653,0.09678,0.09608,0.09665,21010391,8820182
2026-03-13 07:00:00,0.09664,0.09676,0.09627,0.09651,20428861,11313347
2026-03-13 08:00:00,0.09651,0.09772,0.0961,0.09734,50580296,27254254
2026-03-13 09:00:00,0.09734,0.09913,0.09721,0.09863,79519025,47121719
2026-03-13 10:00:00,0.09863,0.09952,0.09849,0.099,109734680,73607527
2026-03-13 11:00:00,0.099,0.1004,0.09896,0.10003,131297934,68474684
2026-03-13 12:00:00,0.10003,0.10199,0.09939,0.10067,166756129,74138157
2026-03-13 13:00:00,0.10068,0.10118,0.09957,0.10038,131363272,56241024
2026-03-13 14:00:00,0.10038,0.10074,0.09733,0.0978,193698844,77750930
2026-03-13 15:00:00,0.0978,0.09891,0.09759,0.09795,91131412,43447192
2026-03-13 16:00:00,0.09795,0.09847,0.09735,0.09773,100571961,37720187
2026-03-13 17:00:00,0.09773,0.09775,0.09567,0.0961,87943643,38502303
2026-03-13 18:00:00,0.0961,0.09639,0.09567,0.09585,33604542,16193578
2026-03-13 19:00:00,0.09585,0.0962,0.09543,0.09603,32869862,19129602
2026-03-13 20:00:00,0.09604,0.09654,0.09592,0.09654,17319386,8144736
2026-03-13 21:00:00,0.09654,0.09679,0.09592,0.09623,24872913,12239097
2026-03-13 22:00:00,0.09622,0.09629,0.09545,0.09596,32326980,13806543
2026-03-13 23:00:00,0.09597,0.09608,0.09578,0.09596,15264318,8570725
2026-03-14 00:00:00,0.09596,0.09602,0.09503,0.0954,66460995,27765824
2026-03-14 01:00:00,0.0954,0.09584,0.09529,0.09569,48360320,25842922
2026-03-14 02:00:00,0.09569,0.0959,0.09542,0.0958,17683304,7911503
2026-03-14 03:00:00,0.09581,0.09627,0.0956,0.09605,42435234,18501189
2026-03-14 04:00:00,0.09605,0.09643,0.09562,0.09574,29361899,11673497
2026-03-14 05:00:00,0.09575,0.0958,0.09533,0.09568,21972094,7230511
2026-03-14 06:00:00,0.09568,0.09568,0.09426,0.09475,60636922,22248103
2026-03-14 07:00:00,0.09475,0.09492,0.09452,0.09463,21243480,7051734
2026-03-14 08:00:00,0.09462,0.09481,0.09437,0.09444,23773086,8112409
2026-03-14 09:00:00,0.09443,0.09459,0.09415,0.09424,22647810,9734830
2026-03-14 10:00:00,0.09423,0.09444,0.094,0.09442,15903072,8395849
2026-03-14 11:00:00,0.09441,0.09553,0.09441,0.09527,41742859,23460799
2026-03-14 12:00:00,0.09527,0.09534,0.09474,0.09496,24336872,11627792
2026-03-14 13:00:00,0.09496,0.09547,0.09489,0.09525,17386703,9788295
2026-03-14 14:00:00,0.09526,0.09567,0.09444,0.09457,59840240,29574840
2026-03-14 15:00:00,0.09456,0.09501,0.09452,0.09493,23189065,12847674
2026-03-14 16:00:00,0.09493,0.09545,0.09468,0.09532,19363476,9954409
2026-03-14 17:00:00,0.09532,0.09532,0.09465,0.09467,7879892,4440344
2026-03-14 18:00:00,0.09466,0.0948,0.09436,0.0947,12717982,5334180
2026-03-14 19:00:00,0.0947,0.0948,0.09457,0.09479,5157817,2478822
2026-03-14 20:00:00,0.09479,0.09503,0.09461,0.0948,11827893,7663279
2026-03-14 21:00:00,0.0948,0.09513,0.09466,0.09506,9180096,4079135
2026-03-14 22:00:00,0.09507,0.09526,0.0949,0.09514,8501865,4602271
2026-03-14 23:00:00,0.09514,0.09618,0.09514,0.09604,33837568,18954866
2026-03-15 00:00:00,0.09605,0.09619,0.0954,0.09557,25971971,14529156
2026-03-15 01:00:00,0.09558,0.09598,0.09545,0.09557,19220293,7638975
2026-03-15 02:00:00,0.09557,0.09746,0.09557,0.0969,84442103,39435209
2026-03-15 03:00:00,0.09691,0.09728,0.09593,0.09601,33004500,13774002
2026-03-15 04:00:00,0.09601,0.09628,0.09568,0.09599,19202488,8551793
2026-03-15 05:00:00,0.09599,0.0965,0.0957,0.09609,42084127,19569642
2026-03-15 06:00:00,0.0961,0.0962,0.09553,0.09572,23939593,8645887
2026-03-15 07:00:00,0.09571,0.09594,0.09553,0.09562,18031953,6074547
2026-03-15 08:00:00,0.09563,0.09655,0.09561,0.09646,54909731,41781993
2026-03-15 09:00:00,0.09646,0.09663,0.09615,0.09616,23951539,13863754
2026-03-15 10:00:00,0.09616,0.09638,0.09596,0.09626,18703633,12443015
2026-03-15 11:00:00,0.09625,0.09656,0.09606,0.09639,15036179,9829822
2026-03-15 12:00:00,0.0964,0.09649,0.09605,0.09637,10316669,5292213
2026-03-15 13:00:00,0.09638,0.09666,0.09466,0.09532,80218622,34356135
2026-03-15 14:00:00,0.09531,0.09561,0.09509,0.09558,22823259,13147893
2026-03-15 15:00:00,0.09559,0.09559,0.09489,0.09498,26453982,5394172
2026-03-15 16:00:00,0.09497,0.09511,0.09445,0.0947,35623262,17629045
2026-03-15 17:00:00,0.0947,0.09583,0.09464,0.09549,18460660,8464994
2026-03-15 18:00:00,0.0955,0.09559,0.09468,0.0948,19079037,6776848
2026-03-15 19:00:00,0.0948,0.09535,0.0947,0.09518,15638129,8987764
2026-03-15 20:00:00,0.09518,0.09588,0.09496,0.09537,16317523,9811724
2026-03-15 21:00:00,0.09537,0.09606,0.09503,0.09587,21573558,12989721
2026-03-15 22:00:00,0.09587,0.09767,0.09528,0.09735,90950062,56931396
2026-03-15 23:00:00,0.09736,0.09809,0.09663,0.09738,75807914,35310956
2026-03-16 00:00:00,0.09738,0.0982,0.09723,0.09797,56036528,29472233
2026-03-16 01:00:00,0.09797,0.09816,0.0973,0.09761,56465098,26035821
2026-03-16 02:00:00,0.09761,0.09846,0.09704,0.09811,64291346,32523089
2026-03-16 03:00:00,0.09812,0.10143,0.0978,0.09997,244815078,132668304
2026-03-16 04:00:00,0.09998,0.10117,0.09979,0.10071,113780563,57899665
2026-03-16 05:00:00,0.10071,0.1018,0.10048,0.10159,95957940,53882200
2026-03-16 06:00:00,0.10159,0.10258,0.1012,0.10167,123638807,56477160
2026-03-16 07:00:00,0.10168,0.10268,0.10163,0.10202,103815893,48647174
2026-03-16 08:00:00,0.10203,0.10297,0.10021,0.10034,153276655,64675840
2026-03-16 09:00:00,0.10035,0.10137,0.09983,0.10108,114550970,39772737
2026-03-16 10:00:00,0.10109,0.1013,0.10012,0.10069,67654444,24008619
2026-03-16 11:00:00,0.10069,0.10069,0.09938,0.09995,63372885,27503745
2026-03-16 12:00:00,0.09996,0.1005,0.09973,0.10009,59050379,31767046
2026-03-16 13:00:00,0.10009,0.10172,0.09995,0.10054,107577041,55662853
2026-03-16 14:00:00,0.10054,0.10351,0.09993,0.10314,248205186,127394081
2026-03-16 15:00:00,0.10314,0.10335,0.09996,0.10007,108374634,45751296
2026-03-16 16:00:00,0.10007,0.10137,0.09987,0.10116,51537813,25755891
2026-03-16 17:00:00,0.10116,0.10171,0.1009,0.10144,35624597,20937871
2026-03-16 18:00:00,0.10143,0.10241,0.10124,0.10175,41409667,19565024
2026-03-16 19:00:00,0.10176,0.10296,0.1015,0.10198,33586997,16273772
2026-03-16 20:00:00,0.10198,0.10211,0.10149,0.10154,24472698,9157485
2026-03-16 21:00:00,0.10153,0.10268,0.10122,0.10198,40436267,18130412
2026-03-16 22:00:00,0.10198,0.10344,0.10198,0.10325,67246448,35613961
2026-03-16 23:00:00,0.10325,0.10375,0.10224,0.10304,47311698,24866768
2026-03-17 00:00:00,0.10304,0.10402,0.10254,0.10321,71229769,38802897
2026-03-17 01:00:00,0.10322,0.1039,0.10259,0.10324,69835845,28343516
2026-03-17 02:00:00,0.10324,0.10449,0.10221,0.10352,108180160,55164584
2026-03-17 03:00:00,0.10353,0.1036,0.10066,0.10124,103235616,42752197
2026-03-17 04:00:00,0.10125,0.10166,0.09995,0.10054,83649977,39581520
2026-03-17 05:00:00,0.10053,0.10076,0.09947,0.1,48449072,22248889
2026-03-17 06:00:00,0.1,0.10058,0.09961,0.10007,32008072,17905180
2026-03-17 07:00:00,0.10008,0.10113,0.10002,0.10052,26467269,16210157
2026-03-17 08:00:00,0.10053,0.10144,0.10046,0.10087,38646175,15298471
2026-03-17 09:00:00,0.10086,0.10129,0.10034,0.10074,35579141,16653573
2026-03-17 10:00:00,0.10075,0.10077,0.1,0.10019,39600667,17805743
2026-03-17 11:00:00,0.1002,0.10053,0.1,0.10016,26055263,14464237
2026-03-17 12:00:00,0.10016,0.10024,0.0987,0.09881,60705182,23258626
2026-03-17 13:00:00,0.09881,0.09971,0.0985,0.09894,78309112,34974214
2026-03-17 14:00:00,0.09895,0.09981,0.0983,0.09971,68576277,38715488
2026-03-17 15:00:00,0.09971,0.10053,0.09883,0.09967,80409082,43129571
2026-03-17 16:00:00,0.09967,0.10038,0.09941,0.0999,39094269,21169678
2026-03-17 17:00:00,0.09991,0.10067,0.0996,0.10065,18791191,10571403
2026-03-17 18:00:00,0.10064,0.10113,0.10035,0.10096,23092342,11391051
2026-03-17 19:00:00,0.10096,0.1011,0.10016,0.10024,16080760,6623968
2026-03-17 20:00:00,0.10024,0.10067,0.09995,0.10057,10903339,5843677
2026-03-17 21:00:00,0.10056,0.10129,0.1004,0.10119,24076865,14232210
2026-03-17 22:00:00,0.10119,0.10174,0.10037,0.10089,23426735,10605209
2026-03-17 23:00:00,0.10088,0.10115,0.10003,0.10015,14248769,5835407
2026-03-18 00:00:00,0.10015,0.10042,0.09968,0.10013,17857488,7197586
2026-03-18 01:00:00,0.10013,0.10088,0.10012,0.10034,20917619,12397907
2026-03-18 02:00:00,0.10033,0.10139,0.10029,0.10091,20119158,11732926
2026-03-18 03:00:00,0.1009,0.10185,0.10066,0.10116,35459213,19150098
2026-03-18 04:00:00,0.10116,0.10123,0.09969,0.10019,54952672,21105672
2026-03-18 05:00:00,0.10019,0.10111,0.10008,0.10024,32032579,17008588
2026-03-18 06:00:00,0.10024,0.10097,0.1001,0.10014,17721195,9242370
2026-03-18 07:00:00,0.10015,0.10015,0.09922,0.09956,45579087,16853577
2026-03-18 08:00:00,0.09956,0.10007,0.09952,0.09979,13862445,7617667
2026-03-18 09:00:00,0.09979,0.10011,0.09966,0.0999,14844311,6046422
2026-03-18 10:00:00,0.0999,0.10002,0.09883,0.09918,22426904,9324838
2026-03-18 11:00:00,0.09918,0.0994,0.09661,0.09711,164545909,66774433
2026-03-18 12:00:00,0.0971,0.09711,0.09568,0.09594,109723734,53904544
2026-03-18 13:00:00,0.09594,0.09629,0.09542,0.09578,114541084,45887718
2026-03-18 14:00:00,0.09578,0.09583,0.09428,0.09452,90113948,41982948
2026-03-18 15:00:00,0.09451,0.09481,0.09389,0.09436,89417025,44938806
2026-03-18 16:00:00,0.09435,0.09435,0.0935,0.09385,105608539,50205236
2026-03-18 17:00:00,0.09385,0.0948,0.09328,0.09436,95672223,60778860
2026-03-18 18:00:00,0.09436,0.09555,0.0942,0.09452,114248193,53853050
2026-03-18 19:00:00,0.09451,0.09537,0.0945,0.09463,36270394,15552918
2026-03-18 20:00:00,0.09464,0.09523,0.09394,0.09515,37557714,22242533
2026-03-18 21:00:00,0.09514,0.09562,0.09499,0.09535,22313864,14224083
2026-03-18 22:00:00,0.09535,0.09535,0.09488,0.09499,16755323,6275727
2026-03-18 23:00:00,0.09499,0.0953,0.09478,0.09526,25539645,14767065
2026-03-19 00:00:00,0.09526,0.0955,0.095,0.09506,35685021,15335608
2026-03-19 01:00:00,0.09507,0.09526,0.09487,0.09489,9981577,4730791
2026-03-19 02:00:00,0.09489,0.09498,0.09445,0.09457,12831626,6416416
2026-03-19 03:00:00,0.09457,0.09609,0.09457,0.09546,31976035,19756792
2026-03-19 04:00:00,0.09545,0.09551,0.09472,0.09478,17033547,7076242
2026-03-19 05:00:00,0.09479,0.09497,0.09425,0.09453,44773532,14965528
2026-03-19 06:00:00,0.09453,0.09489,0.09419,0.09459,15410428,7591467
2026-03-19 07:00:00,0.09459,0.09486,0.0932,0.09439,91913069,31382843
2026-03-19 08:00:00,0.09439,0.09465,0.09412,0.09418,22396635,7767990
2026-03-19 09:00:00,0.09419,0.0954,0.09419,0.09508,40408270,22164020
2026-03-19 10:00:00,0.09509,0.09517,0.09415,0.0942,16973725,7156108
2026-03-19 11:00:00,0.09421,0.09427,0.09377,0.09401,35441319,13894134
2026-03-19 12:00:00,0.09402,0.09402,0.0925,0.09254,47240875,17685978
2026-03-19 13:00:00,0.09255,0.09368,0.09215,0.09337,73413553,39167777
2026-03-19 14:00:00,0.09338,0.09378,0.09253,0.09307,28443299,11986974
2026-03-19 15:00:00,0.09307,0.09349,0.0923,0.09287,33432263,16435374
2026-03-19 16:00:00,0.09287,0.0929,0.09207,0.0924,31310407,10978191
2026-03-19 17:00:00,0.09239,0.093,0.09177,0.09292,30189305,12143072
2026-03-19 18:00:00,0.09291,0.09311,0.09247,0.09279,15248975,7210630
2026-03-19 19:00:00,0.09278,0.09396,0.09276,0.09333,31787264,16483017
2026-03-19 20:00:00,0.09333,0.09381,0.09326,0.09358,13320702,7542310
2026-03-19 21:00:00,0.09357,0.09381,0.09349,0.09365,13625449,7331605
2026-03-19 22:00:00,0.09365,0.09369,0.093,0.0933,21145506,12419422
2026-03-19 23:00:00,0.09331,0.09372,0.0932,0.09354,20093607,9168830
2026-03-20 00:00:00,0.09353,0.09398,0.0935,0.09395,12786808,6759657
2026-03-20 01:00:00,0.09394,0.09466,0.09394,0.09426,30092836,17776317
2026-03-20 02:00:00,0.09426,0.09434,0.09355,0.09401,21939320,9986363
2026-03-20 03:00:00,0.09401,0.09453,0.09382,0.0941,21794490,12702185
2026-03-20 04:00:00,0.09409,0.0947,0.0938,0.09463,17631992,10240758
2026-03-20 05:00:00,0.09462,0.09541,0.09454,0.09475,41765253,25695786
2026-03-20 06:00:00,0.09475,0.09488,0.09434,0.0944,14755143,7965997
2026-03-20 07:00:00,0.09439,0.09439,0.09363,0.09409,21239115,11074557
2026-03-20 08:00:00,0.09409,0.0951,0.09406,0.0945,25600123,14187720
2026-03-20 09:00:00,0.09451,0.09452,0.0937,0.09391,16970712,7062258
2026-03-20 10:00:00,0.09392,0.09449,0.0935,0.0944,16055196,8568335
2026-03-20 11:00:00,0.09439,0.09476,0.09384,0.09407,18536770,9082199
2026-03-20 12:00:00,0.09408,0.09444,0.09366,0.09383,27350472,9980689
2026-03-20 13:00:00,0.09384,0.09427,0.09326,0.09341,31879472,17004315
2026-03-20 14:00:00,0.09342,0.09427,0.0931,0.09373,47271906,26936465
2026-03-20 15:00:00,0.09374,0.09433,0.09352,0.09422,18049752,10285806
2026-03-20 16:00:00,0.09421,0.09445,0.09359,0.09395,19395547,7403960
2026-03-20 17:00:00,0.09395,0.09416,0.09344,0.09404,19642506,10430691
2026-03-20 18:00:00,0.09405,0.09425,0.09322,0.09358,13877971,7388936
2026-03-20 19:00:00,0.09358,0.09378,0.09287,0.09371,19639809,7032093
2026-03-20 20:00:00,0.09372,0.09379,0.0932,0.09373,6962209,3766734
2026-03-20 21:00:00,0.09374,0.09448,0.09345,0.09421,21979740,12262594
2026-03-20 22:00:00,0.09421,0.09495,0.09421,0.09437,20158797,11604695
2026-03-20 23:00:00,0.09437,0.09437,0.0939,0.09416,9609750,3797113
2026-03-21 00:00:00,0.09417,0.09439,0.09403,0.09433,6597054,4060476
2026-03-21 01:00:00,0.09432,0.09458,0.09393,0.09399,7747375,3499701
2026-03-21 02:00:00,0.094,0.09484,0.09397,0.09475,30813271,21263445
2026-03-21 03:00:00,0.09474,0.09499,0.09462,0.09474,8908450,4699994
2026-03-21 04:00:00,0.09473,0.0949,0.09454,0.09462,8595124,4190667
2026-03-21 05:00:00,0.09462,0.09494,0.09462,0.09474,8314593,5472455
2026-03-21 06:00:00,0.09473,0.09494,0.09443,0.09462,16200737,6808629
2026-03-21 07:00:00,0.09461,0.09473,0.09428,0.09437,9375862,4481351
2026-03-21 08:00:00,0.09438,0.09445,0.09421,0.09437,6686512,3545544
2026-03-21 09:00:00,0.09437,0.09451,0.09425,0.09433,3575378,1789825
2026-03-21 10:00:00,0.09432,0.09434,0.0939,0.09398,7425022,3302134
2026-03-21 11:00:00,0.09399,0.09407,0.0938,0.094,7223710,3317034
2026-03-21 12:00:00,0.094,0.09415,0.0939,0.09397,4965993,2801409
2026-03-21 13:00:00,0.09398,0.094,0.09353,0.09369,8934103,3760310
2026-03-21 14:00:00,0.09369,0.09425,0.09362,0.0937,22008405,13345868
2026-03-21 15:00:00,0.0937,0.09467,0.09364,0.09464,37074653,26462286
2026-03-21 16:00:00,0.09465,0.09467,0.09423,0.09432,19117537,10006825
2026-03-21 17:00:00,0.09432,0.09436,0.09392,0.09407,7682877,4096183
2026-03-21 18:00:00,0.09407,0.09426,0.09394,0.09409,4997778,3094842
2026-03-21 19:00:00,0.09408,0.09415,0.09388,0.09408,5170206,2448922
2026-03-21 20:00:00,0.09408,0.09443,0.094,0.09434,7095125,4549309
2026-03-21 21:00:00,0.09434,0.09437,0.09406,0.09417,4410451,2029636
2026-03-21 22:00:00,0.09416,0.09422,0.09393,0.09401,9554722,4029444
2026-03-21 23:00:00,0.09401,0.09401,0.09061,0.09135,151085626,68999919
2026-03-22 00:00:00,0.09133,0.09198,0.09,0.09146,108370851,56538207
2026-03-22 01:00:00,0.09146,0.09186,0.09105,0.09148,60660322,25736852
2026-03-22 02:00:00,0.09148,0.09238,0.09148,0.09205,37255511,20407950
2026-03-22 03:00:00,0.09205,0.09287,0.09174,0.09234,41612930,26399753
2026-03-22 04:00:00,0.09234,0.09283,0.09217,0.09267,29402742,15316387
2026-03-22 05:00:00,0.09267,0.09268,0.09214,0.09217,19237724,9980076
2026-03-22 06:00:00,0.09217,0.09217,0.09175,0.09189,14997014,7414714
2026-03-22 07:00:00,0.09188,0.09202,0.09132,0.09133,22673528,8242942
2026-03-22 08:00:00,0.09133,0.09141,0.09075,0.09119,44141494,22830058
2026-03-22 09:00:00,0.09118,0.09163,0.09104,0.09123,16943204,8072537
2026-03-22 10:00:00,0.09123,0.09123,0.09092,0.09101,12609291,6653724
2026-03-22 11:00:00,0.09101,0.09128,0.09089,0.09112,18577848,9837639
2026-03-22 12:00:00,0.09112,0.09197,0.09112,0.09151,25113501,15547668
2026-03-22 13:00:00,0.09151,0.09195,0.09115,0.09138,13737853,8355545
2026-03-22 14:00:00,0.09138,0.09182,0.09112,0.09141,12994896,8369780
2026-03-22 15:00:00,0.09142,0.0917,0.09131,0.09163,12467083,8300925
2026-03-22 16:00:00,0.09162,0.09177,0.0914,0.09163,11088416,5725404
2026-03-22 17:00:00,0.09163,0.09163,0.0914,0.09148,5963985,2925532
2026-03-22 18:00:00,0.09147,0.09147,0.09022,0.09078,32649665,17215367
2026-03-22 19:00:00,0.09078,0.09079,0.0901,0.09049,19592503,10849177
2026-03-22 20:00:00,0.09049,0.09078,0.0901,0.09022,18189016,9748084
2026-03-22 21:00:00,0.09022,0.09031,0.08916,0.08993,81850901,36765379
2026-03-22 22:00:00,0.08993,0.09065,0.08933,0.09052,51818396,31902983
2026-03-22 23:00:00,0.09053,0.09078,0.09005,0.09015,14733474,8069939
2026-03-23 00:00:00,0.09015,0.0906,0.08978,0.09034,21183921,10871174
2026-03-23 01:00:00,0.09033,0.09096,0.09016,0.09051,18623790,10752214
2026-03-23 02:00:00,0.09051,0.0913,0.09035,0.09103,19203687,11913711
2026-03-23 03:00:00,0.09102,0.09149,0.09063,0.09064,13347581,7375710
2026-03-23 04:00:00,0.09065,0.09115,0.09064,0.09103,5912914,3539781
2026-03-23 05:00:00,0.09104,0.09125,0.09063,0.09098,11522774,5644663
2026-03-23 06:00:00,0.09097,0.09098,0.09007,0.09038,27135182,14040015
2026-03-23 07:00:00,0.09038,0.09072,0.08977,0.09045,24647559,12033742
2026-03-23 08:00:00,0.09046,0.09083,0.08985,0.08988,26578539,7489921
2026-03-23 09:00:00,0.08988,0.09004,0.08925,0.09003,24574015,10211940
2026-03-23 10:00:00,0.09002,0.0904,0.08977,0.08999,17130946,6774676
2026-03-23 11:00:00,0.08999,0.09535,0.08999,0.09254,351633345,189320184
2026-03-23 12:00:00,0.09255,0.09347,0.09189,0.09333,70662526,36822407
2026-03-23 13:00:00,0.09333,0.09447,0.09291,0.09425,53944143,32083815
2026-03-23 14:00:00,0.09426,0.09503,0.09397,0.09493,49918453,26812616
2026-03-23 15:00:00,0.09493,0.09577,0.09369,0.0938,80231702,46667652
2026-03-23 16:00:00,0.09379,0.0943,0.09308,0.09397,40302922,18129965
2026-03-23 17:00:00,0.09397,0.09509,0.09374,0.09497,28992997,15741957
2026-03-23 18:00:00,0.09497,0.0956,0.09469,0.09548,32322920,17222687
2026-03-23 19:00:00,0.09547,0.09578,0.09479,0.09489,22987861,10263257
2026-03-23 20:00:00,0.09489,0.0955,0.09479,0.09502,13871898,5571230
2026-03-23 21:00:00,0.09502,0.09529,0.09486,0.09497,18910150,9152542
2026-03-23 22:00:00,0.09498,0.09506,0.09412,0.09431,22805863,9063008
2026-03-23 23:00:00,0.09431,0.09437,0.09353,0.09415,24946965,10970360
2026-03-24 00:00:00,0.09416,0.09439,0.09314,0.09366,21880597,8426010
2026-03-24 01:00:00,0.09365,0.09367,0.0927,0.09318,25391909,10593333
2026-03-24 02:00:00,0.09318,0.09389,0.09308,0.09313,13591303,6083031
2026-03-24 03:00:00,0.09313,0.09389,0.09308,0.09378,12434787,5763034
2026-03-24 04:00:00,0.09377,0.09393,0.09331,0.09361,11067033,5571598
2026-03-24 05:00:00,0.0936,0.09383,0.09318,0.09359,16420716,9699081
2026-03-24 06:00:00,0.09359,0.09387,0.09331,0.09378,14474532,8604063
2026-03-24 07:00:00,0.09377,0.09543,0.09365,0.09524,34944345,18748105
2026-03-24 08:00:00,0.09525,0.09562,0.09496,0.09511,33727101,18820784
2026-03-24 09:00:00,0.0951,0.0953,0.09469,0.09509,39563419,18411444
2026-03-24 10:00:00,0.09508,0.09508,0.09392,0.0942,31830207,12339912
2026-03-24 11:00:00,0.0942,0.09449,0.0936,0.09425,23471790,10098085
2026-03-24 12:00:00,0.09425,0.09459,0.09404,0.09435,16396577,8911326
2026-03-24 13:00:00,0.09434,0.09466,0.09348,0.09365,58644536,18435286
2026-03-24 14:00:00,0.09364,0.09428,0.09266,0.09347,49740546,23613645
2026-03-24 15:00:00,0.09348,0.09395,0.09333,0.09337,22317307,11707085
2026-03-24 16:00:00,0.09337,0.09378,0.0931,0.0933,14928470,6338278
2026-03-24 17:00:00,0.0933,0.0934,0.09245,0.09261,31732261,11498431
2026-03-24 18:00:00,0.09262,0.09326,0.09251,0.09294,22359494,10856242
2026-03-24 19:00:00,0.09295,0.0934,0.09294,0.09312,6064062,2370378
2026-03-24 20:00:00,0.09312,0.09491,0.09305,0.09459,36923244,17355090
2026-03-24 21:00:00,0.09459,0.09482,0.09409,0.09457,13957848,6418420
2026-03-24 22:00:00,0.09457,0.09492,0.0944,0.09471,20074677,9926843
2026-03-24 23:00:00,0.09471,0.09543,0.09467,0.0951,30519484,18315384
2026-03-25 00:00:00,0.09511,0.09549,0.09463,0.09501,36013294,14307558
2026-03-25 01:00:00,0.095,0.09538,0.09482,0.09514,22025845,10822985
2026-03-25 02:00:00,0.09515,0.09523,0.09471,0.09474,19272148,8000684
2026-03-25 03:00:00,0.09475,0.09534,0.09441,0.09522,19037472,10320456
2026-03-25 04:00:00,0.09521,0.09571,0.095,0.09554,17941872,10964206
2026-03-25 05:00:00,0.09555,0.09701,0.09555,0.09624,122445758,84908621
2026-03-25 06:00:00,0.09623,0.0977,0.09622,0.09697,75382691,36357251
2026-03-25 07:00:00,0.09697,0.09761,0.09655,0.0968,47071048,16857023
2026-03-25 08:00:00,0.09681,0.0975,0.09681,0.09698,39025343,20921063
2026-03-25 09:00:00,0.09698,0.097,0.09644,0.09686,26487185,10184626
2026-03-25 10:00:00,0.09686,0.09715,0.0968,0.09701,15943383,7187905
2026-03-25 11:00:00,0.09701,0.09748,0.09678,0.09699,29651844,12980643
2026-03-25 12:00:00,0.09699,0.09796,0.09651,0.09775,49224440,26276109
2026-03-25 13:00:00,0.09776,0.09789,0.09718,0.0974,29905972,16521044
2026-03-25 14:00:00,0.09741,0.09785,0.0969,0.09693,34235418,17670248
2026-03-25 15:00:00,0.09693,0.09697,0.09558,0.09596,93875016,33834597
2026-03-25 16:00:00,0.09597,0.0971,0.09582,0.09657,36670186,19477622
2026-03-25 17:00:00,0.09658,0.0968,0.09609,0.0962,18067683,10995567
2026-03-25 18:00:00,0.09619,0.09659,0.09597,0.09618,12355393,6077650
2026-03-25 19:00:00,0.09617,0.09652,0.09601,0.09644,9338219,6049871
2026-03-25 20:00:00,0.09644,0.09647,0.09574,0.0962,9564592,4186223
2026-03-25 21:00:00,0.09621,0.09651,0.09606,0.09616,10531842,5558056
2026-03-25 22:00:00,0.09615,0.0968,0.09592,0.09639,14549479,8069253
2026-03-25 23:00:00,0.0964,0.09643,0.09588,0.09618,12965574,5943985
2026-03-26 00:00:00,0.09618,0.09627,0.09577,0.0959,8708773,3640192
2026-03-26 01:00:00,0.0959,0.09605,0.09551,0.09571,13025441,5529005
2026-03-26 02:00:00,0.09571,0.09572,0.09455,0.09486,69764194,42149732
2026-03-26 03:00:00,0.09485,0.09487,0.0941,0.09459,27945713,13934391
2026-03-26 04:00:00,0.09459,0.09461,0.0942,0.09428,15791791,7668952
2026-03-26 05:00:00,0.09428,0.09429,0.09266,0.09275,52105226,23869596
2026-03-26 06:00:00,0.09274,0.09286,0.09226,0.09268,44598399,22430592
2026-03-26 07:00:00,0.09267,0.09288,0.09234,0.09275,20572422,14039326
2026-03-26 08:00:00,0.09275,0.09276,0.0921,0.09229,37097279,17591944
2026-03-26 09:00:00,0.09229,0.09236,0.09113,0.09164,80073843,29342812
2026-03-26 10:00:00,0.09164,0.09181,0.0914,0.0918,29732033,15736441
2026-03-26 11:00:00,0.0918,0.0918,0.09129,0.09133,80646518,22929408
2026-03-26 12:00:00,0.09133,0.09163,0.09114,0.0916,27715490,15059123
2026-03-26 13:00:00,0.0916,0.0922,0.0913,0.09175,51327889,28959223
2026-03-26 14:00:00,0.09174,0.09192,0.09128,0.0916,32828074,14802657
2026-03-26 15:00:00,0.0916,0.0916,0.09056,0.09096,49501345,20680162
2026-03-26 16:00:00,0.09097,0.09141,0.09085,0.09106,52223504,21459154
2026-03-26 17:00:00,0.09105,0.09156,0.09078,0.09093,24370402,11251314
2026-03-26 18:00:00,0.09093,0.09115,0.09059,0.09104,19372464,9070849
2026-03-26 19:00:00,0.09105,0.09129,0.09091,0.0911,9486844,5245334
2026-03-26 20:00:00,0.09111,0.09269,0.09096,0.09178,53089202,29560230
2026-03-26 21:00:00,0.09177,0.09276,0.09168,0.09232,19201523,10460046
2026-03-26 22:00:00,0.09231,0.09248,0.0919,0.09215,14885198,6281547
2026-03-26 23:00:00,0.09216,0.0923,0.09185,0.09205,13549704,6398265
2026-03-27 00:00:00,0.09205,0.09224,0.09178,0.09203,16509726,11239789
2026-03-27 01:00:00,0.09204,0.09249,0.09197,0.09248,9008696,4319861
2026-03-27 02:00:00,0.09249,0.09271,0.09222,0.09235,8849973,4055313
2026-03-27 03:00:00,0.09236,0.09241,0.09192,0.09195,7277234,3724695
2026-03-27 04:00:00,0.09196,0.09213,0.09138,0.09195,22007572,9450881
2026-03-27 05:00:00,0.09195,0.09235,0.09182,0.09192,7596093,2432758
2026-03-27 06:00:00,0.09193,0.09208,0.09182,0.09193,5285271,2513780
2026-03-27 07:00:00,0.09194,0.09231,0.09184,0.09222,15814321,10344517
2026-03-27 08:00:00,0.09223,0.09241,0.09112,0.09185,26184303,10613122
2026-03-27 09:00:00,0.09184,0.09184,0.091,0.09104,17918897,6812802
2026-03-27 10:00:00,0.09104,0.09113,0.08933,0.08963,102845470,38390837
2026-03-27 11:00:00,0.08963,0.09028,0.0893,0.09013,35803772,15922115
2026-03-27 12:00:00,0.09012,0.09036,0.08981,0.09017,21752238,10503518
2026-03-27 13:00:00,0.09017,0.0904,0.08961,0.08988,37353508,16184204
2026-03-27 14:00:00,0.08987,0.09018,0.08932,0.08996,51015254,19628924
2026-03-27 15:00:00,0.08997,0.09093,0.0897,0.09036,36302923,22236851
2026-03-27 16:00:00,0.09035,0.0905,0.0899,0.09008,23612039,9628675
2026-03-27 17:00:00,0.09009,0.09053,0.08975,0.08978,17727711,8121575
2026-03-27 18:00:00,0.08979,0.09009,0.08947,0.09,18846101,5941529
2026-03-27 19:00:00,0.08999,0.09035,0.08978,0.09007,8915127,5581505
2026-03-27 20:00:00,0.09007,0.09024,0.08965,0.09007,11520425,3945734
2026-03-27 21:00:00,0.09006,0.09032,0.08988,0.08997,8815806,4623084
2026-03-27 22:00:00,0.08996,0.09011,0.08978,0.09,12642367,6041545
2026-03-27 23:00:00,0.09001,0.09022,0.08971,0.09011,10706875,4870387
2026-03-28 00:00:00,0.0901,0.09033,0.09006,0.09028,8490180,3231148
2026-03-28 01:00:00,0.09028,0.09046,0.0899,0.09039,17120860,7138540
2026-03-28 02:00:00,0.09039,0.09067,0.09009,0.09023,6956658,3454500
2026-03-28 03:00:00,0.09023,0.09024,0.08982,0.08989,9783783,3576715
2026-03-28 04:00:00,0.0899,0.0901,0.08969,0.09002,7456379,2416679
2026-03-28 05:00:00,0.09003,0.09033,0.08979,0.09033,8773198,5673599
2026-03-28 06:00:00,0.09032,0.0907,0.09023,0.09035,10772121,5782391
2026-03-28 07:00:00,0.09035,0.09129,0.09033,0.0912,11386505,6564971
2026-03-28 08:00:00,0.0912,0.0914,0.09093,0.09099,14798126,9352019
2026-03-28 09:00:00,0.09099,0.09115,0.09081,0.09101,5964713,2787761
2026-03-28 10:00:00,0.09102,0.09216,0.09099,0.09113,39356002,22082544
2026-03-28 11:00:00,0.09113,0.0915,0.09104,0.09137,17347521,6127289
2026-03-28 12:00:00,0.09136,0.09174,0.09115,0.09135,14934631,9783661
2026-03-28 13:00:00,0.09136,0.09289,0.09119,0.09269,62110894,35056109
2026-03-28 14:00:00,0.09269,0.09408,0.09255,0.09361,85425788,41380576
2026-03-28 15:00:00,0.09362,0.09533,0.09351,0.09405,121915483,55204973
2026-03-28 16:00:00,0.09406,0.0943,0.09285,0.09287,60729704,26717357
2026-03-28 17:00:00,0.09286,0.09326,0.09235,0.09255,35143676,13049682
2026-03-28 18:00:00,0.09254,0.0928,0.09233,0.09259,24534605,8518797
2026-03-28 19:00:00,0.09259,0.09271,0.09197,0.09226,14841120,6731570
2026-03-28 20:00:00,0.09227,0.09246,0.092,0.09225,8020281,3955593
2026-03-28 21:00:00,0.09225,0.09232,0.09157,0.09179,15044332,5168853
2026-03-28 22:00:00,0.09179,0.09186,0.09143,0.09167,16880922,8531113
2026-03-28 23:00:00,0.09167,0.09168,0.0904,0.091,44816341,16766535
2026-03-29 00:00:00,0.09099,0.09102,0.09056,0.09091,15843245,7467649
2026-03-29 01:00:00,0.09092,0.0913,0.09076,0.0911,16312640,7993679
2026-03-29 02:00:00,0.09111,0.09141,0.09094,0.09123,8705386,4776655
2026-03-29 03:00:00,0.09122,0.09169,0.09106,0.09145,18394960,9180680
2026-03-29 04:00:00,0.09144,0.09145,0.09102,0.09108,10748151,5555281
2026-03-29 05:00:00,0.09107,0.09113,0.0907,0.09105,11968493,5788713
2026-03-29 06:00:00,0.09104,0.09147,0.09095,0.09135,16805841,12003209
2026-03-29 07:00:00,0.09135,0.09135,0.09099,0.09118,7481626,3426081
2026-03-29 08:00:00,0.09118,0.09137,0.09106,0.09114,8183853,3025130
2026-03-29 09:00:00,0.09114,0.09115,0.09078,0.09093,9876878,3974278
2026-03-29 10:00:00,0.09092,0.09092,0.09038,0.09064,11267608,5189329
2026-03-29 11:00:00,0.09064,0.09126,0.09062,0.09098,10416648,5771540
2026-03-29 12:00:00,0.09097,0.09098,0.09062,0.09092,6768580,3751737
2026-03-29 13:00:00,0.09091,0.09093,0.09021,0.09033,17915276,6573888
2026-03-29 14:00:00,0.09034,0.09081,0.09013,0.09042,17475389,7800251
2026-03-29 15:00:00,0.09042,0.09074,0.09001,0.09018,28373634,12224820
2026-03-29 16:00:00,0.09017,0.09049,0.0901,0.0902,10740961,4941015
2026-03-29 17:00:00,0.0902,0.09042,0.0899,0.0904,16584700,7083291
2026-03-29 18:00:00,0.0904,0.09083,0.09019,0.0906,7723256,4391149
2026-03-29 19:00:00,0.09059,0.0907,0.09042,0.09064,13913144,6692257
2026-03-29 20:00:00,0.09064,0.09149,0.09061,0.09103,11248419,6631516
2026-03-29 21:00:00,0.09102,0.09157,0.09102,0.09137,9510262,4459105
2026-03-29 22:00:00,0.09136,0.09136,0.088,0.08999,108989843,43492474
2026-03-29 23:00:00,0.08998,0.09077,0.08985,0.09045,37040971,17787301
2026-03-30 00:00:00,0.09046,0.09219,0.09026,0.09128,40758413,22388416
2026-03-30 01:00:00,0.09127,0.09192,0.09127,0.09156,21536735,11664457
2026-03-30 02:00:00,0.09157,0.09289,0.0915,0.09248,43275425,27392559
2026-03-30 03:00:00,0.09248,0.09263,0.09201,0.09245,25502375,10186024
2026-03-30 04:00:00,0.09246,0.09311,0.09246,0.09294,34208045,15441443
2026-03-30 05:00:00,0.09294,0.09366,0.09291,0.09304,65754984,24580015
2026-03-30 06:00:00,0.09304,0.09345,0.09258,0.09258,83402226,22125501
2026-03-30 07:00:00,0.09257,0.09361,0.09253,0.09334,41696154,23726869
2026-03-30 08:00:00,0.09334,0.09394,0.09309,0.09318,28944838,16791311
2026-03-30 09:00:00,0.09319,0.09323,0.09259,0.09276,27432854,12527292
2026-03-30 10:00:00,0.09276,0.09295,0.09209,0.09274,29365309,11171585
2026-03-30 11:00:00,0.09274,0.09361,0.09269,0.09288,38171220,20468031
2026-03-30 12:00:00,0.09289,0.09319,0.09277,0.0929,32616064,8901399
2026-03-30 13:00:00,0.0929,0.09334,0.09271,0.09286,31027296,12310558
2026-03-30 14:00:00,0.09286,0.0933,0.09232,0.09303,40132743,12486488
2026-03-30 15:00:00,0.09302,0.09323,0.09245,0.0929,22937159,9499062
2026-03-30 16:00:00,0.0929,0.09304,0.09248,0.09274,19205439,10070600
2026-03-30 17:00:00,0.09273,0.09287,0.09154,0.09166,35251223,12051754
2026-03-30 18:00:00,0.09166,0.0918,0.09082,0.09103,36778750,13283318
2026-03-30 19:00:00,0.09102,0.09107,0.09049,0.09094,30146219,12425136
2026-03-30 20:00:00,0.09094,0.09114,0.09084,0.09085,13594219,5753199
2026-03-30 21:00:00,0.09085,0.09155,0.09067,0.09128,23184961,12808062
2026-03-30 22:00:00,0.09128,0.09148,0.09089,0.09107,15229775,7294880
2026-03-30 23:00:00,0.09107,0.09107,0.09038,0.09083,28362959,10184566
2026-03-31 00:00:00,0.09084,0.09138,0.09052,0.09114,35397546,20232426
2026-03-31 01:00:00,0.09113,0.09277,0.09101,0.09222,53605652,31425775
2026-03-31 02:00:00,0.09222,0.09237,0.09185,0.09214,15502649,7514221
2026-03-31 03:00:00,0.09214,0.09214,0.09146,0.09166,24161845,12920425
2026-03-31 04:00:00,0.09167,0.09194,0.09135,0.09139,26100090,10541082
2026-03-31 05:00:00,0.09138,0.0915,0.09114,0.09139,12943136,5834638
2026-03-31 06:00:00,0.0914,0.09178,0.091,0.09171,14365773,7987319
2026-03-31 07:00:00,0.09171,0.09179,0.09103,0.09128,18235723,6409937
2026-03-31 08:00:00,0.09128,0.09152,0.09068,0.09078,17154784,8090072
2026-03-31 09:00:00,0.09078,0.09097,0.08937,0.08972,70429861,25612317
2026-03-31 10:00:00,0.08972,0.0903,0.08963,0.09006,27138921,13306293
2026-03-31 11:00:00,0.09007,0.09064,0.08995,0.09036,31903204,16582513
2026-03-31 12:00:00,0.09036,0.09073,0.09026,0.09033,18329945,9547899
2026-03-31 13:00:00,0.09032,0.09161,0.09031,0.09121,33979075,19813494
2026-03-31 14:00:00,0.09121,0.09191,0.09014,0.09046,58858184,27758391
2026-03-31 15:00:00,0.09045,0.0914,0.09037,0.09042,27489473,13522514
2026-03-31 16:00:00,0.09042,0.09214,0.09032,0.09153,61703857,32688646
2026-03-31 17:00:00,0.09152,0.09265,0.0913,0.09155,50333056,25913780
2026-03-31 18:00:00,0.09154,0.09232,0.09154,0.09232,23050390,13982271
2026-03-31 19:00:00,0.09232,0.09253,0.09186,0.09214,17906547,8247776
2026-03-31 20:00:00,0.09214,0.09271,0.09212,0.09271,22421562,11910235
2026-03-31 21:00:00,0.09271,0.09284,0.09216,0.09242,15441699,7195513
2026-03-31 22:00:00,0.09241,0.09247,0.09135,0.09178,41252031,13271210
2026-03-31 23:00:00,0.09178,0.0924,0.09172,0.09232,9605483,5500997
2026-04-01 00:00:00,0.09232,0.09278,0.09202,0.09258,22416680,13619669
2026-04-01 01:00:00,0.09259,0.09264,0.09174,0.09184,22878591,9105336
2026-04-01 02:00:00,0.09183,0.09213,0.0916,0.09177,14551323,5296202
2026-04-01 03:00:00,0.09178,0.09263,0.09178,0.09246,20484644,13253614
2026-04-01 04:00:00,0.09246,0.0926,0.09224,0.0924,15808368,6507705
2026-04-01 05:00:00,0.09241,0.09332,0.09216,0.09321,46303236,25310636
2026-04-01 06:00:00,0.09321,0.09442,0.09319,0.09429,62341817,32983439
2026-04-01 07:00:00,0.09429,0.09453,0.09322,0.09326,68494769,26478473
2026-04-01 08:00:00,0.09326,0.09342,0.09233,0.09246,30545760,14323730
2026-04-01 09:00:00,0.09246,0.09263,0.09188,0.09242,47051168,27224154
2026-04-01 10:00:00,0.09242,0.09269,0.092,0.09247,18368152,10744238
2026-04-01 11:00:00,0.09247,0.09278,0.09226,0.09252,23749954,10682952
2026-04-01 12:00:00,0.09252,0.09326,0.0923,0.09258,26549190,15469763
2026-04-01 13:00:00,0.09259,0.09294,0.09211,0.0924,21430510,11178962
2026-04-01 14:00:00,0.0924,0.09306,0.09231,0.09285,21035248,10328994
2026-04-01 15:00:00,0.09286,0.09324,0.09255,0.09308,18934782,10576906
2026-04-01 16:00:00,0.09308,0.0937,0.09258,0.09341,29299722,15642557
2026-04-01 17:00:00,0.09342,0.09429,0.09277,0.09282,47974441,20707233
2026-04-01 18:00:00,0.09282,0.0929,0.0924,0.09252,15719595,6703961
2026-04-01 19:00:00,0.09253,0.09297,0.09249,0.09285,11129221,5903448
2026-04-01 20:00:00,0.09286,0.0929,0.09227,0.09262,16081933,5266406
2026-04-01 21:00:00,0.09263,0.09335,0.0926,0.09311,13098248,6709610
2026-04-01 22:00:00,0.09312,0.0932,0.09239,0.09243,16686938,6954881
2026-04-01 23:00:00,0.09243,0.09265,0.09208,0.09219,10910277,3802123
2026-04-02 00:00:00,0.09218,0.09273,0.09201,0.09251,16746172,8181330
2026-04-02 01:00:00,0.09251,0.09255,0.09007,0.09059,142539930,63803374
2026-04-02 02:00:00,0.09058,0.0906,0.08979,0.09015,59713135,27388926
2026-04-02 03:00:00,0.09014,0.09048,0.08954,0.09014,47204543,26621015
2026-04-02 04:00:00,0.09013,0.09013,0.08963,0.08974,27697445,15572283
2026-04-02 05:00:00,0.08974,0.09019,0.08922,0.0901,37705687,22735940
2026-04-02 06:00:00,0.0901,0.09034,0.08989,0.09007,24342569,11879149
2026-04-02 07:00:00,0.09006,0.09038,0.08988,0.09025,44146735,20668365
2026-04-02 08:00:00,0.09025,0.09031,0.09002,0.09008,16264465,8550077
2026-04-02 09:00:00,0.09008,0.09056,0.08981,0.09024,22490476,8288148
2026-04-02 10:00:00,0.09023,0.09023,0.08973,0.0899,19647675,9769413
2026-04-02 11:00:00,0.08991,0.09008,0.08949,0.08997,19360361,6574459
2026-04-02 12:00:00,0.08997,0.09,0.08932,0.08939,20753680,9814781
2026-04-02 13:00:00,0.0894,0.08983,0.08899,0.08978,28780806,12839473
2026-04-02 14:00:00,0.08979,0.0912,0.08958,0.09062,47938495,27145221
2026-04-02 15:00:00,0.09061,0.09075,0.09005,0.09033,18098283,7357706
2026-04-02 16:00:00,0.09033,0.09083,0.09002,0.09013,15852731,7624564
2026-04-02 17:00:00,0.09013,0.09079,0.0897,0.08975,21165785,9501197
2026-04-02 18:00:00,0.08975,0.09036,0.08964,0.09018,10865293,5107575
2026-04-02 19:00:00,0.09018,0.09032,0.08995,0.0903,5970178,2484395
2026-04-02 20:00:00,0.09029,0.09072,0.09009,0.09062,9594095,6397547
2026-04-02 21:00:00,0.09062,0.09067,0.09025,0.0905,5079087,2780873
2026-04-02 22:00:00,0.09049,0.09062,0.0902,0.09042,6076374,2639982
2026-04-02 23:00:00,0.09043,0.09047,0.0902,0.0904,4544495,2140517
2026-04-03 00:00:00,0.0904,0.09054,0.09019,0.09028,5594958,3038589
2026-04-03 01:00:00,0.09027,0.09077,0.09011,0.09029,16391665,8077201
2026-04-03 02:00:00,0.09029,0.09068,0.08992,0.09038,16784607,8025268
2026-04-03 03:00:00,0.09037,0.09066,0.09016,0.0906,10124177,5641641
2026-04-03 04:00:00,0.09061,0.09075,0.09031,0.09067,7863100,4208894
2026-04-03 05:00:00,0.09068,0.09154,0.09039,0.09113,27008362,14026942
2026-04-03 06:00:00,0.09114,0.09139,0.09079,0.09119,13353530,5913029
2026-04-03 07:00:00,0.09118,0.09145,0.09094,0.09118,12552335,7401917
2026-04-03 08:00:00,0.09118,0.09158,0.09118,0.09143,14463236,8077356
2026-04-03 09:00:00,0.09144,0.09151,0.09103,0.09145,11293249,4930496
2026-04-03 10:00:00,0.09144,0.09168,0.09113,0.09148,11927773,5720085
2026-04-03 11:00:00,0.09148,0.09155,0.09134,0.09146,4938392,2449433
2026-04-03 12:00:00,0.09146,0.09225,0.09115,0.09127,36991754,19756516
2026-04-03 13:00:00,0.09127,0.09145,0.09081,0.0914,19862651,8731876
2026-04-03 14:00:00,0.0914,0.09179,0.09121,0.09148,18925478,11079051
2026-04-03 15:00:00,0.09148,0.09203,0.09142,0.09151,34808198,16092832
2026-04-03 16:00:00,0.09152,0.09205,0.0915,0.09201,13978483,7527633
2026-04-03 17:00:00,0.09201,0.09259,0.0919,0.09206,32963754,15713425
2026-04-03 18:00:00,0.09206,0.09245,0.09179,0.0918,12300755,5884820
2026-04-03 19:00:00,0.0918,0.09186,0.09118,0.09178,22906792,8195975
2026-04-03 20:00:00,0.09177,0.09207,0.09173,0.09197,10992903,5925289
2026-04-03 21:00:00,0.09197,0.09237,0.09195,0.09213,16317610,7349490
2026-04-03 22:00:00,0.09212,0.09221,0.09154,0.09162,8976739,3650039
2026-04-03 23:00:00,0.09162,0.09162,0.09125,0.09156,8799049,3430345
2026-04-04 00:00:00,0.09155,0.09155,0.09131,0.09139,4341458,1980069
2026-04-04 01:00:00,0.09139,0.09139,0.09113,0.09122,16232250,10451442
2026-04-04 02:00:00,0.09121,0.09127,0.09094,0.09108,7762077,3802191
2026-04-04 03:00:00,0.09109,0.09134,0.09109,0.09125,5822134,2850421
2026-04-04 04:00:00,0.09126,0.09152,0.09118,0.09134,4994692,2352748
2026-04-04 05:00:00,0.09133,0.09133,0.0911,0.09114,8467692,4036566
2026-04-04 06:00:00,0.09115,0.09151,0.09102,0.09144,8283625,4874073
2026-04-04 07:00:00,0.09145,0.09148,0.09118,0.09137,6082577,2731179
2026-04-04 08:00:00,0.09138,0.09138,0.09103,0.09111,4988682,2724217
2026-04-04 09:00:00,0.09112,0.09115,0.09092,0.09093,5027671,2148586
2026-04-04 10:00:00,0.09094,0.0911,0.09073,0.09106,10338642,4878641
2026-04-04 11:00:00,0.09106,0.09123,0.09098,0.09114,4014263,1749216
2026-04-04 12:00:00,0.09115,0.09117,0.09084,0.09097,4367371,1963049
2026-04-04 13:00:00,0.09097,0.09113,0.09085,0.09102,9995166,6402285
2026-04-04 14:00:00,0.09102,0.09116,0.09074,0.09112,17648378,12106153
2026-04-04 15:00:00,0.09112,0.09194,0.09108,0.09176,24499258,14103631
2026-04-04 16:00:00,0.09177,0.09214,0.09152,0.09185,21287522,10398947
2026-04-04 17:00:00,0.09185,0.09248,0.09168,0.09224,31686176,14669111
2026-04-04 18:00:00,0.09225,0.09247,0.09219,0.09225,19923347,8458615
2026-04-04 19:00:00,0.09226,0.09312,0.09215,0.09228,38605335,19340783
2026-04-04 20:00:00,0.09228,0.0924,0.09199,0.09203,7136923,2811698
2026-04-04 21:00:00,0.09203,0.09242,0.09199,0.09212,18171341,8871379
2026-04-04 22:00:00,0.09212,0.0922,0.09199,0.09206,7861108,3841134
2026-04-04 23:00:00,0.09206,0.09207,0.09182,0.09207,6801217,2404408
2026-04-05 00:00:00,0.09206,0.09215,0.0917,0.09178,9629539,4875723
2026-04-05 01:00:00,0.09178,0.09181,0.09138,0.09153,23364811,8093214
2026-04-05 02:00:00,0.09153,0.09154,0.09132,0.09153,7762611,3228069
2026-04-05 03:00:00,0.09152,0.09155,0.09131,0.09139,3547011,1490958
2026-04-05 04:00:00,0.09139,0.09139,0.09101,0.09109,9481268,3472289
2026-04-05 05:00:00,0.09109,0.09116,0.09056,0.09071,16494803,5068101
2026-04-05 06:00:00,0.09072,0.09074,0.0899,0.09031,49767036,16665447
2026-04-05 07:00:00,0.09032,0.09042,0.09,0.09009,30327035,13240227
2026-04-05 08:00:00,0.0901,0.09034,0.09002,0.09026,13163225,6790535
2026-04-05 09:00:00,0.09025,0.09044,0.09017,0.09036,12049814,8031950
2026-04-05 10:00:00,0.09035,0.09063,0.09023,0.09027,6821409,3978600
2026-04-05 11:00:00,0.09027,0.09043,0.09021,0.09035,4974831,2689887
2026-04-05 12:00:00,0.09035,0.09035,0.08972,0.09002,45058061,21166754
2026-04-05 13:00:00,0.09002,0.09031,0.08971,0.09031,17438508,11534580
2026-04-05 14:00:00,0.09031,0.09058,0.09016,0.09027,18708909,10186233
2026-04-05 15:00:00,0.09026,0.09146,0.08999,0.09066,39680285,19734344
2026-04-05 16:00:00,0.09067,0.09081,0.09027,0.09038,10438881,4623992
2026-04-05 17:00:00,0.09039,0.09066,0.09022,0.09058,7039718,3469878
2026-04-05 18:00:00,0.09057,0.09066,0.09027,0.0906,7799249,2920972
2026-04-05 19:00:00,0.0906,0.09086,0.09028,0.09052,8581126,4593039
2026-04-05 20:00:00,0.09053,0.09088,0.09046,0.09069,10883564,6516008
2026-04-05 21:00:00,0.09069,0.09073,0.09032,0.09057,20465567,7978509
2026-04-05 22:00:00,0.09056,0.09155,0.09023,0.09142,20046776,10927125
2026-04-05 23:00:00,0.09143,0.09244,0.09129,0.09238,52759568,29998352
2026-04-06 00:00:00,0.09239,0.09353,0.09239,0.09278,99113788,52697836
2026-04-06 01:00:00,0.09278,0.09297,0.09148,0.0923,63619760,22908235
2026-04-06 02:00:00,0.0923,0.09362,0.09225,0.09285,62370063,30982085
2026-04-06 03:00:00,0.09285,0.09313,0.09215,0.09232,39021913,12476911
2026-04-06 04:00:00,0.09231,0.0929,0.09224,0.09258,19824538,9838734
2026-04-06 05:00:00,0.09258,0.09279,0.0923,0.09244,13109902,4094422
2026-04-06 06:00:00,0.09243,0.09272,0.09194,0.09216,23446087,11660792
2026-04-06 07:00:00,0.09216,0.09225,0.09174,0.0921,16091686,6370106
2026-04-06 08:00:00,0.09211,0.09261,0.09193,0.09217,10633211,6654431
2026-04-06 09:00:00,0.09217,0.0935,0.09216,0.09295,44938435,22862776
2026-04-06 10:00:00,0.09294,0.09343,0.09292,0.09307,32303072,17118503
2026-04-06 11:00:00,0.09307,0.09314,0.09283,0.09304,16698462,6320232
2026-04-06 12:00:00,0.09305,0.09314,0.09236,0.09247,35647922,16395103
2026-04-06 13:00:00,0.09247,0.09277,0.09225,0.09238,16280369,6803567
2026-04-06 14:00:00,0.09238,0.09296,0.09211,0.09281,29507404,13773978
2026-04-06 15:00:00,0.0928,0.09304,0.09252,0.09283,14806084,6957955
2026-04-06 16:00:00,0.09284,0.09291,0.09222,0.09234,15311198,6409249
2026-04-06 17:00:00,0.09234,0.09234,0.0916,0.09197,27926143,9881262
2026-04-06 18:00:00,0.09197,0.09224,0.09186,0.09218,10601530,5411768
2026-04-06 19:00:00,0.09218,0.09218,0.09167,0.09194,9489539,3104445
2026-04-06 20:00:00,0.09195,0.09199,0.09174,0.09187,6725850,3400746
2026-04-06 21:00:00,0.09186,0.09186,0.09139,0.09146,11630505,4459248
2026-04-06 22:00:00,0.09145,0.09145,0.09042,0.09042,61556018,28365309
2026-04-06 23:00:00,0.09041,0.09067,0.08993,0.09061,105501015,54537320
2026-04-07 00:00:00,0.0906,0.09094,0.09046,0.0907,34894639,21718439
2026-04-07 01:00:00,0.0907,0.09097,0.09036,0.09041,18469084,9388795
2026-04-07 02:00:00,0.09041,0.09073,0.09023,0.09054,14257871,5522980
2026-04-07 03:00:00,0.09054,0.09062,0.09042,0.09053,8836825,3673674
2026-04-07 04:00:00,0.09052,0.09079,0.09029,0.09073,13865821,6480137
2026-04-07 05:00:00,0.09073,0.09074,0.09039,0.09054,24114171,12812138
2026-04-07 06:00:00,0.09054,0.09075,0.09024,0.09067,38496689,24921285
2026-04-07 07:00:00,0.09068,0.0908,0.09056,0.0906,24047851,10909428
2026-04-07 08:00:00,0.0906,0.09103,0.09058,0.09098,14079958,8012154
2026-04-07 09:00:00,0.09099,0.09147,0.09094,0.09129,20531885,11319422
2026-04-07 10:00:00,0.09129,0.09141,0.09036,0.09055,38864288,16916580
2026-04-07 11:00:00,0.09056,0.09081,0.09031,0.09053,26135263,16242830
2026-04-07 12:00:00,0.09053,0.09089,0.09011,0.09066,25528465,12752284
2026-04-07 13:00:00,0.09067,0.09083,0.09037,0.09046,17778424,10152859
2026-04-07 14:00:00,0.09046,0.09062,0.09005,0.0902,27687938,13504073
2026-04-07 15:00:00,0.09019,0.09069,0.09008,0.0904,18890702,9174453
2026-04-07 16:00:00,0.09039,0.09082,0.09036,0.09062,13559265,7957212
2026-04-07 17:00:00,0.09063,0.09208,0.09055,0.09174,42185898,25377745
2026-04-07 18:00:00,0.09173,0.0919,0.09097,0.09116,48727150,26217980
2026-04-07 19:00:00,0.09116,0.09236,0.09105,0.09228,42268949,19655794
2026-04-07 20:00:00,0.09229,0.09274,0.09207,0.09211,69909328,23893034
2026-04-07 21:00:00,0.0921,0.09303,0.09209,0.09287,67072504,35454704
2026-04-07 22:00:00,0.09288,0.09505,0.09282,0.095,221574936,119417754
2026-04-07 23:00:00,0.09501,0.09606,0.09477,0.09492,198450734,96467687
2026-04-08 00:00:00,0.09492,0.09525,0.09374,0.09423,99226577,47607522
2026-04-08 01:00:00,0.09424,0.09465,0.09404,0.09447,35565889,15720818
2026-04-08 02:00:00,0.09447,0.095,0.09434,0.09465,33141682,18174635
2026-04-08 03:00:00,0.09465,0.09484,0.09446,0.09459,19796480,10168177
2026-04-08 04:00:00,0.09459,0.09508,0.09454,0.09454,29821073,14758219
2026-04-08 05:00:00,0.09455,0.09497,0.09448,0.09496,20615534,9772785
2026-04-08 06:00:00,0.09496,0.09497,0.09455,0.09461,29840706,9943964
2026-04-08 07:00:00,0.09462,0.09486,0.09438,0.09457,20713030,9425138
2026-04-08 08:00:00,0.09457,0.09489,0.09433,0.09489,19211908,8389732
2026-04-08 09:00:00,0.09488,0.09495,0.09448,0.09478,31603369,12032036
2026-04-08 10:00:00,0.09477,0.0956,0.09435,0.0944,75888099,36543026
2026-04-08 11:00:00,0.09439,0.09467,0.09374,0.09425,67208301,20630864
2026-04-08 12:00:00,0.09426,0.09451,0.09387,0.09446,32437683,16924827
2026-04-08 13:00:00,0.09447,0.09511,0.0944,0.09451,55874379,28489073
2026-04-08 14:00:00,0.09452,0.0946,0.09263,0.09292,73866397,39253496
2026-04-08 15:00:00,0.09292,0.09351,0.0927,0.09343,27267661,13069841
2026-04-08 16:00:00,0.09343,0.09362,0.09325,0.09353,13919226,6328864
2026-04-08 17:00:00,0.09352,0.09413,0.09328,0.09404,23551921,14613695
2026-04-08 18:00:00,0.09403,0.09407,0.09308,0.09312,21459583,8356301
2026-04-08 19:00:00,0.09311,0.0932,0.09275,0.0931,16651162,8649883
2026-04-08 20:00:00,0.09309,0.09328,0.09287,0.09312,6639555,3147967
2026-04-08 21:00:00,0.09313,0.09378,0.09299,0.09359,14310126,7708518
2026-04-08 22:00:00,0.09359,0.09364,0.09274,0.09282,18116085,6273331
2026-04-08 23:00:00,0.09281,0.09281,0.09213,0.0924,41252267,17181692
2026-04-09 00:00:00,0.0924,0.09247,0.09173,0.09208,31411185,17020934
2026-04-09 01:00:00,0.09207,0.09214,0.09109,0.09162,60616849,25944944
2026-04-09 02:00:00,0.09161,0.09192,0.09148,0.09167,21000518,12220524
2026-04-09 03:00:00,0.09166,0.0918,0.09146,0.09155,10809057,5482311
2026-04-09 04:00:00,0.09154,0.09154,0.09122,0.09124,19502234,10887186
2026-04-09 05:00:00,0.09123,0.09187,0.09091,0.09144,86243872,45955636
2026-04-09 06:00:00,0.09145,0.09162,0.0912,0.09151,15023614,5936482
2026-04-09 07:00:00,0.09152,0.09164,0.09138,0.0914,13195144,8224765
2026-04-09 08:00:00,0.09139,0.0916,0.0912,0.09149,21829845,12171352
2026-04-09 09:00:00,0.09148,0.09207,0.09131,0.09196,22766476,13672276
2026-04-09 10:00:00,0.09195,0.09198,0.0917,0.09173,11037528,6272699
2026-04-09 11:00:00,0.09173,0.09185,0.09155,0.09168,10975441,6080229
2026-04-09 12:00:00,0.09168,0.09181,0.09145,0.09159,12765546,6830667
2026-04-09 13:00:00,0.09159,0.09168,0.09103,0.09127,39079972,14847062
2026-04-09 14:00:00,0.09128,0.09157,0.09096,0.09144,52197145,31128241
2026-04-09 15:00:00,0.09143,0.09326,0.0913,0.09289,86817698,52612701
2026-04-09 16:00:00,0.0929,0.09342,0.09208,0.09248,54000507,29048070
2026-04-09 17:00:00,0.09248,0.09352,0.09247,0.09343,40687234,22613910
2026-04-09 18:00:00,0.09344,0.09357,0.0929,0.09328,22069602,8550170
2026-04-09 19:00:00,0.09328,0.09388,0.09307,0.09382,28278203,13639308
2026-04-09 20:00:00,0.09381,0.09434,0.09377,0.09398,23552490,10344697
2026-04-09 21:00:00,0.09398,0.09437,0.09369,0.09386,20982472,8934909
2026-04-09 22:00:00,0.09386,0.09499,0.09325,0.0934,63063819,31277702
2026-04-09 23:00:00,0.0934,0.09347,0.09233,0.0926,34992583,13090286
2026-04-10 00:00:00,0.09259,0.09267,0.09206,0.09246,19315089,7626986
2026-04-10 01:00:00,0.09245,0.09284,0.09192,0.09235,25018776,12686380
2026-04-10 02:00:00,0.09234,0.09281,0.09227,0.09253,13334683,5179017
2026-04-10 03:00:00,0.09253,0.09274,0.09211,0.09219,10889023,5110417
2026-04-10 04:00:00,0.0922,0.09294,0.09218,0.09277,11021722,6272943
2026-04-10 05:00:00,0.09278,0.0932,0.09258,0.09275,17824763,11543193
2026-04-10 06:00:00,0.09274,0.09306,0.09241,0.09265,10713852,6040348
2026-04-10 07:00:00,0.09265,0.09283,0.09212,0.09229,21304098,10424606
2026-04-10 08:00:00,0.09229,0.09251,0.09195,0.09212,24068697,13499676
2026-04-10 09:00:00,0.09211,0.09253,0.09209,0.09236,12166872,5492687
2026-04-10 10:00:00,0.09235,0.09238,0.09209,0.09221,10371683,5362358
2026-04-10 11:00:00,0.09221,0.0927,0.09216,0.09248,29901688,16539553
2026-04-10 12:00:00,0.09248,0.09314,0.09236,0.09287,37629104,20994234
2026-04-10 13:00:00,0.09286,0.09314,0.0923,0.09292,25122646,14477904
2026-04-10 14:00:00,0.09291,0.09422,0.09282,0.09399,85223314,46453966
2026-04-10 15:00:00,0.09399,0.0946,0.09307,0.09333,68935231,41515916
2026-04-10 16:00:00,0.09334,0.09408,0.09334,0.09391,20007828,10447413
2026-04-10 17:00:00,0.09392,0.09395,0.09342,0.09369,10205623,4344187
2026-04-10 18:00:00,0.0937,0.09424,0.09358,0.09413,28209869,17849378
2026-04-10 19:00:00,0.09413,0.09529,0.09412,0.09503,105185012,59434403
2026-04-10 20:00:00,0.09504,0.0952,0.09419,0.09457,55781758,23968906
2026-04-10 21:00:00,0.09458,0.09465,0.09402,0.09431,17906071,7695194
2026-04-10 22:00:00,0.09432,0.09436,0.0937,0.09389,24727115,7908795
2026-04-10 23:00:00,0.0939,0.09392,0.09355,0.09368,16243138,7635042
2026-04-11 00:00:00,0.09369,0.0938,0.0934,0.09357,13130600,6121130
2026-04-11 01:00:00,0.09357,0.09373,0.09325,0.09359,17176448,9469013
2026-04-11 02:00:00,0.09359,0.09401,0.09347,0.09366,16011132,6582472
2026-04-11 03:00:00,0.09366,0.0941,0.09362,0.09366,14292505,7599459
2026-04-11 04:00:00,0.09367,0.09386,0.09339,0.09358,10594269,4301779
2026-04-11 05:00:00,0.09359,0.09359,0.09283,0.09294,22833923,9020041
2026-04-11 06:00:00,0.09294,0.09294,0.09267,0.09279,12518842,6169998
2026-04-11 07:00:00,0.09279,0.09299,0.09272,0.09289,23912097,7533739
2026-04-11 08:00:00,0.09289,0.093,0.09274,0.09284,7616737,4040496
2026-04-11 09:00:00,0.09283,0.09306,0.09261,0.09297,17352850,9863520
2026-04-11 10:00:00,0.09296,0.09299,0.09272,0.09287,8815964,2769729
2026-04-11 11:00:00,0.09287,0.09298,0.09277,0.09294,10334255,5940655
2026-04-11 12:00:00,0.09293,0.09308,0.09279,0.09296,20325349,10493736
2026-04-11 13:00:00,0.09296,0.09296,0.09224,0.09259,60346477,23552291
2026-04-11 14:00:00,0.09259,0.09276,0.09248,0.09264,14123382,6494335
2026-04-11 15:00:00,0.09264,0.09306,0.09262,0.09274,22345705,9513364
2026-04-11 16:00:00,0.09274,0.09374,0.09271,0.09339,23588147,13746896
2026-04-11 17:00:00,0.09339,0.0934,0.09301,0.09304,15009743,6564860
2026-04-11 18:00:00,0.09304,0.09417,0.09274,0.09395,41436903,25341901
2026-04-11 19:00:00,0.09396,0.09478,0.09396,0.0947,47792786,29307115
2026-04-11 20:00:00,0.0947,0.09489,0.09358,0.09389,51882316,20861796
2026-04-11 21:00:00,0.09389,0.09423,0.09362,0.09391,13014833,5939605
2026-04-11 22:00:00,0.09391,0.09432,0.0934,0.09368,19814180,8656059
2026-04-11 23:00:00,0.09367,0.09368,0.0928,0.09309,22296541,7720494
2026-04-12 00:00:00,0.09309,0.09314,0.09262,0.09306,23439769,8817713
2026-04-12 01:00:00,0.09306,0.09326,0.09062,0.09109,136972717,65438645
2026-04-12 02:00:00,0.09108,0.09166,0.09083,0.09154,67154525,35211110
2026-04-12 03:00:00,0.09154,0.09166,0.09113,0.09116,38833413,20676645
2026-04-12 04:00:00,0.09115,0.09126,0.091,0.09118,57251255,27706301
2026-04-12 05:00:00,0.09118,0.09147,0.09105,0.0914,27843941,12986040
2026-04-12 06:00:00,0.0914,0.09162,0.0913,0.09138,37673381,17736946
2026-04-12 07:00:00,0.09138,0.09149,0.09128,0.09139,21464197,5926759
2026-04-12 08:00:00,0.09138,0.09142,0.09124,0.09128,14768222,4890069
2026-04-12 09:00:00,0.09129,0.09129,0.09113,0.09121,11145843,4187149
2026-04-12 10:00:00,0.09121,0.09125,0.09094,0.09107,37545980,26416410
2026-04-12 11:00:00,0.09107,0.09135,0.09101,0.09132,15827499,5863728
2026-04-12 12:00:00,0.09131,0.09141,0.09093,0.09102,26784841,10795947
2026-04-12 13:00:00,0.09102,0.09119,0.09068,0.09072,39584688,17654540
2026-04-12 14:00:00,0.09071,0.09092,0.09039,0.09049,47860820,15325930
2026-04-12 15:00:00,0.0905,0.09072,0.09028,0.09064,24611020,12986083
2026-04-12 16:00:00,0.09065,0.0908,0.09054,0.09071,13740848,7012679
2026-04-12 17:00:00,0.09072,0.09121,0.09064,0.0911,20963715,11428332
2026-04-12 18:00:00,0.09111,0.0913,0.09101,0.09111,15755062,9285628
2026-04-12 19:00:00,0.09111,0.0913,0.09084,0.09092,12751393,7177809
2026-04-12 20:00:00,0.09091,0.0917,0.09085,0.09154,15011566,9438123
2026-04-12 21:00:00,0.09154,0.09174,0.0912,0.09136,6384608,3024566
2026-04-12 22:00:00,0.09135,0.09135,0.09058,0.09102,24444510,13749437
2026-04-12 23:00:00,0.09102,0.09102,0.0905,0.09084,24610662,14777828
2026-04-13 00:00:00,0.09085,0.09152,0.09076,0.09134,18468577,10076399
2026-04-13 01:00:00,0.09134,0.09151,0.09104,0.09142,29635044,12356638
2026-04-13 02:00:00,0.09141,0.09154,0.09102,0.0911,12213132,5773359
2026-04-13 03:00:00,0.09111,0.09132,0.09105,0.0912,6788168,3293179
2026-04-13 04:00:00,0.09119,0.09126,0.09089,0.09095,7649719,4570406
2026-04-13 05:00:00,0.09095,0.0913,0.09083,0.09127,24658473,10159127
2026-04-13 06:00:00,0.09127,0.09154,0.09126,0.09148,13243432,5616513
2026-04-13 07:00:00,0.09148,0.09153,0.09079,0.09089,57671862,27551898
2026-04-13 08:00:00,0.09089,0.09102,0.09069,0.09089,27211546,14017980
2026-04-13 09:00:00,0.0909,0.09129,0.09088,0.09099,15142182,4951568
2026-04-13 10:00:00,0.09099,0.09104,0.09082,0.09088,9312104,2676541
2026-04-13 11:00:00,0.09089,0.09102,0.09082,0.09093,11486958,5062833
2026-04-13 12:00:00,0.09093,0.09193,0.09084,0.09162,44050967,26929709
2026-04-13 13:00:00,0.09163,0.09186,0.09082,0.09184,49042494,26103143
2026-04-13 14:00:00,0.09184,0.09266,0.0915,0.09252,57888087,34772913
2026-04-13 15:00:00,0.09252,0.09258,0.09156,0.09172,27250745,11978940
2026-04-13 16:00:00,0.09172,0.09216,0.09135,0.09197,21232480,11281537
2026-04-13 17:00:00,0.09197,0.0923,0.09135,0.09158,53545806,14054872
2026-04-13 18:00:00,0.09157,0.0918,0.09137,0.0918,13836460,6763223
2026-04-13 19:00:00,0.0918,0.09327,0.09171,0.0931,64007077,31734452
2026-04-13 20:00:00,0.0931,0.09323,0.09244,0.09253,52450805,24663022
2026-04-13 21:00:00,0.09253,0.09281,0.09246,0.0927,30634379,13894695
2026-04-13 22:00:00,0.0927,0.09437,0.0927,0.09405,141711691,77365008
2026-04-13 23:00:00,0.09406,0.09433,0.0937,0.09411,118694391,66274808
2026-04-14 00:00:00,0.09411,0.09429,0.09338,0.09354,68438434,34837220
2026-04-14 01:00:00,0.09353,0.09366,0.09305,0.09355,39152647,21712939
2026-04-14 02:00:00,0.09355,0.09397,0.09341,0.09348,53929998,23475313
2026-04-14 03:00:00,0.09348,0.0938,0.09336,0.09356,17341098,6951392
2026-04-14 04:00:00,0.09356,0.09374,0.09328,0.09336,13847332,7173806
2026-04-14 05:00:00,0.09336,0.09337,0.0927,0.0928,23910383,9466625
2026-04-14 06:00:00,0.0928,0.09337,0.09279,0.09324,28857802,13636845
2026-04-14 07:00:00,0.09323,0.0937,0.09319,0.09361,29051118,16423389
2026-04-14 08:00:00,0.09361,0.09466,0.0934,0.09436,74583747,45120498
2026-04-14 09:00:00,0.09437,0.09483,0.09421,0.09448,45427056,21212645
2026-04-14 10:00:00,0.09449,0.09463,0.0938,0.09441,53026079,20658943
2026-04-14 11:00:00,0.09441,0.09579,0.09386,0.09431,101059069,51549092
2026-04-14 12:00:00,0.09431,0.0944,0.09372,0.09414,29436487,11311770
2026-04-14 13:00:00,0.09413,0.09726,0.09406,0.09707,154933971,77047731
2026-04-14 14:00:00,0.09707,0.09805,0.0958,0.09607,190309985,88501033
2026-04-14 15:00:00,0.09608,0.09642,0.09525,0.09541,110934806,50026187
2026-04-14 16:00:00,0.0954,0.09603,0.09474,0.09514,43141786,19297626
2026-04-14 17:00:00,0.09513,0.09533,0.09421,0.09465,37328518,18103161
2026-04-14 18:00:00,0.09466,0.09492,0.0929,0.09312,59110590,22677446
2026-04-14 19:00:00,0.09311,0.09335,0.09239,0.09285,32422730,13165657
2026-04-14 20:00:00,0.09285,0.09299,0.09241,0.09266,35614579,23152462
2026-04-14 21:00:00,0.09267,0.09332,0.09267,0.09325,19410541,11068084
2026-04-14 22:00:00,0.09325,0.09339,0.09254,0.09289,39724329,15880034
2026-04-14 23:00:00,0.09289,0.0932,0.09274,0.09297,15963249,7733533
2026-04-15 00:00:00,0.09297,0.09354,0.09295,0.09328,28164363,14684867
2026-04-15 01:00:00,0.09328,0.09362,0.09315,0.09346,22868495,11108584
2026-04-15 02:00:00,0.09346,0.09362,0.09298,0.09316,18829893,10609666
2026-04-15 03:00:00,0.09316,0.09338,0.09309,0.09316,12438570,4823584
2026-04-15 04:00:00,0.09316,0.09373,0.0931,0.09365,22261598,14262917
2026-04-15 05:00:00,0.09364,0.09392,0.09311,0.09348,13116318,5812353
2026-04-15 06:00:00,0.09348,0.09352,0.09269,0.09272,24429815,10055535
2026-04-15 07:00:00,0.09273,0.09327,0.09257,0.09279,38885849,16942547
2026-04-15 08:00:00,0.0928,0.09321,0.09275,0.0931,14250251,7611145
2026-04-15 09:00:00,0.09311,0.0932,0.09284,0.09293,15073994,6952284
2026-04-15 10:00:00,0.09292,0.09328,0.09261,0.09295,26114647,16498837
2026-04-15 11:00:00,0.09295,0.09377,0.09293,0.09355,22575539,15775305
2026-04-15 12:00:00,0.09355,0.09376,0.09335,0.09351,17667174,11034067
2026-04-15 13:00:00,0.09351,0.09365,0.09312,0.09344,21128683,9537460
2026-04-15 14:00:00,0.09343,0.09418,0.09318,0.09396,32512928,15590348
2026-04-15 15:00:00,0.09396,0.09402,0.09314,0.09359,24755855,11356427
2026-04-15 16:00:00,0.09359,0.09453,0.0935,0.09445,37650434,21266850
2026-04-15 17:00:00,0.09444,0.09509,0.09437,0.09477,29807810,14702636
2026-04-15 18:00:00,0.09477,0.09532,0.09471,0.09519,24569539,13491500
2026-04-15 19:00:00,0.09519,0.09679,0.0951,0.09607,76649291,37307836
2026-04-15 20:00:00,0.09607,0.09617,0.09499,0.09516,35323909,14849685
2026-04-15 21:00:00,0.09516,0.09533,0.09455,0.09525,29391473,13823674
2026-04-15 22:00:00,0.09524,0.09594,0.09508,0.09511,31603208,13925259
2026-04-15 23:00:00,0.09511,0.09514,0.0944,0.09488,23680136,8198596
2026-04-16 00:00:00,0.09489,0.09499,0.09452,0.09492,15353536,6882520
2026-04-16 01:00:00,0.09492,0.09501,0.09452,0.09487,18209624,8895911
2026-04-16 02:00:00,0.09488,0.09658,0.09484,0.09595,55031081,31090529
2026-04-16 03:00:00,0.09595,0.09745,0.09589,0.09702,98011263,66546903
2026-04-16 04:00:00,0.09703,0.09799,0.09664,0.09692,117277673,65841700
2026-04-16 05:00:00,0.09692,0.0971,0.0961,0.09661,42561120,15789817
2026-04-16 06:00:00,0.09662,0.0968,0.09611,0.09665,19319463,8054804
2026-04-16 07:00:00,0.09666,0.09693,0.09621,0.09649,27185070,11324252
2026-04-16 08:00:00,0.09649,0.09652,0.09595,0.09595,27926319,11949439
2026-04-16 09:00:00,0.09596,0.09661,0.09583,0.09601,27297488,12655738
2026-04-16 10:00:00,0.09601,0.09605,0.09533,0.0958,42301436,20516656
2026-04-16 11:00:00,0.0958,0.09647,0.09565,0.09634,33662523,19512927
2026-04-16 12:00:00,0.09633,0.09729,0.09631,0.09673,63113386,34573405
2026-04-16 13:00:00,0.09673,0.09775,0.09494,0.09582,99812830,45961515
2026-04-16 14:00:00,0.09582,0.0961,0.09449,0.09545,122615219,50466440
2026-04-16 15:00:00,0.09544,0.09736,0.0953,0.09731,91019955,49097829
2026-04-16 16:00:00,0.09731,0.09855,0.09642,0.09684,155174334,76636549
2026-04-16 17:00:00,0.09685,0.09785,0.09648,0.09777,60271730,36305691
2026-04-16 18:00:00,0.09776,0.09988,0.09747,0.09918,135201694,85378319
2026-04-16 19:00:00,0.09919,0.09977,0.09905,0.09943,87219830,51323927
2026-04-16 20:00:00,0.09943,0.09976,0.098,0.09853,63238041,32682038
2026-04-16 21:00:00,0.09854,0.0998,0.09828,0.09862,112262349,85550623
2026-04-16 22:00:00,0.09863,0.09921,0.09863,0.09891,35658400,18488324
2026-04-16 23:00:00,0.09892,0.09981,0.09876,0.09921,44132001,27181400
2026-04-17 00:00:00,0.09921,0.0994,0.09842,0.09892,58462692,28518892
2026-04-17 01:00:00,0.09891,0.09964,0.09796,0.09831,58490103,24868777
2026-04-17 02:00:00,0.09831,0.09848,0.09734,0.09789,49654138,19342471
2026-04-17 03:00:00,0.09789,0.09812,0.09755,0.09776,22121119,10541052
2026-04-17 04:00:00,0.09775,0.09791,0.0974,0.09748,24519726,10536841
2026-04-17 05:00:00,0.09749,0.09753,0.09673,0.09679,34667756,13936163
2026-04-17 06:00:00,0.09678,0.09772,0.09671,0.09762,22549977,11056746
2026-04-17 07:00:00,0.09763,0.09853,0.09762,0.09808,41522971,19181442
2026-04-17 08:00:00,0.09808,0.09879,0.09779,0.09856,48559441,25675201
2026-04-17 09:00:00,0.09855,0.09952,0.09814,0.09893,76144528,46536909
2026-04-17 10:00:00,0.09892,0.09899,0.0977,0.098,53922470,18943600
2026-04-17 11:00:00,0.09799,0.09903,0.09798,0.09875,32190070,18159089
2026-04-17 12:00:00,0.09876,0.10023,0.09845,0.10011,83079902,56031510
2026-04-17 13:00:00,0.10012,0.1015,0.09991,0.10102,230379922,112564378
2026-04-17 14:00:00,0.10102,0.10155,0.10055,0.10104,99339458,51125226
2026-04-17 15:00:00,0.10105,0.10144,0.09991,0.10058,91496333,43179924
2026-04-17 16:00:00,0.10057,0.10218,0.10053,0.10196,88119797,53998886
2026-04-17 17:00:00,0.10197,0.10208,0.1002,0.10105,75490678,33175157
2026-04-17 18:00:00,0.10106,0.10121,0.09985,0.10017,34413349,12011866
2026-04-17 19:00:00,0.10017,0.1006,0.09983,0.09998,22484119,10332520
2026-04-17 20:00:00,0.09999,0.10024,0.09944,0.10019,17863315,8892213
2026-04-17 21:00:00,0.10019,0.10064,0.09983,0.10014,18061563,8255526
2026-04-17 22:00:00,0.10013,0.10061,0.1,0.10024,31110062,12095972
2026-04-17 23:00:00,0.10024,0.10024,0.09879,0.09941,62905350,21199406
2026-04-18 00:00:00,0.0994,0.09976,0.09909,0.09929,26112263,10904848
2026-04-18 01:00:00,0.09929,0.09976,0.0989,0.09915,32997508,16628984
2026-04-18 02:00:00,0.09916,0.09957,0.09881,0.09909,29513277,11391223
2026-04-18 03:00:00,0.09909,0.09912,0.09817,0.09855,46555504,14636897
2026-04-18 04:00:00,0.09855,0.09872,0.0981,0.09837,25441774,9459069
2026-04-18 05:00:00,0.09836,0.09895,0.09834,0.09886,19640085,12770175
2026-04-18 06:00:00,0.09885,0.09896,0.09852,0.09878,11725754,5572431
2026-04-18 07:00:00,0.09878,0.09908,0.09871,0.09888,17813377,7760697
2026-04-18 08:00:00,0.09888,0.09889,0.0966,0.09708,181079377,63284089
2026-04-18 09:00:00,0.09708,0.09729,0.09659,0.09706,44665232,19701712
2026-04-18 10:00:00,0.09706,0.09706,0.09634,0.0965,48256720,20503241
2026-04-18 11:00:00,0.0965,0.09652,0.09555,0.09602,53987908,23358378
2026-04-18 12:00:00,0.09601,0.09626,0.0957,0.09611,37747183,20589741
2026-04-18 13:00:00,0.09611,0.09619,0.09544,0.09578,42089452,18934206
2026-04-18 14:00:00,0.09578,0.09618,0.09553,0.09617,26538407,16243254
2026-04-18 15:00:00,0.09617,0.09641,0.09582,0.09599,40497583,17552251
2026-04-18 16:00:00,0.09599,0.09618,0.09548,0.09564,41777335,18290082
2026-04-18 17:00:00,0.09563,0.09571,0.09524,0.09542,17334643,7733674
2026-04-18 18:00:00,0.09542,0.09554,0.0941,0.09451,65039352,29530446
2026-04-18 19:00:00,0.09451,0.09508,0.09448,0.0948,20321182,10946118
2026-04-18 20:00:00,0.09479,0.09519,0.09461,0.09501,17073855,9168916
2026-04-18 21:00:00,0.09501,0.09537,0.09481,0.09523,14690295,8461448
2026-04-18 22:00:00,0.09523,0.09527,0.09486,0.09514,21769966,11657705
2026-04-18 23:00:00,0.09513,0.09526,0.09472,0.09479,22049034,13558510
2026-04-19 00:00:00,0.0948,0.09502,0.09462,0.09485,16521183,8096198
2026-04-19 01:00:00,0.09486,0.0951,0.09465,0.09501,22110244,10157923
2026-04-19 02:00:00,0.095,0.09504,0.09436,0.09475,38034451,18005010
2026-04-19 03:00:00,0.09475,0.09507,0.09446,0.09476,20012142,9907413
2026-04-19 04:00:00,0.09476,0.09484,0.09412,0.09462,32079237,15296543
2026-04-19 05:00:00,0.09462,0.09522,0.09455,0.09483,28993838,17361524
2026-04-19 06:00:00,0.09483,0.09505,0.0945,0.09488,25165687,12042009
2026-04-19 07:00:00,0.09487,0.09488,0.0935,0.09414,68553305,27152175
2026-04-19 08:00:00,0.09413,0.09428,0.09391,0.09411,27463584,14469123
2026-04-19 09:00:00,0.0941,0.09414,0.09352,0.09373,25663127,11713482
2026-04-19 10:00:00,0.09373,0.09392,0.09344,0.09391,27969323,16730057
2026-04-19 11:00:00,0.09391,0.09495,0.09386,0.09453,74609562,49815657
2026-04-19 12:00:00,0.09453,0.09527,0.09447,0.09454,54724528,32997293
2026-04-19 13:00:00,0.09454,0.09643,0.09447,0.09534,143028729,70763313
2026-04-19 14:00:00,0.09535,0.09619,0.09484,0.09536,82424552,44630591
2026-04-19 15:00:00,0.09535,0.09561,0.09425,0.09559,85854770,42794780
2026-04-19 16:00:00,0.09559,0.09569,0.09428,0.09457,59216217,27808241
2026-04-19 17:00:00,0.09457,0.09469,0.09373,0.09407,48488526,18002427
2026-04-19 18:00:00,0.09407,0.0944,0.09389,0.09415,21861152,7809656
2026-04-19 19:00:00,0.09415,0.09458,0.09411,0.0945,14947881,6807597
2026-04-19 20:00:00,0.09449,0.0945,0.09369,0.09406,22283629,9845328
2026-04-19 21:00:00,0.09405,0.09436,0.09379,0.09384,11450423,5575428
2026-04-19 22:00:00,0.09383,0.09383,0.0926,0.09311,112846305,42015982
2026-04-19 23:00:00,0.0931,0.0931,0.09255,0.09302,24197663,11045443
2026-04-20 00:00:00,0.09303,0.0941,0.0929,0.09393,47981962,29092225
2026-04-20 01:00:00,0.09392,0.0943,0.09369,0.09407,19366538,11694616
2026-04-20 02:00:00,0.09407,0.09419,0.09369,0.09406,15047639,7401116
2026-04-20 03:00:00,0.09407,0.09434,0.09375,0.09426,11483548,7208996
2026-04-20 04:00:00,0.09426,0.09464,0.094,0.09459,16417999,9374314
2026-04-20 05:00:00,0.0946,0.09467,0.09359,0.09395,22963307,9456368
2026-04-20 06:00:00,0.09395,0.0945,0.09382,0.09422,39503590,21052347
2026-04-20 07:00:00,0.09423,0.09546,0.09414,0.09457,53737454,29499295
2026-04-20 08:00:00,0.09457,0.09468,0.09415,0.09424,38639855,21678604
2026-04-20 09:00:00,0.09424,0.09468,0.09404,0.09451,27496392,16641951
2026-04-20 10:00:00,0.09452,0.09502,0.09448,0.09448,29832130,19816168
2026-04-20 11:00:00,0.09449,0.09477,0.09419,0.09449,30089615,14448520
2026-04-20 12:00:00,0.09449,0.09503,0.09438,0.09485,33976314,17685427
2026-04-20 13:00:00,0.09484,0.09502,0.09447,0.09489,27598702,14623173
2026-04-20 14:00:00,0.09488,0.09536,0.09418,0.09438,51653650,26027160
2026-04-20 15:00:00,0.09439,0.09541,0.09407,0.09497,54439144,29561992
2026-04-20 16:00:00,0.09497,0.09499,0.09437,0.09454,50282759,29830350
2026-04-20 17:00:00,0.09455,0.09524,0.0945,0.09508,27489991,11190082
2026-04-20 18:00:00,0.09508,0.09577,0.09508,0.09562,49614734,23942157
2026-04-20 19:00:00,0.09563,0.09571,0.09524,0.09553,19407278,9357014
2026-04-20 20:00:00,0.09553,0.09585,0.0953,0.09583,18123593,10590703
2026-04-20 21:00:00,0.09582,0.09609,0.09539,0.09572,22930127,10380722
2026-04-20 22:00:00,0.09572,0.09594,0.09555,0.09556,14623574,5731886
2026-04-20 23:00:00,0.09556,0.09556,0.09499,0.09521,19058068,7844895
2026-04-21 00:00:00,0.09521,0.09563,0.09512,0.09551,15172485,7352062
2026-04-21 01:00:00,0.0955,0.096,0.09538,0.09543,36597167,29886373
2026-04-21 02:00:00,0.09542,0.09548,0.09508,0.09509,15526556,6837775
2026-04-21 03:00:00,0.09509,0.09517,0.09462,0.09488,18842938,9996194
2026-04-21 04:00:00,0.09489,0.09543,0.09488,0.09522,32739337,21299322
2026-04-21 05:00:00,0.09523,0.09555,0.09505,0.09545,25443841,10921268
2026-04-21 06:00:00,0.09544,0.09582,0.09514,0.09536,16283866,9008144
2026-04-21 07:00:00,0.09537,0.09566,0.09517,0.09528,13862570,8027636
2026-04-21 08:00:00,0.09527,0.09588,0.09518,0.09537,14939715,8391067
2026-04-21 09:00:00,0.09538,0.09575,0.09522,0.09567,17717878,8224594
2026-04-21 10:00:00,0.09568,0.09593,0.0955,0.09577,18129172,9197386
2026-04-21 11:00:00,0.09578,0.09582,0.09535,0.09544,23327234,8971177
2026-04-21 12:00:00,0.09545,0.09551,0.09466,0.095,32029889,14198309
2026-04-21 13:00:00,0.09499,0.09531,0.09483,0.09518,22208366,9659666
2026-04-21 14:00:00,0.09519,0.0957,0.09482,0.09495,31707204,14613557
2026-04-21 15:00:00,0.09495,0.09527,0.09443,0.09477,26657955,10471623
2026-04-21 16:00:00,0.09478,0.09517,0.09458,0.09464,25054391,10766822
2026-04-21 17:00:00,0.09463,0.09487,0.09366,0.09443,36646195,17586612
2026-04-21 18:00:00,0.09443,0.09454,0.09406,0.09451,13483486,6811505
2026-04-21 19:00:00,0.09451,0.09485,0.09356,0.09387,22742651,8774077
2026-04-21 20:00:00,0.09387,0.09495,0.09379,0.09464,25132153,15598993
2026-04-21 21:00:00,0.09464,0.09475,0.09445,0.09467,5767977,3261836
2026-04-21 22:00:00,0.09466,0.09472,0.09417,0.09446,8124779,2575715
2026-04-21 23:00:00,0.09445,0.09527,0.09439,0.09518,13679722,8527495
2026-04-22 00:00:00,0.09519,0.09536,0.09506,0.09517,17170849,10469063
2026-04-22 01:00:00,0.09517,0.09528,0.09487,0.09497,13169439,6892198
2026-04-22 02:00:00,0.09498,0.09662,0.09487,0.09654,66472615,38670304
2026-04-22 03:00:00,0.09655,0.09694,0.09615,0.0963,49170873,25945668
2026-04-22 04:00:00,0.0963,0.09654,0.09601,0.09628,13613160,6443434
2026-04-22 05:00:00,0.09628,0.0977,0.09619,0.09714,83164285,49891222
2026-04-22 06:00:00,0.09715,0.0977,0.09698,0.09767,33375827,19160128
2026-04-22 07:00:00,0.09768,0.09832,0.09692,0.09752,85158261,44548624
2026-04-22 08:00:00,0.09753,0.09822,0.09748,0.09786,46122692,27741500
2026-04-22 09:00:00,0.09787,0.09817,0.09752,0.09755,19504034,8326753
2026-04-22 10:00:00,0.09755,0.09844,0.09728,0.09822,34127689,18415147
2026-04-22 11:00:00,0.09822,0.0986,0.09772,0.09802,34940238,14897859
2026-04-22 12:00:00,0.09802,0.09823,0.09736,0.09761,41094931,17010126
2026-04-22 13:00:00,0.09762,0.09826,0.09738,0.098,34927709,19129356
2026-04-22 14:00:00,0.09801,0.09832,0.09765,0.09801,41924197,21662925
2026-04-22 15:00:00,0.098,0.09828,0.0975,0.09788,44700513,19566220
2026-04-22 16:00:00,0.09789,0.0982,0.09683,0.09698,45420610,18979150
2026-04-22 17:00:00,0.09697,0.09751,0.09695,0.09725,25991571,12238198
2026-04-22 18:00:00,0.09724,0.09758,0.09708,0.0971,13242347,5726538
2026-04-22 19:00:00,0.0971,0.09711,0.0963,0.09669,29500774,13093384
2026-04-22 20:00:00,0.09668,0.09672,0.09623,0.09632,19707268,8970667
2026-04-22 21:00:00,0.09632,0.0969,0.0963,0.09674,23327153,12965868
2026-04-22 22:00:00,0.09674,0.09683,0.09627,0.09645,17530777,7249468
2026-04-22 23:00:00,0.09646,0.09647,0.0956,0.09565,23253743,7507231
2026-04-23 00:00:00,0.09564,0.09657,0.09564,0.09626,71680280,36990930
2026-04-23 01:00:00,0.09627,0.09661,0.09575,0.09635,35421149,11595644
2026-04-23 02:00:00,0.09635,0.09637,0.09568,0.09589,39410220,14201692
2026-04-23 03:00:00,0.09588,0.09602,0.09528,0.0956,34208993,13289656
2026-04-23 04:00:00,0.0956,0.09607,0.09554,0.09593,50825701,28659770
2026-04-23 05:00:00,0.09593,0.0962,0.09569,0.09601,15162444,7988663
2026-04-23 06:00:00,0.09602,0.09648,0.09599,0.09609,23089925,13706350
2026-04-23 07:00:00,0.09609,0.09616,0.09556,0.09593,21242413,10329524
2026-04-23 08:00:00,0.09593,0.09628,0.09576,0.09597,26512394,14787717
2026-04-23 09:00:00,0.09598,0.09599,0.09536,0.09566,22370499,9845828
2026-04-23 10:00:00,0.09565,0.09577,0.09532,0.09572,28501499,16205892
2026-04-23 11:00:00,0.09573,0.09632,0.09573,0.09618,21857834,11992833
2026-04-23 12:00:00,0.09618,0.09696,0.09617,0.09654,38059303,20240412
2026-04-23 13:00:00,0.09653,0.09666,0.09586,0.09622,34491245,17042598
2026-04-23 14:00:00,0.09622,0.09712,0.09603,0.09708,29279979,14207022
2026-04-23 15:00:00,0.09708,0.09803,0.09699,0.09738,131255865,65388906
2026-04-23 16:00:00,0.09737,0.09745,0.09685,0.09691,28130928,14017911
2026-04-23 17:00:00,0.09692,0.09706,0.09516,0.09613,93382008,42002836
2026-04-23 18:00:00,0.09613,0.09642,0.09592,0.09592,35937534,22861280
2026-04-23 19:00:00,0.09593,0.09643,0.09584,0.09622,27607048,15530475
2026-04-23 20:00:00,0.09622,0.09695,0.09617,0.09667,18664639,12063890
2026-04-23 21:00:00,0.09667,0.0975,0.09664,0.09713,33817712,18640558
2026-04-23 22:00:00,0.09712,0.09774,0.09712,0.09726,29875898,15894080
2026-04-23 23:00:00,0.09726,0.09738,0.09701,0.09714,22258863,10035162
2026-04-24 00:00:00,0.09714,0.09774,0.09703,0.09763,33342590,18026133
2026-04-24 01:00:00,0.09763,0.09804,0.09707,0.09794,45765548,27458585
2026-04-24 02:00:00,0.09793,0.09805,0.0976,0.09774,49204100,28091408
2026-04-24 03:00:00,0.09773,0.09782,0.09691,0.09723,41613545,20176109
2026-04-24 04:00:00,0.09723,0.0974,0.09698,0.09731,13447156,5666429
2026-04-24 05:00:00,0.09732,0.09748,0.09699,0.09723,29185993,16230951
2026-04-24 06:00:00,0.09724,0.09778,0.097,0.09745,46564667,32204104
2026-04-24 07:00:00,0.09744,0.09821,0.09743,0.09781,70552545,34932474
2026-04-24 08:00:00,0.09781,0.09805,0.09746,0.09788,33140720,20034656
2026-04-24 09:00:00,0.09788,0.09792,0.09682,0.09717,50141485,23333440
2026-04-24 10:00:00,0.09717,0.0982,0.09707,0.09784,49080503,26546181
2026-04-24 11:00:00,0.09785,0.09856,0.09784,0.09821,62834710,36643266
2026-04-24 12:00:00,0.09822,0.09856,0.09772,0.09796,56904400,29091739
2026-04-24 13:00:00,0.09797,0.09852,0.09768,0.0979,32678942,14415629
2026-04-24 14:00:00,0.0979,0.09799,0.09733,0.09771,33872848,17168339
2026-04-24 15:00:00,0.09771,0.09831,0.09725,0.09809,26038683,11038859
2026-04-24 16:00:00,0.0981,0.09839,0.09769,0.09801,23667235,14483143
2026-04-24 17:00:00,0.098,0.09823,0.09767,0.09817,29208790,19117128
2026-04-24 18:00:00,0.09817,0.09833,0.09768,0.09828,16183892,10893800
2026-04-24 19:00:00,0.09829,0.09848,0.09813,0.09842,22848266,13763243
2026-04-24 20:00:00,0.09842,0.09895,0.09811,0.09887,48133744,29347286
2026-04-24 21:00:00,0.09887,0.09957,0.0986,0.09867,86468322,42500695
2026-04-24 22:00:00,0.09868,0.09873,0.09787,0.09801,57748434,20706151
2026-04-24 23:00:00,0.09802,0.09849,0.098,0.09843,22077862,11657077
2026-04-25 00:00:00,0.09842,0.09844,0.09803,0.09838,16680953,8262028
2026-04-25 01:00:00,0.09837,0.09909,0.09835,0.09844,47711347,21824109
2026-04-25 02:00:00,0.09845,0.09868,0.0982,0.0985,23721066,12627908
2026-04-25 03:00:00,0.09851,0.09896,0.0983,0.09883,26084901,11729295
2026-04-25 04:00:00,0.09883,0.09895,0.09854,0.0986,13658889,7226102
2026-04-25 05:00:00,0.09859,0.09861,0.09837,0.09844,9239501,4563435
2026-04-25 06:00:00,0.09845,0.09865,0.0981,0.09837,29142168,12558540
2026-04-25 07:00:00,0.09836,0.0991,0.09826,0.09841,38087000,20666456
2026-04-25 08:00:00,0.09841,0.09865,0.0982,0.0986,32883792,14939771
2026-04-25 09:00:00,0.09859,0.0987,0.09835,0.09856,12115260,7406367
2026-04-25 10:00:00,0.09856,0.09867,0.09846,0.09854,9426281,6279230
2026-04-25 11:00:00,0.09855,0.09855,0.09786,0.09797,21308074,9361659
2026-04-25 12:00:00,0.09797,0.09809,0.09773,0.09798,19998745,11631540
2026-04-25 13:00:00,0.09797,0.09841,0.0979,0.09827,14427942,8057298
2026-04-25 14:00:00,0.09827,0.09856,0.09809,0.0983,11556477,5808243
2026-04-25 15:00:00,0.09829,0.09879,0.09809,0.09819,35724154,16496629
2026-04-25 16:00:00,0.09818,0.09833,0.09756,0.09787,26603663,12224225
2026-04-25 17:00:00,0.09786,0.09799,0.0976,0.09778,25780473,14397366
2026-04-25 18:00:00,0.09779,0.09792,0.09738,0.0977,25672880,9196746
2026-04-25 19:00:00,0.09769,0.09781,0.09749,0.09768,8591578,4688758
2026-04-25 20:00:00,0.09769,0.09795,0.09759,0.09795,11276220,7222210
2026-04-25 21:00:00,0.09795,0.09808,0.09784,0.09799,10527527,7601416
2026-04-25 22:00:00,0.09799,0.09826,0.09787,0.09804,11962446,6638229
2026-04-25 23:00:00,0.09804,0.09823,0.09789,0.098,12832872,6469278
2026-04-26 00:00:00,0.09799,0.09803,0.09768,0.09785,16127755,7793042
2026-04-26 01:00:00,0.09785,0.09808,0.09778,0.09786,9092742,5298052
2026-04-26 02:00:00,0.09785,0.09816,0.09758,0.09795,23234307,15883571
2026-04-26 03:00:00,0.09795,0.09847,0.09766,0.09778,35499047,14304374
2026-04-26 04:00:00,0.09778,0.09828,0.09748,0.09807,26729819,14600393
2026-04-26 05:00:00,0.09806,0.09872,0.09805,0.09832,31018072,16959150
2026-04-26 06:00:00,0.09832,0.09859,0.09832,0.09848,14347876,9708056
2026-04-26 07:00:00,0.09847,0.09863,0.0984,0.09858,14043155,7095121
2026-04-26 08:00:00,0.09858,0.09865,0.09832,0.09836,13207047,8008207
2026-04-26 09:00:00,0.09836,0.09857,0.0983,0.09848,12044496,8412364
2026-04-26 10:00:00,0.09847,0.09875,0.09832,0.09867,31140128,23140809
2026-04-26 11:00:00,0.09868,0.09918,0.0986,0.09903,42996187,26238742
2026-04-26 12:00:00,0.09904,0.09915,0.09859,0.09868,43676191,22207049
2026-04-26 13:00:00,0.09868,0.09877,0.09812,0.0986,34197025,16442037
2026-04-26 14:00:00,0.0986,0.09899,0.09844,0.09882,18295849,8548637
2026-04-26 15:00:00,0.09883,0.09915,0.09875,0.09903,19097515,12958918
2026-04-26 16:00:00,0.09903,0.09907,0.09865,0.09868,23638364,16615920
2026-04-26 17:00:00,0.09868,0.09895,0.0985,0.09885,15187379,8439159
2026-04-26 18:00:00,0.09885,0.09972,0.09871,0.09911,28693397,17198546
2026-04-26 19:00:00,0.09912,0.09967,0.0991,0.09919,20447268,13611044
2026-04-26 20:00:00,0.09919,0.09994,0.09907,0.09908,32888664,16735522
2026-04-26 21:00:00,0.09908,0.09945,0.09869,0.09939,30268940,15933424
2026-04-26 22:00:00,0.09939,0.09975,0.09898,0.09915,18915072,9839894
2026-04-26 23:00:00,0.09914,0.09958,0.09879,0.09922,16889360,9283290
2026-04-27 00:00:00,0.09922,0.09996,0.09889,0.09995,32940866,20970787
2026-04-27 01:00:00,0.09995,0.10042,0.0994,0.10032,59580680,33964845
2026-04-27 02:00:00,0.10032,0.1007,0.0999,0.10042,41037837,22695869
2026-04-27 03:00:00,0.10042,0.10086,0.10021,0.10021,31290396,17393779
2026-04-27 04:00:00,0.10022,0.10056,0.09983,0.10002,38386733,21583131
2026-04-27 05:00:00,0.10003,0.10004,0.09819,0.09841,79853953,35878826
2026-04-27 06:00:00,0.09841,0.09843,0.09762,0.098,44771763,26806629
2026-04-27 07:00:00,0.098,0.09812,0.09766,0.09784,27526604,12068788
2026-04-27 08:00:00,0.09783,0.0983,0.0977,0.09829,29994382,15507845
2026-04-27 09:00:00,0.09829,0.09846,0.09796,0.09827,70235790,31947563
2026-04-27 10:00:00,0.09827,0.09844,0.09806,0.09812,21575461,12481354
2026-04-27 11:00:00,0.09812,0.09855,0.09769,0.09851,51082899,30201580
2026-04-27 12:00:00,0.0985,0.09851,0.09809,0.09815,20465220,11340796
2026-04-27 13:00:00,0.09816,0.09851,0.0979,0.09818,28043909,18241803
2026-04-27 14:00:00,0.09817,0.09925,0.09811,0.09879,60198992,32827729
2026-04-27 15:00:00,0.09879,0.09881,0.09694,0.09722,106667993,58707088
2026-04-27 16:00:00,0.09723,0.09792,0.09707,0.09749,35384537,22126505
2026-04-27 17:00:00,0.09749,0.098,0.09749,0.09776,14695410,8238845
2026-04-27 18:00:00,0.09775,0.09813,0.09768,0.09782,11190558,6497777
2026-04-27 19:00:00,0.09782,0.0981,0.0974,0.09786,14956769,7966988
2026-04-27 20:00:00,0.09785,0.09815,0.09785,0.09807,9265621,5089187
2026-04-27 21:00:00,0.09807,0.09827,0.09792,0.09797,10023830,5151881
2026-04-27 22:00:00,0.09798,0.09876,0.09794,0.09876,18158269,8595749
2026-04-27 23:00:00,0.09876,0.0991,0.09863,0.09895,20098193,10680450
2026-04-28 00:00:00,0.09894,0.09924,0.09861,0.09897,24030609,12712819
2026-04-28 01:00:00,0.09896,0.09946,0.09891,0.09921,50854168,28896788
2026-04-28 02:00:00,0.09922,0.09955,0.09879,0.09918,55458349,27487871
2026-04-28 03:00:00,0.09917,0.09947,0.09898,0.09934,51315140,25076729
2026-04-28 04:00:00,0.09935,0.10103,0.09931,0.09965,166536414,100980700
2026-04-28 05:00:00,0.09964,0.10055,0.09962,0.10028,105492933,54464431
2026-04-28 06:00:00,0.10029,0.10047,0.09911,0.09953,67352841,33007708
2026-04-28 07:00:00,0.09953,0.09976,0.09898,0.09965,31670672,17497224
2026-04-28 08:00:00,0.09965,0.09998,0.09928,0.09976,41278567,24212661
2026-04-28 09:00:00,0.09975,0.09993,0.09899,0.09922,29796485,11893548
2026-04-28 10:00:00,0.09922,0.0994,0.09909,0.09923,21077025,12434001
2026-04-28 11:00:00,0.09923,0.09928,0.09843,0.09861,58287021,18355352
2026-04-28 12:00:00,0.09861,0.09905,0.09828,0.09902,53400653,25960496
2026-04-28 13:00:00,0.09901,0.09918,0.0984,0.09869,63206662,20805465
2026-04-28 14:00:00,0.09869,0.09889,0.09806,0.09889,34270006,14689403
2026-04-28 15:00:00,0.09889,0.09955,0.09873,0.09954,27130787,15009583
2026-04-28 16:00:00,0.09953,0.09983,0.09919,0.09972,42059829,20678122
2026-04-28 17:00:00,0.09972,0.09974,0.09918,0.09933,21350537,8181147
2026-04-28 18:00:00,0.09932,0.09967,0.09921,0.09954,18666336,11767278
2026-04-28 19:00:00,0.09954,0.09987,0.09929,0.09974,16240105,9116201
2026-04-28 20:00:00,0.09974,0.09989,0.0996,0.09975,11387760,5771961
2026-04-28 21:00:00,0.09974,0.09997,0.09917,0.0995,25864442,13411763
2026-04-28 22:00:00,0.0995,0.10022,0.09941,0.0995,44580766,21909609
2026-04-28 23:00:00,0.09949,0.09949,0.09885,0.09935,25415861,14217738
2026-04-29 00:00:00,0.09934,0.1001,0.09924,0.0999,78613238,46550469
2026-04-29 01:00:00,0.09991,0.10028,0.09945,0.10014,36144325,22116135
2026-04-29 02:00:00,0.10015,0.10035,0.09976,0.09998,34824102,15604409
2026-04-29 03:00:00,0.09998,0.10145,0.09994,0.10137,96707656,58488479
2026-04-29 04:00:00,0.10137,0.10253,0.10115,0.1018,127926663,68083901
2026-04-29 05:00:00,0.1018,0.10251,0.10157,0.10231,112744333,60363207
2026-04-29 06:00:00,0.10231,0.10251,0.10181,0.10216,59553169,38026960
2026-04-29 07:00:00,0.10217,0.10547,0.10209,0.10496,228591896,123881419
2026-04-29 08:00:00,0.10497,0.10597,0.10464,0.10544,175823568,89494798
2026-04-29 09:00:00,0.10543,0.112,0.10519,0.10946,372462869,196892554
2026-04-29 10:00:00,0.10946,0.11063,0.10922,0.11009,204730724,113486447
2026-04-29 11:00:00,0.11008,0.11061,0.10944,0.10969,117279733,55588135
2026-04-29 12:00:00,0.10969,0.10973,0.10645,0.10718,216528144,93293954
2026-04-29 13:00:00,0.10718,0.1076,0.10521,0.10637,137290787,63949553
2026-04-29 14:00:00,0.10636,0.10654,0.10449,0.10514,100039922,39032136
2026-04-29 15:00:00,0.10515,0.1054,0.10295,0.1034,136297248,59635179
2026-04-29 16:00:00,0.10339,0.10391,0.10176,0.10229,140909778,76095617
2026-04-29 17:00:00,0.1023,0.10556,0.10212,0.10395,121712452,69555622
2026-04-29 18:00:00,0.10395,0.10406,0.10096,0.1022,143107720,73207010
2026-04-29 19:00:00,0.10219,0.10224,0.10105,0.10145,45014389,26415067
2026-04-29 20:00:00,0.10145,0.10251,0.10141,0.10214,36308616,21259422
2026-04-29 21:00:00,0.10214,0.10365,0.10197,0.10324,32750321,18261779
2026-04-29 22:00:00,0.10324,0.10384,0.10297,0.10351,24560597,13093349
2026-04-29 23:00:00,0.10352,0.10422,0.10342,0.10408,33859411,19964109
2026-04-30 00:00:00,0.10407,0.10831,0.10397,0.10794,176809330,104116197
2026-04-30 01:00:00,0.10794,0.10841,0.10636,0.10691,103863749,54309106
2026-04-30 02:00:00,0.10691,0.1073,0.1045,0.10539,156581038,69956298
2026-04-30 03:00:00,0.10538,0.10749,0.10515,0.1068,66596107,34827722
2026-04-30 04:00:00,0.10679,0.10683,0.10478,0.10499,67455223,26061139
2026-04-30 05:00:00,0.10499,0.10595,0.10434,0.10543,87914030,52368431
2026-04-30 06:00:00,0.10543,0.10643,0.10528,0.10626,41900722,21708680
2026-04-30 07:00:00,0.10626,0.10708,0.10597,0.10701,57100825,23282645
2026-04-30 08:00:00,0.10701,0.10731,0.10642,0.10696,49112933,30991483
2026-04-30 09:00:00,0.10695,0.10813,0.10675,0.10749,81886774,46873552
2026-04-30 10:00:00,0.10749,0.10786,0.10621,0.10671,67711607,28435778
2026-04-30 11:00:00,0.10672,0.10693,0.10564,0.1064,59583265,22608370
2026-04-30 12:00:00,0.1064,0.10684,0.10616,0.10636,29532700,16704527
2026-04-30 13:00:00,0.10637,0.1075,0.106,0.10676,59740593,30881159
2026-04-30 14:00:00,0.10677,0.10731,0.10589,0.10645,69324721,38279913
2026-04-30 15:00:00,0.10645,0.10758,0.10604,0.10708,49718466,24699834
2026-04-30 16:00:00,0.10709,0.10717,0.10611,0.10629,53964521,28350608
2026-04-30 17:00:00,0.1063,0.1065,0.10542,0.10574,55637300,20741186
2026-04-30 18:00:00,0.10574,0.10622,0.10541,0.10558,24395317,13369763
2026-04-30 19:00:00,0.10559,0.10631,0.10545,0.10617,18149121,9787960
2026-04-30 20:00:00,0.10617,0.10676,0.10585,0.10657,26235553,14697735
2026-04-30 21:00:00,0.10657,0.10689,0.1063,0.10631,20960214,10007126
2026-04-30 22:00:00,0.10631,0.10667,0.10599,0.10629,16179436,9479651
2026-04-30 23:00:00,0.10629,0.10666,0.10608,0.1065,15132827,7409733
2026-05-01 00:00:00,0.1065,0.10793,0.10641,0.10758,60190958,35865628
2026-05-01 01:00:00,0.10758,0.10927,0.10751,0.10903,108264887,56967498
2026-05-01 02:00:00,0.10903,0.10938,0.10832,0.10841,56865760,27539528
2026-05-01 03:00:00,0.1084,0.10985,0.10806,0.1091,92484658,42961372
2026-05-01 04:00:00,0.10911,0.10943,0.10825,0.10885,34351573,16881118
2026-05-01 05:00:00,0.10886,0.10948,0.10886,0.10913,23500428,13162138
2026-05-01 06:00:00,0.10913,0.10922,0.10834,0.10842,31671412,15973399
2026-05-01 07:00:00,0.10842,0.10852,0.10793,0.10824,43609954,18890083
2026-05-01 08:00:00,0.10825,0.10892,0.10799,0.1085,33193422,17113577
2026-05-01 09:00:00,0.1085,0.10867,0.1074,0.10774,33560180,15154488
2026-05-01 10:00:00,0.10773,0.10839,0.10728,0.10833,29432859,16266815
2026-05-01 11:00:00,0.10833,0.1092,0.10829,0.10885,38609558,21252966
2026-05-01 12:00:00,0.10884,0.10934,0.1086,0.10892,62499831,40210634
2026-05-01 13:00:00,0.10893,0.11055,0.10893,0.10976,102053330,48837922
2026-05-01 14:00:00,0.10976,0.10999,0.10901,0.10963,98437935,58141799
2026-05-01 15:00:00,0.10963,0.10996,0.10886,0.10944,50158425,23274357
2026-05-01 16:00:00,0.10944,0.10972,0.10815,0.10895,79583892,33229382
2026-05-01 17:00:00,0.10894,0.10913,0.1085,0.10897,22709025,12385580
2026-05-01 18:00:00,0.10898,0.10905,0.10857,0.10898,13783015,9802080
2026-05-01 19:00:00,0.10899,0.10924,0.10877,0.10911,10773512,7174157
2026-05-01 20:00:00,0.10911,0.1092,0.10826,0.10851,13067063,7029338
2026-05-01 21:00:00,0.1085,0.10967,0.10843,0.10941,26447296,15066107
2026-05-01 22:00:00,0.10941,0.10959,0.10836,0.10846,22363807,9328096
2026-05-01 23:00:00,0.10846,0.10853,0.10772,0.10853,44424319,19696525
2026-05-02 00:00:00,0.10853,0.10935,0.10848,0.10874,32475114,15810891
2026-05-02 01:00:00,0.10874,0.10897,0.10849,0.10864,12687106,6563673
2026-05-02 02:00:00,0.10863,0.10874,0.1082,0.10847,19419011,11579567
2026-05-02 03:00:00,0.10847,0.10862,0.10806,0.10816,15866494,7532953
2026-05-02 04:00:00,0.10817,0.10837,0.10779,0.10807,51055726,19408926
2026-05-02 05:00:00,0.10808,0.10815,0.10743,0.10753,31185594,14679933
2026-05-02 06:00:00,0.10753,0.1081,0.10752,0.10807,12900426,7528508
2026-05-02 07:00:00,0.10806,0.10812,0.10786,0.10791,11945290,5094491
2026-05-02 08:00:00,0.10792,0.108,0.10764,0.10767,13021773,8824057
2026-05-02 09:00:00,0.10767,0.10799,0.10754,0.10775,28956082,13293111
2026-05-02 10:00:00,0.10776,0.10807,0.10774,0.10774,7274393,3578880
2026-05-02 11:00:00,0.10775,0.10786,0.10741,0.10773,18512053,8672249
2026-05-02 12:00:00,0.10774,0.10789,0.10714,0.1076,29165835,14845205
2026-05-02 13:00:00,0.10761,0.1088,0.10761,0.1086,28002485,16403357
2026-05-02 14:00:00,0.1086,0.10916,0.10836,0.10872,39387494,23867298
2026-05-02 15:00:00,0.10873,0.10922,0.10868,0.10901,20599391,11983944
2026-05-02 16:00:00,0.10902,0.10936,0.10865,0.10899,41153009,23298420
2026-05-02 17:00:00,0.109,0.10913,0.10863,0.10877,12854914,5193605
2026-05-02 18:00:00,0.10876,0.10876,0.10824,0.10838,23943897,6709872
2026-05-02 19:00:00,0.10839,0.10857,0.10828,0.10842,9859537,4848631
2026-05-02 20:00:00,0.10843,0.10887,0.10834,0.1088,14121936,7357478
2026-05-02 21:00:00,0.1088,0.10913,0.108,0.10876,37671196,19080524
2026-05-02 22:00:00,0.10876,0.1092,0.10844,0.10879,20289717,8603242
2026-05-02 23:00:00,0.10879,0.10883,0.10824,0.10851,27706565,14526789
2026-05-03 00:00:00,0.10851,0.10858,0.10792,0.10822,13840315,5197612
2026-05-03 01:00:00,0.10822,0.10823,0.10752,0.10766,16508468,7123256
2026-05-03 02:00:00,0.10766,0.1078,0.10715,0.10753,23298781,10052549
2026-05-03 03:00:00,0.10752,0.10797,0.10734,0.10785,26078042,16518517
2026-05-03 04:00:00,0.10785,0.10823,0.10775,0.10792,23738643,11633462
2026-05-03 05:00:00,0.10791,0.10814,0.10777,0.10795,12144109,6225192
2026-05-03 06:00:00,0.10794,0.10797,0.10751,0.10785,24829417,15785023
2026-05-03 07:00:00,0.10785,0.10826,0.10785,0.10791,15699753,9675010
2026-05-03 08:00:00,0.10792,0.10819,0.1079,0.10798,7984936,5124602
2026-05-03 09:00:00,0.10799,0.10836,0.1079,0.10817,11867712,7724287
2026-05-03 10:00:00,0.10818,0.10824,0.10762,0.10768,20193310,5233028
2026-05-03 11:00:00,0.10767,0.10881,0.10751,0.1087,38874818,26410457
2026-05-03 12:00:00,0.1087,0.1094,0.1087,0.10881,31459857,17277176
2026-05-03 13:00:00,0.10881,0.10905,0.10848,0.10862,18325774,8241149
2026-05-03 14:00:00,0.10862,0.1089,0.10848,0.10865,11783794,7131053
2026-05-03 15:00:00,0.10864,0.10896,0.10827,0.10847,13379883,5219990
2026-05-03 16:00:00,0.10848,0.10862,0.1081,0.1083,12769447,6396190
2026-05-03 17:00:00,0.10829,0.10876,0.10802,0.10848,10813818,5410732
2026-05-03 18:00:00,0.10849,0.1086,0.1083,0.10842,5400933,2710302
2026-05-03 19:00:00,0.10842,0.10879,0.10835,0.1086,8143036,4746431
2026-05-03 20:00:00,0.1086,0.10927,0.10856,0.1088,16686628,9643379
2026-05-03 21:00:00,0.1088,0.10914,0.10774,0.10815,20840975,8634554
2026-05-03 22:00:00,0.10815,0.10966,0.10815,0.10928,33181052,18131981
2026-05-03 23:00:00,0.10927,0.10948,0.1082,0.1083,20238559,9199156
2026-05-04 00:00:00,0.10829,0.10907,0.10765,0.10899,29916778,14605470
2026-05-04 01:00:00,0.109,0.11334,0.10899,0.11253,245181419,143672825
2026-05-04 02:00:00,0.11253,0.11349,0.11149,0.11305,123125735,64217253
2026-05-04 03:00:00,0.11305,0.11383,0.11218,0.11296,71655611,31888388
2026-05-04 04:00:00,0.11297,0.11361,0.11282,0.11308,46682864,22151580
2026-05-04 05:00:00,0.11309,0.1132,0.1124,0.11251,28250126,12858776
2026-05-04 06:00:00,0.11252,0.11264,0.11102,0.11204,52040990,25376434
2026-05-04 07:00:00,0.11205,0.11268,0.11189,0.11233,19510988,9433670
2026-05-04 08:00:00,0.11232,0.11245,0.11186,0.11195,19385487,7823610
2026-05-04 09:00:00,0.11195,0.1124,0.1115,0.11189,21532317,10534648
2026-05-04 10:00:00,0.1119,0.11194,0.10878,0.11029,266617939,111077965
2026-05-04 11:00:00,0.11029,0.11072,0.11002,0.1105,35870166,16023067
2026-05-04 12:00:00,0.11049,0.11097,0.11027,0.11038,30083422,9635291
2026-05-04 13:00:00,0.11037,0.11132,0.10985,0.11072,57123287,23942202
2026-05-04 14:00:00,0.11073,0.11266,0.11022,0.11203,61968267,33172402
2026-05-04 15:00:00,0.11204,0.11214,0.10961,0.11023,166952005,59798694
2026-05-04 16:00:00,0.11024,0.11093,0.10984,0.11055,46123893,20795738
2026-05-04 17:00:00,0.11055,0.11161,0.11047,0.11117,31681351,15731088
2026-05-04 18:00:00,0.11118,0.11138,0.11072,0.11108,15714932,6142585
2026-05-04 19:00:00,0.11107,0.11112,0.11023,0.11042,13776837,6634169
2026-05-04 20:00:00,0.11042,0.11043,0.11,0.11024,8810396,4557767
2026-05-04 21:00:00,0.11024,0.11096,0.11015,0.11057,12269431,6911115
2026-05-04 22:00:00,0.11056,0.11091,0.11012,0.11032,24964851,10650900
2026-05-04 23:00:00,0.11031,0.11036,0.11,0.1101,10215252,5833232
2026-05-05 00:00:00,0.11011,0.11098,0.10996,0.11078,15038369,9482897
2026-05-05 01:00:00,0.11079,0.11131,0.11052,0.11098,15166960,7015198
2026-05-05 02:00:00,0.11098,0.11171,0.11095,0.11131,19736906,10133559
2026-05-05 03:00:00,0.11132,0.1118,0.11122,0.1114,17159916,8502417
2026-05-05 04:00:00,0.11141,0.11182,0.11127,0.11142,16671761,8958769
2026-05-05 05:00:00,0.11141,0.11195,0.1113,0.11165,34237819,15097165
2026-05-05 06:00:00,0.11166,0.11178,0.11124,0.1117,16055070,8189954
2026-05-05 07:00:00,0.11171,0.11193,0.11132,0.11145,20136621,10840681
2026-05-05 08:00:00,0.11145,0.11168,0.11129,0.11163,17333320,6674816
2026-05-05 09:00:00,0.11163,0.11166,0.11075,0.1111,22493215,8717305
2026-05-05 10:00:00,0.1111,0.11182,0.11101,0.11179,29292657,17244931
2026-05-05 11:00:00,0.11178,0.11219,0.11135,0.11197,34733470,17194174
2026-05-05 12:00:00,0.11197,0.11219,0.1118,0.11205,17871091,9000455
2026-05-05 13:00:00,0.11206,0.11285,0.11192,0.1124,71188911,37646060
2026-05-05 14:00:00,0.11241,0.11284,0.11152,0.11235,81620868,45607620
2026-05-05 15:00:00,0.11235,0.11294,0.11226,0.11241,27563294,13787040
2026-05-05 16:00:00,0.1124,0.11291,0.11165,0.11257,100289203,55944044
2026-05-05 17:00:00,0.11258,0.11449,0.11248,0.11368,92006805,49836057
2026-05-05 18:00:00,0.11368,0.11414,0.11327,0.1134,25787316,11631359
2026-05-05 19:00:00,0.11339,0.11409,0.1133,0.11356,22988191,11703239
2026-05-05 20:00:00,0.11355,0.11426,0.11311,0.11401,22902636,13558398
2026-05-05 21:00:00,0.11401,0.11577,0.11356,0.11543,47931866,27518608
2026-05-05 22:00:00,0.11543,0.11651,0.11483,0.11534,108230347,53160884
2026-05-05 23:00:00,0.11533,0.11592,0.11437,0.11484,49757889,22996436
2026-05-06 00:00:00,0.11485,0.11506,0.11378,0.11433,45912446,20660528
2026-05-06 01:00:00,0.11433,0.11539,0.11416,0.11499,46621464,25487963
2026-05-06 02:00:00,0.115,0.11565,0.11449,0.11562,41665382,21372679
2026-05-06 03:00:00,0.11562,0.1161,0.11494,0.11594,36431436,20440367
2026-05-06 04:00:00,0.11594,0.11599,0.11494,0.11499,28455254,13271492
2026-05-06 05:00:00,0.11499,0.11612,0.11476,0.11586,39309492,18707572
2026-05-06 06:00:00,0.11586,0.11603,0.11513,0.11536,49748451,25331446
2026-05-06 07:00:00,0.11536,0.1164,0.11479,0.11574,77628817,40381427
2026-05-06 08:00:00,0.11573,0.11689,0.1156,0.11684,54521969,27005712
2026-05-06 09:00:00,0.11684,0.1169,0.11586,0.11638,78546388,39935452
2026-05-06 10:00:00,0.11639,0.11666,0.11594,0.11647,41456355,21240981
2026-05-06 11:00:00,0.11647,0.11706,0.11623,0.11659,37910724,19025306
2026-05-06 12:00:00,0.11659,0.1168,0.11598,0.11609,34050266,17575336
2026-05-06 13:00:00,0.11609,0.11609,0.11133,0.11277,306085495,155302768
2026-05-06 14:00:00,0.11278,0.11375,0.11185,0.11285,88920521,42898771
2026-05-06 15:00:00,0.11285,0.11358,0.11275,0.11306,45124435,19994845
2026-05-06 16:00:00,0.11305,0.11363,0.11253,0.11318,44730475,23580459
2026-05-06 17:00:00,0.11317,0.11355,0.11293,0.11312,24750334,12038311
2026-05-06 18:00:00,0.11312,0.11334,0.11271,0.11274,28086793,13083044
2026-05-06 19:00:00,0.11273,0.11302,0.11254,0.11295,18060146,8274559
2026-05-06 20:00:00,0.11296,0.11327,0.11232,0.11275,17386616,8944690
2026-05-06 21:00:00,0.11276,0.11312,0.11258,0.11301,15393982,6411486
2026-05-06 22:00:00,0.113,0.11303,0.11217,0.11241,18096763,8400715
2026-05-06 23:00:00,0.1124,0.1125,0.11193,0.11245,21689620,9291662
2026-05-07 00:00:00,0.11245,0.11251,0.11133,0.11147,36149345,13786405
2026-05-07 01:00:00,0.11146,0.11157,0.11032,0.11113,47736116,20914233
2026-05-07 02:00:00,0.11113,0.11122,0.11015,0.1106,46624378,22738598
2026-05-07 03:00:00,0.1106,0.11084,0.11018,0.11029,27148412,9999216
2026-05-07 04:00:00,0.11029,0.11076,0.11008,0.11066,34202209,10103269
2026-05-07 05:00:00,0.11067,0.11136,0.11042,0.11076,61491884,26265251
2026-05-07 06:00:00,0.11076,0.11146,0.11039,0.11146,47993984,28541765
2026-05-07 07:00:00,0.11145,0.11178,0.11122,0.1117,40328174,17059325
2026-05-07 08:00:00,0.11169,0.11193,0.11129,0.11146,74164567,45785903
2026-05-07 09:00:00,0.11147,0.113,0.11124,0.11137,132178410,86033143
2026-05-07 10:00:00,0.11137,0.11183,0.11077,0.11103,51368623,19843943
2026-05-07 11:00:00,0.11103,0.11144,0.11082,0.11112,23492903,11318453
2026-05-07 12:00:00,0.11111,0.11159,0.11108,0.11152,22050821,11881746
2026-05-07 13:00:00,0.11152,0.11152,0.10803,0.10944,112115008,49337178
2026-05-07 14:00:00,0.10944,0.10975,0.10835,0.10902,111360519,60889097
2026-05-07 15:00:00,0.10901,0.10952,0.1067,0.10799,144061431,60027242
2026-05-07 16:00:00,0.10799,0.1083,0.10741,0.10766,35366097,15546496
2026-05-07 17:00:00,0.10767,0.10805,0.10707,0.108,22762382,11541937
2026-05-07 18:00:00,0.108,0.10859,0.10782,0.10806,23977886,13474558
2026-05-07 19:00:00,0.10806,0.10833,0.10776,0.10795,22623996,7797747
2026-05-07 20:00:00,0.10794,0.10847,0.10778,0.10779,15119585,7697715
2026-05-07 21:00:00,0.10779,0.10814,0.10735,0.10774,31081057,16009302
2026-05-07 22:00:00,0.10773,0.10788,0.10736,0.10768,22448312,10378946
2026-05-07 23:00:00,0.10768,0.10794,0.1075,0.10783,15512149,6852695
2026-05-08 00:00:00,0.10784,0.10804,0.10678,0.10695,118771388,68875362
2026-05-08 01:00:00,0.10695,0.10706,0.10613,0.10668,45355899,20954914
2026-05-08 02:00:00,0.10668,0.10668,0.10581,0.10632,46680018,16391162
2026-05-08 03:00:00,0.10632,0.10665,0.10583,0.1064,30992254,17893072
2026-05-08 04:00:00,0.10639,0.10662,0.10622,0.10648,11223555,5462344
2026-05-08 05:00:00,0.10648,0.10654,0.10592,0.10594,18903304,10847305
2026-05-08 06:00:00,0.10594,0.10642,0.1056,0.10627,52084224,26038993
2026-05-08 07:00:00,0.10626,0.10649,0.1059,0.10631,54529389,26406043
2026-05-08 08:00:00,0.10631,0.10719,0.10615,0.10702,50198838,24193158
2026-05-08 09:00:00,0.10702,0.10774,0.1068,0.10714,56333784,23094156
2026-05-08 10:00:00,0.10714,0.10763,0.10677,0.1074,35350968,12868288
2026-05-08 11:00:00,0.10741,0.10765,0.10726,0.10739,38632991,18724531
2026-05-08 12:00:00,0.1074,0.10766,0.10658,0.10669,40775461,18571805
2026-05-08 13:00:00,0.10669,0.10693,0.10629,0.10675,31972472,13214751
2026-05-08 14:00:00,0.10676,0.1079,0.10671,0.10778,48279141,24036445
2026-05-08 15:00:00,0.10777,0.1082,0.10688,0.10807,43957619,20605558
2026-05-08 16:00:00,0.10807,0.10814,0.10726,0.10739,23100192,9320128
2026-05-08 17:00:00,0.10739,0.10844,0.10736,0.10804,30854655,14568841
2026-05-08 18:00:00,0.10805,0.10902,0.10805,0.1085,46321225,20124883
2026-05-08 19:00:00,0.1085,0.10909,0.10826,0.10896,36112936,16109769
2026-05-08 20:00:00,0.10897,0.10948,0.10847,0.10867,29812138,12702094
2026-05-08 21:00:00,0.10867,0.10933,0.10857,0.10932,20775353,8998958
2026-05-08 22:00:00,0.10932,0.10968,0.10917,0.10959,20175897,10817972
2026-05-08 23:00:00,0.10958,0.1096,0.10915,0.10952,17195467,6933220
2026-05-09 00:00:00,0.10953,0.10988,0.10937,0.10951,21061143,8349974
2026-05-09 01:00:00,0.10951,0.11088,0.10946,0.11049,40227074,19627377
2026-05-09 02:00:00,0.11048,0.11118,0.11043,0.11051,34777943,17929421
2026-05-09 03:00:00,0.11051,0.11097,0.11018,0.11036,16881300,7432814
2026-05-09 04:00:00,0.11036,0.11131,0.11036,0.11064,43248081,21581169
2026-05-09 05:00:00,0.11064,0.11079,0.10995,0.11067,32440224,17329794
2026-05-09 06:00:00,0.11067,0.11139,0.11034,0.11068,63566094,41733326
2026-05-09 07:00:00,0.11069,0.1107,0.10992,0.11021,32740490,12666442
2026-05-09 08:00:00,0.11021,0.11067,0.11019,0.11036,11950499,6426520
2026-05-09 09:00:00,0.11035,0.11037,0.10965,0.10995,18422921,7947979
2026-05-09 10:00:00,0.10994,0.10994,0.10944,0.10969,18801472,8070434
2026-05-09 11:00:00,0.10968,0.10989,0.10955,0.10958,11611038,6404441
2026-05-09 12:00:00,0.10958,0.10975,0.10918,0.10943,12957490,5857494
2026-05-09 13:00:00,0.10942,0.10945,0.10872,0.10921,20554477,9441316
2026-05-09 14:00:00,0.10921,0.10924,0.10831,0.10847,21889927,8465524
2026-05-09 15:00:00,0.10848,0.10883,0.10809,0.10863,21686993,11313119
2026-05-09 16:00:00,0.10863,0.10919,0.10848,0.10891,21590146,10419415
2026-05-09 17:00:00,0.10891,0.10965,0.10891,0.10944,18706905,12260076
2026-05-09 18:00:00,0.10944,0.10998,0.10944,0.10963,7527702,3505019
2026-05-09 19:00:00,0.10963,0.10976,0.1095,0.10971,5089690,2488288
2026-05-09 20:00:00,0.10972,0.10973,0.10927,0.10938,6635824,4133595
2026-05-09 21:00:00,0.10938,0.10955,0.10911,0.10934,9171794,5569102
2026-05-09 22:00:00,0.10934,0.10941,0.10902,0.10907,7322318,3014422
2026-05-09 23:00:00,0.10907,0.10923,0.10858,0.10874,9578684,4755948
2026-05-10 00:00:00,0.10874,0.10895,0.10831,0.10845,11821723,4992351
2026-05-10 01:00:00,0.10845,0.10845,0.10782,0.10812,18716113,8173193
2026-05-10 02:00:00,0.10811,0.109,0.10793,0.10859,18726112,11076095
2026-05-10 03:00:00,0.10859,0.10885,0.10845,0.10848,10125311,3528667
2026-05-10 04:00:00,0.10849,0.10871,0.10833,0.10849,6974340,4090127
2026-05-10 05:00:00,0.10848,0.10867,0.10834,0.1084,6521450,2446070
2026-05-10 06:00:00,0.1084,0.1085,0.10818,0.10843,6666091,3134049
2026-05-10 07:00:00,0.10843,0.10875,0.10831,0.10854,5816239,3404381
2026-05-10 08:00:00,0.10853,0.10896,0.10849,0.10874,10270065,3874392
2026-05-10 09:00:00,0.10874,0.10927,0.1085,0.10855,28556764,13914885
2026-05-10 10:00:00,0.10856,0.10878,0.10782,0.10874,40425875,14715465
2026-05-10 11:00:00,0.10874,0.10886,0.10795,0.10821,22938817,10351009
2026-05-10 12:00:00,0.1082,0.10832,0.10792,0.10811,13657504,7530973
2026-05-10 13:00:00,0.10811,0.10847,0.108,0.10828,27228610,16613500
2026-05-10 14:00:00,0.10828,0.10848,0.10789,0.10832,19594535,10889496
2026-05-10 15:00:00,0.10833,0.10914,0.10827,0.10913,26290704,12922115
2026-05-10 16:00:00,0.10914,0.10975,0.10885,0.10965,46964272,21393358
2026-05-10 17:00:00,0.10966,0.11114,0.10945,0.11092,68666365,35406576
2026-05-10 18:00:00,0.11092,0.11168,0.11067,0.11103,39734612,19288492
2026-05-10 19:00:00,0.11102,0.11152,0.11031,0.11109,24307128,11751047
2026-05-10 20:00:00,0.1111,0.11156,0.10643,0.10796,123333481,50065782
2026-05-10 21:00:00,0.10796,0.10895,0.10765,0.10829,56339173,29423254
2026-05-10 22:00:00,0.10828,0.11219,0.10809,0.11189,155595259,84032605
2026-05-10 23:00:00,0.11188,0.11286,0.1114,0.11246,195344728,96322710
2026-05-11 00:00:00,0.11246,0.11276,0.10979,0.11047,134783730,61197745
2026-05-11 01:00:00,0.11047,0.1118,0.11001,0.11065,61519937,29503340
2026-05-11 02:00:00,0.11064,0.11092,0.10946,0.10981,45103349,24022319
2026-05-11 03:00:00,0.10981,0.10985,0.10839,0.10911,60976932,24376378
2026-05-11 04:00:00,0.1091,0.11001,0.1088,0.10952,65393498,37262898
2026-05-11 05:00:00,0.10951,0.11002,0.10936,0.10983,23725336,11244026
2026-05-11 06:00:00,0.10984,0.11015,0.10924,0.10954,27556976,11041362
2026-05-11 07:00:00,0.10955,0.10955,0.10856,0.10928,55021704,19593823
2026-05-11 08:00:00,0.10929,0.10976,0.10875,0.10947,39357155,23378247
2026-05-11 09:00:00,0.10947,0.11002,0.10945,0.10976,19767799,11340629
2026-05-11 10:00:00,0.10975,0.11042,0.10967,0.11,33845621,14819154
2026-05-11 11:00:00,0.10999,0.11041,0.10956,0.11032,16162070,8234528
2026-05-11 12:00:00,0.11032,0.11051,0.10944,0.10957,22057489,8893946
2026-05-11 13:00:00,0.10957,0.11009,0.10907,0.10993,38450370,18331739
2026-05-11 14:00:00,0.10993,0.11076,0.10892,0.1097,47177523,21323722
2026-05-11 15:00:00,0.10971,0.111,0.1094,0.11092,52036509,25547116
2026-05-11 16:00:00,0.11092,0.1116,0.11067,0.1112,45327457,20941140
2026-05-11 17:00:00,0.1112,0.1118,0.11072,0.11139,56020801,25920087
2026-05-11 18:00:00,0.11139,0.1115,0.11056,0.11057,52803507,19253661
2026-05-11 19:00:00,0.11058,0.11184,0.11039,0.11159,30897436,12894284
2026-05-11 20:00:00,0.1116,0.1118,0.11125,0.11145,24965390,12288848
2026-05-11 21:00:00,0.11144,0.11165,0.11104,0.11113,25679176,12238134
2026-05-11 22:00:00,0.11113,0.11167,0.111,0.11145,30376860,15467213
2026-05-11 23:00:00,0.11144,0.11148,0.11097,0.11132,23268762,10828306
2026-05-12 00:00:00,0.11131,0.1116,0.11108,0.11132,22190185,10359302
2026-05-12 01:00:00,0.11131,0.11153,0.10973,0.11083,58594525,25972660
2026-05-12 02:00:00,0.11084,0.1115,0.11051,0.11079,32884262,15453155
2026-05-12 03:00:00,0.11078,0.11094,0.10998,0.11011,17729502,6202115
2026-05-12 04:00:00,0.1101,0.11044,0.10978,0.10988,28653931,17447700
2026-05-12 05:00:00,0.10988,0.11055,0.10984,0.11039,30511328,16074499
2026-05-12 06:00:00,0.11039,0.1113,0.11026,0.11056,41940970,19576238
2026-05-12 07:00:00,0.11056,0.11057,0.10976,0.1099,42274650,26109091
2026-05-12 08:00:00,0.10991,0.11033,0.10921,0.10982,36230536,18378690
2026-05-12 09:00:00,0.10982,0.10986,0.10924,0.10979,23995372,11710183
2026-05-12 10:00:00,0.10978,0.1098,0.1089,0.10917,23269453,9293760
2026-05-12 11:00:00,0.10917,0.10952,0.10857,0.10944,33307280,16852363
2026-05-12 12:00:00,0.10944,0.10965,0.10876,0.1092,28904843,13689743
2026-05-12 13:00:00,0.10921,0.10941,0.1082,0.10847,59334428,24913234
2026-05-12 14:00:00,0.10847,0.10925,0.10793,0.10883,42106112,21419886
2026-05-12 15:00:00,0.10883,0.10913,0.1082,0.10868,42961767,19449797
2026-05-12 16:00:00,0.10868,0.10908,0.10752,0.10793,43972929,15638026
2026-05-12 17:00:00,0.10793,0.10931,0.10791,0.10907,32010956,17953922
2026-05-12 18:00:00,0.10906,0.10954,0.10892,0.1093,18163028,9401239
2026-05-12 19:00:00,0.10931,0.11028,0.1092,0.10987,30618578,18680670
2026-05-12 20:00:00,0.10987,0.11032,0.10982,0.1102,19925848,11259300
2026-05-12 21:00:00,0.11019,0.11073,0.10991,0.11002,43591891,25223599
2026-05-12 22:00:00,0.11002,0.11043,0.11,0.11028,24260093,14051749
2026-05-12 23:00:00,0.11029,0.11049,0.10988,0.11015,24888696,12736070
2026-05-13 00:00:00,0.11016,0.11076,0.10994,0.11068,23109765,14699000
2026-05-13 01:00:00,0.11069,0.11178,0.11066,0.11114,91470770,54699899
2026-05-13 02:00:00,0.11114,0.11152,0.11084,0.11112,40035766,19981264
2026-05-13 03:00:00,0.11111,0.11175,0.11107,0.11173,33425616,20688837
2026-05-13 04:00:00,0.11174,0.11284,0.11129,0.11219,85738593,43877130
2026-05-13 05:00:00,0.1122,0.11274,0.1116,0.11207,55016852,24687133
2026-05-13 06:00:00,0.11208,0.11248,0.1118,0.11184,43750723,21931513
2026-05-13 07:00:00,0.11184,0.11243,0.1114,0.11234,37284617,18990235
2026-05-13 08:00:00,0.11235,0.1125,0.11199,0.11235,30840950,17567500
2026-05-13 09:00:00,0.11234,0.11462,0.11233,0.11427,205952625,102836049
2026-05-13 10:00:00,0.11428,0.11452,0.11355,0.11379,84671815,43836281
2026-05-13 11:00:00,0.11379,0.11408,0.11239,0.1127,67996246,29567690
2026-05-13 12:00:00,0.11269,0.11314,0.1109,0.11182,102938361,56582689
2026-05-13 13:00:00,0.11182,0.11238,0.1105,0.11055,71463385,41360390
2026-05-13 14:00:00,0.11054,0.1119,0.10994,0.11185,64867495,35894068
2026-05-13 15:00:00,0.11185,0.11223,0.10965,0.10995,83413909,35787386
2026-05-13 16:00:00,0.10995,0.11213,0.10989,0.112,70847141,38633871
2026-05-13 17:00:00,0.112,0.11335,0.11198,0.11315,69636597,37622691
2026-05-13 18:00:00,0.11316,0.11472,0.11316,0.11339,77522425,39488729
2026-05-13 19:00:00,0.11338,0.11353,0.11238,0.11297,42031200,18400322
2026-05-13 20:00:00,0.11296,0.11353,0.11276,0.11343,17067673,10051462
2026-05-13 21:00:00,0.11343,0.11351,0.11233,0.11291,27282858,14400211
2026-05-13 22:00:00,0.11292,0.11373,0.11238,0.1136,20030697,12050707
2026-05-13 23:00:00,0.11361,0.11402,0.11267,0.11269,42904533,22269948
2026-05-14 00:00:00,0.11269,0.11546,0.11238,0.11439,151317742,86511591
2026-05-14 01:00:00,0.11438,0.11495,0.1138,0.11454,92017610,46934423
2026-05-14 02:00:00,0.11454,0.11493,0.11325,0.11346,46291105,16401328
2026-05-14 03:00:00,0.11346,0.11382,0.11215,0.1124,75034142,36037508
2026-05-14 04:00:00,0.11241,0.11317,0.11197,0.11304,35775472,16185528
2026-05-14 05:00:00,0.11304,0.11527,0.11294,0.11511,62883531,39638155
2026-05-14 06:00:00,0.11511,0.11543,0.11377,0.11457,62900769,28717813
2026-05-14 07:00:00,0.11457,0.11508,0.11381,0.11392,64896869,34712036
2026-05-14 08:00:00,0.11391,0.11404,0.11311,0.11337,49300151,25393937
2026-05-14 09:00:00,0.11337,0.11361,0.11276,0.11332,38235910,20194516
2026-05-14 10:00:00,0.11331,0.11379,0.113,0.1137,36243692,19871843
2026-05-14 11:00:00,0.11369,0.11381,0.11309,0.11316,26769720,13130822
2026-05-14 12:00:00,0.11315,0.11576,0.11304,0.11528,86485322,50884968
2026-05-14 13:00:00,0.11529,0.11668,0.11414,0.11436,124334360,61846721
2026-05-14 14:00:00,0.11435,0.1155,0.11402,0.115,255682283,166682312
2026-05-14 15:00:00,0.11499,0.11531,0.11362,0.11397,412550466,296462959
2026-05-14 16:00:00,0.11397,0.11617,0.1134,0.11609,261755268,181553655
2026-05-14 17:00:00,0.11609,0.11636,0.11505,0.11591,79106942,44001308
2026-05-14 18:00:00,0.1159,0.11861,0.11567,0.11734,153834850,89881907
2026-05-14 19:00:00,0.11734,0.11783,0.11576,0.11615,50771485,24217332
2026-05-14 20:00:00,0.11616,0.11632,0.11496,0.11604,51734602,26285871
2026-05-14 21:00:00,0.11605,0.1168,0.11552,0.11675,33519924,20061981
2026-05-14 22:00:00,0.11676,0.11687,0.11632,0.11644,34584121,18804330
2026-05-14 23:00:00,0.11643,0.11643,0.11509,0.11546,46554088,25056371
2026-05-15 00:00:00,0.11545,0.11703,0.11545,0.11673,58566081,34487075
2026-05-15 01:00:00,0.11673,0.11749,0.116,0.11607,54619801,28058768
2026-05-15 02:00:00,0.11607,0.11675,0.11519,0.11647,47194600,24997413
2026-05-15 03:00:00,0.11646,0.11675,0.1156,0.11616,30622421,14130439
2026-05-15 04:00:00,0.11616,0.11616,0.11427,0.11434,51104643,20123901
2026-05-15 05:00:00,0.11435,0.11468,0.11262,0.11347,111923387,53851687
2026-05-15 06:00:00,0.11347,0.11478,0.11332,0.11461,54283396,29048865
2026-05-15 07:00:00,0.11462,0.11542,0.11416,0.11488,94299990,66543427
2026-05-15 08:00:00,0.11489,0.11547,0.11383,0.11528,74732094,36154450
2026-05-15 09:00:00,0.11529,0.11567,0.11418,0.11438,69333042,30363910
2026-05-15 10:00:00,0.11438,0.1155,0.1142,0.11531,29745671,16036374
2026-05-15 11:00:00,0.11531,0.11534,0.11436,0.11445,22007002,12473753
2026-05-15 12:00:00,0.11445,0.1145,0.11358,0.11421,92065806,61769801
2026-05-15 13:00:00,0.1142,0.1142,0.11093,0.11139,127223592,58739437
2026-05-15 14:00:00,0.11139,0.11266,0.11102,0.11184,139696166,65085546
2026-05-15 15:00:00,0.11184,0.11206,0.11072,0.11158,58007614,32758275
2026-05-15 16:00:00,0.11158,0.11304,0.11147,0.11266,53364580,31857818
2026-05-15 17:00:00,0.11267,0.11307,0.1121,0.11263,31134479,19836350
2026-05-15 18:00:00,0.11263,0.11342,0.11262,0.11311,30437117,20213087
2026-05-15 19:00:00,0.11311,0.11338,0.11262,0.11298,25442786,12955691
2026-05-15 20:00:00,0.11299,0.11335,0.11257,0.11318,19930823,11858058
2026-05-15 21:00:00,0.11318,0.11347,0.11275,0.11295,19436415,11588417
2026-05-15 22:00:00,0.11295,0.1138,0.1128,0.11364,21125437,11129948
2026-05-15 23:00:00,0.11365,0.11382,0.11322,0.11336,17433384,7777177
2026-05-16 00:00:00,0.11335,0.11348,0.11279,0.11292,24110483,10589667
2026-05-16 01:00:00,0.11293,0.11296,0.1122,0.11268,24898377,11115354
2026-05-16 02:00:00,0.11268,0.11291,0.11234,0.11253,13737194,7999403
2026-05-16 03:00:00,0.11254,0.11285,0.11238,0.11262,16717612,9639095
2026-05-16 04:00:00,0.11261,0.11266,0.11097,0.11173,60729301,27321252
2026-05-16 05:00:00,0.11172,0.11213,0.11133,0.11166,33302556,18321142
2026-05-16 06:00:00,0.11166,0.11176,0.11025,0.11062,37465698,16587941
2026-05-16 07:00:00,0.11062,0.11063,0.10909,0.11013,79106391,36079284
2026-05-16 08:00:00,0.11012,0.11047,0.11,0.11006,22171567,13018826
2026-05-16 09:00:00,0.11007,0.11027,0.1088,0.10927,52318115,22582105
2026-05-16 10:00:00,0.10926,0.10941,0.10818,0.10877,66904486,37864028
2026-05-16 11:00:00,0.10877,0.10945,0.10877,0.10899,29046530,15877905
2026-05-16 12:00:00,0.10899,0.10913,0.10848,0.10867,26121900,13641656
2026-05-16 13:00:00,0.10866,0.10874,0.10775,0.1086,64263448,32855189
2026-05-16 14:00:00,0.10861,0.10974,0.10831,0.10897,36495915,17894576
2026-05-16 15:00:00,0.10897,0.10996,0.10887,0.1097,38984353,21200030
2026-05-16 16:00:00,0.10969,0.11011,0.10946,0.10979,35613447,14356624
2026-05-16 17:00:00,0.1098,0.11006,0.10951,0.10955,26701780,10435301
2026-05-16 18:00:00,0.10955,0.10969,0.10927,0.10943,14741598,7919028
2026-05-16 19:00:00,0.10944,0.10977,0.10936,0.10963,9566399,5204442
2026-05-16 20:00:00,0.10963,0.10989,0.10942,0.10961,6907148,3829813
2026-05-16 21:00:00,0.1096,0.11022,0.10948,0.1098,21217815,12443254
2026-05-16 22:00:00,0.1098,0.10983,0.10944,0.10947,8424698,4007581
2026-05-16 23:00:00,0.10946,0.10954,0.10922,0.10937,9501146,4574284
2026-05-17 00:00:00,0.10937,0.10967,0.10888,0.10915,18353200,9761919
2026-05-17 01:00:00,0.10916,0.10923,0.1081,0.10811,33303338,16726129
2026-05-17 02:00:00,0.10811,0.10882,0.10809,0.10866,20358456,11126898
2026-05-17 03:00:00,0.10865,0.10951,0.10865,0.10921,14104274,7377829
2026-05-17 04:00:00,0.10921,0.10991,0.10914,0.10972,13589566,8082987
2026-05-17 05:00:00,0.10971,0.11043,0.10967,0.11,19510354,11994199
2026-05-17 06:00:00,0.11,0.1102,0.10948,0.1097,11207027,6621620
2026-05-17 07:00:00,0.10969,0.11032,0.10958,0.1102,10415985,6056480
2026-05-17 08:00:00,0.11019,0.11042,0.1098,0.11028,16316272,9582655
2026-05-17 09:00:00,0.11027,0.11116,0.11015,0.11109,25995964,16180484
2026-05-17 10:00:00,0.11108,0.11196,0.11105,0.11174,35972592,20224462
2026-05-17 11:00:00,0.11174,0.11179,0.1112,0.11151,13526530,7284392
2026-05-17 12:00:00,0.11151,0.11281,0.11149,0.11206,49047235,23845504
2026-05-17 13:00:00,0.11206,0.11207,0.111,0.11164,28623347,13168238
2026-05-17 14:00:00,0.11163,0.11171,0.11052,0.11078,38694731,13776322
2026-05-17 15:00:00,0.11078,0.11111,0.11017,0.11044,27801423,9555930
2026-05-17 16:00:00,0.11043,0.11069,0.10981,0.11004,26561077,10211273
2026-05-17 17:00:00,0.11005,0.11024,0.10955,0.10996,20511163,10015318
2026-05-17 18:00:00,0.10995,0.11044,0.10963,0.11038,9011210,4786081
2026-05-17 19:00:00,0.11038,0.111,0.11037,0.11074,12200104,6494709
2026-05-17 20:00:00,0.11073,0.1109,0.11046,0.11056,12084055,5282539
2026-05-17 21:00:00,0.11055,0.1113,0.11039,0.11123,14096842,7233348
2026-05-17 22:00:00,0.11123,0.11129,0.10933,0.10952,22261831,7367026
2026-05-17 23:00:00,0.10953,0.1096,0.10562,0.10899,180163760,80635686
2026-05-18 00:00:00,0.10899,0.1091,0.10653,0.10695,190677793,86432479
2026-05-18 01:00:00,0.10694,0.10709,0.10586,0.1067,62926783,30792300
2026-05-18 02:00:00,0.10671,0.10718,0.10637,0.10664,24123901,11842835
2026-05-18 03:00:00,0.10664,0.10716,0.1062,0.10658,19979495,9873371
2026-05-18 04:00:00,0.10659,0.10696,0.106,0.10687,17101206,8255376
2026-05-18 05:00:00,0.10687,0.10706,0.10595,0.10611,29719250,14158495
2026-05-18 06:00:00,0.10611,0.10625,0.10365,0.1047,145879844,60631263
2026-05-18 07:00:00,0.10471,0.105,0.10368,0.1043,62479962,29154791
2026-05-18 08:00:00,0.10431,0.10471,0.10402,0.1044,18170540,10421772
2026-05-18 09:00:00,0.10441,0.10448,0.10398,0.10405,11405093,5881255
2026-05-18 10:00:00,0.10406,0.10449,0.10377,0.10405,22765078,10776995
2026-05-18 11:00:00,0.10405,0.10591,0.10381,0.10507,54960974,29546676
2026-05-18 12:00:00,0.10507,0.10649,0.10507,0.10638,103444386,73309819
2026-05-18 13:00:00,0.10638,0.10649,0.10425,0.1051,91834774,52103221
2026-05-18 14:00:00,0.1051,0.1051,0.10385,0.10424,67196973,30052479
2026-05-18 15:00:00,0.10424,0.10444,0.10305,0.10391,73884658,33771179
2026-05-18 16:00:00,0.10392,0.10438,0.10326,0.10365,29530553,14651249
2026-05-18 17:00:00,0.10365,0.10428,0.10349,0.10401,12701803,7002607
2026-05-18 18:00:00,0.104,0.10405,0.10252,0.10266,51288799,18312217
2026-05-18 19:00:00,0.10266,0.10496,0.10262,0.10477,45622548,25507873
2026-05-18 20:00:00,0.10478,0.10524,0.10403,0.10418,24757669,9764413
2026-05-18 21:00:00,0.10418,0.10515,0.10391,0.10507,21526129,12527367
2026-05-18 22:00:00,0.10508,0.10558,0.10466,0.105,27701848,12097477
2026-05-18 23:00:00,0.10499,0.10521,0.10462,0.10477,9974221,5566286
2026-05-19 00:00:00,0.10477,0.10554,0.10463,0.10521,17591082,9594510
2026-05-19 01:00:00,0.10521,0.10521,0.10419,0.10426,15669771,6797110
2026-05-19 02:00:00,0.10426,0.10477,0.10388,0.10415,12597651,6270278
2026-05-19 03:00:00,0.10414,0.10469,0.10402,0.10434,8939920,4143909
2026-05-19 04:00:00,0.10433,0.10536,0.10417,0.1053,15000004,7723367
2026-05-19 05:00:00,0.10531,0.10538,0.10419,0.10454,35609904,15206897
2026-05-19 06:00:00,0.10453,0.1047,0.10413,0.10448,16361829,9736328
2026-05-19 07:00:00,0.10448,0.10521,0.10421,0.10519,34867613,19356171
2026-05-19 08:00:00,0.1052,0.10525,0.10447,0.10447,27519730,14281123
2026-05-19 09:00:00,0.10448,0.10471,0.10375,0.10418,20152440,8777642
2026-05-19 10:00:00,0.10417,0.10447,0.1036,0.10421,15940946,9346285
2026-05-19 11:00:00,0.10422,0.10438,0.10368,0.10372,15043248,6470884
2026-05-19 12:00:00,0.10373,0.1043,0.10351,0.10415,16970168,9170811
2026-05-19 13:00:00,0.10416,0.10463,0.10356,0.10432,23055120,13021939
2026-05-19 14:00:00,0.10432,0.10451,0.10288,0.10339,54159014,23564456
2026-05-19 15:00:00,0.1034,0.10393,0.10325,0.1036,13308776,5366551
2026-05-19 16:00:00,0.1036,0.1042,0.10339,0.1041,12769004,7789108
2026-05-19 17:00:00,0.1041,0.10423,0.10347,0.10369,10291603,3771800
2026-05-19 18:00:00,0.1037,0.1038,0.10333,0.10345,9278130,3585636
2026-05-19 19:00:00,0.10346,0.1039,0.10315,0.10327,7134592,2780736
2026-05-19 20:00:00,0.10327,0.1037,0.10327,0.10363,4669521,2431055
2026-05-19 21:00:00,0.10363,0.1038,0.10347,0.1035,3848576,1698585
2026-05-19 22:00:00,0.1035,0.1035,0.10266,0.10276,23427558,12263903
2026-05-19 23:00:00,0.10276,0.10333,0.10266,0.103,9709385,6661041
2026-05-20 00:00:00,0.10299,0.10311,0.1019,0.10278,77308112,20987185
2026-05-20 01:00:00,0.10278,0.10304,0.10227,0.10277,19761959,10488625
2026-05-20 02:00:00,0.10277,0.10306,0.10245,0.10257,9591547,5427712
2026-05-20 03:00:00,0.10257,0.1031,0.10239,0.10288,9929743,4612752
2026-05-20 04:00:00,0.10288,0.10294,0.10217,0.10246,15010643,6197963
2026-05-20 05:00:00,0.10246,0.10374,0.10246,0.10354,30458930,17536957
2026-05-20 06:00:00,0.10353,0.10412,0.10348,0.10405,13526710,6820521
2026-05-20 07:00:00,0.10405,0.10408,0.10348,0.10361,12364926,5372984
2026-05-20 08:00:00,0.10362,0.10408,0.10346,0.10381,14242128,6977183
2026-05-20 09:00:00,0.1038,0.10394,0.10352,0.10365,11079138,6557515
2026-05-20 10:00:00,0.10366,0.10414,0.10366,0.10391,12018081,6926994
2026-05-20 11:00:00,0.10391,0.10401,0.1035,0.10371,9750277,3778532
2026-05-20 12:00:00,0.1037,0.1045,0.10351,0.10418,18894749,10336984
2026-05-20 13:00:00,0.10417,0.1043,0.10304,0.10365,25370598,12628430
2026-05-20 14:00:00,0.10366,0.10459,0.10323,0.10434,31384316,17355509
2026-05-20 15:00:00,0.10434,0.10497,0.10387,0.10419,35140078,17753837
2026-05-20 16:00:00,0.10418,0.10459,0.10363,0.1044,32758361,17753487
2026-05-20 17:00:00,0.10439,0.10485,0.10415,0.10449,22992808,11322012
2026-05-20 18:00:00,0.10448,0.10463,0.104,0.10408,9510381,4316045
2026-05-20 19:00:00,0.10408,0.10447,0.10402,0.10424,6487391,3667319
2026-05-20 20:00:00,0.10424,0.1044,0.10372,0.10416,9968370,5176114
2026-05-20 21:00:00,0.10415,0.10425,0.10376,0.10379,5161718,2468361
2026-05-20 22:00:00,0.10378,0.10378,0.10298,0.10359,17066472,7818128
2026-05-20 23:00:00,0.10358,0.10375,0.10326,0.10371,6075265,3219107
2026-05-21 00:00:00,0.10372,0.10465,0.10367,0.10456,17877340,10677177
2026-05-21 01:00:00,0.10457,0.10496,0.10443,0.10466,12309651,6098911
2026-05-21 02:00:00,0.10465,0.10529,0.10458,0.10511,15150181,7540478
2026-05-21 03:00:00,0.1051,0.10585,0.10494,0.10565,32343146,16445691
2026-05-21 04:00:00,0.10564,0.10614,0.1051,0.1056,31474955,18734337
2026-05-21 05:00:00,0.10561,0.10593,0.10533,0.10591,22435194,11433602
2026-05-21 06:00:00,0.10591,0.10609,0.10481,0.10508,48132263,24344163
2026-05-21 07:00:00,0.10509,0.10578,0.10488,0.10563,10579115,4204946
2026-05-21 08:00:00,0.10564,0.10641,0.10558,0.10585,44917029,23345703
2026-05-21 09:00:00,0.10584,0.10589,0.10506,0.10524,22288650,10519255
2026-05-21 10:00:00,0.10524,0.10535,0.10383,0.10408,39448924,17354503
2026-05-21 11:00:00,0.10409,0.10464,0.10391,0.1043,16127077,7289938
2026-05-21 12:00:00,0.10431,0.1048,0.10407,0.10458,15480827,8227951
2026-05-21 13:00:00,0.10458,0.1049,0.10385,0.10477,32955645,19576670
2026-05-21 14:00:00,0.10476,0.10491,0.10386,0.10422,36692682,13546943
2026-05-21 15:00:00,0.10421,0.10496,0.10395,0.10469,23589733,12305021
2026-05-21 16:00:00,0.1047,0.10491,0.10422,0.1045,18062889,10106280
2026-05-21 17:00:00,0.1045,0.10652,0.10436,0.10618,69476995,34277977
2026-05-21 18:00:00,0.10618,0.10634,0.10497,0.10547,29250113,11883113
2026-05-21 19:00:00,0.10548,0.10599,0.1054,0.10578,20155131,9785604
2026-05-21 20:00:00,0.10578,0.10608,0.10559,0.10566,12212342,6037503
2026-05-21 21:00:00,0.10566,0.10578,0.10546,0.1055,13743635,7144950
2026-05-21 22:00:00,0.10551,0.10562,0.10522,0.10543,12696755,6926599
2026-05-21 23:00:00,0.10542,0.10575,0.10519,0.10568,8496875,5141170
2026-05-22 00:00:00,0.10567,0.1057,0.10512,0.10515,9485276,3753091
2026-05-22 01:00:00,0.10514,0.10604,0.10504,0.10601,18559139,9797695
2026-05-22 02:00:00,0.10601,0.10629,0.10577,0.10599,15065190,6319344
2026-05-22 03:00:00,0.106,0.10624,0.1057,0.10591,17268315,9998700
2026-05-22 04:00:00,0.10591,0.10619,0.10567,0.10574,6073579,2414508
2026-05-22 05:00:00,0.10574,0.10615,0.10553,0.10563,7911862,3029022
2026-05-22 06:00:00,0.10564,0.10573,0.1052,0.10528,11144295,5907693
2026-05-22 07:00:00,0.10527,0.10585,0.10492,0.10559,18292186,7812929
2026-05-22 08:00:00,0.1056,0.106,0.10544,0.10581,14766354,4796140
2026-05-22 09:00:00,0.1058,0.10604,0.10552,0.10575,8097664,3176680
2026-05-22 10:00:00,0.10575,0.1059,0.10553,0.10582,6756371,3100944
2026-05-22 11:00:00,0.10583,0.10648,0.1056,0.10643,22766277,9737727
2026-05-22 12:00:00,0.10644,0.1068,0.10617,0.1066,32857027,14134020
2026-05-22 13:00:00,0.10661,0.10682,0.10603,0.10652,25342453,12676734
2026-05-22 14:00:00,0.10652,0.10652,0.10526,0.10546,23632401,8714961
2026-05-22 15:00:00,0.10546,0.10638,0.10522,0.10608,24055567,12830301
2026-05-22 16:00:00,0.10608,0.10639,0.1057,0.10604,13290242,6848946
2026-05-22 17:00:00,0.10605,0.10626,0.10544,0.10546,18810050,6079162
2026-05-22 18:00:00,0.10546,0.10555,0.10325,0.10427,70906761,30690889
2026-05-22 19:00:00,0.10427,0.10451,0.10271,0.10346,71082782,31738801
2026-05-22 20:00:00,0.10347,0.10414,0.10343,0.10399,22243847,10762779
2026-05-22 21:00:00,0.10398,0.10439,0.10392,0.10433,8805178,4196698
2026-05-22 22:00:00,0.10432,0.10435,0.10318,0.10347,29883415,9808250
2026-05-22 23:00:00,0.10347,0.10381,0.10152,0.10234,50835074,25893976
2026-05-23 00:00:00,0.10234,0.10238,0.1007,0.10133,126827622,72890460
2026-05-23 01:00:00,0.10133,0.10187,0.10133,0.10179,19699798,9257061
2026-05-23 02:00:00,0.10178,0.10187,0.10152,0.10176,17704438,6196760
2026-05-23 03:00:00,0.10175,0.10192,0.10164,0.1017,8680362,4605079
2026-05-23 04:00:00,0.10169,0.10177,0.10136,0.10152,11311482,5033407
2026-05-23 05:00:00,0.10152,0.1017,0.10116,0.10124,29505203,15051400
2026-05-23 06:00:00,0.10123,0.10133,0.10038,0.10087,46088910,18546203
2026-05-23 07:00:00,0.10087,0.10101,0.09736,0.09893,157759847,61252668
2026-05-23 08:00:00,0.09892,0.09984,0.09879,0.09972,62569022,36474414
2026-05-23 09:00:00,0.09972,0.09989,0.09938,0.0994,26896754,14504249
2026-05-23 10:00:00,0.09941,0.09972,0.09937,0.09952,13431114,8426302
2026-05-23 11:00:00,0.09952,0.09971,0.09926,0.09927,8222605,3955219
2026-05-23 12:00:00,0.09926,0.09929,0.09893,0.09918,17749859,9942808
2026-05-23 13:00:00,0.09917,0.10067,0.09917,0.10057,28804408,15839633
2026-05-23 14:00:00,0.10056,0.10119,0.1002,0.10104,39723584,18649814
2026-05-23 15:00:00,0.10104,0.10202,0.10087,0.10109,64360587,34330467
2026-05-23 16:00:00,0.10109,0.10151,0.1008,0.10116,23549635,11870427
2026-05-23 17:00:00,0.10116,0.10141,0.101,0.10134,7732282,4530386
2026-05-23 18:00:00,0.10134,0.10276,0.10128,0.10234,28542578,16889126
2026-05-23 19:00:00,0.10234,0.1027,0.10214,0.10257,11381934,7431853
2026-05-23 20:00:00,0.10257,0.10486,0.10229,0.10484,65336165,40058073
2026-05-23 21:00:00,0.10484,0.1051,0.10319,0.10362,54196168,29533688
2026-05-23 22:00:00,0.10362,0.10396,0.10243,0.10296,36135077,15226373
2026-05-23 23:00:00,0.10296,0.10331,0.10286,0.10307,18196669,7760703
2026-05-24 00:00:00,0.10308,0.10338,0.10274,0.10316,17920996,12231687
2026-05-24 01:00:00,0.10315,0.10338,0.10308,0.10327,7825498,3511034
2026-05-24 02:00:00,0.10328,0.1034,0.10282,0.10315,8968767,4867138
2026-05-24 03:00:00,0.10315,0.10332,0.10278,0.10299,9578166,4905822
2026-05-24 04:00:00,0.103,0.1033,0.10293,0.10311,9228200,4596360
2026-05-24 05:00:00,0.10312,0.10312,0.10245,0.1029,10800908,6049308
2026-05-24 06:00:00,0.10289,0.10322,0.10272,0.10314,7462843,3791023
2026-05-24 07:00:00,0.10314,0.10324,0.10284,0.10291,10065933,4879767
2026-05-24 08:00:00,0.10291,0.10297,0.10266,0.10286,7094668,4594546
2026-05-24 09:00:00,0.10286,0.1033,0.10276,0.10329,15587313,9765751
2026-05-24 10:00:00,0.10329,0.10394,0.10291,0.10306,27839522,14451092
2026-05-24 11:00:00,0.10306,0.10364,0.10296,0.1033,32892938,17501314
2026-05-24 12:00:00,0.10331,0.10334,0.10278,0.10296,13300099,6041212
2026-05-24 13:00:00,0.10296,0.1033,0.10263,0.1029,16733268,7210172
2026-05-24 14:00:00,0.1029,0.10295,0.10117,0.10215,54215658,23570277
2026-05-24 15:00:00,0.10215,0.10223,0.10186,0.10195,7899019,3883698
2026-05-24 16:00:00,0.10195,0.10245,0.1019,0.10228,8515227,5114201
2026-05-24 17:00:00,0.10228,0.10253,0.10211,0.10237,6796400,2660034
2026-05-24 18:00:00,0.10237,0.10247,0.1019,0.102,8110916,2682470
2026-05-24 19:00:00,0.102,0.1022,0.10184,0.10211,3636496,2488025
2026-05-24 20:00:00,0.10212,0.10218,0.10169,0.1018,9566801,3196654
2026-05-24 21:00:00,0.1018,0.10205,0.10055,0.10067,29164440,12323843
2026-05-24 22:00:00,0.10067,0.10212,0.10067,0.10169,18954189,9110486
2026-05-24 23:00:00,0.1017,0.10252,0.1017,0.10227,15697766,6701667
2026-05-25 00:00:00,0.10228,0.10285,0.10228,0.10257,11066396,5398274
2026-05-25 01:00:00,0.10258,0.10267,0.10173,0.1018,9077258,3916893
2026-05-25 02:00:00,0.10181,0.10269,0.10181,0.10218,13433293,6469992
2026-05-25 03:00:00,0.10219,0.10232,0.10175,0.10201,10796758,5079108
2026-05-25 04:00:00,0.10202,0.10275,0.10179,0.10258,17219986,7937505
2026-05-25 05:00:00,0.10258,0.10309,0.10251,0.10298,22343995,14107263
2026-05-25 06:00:00,0.10297,0.10317,0.10244,0.10295,10144225,4790260
2026-05-25 07:00:00,0.10296,0.10332,0.10248,0.10282,19942356,11987609
2026-05-25 08:00:00,0.10282,0.10286,0.10259,0.10276,5782426,2747611
2026-05-25 09:00:00,0.10276,0.10293,0.10237,0.1027,24065445,13493521
2026-05-25 10:00:00,0.1027,0.10304,0.10265,0.10294,13599693,9035715
2026-05-25 11:00:00,0.10294,0.10308,0.10266,0.10287,16157043,5266496
2026-05-25 12:00:00,0.10287,0.10312,0.10268,0.10282,8462147,3709815
2026-05-25 13:00:00,0.10282,0.10293,0.1027,0.10292,7120691,3098514
2026-05-25 14:00:00,0.10292,0.10331,0.1029,0.10325,20544121,10677609
2026-05-25 15:00:00,0.10324,0.10364,0.10284,0.10299,24617381,12289135
2026-05-25 16:00:00,0.10299,0.1038,0.10282,0.10347,19639176,11649791
2026-05-25 17:00:00,0.10348,0.10361,0.10316,0.10327,9621897,3236746
2026-05-25 18:00:00,0.10326,0.10353,0.10303,0.10309,4336659,1635420
2026-05-25 19:00:00,0.10309,0.10312,0.10267,0.10276,15368011,3730548
2026-05-25 20:00:00,0.10275,0.10291,0.10234,0.10238,12084381,3566361
2026-05-25 21:00:00,0.10238,0.10264,0.10218,0.10233,6910348,3521281
2026-05-25 22:00:00,0.10233,0.10246,0.10169,0.10175,17815189,8910663
2026-05-25 23:00:00,0.10174,0.1023,0.10165,0.10214,10845332,5402966
2026-05-26 00:00:00,0.10214,0.10221,0.10072,0.10131,23456572,9078570
2026-05-26 01:00:00,0.10131,0.10136,0.10043,0.10067,21394041,7890380
2026-05-26 02:00:00,0.10067,0.10098,0.1005,0.10093,13824492,6715789
2026-05-26 03:00:00,0.10092,0.10112,0.10053,0.1011,7336605,3637463
2026-05-26 04:00:00,0.10111,0.10149,0.10099,0.10137,12360696,6909672
2026-05-26 05:00:00,0.10136,0.10213,0.10125,0.10179,10499882,5966932
2026-05-26 06:00:00,0.10178,0.10179,0.10133,0.10159,11002112,3303774
2026-05-26 07:00:00,0.1016,0.10164,0.10091,0.10116,13965594,6094434
2026-05-26 08:00:00,0.10116,0.10139,0.101,0.10126,6028883,2664753
2026-05-26 09:00:00,0.10127,0.10148,0.10106,0.10116,9194170,5939219
2026-05-26 10:00:00,0.10117,0.10257,0.10101,0.10234,25891204,13761903
2026-05-26 11:00:00,0.10234,0.1026,0.10215,0.10241,17988857,6976876
2026-05-26 12:00:00,0.10242,0.1028,0.1022,0.10273,26023203,10954259
2026-05-26 13:00:00,0.10272,0.103,0.10186,0.10278,35459657,14669142
2026-05-26 14:00:00,0.10279,0.10386,0.10234,0.10288,52371473,25375742
2026-05-26 15:00:00,0.10288,0.10304,0.1014,0.10206,70119473,27000743
2026-05-26 16:00:00,0.10206,0.10214,0.10117,0.10149,38986763,18644962
2026-05-26 17:00:00,0.10149,0.10173,0.10028,0.10105,49667603,22408743
2026-05-26 18:00:00,0.10105,0.1015,0.10071,0.10086,16957723,9122804
2026-05-26 19:00:00,0.10087,0.10135,0.1005,0.10114,12488275,6195583
2026-05-26 20:00:00,0.10115,0.10142,0.10103,0.10123,7987911,3457476
2026-05-26 21:00:00,0.10123,0.10128,0.10061,0.10078,8444121,4484737
2026-05-26 22:00:00,0.10079,0.10124,0.10067,0.10096,9567805,4772867
2026-05-26 23:00:00,0.10096,0.10131,0.10096,0.10105,6069527,3126388
2026-05-27 00:00:00,0.10104,0.10188,0.10104,0.10184,13423799,8570134
2026-05-27 01:00:00,0.10185,0.10189,0.10138,0.10155,7442858,3180599
2026-05-27 02:00:00,0.10156,0.10161,0.10109,0.10159,12607860,3625156
2026-05-27 03:00:00,0.10159,0.10174,0.10103,0.10122,8860400,2921717
2026-05-27 04:00:00,0.10123,0.10167,0.10028,0.10157,36420753,14052439
2026-05-27 05:00:00,0.10158,0.10176,0.10135,0.10169,12571299,5538976
2026-05-27 06:00:00,0.1017,0.1023,0.10143,0.10222,21265609,11936686
2026-05-27 07:00:00,0.10222,0.10235,0.10192,0.10217,18672345,8577804
2026-05-27 08:00:00,0.10216,0.10257,0.102,0.10214,23806098,11507138
2026-05-27 09:00:00,0.10215,0.10227,0.10164,0.10194,18352431,7589801
2026-05-27 10:00:00,0.10195,0.10221,0.10161,0.10172,16250585,6524796
2026-05-27 11:00:00,0.10172,0.102,0.10164,0.10171,13310451,6679355
2026-05-27 12:00:00,0.10171,0.10242,0.10118,0.10205,29902351,19326378
2026-05-27 13:00:00,0.10204,0.10225,0.1007,0.10137,46354524,24703829
2026-05-27 14:00:00,0.10137,0.10193,0.10085,0.10157,28223726,14388571
2026-05-27 15:00:00,0.10157,0.10339,0.10153,0.10259,55757102,29970413
2026-05-27 16:00:00,0.10259,0.10287,0.10155,0.10201,27345411,10730900
2026-05-27 17:00:00,0.10202,0.10205,0.10101,0.10126,19075947,6884327
2026-05-27 18:00:00,0.10125,0.10186,0.10096,0.10182,11278482,4818833
2026-05-27 19:00:00,0.10181,0.10229,0.10177,0.10218,10466723,5952427
2026-05-27 20:00:00,0.10219,0.10243,0.10188,0.10213,11475843,5620577
2026-05-27 21:00:00,0.10213,0.10213,0.0993,0.10042,56623815,19091309
2026-05-27 22:00:00,0.10042,0.10101,0.10015,0.10044,31722408,17276633
2026-05-27 23:00:00,0.10044,0.10075,0.1,0.10049,23278394,11919346
2026-05-28 00:00:00,0.10049,0.10084,0.10034,0.10054,9861547,5851095
2026-05-28 01:00:00,0.10055,0.10064,0.09985,0.10051,25117873,12369249
2026-05-28 02:00:00,0.10052,0.10066,0.10011,0.10021,10539705,6320176
2026-05-28 03:00:00,0.10021,0.10024,0.09801,0.09823,95430179,40698676
2026-05-28 04:00:00,0.09824,0.09839,0.09711,0.09824,71014109,30738295
2026-05-28 05:00:00,0.09825,0.09833,0.09719,0.09753,36149299,16364517
2026-05-28 06:00:00,0.09753,0.09816,0.09742,0.098,14212355,9476987
2026-05-28 07:00:00,0.09799,0.09892,0.09781,0.09873,47201497,25359616
2026-05-28 08:00:00,0.09874,0.09877,0.09813,0.09829,13282838,5596592
2026-05-28 09:00:00,0.0983,0.09879,0.09829,0.09871,9971098,5643524
2026-05-28 10:00:00,0.0987,0.09887,0.09811,0.09811,14293994,6316133
2026-05-28 11:00:00,0.09812,0.09824,0.0978,0.09808,14661369,6599447
2026-05-28 12:00:00,0.09807,0.09815,0.09741,0.09809,46147244,14374248
2026-05-28 13:00:00,0.09808,0.09838,0.09735,0.09773,34325442,17653774
2026-05-28 14:00:00,0.09774,0.09873,0.09646,0.0983,97469762,47461069
2026-05-28 15:00:00,0.09831,0.0987,0.09757,0.09845,21477921,13094845
2026-05-28 16:00:00,0.09846,0.09947,0.09795,0.09946,22058964,12486247
2026-05-28 17:00:00,0.09946,0.1004,0.0992,0.09995,34152760,20378561
2026-05-28 18:00:00,0.09994,0.10051,0.09991,0.10023,28156921,14273803
2026-05-28 19:00:00,0.10023,0.10024,0.09949,0.09952,15249738,5403866
2026-05-28 20:00:00,0.09953,0.10008,0.09913,0.09976,21847963,11262545
2026-05-28 21:00:00,0.09976,0.10053,0.0997,0.1,21990757,11429941
2026-05-28 22:00:00,0.10001,0.10023,0.09928,0.09949,14611684,7655140
2026-05-28 23:00:00,0.09948,0.09985,0.09941,0.09957,8694671,4058612
2026-05-29 00:00:00,0.09956,0.1001,0.09956,0.09991,8500907,4097695
2026-05-29 01:00:00,0.09991,0.1001,0.0993,0.09954,24008601,7262905
2026-05-29 02:00:00,0.09955,0.09971,0.09886,0.09896,19623928,9682139
2026-05-29 03:00:00,0.09897,0.09957,0.09897,0.09907,17254015,11839470
2026-05-29 04:00:00,0.09908,0.09926,0.09863,0.09924,13284955,6904528
2026-05-29 05:00:00,0.09925,0.09964,0.09919,0.09959,6937905,3421465
2026-05-29 06:00:00,0.09958,0.09988,0.09931,0.0996,9602242,3769866
2026-05-29 07:00:00,0.0996,0.09976,0.09908,0.09964,10991520,5913138
2026-05-29 08:00:00,0.09963,0.09992,0.09945,0.0995,9275922,4966384
2026-05-29 09:00:00,0.0995,0.09987,0.09941,0.09974,8302574,3432578
2026-05-29 10:00:00,0.09974,0.09976,0.09941,0.09972,7190253,3278161
2026-05-29 11:00:00,0.09971,0.09973,0.0987,0.09911,20752217,6561415
2026-05-29 12:00:00,0.09911,0.09915,0.09844,0.09865,17311562,7836886
2026-05-29 13:00:00,0.09864,0.09878,0.09802,0.09841,24242005,11718337
2026-05-29 14:00:00,0.09841,0.09914,0.09744,0.09891,53241591,31147777
2026-05-29 15:00:00,0.09892,0.1012,0.09879,0.10039,80798584,40977639
2026-05-29 16:00:00,0.1004,0.10094,0.09989,0.10058,34380269,16564767
2026-05-29 17:00:00,0.10058,0.10088,0.10021,0.10037,19830150,9290250
2026-05-29 18:00:00,0.10037,0.10059,0.09932,0.09967,28205867,9287903
2026-05-29 19:00:00,0.09968,0.10022,0.0992,0.10008,15801606,9050654
2026-05-29 20:00:00,0.10009,0.10033,0.09991,0.10012,8053326,4064715
2026-05-29 21:00:00,0.10011,0.10053,0.09958,0.0996,18699566,9657455
2026-05-29 22:00:00,0.0996,0.09997,0.09941,0.09982,9877966,4557501
2026-05-29 23:00:00,0.09982,0.10002,0.09947,0.0997,9334670,3820869
2026-05-30 00:00:00,0.09971,0.10021,0.09949,0.10012,13865979,7281110
2026-05-30 01:00:00,0.10012,0.10096,0.10001,0.10095,21659537,12280792
2026-05-30 02:00:00,0.10096,0.10161,0.10095,0.10157,32042508,15457097
2026-05-30 03:00:00,0.10158,0.10183,0.10102,0.1011,28400307,14124598
2026-05-30 04:00:00,0.10111,0.10136,0.10021,0.10079,33226297,14900705
2026-05-30 05:00:00,0.10078,0.10146,0.1007,0.10145,30216644,23860983
2026-05-30 06:00:00,0.10145,0.10174,0.10122,0.10138,17262701,8600385
2026-05-30 07:00:00,0.10138,0.10144,0.10103,0.1013,7248188,3475305
2026-05-30 08:00:00,0.10129,0.10132,0.10082,0.10084,8863110,3055633
2026-05-30 09:00:00,0.10083,0.10106,0.1007,0.10093,7996202,3800052
2026-05-30 10:00:00,0.10094,0.10103,0.10075,0.10082,11548031,4895413
2026-05-30 11:00:00,0.10082,0.10096,0.10055,0.10085,7259060,3197095
2026-05-30 12:00:00,0.10086,0.10097,0.1007,0.10095,16910155,5436044
2026-05-30 13:00:00,0.10094,0.10114,0.10073,0.10097,11908176,6413108
2026-05-30 14:00:00,0.10098,0.1015,0.10098,0.10119,17925562,8712504
2026-05-30 15:00:00,0.1012,0.10155,0.10107,0.10133,11477195,6279646
2026-05-30 16:00:00,0.10134,0.10169,0.1013,0.10154,14040926,7824885
2026-05-30 17:00:00,0.10153,0.10162,0.10117,0.10158,8821876,3924131
2026-05-30 18:00:00,0.10159,0.1017,0.10127,0.10152,5788346,2819932
2026-05-30 19:00:00,0.10152,0.10152,0.10123,0.10141,7381882,3613633
2026-05-30 20:00:00,0.10142,0.10156,0.1011,0.1013,18440193,5205152
2026-05-30 21:00:00,0.1013,0.10153,0.10124,0.10129,10547374,3274311
2026-05-30 22:00:00,0.1013,0.1013,0.10046,0.10069,23276573,8660141
2026-05-30 23:00:00,0.10069,0.10083,0.10038,0.10061,16867436,8750487
2026-05-31 00:00:00,0.10061,0.10096,0.10046,0.1009,20284138,9313766
2026-05-31 01:00:00,0.10089,0.10122,0.10081,0.10086,13839647,8083476
2026-05-31 02:00:00,0.10087,0.10144,0.10081,0.10117,15213746,7206016
2026-05-31 03:00:00,0.10117,0.10141,0.10111,0.10133,9704137,4791006
2026-05-31 04:00:00,0.10132,0.10138,0.1011,0.10128,14243429,10063431
2026-05-31 05:00:00,0.10128,0.1013,0.10083,0.10093,8371768,3179437
2026-05-31 06:00:00,0.10094,0.10097,0.10073,0.10091,10145585,5658220
2026-05-31 07:00:00,0.10092,0.10092,0.10019,0.1006,16933499,6300793
2026-05-31 08:00:00,0.10059,0.10079,0.10046,0.10063,8838658,3204658
2026-05-31 09:00:00,0.10062,0.10083,0.10044,0.10057,15035073,4807143
2026-05-31 10:00:00,0.10057,0.10065,0.10025,0.10065,8303445,3422057
2026-05-31 11:00:00,0.10064,0.10101,0.10064,0.1008,12521358,5910486
2026-05-31 12:00:00,0.10081,0.10098,0.10064,0.10088,9743754,3854955
2026-05-31 13:00:00,0.10087,0.10121,0.1008,0.10088,11709570,5265816
2026-05-31 14:00:00,0.10088,0.10091,0.0996,0.10003,42485140,15288099
2026-05-31 15:00:00,0.10002,0.10038,0.09984,0.09985,15660172,6035612
2026-05-31 16:00:00,0.09984,0.09999,0.09909,0.09936,32024811,10894239
2026-05-31 17:00:00,0.09935,0.09958,0.09912,0.09946,12621884,5976430
2026-05-31 18:00:00,0.09946,0.09959,0.09927,0.0995,7291986,3883743
2026-05-31 19:00:00,0.09951,0.09963,0.09913,0.09955,6715203,3868255
2026-05-31 20:00:00,0.09956,0.09995,0.09956,0.09989,9593646,5132189
2026-05-31 21:00:00,0.09988,0.10045,0.09967,0.10033,9571885,5944061
2026-05-31 22:00:00,0.10033,0.10068,0.10004,0.10046,16151100,7268136
2026-05-31 23:00:00,0.10046,0.10103,0.0999,0.10041,17392770,8362318
2026-06-01 00:00:00,0.10042,0.10115,0.10028,0.10093,37885357,20781285
2026-06-01 01:00:00,0.10094,0.10099,0.09985,0.09986,31696039,13308639
2026-06-01 02:00:00,0.09985,0.10129,0.0997,0.10105,48171578,31969795
2026-06-01 03:00:00,0.10105,0.10158,0.10103,0.10112,46684585,25371886
2026-06-01 04:00:00,0.10111,0.10132,0.1001,0.10069,38092941,15899482
2026-06-01 05:00:00,0.10068,0.10076,0.09998,0.10032,33673038,15480534
2026-06-01 06:00:00,0.10031,0.10037,0.09974,0.10019,29729637,13372334
2026-06-01 07:00:00,0.10018,0.10025,0.09913,0.09922,38213879,17744156
2026-06-01 08:00:00,0.09921,0.09989,0.0991,0.09985,28696021,16791229
2026-06-01 09:00:00,0.09984,0.1003,0.09984,0.10007,27533004,14885212
2026-06-01 10:00:00,0.10008,0.10035,0.09977,0.10021,20236719,10223942
2026-06-01 11:00:00,0.10022,0.10033,0.09969,0.09994,19745025,11730539
2026-06-01 12:00:00,0.09995,0.10013,0.09924,0.09995,36659704,22471865
2026-06-01 13:00:00,0.09996,0.10011,0.0984,0.09916,89446554,38143905
2026-06-01 14:00:00,0.09916,0.09943,0.09853,0.09871,45671025,20190627
2026-06-01 15:00:00,0.09871,0.09897,0.098,0.09832,43911176,18848105
2026-06-01 16:00:00,0.09833,0.09959,0.0978,0.09956,43698382,18705094
2026-06-01 17:00:00,0.09956,0.10045,0.09946,0.10013,43513972,22460508
2026-06-01 18:00:00,0.10013,0.10041,0.09976,0.09994,16834458,5711371
2026-06-01 19:00:00,0.09995,0.10066,0.09976,0.10062,17081442,8856517
2026-06-01 20:00:00,0.10062,0.10082,0.10033,0.10062,12226240,4854066
2026-06-01 21:00:00,0.10063,0.10063,0.09977,0.09989,16330367,5944725
2026-06-01 22:00:00,0.0999,0.10093,0.09952,0.10084,25855977,14177614
2026-06-01 23:00:00,0.10084,0.10117,0.10047,0.1011,52632388,32484776
2026-06-02 00:00:00,0.1011,0.10129,0.10061,0.1009,40073449,19595601
2026-06-02 01:00:00,0.10089,0.10105,0.1,0.10012,41283895,20876349
2026-06-02 02:00:00,0.10013,0.10085,0.09944,0.10085,45897880,23700333
2026-06-02 03:00:00,0.10084,0.10102,0.10059,0.10094,26448609,17139089
2026-06-02 04:00:00,0.10094,0.10106,0.10022,0.10027,28611279,14489655
2026-06-02 05:00:00,0.10026,0.10035,0.09948,0.09956,41558832,21810934
2026-06-02 06:00:00,0.09955,0.09972,0.0989,0.09927,42731559,18674333
2026-06-02 07:00:00,0.09928,0.09956,0.09866,0.09924,32595659,15012998
2026-06-02 08:00:00,0.09924,0.09949,0.09903,0.09924,21560766,9675277
2026-06-02 09:00:00,0.09924,0.09927,0.0985,0.09878,27113907,13276985
2026-06-02 10:00:00,0.09879,0.09938,0.09863,0.09931,20129627,10196527
2026-06-02 11:00:00,0.0993,0.09933,0.09869,0.09876,17406989,9268112
2026-06-02 12:00:00,0.09877,0.09897,0.09843,0.09873,23772699,8556059
2026-06-02 13:00:00,0.09874,0.09899,0.09836,0.09849,27032874,10990509
2026-06-02 14:00:00,0.09849,0.09854,0.09539,0.09636,181160673,84075938
2026-06-02 15:00:00,0.09635,0.09648,0.09359,0.09487,206948199,98887979
2026-06-02 16:00:00,0.09488,0.09638,0.09461,0.09532,89253091,49056704
2026-06-02 17:00:00,0.09531,0.09612,0.09527,0.09565,30459458,17355162
2026-06-02 18:00:00,0.09564,0.09593,0.09404,0.0945,48331854,19536193
2026-06-02 19:00:00,0.09451,0.0947,0.0925,0.09409,85140535,44262803
2026-06-02 20:00:00,0.09409,0.09452,0.09334,0.09422,28341688,16640318
2026-06-02 21:00:00,0.09422,0.09495,0.09394,0.09428,24193369,15346694
2026-06-02 22:00:00,0.09427,0.09427,0.09181,0.09223,100042272,43660018
2026-06-02 23:00:00,0.09224,0.0929,0.09117,0.09275,90617534,42839419
2026-06-03 00:00:00,0.09275,0.09356,0.09256,0.09323,35722687,17463479
2026-06-03 01:00:00,0.09322,0.09338,0.09237,0.09317,30454763,12180861
2026-06-03 02:00:00,0.09317,0.09319,0.09253,0.09277,15817127,6837702
2026-06-03 03:00:00,0.09276,0.09289,0.09085,0.09158,74849788,28450615
2026-06-03 04:00:00,0.09159,0.09288,0.09158,0.09288,39260657,23903313
2026-06-03 05:00:00,0.09288,0.09424,0.09288,0.094,62958097,40754173
2026-06-03 06:00:00,0.094,0.09454,0.09379,0.09392,36167334,17489900
2026-06-03 07:00:00,0.09393,0.09453,0.0937,0.09418,16348519,7662829
2026-06-03 08:00:00,0.09418,0.09421,0.09372,0.09396,16460871,7940846
2026-06-03 09:00:00,0.09396,0.09424,0.09345,0.09382,21946025,11267714
2026-06-03 10:00:00,0.09382,0.09449,0.09376,0.0943,11966484,6472946
2026-06-03 11:00:00,0.09431,0.09454,0.09372,0.09398,14122460,6582730
2026-06-03 12:00:00,0.09399,0.09434,0.0937,0.09411,18804451,11828225
2026-06-03 13:00:00,0.09412,0.0944,0.09378,0.09422,17794299,8574666
2026-06-03 14:00:00,0.09421,0.09427,0.09314,0.0937,39132613,16891944
2026-06-03 15:00:00,0.09371,0.09387,0.09276,0.0928,35742079,16242218
2026-06-03 16:00:00,0.09281,0.09306,0.09159,0.09244,57696674,22896901
2026-06-03 17:00:00,0.09244,0.09308,0.09162,0.09261,27478659,15205748
2026-06-03 18:00:00,0.09262,0.09303,0.09204,0.09291,15771170,6351975
2026-06-03 19:00:00,0.0929,0.09298,0.0916,0.0918,33742830,16330161
2026-06-03 20:00:00,0.09179,0.09238,0.09057,0.09114,51705431,23326904
2026-06-03 21:00:00,0.09115,0.09311,0.0909,0.09297,35680681,20450093
2026-06-03 22:00:00,0.09296,0.09327,0.09185,0.0921,24349941,10675063
2026-06-03 23:00:00,0.09211,0.09213,0.09114,0.09139,31888910,14729056
2026-06-04 00:00:00,0.09139,0.09188,0.08985,0.0907,98102548,34986957
2026-06-04 01:00:00,0.09071,0.09112,0.08824,0.08852,121831402,54356055
2026-06-04 02:00:00,0.08852,0.08995,0.08579,0.08938,272147000,130493482
2026-06-04 03:00:00,0.08939,0.09154,0.08938,0.09133,60441144,34395871
2026-06-04 04:00:00,0.09134,0.09158,0.09066,0.09076,40583204,20468220
2026-06-04 05:00:00,0.09076,0.09076,0.08953,0.09008,49526133,21462126
2026-06-04 06:00:00,0.09007,0.09096,0.08967,0.08979,31332408,18012610
2026-06-04 07:00:00,0.0898,0.08988,0.08876,0.08877,52646962,13826227
2026-06-04 08:00:00,0.08877,0.08922,0.08798,0.0888,42607812,20990975
2026-06-04 09:00:00,0.0888,0.08882,0.08692,0.08802,60358405,25903390
2026-06-04 10:00:00,0.08803,0.08805,0.08667,0.08707,87201667,38321804
2026-06-04 11:00:00,0.08707,0.0881,0.08682,0.08793,44233672,20035196
2026-06-04 12:00:00,0.08794,0.0897,0.08766,0.08953,41795772,24726167
2026-06-04 13:00:00,0.08953,0.08962,0.08803,0.08944,45039657,23315271
2026-06-04 14:00:00,0.08943,0.08971,0.08895,0.08935,45702654,25344045
2026-06-04 15:00:00,0.08934,0.09018,0.08914,0.08953,33470504,15842687
2026-06-04 16:00:00,0.08953,0.08958,0.08875,0.08921,22317579,10859405
2026-06-04 17:00:00,0.08921,0.0896,0.08845,0.08937,28355141,16596206
2026-06-04 18:00:00,0.08937,0.09003,0.08856,0.08949,39316764,25266838
2026-06-04 19:00:00,0.08948,0.08984,0.08881,0.08907,19857973,9977763
2026-06-04 20:00:00,0.08906,0.0891,0.08837,0.08875,24684731,10504303
2026-06-04 21:00:00,0.08876,0.08906,0.08703,0.08729,26120201,12073068
2026-06-04 22:00:00,0.08728,0.08822,0.087,0.08811,36824722,20234169
2026-06-04 23:00:00,0.08811,0.08867,0.08753,0.08858,20007436,9627400
2026-06-05 00:00:00,0.08857,0.0888,0.08773,0.08782,21930022,11405800
2026-06-05 01:00:00,0.08781,0.08832,0.087,0.08795,34662831,14870081
2026-06-05 02:00:00,0.08795,0.088,0.08611,0.08622,49513243,19320262
2026-06-05 03:00:00,0.08622,0.08694,0.08588,0.08594,51405709,19395973
2026-06-05 04:00:00,0.08594,0.08719,0.08569,0.08685,64780511,34451578
2026-06-05 05:00:00,0.08685,0.08706,0.08488,0.08509,109693738,42294702
2026-06-05 06:00:00,0.08509,0.08528,0.08203,0.08375,261412148,126248020
2026-06-05 07:00:00,0.08375,0.08507,0.0823,0.085,110637064,61822393
2026-06-05 08:00:00,0.085,0.085,0.08331,0.08359,41931181,18596225
2026-06-05 09:00:00,0.0836,0.08502,0.08359,0.08499,64384958,37698697
2026-06-05 10:00:00,0.08499,0.08544,0.08444,0.08473,38042704,19612311
2026-06-05 11:00:00,0.08473,0.08497,0.084,0.08402,39592260,16265398
2026-06-05 12:00:00,0.08401,0.08426,0.08286,0.08362,72424208,29948107
2026-06-05 13:00:00,0.08361,0.08491,0.082,0.08202,118428242,48637027
2026-06-05 14:00:00,0.08203,0.08359,0.08139,0.08274,145687146,72606539
2026-06-05 15:00:00,0.08275,0.08286,0.08097,0.08155,160730615,71846238
2026-06-05 16:00:00,0.08154,0.08344,0.08023,0.08322,165336609,73504799
2026-06-05 17:00:00,0.08322,0.08346,0.08219,0.08261,45330338,23246222
2026-06-05 18:00:00,0.08262,0.08299,0.07968,0.08001,135953682,61855951
2026-06-05 19:00:00,0.08002,0.08185,0.079,0.08104,99244857,51563009
2026-06-05 20:00:00,0.08103,0.08285,0.08009,0.08251,77138770,44297669
2026-06-05 21:00:00,0.0825,0.08362,0.0824,0.08314,76010321,42535008
2026-06-05 22:00:00,0.08314,0.08316,0.08202,0.08282,48502395,23057405
2026-06-05 23:00:00,0.08282,0.08315,0.0805,0.08148,53614381,23992735
2026-06-06 00:00:00,0.08149,0.08304,0.08146,0.0828,36661351,22671627
2026-06-06 01:00:00,0.0828,0.08301,0.08182,0.08191,18816986,8303789
2026-06-06 02:00:00,0.0819,0.08199,0.0811,0.08147,29837148,12366110
2026-06-06 03:00:00,0.08148,0.08148,0.08053,0.08107,36883194,15158725
2026-06-06 04:00:00,0.08106,0.08148,0.07784,0.07862,147307666,67149875
2026-06-06 05:00:00,0.07863,0.08082,0.07766,0.08053,104691764,52690128
2026-06-06 06:00:00,0.08054,0.0815,0.08026,0.08035,45106199,20837992
2026-06-06 07:00:00,0.08035,0.0818,0.08023,0.0815,36800462,19993426
2026-06-06 08:00:00,0.08151,0.08249,0.08115,0.08225,36911242,18437823
2026-06-06 09:00:00,0.08225,0.08258,0.08112,0.08137,32878236,13847573
2026-06-06 10:00:00,0.08136,0.08136,0.07989,0.08058,63808638,27734228
2026-06-06 11:00:00,0.08058,0.08162,0.08052,0.08126,26342504,14816234
2026-06-06 12:00:00,0.08127,0.08239,0.08095,0.08206,57723925,34830379
2026-06-06 13:00:00,0.08206,0.08242,0.08148,0.08185,22857971,9722427
2026-06-06 14:00:00,0.08186,0.0826,0.08177,0.08196,38758599,18206009
2026-06-06 15:00:00,0.08196,0.08212,0.08089,0.08168,41608055,19286787
2026-06-06 16:00:00,0.08168,0.08205,0.08071,0.08125,27144728,13766273
2026-06-06 17:00:00,0.08124,0.08138,0.08047,0.08065,29110151,8569020
2026-06-06 18:00:00,0.08064,0.08134,0.08055,0.08098,12552666,7111349
2026-06-06 19:00:00,0.08097,0.08142,0.08067,0.08072,15561975,7785857
2026-06-06 20:00:00,0.08072,0.08098,0.0805,0.08089,16722454,8952738
2026-06-06 21:00:00,0.08088,0.08171,0.08087,0.0812,21303016,11515283
2026-06-06 22:00:00,0.0812,0.08164,0.08103,0.08134,10636823,4995666
2026-06-06 23:00:00,0.08134,0.08195,0.08127,0.08192,10358083,6104410
2026-06-07 00:00:00,0.08192,0.08214,0.08165,0.08177,14062122,8233393
2026-06-07 01:00:00,0.08176,0.08388,0.0817,0.08351,54387997,31241523
2026-06-07 02:00:00,0.08352,0.08369,0.08284,0.08346,31733648,18514307
2026-06-07 03:00:00,0.08345,0.08374,0.08323,0.08354,13521387,7862288
2026-06-07 04:00:00,0.08354,0.08398,0.08296,0.08388,22950279,12522175
2026-06-07 05:00:00,0.08388,0.08425,0.08363,0.08392,30063410,15300139
2026-06-07 06:00:00,0.08392,0.08486,0.08368,0.08458,44104788,22240066
2026-06-07 07:00:00,0.08457,0.08502,0.08442,0.08497,35262674,20962818
2026-06-07 08:00:00,0.08497,0.08564,0.08452,0.08556,54228213,37373692
2026-06-07 09:00:00,0.08555,0.086,0.08473,0.0848,34157090,17898083
2026-06-07 10:00:00,0.08479,0.08488,0.08414,0.08438,28483906,10321640
2026-06-07 11:00:00,0.08438,0.08482,0.08416,0.08459,20769905,11045446
2026-06-07 12:00:00,0.0846,0.08463,0.0832,0.08378,52994795,20037904
2026-06-07 13:00:00,0.08378,0.08402,0.08363,0.08385,14259175,5601404
2026-06-07 14:00:00,0.08385,0.085,0.08383,0.08457,27027885,14022628
2026-06-07 15:00:00,0.08456,0.08496,0.08427,0.08465,15893626,9335430
2026-06-07 16:00:00,0.08465,0.08499,0.08451,0.08482,17601627,10028763
2026-06-07 17:00:00,0.08481,0.08532,0.08463,0.08483,26990915,20342397
2026-06-07 18:00:00,0.08484,0.08497,0.08433,0.08437,8788244,3135373
2026-06-07 19:00:00,0.08437,0.08439,0.083,0.08336,31520758,12731612
2026-06-07 20:00:00,0.08335,0.08432,0.08313,0.08417,20829757,11473392
2026-06-07 21:00:00,0.08417,0.08424,0.08357,0.08402,9872162,5073012
2026-06-07 22:00:00,0.08403,0.08756,0.08385,0.08553,157072434,77737571
2026-06-07 23:00:00,0.08552,0.08646,0.08546,0.08628,31885903,15144086
2026-06-08 00:00:00,0.08627,0.08682,0.0858,0.0864,36186310,19965391
2026-06-08 01:00:00,0.0864,0.08653,0.08483,0.08571,40240567,17598566
2026-06-08 02:00:00,0.08571,0.08595,0.08543,0.08591,34842747,11235746
2026-06-08 03:00:00,0.0859,0.08632,0.08556,0.08592,22258893,13910463
2026-06-08 04:00:00,0.08593,0.086,0.08483,0.08494,24233398,8324436
2026-06-08 05:00:00,0.08494,0.08512,0.08436,0.0848,27984178,13695502
2026-06-08 06:00:00,0.0848,0.08541,0.08479,0.0853,18835127,10069897
2026-06-08 07:00:00,0.0853,0.08579,0.08497,0.08566,19307231,10542050
2026-06-08 08:00:00,0.08566,0.08566,0.0849,0.08515,15458800,6798823
2026-06-08 09:00:00,0.08515,0.08594,0.0851,0.08592,18878403,9878532
2026-06-08 10:00:00,0.08591,0.08601,0.08528,0.08566,21637533,10260659
2026-06-08 11:00:00,0.08566,0.08684,0.08547,0.0864,41409427,26775111
2026-06-08 12:00:00,0.0864,0.087,0.0858,0.08684,36555904,19538014
2026-06-08 13:00:00,0.08684,0.08693,0.08606,0.08636,36242620,12678888
2026-06-08 14:00:00,0.08635,0.08684,0.08614,0.0867,17850908,9361598
2026-06-08 15:00:00,0.08671,0.08747,0.0867,0.08698,32080273,16676657
2026-06-08 16:00:00,0.08699,0.08754,0.08639,0.08647,29903188,14049486
2026-06-08 17:00:00,0.08647,0.08684,0.08615,0.08684,16079508,7373239
2026-06-08 18:00:00,0.08684,0.08728,0.08661,0.08685,14184736,7531029
2026-06-08 19:00:00,0.08685,0.0871,0.08668,0.0868,14243566,9381086
2026-06-08 20:00:00,0.08681,0.08685,0.08632,0.08676,7379615,3818833
2026-06-08 21:00:00,0.08677,0.08749,0.08676,0.08706,17333270,8027809
2026-06-08 22:00:00,0.08706,0.08713,0.08663,0.08702,16279112,6833020
2026-06-08 23:00:00,0.08703,0.08723,0.08613,0.08634,19895143,7344472
2026-06-09 00:00:00,0.08635,0.08649,0.08459,0.08482,82190489,27061567
2026-06-09 01:00:00,0.08482,0.08537,0.08475,0.08513,24777582,7597502
2026-06-09 02:00:00,0.08512,0.08532,0.08456,0.08532,29127481,9047255
2026-06-09 03:00:00,0.08533,0.0855,0.08493,0.08531,13603796,6702908
2026-06-09 04:00:00,0.0853,0.08646,0.08506,0.08616,48957829,32771761
2026-06-09 05:00:00,0.08615,0.08675,0.08595,0.08647,23082710,11622653
2026-06-09 06:00:00,0.08647,0.08674,0.08628,0.08633,17104563,8258318
2026-06-09 07:00:00,0.08634,0.08666,0.08599,0.08641,22039047,8051297
2026-06-09 08:00:00,0.08641,0.08645,0.08576,0.08586,20077566,9036388
2026-06-09 09:00:00,0.08586,0.08606,0.08526,0.08542,17779738,5157818
2026-06-09 10:00:00,0.08543,0.08561,0.08521,0.08551,20175574,9703701
2026-06-09 11:00:00,0.0855,0.0856,0.08517,0.08553,16099865,6213666
2026-06-09 12:00:00,0.08552,0.08595,0.08549,0.08586,15530442,9246409
2026-06-09 13:00:00,0.08586,0.08612,0.08523,0.08571,28167457,13651301
2026-06-09 14:00:00,0.0857,0.08591,0.08433,0.08502,67278231,25182295
2026-06-09 15:00:00,0.08503,0.08532,0.08407,0.0841,63078311,33269075
2026-06-09 16:00:00,0.0841,0.08447,0.08316,0.08435,62167225,25730784
2026-06-09 17:00:00,0.08435,0.08548,0.08433,0.08478,38341064,20613215
2026-06-09 18:00:00,0.08479,0.08527,0.0846,0.0849,40239396,18772164
2026-06-09 19:00:00,0.08489,0.08537,0.08472,0.08521,25722540,14993314
2026-06-09 20:00:00,0.08521,0.08562,0.08513,0.08556,26773278,6931762
2026-06-09 21:00:00,0.08556,0.08571,0.08465,0.08484,17346437,7287189
2026-06-09 22:00:00,0.08484,0.08514,0.08452,0.08454,11416270,4367332
2026-06-09 23:00:00,0.08454,0.08496,0.08445,0.08479,20385542,8907596
2026-06-10 00:00:00,0.08479,0.08515,0.08421,0.08508,12466827,5482626
2026-06-10 01:00:00,0.08507,0.08514,0.08449,0.08469,10853486,5195989
2026-06-10 02:00:00,0.08469,0.08481,0.08369,0.08382,16217620,7879780
2026-06-10 03:00:00,0.08382,0.08427,0.08381,0.08395,7238607,4015550
2026-06-10 04:00:00,0.08396,0.08412,0.08348,0.08361,11278988,5690302
2026-06-10 05:00:00,0.08361,0.08375,0.08326,0.08357,10510587,5451257
2026-06-10 06:00:00,0.08358,0.08386,0.08328,0.08365,14562455,7752311
2026-06-10 07:00:00,0.08364,0.08437,0.08359,0.08422,14623457,7961467
2026-06-10 08:00:00,0.08423,0.08425,0.08321,0.08342,21697930,9008212
2026-06-10 09:00:00,0.08342,0.08365,0.08285,0.08354,29449579,13157229
2026-06-10 10:00:00,0.08354,0.0839,0.08326,0.08372,10909247,6061475
2026-06-10 11:00:00,0.08372,0.08376,0.08282,0.0833,31146460,14594321
2026-06-10 12:00:00,0.08331,0.0846,0.08303,0.08391,50302821,27990078
2026-06-10 13:00:00,0.0839,0.0852,0.08376,0.0846,39704034,21200830
2026-06-10 14:00:00,0.08461,0.08476,0.08397,0.08453,33438456,15739396
2026-06-10 15:00:00,0.08453,0.08547,0.08402,0.08513,41023860,24300818
2026-06-10 16:00:00,0.08514,0.08523,0.08374,0.08416,36616325,19013916
2026-06-10 17:00:00,0.08416,0.08449,0.08337,0.08391,29046760,12652752
2026-06-10 18:00:00,0.08391,0.08405,0.0833,0.08392,16126896,8060928
2026-06-10 19:00:00,0.08391,0.08394,0.08303,0.08316,14939491,7306649
2026-06-10 20:00:00,0.08316,0.08331,0.08267,0.08286,21254117,10135754
2026-06-10 21:00:00,0.08285,0.08285,0.08183,0.08217,25641758,9254143
2026-06-10 22:00:00,0.08218,0.08271,0.08187,0.08236,23484392,12308038
2026-06-10 23:00:00,0.08235,0.08313,0.08215,0.08294,21618891,11430427
2026-06-11 00:00:00,0.08295,0.08366,0.08295,0.08343,18985810,7044852
2026-06-11 01:00:00,0.08344,0.08448,0.08343,0.08427,18991280,8241844
2026-06-11 02:00:00,0.08427,0.08435,0.08363,0.08415,12560477,6349426
2026-06-11 03:00:00,0.08415,0.08529,0.08392,0.08504,26897617,17182319
2026-06-11 04:00:00,0.08505,0.08544,0.08481,0.08519,26676492,17560582
2026-06-11 05:00:00,0.08519,0.08519,0.0848,0.0848,21623285,15499501
2026-06-11 06:00:00,0.0848,0.08518,0.0846,0.08477,26807524,19320209
2026-06-11 07:00:00,0.08476,0.08504,0.08467,0.08488,21425134,14081707
2026-06-11 08:00:00,0.08487,0.0855,0.08486,0.08526,18753260,11262844
2026-06-11 09:00:00,0.08526,0.08526,0.08478,0.08509,16984818,5940994
2026-06-11 10:00:00,0.0851,0.08522,0.08497,0.08517,10446451,5781334
2026-06-11 11:00:00,0.08516,0.08558,0.08494,0.08532,15977862,8395523
2026-06-11 12:00:00,0.08533,0.08534,0.08423,0.08478,46124047,24116934
2026-06-11 13:00:00,0.08477,0.08525,0.08451,0.085,21429762,10164481
2026-06-11 14:00:00,0.085,0.08545,0.08465,0.08501,18829990,7875136
2026-06-11 15:00:00,0.08501,0.08521,0.0846,0.08494,18773397,8729240
2026-06-11 16:00:00,0.08495,0.08515,0.08463,0.08474,18276916,8499213
2026-06-11 17:00:00,0.08473,0.08686,0.08441,0.08674,78220131,45173440
2026-06-11 18:00:00,0.08674,0.08702,0.08626,0.08652,33867576,17054493
2026-06-11 19:00:00,0.08651,0.08708,0.08621,0.08651,40350360,18805044
2026-06-11 20:00:00,0.08651,0.08664,0.08601,0.08632,14293851,7406951
2026-06-11 21:00:00,0.08632,0.08673,0.08631,0.08644,20289799,11785201
2026-06-11 22:00:00,0.08645,0.08672,0.08628,0.08639,14538528,9207067
2026-06-11 23:00:00,0.08639,0.08651,0.08599,0.08608,11318655,5496444
2026-06-12 00:00:00,0.08608,0.08621,0.08587,0.0859,20448922,13517632
2026-06-12 01:00:00,0.08589,0.08614,0.08561,0.0859,16862424,8888369
2026-06-12 02:00:00,0.08591,0.08658,0.08591,0.0864,13811041,6600363
2026-06-12 03:00:00,0.08641,0.08659,0.08619,0.08658,8914019,4305131
2026-06-12 04:00:00,0.08659,0.08715,0.08646,0.08701,36153177,20264379
2026-06-12 05:00:00,0.08701,0.08746,0.08671,0.08678,71211442,34605216
2026-06-12 06:00:00,0.08678,0.08711,0.08505,0.08542,92748465,37117805
2026-06-12 07:00:00,0.08542,0.08601,0.08542,0.08596,25136678,16488724
2026-06-12 08:00:00,0.08596,0.08672,0.08595,0.08666,30975695,19357201
2026-06-12 09:00:00,0.08666,0.0873,0.08653,0.08702,24365215,11812579
2026-06-12 10:00:00,0.08703,0.08709,0.08634,0.0866,24726185,10437089
2026-06-12 11:00:00,0.08661,0.08696,0.08648,0.08696,11566789,5848005
2026-06-12 12:00:00,0.08695,0.0873,0.08679,0.08702,23946650,11646807
2026-06-12 13:00:00,0.08702,0.08737,0.08666,0.08701,40336485,20081031
2026-06-12 14:00:00,0.08701,0.09247,0.08694,0.09061,321606368,161495252
2026-06-12 15:00:00,0.09061,0.09084,0.08719,0.08744,182897884,80081905
2026-06-12 16:00:00,0.08744,0.08878,0.08721,0.08878,75314342,40303422
2026-06-12 17:00:00,0.08879,0.08904,0.08777,0.08786,29597378,12966867
2026-06-12 18:00:00,0.08787,0.0881,0.08746,0.08758,19850098,8890825
2026-06-12 19:00:00,0.08759,0.08815,0.08731,0.08741,19357451,11788455
2026-06-12 20:00:00,0.08741,0.08784,0.08735,0.08747,20680154,7397205
2026-06-12 21:00:00,0.08748,0.08773,0.08654,0.08672,20271755,8953066
2026-06-12 22:00:00,0.08672,0.08684,0.08617,0.08637,23494737,8983527
2026-06-12 23:00:00,0.08637,0.08637,0.08558,0.08598,38379467,17054825
2026-06-13 00:00:00,0.08599,0.08622,0.0858,0.08611,15422061,6853929
2026-06-13 01:00:00,0.08611,0.08679,0.08609,0.08677,22413638,10753888
2026-06-13 02:00:00,0.08678,0.08692,0.08625,0.08646,17071203,7356972
2026-06-13 03:00:00,0.08646,0.08659,0.08608,0.0863,16005478,5999153
2026-06-13 04:00:00,0.08629,0.08649,0.08603,0.08609,10003509,4372694
2026-06-13 05:00:00,0.0861,0.0863,0.08581,0.08616,15752888,8370021
2026-06-13 06:00:00,0.08616,0.08677,0.08608,0.08666,24929474,15678993
2026-06-13 07:00:00,0.08666,0.08725,0.08646,0.08707,33677509,18993772
2026-06-13 08:00:00,0.08707,0.08739,0.08692,0.08714,17645775,10278213
2026-06-13 09:00:00,0.08714,0.08747,0.08703,0.08715,20941585,13923742
2026-06-13 10:00:00,0.08715,0.08752,0.08712,0.08732,17151264,9035869
2026-06-13 11:00:00,0.08732,0.08796,0.08726,0.08796,19277316,9898397
2026-06-13 12:00:00,0.08795,0.08876,0.08774,0.08857,27199372,13529741
2026-06-13 13:00:00,0.08857,0.08859,0.08802,0.08812,23841557,11236732
2026-06-13 14:00:00,0.08812,0.08844,0.08805,0.08837,18161837,8039361
2026-06-13 15:00:00,0.08838,0.08883,0.08828,0.08835,36208260,21205098
2026-06-13 16:00:00,0.08836,0.08838,0.08754,0.08792,38612330,17914529
2026-06-13 17:00:00,0.08791,0.08795,0.08739,0.08762,28154774,8406511
2026-06-13 18:00:00,0.08762,0.08787,0.08756,0.08769,6076624,2880442
2026-06-13 19:00:00,0.08769,0.0879,0.08751,0.08763,14869959,5285371
2026-06-13 20:00:00,0.08763,0.08778,0.08753,0.08767,5633735,2737564
2026-06-13 21:00:00,0.08766,0.08859,0.08763,0.08816,24367319,15730628
2026-06-13 22:00:00,0.08816,0.08818,0.0878,0.08785,12091826,6560965
2026-06-13 23:00:00,0.08784,0.08804,0.08773,0.08788,7201688,3802163
2026-06-14 00:00:00,0.08787,0.08794,0.08757,0.0877,8429674,4436525
2026-06-14 01:00:00,0.08769,0.08801,0.08758,0.08781,9345189,4587899
2026-06-14 02:00:00,0.08781,0.08811,0.08776,0.08793,11053946,6118568
2026-06-14 03:00:00,0.08792,0.08816,0.08781,0.08809,8987847,5065471
2026-06-14 04:00:00,0.08809,0.08814,0.08744,0.0876,9977608,4653071
2026-06-14 05:00:00,0.08761,0.08778,0.08727,0.08763,10170932,4694705
2026-06-14 06:00:00,0.08763,0.08786,0.08741,0.08751,5945662,2814321
2026-06-14 07:00:00,0.08751,0.08752,0.08704,0.08719,7591868,3067934
2026-06-14 08:00:00,0.08719,0.08747,0.08703,0.08721,10587395,4383688
2026-06-14 09:00:00,0.08721,0.08746,0.08673,0.08742,9368586,4620281
2026-06-14 10:00:00,0.08742,0.08751,0.08709,0.08712,8278647,4661079
2026-06-14 11:00:00,0.08713,0.08728,0.08701,0.08703,4681349,2192712
2026-06-14 12:00:00,0.08703,0.0871,0.0864,0.08658,22402052,10537611
2026-06-14 13:00:00,0.08658,0.08669,0.08621,0.0865,20192401,10630921
2026-06-14 14:00:00,0.0865,0.08655,0.08568,0.08602,34946067,13338742
2026-06-14 15:00:00,0.08603,0.08639,0.08591,0.08632,50585509,20937398
2026-06-14 16:00:00,0.08632,0.08669,0.08629,0.08646,21038687,9306996
2026-06-14 17:00:00,0.08645,0.08665,0.08625,0.08636,12573886,5741083
2026-06-14 18:00:00,0.08637,0.08646,0.08615,0.08635,6498103,2215086
2026-06-14 19:00:00,0.08636,0.08663,0.08624,0.08642,2727804,1229537
2026-06-14 20:00:00,0.08642,0.08697,0.0863,0.08665,9390492,4859056
2026-06-14 21:00:00,0.08665,0.08913,0.08661,0.08857,62854479,41977295
2026-06-14 22:00:00,0.08857,0.08882,0.08799,0.08839,51064419,28056842
2026-06-14 23:00:00,0.08839,0.08899,0.08811,0.08889,36607843,13497846
2026-06-15 00:00:00,0.08889,0.08917,0.08851,0.0888,39337967,23549856
2026-06-15 01:00:00,0.08881,0.08889,0.08825,0.08843,50901133,27135142
2026-06-15 02:00:00,0.08842,0.08921,0.08835,0.08876,19593239,9916489
2026-06-15 03:00:00,0.08876,0.08913,0.08867,0.08896,26854884,16534998
2026-06-15 04:00:00,0.08897,0.08902,0.08857,0.08858,19198993,8033416
2026-06-15 05:00:00,0.08858,0.08895,0.08847,0.08874,15533055,6515762
2026-06-15 06:00:00,0.08874,0.089,0.08863,0.08872,16959489,7591963
2026-06-15 07:00:00,0.08872,0.08878,0.08838,0.08853,15035566,6834784
2026-06-15 08:00:00,0.08853,0.08893,0.08844,0.08855,19594088,8371075
2026-06-15 09:00:00,0.08855,0.08876,0.08812,0.08859,17597207,8400662
2026-06-15 10:00:00,0.08858,0.08946,0.08845,0.08922,29858485,18867005
2026-06-15 11:00:00,0.08921,0.09011,0.08902,0.08971,61087083,34551491
2026-06-15 12:00:00,0.08972,0.09023,0.08953,0.09008,32751263,18265115
2026-06-15 13:00:00,0.09008,0.09092,0.08997,0.09033,84460945,46074164
2026-06-15 14:00:00,0.09032,0.09034,0.08907,0.08952,176995756,57817327
2026-06-15 15:00:00,0.08952,0.09077,0.08923,0.09071,53214443,29077947
2026-06-15 16:00:00,0.0907,0.09071,0.09005,0.09008,32585955,15830314
2026-06-15 17:00:00,0.09008,0.09011,0.08928,0.08968,33096977,16664350
2026-06-15 18:00:00,0.08967,0.08974,0.08926,0.08933,18316604,9957004
2026-06-15 19:00:00,0.08933,0.08974,0.08859,0.089,39514757,16483442
2026-06-15 20:00:00,0.089,0.08925,0.08869,0.08901,30899727,13507345
2026-06-15 21:00:00,0.089,0.08917,0.08864,0.08884,14869141,8208478
2026-06-15 22:00:00,0.08884,0.08898,0.08781,0.08802,44411845,19787739
2026-06-15 23:00:00,0.08803,0.08828,0.0878,0.08814,16128413,8936476
2026-06-16 00:00:00,0.08814,0.08832,0.08769,0.08776,16638741,7344099
2026-06-16 01:00:00,0.08776,0.08812,0.08774,0.08787,12939545,7029404
2026-06-16 02:00:00,0.08787,0.088,0.08681,0.08699,56257403,21472614
2026-06-16 03:00:00,0.087,0.08754,0.08687,0.08747,17951238,9373588
2026-06-16 04:00:00,0.08747,0.0876,0.08672,0.08695,22518154,10321571
2026-06-16 05:00:00,0.08694,0.08735,0.08693,0.08728,55264447,25284789
2026-06-16 06:00:00,0.08728,0.08773,0.08728,0.08763,17885457,12741863
2026-06-16 07:00:00,0.08764,0.08786,0.08745,0.08785,17037885,7946809
2026-06-16 08:00:00,0.08785,0.08909,0.08761,0.08885,74825723,39526915
2026-06-16 09:00:00,0.08885,0.08896,0.08841,0.08855,26554167,13060190
2026-06-16 10:00:00,0.08855,0.08868,0.08825,0.08828,12682015,6644511
2026-06-16 11:00:00,0.08828,0.08844,0.08783,0.0882,13922279,6233544
2026-06-16 12:00:00,0.08819,0.08893,0.08792,0.08843,31572489,17915747
2026-06-16 13:00:00,0.08844,0.08848,0.08722,0.08743,28700924,12226636
2026-06-16 14:00:00,0.08743,0.08777,0.08622,0.08668,43990300,21098962
2026-06-16 15:00:00,0.08667,0.0874,0.08656,0.08719,17819755,7930272
2026-06-16 16:00:00,0.08718,0.0873,0.0863,0.08654,56914110,28606248
2026-06-16 17:00:00,0.08654,0.08737,0.08652,0.08725,14946770,8156882
2026-06-16 18:00:00,0.08726,0.08787,0.08722,0.08758,14997106,8644852
2026-06-16 19:00:00,0.08759,0.08769,0.08699,0.08728,20849939,10820719
2026-06-16 20:00:00,0.08728,0.08779,0.08711,0.08767,13076813,5034628
2026-06-16 21:00:00,0.08768,0.08779,0.08727,0.08748,11012890,4389146
2026-06-16 22:00:00,0.08747,0.08764,0.0872,0.08735,6198115,2886146
2026-06-16 23:00:00,0.08735,0.08742,0.08701,0.08717,7361429,2570294
2026-06-17 00:00:00,0.08717,0.08751,0.08713,0.0874,16082947,7940335
2026-06-17 01:00:00,0.08741,0.08786,0.08699,0.08777,12762530,5553308
2026-06-17 02:00:00,0.08778,0.08812,0.08751,0.08778,11024375,6331057
2026-06-17 03:00:00,0.08778,0.08778,0.08729,0.08748,18954900,6971363
2026-06-17 04:00:00,0.08749,0.08786,0.08738,0.08753,5799452,2758230
2026-06-17 05:00:00,0.08753,0.08769,0.08723,0.0874,10993867,5321758
2026-06-17 06:00:00,0.0874,0.08751,0.08675,0.08702,18962276,7875126
2026-06-17 07:00:00,0.08703,0.08723,0.08658,0.0869,20700054,11477247
2026-06-17 08:00:00,0.08691,0.08692,0.08575,0.08597,29517122,9309549
2026-06-17 09:00:00,0.08596,0.08628,0.0859,0.08606,17167367,7990847
2026-06-17 10:00:00,0.08607,0.08618,0.0859,0.08598,6656369,3215072
2026-06-17 11:00:00,0.08599,0.0861,0.0855,0.08584,27296489,7805921
2026-06-17 12:00:00,0.08584,0.08628,0.08548,0.08625,15303043,6528745
2026-06-17 13:00:00,0.08625,0.08661,0.08595,0.08628,16576136,6958725
2026-06-17 14:00:00,0.08628,0.08657,0.08565,0.08608,14130918,6518562
2026-06-17 15:00:00,0.08608,0.08729,0.08601,0.08729,19964664,10319154
2026-06-17 16:00:00,0.08729,0.08777,0.08704,0.08706,19808314,8348037
2026-06-17 17:00:00,0.08707,0.08762,0.08693,0.08759,12964343,6553047
2026-06-17 18:00:00,0.08759,0.08789,0.08587,0.08704,43230307,18691550
2026-06-17 19:00:00,0.08705,0.08724,0.085,0.08542,54532977,26243221
2026-06-17 20:00:00,0.08541,0.08626,0.08528,0.08622,15704395,8720622
2026-06-17 21:00:00,0.08623,0.08626,0.08545,0.0856,11747689,4711240
2026-06-17 22:00:00,0.0856,0.08597,0.08464,0.08584,17163100,8180191
2026-06-17 23:00:00,0.08584,0.08617,0.08578,0.08593,5095812,3213059
2026-06-18 00:00:00,0.08592,0.08636,0.08591,0.08621,6495173,3478821
2026-06-18 01:00:00,0.08621,0.08657,0.08608,0.08623,8423187,3512952
2026-06-18 02:00:00,0.08624,0.08638,0.08606,0.08619,5746609,2505585
2026-06-18 03:00:00,0.08618,0.08619,0.08521,0.08533,12532162,4860261
2026-06-18 04:00:00,0.08533,0.08541,0.0844,0.08467,21765430,6867420
2026-06-18 05:00:00,0.08466,0.08468,0.08394,0.08428,23608339,9641040
2026-06-18 06:00:00,0.08428,0.08478,0.08413,0.08468,13887297,7615016
2026-06-18 07:00:00,0.08468,0.08514,0.08445,0.08494,9686816,6163774
2026-06-18 08:00:00,0.08495,0.08525,0.0848,0.08508,10527668,4355425
2026-06-18 09:00:00,0.08507,0.08523,0.08489,0.0851,6603904,2909459
2026-06-18 10:00:00,0.08509,0.08511,0.08457,0.08489,11612290,5568716
2026-06-18 11:00:00,0.08489,0.08504,0.08431,0.08452,8247417,3430943
2026-06-18 12:00:00,0.08453,0.08487,0.08445,0.08484,7401917,3350901
2026-06-18 13:00:00,0.08484,0.0849,0.08358,0.08407,20815755,11144912
2026-06-18 14:00:00,0.08407,0.0845,0.08363,0.0839,22334844,11460163
2026-06-18 15:00:00,0.0839,0.08391,0.08184,0.08199,91161580,37055339
2026-06-18 16:00:00,0.08199,0.08277,0.08192,0.08268,26367887,12557793
2026-06-18 17:00:00,0.08269,0.08271,0.082,0.08236,19663536,10895562
2026-06-18 18:00:00,0.08237,0.08266,0.08225,0.08242,20967630,7104372
2026-06-18 19:00:00,0.08242,0.08303,0.08237,0.08289,11417881,5320304
2026-06-18 20:00:00,0.08289,0.08354,0.08289,0.08343,15486102,6070702
2026-06-18 21:00:00,0.08343,0.08355,0.08308,0.0834,7281543,3082600
2026-06-18 22:00:00,0.08339,0.08351,0.08301,0.08345,9125204,4737628
2026-06-18 23:00:00,0.08345,0.0836,0.08313,0.08352,6200859,3160033
2026-06-19 00:00:00,0.08351,0.08379,0.08337,0.08364,7384661,4219165
2026-06-19 01:00:00,0.08365,0.0839,0.08347,0.08385,8489155,4009025
2026-06-19 02:00:00,0.08385,0.08396,0.08351,0.08365,6150207,2433784
2026-06-19 03:00:00,0.08366,0.08374,0.08261,0.08289,25756470,9902783
2026-06-19 04:00:00,0.08289,0.08304,0.08205,0.08225,14665188,6425583
2026-06-19 05:00:00,0.08226,0.08273,0.08224,0.08263,7504998,3907317
2026-06-19 06:00:00,0.08262,0.0828,0.08245,0.08274,8408122,4802550
2026-06-19 07:00:00,0.08273,0.08275,0.08199,0.08235,12057024,4613280
2026-06-19 08:00:00,0.08235,0.08268,0.08231,0.08254,7334329,3913088
2026-06-19 09:00:00,0.08255,0.08263,0.08208,0.08225,11691086,4362385
2026-06-19 10:00:00,0.08224,0.08245,0.08205,0.08234,7010009,2725223
2026-06-19 11:00:00,0.08234,0.08249,0.08216,0.0824,7492733,4297960
2026-06-19 12:00:00,0.08241,0.08273,0.08188,0.08268,17744819,7933534
2026-06-19 13:00:00,0.08268,0.08351,0.08246,0.08323,20833978,12882979
2026-06-19 14:00:00,0.08323,0.08341,0.08298,0.08311,14363182,4504492
2026-06-19 15:00:00,0.08311,0.0834,0.08299,0.0832,7150996,3305780
2026-06-19 16:00:00,0.08321,0.08341,0.08286,0.08289,8648611,3569563
2026-06-19 17:00:00,0.0829,0.08346,0.08276,0.08335,6187714,3729585
2026-06-19 18:00:00,0.08335,0.08341,0.08294,0.08316,3561230,1445625
2026-06-19 19:00:00,0.08316,0.08317,0.08273,0.08292,3339542,1399978
2026-06-19 20:00:00,0.08293,0.08325,0.08271,0.08323,2639782,1365454
2026-06-19 21:00:00,0.08323,0.08332,0.08279,0.08286,8265740,5181648
2026-06-19 22:00:00,0.08285,0.08328,0.08282,0.08324,8179326,4951352
2026-06-19 23:00:00,0.08325,0.08373,0.08312,0.08357,11211831,6986409
2026-06-20 00:00:00,0.08356,0.08393,0.08344,0.08348,8116765,3803835
2026-06-20 01:00:00,0.08347,0.08361,0.08329,0.0835,5312006,3098487
2026-06-20 02:00:00,0.08349,0.08357,0.08302,0.08305,16375485,6880357
2026-06-20 03:00:00,0.08305,0.08335,0.08305,0.08327,5705482,2932178
2026-06-20 04:00:00,0.08327,0.08352,0.08321,0.08352,9656829,4299361
2026-06-20 05:00:00,0.08353,0.0842,0.08345,0.08397,20118890,9612004
2026-06-20 06:00:00,0.08397,0.08429,0.08389,0.0842,10738646,5548856
2026-06-20 07:00:00,0.08421,0.08434,0.08393,0.08409,20298991,9800464
2026-06-20 08:00:00,0.0841,0.08414,0.08381,0.08397,8082248,4375113
2026-06-20 09:00:00,0.08398,0.08431,0.08398,0.08419,7057137,3653823
2026-06-20 10:00:00,0.08419,0.08423,0.08386,0.08395,4847009,2507634
2026-06-20 11:00:00,0.08396,0.08403,0.08377,0.08388,5016678,2061756
2026-06-20 12:00:00,0.08388,0.08403,0.08372,0.08384,6134742,3051633
2026-06-20 13:00:00,0.08384,0.08388,0.08321,0.0833,9225430,4142434
2026-06-20 14:00:00,0.0833,0.08415,0.08262,0.08373,19736777,9958853
2026-06-20 15:00:00,0.08373,0.08422,0.08353,0.08375,19604168,11742339
2026-06-20 16:00:00,0.08376,0.08377,0.08331,0.0835,5090848,2239870
2026-06-20 17:00:00,0.0835,0.0835,0.08284,0.08309,12040537,5915182
2026-06-20 18:00:00,0.08309,0.08343,0.08308,0.08314,7583187,3872538
2026-06-20 19:00:00,0.08315,0.08345,0.08314,0.08334,2830174,1397413
2026-06-20 20:00:00,0.08335,0.08344,0.08323,0.08339,3222594,1937983
2026-06-20 21:00:00,0.08339,0.08363,0.08336,0.08352,6167739,3877237
2026-06-20 22:00:00,0.08351,0.08404,0.08341,0.08385,8058438,5291167
2026-06-20 23:00:00,0.08385,0.08406,0.08366,0.0837,5207521,2540489
2026-06-21 00:00:00,0.08371,0.08374,0.08356,0.08368,2607504,1151929
2026-06-21 01:00:00,0.08368,0.08371,0.08351,0.08364,2883723,1502264
2026-06-21 02:00:00,0.08364,0.0837,0.08358,0.08358,2501668,1123520
2026-06-21 03:00:00,0.08358,0.08387,0.08346,0.08369,4665779,2645365
2026-06-21 04:00:00,0.08369,0.08381,0.08328,0.08331,5948106,2913470
2026-06-21 05:00:00,0.08331,0.08344,0.08314,0.08325,8741033,4509586
2026-06-21 06:00:00,0.08325,0.08351,0.08322,0.08343,7438104,3647431
2026-06-21 07:00:00,0.08343,0.08367,0.08332,0.08349,6719475,3303970
2026-06-21 08:00:00,0.0835,0.08357,0.08288,0.08315,8799408,3603323
2026-06-21 09:00:00,0.08316,0.08339,0.08301,0.08336,7390012,3346674
2026-06-21 10:00:00,0.08337,0.08356,0.08327,0.08328,10505922,4559888
2026-06-21 11:00:00,0.08328,0.08335,0.08276,0.08305,8779602,3527232
2026-06-21 12:00:00,0.08305,0.08339,0.08293,0.08334,7593820,3822241
2026-06-21 13:00:00,0.08334,0.0835,0.08315,0.08348,6946016,3326675
2026-06-21 14:00:00,0.08348,0.08355,0.08328,0.08345,6340697,3982932
2026-06-21 15:00:00,0.08346,0.08365,0.08341,0.08344,5412869,2845912
2026-06-21 16:00:00,0.08343,0.08359,0.08314,0.08357,15316290,7902400
2026-06-21 17:00:00,0.08358,0.08378,0.08323,0.08339,12135183,4201184
2026-06-21 18:00:00,0.0834,0.08368,0.08316,0.08348,5792067,1673244
2026-06-21 19:00:00,0.08348,0.08367,0.08345,0.08364,3255495,2118072
2026-06-21 20:00:00,0.08364,0.08368,0.08307,0.08316,4766605,1347130
2026-06-21 21:00:00,0.08316,0.08321,0.08231,0.08289,18949518,9210361
2026-06-21 22:00:00,0.08289,0.08313,0.08267,0.08291,8748480,4794683
2026-06-21 23:00:00,0.08291,0.08291,0.08214,0.08224,13417217,5968268
2026-06-22 00:00:00,0.08223,0.08321,0.08223,0.08316,16143895,8265049
2026-06-22 01:00:00,0.08316,0.08426,0.08302,0.0837,19319780,10954104
2026-06-22 02:00:00,0.0837,0.08378,0.08332,0.08332,6217385,3043213
2026-06-22 03:00:00,0.08332,0.08351,0.08282,0.08293,8160926,2635756
2026-06-22 04:00:00,0.08294,0.08324,0.08279,0.08323,5337995,2861839
2026-06-22 05:00:00,0.08324,0.08349,0.08319,0.08332,4823747,2499212
2026-06-22 06:00:00,0.08333,0.08352,0.08313,0.0832,6569654,3121903
2026-06-22 07:00:00,0.0832,0.08373,0.08316,0.0835,7729116,3670756
2026-06-22 08:00:00,0.08351,0.08381,0.08335,0.08359,9898582,3993380
2026-06-22 09:00:00,0.0836,0.08378,0.08357,0.0837,5429834,1694689
2026-06-22 10:00:00,0.08371,0.08399,0.0835,0.08369,8042851,5217425
2026-06-22 11:00:00,0.0837,0.08447,0.08366,0.08423,23641116,14542382
2026-06-22 12:00:00,0.08424,0.08467,0.08419,0.08461,23182340,12446361
2026-06-22 13:00:00,0.08462,0.08506,0.08436,0.08503,20851196,10144393
2026-06-22 14:00:00,0.08504,0.08509,0.08371,0.08396,26246404,9770158
2026-06-22 15:00:00,0.08396,0.08415,0.08353,0.08364,19797193,11450136
2026-06-22 16:00:00,0.08365,0.08368,0.08311,0.08338,19962675,10891008
2026-06-22 17:00:00,0.08338,0.08343,0.08294,0.08331,9785053,3837774
2026-06-22 18:00:00,0.0833,0.08346,0.0828,0.08289,15286736,6547863
2026-06-22 19:00:00,0.0829,0.08293,0.08248,0.08276,14941041,4098257
2026-06-22 20:00:00,0.08276,0.08302,0.08265,0.08285,7213187,3951978
2026-06-22 21:00:00,0.08285,0.08288,0.08237,0.08274,10475895,5365107
2026-06-22 22:00:00,0.08273,0.08287,0.08188,0.08225,30816989,16346585
2026-06-22 23:00:00,0.08224,0.08255,0.08216,0.08247,13898066,8067772
2026-06-23 00:00:00,0.08248,0.0826,0.082,0.08259,16964782,7563560
2026-06-23 01:00:00,0.08258,0.08271,0.0812,0.08191,42175198,18232878
2026-06-23 02:00:00,0.08191,0.08238,0.08175,0.0823,9255210,4431720
2026-06-23 03:00:00,0.0823,0.0823,0.08187,0.08223,8415643,3702956
2026-06-23 04:00:00,0.08222,0.08225,0.08162,0.08169,9444433,3741670
2026-06-23 05:00:00,0.08169,0.08184,0.08137,0.08171,14877488,5996107
2026-06-23 06:00:00,0.08172,0.08172,0.07968,0.08026,98634249,45535013
2026-06-23 07:00:00,0.08025,0.08044,0.07997,0.08,20230772,10045610
2026-06-23 08:00:00,0.08,0.08005,0.07841,0.07913,94504328,44193708
2026-06-23 09:00:00,0.07913,0.0793,0.07896,0.07903,25761039,15175004
2026-06-23 10:00:00,0.07903,0.07936,0.07898,0.07911,14390436,7516745
2026-06-23 11:00:00,0.07912,0.07964,0.07911,0.07958,21084657,12838430
2026-06-23 12:00:00,0.07959,0.07966,0.0793,0.07944,18585926,9245269
2026-06-23 13:00:00,0.07944,0.07982,0.07903,0.07962,28879841,15361357
2026-06-23 14:00:00,0.07963,0.07983,0.07888,0.07899,41566211,22564495
2026-06-23 15:00:00,0.07899,0.07905,0.07837,0.07882,34607994,15620706
2026-06-23 16:00:00,0.07883,0.07937,0.07871,0.07892,25238330,13710418
2026-06-23 17:00:00,0.07891,0.07912,0.07853,0.0786,12362445,6552173
2026-06-23 18:00:00,0.0786,0.07888,0.0783,0.0786,8165824,4460417
2026-06-23 19:00:00,0.07861,0.07878,0.07835,0.07846,24833565,12684284
2026-06-23 20:00:00,0.07846,0.07883,0.07839,0.07851,9300993,3258513
2026-06-23 21:00:00,0.07852,0.0788,0.07851,0.07876,15481286,9316946
2026-06-23 22:00:00,0.07877,0.07915,0.07872,0.07899,7407067,3633793
2026-06-23 23:00:00,0.07898,0.07912,0.07874,0.07889,5055138,2064255
2026-06-24 00:00:00,0.07889,0.07927,0.07886,0.07914,9145016,3847198
2026-06-24 01:00:00,0.07915,0.07981,0.07893,0.07958,15085651,8501942
2026-06-24 02:00:00,0.07957,0.07965,0.07907,0.07911,14731998,6345579
2026-06-24 03:00:00,0.07911,0.07934,0.07881,0.0791,11154033,4423867
2026-06-24 04:00:00,0.0791,0.07923,0.07848,0.07918,8144017,3130250
2026-06-24 05:00:00,0.07917,0.07947,0.0791,0.0792,8397293,5722335
2026-06-24 06:00:00,0.07921,0.07925,0.07897,0.07903,5284593,1977956
2026-06-24 07:00:00,0.07903,0.07907,0.07877,0.07886,9333655,4349283
2026-06-24 08:00:00,0.07886,0.07922,0.07884,0.07917,7405040,3258297
2026-06-24 09:00:00,0.07918,0.07919,0.0787,0.07896,9709282,3681058
2026-06-24 10:00:00,0.07895,0.07895,0.07851,0.07858,10248042,4424385
2026-06-24 11:00:00,0.07859,0.07962,0.07801,0.07903,30489982,12476254
2026-06-24 12:00:00,0.07903,0.07908,0.07857,0.07861,8156966,3873953
2026-06-24 13:00:00,0.07862,0.07865,0.07668,0.07682,114494638,51301968
2026-06-24 14:00:00,0.07681,0.07717,0.07648,0.07678,87604610,37505236
2026-06-24 15:00:00,0.07678,0.07699,0.07459,0.07478,138522443,62766403
2026-06-24 16:00:00,0.07477,0.07566,0.07362,0.0742,110577604,49812040
2026-06-24 17:00:00,0.0742,0.07459,0.0728,0.07308,103505455,42301642
2026-06-24 18:00:00,0.07308,0.07443,0.0729,0.0739,39790498,23841367
2026-06-24 19:00:00,0.07391,0.0742,0.07363,0.07413,26614158,14874380
2026-06-24 20:00:00,0.07414,0.07583,0.074,0.07559,41758973,23495345
2026-06-24 21:00:00,0.07558,0.07616,0.07514,0.07606,17659132,9331774
2026-06-24 22:00:00,0.07606,0.07649,0.0758,0.07587,31537125,20544549
2026-06-24 23:00:00,0.07587,0.0762,0.07577,0.07612,9552193,5391083
2026-06-25 00:00:00,0.07613,0.07646,0.07601,0.07615,31210766,16670834
2026-06-25 01:00:00,0.07615,0.07641,0.07609,0.07631,15310737,7673789
2026-06-25 02:00:00,0.07631,0.07642,0.07603,0.07621,19275269,12900529
2026-06-25 03:00:00,0.07622,0.07632,0.07591,0.07605,10426961,3363343
2026-06-25 04:00:00,0.07605,0.07681,0.07581,0.07677,17408222,9560910
2026-06-25 05:00:00,0.07676,0.07748,0.0767,0.07727,29177547,16137060
2026-06-25 06:00:00,0.07728,0.0775,0.07707,0.0773,11070207,4867411
2026-06-25 07:00:00,0.0773,0.07737,0.07706,0.07736,9531049,4709161
2026-06-25 08:00:00,0.07736,0.07738,0.07702,0.07707,10826438,3162766
2026-06-25 09:00:00,0.07707,0.07718,0.07683,0.07697,5492033,1738523
2026-06-25 10:00:00,0.07697,0.07699,0.07611,0.07621,20096163,9233035
2026-06-25 11:00:00,0.07621,0.07632,0.07576,0.07596,16834711,8037559
2026-06-25 12:00:00,0.07595,0.07639,0.07539,0.07604,29097736,12387365
2026-06-25 13:00:00,0.07605,0.07647,0.07145,0.07176,142495479,61453167
2026-06-25 14:00:00,0.07176,0.07461,0.07176,0.07315,102640949,53100514
2026-06-25 15:00:00,0.07316,0.07352,0.07216,0.07342,44422322,21512891
2026-06-25 16:00:00,0.07342,0.07421,0.07312,0.07341,45117218,20360922
2026-06-25 17:00:00,0.07341,0.07527,0.07339,0.07495,32214627,14299808
2026-06-25 18:00:00,0.07496,0.07499,0.07348,0.07361,26758861,14090368
2026-06-25 19:00:00,0.07362,0.07367,0.07292,0.07339,26075037,9357536
2026-06-25 20:00:00,0.0734,0.07406,0.0734,0.07359,14292432,7524135
2026-06-25 21:00:00,0.07359,0.07493,0.07358,0.07491,14200666,8250874
2026-06-25 22:00:00,0.07491,0.07501,0.07454,0.0747,11760493,6285064
2026-06-25 23:00:00,0.07471,0.07532,0.07462,0.07491,8976611,4800813
2026-06-26 00:00:00,0.0749,0.07511,0.07464,0.07469,13659049,8076352
2026-06-26 01:00:00,0.07469,0.07478,0.07384,0.07403,22622924,8529508
2026-06-26 02:00:00,0.07404,0.07408,0.0725,0.07271,46941524,24130125
2026-06-26 03:00:00,0.07272,0.07482,0.07212,0.07468,62811245,35506658
2026-06-26 04:00:00,0.07467,0.07483,0.07414,0.07427,13733217,7352923
2026-06-26 05:00:00,0.07428,0.07453,0.07397,0.07443,9834191,3921754
2026-06-26 06:00:00,0.07442,0.07524,0.07399,0.07475,107162343,21143275
2026-06-26 07:00:00,0.07474,0.07529,0.07467,0.0751,39632389,16144098
2026-06-26 08:00:00,0.0751,0.07518,0.07428,0.07444,26308040,10148931
2026-06-26 09:00:00,0.07444,0.07457,0.07392,0.07401,14276983,4774672
2026-06-26 10:00:00,0.07402,0.07415,0.07362,0.07371,12324159,5280391
2026-06-26 11:00:00,0.07372,0.07402,0.07332,0.07346,12573279,5619290
2026-06-26 12:00:00,0.07347,0.07428,0.07294,0.07337,20268088,9606988
2026-06-26 13:00:00,0.07337,0.07476,0.07281,0.07474,58958665,19929530
2026-06-26 14:00:00,0.07474,0.07492,0.07386,0.07397,43985699,18803242
2026-06-26 15:00:00,0.07397,0.0754,0.07386,0.07499,35344198,18527325
2026-06-26 16:00:00,0.075,0.07564,0.07462,0.07531,38680600,18959622
2026-06-26 17:00:00,0.0753,0.07575,0.07522,0.07558,14258062,7660365
2026-06-26 18:00:00,0.07559,0.07581,0.07509,0.07519,9174538,3662232
2026-06-26 19:00:00,0.07519,0.07612,0.07505,0.07556,19913513,9473485
2026-06-26 20:00:00,0.07557,0.07614,0.07533,0.07548,23220488,13418008
2026-06-26 21:00:00,0.07549,0.07588,0.07525,0.07546,7255425,3638024
2026-06-26 22:00:00,0.07545,0.07574,0.07517,0.0757,6781790,2569184
2026-06-26 23:00:00,0.0757,0.07592,0.07562,0.0758,7940271,4355517
2026-06-27 00:00:00,0.0758,0.076,0.07512,0.07544,17303463,6994702
2026-06-27 01:00:00,0.07545,0.0755,0.07527,0.07542,6517503,2422962
2026-06-27 02:00:00,0.07543,0.07607,0.0754,0.07592,11928034,7260908
2026-06-27 03:00:00,0.07591,0.07598,0.07561,0.07567,9823403,4634012
2026-06-27 04:00:00,0.07567,0.07601,0.07558,0.07563,8511628,4012614
2026-06-27 05:00:00,0.07563,0.07579,0.07541,0.07576,8551723,3637564
2026-06-27 06:00:00,0.07576,0.07587,0.07546,0.07571,11299286,5457665
2026-06-27 07:00:00,0.07572,0.07588,0.07558,0.07582,7504580,3472021
2026-06-27 08:00:00,0.07582,0.07583,0.07542,0.07557,9718971,4489169
2026-06-27 09:00:00,0.07556,0.07567,0.07529,0.07541,9957275,3964598
2026-06-27 10:00:00,0.0754,0.07545,0.07526,0.07537,11868672,3874456
2026-06-27 11:00:00,0.07536,0.07538,0.07496,0.07534,14322983,5859941
2026-06-27 12:00:00,0.07533,0.07565,0.07526,0.07558,9215594,4859894
2026-06-27 13:00:00,0.07559,0.07595,0.07548,0.07581,11461115,5372270
2026-06-27 14:00:00,0.07582,0.07608,0.07572,0.07598,20072161,11599169
2026-06-27 15:00:00,0.07599,0.07644,0.07588,0.07625,18082362,8644496
2026-06-27 16:00:00,0.07625,0.07636,0.07595,0.07625,14283806,8060189
2026-06-27 17:00:00,0.07624,0.07628,0.0756,0.07567,12864914,4319820
2026-06-27 18:00:00,0.07567,0.0757,0.07522,0.07536,11776506,6276774
2026-06-27 19:00:00,0.07536,0.07545,0.0745,0.07476,16421754,7123239
2026-06-27 20:00:00,0.07477,0.07495,0.0747,0.07478,4631658,2066415
2026-06-27 21:00:00,0.07478,0.075,0.0744,0.07458,12395579,5288542
2026-06-27 22:00:00,0.07458,0.07486,0.07408,0.07483,11819836,6042941
2026-06-27 23:00:00,0.07483,0.07489,0.07442,0.0745,8603498,4113953
2026-06-28 00:00:00,0.0745,0.0747,0.07447,0.0746,4229951,2316380
2026-06-28 01:00:00,0.0746,0.07467,0.07437,0.07447,14683601,6061691
2026-06-28 02:00:00,0.07448,0.07463,0.07408,0.07415,59631716,25755205
2026-06-28 03:00:00,0.07415,0.07447,0.07411,0.07429,8769199,3402801
2026-06-28 04:00:00,0.07428,0.07428,0.07397,0.07402,10176542,3350867
2026-06-28 05:00:00,0.07402,0.07404,0.0735,0.07386,11902048,5496413
2026-06-28 06:00:00,0.07387,0.0739,0.07323,0.07349,12675604,5908220
2026-06-28 07:00:00,0.07348,0.07379,0.07344,0.07379,10173351,6734607
2026-06-28 08:00:00,0.07378,0.07429,0.07367,0.07408,14389060,6119265
2026-06-28 09:00:00,0.07408,0.07428,0.07353,0.07356,15962120,4890019
2026-06-28 10:00:00,0.07357,0.07375,0.07331,0.07349,15761770,5753413
2026-06-28 11:00:00,0.0735,0.0739,0.07335,0.07385,9470130,3082871
2026-06-28 12:00:00,0.07385,0.07405,0.07345,0.07379,7462675,4806343
2026-06-28 13:00:00,0.07378,0.07379,0.0734,0.07354,7959054,3848509
2026-06-28 14:00:00,0.07353,0.07401,0.07353,0.07366,10016886,4322609
2026-06-28 15:00:00,0.07366,0.0739,0.07339,0.07358,17062115,10918464
2026-06-28 16:00:00,0.07359,0.07363,0.07295,0.07317,24396625,9405029
2026-06-28 17:00:00,0.07317,0.07344,0.07273,0.07321,13788531,7836093
2026-06-28 18:00:00,0.0732,0.07332,0.07297,0.07327,4820572,2470082
2026-06-28 19:00:00,0.07327,0.07336,0.07263,0.07294,6561964,2658028
2026-06-28 20:00:00,0.07293,0.07345,0.0729,0.07322,3693825,2291961
2026-06-28 21:00:00,0.07322,0.07326,0.0725,0.07278,10721208,4375708
2026-06-28 22:00:00,0.07279,0.07375,0.07216,0.07246,26459605,12280243
2026-06-28 23:00:00,0.07245,0.0734,0.07239,0.0732,11688717,6741162
2026-06-29 00:00:00,0.0732,0.07338,0.07218,0.07332,16537876,9113046
2026-06-29 01:00:00,0.07333,0.07337,0.07255,0.07282,13729763,7107510
2026-06-29 02:00:00,0.07281,0.07319,0.07196,0.07312,42274401,24409952
2026-06-29 03:00:00,0.07312,0.07365,0.07306,0.07329,14249782,8355870
2026-06-29 04:00:00,0.0733,0.07332,0.07232,0.07255,10358452,4096906
2026-06-29 05:00:00,0.07256,0.0731,0.07207,0.0731,15543795,7879308
2026-06-29 06:00:00,0.07311,0.07349,0.07301,0.07319,9213177,5514832
2026-06-29 07:00:00,0.07319,0.07332,0.07277,0.07278,21106264,8433410
2026-06-29 08:00:00,0.07278,0.07293,0.07222,0.07254,22992516,9810155
2026-06-29 09:00:00,0.07253,0.07298,0.07252,0.07279,14226790,5743323
2026-06-29 10:00:00,0.0728,0.07323,0.0728,0.07292,11117325,5479438
2026-06-29 11:00:00,0.07293,0.07315,0.07248,0.07284,14086524,7180991
2026-06-29 12:00:00,0.07284,0.0739,0.07246,0.07298,47571329,23635337
2026-06-29 13:00:00,0.07298,0.07352,0.07225,0.07274,26777050,12863502
2026-06-29 14:00:00,0.07275,0.07294,0.07203,0.0726,24450799,11308192
2026-06-29 15:00:00,0.07261,0.07299,0.072,0.07283,17168183,10694045
2026-06-29 16:00:00,0.07283,0.07299,0.07213,0.07281,21246416,8883163
2026-06-29 17:00:00,0.07281,0.07429,0.07279,0.07391,33874603,16520606
2026-06-29 18:00:00,0.07391,0.07409,0.07372,0.07386,13550298,5880480
2026-06-29 19:00:00,0.07387,0.07413,0.07371,0.07391,16623466,8570840
2026-06-29 20:00:00,0.07391,0.07395,0.0737,0.07372,12530785,5177135
2026-06-29 21:00:00,0.07372,0.07414,0.07361,0.07396,8670856,5679954
2026-06-29 22:00:00,0.07397,0.07404,0.07345,0.07345,10653335,4005987
2026-06-29 23:00:00,0.07346,0.07352,0.07323,0.07344,4789969,2512869
2026-06-30 00:00:00,0.07344,0.07358,0.07251,0.07253,19709635,6290467
2026-06-30 01:00:00,0.07254,0.07278,0.07227,0.07254,23263467,9796509
2026-06-30 02:00:00,0.07255,0.07273,0.07229,0.07264,10809102,5030997
2026-06-30 03:00:00,0.07263,0.0728,0.07237,0.07244,14893520,6483881
2026-06-30 04:00:00,0.07244,0.07259,0.07213,0.07245,13013394,5814882
2026-06-30 05:00:00,0.07245,0.07246,0.07208,0.07244,24967635,8813610
2026-06-30 06:00:00,0.07245,0.07259,0.07229,0.07247,5684457,3676539
2026-06-30 07:00:00,0.07247,0.07261,0.0723,0.0724,9314598,4542255
2026-06-30 08:00:00,0.0724,0.07248,0.072,0.07236,25075633,10827473
2026-06-30 09:00:00,0.07236,0.07258,0.07223,0.07257,14487858,6104173
2026-06-30 10:00:00,0.07256,0.07264,0.07225,0.0725,51497174,14984317
2026-06-30 11:00:00,0.07249,0.07256,0.071,0.07143,55265656,28801627
2026-06-30 12:00:00,0.07143,0.07143,0.06952,0.06966,168693148,85471251
2026-06-30 13:00:00,0.06967,0.07086,0.06967,0.07077,53911351,23002138
2026-06-30 14:00:00,0.07076,0.07131,0.07021,0.07035,48480120,19632614
2026-06-30 15:00:00,0.07035,0.0711,0.0702,0.07072,38000764,22794018
2026-06-30 16:00:00,0.07073,0.07155,0.07058,0.0714,38046257,16525419
2026-06-30 17:00:00,0.07141,0.07165,0.07114,0.07134,12823310,4400901
2026-06-30 18:00:00,0.07135,0.0729,0.07126,0.07239,59685921,25683106
2026-06-30 19:00:00,0.07239,0.07255,0.07213,0.0723,8608879,4754478
2026-06-30 20:00:00,0.07229,0.07239,0.07191,0.07205,7457276,3764438
2026-06-30 21:00:00,0.07206,0.07226,0.07192,0.07217,10672280,5301674
2026-06-30 22:00:00,0.07218,0.07234,0.07181,0.07197,6432396,2310674
2026-06-30 23:00:00,0.07198,0.07216,0.07184,0.07208,5243657,2460710
2026-07-01 00:00:00,0.07208,0.0722,0.07162,0.07181,21439024,9797717
2026-07-01 01:00:00,0.07181,0.07211,0.0705,0.07187,29666140,14152403
2026-07-01 02:00:00,0.07187,0.0723,0.07174,0.07199,14637825,9012342
2026-07-01 03:00:00,0.072,0.07251,0.07186,0.07235,14367762,9453870
2026-07-01 04:00:00,0.07234,0.07271,0.07227,0.07256,16254878,7091732
2026-07-01 05:00:00,0.07256,0.0726,0.07224,0.07234,9264286,2816598
2026-07-01 06:00:00,0.07235,0.07238,0.07109,0.07143,26835566,9896046
2026-07-01 07:00:00,0.07143,0.07162,0.07128,0.0715,8042919,4289717
2026-07-01 08:00:00,0.07149,0.07156,0.07089,0.07149,38719077,9831569
2026-07-01 09:00:00,0.07149,0.07162,0.07115,0.07129,16914747,7772328
2026-07-01 10:00:00,0.0713,0.07138,0.07081,0.07097,15276632,8309378
2026-07-01 11:00:00,0.07097,0.07126,0.07082,0.07116,8716958,4358473
2026-07-01 12:00:00,0.07116,0.07144,0.07086,0.07144,13027640,6242227
2026-07-01 13:00:00,0.07145,0.07249,0.07121,0.0724,31918994,16441872
2026-07-01 14:00:00,0.0724,0.07299,0.07214,0.07269,45953577,25773703
2026-07-01 15:00:00,0.07268,0.07357,0.07266,0.07337,32321244,17942465
2026-07-01 16:00:00,0.07337,0.07355,0.07292,0.07307,20547957,6058827
2026-07-01 17:00:00,0.07307,0.07363,0.07278,0.07348,11494556,6635704
2026-07-01 18:00:00,0.07347,0.0736,0.07301,0.07311,8647497,3984988
2026-07-01 19:00:00,0.07311,0.07338,0.07269,0.07283,8900039,3105652
2026-07-01 20:00:00,0.07284,0.07292,0.07254,0.07283,6244814,3084181
2026-07-01 21:00:00,0.07283,0.07361,0.07282,0.07346,15101819,9410015
2026-07-01 22:00:00,0.07346,0.07399,0.07299,0.07307,26522289,14371439
2026-07-01 23:00:00,0.07306,0.07306,0.07217,0.07222,25483769,9298071
2026-07-02 00:00:00,0.07222,0.07231,0.07168,0.07193,21956804,7595447
2026-07-02 01:00:00,0.07194,0.07287,0.0719,0.07256,9036182,4911617
2026-07-02 02:00:00,0.07255,0.07284,0.07227,0.07276,9768174,5377110
2026-07-02 03:00:00,0.07276,0.07349,0.07233,0.07341,52248088,21818653
2026-07-02 04:00:00,0.0734,0.07343,0.07292,0.0733,19465702,7019616
2026-07-02 05:00:00,0.07329,0.07329,0.0726,0.07273,13383788,8750956
2026-07-02 06:00:00,0.07273,0.07288,0.07241,0.0725,12991615,8248371
2026-07-02 07:00:00,0.07249,0.07264,0.07228,0.07254,10758294,5686868
2026-07-02 08:00:00,0.07254,0.07309,0.0725,0.07306,11937648,6650198
2026-07-02 09:00:00,0.07305,0.0738,0.07264,0.07347,65490464,28905357
2026-07-02 10:00:00,0.07346,0.07412,0.07338,0.07397,22866530,12892536
2026-07-02 11:00:00,0.07397,0.07436,0.07381,0.07418,48507119,31830725
2026-07-02 12:00:00,0.07417,0.07476,0.07407,0.07435,50902196,23434645
2026-07-02 13:00:00,0.07436,0.07556,0.07424,0.07507,69343180,39612915
2026-07-02 14:00:00,0.07507,0.0755,0.07428,0.07451,41052553,18469675
2026-07-02 15:00:00,0.07451,0.07476,0.074,0.07454,21696405,9526116
2026-07-02 16:00:00,0.07454,0.07479,0.0741,0.07431,15722290,6670687
2026-07-02 17:00:00,0.0743,0.0746,0.07412,0.07425,7899354,2938971
2026-07-02 18:00:00,0.07424,0.07455,0.07422,0.07437,9984809,4439614
2026-07-02 19:00:00,0.07438,0.0745,0.07412,0.07422,9610810,5035762
2026-07-02 20:00:00,0.07422,0.07427,0.07399,0.07411,10140815,5963824
2026-07-02 21:00:00,0.07412,0.07417,0.07383,0.07407,11340846,6417193
2026-07-02 22:00:00,0.07406,0.07413,0.07374,0.07399,16682929,7987531
2026-07-02 23:00:00,0.07398,0.07439,0.07387,0.07418,11700173,4564844
2026-07-03 00:00:00,0.07418,0.07432,0.07393,0.074,18770764,5895197
2026-07-03 01:00:00,0.07399,0.07497,0.07396,0.07481,17500349,11159269
2026-07-03 02:00:00,0.07481,0.07492,0.07438,0.07474,15987731,6926246
2026-07-03 03:00:00,0.07473,0.07487,0.07426,0.07477,20808019,14361469
2026-07-03 04:00:00,0.07478,0.07483,0.07446,0.0745,9721748,6154310
2026-07-03 05:00:00,0.0745,0.07541,0.07446,0.07504,21780314,12442728
2026-07-03 06:00:00,0.07504,0.07534,0.07501,0.07522,12465838,6811332
2026-07-03 07:00:00,0.07522,0.07538,0.07508,0.0753,17948183,10195312
2026-07-03 08:00:00,0.0753,0.07559,0.07484,0.07489,54096818,15253877
2026-07-03 09:00:00,0.07489,0.07515,0.07475,0.075,14329635,7019429
2026-07-03 10:00:00,0.075,0.07558,0.07495,0.07538,30930918,18204131
2026-07-03 11:00:00,0.07539,0.07612,0.07525,0.07592,30974230,16127882
2026-07-03 12:00:00,0.07593,0.07614,0.07564,0.07603,20509354,11413590
2026-07-03 13:00:00,0.07604,0.07671,0.07594,0.07663,30606043,18137655
2026-07-03 14:00:00,0.07663,0.07681,0.07592,0.07675,27645575,13487940
2026-07-03 15:00:00,0.07676,0.07737,0.07619,0.07634,41563285,19191183
2026-07-03 16:00:00,0.07635,0.07677,0.07614,0.07645,18669838,8386757
2026-07-03 17:00:00,0.07646,0.07706,0.07639,0.07697,12440863,7196393
2026-07-03 18:00:00,0.07697,0.077,0.07668,0.07689,17363952,9535684
2026-07-03 19:00:00,0.07689,0.07767,0.07675,0.07718,19343602,12023788
2026-07-03 20:00:00,0.07717,0.07823,0.07713,0.07801,26613146,16356343
2026-07-03 21:00:00,0.07802,0.07848,0.07749,0.07816,21176459,10036837
2026-07-03 22:00:00,0.07817,0.07823,0.07752,0.07781,13172964,4611909
2026-07-03 23:00:00,0.07781,0.07782,0.07722,0.07754,22197047,10152370
2026-07-04 00:00:00,0.07754,0.07774,0.0773,0.07736,16927397,10328727
2026-07-04 01:00:00,0.07736,0.07736,0.0767,0.07684,20843072,5707506
2026-07-04 02:00:00,0.07685,0.07705,0.07661,0.077,31758720,17599211
2026-07-04 03:00:00,0.07701,0.07747,0.07675,0.07731,14812173,8836927
2026-07-04 04:00:00,0.07731,0.07815,0.07716,0.07779,35218986,25301893
2026-07-04 05:00:00,0.07779,0.0778,0.07707,0.07716,23747723,11647649
2026-07-04 06:00:00,0.07716,0.07748,0.07665,0.07706,18836543,7669700
2026-07-04 07:00:00,0.07707,0.07709,0.07652,0.07693,37287642,10118836
2026-07-04 08:00:00,0.07692,0.07704,0.07677,0.07701,9427614,4228303
2026-07-04 09:00:00,0.07702,0.07724,0.07662,0.07686,26824085,9073399
2026-07-04 10:00:00,0.07686,0.07716,0.07673,0.07712,7648391,3956583
2026-07-04 11:00:00,0.07712,0.07719,0.0769,0.07691,9062895,3614356
2026-07-04 12:00:00,0.0769,0.07717,0.07684,0.07713,42942373,30223617
2026-07-04 13:00:00,0.07714,0.07748,0.07695,0.07716,10362861,4030061
2026-07-04 14:00:00,0.07716,0.0778,0.07714,0.0777,15002722,6316133
2026-07-04 15:00:00,0.0777,0.07875,0.07767,0.07856,43252597,24883893
2026-07-04 16:00:00,0.07857,0.07893,0.07818,0.07849,27560203,11738866
2026-07-04 17:00:00,0.07849,0.07924,0.07808,0.07909,16599672,9219182
2026-07-04 18:00:00,0.07909,0.07931,0.07891,0.07917,14970004,5046209
2026-07-04 19:00:00,0.07918,0.07938,0.07848,0.07857,12425505,6854548
2026-07-04 20:00:00,0.07856,0.07873,0.07792,0.07805,10157370,4384080
2026-07-04 21:00:00,0.07806,0.07853,0.07802,0.07825,11108217,4915850
2026-07-04 22:00:00,0.07825,0.07827,0.07782,0.07794,4832195,2198823
2026-07-04 23:00:00,0.07795,0.07796,0.07738,0.07766,12268216,4307548
2026-07-05 00:00:00,0.07766,0.07768,0.077,0.07718,14475756,5075774
2026-07-05 01:00:00,0.07718,0.07737,0.0767,0.07684,19993397,7713826
2026-07-05 02:00:00,0.07684,0.07684,0.07563,0.07587,35482235,15124146
2026-07-05 03:00:00,0.07587,0.07624,0.07584,0.07597,16569618,7819524
2026-07-05 04:00:00,0.07597,0.07638,0.07585,0.07609,38868517,20945727
2026-07-05 05:00:00,0.07609,0.0761,0.07564,0.07583,13510079,4701313
2026-07-05 06:00:00,0.07584,0.07599,0.07563,0.07589,5878736,3051305
2026-07-05 07:00:00,0.0759,0.07626,0.07574,0.07618,11084438,4948438
2026-07-05 08:00:00,0.07618,0.07627,0.07599,0.07602,7607505,3714122
2026-07-05 09:00:00,0.07602,0.07604,0.07535,0.07557,15580833,7012200
2026-07-05 10:00:00,0.07556,0.07598,0.07531,0.07584,8704195,4996920
2026-07-05 11:00:00,0.07585,0.07599,0.07575,0.07592,5231964,2743546
2026-07-05 12:00:00,0.07593,0.07661,0.07571,0.07655,25792135,18025292
2026-07-05 13:00:00,0.07655,0.07673,0.07638,0.07662,11782721,5370925
2026-07-05 14:00:00,0.07663,0.0772,0.0765,0.07708,13377411,6584924
2026-07-05 15:00:00,0.07708,0.07737,0.07681,0.07716,15913133,7005655
2026-07-05 16:00:00,0.07717,0.07749,0.07691,0.07706,11697592,4577849
2026-07-05 17:00:00,0.07705,0.07786,0.07702,0.0773,17848643,11974529
2026-07-05 18:00:00,0.0773,0.07778,0.07722,0.07763,6513845,3373547
2026-07-05 19:00:00,0.07762,0.0778,0.0772,0.07729,5439027,2564267
2026-07-05 20:00:00,0.07729,0.07749,0.07701,0.0771,6376279,2792864
2026-07-05 21:00:00,0.07711,0.07833,0.07692,0.07793,13922945,7850980
2026-07-05 22:00:00,0.07793,0.07879,0.07773,0.07838,38981155,24301729
2026-07-05 23:00:00,0.07838,0.07883,0.07773,0.07787,28059873,12904992
2026-07-06 00:00:00,0.07788,0.07812,0.07705,0.07811,23430558,12367746
2026-07-06 01:00:00,0.07811,0.07827,0.07766,0.07771,11180683,5579421
2026-07-06 02:00:00,0.07772,0.07805,0.07739,0.07768,13972084,6326256
2026-07-06 03:00:00,0.07767,0.07778,0.07718,0.07748,21538231,10645071
2026-07-06 04:00:00,0.07747,0.07747,0.07707,0.0771,9497849,5068624
2026-07-06 05:00:00,0.07709,0.07711,0.07643,0.07663,30856939,8952538
2026-07-06 06:00:00,0.07663,0.07676,0.07652,0.07665,7098575,4208636
2026-07-06 07:00:00,0.07664,0.07711,0.07652,0.07693,7178413,3714692
2026-07-06 08:00:00,0.07693,0.07721,0.07685,0.07705,11593955,5120465
2026-07-06 09:00:00,0.07704,0.07707,0.07656,0.07673,8346523,2737192
2026-07-06 10:00:00,0.07672,0.07728,0.07668,0.07714,9472429,5358138
2026-07-06 11:00:00,0.07714,0.07744,0.07673,0.07673,11978862,5202322
2026-07-06 12:00:00,0.07672,0.07672,0.07494,0.07494,94676355,42709762
2026-07-06 13:00:00,0.07495,0.07555,0.07437,0.07527,52953240,23585298
2026-07-06 14:00:00,0.07528,0.07593,0.07506,0.07559,21760302,12780957
2026-07-06 15:00:00,0.07559,0.07656,0.07555,0.07625,132856693,32588423
2026-07-06 16:00:00,0.07624,0.0771,0.07598,0.0768,44810335,18193934
2026-07-06 17:00:00,0.07681,0.07714,0.07644,0.07663,25441788,7930626
2026-07-06 18:00:00,0.07663,0.07704,0.07647,0.07682,9889710,4170151
2026-07-06 19:00:00,0.07682,0.07719,0.07676,0.07694,8187323,3430590
2026-07-06 20:00:00,0.07694,0.07707,0.07668,0.07686,4394473,2189964
2026-07-06 21:00:00,0.07687,0.07835,0.07686,0.07756,45589876,25243106
2026-07-06 22:00:00,0.07756,0.07762,0.07699,0.07706,9639375,3208742
2026-07-06 23:00:00,0.07706,0.07716,0.07658,0.07666,12890817,3913493
2026-07-07 00:00:00,0.07666,0.07702,0.07647,0.07679,16998433,9039616
2026-07-07 01:00:00,0.07679,0.07682,0.0759,0.07606,18319576,8114149
2026-07-07 02:00:00,0.07606,0.07619,0.07526,0.07532,17683587,7601463
2026-07-07 03:00:00,0.07533,0.07543,0.07496,0.07515,15432222,6414299
2026-07-07 04:00:00,0.07514,0.07519,0.07452,0.07471,22708426,10577664
2026-07-07 05:00:00,0.07471,0.07499,0.07426,0.07486,21205232,8407902
2026-07-07 06:00:00,0.07486,0.07552,0.07473,0.07548,29579201,12768052
2026-07-07 07:00:00,0.07547,0.07566,0.07495,0.07498,19573261,8222146
2026-07-07 08:00:00,0.07499,0.07504,0.07472,0.07482,15853215,5622466
2026-07-07 09:00:00,0.07482,0.07509,0.07475,0.07496,13495208,5626241
2026-07-07 10:00:00,0.07496,0.07521,0.07459,0.07465,21111457,7547706
2026-07-07 11:00:00,0.07464,0.0749,0.07436,0.0748,20572350,6356371
2026-07-07 12:00:00,0.07481,0.07544,0.07475,0.07487,18504470,8153785
2026-07-07 13:00:00,0.07486,0.07491,0.07411,0.07429,24589982,10070149
2026-07-07 14:00:00,0.0743,0.07497,0.07372,0.07483,25240257,12055924
2026-07-07 15:00:00,0.07484,0.07541,0.07457,0.07521,38324296,22469378
2026-07-07 16:00:00,0.07521,0.07575,0.07481,0.07537,18924698,11760282
2026-07-07 17:00:00,0.07537,0.07558,0.07519,0.07547,15004017,6152086
2026-07-07 18:00:00,0.07547,0.07547,0.07447,0.07452,14072773,5000429
2026-07-07 19:00:00,0.07452,0.07493,0.07412,0.07474,9626664,4728272
2026-07-07 20:00:00,0.07475,0.07486,0.07427,0.07438,3700661,1667350
2026-07-07 21:00:00,0.07438,0.07459,0.07396,0.07404,10516936,3371823
2026-07-07 22:00:00,0.07403,0.07452,0.0736,0.07448,11636722,5398531
2026-07-07 23:00:00,0.07447,0.07472,0.07413,0.07418,6901463,2852984
2026-07-08 00:00:00,0.07419,0.07448,0.07415,0.07437,8689221,4525040
2026-07-08 01:00:00,0.07437,0.07441,0.07283,0.07307,44487555,16342929
2026-07-08 02:00:00,0.07306,0.0731,0.07231,0.07293,35400544,13444141
2026-07-08 03:00:00,0.07293,0.07312,0.07256,0.07261,23252627,6791120
2026-07-08 04:00:00,0.07262,0.07272,0.07236,0.07261,17290077,7835593
2026-07-08 05:00:00,0.07261,0.07277,0.07237,0.07254,10420258,3610490
2026-07-08 06:00:00,0.07255,0.07256,0.07176,0.07214,48230705,21302399
2026-07-08 07:00:00,0.07214,0.07266,0.0719,0.07245,19022556,10160890
2026-07-08 08:00:00,0.07245,0.07255,0.07101,0.07131,54012053,25382573
2026-07-08 09:00:00,0.07132,0.07166,0.07109,0.07131,25599602,11460195
2026-07-08 10:00:00,0.07132,0.07174,0.07114,0.07164,12009335,6758628
2026-07-08 11:00:00,0.07165,0.07216,0.07155,0.07207,15954964,8575796
2026-07-08 12:00:00,0.07207,0.07221,0.07183,0.07183,11981832,5299227
2026-07-08 13:00:00,0.07183,0.07233,0.07173,0.072,22563144,10677901
2026-07-08 14:00:00,0.07199,0.07221,0.07148,0.07188,22696043,9960331
2026-07-08 15:00:00,0.07188,0.07193,0.07126,0.07186,11361907,5450689
2026-07-08 16:00:00,0.07187,0.07257,0.07184,0.07255,17724481,7276942
2026-07-08 17:00:00,0.07255,0.07295,0.07231,0.07251,12373262,7334969
2026-07-08 18:00:00,0.07251,0.07279,0.07222,0.07247,12871332,6713242
2026-07-08 19:00:00,0.07247,0.07271,0.07228,0.07265,5144153,1821672
2026-07-08 20:00:00,0.07266,0.07272,0.07234,0.07241,10640853,3283606
2026-07-08 21:00:00,0.07241,0.07258,0.07207,0.07253,7848101,3001187
2026-07-08 22:00:00,0.07253,0.07279,0.07232,0.07245,4616845,2500970
2026-07-08 23:00:00,0.07245,0.07249,0.07219,0.07243,6765204,3828779
2026-07-09 00:00:00,0.07242,0.07246,0.07213,0.07228,4749765,2375293
2026-07-09 01:00:00,0.07229,0.073,0.0721,0.07213,16309562,8552253
2026-07-09 02:00:00,0.07213,0.07263,0.07198,0.07217,9196456,4977914
2026-07-09 03:00:00,0.07218,0.07241,0.07201,0.07228,7981841,2862557
2026-07-09 04:00:00,0.07228,0.07266,0.07222,0.07265,11499968,5049277
2026-07-09 05:00:00,0.07264,0.07288,0.07232,0.07278,27772290,14033476
2026-07-09 06:00:00,0.07278,0.07306,0.07257,0.073,31454672,17500556
2026-07-09 07:00:00,0.07301,0.0732,0.07268,0.07281,18746868,7989089
2026-07-09 08:00:00,0.0728,0.07308,0.07272,0.07289,14787666,5616476
2026-07-09 09:00:00,0.07288,0.07288,0.07257,0.07278,9732998,2490393
2026-07-09 10:00:00,0.07278,0.07285,0.07228,0.07241,10749933,3386270
2026-07-09 11:00:00,0.07241,0.07252,0.07225,0.0725,10343069,3492494
2026-07-09 12:00:00,0.0725,0.07256,0.07205,0.07228,29879116,13733293
2026-07-09 13:00:00,0.07228,0.07276,0.07205,0.07261,15042288,9136096
2026-07-09 14:00:00,0.07262,0.07276,0.0722,0.07268,9047705,4996164
2026-07-09 15:00:00,0.07269,0.07292,0.07254,0.07265,7671463,3637615
2026-07-09 16:00:00,0.07265,0.07281,0.07237,0.07272,13063777,5162254
2026-07-09 17:00:00,0.07271,0.07309,0.07266,0.07295,14948356,9334462
2026-07-09 18:00:00,0.07294,0.07344,0.0729,0.07316,15026445,6951272
2026-07-09 19:00:00,0.07317,0.07335,0.0729,0.07306,5510379,2226829
2026-07-09 20:00:00,0.07307,0.0734,0.07297,0.07329,6165854,2632320
2026-07-09 21:00:00,0.07329,0.07357,0.07322,0.07336,9413768,5400320
2026-07-09 22:00:00,0.07337,0.07344,0.07308,0.07309,6576091,2512746
2026-07-09 23:00:00,0.07308,0.07321,0.07282,0.07289,3347146,1699273
2026-07-10 00:00:00,0.0729,0.07297,0.07266,0.07291,11108035,7568802
2026-07-10 01:00:00,0.07292,0.07423,0.07274,0.07384,33796836,16392599
2026-07-10 02:00:00,0.07385,0.07415,0.07378,0.07406,18962585,10193339
2026-07-10 03:00:00,0.07405,0.07418,0.07384,0.07402,9891149,5066570
2026-07-10 04:00:00,0.07403,0.07423,0.07387,0.07401,9656601,5333882
2026-07-10 05:00:00,0.07401,0.07422,0.07383,0.07414,9183180,4375606
2026-07-10 06:00:00,0.07415,0.07427,0.07386,0.07394,8093284,3323889
2026-07-10 07:00:00,0.07394,0.07408,0.0737,0.07376,11521352,3448533
2026-07-10 08:00:00,0.07377,0.07448,0.07374,0.07424,19069727,9899305
2026-07-10 09:00:00,0.07425,0.07447,0.07403,0.07438,8886530,4359165
2026-07-10 10:00:00,0.07439,0.07468,0.07426,0.07445,14729048,7589402
2026-07-10 11:00:00,0.07445,0.07464,0.07415,0.07437,8230576,4045610
2026-07-10 12:00:00,0.07437,0.07452,0.07399,0.07399,19065508,10792532
2026-07-10 13:00:00,0.07399,0.07452,0.07391,0.07434,10410559,5169191
2026-07-10 14:00:00,0.07434,0.07441,0.07334,0.07388,33987351,17773989
2026-07-10 15:00:00,0.07387,0.07415,0.07375,0.07407,7804990,3446632
2026-07-10 16:00:00,0.07406,0.07435,0.07389,0.07425,8459127,3058615
2026-07-10 17:00:00,0.07426,0.07438,0.07382,0.07388,7035671,3981730
2026-07-10 18:00:00,0.07388,0.07416,0.07364,0.07379,14755403,7748160
2026-07-10 19:00:00,0.07378,0.07438,0.07371,0.07417,8145994,4941252
2026-07-10 20:00:00,0.07417,0.07428,0.07396,0.07419,4923947,1903519
2026-07-10 21:00:00,0.0742,0.07426,0.07409,0.07414,4894447,3338321
2026-07-10 22:00:00,0.07414,0.07428,0.07402,0.07413,4076411,2564258
2026-07-10 23:00:00,0.07414,0.0742,0.07395,0.07412,5763964,2611777
2026-07-11 00:00:00,0.07411,0.07425,0.07391,0.07422,5181393,2134908
2026-07-11 01:00:00,0.07422,0.07438,0.07405,0.07407,4054478,1747342
2026-07-11 02:00:00,0.07408,0.07428,0.07404,0.07423,6649838,2663503
2026-07-11 03:00:00,0.07422,0.07441,0.0741,0.07429,5162380,3039716
2026-07-11 04:00:00,0.07429,0.07443,0.07423,0.07433,7382560,3828753
2026-07-11 05:00:00,0.07432,0.07454,0.07423,0.07445,7836322,3668495
2026-07-11 06:00:00,0.07444,0.07466,0.07434,0.07436,13204021,5283591
2026-07-11 07:00:00,0.07436,0.07444,0.07419,0.07429,11941614,3451795
2026-07-11 08:00:00,0.07428,0.07432,0.07413,0.07424,4803806,2810018
2026-07-11 09:00:00,0.07424,0.07444,0.07415,0.07417,5497773,2698582
2026-07-11 10:00:00,0.07417,0.07475,0.07415,0.0745,8364712,4768556
2026-07-11 11:00:00,0.0745,0.07461,0.07443,0.07448,5294116,2571479
2026-07-11 12:00:00,0.07448,0.07466,0.07438,0.0746,8205215,3813667
2026-07-11 13:00:00,0.0746,0.075,0.07451,0.07467,8697465,5106832
2026-07-11 14:00:00,0.07467,0.07548,0.07467,0.07518,19548451,10929785
2026-07-11 15:00:00,0.07518,0.0756,0.07489,0.07533,37368565,15416426
2026-07-11 16:00:00,0.07533,0.07538,0.07493,0.07504,9999843,4766232
2026-07-11 17:00:00,0.07504,0.07533,0.07496,0.07511,11790396,5505505
2026-07-11 18:00:00,0.0751,0.07527,0.07502,0.0752,6030473,3182498
2026-07-11 19:00:00,0.07521,0.07557,0.07518,0.07535,11464853,5506231
2026-07-11 20:00:00,0.07535,0.07542,0.07516,0.07517,4544981,2479549
2026-07-11 21:00:00,0.07517,0.07535,0.07511,0.0752,3888533,1467716
2026-07-11 22:00:00,0.0752,0.0752,0.07459,0.07464,12655338,6127769
2026-07-11 23:00:00,0.07465,0.07471,0.07319,0.07321,37245689,15828695
2026-07-12 00:00:00,0.0732,0.07332,0.07228,0.07266,40215998,20247489
2026-07-12 01:00:00,0.07266,0.07339,0.07258,0.07339,20850918,11835388
2026-07-12 02:00:00,0.07339,0.07339,0.0731,0.07323,10010235,3765233
2026-07-12 03:00:00,0.07323,0.07349,0.07305,0.07343,14970586,9748871
2026-07-12 04:00:00,0.07342,0.07355,0.07304,0.07313,7465114,2920709
2026-07-12 05:00:00,0.07313,0.0733,0.07303,0.07315,5155188,2644442
2026-07-12 06:00:00,0.07314,0.07314,0.07257,0.07289,13420312,5373359
2026-07-12 07:00:00,0.07289,0.07304,0.07278,0.07293,5206662,2554392
2026-07-12 08:00:00,0.07293,0.07324,0.0729,0.07303,5693056,2392548
2026-07-12 09:00:00,0.07304,0.07316,0.07272,0.07301,4930390,1897830
2026-07-12 10:00:00,0.073,0.07305,0.0729,0.07302,3398312,1650573
2026-07-12 11:00:00,0.07301,0.07329,0.07287,0.07324,9856434,3879251
2026-07-12 12:00:00,0.07323,0.07349,0.07316,0.0734,7163520,3556935
2026-07-12 13:00:00,0.0734,0.07356,0.07325,0.07326,25305746,5412752
2026-07-12 14:00:00,0.07325,0.07389,0.07319,0.07373,12428567,6520310
2026-07-12 15:00:00,0.07373,0.07387,0.0736,0.07372,11253619,5929463
2026-07-12 16:00:00,0.07373,0.07379,0.07347,0.07364,7288754,3650742
2026-07-12 17:00:00,0.07363,0.07368,0.07332,0.07342,5029006,2669055
2026-07-12 18:00:00,0.07342,0.07368,0.07335,0.07366,6824795,2041288
2026-07-12 19:00:00,0.07366,0.07374,0.07345,0.07367,4300363,1569081
2026-07-12 20:00:00,0.07367,0.07369,0.07342,0.07346,2753957,1243697
2026-07-12 21:00:00,0.07346,0.07358,0.07292,0.07309,12243679,6243462
2026-07-12 22:00:00,0.07309,0.07309,0.0724,0.07274,16954879,6318338
2026-07-12 23:00:00,0.07275,0.07286,0.07255,0.07272,4881620,2420835
2026-07-13 00:00:00,0.07272,0.07417,0.07262,0.07343,23322079,12282459
2026-07-13 01:00:00,0.07343,0.07352,0.07246,0.07253,12318644,5679271
2026-07-13 02:00:00,0.07254,0.07293,0.07238,0.07277,10622686,4592005
2026-07-13 03:00:00,0.07276,0.07277,0.07161,0.0721,39944344,18131168
2026-07-13 04:00:00,0.0721,0.07229,0.07192,0.07205,9943228,4937521
2026-07-13 05:00:00,0.07205,0.07245,0.07187,0.07232,21908330,9942326
2026-07-13 06:00:00,0.07232,0.07241,0.0721,0.07234,6017410,3474094
2026-07-13 07:00:00,0.07235,0.07253,0.07223,0.07237,8249663,5428510
2026-07-13 08:00:00,0.07237,0.07269,0.0723,0.07256,9608600,5341106
2026-07-13 09:00:00,0.07256,0.07257,0.07232,0.07237,3987511,1959873
2026-07-13 10:00:00,0.07237,0.07239,0.07208,0.07219,11521405,6267119
2026-07-13 11:00:00,0.07219,0.07248,0.07219,0.0723,9601539,5077426
2026-07-13 12:00:00,0.0723,0.07237,0.07195,0.07211,11615606,5130735
2026-07-13 13:00:00,0.07211,0.07237,0.07188,0.07212,13275256,6080300
2026-07-13 14:00:00,0.07211,0.07257,0.07189,0.07254,18337951,9274535
2026-07-13 15:00:00,0.07253,0.07261,0.07205,0.07209,12278198,6450556
2026-07-13 16:00:00,0.07208,0.07219,0.07151,0.07164,16154716,6815473
2026-07-13 17:00:00,0.07165,0.07182,0.07092,0.07095,21458692,8466322
2026-07-13 18:00:00,0.07095,0.07148,0.07094,0.07135,14270462,9844321
2026-07-13 19:00:00,0.07136,0.07188,0.07135,0.07183,8477253,4569912
2026-07-13 20:00:00,0.07183,0.07198,0.07155,0.07179,5105244,2209823
2026-07-13 21:00:00,0.07179,0.07181,0.07108,0.07151,7843345,2828432
2026-07-13 22:00:00,0.0715,0.07184,0.07134,0.07135,4076810,2024109
2026-07-13 23:00:00,0.07135,0.07201,0.07123,0.07197,6078462,3644906
2026-07-14 00:00:00,0.07198,0.07244,0.07184,0.07234,13563329,6556491
2026-07-14 01:00:00,0.07234,0.07237,0.07191,0.07192,9707255,6093827
2026-07-14 02:00:00,0.07191,0.07205,0.07178,0.07183,9667224,3553825
2026-07-14 03:00:00,0.07183,0.07207,0.07144,0.07205,15222081,7192773
2026-07-14 04:00:00,0.07205,0.07217,0.07193,0.07207,5476977,2671256
2026-07-14 05:00:00,0.07208,0.07243,0.07208,0.07236,11484290,6108613
2026-07-14 06:00:00,0.07236,0.07244,0.07227,0.07231,3457781,1468362
2026-07-14 07:00:00,0.07231,0.07238,0.07212,0.07219,5693011,2337977
2026-07-14 08:00:00,0.07219,0.07231,0.07206,0.07211,5427757,2125481
2026-07-14 09:00:00,0.07212,0.07228,0.07206,0.07209,4327500,1783923
2026-07-14 10:00:00,0.07209,0.07237,0.07198,0.07227,5782958,3178887
2026-07-14 11:00:00,0.07227,0.07235,0.0722,0.07227,4759386,2371833
2026-07-14 12:00:00,0.07228,0.07348,0.07213,0.07335,68983290,33916007
2026-07-14 13:00:00,0.07336,0.07411,0.0731,0.0739,60801856,28201034
2026-07-14 14:00:00,0.0739,0.07469,0.07367,0.07454,57805785,32943300
2026-07-14 15:00:00,0.07454,0.07518,0.07434,0.07491,54171516,27926139
2026-07-14 16:00:00,0.07491,0.07538,0.07452,0.07458,45220545,20147805
2026-07-14 17:00:00,0.07457,0.07464,0.07407,0.07456,20278136,7596874
2026-07-14 18:00:00,0.07456,0.07463,0.07419,0.07446,11809211,5531031
2026-07-14 19:00:00,0.07445,0.07457,0.07414,0.07424,18636691,9130272
2026-07-14 20:00:00,0.07424,0.07428,0.07402,0.0741,6447742,4036268
2026-07-14 21:00:00,0.0741,0.07469,0.07407,0.07433,11316652,7132029
2026-07-14 22:00:00,0.07433,0.07461,0.07401,0.07437,19833903,12157322
2026-07-14 23:00:00,0.07438,0.07466,0.07423,0.07445,13927528,6356897
2026-07-15 00:00:00,0.07444,0.07452,0.07394,0.07411,18691108,7365105
2026-07-15 01:00:00,0.07412,0.07419,0.07387,0.07402,9280329,4522432
2026-07-15 02:00:00,0.07402,0.07411,0.07367,0.07374,14227893,7672145
2026-07-15 03:00:00,0.07375,0.0742,0.07371,0.07404,16635849,8743024
2026-07-15 04:00:00,0.07404,0.07423,0.07381,0.0741,9369852,6149994
2026-07-15 05:00:00,0.0741,0.07452,0.07385,0.07442,11175083,6024971
2026-07-15 06:00:00,0.07443,0.07492,0.07435,0.07442,19213875,10056064
2026-07-15 07:00:00,0.07442,0.07442,0.07387,0.07401,23699218,7666521
2026-07-15 08:00:00,0.07401,0.0743,0.07392,0.07421,6387968,2838987
2026-07-15 09:00:00,0.07421,0.07452,0.07338,0.0737,151118242,36769983
2026-07-15 10:00:00,0.07369,0.07388,0.07362,0.07379,16276959,6860957
2026-07-15 11:00:00,0.07378,0.07387,0.07356,0.07386,16582891,6505419
2026-07-15 12:00:00,0.07385,0.07477,0.07366,0.07469,34111668,20248792
2026-07-15 13:00:00,0.07469,0.07525,0.07429,0.07455,42465603,21198636
2026-07-15 14:00:00,0.07456,0.07518,0.07449,0.0749,31313555,15810664
2026-07-15 15:00:00,0.07491,0.07501,0.07432,0.07462,23315017,12767614
2026-07-15 16:00:00,0.07463,0.07468,0.07336,0.07394,36349373,16173298
2026-07-15 17:00:00,0.07395,0.07439,0.07381,0.07425,21500934,8321632
2026-07-15 18:00:00,0.07424,0.0748,0.07396,0.07405,16755846,7484032
2026-07-15 19:00:00,0.07406,0.07418,0.07367,0.07382,8942339,4388999
2026-07-15 20:00:00,0.07383,0.07415,0.07376,0.07403,7892598,4153581
2026-07-15 21:00:00,0.07402,0.07419,0.07393,0.07404,5945451,3107085
2026-07-15 22:00:00,0.07404,0.07425,0.07392,0.07404,6735800,3911652
2026-07-15 23:00:00,0.07405,0.07419,0.07397,0.07409,4662869,2437085
2026-07-16 00:00:00,0.07409,0.07427,0.07374,0.07391,8544129,3334880
2026-07-16 01:00:00,0.07391,0.0742,0.07362,0.07413,7903661,4795773
2026-07-16 02:00:00,0.07414,0.07439,0.07405,0.07437,6278808,3836973
2026-07-16 03:00:00,0.07437,0.0745,0.07394,0.07399,15012608,6149299
2026-07-16 04:00:00,0.074,0.0741,0.07377,0.07381,8413971,3174378
2026-07-16 05:00:00,0.07381,0.07428,0.07379,0.07423,16023514,8197031
2026-07-16 06:00:00,0.07423,0.07436,0.07389,0.07413,8714558,5684867
2026-07-16 07:00:00,0.07413,0.07415,0.07332,0.07356,17023596,6522141
2026-07-16 08:00:00,0.07356,0.07358,0.07263,0.07315,63681699,30262503
2026-07-16 09:00:00,0.07315,0.07327,0.07303,0.07311,12464274,6446722
2026-07-16 10:00:00,0.07311,0.07343,0.07306,0.07332,3829669,2081257
2026-07-16 11:00:00,0.07333,0.07333,0.07303,0.07327,7400965,2729358
2026-07-16 12:00:00,0.07326,0.07331,0.07275,0.07288,14540897,6158190
2026-07-16 13:00:00,0.07288,0.07374,0.07284,0.07361,19597945,10576372
2026-07-16 14:00:00,0.0736,0.07397,0.07334,0.07362,13514098,6753238
2026-07-16 15:00:00,0.07362,0.07397,0.07316,0.07361,12659375,7535313
2026-07-16 16:00:00,0.07362,0.07372,0.07335,0.07342,7935871,3694252
2026-07-16 17:00:00,0.07342,0.07349,0.07294,0.07322,8613127,3660466
2026-07-16 18:00:00,0.07323,0.07366,0.0732,0.07343,5716639,2845971
2026-07-16 19:00:00,0.07342,0.07351,0.07309,0.07318,13048344,4272430
2026-07-16 20:00:00,0.07317,0.07323,0.07305,0.07307,3191899,1758663
2026-07-16 21:00:00,0.07307,0.07328,0.07293,0.07311,6749460,2846493
2026-07-16 22:00:00,0.07312,0.07334,0.07261,0.07273,8072441,3784361
2026-07-16 23:00:00,0.07274,0.07278,0.07212,0.07236,16543400,7807936
2026-07-17 00:00:00,0.07236,0.07277,0.07209,0.07275,10432134,4790089
2026-07-17 01:00:00,0.07275,0.07287,0.07206,0.07218,7845690,3434202
2026-07-17 02:00:00,0.07217,0.07229,0.07185,0.07209,17549346,6537511
2026-07-17 03:00:00,0.0721,0.07265,0.07208,0.07244,7936439,4237005
2026-07-17 04:00:00,0.07244,0.07246,0.072,0.07229,10902599,3963451
2026-07-17 05:00:00,0.07228,0.07229,0.07142,0.07153,25235621,9146828
2026-07-17 06:00:00,0.07152,0.07199,0.0714,0.07183,18068501,10172948
2026-07-17 07:00:00,0.07183,0.0719,0.07159,0.07169,9574057,3833120
2026-07-17 08:00:00,0.07169,0.07178,0.07117,0.07147,15433861,6248039
2026-07-17 09:00:00,0.07147,0.07175,0.07144,0.07173,7777048,4071847
2026-07-17 10:00:00,0.07174,0.07207,0.0717,0.07199,20150798,11844262
2026-07-17 11:00:00,0.07199,0.07212,0.07188,0.07203,12725797,6048033
2026-07-17 12:00:00,0.07203,0.07205,0.07167,0.07169,8254911,4773309
2026-07-17 13:00:00,0.0717,0.07196,0.071,0.07191,31684166,18780175
2026-07-17 14:00:00,0.07192,0.07229,0.07174,0.07193,17535464,10328065
2026-07-17 15:00:00,0.07192,0.07215,0.07154,0.07215,20406982,13175703
2026-07-17 16:00:00,0.07214,0.07256,0.07199,0.07235,22522642,10126783
2026-07-17 17:00:00,0.07235,0.07298,0.07235,0.07257,18108828,8403613
2026-07-17 18:00:00,0.07258,0.07288,0.07238,0.0728,14137171,7049124
2026-07-17 19:00:00,0.07279,0.0728,0.07241,0.07266,9783067,4214378
2026-07-17 20:00:00,0.07266,0.07272,0.07233,0.07269,5503442,2849306
2026-07-17 21:00:00,0.07269,0.07293,0.07263,0.07267,8873407,3327022
2026-07-17 22:00:00,0.07268,0.07272,0.07242,0.07255,3141663,1950070
2026-07-17 23:00:00,0.07256,0.07262,0.07235,0.07256,4627082,1716064
2026-07-18 00:00:00,0.07256,0.07271,0.07249,0.0725,5752963,2766307
2026-07-18 01:00:00,0.0725,0.07264,0.07241,0.07258,2442619,881548
2026-07-18 02:00:00,0.07258,0.07279,0.07251,0.07257,8066218,5996016
2026-07-18 03:00:00,0.07257,0.07281,0.07256,0.07268,6534547,3925494
2026-07-18 04:00:00,0.07268,0.0727,0.0725,0.0725,3266749,1524880
2026-07-18 05:00:00,0.07251,0.07251,0.07211,0.07223,13101487,5581329
2026-07-18 06:00:00,0.07223,0.07243,0.07215,0.07237,4539955,2565683
2026-07-18 07:00:00,0.07237,0.07242,0.07228,0.07231,2374820,1495707
2026-07-18 08:00:00,0.07231,0.07246,0.07223,0.07226,4953021,2732455
2026-07-18 09:00:00,0.07226,0.07229,0.07194,0.07217,9437284,2558020
2026-07-18 10:00:00,0.07217,0.07232,0.07213,0.07221,3511409,1817237
2026-07-18 11:00:00,0.07222,0.0723,0.07217,0.07225,4154852,2022339
2026-07-18 12:00:00,0.07225,0.0725,0.07204,0.07235,5930897,3826854
2026-07-18 13:00:00,0.07234,0.07234,0.07195,0.07212,7633880,3855092
2026-07-18 14:00:00,0.07212,0.07235,0.07207,0.07227,5147658,2853416
2026-07-18 15:00:00,0.07228,0.07235,0.07214,0.07219,11554854,7070541
2026-07-18 16:00:00,0.07219,0.07237,0.07209,0.07232,6813855,4435549
2026-07-18 17:00:00,0.07232,0.07248,0.07217,0.0724,4330814,2888363
2026-07-18 18:00:00,0.0724,0.07266,0.07228,0.07234,5268719,2725455
2026-07-18 19:00:00,0.07235,0.07246,0.0723,0.0724,2766234,1517219
2026-07-18 20:00:00,0.0724,0.07257,0.0723,0.07241,4305030,2270764
2026-07-18 21:00:00,0.07241,0.07258,0.07227,0.07237,3758102,1687670
2026-07-18 22:00:00,0.07238,0.07256,0.07234,0.07249,5206431,2903106
2026-07-18 23:00:00,0.07248,0.07257,0.0724,0.07253,4649302,2553286
2026-07-19 00:00:00,0.07254,0.07259,0.07241,0.07255,3190212,1616679
2026-07-19 01:00:00,0.07255,0.07258,0.07241,0.07243,1702155,915699
2026-07-19 02:00:00,0.07243,0.07285,0.0724,0.07265,10876723,5932956
2026-07-19 03:00:00,0.07265,0.07268,0.07235,0.07243,5344810,2247478
2026-07-19 04:00:00,0.07244,0.0725,0.07227,0.07236,2103320,807015
2026-07-19 05:00:00,0.07236,0.07251,0.07231,0.07235,3823837,2623273
2026-07-19 06:00:00,0.07236,0.07253,0.07232,0.0725,3060526,1513995
2026-07-19 07:00:00,0.0725,0.07265,0.07241,0.07248,4159154,2157684
2026-07-19 08:00:00,0.07248,0.07273,0.07241,0.07267,5178622,2481968
2026-07-19 09:00:00,0.07267,0.07278,0.07238,0.0725,5096997,2224262
2026-07-19 10:00:00,0.0725,0.0728,0.07236,0.07263,9405214,5297667
2026-07-19 11:00:00,0.07263,0.07276,0.07248,0.07254,6491745,3819679
2026-07-19 12:00:00,0.07254,0.07263,0.07232,0.07246,7737389,4655030
2026-07-19 13:00:00,0.07246,0.07255,0.07222,0.07244,10117819,3615996
2026-07-19 14:00:00,0.07244,0.0728,0.07235,0.07262,8921982,5076952
2026-07-19 15:00:00,0.07262,0.07265,0.07239,0.07247,4983492,2442485
2026-07-19 16:00:00,0.07247,0.07255,0.07231,0.07231,7909586,4861242
2026-07-19 17:00:00,0.07231,0.07246,0.07194,0.07225,10161744,4953307
2026-07-19 18:00:00,0.07225,0.07225,0.07169,0.07207,16616041,11231500
2026-07-19 19:00:00,0.07208,0.0723,0.07197,0.07229,4539546,2101407
2026-07-19 20:00:00,0.0723,0.07245,0.07227,0.07243,3104383,1996708
2026-07-19 21:00:00,0.07243,0.07246,0.0719,0.07201,7384061,4481195
2026-07-19 22:00:00,0.07201,0.07262,0.07192,0.0723,8179413,4372656
2026-07-19 23:00:00,0.07231,0.07246,0.07205,0.07243,10983224,3932722
2026-07-20 00:00:00,0.07243,0.0731,0.07223,0.07248,16766911,8750269
2026-07-20 01:00:00,0.07248,0.07314,0.07223,0.07232,8007852,4205398
2026-07-20 02:00:00,0.07231,0.07285,0.07231,0.0727,6701269,3294171
2026-07-20 03:00:00,0.0727,0.07296,0.07256,0.07273,6217224,4020515
2026-07-20 04:00:00,0.07274,0.07276,0.07232,0.07234,6459869,3687343
2026-07-20 05:00:00,0.07234,0.07236,0.07148,0.07172,22638074,8232631
2026-07-20 06:00:00,0.07172,0.07181,0.07109,0.07135,27402981,14010908
2026-07-20 07:00:00,0.07136,0.07188,0.07133,0.07186,14479521,9313209
2026-07-20 08:00:00,0.07186,0.072,0.07156,0.0718,16563553,8549938
2026-07-20 09:00:00,0.07181,0.07216,0.07173,0.07203,6757758,3247944
2026-07-20 10:00:00,0.07204,0.07233,0.07199,0.07218,10020861,4608670
2026-07-20 11:00:00,0.07218,0.07297,0.07215,0.0729,37071483,17959655
2026-07-20 12:00:00,0.0729,0.07291,0.0725,0.07255,16754432,8033175
2026-07-20 13:00:00,0.07256,0.07276,0.07196,0.07207,29823494,14571786
2026-07-20 14:00:00,0.07206,0.07257,0.0718,0.07238,17964683,7992971
2026-07-20 15:00:00,0.07239,0.0735,0.07235,0.07336,44948719,23701341
2026-07-20 16:00:00,0.07337,0.07359,0.07298,0.07326,39718097,17136419
2026-07-20 17:00:00,0.07326,0.07331,0.07284,0.07312,21576660,11693730
2026-07-20 18:00:00,0.07313,0.0733,0.07237,0.07244,39828200,22470628
2026-07-20 19:00:00,0.07244,0.07248,0.07151,0.07215,80127829,45213167
2026-07-20 20:00:00,0.07215,0.07238,0.07197,0.07219,37797119,24347942
2026-07-20 21:00:00,0.07219,0.07238,0.0721,0.0721,10830665,5539201
2026-07-20 22:00:00,0.07211,0.07211,0.07169,0.07181,14782212,7206958
2026-07-20 23:00:00,0.07181,0.07224,0.07176,0.07219,7294504,4206335
2026-07-21 00:00:00,0.07218,0.07242,0.07191,0.0723,13458176,8318744
2026-07-21 01:00:00,0.0723,0.07246,0.07219,0.07225,8235916,3932032
2026-07-21 02:00:00,0.07225,0.07263,0.07214,0.07252,9289660,4407276
2026-07-21 03:00:00,0.07252,0.07286,0.07251,0.07279,12831033,6460698
2026-07-21 04:00:00,0.07278,0.07289,0.07253,0.07271,13569715,6189833
2026-07-21 05:00:00,0.07271,0.07314,0.0727,0.07297,14945978,8139476
2026-07-21 06:00:00,0.07298,0.07326,0.07282,0.07314,27235764,12454821
2026-07-21 07:00:00,0.07313,0.07336,0.07298,0.07334,31107157,13259305
2026-07-21 08:00:00,0.07335,0.07384,0.07331,0.07356,29274833,11828401
2026-07-21 09:00:00,0.07356,0.07361,0.07335,0.07348,18441127,9438183
2026-07-21 10:00:00,0.07348,0.07376,0.07327,0.07345,36621488,22223605
2026-07-21 11:00:00,0.07344,0.07375,0.07338,0.07366,29033914,14971488
2026-07-21 12:00:00,0.07366,0.07373,0.07338,0.07353,25917477,12648723
2026-07-21 13:00:00,0.07354,0.07361,0.07312,0.07349,23091826,13009307
2026-07-21 14:00:00,0.0735,0.07362,0.07311,0.07328,25755658,12886108
2026-07-21 15:00:00,0.07329,0.07349,0.07309,0.07347,13549107,7092915
2026-07-21 16:00:00,0.07347,0.07353,0.07323,0.07339,9550285,4403328
2026-07-21 17:00:00,0.0734,0.07344,0.07294,0.07327,25141191,9888345
2026-07-21 18:00:00,0.07328,0.0735,0.07321,0.07347,10078180,3242934
2026-07-21 19:00:00,0.07347,0.07366,0.07337,0.07354,9467147,4240664
2026-07-21 20:00:00,0.07354,0.07364,0.0734,0.07353,4735826,2334183
2026-07-21 21:00:00,0.07353,0.07357,0.07332,0.07339,8083569,1943525
2026-07-21 22:00:00,0.07339,0.07339,0.07305,0.07313,9122538,3315482
2026-07-21 23:00:00,0.07313,0.0734,0.07299,0.07339,7711116,3845662
2026-07-22 00:00:00,0.07339,0.0739,0.0733,0.07373,13742197,6977621
2026-07-22 01:00:00,0.07374,0.07385,0.07335,0.07363,7472032,3580555
2026-07-22 02:00:00,0.07363,0.07376,0.07342,0.07345,6187027,3406923
2026-07-22 03:00:00,0.07344,0.07352,0.07319,0.07325,15501027,7844672
2026-07-22 04:00:00,0.07325,0.0735,0.07321,0.07344,6716019,3350973
2026-07-22 05:00:00,0.07345,0.07345,0.07244,0.07249,29280867,14201046
2026-07-22 06:00:00,0.0725,0.07256,0.07221,0.0724,21399143,9859822
2026-07-22 07:00:00,0.0724,0.07244,0.07209,0.07223,23417198,12205825
2026-07-22 08:00:00,0.07223,0.07255,0.0722,0.0725,9415654,5870668
2026-07-22 09:00:00,0.07249,0.07265,0.07237,0.07252,10795569,6140525
2026-07-22 10:00:00,0.07252,0.0728,0.07245,0.07274,13041302,7266963
2026-07-22 11:00:00,0.07274,0.07286,0.07252,0.07265,28227898,17373498
2026-07-22 12:00:00,0.07264,0.07264,0.07215,0.07242,19818626,8123524
2026-07-22 13:00:00,0.07243,0.07294,0.07234,0.07286,27778189,17714366
2026-07-22 14:00:00,0.07286,0.07334,0.07248,0.07285,22678400,13537493
2026-07-22 15:00:00,0.07285,0.07332,0.07285,0.07309,26872789,15353554
2026-07-22 16:00:00,0.07309,0.07353,0.0729,0.07339,34773336,19003478
2026-07-22 17:00:00,0.07338,0.07356,0.07304,0.07318,35094156,23709610
2026-07-22 18:00:00,0.07319,0.07325,0.07264,0.07279,23178742,14163524
2026-07-22 19:00:00,0.07279,0.07283,0.07227,0.07251,12593536,6531528
2026-07-22 20:00:00,0.07251,0.07281,0.0724,0.07263,11663306,6075476
2026-07-22 21:00:00,0.07264,0.07312,0.07252,0.07302,10472542,6315255
2026-07-22 22:00:00,0.07302,0.07309,0.0728,0.07303,10788722,7077589
2026-07-22 23:00:00,0.07304,0.07305,0.07251,0.07299,8981593,4569949
2026-07-23 00:00:00,0.073,0.07324,0.07292,0.07298,15428536,7308394
2026-07-23 01:00:00,0.07298,0.0731,0.07272,0.0728,11065968,5575548
2026-07-23 02:00:00,0.07279,0.07286,0.07256,0.0727,8870104,4267537
2026-07-23 03:00:00,0.07271,0.07273,0.07223,0.07236,14175522,5842502
2026-07-23 04:00:00,0.07236,0.07263,0.07231,0.07257,20092101,12075885
2026-07-23 05:00:00,0.07257,0.07269,0.0724,0.07247,5166577,2371981
2026-07-23 06:00:00,0.07248,0.07265,0.07239,0.07264,5816120,2873514
2026-07-23 07:00:00,0.07264,0.07264,0.07211,0.07222,15543685,7316102
2026-07-23 08:00:00,0.07222,0.07248,0.07215,0.07243,6927556,4667663
2026-07-23 09:00:00,0.07242,0.07253,0.07222,0.07224,8079833,4468114
2026-07-23 10:00:00,0.07225,0.0725,0.07221,0.07238,25632573,18033871
2026-07-23 11:00:00,0.07239,0.07253,0.07234,0.07237,22006142,11938466
2026-07-23 12:00:00,0.07238,0.07243,0.07052,0.07126,104673657,44952355
2026-07-23 13:00:00,0.07126,0.07132,0.06995,0.0703,130276783,66711781
2026-07-23 14:00:00,0.07029,0.07068,0.07007,0.07025,62811178,31475438
2026-07-23 15:00:00,0.07025,0.07026,0.06839,0.06976,231253780,110967795
2026-07-23 16:00:00,0.06977,0.06982,0.06925,0.06965,47853702,20678381
2026-07-23 17:00:00,0.06965,0.06983,0.06928,0.06941,26941443,14359667
2026-07-23 18:00:00,0.06941,0.0695,0.06912,0.06932,21125674,9972370
2026-07-23 19:00:00,0.06932,0.06944,0.06894,0.06925,19834610,9716829
2026-07-23 20:00:00,0.06925,0.06968,0.06922,0.06967,13231536,6140263
2026-07-23 21:00:00,0.06967,0.06977,0.06943,0.06952,12292545,5682365
2026-07-23 22:00:00,0.06953,0.06973,0.06931,0.06955,16278065,9375289
2026-07-23 23:00:00,0.06955,0.0696,0.06912,0.0692,14846769,5648181
2026-07-24 00:00:00,0.06921,0.06923,0.06875,0.06922,29857970,12593160
2026-07-24 01:00:00,0.06922,0.06943,0.06918,0.06928,15345420,6476026
2026-07-24 02:00:00,0.06929,0.06948,0.06881,0.06917,25988281,10599693
2026-07-24 03:00:00,0.06917,0.06951,0.06906,0.06942,10440067,5088672
2026-07-24 04:00:00,0.06942,0.06944,0.069,0.06907,22054215,8831379
2026-07-24 05:00:00,0.06907,0.06927,0.06894,0.06923,18586073,7941011
2026-07-24 06:00:00,0.06922,0.06943,0.06918,0.06934,26038143,13625470
2026-07-24 07:00:00,0.06934,0.07016,0.06933,0.07006,79162866,44256249
2026-07-24 08:00:00,0.07006,0.07007,0.06982,0.06996,18152685,8093583
2026-07-24 09:00:00,0.06996,0.07008,0.06965,0.07005,12793618,6400432
2026-07-24 10:00:00,0.07005,0.07009,0.06969,0.06986,10308290,3843882
2026-07-24 11:00:00,0.06987,0.06994,0.0692,0.06946,20683782,7471414
2026-07-24 12:00:00,0.06947,0.06966,0.06907,0.06913,20307279,8896432
2026-07-24 13:00:00,0.06913,0.06917,0.0682,0.06872,80902476,33841771
2026-07-24 14:00:00,0.06873,0.06889,0.06825,0.06889,34746259,19422084
2026-07-24 15:00:00,0.06888,0.06942,0.06856,0.06921,39249312,17931113
2026-07-24 16:00:00,0.06921,0.06921,0.06855,0.06878,21712710,9274978
2026-07-24 17:00:00,0.06877,0.06921,0.06873,0.06916,20972944,6923245
2026-07-24 18:00:00,0.06916,0.06922,0.06896,0.06917,7117609,3170333
2026-07-24 19:00:00,0.06917,0.06931,0.06906,0.06924,15956548,7159114
2026-07-24 20:00:00,0.06925,0.06936,0.06917,0.0692,15970845,10480176
2026-07-24 21:00:00,0.06921,0.06926,0.06884,0.06889,15176293,7851434
2026-07-24 22:00:00,0.06888,0.06975,0.06881,0.06954,17953588,8270251
2026-07-24 23:00:00,0.06954,0.06965,0.06937,0.06957,10027750,4746495
2026-07-25 00:00:00,0.06957,0.06974,0.06945,0.06965,9530312,4719497
2026-07-25 01:00:00,0.06966,0.06974,0.06945,0.06956,7813201,3611492
2026-07-25 02:00:00,0.06957,0.06972,0.06955,0.06967,3954089,2079291
2026-07-25 03:00:00,0.06967,0.06977,0.06958,0.06968,9035840,3344194
2026-07-25 04:00:00,0.06968,0.06982,0.06956,0.06963,10572826,5445940
2026-07-25 05:00:00,0.06963,0.06969,0.06925,0.06937,11184751,4702540
2026-07-25 06:00:00,0.06937,0.06946,0.06923,0.06944,16560601,7780553
2026-07-25 07:00:00,0.06945,0.06951,0.0693,0.06937,17792613,7163765
2026-07-25 08:00:00,0.06937,0.06951,0.06916,0.06941,16658168,7254410
2026-07-25 09:00:00,0.06942,0.06961,0.06938,0.06951,10309631,4208943
2026-07-25 10:00:00,0.0695,0.06958,0.06941,0.06957,15402472,7832609
2026-07-25 11:00:00,0.06957,0.0696,0.06931,0.06943,11271528,5274983
2026-07-25 12:00:00,0.06944,0.06976,0.06942,0.06976,27763274,15477148
2026-07-25 13:00:00,0.06976,0.07027,0.06976,0.06997,18169871,9119715
2026-07-25 14:00:00,0.06997,0.07062,0.06989,0.07039,23066710,11704661
2026-07-25 15:00:00,0.07038,0.0715,0.07034,0.0712,56971389,27127952
2026-07-25 16:00:00,0.07121,0.07228,0.07117,0.07219,85768464,45784659
2026-07-25 17:00:00,0.07219,0.07355,0.07214,0.07322,82150374,42065246
2026-07-25 18:00:00,0.07322,0.07368,0.0727,0.07292,76235843,35353397
2026-07-25 19:00:00,0.07292,0.07303,0.07251,0.07282,22147236,10248954
2026-07-25 20:00:00,0.07282,0.07297,0.07237,0.07254,20104981,7981645
2026-07-25 21:00:00,0.07253,0.0726,0.07215,0.07231,24378060,10483696
2026-07-25 22:00:00,0.07231,0.07244,0.07199,0.07203,11632923,4552366
2026-07-25 23:00:00,0.07202,0.07203,0.07168,0.07172,20953665,7259415
2026-07-26 00:00:00,0.07172,0.07188,0.0716,0.07186,16928609,7741134
2026-07-26 01:00:00,0.07186,0.07215,0.07162,0.07215,16163396,11177912
2026-07-26 02:00:00,0.07214,0.07282,0.07195,0.07246,35508214,18388684
2026-07-26 03:00:00,0.07246,0.07278,0.07227,0.07275,15860022,7260237
2026-07-26 04:00:00,0.07274,0.07339,0.07254,0.07321,34740365,17969343
2026-07-26 05:00:00,0.07321,0.07384,0.07307,0.0734,51880593,24445990
2026-07-26 06:00:00,0.0734,0.0736,0.07272,0.07349,32348853,15436520
2026-07-26 07:00:00,0.0735,0.07404,0.07307,0.07327,53710801,27509578
2026-07-26 08:00:00,0.07326,0.07379,0.07318,0.07343,23541668,9868505
2026-07-26 09:00:00,0.07343,0.07349,0.073,0.07328,20531343,9256255
2026-07-26 10:00:00,0.07328,0.0735,0.07314,0.07329,13474257,7376800
2026-07-26 11:00:00,0.07328,0.07347,0.07316,0.07323,11400582,4996768
2026-07-26 12:00:00,0.07323,0.07346,0.07307,0.07326,16162598,7386092
2026-07-26 13:00:00,0.07327,0.07327,0.07285,0.07305,18049193,8003170
2026-07-26 14:00:00,0.07306,0.07338,0.07276,0.07299,17645359,7751655
2026-07-26 15:00:00,0.07298,0.07326,0.07287,0.0731,9996094,5092360
2026-07-26 16:00:00,0.0731,0.07341,0.07294,0.07311,21153175,13393342
2026-07-26 17:00:00,0.0731,0.07325,0.07292,0.07311,8060506,4253961
2026-07-26 18:00:00,0.07312,0.07313,0.07266,0.0727,14463166,5509831
2026-07-26 19:00:00,0.07271,0.07275,0.0725,0.07266,11718144,6402794
2026-07-26 20:00:00,0.07267,0.07284,0.07258,0.07259,9095854,4150967
2026-07-26 21:00:00,0.07259,0.07288,0.07252,0.07279,9376916,4922837
2026-07-26 22:00:00,0.0728,0.07341,0.0728,0.07328,24116084,13500787
2026-07-26 23:00:00,0.07328,0.07354,0.07312,0.07338,12708056,6902524
2026-07-27 00:00:00,0.07339,0.07343,0.07295,0.073,10401121,5282890
2026-07-27 01:00:00,0.073,0.07306,0.07256,0.07284,14952559,5624399
2026-07-27 02:00:00,0.07284,0.0729,0.07254,0.07261,9996937,4666552
2026-07-27 03:00:00,0.07262,0.07296,0.07253,0.07287,9901907,4579153
2026-07-27 04:00:00,0.07287,0.07314,0.07268,0.0728,13977221,5943973
2026-07-27 05:00:00,0.07281,0.07307,0.07268,0.07298,20697466,9708771
2026-07-27 06:00:00,0.07298,0.07355,0.07297,0.073,22582397,8428407
2026-07-27 07:00:00,0.073,0.07305,0.07274,0.07286,18242523,7959000
2026-07-27 08:00:00,0.07287,0.07289,0.07236,0.0726,14944326,5252738
2026-07-27 09:00:00,0.07259,0.07275,0.07219,0.07266,14843926,7316192
2026-07-27 10:00:00,0.07266,0.07292,0.07263,0.07281,13582806,5098968
2026-07-27 11:00:00,0.07281,0.07283,0.07254,0.07258,11254849,4983423
2026-07-27 12:00:00,0.07258,0.07303,0.07238,0.07294,17011286,7522182
2026-07-27 13:00:00,0.07294,0.07323,0.07238,0.07279,18555393,9441985
2026-07-27 14:00:00,0.07279,0.07284,0.07083,0.07141,68895309,24398994
2026-07-27 15:00:00,0.0714,0.07166,0.0713,0.07136,14268854,6317861
2026-07-27 16:00:00,0.07136,0.07221,0.07118,0.07213,27455243,8178751
2026-07-27 17:00:00,0.07212,0.07234,0.07201,0.07214,13551550,4297781
2026-07-27 18:00:00,0.07214,0.07217,0.07154,0.0718,9306773,5709710
2026-07-27 19:00:00,0.07181,0.07218,0.07177,0.07204,6100777,2664026
2026-07-27 20:00:00,0.07204,0.07215,0.07184,0.07213,3004843,1672048
2026-07-27 21:00:00,0.07213,0.0722,0.07182,0.07191,6810267,3596269
2026-07-27 22:00:00,0.0719,0.07191,0.0704,0.07047,46340025,18870866
2026-07-27 23:00:00,0.07046,0.0707,0.07011,0.07038,35934946,13430940
2026-07-28 00:00:00,0.07037,0.07058,0.06988,0.06991,28621770,10625967
2026-07-28 01:00:00,0.06992,0.07,0.06932,0.06971,37173899,19973932
2026-07-28 02:00:00,0.06971,0.07028,0.06968,0.07011,17666098,7638862
2026-07-28 03:00:00,0.07012,0.07027,0.06991,0.07025,14491146,7639129
2026-07-28 04:00:00,0.07025,0.07029,0.06993,0.07004,13111881,5838819
2026-07-28 05:00:00,0.07004,0.07016,0.06988,0.07,17352252,9564035
2026-07-28 06:00:00,0.07001,0.07043,0.06983,0.07041,13062128,6965710
2026-07-28 07:00:00,0.07041,0.07051,0.07008,0.07013,14080825,6078575
2026-07-28 08:00:00,0.07013,0.07032,0.07004,0.0702,10711702,6699235
2026-07-28 09:00:00,0.07021,0.07034,0.07007,0.07014,5887824,2167447
2026-07-28 10:00:00,0.07014,0.07022,0.07,0.07016,10496164,5336752
2026-07-28 11:00:00,0.07017,0.0702,0.06976,0.07,20457688,8950003
2026-07-28 12:00:00,0.07,0.07019,0.06994,0.07012,24189235,10472561
2026-07-28 13:00:00,0.07013,0.07019,0.06923,0.06958,37163172,16838460
2026-07-28 14:00:00,0.06958,0.0701,0.06936,0.06999,16080702,7405042
2026-07-28 15:00:00,0.06998,0.07108,0.06985,0.07081,52755976,33938034
2026-07-28 16:00:00,0.07082,0.0713,0.07065,0.07118,24548072,11246269
2026-07-28 17:00:00,0.07117,0.07144,0.07047,0.07064,29091858,12982491
2026-07-28 18:00:00,0.07064,0.07081,0.07052,0.07074,7413026,2821973
2026-07-28 19:00:00,0.07075,0.07089,0.07061,0.07076,8928684,5144546
2026-07-28 20:00:00,0.07076,0.0709,0.07063,0.07074,6299123,2961783
2026-07-28 21:00:00,0.07074,0.07117,0.07072,0.07099,11259089,7755449
2026-07-28 22:00:00,0.07099,0.07114,0.07034,0.07035,11536433,5959142
2026-07-28 23:00:00,0.07035,0.07094,0.07004,0.07089,19893511,9941232
2026-07-29 00:00:00,0.07089,0.07123,0.07072,0.07093,23795226,10056046
2026-07-29 01:00:00,0.07092,0.07106,0.0704,0.07042,24532168,8288196
2026-07-29 02:00:00,0.07041,0.07099,0.07026,0.0708,15958969,6885271
2026-07-29 03:00:00,0.0708,0.07091,0.07021,0.07025,30710888,21432146
2026-07-29 04:00:00,0.07025,0.07071,0.06995,0.07056,22828740,8869119
2026-07-29 05:00:00,0.07056,0.07075,0.07046,0.07062,11233889,4513308
2026-07-29 06:00:00,0.07062,0.07097,0.07044,0.0708,16692519,9609004
2026-07-29 07:00:00,0.0708,0.07105,0.07065,0.07099,19824553,10418821
2026-07-29 08:00:00,0.071,0.07109,0.07045,0.07078,14695570,6782560
2026-07-29 09:00:00,0.07078,0.07104,0.07074,0.07091,22376147,10576820
2026-07-29 10:00:00,0.07091,0.07097,0.07048,0.07058,23082769,12392247
2026-07-29 11:00:00,0.07058,0.07074,0.07044,0.07061,21209699,11526924
2026-07-29 12:00:00,0.0706,0.07071,0.07038,0.07059,11108596,4613396
2026-07-29 13:00:00,0.07058,0.07074,0.07032,0.07069,9242230,3753405
2026-07-29 14:00:00,0.0707,0.07076,0.07013,0.07021,11918938,6201052
2026-07-29 15:00:00,0.07021,0.07046,0.07,0.07019,14813549,6806453
2026-07-29 16:00:00,0.0702,0.0704,0.07,0.07024,7123648,3736994
2026-07-29 17:00:00,0.07024,0.07064,0.07019,0.07062,7879272,3760645
2026-07-29 18:00:00,0.07061,0.07115,0.07024,0.07099,40737700,22041272
2026-07-29 19:00:00,0.07099,0.07103,0.06968,0.06971,23321852,9813602
2026-07-29 20:00:00,0.06971,0.06987,0.06882,0.06936,57100350,29097246
2026-07-29 21:00:00,0.06936,0.06989,0.06908,0.06987,22354893,11012755
2026-07-29 22:00:00,0.06987,0.07025,0.06987,0.07006,8078688,4460299
2026-07-29 23:00:00,0.07006,0.07023,0.06994,0.07014,7160963,4443108
2026-07-30 00:00:00,0.07015,0.0705,0.06988,0.07014,21287148,12820140
2026-07-30 01:00:00,0.07014,0.07074,0.07013,0.07056,19065168,7489226
2026-07-30 02:00:00,0.07056,0.07069,0.07046,0.07048,12069087,7165013
2026-07-30 03:00:00,0.07047,0.07059,0.07021,0.07022,4020893,1848969
2026-07-30 04:00:00,0.07023,0.07024,0.06971,0.06978,8167457,3896668
2026-07-30 05:00:00,0.06978,0.07019,0.06963,0.07014,8834600,4651710
2026-07-30 06:00:00,0.07014,0.07017,0.06987,0.06992,10626385,5625865
2026-07-30 07:00:00,0.06992,0.07019,0.06976,0.0698,5469915,3100177
2026-07-30 08:00:00,0.0698,0.07023,0.06979,0.07009,15986980,7105975
2026-07-30 09:00:00,0.0701,0.0703,0.07007,0.07024,27457712,12020007
2026-07-30 10:00:00,0.07024,0.07037,0.06987,0.06998,38237006,13132167
2026-07-30 11:00:00,0.06998,0.0702,0.06979,0.07013,38574478,15448968
2026-07-30 12:00:00,0.07013,0.07036,0.07007,0.0702,21242135,10149051
2026-07-30 13:00:00,0.07021,0.07065,0.06993,0.07055,27731609,14995184
2026-07-30 14:00:00,0.07055,0.07074,0.07009,0.07054,17512704,7921356
2026-07-30 15:00:00,0.07054,0.07073,0.07024,0.07057,9850750,5673194
2026-07-30 16:00:00,0.07058,0.07072,0.07045,0.07065,7065702,4067211
2026-07-30 17:00:00,0.07065,0.07102,0.07044,0.07087,12267310,6586779
2026-07-30 18:00:00,0.07087,0.07097,0.07065,0.07074,7073479,3341701
2026-07-30 19:00:00,0.07075,0.07104,0.07071,0.07076,8906314,3369864
2026-07-30 20:00:00,0.07075,0.07093,0.07056,0.07057,13126812,4983170
2026-07-30 21:00:00,0.07057,0.07075,0.07044,0.07051,5944739,3331363
2026-07-30 22:00:00,0.07051,0.07091,0.07041,0.07069,8483953,2145635
2026-07-30 23:00:00,0.07069,0.07096,0.07052,0.07059,9527583,3459202
2026-07-31 00:00:00,0.0706,0.07075,0.0702,0.07045,16018616,6694707
2026-07-31 01:00:00,0.07045,0.07101,0.07015,0.07029,18080752,8719242
2026-07-31 02:00:00,0.07028,0.07036,0.0699,0.07001,20191306,8012137
2026-07-31 03:00:00,0.07002,0.07024,0.06981,0.07007,12486614,5222254
2026-07-31 04:00:00,0.07006,0.07014,0.06985,0.07013,9898418,5527914
2026-07-31 05:00:00,0.07013,0.07023,0.07,0.07013,5111007,2115948
2026-07-31 06:00:00,0.07014,0.07032,0.06998,0.07012,9299174,3572162
2026-07-31 07:00:00,0.07012,0.07012,0.06958,0.07004,17502807,9583927
2026-07-31 08:00:00,0.07004,0.07022,0.06986,0.06995,10469143,4697393
2026-07-31 09:00:00,0.06996,0.06997,0.06936,0.06943,20999205,8360238
2026-07-31 10:00:00,0.06942,0.06955,0.06911,0.06954,20907858,8430553
2026-07-31 11:00:00,0.06954,0.06965,0.06945,0.06963,29409639,11527483
2026-07-31 12:00:00,0.06963,0.06964,0.06934,0.06963,10057322,3431157
2026-07-31 13:00:00,0.06963,0.06972,0.06911,0.0693,23596347,6823471
2026-07-31 14:00:00,0.06929,0.06965,0.06846,0.06935,64952134,28712519
2026-07-31 15:00:00,0.06935,0.0695,0.06883,0.06905,22607055,11087634
2026-07-31 16:00:00,0.06904,0.06974,0.06899,0.06973,16945606,10531300
2026-07-31 17:00:00,0.06972,0.07031,0.0696,0.07015,14772265,6499981
2026-07-31 18:00:00,0.07016,0.07037,0.06989,0.07022,13570923,5287767
2026-07-31 19:00:00,0.07022,0.07039,0.06967,0.06978,11496920,5351257
2026-07-31 20:00:00,0.06979,0.06995,0.06948,0.06954,13872604,6670813
2026-07-31 21:00:00,0.06954,0.06988,0.06946,0.06967,10650324,5019374
2026-07-31 22:00:00,0.06967,0.06984,0.06956,0.06962,4178297,1987745
2026-07-31 23:00:00,0.06962,0.06974,0.06956,0.06962,2794470,1024184
2026-08-01 00:00:00,0.06962,0.06998,0.06959,0.06993,9860842,5240900
2026-08-01 01:00:00,0.06994,0.0702,0.06992,0.07012,9754464,6644754
2026-08-01 02:00:00,0.07012,0.0703,0.07,0.07014,5923121,4034165
2026-08-01 03:00:00,0.07014,0.07019,0.07005,0.07013,5083616,1874968
2026-08-01 04:00:00,0.07013,0.07027,0.07009,0.07017,4047469,2298785
2026-08-01 05:00:00,0.07016,0.07021,0.07001,0.07014,4699182,2089140
2026-08-01 06:00:00,0.07014,0.07019,0.07,0.07006,5617305,2696943
2026-08-01 07:00:00,0.07006,0.07032,0.06977,0.06989,16277214,6772136
2026-08-01 08:00:00,0.06989,0.06997,0.0698,0.06994,3729151,2138297
2026-08-01 09:00:00,0.06994,0.06997,0.06979,0.06981,4294114,2002635
2026-08-01 10:00:00,0.06981,0.06985,0.06962,0.06983,6647147,2703287
2026-08-01 11:00:00,0.06983,0.06993,0.06978,0.06987,8736779,3314384
2026-08-01 12:00:00,0.06987,0.07001,0.06978,0.06991,7224000,3066757
2026-08-01 13:00:00,0.06992,0.07015,0.06992,0.07008,7560443,4080996
2026-08-01 14:00:00,0.07007,0.07026,0.07002,0.07016,14097646,8117413
2026-08-01 15:00:00,0.07017,0.0702,0.07001,0.07012,7886156,3248616
2026-08-01 16:00:00,0.07012,0.07023,0.06992,0.07002,9784501,4531871
2026-08-01 17:00:00,0.07002,0.07011,0.06935,0.06953,11100045,3911533
2026-08-01 18:00:00,0.06952,0.06954,0.06766,0.06853,87197178,35174217
2026-08-01 19:00:00,0.06853,0.0687,0.06841,0.06853,11874737,6235080
2026-08-01 20:00:00,0.06852,0.06867,0.06839,0.06866,7492567,2951036
2026-08-01 21:00:00,0.06865,0.06928,0.06864,0.06914,10276126,4477133
2026-08-01 22:00:00,0.06915,0.0692,0.069,0.069,4660288,2637344
2026-08-01 23:00:00,0.06901,0.06952,0.06901,0.06914,13441562,7914427
2026-08-02 00:00:00,0.06915,0.0693,0.06913,0.06921,4660111,2723698
2026-08-02 01:00:00,0.06921,0.06968,0.06921,0.06965,8928114,5559533
2026-08-02 02:00:00,0.06966,0.07025,0.06961,0.07003,33092549,17326389
2026-08-02 03:00:00,0.07004,0.07013,0.06996,0.07006,9369176,3681662
2026-08-02 04:00:00,0.07007,0.07029,0.07005,0.07024,11454538,5409365
2026-08-02 05:00:00,0.07024,0.07059,0.07018,0.07052,24351783,12717202
2026-08-02 06:00:00,0.07052,0.07058,0.07026,0.07037,11434076,6542968
2026-08-02 07:00:00,0.07038,0.07044,0.07028,0.07042,5460880,2581509
2026-08-02 08:00:00,0.07042,0.07045,0.07,0.07002,10254520,3771451
2026-08-02 09:00:00,0.07002,0.07026,0.06985,0.07021,7254004,3540235
2026-08-02 10:00:00,0.07021,0.07024,0.06992,0.07007,11074918,6348630
2026-08-02 11:00:00,0.07008,0.07016,0.06992,0.06998,7184643,3564970
2026-08-02 12:00:00,0.06999,0.07018,0.06998,0.07004,6354029,2879913
2026-08-02 13:00:00,0.07003,0.07025,0.07,0.07015,5197490,2902981
2026-08-02 14:00:00,0.07015,0.07056,0.07006,0.0704,11109245,6533330
2026-08-02 15:00:00,0.07041,0.07053,0.07027,0.0703,9423117,3826452
2026-08-02 16:00:00,0.0703,0.07049,0.07013,0.07036,4663067,2297400
2026-08-02 17:00:00,0.07037,0.07066,0.07028,0.07057,6945690,4113593
2026-08-02 18:00:00,0.07057,0.07125,0.07052,0.07082,19633393,10679930
2026-08-02 19:00:00,0.07082,0.07087,0.07063,0.07078,4955752,2134421
2026-08-02 20:00:00,0.07077,0.07078,0.07048,0.07061,8701805,6560518
2026-08-02 21:00:00,0.07062,0.07099,0.07054,0.07079,10706161,4631123
2026-08-02 22:00:00,0.07079,0.07147,0.07073,0.07079,30193196,16349190
2026-08-02 23:00:00,0.07078,0.07082,0.07054,0.07081,13463020,7454061
2026-08-03 00:00:00,0.07082,0.07095,0.07019,0.07023,13273715,5122622
2026-08-03 01:00:00,0.07023,0.07026,0.07002,0.07008,6746467,2719921
2026-08-03 02:00:00,0.07008,0.07026,0.06997,0.07006,9856555,4613833
2026-08-03 03:00:00,0.07005,0.07011,0.06964,0.06981,10116107,4133674
2026-08-03 04:00:00,0.0698,0.07003,0.06975,0.06975,13085629,6324447
2026-08-03 05:00:00,0.06975,0.06996,0.06966,0.06987,15186290,7982612
2026-08-03 06:00:00,0.06987,0.06991,0.06931,0.06945,24221938,9136577
2026-08-03 07:00:00,0.06944,0.06947,0.06902,0.0693,27474463,11894472
2026-08-03 08:00:00,0.06929,0.06937,0.069,0.06934,20106283,8975761
2026-08-03 09:00:00,0.06934,0.0698,0.06929,0.06972,11003529,6603437
2026-08-03 10:00:00,0.06972,0.0698,0.06939,0.06954,16504627,8173977
2026-08-03 11:00:00,0.06954,0.06956,0.06931,0.06934,5912060,3075200
2026-08-03 12:00:00,0.06934,0.06965,0.06925,0.06956,16879233,6968876
2026-08-03 13:00:00,0.06956,0.07047,0.06953,0.07039,34051304,15643414
2026-08-03 14:00:00,0.07038,0.07055,0.07009,0.07048,30035285,14104581
2026-08-03 15:00:00,0.07047,0.07059,0.07019,0.07049,18022809,8585390
2026-08-03 16:00:00,0.07049,0.07059,0.07013,0.07033,10562311,6112993
2026-08-03 17:00:00,0.07034,0.07062,0.07022,0.07032,10120155,4051528
2026-08-03 18:00:00,0.07033,0.0705,0.07028,0.07044,4074035,1523528
2026-08-03 19:00:00,0.07044,0.07053,0.07026,0.07029,4675306,2134305
2026-08-03 20:00:00,0.07028,0.07054,0.07025,0.07052,4023387,1920225
2026-08-03 21:00:00,0.07052,0.07055,0.07036,0.07049,5389076,1326057
2026-08-03 22:00:00,0.07049,0.07049,0.07012,0.07025,5534771,2421955
2026-08-03 23:00:00,0.07025,0.07032,0.07014,0.07023,7689201,3173007
2026-08-04 00:00:00,0.07022,0.07027,0.06991,0.06998,12597895,6662405
2026-08-04 01:00:00,0.06999,0.07055,0.06996,0.0705,10456616,4645220
2026-08-04 02:00:00,0.0705,0.07066,0.07024,0.07044,12089064,8271971
2026-08-04 03:00:00,0.07043,0.07049,0.07027,0.07029,3888723,1789797
2026-08-04 04:00:00,0.07029,0.0706,0.0702,0.07036,5013826,2699853
2026-08-04 05:00:00,0.07036,0.07038,0.07021,0.07031,3130264,1393908
2026-08-04 06:00:00,0.07031,0.07045,0.0701,0.07021,8563518,4690216
2026-08-04 07:00:00,0.07021,0.07042,0.07001,0.07028,6710139,3269589
2026-08-04 08:00:00,0.07029,0.07033,0.07007,0.07013,5860320,3942845
2026-08-04 09:00:00,0.07014,0.07023,0.07003,0.07019,12411963,4283689
2026-08-04 10:00:00,0.07019,0.07048,0.07005,0.07037,7021462,5194361
2026-08-04 11:00:00,0.07038,0.07071,0.07026,0.07059,9295553,5039230
2026-08-04 12:00:00,0.07058,0.0706,0.07038,0.07049,8240311,4289107
2026-08-04 13:00:00,0.07048,0.07054,0.07014,0.07016,13749859,7522401
2026-08-04 14:00:00,0.07017,0.07031,0.06978,0.07016,17702968,7549852
2026-08-04 15:00:00,0.07017,0.07041,0.06997,0.07024,8708948,4900630
2026-08-04 16:00:00,0.07025,0.07042,0.07005,0.07036,7050015,3467622
2026-08-04 17:00:00,0.07036,0.07058,0.07019,0.07022,9271438,4236819
2026-08-04 18:00:00,0.07021,0.07066,0.0702,0.07041,7893944,4800578
2026-08-04 19:00:00,0.07042,0.07055,0.07035,0.07046,7369137,3867500
2026-08-04 20:00:00,0.07046,0.07056,0.07012,0.07039,9682230,4104088
2026-08-04 21:00:00,0.07039,0.07039,0.07019,0.07031,6897360,3381526
2026-08-04 22:00:00,0.07031,0.07042,0.07021,0.0704,2601957,1331813
2026-08-04 23:00:00,0.07041,0.07055,0.07006,0.07007,15164198,6885043
2026-08-05 00:00:00,0.07006,0.07014,0.06981,0.06986,14129735,5666006
2026-08-05 01:00:00,0.06986,0.07031,0.06972,0.07024,8630281,3428136
2026-08-05 02:00:00,0.07024,0.07044,0.07011,0.07025,11941258,6301214
2026-08-05 03:00:00,0.07024,0.07032,0.06964,0.06979,16298769,6087253
2026-08-05 04:00:00,0.06979,0.06997,0.0697,0.06985,6103696,3251207
2026-08-05 05:00:00,0.06985,0.07016,0.06983,0.06996,8595545,4412935
2026-08-05 06:00:00,0.06995,0.06995,0.06976,0.06983,6063965,3385268
2026-08-05 07:00:00,0.06983,0.06989,0.06961,0.06986,7106952,3320022
2026-08-05 08:00:00,0.06987,0.07001,0.06977,0.0699,6006874,3947540
2026-08-05 09:00:00,0.06991,0.06999,0.06983,0.06984,4832331,2301254
2026-08-05 10:00:00,0.06983,0.06993,0.06963,0.06969,12067325,6232343
2026-08-05 11:00:00,0.06969,0.0699,0.06969,0.06983,4795718,2926931
2026-08-05 12:00:00,0.06983,0.07028,0.0698,0.06996,12401244,5945175
2026-08-05 13:00:00,0.06995,0.07004,0.06928,0.06984,23783906,10602392
2026-08-05 14:00:00,0.06983,0.07007,0.06973,0.06997,11211880,4160543
2026-08-05 15:00:00,0.06998,0.07014,0.0697,0.0697,12521575,6432393
2026-08-05 16:00:00,0.0697,0.07036,0.06969,0.07011,16508697,8833112
2026-08-05 17:00:00,0.07012,0.07043,0.06996,0.07028,12630975,6254661
2026-08-05 18:00:00,0.07029,0.07047,0.0701,0.07021,7165159,3773246
2026-08-05 19:00:00,0.0702,0.07043,0.07017,0.07024,7608023,4478787
2026-08-05 20:00:00,0.07024,0.07056,0.07011,0.07034,14548958,9536989
2026-08-05 21:00:00,0.07034,0.07036,0.07001,0.07008,8730977,2642763
2026-08-05 22:00:00,0.07009,0.07019,0.07,0.07,10917075,3958632
2026-08-05 23:00:00,0.07,0.07009,0.0699,0.07004,5477038,2578201
2026-08-06 00:00:00,0.07005,0.07018,0.07,0.0701,3302391,1582987
2026-08-06 01:00:00,0.07009,0.0701,0.06971,0.06971,7453253,2093628
2026-08-06 02:00:00,0.06971,0.06987,0.06957,0.06971,10467994,4882351
2026-08-06 03:00:00,0.0697,0.06972,0.0696,0.06966,10278830,5793196
2026-08-06 04:00:00,0.06966,0.06985,0.06948,0.06983,7432950,4190941
2026-08-06 05:00:00,0.06984,0.07017,0.06982,0.07001,4785623,2733512
2026-08-06 06:00:00,0.07001,0.07002,0.06973,0.06993,4975085,2150618
2026-08-06 07:00:00,0.06992,0.07002,0.06977,0.0698,4002542,2502854
2026-08-06 08:00:00,0.06981,0.07006,0.06968,0.06997,4640327,2587209
2026-08-06 09:00:00,0.06998,0.06999,0.0689,0.06906,33024748,14149372
2026-08-06 10:00:00,0.06906,0.06913,0.06881,0.06905,21171363,11722657
2026-08-06 11:00:00,0.06906,0.06927,0.0689,0.06917,7549018,4237398
2026-08-06 12:00:00,0.06917,0.06917,0.06881,0.06887,7158636,2722804
2026-08-06 13:00:00,0.06887,0.06892,0.06822,0.0688,30367358,13223728
2026-08-06 14:00:00,0.0688,0.06921,0.06871,0.06911,17955095,9373163
2026-08-06 15:00:00,0.06911,0.06927,0.06902,0.06903,17397493,10436325
2026-08-06 16:00:00,0.06902,0.06938,0.06896,0.06933,10005651,4201656
2026-08-06 17:00:00,0.06934,0.0694,0.06899,0.06911,5863447,2244207
2026-08-06 18:00:00,0.0691,0.06916,0.06865,0.06872,6917207,2446861
2026-08-06 19:00:00,0.06872,0.06886,0.0687,0.06875,3934817,1783018
2026-08-06 20:00:00,0.06875,0.06896,0.06874,0.06892,7956524,4589217
2026-08-06 21:00:00,0.06891,0.06913,0.0689,0.06911,14496126,7382264
2026-08-06 22:00:00,0.06911,0.06913,0.06888,0.06902,3011961,1785386
2026-08-06 23:00:00,0.06902,0.06909,0.06887,0.06909,5271637,2538152
2026-08-07 00:00:00,0.06909,0.06932,0.06899,0.06927,6726477,3604629
2026-08-07 01:00:00,0.06928,0.06948,0.06912,0.06928,9021668,4677621
2026-08-07 02:00:00,0.06928,0.06949,0.06906,0.06928,7112974,3566159
2026-08-07 03:00:00,0.06928,0.06944,0.06905,0.06905,7260195,3607251
2026-08-07 04:00:00,0.06905,0.06922,0.06892,0.06903,7146910,2105701
2026-08-07 05:00:00,0.06904,0.06926,0.06883,0.06921,7128947,4116597
2026-08-07 06:00:00,0.0692,0.06951,0.06873,0.06918,132026641,34814762
2026-08-07 07:00:00,0.06919,0.06936,0.06912,0.0693,12249404,5734619
2026-08-07 08:00:00,0.06929,0.06951,0.06928,0.06939,11533693,6509076
2026-08-07 09:00:00,0.0694,0.0696,0.06939,0.06958,9953052,5164199
2026-08-07 10:00:00,0.06958,0.06964,0.06945,0.06948,6748828,2791312
2026-08-07 11:00:00,0.06948,0.06969,0.06945,0.0696,7820873,4324393
2026-08-07 12:00:00,0.06961,0.07034,0.06958,0.07007,33954722,17673528
2026-08-07 13:00:00,0.07007,0.07024,0.06995,0.07005,26085983,15043361
2026-08-07 14:00:00,0.07005,0.07018,0.06958,0.06973,17889457,8421985
2026-08-07 15:00:00,0.06973,0.07005,0.06967,0.06996,9014303,4963504
2026-08-07 16:00:00,0.06996,0.07015,0.06964,0.06965,6881169,2852549
2026-08-07 17:00:00,0.06964,0.06972,0.06941,0.06966,9262132,2780915
2026-08-07 18:00:00,0.06966,0.06982,0.06953,0.06965,5408370,2553083
2026-08-07 19:00:00,0.06965,0.06997,0.06965,0.06986,3844496,2117284
2026-08-07 20:00:00,0.06986,0.06989,0.06969,0.06974,3548261,914362
2026-08-07 21:00:00,0.06975,0.06994,0.06962,0.0697,6713390,2788593
2026-08-07 22:00:00,0.0697,0.0698,0.06962,0.06966,2625120,1335109
2026-08-07 23:00:00,0.06966,0.06979,0.06965,0.06965,2405566,1179119
2026-08-08 00:00:00,0.06964,0.06993,0.06956,0.06974,9303952,5320387
2026-08-08 01:00:00,0.06973,0.07002,0.06972,0.06994,3454824,2002790
2026-08-08 02:00:00,0.06995,0.07,0.06988,0.06988,3141900,1543785
2026-08-08 03:00:00,0.06988,0.07039,0.06987,0.07031,11563568,7290163
2026-08-08 04:00:00,0.07032,0.07037,0.07007,0.07009,7922233,3375657
2026-08-08 05:00:00,0.0701,0.07028,0.07009,0.07021,12578250,8879508
2026-08-08 06:00:00,0.07021,0.07038,0.0702,0.07038,7490527,5302176
2026-08-08 07:00:00,0.07037,0.07038,0.07019,0.07025,3751569,1328912
2026-08-08 08:00:00,0.07025,0.07043,0.07014,0.07042,6989329,2902664
2026-08-08 09:00:00,0.07042,0.07063,0.07032,0.07037,12875652,7687323
2026-08-08 10:00:00,0.07037,0.07044,0.07029,0.07041,3685300,1627361
2026-08-08 11:00:00,0.07041,0.0705,0.07031,0.07044,5352377,3587933
2026-08-08 12:00:00,0.07044,0.0705,0.07037,0.07043,5841110,2285935
2026-08-08 13:00:00,0.07044,0.07063,0.07043,0.07051,9106822,4302607
2026-08-08 14:00:00,0.07052,0.07157,0.07047,0.07129,42011770,19760368
2026-08-08 15:00:00,0.07128,0.07136,0.07092,0.07116,20125310,10877386
2026-08-08 16:00:00,0.07116,0.07139,0.07107,0.07123,19649426,9442155
2026-08-08 17:00:00,0.07124,0.07143,0.07114,0.07122,13133823,7791668
2026-08-08 18:00:00,0.07123,0.07132,0.0709,0.07094,14227618,5476685
2026-08-08 19:00:00,0.07094,0.07112,0.07086,0.07098,8702463,4092702
2026-08-08 20:00:00,0.07098,0.07111,0.07097,0.07102,5400215,3205410
2026-08-08 21:00:00,0.07102,0.07109,0.07091,0.07095,4666617,2777517
2026-08-08 22:00:00,0.07096,0.071,0.07047,0.07051,10889487,4128364
2026-08-08 23:00:00,0.07051,0.07051,0.07025,0.07043,9684337,4072766
2026-08-09 00:00:00,0.07042,0.07048,0.07028,0.07041,4322976,2463337
2026-08-09 01:00:00,0.0704,0.07053,0.06996,0.07003,19989712,8372886
2026-08-09 02:00:00,0.07002,0.07013,0.06987,0.07,11442332,5672928
2026-08-09 03:00:00,0.07001,0.07008,0.06986,0.07001,8009567,3929005
2026-08-09 04:00:00,0.07001,0.07013,0.06999,0.07004,4730481,3050539
2026-08-09 05:00:00,0.07004,0.07006,0.06989,0.07003,6051187,2893097
2026-08-09 06:00:00,0.07003,0.07026,0.06994,0.0702,8328981,5420965
2026-08-09 07:00:00,0.0702,0.07022,0.07007,0.07016,4515074,2353113
2026-08-09 08:00:00,0.07016,0.0703,0.06993,0.07011,14072791,6706107
2026-08-09 09:00:00,0.07011,0.07015,0.07001,0.07013,5482259,2828678
2026-08-09 10:00:00,0.07013,0.07025,0.07009,0.07019,3710591,2261965
2026-08-09 11:00:00,0.07018,0.07027,0.07014,0.07016,4683484,3172335
2026-08-09 12:00:00,0.07016,0.07022,0.0701,0.07015,3549447,1045826
2026-08-09 13:00:00,0.07015,0.07044,0.07013,0.07032,5511890,3124629
2026-08-09 14:00:00,0.07032,0.07055,0.0703,0.07049,3802856,1711783
2026-08-09 15:00:00,0.07049,0.07076,0.07048,0.0707,8788000,6009614
2026-08-09 16:00:00,0.0707,0.07079,0.07058,0.07073,10905577,6728803
2026-08-09 17:00:00,0.07072,0.07081,0.07049,0.07053,9850948,2601247
2026-08-09 18:00:00,0.07053,0.07061,0.0704,0.0705,10698106,4809119
2026-08-09 19:00:00,0.0705,0.07053,0.07039,0.07049,6763269,2633831
2026-08-09 20:00:00,0.07049,0.07052,0.07034,0.07048,6643439,3378499
2026-08-09 21:00:00,0.07047,0.0708,0.07042,0.07059,11065370,7342563
2026-08-09 22:00:00,0.07059,0.07096,0.06989,0.07005,29027252,12106734
2026-08-09 23:00:00,0.07005,0.07009,0.06923,0.06935,31197417,11867222
2026-08-10 00:00:00,0.06934,0.06982,0.06906,0.06964,26105333,13183759
2026-08-10 01:00:00,0.06963,0.07024,0.06954,0.06998,16095011,8639283
2026-08-10 02:00:00,0.06999,0.07002,0.06948,0.06993,13534499,6842113
2026-08-10 03:00:00,0.06992,0.07004,0.06957,0.06967,8174418,2895160
2026-08-10 04:00:00,0.06966,0.06986,0.06954,0.06973,6095923,2841149
2026-08-10 05:00:00,0.06972,0.07008,0.06972,0.06997,3299377,1588845
2026-08-10 06:00:00,0.06996,0.07014,0.06994,0.07013,3951361,2036543
2026-08-10 07:00:00,0.07013,0.07014,0.07,0.07004,4627181,2044102
2026-08-10 08:00:00,0.07004,0.07016,0.06976,0.07007,20756433,9534750
2026-08-10 09:00:00,0.07007,0.07018,0.06988,0.06993,9090738,5523218
2026-08-10 10:00:00,0.06992,0.07007,0.06988,0.06996,3538785,1814089
2026-08-10 11:00:00,0.06996,0.07012,0.0699,0.07004,7415959,3340726
2026-08-10 12:00:00,0.07004,0.07015,0.0698,0.06985,11321473,4839418
2026-08-10 13:00:00,0.06984,0.06996,0.06955,0.06978,12426238,5109333
2026-08-10 14:00:00,0.06978,0.07006,0.06976,0.06981,9772163,6364640
2026-08-10 15:00:00,0.06981,0.06987,0.0694,0.06966,21566370,7042535
2026-08-10 16:00:00,0.06966,0.06983,0.06948,0.06956,10619529,4939885
2026-08-10 17:00:00,0.06956,0.06984,0.06946,0.06965,5457069,2172395
2026-08-10 18:00:00,0.06966,0.06978,0.06951,0.06972,5140408,2719468
2026-08-10 19:00:00,0.06971,0.06996,0.06969,0.06988,8190329,4738533
2026-08-10 20:00:00,0.06988,0.06999,0.06983,0.06992,6681567,3265584
2026-08-10 21:00:00,0.06992,0.06995,0.06969,0.06969,5834608,2325707
2026-08-10 22:00:00,0.06969,0.06985,0.06952,0.06981,4663947,2546085
2026-08-10 23:00:00,0.06982,0.06993,0.06969,0.0697,10038588,5832875
2026-08-11 00:00:00,0.0697,0.0699,0.06961,0.06988,4212453,1960558
2026-08-11 01:00:00,0.06988,0.07009,0.06979,0.07002,6331659,3851799
2026-08-11 02:00:00,0.07002,0.07037,0.06999,0.07017,11254922,6982211
2026-08-11 03:00:00,0.07017,0.07026,0.07009,0.07012,9804680,4007711
2026-08-11 04:00:00,0.07011,0.07012,0.06997,0.06998,6133890,2136160
2026-08-11 05:00:00,0.06997,0.07021,0.0699,0.07007,13285630,4809931
2026-08-11 06:00:00,0.07007,0.0703,0.06994,0.07017,20968496,9802389
2026-08-11 07:00:00,0.07018,0.07027,0.06997,0.07013,8772641,3971965
2026-08-11 08:00:00,0.07013,0.07036,0.07012,0.07035,16948233,9970145
2026-08-11 09:00:00,0.07035,0.07068,0.07032,0.07059,23962957,12398434
2026-08-11 10:00:00,0.07059,0.0707,0.07035,0.07055,13715255,6797084
2026-08-11 11:00:00,0.07055,0.07075,0.07052,0.0706,10936123,5160753
2026-08-11 12:00:00,0.07061,0.07074,0.07049,0.07065,11301418,5036700
2026-08-11 13:00:00,0.07065,0.07097,0.07058,0.07091,33612386,21856956
2026-08-11 14:00:00,0.0709,0.07135,0.06993,0.0701,54289162,25533809
2026-08-11 15:00:00,0.0701,0.07065,0.06999,0.07061,31594614,14704053
2026-08-11 16:00:00,0.0706,0.07094,0.07041,0.07052,29929664,14796813
2026-08-11 17:00:00,0.07052,0.07129,0.07042,0.071,28699270,15247481
2026-08-11 18:00:00,0.07099,0.0711,0.07062,0.07081,22051272,9487122
2026-08-11 19:00:00,0.0708,0.07107,0.07047,0.07103,10469979,4346461
2026-08-11 20:00:00,0.07103,0.0723,0.07103,0.07171,68257835,39332949
2026-08-11 21:00:00,0.07171,0.07259,0.07164,0.07245,38231766,19824987
2026-08-11 22:00:00,0.07245,0.07315,0.07218,0.07235,46863702,23460201
2026-08-11 23:00:00,0.07234,0.07234,0.07186,0.0719,16743535,6873574
2026-08-12 00:00:00,0.0719,0.07238,0.07184,0.07234,12767853,7471633
2026-08-12 01:00:00,0.07234,0.07254,0.07218,0.07227,19517449,9288710
2026-08-12 02:00:00,0.07228,0.07248,0.0719,0.0719,18375460,8325585
2026-08-12 03:00:00,0.0719,0.07248,0.0719,0.07223,15404003,7079520
2026-08-12 04:00:00,0.07223,0.07233,0.07203,0.07212,19014989,7833536
2026-08-12 05:00:00,0.07211,0.07225,0.07194,0.07211,8906200,3830715
2026-08-12 06:00:00,0.07211,0.07211,0.0714,0.07158,25831747,10951219
2026-08-12 07:00:00,0.07157,0.07176,0.0715,0.0717,11203906,5446664
2026-08-12 08:00:00,0.0717,0.07175,0.0715,0.07151,15620474,7244391
2026-08-12 09:00:00,0.07151,0.07205,0.0715,0.07204,18556403,7717074
2026-08-12 10:00:00,0.07204,0.0722,0.07187,0.07191,12708125,6634642
2026-08-12 11:00:00,0.07191,0.07206,0.07187,0.072,12086596,7994405
2026-08-12 12:00:00,0.07199,0.07224,0.0714,0.07167,45570294,20270630
2026-08-12 13:00:00,0.07166,0.0717,0.0705,0.0706,46896242,17279676
2026-08-12 14:00:00,0.07059,0.07075,0.07027,0.07047,38259879,20567668
2026-08-12 15:00:00,0.07046,0.07098,0.07044,0.07083,12626273,6122195
2026-08-12 16:00:00,0.07084,0.07099,0.07073,0.07087,11005059,5203805
2026-08-12 17:00:00,0.07088,0.07088,0.07063,0.07081,5984602,2729898
2026-08-12 18:00:00,0.07081,0.07085,0.07066,0.07069,5273298,2169028
2026-08-12 19:00:00,0.07068,0.07072,0.0705,0.0706,6722106,1705705
2026-08-12 20:00:00,0.07059,0.0707,0.07041,0.07063,5672647,2978560
2026-08-12 21:00:00,0.07064,0.07068,0.06915,0.06937,68429107,28376356
2026-08-12 22:00:00,0.06937,0.06948,0.06889,0.06946,50337262,26275302
2026-08-12 23:00:00,0.06946,0.06972,0.06937,0.06969,17663981,10831808
2026-08-13 00:00:00,0.06969,0.07001,0.06964,0.06988,11998444,5910041
2026-08-13 01:00:00,0.06987,0.07006,0.06977,0.06988,7015799,2847542
2026-08-13 02:00:00,0.06987,0.07032,0.06985,0.07028,10884475,6911811
2026-08-13 03:00:00,0.07028,0.07044,0.07011,0.07017,11436003,6070355
2026-08-13 04:00:00,0.07018,0.0704,0.07009,0.07027,7162926,2411399
2026-08-13 05:00:00,0.07027,0.07069,0.07023,0.07063,18850493,12198845
2026-08-13 06:00:00,0.07064,0.0707,0.0704,0.07067,15560836,9559640
2026-08-13 07:00:00,0.07068,0.07085,0.07057,0.07059,11245852,5320343
2026-08-13 08:00:00,0.07058,0.07067,0.07044,0.0705,6732591,2333896
2026-08-13 09:00:00,0.0705,0.07055,0.07029,0.07054,5143409,1822786
2026-08-13 10:00:00,0.07054,0.07056,0.06994,0.07016,25532191,11344759
2026-08-13 11:00:00,0.07016,0.07022,0.06995,0.07009,5000462,2345951
2026-08-13 12:00:00,0.07008,0.07037,0.07004,0.07026,8475295,5449304
2026-08-13 13:00:00,0.07027,0.07038,0.07002,0.07022,8392397,3642637
2026-08-13 14:00:00,0.07022,0.07038,0.07001,0.07015,25911447,6185755
2026-08-13 15:00:00,0.07015,0.07026,0.0697,0.06973,32960899,10879906
2026-08-13 16:00:00,0.06973,0.07003,0.06951,0.0698,24411002,13315646
2026-08-13 17:00:00,0.0698,0.06999,0.06977,0.06989,9937046,6654333
2026-08-13 18:00:00,0.06989,0.07009,0.06978,0.07004,5922919,3703763
2026-08-13 19:00:00,0.07004,0.07034,0.07004,0.07031,11651181,6831310
2026-08-13 20:00:00,0.07032,0.07038,0.07017,0.07018,3302884,1562314
2026-08-13 21:00:00,0.07019,0.07027,0.07013,0.0702,4841200,2650314
2026-08-13 22:00:00,0.07019,0.07037,0.07013,0.07016,5009478,2895144
2026-08-13 23:00:00,0.07016,0.07019,0.07001,0.07019,3626088,2054186
2026-08-14 00:00:00,0.07018,0.07031,0.07011,0.07028,3768647,2040488
2026-08-14 01:00:00,0.07028,0.0703,0.07015,0.07025,6896242,2880020
2026-08-14 02:00:00,0.07025,0.07038,0.07012,0.07012,5300891,3221179
2026-08-14 03:00:00,0.07012,0.07014,0.06994,0.06997,8807246,2535251
2026-08-14 04:00:00,0.06997,0.07015,0.06994,0.06994,3278969,1577363
2026-08-14 05:00:00,0.06994,0.07005,0.06991,0.06999,5634530,1600044
2026-08-14 06:00:00,0.06999,0.06999,0.06964,0.06966,17220813,5656093
2026-08-14 07:00:00,0.06965,0.06982,0.06961,0.06969,8392520,4903129
2026-08-14 08:00:00,0.06968,0.07001,0.06959,0.06996,9079381,4651886
2026-08-14 09:00:00,0.06997,0.06997,0.06941,0.06948,17601135,4583405
2026-08-14 10:00:00,0.06948,0.06968,0.06931,0.06938,9452872,4594702
2026-08-14 11:00:00,0.06939,0.06954,0.06938,0.06946,10445949,6181892
2026-08-14 12:00:00,0.06946,0.06958,0.06921,0.06929,22167435,8601643
2026-08-14 13:00:00,0.06929,0.0695,0.06926,0.06945,10574348,5729706
2026-08-14 14:00:00,0.06945,0.06962,0.06934,0.06949,7728186,3510158
2026-08-14 15:00:00,0.06949,0.06999,0.06946,0.06989,9484356,6082294
2026-08-14 16:00:00,0.06989,0.07006,0.06984,0.0699,9764562,4074927
2026-08-14 17:00:00,0.06991,0.07013,0.06985,0.0699,9035150,4440726
2026-08-14 18:00:00,0.06989,0.06991,0.06969,0.06976,8143198,2793235
2026-08-14 19:00:00,0.06975,0.06989,0.06959,0.06986,6185149,2922148
2026-08-14 20:00:00,0.06987,0.06992,0.06975,0.06981,2938253,1112817
2026-08-14 21:00:00,0.06981,0.06986,0.06972,0.06984,4160918,1418380
2026-08-14 22:00:00,0.06983,0.06993,0.06968,0.06984,5219270,1753576
2026-08-14 23:00:00,0.06984,0.07014,0.06983,0.07007,6881774,3316355
2026-08-15 00:00:00,0.07008,0.07014,0.06999,0.07013,4099040,2042911
2026-08-15 01:00:00,0.07012,0.07015,0.06998,0.07009,5384941,2438049
2026-08-15 02:00:00,0.07009,0.0704,0.07004,0.07035,13574070,7308668
2026-08-15 03:00:00,0.07036,0.07055,0.07028,0.07032,11448199,6231903
2026-08-15 04:00:00,0.07033,0.07047,0.07027,0.07034,4970906,2579566
2026-08-15 05:00:00,0.07033,0.07042,0.07004,0.07014,14624704,7015974
2026-08-15 06:00:00,0.07013,0.07021,0.07004,0.07017,4298776,1434681
2026-08-15 07:00:00,0.07018,0.0702,0.07004,0.07007,2808248,1618589
2026-08-15 08:00:00,0.07007,0.07011,0.06995,0.06996,4327660,1591483
2026-08-15 09:00:00,0.06996,0.07013,0.0699,0.0701,5337301,2550039
2026-08-15 10:00:00,0.0701,0.07011,0.06998,0.07005,2410295,1101399
2026-08-15 11:00:00,0.07006,0.0701,0.06998,0.07003,2747825,1741712
2026-08-15 12:00:00,0.07004,0.07008,0.06993,0.07008,4436383,1735224
2026-08-15 13:00:00,0.07009,0.07016,0.07005,0.07009,2989650,1525033
2026-08-15 14:00:00,0.07009,0.07012,0.06993,0.07008,4259118,1851393
2026-08-15 15:00:00,0.07008,0.0701,0.06998,0.07008,2371774,840426
2026-08-15 16:00:00,0.07008,0.07009,0.06999,0.07003,1923574,676554
2026-08-15 17:00:00,0.07004,0.07008,0.06992,0.06994,2996585,1195448
2026-08-15 18:00:00,0.06993,0.06999,0.06978,0.06981,6823313,3158987
2026-08-15 19:00:00,0.0698,0.06998,0.06974,0.06996,3412926,1609465
2026-08-15 20:00:00,0.06995,0.07,0.06987,0.06991,5190161,2241286
2026-08-15 21:00:00,0.06992,0.07009,0.06989,0.06996,3553823,1576275
2026-08-15 22:00:00,0.06996,0.07001,0.06986,0.06987,5297777,1691704
2026-08-15 23:00:00,0.06986,0.06991,0.06951,0.06961,16177829,6346536
2026-08-16 00:00:00,0.06961,0.06972,0.06951,0.06971,6870933,2735953
2026-08-16 01:00:00,0.0697,0.0697,0.06953,0.06966,10137171,4486718
2026-08-16 02:00:00,0.06965,0.06994,0.06961,0.06981,7495054,3350823
2026-08-16 03:00:00,0.06982,0.06991,0.0698,0.06983,2557931,1447475
2026-08-16 04:00:00,0.06984,0.06993,0.06978,0.06981,4136572,2455917
2026-08-16 05:00:00,0.06981,0.06983,0.06966,0.06968,3647324,1716601
2026-08-16 06:00:00,0.06968,0.06982,0.06958,0.06972,8568576,4200617
2026-08-16 07:00:00,0.06971,0.06991,0.0697,0.0699,3931419,1264516
2026-08-16 08:00:00,0.0699,0.06994,0.06984,0.06987,3451096,1158018
2026-08-16 09:00:00,0.06988,0.06991,0.06968,0.06979,9215952,4439359
2026-08-16 10:00:00,0.06978,0.06982,0.06971,0.06977,4224386,1720487
2026-08-16 11:00:00,0.06977,0.06986,0.06977,0.06984,6684955,2790740
2026-08-16 12:00:00,0.06985,0.06993,0.06975,0.06993,3844548,1594376
2026-08-16 13:00:00,0.06993,0.07,0.06991,0.06993,6413102,2965587
2026-08-16 14:00:00,0.06992,0.07007,0.0699,0.07007,6396384,3443166
2026-08-16 15:00:00,0.07006,0.07009,0.07,0.07007,9941082,6499932
2026-08-16 16:00:00,0.07007,0.07018,0.06996,0.07005,9302862,4992078
2026-08-16 17:00:00,0.07005,0.0701,0.06996,0.07002,3137024,1841097
2026-08-16 18:00:00,0.07002,0.07004,0.0699,0.07001,2753343,1746144
2026-08-16 19:00:00,0.07,0.07007,0.06992,0.06993,7465883,2556077
2026-08-16 20:00:00,0.06993,0.07004,0.06979,0.06985,8794093,4127019
2026-08-16 21:00:00,0.06985,0.06991,0.06904,0.06941,23301817,8051246
2026-08-16 22:00:00,0.0694,0.06964,0.0693,0.06958,6959959,3115001
2026-08-16 23:00:00,0.06959,0.0697,0.06951,0.0696,7152735,4168991
2026-08-17 00:00:00,0.0696,0.06981,0.06947,0.06976,14769455,7557328
2026-08-17 01:00:00,0.06975,0.07028,0.06975,0.06998,19694184,11480750
2026-08-17 02:00:00,0.06999,0.07032,0.06987,0.07019,23870362,9974607
2026-08-17 03:00:00,0.07019,0.07026,0.07006,0.07019,10430529,4582366
2026-08-17 04:00:00,0.0702,0.07029,0.07018,0.07023,8196444,2331293
2026-08-17 05:00:00,0.07023,0.07027,0.07012,0.07016,6038063,3047793
2026-08-17 06:00:00,0.07016,0.0705,0.07014,0.07049,17806720,9760914
2026-08-17 07:00:00,0.07049,0.07052,0.07027,0.07033,10638353,3957755
2026-08-17 08:00:00,0.07032,0.07035,0.07003,0.07008,14655644,5288217
2026-08-17 09:00:00,0.07009,0.0703,0.07006,0.07027,9700930,5335671
2026-08-17 10:00:00,0.07027,0.07046,0.07018,0.07042,9493015,5905284
2026-08-17 11:00:00,0.07042,0.07044,0.07017,0.07018,7315676,3466020
2026-08-17 12:00:00,0.07019,0.07023,0.07001,0.07006,7617023,3128758
2026-08-17 13:00:00,0.07007,0.07031,0.07,0.07023,12112844,6440052
2026-08-17 14:00:00,0.07023,0.07041,0.07009,0.07038,14286193,6355987
2026-08-17 15:00:00,0.07038,0.0706,0.07027,0.07052,17922404,8991775
2026-08-17 16:00:00,0.07052,0.07052,0.07032,0.07036,12128058,5955436
2026-08-17 17:00:00,0.07037,0.07055,0.07029,0.07038,9119685,4964641
2026-08-17 18:00:00,0.07037,0.07052,0.07033,0.07037,8600528,5350270
2026-08-17 19:00:00,0.07036,0.07038,0.07025,0.07031,4990172,2561840
2026-08-17 20:00:00,0.07031,0.07053,0.07012,0.07033,15303104,8061626
2026-08-17 21:00:00,0.07034,0.07048,0.07033,0.07043,5942302,3157215
2026-08-17 22:00:00,0.07042,0.0705,0.07022,0.07023,6303098,3155826
2026-08-17 23:00:00,0.07022,0.07049,0.07022,0.07041,5724768,1868406
2026-08-18 00:00:00,0.07042,0.07043,0.07022,0.07036,12139871,6117262
2026-08-18 01:00:00,0.07037,0.07038,0.06996,0.07002,15906067,8780540
2026-08-18 02:00:00,0.07002,0.07012,0.06961,0.06972,16010699,7672999
2026-08-18 03:00:00,0.06972,0.06991,0.0697,0.06986,10787523,5013406
2026-08-18 04:00:00,0.06986,0.07001,0.06974,0.06995,6935021,4113856
2026-08-18 05:00:00,0.06995,0.07001,0.06961,0.0698,16582901,8855631
2026-08-18 06:00:00,0.0698,0.07011,0.06974,0.06995,8497200,4047461
2026-08-18 07:00:00,0.06996,0.07002,0.06977,0.06988,13731096,7549842
2026-08-18 08:00:00,0.06988,0.06995,0.06967,0.06989,7475282,2891049
2026-08-18 09:00:00,0.06988,0.06994,0.06984,0.0699,8345566,4221496
2026-08-18 10:00:00,0.0699,0.06995,0.06987,0.06992,2479257,1230932
2026-08-18 11:00:00,0.06992,0.07003,0.06991,0.06997,5733727,2735726
2026-08-18 12:00:00,0.06997,0.07,0.06983,0.06984,3793803,1849791
2026-08-18 13:00:00,0.06983,0.06992,0.06975,0.06981,6812175,3300047
2026-08-18 14:00:00,0.06982,0.07038,0.06977,0.07006,15382577,8368016
2026-08-18 15:00:00,0.07007,0.07035,0.07002,0.07033,7588487,3040531
2026-08-18 16:00:00,0.07034,0.07049,0.07022,0.07039,8459692,4104612
2026-08-18 17:00:00,0.07039,0.07043,0.07026,0.07027,7264359,2100043
2026-08-18 18:00:00,0.07028,0.07055,0.07027,0.07047,9423915,5057535
2026-08-18 19:00:00,0.07047,0.07055,0.07036,0.07037,10113627,6727754
2026-08-18 20:00:00,0.07036,0.07042,0.07012,0.07024,18717420,11159939
2026-08-18 21:00:00,0.07023,0.07031,0.07012,0.07016,6676234,3063702
2026-08-18 22:00:00,0.07015,0.07026,0.06996,0.07007,20240821,11740382
2026-08-18 23:00:00,0.07008,0.07031,0.07007,0.07026,20195837,6367300
2026-08-19 00:00:00,0.07027,0.07028,0.06997,0.06998,8055098,4844090
2026-08-19 01:00:00,0.06997,0.07013,0.0699,0.06999,17111054,10794827
2026-08-19 02:00:00,0.06998,0.07002,0.06987,0.06994,8113927,2829074
2026-08-19 03:00:00,0.06994,0.07015,0.06991,0.0701,6592342,3965898
2026-08-19 04:00:00,0.07011,0.07011,0.06993,0.06996,14203677,7145544
2026-08-19 05:00:00,0.06996,0.07013,0.06995,0.06997,15239325,8869435
2026-08-19 06:00:00,0.06997,0.07023,0.06988,0.0701,13166875,6744276
2026-08-19 07:00:00,0.0701,0.07012,0.06993,0.06994,6958619,3599162
2026-08-19 08:00:00,0.06994,0.0703,0.06989,0.07014,23657705,14807846
2026-08-19 09:00:00,0.07014,0.07023,0.07001,0.07005,7945666,4736429
2026-08-19 10:00:00,0.07006,0.07008,0.07,0.07008,6323911,4115236
2026-08-19 11:00:00,0.07007,0.07025,0.07007,0.07023,6477554,3365811
2026-08-19 12:00:00,0.07023,0.0708,0.07021,0.07063,22083492,12888763
2026-08-19 13:00:00,0.07063,0.07072,0.07043,0.07055,27830027,12026751
2026-08-19 14:00:00,0.07055,0.07145,0.07024,0.07129,44061046,23242576
2026-08-19 15:00:00,0.07129,0.07418,0.07123,0.0725,200955611,102659889
2026-08-19 16:00:00,0.07251,0.07323,0.07245,0.07272,38415768,18905975
2026-08-19 17:00:00,0.07272,0.07276,0.07192,0.07231,36316127,16011384
2026-08-19 18:00:00,0.07231,0.07285,0.07218,0.07275,22174141,10097870
2026-08-19 19:00:00,0.07274,0.07312,0.07246,0.07311,20700729,11292559
2026-08-19 20:00:00,0.07311,0.07453,0.0729,0.07418,76871570,44293346
2026-08-19 21:00:00,0.07418,0.0764,0.07412,0.07608,160077659,86687380
2026-08-19 22:00:00,0.07608,0.07622,0.074,0.07479,133622198,55437757
2026-08-19 23:00:00,0.0748,0.07527,0.07455,0.07504,40239642,19970632
2026-08-20 00:00:00,0.07504,0.07573,0.07494,0.07532,58846987,30299986
2026-08-20 01:00:00,0.07532,0.07559,0.07469,0.07548,37454850,12470244
2026-08-20 02:00:00,0.07548,0.07613,0.07534,0.07547,49165008,23937234
2026-08-20 03:00:00,0.07547,0.07547,0.07476,0.0748,30356988,11943505
2026-08-20 04:00:00,0.0748,0.07493,0.07445,0.07482,20110682,9628327
2026-08-20 05:00:00,0.07482,0.07488,0.07455,0.0747,42493775,25328082
2026-08-20 06:00:00,0.07471,0.07537,0.07447,0.07529,56757430,41875568
2026-08-20 07:00:00,0.07528,0.07543,0.075,0.07531,19804863,10335041
2026-08-20 08:00:00,0.07532,0.07716,0.07526,0.07687,128432688,78070626
2026-08-20 09:00:00,0.07687,0.07735,0.07641,0.0767,67796956,39134314
2026-08-20 10:00:00,0.0767,0.07788,0.07654,0.0772,45275520,23843025
2026-08-20 11:00:00,0.0772,0.07791,0.07691,0.07717,40177393,21482668
2026-08-20 12:00:00,0.07717,0.07753,0.0766,0.07742,43138712,22384776
2026-08-20 13:00:00,0.07743,0.0779,0.07684,0.07746,62510576,33242409
2026-08-20 14:00:00,0.07747,0.07858,0.07738,0.07847,140127856,69752755
2026-08-20 15:00:00,0.07848,0.08066,0.07836,0.08024,164167454,86802790
2026-08-20 16:00:00,0.08023,0.08332,0.07969,0.08324,147781068,82239867
2026-08-20 17:00:00,0.08325,0.08355,0.0825,0.08281,95940008,45907517
2026-08-20 18:00:00,0.08281,0.08319,0.07963,0.07963,90718723,45670815
2026-08-20 19:00:00,0.07964,0.0804,0.07941,0.07971,52625022,28092866
2026-08-20 20:00:00,0.0797,0.08017,0.07963,0.0801,26397582,15365842
2026-08-20 21:00:00,0.08011,0.08062,0.08008,0.08021,24725298,10586654
2026-08-20 22:00:00,0.08021,0.08031,0.07908,0.07937,46475246,21697170
2026-08-20 23:00:00,0.07937,0.0807,0.07937,0.08047,40342881,17684126
2026-08-21 00:00:00,0.08046,0.08366,0.08029,0.0813,108333917,65647736
2026-08-21 01:00:00,0.0813,0.08304,0.08119,0.08254,84124951,46312136
2026-08-21 02:00:00,0.08255,0.08278,0.08141,0.08144,62545090,29300951
2026-08-21 03:00:00,0.08144,0.08237,0.08122,0.08179,33648301,18786695
2026-08-21 04:00:00,0.08178,0.08247,0.08178,0.08232,49294181,24188130
2026-08-21 05:00:00,0.08232,0.08282,0.08207,0.08272,40338092,25921932
2026-08-21 06:00:00,0.08271,0.08404,0.08263,0.08324,91139070,44188013
2026-08-21 07:00:00,0.08323,0.08454,0.08318,0.08347,71392367,35164195
2026-08-21 08:00:00,0.08348,0.08577,0.0834,0.08566,90982238,48092132
2026-08-21 09:00:00,0.08566,0.08574,0.08263,0.0845,182498826,98834046
2026-08-21 10:00:00,0.0845,0.08473,0.0835,0.08451,73791291,36900495
2026-08-21 11:00:00,0.08451,0.0847,0.08259,0.08302,68112209,33563707
2026-08-21 12:00:00,0.08302,0.0843,0.08266,0.08396,45849066,18288443
2026-08-21 13:00:00,0.08397,0.08438,0.08269,0.08399,45314858,20825734
2026-08-21 14:00:00,0.084,0.08434,0.08293,0.08424,46968164,25426790
2026-08-21 15:00:00,0.08423,0.08479,0.08362,0.08382,59144711,31411964
2026-08-21 16:00:00,0.08383,0.08483,0.08343,0.08471,41065615,21473208
2026-08-21 17:00:00,0.08471,0.08523,0.08393,0.0844,38201835,17552883
2026-08-21 18:00:00,0.08441,0.08534,0.08363,0.08433,53096157,25283039
2026-08-21 19:00:00,0.08432,0.08514,0.08362,0.08493,37322049,18430726
2026-08-21 20:00:00,0.08494,0.08741,0.08472,0.08735,99059694,52887293
2026-08-21 21:00:00,0.08736,0.0918,0.08703,0.09169,176667693,107529543
2026-08-21 22:00:00,0.0917,0.09472,0.09131,0.09416,221179823,114566205
2026-08-21 23:00:00,0.09417,0.09437,0.09102,0.09155,135958807,67387162
2026-08-22 00:00:00,0.09155,0.09194,0.09014,0.09178,88932809,44462854
2026-08-22 01:00:00,0.09178,0.09239,0.091,0.09144,63646138,29167633
2026-08-22 02:00:00,0.09144,0.09392,0.09129,0.09375,91782760,49453583
2026-08-22 03:00:00,0.09376,0.09719,0.09343,0.09567,136235304,70405355
2026-08-22 04:00:00,0.09567,0.1008,0.09487,0.09852,255094248,132792295
2026-08-22 05:00:00,0.09851,0.0996,0.083,0.09183,657381124,340274180
2026-08-22 06:00:00,0.09184,0.09372,0.09073,0.09269,133492941,70748431
2026-08-22 07:00:00,0.09269,0.09392,0.09147,0.09305,90267505,44868636
2026-08-22 08:00:00,0.09306,0.09348,0.09051,0.09148,111335793,47710580
2026-08-22 09:00:00,0.09149,0.09238,0.09007,0.09074,97302590,44808810
2026-08-22 10:00:00,0.09075,0.09086,0.08769,0.08968,138907701,68083348
2026-08-22 11:00:00,0.08968,0.09032,0.08906,0.08988,50028253,28056988
2026-08-22 12:00:00,0.08988,0.0921,0.08955,0.0915,55769351,28462252
2026-08-22 13:00:00,0.0915,0.09196,0.09072,0.09122,46629458,22508551
2026-08-22 14:00:00,0.09123,0.09138,0.08984,0.09021,59844376,28786517
2026-08-22 15:00:00,0.09021,0.09067,0.08951,0.09032,38286711,16551130
2026-08-22 16:00:00,0.09033,0.09224,0.08978,0.09168,52726721,28098430
2026-08-22 17:00:00,0.09168,0.09357,0.09118,0.09318,67604101,33779986
2026-08-22 18:00:00,0.09319,0.09392,0.09221,0.09287,64155363,33318961
2026-08-22 19:00:00,0.09288,0.09381,0.09214,0.09352,41971749,22110017
2026-08-22 20:00:00,0.09352,0.09532,0.09338,0.09425,81482444,43973459
2026-08-22 21:00:00,0.09424,0.09433,0.0913,0.09166,73722346,37427242
2026-08-22 22:00:00,0.09165,0.09259,0.09122,0.09195,52211203,25528649
2026-08-22 23:00:00,0.09196,0.09214,0.09112,0.09188,23166097,11642278
2026-08-23 00:00:00,0.09187,0.09434,0.09184,0.09394,55014983,33054899
2026-08-23 01:00:00,0.09394,0.09406,0.09286,0.09296,39000863,20707116
2026-08-23 02:00:00,0.09296,0.09313,0.09134,0.09186,57899790,27795130
2026-08-23 03:00:00,0.09186,0.09211,0.09059,0.09111,57972435,26363223
2026-08-23 04:00:00,0.0911,0.09176,0.08929,0.08949,89701952,39454330
2026-08-23 05:00:00,0.08949,0.09076,0.08873,0.08949,71798747,33469067
2026-08-23 06:00:00,0.0895,0.09052,0.08895,0.08977,49806095,22466221
2026-08-23 07:00:00,0.08978,0.09069,0.08962,0.09029,24890736,13254888
2026-08-23 08:00:00,0.09029,0.0915,0.09017,0.09094,30974796,16062457
2026-08-23 09:00:00,0.09093,0.09139,0.09043,0.0911,35078953,20825994
2026-08-23 10:00:00,0.0911,0.09288,0.09104,0.09222,64716209,35366274
2026-08-23 11:00:00,0.09222,0.09309,0.09195,0.09275,32926100,19602916
2026-08-23 12:00:00,0.09274,0.0928,0.0919,0.09236,27402099,9587240
2026-08-23 13:00:00,0.09235,0.09388,0.09215,0.09373,49582918,30347540
2026-08-23 14:00:00,0.09373,0.09454,0.09091,0.09268,96422963,49976603
2026-08-23 15:00:00,0.09268,0.09309,0.0917,0.09243,35433101,18169035
2026-08-23 16:00:00,0.09244,0.09285,0.09193,0.09285,29352842,14552447
2026-08-23 17:00:00,0.09284,0.09317,0.0919,0.0926,33809168,17926872
2026-08-23 18:00:00,0.0926,0.09337,0.09241,0.093,30684383,16425604
2026-08-23 19:00:00,0.09301,0.09308,0.092,0.09242,21937699,9846370
2026-08-23 20:00:00,0.09241,0.09296,0.09201,0.09284,16616556,8535330
2026-08-23 21:00:00,0.09283,0.09453,0.09282,0.09332,34426080,16796660
2026-08-23 22:00:00,0.09333,0.09371,0.09267,0.09311,38034445,18854223
2026-08-23 23:00:00,0.0931,0.09387,0.09267,0.09342,35629697,15897194
2026-08-24 00:00:00,0.09342,0.09364,0.09133,0.09275,49808273,21579423
2026-08-24 01:00:00,0.09275,0.09278,0.09039,0.0907,38619417,17922908
2026-08-24 02:00:00,0.09069,0.09233,0.09066,0.09175,35804359,15782622
2026-08-24 03:00:00,0.09176,0.09191,0.09086,0.09122,46860161,20812676
2026-08-24 04:00:00,0.09121,0.09244,0.09121,0.0922,26734180,12947655
2026-08-24 05:00:00,0.0922,0.09313,0.09134,0.092,42038484,21167133
2026-08-24 06:00:00,0.09199,0.09222,0.09126,0.09165,29744213,15450433
2026-08-24 07:00:00,0.09164,0.09267,0.09134,0.09139,26112727,14960549
2026-08-24 08:00:00,0.09139,0.09146,0.09018,0.09078,74085280,42071001
2026-08-24 09:00:00,0.09077,0.09156,0.09072,0.0912,22381786,13298071
2026-08-24 10:00:00,0.09121,0.09181,0.09076,0.09094,42952780,22802949
2026-08-24 11:00:00,0.09094,0.09271,0.09031,0.09223,65403722,29456522
2026-08-24 12:00:00,0.09223,0.09339,0.09122,0.09324,58831550,30596123
2026-08-24 13:00:00,0.09325,0.09332,0.09035,0.09089,94224437,43239340
2026-08-24 14:00:00,0.09088,0.09247,0.09077,0.09194,63631327,30736005
2026-08-24 15:00:00,0.09193,0.09283,0.09086,0.09124,76740869,38876519
2026-08-24 16:00:00,0.09124,0.0923,0.09075,0.09104,56688306,32630353
2026-08-24 17:00:00,0.09104,0.0911,0.088,0.08896,136425293,66703702
2026-08-24 18:00:00,0.08896,0.08971,0.08893,0.08921,38202755,20960996
2026-08-24 19:00:00,0.08921,0.08942,0.08866,0.08906,24826853,11175541
2026-08-24 20:00:00,0.08907,0.08953,0.08863,0.08944,20061087,9482695
2026-08-24 21:00:00,0.08944,0.09029,0.08944,0.09026,19783742,11474223
2026-08-24 22:00:00,0.09027,0.09028,0.0893,0.08956,34982655,19567715
2026-08-24 23:00:00,0.08957,0.09029,0.08921,0.09011,17666011,8757658
2026-08-25 00:00:00,0.09011,0.09178,0.08972,0.09143,55391463,28728478
2026-08-25 01:00:00,0.09143,0.09164,0.09074,0.09106,26840605,12251361
2026-08-25 02:00:00,0.09107,0.093,0.09083,0.09202,75242900,41616204
2026-08-25 03:00:00,0.09203,0.09303,0.09158,0.09194,48828527,23863096
2026-08-25 04:00:00,0.09194,0.09222,0.09159,0.09206,28808634,14981179
2026-08-25 05:00:00,0.09207,0.09309,0.09195,0.09268,37671094,22452664
2026-08-25 06:00:00,0.09268,0.09299,0.09162,0.09191,27985580,16486026
2026-08-25 07:00:00,0.09191,0.0925,0.09016,0.09082,57120783,31162088
2026-08-25 08:00:00,0.09082,0.09157,0.09049,0.09105,31510458,15942819
2026-08-25 09:00:00,0.09104,0.09134,0.0898,0.09045,30521585,13649363
2026-08-25 10:00:00,0.09045,0.09083,0.09021,0.09063,21329273,12139519
2026-08-25 11:00:00,0.09063,0.09086,0.09013,0.09016,17078972,7605573
2026-08-25 12:00:00,0.09015,0.09029,0.08918,0.09014,39780915,16465116
2026-08-25 13:00:00,0.09014,0.09023,0.087,0.08828,116968726,58707763
2026-08-25 14:00:00,0.08828,0.08939,0.08804,0.08908,43348423,24920265
2026-08-25 15:00:00,0.08908,0.08934,0.08853,0.0892,19723624,10403208
2026-08-25 16:00:00,0.08921,0.08941,0.0887,0.08903,14711239,8497601
2026-08-25 17:00:00,0.08903,0.08904,0.08822,0.08886,16585901,8087217
2026-08-25 18:00:00,0.08886,0.08901,0.08857,0.08872,18275221,9467822
2026-08-25 19:00:00,0.08873,0.08885,0.08786,0.08808,24258177,10385651
2026-08-25 20:00:00,0.08807,0.08814,0.08578,0.08579,76059411,33461215
2026-08-25 21:00:00,0.0858,0.08666,0.08483,0.08636,58458331,26146718
2026-08-25 22:00:00,0.08635,0.08705,0.08635,0.08682,29172073,17979191
2026-08-25 23:00:00,0.08681,0.08698,0.08556,0.0857,34001298,12882312
2026-08-26 00:00:00,0.08569,0.08639,0.08545,0.08615,36356805,18466045
2026-08-26 01:00:00,0.08614,0.08676,0.08608,0.08649,22511898,12275604
2026-08-26 02:00:00,0.08649,0.08701,0.08609,0.08681,25623661,18018671
2026-08-26 03:00:00,0.0868,0.0869,0.08646,0.08666,14057344,7675394
2026-08-26 04:00:00,0.08666,0.08696,0.08624,0.08631,19860564,9187679
2026-08-26 05:00:00,0.08632,0.0869,0.08603,0.0868,13941501,6640115
2026-08-26 06:00:00,0.08679,0.08707,0.08629,0.0867,17073081,9768668
2026-08-26 07:00:00,0.08669,0.08697,0.08655,0.08663,17073163,7576537
2026-08-26 08:00:00,0.08663,0.08697,0.08623,0.08641,13560101,5740662
2026-08-26 09:00:00,0.08641,0.08659,0.0855,0.08595,14309655,6488866
2026-08-26 10:00:00,0.08595,0.0871,0.08579,0.08683,16615054,8064590
2026-08-26 11:00:00,0.08684,0.08709,0.08611,0.08635,30847445,18431332
2026-08-26 12:00:00,0.08634,0.08699,0.08568,0.08635,27749864,13365718
2026-08-26 13:00:00,0.08634,0.08653,0.08522,0.08595,39679479,20264324
2026-08-26 14:00:00,0.08594,0.08617,0.0843,0.08442,54481659,21214501
2026-08-26 15:00:00,0.08443,0.08475,0.08385,0.08452,36757077,15983510
2026-08-26 16:00:00,0.08451,0.08474,0.08386,0.08431,27833427,13339840
2026-08-26 17:00:00,0.0843,0.08543,0.08427,0.08498,16086091,9350167
2026-08-26 18:00:00,0.08498,0.08525,0.08465,0.0851,30869949,19484149
2026-08-26 19:00:00,0.0851,0.08544,0.08485,0.08487,17317425,11904514
2026-08-26 20:00:00,0.08487,0.0853,0.08442,0.08529,11054698,5647969
2026-08-26 21:00:00,0.08529,0.0864,0.08526,0.08629,25791089,13794465
2026-08-26 22:00:00,0.08629,0.08717,0.08613,0.08654,37354627,18385319
2026-08-26 23:00:00,0.08653,0.08783,0.0864,0.0877,41313324,26017618
2026-08-27 00:00:00,0.08769,0.0877,0.08651,0.08654,24412587,11527306
2026-08-27 01:00:00,0.08654,0.08752,0.08626,0.08706,30613783,15271821
2026-08-27 02:00:00,0.08706,0.08748,0.08672,0.08686,10423737,5276842
2026-08-27 03:00:00,0.08687,0.0872,0.08665,0.08681,12566751,8094012
2026-08-27 04:00:00,0.08682,0.0871,0.08652,0.0867,15804516,7791558
2026-08-27 05:00:00,0.0867,0.08715,0.08622,0.08702,17356515,11445180
2026-08-27 06:00:00,0.08701,0.08705,0.08644,0.087,19465732,8693654
2026-08-27 07:00:00,0.087,0.0872,0.08686,0.08715,11602260,6500706
2026-08-27 08:00:00,0.08715,0.08986,0.08712,0.08919,107826178,58407890
2026-08-27 09:00:00,0.08918,0.09,0.0887,0.08887,45602449,21246762
2026-08-27 10:00:00,0.08887,0.08922,0.08762,0.0883,50848565,24762459
2026-08-27 11:00:00,0.08829,0.08876,0.08784,0.08831,20438478,8565628
2026-08-27 12:00:00,0.0883,0.08867,0.08723,0.08763,34839841,18597264
2026-08-27 13:00:00,0.08763,0.08816,0.08722,0.08813,33919705,17891215
2026-08-27 14:00:00,0.08813,0.08942,0.08789,0.08902,52364816,31514405
2026-08-27 15:00:00,0.08902,0.08975,0.08868,0.0887,36086608,13937178
2026-08-27 16:00:00,0.08869,0.08977,0.08862,0.08927,37160164,21635141
2026-08-27 17:00:00,0.08927,0.08998,0.08892,0.08911,27022552,13803685
2026-08-27 18:00:00,0.08911,0.08915,0.08794,0.08876,23523298,11808379
2026-08-27 19:00:00,0.08876,0.08899,0.08845,0.08866,13916294,6168920
2026-08-27 20:00:00,0.08866,0.08882,0.08831,0.08874,10853767,5571692
2026-08-27 21:00:00,0.08875,0.0889,0.08826,0.08877,19264149,10001240
2026-08-27 22:00:00,0.08876,0.08946,0.08875,0.0891,15554438,8348702
2026-08-27 23:00:00,0.08909,0.08932,0.08882,0.08914,19354491,9615034
2026-08-28 00:00:00,0.08914,0.08928,0.08851,0.08902,25679182,11839181
2026-08-28 01:00:00,0.08902,0.09033,0.08899,0.08912,31559515,17366150
2026-08-28 02:00:00,0.08911,0.08912,0.08739,0.08788,43193278,15917157
2026-08-28 03:00:00,0.08788,0.08808,0.08733,0.08776,16842478,7886245
2026-08-28 04:00:00,0.08777,0.08825,0.08725,0.08763,25748768,13011976
2026-08-28 05:00:00,0.08763,0.08799,0.08739,0.08775,15995219,8255167
2026-08-28 06:00:00,0.08775,0.08834,0.08775,0.08821,11770626,6391955
2026-08-28 07:00:00,0.08821,0.08824,0.08748,0.08751,38953107,12888066
2026-08-28 08:00:00,0.08752,0.0878,0.08683,0.08716,49572312,18120946
2026-08-28 09:00:00,0.08715,0.08729,0.08636,0.08638,39209567,17940750
2026-08-28 10:00:00,0.08639,0.08712,0.08562,0.08712,58839659,34930866
2026-08-28 11:00:00,0.08713,0.08739,0.08688,0.08701,18307727,7551047
2026-08-28 12:00:00,0.08701,0.08714,0.08663,0.08687,7203186,2634809
2026-08-28 13:00:00,0.08686,0.0872,0.08656,0.08686,21265879,10504336
2026-08-28 14:00:00,0.08687,0.08794,0.08555,0.08772,77955539,40717665
2026-08-28 15:00:00,0.08772,0.08802,0.08573,0.08589,51653731,20604124
2026-08-28 16:00:00,0.08589,0.08605,0.084,0.08541,72376012,30237171
2026-08-28 17:00:00,0.0854,0.08563,0.08499,0.08505,33409181,14711193
2026-08-28 18:00:00,0.08505,0.08513,0.08381,0.08438,28247781,14474846
2026-08-28 19:00:00,0.08437,0.08481,0.08435,0.08467,13912501,7574296
2026-08-28 20:00:00,0.08467,0.08491,0.08446,0.0848,8671002,4585815
2026-08-28 21:00:00,0.08481,0.08507,0.08443,0.08455,8921226,4377307
2026-08-28 22:00:00,0.08456,0.08529,0.08448,0.08516,11800271,6668304
2026-08-28 23:00:00,0.08515,0.08528,0.08506,0.08524,12760249,7664497
2026-08-29 00:00:00,0.08525,0.08542,0.08512,0.08518,6787387,4121241
2026-08-29 01:00:00,0.08517,0.08543,0.08503,0.08532,8997642,4851737
2026-08-29 02:00:00,0.08531,0.08536,0.08491,0.08502,13499637,5369036
2026-08-29 03:00:00,0.08503,0.08514,0.0848,0.08484,15868357,9009316
2026-08-29 04:00:00,0.08484,0.08519,0.0848,0.08517,11080203,7486091
2026-08-29 05:00:00,0.08516,0.08531,0.085,0.08508,9284406,3453030
2026-08-29 06:00:00,0.08508,0.0851,0.08427,0.08444,12029200,5557582
2026-08-29 07:00:00,0.08443,0.08471,0.08427,0.08444,12421729,4331184
2026-08-29 08:00:00,0.08444,0.08455,0.08419,0.08434,21695559,9410963
2026-08-29 09:00:00,0.08435,0.08457,0.0842,0.08446,23781530,9193317
2026-08-29 10:00:00,0.08446,0.0847,0.08418,0.08445,10516927,5357079
2026-08-29 11:00:00,0.08445,0.08459,0.08441,0.08448,5338224,3024090
2026-08-29 12:00:00,0.08449,0.08504,0.08446,0.08481,9241492,5123770
2026-08-29 13:00:00,0.08481,0.08501,0.08468,0.08494,9203195,5034748
2026-08-29 14:00:00,0.08494,0.08571,0.08487,0.08561,17040384,10154684
2026-08-29 15:00:00,0.08561,0.08565,0.08507,0.08517,12032246,6270748
2026-08-29 16:00:00,0.08518,0.08558,0.0851,0.08526,15529768,7021847
2026-08-29 17:00:00,0.08526,0.08537,0.08477,0.08511,7383491,3333109
2026-08-29 18:00:00,0.08512,0.08555,0.08504,0.08526,9457622,5060047
2026-08-29 19:00:00,0.08526,0.08552,0.08517,0.08525,12452033,6170864
2026-08-29 20:00:00,0.08524,0.08549,0.08514,0.08523,6329826,3377243
2026-08-29 21:00:00,0.08524,0.08531,0.08508,0.08511,8887188,6106756
2026-08-29 22:00:00,0.0851,0.0852,0.08498,0.08516,7336810,2948392
2026-08-29 23:00:00,0.08516,0.08533,0.08501,0.08529,12324152,5890710
2026-08-30 00:00:00,0.0853,0.08551,0.08514,0.08517,13217343,6459278
2026-08-30 01:00:00,0.08516,0.08519,0.08478,0.08491,13113358,5878469
2026-08-30 02:00:00,0.08492,0.0852,0.08485,0.08505,13953333,7631306
2026-08-30 03:00:00,0.08505,0.08519,0.08492,0.08503,7484773,3923409
2026-08-30 04:00:00,0.08504,0.0851,0.08457,0.08488,19698190,7490623
2026-08-30 05:00:00,0.08488,0.08521,0.08487,0.0851,9205865,4784935
2026-08-30 06:00:00,0.08509,0.08521,0.08491,0.08518,12577149,6215121
2026-08-30 07:00:00,0.08519,0.08521,0.08458,0.08463,18378098,9127352
2026-08-30 08:00:00,0.08464,0.08479,0.08448,0.08462,16798534,6595644
2026-08-30 09:00:00,0.08461,0.08471,0.08437,0.0846,11994163,6224189
2026-08-30 10:00:00,0.0846,0.08504,0.08449,0.08488,14043334,8363893
2026-08-30 11:00:00,0.08488,0.0851,0.08481,0.08497,14836758,7599646
2026-08-30 12:00:00,0.08498,0.0855,0.08489,0.08543,25046213,14133678
2026-08-30 13:00:00,0.08542,0.08584,0.0852,0.0857,27146423,18192957
2026-08-30 14:00:00,0.08571,0.08571,0.08535,0.08546,12294479,5388426
2026-08-30 15:00:00,0.08545,0.08556,0.08502,0.08537,15092470,7607174
2026-08-30 16:00:00,0.08538,0.08647,0.08529,0.08637,26382564,13968017
2026-08-30 17:00:00,0.08637,0.0865,0.08525,0.08595,37003154,18718621
2026-08-30 18:00:00,0.08594,0.08648,0.08557,0.08637,18497692,7879502
2026-08-30 19:00:00,0.08637,0.08637,0.08553,0.08582,17236662,7918690
2026-08-30 20:00:00,0.08582,0.08597,0.08473,0.08514,29860799,12957768
2026-08-30 21:00:00,0.08514,0.08514,0.0839,0.0846,57970177,23024480
2026-08-30 22:00:00,0.08461,0.08501,0.08325,0.08367,42928057,17339426
2026-08-30 23:00:00,0.08367,0.08367,0.08081,0.08205,131064717,50697800
2026-08-31 00:00:00,0.08205,0.08274,0.08162,0.08241,23954054,12638012
2026-08-31 01:00:00,0.08241,0.08251,0.08153,0.0816,35972813,19502247
2026-08-31 02:00:00,0.0816,0.08243,0.08142,0.0818,20048276,10517743
2026-08-31 03:00:00,0.08181,0.08255,0.08174,0.08227,14220099,7364496
2026-08-31 04:00:00,0.08228,0.08229,0.08186,0.08213,14009862,7090339
2026-08-31 05:00:00,0.08212,0.08305,0.08201,0.0828,30572852,16198726
2026-08-31 06:00:00,0.0828,0.08295,0.08259,0.08274,18349634,10125765
2026-08-31 07:00:00,0.08274,0.08293,0.08255,0.08273,19042449,10234412
2026-08-31 08:00:00,0.08273,0.083,0.08242,0.0828,13969117,7386450
2026-08-31 09:00:00,0.0828,0.08318,0.08269,0.08286,20973156,9992623
2026-08-31 10:00:00,0.08286,0.08328,0.08256,0.08308,15092452,7854153
2026-08-31 11:00:00,0.08309,0.08314,0.08258,0.08265,13320114,6777030
2026-08-31 12:00:00,0.08266,0.08306,0.08225,0.08266,28174572,10881980
2026-08-31 13:00:00,0.08267,0.08298,0.082,0.08216,19075702,10016304
2026-08-31 14:00:00,0.08217,0.08327,0.08207,0.08303,30057259,17499452
2026-08-31 15:00:00,0.08304,0.0833,0.08256,0.08283,22220293,11079868
2026-08-31 16:00:00,0.08283,0.08327,0.08267,0.08291,15878327,7663490
2026-08-31 17:00:00,0.0829,0.08351,0.08273,0.08333,20964420,9509820
2026-08-31 18:00:00,0.08332,0.08398,0.08308,0.08345,24823395,13748900
2026-08-31 19:00:00,0.08346,0.08372,0.08308,0.08324,11890068,5395734
2026-08-31 20:00:00,0.08324,0.08356,0.08315,0.08326,8549606,3897284
2026-08-31 21:00:00,0.08327,0.08348,0.0829,0.08336,18313112,9336824
2026-08-31 22:00:00,0.08336,0.08344,0.08294,0.08305,5973783,3144521
2026-08-31 23:00:00,0.08304,0.08304,0.08265,0.08285,5366779,2684143
2026-09-01 00:00:00,0.08285,0.08329,0.08276,0.08307,19061049,9071445
2026-09-01 01:00:00,0.08308,0.08326,0.08251,0.08282,19173419,10614181
2026-09-01 02:00:00,0.08281,0.08301,0.08251,0.08288,13132302,6108175
2026-09-01 03:00:00,0.08287,0.08346,0.08281,0.08321,12730778,6597087
2026-09-01 04:00:00,0.08321,0.08347,0.08311,0.08318,10189817,5989495
2026-09-01 05:00:00,0.08318,0.08396,0.08315,0.08387,15223992,7778060
2026-09-01 06:00:00,0.08386,0.08386,0.0834,0.08342,23997069,11628080
2026-09-01 07:00:00,0.08341,0.08375,0.08314,0.08337,30881310,15990373
2026-09-01 08:00:00,0.08337,0.08341,0.08227,0.08229,51044875,22452355
2026-09-01 09:00:00,0.08229,0.08252,0.08213,0.08242,20463754,9904804
2026-09-01 10:00:00,0.08241,0.08306,0.08235,0.08286,18692883,9685416
2026-09-01 11:00:00,0.08286,0.08337,0.08271,0.0832,19062859,9337973
2026-09-01 12:00:00,0.0832,0.08322,0.08235,0.08257,17252629,5971682
2026-09-01 13:00:00,0.08257,0.08286,0.08176,0.08274,42640595,18123438
2026-09-01 14:00:00,0.08274,0.08315,0.08265,0.08277,17663241,9614239
2026-09-01 15:00:00,0.08278,0.08296,0.08199,0.08272,30334597,13518131
2026-09-01 16:00:00,0.08273,0.08274,0.08178,0.08215,20747929,10053724
2026-09-01 17:00:00,0.08216,0.0826,0.08193,0.08204,21341587,10658470
2026-09-01 18:00:00,0.08204,0.08216,0.0807,0.08171,50458470,18055542
2026-09-01 19:00:00,0.08172,0.08222,0.08168,0.08195,12045346,6560220
2026-09-01 20:00:00,0.08196,0.08215,0.08156,0.08199,20321435,10158157
2026-09-01 21:00:00,0.08199,0.082,0.08101,0.0815,26232841,12622730
2026-09-01 22:00:00,0.0815,0.08176,0.08123,0.08147,15674739,8650158
2026-09-01 23:00:00,0.08146,0.08189,0.08139,0.08167,14685381,6691976
2026-09-02 00:00:00,0.08168,0.08175,0.08115,0.08116,13778133,3943116
2026-09-02 01:00:00,0.08115,0.0814,0.08028,0.08071,39993661,20059020
2026-09-02 02:00:00,0.08072,0.08133,0.08059,0.08116,25281086,13450477
2026-09-02 03:00:00,0.08117,0.08177,0.0811,0.08153,22879640,13374358
2026-09-02 04:00:00,0.08153,0.08184,0.08114,0.08175,18477610,9975161
2026-09-02 05:00:00,0.08174,0.08207,0.08153,0.08201,22157892,14072273
2026-09-02 06:00:00,0.08202,0.08211,0.08155,0.08179,26880488,14161492
2026-09-02 07:00:00,0.08179,0.08199,0.08164,0.08167,9734847,5788931
2026-09-02 08:00:00,0.08168,0.08175,0.08079,0.08099,15990773,7279585
2026-09-02 09:00:00,0.08099,0.08128,0.08058,0.08091,55907136,27937549
2026-09-02 10:00:00,0.0809,0.08093,0.08013,0.08081,43644292,19574534
2026-09-02 11:00:00,0.08081,0.08127,0.08054,0.08124,17508857,10093012
2026-09-02 12:00:00,0.08124,0.08143,0.08078,0.08083,16177296,8264457
2026-09-02 13:00:00,0.08084,0.08207,0.08074,0.08172,38777003,19639014
2026-09-02 14:00:00,0.08172,0.08197,0.0815,0.08151,23860426,10136172
2026-09-02 15:00:00,0.08151,0.08181,0.0807,0.08167,35929120,16994780
2026-09-02 16:00:00,0.08167,0.0819,0.08139,0.08139,19029140,9175862
2026-09-02 17:00:00,0.08139,0.08156,0.08085,0.08146,34256329,23846834
2026-09-02 18:00:00,0.08146,0.08175,0.08129,0.08147,22916928,10905271
2026-09-02 19:00:00,0.08146,0.08155,0.08097,0.0813,13217935,6125439
2026-09-02 20:00:00,0.08131,0.08193,0.08127,0.08169,42207092,26013106
2026-09-02 21:00:00,0.0817,0.08187,0.0815,0.08168,11485421,6846367
2026-09-02 22:00:00,0.08168,0.08168,0.08088,0.08105,23562217,10624383
2026-09-02 23:00:00,0.08106,0.08181,0.08095,0.08176,18312544,11315193
2026-09-03 00:00:00,0.08176,0.08195,0.08124,0.08142,23922662,11480039
2026-09-03 01:00:00,0.08141,0.08265,0.08116,0.0822,44561313,24553012
2026-09-03 02:00:00,0.0822,0.08329,0.08206,0.0832,40604695,15888318
2026-09-03 03:00:00,0.08321,0.08323,0.08256,0.08279,22586150,10668127
2026-09-03 04:00:00,0.0828,0.083,0.08245,0.08299,19264200,10740313
2026-09-03 05:00:00,0.08299,0.08311,0.08207,0.083,27599701,14439983
2026-09-03 06:00:00,0.083,0.08312,0.08274,0.083,20236316,12216169
2026-09-03 07:00:00,0.08299,0.0837,0.08266,0.0829,48155457,25420138
2026-09-03 08:00:00,0.0829,0.08363,0.08288,0.08317,19864707,11941068
2026-09-03 09:00:00,0.08317,0.08333,0.08277,0.08281,15732563,8490205
2026-09-03 10:00:00,0.0828,0.08311,0.08253,0.08297,17910351,9073427
2026-09-03 11:00:00,0.08298,0.0834,0.08287,0.08328,20836526,11396038
2026-09-03 12:00:00,0.08327,0.0838,0.08311,0.08368,36127297,21583976
2026-09-03 13:00:00,0.08367,0.08378,0.08327,0.08352,23782234,9626915
2026-09-03 14:00:00,0.08351,0.08795,0.08331,0.08792,127811189,74313034
2026-09-03 15:00:00,0.08792,0.08942,0.08679,0.0892,192274084,96055437
2026-09-03 16:00:00,0.0892,0.08999,0.08809,0.08948,127769968,57297151
2026-09-03 17:00:00,0.08948,0.08981,0.08885,0.08939,78358710,37886360
2026-09-03 18:00:00,0.08939,0.08969,0.08894,0.08958,42238335,21898479
2026-09-03 19:00:00,0.08958,0.08996,0.08904,0.08932,29717162,17439892
2026-09-03 20:00:00,0.08932,0.08936,0.08842,0.08864,52839452,22668849
2026-09-03 21:00:00,0.08864,0.08939,0.08828,0.08829,42963679,22051171
2026-09-03 22:00:00,0.08828,0.08837,0.08712,0.08746,50563550,18579160
2026-09-03 23:00:00,0.08746,0.08796,0.08742,0.08782,24651929,11130881
2026-09-04 00:00:00,0.08782,0.0881,0.087,0.08705,43526309,20218862
2026-09-04 01:00:00,0.08706,0.08749,0.0868,0.08715,49040305,25176473
2026-09-04 02:00:00,0.08716,0.08729,0.08658,0.08728,17758084,8817675
2026-09-04 03:00:00,0.08729,0.08752,0.08716,0.08716,11029580,6526097
2026-09-04 04:00:00,0.08716,0.08759,0.08704,0.08728,15683769,9897066
2026-09-04 05:00:00,0.08727,0.0874,0.08663,0.08696,33480339,17884640
2026-09-04 06:00:00,0.08696,0.0872,0.08653,0.08709,18443324,11363954
2026-09-04 07:00:00,0.08708,0.08754,0.087,0.08703,30227599,16815481
2026-09-04 08:00:00,0.08704,0.08769,0.08676,0.08766,35965395,19157533
2026-09-04 09:00:00,0.08767,0.08836,0.08745,0.08769,62275458,34174585
2026-09-04 10:00:00,0.08769,0.08777,0.08721,0.08771,21279018,10532292
2026-09-04 11:00:00,0.08771,0.08802,0.08756,0.08777,24948477,14013860
2026-09-04 12:00:00,0.08776,0.08805,0.08399,0.08502,298831500,130690688
2026-09-04 13:00:00,0.08501,0.08587,0.08467,0.08524,53998807,25068489
2026-09-04 14:00:00,0.08524,0.08543,0.08378,0.08419,56090333,24724276
2026-09-04 15:00:00,0.08419,0.08467,0.084,0.0844,32921222,16781260
2026-09-04 16:00:00,0.08439,0.08491,0.08427,0.08464,27262035,14664255
2026-09-04 17:00:00,0.08465,0.08467,0.08402,0.08413,13762770,7231680
2026-09-04 18:00:00,0.08413,0.08474,0.08412,0.0847,11934014,7611842
2026-09-04 19:00:00,0.0847,0.08505,0.0844,0.08474,49628052,17432844
2026-09-04 20:00:00,0.08474,0.08485,0.0846,0.08474,18063385,11394353
2026-09-04 21:00:00,0.08474,0.08497,0.08444,0.08446,17062457,8851591
2026-09-04 22:00:00,0.08447,0.08466,0.08443,0.08453,13257156,7350275
2026-09-04 23:00:00,0.08453,0.08483,0.08443,0.08477,8521990,5355210
2026-09-05 00:00:00,0.08478,0.08486,0.08457,0.08464,12504964,6673307
2026-09-05 01:00:00,0.08464,0.08495,0.08453,0.08463,21823638,11803968
2026-09-05 02:00:00,0.08463,0.08488,0.08402,0.0846,52684301,18289106
2026-09-05 03:00:00,0.0846,0.08475,0.08454,0.0846,14853121,7047934
2026-09-05 04:00:00,0.08461,0.0848,0.08447,0.08465,10978533,5005322
2026-09-05 05:00:00,0.08465,0.0848,0.0845,0.08467,17560407,9774559
2026-09-05 06:00:00,0.08467,0.08568,0.08465,0.08555,44503551,23439373
2026-09-05 07:00:00,0.08555,0.08585,0.0855,0.08578,28895002,18066703
2026-09-05 08:00:00,0.08578,0.08596,0.08548,0.08581,23873627,13477367
2026-09-05 09:00:00,0.08581,0.08635,0.08581,0.08608,19279842,11372176
2026-09-05 10:00:00,0.08608,0.08624,0.08583,0.08585,21237043,10534600
2026-09-05 11:00:00,0.08585,0.08625,0.08585,0.08612,20713486,10554925
2026-09-05 12:00:00,0.08612,0.08759,0.0861,0.08732,60355816,28526697
2026-09-05 13:00:00,0.08733,0.08816,0.08698,0.08723,61187774,31533568
2026-09-05 14:00:00,0.08723,0.08813,0.08715,0.08776,40423867,19997281
2026-09-05 15:00:00,0.08775,0.088,0.08734,0.0876,51592349,23531977
2026-09-05 16:00:00,0.0876,0.08856,0.08733,0.08803,56516606,36549843
2026-09-05 17:00:00,0.08802,0.09515,0.08778,0.09423,229609224,130897857
2026-09-05 18:00:00,0.09422,0.09476,0.0916,0.09181,191579206,109054829
2026-09-05 19:00:00,0.09181,0.09191,0.09038,0.09079,85776626,45085904
2026-09-05 20:00:00,0.09079,0.09131,0.09035,0.09068,73569620,42452761
2026-09-05 21:00:00,0.09069,0.09138,0.0899,0.0906,45170719,25108047
2026-09-05 22:00:00,0.0906,0.09108,0.0899,0.09011,91630293,31688334
2026-09-05 23:00:00,0.0901,0.09013,0.0893,0.08969,33631552,17056226
2026-09-06 00:00:00,0.08969,0.09044,0.08968,0.09023,34849429,19774977
2026-09-06 01:00:00,0.09023,0.09096,0.09012,0.09079,52347815,27387220
2026-09-06 02:00:00,0.0908,0.09104,0.09062,0.09095,30483651,17345539
2026-09-06 03:00:00,0.09095,0.09172,0.09071,0.09131,32867026,17459484
2026-09-06 04:00:00,0.09131,0.09132,0.09031,0.09053,37190402,18027760
2026-09-06 05:00:00,0.09053,0.09201,0.09037,0.09154,74404626,43061445
2026-09-06 06:00:00,0.09154,0.09203,0.09109,0.09113,77723592,25243519
2026-09-06 07:00:00,0.09113,0.09133,0.09037,0.09086,46336550,22497454
2026-09-06 08:00:00,0.09086,0.09101,0.09049,0.09068,24467339,10594081
2026-09-06 09:00:00,0.09068,0.0912,0.08825,0.09026,102026966,52082825
2026-09-06 10:00:00,0.09026,0.09039,0.08956,0.09009,31184473,14786108
2026-09-06 11:00:00,0.09008,0.09021,0.08979,0.09012,38838685,19043404
2026-09-06 12:00:00,0.09011,0.09013,0.08965,0.08967,29275332,14967770
2026-09-06 13:00:00,0.08967,0.09,0.0892,0.08973,44088117,22186837
2026-09-06 14:00:00,0.08973,0.08974,0.0877,0.08857,95174387,40644034
2026-09-06 15:00:00,0.08856,0.08907,0.0879,0.08897,34736057,16894887
2026-09-06 16:00:00,0.08896,0.08942,0.08869,0.0893,28726487,15992950
2026-09-06 17:00:00,0.0893,0.08946,0.08893,0.08918,25444443,14255427
2026-09-06 18:00:00,0.08918,0.08961,0.08913,0.08946,15881320,10094107
2026-09-06 19:00:00,0.08946,0.08958,0.08935,0.08957,12421228,5784676
2026-09-06 20:00:00,0.08957,0.09041,0.08947,0.09027,26641148,14546133
2026-09-06 21:00:00,0.09028,0.09079,0.09013,0.09048,21240892,12762605
2026-09-06 22:00:00,0.09048,0.09049,0.08963,0.09028,28963617,13740941
2026-09-06 23:00:00,0.09028,0.09108,0.09021,0.09092,25796329,14210670
2026-09-07 00:00:00,0.09092,0.09123,0.0907,0.09098,26753401,12213000
2026-09-07 01:00:00,0.09099,0.09113,0.08971,0.09014,57364690,25763612
2026-09-07 02:00:00,0.09014,0.09142,0.08978,0.09014,41889078,21418218
2026-09-07 03:00:00,0.09013,0.09038,0.0892,0.08935,28062460,10958854
2026-09-07 04:00:00,0.08936,0.08982,0.08933,0.08975,29305153,15082224
2026-09-07 05:00:00,0.08975,0.09065,0.08973,0.09015,25119813,12867472
2026-09-07 06:00:00,0.09016,0.09061,0.08979,0.08984,21027005,11487609
2026-09-07 07:00:00,0.08983,0.09007,0.08855,0.08941,58445262,28639463
2026-09-07 08:00:00,0.08942,0.09006,0.08936,0.08957,33196726,17332406
2026-09-07 09:00:00,0.08958,0.0901,0.08918,0.08926,23873352,11702562
2026-09-07 10:00:00,0.08926,0.08982,0.08923,0.08957,26164420,10683055
2026-09-07 11:00:00,0.08958,0.08984,0.08941,0.08981,18998461,10274333
2026-09-07 12:00:00,0.0898,0.09148,0.08975,0.09135,46285498,25983727
2026-09-07 13:00:00,0.09135,0.09188,0.09042,0.09093,54778117,26316205
2026-09-07 14:00:00,0.09093,0.09103,0.08978,0.09063,57869649,28314446
2026-09-07 15:00:00,0.09063,0.09067,0.08866,0.08899,58996049,21825660
2026-09-07 16:00:00,0.08899,0.09029,0.08898,0.09012,41048917,29537819
2026-09-07 17:00:00,0.09012,0.09044,0.09001,0.09009,18835287,9322282
2026-09-07 18:00:00,0.0901,0.09018,0.08958,0.08989,17122212,10145805
2026-09-07 19:00:00,0.08988,0.09074,0.08972,0.09056,16707758,10170657
2026-09-07 20:00:00,0.09056,0.091,0.09005,0.09058,24543420,11622640
2026-09-07 21:00:00,0.09059,0.09073,0.09026,0.09037,15479663,8431779
2026-09-07 22:00:00,0.09037,0.09077,0.08967,0.09013,29142138,13680122
2026-09-07 23:00:00,0.09012,0.09089,0.09009,0.09051,23189290,11902846
2026-09-08 00:00:00,0.09051,0.0917,0.09032,0.09136,60442313,34916940
2026-09-08 01:00:00,0.09135,0.0917,0.091,0.09123,36461158,19480774
2026-09-08 02:00:00,0.09124,0.09152,0.08997,0.08998,29787221,12784690
2026-09-08 03:00:00,0.08997,0.09028,0.08956,0.08997,30517564,16133726
2026-09-08 04:00:00,0.08997,0.09006,0.08956,0.08966,24849115,13261850
2026-09-08 05:00:00,0.08966,0.09034,0.08937,0.08961,54422401,30619891
2026-09-08 06:00:00,0.08961,0.08981,0.08891,0.08927,49062465,24161758
2026-09-08 07:00:00,0.08927,0.08984,0.08896,0.0893,25817306,13075194
2026-09-08 08:00:00,0.0893,0.08962,0.08883,0.0893,50487403,36297888
2026-09-08 09:00:00,0.0893,0.09079,0.089,0.0904,46841492,25656639
2026-09-08 10:00:00,0.09041,0.09097,0.09012,0.09012,31611749,14412436
2026-09-08 11:00:00,0.09013,0.0902,0.08924,0.08955,33590653,16327670
2026-09-08 12:00:00,0.08956,0.08957,0.08855,0.08932,44805589,19296998
2026-09-08 13:00:00,0.08932,0.08949,0.088,0.0891,46521304,21670095
2026-09-08 14:00:00,0.0891,0.08983,0.08897,0.08972,42868517,24688298
2026-09-08 15:00:00,0.08971,0.09086,0.08962,0.09065,57664147,30047490
2026-09-08 16:00:00,0.09065,0.09087,0.08983,0.09063,52701941,29620124
2026-09-08 17:00:00,0.09064,0.09084,0.08987,0.09005,32188263,16005584
2026-09-08 18:00:00,0.09004,0.09079,0.08922,0.08954,31089184,15503224
2026-09-08 19:00:00,0.08953,0.09008,0.08932,0.08958,32540291,16395282
2026-09-08 20:00:00,0.08957,0.09045,0.08948,0.08965,21043456,10757693
2026-09-08 21:00:00,0.08966,0.09006,0.08927,0.08956,15563971,7975273
2026-09-08 22:00:00,0.08956,0.09011,0.08953,0.09002,15180649,7903980
2026-09-08 23:00:00,0.09003,0.09014,0.08984,0.09005,21256483,10803104
2026-09-09 00:00:00,0.09004,0.09095,0.09002,0.09054,38546468,19401269
2026-09-09 01:00:00,0.09055,0.09068,0.08988,0.09028,27052123,14443745
2026-09-09 02:00:00,0.09027,0.09047,0.08967,0.08994,25976623,13089735
2026-09-09 03:00:00,0.08993,0.08996,0.0894,0.0896,19397102,10961889
2026-09-09 04:00:00,0.0896,0.09083,0.0896,0.09062,29432466,13695664
2026-09-09 05:00:00,0.09063,0.09077,0.08987,0.0901,29273485,12618932
2026-09-09 06:00:00,0.09011,0.0907,0.09,0.09045,14867839,7440337
2026-09-09 07:00:00,0.09046,0.09097,0.09042,0.09089,21873265,9752234
2026-09-09 08:00:00,0.0909,0.09149,0.09079,0.09143,33418144,19069138
2026-09-09 09:00:00,0.09144,0.09146,0.09007,0.09011,27123578,11960779
2026-09-09 10:00:00,0.09011,0.09083,0.0901,0.09076,29070827,12460865
2026-09-09 11:00:00,0.09077,0.09096,0.09016,0.09086,24194981,11926174
2026-09-09 12:00:00,0.09085,0.09159,0.09069,0.09134,37312732,20777846
2026-09-09 13:00:00,0.09135,0.09139,0.09017,0.09034,34494666,15991460
2026-09-09 14:00:00,0.09034,0.09064,0.08968,0.08982,57273529,24348113
2026-09-09 15:00:00,0.08982,0.09039,0.08811,0.08893,97723427,48415687
2026-09-09 16:00:00,0.08893,0.0894,0.08854,0.08916,36727515,19921477
2026-09-09 17:00:00,0.08916,0.0894,0.08887,0.08909,19558424,9729041
2026-09-09 18:00:00,0.0891,0.08915,0.08856,0.08858,15755907,6833317
2026-09-09 19:00:00,0.08858,0.08873,0.08653,0.08703,65346092,31421734
2026-09-09 20:00:00,0.08703,0.08713,0.08591,0.08703,57865322,26809862
2026-09-09 21:00:00,0.08704,0.08707,0.08613,0.08649,23116492,10365112
2026-09-09 22:00:00,0.0865,0.08659,0.08481,0.08556,77127295,31547947
2026-09-09 23:00:00,0.08556,0.08627,0.08555,0.08616,19778248,10093681
2026-09-10 00:00:00,0.08617,0.08623,0.08554,0.08561,39181450,17789237
2026-09-10 01:00:00,0.08562,0.08628,0.08513,0.08553,39167573,19426721
2026-09-10 02:00:00,0.08553,0.08605,0.08531,0.08602,19997247,9641679
2026-09-10 03:00:00,0.08602,0.08623,0.08581,0.08598,30909439,16926344
2026-09-10 04:00:00,0.08599,0.08615,0.08572,0.08575,22902946,10101381
2026-09-10 05:00:00,0.08576,0.0862,0.08548,0.08606,27892796,14953090
2026-09-10 06:00:00,0.08606,0.08607,0.08543,0.08579,20154307,8167875
2026-09-10 07:00:00,0.08578,0.08579,0.08481,0.08535,28167524,11899369
2026-09-10 08:00:00,0.08535,0.08554,0.08521,0.08528,33068866,19365531
2026-09-10 09:00:00,0.08529,0.08537,0.0848,0.08496,34640676,20572631
2026-09-10 10:00:00,0.08496,0.08544,0.08491,0.08504,28007202,13867544
2026-09-10 11:00:00,0.08504,0.08553,0.0848,0.08512,22941396,11483344
2026-09-10 12:00:00,0.08512,0.08547,0.08229,0.08376,108051722,47880169
2026-09-10 13:00:00,0.08375,0.0842,0.08321,0.08399,80144495,37032325
2026-09-10 14:00:00,0.084,0.08429,0.08342,0.08382,34211933,14115175
2026-09-10 15:00:00,0.08381,0.08385,0.08329,0.08373,34035183,17026071
2026-09-10 16:00:00,0.08372,0.08382,0.0827,0.08354,40757634,17125073
2026-09-10 17:00:00,0.08355,0.08421,0.0834,0.08388,33468992,14980434
2026-09-10 18:00:00,0.08388,0.08403,0.08328,0.08401,14911503,6282093
2026-09-10 19:00:00,0.084,0.08432,0.0838,0.08393,26833726,12363679
2026-09-10 20:00:00,0.08393,0.08435,0.08387,0.08418,10894693,6429184
2026-09-10 21:00:00,0.08418,0.0843,0.08396,0.08408,21408249,12561771
2026-09-10 22:00:00,0.08409,0.08428,0.0835,0.08354,13438018,4679446
2026-09-10 23:00:00,0.08355,0.08361,0.08284,0.08291,33268098,13260596
2026-09-11 00:00:00,0.08291,0.08356,0.08285,0.08346,20604620,11001391
2026-09-11 01:00:00,0.08345,0.08366,0.08298,0.08355,37040348,12498501
2026-09-11 02:00:00,0.08355,0.08363,0.08317,0.08349,13213571,6332146
2026-09-11 03:00:00,0.08349,0.08378,0.08328,0.08375,20787298,12241269
2026-09-11 04:00:00,0.08375,0.08422,0.08368,0.08408,19347735,10061940
2026-09-11 05:00:00,0.08409,0.08415,0.08389,0.08412,13652979,7124922
2026-09-11 06:00:00,0.08411,0.08419,0.08384,0.084,16072778,6829317
2026-09-11 07:00:00,0.084,0.08419,0.08376,0.0838,12535861,5653838
2026-09-11 08:00:00,0.0838,0.08423,0.08371,0.08404,8989122,5300482
2026-09-11 09:00:00,0.08404,0.08408,0.08337,0.08368,12548753,5968307
2026-09-11 10:00:00,0.08368,0.0839,0.08338,0.08338,15333314,7158647
2026-09-11 11:00:00,0.08338,0.08371,0.08291,0.08369,17115705,7651817
2026-09-11 12:00:00,0.08369,0.08548,0.0823,0.08517,121417560,62894581
2026-09-11 13:00:00,0.08518,0.08752,0.08429,0.08743,82502553,45739544
2026-09-11 14:00:00,0.08742,0.0883,0.08602,0.0865,97550468,48997697
2026-09-11 15:00:00,0.08651,0.08687,0.08442,0.08499,63468300,30734969
2026-09-11 16:00:00,0.08498,0.08588,0.08473,0.08584,33310619,17085830
2026-09-11 17:00:00,0.08584,0.08595,0.08486,0.08497,16660778,7594986
2026-09-11 18:00:00,0.08496,0.08504,0.08361,0.08409,40400228,18645121
2026-09-11 19:00:00,0.08409,0.08458,0.08372,0.08449,23581167,11023957
2026-09-11 20:00:00,0.08449,0.08475,0.08406,0.08438,23726001,13063713
2026-09-11 21:00:00,0.08438,0.08471,0.08385,0.08398,12063810,6573463
2026-09-11 22:00:00,0.08399,0.08431,0.08357,0.08381,35619863,19363550
2026-09-11 23:00:00,0.08381,0.08435,0.08377,0.0843,8445621,4458819
2026-09-12 00:00:00,0.08431,0.08442,0.08409,0.0842,17544497,5811851
2026-09-12 01:00:00,0.0842,0.08459,0.08413,0.08442,10928849,6000884
2026-09-12 02:00:00,0.08441,0.08461,0.08433,0.08449,13702592,8154989
2026-09-12 03:00:00,0.08448,0.08461,0.08435,0.08445,10118566,5083132
2026-09-12 04:00:00,0.08445,0.08456,0.08426,0.08438,8538408,3944185
2026-09-12 05:00:00,0.08437,0.08452,0.08424,0.08442,9515972,4732975
2026-09-12 06:00:00,0.08442,0.08458,0.08433,0.08442,11145991,5709759
2026-09-12 07:00:00,0.08443,0.08483,0.0844,0.08477,8843489,4820416
2026-09-12 08:00:00,0.08477,0.0849,0.08463,0.08479,10418239,6506588
2026-09-12 09:00:00,0.0848,0.08499,0.08475,0.08495,13422300,7058824
2026-09-12 10:00:00,0.08496,0.08517,0.08485,0.08501,11418575,5349072
2026-09-12 11:00:00,0.085,0.08513,0.08492,0.08505,9410699,2929144
2026-09-12 12:00:00,0.08506,0.08518,0.08494,0.08505,13134627,5860943
2026-09-12 13:00:00,0.08504,0.08511,0.0848,0.08498,17473493,7096600
2026-09-12 14:00:00,0.08497,0.08522,0.08496,0.08515,8606598,4150044
2026-09-12 15:00:00,0.08515,0.08538,0.08498,0.0851,24781352,11915321
2026-09-12 16:00:00,0.0851,0.08517,0.08496,0.08504,9188401,3433641
2026-09-12 17:00:00,0.08504,0.08511,0.08482,0.08499,8237810,2878363
2026-09-12 18:00:00,0.08499,0.08499,0.08468,0.08474,11333365,5182615
2026-09-12 19:00:00,0.08475,0.0849,0.0846,0.0848,10060907,4517122
2026-09-12 20:00:00,0.0848,0.08499,0.08474,0.08478,7134081,2579070
2026-09-12 21:00:00,0.08477,0.08497,0.08463,0.08464,7206291,3299985
2026-09-12 22:00:00,0.08465,0.0849,0.08458,0.08467,13922640,7043709
2026-09-12 23:00:00,0.08466,0.0849,0.08465,0.08483,3999527,1258718
2026-09-13 00:00:00,0.08482,0.0849,0.08469,0.08485,2950864,1155493
2026-09-13 01:00:00,0.08485,0.08507,0.08479,0.08498,13280604,7147251
2026-09-13 02:00:00,0.08499,0.08521,0.08482,0.08494,14176070,6878476
2026-09-13 03:00:00,0.08495,0.08515,0.08464,0.08471,21454547,9804090
2026-09-13 04:00:00,0.08472,0.08487,0.08461,0.08471,9461927,3335395
2026-09-13 05:00:00,0.08472,0.08495,0.0847,0.08485,3856893,2139831
2026-09-13 06:00:00,0.08485,0.08487,0.08431,0.08443,10629423,5407364
2026-09-13 07:00:00,0.08444,0.0846,0.08414,0.08416,11906290,5221188
2026-09-13 08:00:00,0.08416,0.08429,0.08327,0.08356,25180481,11238837
2026-09-13 09:00:00,0.08355,0.08372,0.08313,0.08356,13617201,7369091
2026-09-13 10:00:00,0.08356,0.08364,0.08321,0.08332,8805034,4985706
2026-09-13 11:00:00,0.08332,0.08362,0.08325,0.08355,5528216,3015474
2026-09-13 12:00:00,0.08355,0.08361,0.08327,0.08345,10513683,4181427
2026-09-13 13:00:00,0.08344,0.08352,0.08286,0.08343,15412560,7470623
2026-09-13 14:00:00,0.08343,0.08393,0.08342,0.08378,22663056,11885334
2026-09-13 15:00:00,0.08378,0.08381,0.08346,0.0835,9574180,4115356
2026-09-13 16:00:00,0.08349,0.08399,0.08349,0.08397,10947406,5637234
2026-09-13 17:00:00,0.08398,0.08466,0.08398,0.08444,17734506,8211839
2026-09-13 18:00:00,0.08444,0.08459,0.08432,0.08451,4759263,2345953
2026-09-13 19:00:00,0.08452,0.0846,0.0841,0.08417,11232719,5491953
2026-09-13 20:00:00,0.08417,0.08454,0.08417,0.08446,5396298,2826054
2026-09-13 21:00:00,0.08446,0.08448,0.084,0.08403,5551100,2505436
2026-09-13 22:00:00,0.08402,0.08402,0.08209,0.08229,55358040,21686078
2026-09-13 23:00:00,0.08228,0.08275,0.08214,0.0824,27267940,12976029
2026-09-14 00:00:00,0.0824,0.08287,0.08191,0.08267,29300207,12713626
2026-09-14 01:00:00,0.08266,0.08315,0.08234,0.08311,21835981,12374910
2026-09-14 02:00:00,0.08311,0.08423,0.08304,0.08407,35058915,16775836
2026-09-14 03:00:00,0.08406,0.08431,0.08376,0.08391,14460769,6033020
2026-09-14 04:00:00,0.08391,0.0842,0.08384,0.08405,16062841,8161280
2026-09-14 05:00:00,0.08404,0.08431,0.08398,0.08426,21625118,11398987
2026-09-14 06:00:00,0.08426,0.0846,0.08409,0.0843,22322778,10336168
2026-09-14 07:00:00,0.08431,0.08445,0.08417,0.08437,10885449,5985511
2026-09-14 08:00:00,0.08437,0.08459,0.08406,0.08416,22472816,12455920
2026-09-14 09:00:00,0.08416,0.08486,0.08381,0.08444,34508009,17211259
2026-09-14 10:00:00,0.08444,0.08456,0.08423,0.08438,17100603,7483245
2026-09-14 11:00:00,0.08438,0.08448,0.08402,0.08412,15780746,7798731
2026-09-14 12:00:00,0.08413,0.08444,0.08355,0.08371,19436712,9593078
2026-09-14 13:00:00,0.08371,0.08437,0.08313,0.08371,36074998,17708632
2026-09-14 14:00:00,0.08371,0.08429,0.08362,0.08382,30366242,15643573
2026-09-14 15:00:00,0.08382,0.08434,0.08357,0.08405,32413286,18191452
2026-09-14 16:00:00,0.08405,0.08475,0.0839,0.08447,20871079,11734609
2026-09-14 17:00:00,0.08447,0.08497,0.08437,0.08481,21873545,11044870
2026-09-14 18:00:00,0.08482,0.08534,0.08466,0.08504,34118153,17589939
2026-09-14 19:00:00,0.08504,0.08505,0.08459,0.08472,22590188,10443756
2026-09-14 20:00:00,0.08472,0.08616,0.08471,0.08517,31612564,15635398
2026-09-14 21:00:00,0.08517,0.08518,0.08436,0.08437,24703909,12822784
2026-09-14 22:00:00,0.08438,0.08469,0.08398,0.08408,21168511,9102927
2026-09-14 23:00:00,0.08408,0.08416,0.08359,0.08366,16234025,9185439
2026-09-15 00:00:00,0.08365,0.0839,0.08355,0.08373,11938312,5946679
2026-09-15 01:00:00,0.08373,0.08399,0.08352,0.08379,9469195,4902097
2026-09-15 02:00:00,0.08378,0.08393,0.08372,0.0838,9063029,4698367
2026-09-15 03:00:00,0.0838,0.08381,0.08329,0.08331,26544371,8967601
2026-09-15 04:00:00,0.08331,0.08343,0.08311,0.08318,16906655,8274009
2026-09-15 05:00:00,0.08318,0.08336,0.08267,0.08319,30849226,16188068
2026-09-15 06:00:00,0.08318,0.0833,0.08247,0.08269,18064672,8265097
2026-09-15 07:00:00,0.0827,0.08297,0.08243,0.08254,22507756,9130196
2026-09-15 08:00:00,0.08254,0.08267,0.08231,0.08266,20765748,9304118
2026-09-15 09:00:00,0.08265,0.08288,0.08254,0.08264,17596531,7633546
2026-09-15 10:00:00,0.08264,0.08286,0.08253,0.08278,17561614,8280602
2026-09-15 11:00:00,0.08279,0.08292,0.08228,0.08251,20127700,8586016
2026-09-15 12:00:00,0.08251,0.08305,0.08247,0.08283,19951408,9353458
2026-09-15 13:00:00,0.08283,0.08341,0.082,0.08283,32031054,14764790
2026-09-15 14:00:00,0.08283,0.08296,0.08053,0.08129,111872885,58069284
2026-09-15 15:00:00,0.08128,0.08217,0.08112,0.08169,39618472,20173211
2026-09-15 16:00:00,0.08168,0.08184,0.0813,0.08162,20119066,8700099
2026-09-15 17:00:00,0.08161,0.08256,0.08122,0.0821,24171645,14295537
2026-09-15 18:00:00,0.0821,0.08246,0.07841,0.08082,196046129,86249737
2026-09-15 19:00:00,0.08082,0.08124,0.08046,0.0809,56088787,27444311
2026-09-15 20:00:00,0.08089,0.08103,0.07983,0.0805,31110146,11976962
2026-09-15 21:00:00,0.0805,0.08051,0.07946,0.07958,25774489,13432464
2026-09-15 22:00:00,0.07958,0.08033,0.07939,0.08022,30900706,13668728
2026-09-15 23:00:00,0.08022,0.08066,0.08002,0.08008,24459542,11235908
2026-09-16 00:00:00,0.08009,0.08029,0.08,0.08011,15788303,7651758
2026-09-16 01:00:00,0.08011,0.08029,0.07948,0.07949,20782925,8707328
2026-09-16 02:00:00,0.07949,0.08042,0.07946,0.08009,20768501,10099299
2026-09-16 03:00:00,0.08009,0.08044,0.07991,0.08003,20646324,10168407
2026-09-16 04:00:00,0.08004,0.08077,0.08002,0.08027,26097821,13162404
2026-09-16 05:00:00,0.08027,0.08035,0.07992,0.08013,17470270,8712969
2026-09-16 06:00:00,0.08014,0.08026,0.07992,0.08024,18198783,11141795
2026-09-16 07:00:00,0.08023,0.08044,0.07962,0.07967,16310716,7119183
2026-09-16 08:00:00,0.07967,0.07969,0.07916,0.07954,22781561,10292333
2026-09-16 09:00:00,0.07953,0.07997,0.07953,0.07992,13648921,6233449
2026-09-16 10:00:00,0.07991,0.08005,0.07972,0.08005,15320905,8836714
2026-09-16 11:00:00,0.08005,0.08041,0.07988,0.08021,16856423,8261402
2026-09-16 12:00:00,0.08022,0.08032,0.07927,0.07937,23969083,10637762
2026-09-16 13:00:00,0.07936,0.07959,0.07887,0.07929,45320797,27014013
2026-09-16 14:00:00,0.07929,0.07932,0.07877,0.07904,34464111,17575470
2026-09-16 15:00:00,0.07904,0.0794,0.07877,0.07904,19869467,9323788
2026-09-16 16:00:00,0.07904,0.07939,0.07891,0.0793,14912311,6109525
2026-09-16 17:00:00,0.07929,0.0793,0.07831,0.0789,44858727,20556896
2026-09-16 18:00:00,0.07891,0.08062,0.07843,0.07958,107315658,45776029
2026-09-16 19:00:00,0.07959,0.0806,0.07907,0.08042,52762720,24004063
2026-09-16 20:00:00,0.08042,0.08084,0.08025,0.0807,30737029,15655022
2026-09-16 21:00:00,0.08071,0.08074,0.08024,0.08052,15017637,5875911
2026-09-16 22:00:00,0.08054,0.08059,0.0798,0.07997,22347548,9087579
2026-09-16 23:00:00,0.07997,0.08103,0.0799,0.08091,28988366,14306051
2026-09-17 00:00:00,0.08091,0.08111,0.08066,0.08066,25146063,12059140
2026-09-17 01:00:00,0.08067,0.08136,0.08045,0.08104,28996721,17761056
2026-09-17 02:00:00,0.08105,0.08145,0.08056,0.08092,27913311,15314351
2026-09-17 03:00:00,0.08091,0.08134,0.08091,0.08117,17054787,7554716
2026-09-17 04:00:00,0.08117,0.08118,0.08068,0.08108,21767518,10056681
2026-09-17 05:00:00,0.08108,0.08119,0.08077,0.08083,14639930,6517450
2026-09-17 06:00:00,0.08083,0.08114,0.08078,0.08099,6670344,3159856
2026-09-17 07:00:00,0.08099,0.08137,0.08094,0.08119,23527412,11401518
2026-09-17 08:00:00,0.08119,0.08171,0.08115,0.08157,23193644,12445407
2026-09-17 09:00:00,0.08158,0.08171,0.08099,0.08105,20032936,10266539
2026-09-17 10:00:00,0.08104,0.08108,0.08063,0.08081,17096861,8838857
2026-09-17 11:00:00,0.08081,0.08109,0.08059,0.081,17597046,8208055
2026-09-17 12:00:00,0.081,0.08183,0.08091,0.08128,37233571,17494740
2026-09-17 13:00:00,0.08129,0.08151,0.08064,0.08148,24039159,9638911
2026-09-17 14:00:00,0.08148,0.08255,0.08113,0.08166,51814799,27832626
2026-09-17 15:00:00,0.08167,0.08208,0.08113,0.082,19993559,9564176
2026-09-17 16:00:00,0.08199,0.08212,0.08151,0.08212,23431030,11040369
2026-09-17 17:00:00,0.08212,0.0823,0.08172,0.08177,17366389,7520069
2026-09-17 18:00:00,0.08177,0.08181,0.08134,0.08145,14372427,7189031
2026-09-17 19:00:00,0.08146,0.08188,0.0814,0.08169,10148900,4713691
2026-09-17 20:00:00,0.0817,0.08198,0.08164,0.08179,7789165,4178373
2026-09-17 21:00:00,0.0818,0.08191,0.08138,0.08142,9249534,4005889
2026-09-17 22:00:00,0.08142,0.08157,0.08117,0.08153,20076729,10303396
2026-09-17 23:00:00,0.08153,0.08185,0.08144,0.08172,17179891,8806863
2026-09-18 00:00:00,0.08172,0.08184,0.08138,0.08182,16143887,6080307
2026-09-18 01:00:00,0.08182,0.08251,0.08179,0.08243,16519461,9462599
2026-09-18 02:00:00,0.08242,0.08306,0.08226,0.08287,35885212,19744242
2026-09-18 03:00:00,0.08287,0.08454,0.08284,0.08451,81291441,40424638
2026-09-18 04:00:00,0.08451,0.08464,0.08377,0.08457,56083078,28646717
2026-09-18 05:00:00,0.08457,0.0847,0.08406,0.08417,40258770,16872640
2026-09-18 06:00:00,0.08416,0.0845,0.08411,0.08423,30805169,14679819
2026-09-18 07:00:00,0.08423,0.08459,0.08416,0.08446,44799584,22256940
2026-09-18 08:00:00,0.08447,0.08493,0.0842,0.08489,44167809,21927058
2026-09-18 09:00:00,0.08489,0.086,0.08482,0.08574,82042396,46287444
2026-09-18 10:00:00,0.08574,0.087,0.08572,0.08581,100819115,59290479
2026-09-18 11:00:00,0.0858,0.08585,0.08494,0.08535,58441732,26889040
2026-09-18 12:00:00,0.08535,0.08569,0.08507,0.08546,31934050,14637891
2026-09-18 13:00:00,0.08547,0.08778,0.08511,0.08729,94879376,57721558
2026-09-18 14:00:00,0.0873,0.08819,0.08681,0.08802,93997640,47228841
2026-09-18 15:00:00,0.08802,0.08815,0.08686,0.08751,77074641,33217431
2026-09-18 16:00:00,0.08751,0.08826,0.08732,0.08774,64966332,31202505
2026-09-18 17:00:00,0.08774,0.08775,0.0872,0.08766,57763144,25014291
2026-09-18 18:00:00,0.08765,0.08765,0.08719,0.08738,48457478,19842512
2026-09-18 19:00:00,0.08738,0.08819,0.08735,0.088,52632759,22916791
2026-09-18 20:00:00,0.088,0.08847,0.0877,0.08829,42252052,19828580
2026-09-18 21:00:00,0.08829,0.08852,0.08796,0.08822,38269951,17618781
2026-09-18 22:00:00,0.08823,0.0887,0.088,0.08813,31602328,13594221
2026-09-18 23:00:00,0.08814,0.08823,0.08739,0.08747,31902030,12837200
2026-09-19 00:00:00,0.08747,0.08845,0.08731,0.08792,41905035,21676426
2026-09-19 01:00:00,0.08793,0.08825,0.08705,0.08805,62665814,32899656
2026-09-19 02:00:00,0.08805,0.08892,0.088,0.08832,41179784,25090058
2026-09-19 03:00:00,0.08832,0.08845,0.08776,0.08804,21439800,9419382
2026-09-19 04:00:00,0.08804,0.0884,0.08716,0.08745,28615847,10466922
2026-09-19 05:00:00,0.08744,0.08796,0.0874,0.08748,12178763,5285954
2026-09-19 06:00:00,0.08747,0.08752,0.08676,0.08711,24026806,9200095
2026-09-19 07:00:00,0.08711,0.08735,0.08649,0.0867,22460636,9539507
2026-09-19 08:00:00,0.0867,0.08763,0.08651,0.0873,25273445,13632510
2026-09-19 09:00:00,0.08731,0.0875,0.08683,0.08727,17954835,9385168
2026-09-19 10:00:00,0.08726,0.08807,0.08721,0.08765,25876442,13116441
2026-09-19 11:00:00,0.08766,0.08847,0.08766,0.08841,34035074,17509100
2026-09-19 12:00:00,0.08842,0.08905,0.088,0.089,39398750,20619775
2026-09-19 13:00:00,0.08899,0.08989,0.08845,0.08885,75766044,40079044
2026-09-19 14:00:00,0.08884,0.08987,0.08877,0.08899,51252503,25568012
2026-09-19 15:00:00,0.08899,0.0893,0.08845,0.08894,46358540,22098301
2026-09-19 16:00:00,0.08894,0.08973,0.08857,0.08966,40527225,21984235
2026-09-19 17:00:00,0.08966,0.09135,0.08951,0.08986,91303984,43726767
2026-09-19 18:00:00,0.08986,0.09047,0.08909,0.08972,42671637,17828460
2026-09-19 19:00:00,0.08973,0.09017,0.0891,0.08922,91138611,24887845
2026-09-19 20:00:00,0.08923,0.08939,0.08865,0.08899,41643413,18711495
2026-09-19 21:00:00,0.089,0.08911,0.08677,0.08738,61170404,26522828
2026-09-19 22:00:00,0.08738,0.08788,0.0867,0.08782,39734351,23915276
2026-09-19 23:00:00,0.08781,0.08814,0.08769,0.08772,29041174,14379552
2026-09-20 00:00:00,0.08773,0.08795,0.08743,0.08755,23061322,10404079
2026-09-20 01:00:00,0.08756,0.08759,0.08675,0.08721,31211717,11140596
2026-09-20 02:00:00,0.08722,0.08754,0.0852,0.08543,87376663,35879577
2026-09-20 03:00:00,0.08542,0.0861,0.085,0.08579,56019058,25610319
2026-09-20 04:00:00,0.08579,0.08581,0.08525,0.08547,26165350,10175978
2026-09-20 05:00:00,0.08548,0.08565,0.0852,0.08541,21325552,9904086
2026-09-20 06:00:00,0.0854,0.0856,0.08489,0.08506,31861914,15087190
2026-09-20 07:00:00,0.08506,0.08534,0.08486,0.08489,14661767,6839384
2026-09-20 08:00:00,0.08488,0.08518,0.08449,0.08477,31241448,19002212
2026-09-20 09:00:00,0.08477,0.08544,0.08476,0.08496,25896480,10445108
2026-09-20 10:00:00,0.08496,0.08506,0.08434,0.08468,24638855,13607037
2026-09-20 11:00:00,0.08468,0.08529,0.08463,0.08516,23821328,12923364
2026-09-20 12:00:00,0.08516,0.08545,0.0848,0.08515,27670812,14366822
2026-09-20 13:00:00,0.08514,0.08524,0.08475,0.08495,18810414,10712449
2026-09-20 14:00:00,0.08494,0.0854,0.08478,0.08511,38140530,20675848
2026-09-20 15:00:00,0.08511,0.08586,0.08511,0.08582,45695071,25303146
2026-09-20 16:00:00,0.08583,0.08758,0.08561,0.08754,63168915,32444642
2026-09-20 17:00:00,0.08754,0.08786,0.0867,0.08702,54350328,22857936
2026-09-20 18:00:00,0.08701,0.0873,0.08648,0.08668,19643589,7336879
2026-09-20 19:00:00,0.08668,0.08763,0.08658,0.08738,20499657,11024230
2026-09-20 20:00:00,0.08737,0.08771,0.08723,0.08735,28305896,12243914
2026-09-20 21:00:00,0.08735,0.08737,0.08615,0.08693,36258232,15535438
2026-09-20 22:00:00,0.08693,0.08761,0.08668,0.08749,18944013,10627690
2026-09-20 23:00:00,0.08748,0.08756,0.08709,0.0873,20253479,10211456
2026-09-21 00:00:00,0.0873,0.08899,0.08727,0.08875,69805223,40324764
2026-09-21 01:00:00,0.08874,0.0898,0.08728,0.08749,95386708,49289903
2026-09-21 02:00:00,0.08749,0.08847,0.08722,0.08811,38661784,18379932
2026-09-21 03:00:00,0.0881,0.0888,0.08808,0.08849,24500331,12568194
2026-09-21 04:00:00,0.08849,0.08868,0.08782,0.08835,27646012,14681351
2026-09-21 05:00:00,0.08834,0.08911,0.08806,0.08836,28631525,14431056
2026-09-21 06:00:00,0.08836,0.08948,0.08834,0.08907,40992752,21546108
2026-09-21 07:00:00,0.08907,0.08976,0.08881,0.08974,34847614,17986420
2026-09-21 08:00:00,0.08973,0.09267,0.08967,0.09188,184686633,103421962
2026-09-21 09:00:00,0.09187,0.09488,0.09124,0.09214,276746932,153215481
2026-09-21 10:00:00,0.09214,0.09294,0.09174,0.09291,91199027,38917637
2026-09-21 11:00:00,0.09292,0.09379,0.09277,0.09336,73197436,39098922
2026-09-21 12:00:00,0.09337,0.09398,0.09297,0.09349,73957276,43863036
2026-09-21 13:00:00,0.09349,0.09441,0.09246,0.09328,122644502,60107155
2026-09-21 14:00:00,0.09329,0.09522,0.09225,0.09496,151123835,88742111
2026-09-21 15:00:00,0.09495,0.09818,0.09486,0.09733,304453221,153791410
2026-09-21 16:00:00,0.09732,0.09789,0.09521,0.09665,136469827,63609812
2026-09-21 17:00:00,0.09665,0.09908,0.09649,0.09739,179648909,92730917
2026-09-21 18:00:00,0.0974,0.09996,0.09696,0.0997,168955156,96516711
2026-09-21 19:00:00,0.0997,0.1,0.09755,0.09854,136129647,72834465
2026-09-21 20:00:00,0.09854,0.10114,0.09841,0.10018,158360127,86914918
2026-09-21 21:00:00,0.10017,0.1002,0.09804,0.09927,90843926,51519857
2026-09-21 22:00:00,0.09928,0.10191,0.09928,0.10032,132659274,60311499
2026-09-21 23:00:00,0.10031,0.10211,0.09887,0.09986,101734635,52098490
2026-09-22 00:00:00,0.09987,0.10169,0.09919,0.09942,132539747,67170830
2026-09-22 01:00:00,0.09942,0.1005,0.09783,0.09977,144589513,75868279
2026-09-22 02:00:00,0.09976,0.1008,0.09882,0.09892,120188111,51915593
2026-09-22 03:00:00,0.09891,0.10227,0.0985,0.10193,155569098,85895405
2026-09-22 04:00:00,0.10194,0.10589,0.09956,0.09993,355155175,188613504
2026-09-22 05:00:00,0.09994,0.10035,0.0984,0.10008,110727479,56147712
2026-09-22 06:00:00,0.10008,0.10058,0.09942,0.09976,53530195,29820925
2026-09-22 07:00:00,0.09975,0.09999,0.09876,0.09884,48376187,21019106
2026-09-22 08:00:00,0.09884,0.09979,0.09763,0.09958,83985672,41956056
2026-09-22 09:00:00,0.09957,0.09961,0.09821,0.09878,67148976,38136358
2026-09-22 10:00:00,0.09879,0.09879,0.09735,0.09777,47647454,21655667
2026-09-22 11:00:00,0.09777,0.09829,0.09716,0.09792,41657066,19456629
2026-09-22 12:00:00,0.09793,0.09996,0.09754,0.0999,75623736,36926125
2026-09-22 13:00:00,0.0999,0.1011,0.09944,0.10096,132363666,63732222
2026-09-22 14:00:00,0.10096,0.10116,0.09844,0.09999,132500562,58045670
2026-09-22 15:00:00,0.1,0.10055,0.09931,0.10002,89583315,45812756
2026-09-22 16:00:00,0.10001,0.10021,0.09867,0.09949,63776853,28937227
2026-09-22 17:00:00,0.09949,0.10007,0.09927,0.09972,65799789,37359202
2026-09-22 18:00:00,0.09972,0.10015,0.09922,0.09994,62273407,36870380
2026-09-22 19:00:00,0.09994,0.1006,0.09957,0.10003,70704329,35828680
2026-09-22 20:00:00,0.10003,0.10061,0.09947,0.10011,44315891,24408248
2026-09-22 21:00:00,0.10012,0.10045,0.09976,0.09999,37545123,20446434
2026-09-22 22:00:00,0.09999,0.1011,0.09927,0.10038,54611250,30158654
2026-09-22 23:00:00,0.10038,0.10128,0.09996,0.10044,57560352,29810474
2026-09-23 00:00:00,0.10044,0.10139,0.10022,0.10076,36560565,22009491
2026-09-23 01:00:00,0.10076,0.10271,0.10067,0.10144,76608491,42924126
2026-09-23 02:00:00,0.10143,0.10377,0.10044,0.10347,78215294,45899601
2026-09-23 03:00:00,0.10346,0.10438,0.1025,0.10394,103871187,53784046
2026-09-23 04:00:00,0.10394,0.10432,0.10331,0.10357,75520463,37335928
2026-09-23 05:00:00,0.10357,0.10359,0.10115,0.10142,74416797,42773626
2026-09-23 06:00:00,0.10143,0.10288,0.10122,0.10224,42419734,22918039
2026-09-23 07:00:00,0.10223,0.10229,0.10053,0.10088,76463922,35304789
2026-09-23 08:00:00,0.10089,0.10168,0.09888,0.09972,107262241,49914645
2026-09-23 09:00:00,0.09973,0.10034,0.09954,0.09988,63484430,32047205
2026-09-23 10:00:00,0.09987,0.10018,0.09923,0.10013,62418846,36048717
2026-09-23 11:00:00,0.10014,0.10024,0.09889,0.09936,59367148,24663475
2026-09-23 12:00:00,0.09936,0.0998,0.09874,0.09949,44779120,24142804
2026-09-23 13:00:00,0.09948,0.10007,0.09858,0.09941,62814318,36616335
2026-09-23 14:00:00,0.09941,0.09995,0.093,0.09489,423473210,208485656
2026-09-23 15:00:00,0.09489,0.09525,0.0925,0.09277,136619307,73370347
2026-09-23 16:00:00,0.09277,0.09332,0.09113,0.09244,125581407,67847825
2026-09-23 17:00:00,0.09244,0.09277,0.09155,0.09243,52028392,31587714
2026-09-23 18:00:00,0.09243,0.09256,0.09168,0.09208,96812058,62290730
2026-09-23 19:00:00,0.09208,0.09277,0.09199,0.09235,48296702,32326068
2026-09-23 20:00:00,0.09235,0.09248,0.09182,0.09189,28310806,17200112
2026-09-23 21:00:00,0.09188,0.09274,0.09164,0.09252,35129170,22367957
2026-09-23 22:00:00,0.09252,0.09327,0.09234,0.09262,35844162,21313213
2026-09-23 23:00:00,0.09263,0.09284,0.09235,0.09272,27054674,10218559
2026-09-24 00:00:00,0.09273,0.09343,0.09251,0.09288,26178726,12164101
2026-09-24 01:00:00,0.09289,0.09337,0.09249,0.09262,32452404,15377026
2026-09-24 02:00:00,0.09262,0.0942,0.09202,0.09379,37919690,18119819
2026-09-24 03:00:00,0.0938,0.0943,0.093,0.09318,36088753,19354520
2026-09-24 04:00:00,0.09318,0.09422,0.09293,0.09412,25041581,12704090
2026-09-24 05:00:00,0.09412,0.09519,0.094,0.0941,38824660,19426631
2026-09-24 06:00:00,0.0941,0.09472,0.09393,0.09444,20379917,12201006
2026-09-24 07:00:00,0.09444,0.09496,0.09381,0.09463,29256719,13659481
2026-09-24 08:00:00,0.09462,0.09476,0.09262,0.09333,49586565,23904018
2026-09-24 09:00:00,0.09333,0.09358,0.09141,0.09206,68146543,27874929
2026-09-24 10:00:00,0.09206,0.09278,0.09183,0.09278,32287544,18629239
2026-09-24 11:00:00,0.09277,0.09302,0.0925,0.0927,25962939,14273067
2026-09-24 12:00:00,0.0927,0.09305,0.09218,0.09285,18890796,10008842
2026-09-24 13:00:00,0.09284,0.09458,0.09283,0.09422,47184555,23144314
2026-09-24 14:00:00,0.09422,0.09622,0.09327,0.09428,177913481,83041576
2026-09-24 15:00:00,0.09427,0.09598,0.09399,0.09567,61384964,32520449
2026-09-24 16:00:00,0.09568,0.0975,0.09504,0.09642,119684942,67899710
2026-09-24 17:00:00,0.09641,0.09641,0.0954,0.09594,45180417,23826571
2026-09-24 18:00:00,0.09593,0.09694,0.09527,0.0967,29200379,13595906
2026-09-24 19:00:00,0.0967,0.09674,0.09603,0.09625,25375922,13788867
2026-09-24 20:00:00,0.09624,0.09636,0.09567,0.09578,21751542,11048238
2026-09-24 21:00:00,0.09579,0.09636,0.09564,0.0959,16830672,8222928
2026-09-24 22:00:00,0.09591,0.09591,0.09492,0.09549,39641544,19814294
2026-09-24 23:00:00,0.09549,0.0961,0.09549,0.09579,13135964,4879824
2026-09-25 00:00:00,0.09578,0.0966,0.09577,0.09655,27795767,14884917
2026-09-25 01:00:00,0.09655,0.09697,0.09572,0.09597,22715183,13152771
2026-09-25 02:00:00,0.09597,0.09666,0.09498,0.09511,34396425,15239978
2026-09-25 03:00:00,0.09512,0.09541,0.09459,0.09522,32064700,15344781
2026-09-25 04:00:00,0.09522,0.09584,0.09488,0.09514,22527727,8951996
2026-09-25 05:00:00,0.09513,0.09532,0.09481,0.09513,17034090,8100232
2026-09-25 06:00:00,0.09513,0.09547,0.09456,0.09495,21348153,10900755
2026-09-25 07:00:00,0.09495,0.09555,0.09463,0.09551,21590347,10795155
2026-09-25 08:00:00,0.09551,0.09645,0.09526,0.09622,30285049,19539816
2026-09-25 09:00:00,0.09621,0.09719,0.09619,0.09673,40800588,20716643
2026-09-25 10:00:00,0.09672,0.09716,0.09614,0.09691,29583529,16811206
2026-09-25 11:00:00,0.09691,0.09889,0.09686,0.09805,82722031,43953750
2026-09-25 12:00:00,0.09804,0.09894,0.09659,0.09871,93855541,47769560
2026-09-25 13:00:00,0.09871,0.09912,0.0969,0.09793,99111722,51919682
2026-09-25 14:00:00,0.09793,0.09807,0.09624,0.09784,90163041,45256193
2026-09-25 15:00:00,0.09783,0.09841,0.0964,0.09744,81096888,44567583
2026-09-25 16:00:00,0.09745,0.09835,0.0971,0.09713,66474627,33106729
2026-09-25 17:00:00,0.09714,0.09774,0.09666,0.09711,39208603,19005546
2026-09-25 18:00:00,0.09711,0.09852,0.09692,0.0976,46889679,25192634
2026-09-25 19:00:00,0.0976,0.09829,0.09744,0.09814,23315356,10341453
2026-09-25 20:00:00,0.09814,0.09864,0.09774,0.09784,45379857,22394944
2026-09-25 21:00:00,0.09785,0.09805,0.09725,0.09774,22093346,11168962
2026-09-25 22:00:00,0.09774,0.09984,0.09764,0.09932,57607608,32994286
2026-09-25 23:00:00,0.09932,0.09941,0.09875,0.09897,22284766,11910566
2026-09-26 00:00:00,0.09896,0.09925,0.09805,0.09857,29589846,15639895
2026-09-26 01:00:00,0.09856,0.09971,0.0985,0.09904,40527118,20040583
2026-09-26 02:00:00,0.09904,0.09942,0.09839,0.09848,37942058,20058747
2026-09-26 03:00:00,0.09847,0.0986,0.09786,0.09797,20632890,9762615
2026-09-26 04:00:00,0.09796,0.09844,0.09762,0.09803,20379297,11694440
2026-09-26 05:00:00,0.09803,0.0981,0.09732,0.09744,22898518,12679122
2026-09-26 06:00:00,0.09744,0.09763,0.09726,0.09742,16410218,9695198
2026-09-26 07:00:00,0.09741,0.09804,0.09741,0.09797,15559050,9172536
2026-09-26 08:00:00,0.09796,0.09822,0.09735,0.09779,17506653,8988799
2026-09-26 09:00:00,0.09778,0.09783,0.09682,0.09721,25587135,13119696
2026-09-26 10:00:00,0.09721,0.09812,0.09721,0.09811,20638434,13984464
2026-09-26 11:00:00,0.09812,0.09824,0.09762,0.09766,15604904,9104673
2026-09-26 12:00:00,0.09766,0.09784,0.0971,0.09733,16832716,7817905
2026-09-26 13:00:00,0.09734,0.09759,0.09676,0.09696,18894464,6799495
