t,o,h,l,c,v,taker_buy_v
2025-08-22 12:00:00,3.753,4.003,3.69,3.96,5771279.73,3016018.85
2025-08-22 16:00:00,3.96,4.115,3.96,4.099,3353647.1,1712415.15
2025-08-22 20:00:00,4.099,4.207,4.099,4.18,2321939.14,1251704.15
2025-08-23 00:00:00,4.181,4.193,4.026,4.048,1835199.75,801112.83
2025-08-23 04:00:00,4.047,4.185,4.047,4.145,1195251.03,573793.66
2025-08-23 08:00:00,4.145,4.164,4.12,4.14,1063071.64,510978.84
2025-08-23 12:00:00,4.141,4.173,4.12,4.156,1024654.51,476840.57
2025-08-23 16:00:00,4.156,4.244,4.134,4.235,1153192.47,639995.83
2025-08-23 20:00:00,4.236,4.265,4.182,4.228,1363178.77,679912.69
2025-08-24 00:00:00,4.228,4.24,4.137,4.163,828580.28,402193.26
2025-08-24 04:00:00,4.163,4.172,4.075,4.088,882983.58,395536.51
2025-08-24 08:00:00,4.089,4.113,4.013,4.036,1249205.41,626936.34
2025-08-24 12:00:00,4.036,4.106,4.022,4.061,966933.31,492016.49
2025-08-24 16:00:00,4.062,4.283,4.044,4.133,4348438.23,2141379.62
2025-08-24 20:00:00,4.134,4.161,4.04,4.11,2238724.56,1077585.84
2025-08-25 00:00:00,4.11,4.146,4.034,4.101,1172828.63,533627.79
2025-08-25 04:00:00,4.101,4.109,3.897,3.914,2472879.16,1087749.49
2025-08-25 08:00:00,3.913,3.939,3.853,3.9,2209602.1,1231141.6
2025-08-25 12:00:00,3.901,3.932,3.861,3.87,1216499.83,627841.72
2025-08-25 16:00:00,3.871,3.896,3.77,3.778,1614579.5,792810.01
2025-08-25 20:00:00,3.778,3.795,3.689,3.734,4153235.99,1896801.01
2025-08-26 00:00:00,3.733,3.811,3.708,3.789,1252521.99,671312.78
2025-08-26 04:00:00,3.79,3.815,3.755,3.795,745750.04,368918.21
2025-08-26 08:00:00,3.795,3.813,3.761,3.782,670413.83,283292.98
2025-08-26 12:00:00,3.781,3.856,3.76,3.813,1684372.63,827008.88
2025-08-26 16:00:00,3.814,3.915,3.805,3.908,711069.45,344923.27
2025-08-26 20:00:00,3.907,3.923,3.878,3.887,811064.73,412700.06
2025-08-27 00:00:00,3.887,3.911,3.848,3.892,469410.22,206469.79
2025-08-27 04:00:00,3.892,3.925,3.848,3.852,802390.22,368384.52
2025-08-27 08:00:00,3.852,3.889,3.836,3.884,621875.53,283019.03
2025-08-27 12:00:00,3.883,3.934,3.855,3.912,1264874.82,694281.41
2025-08-27 16:00:00,3.912,3.919,3.842,3.866,847949.62,374966.71
2025-08-27 20:00:00,3.866,3.914,3.824,3.837,1836993.06,926675.96
2025-08-28 00:00:00,3.837,3.877,3.807,3.874,597698.84,293176.07
2025-08-28 04:00:00,3.874,3.942,3.867,3.935,1317039.25,606344.07
2025-08-28 08:00:00,3.934,3.995,3.931,3.965,2548608.48,1794263.64
2025-08-28 12:00:00,3.966,4.021,3.947,3.956,1773787.78,858576.03
2025-08-28 16:00:00,3.957,3.985,3.881,3.881,1933390.9,785035.77
2025-08-28 20:00:00,3.882,4.005,3.874,3.981,1272130.45,682106.33
2025-08-29 00:00:00,3.98,4.002,3.924,3.953,868044.08,455166.05
2025-08-29 04:00:00,3.952,3.96,3.809,3.816,2673753.78,1190873.91
2025-08-29 08:00:00,3.816,3.834,3.75,3.83,1747513.65,884423.83
2025-08-29 12:00:00,3.829,3.914,3.755,3.771,3828102.48,1635148.64
2025-08-29 16:00:00,3.771,3.789,3.725,3.764,1440829.49,654056.81
2025-08-29 20:00:00,3.764,3.787,3.724,3.774,1057971.98,597138.51
2025-08-30 00:00:00,3.775,3.825,3.712,3.819,993489.68,543866.9
2025-08-30 04:00:00,3.819,3.821,3.791,3.813,564492.19,292160.75
2025-08-30 08:00:00,3.813,3.814,3.774,3.796,374064.85,184886.34
2025-08-30 12:00:00,3.797,3.797,3.732,3.787,779370.64,421655.11
2025-08-30 16:00:00,3.787,3.794,3.757,3.793,550395.31,321611.78
2025-08-30 20:00:00,3.793,3.812,3.775,3.811,477814.34,262453.67
2025-08-31 00:00:00,3.81,3.875,3.81,3.86,806879.28,389836.92
2025-08-31 04:00:00,3.861,3.862,3.797,3.802,1218437.45,533024.25
2025-08-31 08:00:00,3.802,3.846,3.785,3.817,969167.29,527400.37
2025-08-31 12:00:00,3.816,3.83,3.778,3.818,479143.18,271967.15
2025-08-31 16:00:00,3.817,3.833,3.787,3.799,719046.36,350248.66
2025-08-31 20:00:00,3.799,3.816,3.735,3.742,865358.72,384279.03
2025-09-01 00:00:00,3.742,3.752,3.674,3.688,1263482.11,601528.99
2025-09-01 04:00:00,3.686,3.821,3.655,3.82,1561395.18,827185.49
2025-09-01 08:00:00,3.821,3.887,3.76,3.769,2475410.4,1149219.07
2025-09-01 12:00:00,3.77,3.798,3.72,3.732,1520743.74,956883.15
2025-09-01 16:00:00,3.733,3.743,3.693,3.74,663380.99,319132.02
2025-09-01 20:00:00,3.741,3.741,3.612,3.693,1793212.26,877171.85
2025-09-02 00:00:00,3.694,3.787,3.676,3.772,908618.62,546446.92
2025-09-02 04:00:00,3.772,3.79,3.747,3.756,815625.05,334228.69
2025-09-02 08:00:00,3.756,3.786,3.751,3.755,539761.93,239608.45
2025-09-02 12:00:00,3.756,3.817,3.692,3.734,1647034.12,826723.52
2025-09-02 16:00:00,3.734,3.789,3.734,3.75,567367.58,263805.13
2025-09-02 20:00:00,3.75,3.826,3.745,3.82,731067.16,402217.86
2025-09-03 00:00:00,3.819,3.841,3.791,3.819,499758.3,216661.81
2025-09-03 04:00:00,3.82,3.828,3.786,3.811,516731.54,270236.44
2025-09-03 08:00:00,3.809,3.851,3.807,3.827,631342.09,352942.55
2025-09-03 12:00:00,3.827,3.906,3.812,3.892,1432722.41,894295.6
2025-09-03 16:00:00,3.892,3.904,3.864,3.893,415113.12,202071.57
2025-09-03 20:00:00,3.893,3.9,3.859,3.865,466619.58,225755.06
2025-09-04 00:00:00,3.866,3.877,3.808,3.81,575382.69,289420.08
2025-09-04 04:00:00,3.811,3.82,3.762,3.786,642308.34,318333.75
2025-09-04 08:00:00,3.786,3.806,3.765,3.782,488665.12,236847.81
2025-09-04 12:00:00,3.782,3.8,3.741,3.758,787788.85,386563.98
2025-09-04 16:00:00,3.756,3.779,3.725,3.739,588095.76,288221.45
2025-09-04 20:00:00,3.74,3.804,3.736,3.764,505683.99,234292.95
2025-09-05 00:00:00,3.764,3.791,3.757,3.784,338186.93,167205.36
2025-09-05 04:00:00,3.784,3.843,3.775,3.839,572508.18,265447.8
2025-09-05 08:00:00,3.84,3.842,3.809,3.83,503319.39,229576.98
2025-09-05 12:00:00,3.83,3.894,3.775,3.809,2441801.26,1204755.62
2025-09-05 16:00:00,3.81,3.829,3.787,3.828,593037.55,293788.21
2025-09-05 20:00:00,3.829,3.848,3.808,3.828,921159.63,446629.54
2025-09-06 00:00:00,3.827,3.885,3.825,3.881,662966.61,310954.84
2025-09-06 04:00:00,3.882,3.882,3.819,3.826,674139.96,306845.62
2025-09-06 08:00:00,3.827,3.829,3.797,3.815,425675.79,202002.71
2025-09-06 12:00:00,3.814,3.825,3.79,3.794,326216.29,141366.54
2025-09-06 16:00:00,3.793,3.823,3.782,3.792,486718.26,250697.89
2025-09-06 20:00:00,3.792,3.835,3.791,3.823,323044.63,158903.78
2025-09-07 00:00:00,3.824,3.862,3.822,3.851,449883.52,230822.76
2025-09-07 04:00:00,3.851,3.87,3.844,3.852,402584.74,204891.22
2025-09-07 08:00:00,3.853,3.867,3.848,3.867,339242.05,159319.3
2025-09-07 12:00:00,3.867,4.089,3.865,3.968,5135381.47,2869489.46
2025-09-07 16:00:00,3.968,4.014,3.951,3.99,1461254.98,772041.14
2025-09-07 20:00:00,3.991,4.017,3.976,3.995,743238.05,358499.75
2025-09-08 00:00:00,3.996,4.074,3.981,4.05,1646261.57,857586.34
2025-09-08 04:00:00,4.05,4.056,3.986,3.997,1387264.99,596768.51
2025-09-08 08:00:00,3.998,4.054,3.995,4.024,1323902.33,622266.29
2025-09-08 12:00:00,4.023,4.077,4.006,4.07,2034197.46,1000473.65
2025-09-08 16:00:00,4.069,4.082,4.015,4.024,932992.8,421366.97
2025-09-08 20:00:00,4.024,4.071,4.003,4.045,889467.71,417631.72
2025-09-09 00:00:00,4.045,4.1,4.004,4.045,1567137.34,734815.71
2025-09-09 04:00:00,4.044,4.174,4.03,4.125,1983753.36,1031880.27
2025-09-09 08:00:00,4.126,4.182,4.119,4.149,1289641.39,613458.54
2025-09-09 12:00:00,4.148,4.182,4.048,4.069,2951469.95,1431630.64
2025-09-09 16:00:00,4.07,4.115,4.03,4.106,906308.55,436692.7
2025-09-09 20:00:00,4.106,4.145,4.088,4.14,775056.5,420012.01
2025-09-10 00:00:00,4.139,4.154,4.098,4.134,1234466.33,495858.27
2025-09-10 04:00:00,4.134,4.134,4.074,4.116,1013414.76,471409.53
2025-09-10 08:00:00,4.116,4.126,4.054,4.082,1347861.16,717091.36
2025-09-10 12:00:00,4.082,4.209,4.077,4.173,2365995.58,1203363.99
2025-09-10 16:00:00,4.174,4.2,4.144,4.161,1252209.77,640917.7
2025-09-10 20:00:00,4.162,4.227,4.159,4.216,957762.25,429936.84
2025-09-11 00:00:00,4.216,4.258,4.197,4.242,1115418.76,547814.66
2025-09-11 04:00:00,4.242,4.244,4.195,4.227,730966.89,349471.83
2025-09-11 08:00:00,4.225,4.228,4.173,4.192,1082462.58,534316.64
2025-09-11 12:00:00,4.193,4.244,4.119,4.162,2231947.88,963317.52
2025-09-11 16:00:00,4.162,4.231,4.16,4.212,795172.6,481485.75
2025-09-11 20:00:00,4.212,4.26,4.203,4.242,980294.13,556972.46
2025-09-12 00:00:00,4.242,4.281,4.201,4.219,1077190.76,557705.29
2025-09-12 04:00:00,4.218,4.271,4.206,4.232,932235.54,521939.77
2025-09-12 08:00:00,4.232,4.232,4.17,4.175,742762.97,362602.71
2025-09-12 12:00:00,4.175,4.247,4.153,4.197,1389974.7,649181.23
2025-09-12 16:00:00,4.197,4.296,4.195,4.292,1316868.95,758738.72
2025-09-12 20:00:00,4.292,4.322,4.249,4.319,1452169.83,858258.82
2025-09-13 00:00:00,4.319,4.382,4.303,4.379,1200974.26,629948.09
2025-09-13 04:00:00,4.378,4.503,4.36,4.457,2406984.44,1276058
2025-09-13 08:00:00,4.457,4.595,4.453,4.584,2588970.12,1301644.26
2025-09-13 12:00:00,4.585,4.626,4.485,4.511,3121180.98,1391736.68
2025-09-13 16:00:00,4.512,4.542,4.417,4.464,1807001.67,870258.55
2025-09-13 20:00:00,4.465,4.517,4.461,4.492,678192.03,361480.51
2025-09-14 00:00:00,4.492,4.498,4.396,4.399,1273348.88,638532.89
2025-09-14 04:00:00,4.399,4.446,4.363,4.419,1066660.61,541690.51
2025-09-14 08:00:00,4.419,4.468,4.367,4.373,932398.22,388874.19
2025-09-14 12:00:00,4.374,4.396,4.28,4.327,1808543.33,865957.26
2025-09-14 16:00:00,4.327,4.377,4.316,4.33,585165.35,297671.63
2025-09-14 20:00:00,4.33,4.372,4.308,4.316,506787.4,226210.91
2025-09-15 00:00:00,4.316,4.378,4.286,4.368,852167.69,423834.05
2025-09-15 04:00:00,4.368,4.405,4.238,4.251,1601401.71,863731.11
2025-09-15 08:00:00,4.25,4.251,4.136,4.19,2282651.89,1167044.6
2025-09-15 12:00:00,4.19,4.205,4.116,4.144,1301766.82,615985.6
2025-09-15 16:00:00,4.143,4.162,4.104,4.144,1292118.66,647204.38
2025-09-15 20:00:00,4.143,4.178,4.137,4.151,573322.08,296420.16
2025-09-16 00:00:00,4.151,4.164,4.121,4.154,986177,458192.17
2025-09-16 04:00:00,4.155,4.209,4.109,4.169,1751943.17,749131.23
2025-09-16 08:00:00,4.17,4.254,4.169,4.209,1712389.02,811185.48
2025-09-16 12:00:00,4.21,4.246,4.151,4.228,1446459.86,674922.1
2025-09-16 16:00:00,4.228,4.286,4.193,4.275,984554.45,488399.05
2025-09-16 20:00:00,4.276,4.295,4.245,4.253,627723.25,283247.05
2025-09-17 00:00:00,4.254,4.264,4.21,4.213,847090.41,406078.19
2025-09-17 04:00:00,4.213,4.242,4.173,4.229,1137268.81,496594.13
2025-09-17 08:00:00,4.23,4.23,4.159,4.18,736739.89,292679.43
2025-09-17 12:00:00,4.181,4.202,4.153,4.168,886051.63,395647.17
2025-09-17 16:00:00,4.167,4.283,4.136,4.283,2464988.28,1251530.18
2025-09-17 20:00:00,4.283,4.432,4.224,4.403,2089277.39,1133665.48
2025-09-18 00:00:00,4.403,4.49,4.373,4.476,1551798.41,836510.6
2025-09-18 04:00:00,4.476,4.518,4.418,4.49,1926031,952313.73
2025-09-18 08:00:00,4.489,4.572,4.476,4.527,1892261.6,1080211.52
2025-09-18 12:00:00,4.526,4.58,4.513,4.549,1947009.09,1112638.77
2025-09-18 16:00:00,4.549,4.595,4.526,4.562,1483232.83,804994.34
2025-09-18 20:00:00,4.561,4.575,4.512,4.533,1189603.22,670745.58
2025-09-19 00:00:00,4.533,4.882,4.533,4.631,6034009.47,3351807.8
2025-09-19 04:00:00,4.631,4.675,4.568,4.604,2075784.46,1059447.11
2025-09-19 08:00:00,4.603,4.64,4.459,4.494,2643641.52,1238999.21
2025-09-19 12:00:00,4.494,4.542,4.412,4.443,2573822.6,1248917.27
2025-09-19 16:00:00,4.442,4.459,4.353,4.389,1687082.54,802029.53
2025-09-19 20:00:00,4.389,4.419,4.318,4.359,1125160.35,584857.28
2025-09-20 00:00:00,4.358,4.388,4.289,4.335,1832620.13,956695.87
2025-09-20 04:00:00,4.334,4.416,4.322,4.416,877988.89,457944.14
2025-09-20 08:00:00,4.416,4.416,4.333,4.359,900703.93,391810.51
2025-09-20 12:00:00,4.359,4.463,4.322,4.403,1609024.97,788766.22
2025-09-20 16:00:00,4.404,4.421,4.344,4.357,835129.15,415124.78
2025-09-20 20:00:00,4.356,4.394,4.341,4.356,591089.12,296329.74
2025-09-21 00:00:00,4.356,4.374,4.32,4.357,693038.27,353760.94
2025-09-21 04:00:00,4.357,4.387,4.332,4.368,715689.69,372386.29
2025-09-21 08:00:00,4.369,4.379,4.285,4.306,1103605.97,468782.75
2025-09-21 12:00:00,4.306,4.34,4.273,4.283,670089.78,347227.7
2025-09-21 16:00:00,4.282,4.301,4.236,4.289,751973.03,377220.53
2025-09-21 20:00:00,4.29,4.292,4.253,4.262,551764.46,265427.37
2025-09-22 00:00:00,4.261,4.279,4.084,4.136,2754355.71,1308083.13
2025-09-22 04:00:00,4.136,4.15,3.821,3.979,5188809.71,2320492.61
2025-09-22 08:00:00,3.979,4.002,3.936,3.975,2273115.82,1083599.15
2025-09-22 12:00:00,3.976,4.027,3.965,3.977,1667408.64,747033.63
2025-09-22 16:00:00,3.977,3.998,3.929,3.947,993040.83,512790.53
2025-09-22 20:00:00,3.946,4.039,3.941,4.037,808066.06,381471.88
2025-09-23 00:00:00,4.037,4.059,3.938,4.02,1279892.36,633191.94
2025-09-23 04:00:00,4.02,4.046,3.985,4.015,975047.28,547179.64
2025-09-23 08:00:00,4.016,4.044,3.999,4.021,1008490.23,538471.59
2025-09-23 12:00:00,4.02,4.052,3.996,4.033,1081925.44,606658.85
2025-09-23 16:00:00,4.033,4.054,3.96,3.967,861773.04,387976.29
2025-09-23 20:00:00,3.966,4.016,3.959,3.966,557504.8,277074.74
2025-09-24 00:00:00,3.965,4.022,3.933,3.941,952112.66,479817.27
2025-09-24 04:00:00,3.941,4.045,3.889,4.033,1825513.04,891630.12
2025-09-24 08:00:00,4.033,4.086,4.026,4.068,845575.3,396691.24
2025-09-24 12:00:00,4.067,4.115,4.051,4.064,1264947.94,585089.6
2025-09-24 16:00:00,4.063,4.072,4.02,4.04,852898.21,327904.1
2025-09-24 20:00:00,4.04,4.052,3.977,3.992,570938.18,259090.01
2025-09-25 00:00:00,3.992,4.005,3.928,3.954,1471530.44,634556.69
2025-09-25 04:00:00,3.953,3.965,3.87,3.907,1674184.55,617248.04
2025-09-25 08:00:00,3.907,3.958,3.89,3.903,1830039.32,981849.75
2025-09-25 12:00:00,3.903,3.991,3.822,3.935,3446833.68,1457890.91
2025-09-25 16:00:00,3.934,3.94,3.775,3.86,2389641.34,1054063.64
2025-09-25 20:00:00,3.861,3.871,3.771,3.804,1075363.85,465211.04
2025-09-26 00:00:00,3.804,3.863,3.794,3.835,752921,382909.07
2025-09-26 04:00:00,3.836,3.861,3.801,3.835,1050982.54,499190.88
2025-09-26 08:00:00,3.835,3.853,3.776,3.821,870700.84,425954.94
2025-09-26 12:00:00,3.821,3.908,3.785,3.901,1614953.15,821677.14
2025-09-26 16:00:00,3.9,3.97,3.897,3.92,1197536.98,547438.81
2025-09-26 20:00:00,3.921,3.94,3.906,3.924,620497.35,341168.05
2025-09-27 00:00:00,3.924,3.927,3.9,3.909,404928.65,168872.32
2025-09-27 04:00:00,3.908,3.921,3.875,3.886,704614.07,270102.18
2025-09-27 08:00:00,3.887,3.896,3.851,3.878,523379.42,218056.38
2025-09-27 12:00:00,3.879,3.901,3.859,3.896,425728.04,217541.03
2025-09-27 16:00:00,3.897,3.899,3.853,3.877,432394.69,217850.09
2025-09-27 20:00:00,3.877,3.917,3.868,3.889,297668.62,149769.75
2025-09-28 00:00:00,3.889,3.891,3.821,3.836,453237.87,179778.7
2025-09-28 04:00:00,3.836,3.839,3.805,3.829,522878.87,194431.73
2025-09-28 08:00:00,3.828,3.835,3.792,3.812,757399.25,385303.33
2025-09-28 12:00:00,3.812,3.873,3.797,3.866,862175.26,445046.88
2025-09-28 16:00:00,3.866,3.912,3.866,3.901,681955.26,393603.61
2025-09-28 20:00:00,3.901,4.03,3.896,3.997,1173718.51,633421.19
2025-09-29 00:00:00,3.997,4.009,3.96,3.987,826724.23,402996.29
2025-09-29 04:00:00,3.988,3.989,3.924,3.942,658218.83,293338.15
2025-09-29 08:00:00,3.942,4.007,3.916,3.935,1444718.99,768399.58
2025-09-29 12:00:00,3.934,4.002,3.858,3.957,1913977.85,873629.39
2025-09-29 16:00:00,3.958,3.981,3.917,3.976,632388.38,288089.63
2025-09-29 20:00:00,3.975,4.023,3.974,3.98,636448.35,321017.86
2025-09-30 00:00:00,3.98,3.992,3.927,3.934,735655.35,364116.27
2025-09-30 04:00:00,3.933,3.942,3.896,3.903,612858.42,220663.08
2025-09-30 08:00:00,3.903,3.906,3.861,3.904,597357.18,266243.01
2025-09-30 12:00:00,3.903,3.908,3.81,3.838,811234.75,408931.44
2025-09-30 16:00:00,3.837,3.907,3.808,3.9,746107.83,334093.98
2025-09-30 20:00:00,3.899,3.934,3.88,3.909,716444.46,374262.74
2025-10-01 00:00:00,3.909,3.94,3.883,3.891,425357.84,186619.81
2025-10-01 04:00:00,3.891,3.936,3.889,3.914,336120.02,130273.46
2025-10-01 08:00:00,3.914,4.11,3.911,4.08,2430888,1253603.46
2025-10-01 12:00:00,4.08,4.088,4.042,4.074,1430117.33,638230.77
2025-10-01 16:00:00,4.074,4.122,4.048,4.111,934718.52,474255.85
2025-10-01 20:00:00,4.111,4.126,4.085,4.126,690085.12,302354.92
2025-10-02 00:00:00,4.126,4.185,4.1,4.174,1064904.38,552191.3
2025-10-02 04:00:00,4.173,4.254,4.158,4.195,1842412.95,955993.74
2025-10-02 08:00:00,4.195,4.268,4.179,4.253,1006071.94,592702.05
2025-10-02 12:00:00,4.254,4.317,4.165,4.241,2105138.4,1004583.17
2025-10-02 16:00:00,4.241,4.34,4.23,4.317,1428337.7,806546.35
2025-10-02 20:00:00,4.318,4.33,4.283,4.306,959731.84,429480.38
2025-10-03 00:00:00,4.307,4.312,4.222,4.241,1142484.51,520727.85
2025-10-03 04:00:00,4.242,4.283,4.188,4.205,895537.55,497734.5
2025-10-03 08:00:00,4.204,4.249,4.179,4.227,1227592.88,689056.94
2025-10-03 12:00:00,4.228,4.323,4.201,4.319,1086931.61,548599
2025-10-03 16:00:00,4.32,4.384,4.239,4.317,2189427.94,1064570.82
2025-10-03 20:00:00,4.317,4.346,4.296,4.32,479392.74,242338.22
2025-10-04 00:00:00,4.321,4.329,4.251,4.27,885018.38,334614.08
2025-10-04 04:00:00,4.27,4.31,4.247,4.278,637682.31,271140.56
2025-10-04 08:00:00,4.278,4.284,4.191,4.206,930730.37,401361.46
2025-10-04 12:00:00,4.206,4.248,4.14,4.152,1042598.47,463208.77
2025-10-04 16:00:00,4.152,4.183,4.135,4.174,711682.48,324507.15
2025-10-04 20:00:00,4.175,4.21,4.168,4.187,621516.67,273136.49
2025-10-05 00:00:00,4.189,4.277,4.166,4.249,860182.14,449211
2025-10-05 04:00:00,4.248,4.356,4.239,4.356,1160143.88,506077.63
2025-10-05 08:00:00,4.357,4.375,4.229,4.264,1277005.61,547263.77
2025-10-05 12:00:00,4.263,4.266,4.213,4.242,563037.68,277152.81
2025-10-05 16:00:00,4.242,4.254,4.077,4.099,1828138.87,780476.23
2025-10-05 20:00:00,4.099,4.148,4.078,4.134,687598.58,320618.97
2025-10-06 00:00:00,4.134,4.182,4.109,4.159,953172.95,484657.73
2025-10-06 04:00:00,4.158,4.198,4.136,4.163,662866.53,309309.13
2025-10-06 08:00:00,4.164,4.238,4.162,4.217,1778308.15,955955.74
2025-10-06 12:00:00,4.218,4.439,4.215,4.378,3421884.92,1721077.2
2025-10-06 16:00:00,4.378,4.407,4.348,4.389,1271406.43,516302.14
2025-10-06 20:00:00,4.389,4.409,4.352,4.398,1166466.5,553739.14
2025-10-07 00:00:00,4.399,4.434,4.361,4.366,985747.65,415741.18
2025-10-07 04:00:00,4.366,4.388,4.28,4.291,1116251.19,463295.91
2025-10-07 08:00:00,4.292,4.337,4.249,4.329,995059.64,454288.69
2025-10-07 12:00:00,4.33,4.365,4.127,4.155,3618965.2,1676801.98
2025-10-07 16:00:00,4.155,4.203,4.106,4.142,1390138.85,711293.16
2025-10-07 20:00:00,4.142,4.19,4.131,4.139,502194.33,247202.09
2025-10-08 00:00:00,4.139,4.186,4.085,4.101,970029.33,445324.52
2025-10-08 04:00:00,4.101,4.157,4.063,4.154,1604826.07,1039882.22
2025-10-08 08:00:00,4.155,4.185,4.109,4.153,1522767.39,582144.08
2025-10-08 12:00:00,4.153,4.199,4.113,4.137,1042785.91,386316.03
2025-10-08 16:00:00,4.137,4.241,4.128,4.219,1492624.84,773986.96
2025-10-08 20:00:00,4.22,4.228,4.188,4.194,415149.81,196768.01
2025-10-09 00:00:00,4.194,4.198,4.065,4.11,1145367.53,605763.26
2025-10-09 04:00:00,4.11,4.13,4.054,4.056,1053993.68,433502.97
2025-10-09 08:00:00,4.057,4.061,3.982,4.037,2435621.54,916296.49
2025-10-09 12:00:00,4.037,4.079,3.98,4.004,1410377.44,614532.04
2025-10-09 16:00:00,4.005,4.044,3.962,4.035,706951.77,333586.46
2025-10-09 20:00:00,4.036,4.102,4.025,4.075,667458.32,307276.99
2025-10-10 00:00:00,4.074,4.15,4.05,4.114,749593.2,279957.78
2025-10-10 04:00:00,4.113,4.151,4.073,4.082,1423426.99,722410.56
2025-10-10 08:00:00,4.082,4.188,4.062,4.177,1406609.74,735470.44
2025-10-10 12:00:00,4.177,4.291,4.012,4.058,4798527.07,2301304.51
2025-10-10 16:00:00,4.058,4.088,3.876,3.929,3447346.35,1626561.4
2025-10-10 20:00:00,3.929,3.968,0.633,2.946,38860031.48,18233390.81
2025-10-11 00:00:00,2.945,3.193,2.873,3.123,15336201.25,5851227.04
2025-10-11 04:00:00,3.123,3.212,3.099,3.195,4974233.85,2177191.81
2025-10-11 08:00:00,3.195,3.317,3.165,3.223,4502496.43,2127898.33
2025-10-11 12:00:00,3.223,3.223,3.077,3.144,3304576,1626430.75
2025-10-11 16:00:00,3.144,3.167,2.984,3.015,2400661.71,1173318.39
2025-10-11 20:00:00,3.016,3.025,2.901,2.997,3155337.35,1537278.95
2025-10-12 00:00:00,2.997,3.002,2.907,2.977,2636040.12,1175197.46
2025-10-12 04:00:00,2.977,3.06,2.976,3.02,1656506.33,615745.27
2025-10-12 08:00:00,3.019,3.038,2.962,3.023,1524215.75,760983.59
2025-10-12 12:00:00,3.023,3.21,2.985,3.202,3548519.4,1808420.82
2025-10-12 16:00:00,3.202,3.289,3.202,3.279,2711160.59,1329091.82
2025-10-12 20:00:00,3.279,3.307,3.195,3.241,1735590.45,894972.24
2025-10-13 00:00:00,3.241,3.266,3.194,3.223,1459441.65,661374.49
2025-10-13 04:00:00,3.224,3.328,3.2,3.295,1468858.9,690711.63
2025-10-13 08:00:00,3.295,3.365,3.22,3.273,3048502.79,1514320.48
2025-10-13 12:00:00,3.273,3.35,3.238,3.319,3602636.9,1793322.98
2025-10-13 16:00:00,3.32,3.411,3.286,3.397,2222732.86,1100764.39
2025-10-13 20:00:00,3.396,3.448,3.367,3.374,2206812.64,1146127.92
2025-10-14 00:00:00,3.375,3.399,3.29,3.3,1072130.23,487425.3
2025-10-14 04:00:00,3.301,3.313,3.072,3.116,3982326.04,1706852.28
2025-10-14 08:00:00,3.115,3.173,3.074,3.139,2312848.89,1172397.15
2025-10-14 12:00:00,3.14,3.24,3.066,3.238,2648682.55,1195910.55
2025-10-14 16:00:00,3.238,3.283,3.185,3.236,2398477.18,1093302.96
2025-10-14 20:00:00,3.235,3.267,3.21,3.248,664963.11,300857.75
2025-10-15 00:00:00,3.248,3.266,3.201,3.223,696171.27,313524.51
2025-10-15 04:00:00,3.224,3.286,3.207,3.279,765799.1,364783.6
2025-10-15 08:00:00,3.279,3.341,3.215,3.224,1278831.54,692651.64
2025-10-15 12:00:00,3.224,3.238,3.12,3.145,2102600.6,1013574.72
2025-10-15 16:00:00,3.146,3.188,3.122,3.148,1292859.47,610912.6
2025-10-15 20:00:00,3.149,3.168,3.089,3.137,1892006.57,859677.8
2025-10-16 00:00:00,3.137,3.177,3.119,3.123,1081691.4,524141.35
2025-10-16 04:00:00,3.123,3.177,3.115,3.149,1068355.44,501567.89
2025-10-16 08:00:00,3.149,3.2,3.047,3.183,2246609.32,1170080.77
2025-10-16 12:00:00,3.184,3.208,3.044,3.06,2859764.56,1416158.83
2025-10-16 16:00:00,3.059,3.129,2.993,3.021,2709241.94,1234485.6
2025-10-16 20:00:00,3.022,3.039,2.97,3.016,1718437.57,721188.65
2025-10-17 00:00:00,3.017,3.061,3.008,3.044,923390.84,402568.07
2025-10-17 04:00:00,3.044,3.047,2.811,2.821,3471695.57,1669463.5
2025-10-17 08:00:00,2.821,2.938,2.772,2.91,4436258.35,2169174.43
2025-10-17 12:00:00,2.91,2.931,2.856,2.923,3028170.63,1516108.69
2025-10-17 16:00:00,2.923,2.96,2.891,2.904,1582218.73,779896.32
2025-10-17 20:00:00,2.905,2.948,2.885,2.892,893400.54,357854.3
2025-10-18 00:00:00,2.892,2.947,2.889,2.936,705747.03,312982.13
2025-10-18 04:00:00,2.935,2.971,2.899,2.924,924016.98,448023.63
2025-10-18 08:00:00,2.925,2.949,2.914,2.945,645398.91,344599.63
2025-10-18 12:00:00,2.945,2.956,2.9,2.923,581274.97,264322.75
2025-10-18 16:00:00,2.922,2.94,2.894,2.935,570649.72,259644.17
2025-10-18 20:00:00,2.935,2.947,2.919,2.932,485586.97,249899.21
2025-10-19 00:00:00,2.933,2.942,2.904,2.936,737884.94,330836.03
2025-10-19 04:00:00,2.936,2.939,2.9,2.916,471258.81,199624.93
2025-10-19 08:00:00,2.916,3.021,2.886,2.984,2126022.76,1075981.35
2025-10-19 12:00:00,2.983,3.044,2.964,3.03,1154411,582538.57
2025-10-19 16:00:00,3.03,3.057,3.012,3.026,968526.12,479264.88
2025-10-19 20:00:00,3.025,3.038,3.003,3.009,527232.3,239294.59
2025-10-20 00:00:00,3.009,3.07,2.949,3.061,1232921.93,535731.53
2025-10-20 04:00:00,3.062,3.123,3.051,3.093,1356625.82,600526.68
2025-10-20 08:00:00,3.093,3.113,3.07,3.093,1233336.02,679028.6
2025-10-20 12:00:00,3.093,3.132,3.079,3.087,996681.65,460151.75
2025-10-20 16:00:00,3.087,3.11,3.033,3.099,1426977.8,676652.55
2025-10-20 20:00:00,3.099,3.115,3.073,3.086,492168.16,222715.22
2025-10-21 00:00:00,3.085,3.09,3.019,3.025,602176.05,292031.17
2025-10-21 04:00:00,3.025,3.026,2.95,2.994,1080952.61,501590.27
2025-10-21 08:00:00,2.993,3.013,2.961,3.004,887810.54,461971.68
2025-10-21 12:00:00,3.004,3.184,2.988,3.172,2115166.06,1038757.55
2025-10-21 16:00:00,3.172,3.19,3.11,3.132,2520691.28,987416.63
2025-10-21 20:00:00,3.132,3.136,2.997,3.006,1510869.62,717029.74
2025-10-22 00:00:00,3.005,3.028,2.982,3.009,706546.84,360412.53
2025-10-22 04:00:00,3.009,3.027,2.962,2.987,960804.49,470228.88
2025-10-22 08:00:00,2.985,2.993,2.921,2.976,1101313.45,516030.95
2025-10-22 12:00:00,2.975,3.028,2.953,2.99,1739074.24,861058.21
2025-10-22 16:00:00,2.989,2.999,2.92,2.945,1139133.47,558640.94
2025-10-22 20:00:00,2.946,2.953,2.834,2.918,2032848.63,902108.76
2025-10-23 00:00:00,2.919,2.947,2.912,2.92,1012961.13,296660.08
2025-10-23 04:00:00,2.921,2.979,2.914,2.967,858026.08,381519.4
2025-10-23 08:00:00,2.968,2.987,2.957,2.962,585883.63,250898.1
2025-10-23 12:00:00,2.962,3.008,2.934,2.996,1073082.65,533913.58
2025-10-23 16:00:00,2.995,3.036,2.984,2.995,1035052.16,505293.24
2025-10-23 20:00:00,2.996,3.006,2.956,3.002,679765.22,326743.85
2025-10-24 00:00:00,3.003,3.011,2.992,3.005,535855.07,305644.23
2025-10-24 04:00:00,3.004,3.066,3,3.052,1119735.39,607690.77
2025-10-24 08:00:00,3.053,3.076,3.024,3.059,659541.08,332022.37
2025-10-24 12:00:00,3.059,3.125,3.019,3.03,1571159.11,705312
2025-10-24 16:00:00,3.03,3.076,3.013,3.07,519490.01,253909.45
2025-10-24 20:00:00,3.07,3.093,3.068,3.078,396490.42,177242.19
2025-10-25 00:00:00,3.079,3.081,3.051,3.053,332635.8,176455.4
2025-10-25 04:00:00,3.052,3.065,3.041,3.046,380024.08,175151.87
2025-10-25 08:00:00,3.047,3.058,3.027,3.047,295463.34,128830.2
2025-10-25 12:00:00,3.047,3.077,3.045,3.065,492600.58,261935.07
2025-10-25 16:00:00,3.065,3.092,3.057,3.092,393904.35,203125.35
2025-10-25 20:00:00,3.092,3.106,3.079,3.09,316167.76,145826.54
2025-10-26 00:00:00,3.091,3.1,3.059,3.065,370251.99,207688.68
2025-10-26 04:00:00,3.065,3.1,3.061,3.099,199378.09,93993.39
2025-10-26 08:00:00,3.1,3.15,3.097,3.143,811128.76,403526.97
2025-10-26 12:00:00,3.143,3.186,3.139,3.18,923013.06,434535.97
2025-10-26 16:00:00,3.18,3.182,3.156,3.175,605197.22,314402.17
2025-10-26 20:00:00,3.176,3.239,3.146,3.195,889648.42,387457.68
2025-10-27 00:00:00,3.195,3.232,3.186,3.208,785272.88,446757.8
2025-10-27 04:00:00,3.207,3.247,3.184,3.202,769007.47,374974.02
2025-10-27 08:00:00,3.202,3.211,3.142,3.174,1265410.3,623832.1
2025-10-27 12:00:00,3.174,3.177,3.119,3.152,852681.87,408586.12
2025-10-27 16:00:00,3.153,3.216,3.153,3.173,851952.19,390240.87
2025-10-27 20:00:00,3.173,3.174,3.121,3.139,561211.1,262917.55
2025-10-28 00:00:00,3.138,3.164,3.112,3.125,586325.91,276851.19
2025-10-28 04:00:00,3.125,3.179,3.097,3.14,1360833.84,537868.74
2025-10-28 08:00:00,3.141,3.156,3.124,3.133,529256.27,317410.75
2025-10-28 12:00:00,3.133,3.195,3.092,3.136,1233224.25,538636.58
2025-10-28 16:00:00,3.137,3.169,3.071,3.087,783036.61,365673.6
2025-10-28 20:00:00,3.086,3.088,2.992,3.051,1584677.71,713506.11
2025-10-29 00:00:00,3.05,3.07,3.038,3.052,402296.98,205420.12
2025-10-29 04:00:00,3.052,3.088,3.049,3.08,438469.08,217865.17
2025-10-29 08:00:00,3.08,3.109,3.047,3.105,474481.19,220928.38
2025-10-29 12:00:00,3.104,3.132,3.047,3.063,826965.6,364140.7
2025-10-29 16:00:00,3.062,3.175,3.023,3.143,2613894.5,1247531.81
2025-10-29 20:00:00,3.143,3.177,3.067,3.079,870370.35,465539.69
2025-10-30 00:00:00,3.08,3.118,3.062,3.087,626842.87,268006.01
2025-10-30 04:00:00,3.087,3.1,2.966,3.091,2029061.44,945420.21
2025-10-30 08:00:00,3.091,3.091,2.993,2.995,1036617.33,559563.01
2025-10-30 12:00:00,2.995,3.001,2.851,2.863,3589389.57,1698327.11
2025-10-30 16:00:00,2.862,2.88,2.78,2.798,2408648.72,1029546.35
2025-10-30 20:00:00,2.798,2.876,2.789,2.871,1249429,621677.85
2025-10-31 00:00:00,2.871,2.915,2.866,2.895,1192965.94,521569.38
2025-10-31 04:00:00,2.896,2.925,2.886,2.895,653599.95,335962.56
2025-10-31 08:00:00,2.896,2.913,2.868,2.911,769265.95,426350.12
2025-10-31 12:00:00,2.911,2.925,2.881,2.901,1269548.96,684445.9
2025-10-31 16:00:00,2.9,2.909,2.827,2.896,1138831.54,534573.19
2025-10-31 20:00:00,2.895,2.898,2.861,2.882,473556.09,262065.83
2025-11-01 00:00:00,2.882,2.914,2.865,2.911,665412.2,300692.94
2025-11-01 04:00:00,2.911,2.917,2.876,2.903,889755.94,462862.64
2025-11-01 08:00:00,2.903,2.945,2.902,2.942,893702.39,440510.14
2025-11-01 12:00:00,2.942,2.956,2.906,2.95,840842.34,382034.92
2025-11-01 16:00:00,2.95,2.968,2.941,2.949,520118,211555.71
2025-11-01 20:00:00,2.95,2.974,2.928,2.971,408102.31,198882.99
2025-11-02 00:00:00,2.971,2.971,2.946,2.951,413947.39,214912.03
2025-11-02 04:00:00,2.952,3.016,2.949,3.009,521862.9,248449.6
2025-11-02 08:00:00,3.009,3.013,2.961,3,565922.78,219264.54
2025-11-02 12:00:00,3.001,3.002,2.901,2.908,1137536.24,510401.54
2025-11-02 16:00:00,2.907,2.925,2.866,2.904,1156105.09,582689.28
2025-11-02 20:00:00,2.903,2.992,2.896,2.985,570946.74,286682.48
2025-11-03 00:00:00,2.985,2.993,2.78,2.789,1747268.52,790902.37
2025-11-03 04:00:00,2.789,2.825,2.725,2.768,1770650.16,836559.51
2025-11-03 08:00:00,2.768,2.804,2.722,2.762,1729247.5,865502.52
2025-11-03 12:00:00,2.761,2.794,2.5,2.584,4769745.7,2397848.19
2025-11-03 16:00:00,2.584,2.669,2.563,2.579,2421153.77,1247347.13
2025-11-03 20:00:00,2.58,2.587,2.521,2.585,1939183.33,945612.67
2025-11-04 00:00:00,2.585,2.654,2.566,2.651,1185008.84,645781.57
2025-11-04 04:00:00,2.651,2.662,2.506,2.533,2818988.98,1307532.71
2025-11-04 08:00:00,2.533,2.638,2.519,2.611,1604937.42,806861.72
2025-11-04 12:00:00,2.61,2.653,2.558,2.601,1768514.17,853747.02
2025-11-04 16:00:00,2.6,2.62,2.418,2.457,3853831.53,1793531.81
2025-11-04 20:00:00,2.458,2.527,2.343,2.508,5398550.51,2718718.26
2025-11-05 00:00:00,2.508,2.576,2.384,2.569,1710547.27,842319.56
2025-11-05 04:00:00,2.568,2.593,2.547,2.589,1185329.24,726911.37
2025-11-05 08:00:00,2.589,2.61,2.536,2.608,1435967.47,696043.33
2025-11-05 12:00:00,2.607,2.636,2.576,2.633,1594655.11,837949.89
2025-11-05 16:00:00,2.634,2.655,2.6,2.643,1422030.1,742880.87
2025-11-05 20:00:00,2.643,2.685,2.636,2.672,1521848.81,804040.32
2025-11-06 00:00:00,2.671,2.683,2.616,2.659,1491133.53,709894.27
2025-11-06 04:00:00,2.659,2.667,2.595,2.604,811989.72,410561.61
2025-11-06 08:00:00,2.603,2.62,2.585,2.615,850366.6,372447.87
2025-11-06 12:00:00,2.615,2.651,2.559,2.576,2475615.79,1180433.14
2025-11-06 16:00:00,2.576,2.662,2.527,2.658,1996972.3,1013294.52
2025-11-06 20:00:00,2.659,2.673,2.624,2.669,1656108.65,779033.18
2025-11-07 00:00:00,2.669,2.864,2.664,2.797,6250279.37,3020869.12
2025-11-07 04:00:00,2.797,2.861,2.743,2.853,2469618.44,1178691.16
2025-11-07 08:00:00,2.854,2.858,2.745,2.786,3095093.25,1441185.29
2025-11-07 12:00:00,2.785,2.91,2.706,2.892,3773573.17,1827717.28
2025-11-07 16:00:00,2.892,3.34,2.881,3.264,11733787.34,5629589.24
2025-11-07 20:00:00,3.263,3.297,3.193,3.254,3400947.47,1742568.39
2025-11-08 00:00:00,3.254,3.533,3.191,3.371,8748243.55,4017236.7
2025-11-08 04:00:00,3.372,3.46,3.222,3.256,4915439.84,2081202.98
2025-11-08 08:00:00,3.256,3.318,3.209,3.277,2611422.28,1304593.57
2025-11-08 12:00:00,3.277,3.291,3.117,3.126,3466626.07,1556895.78
2025-11-08 16:00:00,3.126,3.231,3.086,3.162,2300121.51,1070927.43
2025-11-08 20:00:00,3.163,3.256,3.148,3.252,1289569.69,761575.62
2025-11-09 00:00:00,3.252,3.31,3.125,3.132,3634242.56,1819972
2025-11-09 04:00:00,3.132,3.169,3.085,3.146,1519091.28,742334.67
2025-11-09 08:00:00,3.146,3.173,3.037,3.146,1986808.67,954452.91
2025-11-09 12:00:00,3.146,3.265,3.128,3.239,2605627.76,1291844.61
2025-11-09 16:00:00,3.239,3.253,3.159,3.226,1985041.87,1043069.84
2025-11-09 20:00:00,3.226,3.25,3.179,3.232,1216814.26,586122.12
2025-11-10 00:00:00,3.232,3.273,3.201,3.258,1806591.77,812817.28
2025-11-10 04:00:00,3.257,3.281,3.215,3.259,1813547.34,1015262.93
2025-11-10 08:00:00,3.26,3.278,3.193,3.255,2179304.97,825467.82
2025-11-10 12:00:00,3.255,3.316,3.159,3.171,3565927.49,1746189.9
2025-11-10 16:00:00,3.17,3.254,3.125,3.224,3080403.39,1656964.35
2025-11-10 20:00:00,3.224,3.306,3.194,3.266,1525052.43,714623.06
2025-11-11 00:00:00,3.267,3.387,3.217,3.315,2814842.97,1358766.12
2025-11-11 04:00:00,3.314,3.325,3.146,3.148,1743348.17,851655.66
2025-11-11 08:00:00,3.148,3.2,3.138,3.167,2375713.54,1281154.99
2025-11-11 12:00:00,3.167,3.22,3.153,3.188,1400864.18,633386.7
2025-11-11 16:00:00,3.188,3.224,3.121,3.127,1208253.41,547689.06
2025-11-11 20:00:00,3.127,3.135,3.041,3.054,1759979.38,750447.92
2025-11-12 00:00:00,3.055,3.093,3.037,3.087,865004.46,454641.14
2025-11-12 04:00:00,3.088,3.104,3.055,3.059,653893.57,345552.49
2025-11-12 08:00:00,3.059,3.146,3.059,3.091,2004041.89,710558.08
2025-11-12 12:00:00,3.092,3.123,2.946,2.964,3013136.02,1304551.45
2025-11-12 16:00:00,2.963,2.972,2.876,2.901,2160206.49,1023811.44
2025-11-12 20:00:00,2.902,2.94,2.894,2.927,657308.25,375259.55
2025-11-13 00:00:00,2.928,3.01,2.912,2.988,801801.19,364481.32
2025-11-13 04:00:00,2.989,3.045,2.969,2.978,986262.5,523920.8
2025-11-13 08:00:00,2.979,3.01,2.954,2.999,909241.55,481757.79
2025-11-13 12:00:00,3,3.045,2.934,2.972,1544810.2,751800.84
2025-11-13 16:00:00,2.971,2.983,2.776,2.793,3303275.31,1221022.03
2025-11-13 20:00:00,2.793,2.878,2.763,2.853,1268868.4,580598.89
2025-11-14 00:00:00,2.853,2.883,2.829,2.855,1123112.24,579083.39
2025-11-14 04:00:00,2.856,2.921,2.749,2.891,2170615.88,1014263.32
2025-11-14 08:00:00,2.891,2.897,2.818,2.835,1384361.76,610785.4
2025-11-14 12:00:00,2.835,2.897,2.764,2.858,2329702.5,1148731.73
2025-11-14 16:00:00,2.859,2.896,2.841,2.884,1197416.39,595766.1
2025-11-14 20:00:00,2.885,2.89,2.774,2.815,2484765.82,1433370.72
2025-11-15 00:00:00,2.815,2.907,2.813,2.884,692113.09,325489.86
2025-11-15 04:00:00,2.885,2.949,2.872,2.915,925441.55,528428.15
2025-11-15 08:00:00,2.916,2.917,2.849,2.857,960195.3,411384.57
2025-11-15 12:00:00,2.857,2.93,2.849,2.869,765742.16,379115.29
2025-11-15 16:00:00,2.868,2.892,2.841,2.864,790289.6,421613.97
2025-11-15 20:00:00,2.864,2.869,2.82,2.832,705290.95,342748.45
2025-11-16 00:00:00,2.832,2.878,2.784,2.871,723448.85,310007.06
2025-11-16 04:00:00,2.871,2.883,2.851,2.877,426659,246650.99
2025-11-16 08:00:00,2.878,2.899,2.82,2.826,676871.53,321132.17
2025-11-16 12:00:00,2.826,2.844,2.769,2.775,1060562.35,478072.19
2025-11-16 16:00:00,2.775,2.796,2.695,2.74,2000404.22,974442.75
2025-11-16 20:00:00,2.74,2.804,2.715,2.784,884795.77,436967.32
2025-11-17 00:00:00,2.785,2.843,2.773,2.824,1149415.16,717385.25
2025-11-17 04:00:00,2.824,2.843,2.806,2.834,547833.77,212849.72
2025-11-17 08:00:00,2.834,2.844,2.809,2.831,1285158.43,924099.71
2025-11-17 12:00:00,2.831,2.867,2.739,2.774,2016862.64,889547.49
2025-11-17 16:00:00,2.774,2.798,2.641,2.652,2072138.04,1026334.32
2025-11-17 20:00:00,2.652,2.683,2.627,2.666,1187826.63,631586.82
2025-11-18 00:00:00,2.666,2.748,2.617,2.737,2104942.02,907057.61
2025-11-18 04:00:00,2.738,2.764,2.7,2.725,1135744.64,552184.98
2025-11-18 08:00:00,2.725,2.756,2.705,2.712,1785109.98,738477.55
2025-11-18 12:00:00,2.713,2.77,2.686,2.75,1189924.18,576733.68
2025-11-18 16:00:00,2.749,2.802,2.74,2.781,992729.15,532645.24
2025-11-18 20:00:00,2.782,2.787,2.733,2.755,447362.31,212415.7
2025-11-19 00:00:00,2.755,2.767,2.71,2.717,649439.94,266733.23
2025-11-19 04:00:00,2.716,2.723,2.642,2.708,1013643.7,436242.23
2025-11-19 08:00:00,2.708,2.731,2.691,2.705,675601.91,361135.99
2025-11-19 12:00:00,2.704,2.738,2.641,2.646,1377146.3,630660.84
2025-11-19 16:00:00,2.645,2.666,2.569,2.594,1540178.73,723824.8
2025-11-19 20:00:00,2.594,2.701,2.585,2.692,1130459.45,603094.67
2025-11-20 00:00:00,2.693,2.714,2.671,2.705,887877.77,552357.16
2025-11-20 04:00:00,2.705,2.745,2.698,2.741,843697.93,431694.96
2025-11-20 08:00:00,2.741,2.77,2.736,2.757,797011.24,423048.04
2025-11-20 12:00:00,2.757,2.82,2.722,2.726,1383829.03,706333.92
2025-11-20 16:00:00,2.725,2.727,2.503,2.554,3817350.02,1891865
2025-11-20 20:00:00,2.554,2.62,2.523,2.543,1297111.88,658319.42
2025-11-21 00:00:00,2.543,2.593,2.513,2.538,898592.32,426544.1
2025-11-21 04:00:00,2.538,2.547,2.252,2.403,3017084.45,1444330.84
2025-11-21 08:00:00,2.402,2.446,2.338,2.345,2633841.45,1175096.28
2025-11-21 12:00:00,2.346,2.433,2.295,2.357,3014473.44,1537538.71
2025-11-21 16:00:00,2.358,2.435,2.327,2.377,1479768.75,755413.63
2025-11-21 20:00:00,2.376,2.385,2.273,2.348,1576764.12,773836.59
2025-11-22 00:00:00,2.348,2.357,2.315,2.323,711356.17,330430.48
2025-11-22 04:00:00,2.325,2.325,2.264,2.313,1235880.35,632158.78
2025-11-22 08:00:00,2.312,2.321,2.274,2.316,788576.18,383156.79
2025-11-22 12:00:00,2.315,2.315,2.257,2.288,1142105.17,528113.57
2025-11-22 16:00:00,2.288,2.316,2.28,2.292,785367.82,427523.8
2025-11-22 20:00:00,2.292,2.344,2.281,2.311,816916.09,442310.8
2025-11-23 00:00:00,2.311,2.358,2.304,2.344,794901.15,448773.87
2025-11-23 04:00:00,2.344,2.37,2.323,2.341,955771.28,490179.4
2025-11-23 08:00:00,2.341,2.359,2.318,2.337,494666.45,210553.46
2025-11-23 12:00:00,2.337,2.359,2.308,2.327,840382.59,426192.46
2025-11-23 16:00:00,2.327,2.332,2.275,2.308,891885.32,423640.68
2025-11-23 20:00:00,2.309,2.327,2.248,2.258,950860.93,468620.06
2025-11-24 00:00:00,2.258,2.339,2.244,2.315,1454333.89,587866.43
2025-11-24 04:00:00,2.315,2.332,2.273,2.285,1165915.5,517866.94
2025-11-24 08:00:00,2.285,2.299,2.242,2.277,852258.38,362275.05
2025-11-24 12:00:00,2.278,2.312,2.249,2.301,1345561.14,656213.65
2025-11-24 16:00:00,2.3,2.371,2.3,2.359,1575630.35,818139.46
2025-11-24 20:00:00,2.359,2.397,2.337,2.34,1163692.19,538163.07
2025-11-25 00:00:00,2.34,2.349,2.305,2.314,714665.76,345048.91
2025-11-25 04:00:00,2.313,2.33,2.265,2.266,903420.91,360453.74
2025-11-25 08:00:00,2.267,2.279,2.245,2.255,1010133.95,525240
2025-11-25 12:00:00,2.256,2.28,2.176,2.223,2257412.26,1072251.65
2025-11-25 16:00:00,2.223,2.289,2.219,2.264,1455349.18,680294.25
2025-11-25 20:00:00,2.263,2.316,2.248,2.296,861541.89,402739.08
2025-11-26 00:00:00,2.296,2.309,2.266,2.268,546863.88,299737.28
2025-11-26 04:00:00,2.269,2.316,2.263,2.313,800533.9,403587.91
2025-11-26 08:00:00,2.312,2.318,2.256,2.262,890393.45,341036.15
2025-11-26 12:00:00,2.261,2.293,2.24,2.261,1012846.95,476457.53
2025-11-26 16:00:00,2.261,2.37,2.261,2.361,1846443.57,910682.66
2025-11-26 20:00:00,2.362,2.371,2.339,2.344,550246.72,298953.64
2025-11-27 00:00:00,2.344,2.36,2.316,2.317,732710.58,389493.11
2025-11-27 04:00:00,2.316,2.342,2.315,2.329,542964.77,190319.59
2025-11-27 08:00:00,2.329,2.353,2.317,2.329,461507.37,221164.37
2025-11-27 12:00:00,2.329,2.351,2.308,2.348,693107.86,271313.77
2025-11-27 16:00:00,2.348,2.385,2.345,2.38,753039.43,379487.84
2025-11-27 20:00:00,2.38,2.39,2.33,2.337,860906.61,422759.98
2025-11-28 00:00:00,2.336,2.346,2.293,2.317,923337.08,462996.24
2025-11-28 04:00:00,2.318,2.325,2.301,2.317,414374.3,196691.17
2025-11-28 08:00:00,2.319,2.376,2.305,2.321,895439.96,438867.7
2025-11-28 12:00:00,2.32,2.365,2.311,2.351,808514.09,374719.16
2025-11-28 16:00:00,2.352,2.352,2.26,2.3,1328473.1,627246.51
2025-11-28 20:00:00,2.299,2.302,2.277,2.284,546802.03,232498.52
2025-11-29 00:00:00,2.284,2.298,2.274,2.275,313523.51,160619.96
2025-11-29 04:00:00,2.275,2.291,2.259,2.269,349744.94,149485.26
2025-11-29 08:00:00,2.268,2.28,2.254,2.278,353210.99,179000.08
2025-11-29 12:00:00,2.277,2.28,2.248,2.271,506377.74,231667.67
2025-11-29 16:00:00,2.271,2.272,2.227,2.242,577893.68,292455.52
2025-11-29 20:00:00,2.243,2.263,2.237,2.259,599809.62,332007.02
2025-11-30 00:00:00,2.258,2.272,2.244,2.272,231469.63,102583.08
2025-11-30 04:00:00,2.272,2.274,2.249,2.267,199820.03,88488.89
2025-11-30 08:00:00,2.266,2.276,2.254,2.255,321843.42,155106.11
2025-11-30 12:00:00,2.256,2.293,2.248,2.261,619162.76,312476.1
2025-11-30 16:00:00,2.261,2.288,2.259,2.269,341377.57,170481.57
2025-11-30 20:00:00,2.27,2.28,2.204,2.21,558607.56,253413.39
2025-12-01 00:00:00,2.209,2.209,2.045,2.049,4359778.04,2103137.7
2025-12-01 04:00:00,2.049,2.053,2.007,2.038,2051670.71,1020344.58
2025-12-01 08:00:00,2.038,2.057,2.032,2.037,1064104.47,494193.13
2025-12-01 12:00:00,2.038,2.05,1.961,1.997,2669458.65,1240573.91
2025-12-01 16:00:00,1.997,2.01,1.978,1.995,1385929.81,719088.03
2025-12-01 20:00:00,1.995,2.05,1.995,2.042,1284471.73,654570.37
2025-12-02 00:00:00,2.042,2.065,2.033,2.056,554388.09,290479.34
2025-12-02 04:00:00,2.056,2.075,2.048,2.067,545399.54,269896.68
2025-12-02 08:00:00,2.068,2.123,2.044,2.095,1032749.03,494749.96
2025-12-02 12:00:00,2.096,2.252,2.079,2.244,2141893.85,1065371.03
2025-12-02 16:00:00,2.245,2.286,2.231,2.234,2269394.16,1129292.97
2025-12-02 20:00:00,2.234,2.266,2.223,2.249,1703042.4,952139.19
2025-12-03 00:00:00,2.25,2.304,2.246,2.291,808941.05,438673.78
2025-12-03 04:00:00,2.291,2.331,2.289,2.292,1272436.49,570262.1
2025-12-03 08:00:00,2.293,2.312,2.286,2.296,779128.13,356257.13
2025-12-03 12:00:00,2.297,2.313,2.241,2.301,2061628.5,956825.53
2025-12-03 16:00:00,2.302,2.337,2.284,2.327,933930.28,525029.07
2025-12-03 20:00:00,2.327,2.4,2.318,2.366,1839338.63,933074.96
2025-12-04 00:00:00,2.365,2.376,2.34,2.341,1049306.47,544013.8
2025-12-04 04:00:00,2.341,2.353,2.327,2.339,807057.21,360014.06
2025-12-04 08:00:00,2.339,2.353,2.319,2.326,754828.42,358328.25
2025-12-04 12:00:00,2.327,2.338,2.304,2.329,2109831.18,1135400.19
2025-12-04 16:00:00,2.329,2.344,2.245,2.291,1380995.72,642694.62
2025-12-04 20:00:00,2.291,2.303,2.272,2.272,368501.84,164341.21
2025-12-05 00:00:00,2.272,2.308,2.272,2.287,410513.11,197392.99
2025-12-05 04:00:00,2.287,2.293,2.254,2.282,692608.54,341969.34
2025-12-05 08:00:00,2.282,2.284,2.224,2.236,674286.05,288358.99
2025-12-05 12:00:00,2.234,2.244,2.184,2.209,1595319.87,822853.4
2025-12-05 16:00:00,2.208,2.209,2.084,2.123,2538375.27,1395784.24
2025-12-05 20:00:00,2.124,2.132,2.104,2.125,482700.89,230134.83
2025-12-06 00:00:00,2.125,2.128,2.105,2.122,383472.84,225339.61
2025-12-06 04:00:00,2.122,2.122,2.1,2.105,415023.55,205984.96
2025-12-06 08:00:00,2.106,2.111,2.087,2.107,577334.56,336716.06
2025-12-06 12:00:00,2.107,2.142,2.101,2.119,905702.77,489003.2
2025-12-06 16:00:00,2.119,2.164,2.119,2.131,813601.47,466927.09
2025-12-06 20:00:00,2.131,2.151,2.118,2.128,591225.59,330578.95
2025-12-07 00:00:00,2.128,2.144,2.125,2.142,462421.35,268648.87
2025-12-07 04:00:00,2.141,2.156,2.126,2.129,383580.34,189512.33
2025-12-07 08:00:00,2.129,2.132,2.086,2.093,786203.46,382115.65
2025-12-07 12:00:00,2.093,2.12,2.04,2.118,1623218.32,790578.85
2025-12-07 16:00:00,2.118,2.16,2.095,2.141,1937908.69,1176291.46
2025-12-07 20:00:00,2.141,2.15,2.054,2.094,992080.12,450648.03
2025-12-08 00:00:00,2.094,2.14,2.084,2.12,566388.72,253239.51
2025-12-08 04:00:00,2.12,2.148,2.116,2.137,1754320.27,1233648.93
2025-12-08 08:00:00,2.137,2.179,2.126,2.131,1142016.26,546240.38
2025-12-08 12:00:00,2.131,2.169,2.117,2.132,1559393.76,787428.34
2025-12-08 16:00:00,2.132,2.155,2.11,2.124,1260131.68,695530.71
2025-12-08 20:00:00,2.124,2.155,2.122,2.129,1700508.04,585329.7
2025-12-09 00:00:00,2.13,2.139,2.095,2.127,814576.94,382645.28
2025-12-09 04:00:00,2.128,2.132,2.089,2.117,740659.15,387546.52
2025-12-09 08:00:00,2.116,2.12,2.09,2.109,429881.25,217819.35
2025-12-09 12:00:00,2.109,2.22,2.105,2.218,2022058.2,1027676.56
2025-12-09 16:00:00,2.219,2.393,2.219,2.313,5501602.19,2564634.29
2025-12-09 20:00:00,2.312,2.322,2.259,2.293,1175434.26,525242.23
2025-12-10 00:00:00,2.292,2.297,2.235,2.245,661644.35,347605.14
2025-12-10 04:00:00,2.246,2.25,2.204,2.222,478626.51,285338.56
2025-12-10 08:00:00,2.222,2.249,2.19,2.201,1117275.23,503041.44
2025-12-10 12:00:00,2.201,2.215,2.19,2.202,1013039.42,534382.72
2025-12-10 16:00:00,2.203,2.28,2.198,2.266,1687809.34,804714.47
2025-12-10 20:00:00,2.268,2.316,2.183,2.19,1904004.29,952984.26
2025-12-11 00:00:00,2.19,2.193,2.055,2.061,2113252.99,1134879.58
2025-12-11 04:00:00,2.061,2.087,2.051,2.068,1511297.86,848617.62
2025-12-11 08:00:00,2.068,2.068,2.036,2.043,1469117.74,870218.83
2025-12-11 12:00:00,2.043,2.057,2.016,2.027,2173694.88,1111353.75
2025-12-11 16:00:00,2.027,2.06,2.008,2.032,2429909.48,1210358.14
2025-12-11 20:00:00,2.031,2.093,2.026,2.066,1935691.09,1000308.68
2025-12-12 00:00:00,2.066,2.082,2.028,2.066,999133.34,525830.11
2025-12-12 04:00:00,2.065,2.096,2.051,2.058,775446.81,381003.44
2025-12-12 08:00:00,2.058,2.06,2.026,2.047,1230957.74,721115.57
2025-12-12 12:00:00,2.047,2.069,1.953,1.969,2679200.38,1028907.56
2025-12-12 16:00:00,1.969,2.009,1.945,1.986,2116626.28,1004531.04
2025-12-12 20:00:00,1.986,2.017,1.978,2.012,789719.11,384665.13
2025-12-13 00:00:00,2.012,2.04,2.008,2.031,422152.85,179709.01
2025-12-13 04:00:00,2.031,2.041,2.024,2.039,582359.44,343773.1
2025-12-13 08:00:00,2.039,2.056,2.035,2.038,467267.87,225953.51
2025-12-13 12:00:00,2.038,2.049,2.028,2.046,560119.82,281222.45
2025-12-13 16:00:00,2.045,2.058,2.028,2.04,533758.38,300085.07
2025-12-13 20:00:00,2.04,2.044,2.023,2.038,293101.67,129391.82
2025-12-14 00:00:00,2.037,2.046,2.026,2.028,417932.7,200309.92
2025-12-14 04:00:00,2.027,2.033,2,2.01,776748.7,338140.96
2025-12-14 08:00:00,2.009,2.017,1.962,1.985,1344724.67,619226.48
2025-12-14 12:00:00,1.984,1.991,1.962,1.974,968512.02,457902.04
2025-12-14 16:00:00,1.974,1.991,1.947,1.963,1138651.72,542337.23
2025-12-14 20:00:00,1.962,1.972,1.932,1.952,1031557.17,528365.39
2025-12-15 00:00:00,1.953,2.01,1.952,1.988,821009.62,383995.59
2025-12-15 04:00:00,1.989,2.01,1.987,1.993,589061.7,283884.98
2025-12-15 08:00:00,1.994,2.008,1.99,1.995,581388.39,243135.72
2025-12-15 12:00:00,1.995,2.008,1.872,1.886,3077382.31,1434231.07
2025-12-15 16:00:00,1.885,1.892,1.829,1.875,2190159.07,1144196.01
2025-12-15 20:00:00,1.874,1.905,1.857,1.902,778019.58,386400.74
2025-12-16 00:00:00,1.902,1.905,1.875,1.892,814683.91,410794.79
2025-12-16 04:00:00,1.892,1.903,1.862,1.878,733115.98,312122.21
2025-12-16 08:00:00,1.879,1.943,1.878,1.925,926339.91,398219.13
2025-12-16 12:00:00,1.925,1.936,1.874,1.92,1858824.13,954052.6
2025-12-16 16:00:00,1.92,1.924,1.889,1.907,663376.81,355602.53
2025-12-16 20:00:00,1.906,1.911,1.89,1.898,526778.55,283908.5
2025-12-17 00:00:00,1.898,1.909,1.882,1.889,334993.6,170595.04
2025-12-17 04:00:00,1.888,1.892,1.86,1.877,1440819.25,649598.89
2025-12-17 08:00:00,1.877,1.878,1.856,1.868,950446.07,496909.61
2025-12-17 12:00:00,1.868,1.955,1.861,1.87,3123273.45,1519470.14
2025-12-17 16:00:00,1.87,1.887,1.79,1.816,2889597.91,1499374.39
2025-12-17 20:00:00,1.817,1.83,1.792,1.816,888066.25,426351.39
2025-12-18 00:00:00,1.815,1.818,1.78,1.792,787641.6,329500.53
2025-12-18 04:00:00,1.792,1.8,1.771,1.79,980596.93,367302.29
2025-12-18 08:00:00,1.79,1.811,1.788,1.807,1411438.04,615150.68
2025-12-18 12:00:00,1.808,1.889,1.801,1.861,2702520.14,1158023.78
2025-12-18 16:00:00,1.862,1.863,1.722,1.727,2776881.3,1214587.59
2025-12-18 20:00:00,1.727,1.781,1.726,1.759,994261.52,504807.1
2025-12-19 00:00:00,1.76,1.803,1.738,1.784,1819742.44,889163.03
2025-12-19 04:00:00,1.785,1.81,1.769,1.797,1279135.21,740207.47
2025-12-19 08:00:00,1.797,1.81,1.789,1.808,705075.6,338835.74
2025-12-19 12:00:00,1.808,1.867,1.798,1.835,1724114.84,776611.63
2025-12-19 16:00:00,1.834,1.878,1.818,1.869,1834479.39,911610.14
2025-12-19 20:00:00,1.869,1.88,1.849,1.849,699058.21,412490.27
2025-12-20 00:00:00,1.849,1.851,1.831,1.841,502049.77,303520.57
2025-12-20 04:00:00,1.842,1.857,1.829,1.857,494503.72,233412.11
2025-12-20 08:00:00,1.856,1.869,1.847,1.863,507872.3,287164.79
2025-12-20 12:00:00,1.862,1.862,1.828,1.832,642278.19,339026.29
2025-12-20 16:00:00,1.833,1.839,1.827,1.834,403979.25,230550.67
2025-12-20 20:00:00,1.834,1.841,1.828,1.832,251965.27,134739.9
2025-12-21 00:00:00,1.832,1.837,1.8,1.81,546777.14,241459.68
2025-12-21 04:00:00,1.81,1.831,1.805,1.831,582850.36,353401.42
2025-12-21 08:00:00,1.831,1.852,1.825,1.826,532015.52,281669.43
2025-12-21 12:00:00,1.826,1.831,1.751,1.769,1606927.47,756114.08
2025-12-21 16:00:00,1.769,1.796,1.761,1.793,537867.62,222198.63
2025-12-21 20:00:00,1.794,1.812,1.766,1.802,520248.8,217850.74
2025-12-22 00:00:00,1.803,1.844,1.777,1.813,1073400.54,526678.69
2025-12-22 04:00:00,1.814,1.823,1.806,1.813,421051.8,205856.62
2025-12-22 08:00:00,1.813,1.835,1.81,1.823,659145.83,305827.69
2025-12-22 12:00:00,1.823,1.854,1.814,1.835,1220961.56,591284.45
2025-12-22 16:00:00,1.836,1.85,1.765,1.768,2461917.51,913689.91
2025-12-22 20:00:00,1.768,1.793,1.757,1.784,1024721.76,446954.52
2025-12-23 00:00:00,1.784,1.802,1.763,1.776,612168.3,305385.87
2025-12-23 04:00:00,1.775,1.78,1.754,1.76,474402.91,220332.18
2025-12-23 08:00:00,1.761,1.779,1.756,1.775,573913.03,266001.1
2025-12-23 12:00:00,1.775,1.775,1.728,1.748,1586598.11,770335.58
2025-12-23 16:00:00,1.748,1.776,1.738,1.76,1693074.9,921053.6
2025-12-23 20:00:00,1.76,1.788,1.754,1.765,789002.94,431193.54
2025-12-24 00:00:00,1.764,1.776,1.73,1.75,697179.65,396055.46
2025-12-24 04:00:00,1.749,1.758,1.716,1.724,793050.55,338443.14
2025-12-24 08:00:00,1.724,1.735,1.715,1.728,635599.92,347524.35
2025-12-24 12:00:00,1.728,1.739,1.706,1.732,964341.7,410425.43
2025-12-24 16:00:00,1.732,1.745,1.716,1.73,816353.24,377377.15
2025-12-24 20:00:00,1.73,1.747,1.726,1.738,478372.3,242581.53
2025-12-25 00:00:00,1.738,1.753,1.732,1.745,555610.39,282573.17
2025-12-25 04:00:00,1.745,1.747,1.736,1.737,363641.37,142080.13
2025-12-25 08:00:00,1.737,1.743,1.704,1.712,1055370.85,465020.82
2025-12-25 12:00:00,1.712,1.738,1.704,1.733,1084403.01,441921.82
2025-12-25 16:00:00,1.734,1.739,1.727,1.735,834056.25,451094.58
2025-12-25 20:00:00,1.735,1.735,1.678,1.685,1022350.77,495004.09
2025-12-26 00:00:00,1.685,1.753,1.653,1.738,2908254.65,1539457.88
2025-12-26 04:00:00,1.739,1.744,1.713,1.718,1037184.84,544613.85
2025-12-26 08:00:00,1.717,1.725,1.704,1.713,856593.24,431232.21
2025-12-26 12:00:00,1.713,1.733,1.684,1.707,1466993.11,704690.87
2025-12-26 16:00:00,1.707,1.723,1.693,1.72,550366.24,300808.77
2025-12-26 20:00:00,1.72,1.733,1.717,1.723,490581.72,193104.33
2025-12-27 00:00:00,1.724,1.774,1.723,1.764,1045110.66,498166.83
2025-12-27 04:00:00,1.764,1.765,1.746,1.752,852615.05,415762.84
2025-12-27 08:00:00,1.751,1.768,1.735,1.766,777485.36,372076.89
2025-12-27 12:00:00,1.766,1.823,1.762,1.802,1849930.93,929016.21
2025-12-27 16:00:00,1.802,1.848,1.798,1.834,2338346.02,1041085.63
2025-12-27 20:00:00,1.834,1.928,1.834,1.91,3094666.2,1459161.52
2025-12-28 00:00:00,1.91,1.915,1.869,1.872,854321.6,361697.21
2025-12-28 04:00:00,1.872,1.896,1.867,1.891,786837.29,451971.32
2025-12-28 08:00:00,1.892,1.9,1.876,1.881,916375.93,332984.92
2025-12-28 12:00:00,1.882,1.889,1.869,1.878,454143.8,237896.88
2025-12-28 16:00:00,1.878,1.882,1.835,1.843,1165941.09,598372.24
2025-12-28 20:00:00,1.843,1.852,1.828,1.851,676968.06,361067.29
2025-12-29 00:00:00,1.851,1.898,1.843,1.897,1434337.08,759579.19
2025-12-29 04:00:00,1.896,1.904,1.874,1.89,1122388.29,442208.09
2025-12-29 08:00:00,1.889,1.891,1.844,1.848,1154165.11,606632
2025-12-29 12:00:00,1.848,1.872,1.818,1.856,1352042.21,607674.97
2025-12-29 16:00:00,1.856,1.86,1.831,1.839,1246957.11,543774.35
2025-12-29 20:00:00,1.839,1.848,1.821,1.824,793915.62,377318.37
2025-12-30 00:00:00,1.823,1.828,1.792,1.81,845843.42,420930.39
2025-12-30 04:00:00,1.811,1.82,1.795,1.812,575808.4,295786.79
2025-12-30 08:00:00,1.812,1.842,1.812,1.824,781062.97,366994.89
2025-12-30 12:00:00,1.825,1.846,1.798,1.842,1548923.27,715231.91
2025-12-30 16:00:00,1.843,1.847,1.808,1.83,838151.36,348955.69
2025-12-30 20:00:00,1.829,1.83,1.807,1.811,268969.57,134722.32
2025-12-31 00:00:00,1.811,1.835,1.8,1.813,361351.9,193216.2
2025-12-31 04:00:00,1.812,1.819,1.806,1.809,305101.33,150878.54
2025-12-31 08:00:00,1.809,1.824,1.803,1.823,457976.11,202860.4
2025-12-31 12:00:00,1.823,1.845,1.803,1.814,1015156.26,486401.06
2025-12-31 16:00:00,1.813,1.813,1.762,1.777,1106630.64,557971.86
2025-12-31 20:00:00,1.776,1.798,1.765,1.789,734584.57,368118.42
2026-01-01 00:00:00,1.789,1.793,1.774,1.776,753124.69,438725.05
2026-01-01 04:00:00,1.776,1.79,1.765,1.786,333231.88,181888.59
2026-01-01 08:00:00,1.785,1.809,1.785,1.809,290784.73,125278.06
2026-01-01 12:00:00,1.809,1.903,1.804,1.894,3750050.66,1830834.73
2026-01-01 16:00:00,1.894,2.006,1.894,2.002,3226393.17,1644655.05
2026-01-01 20:00:00,2.002,2.033,1.978,1.999,2159774.68,1126518.72
2026-01-02 00:00:00,1.998,2.013,1.983,2.009,950245,483145.41
2026-01-02 04:00:00,2.009,2.011,1.981,1.983,533897.48,206598.07
2026-01-02 08:00:00,1.984,2.01,1.968,1.989,1362021,640964.83
2026-01-02 12:00:00,1.989,2.026,1.979,2.008,1580705.9,864389.23
2026-01-02 16:00:00,2.008,2.125,2.004,2.113,3521167.37,1867315.22
2026-01-02 20:00:00,2.113,2.17,2.08,2.166,2981826.82,1672476.38
2026-01-03 00:00:00,2.165,2.22,2.148,2.164,2315530.64,1284996
2026-01-03 04:00:00,2.163,2.163,2.109,2.113,1132623.44,482416.87
2026-01-03 08:00:00,2.113,2.144,2.108,2.114,1054596.09,592416.89
2026-01-03 12:00:00,2.114,2.14,2.112,2.13,936694.64,551405.4
2026-01-03 16:00:00,2.13,2.15,2.122,2.137,355619.02,194329.91
2026-01-03 20:00:00,2.136,2.147,2.121,2.125,963212,437657.59
2026-01-04 00:00:00,2.125,2.146,2.116,2.13,739345.46,373063.91
2026-01-04 04:00:00,2.13,2.158,2.12,2.137,567476.49,288996.63
2026-01-04 08:00:00,2.136,2.159,2.123,2.157,774599.85,329210.13
2026-01-04 12:00:00,2.156,2.18,2.147,2.167,893131.41,387218.43
2026-01-04 16:00:00,2.167,2.18,2.119,2.138,1241413.55,627117.44
2026-01-04 20:00:00,2.138,2.16,2.131,2.142,433045.46,215121.45
2026-01-05 00:00:00,2.143,2.173,2.122,2.154,1558220.46,669574.12
2026-01-05 04:00:00,2.153,2.156,2.109,2.147,684220,274081.8
2026-01-05 08:00:00,2.146,2.153,2.096,2.115,1308531.18,586956.17
2026-01-05 12:00:00,2.115,2.204,2.108,2.195,1492569.77,669253.58
2026-01-05 16:00:00,2.194,2.22,2.154,2.191,1884602.13,965495.88
2026-01-05 20:00:00,2.191,2.238,2.189,2.208,1474875.09,793542.52
2026-01-06 00:00:00,2.207,2.239,2.182,2.221,764327.34,381736.45
2026-01-06 04:00:00,2.22,2.246,2.179,2.188,1189703.44,628580.47
2026-01-06 08:00:00,2.188,2.225,2.183,2.22,984579.6,564083.96
2026-01-06 12:00:00,2.219,2.263,2.184,2.198,2466910.73,1221951.83
2026-01-06 16:00:00,2.198,2.205,2.112,2.149,2021451.83,873641.94
2026-01-06 20:00:00,2.149,2.242,2.149,2.235,1430775.62,697143.04
2026-01-07 00:00:00,2.234,2.237,2.174,2.19,790076.84,384309.45
2026-01-07 04:00:00,2.19,2.239,2.189,2.239,780409.81,401486.02
2026-01-07 08:00:00,2.24,2.249,2.178,2.199,1314533.23,587985.07
2026-01-07 12:00:00,2.198,2.198,2.127,2.136,1392833.05,655754.92
2026-01-07 16:00:00,2.136,2.173,2.13,2.146,815665.74,363280.53
2026-01-07 20:00:00,2.146,2.159,2.12,2.145,470340.02,228697.51
2026-01-08 00:00:00,2.145,2.157,2.117,2.12,400830.62,192335.72
2026-01-08 04:00:00,2.12,2.151,2.084,2.129,791722.34,361701.84
2026-01-08 08:00:00,2.128,2.141,2.084,2.123,1108865.63,572039.4
2026-01-08 12:00:00,2.124,2.157,2.089,2.156,1109304.22,594133.61
2026-01-08 16:00:00,2.155,2.159,2.111,2.116,714779.29,383460.71
2026-01-08 20:00:00,2.116,2.132,2.094,2.111,545102.47,230827.48
2026-01-09 00:00:00,2.111,2.126,2.085,2.112,801202.47,422389.31
2026-01-09 04:00:00,2.112,2.118,2.097,2.106,228614.83,120612.04
2026-01-09 08:00:00,2.105,2.108,2.061,2.08,641351.28,291289.04
2026-01-09 12:00:00,2.08,2.138,2.048,2.105,1667210.11,865175.73
2026-01-09 16:00:00,2.106,2.144,2.058,2.064,829007.47,392323.61
2026-01-09 20:00:00,2.064,2.095,2.062,2.083,534558.64,231951.54
2026-01-10 00:00:00,2.083,2.093,2.069,2.09,199660.24,104209.72
2026-01-10 04:00:00,2.09,2.116,2.076,2.103,523848.03,177739.95
2026-01-10 08:00:00,2.102,2.11,2.081,2.107,391097.07,155418.32
2026-01-10 12:00:00,2.107,2.13,2.105,2.119,576040.97,304573.12
2026-01-10 16:00:00,2.118,2.128,2.097,2.128,238286.69,115799.43
2026-01-10 20:00:00,2.128,2.13,2.084,2.093,374605.23,169876.51
2026-01-11 00:00:00,2.093,2.104,2.085,2.101,202184.58,114549.2
2026-01-11 04:00:00,2.1,2.118,2.094,2.116,274129.62,157554.26
2026-01-11 08:00:00,2.116,2.12,2.105,2.111,426150.09,280194.49
2026-01-11 12:00:00,2.11,2.125,2.07,2.079,547583.89,253314.3
2026-01-11 16:00:00,2.079,2.112,2.073,2.09,454776.11,245238.2
2026-01-11 20:00:00,2.089,2.089,2.034,2.07,739813.73,334703.2
2026-01-12 00:00:00,2.071,2.153,2.048,2.115,1119714.3,531476.69
2026-01-12 04:00:00,2.116,2.137,2.063,2.064,751867.88,377626.52
2026-01-12 08:00:00,2.064,2.082,2.033,2.059,1306465.89,609865.08
2026-01-12 12:00:00,2.058,2.089,2.022,2.087,863555.51,370712.45
2026-01-12 16:00:00,2.087,2.115,2.054,2.074,1000700.82,464809.5
2026-01-12 20:00:00,2.074,2.085,2.038,2.055,427453.43,205406.06
2026-01-13 00:00:00,2.054,2.097,2.052,2.065,1358032.52,734671.29
2026-01-13 04:00:00,2.065,2.107,2.065,2.08,565756.57,256543.5
2026-01-13 08:00:00,2.079,2.099,2.072,2.088,596728.68,326630.25
2026-01-13 12:00:00,2.087,2.247,2.08,2.242,4352806.96,1935664.48
2026-01-13 16:00:00,2.243,2.343,2.226,2.251,3798134.44,1874158.11
2026-01-13 20:00:00,2.251,2.333,2.215,2.282,2629604.54,1291111.64
2026-01-14 00:00:00,2.283,2.298,2.26,2.28,912199.11,493229.72
2026-01-14 04:00:00,2.28,2.297,2.259,2.277,947590.8,481042.85
2026-01-14 08:00:00,2.278,2.298,2.25,2.253,1321151.68,723562.28
2026-01-14 12:00:00,2.254,2.296,2.235,2.267,1613588.76,832134.51
2026-01-14 16:00:00,2.267,2.284,2.195,2.238,1657707.64,842763.16
2026-01-14 20:00:00,2.239,2.256,2.212,2.226,656532.23,301955.79
2026-01-15 00:00:00,2.225,2.239,2.157,2.169,1174089.67,491555.12
2026-01-15 04:00:00,2.169,2.203,2.166,2.197,869234.98,462936.62
2026-01-15 08:00:00,2.196,2.213,2.182,2.2,794237.25,416548.97
2026-01-15 12:00:00,2.2,2.238,2.129,2.165,1363139.4,729745.97
2026-01-15 16:00:00,2.164,2.173,2.098,2.12,1232160.78,583055.07
2026-01-15 20:00:00,2.12,2.131,2.097,2.117,906620.54,461172.9
2026-01-16 00:00:00,2.117,2.134,2.104,2.113,548892.38,305044.81
2026-01-16 04:00:00,2.112,2.151,2.098,2.137,831521.83,375815.44
2026-01-16 08:00:00,2.138,2.156,2.118,2.129,703458.4,313560.57
2026-01-16 12:00:00,2.129,2.13,2.062,2.074,1100424.17,492824.34
2026-01-16 16:00:00,2.074,2.098,2.056,2.093,1761025.17,757543.52
2026-01-16 20:00:00,2.093,2.138,2.085,2.119,1025289.04,524459.44
2026-01-17 00:00:00,2.12,2.136,2.113,2.129,488582.93,250451.91
2026-01-17 04:00:00,2.128,2.161,2.121,2.157,473637.44,234571.76
2026-01-17 08:00:00,2.157,2.235,2.156,2.183,2175490.81,928948.34
2026-01-17 12:00:00,2.182,2.228,2.178,2.209,1214785.98,599731.65
2026-01-17 16:00:00,2.209,2.217,2.182,2.199,826041.47,407831.33
2026-01-17 20:00:00,2.199,2.203,2.172,2.179,449446.02,166367.46
2026-01-18 00:00:00,2.178,2.203,2.16,2.163,678410.8,306427.55
2026-01-18 04:00:00,2.163,2.164,2.141,2.152,329949.07,158526.65
2026-01-18 08:00:00,2.152,2.163,2.144,2.149,580537.87,212088.85
2026-01-18 12:00:00,2.149,2.173,2.13,2.163,1105185.62,662340.59
2026-01-18 16:00:00,2.163,2.19,2.149,2.171,690321.77,373075.92
2026-01-18 20:00:00,2.171,2.198,2.063,2.065,1749267.66,881665.6
2026-01-19 00:00:00,2.065,2.065,1.834,1.979,6238913.3,3290975.96
2026-01-19 04:00:00,1.978,1.983,1.955,1.969,1299653.79,636813.4
2026-01-19 08:00:00,1.969,2,1.965,1.973,1146441.08,539322.51
2026-01-19 12:00:00,1.973,1.99,1.964,1.977,762790.73,361231.82
2026-01-19 16:00:00,1.976,2.064,1.975,2.046,1419756.75,583083.91
2026-01-19 20:00:00,2.047,2.05,2.006,2.028,656007.35,290779.64
2026-01-20 00:00:00,2.028,2.051,2.014,2.034,655829.72,311893.41
2026-01-20 04:00:00,2.033,2.051,1.986,1.991,2474584.51,1141531.27
2026-01-20 08:00:00,1.991,1.997,1.958,1.96,1254392.71,596567.02
2026-01-20 12:00:00,1.96,1.984,1.931,1.94,1344195.82,615385.24
2026-01-20 16:00:00,1.941,1.951,1.895,1.913,1024675.38,536116.24
2026-01-20 20:00:00,1.913,1.934,1.881,1.897,816462.68,341325.4
2026-01-21 00:00:00,1.898,1.96,1.895,1.947,846781.44,395440.13
2026-01-21 04:00:00,1.947,1.96,1.939,1.945,388122.73,174830
2026-01-21 08:00:00,1.945,1.949,1.916,1.919,509285.15,250387.94
2026-01-21 12:00:00,1.919,1.98,1.897,1.969,1321036.7,604943.96
2026-01-21 16:00:00,1.969,1.993,1.873,1.992,1828222.91,903445.49
2026-01-21 20:00:00,1.993,2,1.941,1.955,711371.57,340996.59
2026-01-22 00:00:00,1.955,1.982,1.95,1.957,357396.32,198311.82
2026-01-22 04:00:00,1.956,1.96,1.93,1.945,411102.07,231666.26
2026-01-22 08:00:00,1.946,1.962,1.939,1.95,387732.32,178761.28
2026-01-22 12:00:00,1.949,1.963,1.905,1.926,837220.45,404714.07
2026-01-22 16:00:00,1.926,1.944,1.918,1.938,569545.16,300613.94
2026-01-22 20:00:00,1.938,1.942,1.914,1.927,424996.34,186610.58
2026-01-23 00:00:00,1.927,1.967,1.924,1.957,382473.2,178903.55
2026-01-23 04:00:00,1.957,1.984,1.936,1.941,593773.59,291809.26
2026-01-23 08:00:00,1.941,1.948,1.92,1.945,589479.93,283911.25
2026-01-23 12:00:00,1.945,1.951,1.897,1.945,800142.2,385613.34
2026-01-23 16:00:00,1.945,1.981,1.921,1.927,1061589.14,552875.64
2026-01-23 20:00:00,1.927,1.932,1.903,1.926,390398.58,191661.57
2026-01-24 00:00:00,1.926,1.939,1.922,1.932,173096.23,75736.88
2026-01-24 04:00:00,1.931,1.941,1.924,1.925,190697.51,87302.98
2026-01-24 08:00:00,1.924,1.934,1.914,1.919,288128.81,125508.99
2026-01-24 12:00:00,1.919,1.923,1.904,1.905,390074.25,173299.15
2026-01-24 16:00:00,1.905,1.924,1.899,1.911,365903.23,125840.09
2026-01-24 20:00:00,1.912,1.932,1.912,1.93,287877.3,128405.25
2026-01-25 00:00:00,1.929,1.944,1.901,1.906,466437.2,207789.21
2026-01-25 04:00:00,1.905,1.912,1.895,1.899,235129.4,108606.28
2026-01-25 08:00:00,1.9,1.92,1.882,1.899,491133.05,218175.55
2026-01-25 12:00:00,1.898,1.903,1.878,1.887,480201.24,189893.06
2026-01-25 16:00:00,1.887,1.887,1.78,1.791,2285431.15,1009334.82
2026-01-25 20:00:00,1.791,1.828,1.789,1.823,1053289.11,486620.57
2026-01-26 00:00:00,1.823,1.862,1.818,1.831,749694.28,346291.61
2026-01-26 04:00:00,1.832,1.865,1.832,1.855,440003.14,231819.61
2026-01-26 08:00:00,1.856,1.874,1.841,1.845,515188.83,252689.1
2026-01-26 12:00:00,1.845,1.898,1.843,1.871,1184828.79,556703.81
2026-01-26 16:00:00,1.872,1.89,1.852,1.869,1013887.03,509741.27
2026-01-26 20:00:00,1.869,1.89,1.857,1.875,491911.49,268939.24
2026-01-27 00:00:00,1.876,1.885,1.867,1.875,316194.61,153320.28
2026-01-27 04:00:00,1.875,1.887,1.862,1.866,251620.98,121450.58
2026-01-27 08:00:00,1.867,1.872,1.847,1.852,279298.19,145109.32
2026-01-27 12:00:00,1.851,1.855,1.828,1.854,1178222.97,646878.82
2026-01-27 16:00:00,1.854,1.882,1.829,1.87,1023676.47,494563.49
2026-01-27 20:00:00,1.87,1.899,1.869,1.876,729142.15,384527.86
2026-01-28 00:00:00,1.877,1.879,1.859,1.863,303519.84,128266.94
2026-01-28 04:00:00,1.862,1.869,1.846,1.863,2037208.63,1139870.07
2026-01-28 08:00:00,1.863,1.896,1.853,1.895,980670.05,633344.85
2026-01-28 12:00:00,1.894,1.895,1.835,1.847,1539972.55,510369.56
2026-01-28 16:00:00,1.846,1.863,1.831,1.859,554287.03,251475.38
2026-01-28 20:00:00,1.858,1.889,1.841,1.87,585519.42,250086.26
2026-01-29 00:00:00,1.87,1.875,1.807,1.816,658735.47,292696.37
2026-01-29 04:00:00,1.816,1.819,1.802,1.809,426075,222666.16
2026-01-29 08:00:00,1.811,1.816,1.786,1.789,770727.48,378542.14
2026-01-29 12:00:00,1.788,1.797,1.712,1.731,2105798.48,911679.09
2026-01-29 16:00:00,1.731,1.765,1.697,1.725,2571744.66,1233371.36
2026-01-29 20:00:00,1.725,1.746,1.721,1.736,886149.47,410636.14
2026-01-30 00:00:00,1.736,1.748,1.675,1.703,1862056.37,854753.09
2026-01-30 04:00:00,1.704,1.727,1.672,1.71,1088336.07,502110.39
2026-01-30 08:00:00,1.71,1.726,1.692,1.719,775482.49,350166.91
2026-01-30 12:00:00,1.72,1.722,1.663,1.686,1697980.74,847731.99
2026-01-30 16:00:00,1.685,1.723,1.652,1.715,2123983.17,1157415.33
2026-01-30 20:00:00,1.715,1.715,1.681,1.69,1234771.09,615819.58
2026-01-31 00:00:00,1.69,1.691,1.675,1.682,464452.77,247482.92
2026-01-31 04:00:00,1.682,1.688,1.646,1.657,883589.9,364820.53
2026-01-31 08:00:00,1.657,1.66,1.615,1.635,1614647.16,742379.55
2026-01-31 12:00:00,1.635,1.638,1.534,1.571,2917657.97,1359048.34
2026-01-31 16:00:00,1.571,1.592,1.399,1.497,6503690.7,2883448.61
2026-01-31 20:00:00,1.496,1.557,1.479,1.547,1646202.25,852475.86
2026-02-01 00:00:00,1.548,1.558,1.535,1.554,644201.38,326755.83
2026-02-01 04:00:00,1.554,1.56,1.536,1.547,1046889.43,437733.27
2026-02-01 08:00:00,1.547,1.56,1.529,1.546,929597.08,403579.95
2026-02-01 12:00:00,1.547,1.547,1.481,1.5,1844779.82,849456.46
2026-02-01 16:00:00,1.499,1.531,1.487,1.504,1194873.74,570565.16
2026-02-01 20:00:00,1.504,1.522,1.459,1.495,1662959.01,798455.58
2026-02-02 00:00:00,1.496,1.536,1.452,1.51,1897577.21,981454.42
2026-02-02 04:00:00,1.51,1.52,1.454,1.497,2190731.69,1161434.13
2026-02-02 08:00:00,1.497,1.532,1.497,1.514,1342592.79,660534.25
2026-02-02 12:00:00,1.514,1.576,1.513,1.571,1507803.56,752413.93
2026-02-02 16:00:00,1.572,1.576,1.546,1.546,656633.96,321977.9
2026-02-02 20:00:00,1.546,1.555,1.537,1.543,364274.07,178226.36
2026-02-03 00:00:00,1.543,1.547,1.509,1.539,598906.09,292851.09
2026-02-03 04:00:00,1.538,1.55,1.521,1.538,472818.22,247908.31
2026-02-03 08:00:00,1.538,1.544,1.51,1.519,1497289.18,721426.18
2026-02-03 12:00:00,1.518,1.533,1.49,1.525,3067006.78,1284163.4
2026-02-03 16:00:00,1.526,1.526,1.431,1.505,3623859.31,1535415.64
2026-02-03 20:00:00,1.504,1.566,1.488,1.5,2340073.19,1195660.74
2026-02-04 00:00:00,1.499,1.534,1.493,1.528,789008.52,403420.34
2026-02-04 04:00:00,1.528,1.531,1.501,1.517,574346.75,275349.33
2026-02-04 08:00:00,1.518,1.526,1.488,1.501,726327.02,327831.95
2026-02-04 12:00:00,1.502,1.504,1.436,1.451,1529253.41,646745.19
2026-02-04 16:00:00,1.451,1.49,1.425,1.486,2326699.68,1196661.67
2026-02-04 20:00:00,1.487,1.491,1.432,1.461,1053953.27,500789.35
2026-02-05 00:00:00,1.462,1.478,1.44,1.442,1228459.51,590007.67
2026-02-05 04:00:00,1.442,1.461,1.421,1.424,1288143.88,639680.22
2026-02-05 08:00:00,1.425,1.447,1.373,1.392,1936173.71,915993.02
2026-02-05 12:00:00,1.393,1.411,1.291,1.328,5329601.47,2430827.63
2026-02-05 16:00:00,1.329,1.362,1.292,1.3,4159958.98,2035477.75
2026-02-05 20:00:00,1.3,1.31,1.232,1.248,5781109.7,2840160.62
2026-02-06 00:00:00,1.248,1.276,1.101,1.24,9521431.49,4781373.89
2026-02-06 04:00:00,1.241,1.303,1.232,1.271,1905339.53,854551.69
2026-02-06 08:00:00,1.271,1.332,1.263,1.325,2611297.85,1408982.36
2026-02-06 12:00:00,1.325,1.354,1.313,1.348,2514011.22,1159484.25
2026-02-06 16:00:00,1.348,1.407,1.343,1.365,2532372.56,1227088.39
2026-02-06 20:00:00,1.364,1.388,1.348,1.368,1324208.91,677053.26
2026-02-07 00:00:00,1.367,1.382,1.342,1.378,1084706.54,570188.28
2026-02-07 04:00:00,1.377,1.39,1.316,1.331,1884193.55,952098.26
2026-02-07 08:00:00,1.33,1.343,1.322,1.331,575574.19,256328.77
2026-02-07 12:00:00,1.33,1.37,1.328,1.355,1111623.17,558794.12
2026-02-07 16:00:00,1.356,1.403,1.351,1.376,4559653.1,2221298.05
2026-02-07 20:00:00,1.376,1.387,1.365,1.372,483267,261943.59
2026-02-08 00:00:00,1.372,1.373,1.351,1.353,435035.9,196475.32
2026-02-08 04:00:00,1.353,1.356,1.34,1.35,363565.54,158507.41
2026-02-08 08:00:00,1.35,1.377,1.346,1.37,721715.13,414479.37
2026-02-08 12:00:00,1.371,1.372,1.351,1.357,747781.21,343204.59
2026-02-08 16:00:00,1.357,1.361,1.327,1.359,551397.32,287719.8
2026-02-08 20:00:00,1.359,1.368,1.325,1.337,753174.9,358983.68
2026-02-09 00:00:00,1.336,1.351,1.326,1.347,666686.94,327236.38
2026-02-09 04:00:00,1.347,1.347,1.315,1.318,544912.35,253853.47
2026-02-09 08:00:00,1.317,1.321,1.277,1.292,942500.65,464301.6
2026-02-09 12:00:00,1.291,1.33,1.289,1.31,1229228.32,582516.33
2026-02-09 16:00:00,1.311,1.345,1.3,1.332,1262660.52,701974.93
2026-02-09 20:00:00,1.332,1.334,1.31,1.32,584604.49,282486.94
2026-02-10 00:00:00,1.32,1.328,1.291,1.299,653148.36,279972.56
2026-02-10 04:00:00,1.299,1.31,1.272,1.284,977690.64,410074.62
2026-02-10 08:00:00,1.284,1.293,1.27,1.273,792802.8,399422.56
2026-02-10 12:00:00,1.273,1.291,1.265,1.284,870017.09,425291.94
2026-02-10 16:00:00,1.284,1.287,1.266,1.273,683612.33,331604.57
2026-02-10 20:00:00,1.273,1.285,1.269,1.283,382210.23,171237.47
2026-02-11 00:00:00,1.283,1.292,1.268,1.276,405241.49,198035.6
2026-02-11 04:00:00,1.276,1.279,1.237,1.24,976058.26,435557.17
2026-02-11 08:00:00,1.239,1.243,1.228,1.241,928585.84,378911.69
2026-02-11 12:00:00,1.242,1.297,1.225,1.238,2096414.5,1031515.42
2026-02-11 16:00:00,1.237,1.27,1.235,1.259,975484.18,494996.82
2026-02-11 20:00:00,1.259,1.281,1.248,1.256,980261.28,411304.19
2026-02-12 00:00:00,1.255,1.282,1.255,1.282,506755.49,244726.26
2026-02-12 04:00:00,1.281,1.293,1.271,1.291,431621.55,186076.99
2026-02-12 08:00:00,1.291,1.304,1.282,1.297,800906.44,386839.31
2026-02-12 12:00:00,1.297,1.299,1.274,1.275,1090228.62,519126.29
2026-02-12 16:00:00,1.275,1.289,1.249,1.271,1030456.13,435175.19
2026-02-12 20:00:00,1.271,1.285,1.256,1.283,624010.76,295646.31
2026-02-13 00:00:00,1.283,1.288,1.268,1.271,587896.1,316539.8
2026-02-13 04:00:00,1.271,1.274,1.252,1.268,463634.96,242673.77
2026-02-13 08:00:00,1.269,1.285,1.265,1.279,434188.15,221007.69
2026-02-13 12:00:00,1.278,1.326,1.271,1.307,1499115.91,813060.25
2026-02-13 16:00:00,1.307,1.335,1.303,1.323,880908.72,401841.62
2026-02-13 20:00:00,1.322,1.341,1.319,1.33,666723.48,302411.4
2026-02-14 00:00:00,1.331,1.352,1.33,1.346,557212.23,260613.35
2026-02-14 04:00:00,1.346,1.353,1.339,1.346,342213.72,136971.43
2026-02-14 08:00:00,1.346,1.375,1.345,1.371,821039.09,412932.66
2026-02-14 12:00:00,1.37,1.4,1.36,1.398,747865.46,321217.12
2026-02-14 16:00:00,1.399,1.431,1.388,1.426,865521.67,373011.58
2026-02-14 20:00:00,1.427,1.44,1.411,1.421,840232.06,377360.33
2026-02-15 00:00:00,1.421,1.425,1.392,1.417,1029173.18,457775.17
2026-02-15 04:00:00,1.416,1.438,1.413,1.436,855116.07,419250.85
2026-02-15 08:00:00,1.436,1.439,1.398,1.404,581251.86,256418.05
2026-02-15 12:00:00,1.403,1.404,1.35,1.367,1440770.78,606190.79
2026-02-15 16:00:00,1.367,1.369,1.331,1.341,1263201.31,577732.28
2026-02-15 20:00:00,1.341,1.36,1.335,1.357,458402.41,243282.75
2026-02-16 00:00:00,1.357,1.366,1.347,1.353,419421.12,182353.07
2026-02-16 04:00:00,1.353,1.371,1.341,1.351,526919.63,263363.41
2026-02-16 08:00:00,1.351,1.367,1.34,1.356,459092.53,220298.04
2026-02-16 12:00:00,1.356,1.391,1.332,1.34,1186379.31,585752.72
2026-02-16 16:00:00,1.34,1.362,1.34,1.357,517502.98,258262.37
2026-02-16 20:00:00,1.357,1.383,1.353,1.376,490336.48,268845.81
2026-02-17 00:00:00,1.377,1.38,1.358,1.375,362353.4,189908.36
2026-02-17 04:00:00,1.375,1.38,1.362,1.374,369513.74,175249.51
2026-02-17 08:00:00,1.373,1.375,1.353,1.363,460225.06,246899.08
2026-02-17 12:00:00,1.363,1.378,1.34,1.359,871671.48,456082.02
2026-02-17 16:00:00,1.359,1.381,1.343,1.359,891907.04,430430.7
2026-02-17 20:00:00,1.358,1.361,1.343,1.347,507033.05,221402.29
2026-02-18 00:00:00,1.347,1.36,1.338,1.357,548905.49,258728.95
2026-02-18 04:00:00,1.357,1.363,1.35,1.36,316685.14,152369.52
2026-02-18 08:00:00,1.36,1.367,1.338,1.345,559581.56,296481.27
2026-02-18 12:00:00,1.345,1.372,1.331,1.357,779155.16,385552.15
2026-02-18 16:00:00,1.357,1.358,1.304,1.311,1027820.94,466566.14
2026-02-18 20:00:00,1.31,1.32,1.3,1.311,571056.61,259633.17
2026-02-19 00:00:00,1.311,1.322,1.305,1.317,582323.55,326644.49
2026-02-19 04:00:00,1.317,1.321,1.305,1.309,427704.52,201569.22
2026-02-19 08:00:00,1.31,1.31,1.288,1.293,793177.8,394792.23
2026-02-19 12:00:00,1.293,1.297,1.269,1.274,939931.87,485916.27
2026-02-19 16:00:00,1.273,1.29,1.26,1.281,806090.2,396008.26
2026-02-19 20:00:00,1.281,1.289,1.275,1.287,411003.51,218807.99
2026-02-20 00:00:00,1.287,1.298,1.285,1.289,429723.35,234434.36
2026-02-20 04:00:00,1.289,1.302,1.274,1.299,595711.32,331991.77
2026-02-20 08:00:00,1.298,1.316,1.292,1.298,503940.87,245976.26
2026-02-20 12:00:00,1.298,1.354,1.275,1.35,1973114.2,944308.61
2026-02-20 16:00:00,1.351,1.364,1.316,1.336,2355766.44,1180957.76
2026-02-20 20:00:00,1.336,1.345,1.327,1.341,530013.25,263236.74
2026-02-21 00:00:00,1.341,1.347,1.328,1.34,393021.18,193674.55
2026-02-21 04:00:00,1.34,1.363,1.337,1.355,569271.14,227362.98
2026-02-21 08:00:00,1.356,1.398,1.351,1.385,1141609.37,597803.34
2026-02-21 12:00:00,1.385,1.394,1.371,1.373,825055.65,439664.42
2026-02-21 16:00:00,1.373,1.374,1.357,1.362,661595.19,291735.74
2026-02-21 20:00:00,1.362,1.364,1.352,1.36,414981.96,155502.33
2026-02-22 00:00:00,1.359,1.366,1.346,1.356,986000.28,440729.65
2026-02-22 04:00:00,1.355,1.356,1.335,1.343,402620.51,228199.72
2026-02-22 08:00:00,1.343,1.343,1.324,1.334,437033.21,215845.07
2026-02-22 12:00:00,1.335,1.335,1.309,1.32,791460.73,318834.33
2026-02-22 16:00:00,1.32,1.321,1.306,1.311,373316.34,175176.67
2026-02-22 20:00:00,1.312,1.318,1.303,1.313,343118.05,166356
2026-02-23 00:00:00,1.313,1.314,1.239,1.257,2519176.49,1214482.17
2026-02-23 04:00:00,1.257,1.278,1.249,1.272,572135.27,293097.12
2026-02-23 08:00:00,1.272,1.3,1.269,1.295,777366.55,373503.07
2026-02-23 12:00:00,1.295,1.314,1.279,1.281,1753071.12,824276.26
2026-02-23 16:00:00,1.281,1.283,1.255,1.259,1183696.55,515246.35
2026-02-23 20:00:00,1.258,1.278,1.254,1.265,652662.22,314503.5
2026-02-24 00:00:00,1.265,1.279,1.249,1.257,1180461.42,508169.71
2026-02-24 04:00:00,1.256,1.259,1.242,1.251,798129.82,401761.57
2026-02-24 08:00:00,1.251,1.26,1.236,1.246,1491852.51,940968.29
2026-02-24 12:00:00,1.246,1.254,1.225,1.248,1457649.57,713216
2026-02-24 16:00:00,1.248,1.261,1.244,1.246,641645.14,345722.01
2026-02-24 20:00:00,1.246,1.25,1.235,1.238,762805.25,368836.11
2026-02-25 00:00:00,1.239,1.304,1.235,1.27,1972906.88,948662.29
2026-02-25 04:00:00,1.27,1.279,1.259,1.269,831825.59,370845.06
2026-02-25 08:00:00,1.269,1.392,1.262,1.382,4279161.36,2004463.17
2026-02-25 12:00:00,1.383,1.555,1.37,1.518,13946882.93,6531163.91
2026-02-25 16:00:00,1.518,1.641,1.514,1.633,6115758.69,3032023.02
2026-02-25 20:00:00,1.633,1.752,1.601,1.663,12935966.52,6258575
2026-02-26 00:00:00,1.663,1.696,1.599,1.629,9741014.22,4521985.36
2026-02-26 04:00:00,1.628,1.647,1.567,1.581,3733998.75,1798904.15
2026-02-26 08:00:00,1.581,1.633,1.574,1.581,3758460.5,1814947.8
2026-02-26 12:00:00,1.58,1.647,1.572,1.62,4961272.88,2569039.87
2026-02-26 16:00:00,1.62,1.621,1.522,1.571,4531098.82,2286850.55
2026-02-26 20:00:00,1.57,1.629,1.555,1.609,2461205.15,1200784.41
2026-02-27 00:00:00,1.609,1.666,1.598,1.655,3108171.98,1608097.24
2026-02-27 04:00:00,1.656,1.683,1.591,1.604,2851125.55,1408413.69
2026-02-27 08:00:00,1.605,1.629,1.563,1.566,2327919.89,1128772.57
2026-02-27 12:00:00,1.566,1.599,1.55,1.566,3292656.29,1629716.1
2026-02-27 16:00:00,1.567,1.626,1.547,1.606,3471823.79,1706394.67
2026-02-27 20:00:00,1.606,1.651,1.568,1.599,3217280.76,1614735.66
2026-02-28 00:00:00,1.6,1.619,1.572,1.575,1904626.65,945686.54
2026-02-28 04:00:00,1.575,1.578,1.48,1.503,3685428.94,1777978.97
2026-02-28 08:00:00,1.502,1.506,1.458,1.476,2542508.75,1263686.41
2026-02-28 12:00:00,1.476,1.54,1.462,1.511,3313766.36,1780804.89
2026-02-28 16:00:00,1.51,1.642,1.496,1.598,3939892.21,1960182.47
2026-02-28 20:00:00,1.597,1.675,1.591,1.662,4069700.04,1999550.64
2026-03-01 00:00:00,1.662,1.681,1.609,1.616,3303652.11,1653753.79
2026-03-01 04:00:00,1.616,1.622,1.583,1.605,1699080.25,884180.02
2026-03-01 08:00:00,1.605,1.605,1.559,1.563,1565528.24,755597.99
2026-03-01 12:00:00,1.562,1.578,1.539,1.55,1735850.3,898205.59
2026-03-01 16:00:00,1.551,1.56,1.521,1.523,1583158.12,697458.51
2026-03-01 20:00:00,1.522,1.543,1.504,1.534,1939005.47,947997.94
2026-03-02 00:00:00,1.535,1.599,1.531,1.559,1481630.29,735395.75
2026-03-02 04:00:00,1.56,1.58,1.506,1.512,1570117.75,804956.46
2026-03-02 08:00:00,1.512,1.526,1.498,1.515,1332781.43,629414.62
2026-03-02 12:00:00,1.516,1.596,1.499,1.573,5786614.06,3629793.11
2026-03-02 16:00:00,1.574,1.603,1.522,1.533,2886075.24,1364037.54
2026-03-02 20:00:00,1.534,1.546,1.5,1.509,1873906.13,1000617.59
2026-03-03 00:00:00,1.509,1.514,1.489,1.502,1342180.56,642357.08
2026-03-03 04:00:00,1.503,1.517,1.483,1.517,1029383.42,453212.86
2026-03-03 08:00:00,1.517,1.522,1.473,1.484,1102177.45,526291.78
2026-03-03 12:00:00,1.484,1.522,1.482,1.508,1296781.88,703377.46
2026-03-03 16:00:00,1.508,1.557,1.503,1.53,2532583.52,1356191.44
2026-03-03 20:00:00,1.53,1.539,1.51,1.533,950046.36,452301.66
2026-03-04 00:00:00,1.533,1.551,1.519,1.527,1077635.94,489043.5
2026-03-04 04:00:00,1.528,1.541,1.508,1.534,816339.55,410793.74
2026-03-04 08:00:00,1.534,1.574,1.524,1.536,2341659.43,1308709.13
2026-03-04 12:00:00,1.536,1.558,1.508,1.556,2263838.83,1251444.31
2026-03-04 16:00:00,1.556,1.567,1.523,1.56,1797053.15,910508.46
2026-03-04 20:00:00,1.559,1.563,1.516,1.541,1049611.41,463669.39
2026-03-05 00:00:00,1.541,1.544,1.513,1.529,745131.15,343595.34
2026-03-05 04:00:00,1.529,1.555,1.508,1.517,903891.48,379535.64
2026-03-05 08:00:00,1.518,1.55,1.511,1.522,890485.69,454044.66
2026-03-05 12:00:00,1.522,1.545,1.505,1.512,1199384.44,536132.51
2026-03-05 16:00:00,1.512,1.523,1.482,1.508,1153641.21,557660.6
2026-03-05 20:00:00,1.509,1.556,1.509,1.53,1216150.76,567637.19
2026-03-06 00:00:00,1.529,1.547,1.522,1.531,637419.97,361148.06
2026-03-06 04:00:00,1.532,1.547,1.511,1.542,600630.17,292733.09
2026-03-06 08:00:00,1.542,1.543,1.504,1.507,751723.89,366377.81
2026-03-06 12:00:00,1.506,1.519,1.453,1.464,2002968.58,963088.52
2026-03-06 16:00:00,1.463,1.494,1.459,1.485,615452.78,283759.13
2026-03-06 20:00:00,1.486,1.499,1.48,1.488,517399.97,290321.61
2026-03-07 00:00:00,1.489,1.517,1.487,1.498,455720.79,241992.28
2026-03-07 04:00:00,1.499,1.517,1.488,1.501,527751.88,256050.74
2026-03-07 08:00:00,1.501,1.514,1.482,1.489,594198.51,312984.9
2026-03-07 12:00:00,1.488,1.5,1.463,1.468,726190.99,350350.41
2026-03-07 16:00:00,1.468,1.481,1.431,1.437,1115389.94,477877.86
2026-03-07 20:00:00,1.437,1.449,1.431,1.448,878132.19,488872.97
2026-03-08 00:00:00,1.448,1.449,1.425,1.435,527184.89,259702.88
2026-03-08 04:00:00,1.435,1.456,1.427,1.446,761405.72,362297.82
2026-03-08 08:00:00,1.446,1.478,1.439,1.468,513170.75,259017.25
2026-03-08 12:00:00,1.468,1.485,1.445,1.453,900253.56,396517.68
2026-03-08 16:00:00,1.453,1.48,1.445,1.469,792287.83,392155.74
2026-03-08 20:00:00,1.469,1.475,1.43,1.452,1443850.01,740151.25
2026-03-09 00:00:00,1.453,1.493,1.452,1.471,1027937.37,561458.21
2026-03-09 04:00:00,1.471,1.52,1.471,1.487,1267848.93,623154.34
2026-03-09 08:00:00,1.488,1.498,1.463,1.476,962390.82,525985.88
2026-03-09 12:00:00,1.476,1.513,1.471,1.501,1201308.8,636149.09
2026-03-09 16:00:00,1.501,1.533,1.493,1.507,924712.26,442478.52
2026-03-09 20:00:00,1.507,1.515,1.484,1.494,858508.39,428143.99
2026-03-10 00:00:00,1.494,1.533,1.492,1.509,979495.36,552865.44
2026-03-10 04:00:00,1.509,1.535,1.509,1.52,857871.32,411752.37
2026-03-10 08:00:00,1.52,1.54,1.516,1.518,919638.03,491661.23
2026-03-10 12:00:00,1.517,1.546,1.497,1.53,1557906.56,849173.18
2026-03-10 16:00:00,1.53,1.541,1.491,1.5,1357081.82,670354.6
2026-03-10 20:00:00,1.499,1.506,1.479,1.486,590825.57,280350.07
2026-03-11 00:00:00,1.486,1.494,1.475,1.484,549717.67,285542.81
2026-03-11 04:00:00,1.484,1.499,1.473,1.485,591595.01,286313.77
2026-03-11 08:00:00,1.485,1.51,1.485,1.508,568816.84,249659.69
2026-03-11 12:00:00,1.508,1.555,1.503,1.519,2264074.32,1119376.82
2026-03-11 16:00:00,1.519,1.55,1.513,1.539,1059028.17,499268.15
2026-03-11 20:00:00,1.538,1.544,1.518,1.522,740322.6,379976.06
2026-03-12 00:00:00,1.523,1.526,1.496,1.498,720526.43,282311.43
2026-03-12 04:00:00,1.499,1.51,1.493,1.51,484572.66,285714.9
2026-03-12 08:00:00,1.51,1.528,1.505,1.508,617719.98,331347.48
2026-03-12 12:00:00,1.508,1.512,1.485,1.503,1075686.14,541456.75
2026-03-12 16:00:00,1.503,1.514,1.489,1.508,476671.31,233790.66
2026-03-12 20:00:00,1.508,1.527,1.502,1.518,820648.48,430675.31
2026-03-13 00:00:00,1.517,1.55,1.513,1.533,1176880.58,606482.41
2026-03-13 04:00:00,1.533,1.534,1.499,1.506,1640654.25,525694.55
2026-03-13 08:00:00,1.507,1.527,1.502,1.517,1241569.13,635618.6
2026-03-13 12:00:00,1.518,1.549,1.5,1.507,2223571.77,1142313.56
2026-03-13 16:00:00,1.508,1.515,1.466,1.47,1663970.71,829506.37
2026-03-13 20:00:00,1.471,1.482,1.447,1.464,1255162.56,614550.15
2026-03-14 00:00:00,1.463,1.463,1.439,1.45,818138.77,417315.67
2026-03-14 04:00:00,1.449,1.457,1.432,1.438,650280.33,326577.85
2026-03-14 08:00:00,1.438,1.443,1.428,1.437,616116.68,349323.12
2026-03-14 12:00:00,1.437,1.444,1.421,1.434,831222.93,426204.63
2026-03-14 16:00:00,1.434,1.435,1.411,1.413,737102.9,441370.78
2026-03-14 20:00:00,1.412,1.417,1.403,1.414,1175675.67,754459.25
2026-03-15 00:00:00,1.413,1.432,1.392,1.418,1502364.34,775833.56
2026-03-15 04:00:00,1.419,1.426,1.41,1.419,675242.29,351378.46
2026-03-15 08:00:00,1.419,1.442,1.416,1.433,723816.77,397407.02
2026-03-15 12:00:00,1.433,1.444,1.415,1.417,1075106.55,571795.74
2026-03-15 16:00:00,1.417,1.43,1.41,1.422,663296.68,329566.46
2026-03-15 20:00:00,1.422,1.446,1.417,1.441,1547925.26,902611.35
2026-03-16 00:00:00,1.442,1.489,1.432,1.477,1555713.63,794598.49
2026-03-16 04:00:00,1.478,1.602,1.478,1.583,7263902.61,3577752.28
2026-03-16 08:00:00,1.584,1.635,1.57,1.593,5447700.74,2640830.07
2026-03-16 12:00:00,1.593,1.607,1.56,1.568,2857314.04,1380182.98
2026-03-16 16:00:00,1.568,1.625,1.567,1.612,2001891.18,964015.62
2026-03-16 20:00:00,1.612,1.662,1.607,1.64,2915417.53,1402258.64
2026-03-17 00:00:00,1.641,1.643,1.594,1.604,2117520.26,953446.29
2026-03-17 04:00:00,1.603,1.62,1.588,1.613,1285857.8,592364.22
2026-03-17 08:00:00,1.614,1.64,1.601,1.603,1397054.3,624204.48
2026-03-17 12:00:00,1.602,1.605,1.583,1.593,1068935.6,493235.88
2026-03-17 16:00:00,1.592,1.605,1.582,1.593,657963.17,314766.12
2026-03-17 20:00:00,1.594,1.634,1.593,1.62,1035393.37,509424.87
2026-03-18 00:00:00,1.621,1.654,1.617,1.637,1454965.36,786954.61
2026-03-18 04:00:00,1.637,1.65,1.619,1.624,952705.2,502052.25
2026-03-18 08:00:00,1.625,1.64,1.593,1.604,1209554.96,534523.72
2026-03-18 12:00:00,1.603,1.603,1.539,1.561,1938875.03,897040.53
2026-03-18 16:00:00,1.56,1.576,1.546,1.552,803946.97,430686
2026-03-18 20:00:00,1.552,1.578,1.54,1.577,908962.94,532844.55
2026-03-19 00:00:00,1.577,1.579,1.546,1.555,919111.23,498382.68
2026-03-19 04:00:00,1.555,1.559,1.525,1.533,793786.38,399280.85
2026-03-19 08:00:00,1.532,1.548,1.528,1.54,554722.76,291752.77
2026-03-19 12:00:00,1.54,1.543,1.501,1.522,1205723.73,564083.16
2026-03-19 16:00:00,1.522,1.536,1.496,1.53,816263.76,381036.17
2026-03-19 20:00:00,1.53,1.535,1.505,1.521,579816.33,281990.64
2026-03-20 00:00:00,1.522,1.544,1.52,1.532,605928.48,345658.75
2026-03-20 04:00:00,1.532,1.553,1.529,1.537,551897.46,269570.08
2026-03-20 08:00:00,1.537,1.55,1.521,1.528,578481.44,280716.77
2026-03-20 12:00:00,1.529,1.538,1.513,1.526,721093.84,361007.1
2026-03-20 16:00:00,1.526,1.528,1.494,1.51,664717.92,313340.11
2026-03-20 20:00:00,1.51,1.524,1.496,1.499,500689.16,256367.07
2026-03-21 00:00:00,1.499,1.515,1.499,1.512,373008.01,178944.29
2026-03-21 04:00:00,1.512,1.516,1.501,1.502,331670.41,156067.8
2026-03-21 08:00:00,1.503,1.508,1.486,1.492,629675.81,374787.8
2026-03-21 12:00:00,1.491,1.509,1.485,1.507,553385.93,301715.77
2026-03-21 16:00:00,1.508,1.509,1.492,1.494,364545.53,141113.14
2026-03-21 20:00:00,1.494,1.503,1.457,1.468,957029.81,426728.62
2026-03-22 00:00:00,1.467,1.483,1.443,1.472,988077.38,446350.74
2026-03-22 04:00:00,1.471,1.48,1.456,1.457,335937.4,185107.44
2026-03-22 08:00:00,1.456,1.458,1.432,1.432,606680.95,306087.91
2026-03-22 12:00:00,1.432,1.449,1.431,1.434,530207.14,278778.17
2026-03-22 16:00:00,1.435,1.437,1.413,1.417,447554.82,189258.01
2026-03-22 20:00:00,1.416,1.424,1.393,1.413,874137.78,363228.71
2026-03-23 00:00:00,1.413,1.44,1.41,1.432,504664.41,260818.5
2026-03-23 04:00:00,1.431,1.443,1.402,1.415,546231.45,244603.4
2026-03-23 08:00:00,1.415,1.493,1.402,1.465,2707430.04,1328648.44
2026-03-23 12:00:00,1.466,1.488,1.431,1.433,1568277.88,791655.34
2026-03-23 16:00:00,1.434,1.442,1.42,1.423,1286881.55,753225.22
2026-03-23 20:00:00,1.424,1.433,1.405,1.421,1279022.37,602387.79
2026-03-24 00:00:00,1.421,1.426,1.408,1.422,1179051.56,605875.42
2026-03-24 04:00:00,1.422,1.429,1.408,1.427,1080251.36,600511.35
2026-03-24 08:00:00,1.427,1.427,1.386,1.398,1651254.75,804396.82
2026-03-24 12:00:00,1.397,1.405,1.379,1.383,1526207.39,699403.35
2026-03-24 16:00:00,1.382,1.385,1.36,1.38,1310666.71,674361.62
2026-03-24 20:00:00,1.379,1.405,1.378,1.401,1143291.98,592105.28
2026-03-25 00:00:00,1.402,1.412,1.388,1.402,1420251.95,664577.54
2026-03-25 04:00:00,1.401,1.404,1.379,1.385,1036047.94,468368.57
2026-03-25 08:00:00,1.385,1.401,1.376,1.393,1654449.38,851181.97
2026-03-25 12:00:00,1.394,1.395,1.363,1.369,1387006.16,707205.09
2026-03-25 16:00:00,1.369,1.384,1.365,1.369,1268852.29,656120.7
2026-03-25 20:00:00,1.369,1.369,1.346,1.363,1588842.51,903374.09
2026-03-26 00:00:00,1.363,1.369,1.34,1.343,856790.16,478768.95
2026-03-26 04:00:00,1.343,1.343,1.318,1.328,1432622.55,711552.75
2026-03-26 08:00:00,1.328,1.329,1.305,1.313,1467589.24,584791.76
2026-03-26 12:00:00,1.313,1.337,1.313,1.323,1736890.64,777735.04
2026-03-26 16:00:00,1.324,1.333,1.301,1.306,1459950.82,588387.7
2026-03-26 20:00:00,1.306,1.329,1.301,1.321,1405871.77,619493.82
2026-03-27 00:00:00,1.321,1.34,1.316,1.321,621806.46,251444.29
2026-03-27 04:00:00,1.321,1.327,1.313,1.324,787956.95,323953.32
2026-03-27 08:00:00,1.325,1.327,1.272,1.281,2154630.03,863045.81
2026-03-27 12:00:00,1.282,1.295,1.273,1.279,1479211.23,639097.56
2026-03-27 16:00:00,1.278,1.289,1.27,1.282,583623.37,327449.6
2026-03-27 20:00:00,1.281,1.295,1.273,1.292,493107.61,171404.91
2026-03-28 00:00:00,1.291,1.294,1.271,1.284,750014.04,465320.95
2026-03-28 04:00:00,1.284,1.301,1.28,1.301,449518.6,256833.28
2026-03-28 08:00:00,1.301,1.306,1.285,1.288,598607.28,248961.37
2026-03-28 12:00:00,1.288,1.306,1.275,1.286,1436916.13,747524.53
2026-03-28 16:00:00,1.287,1.291,1.275,1.283,509769.79,239902.79
2026-03-28 20:00:00,1.282,1.287,1.253,1.259,1389328.76,668409.15
2026-03-29 00:00:00,1.259,1.272,1.247,1.27,578535.75,245748.89
2026-03-29 04:00:00,1.271,1.274,1.265,1.268,330674.93,151298.41
2026-03-29 08:00:00,1.268,1.276,1.263,1.266,311713.26,134252.19
2026-03-29 12:00:00,1.266,1.27,1.254,1.257,639997.28,352965.13
2026-03-29 16:00:00,1.256,1.261,1.249,1.253,326390.18,175700.29
2026-03-29 20:00:00,1.253,1.268,1.221,1.261,1026814.31,558277.99
2026-03-30 00:00:00,1.261,1.287,1.26,1.272,1052326.86,583372.87
2026-03-30 04:00:00,1.273,1.279,1.26,1.277,1048301.42,618277.63
2026-03-30 08:00:00,1.278,1.288,1.266,1.281,1166827.14,659749.8
2026-03-30 12:00:00,1.281,1.286,1.259,1.264,1029488.78,503597.39
2026-03-30 16:00:00,1.264,1.269,1.233,1.241,1234584.14,661333.54
2026-03-30 20:00:00,1.24,1.252,1.233,1.243,692147.49,418945.48
2026-03-31 00:00:00,1.244,1.264,1.236,1.254,771528.1,389711.6
2026-03-31 04:00:00,1.254,1.257,1.239,1.256,638050.56,329042.24
2026-03-31 08:00:00,1.256,1.258,1.226,1.237,1461086.56,676493.49
2026-03-31 12:00:00,1.238,1.278,1.233,1.253,1834257.22,980827.56
2026-03-31 16:00:00,1.253,1.276,1.253,1.269,1057640.07,579197.5
2026-03-31 20:00:00,1.27,1.271,1.25,1.253,1074004.93,402428.35
2026-04-01 00:00:00,1.253,1.265,1.247,1.261,536514.61,256673.56
2026-04-01 04:00:00,1.262,1.303,1.261,1.287,1574769.07,808660.35
2026-04-01 08:00:00,1.288,1.292,1.27,1.277,668657.69,313639.16
2026-04-01 12:00:00,1.277,1.295,1.264,1.276,1727799.16,838704.04
2026-04-01 16:00:00,1.276,1.284,1.256,1.265,965755.67,448103.11
2026-04-01 20:00:00,1.265,1.27,1.251,1.255,581357.82,306193.78
2026-04-02 00:00:00,1.256,1.269,1.211,1.219,1529348.56,699010.55
2026-04-02 04:00:00,1.218,1.227,1.213,1.225,733149.66,353641.25
2026-04-02 08:00:00,1.226,1.226,1.207,1.216,740942.63,366138.63
2026-04-02 12:00:00,1.216,1.233,1.204,1.222,1588222.77,735377.7
2026-04-02 16:00:00,1.222,1.232,1.217,1.226,720033.53,330430.1
2026-04-02 20:00:00,1.227,1.238,1.224,1.237,365397.46,200227.86
2026-04-03 00:00:00,1.237,1.244,1.23,1.237,427977.34,210406.81
2026-04-03 04:00:00,1.236,1.26,1.234,1.252,526184.92,225701.65
2026-04-03 08:00:00,1.251,1.259,1.244,1.256,622405.78,296082.49
2026-04-03 12:00:00,1.256,1.267,1.246,1.249,596891.84,281257.88
2026-04-03 16:00:00,1.249,1.257,1.237,1.243,510929.46,247990.42
2026-04-03 20:00:00,1.242,1.251,1.233,1.239,352525.57,153303.06
2026-04-04 00:00:00,1.238,1.246,1.233,1.245,426027.37,232011.95
2026-04-04 04:00:00,1.245,1.25,1.241,1.247,241315.6,108104.47
2026-04-04 08:00:00,1.247,1.258,1.239,1.255,358882.9,196765.65
2026-04-04 12:00:00,1.255,1.26,1.245,1.251,466719.65,229416
2026-04-04 16:00:00,1.251,1.265,1.248,1.256,396225.2,190518.8
2026-04-04 20:00:00,1.256,1.257,1.247,1.254,235228.86,120637.52
2026-04-05 00:00:00,1.254,1.255,1.246,1.251,438427.53,256714.95
2026-04-05 04:00:00,1.25,1.251,1.224,1.227,787017.45,366233.91
2026-04-05 08:00:00,1.227,1.231,1.223,1.226,370432.14,210465.23
2026-04-05 12:00:00,1.226,1.27,1.216,1.232,2185156.41,1294419.36
2026-04-05 16:00:00,1.232,1.239,1.224,1.227,441460.48,237924.42
2026-04-05 20:00:00,1.228,1.249,1.221,1.245,767741.7,459476.65
2026-04-06 00:00:00,1.245,1.269,1.245,1.259,704590.68,344543.17
2026-04-06 04:00:00,1.259,1.275,1.255,1.271,694473.91,361337.2
2026-04-06 08:00:00,1.272,1.309,1.268,1.304,1507453.15,708186.68
2026-04-06 12:00:00,1.304,1.317,1.275,1.284,1295744.71,627427.11
2026-04-06 16:00:00,1.283,1.288,1.267,1.27,716653.08,322780.03
2026-04-06 20:00:00,1.27,1.277,1.232,1.241,698016.36,286282.25
2026-04-07 00:00:00,1.24,1.248,1.231,1.242,618997.81,326115.33
2026-04-07 04:00:00,1.242,1.244,1.226,1.235,509644.98,221922.9
2026-04-07 08:00:00,1.235,1.241,1.23,1.234,586097.49,292237.62
2026-04-07 12:00:00,1.234,1.234,1.205,1.22,1188860.53,580163.9
2026-04-07 16:00:00,1.219,1.235,1.216,1.234,828254.09,445866.08
2026-04-07 20:00:00,1.234,1.33,1.229,1.314,2534739.39,1321368.32
2026-04-08 00:00:00,1.314,1.322,1.293,1.306,1332786.48,559479.01
2026-04-08 04:00:00,1.307,1.335,1.306,1.327,1122963.12,555091.38
2026-04-08 08:00:00,1.326,1.331,1.302,1.306,1013725.53,502275.55
2026-04-08 12:00:00,1.306,1.315,1.281,1.293,1159318.58,536712.28
2026-04-08 16:00:00,1.293,1.302,1.272,1.281,516029.29,269816.2
2026-04-08 20:00:00,1.282,1.29,1.265,1.269,375001.88,174281.76
2026-04-09 00:00:00,1.268,1.269,1.25,1.255,655241.16,318076.8
2026-04-09 04:00:00,1.254,1.261,1.249,1.256,504715.87,290248.21
2026-04-09 08:00:00,1.257,1.259,1.245,1.249,633264.72,308005.51
2026-04-09 12:00:00,1.248,1.289,1.235,1.281,1291484.24,674643.66
2026-04-09 16:00:00,1.282,1.311,1.271,1.307,1470663.74,846474.36
2026-04-09 20:00:00,1.308,1.361,1.295,1.3,1962173.42,957615.09
2026-04-10 00:00:00,1.3,1.309,1.285,1.287,617264.6,288872.05
2026-04-10 04:00:00,1.287,1.309,1.282,1.289,730639.18,351516.29
2026-04-10 08:00:00,1.289,1.301,1.286,1.29,589207.48,287122.98
2026-04-10 12:00:00,1.29,1.328,1.289,1.31,1491350.61,721972.61
2026-04-10 16:00:00,1.311,1.321,1.304,1.318,562510.23,304643.38
2026-04-10 20:00:00,1.318,1.32,1.301,1.305,564819.31,266272.15
2026-04-11 00:00:00,1.306,1.309,1.288,1.296,494942.18,237341.78
2026-04-11 04:00:00,1.295,1.296,1.275,1.282,722032.9,298800.74
2026-04-11 08:00:00,1.282,1.286,1.275,1.284,475776.91,282507.53
2026-04-11 12:00:00,1.283,1.286,1.265,1.279,631751.52,272528.58
2026-04-11 16:00:00,1.279,1.315,1.277,1.308,1058163.14,581194.25
2026-04-11 20:00:00,1.309,1.309,1.28,1.286,786318.36,341232.82
2026-04-12 00:00:00,1.287,1.288,1.24,1.242,1225907.38,605231.43
2026-04-12 04:00:00,1.243,1.244,1.223,1.229,1229701.18,588913.74
2026-04-12 08:00:00,1.228,1.232,1.217,1.229,1019281,466187.39
2026-04-12 12:00:00,1.228,1.235,1.218,1.228,841420.49,419072.89
2026-04-12 16:00:00,1.229,1.248,1.224,1.236,716153.63,398433.14
2026-04-12 20:00:00,1.237,1.246,1.221,1.225,587616.21,244236
2026-04-13 00:00:00,1.225,1.24,1.224,1.229,433812.31,235224.61
2026-04-13 04:00:00,1.228,1.229,1.148,1.187,7708411.62,3833865.66
2026-04-13 08:00:00,1.187,1.202,1.154,1.166,2810715.33,1398806.24
2026-04-13 12:00:00,1.166,1.185,1.157,1.172,2135281.26,1074618.98
2026-04-13 16:00:00,1.171,1.205,1.162,1.201,2584061.7,1263342.9
2026-04-13 20:00:00,1.201,1.242,1.17,1.229,3432866.86,1820980.98
2026-04-14 00:00:00,1.23,1.231,1.203,1.206,1174900.95,581790.85
2026-04-14 04:00:00,1.206,1.217,1.177,1.189,2269425.14,1020704.09
2026-04-14 08:00:00,1.189,1.198,1.18,1.18,1685749.1,838413.52
2026-04-14 12:00:00,1.18,1.187,1.162,1.172,3267752.37,1486757.89
2026-04-14 16:00:00,1.172,1.178,1.147,1.156,2127201.36,866010.14
2026-04-14 20:00:00,1.156,1.172,1.155,1.167,1038896.5,497572.7
2026-04-15 00:00:00,1.166,1.176,1.16,1.164,936206.59,433595.89
2026-04-15 04:00:00,1.165,1.174,1.147,1.148,1311347.03,602429.1
2026-04-15 08:00:00,1.148,1.173,1.147,1.171,955779.74,493773.32
2026-04-15 12:00:00,1.17,1.177,1.16,1.171,1019731.03,506098.06
2026-04-15 16:00:00,1.171,1.198,1.168,1.192,1695961.3,925851.43
2026-04-15 20:00:00,1.193,1.196,1.175,1.182,1226790.15,580010.7
2026-04-16 00:00:00,1.182,1.203,1.171,1.201,1215015.35,600929.24
2026-04-16 04:00:00,1.202,1.277,1.199,1.271,4534579.05,2106412.37
2026-04-16 08:00:00,1.271,1.28,1.246,1.269,3502380.58,1619771.2
2026-04-16 12:00:00,1.27,1.328,1.267,1.327,4842021.73,2348208.33
2026-04-16 16:00:00,1.327,1.353,1.284,1.35,4008473.32,1853946.46
2026-04-16 20:00:00,1.35,1.352,1.32,1.329,2768489.14,1192588.95
2026-04-17 00:00:00,1.328,1.33,1.29,1.296,1652882.98,817094.7
2026-04-17 04:00:00,1.296,1.332,1.285,1.329,1813948.81,909431.06
2026-04-17 08:00:00,1.329,1.335,1.297,1.307,1559963.85,788003.39
2026-04-17 12:00:00,1.307,1.351,1.3,1.333,3185133.98,1532651.04
2026-04-17 16:00:00,1.334,1.355,1.326,1.332,1618512.79,775893.74
2026-04-17 20:00:00,1.333,1.345,1.326,1.334,844493.08,367638
2026-04-18 00:00:00,1.334,1.342,1.319,1.328,768904.99,363831.46
2026-04-18 04:00:00,1.329,1.341,1.317,1.334,940891.09,494899.68
2026-04-18 08:00:00,1.334,1.335,1.282,1.29,1750750.19,731588.81
2026-04-18 12:00:00,1.289,1.302,1.28,1.297,1038929.87,516890.52
2026-04-18 16:00:00,1.296,1.308,1.27,1.277,1082857.73,500868.86
2026-04-18 20:00:00,1.277,1.288,1.272,1.272,755587.14,322241.51
2026-04-19 00:00:00,1.273,1.281,1.263,1.271,645932.04,333063.54
2026-04-19 04:00:00,1.271,1.28,1.248,1.26,978832.38,436013.41
2026-04-19 08:00:00,1.26,1.277,1.254,1.275,847608.21,555584.76
2026-04-19 12:00:00,1.276,1.291,1.262,1.276,823966.66,399888.36
2026-04-19 16:00:00,1.276,1.278,1.26,1.27,667714.86,285875.82
2026-04-19 20:00:00,1.27,1.27,1.235,1.24,1021632.9,433412.32
2026-04-20 00:00:00,1.239,1.266,1.238,1.265,572259,303176.47
2026-04-20 04:00:00,1.264,1.28,1.25,1.263,734504.13,337107.89
2026-04-20 08:00:00,1.264,1.266,1.252,1.254,740031.58,417745.81
2026-04-20 12:00:00,1.254,1.273,1.25,1.272,919206.48,411724.98
2026-04-20 16:00:00,1.272,1.289,1.266,1.279,830729.9,469701.2
2026-04-20 20:00:00,1.28,1.295,1.274,1.281,937608.62,429983.1
2026-04-21 00:00:00,1.28,1.286,1.269,1.275,396462.05,181008.8
2026-04-21 04:00:00,1.275,1.287,1.271,1.284,563293.33,274703.21
2026-04-21 08:00:00,1.284,1.292,1.277,1.285,978668.08,385480.34
2026-04-21 12:00:00,1.284,1.286,1.267,1.276,996898.62,503043.4
2026-04-21 16:00:00,1.277,1.279,1.257,1.261,950452.93,382909.17
2026-04-21 20:00:00,1.259,1.282,1.259,1.279,722049.12,369683.56
2026-04-22 00:00:00,1.279,1.298,1.27,1.291,930761.83,483543.4
2026-04-22 04:00:00,1.292,1.327,1.289,1.306,1892429.82,1066565.82
2026-04-22 08:00:00,1.305,1.315,1.299,1.306,1157588.44,618910.72
2026-04-22 12:00:00,1.306,1.307,1.296,1.299,928971.22,436663.16
2026-04-22 16:00:00,1.299,1.303,1.273,1.279,918508.06,492385.12
2026-04-22 20:00:00,1.279,1.28,1.269,1.272,492846.21,264779.55
2026-04-23 00:00:00,1.272,1.278,1.251,1.255,1131696.43,521127.7
2026-04-23 04:00:00,1.255,1.264,1.252,1.255,664746.35,300606.94
2026-04-23 08:00:00,1.255,1.256,1.238,1.249,891189.36,413411.88
2026-04-23 12:00:00,1.249,1.254,1.238,1.249,1313080.78,703661.16
2026-04-23 16:00:00,1.249,1.253,1.212,1.226,2000082.79,969698.17
2026-04-23 20:00:00,1.225,1.244,1.224,1.241,900868.06,487718.98
2026-04-24 00:00:00,1.24,1.25,1.232,1.238,830740.61,419163.02
2026-04-24 04:00:00,1.239,1.245,1.227,1.233,816608.89,424235.24
2026-04-24 08:00:00,1.233,1.258,1.231,1.256,1005448.7,608959.9
2026-04-24 12:00:00,1.256,1.262,1.241,1.259,1046733.89,512132.23
2026-04-24 16:00:00,1.26,1.262,1.249,1.257,725702.67,333917.29
2026-04-24 20:00:00,1.257,1.269,1.247,1.254,728313.97,323633.09
2026-04-25 00:00:00,1.254,1.27,1.252,1.264,639488.53,296734.53
2026-04-25 04:00:00,1.265,1.272,1.256,1.265,513855.51,235708.25
2026-04-25 08:00:00,1.264,1.275,1.255,1.257,515700.9,214253.52
2026-04-25 12:00:00,1.257,1.265,1.253,1.257,671713.16,304930.16
2026-04-25 16:00:00,1.257,1.262,1.237,1.241,726020.5,284419.59
2026-04-25 20:00:00,1.241,1.248,1.24,1.246,335035.09,178574.47
2026-04-26 00:00:00,1.246,1.246,1.235,1.244,336444.28,163889.67
2026-04-26 04:00:00,1.243,1.264,1.239,1.261,689487.31,322264.99
2026-04-26 08:00:00,1.261,1.274,1.257,1.269,528048.96,228358.83
2026-04-26 12:00:00,1.269,1.271,1.255,1.267,471130.67,197507.17
2026-04-26 16:00:00,1.266,1.274,1.255,1.27,583565.17,286536.54
2026-04-26 20:00:00,1.27,1.271,1.252,1.26,548376.25,277873.94
2026-04-27 00:00:00,1.26,1.275,1.258,1.269,532541.92,264621.22
2026-04-27 04:00:00,1.269,1.269,1.228,1.233,1194450.19,524438.08
2026-04-27 08:00:00,1.233,1.239,1.228,1.238,744543.06,417182.73
2026-04-27 12:00:00,1.238,1.239,1.21,1.22,1291884.77,631448.04
2026-04-27 16:00:00,1.219,1.227,1.213,1.219,754792.1,388603.1
2026-04-27 20:00:00,1.22,1.236,1.215,1.233,538204.07,300117.84
2026-04-28 00:00:00,1.232,1.238,1.227,1.235,475029.44,273697.71
2026-04-28 04:00:00,1.235,1.241,1.218,1.224,552287.31,259577
2026-04-28 08:00:00,1.224,1.227,1.216,1.222,448368.86,212010.74
2026-04-28 12:00:00,1.222,1.237,1.218,1.233,738983.09,361858.23
2026-04-28 16:00:00,1.233,1.237,1.225,1.235,452461.28,226813.74
2026-04-28 20:00:00,1.236,1.237,1.226,1.229,284167.03,123839.67
2026-04-29 00:00:00,1.229,1.239,1.225,1.238,679603.75,400603.59
2026-04-29 04:00:00,1.238,1.248,1.236,1.241,586219.07,303632.23
2026-04-29 08:00:00,1.241,1.259,1.234,1.245,928356.69,444338.32
2026-04-29 12:00:00,1.245,1.245,1.201,1.206,1371503.43,611689.34
2026-04-29 16:00:00,1.206,1.219,1.179,1.197,1935069.11,914608.73
2026-04-29 20:00:00,1.197,1.213,1.196,1.211,482282.32,250584.7
2026-04-30 00:00:00,1.212,1.226,1.205,1.215,629184.62,293183
2026-04-30 04:00:00,1.215,1.216,1.197,1.209,480360.73,210150.43
2026-04-30 08:00:00,1.21,1.22,1.209,1.215,792838.18,388141.53
2026-04-30 12:00:00,1.216,1.222,1.205,1.215,646528.05,315697.63
2026-04-30 16:00:00,1.215,1.216,1.207,1.209,306805.09,155929.85
2026-04-30 20:00:00,1.208,1.21,1.2,1.204,262938.19,121983.74
2026-05-01 00:00:00,1.205,1.219,1.202,1.214,780991.81,450480.92
2026-05-01 04:00:00,1.214,1.217,1.199,1.205,708135.14,333803.28
2026-05-01 08:00:00,1.204,1.209,1.193,1.2,517479.72,292320.98
2026-05-01 12:00:00,1.2,1.229,1.199,1.213,2147146.34,1110271.13
2026-05-01 16:00:00,1.214,1.218,1.205,1.211,700313.29,347075.23
2026-05-01 20:00:00,1.212,1.213,1.198,1.204,578581.61,296522.23
2026-05-02 00:00:00,1.205,1.211,1.203,1.208,325350.18,194914.9
2026-05-02 04:00:00,1.207,1.208,1.195,1.2,422508.39,215248.9
2026-05-02 08:00:00,1.2,1.213,1.199,1.205,504198.91,292098.29
2026-05-02 12:00:00,1.205,1.215,1.202,1.215,512781.76,269930.13
2026-05-02 16:00:00,1.214,1.223,1.208,1.223,711387.15,366705.8
2026-05-02 20:00:00,1.223,1.241,1.222,1.227,817687.99,392202.01
2026-05-03 00:00:00,1.228,1.229,1.204,1.207,606324.33,250464.29
2026-05-03 04:00:00,1.207,1.217,1.204,1.215,359147.34,178785.49
2026-05-03 08:00:00,1.214,1.221,1.207,1.213,522555.33,254977.96
2026-05-03 12:00:00,1.212,1.219,1.205,1.211,351002.6,166903.27
2026-05-03 16:00:00,1.211,1.219,1.207,1.216,359338.69,191479.65
2026-05-03 20:00:00,1.216,1.224,1.207,1.209,702668.61,317408.76
2026-05-04 00:00:00,1.209,1.25,1.197,1.249,2013621.28,964394.07
2026-05-04 04:00:00,1.25,1.263,1.236,1.238,1434975.29,680073.99
2026-05-04 08:00:00,1.238,1.25,1.205,1.22,1431189.65,569441.33
2026-05-04 12:00:00,1.22,1.243,1.212,1.225,1291262.82,592993.24
2026-05-04 16:00:00,1.226,1.245,1.217,1.231,902134.77,440859.06
2026-05-04 20:00:00,1.232,1.243,1.222,1.228,382568.5,193402.45
2026-05-05 00:00:00,1.229,1.247,1.225,1.243,705823.93,385544.69
2026-05-05 04:00:00,1.243,1.259,1.24,1.254,911488.05,556742.65
2026-05-05 08:00:00,1.254,1.266,1.253,1.26,863637.13,457379.43
2026-05-05 12:00:00,1.261,1.296,1.258,1.274,1763286.4,854145.07
2026-05-05 16:00:00,1.274,1.276,1.257,1.274,728417.94,377441.94
2026-05-05 20:00:00,1.273,1.293,1.272,1.279,1161706.4,568423.55
2026-05-06 00:00:00,1.278,1.309,1.269,1.305,1325547.66,722552.98
2026-05-06 04:00:00,1.306,1.315,1.298,1.311,1558942.71,715183.41
2026-05-06 08:00:00,1.312,1.334,1.309,1.323,1499421.41,715065.44
2026-05-06 12:00:00,1.323,1.327,1.286,1.307,1462874.74,793421.37
2026-05-06 16:00:00,1.308,1.316,1.301,1.308,938646.14,439419.69
2026-05-06 20:00:00,1.308,1.325,1.301,1.319,942159.35,419167
2026-05-07 00:00:00,1.318,1.322,1.29,1.293,733993.24,304586.39
2026-05-07 04:00:00,1.293,1.331,1.291,1.326,959364.94,406530.74
2026-05-07 08:00:00,1.326,1.328,1.309,1.319,663171.3,277434.37
2026-05-07 12:00:00,1.32,1.338,1.293,1.303,2173618.56,950629.57
2026-05-07 16:00:00,1.303,1.318,1.297,1.307,1050584.8,487614.58
2026-05-07 20:00:00,1.307,1.317,1.295,1.311,620537.47,290812.94
2026-05-08 00:00:00,1.311,1.315,1.293,1.308,593086.27,287185.14
2026-05-08 04:00:00,1.308,1.325,1.307,1.319,820338.59,420827.84
2026-05-08 08:00:00,1.319,1.327,1.314,1.322,823740.3,451542.42
2026-05-08 12:00:00,1.322,1.362,1.304,1.359,2406285.25,908890.42
2026-05-08 16:00:00,1.359,1.382,1.346,1.374,2037895.59,1179085.4
2026-05-08 20:00:00,1.374,1.391,1.367,1.374,1150919.64,530118.45
2026-05-09 00:00:00,1.375,1.393,1.369,1.375,1042283.88,484826.43
2026-05-09 04:00:00,1.376,1.382,1.365,1.367,736426.34,367597.98
2026-05-09 08:00:00,1.367,1.371,1.352,1.358,691454.72,348468.35
2026-05-09 12:00:00,1.359,1.361,1.338,1.343,609019.97,265639.24
2026-05-09 16:00:00,1.343,1.358,1.34,1.352,757565.95,439653.49
2026-05-09 20:00:00,1.352,1.354,1.343,1.346,335424.01,157847.73
2026-05-10 00:00:00,1.346,1.346,1.329,1.337,441273.51,211422.62
2026-05-10 04:00:00,1.336,1.349,1.334,1.344,422508.26,208659.48
2026-05-10 08:00:00,1.344,1.361,1.344,1.357,735556.16,396841.5
2026-05-10 12:00:00,1.357,1.373,1.352,1.373,874526.1,400740.47
2026-05-10 16:00:00,1.373,1.419,1.372,1.413,2316835.39,1131870.44
2026-05-10 20:00:00,1.413,1.419,1.345,1.383,2686982.53,1293846.47
2026-05-11 00:00:00,1.383,1.386,1.335,1.346,1050899.77,451243.65
2026-05-11 04:00:00,1.346,1.366,1.338,1.365,695243.61,373369.87
2026-05-11 08:00:00,1.364,1.374,1.356,1.361,1075000.22,561885.71
2026-05-11 12:00:00,1.361,1.374,1.34,1.368,982312.12,483025.5
2026-05-11 16:00:00,1.368,1.382,1.359,1.372,1003580.01,458984.79
2026-05-11 20:00:00,1.373,1.378,1.359,1.364,590632.69,279864.96
2026-05-12 00:00:00,1.363,1.369,1.344,1.349,516975.13,251088.56
2026-05-12 04:00:00,1.349,1.364,1.345,1.358,415185.85,174730.07
2026-05-12 08:00:00,1.358,1.359,1.327,1.332,1102654.65,572468.24
2026-05-12 12:00:00,1.332,1.339,1.306,1.312,989050.46,478611.64
2026-05-12 16:00:00,1.312,1.337,1.303,1.334,856946.95,350169.8
2026-05-12 20:00:00,1.334,1.344,1.333,1.335,439372.33,211054.15
2026-05-13 00:00:00,1.335,1.399,1.333,1.395,1114850.89,517568.57
2026-05-13 04:00:00,1.395,1.41,1.381,1.394,1494792.24,673534.88
2026-05-13 08:00:00,1.395,1.438,1.382,1.386,2193456.47,1016196.1
2026-05-13 12:00:00,1.386,1.391,1.314,1.318,2118740.47,945745.14
2026-05-13 16:00:00,1.318,1.346,1.318,1.322,1004058.29,433748.77
2026-05-13 20:00:00,1.322,1.335,1.321,1.329,430120.48,209262.63
2026-05-14 00:00:00,1.328,1.339,1.313,1.316,657635.79,296159.36
2026-05-14 04:00:00,1.317,1.338,1.315,1.325,517420.22,228812.04
2026-05-14 08:00:00,1.326,1.333,1.32,1.322,481086.91,244418.08
2026-05-14 12:00:00,1.321,1.374,1.321,1.37,1071674.51,567308.59
2026-05-14 16:00:00,1.371,1.422,1.37,1.405,2423164.9,1111792.61
2026-05-14 20:00:00,1.406,1.408,1.361,1.364,1213018.25,501286.3
2026-05-15 00:00:00,1.364,1.376,1.346,1.358,974533.81,558248.43
2026-05-15 04:00:00,1.358,1.359,1.323,1.343,862517.35,390616.56
2026-05-15 08:00:00,1.343,1.345,1.327,1.339,593535.49,318101.4
2026-05-15 12:00:00,1.338,1.339,1.289,1.308,1689400.26,818407.22
2026-05-15 16:00:00,1.308,1.328,1.304,1.317,691352.06,375645.04
2026-05-15 20:00:00,1.318,1.319,1.307,1.316,313136.3,134536.36
2026-05-16 00:00:00,1.316,1.321,1.306,1.308,327533.13,179179.12
2026-05-16 04:00:00,1.308,1.31,1.252,1.265,1395195.89,584294.47
2026-05-16 08:00:00,1.264,1.271,1.247,1.262,1236247.59,587417.13
2026-05-16 12:00:00,1.261,1.274,1.26,1.272,445242.7,240929.44
2026-05-16 16:00:00,1.272,1.282,1.271,1.272,385722.21,196668.28
2026-05-16 20:00:00,1.273,1.275,1.266,1.268,323708.24,129338.98
2026-05-17 00:00:00,1.267,1.27,1.255,1.268,457401.3,234947.58
2026-05-17 04:00:00,1.267,1.289,1.267,1.286,314038.68,180006.15
2026-05-17 08:00:00,1.287,1.294,1.277,1.283,379382.85,208992.5
2026-05-17 12:00:00,1.284,1.287,1.266,1.273,484014.96,219137.57
2026-05-17 16:00:00,1.273,1.277,1.262,1.275,466110.1,206934.65
2026-05-17 20:00:00,1.276,1.283,1.214,1.25,1615190.6,752144.25
2026-05-18 00:00:00,1.25,1.251,1.237,1.239,819503.72,389489.16
2026-05-18 04:00:00,1.24,1.244,1.215,1.225,1419496.67,558070.18
2026-05-18 08:00:00,1.225,1.247,1.222,1.238,1345843.26,788953.89
2026-05-18 12:00:00,1.238,1.251,1.217,1.226,1686425.77,942238.97
2026-05-18 16:00:00,1.227,1.242,1.216,1.239,1109042.29,588192.07
2026-05-18 20:00:00,1.239,1.255,1.231,1.252,502143.18,253558.61
2026-05-19 00:00:00,1.252,1.261,1.241,1.247,631779.97,215756.81
2026-05-19 04:00:00,1.247,1.256,1.241,1.252,577346.75,300215.21
2026-05-19 08:00:00,1.252,1.252,1.227,1.229,622455.19,290851.14
2026-05-19 12:00:00,1.229,1.242,1.219,1.227,714735.41,371103.07
2026-05-19 16:00:00,1.227,1.237,1.224,1.226,505429.45,265402.54
2026-05-19 20:00:00,1.227,1.238,1.221,1.225,355381.64,194449.1
2026-05-20 00:00:00,1.225,1.232,1.219,1.228,334122.96,159647.38
2026-05-20 04:00:00,1.229,1.246,1.226,1.239,479390.18,265207.63
2026-05-20 08:00:00,1.24,1.248,1.23,1.232,497622.75,201201.47
2026-05-20 12:00:00,1.231,1.255,1.224,1.25,1015444.76,489782.81
2026-05-20 16:00:00,1.25,1.258,1.241,1.257,1026674.45,428847.47
2026-05-20 20:00:00,1.257,1.258,1.241,1.249,480653.39,207003.54
2026-05-21 00:00:00,1.249,1.277,1.248,1.274,803671.8,449971.77
2026-05-21 04:00:00,1.275,1.293,1.266,1.277,2137659.9,1057105.71
2026-05-21 08:00:00,1.277,1.283,1.247,1.247,909360.69,383765.41
2026-05-21 12:00:00,1.248,1.264,1.244,1.259,1027604.91,590140.11
2026-05-21 16:00:00,1.259,1.304,1.251,1.301,1989176.53,1085553.48
2026-05-21 20:00:00,1.301,1.309,1.287,1.292,1123539,523730.48
2026-05-22 00:00:00,1.292,1.321,1.283,1.318,1597408.73,865780.03
2026-05-22 04:00:00,1.319,1.334,1.306,1.316,2346129.39,1207213.1
2026-05-22 08:00:00,1.316,1.338,1.316,1.331,1520782.08,851410.74
2026-05-22 12:00:00,1.332,1.347,1.305,1.317,2011917.22,1022688.16
2026-05-22 16:00:00,1.316,1.325,1.266,1.28,2789943.01,1310620.16
2026-05-22 20:00:00,1.28,1.293,1.25,1.258,1309034.73,583967.14
2026-05-23 00:00:00,1.259,1.266,1.248,1.262,1065957.34,543749.64
2026-05-23 04:00:00,1.262,1.262,1.2,1.212,2491263.44,1150654.02
2026-05-23 08:00:00,1.212,1.221,1.203,1.216,1490631.24,775990.77
2026-05-23 12:00:00,1.215,1.248,1.213,1.243,1384621.76,776871.7
2026-05-23 16:00:00,1.243,1.285,1.238,1.272,1570278.53,781745.5
2026-05-23 20:00:00,1.272,1.338,1.269,1.295,3464102.78,1751374.99
2026-05-24 00:00:00,1.295,1.298,1.281,1.284,736513.04,367482.67
2026-05-24 04:00:00,1.285,1.291,1.27,1.278,1039240.79,594667.83
2026-05-24 08:00:00,1.278,1.288,1.275,1.279,767202.01,438452.09
2026-05-24 12:00:00,1.28,1.28,1.246,1.262,872992.14,437779.81
2026-05-24 16:00:00,1.262,1.267,1.254,1.258,443244.57,226289.04
2026-05-24 20:00:00,1.258,1.258,1.227,1.246,1487614.11,694091.67
2026-05-25 00:00:00,1.246,1.257,1.24,1.243,784181.04,425339.4
2026-05-25 04:00:00,1.243,1.271,1.242,1.263,748934.49,356936.98
2026-05-25 08:00:00,1.263,1.273,1.256,1.257,741356.35,309164.67
2026-05-25 12:00:00,1.257,1.286,1.251,1.283,892696.64,440451.37
2026-05-25 16:00:00,1.284,1.295,1.27,1.277,1269226.1,608086.87
2026-05-25 20:00:00,1.277,1.285,1.255,1.26,846177.51,403483.77
2026-05-26 00:00:00,1.261,1.262,1.235,1.243,830673.18,415442.54
2026-05-26 04:00:00,1.243,1.262,1.239,1.252,1230150.85,529016.42
2026-05-26 08:00:00,1.252,1.292,1.251,1.278,1479209.22,718703.62
2026-05-26 12:00:00,1.277,1.308,1.259,1.272,2360382.69,1124412.57
2026-05-26 16:00:00,1.272,1.273,1.237,1.249,1382999.87,768985.52
2026-05-26 20:00:00,1.249,1.256,1.242,1.249,672382.92,372982.87
2026-05-27 00:00:00,1.25,1.264,1.247,1.254,739246.93,429453.13
2026-05-27 04:00:00,1.253,1.274,1.234,1.27,1502561.26,807536.06
2026-05-27 08:00:00,1.27,1.278,1.254,1.257,991486.11,456209.22
2026-05-27 12:00:00,1.257,1.279,1.241,1.27,1796808.5,930024.95
2026-05-27 16:00:00,1.27,1.275,1.238,1.258,1049399.29,482704.85
2026-05-27 20:00:00,1.258,1.262,1.223,1.23,1424877.66,687217.59
2026-05-28 00:00:00,1.23,1.236,1.195,1.198,2144416.19,952696.01
2026-05-28 04:00:00,1.198,1.198,1.176,1.196,1951463.07,963897.97
2026-05-28 08:00:00,1.196,1.204,1.184,1.188,1079429.76,564668.5
2026-05-28 12:00:00,1.188,1.211,1.182,1.195,1745804.31,961949.71
2026-05-28 16:00:00,1.195,1.228,1.187,1.219,978520.39,480548.17
2026-05-28 20:00:00,1.219,1.227,1.209,1.213,544981.3,240774.64
2026-05-29 00:00:00,1.212,1.226,1.202,1.204,797858.83,384670.59
2026-05-29 04:00:00,1.204,1.222,1.195,1.21,756303.56,346644.98
2026-05-29 08:00:00,1.209,1.221,1.196,1.202,615042.78,317375.94
2026-05-29 12:00:00,1.201,1.234,1.178,1.221,1822701.93,961848.62
2026-05-29 16:00:00,1.221,1.232,1.187,1.192,1565761.07,754003.42
2026-05-29 20:00:00,1.192,1.201,1.182,1.194,845140.88,399256.48
2026-05-30 00:00:00,1.194,1.221,1.192,1.209,1162601.06,574439.36
2026-05-30 04:00:00,1.21,1.213,1.186,1.196,1139426.92,536476.97
2026-05-30 08:00:00,1.196,1.201,1.191,1.196,442246.66,264746.54
2026-05-30 12:00:00,1.197,1.2,1.191,1.195,872357.67,398746
2026-05-30 16:00:00,1.195,1.201,1.19,1.197,742884.02,330290.25
2026-05-30 20:00:00,1.197,1.204,1.183,1.19,539858.26,286565.88
2026-05-31 00:00:00,1.19,1.201,1.187,1.197,534636.38,290544.28
2026-05-31 04:00:00,1.197,1.203,1.185,1.19,624982.25,269629.12
2026-05-31 08:00:00,1.19,1.199,1.183,1.192,529257.81,290159.03
2026-05-31 12:00:00,1.192,1.199,1.168,1.173,1652034.14,747212.12
2026-05-31 16:00:00,1.173,1.176,1.157,1.165,1025143.22,480314.59
2026-05-31 20:00:00,1.165,1.196,1.165,1.188,1010058.98,513098.91
2026-06-01 00:00:00,1.188,1.206,1.173,1.199,1082446.66,559697.61
2026-06-01 04:00:00,1.2,1.204,1.163,1.165,1470660.63,497993.86
2026-06-01 08:00:00,1.165,1.175,1.153,1.156,1992282.82,675823.32
2026-06-01 12:00:00,1.157,1.162,1.127,1.132,3502498.59,1636152.76
2026-06-01 16:00:00,1.132,1.169,1.125,1.168,1540343.29,844479.48
2026-06-01 20:00:00,1.169,1.169,1.145,1.159,1006710.49,497148.05
2026-06-02 00:00:00,1.159,1.162,1.129,1.154,1121879,539421.13
2026-06-02 04:00:00,1.154,1.156,1.121,1.13,1204508.84,574210.15
2026-06-02 08:00:00,1.13,1.147,1.128,1.135,904119.52,417585.56
2026-06-02 12:00:00,1.135,1.144,1.084,1.096,3399445.34,1517860.56
2026-06-02 16:00:00,1.096,1.122,1.079,1.103,1648555.98,800025.1
2026-06-02 20:00:00,1.103,1.111,1.055,1.079,1915055.84,967764.13
2026-06-03 00:00:00,1.08,1.091,1.056,1.063,1900888.78,942726.4
2026-06-03 04:00:00,1.064,1.117,1.064,1.113,1676583.98,821508.89
2026-06-03 08:00:00,1.114,1.133,1.105,1.117,1381933.9,714480.06
2026-06-03 12:00:00,1.117,1.129,1.109,1.114,1336741.39,588519.68
2026-06-03 16:00:00,1.115,1.117,1.088,1.097,1425051.45,677773.47
2026-06-03 20:00:00,1.096,1.124,1.08,1.104,1176349.07,524339.29
2026-06-04 00:00:00,1.104,1.117,1.008,1.08,3264575.86,1632088.72
2026-06-04 04:00:00,1.081,1.087,1.047,1.048,1446170.48,669765.05
2026-06-04 08:00:00,1.049,1.055,1.01,1.029,2687464.07,1354459.44
2026-06-04 12:00:00,1.029,1.067,1.022,1.065,2008931.51,1064786.28
2026-06-04 16:00:00,1.064,1.073,1.046,1.06,1209346.63,643807.89
2026-06-04 20:00:00,1.06,1.06,1.022,1.038,1157296.46,527989.75
2026-06-05 00:00:00,1.037,1.043,1.004,1.005,1178058.71,537928.92
2026-06-05 04:00:00,1.006,1.029,0.944,0.995,4325156.7,1961331.67
2026-06-05 08:00:00,0.994,1.005,0.977,0.994,1528700.08,722245.82
2026-06-05 12:00:00,0.994,1.004,0.943,0.953,3327199.8,1607778.78
2026-06-05 16:00:00,0.953,0.974,0.911,0.935,3660861.24,1802045.41
2026-06-05 20:00:00,0.935,0.966,0.923,0.946,1854879.03,839771.88
2026-06-06 00:00:00,0.947,0.962,0.933,0.933,1382608.7,648342.16
2026-06-06 04:00:00,0.933,0.946,0.884,0.944,3104060.83,1462363.62
2026-06-06 08:00:00,0.945,0.961,0.927,0.946,1717961.71,852703.13
2026-06-06 12:00:00,0.945,0.96,0.932,0.938,1530560.42,688449.81
2026-06-06 16:00:00,0.938,0.945,0.927,0.932,850138.31,381192.8
2026-06-06 20:00:00,0.932,0.945,0.929,0.943,722978.29,406177.13
2026-06-07 00:00:00,0.943,0.964,0.94,0.957,1257247.61,631047.41
2026-06-07 04:00:00,0.957,0.973,0.952,0.969,1095175.65,572687.44
2026-06-07 08:00:00,0.97,0.981,0.963,0.972,955171.58,517561.11
2026-06-07 12:00:00,0.972,0.973,0.95,0.964,1683228.99,624518.11
2026-06-07 16:00:00,0.964,0.974,0.94,0.944,1497912.34,660396.77
2026-06-07 20:00:00,0.944,1.001,0.941,0.974,1834706.68,948107.18
2026-06-08 00:00:00,0.973,0.984,0.958,0.969,825929.94,366890.92
2026-06-08 04:00:00,0.969,0.97,0.951,0.967,597207.13,265959.05
2026-06-08 08:00:00,0.966,0.985,0.959,0.981,1180747.67,603803.54
2026-06-08 12:00:00,0.981,0.991,0.971,0.985,1485135.52,694660.68
2026-06-08 16:00:00,0.985,0.994,0.977,0.989,712300.93,328383.6
2026-06-08 20:00:00,0.989,0.996,0.972,0.974,676270.81,387549.06
2026-06-09 00:00:00,0.975,0.976,0.949,0.958,911739.1,388810.35
2026-06-09 04:00:00,0.957,0.978,0.955,0.971,837589.02,382340.68
2026-06-09 08:00:00,0.972,0.973,0.962,0.967,592950.99,320516.7
2026-06-09 12:00:00,0.967,0.974,0.942,0.942,1131287.81,509368.68
2026-06-09 16:00:00,0.942,0.966,0.928,0.965,1478199.6,777976.65
2026-06-09 20:00:00,0.965,0.969,0.954,0.957,494805.33,213330.51
2026-06-10 00:00:00,0.957,0.966,0.945,0.95,527523.97,201341.31
2026-06-10 04:00:00,0.95,0.951,0.938,0.947,462696.84,245698.37
2026-06-10 08:00:00,0.947,0.947,0.924,0.93,932971.6,495792.65
2026-06-10 12:00:00,0.929,0.96,0.928,0.95,1496109.73,784798.36
2026-06-10 16:00:00,0.95,0.953,0.918,0.922,1014163.28,422263.99
2026-06-10 20:00:00,0.923,0.925,0.903,0.916,1330772.61,574469.86
2026-06-11 00:00:00,0.917,0.95,0.917,0.946,813759.82,468744.35
2026-06-11 04:00:00,0.947,0.954,0.941,0.948,625227.03,278467.06
2026-06-11 08:00:00,0.949,0.96,0.944,0.954,849882.45,475223.15
2026-06-11 12:00:00,0.954,0.954,0.935,0.946,1283514.67,613341.19
2026-06-11 16:00:00,0.946,0.975,0.941,0.963,1870283.8,976726.01
2026-06-11 20:00:00,0.964,0.967,0.95,0.951,704960.83,380046.88
2026-06-12 00:00:00,0.952,0.956,0.945,0.954,640336.85,306502.79
2026-06-12 04:00:00,0.955,0.96,0.941,0.946,825246.23,409966.17
2026-06-12 08:00:00,0.947,0.969,0.946,0.967,1034252.41,499283.28
2026-06-12 12:00:00,0.967,0.975,0.949,0.95,1704988.47,837943.23
2026-06-12 16:00:00,0.949,0.968,0.946,0.957,1121155.84,545857.99
2026-06-12 20:00:00,0.958,0.961,0.95,0.957,721030.33,338408.75
2026-06-13 00:00:00,0.958,0.972,0.956,0.968,1058738.25,575730.64
2026-06-13 04:00:00,0.967,0.995,0.961,0.993,1947824.57,963476.55
2026-06-13 08:00:00,0.993,0.995,0.978,0.985,1071403.02,488261.78
2026-06-13 12:00:00,0.986,0.995,0.982,0.991,1192029.45,625532.49
2026-06-13 16:00:00,0.991,0.991,0.976,0.979,951621.39,439719.83
2026-06-13 20:00:00,0.979,0.987,0.977,0.98,547013.55,296704.15
2026-06-14 00:00:00,0.981,0.985,0.975,0.978,1302374.02,702741.51
2026-06-14 04:00:00,0.978,0.979,0.964,0.966,577868.4,277578.32
2026-06-14 08:00:00,0.967,0.974,0.965,0.969,476256.22,231381.85
2026-06-14 12:00:00,0.969,0.971,0.951,0.958,907050.75,398163.28
2026-06-14 16:00:00,0.957,0.962,0.949,0.952,599647.15,301363.53
2026-06-14 20:00:00,0.952,0.998,0.949,0.998,1693248.18,844119.76
2026-06-15 00:00:00,0.998,1.004,0.985,1,1639194.71,802114.25
2026-06-15 04:00:00,1,1.011,0.997,0.999,1289982.89,642605.58
2026-06-15 08:00:00,0.999,1.029,0.998,1.023,1855195.54,935010.62
2026-06-15 12:00:00,1.022,1.047,1.016,1.045,2594849.78,1351706.48
2026-06-15 16:00:00,1.045,1.046,1.016,1.02,1450224.63,658984.37
2026-06-15 20:00:00,1.021,1.025,1.001,1.011,1304627.37,607519.65
2026-06-16 00:00:00,1.011,1.018,0.995,1.011,954402.85,433472.93
2026-06-16 04:00:00,1.01,1.018,1.001,1.016,570279.93,286921.13
2026-06-16 08:00:00,1.017,1.032,1.015,1.022,1030805.03,516191.17
2026-06-16 12:00:00,1.022,1.034,0.988,1.002,1507153.84,699112.28
2026-06-16 16:00:00,1.002,1.023,0.998,1.01,785389.82,392215.2
2026-06-16 20:00:00,1.011,1.023,1.007,1.013,394667.52,176887.79
2026-06-17 00:00:00,1.014,1.037,1.014,1.025,1057082.81,500899.53
2026-06-17 04:00:00,1.026,1.033,1.018,1.023,892274.51,481978.21
2026-06-17 08:00:00,1.024,1.024,1,1.005,712864.39,336632.35
2026-06-17 12:00:00,1.006,1.039,1.001,1.037,1321455.52,615077.54
2026-06-17 16:00:00,1.038,1.043,0.993,0.998,2234934.26,1013308.43
2026-06-17 20:00:00,0.999,1.01,0.986,1.004,1131357.65,556537.91
2026-06-18 00:00:00,1.004,1.01,0.981,0.982,752093.07,383719.08
2026-06-18 04:00:00,0.983,0.987,0.967,0.984,1211386.39,697123.7
2026-06-18 08:00:00,0.984,0.987,0.972,0.974,654403.62,346625.81
2026-06-18 12:00:00,0.974,0.986,0.94,0.945,2006157.51,974512.66
2026-06-18 16:00:00,0.945,0.966,0.944,0.964,1633260.1,749467.84
2026-06-18 20:00:00,0.965,0.975,0.965,0.974,499033.1,248592.89
2026-06-19 00:00:00,0.975,0.982,0.958,0.966,926712.74,428393.21
2026-06-19 04:00:00,0.967,0.971,0.951,0.955,775700.13,370637.37
2026-06-19 08:00:00,0.955,0.96,0.949,0.951,692061.94,316441.51
2026-06-19 12:00:00,0.951,0.972,0.947,0.968,953785.53,516844.79
2026-06-19 16:00:00,0.969,0.971,0.95,0.952,863760.93,358794.53
2026-06-19 20:00:00,0.953,0.964,0.95,0.961,398669.67,189620.87
2026-06-20 00:00:00,0.961,0.968,0.954,0.957,416404.25,178184.66
2026-06-20 04:00:00,0.957,0.974,0.956,0.964,557743.33,268544.64
2026-06-20 08:00:00,0.964,0.971,0.96,0.964,453949.25,214349.66
2026-06-20 12:00:00,0.965,0.972,0.949,0.969,1013884.17,541421.69
2026-06-20 16:00:00,0.969,0.97,0.955,0.959,572989.89,331250.91
2026-06-20 20:00:00,0.959,0.976,0.957,0.969,641254.32,370154.83
2026-06-21 00:00:00,0.97,0.974,0.966,0.971,285596.87,119246.53
2026-06-21 04:00:00,0.972,0.974,0.963,0.968,376049.87,172592.37
2026-06-21 08:00:00,0.968,0.975,0.96,0.965,469826.08,226823.51
2026-06-21 12:00:00,0.965,0.973,0.961,0.971,554334.48,226280.6
2026-06-21 16:00:00,0.97,0.97,0.957,0.965,434272.5,221316.38
2026-06-21 20:00:00,0.965,0.965,0.94,0.941,986177.83,490837.17
2026-06-22 00:00:00,0.942,0.972,0.942,0.951,1033505.51,537496.72
2026-06-22 04:00:00,0.951,0.966,0.949,0.964,486750.1,282020.79
2026-06-22 08:00:00,0.964,0.973,0.955,0.971,541470.1,255095.02
2026-06-22 12:00:00,0.971,0.979,0.956,0.958,964178.63,461874.99
2026-06-22 16:00:00,0.958,0.962,0.941,0.945,727294.13,311765.72
2026-06-22 20:00:00,0.945,0.95,0.929,0.937,586195.69,267976.66
2026-06-23 00:00:00,0.936,0.938,0.928,0.937,336515.1,147913.57
2026-06-23 04:00:00,0.937,0.939,0.905,0.906,1394692.89,626418.35
2026-06-23 08:00:00,0.906,0.908,0.883,0.904,1530965.24,711421.12
2026-06-23 12:00:00,0.905,0.912,0.893,0.899,1021232.58,540419.18
2026-06-23 16:00:00,0.9,0.906,0.896,0.904,602201.58,249990.22
2026-06-23 20:00:00,0.904,0.915,0.904,0.91,360581.8,171134.79
2026-06-24 00:00:00,0.91,0.92,0.903,0.907,868567.87,345933.59
2026-06-24 04:00:00,0.906,0.912,0.897,0.906,733413.54,372992.95
2026-06-24 08:00:00,0.906,0.913,0.895,0.907,593039.36,344297.54
2026-06-24 12:00:00,0.907,0.908,0.867,0.872,1956105.34,864407.15
2026-06-24 16:00:00,0.873,0.885,0.842,0.868,2451557.45,1027446.29
2026-06-24 20:00:00,0.868,0.893,0.867,0.888,673052.71,351588
2026-06-25 00:00:00,0.888,0.891,0.88,0.882,296805.32,153239.45
2026-06-25 04:00:00,0.882,0.899,0.879,0.892,435875.03,243075.5
2026-06-25 08:00:00,0.891,0.892,0.876,0.877,532530.14,295076.94
2026-06-25 12:00:00,0.877,0.887,0.819,0.853,2742833.01,1382829.71
2026-06-25 16:00:00,0.853,0.864,0.838,0.842,1368726.61,535803.96
2026-06-25 20:00:00,0.843,0.854,0.84,0.844,611024.16,308615.84
2026-06-26 00:00:00,0.843,0.847,0.804,0.834,2161464.81,1206550.99
2026-06-26 04:00:00,0.834,0.846,0.825,0.845,1005677.79,458159.07
2026-06-26 08:00:00,0.845,0.846,0.825,0.829,864551.94,399532.63
2026-06-26 12:00:00,0.829,0.858,0.822,0.855,1366422.4,663482.97
2026-06-26 16:00:00,0.856,0.868,0.848,0.855,1273127.39,608373.88
2026-06-26 20:00:00,0.855,0.865,0.848,0.852,647383.33,339044.97
2026-06-27 00:00:00,0.853,0.861,0.846,0.852,529384.04,239492.02
2026-06-27 04:00:00,0.852,0.857,0.844,0.846,474490.36,282479.5
2026-06-27 08:00:00,0.845,0.847,0.838,0.843,425030.88,163589.75
2026-06-27 12:00:00,0.843,0.852,0.84,0.848,431175.94,221340.83
2026-06-27 16:00:00,0.847,0.848,0.825,0.829,696193.98,335156.68
2026-06-27 20:00:00,0.829,0.832,0.808,0.816,1169728.81,616271.12
2026-06-28 00:00:00,0.816,0.821,0.804,0.819,932265.99,500212.31
2026-06-28 04:00:00,0.819,0.822,0.807,0.817,482420.17,236008.47
2026-06-28 08:00:00,0.817,0.822,0.804,0.811,690934.66,379625.18
2026-06-28 12:00:00,0.811,0.816,0.799,0.811,2009121.95,913627.92
2026-06-28 16:00:00,0.811,0.814,0.801,0.808,913046.19,447907.66
2026-06-28 20:00:00,0.808,0.815,0.795,0.81,856715.78,412363.05
2026-06-29 00:00:00,0.811,0.828,0.806,0.825,1257107.35,714907.45
2026-06-29 04:00:00,0.824,0.826,0.813,0.817,788971.25,267103.17
2026-06-29 08:00:00,0.816,0.823,0.811,0.817,951681.71,384662.98
2026-06-29 12:00:00,0.817,0.831,0.809,0.823,1418249.87,703405.18
2026-06-29 16:00:00,0.822,0.84,0.818,0.832,1132878.72,520792.09
2026-06-29 20:00:00,0.831,0.833,0.823,0.826,527877.71,228123.68
2026-06-30 00:00:00,0.825,0.833,0.813,0.816,1212756.83,618579.39
2026-06-30 04:00:00,0.816,0.82,0.814,0.815,420855.48,240495.87
2026-06-30 08:00:00,0.815,0.817,0.809,0.811,1079842.36,478574.73
2026-06-30 12:00:00,0.811,0.822,0.801,0.814,1388266.82,634768.12
2026-06-30 16:00:00,0.815,0.826,0.808,0.824,772963.72,349527.38
2026-06-30 20:00:00,0.824,0.826,0.816,0.822,609347.61,233640.35
2026-07-01 00:00:00,0.822,0.843,0.806,0.837,1216651.68,608271.22
2026-07-01 04:00:00,0.837,0.842,0.828,0.834,609370.78,268235.07
2026-07-01 08:00:00,0.834,0.842,0.83,0.832,640769.36,288126.33
2026-07-01 12:00:00,0.833,0.85,0.826,0.846,1141766.54,601362.75
2026-07-01 16:00:00,0.846,0.847,0.832,0.833,609585.97,280661.49
2026-07-01 20:00:00,0.833,0.85,0.827,0.829,1075793.21,522365.68
2026-07-02 00:00:00,0.828,0.85,0.825,0.847,842659.05,449283.37
2026-07-02 04:00:00,0.848,0.849,0.835,0.841,711761.99,330489.66
2026-07-02 08:00:00,0.84,0.852,0.839,0.851,1367181.95,774426.59
2026-07-02 12:00:00,0.85,0.868,0.849,0.851,2011027.62,1010472.01
2026-07-02 16:00:00,0.851,0.854,0.842,0.844,1096351.5,577768.28
2026-07-02 20:00:00,0.845,0.846,0.836,0.842,612669.46,328633.92
2026-07-03 00:00:00,0.842,0.857,0.837,0.853,662138.87,317845.39
2026-07-03 04:00:00,0.853,0.858,0.846,0.856,557578.09,297982.56
2026-07-03 08:00:00,0.856,0.872,0.855,0.87,980822.35,499466.63
2026-07-03 12:00:00,0.87,0.879,0.863,0.874,1517064.28,707359.69
2026-07-03 16:00:00,0.874,0.889,0.874,0.883,1245344.93,667117.27
2026-07-03 20:00:00,0.883,0.892,0.878,0.881,1258432.62,658492.36
2026-07-04 00:00:00,0.881,0.886,0.869,0.884,741927.01,410223.83
2026-07-04 04:00:00,0.883,0.887,0.873,0.874,507829.12,243784.54
2026-07-04 08:00:00,0.874,0.876,0.867,0.872,504682.04,207645.04
2026-07-04 12:00:00,0.872,0.89,0.869,0.887,885513.35,518080.96
2026-07-04 16:00:00,0.888,0.9,0.884,0.892,1134824,506454.68
2026-07-04 20:00:00,0.892,0.898,0.878,0.885,538272.91,305000.44
2026-07-05 00:00:00,0.884,0.884,0.868,0.871,557007.07,252753.66
2026-07-05 04:00:00,0.87,0.874,0.864,0.873,428843.77,228587.67
2026-07-05 08:00:00,0.873,0.874,0.86,0.868,610351.67,315491.72
2026-07-05 12:00:00,0.867,0.884,0.865,0.878,677600.72,282191.86
2026-07-05 16:00:00,0.878,0.885,0.874,0.882,426860.93,215860.58
2026-07-05 20:00:00,0.883,0.891,0.876,0.881,602614.22,351171.7
2026-07-06 00:00:00,0.882,0.888,0.871,0.873,648221.21,300279.23
2026-07-06 04:00:00,0.873,0.875,0.86,0.868,854848.48,418487.3
2026-07-06 08:00:00,0.869,0.872,0.861,0.862,718336.02,332920.1
2026-07-06 12:00:00,0.862,0.884,0.848,0.881,1898644.66,911512.64
2026-07-06 16:00:00,0.881,0.898,0.879,0.889,1834440.22,856319.32
2026-07-06 20:00:00,0.89,0.908,0.885,0.885,1079244.86,605412.81
2026-07-07 00:00:00,0.886,0.887,0.857,0.86,904222.83,456961.34
2026-07-07 04:00:00,0.86,0.87,0.853,0.861,2314164.51,1268672.72
2026-07-07 08:00:00,0.862,0.867,0.86,0.866,702412.1,370236.82
2026-07-07 12:00:00,0.866,0.876,0.851,0.874,1593059.32,781716.92
2026-07-07 16:00:00,0.874,0.878,0.855,0.865,1330577.15,627358.43
2026-07-07 20:00:00,0.865,0.866,0.846,0.85,927543.65,403186.78
2026-07-08 00:00:00,0.851,0.857,0.83,0.833,1417223.51,777246.99
2026-07-08 04:00:00,0.833,0.842,0.831,0.84,773780.53,384641.06
2026-07-08 08:00:00,0.841,0.842,0.822,0.834,1475846.27,708954.2
2026-07-08 12:00:00,0.833,0.835,0.815,0.82,1589486.72,718082.54
2026-07-08 16:00:00,0.821,0.832,0.819,0.826,954344.75,462177.29
2026-07-08 20:00:00,0.826,0.828,0.818,0.827,916041.34,392696.3
2026-07-09 00:00:00,0.827,0.835,0.821,0.827,653086.48,332734.71
2026-07-09 04:00:00,0.827,0.84,0.825,0.835,959018.98,491023.75
2026-07-09 08:00:00,0.835,0.836,0.827,0.833,680099.16,330837.4
2026-07-09 12:00:00,0.833,0.835,0.825,0.829,1148855.35,501896.94
2026-07-09 16:00:00,0.829,0.834,0.824,0.826,765644.78,406211.23
2026-07-09 20:00:00,0.826,0.829,0.823,0.826,344656.39,175282.92
2026-07-10 00:00:00,0.827,0.849,0.821,0.845,1167721.18,638041.75
2026-07-10 04:00:00,0.846,0.853,0.842,0.848,1104318.66,568149.44
2026-07-10 08:00:00,0.847,0.895,0.846,0.884,4198541.13,2070686.44
2026-07-10 12:00:00,0.885,0.889,0.867,0.875,2474907.78,1170015.24
2026-07-10 16:00:00,0.874,0.886,0.868,0.874,1543119.3,725521.79
2026-07-10 20:00:00,0.873,0.883,0.869,0.877,635467.67,301971.42
2026-07-11 00:00:00,0.876,0.885,0.871,0.883,643635.7,342923.4
2026-07-11 04:00:00,0.884,0.886,0.875,0.875,485654.59,268825.22
2026-07-11 08:00:00,0.876,0.887,0.874,0.879,619068.02,376050.36
2026-07-11 12:00:00,0.88,0.887,0.875,0.88,808644.15,454319.18
2026-07-11 16:00:00,0.879,0.883,0.876,0.88,385821.96,195232.27
2026-07-11 20:00:00,0.88,0.885,0.85,0.854,1130035.2,533130.81
2026-07-12 00:00:00,0.853,0.86,0.845,0.858,1125711.65,575469.86
2026-07-12 04:00:00,0.858,0.859,0.845,0.847,521010.19,298146.06
2026-07-12 08:00:00,0.848,0.852,0.843,0.849,606467.28,297565.24
2026-07-12 12:00:00,0.849,0.851,0.84,0.846,590505.66,340200.99
2026-07-12 16:00:00,0.845,0.846,0.834,0.845,788296.1,444934.41
2026-07-12 20:00:00,0.845,0.854,0.843,0.844,792950.04,278397.52
2026-07-13 00:00:00,0.844,0.86,0.825,0.83,1808489.29,871690.42
2026-07-13 04:00:00,0.829,0.839,0.827,0.838,669330.65,352615.35
2026-07-13 08:00:00,0.839,0.839,0.83,0.832,624028.78,250418.77
2026-07-13 12:00:00,0.832,0.84,0.825,0.838,1405214.58,718111.28
2026-07-13 16:00:00,0.838,0.843,0.826,0.84,1061624.51,453636.02
2026-07-13 20:00:00,0.841,0.841,0.828,0.836,725750.05,242882.9
2026-07-14 00:00:00,0.837,0.843,0.828,0.836,1128348.58,623879.01
2026-07-14 04:00:00,0.835,0.849,0.835,0.844,1422262.5,624750.63
2026-07-14 08:00:00,0.844,0.85,0.837,0.837,1059966.25,421083.36
2026-07-14 12:00:00,0.836,0.86,0.834,0.853,2963153.15,1518197.44
2026-07-14 16:00:00,0.853,0.859,0.845,0.85,1221921.56,546751.14
2026-07-14 20:00:00,0.85,0.854,0.844,0.852,730612.17,404209.09
2026-07-15 00:00:00,0.853,0.86,0.849,0.855,1018657.07,456607.49
2026-07-15 04:00:00,0.855,0.862,0.847,0.853,525018.47,255676.06
2026-07-15 08:00:00,0.854,0.857,0.848,0.853,463665.23,201459.44
2026-07-15 12:00:00,0.853,0.869,0.85,0.857,1909632.85,1040212.81
2026-07-15 16:00:00,0.856,0.858,0.838,0.841,1936557.06,855072.94
2026-07-15 20:00:00,0.841,0.851,0.84,0.847,684849.22,407127.72
2026-07-16 00:00:00,0.847,0.851,0.838,0.85,592488.37,242978.07
2026-07-16 04:00:00,0.85,0.851,0.832,0.836,1006461.67,407120.15
2026-07-16 08:00:00,0.836,0.842,0.828,0.84,946791.57,402980.61
2026-07-16 12:00:00,0.839,0.86,0.835,0.854,1116615.43,534513.27
2026-07-16 16:00:00,0.855,0.858,0.841,0.857,1246492.8,484222.89
2026-07-16 20:00:00,0.857,0.874,0.852,0.859,1306862.12,688344.87
2026-07-17 00:00:00,0.859,0.869,0.853,0.86,1479966.51,699653.46
2026-07-17 04:00:00,0.859,0.862,0.844,0.85,1384690.03,539810.17
2026-07-17 08:00:00,0.85,0.862,0.842,0.853,1048188.48,549845.35
2026-07-17 12:00:00,0.854,0.855,0.834,0.85,1448458.81,702322.5
2026-07-17 16:00:00,0.85,0.865,0.847,0.853,1772427.9,887780.97
2026-07-17 20:00:00,0.853,0.857,0.848,0.849,366718.73,189137.58
2026-07-18 00:00:00,0.85,0.854,0.847,0.852,285207.67,138779.47
2026-07-18 04:00:00,0.852,0.853,0.841,0.844,505874.7,187612.42
2026-07-18 08:00:00,0.844,0.845,0.836,0.838,404201.87,211228.82
2026-07-18 12:00:00,0.838,0.84,0.83,0.832,965149.91,469147.66
2026-07-18 16:00:00,0.833,0.841,0.83,0.836,798944.53,476086
2026-07-18 20:00:00,0.836,0.839,0.834,0.839,764479.28,420899.55
2026-07-19 00:00:00,0.839,0.841,0.832,0.837,700817.98,292943.72
2026-07-19 04:00:00,0.838,0.841,0.834,0.837,423277.17,240265.76
2026-07-19 08:00:00,0.838,0.839,0.83,0.831,392702.28,217469.31
2026-07-19 12:00:00,0.83,0.831,0.821,0.825,1839629.87,1063141.29
2026-07-19 16:00:00,0.825,0.826,0.806,0.817,1846519.68,769472.99
2026-07-19 20:00:00,0.817,0.821,0.812,0.82,648553.88,340308.36
2026-07-20 00:00:00,0.82,0.827,0.808,0.814,1058257.89,526341.75
2026-07-20 04:00:00,0.815,0.816,0.802,0.807,727113.32,322772.59
2026-07-20 08:00:00,0.808,0.817,0.801,0.816,1047972.31,606489.71
2026-07-20 12:00:00,0.817,0.826,0.809,0.822,789710.09,391223.69
2026-07-20 16:00:00,0.823,0.828,0.817,0.824,1154870.75,462875.03
2026-07-20 20:00:00,0.824,0.832,0.82,0.827,805491.74,518340.39
2026-07-21 00:00:00,0.826,0.838,0.824,0.838,415124.6,203239.07
2026-07-21 04:00:00,0.839,0.864,0.832,0.856,1695831.39,751276.13
2026-07-21 08:00:00,0.856,0.869,0.855,0.858,1759357.47,996597.98
2026-07-21 12:00:00,0.858,0.864,0.852,0.857,1511274.3,801558.05
2026-07-21 16:00:00,0.857,0.859,0.85,0.856,676131.06,354820.19
2026-07-21 20:00:00,0.856,0.856,0.843,0.847,562464.61,244585.49
2026-07-22 00:00:00,0.848,0.858,0.847,0.848,1398579.67,761659.6
2026-07-22 04:00:00,0.848,0.856,0.838,0.84,747880.49,411578.23
2026-07-22 08:00:00,0.841,0.844,0.836,0.838,456025.81,196493.81
2026-07-22 12:00:00,0.838,0.847,0.834,0.844,593287.27,334061.28
2026-07-22 16:00:00,0.845,0.854,0.836,0.842,888722.52,414615.66
2026-07-22 20:00:00,0.841,0.844,0.829,0.836,487285.26,227566.15
2026-07-23 00:00:00,0.836,0.842,0.821,0.822,732375.25,307381.59
2026-07-23 04:00:00,0.822,0.827,0.818,0.82,521239.74,227805.59
2026-07-23 08:00:00,0.82,0.825,0.817,0.819,573598.07,365491.96
2026-07-23 12:00:00,0.819,0.824,0.811,0.815,1153861.09,454123.9
2026-07-23 16:00:00,0.815,0.819,0.805,0.816,658185.79,283764.27
2026-07-23 20:00:00,0.816,0.82,0.813,0.815,193351.02,101099.36
2026-07-24 00:00:00,0.815,0.82,0.811,0.815,383668.35,157893.91
2026-07-24 04:00:00,0.815,0.817,0.808,0.812,1504449.33,1024463.87
2026-07-24 08:00:00,0.811,0.812,0.8,0.804,813709.16,376044.93
2026-07-24 12:00:00,0.804,0.805,0.787,0.799,1619508.03,650704.11
2026-07-24 16:00:00,0.799,0.808,0.798,0.807,848714.02,425279
2026-07-24 20:00:00,0.807,0.811,0.802,0.808,537276.53,261603.83
2026-07-25 00:00:00,0.808,0.813,0.806,0.811,273054.82,119473.95
2026-07-25 04:00:00,0.812,0.818,0.809,0.811,392957.24,175000.46
2026-07-25 08:00:00,0.811,0.82,0.808,0.815,488473.72,206685.43
2026-07-25 12:00:00,0.815,0.825,0.813,0.822,447600.98,225305.62
2026-07-25 16:00:00,0.822,0.824,0.816,0.817,405088.64,180121.78
2026-07-25 20:00:00,0.817,0.82,0.813,0.814,239004.01,124635.75
2026-07-26 00:00:00,0.814,0.822,0.813,0.82,386175.37,220477.46
2026-07-26 04:00:00,0.819,0.829,0.818,0.826,752070.31,516005.11
2026-07-26 08:00:00,0.826,0.831,0.823,0.825,407568.08,207493.17
2026-07-26 12:00:00,0.824,0.829,0.821,0.825,631644.08,286114.61
2026-07-26 16:00:00,0.825,0.828,0.817,0.819,480674.1,217585.52
2026-07-26 20:00:00,0.819,0.832,0.817,0.828,552722.1,329045.6
2026-07-27 00:00:00,0.828,0.829,0.814,0.818,545939.41,200854.64
2026-07-27 04:00:00,0.817,0.821,0.814,0.815,487448.52,251002.96
2026-07-27 08:00:00,0.815,0.815,0.806,0.807,878083.19,379435.76
2026-07-27 12:00:00,0.807,0.813,0.789,0.793,1516040.72,622559.94
2026-07-27 16:00:00,0.792,0.799,0.788,0.793,1080902.99,711452.56
2026-07-27 20:00:00,0.794,0.796,0.748,0.759,3017943.6,1447754.4
2026-07-28 00:00:00,0.759,0.763,0.751,0.762,689018.44,352994.19
2026-07-28 04:00:00,0.761,0.772,0.755,0.759,3026776.98,1004463.74
2026-07-28 08:00:00,0.759,0.766,0.758,0.76,617794.77,301797.51
2026-07-28 12:00:00,0.76,0.766,0.749,0.763,1306125.69,622248.07
2026-07-28 16:00:00,0.763,0.766,0.755,0.763,619511.34,354779.97
2026-07-28 20:00:00,0.764,0.769,0.758,0.761,716430.75,328086.02
2026-07-29 00:00:00,0.761,0.767,0.753,0.758,1083011.25,418651.3
2026-07-29 04:00:00,0.759,0.766,0.754,0.765,633893.94,327199.42
2026-07-29 08:00:00,0.765,0.766,0.758,0.761,561822.26,277916.93
2026-07-29 12:00:00,0.762,0.763,0.755,0.759,680688.29,292030.15
2026-07-29 16:00:00,0.759,0.777,0.756,0.759,1611687.06,797199.55
2026-07-29 20:00:00,0.76,0.766,0.752,0.764,891419.41,371904.19
2026-07-30 00:00:00,0.763,0.773,0.761,0.766,778200,340912.59
2026-07-30 04:00:00,0.766,0.768,0.762,0.766,320373.18,163424.62
2026-07-30 08:00:00,0.766,0.771,0.766,0.768,295524.93,147711.2
2026-07-30 12:00:00,0.768,0.773,0.763,0.769,757240.3,355857.41
2026-07-30 16:00:00,0.768,0.778,0.767,0.777,480926.92,252060.42
2026-07-30 20:00:00,0.776,0.779,0.768,0.768,418021.9,184671.39
2026-07-31 00:00:00,0.769,0.775,0.763,0.769,804904.42,399313.09
2026-07-31 04:00:00,0.769,0.773,0.765,0.772,473231.94,228117.07
2026-07-31 08:00:00,0.771,0.771,0.758,0.759,716238.24,229266.48
2026-07-31 12:00:00,0.759,0.762,0.743,0.758,1751375.32,806952.78
2026-07-31 16:00:00,0.757,0.77,0.756,0.762,552234.35,273706.43
2026-07-31 20:00:00,0.762,0.766,0.758,0.759,337086.73,150522.95
2026-08-01 00:00:00,0.759,0.766,0.758,0.765,378485.01,217194.34
2026-08-01 04:00:00,0.765,0.768,0.761,0.761,195906.06,84441.82
2026-08-01 08:00:00,0.761,0.767,0.761,0.766,350426.85,181292.96
2026-08-01 12:00:00,0.767,0.785,0.767,0.777,1499118.44,771587.74
2026-08-01 16:00:00,0.778,0.782,0.763,0.771,942495.17,455638.76
2026-08-01 20:00:00,0.771,0.783,0.769,0.782,541703.12,222090.81
2026-08-02 00:00:00,0.782,0.799,0.781,0.79,1862659.98,1077666.28
2026-08-02 04:00:00,0.791,0.797,0.788,0.795,620636.34,250214.25
2026-08-02 08:00:00,0.795,0.802,0.791,0.793,834887.65,388725.85
2026-08-02 12:00:00,0.794,0.801,0.793,0.793,668421.23,285649.06
2026-08-02 16:00:00,0.794,0.801,0.79,0.798,579026.66,280860.81
2026-08-02 20:00:00,0.797,0.799,0.794,0.799,377212.37,225002.17
2026-08-03 00:00:00,0.799,0.799,0.787,0.79,423110.36,202065.8
2026-08-03 04:00:00,0.789,0.799,0.788,0.794,518765.42,241288.88
2026-08-03 08:00:00,0.793,0.808,0.79,0.807,765078.55,370660.12
2026-08-03 12:00:00,0.806,0.829,0.805,0.826,2001121.35,1006307.93
2026-08-03 16:00:00,0.825,0.832,0.822,0.825,647492.62,289751.89
2026-08-03 20:00:00,0.825,0.826,0.819,0.825,650265.87,270234.53
2026-08-04 00:00:00,0.824,0.848,0.82,0.84,1138132.22,549390.78
2026-08-04 04:00:00,0.84,0.841,0.83,0.837,584751.28,344634.66
2026-08-04 08:00:00,0.836,0.839,0.83,0.833,736263.1,374437.65
2026-08-04 12:00:00,0.833,0.836,0.825,0.833,723631.29,316272.49
2026-08-04 16:00:00,0.833,0.846,0.833,0.841,793510.51,474933.12
2026-08-04 20:00:00,0.842,0.87,0.841,0.857,1682268.55,748750.35
2026-08-05 00:00:00,0.857,0.87,0.844,0.846,1225912.99,651443.93
2026-08-05 04:00:00,0.847,0.855,0.845,0.855,478169.34,253296.65
2026-08-05 08:00:00,0.856,0.858,0.847,0.852,467770.98,211613.06
2026-08-05 12:00:00,0.852,0.855,0.842,0.853,759613.42,398559.33
2026-08-05 16:00:00,0.852,0.856,0.848,0.848,398726.88,264616.98
2026-08-05 20:00:00,0.848,0.851,0.838,0.842,471549.4,266776.34
2026-08-06 00:00:00,0.842,0.847,0.838,0.841,384128.06,157294.32
2026-08-06 04:00:00,0.84,0.845,0.832,0.833,607441.65,239767.72
2026-08-06 08:00:00,0.833,0.836,0.822,0.825,549094.46,275805.6
2026-08-06 12:00:00,0.826,0.827,0.815,0.823,829334.67,379309.41
2026-08-06 16:00:00,0.824,0.827,0.818,0.822,704542.25,364341.84
2026-08-06 20:00:00,0.823,0.828,0.819,0.822,237522.75,109867.27
2026-08-07 00:00:00,0.821,0.824,0.817,0.818,393792.21,183979.35
2026-08-07 04:00:00,0.819,0.819,0.81,0.816,436369.71,207217.47
2026-08-07 08:00:00,0.817,0.818,0.81,0.817,423049.46,232556.09
2026-08-07 12:00:00,0.816,0.822,0.805,0.809,822426.11,462045.14
2026-08-07 16:00:00,0.809,0.814,0.802,0.814,529150.92,317123
2026-08-07 20:00:00,0.814,0.819,0.811,0.818,366595.12,207864.53
2026-08-08 00:00:00,0.819,0.827,0.816,0.824,402976.55,183914.53
2026-08-08 04:00:00,0.825,0.825,0.817,0.819,233896.2,106118.26
2026-08-08 08:00:00,0.819,0.821,0.815,0.82,264650.84,111441.46
2026-08-08 12:00:00,0.82,0.824,0.814,0.818,489500.31,252572.3
2026-08-08 16:00:00,0.818,0.819,0.815,0.817,202808.81,112337.96
2026-08-08 20:00:00,0.817,0.822,0.813,0.816,186952.31,77711.34
2026-08-09 00:00:00,0.816,0.816,0.812,0.813,258019.36,146662.39
2026-08-09 04:00:00,0.813,0.814,0.806,0.811,421503.34,172705.27
2026-08-09 08:00:00,0.811,0.813,0.805,0.808,380038.13,143976.4
2026-08-09 12:00:00,0.807,0.814,0.806,0.812,470264.47,207442.76
2026-08-09 16:00:00,0.812,0.813,0.805,0.809,255750.25,120258.71
2026-08-09 20:00:00,0.808,0.814,0.796,0.799,752983.97,308327.78
2026-08-10 00:00:00,0.799,0.804,0.797,0.8,672514.53,442829.52
2026-08-10 04:00:00,0.8,0.814,0.799,0.812,717201.88,405229.38
2026-08-10 08:00:00,0.813,0.814,0.804,0.81,523611.44,245351.79
2026-08-10 12:00:00,0.809,0.821,0.802,0.804,1778113.34,783595.17
2026-08-10 16:00:00,0.803,0.81,0.799,0.805,799536.77,400166.52
2026-08-10 20:00:00,0.805,0.811,0.803,0.805,343412.29,179341.15
2026-08-11 00:00:00,0.806,0.813,0.802,0.803,496746.98,261523.14
2026-08-11 04:00:00,0.803,0.81,0.801,0.807,500381.84,295593.59
2026-08-11 08:00:00,0.807,0.812,0.797,0.8,868831.36,427041.32
2026-08-11 12:00:00,0.8,0.801,0.778,0.782,1401275.04,637966.53
2026-08-11 16:00:00,0.782,0.787,0.781,0.787,704053.72,390983.05
2026-08-11 20:00:00,0.787,0.792,0.786,0.791,450819.84,234379.85
2026-08-12 00:00:00,0.79,0.796,0.789,0.796,485367.61,241825.27
2026-08-12 04:00:00,0.795,0.796,0.786,0.787,379235.84,173610.44
2026-08-12 08:00:00,0.787,0.792,0.785,0.792,355815.53,231631.2
2026-08-12 12:00:00,0.791,0.798,0.78,0.786,989387.33,501222.93
2026-08-12 16:00:00,0.786,0.788,0.781,0.781,348986.6,158879.97
2026-08-12 20:00:00,0.782,0.783,0.767,0.774,806505.84,403244.55
2026-08-13 00:00:00,0.774,0.777,0.77,0.776,400533.3,185457.6
2026-08-13 04:00:00,0.776,0.777,0.773,0.775,264923.36,121753.16
2026-08-13 08:00:00,0.775,0.776,0.77,0.771,398573.07,254284.95
2026-08-13 12:00:00,0.77,0.776,0.766,0.771,754752.92,413642.93
2026-08-13 16:00:00,0.771,0.775,0.764,0.774,427308.61,187134.88
2026-08-13 20:00:00,0.775,0.777,0.771,0.773,555726.28,259247.43
2026-08-14 00:00:00,0.773,0.775,0.761,0.762,449215.64,194519.47
2026-08-14 04:00:00,0.762,0.767,0.757,0.758,494290.32,218231.62
2026-08-14 08:00:00,0.758,0.76,0.752,0.757,833034.91,313423.56
2026-08-14 12:00:00,0.757,0.764,0.757,0.764,651476.35,377898.27
2026-08-14 16:00:00,0.764,0.767,0.756,0.758,512168.8,196563.24
2026-08-14 20:00:00,0.759,0.766,0.752,0.765,540846.05,187236.4
2026-08-15 00:00:00,0.765,0.779,0.764,0.778,653154.38,334852.69
2026-08-15 04:00:00,0.778,0.779,0.77,0.771,325397.44,139972.73
2026-08-15 08:00:00,0.77,0.785,0.77,0.775,1443442.6,786756.34
2026-08-15 12:00:00,0.776,0.781,0.774,0.776,392908.66,178964.02
2026-08-15 16:00:00,0.776,0.776,0.768,0.769,348306.25,150726.69
2026-08-15 20:00:00,0.77,0.77,0.759,0.762,589844.61,352153.3
2026-08-16 00:00:00,0.761,0.763,0.756,0.759,351824.12,132583.37
2026-08-16 04:00:00,0.758,0.761,0.756,0.761,341986.22,184998.39
2026-08-16 08:00:00,0.76,0.764,0.758,0.762,362856.4,194108.37
2026-08-16 12:00:00,0.762,0.768,0.761,0.768,255130.81,130417.86
2026-08-16 16:00:00,0.767,0.769,0.761,0.765,398744.15,184559.41
2026-08-16 20:00:00,0.765,0.766,0.753,0.759,502153.83,209964.45
2026-08-17 00:00:00,0.759,0.766,0.757,0.766,564827.08,249408.5
2026-08-17 04:00:00,0.766,0.77,0.76,0.762,469640.32,283406.72
2026-08-17 08:00:00,0.762,0.762,0.757,0.759,512786.87,187698.98
2026-08-17 12:00:00,0.759,0.759,0.754,0.758,598838.1,358713.9
2026-08-17 16:00:00,0.758,0.762,0.755,0.761,360606.11,203187.46
2026-08-17 20:00:00,0.76,0.765,0.757,0.762,188433.38,118911.78
2026-08-18 00:00:00,0.762,0.763,0.723,0.732,3183973.69,1359377.7
2026-08-18 04:00:00,0.732,0.742,0.731,0.737,689656.6,333811.31
2026-08-18 08:00:00,0.737,0.743,0.734,0.74,521795.6,206883.09
2026-08-18 12:00:00,0.74,0.754,0.735,0.749,761125.05,350576.08
2026-08-18 16:00:00,0.749,0.754,0.746,0.747,669700.06,298042.8
2026-08-18 20:00:00,0.747,0.757,0.744,0.752,665684.66,270266.38
2026-08-19 00:00:00,0.752,0.756,0.747,0.754,736777.2,357227.07
2026-08-19 04:00:00,0.755,0.768,0.752,0.762,1400474.35,633229.9
2026-08-19 08:00:00,0.763,0.779,0.759,0.777,947530.31,464737.58
2026-08-19 12:00:00,0.777,0.796,0.768,0.778,2971185.31,1640674.2
2026-08-19 16:00:00,0.778,0.783,0.771,0.78,1333240.97,723504.1
2026-08-19 20:00:00,0.78,0.808,0.778,0.789,1995319.51,1078903.12
2026-08-20 00:00:00,0.789,0.797,0.78,0.784,871230.3,409091.29
2026-08-20 04:00:00,0.783,0.794,0.783,0.79,542905.43,302101.65
2026-08-20 08:00:00,0.791,0.821,0.791,0.82,1903058.19,1140557.5
2026-08-20 12:00:00,0.821,0.839,0.818,0.836,3312377.59,1704151.76
2026-08-20 16:00:00,0.837,0.849,0.829,0.832,1596150.54,748544.45
2026-08-20 20:00:00,0.832,0.851,0.832,0.848,930806.77,443175.26
2026-08-21 00:00:00,0.848,0.854,0.837,0.85,1435461.38,816394.91
2026-08-21 04:00:00,0.851,0.871,0.842,0.869,1556763.34,880188.92
2026-08-21 08:00:00,0.87,0.905,0.866,0.882,3835242.87,1861655.55
2026-08-21 12:00:00,0.883,0.906,0.88,0.9,1908136.07,924744.55
2026-08-21 16:00:00,0.901,0.911,0.888,0.892,1672755.58,875480.68
2026-08-21 20:00:00,0.892,0.953,0.889,0.94,2235967.62,1199181.02
2026-08-22 00:00:00,0.94,1.013,0.935,1,3963764.5,2021399.02
2026-08-22 04:00:00,1.001,1.032,0.9,0.946,7653692.88,3751466.32
2026-08-22 08:00:00,0.946,0.949,0.899,0.923,2832346.77,1230873.59
2026-08-22 12:00:00,0.922,0.934,0.916,0.923,1230364.81,598427.93
2026-08-22 16:00:00,0.923,0.939,0.918,0.934,938511.93,424734.83
2026-08-22 20:00:00,0.934,0.938,0.906,0.92,1147222.7,534990.5
2026-08-23 00:00:00,0.92,0.935,0.887,0.89,1376112.5,625560.54
2026-08-23 04:00:00,0.889,0.895,0.876,0.892,1322244.02,664132.39
2026-08-23 08:00:00,0.891,0.919,0.891,0.918,1142834.14,648987.35
2026-08-23 12:00:00,0.918,0.937,0.91,0.926,1538607.78,677813.11
2026-08-23 16:00:00,0.927,0.931,0.918,0.921,895332.26,412470.61
2026-08-23 20:00:00,0.921,0.936,0.917,0.928,613042.93,311631.61
2026-08-24 00:00:00,0.929,0.929,0.896,0.901,1474691.19,756914.82
2026-08-24 04:00:00,0.901,0.919,0.899,0.9,886615.19,532975.44
2026-08-24 08:00:00,0.901,0.92,0.892,0.915,947683.91,511705.93
2026-08-24 12:00:00,0.916,0.925,0.901,0.905,1838828.49,916899.31
2026-08-24 16:00:00,0.906,0.919,0.895,0.904,1193244.09,581837.69
2026-08-24 20:00:00,0.905,0.908,0.89,0.899,629187.43,338259.91
2026-08-25 00:00:00,0.899,0.924,0.894,0.909,1327369.87,678419.4
2026-08-25 04:00:00,0.909,0.921,0.893,0.902,972647.65,507085.12
2026-08-25 08:00:00,0.901,0.909,0.892,0.892,827552.97,467775.42
2026-08-25 12:00:00,0.892,0.893,0.864,0.876,2029232.99,962764.95
2026-08-25 16:00:00,0.876,0.881,0.868,0.875,780360.65,350515.29
2026-08-25 20:00:00,0.876,0.876,0.843,0.852,1364122.93,558353.63
2026-08-26 00:00:00,0.852,0.861,0.847,0.857,820577.44,376479.95
2026-08-26 04:00:00,0.857,0.861,0.846,0.855,688143.4,395653.97
2026-08-26 08:00:00,0.855,0.863,0.839,0.852,1229280.95,691425.54
2026-08-26 12:00:00,0.852,0.857,0.831,0.84,1260115.14,509529.11
2026-08-26 16:00:00,0.839,0.846,0.83,0.842,797837.68,393539.22
2026-08-26 20:00:00,0.841,0.878,0.835,0.876,1157988.87,623004.23
2026-08-27 00:00:00,0.876,0.884,0.866,0.87,1668055.87,879847.19
2026-08-27 04:00:00,0.871,0.878,0.864,0.877,585163.83,272243.42
2026-08-27 08:00:00,0.876,0.896,0.866,0.87,1084529.43,501925.62
2026-08-27 12:00:00,0.871,0.888,0.867,0.885,1228776.05,748227.64
2026-08-27 16:00:00,0.886,0.894,0.877,0.881,962792.36,449017.53
2026-08-27 20:00:00,0.881,0.889,0.878,0.881,483640.07,231880.41
2026-08-28 00:00:00,0.882,0.896,0.864,0.871,1128864.4,518975.57
2026-08-28 04:00:00,0.87,0.878,0.864,0.87,505866.75,182094.1
2026-08-28 08:00:00,0.871,0.88,0.863,0.876,664743.7,310989.17
2026-08-28 12:00:00,0.875,0.881,0.854,0.857,1405197.48,639600.43
2026-08-28 16:00:00,0.856,0.858,0.836,0.845,1416435.57,641237.69
2026-08-28 20:00:00,0.845,0.85,0.838,0.849,355344.98,202673.58
2026-08-29 00:00:00,0.849,0.854,0.84,0.841,328633,141071.57
2026-08-29 04:00:00,0.84,0.845,0.835,0.839,333090.77,157138.04
2026-08-29 08:00:00,0.839,0.843,0.836,0.84,377648.04,141240.77
2026-08-29 12:00:00,0.84,0.848,0.83,0.841,1573733.88,405328.22
2026-08-29 16:00:00,0.841,0.844,0.836,0.844,408244.26,202006.35
2026-08-29 20:00:00,0.844,0.849,0.841,0.846,479792.71,306722.08
2026-08-30 00:00:00,0.845,0.846,0.834,0.838,496528.84,225120.54
2026-08-30 04:00:00,0.837,0.846,0.833,0.843,336206.12,148568.22
2026-08-30 08:00:00,0.843,0.854,0.839,0.853,503356.55,245928.9
2026-08-30 12:00:00,0.853,0.87,0.85,0.853,1223640.5,512350.6
2026-08-30 16:00:00,0.852,0.866,0.851,0.86,692405.9,341514.86
2026-08-30 20:00:00,0.861,0.864,0.808,0.819,2248644.34,1036335.58
2026-08-31 00:00:00,0.819,0.828,0.812,0.822,815492.46,504667.23
2026-08-31 04:00:00,0.821,0.834,0.818,0.832,693413.57,346883.06
2026-08-31 08:00:00,0.831,0.837,0.825,0.827,765107.04,390317.95
2026-08-31 12:00:00,0.827,0.834,0.82,0.824,890339.19,434920.05
2026-08-31 16:00:00,0.825,0.844,0.823,0.836,858010.97,435715.36
2026-08-31 20:00:00,0.836,0.843,0.828,0.84,883346.45,304007.42
2026-09-01 00:00:00,0.84,0.861,0.839,0.859,1236177.31,590186.82
2026-09-01 04:00:00,0.858,0.877,0.849,0.869,1276001.43,475871.42
2026-09-01 08:00:00,0.869,0.874,0.851,0.869,2068587.13,816900.94
2026-09-01 12:00:00,0.87,0.874,0.853,0.869,1024752.43,516121.73
2026-09-01 16:00:00,0.869,0.882,0.855,0.874,1526525.15,712100.36
2026-09-01 20:00:00,0.875,0.876,0.856,0.872,758508.53,371328.27
2026-09-02 00:00:00,0.872,0.891,0.859,0.887,1554297.39,756585.04
2026-09-02 04:00:00,0.887,0.894,0.857,0.863,2074454.65,866240.24
2026-09-02 08:00:00,0.863,0.867,0.838,0.845,1494458.9,605594.51
2026-09-02 12:00:00,0.845,0.854,0.838,0.851,1336210.03,573517.19
2026-09-02 16:00:00,0.851,0.862,0.845,0.861,1177805.85,611496.44
2026-09-02 20:00:00,0.861,0.868,0.856,0.868,786177.82,361757.75
2026-09-03 00:00:00,0.868,0.888,0.854,0.873,1095971.93,647668.21
2026-09-03 04:00:00,0.874,0.882,0.865,0.875,800692.32,363699.14
2026-09-03 08:00:00,0.876,0.882,0.872,0.878,683444.43,286390.8
2026-09-03 12:00:00,0.877,0.895,0.868,0.893,1603921.83,786542.09
2026-09-03 16:00:00,0.893,0.901,0.885,0.897,2560121.38,1640004.9
2026-09-03 20:00:00,0.897,0.901,0.882,0.889,1030168.29,442150.76
2026-09-04 00:00:00,0.888,0.892,0.875,0.878,498699.95,243842.99
2026-09-04 04:00:00,0.877,0.882,0.865,0.873,816097.78,432495.24
2026-09-04 08:00:00,0.873,0.884,0.872,0.881,1054547.74,630224.79
2026-09-04 12:00:00,0.881,0.881,0.842,0.855,2905724.5,1314798.4
2026-09-04 16:00:00,0.854,0.881,0.852,0.875,1273189.2,631536.75
2026-09-04 20:00:00,0.875,0.903,0.866,0.9,1611740.85,858461.35
2026-09-05 00:00:00,0.9,0.912,0.886,0.893,1711154.86,911159.05
2026-09-05 04:00:00,0.893,0.916,0.884,0.907,1179905.21,620904.03
2026-09-05 08:00:00,0.907,0.92,0.898,0.906,1198802.42,693872.48
2026-09-05 12:00:00,0.906,0.926,0.905,0.911,1321539.21,656155.87
2026-09-05 16:00:00,0.911,0.913,0.906,0.91,764803.3,375735.75
2026-09-05 20:00:00,0.911,0.928,0.908,0.916,1002122.99,548753.64
2026-09-06 00:00:00,0.915,0.936,0.914,0.93,1373529.48,710194.52
2026-09-06 04:00:00,0.931,0.944,0.923,0.943,1020988.76,519789.64
2026-09-06 08:00:00,0.942,0.99,0.935,0.984,3346633.19,1732465.14
2026-09-06 12:00:00,0.984,0.992,0.946,0.954,2425350.76,1028199.88
2026-09-06 16:00:00,0.954,0.973,0.953,0.963,1092654.1,447549.39
2026-09-06 20:00:00,0.964,0.986,0.962,0.979,1257275.37,694108.08
2026-09-07 00:00:00,0.979,1.029,0.969,0.971,3624548.15,1792938.07
2026-09-07 04:00:00,0.971,0.993,0.956,0.964,1804404.29,965601.46
2026-09-07 08:00:00,0.964,0.994,0.964,0.979,1833806.19,863620.14
2026-09-07 12:00:00,0.979,1.091,0.973,1.078,8839657.55,4051442.54
2026-09-07 16:00:00,1.078,1.109,1.05,1.06,7777332.17,3752873.23
2026-09-07 20:00:00,1.059,1.078,1.039,1.063,3289306.17,1513180.11
2026-09-08 00:00:00,1.062,1.087,1.054,1.079,1861964.61,1015970.07
2026-09-08 04:00:00,1.078,1.082,1.047,1.06,2376940.32,1388079.41
2026-09-08 08:00:00,1.06,1.098,1.055,1.079,1892609.63,1034792.18
2026-09-08 12:00:00,1.078,1.201,1.06,1.196,7679281.4,4047230.66
2026-09-08 16:00:00,1.196,1.247,1.175,1.243,7387323.22,3621263.74
2026-09-08 20:00:00,1.242,1.284,1.232,1.246,5038667.3,2494315.52
2026-09-09 00:00:00,1.246,1.259,1.188,1.205,5143359.78,2201533.47
2026-09-09 04:00:00,1.204,1.221,1.168,1.171,2938230.23,1432471.74
2026-09-09 08:00:00,1.172,1.189,1.16,1.18,2221872.91,1104804.89
2026-09-09 12:00:00,1.18,1.184,1.114,1.136,4225557.81,2064766.68
2026-09-09 16:00:00,1.137,1.142,1.118,1.12,1602503.38,891019.61
2026-09-09 20:00:00,1.12,1.131,1.093,1.123,2482951.35,1237777.16
2026-09-10 00:00:00,1.122,1.127,1.095,1.108,1570393.69,746126.27
2026-09-10 04:00:00,1.108,1.119,1.097,1.105,1060655.32,492929.02
2026-09-10 08:00:00,1.105,1.11,1.091,1.099,974614.83,436642.49
2026-09-10 12:00:00,1.099,1.101,1.078,1.089,2203748.1,1054878.91
2026-09-10 16:00:00,1.09,1.109,1.073,1.098,1813204.33,957156.42
2026-09-10 20:00:00,1.099,1.131,1.094,1.096,1971953.97,960772.62
2026-09-11 00:00:00,1.096,1.139,1.095,1.123,1769140.18,751931.08
2026-09-11 04:00:00,1.123,1.163,1.121,1.124,2495170.65,1171872.72
2026-09-11 08:00:00,1.125,1.128,1.074,1.087,2529715.86,1005443
2026-09-11 12:00:00,1.087,1.112,1.044,1.052,5445658.79,2396797.71
2026-09-11 16:00:00,1.052,1.071,1.039,1.047,1954617.39,912004.64
2026-09-11 20:00:00,1.048,1.054,1.03,1.041,1344128.92,663074.18
2026-09-12 00:00:00,1.041,1.059,1.04,1.047,800427.02,391141.3
2026-09-12 04:00:00,1.046,1.055,1.041,1.051,719139.54,388282.58
2026-09-12 08:00:00,1.052,1.053,1.038,1.045,810127.39,396603.55
2026-09-12 12:00:00,1.045,1.048,1.032,1.037,1366787.97,597042.11
2026-09-12 16:00:00,1.038,1.044,1.023,1.026,1219219.17,580347.73
2026-09-12 20:00:00,1.025,1.032,1.013,1.019,891484.89,377785.92
2026-09-13 00:00:00,1.02,1.02,1.008,1.009,797799.9,382427.84
2026-09-13 04:00:00,1.009,1.022,1.001,1.012,749061.64,293065.01
2026-09-13 08:00:00,1.012,1.015,0.995,1.006,1217877.93,562920.27
2026-09-13 12:00:00,1.006,1.025,1.005,1.018,1164181.88,591253.39
2026-09-13 16:00:00,1.017,1.029,1.016,1.017,928257,493690.98
2026-09-13 20:00:00,1.017,1.024,0.997,0.999,1308820.94,622954.76
2026-09-14 00:00:00,0.999,1.026,0.997,1.016,998811.98,554085.63
2026-09-14 04:00:00,1.016,1.026,1.014,1.019,499641.09,250107.9
2026-09-14 08:00:00,1.02,1.024,1.006,1.015,1197208.43,605019.51
2026-09-14 12:00:00,1.015,1.022,1.004,1.01,1559650.47,766865.84
2026-09-14 16:00:00,1.009,1.025,1.006,1.016,1421441.62,691653.63
2026-09-14 20:00:00,1.016,1.037,1.002,1.004,1933709,909308.58
2026-09-15 00:00:00,1.003,1.004,0.985,0.992,1321586.25,546998.76
2026-09-15 04:00:00,0.992,0.998,0.982,0.983,754647.98,319174.91
2026-09-15 08:00:00,0.983,1,0.978,0.99,1276653.77,697009.03
2026-09-15 12:00:00,0.989,0.995,0.973,0.983,1918285.58,1002317.12
2026-09-15 16:00:00,0.984,0.993,0.934,0.958,2758010.77,1184677.41
2026-09-15 20:00:00,0.959,0.96,0.94,0.945,1250959.76,602718.26
2026-09-16 00:00:00,0.944,0.955,0.935,0.953,842227.95,445513.52
2026-09-16 04:00:00,0.954,0.957,0.946,0.947,525176.77,243557.47
2026-09-16 08:00:00,0.948,0.964,0.939,0.961,824205.29,427464.36
2026-09-16 12:00:00,0.962,0.99,0.961,0.972,3440091.45,1933377.25
2026-09-16 16:00:00,0.972,1.007,0.967,1.003,2457014.41,1302172.22
2026-09-16 20:00:00,1.002,1.028,0.99,1.019,2768871.7,1353824.68
2026-09-17 00:00:00,1.02,1.041,1.008,1.016,1950553.18,1111769.09
2026-09-17 04:00:00,1.017,1.019,1.004,1.012,853840.9,440693.74
2026-09-17 08:00:00,1.012,1.041,1.007,1.024,1554322.2,882102.64
2026-09-17 12:00:00,1.024,1.07,1.022,1.066,3370088.02,1854464.03
2026-09-17 16:00:00,1.066,1.082,1.051,1.063,2367710.35,1105259.08
2026-09-17 20:00:00,1.062,1.096,1.054,1.079,2019463.32,947426.41
2026-09-18 00:00:00,1.08,1.129,1.076,1.121,2261353.97,1108044.36
2026-09-18 04:00:00,1.122,1.152,1.114,1.15,2426526.52,1132451.76
2026-09-18 08:00:00,1.15,1.171,1.117,1.128,3516255.72,1356056.62
2026-09-18 12:00:00,1.127,1.171,1.123,1.134,2626445.63,1256972.37
2026-09-18 16:00:00,1.134,1.143,1.127,1.14,1433468.16,727899.71
2026-09-18 20:00:00,1.14,1.149,1.125,1.134,2039694.35,849070.61
2026-09-19 00:00:00,1.134,1.158,1.118,1.149,1524472.88,688345.89
2026-09-19 04:00:00,1.149,1.152,1.101,1.102,1505092.92,548131.92
2026-09-19 08:00:00,1.102,1.139,1.098,1.138,1558666.49,841662.79
2026-09-19 12:00:00,1.138,1.142,1.12,1.125,1787736.55,929886.45
2026-09-19 16:00:00,1.126,1.143,1.117,1.132,1611227.5,823073.75
2026-09-19 20:00:00,1.133,1.134,1.095,1.124,1960685.19,1050728.24
2026-09-20 00:00:00,1.125,1.133,1.072,1.088,2659063.49,1083565.83
2026-09-20 04:00:00,1.087,1.095,1.08,1.082,1085459.62,594214.72
2026-09-20 08:00:00,1.083,1.108,1.082,1.102,1313877.25,680506.5
2026-09-20 12:00:00,1.102,1.114,1.091,1.111,1492712.82,721833.11
2026-09-20 16:00:00,1.111,1.173,1.108,1.166,4648678.27,2517449.29
2026-09-20 20:00:00,1.166,1.171,1.125,1.135,2825789.26,1289599.52
2026-09-21 00:00:00,1.134,1.164,1.127,1.162,1687979.85,921216.99
2026-09-21 04:00:00,1.163,1.164,1.139,1.16,1086799.9,510835.69
2026-09-21 08:00:00,1.161,1.202,1.156,1.19,3830186.02,2040563
2026-09-21 12:00:00,1.189,1.196,1.164,1.192,2895822.71,1390104.03
2026-09-21 16:00:00,1.191,1.201,1.163,1.182,2139512.44,1041582.09
2026-09-21 20:00:00,1.182,1.219,1.177,1.207,2824450.64,1614362.87
2026-09-22 00:00:00,1.206,1.217,1.179,1.189,2273155.87,1143012.23
2026-09-22 04:00:00,1.188,1.2,1.154,1.167,1805016.37,776199.53
2026-09-22 08:00:00,1.167,1.183,1.155,1.167,1010227.8,536619.35
2026-09-22 12:00:00,1.167,1.186,1.145,1.176,1933950.48,826243.1
2026-09-22 16:00:00,1.176,1.189,1.162,1.181,1728404.77,872515.33
2026-09-22 20:00:00,1.181,1.236,1.178,1.219,2302904.73,1110351.03
2026-09-23 00:00:00,1.219,1.226,1.186,1.209,1327725.91,712459.27
2026-09-23 04:00:00,1.209,1.21,1.168,1.171,2047151.69,888330.05
2026-09-23 08:00:00,1.171,1.178,1.15,1.158,2771028.3,1177177.19
2026-09-23 12:00:00,1.158,1.162,1.09,1.099,5062574.14,2204616.25
2026-09-23 16:00:00,1.098,1.108,1.078,1.097,1674673.12,871067.91
2026-09-23 20:00:00,1.097,1.108,1.092,1.102,1197191.15,649717.15
2026-09-24 00:00:00,1.102,1.12,1.09,1.111,916218.14,491099.65
2026-09-24 04:00:00,1.111,1.141,1.11,1.139,1014118.41,529741.06
2026-09-24 08:00:00,1.139,1.143,1.097,1.114,1725933.43,888811.53
2026-09-24 12:00:00,1.115,1.18,1.108,1.171,4267990.65,1987120.86
2026-09-24 16:00:00,1.171,1.177,1.152,1.169,2040436.52,1006473.77
2026-09-24 20:00:00,1.168,1.177,1.153,1.156,1392254.52,598724.78
2026-09-25 00:00:00,1.155,1.165,1.131,1.138,1252958.99,592860.39
2026-09-25 04:00:00,1.138,1.164,1.134,1.158,1102739.83,514278.44
2026-09-25 08:00:00,1.159,1.198,1.157,1.195,1811163.41,998995.79
2026-09-25 12:00:00,1.196,1.204,1.161,1.181,3389666.39,1828420.95
2026-09-25 16:00:00,1.181,1.191,1.17,1.188,1330293.71,640683.01
2026-09-25 20:00:00,1.189,1.223,1.184,1.213,2588150.71,1333481.84
2026-09-26 00:00:00,1.213,1.255,1.2,1.216,2834767.9,1595356.36
2026-09-26 04:00:00,1.216,1.24,1.216,1.222,1599793.77,851231.86
2026-09-26 08:00:00,1.222,1.241,1.198,1.231,1828802.3,924243.88
2026-09-26 12:00:00,1.231,1.241,1.218,1.221,728074.59,340330.43
