t,o,h,l,c,v,taker_buy_v
2025-08-22 12:00:00,4274.57,4668.18,4207.39,4616.08,510799.5805,268387.0475
2025-08-22 16:00:00,4616.09,4859.1,4616.09,4833,347174.1823,192456.9867
2025-08-22 20:00:00,4833,4887.59,4796.48,4832.07,161333.5683,85298.08716
2025-08-23 00:00:00,4832.07,4832.07,4659.7,4694.64,183495.7612,79486.456
2025-08-23 04:00:00,4694.63,4765.54,4694.33,4713.88,102546.7853,46758.9492
2025-08-23 08:00:00,4713.89,4746.09,4690.72,4704.93,55489.6245,29616.7433
2025-08-23 12:00:00,4704.95,4768.9,4692.81,4751,93641.4714,52665.568
2025-08-23 16:00:00,4750.99,4761.97,4727.8,4758.66,37902.4266,18472.3918
2025-08-23 20:00:00,4758.66,4797.34,4738,4778.4,39366.0198,20002.2637
2025-08-24 00:00:00,4778.4,4817.4,4753.42,4788.59,73990.7108,38927.0136
2025-08-24 04:00:00,4788.59,4800.01,4757.3,4758.7,44970.7774,22725.3045
2025-08-24 08:00:00,4758.7,4786.5,4720,4747.73,59259.8944,27213.7066
2025-08-24 12:00:00,4747.73,4829.74,4738.67,4798.32,122996.9799,66566.8487
2025-08-24 16:00:00,4798.31,4956.78,4744.2,4813.04,305250.7404,156272.025
2025-08-24 20:00:00,4813.01,4824.31,4711,4780.15,174199.6755,81949.9126
2025-08-25 00:00:00,4780.15,4797.97,4670,4727.41,111875.813,49563.8381
2025-08-25 04:00:00,4727.41,4740.01,4581.55,4591.36,161725.1176,69167.3704
2025-08-25 08:00:00,4591.37,4615.05,4519.96,4600.08,168097.6886,79242.8623
2025-08-25 12:00:00,4600.08,4690.02,4585.56,4612.57,205755.3975,93028.1511
2025-08-25 16:00:00,4612.58,4645.54,4416,4420.34,146228.7221,65653.9555
2025-08-25 20:00:00,4420.34,4446.19,4334.13,4376.18,250234.4271,109378.6385
2025-08-26 00:00:00,4376.17,4451.72,4311.04,4402.58,172417.3867,81131.6194
2025-08-26 04:00:00,4402.58,4454,4393.86,4429.7,93610.1147,46941.7944
2025-08-26 08:00:00,4429.7,4465.86,4405.09,4427.24,81044.3995,36632.6414
2025-08-26 12:00:00,4427.24,4579,4405.84,4519.02,227815.4318,114175.8309
2025-08-26 16:00:00,4519.03,4598.28,4498.58,4596.7,170031.4537,78260.8741
2025-08-26 20:00:00,4596.69,4633.46,4563.21,4600.63,89831.4903,44233.5485
2025-08-27 00:00:00,4600.63,4626.82,4538.69,4603.55,103641.6975,52625.6581
2025-08-27 04:00:00,4603.56,4645.93,4560.22,4580.45,100967.802,60191.0371
2025-08-27 08:00:00,4580.46,4619.68,4550.01,4608.87,72044.2122,37619.0262
2025-08-27 12:00:00,4608.87,4663.93,4575.17,4657.57,132483.3513,64508.2504
2025-08-27 16:00:00,4657.58,4658,4535.01,4565.7,80996.8873,36856.7546
2025-08-27 20:00:00,4565.7,4614,4481.53,4506.71,116535.4108,55936.1834
2025-08-28 00:00:00,4506.71,4549,4467.63,4541.63,69573.9921,38528.1618
2025-08-28 04:00:00,4541.62,4600.85,4534.99,4596.82,57664.7504,30479.7338
2025-08-28 08:00:00,4596.82,4633.97,4581.28,4594.8,71841.8208,37054.8697
2025-08-28 12:00:00,4594.79,4616.02,4485,4504.01,141018.1746,59856.6787
2025-08-28 16:00:00,4504.01,4530.5,4436.34,4438.46,92574.3377,38265.3786
2025-08-28 20:00:00,4438.49,4515.78,4430,4511.21,52570.3271,26324.2701
2025-08-29 00:00:00,4511.2,4516.75,4434.79,4489.75,69637.5081,35421.0833
2025-08-29 04:00:00,4489.75,4497,4367.5,4381.03,118788.5306,50919.3041
2025-08-29 08:00:00,4381.03,4398.43,4318.57,4346.48,135466.2144,59291.3801
2025-08-29 12:00:00,4346.48,4454.4,4265,4316.09,215781.3752,108750.4447
2025-08-29 16:00:00,4316.1,4366.66,4296.13,4340.78,88846.0782,47119.5612
2025-08-29 20:00:00,4340.79,4379.55,4305.57,4360.18,50544.1712,22721.5895
2025-08-30 00:00:00,4360.18,4381.61,4257.2,4352.45,102136.5521,50987.3899
2025-08-30 04:00:00,4352.46,4415.61,4347.58,4402.39,97596.3012,62062.2947
2025-08-30 08:00:00,4402.39,4408.07,4378.41,4392.08,41144.3265,20115.6534
2025-08-30 12:00:00,4392.07,4393.48,4332.15,4376.35,53086.3116,24581.371
2025-08-30 16:00:00,4376.24,4376.24,4335.82,4354.63,21764.9766,11130.0927
2025-08-30 20:00:00,4354.63,4378.66,4334.4,4373.7,24590.7146,11913.1863
2025-08-31 00:00:00,4373.7,4488.58,4372.63,4488.12,86870.5588,47416.8359
2025-08-31 04:00:00,4488.12,4491.46,4433.04,4450.84,46105.6365,23253.8104
2025-08-31 08:00:00,4450.84,4483.8,4440.47,4476.98,64280.1686,34390.0756
2025-08-31 12:00:00,4476.98,4498.47,4451.03,4485.27,74632.1358,41412.9963
2025-08-31 16:00:00,4485.28,4490.87,4454.89,4456.01,33871.4872,15596.414
2025-08-31 20:00:00,4456,4477.1,4378.43,4391.83,50826.1992,21705.1842
2025-09-01 00:00:00,4391.83,4432.25,4360,4404.16,97484.5196,47592.6318
2025-09-01 04:00:00,4404.15,4464,4358.67,4463.29,82667.9879,40088.7612
2025-09-01 08:00:00,4463.29,4491.84,4381.99,4392.83,81553.9294,41628.6821
2025-09-01 12:00:00,4392.83,4423.78,4346.19,4362.01,65084.4647,29251.6376
2025-09-01 16:00:00,4362.01,4371.54,4309.69,4368.06,58822.6622,25918.8935
2025-09-01 20:00:00,4368.05,4368.15,4210.61,4314.5,128216.4757,61666.6592
2025-09-02 00:00:00,4314.5,4394.97,4290.98,4367.11,80296.0877,42812.6217
2025-09-02 04:00:00,4367.11,4416.78,4360.84,4377.53,63965.5878,32209.7601
2025-09-02 08:00:00,4377.53,4408,4340.98,4347.98,62250.6809,29073.8423
2025-09-02 12:00:00,4347.98,4397.44,4271.31,4295.66,179101.1244,86685.8775
2025-09-02 16:00:00,4295.65,4331.57,4257.85,4274.41,83144.9375,40368.7078
2025-09-02 20:00:00,4274.41,4337.4,4266.31,4326.5,55846.6329,31164.3204
2025-09-03 00:00:00,4326.49,4355.37,4283.23,4335.02,59970.9699,31286.16
2025-09-03 04:00:00,4335.02,4342.59,4285.71,4310.21,45196.6997,19917.4468
2025-09-03 08:00:00,4310.2,4385.88,4300.01,4371.51,70248.1912,32662.7523
2025-09-03 12:00:00,4371.51,4486.98,4339.99,4480.03,163360.9229,85019.8293
2025-09-03 16:00:00,4480.02,4490.64,4455.42,4475.32,112106.49,75829.5326
2025-09-03 20:00:00,4475.32,4480.79,4436.6,4450.46,36208.4124,16089.4108
2025-09-04 00:00:00,4450.46,4482.05,4388.9,4398.03,101700.4604,44443.439
2025-09-04 04:00:00,4398.03,4414.9,4355.29,4371.04,68607.1967,36519.0705
2025-09-04 08:00:00,4371.05,4433.85,4365.4,4407.03,66351.3837,31019.3545
2025-09-04 12:00:00,4407.04,4428.39,4293.06,4305.33,129618.4637,57668.0479
2025-09-04 16:00:00,4305.32,4323.79,4265.33,4275.92,63186.7386,31057.2689
2025-09-04 20:00:00,4275.92,4353.33,4272.3,4297.55,42331.4665,22471.6671
2025-09-05 00:00:00,4297.56,4335.69,4291.02,4328.88,45816.7221,23239.7629
2025-09-05 04:00:00,4328.89,4428.67,4316.57,4417.29,72860.7888,38847.7972
2025-09-05 08:00:00,4417.29,4426.31,4373.2,4417.39,81554.0064,41373.1949
2025-09-05 12:00:00,4417.38,4490,4256.03,4283.39,318985.246,154702.3332
2025-09-05 16:00:00,4283.4,4331.9,4272.35,4331.54,59666.9203,31321.2518
2025-09-05 20:00:00,4331.54,4343.03,4286.71,4307.45,45286.1918,22943.8952
2025-09-06 00:00:00,4307.46,4329.3,4302.77,4320.42,20383.2609,10287.1651
2025-09-06 04:00:00,4320.43,4320.43,4290.71,4312.26,18863.6631,8338.2097
2025-09-06 08:00:00,4312.27,4315.05,4286.08,4299.99,17622.5479,7164.6941
2025-09-06 12:00:00,4300,4308.39,4263.19,4270.24,44936.6069,20485.2266
2025-09-06 16:00:00,4270.23,4304.25,4236,4255.48,59382.7999,27952.6938
2025-09-06 20:00:00,4255.48,4288,4253.35,4273.14,29977.1899,16090.694
2025-09-07 00:00:00,4273.15,4304.08,4270.81,4296.9,21924.9924,11865.1761
2025-09-07 04:00:00,4296.9,4307.2,4276.76,4294.56,20002.1344,9739.2656
2025-09-07 08:00:00,4294.57,4315.35,4291.65,4310.87,41022.6191,25161.1687
2025-09-07 12:00:00,4310.88,4311.23,4288.95,4299.38,27581.9045,12494.2625
2025-09-07 16:00:00,4299.39,4301.62,4270.81,4293.48,26890.3039,13233.8464
2025-09-07 20:00:00,4293.47,4336.02,4281.34,4306.19,32198.8829,15896.1911
2025-09-08 00:00:00,4306.19,4330.97,4279,4311.87,51316.817,24944.7458
2025-09-08 04:00:00,4311.87,4313.59,4287.68,4291.78,32212.3104,15405.2428
2025-09-08 08:00:00,4291.78,4337.77,4288.3,4312.41,81225.5367,40498.3031
2025-09-08 12:00:00,4312.42,4384.06,4306.19,4371.64,105874.0459,54495.5796
2025-09-08 16:00:00,4371.64,4373.43,4284.44,4293,59748.4888,26181.6446
2025-09-08 20:00:00,4293,4332.5,4281.8,4306.37,42505.2367,24051.9919
2025-09-09 00:00:00,4306.36,4316.03,4276.76,4306.63,48368.7809,23730.577
2025-09-09 04:00:00,4306.62,4381.87,4302.5,4361.53,87658.4546,44958.5236
2025-09-09 08:00:00,4361.53,4366.77,4342.16,4347.34,47693.0197,24363.7543
2025-09-09 12:00:00,4347.33,4367.44,4277.06,4284.94,150845.4071,68634.9689
2025-09-09 16:00:00,4284.94,4299.99,4278.13,4295,41784.0676,19715.3746
2025-09-09 20:00:00,4295,4319.67,4281,4310.09,29136.0522,15926.0416
2025-09-10 00:00:00,4310.08,4326.09,4285.1,4320.44,43917.563,24426.1513
2025-09-10 04:00:00,4320.45,4333.28,4294.92,4329.82,50979.881,26901.8635
2025-09-10 08:00:00,4329.83,4335.02,4309.5,4331.31,60442.2299,37675.4751
2025-09-10 12:00:00,4331.3,4453.57,4330,4404.9,204214.2372,108663.0849
2025-09-10 16:00:00,4404.9,4409.31,4300.59,4322.72,108167.4643,57968.6745
2025-09-10 20:00:00,4322.71,4355.7,4320.75,4349.32,38912.5344,20058.4414
2025-09-11 00:00:00,4349.33,4408,4338.82,4404.1,49171.4106,27857.9778
2025-09-11 04:00:00,4404.11,4450,4395.05,4440.41,80121.8045,45128.113
2025-09-11 08:00:00,4440.4,4442.47,4406.3,4429.8,51898.3732,26488.116
2025-09-11 12:00:00,4429.81,4481.09,4350.01,4412.52,178527.7981,88058.7103
2025-09-11 16:00:00,4412.52,4441.5,4407.4,4423.73,35769.3949,18973.9083
2025-09-11 20:00:00,4423.73,4469,4415.4,4458.82,45770.8836,27017.5628
2025-09-12 00:00:00,4458.83,4539,4450.71,4505.55,102293.7078,53805.371
2025-09-12 04:00:00,4505.55,4563,4500.01,4525.81,72173.8339,32402.4913
2025-09-12 08:00:00,4525.81,4536.53,4504.5,4520.76,39122.7204,18889.7292
2025-09-12 12:00:00,4520.76,4571.24,4504.11,4541.98,80075.7928,40046.2832
2025-09-12 16:00:00,4541.99,4660,4533.69,4657.18,102055.1911,55582.6083
2025-09-12 20:00:00,4657.19,4748.4,4630.24,4712.16,115056.2942,59400.9634
2025-09-13 00:00:00,4712.16,4769.36,4691.85,4756.81,99948.8795,59850.29
2025-09-13 04:00:00,4756.8,4756.91,4702.33,4711.7,53829.5804,23736.1519
2025-09-13 08:00:00,4711.7,4738.58,4709.01,4719.53,42906.5137,21598.6001
2025-09-13 12:00:00,4719.53,4730.18,4645,4653.92,92866.3813,40418.9212
2025-09-13 16:00:00,4653.92,4667.92,4605,4638.21,72101.4936,32188.429
2025-09-13 20:00:00,4638.21,4672.94,4637.35,4666.53,32740.8384,16556.4466
2025-09-14 00:00:00,4666.54,4692.36,4650.44,4663.22,35235.7663,16540.8935
2025-09-14 04:00:00,4663.22,4681.47,4634,4650.58,28423.3555,11710.8679
2025-09-14 08:00:00,4650.58,4674.38,4626.68,4635,26149.13,12023.8044
2025-09-14 12:00:00,4634.99,4644.74,4576.89,4582.22,126074.0988,46919.475
2025-09-14 16:00:00,4582.23,4629.27,4579.36,4615.47,36584.1214,20115.868
2025-09-14 20:00:00,4615.46,4636.51,4598.46,4604.49,25777.8485,12514.899
2025-09-15 00:00:00,4604.48,4643.57,4580.1,4636.2,40470.4038,21110.0659
2025-09-15 04:00:00,4636.2,4670.28,4587.9,4597.37,73965.8632,35040.8604
2025-09-15 08:00:00,4597.37,4597.37,4498.22,4530.65,130686.3861,63842.1287
2025-09-15 12:00:00,4530.66,4541.92,4466,4500.01,94350.6605,45899.6514
2025-09-15 16:00:00,4500.01,4514.28,4474.04,4493.41,48005.1889,24355.2544
2025-09-15 20:00:00,4493.41,4529.99,4488.49,4523.74,24813.4662,13344.8056
2025-09-16 00:00:00,4523.74,4538.25,4503,4520.78,23762.6618,11890.9297
2025-09-16 04:00:00,4520.77,4536.21,4487.53,4512.86,36219.6541,18754.3105
2025-09-16 08:00:00,4512.87,4531.35,4493.31,4501.26,29726.7817,12959.4119
2025-09-16 12:00:00,4501.26,4512.49,4424,4468.2,109689.5711,54750.9587
2025-09-16 16:00:00,4468.19,4510.51,4447.03,4491.21,64203.9793,36603.8914
2025-09-16 20:00:00,4491.22,4525.4,4483.61,4501.29,29704.4619,14884.0233
2025-09-17 00:00:00,4501.3,4553.02,4492.99,4497.79,44974.6362,23461.0016
2025-09-17 04:00:00,4497.79,4557.67,4464,4544.07,68978.6327,37685.8721
2025-09-17 08:00:00,4544.07,4545.81,4479,4491.64,35585.1247,15193.3187
2025-09-17 12:00:00,4491.64,4513.46,4467.36,4489.54,43543.3845,21471.512
2025-09-17 16:00:00,4489.53,4533.31,4412,4517.62,201430.1583,98843.9755
2025-09-17 20:00:00,4517.62,4616.77,4486.74,4590.53,82469.5197,43331.1468
2025-09-18 00:00:00,4590.54,4644.47,4580.27,4614.42,64147.7225,35596.4328
2025-09-18 04:00:00,4614.42,4619.99,4553.7,4574.75,48241.4781,20537.4525
2025-09-18 08:00:00,4574.75,4607.76,4568.59,4576.12,36532.7406,17779.7827
2025-09-18 12:00:00,4576.12,4625,4558.15,4599.34,62066.7091,31106.3264
2025-09-18 16:00:00,4599.35,4636.22,4581.03,4588.23,54659.6496,29301.0895
2025-09-18 20:00:00,4588.24,4605.65,4570.61,4587.66,25012.0771,12004.095
2025-09-19 00:00:00,4587.66,4620.72,4542.27,4549.98,46833.9789,22714.4063
2025-09-19 04:00:00,4549.98,4559.15,4518.33,4539.06,48598.3711,22770.1988
2025-09-19 08:00:00,4539.06,4549,4507.93,4513.8,35221.8394,15374.4422
2025-09-19 12:00:00,4513.79,4544.44,4445.64,4474.93,121002.2486,43761.1585
2025-09-19 16:00:00,4474.93,4489.21,4435.7,4440.68,52976.9531,26159.5401
2025-09-19 20:00:00,4440.68,4478.21,4438.4,4468.59,26977.7571,13093.3236
2025-09-20 00:00:00,4468.59,4475.91,4454.45,4465.52,17981.8216,8692.0351
2025-09-20 04:00:00,4465.52,4484.81,4462.82,4483.22,16057.3768,8627.965
2025-09-20 08:00:00,4483.21,4483.21,4456.43,4469.96,16915.9373,7319.2423
2025-09-20 12:00:00,4469.96,4507.19,4463.41,4498.2,29833.4577,15877.9369
2025-09-20 16:00:00,4498.21,4508.71,4470,4480.18,34323.1909,17791.1517
2025-09-20 20:00:00,4480.18,4501.39,4478.23,4480.42,15670.1287,7070.7087
2025-09-21 00:00:00,4480.41,4490,4458,4478.26,23270.3085,10122.7252
2025-09-21 04:00:00,4478.26,4492.24,4466.9,4477.78,17415.038,8470.4329
2025-09-21 08:00:00,4477.78,4479.57,4444.34,4460.57,22522.2855,10934.5548
2025-09-21 12:00:00,4460.58,4486.4,4460.32,4482.8,23238.0389,11566.1543
2025-09-21 16:00:00,4482.8,4498.16,4464.59,4494.4,34203.4693,18063.3647
2025-09-21 20:00:00,4494.4,4494.41,4443,4444.97,28700.686,15401.5722
2025-09-22 00:00:00,4444.98,4455.76,4261.6,4305.87,197204.8652,92716.2432
2025-09-22 04:00:00,4305.87,4310.49,4077,4193.38,216713.4996,105186.3975
2025-09-22 08:00:00,4193.38,4207.35,4136.47,4181.62,106293.2083,51541.7261
2025-09-22 12:00:00,4181.63,4219.34,4159.16,4167.88,87845.1542,42103.0996
2025-09-22 16:00:00,4167.88,4183.28,4122,4134.98,66207.1206,32699.3155
2025-09-22 20:00:00,4134.99,4207.91,4134.34,4199.08,33979.3869,19332.2357
2025-09-23 00:00:00,4199.09,4211.56,4114.39,4188.01,62240.6868,30003.7067
2025-09-23 04:00:00,4188.02,4215.78,4154.44,4205.24,50387.0735,26644.3986
2025-09-23 08:00:00,4205.23,4229.03,4178.27,4192.08,49069.2995,23833.5751
2025-09-23 12:00:00,4192.09,4211.5,4161.87,4181.01,67923.3258,33662.886
2025-09-23 16:00:00,4181.01,4207,4137.7,4153.43,56635.5887,28370.8295
2025-09-23 20:00:00,4153.43,4190.86,4139.53,4164.26,28971.9314,14508.938
2025-09-24 00:00:00,4164.25,4194.37,4129.24,4147.51,60731.1373,30671.2087
2025-09-24 04:00:00,4147.51,4184.22,4073.74,4175.08,91708.3675,47400.3758
2025-09-24 08:00:00,4175.08,4198.34,4164.66,4182.08,41367.3825,20511.3914
2025-09-24 12:00:00,4182.08,4206.9,4145.96,4166.18,75410.2601,29688.913
2025-09-24 16:00:00,4166.17,4194.42,4155,4161.5,46228.0265,22615.2954
2025-09-24 20:00:00,4161.5,4172.23,4131.2,4152.81,38220.3932,15840.1524
2025-09-25 00:00:00,4152.81,4161.04,4022,4062.78,146839.1013,65010.1264
2025-09-25 04:00:00,4062.77,4071.08,3966,4009.18,161897.2918,73977.1194
2025-09-25 08:00:00,4009.17,4052.81,3991.39,4002.51,95222.3112,42756.0423
2025-09-25 12:00:00,4002.51,4022.87,3924.12,4003.26,211278.3785,107147.0907
2025-09-25 16:00:00,4003.27,4006.77,3815,3911.59,229844.5748,108994.4594
2025-09-25 20:00:00,3911.59,3937.2,3850,3874.36,85246.0375,43508.7161
2025-09-26 00:00:00,3874.35,3971.09,3867.65,3965.32,100004.6252,59466.2496
2025-09-26 04:00:00,3965.33,3976.98,3906.09,3938.11,113344.8842,56412.353
2025-09-26 08:00:00,3938.11,3944.58,3873,3906,64785.9249,30544.9146
2025-09-26 12:00:00,3906,3985.41,3875.71,3946,139542.1374,75738.5261
2025-09-26 16:00:00,3945.98,4068.3,3942.94,4024.07,120662.6594,64828.8297
2025-09-26 20:00:00,4024.08,4039.56,4005,4032.24,37370.8548,20759.4727
2025-09-27 00:00:00,4032.24,4032.44,4005.74,4019.41,28037.3209,11411.1647
2025-09-27 04:00:00,4019.4,4027.85,4006.38,4007.93,16424.5113,7926.8656
2025-09-27 08:00:00,4007.92,4017.9,3972.98,4002.16,39530.1331,18665.386
2025-09-27 12:00:00,4002.15,4039.01,3994.77,4018.92,34659.9793,18418.7847
2025-09-27 16:00:00,4018.92,4019.88,3980.98,4002.45,37164.2545,14401.8736
2025-09-27 20:00:00,4002.45,4033.23,4000.9,4018.38,16877.0647,8993.3289
2025-09-28 00:00:00,4018.39,4031.75,3994.27,4002.74,22549.9823,10624.3002
2025-09-28 04:00:00,4002.73,4019.87,3996.24,4014.32,15964.0227,7510.7742
2025-09-28 08:00:00,4014.32,4016,3984.45,3992.39,24299.9091,13550.0477
2025-09-28 12:00:00,3992.39,4029.48,3966,4021.69,47406.3129,27032.4508
2025-09-28 16:00:00,4021.68,4055.12,4021.68,4039.45,49060.9871,30953.7975
2025-09-28 20:00:00,4039.46,4144.88,4035.58,4142.16,81050.6448,50339.3619
2025-09-29 00:00:00,4142.16,4146.38,4103.81,4121.8,41433.1935,20518.8994
2025-09-29 04:00:00,4121.8,4123.99,4088.15,4108.25,37102.3136,17446.3679
2025-09-29 08:00:00,4108.26,4141,4095,4103.21,58678.3125,35767.2772
2025-09-29 12:00:00,4103.21,4205.59,4082.25,4164.8,124528.7518,64280.7026
2025-09-29 16:00:00,4164.81,4193.44,4128.53,4188.32,69503.2107,38537.9029
2025-09-29 20:00:00,4188.32,4235.86,4182.07,4215.07,49482.8963,22510.5647
2025-09-30 00:00:00,4215.07,4245,4188.03,4198.68,53170.266,24994.9659
2025-09-30 04:00:00,4198.69,4206.85,4169.38,4182.13,57421.8089,25870.1174
2025-09-30 08:00:00,4182.12,4183.21,4134,4165.39,56698.7314,29675.7067
2025-09-30 12:00:00,4165.38,4175.95,4094.59,4119.87,73946.4531,34022.3878
2025-09-30 16:00:00,4119.88,4170.43,4092.1,4160.1,85179.584,35936.5381
2025-09-30 20:00:00,4160.11,4201.52,4116.64,4145.15,64709.7738,30959.2799
2025-10-01 00:00:00,4145.15,4174.63,4124.12,4128.66,48730.697,20979.7005
2025-10-01 04:00:00,4128.65,4156.79,4123.08,4145.8,40423.0346,15780.6733
2025-10-01 08:00:00,4145.8,4329,4142.92,4298.2,174933.893,84269.8958
2025-10-01 12:00:00,4298.21,4344,4280,4327.23,97899.3215,46082.4111
2025-10-01 16:00:00,4327.24,4340,4288.64,4334.53,79548.398,47862.1309
2025-10-01 20:00:00,4334.52,4355.46,4287.5,4348.03,65491.0381,32699.1775
2025-10-02 00:00:00,4348.03,4399.11,4332.73,4376.3,100457.8046,50186.1253
2025-10-02 04:00:00,4376.3,4423.35,4358.26,4375.78,100115.3105,52554.1629
2025-10-02 08:00:00,4375.77,4395.98,4369.32,4378.93,35078.555,14159.43
2025-10-02 12:00:00,4378.92,4443,4335.74,4437.09,132455.0483,66452.4011
2025-10-02 16:00:00,4437.1,4516.74,4426.12,4495.61,116624.1945,67678.425
2025-10-02 20:00:00,4495.62,4497.87,4457.27,4484.35,41680.2442,19083.4527
2025-10-03 00:00:00,4484.35,4560,4461.01,4500.59,75124.2742,36762.7609
2025-10-03 04:00:00,4500.59,4510.79,4454,4462.33,56599.2094,23911.0664
2025-10-03 08:00:00,4462.32,4495,4428,4478.45,56813.7237,28477.5404
2025-10-03 12:00:00,4478.46,4541.66,4436.26,4534.75,97652.2957,50735.3372
2025-10-03 16:00:00,4534.75,4591.59,4450.62,4519.48,163628.1193,77731.7259
2025-10-03 20:00:00,4519.49,4542.97,4493.72,4512.87,35866.4044,17011.7191
2025-10-04 00:00:00,4512.88,4516.91,4463.17,4487.06,42001.2332,18318.8214
2025-10-04 04:00:00,4487.07,4517.93,4479.66,4498.29,29248.0201,15153.6996
2025-10-04 08:00:00,4498.28,4503.9,4479.93,4483.83,26306.8309,11343.9768
2025-10-04 12:00:00,4483.84,4511.71,4441.34,4455.05,49716.961,22455.2773
2025-10-04 16:00:00,4455.08,4476.46,4440,4467.12,33938.1125,14014.1764
2025-10-04 20:00:00,4467.13,4494.5,4467.13,4487.15,18521.5511,8875.8664
2025-10-05 00:00:00,4487.16,4575,4467.05,4531.54,109994.6239,62713.0751
2025-10-05 04:00:00,4531.55,4615,4529,4605.97,122504.7734,69554.6933
2025-10-05 08:00:00,4605.98,4618.17,4523.45,4551.06,147092.095,68495.0028
2025-10-05 12:00:00,4551.07,4551.07,4526.74,4532,44543.8238,23421.0242
2025-10-05 16:00:00,4532,4540.71,4482.06,4487.26,56477.4501,26394.0004
2025-10-05 20:00:00,4487.26,4523.48,4474,4514.32,25975.1952,14669.1103
2025-10-06 00:00:00,4514.32,4552.44,4488.25,4537.08,65211.5851,34898.7285
2025-10-06 04:00:00,4537.09,4577.8,4509,4533.19,54394.5922,23312.3427
2025-10-06 08:00:00,4533.2,4593.65,4533.2,4571.71,55734.3992,32637.5505
2025-10-06 12:00:00,4571.71,4693.8,4570.25,4673.39,142820.9472,77890.6896
2025-10-06 16:00:00,4673.39,4733.18,4659.99,4722.62,82331.19,42193.8429
2025-10-06 20:00:00,4722.61,4735.93,4672.56,4684.01,55707.9391,24529.7946
2025-10-07 00:00:00,4684.02,4698.99,4663.71,4690.59,42932.2933,20551.5051
2025-10-07 04:00:00,4690.59,4730.94,4665.03,4678.19,70809.1724,35013.6154
2025-10-07 08:00:00,4678.2,4713.17,4638.92,4708.81,69221.7102,36447.686
2025-10-07 12:00:00,4708.82,4755,4477.43,4511.99,272531.478,130692.1737
2025-10-07 16:00:00,4511.99,4524,4446.13,4479.44,129849.5741,60779.9724
2025-10-07 20:00:00,4479.48,4517.09,4430.43,4447.7,55341.7039,24922.656
2025-10-08 00:00:00,4447.7,4498.22,4433.68,4443.6,63178.9578,29929.1908
2025-10-08 04:00:00,4443.59,4465.5,4410.08,4463.48,68889.5212,35881.7583
2025-10-08 08:00:00,4463.48,4506.85,4458.22,4487.3,58000.7768,32169.051
2025-10-08 12:00:00,4487.3,4522.6,4437.08,4447.14,90304.2777,46633.2137
2025-10-08 16:00:00,4447.15,4558,4439,4515.27,94654.6396,48696.7285
2025-10-08 20:00:00,4515.28,4539.31,4500.18,4525.72,24876.1556,12275.8272
2025-10-09 00:00:00,4525.72,4531.52,4398.17,4450.8,95180.185,34398.3425
2025-10-09 04:00:00,4450.8,4460,4411,4426.6,53292.3234,23100.9419
2025-10-09 08:00:00,4426.6,4426.69,4320,4373.05,135485.784,67207.3972
2025-10-09 12:00:00,4373.06,4413.76,4291.82,4314.79,119759.5748,60357.9227
2025-10-09 16:00:00,4314.78,4344.33,4265.06,4338,77400.7073,38184.7552
2025-10-09 20:00:00,4338.03,4383,4327.89,4368.09,34859.6084,19524.2789
2025-10-10 00:00:00,4368.09,4393.63,4342.98,4347.13,50255.5122,22159.3725
2025-10-10 04:00:00,4347.12,4377.14,4315.23,4323.39,54577.6885,29706.8089
2025-10-10 08:00:00,4323.4,4351.27,4313.39,4343.02,37120.3316,21892.2429
2025-10-10 12:00:00,4343.02,4390.46,4073.55,4103.11,286824.6116,135090.7784
2025-10-10 16:00:00,4103.1,4138.52,3950.69,3997.56,226757.7565,102655.3942
2025-10-10 20:00:00,3997.56,4380,3435,3829.72,838435.124,369096.0928
2025-10-11 00:00:00,3829.72,3878.3,3726.16,3792.26,251247.2349,114883.289
2025-10-11 04:00:00,3792.27,3831.98,3733.7,3758.81,144423.69,69137.0488
2025-10-11 08:00:00,3758.82,3857.24,3749.13,3839.99,133875.2131,61145.8088
2025-10-11 12:00:00,3839.99,3855.06,3786.07,3825.13,82809.6458,39237.3955
2025-10-11 16:00:00,3825.14,3848,3731.03,3760.61,73573.5841,29744.1058
2025-10-11 20:00:00,3760.61,3766.66,3643.33,3746.79,103956.2903,47959.9422
2025-10-12 00:00:00,3746.8,3819.22,3694.74,3781.61,118058.8167,60512.939
2025-10-12 04:00:00,3781.62,3844.5,3776.27,3827.99,69518.8814,42417.6787
2025-10-12 08:00:00,3827.98,3866.6,3806.34,3820.36,74514.0971,36849.5256
2025-10-12 12:00:00,3820.36,4080,3793.56,4034.59,256836.9601,129712.7361
2025-10-12 16:00:00,4034.59,4170,4034.58,4135.68,162787.2256,83151.3887
2025-10-12 20:00:00,4135.68,4197.7,4080.7,4152.29,129592.1711,53856.2806
2025-10-13 00:00:00,4152.29,4220.89,4124.54,4139.78,110123.4734,54527.6307
2025-10-13 04:00:00,4139.79,4198,4116.07,4178.3,74789.9991,35999.4532
2025-10-13 08:00:00,4178.29,4195.52,4042.29,4080.39,97647.4599,44389.4016
2025-10-13 12:00:00,4080.38,4180,4056.57,4135,171122.2317,79753.397
2025-10-13 16:00:00,4135.01,4271.12,4129.14,4251.96,113706.8192,62151.0737
2025-10-13 20:00:00,4251.96,4292,4236.08,4240.85,55423.9414,26127.0532
2025-10-14 00:00:00,4240.86,4263.38,4137.63,4153.56,86464.5703,40846.8241
2025-10-14 04:00:00,4153.56,4160.75,3965.56,3981.19,180870.118,84966.8446
2025-10-14 08:00:00,3981.19,4014.61,3888.74,3971.85,163117.091,82560.9189
2025-10-14 12:00:00,3971.85,4088.79,3893.77,4085.4,252159.6744,147082.6235
2025-10-14 16:00:00,4085.41,4164.62,4048.49,4102.94,222833.5711,116990.08
2025-10-14 20:00:00,4102.96,4144.54,4072.69,4125.02,57551.741,27899.3906
2025-10-15 00:00:00,4125.01,4145.73,4060.11,4080.7,93684.7803,37428.4713
2025-10-15 04:00:00,4080.7,4129.37,4072,4122.04,88151.9759,52392.0856
2025-10-15 08:00:00,4122.03,4217.6,4087.78,4099.9,121592.3636,65081.4453
2025-10-15 12:00:00,4099.89,4107.14,3959.33,3980.97,153858.654,76164.5267
2025-10-15 16:00:00,3980.98,4013.17,3929.66,3983.21,97017.747,49270.6667
2025-10-15 20:00:00,3983.21,3996.16,3926.74,3985.61,71776.1758,32838.3433
2025-10-16 00:00:00,3985.61,4036.84,3976.07,4014.85,77531.3247,47290.4931
2025-10-16 04:00:00,4014.85,4049.88,3979.36,4004.3,60755.4021,27302.1718
2025-10-16 08:00:00,4004.31,4078.96,3940.66,4061.85,93961.8468,45250.9291
2025-10-16 12:00:00,4061.86,4086.49,3892,3907.18,169535.94,84487.9931
2025-10-16 16:00:00,3907.17,3967.6,3851.11,3867.01,167547.364,74907.3141
2025-10-16 20:00:00,3867.14,3898.05,3826.04,3894.51,74472.7387,40424.5254
2025-10-17 00:00:00,3894.5,3950.45,3888.24,3933.25,59225.1015,28200.8172
2025-10-17 04:00:00,3933.26,3935.97,3752.89,3756.49,163147.1128,72690.0426
2025-10-17 08:00:00,3756.49,3817.7,3674.5,3778.54,292369.7055,158779.5593
2025-10-17 12:00:00,3778.53,3811.42,3714,3797.75,163163.9584,85545.4373
2025-10-17 16:00:00,3797.76,3850.36,3779.01,3827.76,94686.0652,47122.1868
2025-10-17 20:00:00,3827.77,3883.17,3818.25,3831.57,57535.1451,29389.0013
2025-10-18 00:00:00,3831.58,3882.28,3819.07,3870.57,48438.1674,25111.6927
2025-10-18 04:00:00,3870.56,3927.73,3841.3,3892.43,55461.1391,29242.4515
2025-10-18 08:00:00,3892.44,3906,3861.98,3881.99,53646.381,25092.619
2025-10-18 12:00:00,3881.99,3893.38,3848.81,3877.89,37468.74,16519.1928
2025-10-18 16:00:00,3877.9,3898.83,3853.16,3893.64,29362.9797,14670.9195
2025-10-18 20:00:00,3893.63,3908.94,3869.62,3889.21,26333.2049,12890.8525
2025-10-19 00:00:00,3889.2,3906.57,3855.7,3906.29,40481.777,21010.7065
2025-10-19 04:00:00,3906.3,3921.61,3873.91,3888.01,48962.1048,30019.8936
2025-10-19 08:00:00,3888.01,3955.6,3827.04,3923.82,115957.7122,61114.9401
2025-10-19 12:00:00,3923.82,4002.08,3908.17,3978.65,91707.6925,46643.4505
2025-10-19 16:00:00,3978.65,4026.95,3958.71,3985.75,70651.9888,33488.7693
2025-10-19 20:00:00,3985.75,4030.94,3970,3982.58,40776.9792,18493.069
2025-10-20 00:00:00,3982.58,4038.88,3908.73,4026.9,79570.2181,38796.0014
2025-10-20 04:00:00,4026.9,4085.3,4023.07,4055.03,102258.7982,57718.2683
2025-10-20 08:00:00,4055.03,4070.92,4012.21,4035.02,73033.7035,40389.9027
2025-10-20 12:00:00,4035.03,4049.51,4002.07,4003.98,117292.0188,38266.6697
2025-10-20 16:00:00,4003.99,4003.99,3922,3981.36,111593.2246,48010.2115
2025-10-20 20:00:00,3981.36,4003.2,3971.01,3979.22,27634.3669,13945.1315
2025-10-21 00:00:00,3979.22,3985.76,3918.39,3922.66,50471.432,22400.3851
2025-10-21 04:00:00,3922.66,3922.66,3840.24,3892.95,91272.5465,41840.9508
2025-10-21 08:00:00,3892.95,3897.77,3851,3890.07,46017.1815,22649.5825
2025-10-21 12:00:00,3890.06,4084.91,3852.06,4081.66,176194.3139,84778.4628
2025-10-21 16:00:00,4081.66,4110,3965.47,3995.69,143288.4239,68986.0118
2025-10-21 20:00:00,3995.7,4001.13,3858,3873.05,83350.2404,39130.1123
2025-10-22 00:00:00,3873.04,3889.27,3821.64,3859.57,73814.1182,34831.5396
2025-10-22 04:00:00,3859.58,3884.34,3838.31,3868.72,51818.2304,26056.8432
2025-10-22 08:00:00,3868.72,3868.91,3770.02,3829,84899.402,39297.8926
2025-10-22 12:00:00,3829.01,3876.92,3780.32,3841.76,179714.8431,76285.8056
2025-10-22 16:00:00,3841.76,3861.9,3784,3804,115522.1619,47416.0999
2025-10-22 20:00:00,3804,3816.5,3710,3805.53,87361.3349,39694.6364
2025-10-23 00:00:00,3805.53,3835.93,3796.54,3826.79,34230.4223,15785.3793
2025-10-23 04:00:00,3826.8,3897,3822.76,3881.01,59576.8113,30455.8105
2025-10-23 08:00:00,3881.02,3905.22,3859,3863.06,58633.7555,30915.1239
2025-10-23 12:00:00,3863.06,3887.35,3808.01,3876.94,185281.3843,73932.8904
2025-10-23 16:00:00,3876.95,3934.86,3845,3859.4,101157.9811,43274.997
2025-10-23 20:00:00,3859.4,3860.1,3818.72,3856.8,38350.6636,16143.7728
2025-10-24 00:00:00,3856.8,3896,3845.86,3891,35863.7739,17688.6949
2025-10-24 04:00:00,3891,3989.2,3886.21,3949.22,86681.3532,47466.8191
2025-10-24 08:00:00,3949.22,3969.81,3925.83,3946.57,58504.1386,30029.6633
2025-10-24 12:00:00,3946.58,4026.39,3871.32,3888.92,164441.3184,80263.9267
2025-10-24 16:00:00,3888.92,3937.9,3866.43,3926.53,56593.0677,29786.3134
2025-10-24 20:00:00,3926.53,3945.23,3924.38,3934.88,23843.2865,12519.4201
2025-10-25 00:00:00,3934.88,3939.29,3912.4,3921.2,22578.8468,10392.8747
2025-10-25 04:00:00,3921.21,3960.57,3920.46,3928.92,29435.1292,12295.9761
2025-10-25 08:00:00,3928.93,3956.59,3927.7,3940.31,20459.0984,10601.2715
2025-10-25 12:00:00,3940.32,3956.41,3924.2,3932.71,24666.1248,12791.6039
2025-10-25 16:00:00,3932.72,3969.22,3927.74,3957.43,26582.6106,15125.3644
2025-10-25 20:00:00,3957.44,3964.76,3935.82,3953.82,14804.524,6460.1887
2025-10-26 00:00:00,3953.81,3961.87,3919.03,3931.82,29409.5093,15322.6226
2025-10-26 04:00:00,3931.82,3956.59,3928.83,3951.57,15902.0218,8645.873
2025-10-26 08:00:00,3951.57,4054.97,3951.08,4044.99,81774.8231,44563.5022
2025-10-26 12:00:00,4044.98,4099.02,4040.66,4075.29,89022.6137,42849.6625
2025-10-26 16:00:00,4075.29,4080.25,4046.29,4067.94,37810.8531,17958.8577
2025-10-26 20:00:00,4067.94,4178.78,4054.11,4158.46,90778.2708,44379.6676
2025-10-27 00:00:00,4158.46,4225.55,4148.48,4205.08,94241.752,47594.2179
2025-10-27 04:00:00,4205.08,4253.72,4193.24,4201.36,78401.8513,34641.5762
2025-10-27 08:00:00,4201.36,4201.51,4133,4162.14,89992.0187,46026.881
2025-10-27 12:00:00,4162.14,4188,4124.52,4172.96,95706.285,56194.6642
2025-10-27 16:00:00,4172.95,4233.48,4172.95,4193.96,60752.7981,32886.1706
2025-10-27 20:00:00,4193.95,4195.79,4095,4120.15,68036.524,31656.463
2025-10-28 00:00:00,4120.16,4143.13,4069.8,4094.32,68080.5655,29750.4706
2025-10-28 04:00:00,4094.31,4127,4066.58,4117.24,46990.6463,26529.3048
2025-10-28 08:00:00,4117.25,4136.1,4104.23,4112.46,30177.84,15791.4193
2025-10-28 12:00:00,4112.45,4175.55,4071.28,4096.85,102498.671,49557.3777
2025-10-28 16:00:00,4096.86,4151.28,4027,4039.39,92255.2739,41342.9249
2025-10-28 20:00:00,4039.37,4042.49,3931.33,3979.2,132962.841,59990.6606
2025-10-29 00:00:00,3979.19,4008.89,3964.56,3997.66,40658.0185,21463.1229
2025-10-29 04:00:00,3997.66,4036.66,3996,4025.06,37966.5492,19743.7893
2025-10-29 08:00:00,4025.07,4027.17,3983.6,4011.01,41280.2623,18515.842
2025-10-29 12:00:00,4011.01,4029.41,3941.61,3951.71,76342.3991,34412.3722
2025-10-29 16:00:00,3951.72,4018.46,3840.37,3905.71,221047.0208,104425.9262
2025-10-29 20:00:00,3905.7,3963.59,3874.01,3902.99,69158.0628,32133.7274
2025-10-30 00:00:00,3903,3948.74,3885.41,3934.58,44425.5166,23467.2759
2025-10-30 04:00:00,3934.58,3944.94,3839.5,3940.42,104896.3193,52189.8798
2025-10-30 08:00:00,3940.43,3940.43,3877.34,3881.1,41203.6122,19438.6426
2025-10-30 12:00:00,3881.1,3884.43,3758.37,3773.69,155241.5092,70030.6089
2025-10-30 16:00:00,3773.69,3802.37,3680.1,3686.93,126564.465,54768.6609
2025-10-30 20:00:00,3686.93,3807.21,3680,3805.09,59124.57,33262.6147
2025-10-31 00:00:00,3804.95,3860.79,3796.36,3829.16,57392.9838,28043.8649
2025-10-31 04:00:00,3829.16,3873.68,3821.67,3831.49,56050.6433,28908.4413
2025-10-31 08:00:00,3831.49,3883.13,3818.48,3874.01,45183.4569,23196.7228
2025-10-31 12:00:00,3874.01,3888,3831.95,3860.99,180403.514,109572.6526
2025-10-31 16:00:00,3860.99,3906.09,3804.74,3886.15,99468.1475,49098.0381
2025-10-31 20:00:00,3886.14,3893.29,3841.31,3847.99,40137.554,25178.1164
2025-11-01 00:00:00,3848,3864.43,3831,3861.38,21651.4808,11665.0074
2025-11-01 04:00:00,3861.38,3869.55,3852.96,3860.84,21459.9474,10078.5712
2025-11-01 08:00:00,3860.84,3882.94,3860.73,3877.79,25844.5104,11222.2226
2025-11-01 12:00:00,3877.79,3902,3858.11,3895.15,39015.657,18845.4928
2025-11-01 16:00:00,3895.15,3909.39,3862.92,3879.99,29432.8992,14858.9746
2025-11-01 20:00:00,3880,3891.6,3864.31,3873.77,15593.6678,8968.5926
2025-11-02 00:00:00,3873.78,3886.85,3861.71,3880.63,17627.7558,9667.3359
2025-11-02 04:00:00,3880.62,3918.23,3876.01,3906.73,30950.7174,17293.2378
2025-11-02 08:00:00,3906.73,3910.97,3853.76,3891.31,60294.5256,35332.9967
2025-11-02 12:00:00,3891.31,3895.41,3839.12,3853.33,46715.9245,21166.2579
2025-11-02 16:00:00,3853.32,3867.42,3840.64,3855.98,26684.7586,11957.326
2025-11-02 20:00:00,3855.99,3916.27,3844.05,3906.58,33809.4723,20000.7662
2025-11-03 00:00:00,3906.58,3914.29,3728.09,3736.23,157359.3494,74484.372
2025-11-03 04:00:00,3736.23,3765.46,3684,3714.58,125179.0758,59979.3445
2025-11-03 08:00:00,3714.54,3740,3662.88,3711.68,110785.3562,49102.5304
2025-11-03 12:00:00,3711.68,3748.64,3582.29,3588.89,253499.7906,98940.3847
2025-11-03 16:00:00,3588.89,3682.35,3564.13,3631.5,140180.7037,70760.6072
2025-11-03 20:00:00,3631.5,3636.69,3558.82,3603.83,90183.1095,42798.706
2025-11-04 00:00:00,3603.84,3654.54,3567.27,3642.29,83473.0867,42664.3794
2025-11-04 04:00:00,3642.3,3647.95,3474.1,3494.56,288856.7767,116171.6881
2025-11-04 08:00:00,3494.56,3534,3460.3,3529.52,162419.5898,72327.001
2025-11-04 12:00:00,3529.53,3587.66,3474,3507.58,184308.0177,106677.7115
2025-11-04 16:00:00,3507.59,3520.58,3226.16,3230.94,383940.2832,168018.4614
2025-11-04 20:00:00,3230.94,3304.49,3057,3287.05,465006.4838,224921.1409
2025-11-05 00:00:00,3287.05,3349.12,3166.66,3334.83,264027.8071,153691.9565
2025-11-05 04:00:00,3334.83,3354.6,3300.89,3331.08,81305.6097,41871.3694
2025-11-05 08:00:00,3331.09,3331.09,3274.54,3322.55,90433.4419,39563.8383
2025-11-05 12:00:00,3322.58,3399.19,3312.93,3398.36,145873.9775,76977.0482
2025-11-05 16:00:00,3398.37,3479.16,3370.82,3455.12,154429.2374,73547.9978
2025-11-05 20:00:00,3455.11,3480.46,3415.29,3424.29,73521.4396,35566.6863
2025-11-06 00:00:00,3424.29,3450.5,3375.13,3432.9,68886.5165,33081.7097
2025-11-06 04:00:00,3432.91,3456.46,3361,3380.42,80558.1783,32703.4253
2025-11-06 08:00:00,3380.4,3415,3366.99,3399.4,54543.3963,27247.3294
2025-11-06 12:00:00,3399.39,3404.78,3276.54,3300,155262.62,79712.263
2025-11-06 16:00:00,3300,3352.37,3245.45,3325.8,149379.3244,79461.4475
2025-11-06 20:00:00,3325.86,3337.3,3287.77,3315.14,57733.6648,26363.682
2025-11-07 00:00:00,3315.14,3365.32,3276.19,3345.12,92798.2841,48469.5076
2025-11-07 04:00:00,3345.12,3369.99,3319.59,3358.42,60593.1717,31510.0854
2025-11-07 08:00:00,3358.41,3360.67,3225.36,3259.97,95364.1996,41276.3946
2025-11-07 12:00:00,3259.97,3318.35,3194.2,3297.52,212483.9211,110373.7415
2025-11-07 16:00:00,3297.52,3450,3273.99,3443.6,152410.0563,85006.7945
2025-11-07 20:00:00,3443.6,3473,3430.23,3436.05,69767.7526,35419.5223
2025-11-08 00:00:00,3436.04,3467.64,3405.87,3454.19,61736.2906,31773.555
2025-11-08 04:00:00,3454.18,3488,3418.6,3447.9,53657.0514,26693.6993
2025-11-08 08:00:00,3447.89,3473.42,3407,3413.03,40732.1757,20537.8063
2025-11-08 12:00:00,3413.02,3417.58,3370.36,3376.79,64962.4349,30189.8139
2025-11-08 16:00:00,3376.8,3408.16,3355.58,3389.35,48446.5338,24736.1778
2025-11-08 20:00:00,3389.34,3415.62,3381.09,3401.51,21997.8017,10886.9684
2025-11-09 00:00:00,3401.51,3403.97,3358.66,3375.8,32973.5859,16050.5533
2025-11-09 04:00:00,3375.8,3427.37,3370.19,3422.78,60679.8222,35804.3091
2025-11-09 08:00:00,3422.79,3435.13,3382.35,3428.37,67792.0122,37811.9997
2025-11-09 12:00:00,3428.38,3563.65,3424.64,3515.51,159673.4919,84554.9833
2025-11-09 16:00:00,3515.52,3580,3501.63,3580,64347.9999,39580.0251
2025-11-09 20:00:00,3580,3623.25,3562.38,3583.46,78631.1399,41485.7408
2025-11-10 00:00:00,3583.46,3658.98,3553.52,3627.47,122599.1998,67157.6271
2025-11-10 04:00:00,3627.48,3631.51,3589.46,3609.09,63239.7137,31290.1889
2025-11-10 08:00:00,3609.09,3631.32,3586.02,3610.57,72187.4013,43994.8748
2025-11-10 12:00:00,3610.57,3622.14,3508,3519.46,145646.9436,65363.23
2025-11-10 16:00:00,3519.45,3576.1,3507.3,3558.55,142424.231,56914.6274
2025-11-10 20:00:00,3558.55,3584.04,3529.41,3567.85,49175.5404,24264.5696
2025-11-11 00:00:00,3567.85,3648.27,3552.84,3606.1,131855.9133,55065.0475
2025-11-11 04:00:00,3606.11,3610.48,3532.2,3544.67,125970.7804,43611.673
2025-11-11 08:00:00,3544.67,3587.05,3543.55,3574.14,80646.1818,30040.172
2025-11-11 12:00:00,3574.15,3594.33,3467.21,3481.1,159227.8319,70873.2938
2025-11-11 16:00:00,3481.11,3500.59,3446.02,3456.81,86290.0998,42326.0125
2025-11-11 20:00:00,3456.81,3461.79,3405.24,3417.76,76292.4675,38059.0736
2025-11-12 00:00:00,3417.76,3456.06,3410,3439.1,72507.7037,37024.2294
2025-11-12 04:00:00,3439.11,3458.07,3424.58,3428.23,68170.8257,26344.3462
2025-11-12 08:00:00,3428.24,3570.06,3428.24,3549.38,83166.3548,43394.8691
2025-11-12 12:00:00,3549.37,3588.19,3418.6,3427.85,138971.3904,65107.532
2025-11-12 16:00:00,3427.85,3454.65,3371.65,3407.99,139071.2411,69756.5142
2025-11-12 20:00:00,3408,3439.62,3392,3414.92,51214.4211,27874.6523
2025-11-13 00:00:00,3414.91,3473.48,3377.68,3452.86,108782.8089,56409.6803
2025-11-13 04:00:00,3452.86,3565.84,3434.03,3538.74,124524.6547,61152.1111
2025-11-13 08:00:00,3538.74,3550,3476.06,3501.95,78146.7771,31719.3145
2025-11-13 12:00:00,3501.94,3511.31,3367.03,3386.85,187531.838,81960.9482
2025-11-13 16:00:00,3386.84,3398.24,3175.83,3197.69,312803.0433,177359.9777
2025-11-13 20:00:00,3197.69,3272.3,3154.22,3231.54,140200.0127,70686.6879
2025-11-14 00:00:00,3231.55,3251.88,3186.2,3227.93,122991.5222,62416.848
2025-11-14 04:00:00,3227.94,3241.32,3104.66,3215.59,212560.654,109612.1041
2025-11-14 08:00:00,3215.6,3219.39,3116.82,3144.35,102244.5895,45413.4058
2025-11-14 12:00:00,3144.34,3234.49,3070,3196.7,278131.435,140511.6788
2025-11-14 16:00:00,3196.7,3256.71,3155,3207.86,95128.5571,46195.8924
2025-11-14 20:00:00,3207.87,3213.22,3090,3112.4,79389.3913,40018.0937
2025-11-15 00:00:00,3112.4,3194,3110.68,3179.16,62288.3831,32114.0379
2025-11-15 04:00:00,3179.17,3191.65,3159.03,3176.55,33474.0807,15670.7043
2025-11-15 08:00:00,3176.56,3177.98,3134.23,3152.52,39200.489,17741.3723
2025-11-15 12:00:00,3152.52,3197.37,3147.37,3186.05,47939.6289,23427.238
2025-11-15 16:00:00,3186.05,3230,3162.78,3197.88,120649.7057,73892.7851
2025-11-15 20:00:00,3197.89,3200.68,3152.75,3167.88,34911.1908,16115.6847
2025-11-16 00:00:00,3167.87,3210,3131.78,3202.97,48534.5986,25993.9507
2025-11-16 04:00:00,3202.95,3220.62,3187.03,3219.55,31570.6106,17992.6695
2025-11-16 08:00:00,3219.54,3249,3160.36,3168.64,59004.6391,27464.9574
2025-11-16 12:00:00,3168.64,3182.6,3099.23,3105.44,112729.6532,64904.071
2025-11-16 16:00:00,3105.45,3128,3026,3091.09,194474.7026,88152.3354
2025-11-16 20:00:00,3091.09,3117.21,3004,3095.29,124319.3768,63336.8506
2025-11-17 00:00:00,3095.29,3180.42,3069,3176.6,80383.5547,44849.8499
2025-11-17 04:00:00,3176.59,3208.52,3165.93,3198.44,63583.8256,30741.9581
2025-11-17 08:00:00,3198.44,3223.38,3179.88,3204.12,65732.1978,32992.9167
2025-11-17 12:00:00,3204.12,3210.88,3095.09,3121.04,189831.2757,99231.49
2025-11-17 16:00:00,3121.04,3142.56,2972.88,2982.27,229892.4268,104104.7078
2025-11-17 20:00:00,2982.27,3032.53,2959.46,3031.44,133077.1483,75493.82
2025-11-18 00:00:00,3031.44,3050.05,2946.56,3023.97,189127.367,94783.2556
2025-11-18 04:00:00,3023.97,3034.5,2958.08,3024.44,140899.4305,68031.9221
2025-11-18 08:00:00,3024.44,3074.45,3024.44,3058.01,116556.0331,73475.7953
2025-11-18 12:00:00,3058,3123.69,3022.09,3106.87,158180.756,79644.7181
2025-11-18 16:00:00,3106.87,3169.95,3099.39,3146.02,122085.9485,67868.5385
2025-11-18 20:00:00,3146.01,3150.43,3097.21,3123.66,39790.5707,19476.559
2025-11-19 00:00:00,3123.65,3125.54,3069.59,3073.02,65254.2784,34400.6557
2025-11-19 04:00:00,3073.01,3087.71,2992.23,3084.96,105860.61,47752.194
2025-11-19 08:00:00,3084.97,3112.55,3053.55,3083.51,68846.4676,32674.0544
2025-11-19 12:00:00,3083.51,3108.76,2967,2973.16,164573.8974,78624.4924
2025-11-19 16:00:00,2973.15,3000,2873.64,2881.66,207908.6399,99030.3592
2025-11-19 20:00:00,2881.66,3027.88,2875,3025.48,125482.8213,67554.7902
2025-11-20 00:00:00,3025.48,3058,3004.41,3038.98,87568.1898,49596.5159
2025-11-20 04:00:00,3038.99,3063.61,3006.89,3039.43,69770.7841,33586.3743
2025-11-20 08:00:00,3039.44,3044.75,2993.91,3023.98,63213.0443,28913.353
2025-11-20 12:00:00,3023.99,3049.58,2952.39,2955.68,143692.7894,70300.3068
2025-11-20 16:00:00,2955.65,2961.28,2790.01,2847.9,451454.189,199226.0153
2025-11-20 20:00:00,2847.89,2905.93,2819.55,2834.22,96825.3752,47266.3072
2025-11-21 00:00:00,2834.21,2886.73,2772.84,2809.18,117232.8956,55619.5648
2025-11-21 04:00:00,2809.17,2832.66,2669,2720.17,282092.7968,111806.0314
2025-11-21 08:00:00,2720.17,2754.48,2663.01,2688.42,218825.5422,105234.5497
2025-11-21 12:00:00,2688.42,2781.83,2623.57,2705.32,294361.2964,143403.3515
2025-11-21 16:00:00,2705.31,2806.84,2675,2752.24,185971.9748,93057.3216
2025-11-21 20:00:00,2752.23,2777.01,2708.55,2765.85,81990.9027,38801.2909
2025-11-22 00:00:00,2765.86,2784.12,2739.76,2752.27,39805.8515,18708.3373
2025-11-22 04:00:00,2752.27,2771,2726.66,2756.21,43047.8794,20501.5167
2025-11-22 08:00:00,2756.21,2756.36,2704.33,2735.16,50191.6518,25167.4448
2025-11-22 12:00:00,2735.16,2754.45,2711.01,2738.92,49892.9894,25541.2976
2025-11-22 16:00:00,2738.92,2759.02,2735.2,2750.65,41469.8761,19237.7137
2025-11-22 20:00:00,2750.65,2799.01,2733.72,2770.12,40283.0607,21627.0757
2025-11-23 00:00:00,2770.12,2834.33,2768.29,2824.77,67882.0772,39336.8281
2025-11-23 04:00:00,2824.77,2852.17,2777.2,2793.7,96029.1604,37836.9058
2025-11-23 08:00:00,2793.7,2823.98,2793.69,2815.54,33197.5905,18478.9601
2025-11-23 12:00:00,2815.54,2858.16,2810.12,2836.5,100156.8545,55594.5431
2025-11-23 16:00:00,2836.49,2846.8,2786.63,2822.7,60022.7023,28213.2275
2025-11-23 20:00:00,2822.7,2845,2794.74,2802.16,52520.1885,26780.8149
2025-11-24 00:00:00,2802.16,2867.46,2763,2856.44,110955.2142,61828.8855
2025-11-24 04:00:00,2856.45,2885.75,2802.87,2830.27,98647.9404,47387.1323
2025-11-24 08:00:00,2830.26,2843.09,2788,2803.41,85563.0091,35816.2757
2025-11-24 12:00:00,2803.4,2860.37,2785.04,2846.47,128886.2566,64850.2967
2025-11-24 16:00:00,2846.47,2979.63,2842.82,2959,228159.1109,101624.5248
2025-11-24 20:00:00,2959,2987,2947.77,2953.38,63068.2239,30380.0012
2025-11-25 00:00:00,2953.38,2953.38,2904.39,2911.99,55807.6755,25022.3005
2025-11-25 04:00:00,2911.99,2943.03,2901.75,2902.77,44848.2311,17979.9962
2025-11-25 08:00:00,2902.77,2909.18,2865.09,2891.01,72825.3165,35548.9155
2025-11-25 12:00:00,2891.01,2934,2857.32,2895.45,106635.5734,54014.4252
2025-11-25 16:00:00,2895.46,2958.53,2872.09,2922.95,79721.8356,37627.1539
2025-11-25 20:00:00,2922.96,2980.82,2907.42,2959.36,67847.8207,32283.8385
2025-11-26 00:00:00,2959.36,2984,2922.08,2927.2,60791.5726,19681.2918
2025-11-26 04:00:00,2927.19,2954.67,2921.11,2944.52,43870.3746,17029.0028
2025-11-26 08:00:00,2944.52,2949.27,2902.12,2914,38855.2939,18338.1638
2025-11-26 12:00:00,2913.99,2947.4,2888.69,2927.41,69609.6989,36160.9802
2025-11-26 16:00:00,2927.4,3045,2926.37,3032.28,112464.2424,63061.0772
2025-11-26 20:00:00,3032.28,3035.91,3008.53,3026.56,38944.1436,17725.5083
2025-11-27 00:00:00,3026.56,3071.37,3004.61,3033.53,73556.5834,35323.3487
2025-11-27 04:00:00,3033.53,3053.98,3017.45,3033.9,33999.8307,13633.0928
2025-11-27 08:00:00,3033.89,3044.73,3017.78,3028.54,31351.503,12275.8668
2025-11-27 12:00:00,3028.54,3030.49,2985.78,3010.97,65626.4194,30870.1857
2025-11-27 16:00:00,3010.97,3039.99,3004.83,3032.02,41934.8963,21959.0788
2025-11-27 20:00:00,3032.01,3044.44,3003.88,3015.23,28511.1627,13683.0972
2025-11-28 00:00:00,3015.23,3023.97,2994.36,3008.63,38314.6775,14781.5719
2025-11-28 04:00:00,3008.64,3028.94,3000.7,3001.91,43556.1352,20836.2898
2025-11-28 08:00:00,3001.9,3077.77,3001.59,3034.02,74468.9509,40960.208
2025-11-28 12:00:00,3034.02,3099,3026.32,3073.77,82965.601,45613.8942
2025-11-28 16:00:00,3073.78,3074.4,3011.22,3050,79747.0269,39097.1068
2025-11-28 20:00:00,3049.99,3059.48,3020.57,3031.15,27563.636,11325.5469
2025-11-29 00:00:00,3031.14,3052.64,3017.73,3022.6,24555.3461,12439.8392
2025-11-29 04:00:00,3022.61,3045.6,2992.5,3004.9,42551.9966,16810.976
2025-11-29 08:00:00,3004.9,3011.41,2986.09,2999.82,37596.1744,15877.3497
2025-11-29 12:00:00,2999.82,3014.09,2986.4,3007.41,44737.3526,16484.2543
2025-11-29 16:00:00,3007.41,3011.31,2961.91,2988.47,54342.1646,23497.7619
2025-11-29 20:00:00,2988.47,2999.17,2982.49,2989.16,14121.096,7923.8353
2025-11-30 00:00:00,2989.17,3012.29,2975.3,3001.69,22703.9647,10964.158
2025-11-30 04:00:00,3001.68,3008.9,2985.69,3005.22,14470.8245,6413.7256
2025-11-30 08:00:00,3005.22,3018.48,2999.94,3003.36,23291.3467,9968.2182
2025-11-30 12:00:00,3003.37,3053.02,3000.34,3028.69,60797.768,32676.1575
2025-11-30 16:00:00,3028.69,3049.34,3028.24,3034.71,26922.0897,10732.9776
2025-11-30 20:00:00,3034.71,3041.14,2989.06,2991.26,34536.4317,16388.421
2025-12-01 00:00:00,2991.25,2999.47,2813.2,2825.77,199403.7391,100545.7411
2025-12-01 04:00:00,2825.77,2844.11,2806.71,2840.21,66691.2571,31351.176
2025-12-01 08:00:00,2840.21,2854.35,2828.62,2838.35,154411.9934,45889.5358
2025-12-01 12:00:00,2838.36,2840.31,2716.04,2745.72,228178.0282,102520.5045
2025-12-01 16:00:00,2745.73,2758.02,2719.73,2740.8,92163.4609,43088.127
2025-12-01 20:00:00,2740.8,2819.35,2739.89,2799.07,108154.5122,59935.4237
2025-12-02 00:00:00,2799.07,2825.11,2782.81,2804.55,40929.9746,22751.0896
2025-12-02 04:00:00,2804.55,2815.88,2796.88,2805.65,30185.3366,12044.9556
2025-12-02 08:00:00,2805.66,2834.5,2782.19,2826.18,41716.9565,22175.2107
2025-12-02 12:00:00,2826.18,3024.98,2816.82,3006.61,243912.6653,128601.354
2025-12-02 16:00:00,3006.61,3033.76,2987.19,3015.83,104569.563,47727.9684
2025-12-02 20:00:00,3015.84,3021.27,2972.35,2996.07,62392.8626,30657.7793
2025-12-03 00:00:00,2996.07,3048,2985.58,3030.75,51276.0073,27775.0439
2025-12-03 04:00:00,3030.74,3085.56,3029.59,3057.44,83611.9153,42486.9153
2025-12-03 08:00:00,3057.44,3080,3043.75,3073.23,45464.5888,20362.5007
2025-12-03 12:00:00,3073.23,3145.68,3030.42,3086.12,172616.4318,88412.2102
2025-12-03 16:00:00,3086.13,3142.15,3064.36,3128.2,76818.9822,36255.7777
2025-12-03 20:00:00,3128.2,3214.99,3117,3188.36,123881.8892,65503.2951
2025-12-04 00:00:00,3188.39,3240.35,3174.19,3210.13,85059.4744,44035.9935
2025-12-04 04:00:00,3210.12,3219.62,3170.47,3190.1,76321.0501,33174.8001
2025-12-04 08:00:00,3190.1,3208.63,3175.51,3186.55,41332.4332,18825.4002
2025-12-04 12:00:00,3186.55,3224.38,3139.72,3208.15,109395.5365,59860.0156
2025-12-04 16:00:00,3208.15,3225,3066.37,3119.27,123840.9066,56758.1374
2025-12-04 20:00:00,3119.26,3152.07,3105.9,3133.26,50748.9979,25523.6344
2025-12-05 00:00:00,3133.26,3193.33,3132.45,3170.98,43830.0206,21749.333
2025-12-05 04:00:00,3170.98,3182.88,3152,3173.94,36417.0727,18050.377
2025-12-05 08:00:00,3173.95,3173.95,3107.82,3131.38,87970.9676,38856.2429
2025-12-05 12:00:00,3131.38,3157.99,3082.75,3106.34,131005.0997,60721.4884
2025-12-05 16:00:00,3106.35,3108.73,2983.08,3038.49,180132.3301,90022.1341
2025-12-05 20:00:00,3038.5,3049.34,3006.78,3021.78,51027.4079,29629.1824
2025-12-06 00:00:00,3021.77,3046.3,3012.58,3040.31,25507.0265,13130.0375
2025-12-06 04:00:00,3040.31,3042.78,3024.35,3026.25,18352.2563,6989.5787
2025-12-06 08:00:00,3026.25,3042,3013.25,3038.99,20383.7777,9081.3799
2025-12-06 12:00:00,3038.98,3069,3026.5,3041.69,43669.9804,20693.0517
2025-12-06 16:00:00,3041.69,3066.62,3025,3030.44,33248.8274,16869.16
2025-12-06 20:00:00,3030.45,3054.31,3026.16,3038.06,18559.3805,8515.8725
2025-12-07 00:00:00,3038.06,3056.97,3032.47,3053.92,15546.9343,7463.2493
2025-12-07 04:00:00,3053.93,3058.01,3031.21,3037.29,13660.3566,5825.7991
2025-12-07 08:00:00,3037.28,3043.69,3024.07,3035.77,22816.8639,8273.0005
2025-12-07 12:00:00,3035.77,3053.49,2907.52,3027.01,146482.4681,72237.1125
2025-12-07 16:00:00,3027,3150,2999.63,3137.92,123703.2987,60604.4395
2025-12-07 20:00:00,3137.91,3147.36,3013.73,3059.85,68919.7534,32152.0389
2025-12-08 00:00:00,3059.86,3134.73,3040.87,3111.01,62439.9004,33171.4369
2025-12-08 04:00:00,3111.01,3140.5,3108.53,3134.31,65181.9052,37687.7996
2025-12-08 08:00:00,3134.31,3180.51,3125.1,3142.25,67113.0422,35889.4977
2025-12-08 12:00:00,3142.25,3178.42,3088.83,3101.54,125289.7961,55665.3253
2025-12-08 16:00:00,3101.54,3133,3075.38,3118.64,89209.1247,39879.5624
2025-12-08 20:00:00,3118.65,3153,3112.88,3124.16,43586.4521,21932.0277
2025-12-09 00:00:00,3124.16,3143.5,3090.8,3129.26,42586.4215,19722.3255
2025-12-09 04:00:00,3129.27,3131.42,3095.12,3123,45669.3221,20318.087
2025-12-09 08:00:00,3123,3130,3093,3118.35,28056.408,11824.3326
2025-12-09 12:00:00,3118.35,3256.88,3098.58,3245.88,155154.1408,71762.541
2025-12-09 16:00:00,3245.88,3397.85,3245.63,3357.88,241671.7299,115538.1133
2025-12-09 20:00:00,3357.87,3361.41,3285,3318.04,90721.9235,41244.3596
2025-12-10 00:00:00,3318.04,3328.2,3288.1,3309.73,45078.3976,22557.3931
2025-12-10 04:00:00,3309.73,3334.66,3306.92,3327.21,42144.1814,19879.9564
2025-12-10 08:00:00,3327.21,3376,3296.99,3318.39,73454.6194,38449.2291
2025-12-10 12:00:00,3318.39,3339.14,3304.45,3328.25,64308.9848,32063.8881
2025-12-10 16:00:00,3328.25,3435,3320.72,3390.71,186919.8911,95062.9099
2025-12-10 20:00:00,3390.67,3447.44,3317.37,3324.14,127679.3792,57488.4692
2025-12-11 00:00:00,3324.14,3327.37,3167.07,3191.42,138432.0124,60159.5606
2025-12-11 04:00:00,3191.42,3216.16,3180.93,3201.51,49737.3218,23349.1623
2025-12-11 08:00:00,3201.52,3213,3178,3192.75,38704.27,17366.0404
2025-12-11 12:00:00,3192.75,3210,3145.28,3179.25,92491.4111,49055.8582
2025-12-11 16:00:00,3179.24,3234.25,3155,3194.51,90002.7899,46196.1541
2025-12-11 20:00:00,3194.52,3273.4,3186.36,3237.39,94746.4339,43248.7687
2025-12-12 00:00:00,3237.38,3265.5,3185.2,3245.49,51913.2954,24965.4067
2025-12-12 04:00:00,3245.49,3265,3232.79,3246.55,34036.654,16336.7151
2025-12-12 08:00:00,3246.55,3255.7,3225.92,3242.59,38271.9698,16136.997
2025-12-12 12:00:00,3242.59,3251.31,3058.12,3071.41,143185.8142,60014.7301
2025-12-12 16:00:00,3071.4,3099.88,3045.31,3073.74,142541.9537,73700.0851
2025-12-12 20:00:00,3073.74,3096.16,3067.61,3084.86,25736.7564,13511.2131
2025-12-13 00:00:00,3084.86,3095.24,3078.6,3089.85,16683.0837,7342.4562
2025-12-13 04:00:00,3089.86,3095.85,3084.11,3094.72,13025.1563,6003.9283
2025-12-13 08:00:00,3094.72,3135.68,3092.59,3119.35,35477.1325,17492.206
2025-12-13 12:00:00,3119.36,3127.8,3095.12,3109.63,25324.4748,11797.5866
2025-12-13 16:00:00,3109.63,3116.37,3096.05,3108.41,23595.4427,12534.6773
2025-12-13 20:00:00,3108.41,3119.79,3079,3114.64,22360.4667,11527.7783
2025-12-14 00:00:00,3114.64,3129.54,3103.49,3118.96,17318.8749,9158.3142
2025-12-14 04:00:00,3118.97,3122.1,3104.59,3115.3,12759.8668,4793.9476
2025-12-14 08:00:00,3115.3,3119.9,3050.01,3084.84,55728.5888,27012.0576
2025-12-14 12:00:00,3084.84,3108.18,3070.42,3084.51,46359.2301,21580.1583
2025-12-14 16:00:00,3084.51,3107.89,3074.29,3093.71,88491.9595,31568.6661
2025-12-14 20:00:00,3093.71,3097.1,3024.44,3063.5,58399.8344,28771.4223
2025-12-15 00:00:00,3063.49,3150.92,3056.7,3108.68,68229.9045,36259.7807
2025-12-15 04:00:00,3108.68,3145,3104.02,3128.9,34378.0894,18340.6955
2025-12-15 08:00:00,3128.91,3177.5,3125.86,3156.73,45866.4503,23497.6736
2025-12-15 12:00:00,3156.73,3159.14,2986.05,3010.96,165313.3397,76111.5541
2025-12-15 16:00:00,3010.97,3017.77,2894.57,2940.3,146722.7896,72384.8991
2025-12-15 20:00:00,2940.29,2969.29,2916.67,2964.85,59999.382,33622.4301
2025-12-16 00:00:00,2964.85,2978.26,2922.64,2937,50152.4495,24287.9024
2025-12-16 04:00:00,2936.99,2951.45,2876,2924.11,65694.2387,28191.8333
2025-12-16 08:00:00,2924.1,2964.14,2920.02,2957.93,50801.8701,20320.5371
2025-12-16 12:00:00,2957.93,2981.87,2886.75,2963.31,117771.3622,56957.4632
2025-12-16 16:00:00,2963.31,2968,2912.15,2945.58,70556.5322,36059.8677
2025-12-16 20:00:00,2945.57,2965.73,2938.08,2962.3,23316.6632,11536.3911
2025-12-17 00:00:00,2962.3,2974.27,2938.38,2947.8,21063.3951,9146.4758
2025-12-17 04:00:00,2947.8,2953.98,2913.95,2947.92,40306.4414,18326.171
2025-12-17 08:00:00,2947.92,2947.92,2908.56,2928.71,28398.9424,13462.1941
2025-12-17 12:00:00,2928.71,3030.92,2886.8,2904.66,202478.3788,99092.4804
2025-12-17 16:00:00,2904.65,2925.59,2791.02,2820.28,155552.7194,76455.6962
2025-12-17 20:00:00,2820.28,2837.8,2798,2833.49,49830.5391,25323.4163
2025-12-18 00:00:00,2833.5,2847.65,2821.34,2832.06,30115.801,14222.9304
2025-12-18 04:00:00,2832.06,2841.76,2822.98,2836.45,25308.1925,10775.6248
2025-12-18 08:00:00,2836.45,2864.46,2831.99,2859.09,30684.1722,16761.6987
2025-12-18 12:00:00,2859.1,2997.4,2854.47,2965.19,215481.281,108925.4098
2025-12-18 16:00:00,2965.19,2967.48,2775.19,2781.93,205062.6339,100334.6778
2025-12-18 20:00:00,2781.92,2838.25,2779.76,2828.57,88601.7191,46627.2041
2025-12-19 00:00:00,2828.56,2935,2808.63,2909.01,123898.4272,54067.0278
2025-12-19 04:00:00,2909,2984.33,2907.09,2951.73,96960.5859,50976.8896
2025-12-19 08:00:00,2951.72,2971.57,2938.01,2964.96,43082.5898,21277.5217
2025-12-19 12:00:00,2964.97,3020,2943.13,2964.99,149054.673,75372.3698
2025-12-19 16:00:00,2964.99,3007.06,2936.3,2985.02,93755.7291,50310.2747
2025-12-19 20:00:00,2985.02,3003.02,2974.72,2979.5,24950.5389,13650.9084
2025-12-20 00:00:00,2979.49,2994.41,2970.98,2989.41,12846.4551,7048.3139
2025-12-20 04:00:00,2989.42,2990.8,2964.17,2981.24,17802.9144,7377.8588
2025-12-20 08:00:00,2981.24,2990.2,2975.14,2987.13,14432.6945,7103.6165
2025-12-20 12:00:00,2987.14,2993.8,2967.44,2977.27,25699.3196,9834.2365
2025-12-20 16:00:00,2977.26,2981.4,2974.34,2978.05,13056.8688,5068.3711
2025-12-20 20:00:00,2978.06,2985.94,2972.85,2977.93,7945.521,4209.1224
2025-12-21 00:00:00,2977.93,2981.43,2961.42,2972.81,21624.4873,11366.529
2025-12-21 04:00:00,2972.8,2982.54,2971.75,2981.09,6058.0404,2528.6139
2025-12-21 08:00:00,2981.09,3013.4,2977.61,2996.52,37511.9829,18681.4646
2025-12-21 12:00:00,2996.52,3005.46,2944,2974.68,47803.6499,22071.5358
2025-12-21 16:00:00,2974.69,2997.96,2967.74,2991.18,24256.6751,12133.5666
2025-12-21 20:00:00,2991.19,3012.27,2970.75,3002.02,24989.9711,12086.578
2025-12-22 00:00:00,3002.03,3060.55,2972.48,3021.52,67518.0299,35841.4349
2025-12-22 04:00:00,3021.53,3042.87,3020,3029.67,23753.1837,10561.1513
2025-12-22 08:00:00,3029.66,3058.38,3025.11,3049.04,35463.9382,17169.396
2025-12-22 12:00:00,3049.05,3077.39,3022.35,3052.59,70632.5652,34171.4925
2025-12-22 16:00:00,3052.59,3059.42,2974.23,2980.44,55772.3856,22069.1368
2025-12-22 20:00:00,2980.44,3015.37,2963.43,3009.49,45303.4607,23170.7574
2025-12-23 00:00:00,3009.48,3035.79,2971.56,2991.8,52521.8213,25427.0948
2025-12-23 04:00:00,2991.81,2999.97,2944.79,2964.89,70774.1346,37608.4394
2025-12-23 08:00:00,2964.88,2975.35,2952.26,2973.63,22052.4785,9922.5878
2025-12-23 12:00:00,2973.63,2974.47,2900.93,2928.59,96611.7545,44085.1733
2025-12-23 16:00:00,2928.59,2966.56,2908.95,2943.92,66566.6724,34609.8729
2025-12-23 20:00:00,2943.95,2988.44,2940.89,2965.02,77938.8857,54741.2913
2025-12-24 00:00:00,2965.03,2978.15,2921.03,2945.75,37427.1687,20901.2124
2025-12-24 04:00:00,2945.75,2958.73,2917.12,2932.68,35394.642,17302.0508
2025-12-24 08:00:00,2932.69,2939.84,2914.35,2925.02,29363.6813,14214.3816
2025-12-24 12:00:00,2925.02,2938.73,2888.7,2925.55,44957.6081,21947.726
2025-12-24 16:00:00,2925.54,2954.39,2921.37,2945.72,32340.0522,18356.0265
2025-12-24 20:00:00,2945.73,2962.96,2941.73,2947.47,17552.4075,8681.1456
2025-12-25 00:00:00,2947.48,2956.89,2936.89,2947.15,13645.1601,5271.2488
2025-12-25 04:00:00,2947.16,2948.15,2938.12,2941.56,17963.7439,7437.6436
2025-12-25 08:00:00,2941.57,2946.82,2912,2924.88,26993.2817,11187.2953
2025-12-25 12:00:00,2924.88,2971.46,2920,2961.14,50360.9413,24555.2181
2025-12-25 16:00:00,2961.14,2967.65,2943.75,2956.41,40199.7035,20584.2652
2025-12-25 20:00:00,2956.41,2956.58,2891.2,2903.95,39558.4676,16951.721
2025-12-26 00:00:00,2903.9,2994.38,2894.26,2964.92,85472.0655,42117.648
2025-12-26 04:00:00,2964.92,2993.27,2952.59,2956.83,56536.7528,28938.1997
2025-12-26 08:00:00,2956.83,2976.53,2954.76,2964.75,27704.0127,14420.6146
2025-12-26 12:00:00,2964.76,2985.89,2894.49,2923.19,102372.8741,54323.2626
2025-12-26 16:00:00,2923.2,2935.12,2906.98,2925.99,29323.5571,14002.7063
2025-12-26 20:00:00,2925.99,2938.83,2921.49,2927.99,13421.7367,5568.8683
2025-12-27 00:00:00,2928,2933.7,2921.33,2933.4,12504.4062,6386.091
2025-12-27 04:00:00,2933.39,2938,2928.11,2933.27,9579.6222,3848.9987
2025-12-27 08:00:00,2933.27,2940.79,2917.25,2930.88,22992.0865,9287.0108
2025-12-27 12:00:00,2930.88,2933.85,2925.25,2926.5,11659.5727,5352.7325
2025-12-27 16:00:00,2926.5,2930.82,2917.13,2930.82,12392.4561,5870.785
2025-12-27 20:00:00,2930.81,2960.89,2928.89,2949.05,25912.2519,12540.3533
2025-12-28 00:00:00,2949.05,2951.86,2941.14,2943.58,13874.2237,7152.0436
2025-12-28 04:00:00,2943.57,2947.07,2929.5,2939,12300.1573,5718.1837
2025-12-28 08:00:00,2938.99,2947.34,2931.56,2944.09,18702.5796,8696.4449
2025-12-28 12:00:00,2944.09,2961.23,2937.78,2949.46,33669.6711,15942.5813
2025-12-28 16:00:00,2949.47,2954.72,2924.54,2933.61,29530.2686,17660.5257
2025-12-28 20:00:00,2933.6,2955.5,2928.89,2950.91,20757.2387,10204.2123
2025-12-29 00:00:00,2950.91,3048.45,2944.54,3043.75,101995.3642,51032.6484
2025-12-29 04:00:00,3043.75,3057.78,3010.74,3019.51,103030.9462,42485.7287
2025-12-29 08:00:00,3019.51,3026.51,2956.89,2959.91,84829.1665,41484.8488
2025-12-29 12:00:00,2959.9,2965.85,2910.25,2935.75,119862.5897,59116.1994
2025-12-29 16:00:00,2935.75,2946,2914.03,2932.48,51908.4218,26367.0973
2025-12-29 20:00:00,2932.47,2944.24,2926.04,2937.9,24332.694,13068.6357
2025-12-30 00:00:00,2937.91,2956,2919.44,2951.91,30076.5563,14941.473
2025-12-30 04:00:00,2951.92,2959,2937.39,2950.79,26514.3134,11294.5962
2025-12-30 08:00:00,2950.79,3003.66,2950.2,2978.88,59053.3564,31257.2038
2025-12-30 12:00:00,2978.88,3009.8,2958.88,2989.77,93742.7732,48858.7924
2025-12-30 16:00:00,2989.78,2995.28,2944.76,2971.56,54745.6584,28341.1263
2025-12-30 20:00:00,2971.56,2975.96,2954.28,2973.69,22450.6302,11435.0431
2025-12-31 00:00:00,2973.69,2984.86,2961.89,2970.69,20321.8507,10007.8168
2025-12-31 04:00:00,2970.68,2980,2968.92,2976.98,17669.201,6495.9033
2025-12-31 08:00:00,2976.97,3003.64,2963.91,3002.2,54160.4918,24936.0903
2025-12-31 12:00:00,3002.2,3028.08,2968,2985.76,77365.9324,40297.0492
2025-12-31 16:00:00,2985.76,2997.4,2958.91,2971.15,38835.5156,20972.7038
2025-12-31 20:00:00,2971.16,2984.86,2963.43,2971.64,25376.5972,13507.9629
2026-01-01 00:00:00,2971.65,2988.96,2971.15,2980,14277.7037,8186.4707
2026-01-01 04:00:00,2979.99,2983.79,2972.99,2978.53,24119.3745,13246.78
2026-01-01 08:00:00,2978.52,2993.2,2977.8,2989.69,18658.7012,7982.7279
2026-01-01 12:00:00,2989.7,2994.87,2977.74,2989.87,24220.7859,10026.9961
2026-01-01 16:00:00,2989.87,3005.98,2980.75,2995.42,28557.2596,14695.0754
2026-01-01 20:00:00,2995.42,3010,2987.54,3004.19,26254.6958,12339.0359
2026-01-02 00:00:00,3004.19,3035,2992.49,3022.53,40245.6068,24322.0089
2026-01-02 04:00:00,3022.53,3039.54,3009.02,3018.33,25581.588,13427.1279
2026-01-02 08:00:00,3018.32,3069.71,3015.95,3047.82,67146.8837,35143.6529
2026-01-02 12:00:00,3047.81,3109,3020.79,3086.64,103779.6548,56839.8624
2026-01-02 16:00:00,3086.64,3150.01,3079.23,3123.62,103511.24,50486.9098
2026-01-02 20:00:00,3123.63,3146,3111.52,3125.45,29626.2716,14837.4772
2026-01-03 00:00:00,3125.46,3136.71,3119.26,3125.56,21639.9351,10187.8239
2026-01-03 04:00:00,3125.56,3127.79,3076,3090.5,37848.5768,16781.026
2026-01-03 08:00:00,3090.49,3110.56,3083.86,3098.49,24186.4409,12795.1976
2026-01-03 12:00:00,3098.5,3114.61,3093.47,3101.31,21597.531,11607.5805
2026-01-03 16:00:00,3101.32,3118.55,3098.33,3113.13,13958.2898,7207.9125
2026-01-03 20:00:00,3113.13,3131,3107.49,3127.11,15174.4522,8210.2662
2026-01-04 00:00:00,3127.11,3167.22,3126.35,3147.36,48314.7056,27925.4997
2026-01-04 04:00:00,3147.36,3163.19,3133.57,3141.29,39164.635,20767.8114
2026-01-04 08:00:00,3141.29,3148.3,3126,3139.54,25325.4415,10496.8144
2026-01-04 12:00:00,3139.55,3147.26,3118.75,3135.55,25571.0536,11955.4173
2026-01-04 16:00:00,3135.55,3143.6,3118.98,3132.72,22056.3594,12393.2471
2026-01-04 20:00:00,3132.72,3155.85,3130.85,3144.7,21143.8735,11245.0799
2026-01-05 00:00:00,3144.71,3220.82,3143.54,3185.86,78748.0623,39716.7529
2026-01-05 04:00:00,3185.86,3188.35,3135.31,3157.33,46393.4312,20381.7713
2026-01-05 08:00:00,3157.24,3183.64,3153.12,3180.27,35017.8247,16461.28
2026-01-05 12:00:00,3180.28,3205,3135.02,3195.57,75457.2182,37755.5493
2026-01-05 16:00:00,3195.58,3229.99,3159.48,3223.07,84699.9838,43111.9262
2026-01-05 20:00:00,3223.07,3265.66,3220,3224.99,62130.1416,31529.1539
2026-01-06 00:00:00,3224.99,3247.3,3203.34,3225.1,41660.2045,21349.2618
2026-01-06 04:00:00,3225.1,3253.76,3211.37,3219.24,43424.5658,20674.1933
2026-01-06 08:00:00,3219.24,3242.98,3214.52,3238.08,31791.5748,15886.3577
2026-01-06 12:00:00,3238.09,3308.86,3230,3272.32,128299.7324,69324.2294
2026-01-06 16:00:00,3272.31,3279.36,3183.27,3223.57,114076.954,49799.4129
2026-01-06 20:00:00,3223.57,3301.6,3223.11,3296.84,53250.4751,27283.3444
2026-01-07 00:00:00,3296.83,3296.84,3239.44,3266.83,42293.9943,20418.5287
2026-01-07 04:00:00,3266.84,3271.81,3246.75,3255.31,22149.3916,9719.0729
2026-01-07 08:00:00,3255.31,3263.37,3196.23,3220.24,64927.4387,29327.734
2026-01-07 12:00:00,3220.25,3229.05,3144.37,3164.7,91685.5827,43875.641
2026-01-07 16:00:00,3164.71,3179.69,3125.42,3146.02,58204.1941,28634.2124
2026-01-07 20:00:00,3146.02,3181.78,3128.13,3168.72,42089.5211,22669.7294
2026-01-08 00:00:00,3168.72,3184.39,3133.56,3142.88,39920.8253,19320.9174
2026-01-08 04:00:00,3142.88,3161.24,3090.04,3128.28,59556.3234,26834.6398
2026-01-08 08:00:00,3128.29,3136.56,3096.68,3121.24,46446.0065,22169.5045
2026-01-08 12:00:00,3121.25,3121.49,3054.65,3104.2,115339.8326,61256.1674
2026-01-08 16:00:00,3104.19,3140,3090.2,3111.53,53648.4349,24515.0198
2026-01-08 20:00:00,3111.53,3130.38,3089.39,3106.65,28704.6778,13738.6877
2026-01-09 00:00:00,3106.66,3148.41,3081.34,3119.6,49958.428,23856.7484
2026-01-09 04:00:00,3119.6,3125.71,3110.39,3111.2,17294.1278,8805.7806
2026-01-09 08:00:00,3111.21,3115.37,3067.44,3090.36,40427.3691,18808.4163
2026-01-09 12:00:00,3090.36,3143,3058.69,3112.08,86674.2014,44637.4612
2026-01-09 16:00:00,3112.08,3145.45,3068.94,3080.6,56163.5771,28028.8948
2026-01-09 20:00:00,3080.6,3093.35,3065.23,3088.4,24069.7499,13132.3701
2026-01-10 00:00:00,3088.4,3094.61,3080.1,3086.51,10803.586,5284.3517
2026-01-10 04:00:00,3086.51,3093.38,3077.99,3092.77,20280.0951,10085.7061
2026-01-10 08:00:00,3092.77,3104.12,3087.37,3096.99,19119.5953,11786.0539
2026-01-10 12:00:00,3096.99,3104.01,3088.81,3095.64,12501.0934,6930.0753
2026-01-10 16:00:00,3095.63,3099.37,3090.08,3092.12,8420.0952,4430.0519
2026-01-10 20:00:00,3092.13,3093.3,3078.71,3086.72,11216.5896,6172.9239
2026-01-11 00:00:00,3086.72,3097.53,3084.46,3096.78,6690.1603,3692.7841
2026-01-11 04:00:00,3096.78,3102.42,3090,3095.32,10462.9255,5164.613
2026-01-11 08:00:00,3095.32,3109.78,3092.7,3105.22,16569.4584,8329.9495
2026-01-11 12:00:00,3105.22,3131,3105,3118.22,35550.031,18605.5831
2026-01-11 16:00:00,3118.22,3147.27,3115.63,3124.36,36016.8437,19614.109
2026-01-11 20:00:00,3124.36,3126.15,3092.59,3123.45,44091.8776,22114.1804
2026-01-12 00:00:00,3123.46,3171.49,3097.24,3152.55,72306.4411,38590.718
2026-01-12 04:00:00,3152.56,3166.9,3133.52,3135.34,25464.2607,11034.9171
2026-01-12 08:00:00,3135.33,3147.62,3101.48,3115.43,40245.0871,20582.2509
2026-01-12 12:00:00,3115.43,3133.52,3065.55,3130.17,73683.7355,35465.6468
2026-01-12 16:00:00,3130.17,3146.66,3083.5,3121.83,57077.6791,28064.9308
2026-01-12 20:00:00,3121.82,3127.75,3083.54,3095.75,28596.2646,11431.4853
2026-01-13 00:00:00,3095.75,3119.01,3091.96,3116.14,22531.1335,12573.1224
2026-01-13 04:00:00,3116.14,3146.55,3112.46,3122.01,38274.2613,18660.0269
2026-01-13 08:00:00,3122,3148.33,3122,3133.95,33910.3954,18594.9967
2026-01-13 12:00:00,3133.95,3188.47,3130,3184.41,96545.2406,52034.8824
2026-01-13 16:00:00,3184.41,3218.61,3172,3215.9,73955.9338,37826.0196
2026-01-13 20:00:00,3215.91,3367.79,3190.56,3325.82,192565.317,100044.8968
2026-01-14 00:00:00,3325.83,3357.56,3315.15,3351.95,85543.415,39211.3552
2026-01-14 04:00:00,3351.94,3364.64,3322.01,3335.78,63136.2459,30543.6245
2026-01-14 08:00:00,3335.78,3342.64,3282.59,3286.22,58774.1212,25410.8195
2026-01-14 12:00:00,3286.22,3362.17,3280.48,3345.81,107556.326,55061.0077
2026-01-14 16:00:00,3345.81,3402.89,3315.51,3367.42,136432.6272,69844.6256
2026-01-14 20:00:00,3367.42,3392.94,3347.83,3354.92,51997.3406,22529.7786
2026-01-15 00:00:00,3354.92,3355.8,3278,3286.55,57564.0628,22477.621
2026-01-15 04:00:00,3286.56,3335.15,3284.84,3330,36938.0988,17583.1068
2026-01-15 08:00:00,3329.99,3378.75,3320.17,3349.96,56429.5116,28247.8709
2026-01-15 12:00:00,3349.96,3384.19,3285.79,3330.65,109387.0046,51706.3496
2026-01-15 16:00:00,3330.66,3337.56,3273.72,3295.48,95663.6814,46635.763
2026-01-15 20:00:00,3295.47,3323.32,3276.7,3318.69,34011.4768,15455.3698
2026-01-16 00:00:00,3318.7,3326.79,3291.89,3295.21,26232.6895,12099.6582
2026-01-16 04:00:00,3295.22,3316.99,3277.04,3309.41,39155.7934,17595.4697
2026-01-16 08:00:00,3309.42,3319.97,3293.33,3301.94,24987.7787,10700.4159
2026-01-16 12:00:00,3301.94,3318.61,3253.01,3264.18,65806.1923,31283.9742
2026-01-16 16:00:00,3264.17,3288.42,3259.83,3276.94,40718.886,22606.7531
2026-01-16 20:00:00,3276.94,3299.89,3264.42,3296.28,27020.4477,14872.8904
2026-01-17 00:00:00,3296.28,3297.34,3283.96,3289.32,11302.5507,4288.2372
2026-01-17 04:00:00,3289.33,3294.12,3285.99,3291.57,8025.4566,3901.4792
2026-01-17 08:00:00,3291.56,3305.32,3289.01,3302.72,19466.0816,11054.0149
2026-01-17 12:00:00,3302.72,3330.07,3299.77,3329.95,42521.6103,27007.634
2026-01-17 16:00:00,3329.95,3330.26,3312.22,3316.36,27286.9449,14623.4508
2026-01-17 20:00:00,3316.36,3320.33,3297.44,3310.56,15722.3862,7768.7691
2026-01-18 00:00:00,3310.56,3319.5,3296.34,3316.16,14955.0073,6755.5813
2026-01-18 04:00:00,3316.15,3318.36,3306.4,3307.3,19441.7668,12439.4989
2026-01-18 08:00:00,3307.3,3326.2,3303.52,3322,26425.7891,16749.1784
2026-01-18 12:00:00,3322,3347.75,3314.64,3333.99,32494.8908,16049.9239
2026-01-18 16:00:00,3334,3368.82,3330.05,3346.56,28977.7552,15083.5367
2026-01-18 20:00:00,3346.56,3356.26,3278.86,3284.03,51059.0934,25979.08
2026-01-19 00:00:00,3284.04,3284.58,3177.68,3212.29,189671.1361,87789.8277
2026-01-19 04:00:00,3212.28,3218.02,3187.88,3207.47,86267.3546,52177.1081
2026-01-19 08:00:00,3207.47,3231.27,3197.3,3223.91,62305.8434,36379.8215
2026-01-19 12:00:00,3223.91,3236.26,3202.85,3216.21,39678.1061,19884.623
2026-01-19 16:00:00,3216.2,3227.17,3208.5,3219.95,20446.9647,8712.7724
2026-01-19 20:00:00,3219.95,3225.43,3165.38,3189.55,44171.1547,20763.5212
2026-01-20 00:00:00,3189.56,3200.5,3175.53,3188.67,31249.1524,16988.6573
2026-01-20 04:00:00,3188.68,3189.23,3109.37,3123.37,92886.9592,39946.1581
2026-01-20 08:00:00,3123.37,3123.84,3085.17,3109.88,80416.5277,44398.4125
2026-01-20 12:00:00,3109.88,3115,2995.33,3032.99,151528.8906,72154.2004
2026-01-20 16:00:00,3033,3042.92,2980.11,2996.49,80445.9788,42235.6544
2026-01-20 20:00:00,2996.49,3007.22,2920,2939.88,81638.97,35882.0475
2026-01-21 00:00:00,2939.88,2984.64,2921.89,2981.76,52743.8817,29142.2535
2026-01-21 04:00:00,2981.75,3002,2966,2970.6,43953.8509,21574.4092
2026-01-21 08:00:00,2970.6,2974.87,2938,2943,47857.5216,24574.8226
2026-01-21 12:00:00,2943,3026.83,2902,3002.69,152744.3548,78089.2466
2026-01-21 16:00:00,3002.69,3069.07,2866.11,3055.56,209234.4299,108803.4602
2026-01-21 20:00:00,3055.55,3057.72,2972.69,2982.27,71266.2092,34777.6149
2026-01-22 00:00:00,2982.28,3038.33,2980.73,3013.41,40907.9309,22256.9457
2026-01-22 04:00:00,3013.41,3027.9,3000.4,3000.94,30603.7031,14146.6036
2026-01-22 08:00:00,3000.94,3016.4,2977.22,2986.8,36510.9344,16247.4152
2026-01-22 12:00:00,2986.8,3010.18,2906.02,2942.01,106579.0097,51244.904
2026-01-22 16:00:00,2942.02,2972.76,2923.99,2953.94,48457.5714,26949.987
2026-01-22 20:00:00,2953.94,2959.16,2930.15,2952.69,28601.5854,13564.9392
2026-01-23 00:00:00,2952.7,2972.08,2946.22,2964.42,22069.3863,11709.9171
2026-01-23 04:00:00,2964.42,2984.71,2935.31,2948.49,46545.6544,24340.2477
2026-01-23 08:00:00,2948.58,2951.34,2914.93,2940.68,56738.2502,27115.7782
2026-01-23 12:00:00,2940.68,2965.06,2892.4,2952.75,74272.5747,34865.7424
2026-01-23 16:00:00,2952.66,3019.26,2938.46,2959.8,94167.9053,48665.5395
2026-01-23 20:00:00,2959.79,2963.69,2930.42,2956.41,24621.5608,12554.028
2026-01-24 00:00:00,2956.41,2970.41,2949.27,2962.72,19180.1792,8765.7924
2026-01-24 04:00:00,2962.72,2966.86,2953.99,2957.34,16552.4734,7667.7596
2026-01-24 08:00:00,2957.34,2964.98,2954.77,2961.18,7645.161,3883.9376
2026-01-24 12:00:00,2961.17,2968.08,2943.84,2957.25,21086.4614,9029.2282
2026-01-24 16:00:00,2957.25,2968.49,2952.23,2953.93,14150.0816,5985.2508
2026-01-24 20:00:00,2953.94,2964.55,2949.23,2953.22,13468.5473,6151.2421
2026-01-25 00:00:00,2953.23,2960.29,2937.5,2942.6,14633.9687,5456.3568
2026-01-25 04:00:00,2942.59,2949.36,2935.01,2939.57,15127.5126,6161.6043
2026-01-25 08:00:00,2939.58,2948.11,2921,2937.54,26614.8719,13400.8391
2026-01-25 12:00:00,2937.54,2945.37,2922.08,2926.81,24962.6202,13765.0914
2026-01-25 16:00:00,2926.82,2927.78,2797.2,2812.96,193895.4063,82793.0228
2026-01-25 20:00:00,2812.96,2825.72,2787,2816.89,104952.1529,43556.8573
2026-01-26 00:00:00,2816.9,2898.76,2812.37,2850.68,103456.7027,50005.387
2026-01-26 04:00:00,2850.69,2911.61,2849.91,2904.32,70449.5297,29240.9277
2026-01-26 08:00:00,2904.32,2934.4,2880.5,2892.15,58700.9528,30160.1666
2026-01-26 12:00:00,2892.15,2951.21,2875.77,2899.32,115201.556,54847.1516
2026-01-26 16:00:00,2899.32,2936.06,2885.97,2923.12,66316.68,36758.345
2026-01-26 20:00:00,2923.11,2945.32,2895.82,2930.35,71043.916,38384.1669
2026-01-27 00:00:00,2930.35,2948.88,2912.44,2941.18,58753.8705,32302.2349
2026-01-27 04:00:00,2941.17,2957.04,2924.35,2929.11,52881.5063,24088.0464
2026-01-27 08:00:00,2929.11,2932.65,2899.77,2917.02,55309.1442,19767.868
2026-01-27 12:00:00,2917.03,2943.63,2905.93,2937.45,67431.6111,37149.9857
2026-01-27 16:00:00,2937.46,2998.52,2918.09,2980.48,130629.9434,65642.6283
2026-01-27 20:00:00,2980.48,3035.08,2978.92,3026.77,113786.3233,50679.4095
2026-01-28 00:00:00,3026.77,3029.79,2996.55,3005.18,26992.6585,13045.0191
2026-01-28 04:00:00,3005.18,3018.33,2992.89,3005.07,34894.0853,16863.5996
2026-01-28 08:00:00,3005.07,3045.36,2986.59,3039.72,57899.7112,31942.8938
2026-01-28 12:00:00,3039.71,3045.78,2983.67,3008.25,79326.4621,46127.8972
2026-01-28 16:00:00,3008.25,3031.68,2989.41,3016.6,64622.6941,30949.5633
2026-01-28 20:00:00,3016.6,3038.45,2996.66,3010.78,32872.0437,15628.6334
2026-01-29 00:00:00,3010.78,3013.5,2944.48,2952.52,54242.7483,23639.2019
2026-01-29 04:00:00,2952.52,2965.69,2937.55,2961.54,30942.7833,14735.7326
2026-01-29 08:00:00,2961.54,2969.79,2923.77,2929.29,46623.7633,22471.5709
2026-01-29 12:00:00,2929.29,2939,2797.01,2824.32,140222.2492,64874.2055
2026-01-29 16:00:00,2824.31,2860.05,2754.53,2797.53,242269.3264,121778.5686
2026-01-29 20:00:00,2797.53,2827.59,2789.39,2822.59,46987.7274,23440.5376
2026-01-30 00:00:00,2822.6,2828.65,2689,2741.11,182314.4807,80763.0711
2026-01-30 04:00:00,2741.12,2774.83,2696.82,2740.16,103133.5444,50175.285
2026-01-30 08:00:00,2740.17,2768.78,2710,2759.88,65278.2179,34231.0512
2026-01-30 12:00:00,2759.87,2766.53,2693.42,2729.47,123239.403,60338.7574
2026-01-30 16:00:00,2729.46,2761.46,2636.01,2742.4,205002.4188,103824.0688
2026-01-30 20:00:00,2742.39,2742.87,2664.82,2707.38,114311.5604,59433.9295
2026-01-31 00:00:00,2707.37,2714.64,2684.67,2695.86,31607.4725,18851.5807
2026-01-31 04:00:00,2695.86,2704.82,2668.2,2680.06,36477.2886,20172.2275
2026-01-31 08:00:00,2680.06,2683.49,2609.85,2640.72,101951.5948,46709.5494
2026-01-31 12:00:00,2640.72,2644.43,2510.01,2534.2,226209.6577,105861.5713
2026-01-31 16:00:00,2534.2,2551.26,2250,2382.82,562612.3808,256044.2972
2026-01-31 20:00:00,2382.83,2473.77,2355.24,2451.95,154239.3188,72790.9794
2026-02-01 00:00:00,2451.96,2475.98,2429.15,2445.46,92986.2376,35140.0204
2026-02-01 04:00:00,2445.46,2454.66,2393.46,2411.22,122634.216,45706.8053
2026-02-01 08:00:00,2411.22,2438.98,2376.1,2411.86,99830.5142,38601.6052
2026-02-01 12:00:00,2411.86,2412.47,2285.4,2315.39,215369.1339,86428.6922
2026-02-01 16:00:00,2315.47,2377.99,2284.17,2320.35,236454.4214,125294.7979
2026-02-01 20:00:00,2320.35,2349.24,2222,2270.15,259299.4235,124707.7239
2026-02-02 00:00:00,2270.16,2324.17,2166.14,2239.02,298359.9131,137456.0452
2026-02-02 04:00:00,2239.01,2268,2157.14,2228.93,301794.9407,159853.861
2026-02-02 08:00:00,2228.93,2319,2228.93,2282.32,202430.0447,102862.9467
2026-02-02 12:00:00,2282.32,2396.62,2274.19,2372.71,260831.0106,128384.5464
2026-02-02 16:00:00,2372.71,2387.31,2327.68,2331.54,123749.5713,53720.903
2026-02-02 20:00:00,2331.52,2355.55,2313.33,2347.02,61369.731,32138.6397
2026-02-03 00:00:00,2347.01,2359.88,2284.48,2344.03,92480.3296,42016.6295
2026-02-03 04:00:00,2343.99,2354.99,2298.44,2323.12,142937.5961,84233.0013
2026-02-03 08:00:00,2323.13,2332.57,2262.15,2276.68,125794.6591,63066.3143
2026-02-03 12:00:00,2276.68,2317.65,2251.94,2303.2,165687.0223,82279.3239
2026-02-03 16:00:00,2303.21,2303.4,2110,2205.28,499560.1202,252942.7705
2026-02-03 20:00:00,2205.27,2343.82,2188.25,2233.72,294639.6594,141880.1762
2026-02-04 00:00:00,2233.72,2295.74,2223.88,2283.37,94160.573,45952.4292
2026-02-04 04:00:00,2283.37,2293.99,2256,2283.85,78151.7651,36092.3278
2026-02-04 08:00:00,2283.84,2285.9,2221.47,2254.86,132402.8161,46915.7312
2026-02-04 12:00:00,2254.86,2263.3,2136.6,2151.83,322528.0764,143341.3323
2026-02-04 16:00:00,2151.84,2194.71,2076.68,2188.27,475231.0228,258140.5664
2026-02-04 20:00:00,2188.26,2192.7,2088.01,2148.26,162269.1766,79453.7083
2026-02-05 00:00:00,2148.25,2173.77,2097.94,2110,173253.3499,89032.6984
2026-02-05 04:00:00,2110,2125.26,2068.2,2091.4,232556.1529,111268.8345
2026-02-05 08:00:00,2091.5,2149.75,2061.96,2079.98,171883.2094,86671.5744
2026-02-05 12:00:00,2079.98,2106.51,1927.33,1961.12,487545.3296,244678.072
2026-02-05 16:00:00,1961.12,2018.33,1913.76,1928.76,377522.1496,196603.5017
2026-02-05 20:00:00,1928.78,1943.06,1818.18,1826.83,509526.5037,239710.6014
2026-02-06 00:00:00,1826.83,1947.84,1747.8,1891.82,467955.4557,233839.7363
2026-02-06 04:00:00,1891.81,1975.75,1885.95,1899.42,267768.456,151146.73
2026-02-06 08:00:00,1899.41,1939.35,1866.13,1932.68,372603.6313,230717.5296
2026-02-06 12:00:00,1932.67,2002.18,1914.88,1980.81,347876.9294,197218.6388
2026-02-06 16:00:00,1980.8,2090.13,1970.17,2065.63,408242.2928,242467.7347
2026-02-06 20:00:00,2065.63,2093.94,2039.93,2063.38,237864.7921,134402.2069
2026-02-07 00:00:00,2063.37,2086,2032.6,2080.81,123773.1219,65984.6488
2026-02-07 04:00:00,2080.8,2119.46,1994.57,2027.1,180822.7462,86377.3013
2026-02-07 08:00:00,2027.1,2032.6,1999.57,2018.77,90171.0894,33708.6636
2026-02-07 12:00:00,2018.77,2075.21,2009.82,2052.54,171743.7573,92065.2498
2026-02-07 16:00:00,2052.55,2121.7,2009.54,2091.29,500380.4324,240388.2793
2026-02-07 20:00:00,2091.29,2115,2073,2087.08,75725.3015,30061.7993
2026-02-08 00:00:00,2087.08,2107.44,2076.86,2078.77,55846.2385,25970.2912
2026-02-08 04:00:00,2078.78,2090.01,2064.1,2084.41,81901.8886,32969.8183
2026-02-08 08:00:00,2084.41,2137.57,2078.04,2132.35,92748.6006,48937.4418
2026-02-08 12:00:00,2132.36,2145.26,2097.57,2108.64,92209.4994,43181.2698
2026-02-08 16:00:00,2108.63,2129.73,2072.8,2126.77,60836.7024,27195.0107
2026-02-08 20:00:00,2126.79,2152.03,2071.6,2089.74,99294.322,49766.9278
2026-02-09 00:00:00,2089.73,2103.02,2055.01,2100.25,90227.1224,48990.8678
2026-02-09 04:00:00,2100.25,2102.03,2064.67,2065.74,63962.1613,32541.9315
2026-02-09 08:00:00,2065.74,2070.21,2013.25,2028.23,110228.8629,50933.1252
2026-02-09 12:00:00,2028.26,2073.47,2008.62,2061.61,123193.2243,62866.7389
2026-02-09 16:00:00,2061.61,2143,2047.78,2131.34,142688.2535,73898.3552
2026-02-09 20:00:00,2131.34,2147.73,2089,2105.02,95078.9325,46215.5127
2026-02-10 00:00:00,2105.02,2124.71,2052.14,2064.96,63762.6252,29089.4424
2026-02-10 04:00:00,2064.96,2074.35,1997.59,2007.47,195613.5569,102335.1889
2026-02-10 08:00:00,2007.47,2029.98,1995.83,2003.21,114586.795,44318.6315
2026-02-10 12:00:00,2003.2,2040.01,1989.38,2022.66,106821.103,55518.9105
2026-02-10 16:00:00,2022.67,2046.94,1996.18,2017.95,63309.8136,30547.5463
2026-02-10 20:00:00,2017.95,2022.85,1997,2022.67,30227.7971,15180.5454
2026-02-11 00:00:00,2022.67,2032.31,1998,2009.59,33194.1097,14323.754
2026-02-11 04:00:00,2009.59,2011.23,1939.21,1950.89,100528.6786,46255.6606
2026-02-11 08:00:00,1950.9,1956.52,1932.02,1953.66,49832.9522,26814.4731
2026-02-11 12:00:00,1953.65,2015.81,1903.19,1929.46,190798.5893,93732.9205
2026-02-11 16:00:00,1929.46,1959.8,1908.8,1952.28,103334.7985,50233.3203
2026-02-11 20:00:00,1952.27,1988.07,1932.44,1941.18,51966.6894,27657.6131
2026-02-12 00:00:00,1941.19,1977.75,1941.19,1968.69,42186.6103,21899.7666
2026-02-12 04:00:00,1968.7,1983,1953.14,1968.07,52494.6941,24055.0041
2026-02-12 08:00:00,1968.07,2001.42,1957.25,1989.02,56917.0883,28877.5785
2026-02-12 12:00:00,1989.02,1996.3,1945.01,1948.47,80328.0854,39022.3291
2026-02-12 16:00:00,1948.48,1950.16,1897.24,1925.44,150050.4511,72984.4004
2026-02-12 20:00:00,1925.45,1952.61,1909.66,1947.85,45590.2177,25628.4203
2026-02-13 00:00:00,1947.85,1958.21,1927.63,1953.55,37154.7957,16309.6989
2026-02-13 04:00:00,1953.56,1955.8,1924.72,1935.75,43614.141,19098.2562
2026-02-13 08:00:00,1935.75,1969.26,1933.65,1960.04,62366.42,32715.0714
2026-02-13 12:00:00,1960.05,2050.58,1952.6,2034.93,155146.5792,83564.6982
2026-02-13 16:00:00,2034.92,2073.68,2031.42,2057.75,90215.9732,47825.2611
2026-02-13 20:00:00,2057.74,2059.65,2038.69,2048.72,37151.8607,16130.6334
2026-02-14 00:00:00,2048.72,2057.57,2042.37,2054.37,20999.1891,9847.3546
2026-02-14 04:00:00,2054.39,2060.49,2048.5,2057.21,20369.1955,9718.5585
2026-02-14 08:00:00,2057.2,2107.67,2057.04,2099.58,58856.9562,33131.1767
2026-02-14 12:00:00,2099.58,2100.39,2064.58,2087.43,55179.6359,24247.3194
2026-02-14 16:00:00,2087.42,2090.51,2067.27,2088.52,38770.8925,20860.8614
2026-02-14 20:00:00,2088.52,2098.89,2078.63,2086.59,26501.3663,12260.2714
2026-02-15 00:00:00,2086.59,2090.5,2030.9,2058.94,241490.3874,73708.7558
2026-02-15 04:00:00,2058.94,2103.32,2058.94,2091.41,80534.6926,37066.188
2026-02-15 08:00:00,2091.41,2096.82,2054.36,2061.96,52092.5746,24237.9027
2026-02-15 12:00:00,2061.96,2068.63,1993.3,2011.29,115706.5194,54576.9509
2026-02-15 16:00:00,2011.29,2011.3,1928.88,1942.23,289683.7113,103597.9628
2026-02-15 20:00:00,1942.22,1974.51,1933.77,1966.58,55270.2099,30315.4696
2026-02-16 00:00:00,1966.59,1981.2,1948.76,1958.78,47402.3615,25592.3883
2026-02-16 04:00:00,1958.78,1978.64,1952.91,1971.13,38495.4814,18299.2701
2026-02-16 08:00:00,1971.14,1993.35,1957.12,1976.15,51619.9007,25339.542
2026-02-16 12:00:00,1976.16,2023.51,1937.24,1956.65,110856.7205,55466.1926
2026-02-16 16:00:00,1956.65,1988.4,1956.31,1974.04,57117.5097,28338.8666
2026-02-16 20:00:00,1974.04,2004.02,1971.1,1998.33,45855.9695,25122.5262
2026-02-17 00:00:00,1998.34,2008.58,1979.7,1985.7,39980.2922,16323.4046
2026-02-17 04:00:00,1985.69,1998.48,1964.72,1985.91,44990.1813,19511.7055
2026-02-17 08:00:00,1985.91,1990.88,1961.71,1968.47,47256.3661,22456.8837
2026-02-17 12:00:00,1968.47,2002.7,1941.66,1968.58,117605.2683,60678.2798
2026-02-17 16:00:00,1968.59,2015.33,1954.03,1998.14,117627.2187,60943.5128
2026-02-17 20:00:00,1998.15,2004,1987.57,1991.66,38787.6161,17033.9167
2026-02-18 00:00:00,1991.67,2000.56,1968.68,1997.07,48694.6631,19855.7973
2026-02-18 04:00:00,1997.08,2023.52,1993.35,2018.07,37645.5204,20142.6555
2026-02-18 08:00:00,2018.06,2039.05,1976.57,1981.43,60451.9639,27409.6431
2026-02-18 12:00:00,1981.44,2010.3,1954.3,1985.48,108443.0065,54486.3342
2026-02-18 16:00:00,1985.48,1987.89,1923.78,1941.03,95520.9971,45282.6686
2026-02-18 20:00:00,1941.04,1956.79,1935.82,1955.91,42882.8576,24346.5132
2026-02-19 00:00:00,1955.9,1974.73,1950.5,1972.33,26076.3731,14055.4755
2026-02-19 04:00:00,1972.32,1987.55,1964.2,1981.76,34121.8946,14010.9165
2026-02-19 08:00:00,1981.76,1982.54,1948.16,1949.58,43208.626,16572.4368
2026-02-19 12:00:00,1949.59,1956.18,1911.49,1926.3,102895.4861,49876.0335
2026-02-19 16:00:00,1926.29,1947.52,1907,1941.34,63444.2011,33102.9757
2026-02-19 20:00:00,1941.33,1952.57,1934.79,1949.08,30510.4924,14412.4742
2026-02-20 00:00:00,1949.08,1964.54,1947.41,1954.85,28686.3728,13494.7871
2026-02-20 04:00:00,1954.85,1968.55,1931.01,1960.97,55966.1225,26212.8406
2026-02-20 08:00:00,1960.93,1973.86,1940.58,1943.98,58746.4014,23611.4451
2026-02-20 12:00:00,1943.99,1980.49,1922.97,1963.95,121943.2751,59901.9797
2026-02-20 16:00:00,1963.96,1981.18,1939.21,1963.69,94955.2126,50003.3257
2026-02-20 20:00:00,1963.69,1975.27,1961.6,1968.88,25956.1713,13199.8475
2026-02-21 00:00:00,1968.88,1970.7,1955.62,1959.03,16581.1973,7650.3525
2026-02-21 04:00:00,1959.03,1966.09,1956.21,1962.71,14321.5832,8241.0615
2026-02-21 08:00:00,1962.7,1988.6,1962,1977.02,40811.7456,19775.6915
2026-02-21 12:00:00,1977.02,1995.56,1969.49,1988.13,48823.033,24606.3675
2026-02-21 16:00:00,1988.13,1995.31,1976.41,1988.35,33339.759,19881.6523
2026-02-21 20:00:00,1988.34,1990.41,1970,1973.35,25296.5275,11380.7854
2026-02-22 00:00:00,1973.35,1982.99,1967.4,1974.71,20908.1331,11111.5989
2026-02-22 04:00:00,1974.71,1979.54,1970.2,1975.88,16211.4013,8702.7712
2026-02-22 08:00:00,1975.87,1983.13,1970.58,1980.78,17778.8113,8494.8186
2026-02-22 12:00:00,1980.79,1981.6,1943.53,1953.98,50424.8978,22981.2567
2026-02-22 16:00:00,1953.99,1955.56,1935,1943.74,29014.4909,13586.4181
2026-02-22 20:00:00,1943.73,1960.95,1939.81,1957.82,20987.9138,12363.2489
2026-02-23 00:00:00,1957.82,1958.33,1847.46,1862.87,167470.8913,83237.7601
2026-02-23 04:00:00,1862.88,1888.71,1853.34,1885.5,66206.0759,37535.9233
2026-02-23 08:00:00,1885.5,1928.19,1877.23,1915.3,69463.5612,33427.471
2026-02-23 12:00:00,1915.29,1935.52,1892.68,1895.65,88300.1008,38877.3254
2026-02-23 16:00:00,1895.65,1900.18,1837.13,1857.19,118579.9054,53563.115
2026-02-23 20:00:00,1857.19,1870,1846.8,1856.3,37338.9523,19857.1903
2026-02-24 00:00:00,1856.3,1869.58,1811.81,1832.03,79888.0694,39138.0145
2026-02-24 04:00:00,1832.03,1840.79,1813.77,1825.7,73536.267,36642.7839
2026-02-24 08:00:00,1825.7,1836.18,1815.22,1826.75,63530.8244,25039.0287
2026-02-24 12:00:00,1826.75,1850.29,1800,1847.59,111212.7497,50327.4856
2026-02-24 16:00:00,1847.59,1865.38,1838.36,1852.46,74379.3442,35952.1535
2026-02-24 20:00:00,1852.47,1864.11,1845.41,1851.94,35516.7737,18750.9439
2026-02-25 00:00:00,1851.95,1944.86,1846.74,1906.14,105259.2872,55220.3321
2026-02-25 04:00:00,1906.14,1914.35,1878.02,1893.31,54762.9592,26038.0434
2026-02-25 08:00:00,1893.32,1928.45,1890.27,1926.48,49526.3486,25188.9564
2026-02-25 12:00:00,1926.48,2028.7,1922.28,2013.73,159045.4848,82606.1958
2026-02-25 16:00:00,2013.69,2086.17,2013.36,2071.1,145026.7604,69185.0037
2026-02-25 20:00:00,2071.1,2148.39,2034.39,2057.48,169358.5976,84992.0176
2026-02-26 00:00:00,2057.48,2076.6,2039.37,2054.55,59037.3129,29703.1793
2026-02-26 04:00:00,2054.55,2082.81,2051.55,2053.37,61288.611,32297.545
2026-02-26 08:00:00,2053.36,2083.33,2044.36,2057.66,57504.2592,28752.9515
2026-02-26 12:00:00,2057.65,2077.81,2011.56,2033.34,111408.8267,56982.5177
2026-02-26 16:00:00,2033.34,2037.78,1975.35,2030.14,119622.7569,61929.9529
2026-02-26 20:00:00,2030.13,2042.75,2018.33,2027.68,30921.5899,15115.7635
2026-02-27 00:00:00,2027.68,2049.48,2000.02,2045.39,54459.6079,28032.4784
2026-02-27 04:00:00,2045.39,2063.52,2022.16,2032.69,63087.8823,27828.8355
2026-02-27 08:00:00,2032.69,2045.93,1953.37,1962.08,92541.2853,42269.4121
2026-02-27 12:00:00,1962.08,1969,1938.82,1948.59,105123.5497,56866.8107
2026-02-27 16:00:00,1948.59,1948.86,1907.48,1921.1,64022.9582,34380.0059
2026-02-27 20:00:00,1921.11,1933.64,1887,1929.84,49451.9506,24910.0838
2026-02-28 00:00:00,1929.84,1937.17,1919.8,1924.49,21099.5553,11135.666
2026-02-28 04:00:00,1924.49,1931.62,1835.36,1866.73,135260.6076,63673.6651
2026-02-28 08:00:00,1866.73,1881,1845.05,1863.31,66347.784,33302.8566
2026-02-28 12:00:00,1863.32,1915.95,1862.47,1898.88,91811.9835,47991.5277
2026-02-28 16:00:00,1898.87,1955.04,1886.02,1947.02,73171.577,35812.6621
2026-02-28 20:00:00,1947.03,1984.99,1938.76,1964.51,73989.4761,38062.0463
2026-03-01 00:00:00,1964.51,2054.8,1943.58,2023.29,128780.5667,64013.8967
2026-03-01 04:00:00,2023.29,2030.3,1989,2007.24,69926.2021,31872.2506
2026-03-01 08:00:00,2007.23,2010.18,1972.24,1983.32,51208.5737,23180.7187
2026-03-01 12:00:00,1983.32,2028,1968.6,1993.38,80414.5735,40318.1378
2026-03-01 16:00:00,1993.38,2009.38,1946.55,1953.9,99987.1454,48899.462
2026-03-01 20:00:00,1953.89,1971.01,1907.41,1939.71,98879.785,46263.1818
2026-03-02 00:00:00,1939.71,1989.23,1937.42,1972.3,69056.6329,35522.4956
2026-03-02 04:00:00,1972.3,1983.6,1925.53,1941.66,58667.3787,25973.6544
2026-03-02 08:00:00,1941.65,1967.13,1920,1947.81,61905.2816,30081.1023
2026-03-02 12:00:00,1947.8,2065.48,1921.7,2047.33,181807.1215,102221.5888
2026-03-02 16:00:00,2047.33,2090,2017.15,2043.57,122416.9126,59289.9057
2026-03-02 20:00:00,2043.56,2058.59,2024.32,2027.35,83553.0476,46110.5026
2026-03-03 00:00:00,2027.34,2041.48,1998,2008.88,72387.9676,36307.2183
2026-03-03 04:00:00,2008.88,2019.4,1987.5,1996.33,54747.8134,28056.7088
2026-03-03 08:00:00,1996.32,2000.53,1939.1,1961.28,94656.1381,46385.0614
2026-03-03 12:00:00,1961.28,1990.07,1929.56,1969.22,138896.9913,71551.7339
2026-03-03 16:00:00,1969.21,2014.12,1958.76,1986.02,112467.8933,54607.5268
2026-03-03 20:00:00,1986.03,2001.63,1959.35,1982.8,36173.0497,17343.0817
2026-03-04 00:00:00,1982.81,1998.66,1945.08,1960.9,62339.7285,26263.9873
2026-03-04 04:00:00,1960.89,2010,1950.65,2006.55,52487.5859,28068.1943
2026-03-04 08:00:00,2006.55,2092.9,2000.47,2054.97,187331.0723,91723.6039
2026-03-04 12:00:00,2054.97,2157.67,2036.37,2150.23,202994.5808,111709.8533
2026-03-04 16:00:00,2150.23,2199,2129.13,2177.51,171810.7114,86893.3848
2026-03-04 20:00:00,2177.51,2179.66,2116.67,2127.28,60681.1363,23512.8323
2026-03-05 00:00:00,2127.28,2141.93,2107.5,2120.15,54056.4032,22385.3119
2026-03-05 04:00:00,2120.15,2144.2,2095.71,2104.96,54039.2126,25680.4587
2026-03-05 08:00:00,2104.96,2163.66,2093.63,2137.92,70522.7353,37972.1559
2026-03-05 12:00:00,2137.92,2142.95,2067.54,2086.96,124518.7575,56505.5288
2026-03-05 16:00:00,2086.95,2093.7,2054.75,2074.36,89377.0807,43151.8093
2026-03-05 20:00:00,2074.37,2099.36,2069.72,2072.86,39643.6233,19758.2312
2026-03-06 00:00:00,2072.86,2093.33,2061.79,2083.8,39076.4167,18227.0029
2026-03-06 04:00:00,2083.81,2087.66,2058.84,2082.83,45370.5524,22321.8841
2026-03-06 08:00:00,2082.83,2082.83,2045.79,2051.03,50661.1023,23227.7457
2026-03-06 12:00:00,2051.03,2062.12,1966.24,1978.01,172028.7426,79376.5585
2026-03-06 16:00:00,1978,1993.3,1955.95,1983.75,75044.6173,41092.6915
2026-03-06 20:00:00,1983.75,1989.91,1969.26,1978.68,29416.3256,13358.0608
2026-03-07 00:00:00,1978.68,1996.04,1971.79,1980.21,27984.3292,14902.9642
2026-03-07 04:00:00,1980.22,1984.19,1964.34,1982.94,40763.1763,18884.8186
2026-03-07 08:00:00,1982.94,1994.98,1975.38,1988.91,29519.2921,15251.8056
2026-03-07 12:00:00,1988.92,1990.95,1970.47,1981.04,29451.1976,13848.329
2026-03-07 16:00:00,1981.03,1983.47,1948.09,1955.2,34963.6539,14944.5199
2026-03-07 20:00:00,1955.2,1974.27,1954.89,1969.59,21778.1709,11437.9559
2026-03-08 00:00:00,1969.6,1977.35,1935.73,1947.67,52276.8743,21790.5483
2026-03-08 04:00:00,1947.67,1960.41,1930,1955.23,53344.1715,21284.9694
2026-03-08 08:00:00,1955.22,1979.8,1944.85,1951.38,70951.6493,49746.6898
2026-03-08 12:00:00,1951.39,1954.67,1925.06,1943.32,83662.2406,32851.2625
2026-03-08 16:00:00,1943.32,1970.58,1928.08,1964.91,48151.6932,25889.1999
2026-03-08 20:00:00,1964.91,1971.95,1916.14,1937.1,82803.1028,39167.2293
2026-03-09 00:00:00,1937.11,2006.01,1929.65,1977.48,104584.2494,53947.1526
2026-03-09 04:00:00,1977.48,2014.26,1963.45,1983.9,83648.8027,37740.944
2026-03-09 08:00:00,1983.91,2022,1978.92,1992.2,68130.8102,36762.1881
2026-03-09 12:00:00,1992.2,2032.84,1992.2,2022.63,115494.5461,59174.4591
2026-03-09 16:00:00,2022.64,2053.52,2005.76,2033.91,81118.9511,40369.3738
2026-03-09 20:00:00,2033.91,2037.3,1989.12,1992.98,97848.1288,54883.1724
2026-03-10 00:00:00,1992.97,2054.19,1991,2026.8,83033.8026,49442.2036
2026-03-10 04:00:00,2026.8,2059.69,2026.36,2051,60378.2851,34923.4157
2026-03-10 08:00:00,2051,2074,2051,2061.69,60450.0646,30927.5921
2026-03-10 12:00:00,2061.7,2085.73,2008.65,2079.35,139969.2004,68226.203
2026-03-10 16:00:00,2079.34,2088.19,2027.16,2037.02,85631.607,41701.9661
2026-03-10 20:00:00,2037.02,2048.31,2018,2036.51,33948.9142,14792.3368
2026-03-11 00:00:00,2036.5,2041.71,2018.13,2021.17,36763.3501,13716.3536
2026-03-11 04:00:00,2021.17,2041.49,2007.17,2012.54,35827.9229,15099.4562
2026-03-11 08:00:00,2012.54,2033.96,2009.48,2017.8,36247.0984,15730.1261
2026-03-11 12:00:00,2017.8,2082.66,2012.81,2049.73,132152.8625,69539.3522
2026-03-11 16:00:00,2049.75,2085.58,2046.46,2076.06,76213.7444,43022.7044
2026-03-11 20:00:00,2076.05,2084.53,2045.2,2051.97,32856.2777,15338.7401
2026-03-12 00:00:00,2051.97,2058.16,2017.59,2023.38,44363.5344,20485.5208
2026-03-12 04:00:00,2023.39,2042.26,2019.33,2040.7,36224.657,20415.4535
2026-03-12 08:00:00,2040.69,2076.65,2038.42,2062.83,56474.7206,27278.0252
2026-03-12 12:00:00,2062.83,2095,2037.79,2072.33,112015.805,61399.7714
2026-03-12 16:00:00,2072.33,2078.09,2045.42,2069.59,63567.8353,32258.954
2026-03-12 20:00:00,2069.6,2093.45,2054.99,2073.52,87861.2609,34857.1085
2026-03-13 00:00:00,2073.51,2148.8,2070.12,2118.85,126779.3388,60051.0575
2026-03-13 04:00:00,2118.86,2120.06,2090,2099.38,45196.2617,21301.5699
2026-03-13 08:00:00,2099.38,2133.3,2091.45,2121.02,66817.4737,33950.7028
2026-03-13 12:00:00,2121.02,2209.03,2120.52,2128.01,234537.6685,125202.1468
2026-03-13 16:00:00,2128.01,2143.33,2090.28,2102.48,84455.4942,39958.1888
2026-03-13 20:00:00,2102.48,2116.66,2078.5,2092.22,41870.803,19897.5493
2026-03-14 00:00:00,2092.21,2103.42,2081.39,2101.16,31321.7837,17646.7241
2026-03-14 04:00:00,2101.15,2106.09,2068.28,2077.46,38191.8421,14637.848
2026-03-14 08:00:00,2077.46,2081.64,2061.6,2073.67,26861.5463,12461.8513
2026-03-14 12:00:00,2073.67,2080.65,2069.8,2074.72,22427.7115,12013.023
2026-03-14 16:00:00,2074.72,2079.47,2069.19,2077.49,10772.0777,4845.9659
2026-03-14 20:00:00,2077.5,2099.69,2076.2,2096.16,22925.6209,11803.9487
2026-03-15 00:00:00,2096.16,2107.91,2083.35,2096.15,28619.3164,15860.3479
2026-03-15 04:00:00,2096.15,2115.95,2096.13,2105.64,22147.2871,10628.8902
2026-03-15 08:00:00,2105.64,2123.44,2105.64,2119.63,21019.7068,12208.8901
2026-03-15 12:00:00,2119.63,2119.83,2086.34,2093.79,45875.4183,19979.6209
2026-03-15 16:00:00,2093.79,2117.86,2088.84,2113.49,31467.5941,16479.8334
2026-03-15 20:00:00,2113.49,2202.87,2110,2178.3,131696.615,70984.7921
2026-03-16 00:00:00,2178.29,2253.48,2164.73,2235.67,133968.0991,70747.3061
2026-03-16 04:00:00,2235.67,2288.63,2235.67,2248.95,186961.7977,96153.2048
2026-03-16 08:00:00,2248.95,2280,2234.92,2269.94,89322.6948,48515.6327
2026-03-16 12:00:00,2269.94,2308.54,2255.04,2273.88,178036.6219,93993.7254
2026-03-16 16:00:00,2273.88,2348.06,2270,2330.92,127675.3126,68793.1794
2026-03-16 20:00:00,2330.92,2386.02,2323.68,2352.97,129928.2495,67616.3476
2026-03-17 00:00:00,2352.97,2376.66,2308.03,2320,159041.6195,81678.8024
2026-03-17 04:00:00,2320.01,2337.86,2294.15,2327.7,86783.2765,42138.647
2026-03-17 08:00:00,2327.71,2335.35,2304,2326.82,59820.3103,28499.9809
2026-03-17 12:00:00,2326.81,2357.73,2304.27,2315.98,105064.0596,50538.779
2026-03-17 16:00:00,2315.98,2342.7,2312.44,2320.22,50434.4264,22928.9377
2026-03-17 20:00:00,2320.22,2344.69,2316.78,2317.39,32687.4093,14351.3595
2026-03-18 00:00:00,2317.38,2350,2307,2340.61,39754.8685,20430.1139
2026-03-18 04:00:00,2340.61,2342,2311.53,2317.74,32757.9854,13593.8166
2026-03-18 08:00:00,2317.73,2333.62,2263.43,2269.34,70784.1433,31528.9113
2026-03-18 12:00:00,2269.33,2270.5,2168.97,2187.66,170394.1198,79174.835
2026-03-18 16:00:00,2187.67,2220,2166.87,2185.85,99070.471,47254.6715
2026-03-18 20:00:00,2185.85,2206.88,2153.21,2203.39,75279.3007,40382.2423
2026-03-19 00:00:00,2203.39,2233.72,2187.24,2212.29,52579.6266,25521.1448
2026-03-19 04:00:00,2212.29,2213.11,2143.14,2166.68,79211.2867,35620.2481
2026-03-19 08:00:00,2166.68,2192.07,2158.09,2166.92,65786.0455,31737.74
2026-03-19 12:00:00,2166.92,2167.48,2099.38,2118.81,165314.3215,70462.9908
2026-03-19 16:00:00,2118.81,2156.92,2104.87,2141.19,86393.2993,50055.9276
2026-03-19 20:00:00,2141.18,2155.62,2130.57,2137.81,41507.0994,22085.1275
2026-03-20 00:00:00,2137.82,2160.78,2132.69,2151.38,44494.7603,25150.3822
2026-03-20 04:00:00,2151.38,2159.24,2121.25,2150.54,43279.9495,23004.6609
2026-03-20 08:00:00,2150.53,2176.84,2131.56,2141.5,61690.4049,32509.974
2026-03-20 12:00:00,2141.49,2152.74,2116.88,2134.01,68483.295,36941.5194
2026-03-20 16:00:00,2134,2144.76,2117.41,2132.91,45009.742,23315.0888
2026-03-20 20:00:00,2132.91,2168,2123.96,2146.22,37198.0261,21278.5187
2026-03-21 00:00:00,2146.21,2159.87,2144.24,2153.6,15716.7385,7924.7318
2026-03-21 04:00:00,2153.59,2161.34,2150.36,2155.67,16494.1831,9032.9026
2026-03-21 08:00:00,2155.67,2159.52,2149.57,2157.37,12040.1339,6054.7861
2026-03-21 12:00:00,2157.37,2168.27,2146.45,2155.12,19951.1534,10428.039
2026-03-21 16:00:00,2155.13,2155.64,2142.01,2152.16,13965.6408,7229.3162
2026-03-21 20:00:00,2152.17,2157,2070.78,2084.87,54391.6149,22579.8055
2026-03-22 00:00:00,2084.86,2127.21,2050.12,2113.83,109521.6483,53881.5387
2026-03-22 04:00:00,2113.83,2122.94,2092.35,2093.38,32643.6328,16240.0908
2026-03-22 08:00:00,2093.4,2096.82,2066.97,2069.98,43062.5355,19947.5691
2026-03-22 12:00:00,2069.97,2092.63,2068.37,2083.1,34314.2881,19232.9908
2026-03-22 16:00:00,2083.1,2084.45,2054.35,2063.21,27972.3686,13024.1268
2026-03-22 20:00:00,2063.22,2074.16,2026,2053.89,65556.0839,32019.3894
2026-03-23 00:00:00,2053.9,2072.33,2035.69,2052.54,46093.4891,24040.703
2026-03-23 04:00:00,2052.53,2072.11,2023.04,2044.72,57516.0292,29331.9022
2026-03-23 08:00:00,2044.73,2198.57,2028.2,2134.78,192147.2097,97179.9729
2026-03-23 12:00:00,2134.78,2192.44,2107.43,2128.45,199243.9292,99420.8158
2026-03-23 16:00:00,2128.46,2178.74,2117.77,2154.46,93011.0763,47592.97
2026-03-23 20:00:00,2154.45,2166.81,2140.71,2152.03,26496.7034,12673.6225
2026-03-24 00:00:00,2152.03,2156.22,2124.26,2141.59,43067.6466,19586.5683
2026-03-24 04:00:00,2141.59,2170.65,2128.84,2165.61,46075.0579,22749.7766
2026-03-24 08:00:00,2165.61,2175.16,2147.36,2165.9,40140.7495,19705.8517
2026-03-24 12:00:00,2165.89,2170.52,2120,2135.15,80333.0075,37575.6291
2026-03-24 16:00:00,2135.15,2140.57,2103.02,2116.87,59554.7786,27742.4772
2026-03-24 20:00:00,2116.86,2163.7,2115.63,2156.23,47532.2327,24943.8646
2026-03-25 00:00:00,2156.22,2168.63,2146.35,2158.54,35228.5599,19058.7974
2026-03-25 04:00:00,2158.53,2179.73,2156.83,2164.57,38937.4198,18305.0734
2026-03-25 08:00:00,2164.57,2199.02,2164.57,2186.41,56767.0182,31355.7972
2026-03-25 12:00:00,2186.41,2198.16,2147.67,2162.56,76609.8458,35250.9243
2026-03-25 16:00:00,2162.56,2186.85,2155.93,2172.69,46113.5072,25113.4162
2026-03-25 20:00:00,2172.68,2183.5,2159.42,2169.02,21985.1746,9919.4762
2026-03-26 00:00:00,2169.02,2172.19,2144.05,2153.21,29526.6584,12847.017
2026-03-26 04:00:00,2153.22,2154.58,2112.17,2123.64,49214.7706,20993.7249
2026-03-26 08:00:00,2123.64,2126.89,2062.94,2068.44,76476.7034,38750.1748
2026-03-26 12:00:00,2068.45,2093.79,2052.01,2070.4,74259.0218,40040.7204
2026-03-26 16:00:00,2070.4,2070.95,2034.54,2049.12,65545.1975,36633.6285
2026-03-26 20:00:00,2049.11,2080.42,2046.54,2060.43,42988.2721,22322.9478
2026-03-27 00:00:00,2060.43,2077.19,2056.8,2061.48,22743.3242,11254.6101
2026-03-27 04:00:00,2061.49,2072.36,2043.49,2066.23,52118.1988,30748.2272
2026-03-27 08:00:00,2066.24,2069.6,1983.02,1991.8,119274.8749,56817.3758
2026-03-27 12:00:00,1991.8,2010.45,1970.93,1991.32,108873.3737,54435.9026
2026-03-27 16:00:00,1991.32,1997.73,1974.48,1991.71,70350.7315,43001.6748
2026-03-27 20:00:00,1991.7,1996.31,1980,1992.75,21513.0217,9793.4893
2026-03-28 00:00:00,1992.76,1995.16,1983.17,1989.19,17995.8198,11291.4418
2026-03-28 04:00:00,1989.19,2008.35,1987.3,2007.07,18318.467,11791.2585
2026-03-28 08:00:00,2007.07,2008.34,1992.77,1997.64,18237.6229,9350.0316
2026-03-28 12:00:00,1997.64,2047.45,1992.25,2026.84,65210.0923,37127.9936
2026-03-28 16:00:00,2026.84,2030.23,2016.5,2020.56,12710.5504,6803.9852
2026-03-28 20:00:00,2020.57,2026.48,1989.64,1994.74,22359.2531,10014.2083
2026-03-29 00:00:00,1994.74,2019.65,1991.52,2011.1,16613.2608,8962.7683
2026-03-29 04:00:00,2011.1,2012.72,1997.67,2006.14,12828.4597,6454.219
2026-03-29 08:00:00,2006.14,2008.16,1991.9,2003.78,15067.8231,7770.1869
2026-03-29 12:00:00,2003.78,2004.9,1983.56,1992.97,25232.6686,12494.1096
2026-03-29 16:00:00,1992.98,2003.61,1987.6,1995.89,16964.0358,9104.8342
2026-03-29 20:00:00,1995.89,2009.48,1938.82,1984.64,80020.4902,42911.1258
2026-03-30 00:00:00,1984.65,2043.5,1980.28,2035.88,70029.5862,40394.3583
2026-03-30 04:00:00,2035.88,2068.28,2035.88,2059.58,52260.9134,26790.4581
2026-03-30 08:00:00,2059.58,2081.65,2048.14,2071.28,50627.4687,26082.8482
2026-03-30 12:00:00,2071.29,2085,2044.25,2074.53,70195.1822,34370.631
2026-03-30 16:00:00,2074.53,2074.99,2013.33,2023.7,60238.4065,28407.01
2026-03-30 20:00:00,2023.7,2049.1,2013.92,2026.48,34952.8774,18016.9055
2026-03-31 00:00:00,2026.48,2092.34,2016.29,2066.71,66502.1402,38491.9457
2026-03-31 04:00:00,2066.71,2072.24,2042.31,2055.97,34849.5818,15338.0346
2026-03-31 08:00:00,2055.98,2059.2,2012.64,2041.2,62779.5377,28576.8881
2026-03-31 12:00:00,2041.21,2092,2035.02,2054.85,95949.4482,47054.4754
2026-03-31 16:00:00,2054.85,2124.03,2054.29,2096.54,126072.2648,69802.0612
2026-03-31 20:00:00,2096.54,2111.01,2088.35,2105.43,35744.9296,19115.7236
2026-04-01 00:00:00,2105.43,2117.79,2082.08,2102.91,37975.9983,19021.4692
2026-04-01 04:00:00,2102.91,2158,2100.35,2131,78179.0218,39769.4029
2026-04-01 08:00:00,2131,2142.93,2125,2135.32,46234.2524,20284.6413
2026-04-01 12:00:00,2135.32,2152,2108.72,2135.04,77261.013,38632.017
2026-04-01 16:00:00,2135.04,2167.85,2123.58,2141.43,74639.0666,40493.0074
2026-04-01 20:00:00,2141.43,2165.42,2130.7,2140.35,84938.0258,45520.5736
2026-04-02 00:00:00,2140.35,2159.37,2046.48,2056.33,108784.5193,49092.0179
2026-04-02 04:00:00,2056.33,2058.45,2038.63,2056.09,45874.1458,19912.8457
2026-04-02 08:00:00,2056.09,2056.09,2024.73,2033.01,34776.9717,16404.426
2026-04-02 12:00:00,2033.02,2072.22,2017.04,2059.6,88821.5481,44130.783
2026-04-02 16:00:00,2059.59,2077.64,2043.65,2065.34,44924.9508,20921.5722
2026-04-02 20:00:00,2065.35,2074.16,2053.54,2057.17,23690.6966,10685.2254
2026-04-03 00:00:00,2057.18,2062.49,2040.66,2054.23,27862.5809,13171.3996
2026-04-03 04:00:00,2054.22,2075.17,2047.35,2065.85,24471.2575,12432.1323
2026-04-03 08:00:00,2065.84,2072,2053.46,2062.64,21397.6282,10269.3862
2026-04-03 12:00:00,2062.64,2081.76,2041.65,2051.26,34731.975,17396.9258
2026-04-03 16:00:00,2051.26,2056.54,2043.78,2052.68,12701.8429,6178.2654
2026-04-03 20:00:00,2052.69,2060.92,2049.23,2053.83,15101.3548,5401.6923
2026-04-04 00:00:00,2053.83,2053.86,2047.92,2050.05,7032.7972,3592.931
2026-04-04 04:00:00,2050.05,2058,2048.41,2053.82,9175.3802,4734.5579
2026-04-04 08:00:00,2053.82,2055.44,2047.89,2051.84,11621.7432,5203.2326
2026-04-04 12:00:00,2051.84,2062.02,2044.63,2056.29,21445.1645,9520.8918
2026-04-04 16:00:00,2056.29,2084,2053.07,2064.71,25517.2179,13766.8476
2026-04-04 20:00:00,2064.71,2072.15,2059.6,2065.52,11712.1376,5971.1964
2026-04-05 00:00:00,2065.51,2065.63,2054.15,2056.64,8367.2542,3706.1037
2026-04-05 04:00:00,2056.64,2058.09,2027.75,2037.29,20196.3802,8411.1676
2026-04-05 08:00:00,2037.29,2052.53,2035.91,2042.32,8916.0507,4562.0616
2026-04-05 12:00:00,2042.31,2069.89,2021.5,2053.85,37354.6547,19491.1351
2026-04-05 16:00:00,2053.85,2069.95,2048.69,2062.37,21390.3714,11201.921
2026-04-05 20:00:00,2062.38,2123.49,2050,2110.17,61128.6087,30991.1084
2026-04-06 00:00:00,2110.17,2147.24,2110.17,2129.35,65862.4144,34410.4865
2026-04-06 04:00:00,2129.35,2141,2120.04,2134.9,40132.1583,22085.3363
2026-04-06 08:00:00,2134.91,2174.79,2133.42,2151.53,64975.0888,34230.9346
2026-04-06 12:00:00,2151.53,2169.6,2137.76,2164.65,75911.3132,39683.5305
2026-04-06 16:00:00,2164.65,2168.72,2123.6,2144.25,56698.6975,24780.0495
2026-04-06 20:00:00,2144.25,2155.06,2087.5,2107.16,52474.6172,25224.1719
2026-04-07 00:00:00,2107.16,2120.14,2093.64,2108.37,34808.2346,16617.1226
2026-04-07 04:00:00,2108.37,2119.21,2096.69,2104.04,24073.3793,11524.0416
2026-04-07 08:00:00,2104.03,2133.83,2082.35,2089.58,52681.4772,27039.714
2026-04-07 12:00:00,2089.58,2093.17,2060.24,2080.06,76548.9624,38829.092
2026-04-07 16:00:00,2080.07,2116.65,2077.52,2113.39,55202.1323,29482.9643
2026-04-07 20:00:00,2113.39,2273.87,2110.68,2240.01,216780.6235,115760.0432
2026-04-08 00:00:00,2240.01,2251.39,2228.24,2234.68,71283.3269,34637.9894
2026-04-08 04:00:00,2234.68,2260.76,2234.68,2253.76,59756.0098,27751.8286
2026-04-08 08:00:00,2253.76,2263.35,2237.12,2247.23,52326.6102,25009.6368
2026-04-08 12:00:00,2247.23,2270.55,2186.61,2215.45,129483.0314,61447.9223
2026-04-08 16:00:00,2215.44,2239.5,2197.7,2211.04,53536.308,25264.2154
2026-04-08 20:00:00,2211.03,2222.55,2179.78,2190,38332.3458,16871.7318
2026-04-09 00:00:00,2190,2193.79,2162,2182.49,34908.9725,14069.7652
2026-04-09 04:00:00,2182.49,2188.99,2175.6,2181.14,24256.0905,10811.2942
2026-04-09 08:00:00,2181.14,2197.7,2176.37,2180.26,33344.5829,17197.63
2026-04-09 12:00:00,2180.26,2225,2157.31,2217.99,76023.3606,40876.565
2026-04-09 16:00:00,2218,2229.4,2193,2216.42,57199.04,29176.8428
2026-04-09 20:00:00,2216.42,2246,2183.33,2190.2,49585.9038,23408.4441
2026-04-10 00:00:00,2190.17,2204.1,2176.1,2186.06,33173.2947,14426.3031
2026-04-10 04:00:00,2186.05,2203.11,2176.4,2179.28,31613.9975,12920.849
2026-04-10 08:00:00,2179.27,2224.28,2177.13,2215.65,47671.2334,23430.2726
2026-04-10 12:00:00,2215.66,2257.99,2208.18,2224.27,95750.7477,46828.9258
2026-04-10 16:00:00,2224.28,2256,2221.46,2253.17,37702.4223,21652.9792
2026-04-10 20:00:00,2253.17,2257.14,2235.41,2245.05,26987.3902,12817.9825
2026-04-11 00:00:00,2245.06,2252.15,2234.81,2237.17,19355.1058,8104.674
2026-04-11 04:00:00,2237.18,2242.93,2229,2232.6,22477.3402,10653.9679
2026-04-11 08:00:00,2232.6,2249.31,2232.14,2246.11,22661.8276,11403.749
2026-04-11 12:00:00,2246.12,2256.11,2233.72,2249.54,18996.8388,8945.376
2026-04-11 16:00:00,2249.54,2329.93,2246.53,2315.96,89257.1086,51065.7363
2026-04-11 20:00:00,2315.96,2317.14,2276.47,2284.99,42037.1829,17065.4845
2026-04-12 00:00:00,2285,2288.57,2207.06,2213.71,91337.4612,43401.9011
2026-04-12 04:00:00,2213.7,2220.87,2208.32,2218.02,27644.0457,13978.2533
2026-04-12 08:00:00,2218.02,2219.04,2194.32,2204.62,26727.7633,12302.0552
2026-04-12 12:00:00,2204.62,2208.22,2175,2186.47,53590.6811,26042.7303
2026-04-12 16:00:00,2186.47,2207.23,2183.09,2198.27,21416.5101,11306.4936
2026-04-12 20:00:00,2198.27,2218.13,2183.99,2191.65,37440.4207,18626.8102
2026-04-13 00:00:00,2191.64,2209.05,2187.2,2194.36,26455.4785,12714.0769
2026-04-13 04:00:00,2194.36,2201.45,2182.22,2186.56,33191.7629,19289.7011
2026-04-13 08:00:00,2186.57,2195.34,2179,2187.33,20617.5554,9941.359
2026-04-13 12:00:00,2187.33,2236.43,2175.68,2209.28,104259.3625,54431.2573
2026-04-13 16:00:00,2209.28,2268.88,2200,2262.33,64810.6588,34160.6433
2026-04-13 20:00:00,2262.33,2394.71,2247.5,2369.46,204536.0111,104062.8669
2026-04-14 00:00:00,2369.46,2378.06,2354.6,2365.5,74432.8525,37846.4505
2026-04-14 04:00:00,2365.5,2389.99,2354.76,2377.91,63856.121,32900.5264
2026-04-14 08:00:00,2377.92,2396.03,2367.61,2374.53,66171.3263,36299.7665
2026-04-14 12:00:00,2374.54,2415.5,2332.72,2364.63,155007.3984,78246.5167
2026-04-14 16:00:00,2364.62,2371.48,2302.9,2313.32,73170.8888,28384.3489
2026-04-14 20:00:00,2313.32,2332.35,2308.53,2322.44,27468.7971,12470.8673
2026-04-15 00:00:00,2322.44,2342.76,2317.56,2328.81,28901.5466,13200.182
2026-04-15 04:00:00,2328.82,2338.23,2308.5,2316.62,31505.5439,14851.6543
2026-04-15 08:00:00,2316.62,2339.42,2312.15,2337.43,39774.7835,20123.2134
2026-04-15 12:00:00,2337.42,2349.46,2317.54,2332.04,55356.8376,27107.9932
2026-04-15 16:00:00,2332.03,2385.61,2329.1,2375.05,60038.6043,28192.5725
2026-04-15 20:00:00,2375.05,2380.45,2348.58,2359.95,52613.3218,22967.0999
2026-04-16 00:00:00,2359.94,2369.59,2345.04,2357.86,24372.7204,10985.6113
2026-04-16 04:00:00,2357.85,2364,2335.72,2341.52,33030.1056,15493.094
2026-04-16 08:00:00,2341.52,2348.4,2328.64,2335.67,38717.9452,19274.0466
2026-04-16 12:00:00,2335.68,2351.8,2285.1,2339.01,122115.6918,60638.0828
2026-04-16 16:00:00,2339.01,2361.96,2309.96,2359.7,72519.8431,33772.1715
2026-04-16 20:00:00,2359.69,2364.68,2336.25,2348.17,38204.6316,15759.2377
2026-04-17 00:00:00,2348.16,2350.9,2323.83,2325.52,22001.9814,9749.0582
2026-04-17 04:00:00,2325.53,2342.02,2317.43,2334.16,31478.7638,14766.2546
2026-04-17 08:00:00,2334.15,2377,2332.98,2354.99,65874.4475,31683.0853
2026-04-17 12:00:00,2355,2456.93,2349.4,2441.96,220835.8864,114505.7476
2026-04-17 16:00:00,2441.96,2464.91,2415.41,2427.92,76798.3675,35297.741
2026-04-17 20:00:00,2427.92,2444.34,2415.47,2419,74741.9149,46563.0827
2026-04-18 00:00:00,2419,2427.64,2399.54,2405.04,29072.7602,12550.9337
2026-04-18 04:00:00,2405.03,2413.54,2399.52,2403.71,14941.9954,6496.6757
2026-04-18 08:00:00,2403.71,2404.85,2343.44,2352.96,67979.8578,31546.7332
2026-04-18 12:00:00,2352.96,2369.66,2345.25,2363.64,57355.5128,22418.406
2026-04-18 16:00:00,2363.64,2375.14,2339.92,2348.59,39182.5061,18637.8247
2026-04-18 20:00:00,2348.59,2359.5,2344.96,2350.32,13208.7565,7076.4961
2026-04-19 00:00:00,2350.33,2355.3,2332.1,2339.77,20291.3796,9346.2586
2026-04-19 04:00:00,2339.77,2346.11,2300,2316.03,54404.7518,24243.6088
2026-04-19 08:00:00,2316.03,2331.13,2306.42,2329.38,23275.524,11379.3202
2026-04-19 12:00:00,2329.38,2350.24,2315.29,2330.8,37666.7192,19357.2263
2026-04-19 16:00:00,2330.8,2331.34,2287.62,2299.65,53803.7087,25534.2843
2026-04-19 20:00:00,2299.66,2300,2252.72,2263.27,66644.7443,29940.2037
2026-04-20 00:00:00,2263.28,2294.3,2259.67,2286.56,30033.2489,16773.8293
2026-04-20 04:00:00,2286.55,2332.88,2263.18,2298.8,59476.1626,30650.4743
2026-04-20 08:00:00,2298.81,2320,2289.82,2308.42,37613.5655,20102.9683
2026-04-20 12:00:00,2308.42,2326.36,2278.38,2313.91,85434.5339,38666.8464
2026-04-20 16:00:00,2313.92,2344.19,2297.97,2331.78,53432.5029,26591.9461
2026-04-20 20:00:00,2331.78,2346.78,2307.74,2313.85,35010.0521,16241.5641
2026-04-21 00:00:00,2313.84,2326.64,2300.01,2311.62,22781.1909,10892.4126
2026-04-21 04:00:00,2311.62,2327.05,2304.06,2318.48,22945.3733,13324.8706
2026-04-21 08:00:00,2318.48,2338.75,2314,2320.45,30640.3683,14028.1451
2026-04-21 12:00:00,2320.45,2327.5,2290.35,2310.24,52118.0452,24273.2734
2026-04-21 16:00:00,2310.25,2332,2284.19,2298.41,62286.6088,28046.8058
2026-04-21 20:00:00,2298.42,2329.47,2296.04,2327.14,35874.3905,18055.9503
2026-04-22 00:00:00,2327.15,2379.66,2312.95,2363.62,66774.3839,36127.3693
2026-04-22 04:00:00,2363.63,2413.83,2358.41,2389.97,89349.9459,40855.7029
2026-04-22 08:00:00,2389.98,2400.78,2383,2398.44,41401.3724,21686.7357
2026-04-22 12:00:00,2398.44,2423.75,2390.9,2403.83,98738.8258,54052.3445
2026-04-22 16:00:00,2403.84,2413.75,2384.17,2397.79,50321.212,23781.1095
2026-04-22 20:00:00,2397.8,2406.11,2373.95,2374.07,33121.3859,15255.0059
2026-04-23 00:00:00,2374.08,2382,2331.5,2340.81,76206.1153,40200.1797
2026-04-23 04:00:00,2340.82,2358.93,2337.12,2344.43,39343.6563,16435.21
2026-04-23 08:00:00,2344.43,2345,2305.61,2328.97,78151.0377,36075.739
2026-04-23 12:00:00,2328.96,2343.58,2315.23,2333.26,52807.9001,27305.8271
2026-04-23 16:00:00,2333.26,2335.76,2285.42,2312.88,79023.7839,35569.2882
2026-04-23 20:00:00,2312.87,2338.79,2312.74,2330.26,31113.199,14051.6553
2026-04-24 00:00:00,2330.27,2337.5,2301.35,2308.64,27004.8932,11510.752
2026-04-24 04:00:00,2308.63,2317.35,2300.22,2311.63,28648.9402,15138.0864
2026-04-24 08:00:00,2311.63,2332.26,2303.74,2328.1,35868.9201,17890.9492
2026-04-24 12:00:00,2328.1,2331.85,2301.61,2323.81,46811.7304,21029.9119
2026-04-24 16:00:00,2323.81,2325,2308.82,2321.6,24666.2517,11143.7351
2026-04-24 20:00:00,2321.59,2328.16,2307.2,2314.99,20886.8825,11471.4035
2026-04-25 00:00:00,2314.98,2321.36,2311.27,2318.43,7639.0588,4027.2063
2026-04-25 04:00:00,2318.44,2319.01,2313.3,2316.48,6328.1546,3062.7753
2026-04-25 08:00:00,2316.48,2323.21,2311.2,2313.64,11470.7972,4871.4977
2026-04-25 12:00:00,2313.65,2318.94,2303,2308.09,15641.4778,7702.1759
2026-04-25 16:00:00,2308.08,2313.98,2300.55,2310.06,19676.6866,9918.6877
2026-04-25 20:00:00,2310.06,2320.42,2308.85,2319.5,7383.0441,4007.51
2026-04-26 00:00:00,2319.49,2320.06,2306.72,2310,10012.7252,3409.0962
2026-04-26 04:00:00,2309.99,2336.48,2308.97,2331.24,24981.3334,12839.6979
2026-04-26 08:00:00,2331.25,2337.68,2329.66,2335.95,12111.2365,6100.5161
2026-04-26 12:00:00,2335.96,2352.44,2324.19,2348.05,24507.8806,12572.654
2026-04-26 16:00:00,2348.06,2376.35,2340.56,2367.4,35056.7538,18487.1985
2026-04-26 20:00:00,2367.4,2380,2348.47,2369.44,47921.6924,23467.009
2026-04-27 00:00:00,2369.45,2404.37,2359.46,2394.85,48640.6352,28268.1477
2026-04-27 04:00:00,2394.85,2396.05,2312.71,2316.01,71679.7375,33015.886
2026-04-27 08:00:00,2316,2325.52,2309.13,2320.39,29605.5066,13739.3511
2026-04-27 12:00:00,2320.39,2329.82,2266.09,2275.07,85871.4106,38872.0317
2026-04-27 16:00:00,2275.07,2292.91,2270.04,2289.14,46317.2928,21092.5387
2026-04-27 20:00:00,2289.15,2308.61,2284.66,2303.67,18249.2759,8810.3423
2026-04-28 00:00:00,2303.66,2310.88,2280.99,2290.94,21169.2851,9177.9321
2026-04-28 04:00:00,2290.93,2296.91,2270.53,2287.99,37016.4672,17352.9568
2026-04-28 08:00:00,2288,2291.64,2270.36,2275.32,32729.5921,16752.8175
2026-04-28 12:00:00,2275.32,2286.2,2258.24,2279.76,49767.4453,25215.3331
2026-04-28 16:00:00,2279.76,2305.55,2274.38,2301.96,33432.9185,19074.1177
2026-04-28 20:00:00,2301.96,2305.95,2284.15,2289.42,13816.5119,7004.9225
2026-04-29 00:00:00,2289.42,2316.36,2278.84,2311.52,39935.6458,21293.0828
2026-04-29 04:00:00,2311.53,2342.5,2309.33,2323.73,55138.2957,27486.9239
2026-04-29 08:00:00,2323.74,2346.95,2321.11,2331.74,34673.3128,17647.0959
2026-04-29 12:00:00,2331.74,2331.94,2263.1,2272.51,81070.1689,41598.1196
2026-04-29 16:00:00,2272.5,2285.92,2220.36,2233.7,105332.5164,52220.1573
2026-04-29 20:00:00,2233.69,2264.8,2230.49,2252.9,38928.1619,18754.4232
2026-04-30 00:00:00,2252.9,2279,2236.36,2253.24,36060.2185,18210.8481
2026-04-30 04:00:00,2253.24,2262.23,2231.64,2260.31,33378.8714,15495.4297
2026-04-30 08:00:00,2260.31,2273.7,2252.07,2258.18,30735.9241,16738.8908
2026-04-30 12:00:00,2258.18,2275.13,2245.82,2265.7,37871.9822,19006.5561
2026-04-30 16:00:00,2265.7,2267.16,2251.62,2261.99,17651.0886,9175.635
2026-04-30 20:00:00,2261.98,2267.32,2252.42,2257.51,11496.1928,5365.7527
2026-05-01 00:00:00,2257.51,2295,2257.21,2282.87,26924.6936,14655.0983
2026-05-01 04:00:00,2282.87,2286.75,2272.09,2279.48,22911.8668,8892.3721
2026-05-01 08:00:00,2279.5,2293,2277.06,2286.45,18694.3189,8811.0811
2026-05-01 12:00:00,2286.46,2325.28,2284.15,2307.64,74814.7245,36698.0044
2026-05-01 16:00:00,2307.64,2314.21,2298.17,2304.85,26400.5038,11807.3528
2026-05-01 20:00:00,2304.85,2305.86,2278.98,2295.63,21336.4474,8669.8242
2026-05-02 00:00:00,2295.63,2308.34,2292.91,2304.44,10951.3606,6430.6268
2026-05-02 04:00:00,2304.43,2306.35,2296.62,2301.02,10106.3654,3673.3003
2026-05-02 08:00:00,2301.01,2307.78,2299.05,2302.1,8398.4598,3445.419
2026-05-02 12:00:00,2302.09,2311.83,2301.36,2309.19,11671.861,6317.2778
2026-05-02 16:00:00,2309.18,2313.98,2304.08,2311.08,10993.0917,6079.6383
2026-05-02 20:00:00,2311.08,2343.6,2309.59,2316.97,33467.3339,19716.5337
2026-05-03 00:00:00,2316.97,2317.69,2299.38,2301.9,19468.8798,7450.4149
2026-05-03 04:00:00,2301.9,2314.01,2297.59,2309.28,11221.5322,5698.0347
2026-05-03 08:00:00,2309.28,2327.5,2307.49,2319.63,17555.1258,9951.2321
2026-05-03 12:00:00,2319.63,2333.91,2319.63,2328.44,21474.0931,10823.3729
2026-05-03 16:00:00,2328.45,2337.87,2322.38,2335.59,19196.1335,10359.826
2026-05-03 20:00:00,2335.6,2356.92,2315,2322.65,62158.6698,30209.2932
2026-05-04 00:00:00,2322.65,2391,2309.24,2385.12,114327.9965,57208.6503
2026-05-04 04:00:00,2385.11,2398.93,2354.2,2362.8,69420.5189,31591.6251
2026-05-04 08:00:00,2362.79,2371.09,2314.25,2337.59,85731.0321,41576.8758
2026-05-04 12:00:00,2337.59,2381.8,2325.71,2350.1,103215.1931,51732.7902
2026-05-04 16:00:00,2350.11,2379.52,2336.63,2356.52,62301.4442,30189.8298
2026-05-04 20:00:00,2356.52,2365.91,2344.83,2347.16,18024.6137,8256.7128
2026-05-05 00:00:00,2347.17,2389.38,2344.93,2382.43,43369.6537,20211.595
2026-05-05 04:00:00,2382.43,2390.74,2367.35,2380.59,49038.9405,22697.6539
2026-05-05 08:00:00,2380.59,2384.62,2366.76,2379.89,29380.9535,14721.5593
2026-05-05 12:00:00,2379.89,2399.5,2369.17,2381.31,78808.51,39426.2161
2026-05-05 16:00:00,2381.3,2383.38,2359.71,2371.94,40911.2728,20766.6512
2026-05-05 20:00:00,2371.94,2388.54,2354.34,2360.77,45127.4007,21504.3942
2026-05-06 00:00:00,2360.76,2380.87,2355,2376.8,33054.8032,17510.949
2026-05-06 04:00:00,2376.81,2379.4,2355,2371.74,33514.6725,16953.3821
2026-05-06 08:00:00,2371.74,2423.74,2369.16,2410.47,113801.0466,59890.5101
2026-05-06 12:00:00,2410.47,2413.59,2346.68,2359.1,137462.5415,61108.2409
2026-05-06 16:00:00,2359.1,2367.47,2338,2348.5,59822.6802,22693.2523
2026-05-06 20:00:00,2348.49,2357.45,2338.28,2350.84,43011.5721,14851.219
2026-05-07 00:00:00,2350.84,2352.3,2313.89,2322.39,63504.3173,25385.229
2026-05-07 04:00:00,2322.39,2346.89,2317.8,2344.59,51518.0099,21238.9272
2026-05-07 08:00:00,2344.59,2346.6,2317.35,2329.94,54139.7818,21159.3407
2026-05-07 12:00:00,2329.94,2337.13,2285.95,2294.82,129506.9522,51727.2015
2026-05-07 16:00:00,2294.82,2304,2280.1,2295.98,98757.482,36392.3787
2026-05-07 20:00:00,2295.98,2302.57,2281.04,2291.06,72095.3946,21618.4352
2026-05-08 00:00:00,2291.06,2294.28,2265.61,2278.76,54369.0261,20604.7045
2026-05-08 04:00:00,2278.77,2284.54,2267.15,2281.35,73893.4649,27763.6791
2026-05-08 08:00:00,2281.37,2298.01,2280.15,2295.38,65719.1373,34017.1926
2026-05-08 12:00:00,2295.38,2302,2269.96,2293.2,85201.3421,35440.3105
2026-05-08 16:00:00,2293.2,2321.22,2286.42,2316.05,76484.5206,32344.2675
2026-05-08 20:00:00,2316.06,2319.15,2303.19,2307.06,65367.6672,14603.8453
2026-05-09 00:00:00,2307.07,2320.77,2304.19,2315.33,39168.7188,13871.1695
2026-05-09 04:00:00,2315.33,2325.33,2310.9,2314.69,51761.091,19645.0674
2026-05-09 08:00:00,2314.69,2320.53,2310.24,2314.57,25659.728,9826.0986
2026-05-09 12:00:00,2314.56,2318.27,2300,2317.63,31105.7798,14407.5587
2026-05-09 16:00:00,2317.64,2338.37,2315.29,2332.01,56917.6483,26062.1861
2026-05-09 20:00:00,2332.02,2333.47,2324.7,2326.44,25818.1911,7148.5
2026-05-10 00:00:00,2326.43,2332.91,2318.33,2327.76,33278.1366,10692.9266
2026-05-10 04:00:00,2327.75,2332.09,2326.1,2327.36,26964.3516,8518.0516
2026-05-10 08:00:00,2327.36,2333.59,2319,2322.58,28879.9992,9880.9049
2026-05-10 12:00:00,2322.59,2351.66,2320.87,2347.56,51926.9775,22011.0726
2026-05-10 16:00:00,2347.56,2368,2340.11,2365.54,154424.5599,118760.1844
2026-05-10 20:00:00,2365.54,2382.53,2311.83,2371.27,102648.8375,49258.1919
2026-05-11 00:00:00,2371.26,2374.92,2320.01,2330.56,60324.2716,26752.6353
2026-05-11 04:00:00,2330.56,2342.44,2326.66,2330.54,35309.276,14630.2856
2026-05-11 08:00:00,2330.55,2339.9,2326.66,2335.8,21339.0861,9464.8736
2026-05-11 12:00:00,2335.8,2338.89,2304,2333.48,54288.2257,23396.4149
2026-05-11 16:00:00,2333.48,2344.35,2323.68,2340.43,43385.8646,18462.3913
2026-05-11 20:00:00,2340.44,2345.68,2335.08,2339.87,22315.3312,10783.6025
2026-05-12 00:00:00,2339.88,2340.85,2295.01,2309.37,46792.4896,21876.935
2026-05-12 04:00:00,2309.36,2314.49,2291.63,2295.2,35381.7127,13966.7144
2026-05-12 08:00:00,2295.2,2296.27,2278.57,2287.01,60392.7982,28309.8159
2026-05-12 12:00:00,2287.02,2294.01,2256.67,2261.85,63665.2782,27124.4823
2026-05-12 16:00:00,2261.86,2287.43,2256.27,2285.09,29736.9338,14639.5349
2026-05-12 20:00:00,2285.1,2291.37,2273.88,2274.96,17011.8957,6642.8122
2026-05-13 00:00:00,2274.97,2303.77,2273.34,2301.77,25629.7121,13091.4478
2026-05-13 04:00:00,2301.76,2309,2295.63,2301.07,20242.608,8646.3369
2026-05-13 08:00:00,2301.07,2323.36,2299,2301.82,39654.7131,22011.4242
2026-05-13 12:00:00,2301.83,2307.54,2234.13,2236.49,101419.7434,45926.3375
2026-05-13 16:00:00,2236.48,2268.49,2235.48,2256.53,55259.29,26880.4673
2026-05-13 20:00:00,2256.53,2264.46,2251,2258.65,16249.6633,7624.3474
2026-05-14 00:00:00,2258.66,2269.37,2238.64,2242.14,28395.7613,11227.3616
2026-05-14 04:00:00,2242.14,2275.2,2239.54,2265.48,28603.5337,15392.0611
2026-05-14 08:00:00,2265.49,2270.99,2252.53,2253.81,31025.1104,17105.7098
2026-05-14 12:00:00,2253.81,2299.7,2246.13,2298.48,68751.7844,34447.3564
2026-05-14 16:00:00,2298.48,2319.33,2293.96,2298.34,71280.168,35727.5383
2026-05-14 20:00:00,2298.34,2301.67,2280.18,2283.25,28624.4781,13852.3307
2026-05-15 00:00:00,2283.26,2300.29,2260.45,2273.34,56947.0188,17269.8679
2026-05-15 04:00:00,2273.35,2273.91,2237.95,2265.11,50307.0238,22164.0679
2026-05-15 08:00:00,2265.11,2265.42,2250,2257.57,30771.6519,15424.3247
2026-05-15 12:00:00,2257.56,2260.72,2205.11,2222.85,98329.8622,43130.5533
2026-05-15 16:00:00,2222.86,2232.88,2218.9,2223.35,32854.539,16657.4583
2026-05-15 20:00:00,2223.35,2226.29,2215,2224.66,19326.455,8537.7598
2026-05-16 00:00:00,2224.65,2231.51,2223.53,2228.01,11176.8318,5989.008
2026-05-16 04:00:00,2228,2228.96,2182,2194.81,52860.5816,25490.4875
2026-05-16 08:00:00,2194.81,2196.87,2162.55,2176.1,66188.9001,28446.4749
2026-05-16 12:00:00,2176.11,2188.16,2172.3,2180,38164.9832,17047.5854
2026-05-16 16:00:00,2180,2185.22,2170.5,2179.57,23176.1285,10751.2916
2026-05-16 20:00:00,2179.57,2183.54,2179.35,2180.77,7721.1509,4017.4517
2026-05-17 00:00:00,2180.77,2185.6,2167.98,2181.7,22317.4449,11163.7584
2026-05-17 04:00:00,2181.71,2195,2181.14,2186.64,17300.9882,9385.3619
2026-05-17 08:00:00,2186.63,2198.14,2183.12,2192,15590.7778,8178.4005
2026-05-17 12:00:00,2192,2198.04,2178.39,2186.51,18881.2867,8012.1439
2026-05-17 16:00:00,2186.51,2193.62,2176.63,2192.53,12368.2351,6546.4721
2026-05-17 20:00:00,2192.54,2194.82,2091.48,2131,88658.0822,40512.6042
2026-05-18 00:00:00,2131,2132,2104.99,2118.44,66934.9313,27723.0269
2026-05-18 04:00:00,2118.44,2125.83,2110,2120.82,32135.9981,15343.4057
2026-05-18 08:00:00,2120.82,2139.75,2110.5,2133.9,32838.4005,17288.8144
2026-05-18 12:00:00,2133.9,2157.24,2093.77,2107.48,113725.5324,52327.1155
2026-05-18 16:00:00,2107.49,2128.49,2077.23,2125.07,93607.2455,47370.8314
2026-05-18 20:00:00,2125.07,2142.67,2114.59,2130.08,42636.2854,23838.9698
2026-05-19 00:00:00,2130.08,2146.95,2118.6,2131.3,28665.0307,15802.248
2026-05-19 04:00:00,2131.3,2145,2123.61,2140.97,24673.1361,12900.8927
2026-05-19 08:00:00,2140.97,2141.4,2106.77,2110.85,35095.6348,13646.9861
2026-05-19 12:00:00,2110.85,2127.53,2094.47,2110.19,55879.338,24250.7517
2026-05-19 16:00:00,2110.2,2125.07,2107.12,2113.15,24674.862,11785.6379
2026-05-19 20:00:00,2113.14,2120.59,2102.09,2111.93,17957.0734,7687.1567
2026-05-20 00:00:00,2111.93,2119.24,2103.29,2111.6,19314.4795,9740.9675
2026-05-20 04:00:00,2111.6,2136.5,2107.3,2129.74,35114.2894,17800.2382
2026-05-20 08:00:00,2129.75,2138,2124.28,2128.3,22183.4247,11161.5901
2026-05-20 12:00:00,2128.31,2149,2113.87,2136.75,58916.9837,27664.1165
2026-05-20 16:00:00,2136.76,2148.77,2124.1,2139.12,32155.664,16507.5084
2026-05-20 20:00:00,2139.12,2140.76,2118.45,2129.44,21403.4527,11038.5617
2026-05-21 00:00:00,2129.44,2157.5,2128.59,2145.76,27764.9747,15405.8342
2026-05-21 04:00:00,2145.76,2148.75,2124.25,2135.06,27168.5527,11784.5708
2026-05-21 08:00:00,2135.07,2148.33,2110,2115.27,41666.6187,20412.7062
2026-05-21 12:00:00,2115.28,2138.05,2105.15,2132.65,65871.6779,36217.4752
2026-05-21 16:00:00,2132.64,2153.75,2121.79,2142.83,55972.0073,27857.3844
2026-05-21 20:00:00,2142.84,2143.46,2127.27,2133.76,14445.2804,7278.0972
2026-05-22 00:00:00,2133.77,2141.39,2125.68,2137.88,14039.1024,7288.7292
2026-05-22 04:00:00,2137.89,2141.34,2122.22,2128.7,23434.8628,11952.206
2026-05-22 08:00:00,2128.7,2133.34,2119.18,2130.78,30833.2166,16596.6966
2026-05-22 12:00:00,2130.78,2138,2112.47,2119.48,42385.9585,23703.6433
2026-05-22 16:00:00,2119.49,2130,2058,2065.54,71524.6579,31417.5367
2026-05-22 20:00:00,2065.54,2079.59,2057.79,2065.85,39565.4566,19030.5646
2026-05-23 00:00:00,2065.86,2072,2053,2070.78,35673.5475,16747.792
2026-05-23 04:00:00,2070.78,2071.19,2009.3,2028.59,75799.2127,35585.8338
2026-05-23 08:00:00,2028.58,2036.01,2021.07,2031.48,34325.3716,21176.2007
2026-05-23 12:00:00,2031.48,2068.68,2027.35,2060.27,54590.2681,33502.4412
2026-05-23 16:00:00,2060.27,2083.64,2057.25,2077.33,39862.3851,20710.8326
2026-05-23 20:00:00,2077.34,2149.95,2074.84,2117.68,110295.4439,58292.982
2026-05-24 00:00:00,2117.69,2127.28,2113.1,2119.04,29103.0509,15645.3585
2026-05-24 04:00:00,2119.05,2129.93,2113.65,2121.01,28463.348,13132.782
2026-05-24 08:00:00,2121.02,2132.14,2119.05,2126.18,20978.1989,10320.0677
2026-05-24 12:00:00,2126.19,2126.58,2079.52,2095.84,53181.4865,26170.0308
2026-05-24 16:00:00,2095.83,2109,2095.22,2100.87,16390.0018,8347.578
2026-05-24 20:00:00,2100.87,2107,2063,2099.85,49632.6744,22344.8114
2026-05-25 00:00:00,2099.86,2113.25,2092.57,2095.58,24131.108,11331.4915
2026-05-25 04:00:00,2095.59,2117.55,2092.26,2116.28,42000.3305,21534.8418
2026-05-25 08:00:00,2116.29,2124.1,2111.7,2114.95,21667.0316,12686.4955
2026-05-25 12:00:00,2114.95,2138.28,2112.25,2127.12,29687.9855,16448.3079
2026-05-25 16:00:00,2127.13,2141.98,2116.55,2121.43,23506.4643,11624.092
2026-05-25 20:00:00,2121.42,2123.16,2102.35,2113.01,25435.678,12632.9312
2026-05-26 00:00:00,2113.01,2113.89,2084.52,2093.12,34695.0977,12601.902
2026-05-26 04:00:00,2093.11,2104.65,2088.82,2095.61,22937.9606,9775.6989
2026-05-26 08:00:00,2095.61,2137.29,2094.1,2121.01,44588.5806,22249.2791
2026-05-26 12:00:00,2121,2140.49,2078.75,2087.36,93684.9119,41776.5958
2026-05-26 16:00:00,2087.36,2089.97,2055.06,2074.29,65909.5277,28404.3711
2026-05-26 20:00:00,2074.3,2078.78,2065.98,2073.77,20737.2311,10476.9987
2026-05-27 00:00:00,2073.77,2084.23,2068.9,2070,21987.0064,10833.8826
2026-05-27 04:00:00,2070.01,2084.16,2056.31,2083.78,27195.6917,13271.4023
2026-05-27 08:00:00,2083.77,2096.71,2078.26,2080.55,28746.5558,13474.3272
2026-05-27 12:00:00,2080.56,2097.4,2051.96,2071.38,79022.1167,34668.305
2026-05-27 16:00:00,2071.39,2074.5,2043.31,2057.47,45395.4671,21287.6778
2026-05-27 20:00:00,2057.47,2066.14,2016,2024.84,65616.3196,28052.544
2026-05-28 00:00:00,2024.83,2029.2,1972,1981.55,90607.5773,38211.0923
2026-05-28 04:00:00,1981.55,1996.78,1967,1995.56,74760.4299,38974.9608
2026-05-28 08:00:00,1995.56,1998.4,1984.85,1989.89,32953.9429,17262.9785
2026-05-28 12:00:00,1989.88,2002.5,1967.38,1990.65,75988.1864,37382.8114
2026-05-28 16:00:00,1990.65,2030,1985.22,2014.55,57298.3774,29321.4093
2026-05-28 20:00:00,2014.54,2024.63,2005.43,2009.9,32226.4072,14927.777
2026-05-29 00:00:00,2009.89,2017.17,1997.24,2002.78,24310.5747,12421.7326
2026-05-29 04:00:00,2002.79,2021.51,1998.4,2007.62,34409.9182,18915.9035
2026-05-29 08:00:00,2007.61,2016.11,2002.35,2007.58,28724.0785,13765.2741
2026-05-29 12:00:00,2007.58,2046.59,1976.48,2031.62,101067.75,50065.282
2026-05-29 16:00:00,2031.62,2044.29,2005,2016.96,67360.4166,34903.9571
2026-05-29 20:00:00,2016.96,2023.99,2007,2014.54,27272.957,12003.4828
2026-05-30 00:00:00,2014.54,2023.55,2010.69,2016.83,14645.2914,7070.7043
2026-05-30 04:00:00,2016.83,2020.56,2002,2016.32,22750.6464,12159.7569
2026-05-30 08:00:00,2016.32,2022,2013.92,2017.4,9329.3114,4886.9567
2026-05-30 12:00:00,2017.4,2032,2017.14,2026.61,22745.9664,13249.9458
2026-05-30 16:00:00,2026.63,2030.01,2019.5,2028.76,15670.4214,8786.1866
2026-05-30 20:00:00,2028.77,2031.41,2020.35,2022.44,12835.8979,5411.7123
2026-05-31 00:00:00,2022.44,2038,2020.83,2033.41,17706.4074,10524.6725
2026-05-31 04:00:00,2033.41,2034.99,2022.78,2024.01,11162.0752,5620.3599
2026-05-31 08:00:00,2024.02,2029.11,2015.34,2023.27,20999.1397,12697.9651
2026-05-31 12:00:00,2023.28,2026.5,2005.83,2010.52,29133.9281,13389.7642
2026-05-31 16:00:00,2010.52,2012.42,1993.75,1999.59,40644.485,11392.0563
2026-05-31 20:00:00,1999.58,2023,1999.58,2007.01,44089.4604,16217.6853
2026-06-01 00:00:00,2007.02,2021.5,1991.31,2009.09,73159.1205,27506.3074
2026-06-01 04:00:00,2009.09,2011.97,1971.7,1976.43,43590.1003,21267.9828
2026-06-01 08:00:00,1976.42,1990.11,1969.9,1981.44,49130.48,25851.6977
2026-06-01 12:00:00,1981.44,1994.39,1956.04,1968.45,90946.1743,46794.7874
2026-06-01 16:00:00,1968.45,2008.83,1958.79,2004.53,69908.5378,43544.1941
2026-06-01 20:00:00,2004.53,2009.2,1984.5,2006.73,47693.871,25000.6523
2026-06-02 00:00:00,2006.73,2006.78,1962.76,2003.94,46692.2407,24145.8569
2026-06-02 04:00:00,2003.94,2006.44,1973.88,1981.88,47532.952,22549.2778
2026-06-02 08:00:00,1981.89,1989,1966.69,1978.53,47617.4742,21417.8744
2026-06-02 12:00:00,1978.53,1982.75,1890,1914.81,165219.2852,76085.2129
2026-06-02 16:00:00,1914.81,1943.87,1881.01,1912.28,96022.4005,48810.091
2026-06-02 20:00:00,1912.28,1919.01,1839.02,1859.84,153801.1892,69463.0837
2026-06-03 00:00:00,1859.84,1874.11,1816.92,1828.24,122790.4231,59026.9979
2026-06-03 04:00:00,1828.24,1884.41,1827.65,1878.39,90436.6511,52490.0837
2026-06-03 08:00:00,1878.39,1893.07,1869.95,1878.16,53244.0374,26670.0454
2026-06-03 12:00:00,1878.17,1880,1836.21,1837.21,78492.2555,39890.8682
2026-06-03 16:00:00,1837.22,1844.08,1795.23,1803.41,104394.7399,45819.5828
2026-06-03 20:00:00,1803.41,1852.2,1769.62,1813.05,135402.3748,67512.6797
2026-06-04 00:00:00,1813.05,1820.5,1717.28,1809.24,200046.0588,95316.6791
2026-06-04 04:00:00,1809.24,1818,1773.52,1777.45,82985.5515,40970.517
2026-06-04 08:00:00,1777.44,1783.27,1730.13,1751.51,141386.8608,61814.5735
2026-06-04 12:00:00,1751.51,1794.43,1744.29,1777.02,111504.3967,58234.7586
2026-06-04 16:00:00,1777.03,1787.11,1754,1776.94,60544.5739,32620.1455
2026-06-04 20:00:00,1776.93,1783.02,1752.46,1770.77,51838.6634,24163.9668
2026-06-05 00:00:00,1770.76,1774.99,1722.36,1729.71,88171.1972,41003.9086
2026-06-05 04:00:00,1729.72,1747.8,1625.78,1679.21,313675.2275,151740.9846
2026-06-05 08:00:00,1679.22,1690.07,1659.43,1663.44,119418.6703,57052.7889
2026-06-05 12:00:00,1663.43,1677.7,1572.22,1583.29,304333.021,134248.7541
2026-06-05 16:00:00,1583.29,1612.89,1540.19,1574.06,267408.079,134804.4496
2026-06-05 20:00:00,1574.07,1619.3,1557.36,1583.4,164006.9658,86557.5685
2026-06-06 00:00:00,1583.4,1601.22,1555.28,1563.34,68604.3971,31037.5
2026-06-06 04:00:00,1563.34,1581.62,1505.68,1575.14,182035.7945,84036.9611
2026-06-06 08:00:00,1575.14,1593.04,1535.68,1558.89,96734.7301,48997.2219
2026-06-06 12:00:00,1558.9,1575.82,1544.87,1560.45,107947.6889,51385.6963
2026-06-06 16:00:00,1560.45,1566.51,1547.05,1554.56,60854.9147,30991.7249
2026-06-06 20:00:00,1554.55,1570.06,1550.85,1569.69,42280.8419,21151.7216
2026-06-07 00:00:00,1569.68,1600.51,1564.1,1595.01,56783.117,30813.7037
2026-06-07 04:00:00,1595,1623.52,1585,1615.18,88472.2063,47253.0081
2026-06-07 08:00:00,1615.18,1648.7,1608.39,1630.12,79805.2925,38744.7449
2026-06-07 12:00:00,1630.12,1640,1607,1630.07,73035.7897,32474.5818
2026-06-07 16:00:00,1630.07,1638,1604,1613.11,60204.4464,27614.5801
2026-06-07 20:00:00,1613.1,1721.93,1609.43,1690.51,99979.739,52033.2354
2026-06-08 00:00:00,1690.5,1711.58,1670.94,1680.01,74470.0385,34600.4744
2026-06-08 04:00:00,1680.02,1683.49,1645,1673.47,73682.0193,35330.326
2026-06-08 08:00:00,1673.46,1696.77,1657.21,1683.76,73745.4019,34893.439
2026-06-08 12:00:00,1683.77,1706.22,1667.46,1691.59,129205.2984,76823.7376
2026-06-08 16:00:00,1691.59,1703.88,1675.8,1684.78,72641.0716,35059.1197
2026-06-08 20:00:00,1684.78,1714.5,1679.25,1690.49,56283.4824,28914.1305
2026-06-09 00:00:00,1690.48,1696.88,1654.63,1669.44,65616.5084,24782.9036
2026-06-09 04:00:00,1669.44,1696.41,1664.33,1679.86,55695.031,27224.8706
2026-06-09 08:00:00,1679.86,1680.64,1665,1671.96,39039.5622,17704.7621
2026-06-09 12:00:00,1671.96,1683.32,1633.84,1636.4,109750.9015,49354.693
2026-06-09 16:00:00,1636.4,1658.64,1614.02,1657.33,81822.2362,40064.2881
2026-06-09 20:00:00,1657.33,1663.77,1630.36,1639.52,32222.9956,15330.0275
2026-06-10 00:00:00,1639.52,1646.91,1621.77,1630.82,27935.8341,13637.8823
2026-06-10 04:00:00,1630.82,1643.58,1616.33,1640.09,28762.4847,14020.3787
2026-06-10 08:00:00,1640.1,1640.89,1606.01,1620.05,50677.5242,24173.8391
2026-06-10 12:00:00,1620.06,1667.96,1615.91,1657.97,78993.1365,42651.7696
2026-06-10 16:00:00,1657.98,1658.73,1622.51,1630.15,55253.005,27231.8484
2026-06-10 20:00:00,1630.15,1636.21,1603.44,1621.59,49169.2974,22765.1406
2026-06-11 00:00:00,1621.6,1661.3,1621.6,1653.95,36288.0336,20678.0344
2026-06-11 04:00:00,1653.94,1663.14,1646.2,1654.41,36562.9666,18121.7312
2026-06-11 08:00:00,1654.4,1673.5,1654.28,1666.84,30402.7025,16238.3652
2026-06-11 12:00:00,1666.84,1666.88,1636.19,1645.55,55809.1021,27868.6516
2026-06-11 16:00:00,1645.56,1693.59,1632.71,1681.26,85215.6465,44562.3173
2026-06-11 20:00:00,1681.26,1683.29,1667.18,1673.46,34229.2691,19286.7292
2026-06-12 00:00:00,1673.46,1678.42,1660.93,1673.25,20659.4497,11111.5518
2026-06-12 04:00:00,1673.25,1682,1652.09,1662.12,30223.5752,15647.2109
2026-06-12 08:00:00,1662.12,1685.65,1662.12,1673.89,33152.9108,19144.5798
2026-06-12 12:00:00,1673.88,1691.07,1653.74,1660.08,63394.6373,31497.4285
2026-06-12 16:00:00,1660.08,1678.1,1657.38,1665.92,42191.8674,20889.6991
2026-06-12 20:00:00,1665.92,1668.01,1659.02,1666.41,12265.5698,5545.1752
2026-06-13 00:00:00,1666.42,1675.9,1663.36,1665.25,16399.5929,8517.6828
2026-06-13 04:00:00,1665.25,1677.74,1662.2,1676.38,16043.7279,9913.5931
2026-06-13 08:00:00,1676.38,1679.92,1672.8,1678.34,18492.0161,10716.9134
2026-06-13 12:00:00,1678.33,1686.56,1676.69,1682.15,19930.4374,11064.084
2026-06-13 16:00:00,1682.14,1682.63,1671.44,1678.29,21369.3543,9222.4117
2026-06-13 20:00:00,1678.3,1697.28,1674.91,1681.18,14516.4791,8292.3107
2026-06-14 00:00:00,1681.19,1690.36,1678.83,1681.73,10407.9003,6244.6058
2026-06-14 04:00:00,1681.74,1682.66,1673.72,1675.91,15591.2044,9689.9744
2026-06-14 08:00:00,1675.91,1679,1669.15,1673.73,14816.273,6863.2082
2026-06-14 12:00:00,1673.73,1674.58,1654.9,1662.95,23932.5644,11085.5591
2026-06-14 16:00:00,1662.95,1668.57,1658.95,1665.43,17942.9787,8939.9031
2026-06-14 20:00:00,1665.44,1732.28,1662.67,1725.62,95319.0333,48099.5349
2026-06-15 00:00:00,1725.63,1733.04,1709.66,1720.78,46791.0843,19640.4715
2026-06-15 04:00:00,1720.78,1723.8,1715.95,1716.59,33173.3834,12833.2013
2026-06-15 08:00:00,1716.6,1769,1712.17,1764.67,86337.2957,46991.8768
2026-06-15 12:00:00,1764.67,1849.54,1760.28,1845.53,170759.7618,86455.3499
2026-06-15 16:00:00,1845.53,1847.13,1811.66,1821.89,78464.5018,36760.7759
2026-06-15 20:00:00,1821.88,1826.62,1782.82,1796.13,48609.2283,24226.7736
2026-06-16 00:00:00,1796.14,1802.09,1764.84,1779.16,50532.628,24365.7336
2026-06-16 04:00:00,1779.16,1783.32,1758,1774.24,50401.9351,20665.8336
2026-06-16 08:00:00,1774.25,1807.97,1773.25,1799.59,57224.9557,31744.4719
2026-06-16 12:00:00,1799.6,1839.77,1763.36,1782.44,123987.1567,62491.7347
2026-06-16 16:00:00,1782.43,1808.44,1773.03,1795.41,48137.7978,24595.053
2026-06-16 20:00:00,1795.41,1800.48,1789.53,1792.99,23293.0757,12072.4272
2026-06-17 00:00:00,1793,1810.21,1778.99,1793.58,31174.503,16733.8445
2026-06-17 04:00:00,1793.58,1801.79,1778.71,1785.08,23610.2996,12311.6737
2026-06-17 08:00:00,1785.09,1786.15,1759.35,1763.92,35117.6055,14594.5904
2026-06-17 12:00:00,1763.93,1776.94,1741.05,1773.41,82129.4721,35490.7007
2026-06-17 16:00:00,1773.42,1796.08,1729.26,1734.72,126372.9648,57126.0442
2026-06-17 20:00:00,1734.73,1751.66,1725.34,1750.6,36093.2125,19766.2204
2026-06-18 00:00:00,1750.61,1762.99,1741.46,1744.17,30981.8033,16456.4803
2026-06-18 04:00:00,1744.17,1753.29,1722.24,1749.79,44003.2068,20460.0732
2026-06-18 08:00:00,1749.8,1753.61,1739.11,1743.31,47075.973,19284.6088
2026-06-18 12:00:00,1743.31,1753.06,1680,1682.23,94529.5977,44525.9635
2026-06-18 16:00:00,1682.23,1707.48,1671.79,1705.39,66020.9508,35117.047
2026-06-18 20:00:00,1705.4,1717.23,1700.19,1711.11,29869.434,15081.2792
2026-06-19 00:00:00,1711.11,1719.51,1682.35,1697.69,37691.0234,17979.8484
2026-06-19 04:00:00,1697.7,1703.4,1686,1695.82,32582.5204,17940.9865
2026-06-19 08:00:00,1695.82,1699.82,1687.05,1691.74,19744.2088,9991.3677
2026-06-19 12:00:00,1691.74,1712.06,1679.11,1707.86,38540.4796,20868.1982
2026-06-19 16:00:00,1707.87,1711.76,1693.7,1701.2,22445.5251,11912.1566
2026-06-19 20:00:00,1701.21,1715,1698.89,1711.19,14074.4411,7848.9096
2026-06-20 00:00:00,1711.18,1718,1704.06,1708.17,14486.4039,6994.1793
2026-06-20 04:00:00,1708.18,1733.89,1706.51,1725.82,28639.3455,17112.4089
2026-06-20 08:00:00,1725.81,1731.76,1721.25,1727.18,13310.0526,7659.8619
2026-06-20 12:00:00,1727.18,1749.55,1708.11,1740.63,45563.7598,22890.9935
2026-06-20 16:00:00,1740.63,1740.91,1721.03,1729.27,23469.7503,11555.3619
2026-06-20 20:00:00,1729.27,1746.17,1726.53,1741.08,34322.509,19228.5823
2026-06-21 00:00:00,1741.08,1741.45,1733.51,1737.87,11485.9288,5272.3551
2026-06-21 04:00:00,1737.88,1741.41,1729.8,1732.36,19148.6555,11383.2776
2026-06-21 08:00:00,1732.36,1737.02,1718.56,1725.36,19610.1055,7534.5289
2026-06-21 12:00:00,1725.37,1732.57,1717.14,1730.72,18999.8619,9304.919
2026-06-21 16:00:00,1730.71,1739.32,1721.67,1734.14,20185.3775,10677.1325
2026-06-21 20:00:00,1734.14,1735.34,1702,1706.94,34332.5397,15973.595
2026-06-22 00:00:00,1706.94,1759.84,1706.94,1730,48245.9908,25686.6579
2026-06-22 04:00:00,1730,1751.58,1727.69,1746.34,31556.4356,16374.626
2026-06-22 08:00:00,1746.34,1774.7,1743.56,1767.68,39953.9512,20221.8857
2026-06-22 12:00:00,1767.68,1779.9,1742.41,1744.74,64395.6052,30878.8047
2026-06-22 16:00:00,1744.75,1747.7,1729.15,1734.59,49656.142,23789.4456
2026-06-22 20:00:00,1734.59,1740.07,1717.02,1728.19,28849.0572,15101.6163
2026-06-23 00:00:00,1728.19,1736.25,1719.75,1729.9,18729.6756,10062.6977
2026-06-23 04:00:00,1729.91,1731.25,1680.52,1683.01,51916.6503,23465.0455
2026-06-23 08:00:00,1683.02,1684.8,1635.65,1660.9,71256.16,34326.8611
2026-06-23 12:00:00,1660.9,1672,1645.52,1659.78,48840.9545,22225.2623
2026-06-23 16:00:00,1659.78,1673.89,1650,1662.58,38682.1168,20255.7837
2026-06-23 20:00:00,1662.57,1672.92,1660.27,1667.13,18836.4548,10297.8795
2026-06-24 00:00:00,1667.13,1680.46,1658.18,1666.67,22390.5044,11293.9132
2026-06-24 04:00:00,1666.67,1679.57,1658.22,1673.12,24404.4994,12195.1815
2026-06-24 08:00:00,1673.13,1693.67,1655.76,1679.57,33696.0543,18770.6612
2026-06-24 12:00:00,1679.57,1681.29,1616.8,1618.08,88400.6962,40438.9461
2026-06-24 16:00:00,1618.08,1636.08,1552.95,1584.58,135306.743,66006.6527
2026-06-24 20:00:00,1584.59,1629.82,1580,1622.17,51529.843,28486.8849
2026-06-25 00:00:00,1622.18,1626.51,1614.69,1619.6,23937.0954,11680.571
2026-06-25 04:00:00,1619.61,1660.54,1617.12,1657.19,63588.8033,37710.9919
2026-06-25 08:00:00,1657.2,1658.98,1628.05,1633.27,44025.3002,25280.6391
2026-06-25 12:00:00,1633.28,1650.38,1532.9,1570.01,198494.0295,99332.2604
2026-06-25 16:00:00,1570.01,1587.7,1554.6,1559.42,70320.4164,39547.435
2026-06-25 20:00:00,1559.41,1583.65,1556.73,1567.84,40305.3602,22695.1312
2026-06-26 00:00:00,1567.86,1571.78,1512,1557.93,83566.0007,40172.1415
2026-06-26 04:00:00,1557.93,1586.5,1543.43,1581.12,68736.4863,39061.7503
2026-06-26 08:00:00,1581.12,1582.43,1541.01,1545.14,70838.7025,32228.1329
2026-06-26 12:00:00,1545.15,1588.23,1521.54,1580.14,120105.8574,63817.6519
2026-06-26 16:00:00,1580.13,1594.7,1570.32,1574.51,54249.7168,28686.9872
2026-06-26 20:00:00,1574.51,1583.4,1568,1578.68,26194.6756,15167.6057
2026-06-27 00:00:00,1578.68,1587.17,1571.55,1580.62,19128.5427,8310.3114
2026-06-27 04:00:00,1580.62,1586.38,1575.2,1585.71,15220.2854,7115.4188
2026-06-27 08:00:00,1585.72,1585.95,1579,1584,13455.5916,5971.3341
2026-06-27 12:00:00,1584,1611.02,1581.42,1605.68,34188.3622,21546.8054
2026-06-27 16:00:00,1605.68,1607.92,1573.36,1578.51,29623.6061,14371.7797
2026-06-27 20:00:00,1578.51,1585.69,1562.86,1573.99,19975.9718,10070.5363
2026-06-28 00:00:00,1574,1580.05,1569.07,1575.08,12159.2677,5144.5164
2026-06-28 04:00:00,1575.08,1577.34,1562.41,1575.96,21037.2582,11901.8637
2026-06-28 08:00:00,1575.96,1586.35,1572.23,1582.87,23867.9303,11947.0368
2026-06-28 12:00:00,1582.86,1588.82,1575.04,1580.89,23674.5553,12145.0356
2026-06-28 16:00:00,1580.9,1581.94,1556.81,1564.62,26775.6987,12897.5274
2026-06-28 20:00:00,1564.61,1582.29,1548.37,1571.96,32666.4315,16025.0157
2026-06-29 00:00:00,1571.96,1589.75,1550.43,1584.78,37339.7726,19108.998
2026-06-29 04:00:00,1584.77,1589.08,1562.26,1580.16,24161.5922,11730.9407
2026-06-29 08:00:00,1580.17,1587,1569.85,1574.93,33233.37,15410.3321
2026-06-29 12:00:00,1574.93,1597.28,1557.35,1580.26,100601.0826,52664.3064
2026-06-29 16:00:00,1580.26,1637.58,1574.06,1625.6,80924.4923,40653.2013
2026-06-29 20:00:00,1625.6,1626.65,1607.41,1613.07,33708.6651,15445.7245
2026-06-30 00:00:00,1613.07,1614.41,1586.49,1587.18,34800.71,17390.7122
2026-06-30 04:00:00,1587.18,1596.25,1579.79,1592.51,25185.0878,11770.0886
2026-06-30 08:00:00,1592.51,1594.28,1575.85,1578.58,33797.8662,14719.5686
2026-06-30 12:00:00,1578.57,1578.58,1550.2,1565.18,74039.8113,34002.1816
2026-06-30 16:00:00,1565.19,1581.92,1561.84,1580.53,32530.1507,16260.9134
2026-06-30 20:00:00,1580.52,1582.98,1566,1572.01,21703.5782,10236.3756
2026-07-01 00:00:00,1572,1599.19,1552.92,1594.81,49726.9569,28473.0188
2026-07-01 04:00:00,1594.81,1604.02,1571.5,1578.36,39936.0774,19803.126
2026-07-01 08:00:00,1578.36,1585.33,1567.13,1569.89,26168.9067,12337.3812
2026-07-01 12:00:00,1569.88,1631,1565.26,1620.09,94503.3823,47313.749
2026-07-01 16:00:00,1620.1,1629.26,1607.17,1618.09,41221.2114,20612.711
2026-07-01 20:00:00,1618.07,1646.26,1608.35,1609.58,54979.7763,27829.5162
2026-07-02 00:00:00,1609.59,1642.32,1597.22,1639.47,45157.4777,25676.332
2026-07-02 04:00:00,1639.46,1639.94,1614.32,1615.97,39835.0073,17496.6817
2026-07-02 08:00:00,1615.97,1657.53,1615.08,1650.32,70678.134,39679.8943
2026-07-02 12:00:00,1650.31,1725,1647.66,1697.05,157423.2035,88324.9853
2026-07-02 16:00:00,1697.06,1707.14,1686.49,1700.15,38353.5213,17829.7477
2026-07-02 20:00:00,1700.15,1706.68,1692.13,1700.57,22006.1644,10778.9098
2026-07-03 00:00:00,1700.57,1718.97,1694.72,1706.43,34469.11,18265.5475
2026-07-03 04:00:00,1706.43,1722.21,1702.28,1717.77,30478.0143,15487.6047
2026-07-03 08:00:00,1717.77,1749,1715.68,1742.54,54522.5378,29393.7549
2026-07-03 12:00:00,1742.54,1753.29,1728.99,1731.24,53093.4088,27432.1784
2026-07-03 16:00:00,1731.24,1753,1727.87,1745.38,26376.499,14115.3991
2026-07-03 20:00:00,1745.39,1775.78,1743.61,1758.21,45477.2981,25134.6508
2026-07-04 00:00:00,1758.22,1764,1744.09,1753.92,18698.1782,9206.8455
2026-07-04 04:00:00,1753.91,1764.61,1751.72,1758.19,27472.9105,14580.53
2026-07-04 08:00:00,1758.18,1765.55,1755,1758.24,17210.9322,8131.5757
2026-07-04 12:00:00,1758.23,1799.92,1758.23,1791.09,51998.9737,29847.3799
2026-07-04 16:00:00,1791.08,1807.65,1779,1792.83,55311.175,27566.8891
2026-07-04 20:00:00,1792.83,1795.81,1772.1,1780.64,20187.9801,9582.5456
2026-07-05 00:00:00,1780.64,1780.75,1757,1761.59,36440.4,14220.2021
2026-07-05 04:00:00,1761.58,1772.69,1760.07,1770.1,97257.2223,46519.17
2026-07-05 08:00:00,1770.09,1773.27,1748.79,1760.08,175998.4611,83303.2929
2026-07-05 12:00:00,1760.08,1781.28,1756.03,1774.67,19997.987,10904.4111
2026-07-05 16:00:00,1774.66,1786.23,1770.31,1781.43,18203.54,8251.5169
2026-07-05 20:00:00,1781.44,1808,1769.29,1785.65,41775.8087,22916.5632
2026-07-06 00:00:00,1785.65,1799.02,1772.22,1779.71,28847.3588,13743.332
2026-07-06 04:00:00,1779.7,1784.79,1764.42,1772.32,26903.8566,12810.4278
2026-07-06 08:00:00,1772.32,1778.6,1755.77,1759.64,33338.5309,15738.3974
2026-07-06 12:00:00,1759.64,1788.96,1728.95,1788.57,102182.4878,53547.5258
2026-07-06 16:00:00,1788.57,1805,1782.42,1792.76,60585.2426,31023.8412
2026-07-06 20:00:00,1792.76,1833.4,1787.26,1799.56,54021.8537,29420.3992
2026-07-07 00:00:00,1799.56,1810.16,1768.85,1771.56,37424.6442,16835.2377
2026-07-07 04:00:00,1771.55,1782.59,1757.57,1771.24,36953.6972,18492.8914
2026-07-07 08:00:00,1771.23,1785,1768.37,1780.77,27719.868,15253.0256
2026-07-07 12:00:00,1780.77,1803.03,1761.19,1797.45,65131.7844,34865.238
2026-07-07 16:00:00,1797.45,1813.16,1773.5,1790.45,46598.5947,21531.3405
2026-07-07 20:00:00,1790.46,1793.12,1765.35,1771.45,27708.1368,10240.7853
2026-07-08 00:00:00,1771.45,1785,1741.21,1751.78,45660.413,20538.4078
2026-07-08 04:00:00,1751.74,1759.69,1745.01,1756.7,25382.1947,13465.5144
2026-07-08 08:00:00,1756.7,1758.7,1725.18,1747.95,56796.3744,26078.6634
2026-07-08 12:00:00,1747.95,1751.25,1713.44,1722.96,52233.5971,24816.3801
2026-07-08 16:00:00,1722.96,1746.52,1722.78,1740.98,31384.7131,16038.3578
2026-07-08 20:00:00,1740.99,1744.81,1731.41,1743.54,13773.9331,6503.2545
2026-07-09 00:00:00,1743.55,1756.79,1721.93,1730.7,27790.6064,12544.6718
2026-07-09 04:00:00,1730.7,1762.36,1730.35,1753.31,37627.1459,21405.7165
2026-07-09 08:00:00,1753.3,1758.68,1741.26,1744.02,20219.9949,9279.3871
2026-07-09 12:00:00,1744.02,1752,1733.36,1739.51,50758.7135,24261.9653
2026-07-09 16:00:00,1739.51,1759.82,1731.99,1748.51,23935.0548,13245.0637
2026-07-09 20:00:00,1748.51,1751.08,1741.56,1745.16,13373.7417,6498.323
2026-07-10 00:00:00,1745.17,1779.68,1737.68,1776.12,45350.5313,24140.8447
2026-07-10 04:00:00,1776.13,1780.33,1768.57,1773.2,23853.2993,11563.9087
2026-07-10 08:00:00,1773.2,1802.99,1772.63,1801.22,46227.7286,25937.9238
2026-07-10 12:00:00,1801.22,1812,1775,1791.11,57199.9434,29626.1794
2026-07-10 16:00:00,1791.11,1799.53,1781.2,1792.68,26445.6486,11945.9022
2026-07-10 20:00:00,1792.68,1798,1789.6,1796.85,16528.6533,8326.1439
2026-07-11 00:00:00,1796.85,1799.29,1786.77,1796.5,16451.0616,8308.0093
2026-07-11 04:00:00,1796.5,1803.29,1794.6,1800,23003.1116,11896.2429
2026-07-11 08:00:00,1799.99,1803.52,1795.15,1800.48,13163.6509,5745.9999
2026-07-11 12:00:00,1800.47,1828,1798.42,1814.83,48962.5551,23229.1096
2026-07-11 16:00:00,1814.82,1830,1810.62,1824.38,44106.5907,20615.1982
2026-07-11 20:00:00,1824.38,1829.17,1786.58,1787.76,33016.4484,13053.4377
2026-07-12 00:00:00,1787.76,1813.67,1779.46,1811.53,30490.9328,14467.7557
2026-07-12 04:00:00,1811.53,1812.63,1789.44,1798.78,14481.5819,5510.1334
2026-07-12 08:00:00,1798.78,1808.94,1796.48,1803.77,13663.3791,6636.1604
2026-07-12 12:00:00,1803.77,1826.92,1803,1820.93,32674.8309,18852.9181
2026-07-12 16:00:00,1820.94,1824.39,1814.85,1821.4,27234.0306,12299.0861
2026-07-12 20:00:00,1821.4,1824,1797.63,1806.8,22528.2282,9776.0788
2026-07-13 00:00:00,1806.8,1846,1775,1780.55,99489.3232,47783.9828
2026-07-13 04:00:00,1780.54,1791.39,1773.99,1787.57,34173.7254,15906.6494
2026-07-13 08:00:00,1787.58,1793.56,1777.1,1780.74,24971.0007,10734.359
2026-07-13 12:00:00,1780.74,1786.53,1762.44,1777.01,57606.1973,26075.1286
2026-07-13 16:00:00,1777,1780.73,1750.2,1774.92,49356.977,23394.6728
2026-07-13 20:00:00,1774.93,1778.05,1752.59,1776.72,29434.3962,15138.6037
2026-07-14 00:00:00,1776.71,1794.47,1773.41,1783.65,25835.8415,13532.6596
2026-07-14 04:00:00,1783.64,1793.26,1779.41,1781.21,23132.8984,12469.7518
2026-07-14 08:00:00,1781.21,1805,1779,1798.09,47517.0909,25138.2994
2026-07-14 12:00:00,1798.09,1888.8,1794.37,1875.22,193011.7605,109472.4953
2026-07-14 16:00:00,1875.22,1881.56,1860.56,1876.74,38959.9231,20273.6794
2026-07-14 20:00:00,1876.74,1896.14,1872.06,1891.87,40456.2576,21279.5793
2026-07-15 00:00:00,1891.87,1893.32,1864.38,1876.08,35148.8223,14910.4254
2026-07-15 04:00:00,1876.08,1891.89,1864.7,1870.04,36339.328,16528.3882
2026-07-15 08:00:00,1870.04,1886.59,1870.03,1884.62,35085.8935,19040.9027
2026-07-15 12:00:00,1884.62,1946.52,1879.25,1931.95,137284.8153,76825.2065
2026-07-15 16:00:00,1931.96,1937,1904.36,1924.15,55271.775,27359.6362
2026-07-15 20:00:00,1924.15,1930.71,1914.89,1917.86,20670.3352,9776.5445
2026-07-16 00:00:00,1917.86,1929,1908.12,1918.7,28168.2017,12243.3133
2026-07-16 04:00:00,1918.7,1929.48,1905,1910.63,29157.4136,12442.5773
2026-07-16 08:00:00,1910.64,1912.85,1875.56,1885.26,85450.7339,42206.6429
2026-07-16 12:00:00,1885.26,1894.38,1867.68,1881.88,63993.5576,26478.6032
2026-07-16 16:00:00,1881.89,1883,1862.57,1875.59,33323.5741,15613.7055
2026-07-16 20:00:00,1875.59,1881.59,1857.54,1864.71,31595.6054,15139.5848
2026-07-17 00:00:00,1864.71,1871.08,1843.2,1852.53,44486.8168,20081.7301
2026-07-17 04:00:00,1852.53,1853.08,1820.74,1828.52,45533.7226,24262.3871
2026-07-17 08:00:00,1828.52,1843.26,1821.41,1839.04,36870.4969,22988.3149
2026-07-17 12:00:00,1839.05,1840.58,1803.05,1830.88,72970.3255,34172.6678
2026-07-17 16:00:00,1830.89,1856.17,1825.32,1843.76,40978.7013,20526.5078
2026-07-17 20:00:00,1843.76,1846.65,1835.27,1841.93,12187.6925,4988.2929
2026-07-18 00:00:00,1841.94,1846.74,1839.38,1845.96,13627.6371,6459.8609
2026-07-18 04:00:00,1845.96,1849.68,1842.56,1844.2,10193.3719,5502.2559
2026-07-18 08:00:00,1844.2,1849.44,1842.3,1845.56,10162.4632,5206.8225
2026-07-18 12:00:00,1845.56,1850.64,1837.58,1844.15,17626.3753,9933.5267
2026-07-18 16:00:00,1844.15,1867.58,1841.51,1858.45,27311.7817,14994.1575
2026-07-18 20:00:00,1858.45,1865.86,1855.47,1862.61,13676.294,7583.1471
2026-07-19 00:00:00,1862.61,1877.33,1858.17,1867.08,27387.4951,12494.6356
2026-07-19 04:00:00,1867.08,1871.99,1864.21,1870.25,17140.7424,8724.4431
2026-07-19 08:00:00,1870.26,1879.38,1863.46,1871.41,21823.4567,11291.1134
2026-07-19 12:00:00,1871.4,1879.26,1864.47,1870.91,23743.0826,13722.5519
2026-07-19 16:00:00,1870.91,1873.85,1851.71,1862.37,27303.9993,12337.0998
2026-07-19 20:00:00,1862.37,1877.03,1857,1872.23,26523.8901,13907.5671
2026-07-20 00:00:00,1872.24,1891.71,1862.08,1879.94,40327.5711,21744.0843
2026-07-20 04:00:00,1879.94,1879.99,1843.14,1863.95,41366.6157,20574.4214
2026-07-20 08:00:00,1863.95,1896.5,1854.31,1893.2,44092.3265,23823.7197
2026-07-20 12:00:00,1893.21,1904.92,1853.65,1902.34,65138.717,33815.3004
2026-07-20 16:00:00,1902.34,1918.16,1890.07,1898.46,58309.8959,29341.8204
2026-07-20 20:00:00,1898.46,1907.58,1894.4,1904.77,21960.5068,10636.0972
2026-07-21 00:00:00,1904.77,1928.57,1900.74,1926.75,39390.3291,21513.7729
2026-07-21 04:00:00,1926.74,1940.25,1921.81,1934.08,40556.1414,20552.2196
2026-07-21 08:00:00,1934.07,1953,1925.98,1935.69,113965.7397,66835.3432
2026-07-21 12:00:00,1935.69,1945.23,1923.36,1931.81,62411.1336,28853.0356
2026-07-21 16:00:00,1931.81,1935.36,1915,1923.39,49947.7856,29408.7564
2026-07-21 20:00:00,1923.38,1932,1916.67,1930.09,20694.5485,11687.0411
2026-07-22 00:00:00,1930.09,1944.68,1926.76,1928.77,38196.5647,21071.1222
2026-07-22 04:00:00,1928.76,1939.4,1910.68,1914.44,47965.1374,22929.0112
2026-07-22 08:00:00,1914.43,1933.62,1914.08,1927.27,36444.4362,17557.9012
2026-07-22 12:00:00,1927.26,1955.92,1913.26,1943.03,61853.0343,32530.1125
2026-07-22 16:00:00,1943.04,1956.45,1921,1925.13,41321.4528,19019.5062
2026-07-22 20:00:00,1925.14,1939.7,1922.95,1934.25,25360.1999,10850.8109
2026-07-23 00:00:00,1934.26,1941.5,1917.57,1920.55,24993.7353,8996.072
2026-07-23 04:00:00,1920.56,1928.69,1912.6,1915.65,28351.1057,14383.3843
2026-07-23 08:00:00,1915.65,1931.66,1914.44,1926.04,25394.4369,11995.1588
2026-07-23 12:00:00,1926.03,1927.99,1882.98,1895.23,79844.2221,34618.0894
2026-07-23 16:00:00,1895.23,1895.41,1869.44,1875.65,40349.4912,18802.0375
2026-07-23 20:00:00,1875.64,1889.09,1874.23,1878.38,20856.0821,11004.3547
2026-07-24 00:00:00,1878.38,1881.2,1859.67,1880.67,33554.3655,14702.9645
2026-07-24 04:00:00,1880.67,1909.8,1873.48,1895.98,34493.4821,19550.9255
2026-07-24 08:00:00,1895.98,1896.04,1876.71,1883.93,23099.0765,10942.7941
2026-07-24 12:00:00,1883.93,1886.09,1848.09,1861.81,68024.0006,34782.6988
2026-07-24 16:00:00,1861.82,1866.76,1853.5,1863.83,29813.1651,15656.2133
2026-07-24 20:00:00,1863.84,1865.82,1856.97,1861.44,11811.3463,6452.3035
2026-07-25 00:00:00,1861.44,1864.69,1855.93,1858.74,13999.1489,7205.6162
2026-07-25 04:00:00,1858.74,1862.96,1854.61,1856.02,12980.1958,5750.6895
2026-07-25 08:00:00,1856.03,1860.09,1851.22,1857.75,16027.4582,7923.5837
2026-07-25 12:00:00,1857.75,1872.35,1856.96,1867.88,20845.3524,11029.1721
2026-07-25 16:00:00,1867.88,1877.07,1864.65,1874.76,16227.7542,9623.478
2026-07-25 20:00:00,1874.77,1876.92,1867.92,1874.89,8354.5785,3780.168
2026-07-26 00:00:00,1874.88,1883.98,1873.85,1882.21,10360.017,6218.317
2026-07-26 04:00:00,1882.21,1889.36,1878.46,1881.56,11240.7353,5416.7326
2026-07-26 08:00:00,1881.57,1887.89,1878.74,1885.87,9601.9319,4697.8996
2026-07-26 12:00:00,1885.87,1917.82,1881.61,1914.63,34317.9973,18074.5766
2026-07-26 16:00:00,1914.63,1928.08,1908.75,1914.2,28406.1046,13859.1121
2026-07-26 20:00:00,1914.21,1967.36,1911.14,1954.72,59306.9088,32432.3536
2026-07-27 00:00:00,1954.72,1955.42,1936.51,1949.64,34258.2056,17523.3138
2026-07-27 04:00:00,1949.65,1981.24,1948.54,1964.36,69725.077,37651.9653
2026-07-27 08:00:00,1964.37,1972,1956.87,1959.67,32315.8135,16201.9349
2026-07-27 12:00:00,1959.67,1977.99,1919.09,1927.75,99494.5419,43902.9484
2026-07-27 16:00:00,1927.74,1955.41,1922.65,1948.31,37420.9366,19416.6359
2026-07-27 20:00:00,1948.32,1950.54,1882.49,1892.53,69236.9054,27706.3209
2026-07-28 00:00:00,1892.53,1894.45,1866.31,1881.38,49994.7712,24674.3006
2026-07-28 04:00:00,1881.37,1889.66,1876.48,1883.83,33258.9851,14807.5868
2026-07-28 08:00:00,1883.84,1885.85,1872,1876.68,30340.5886,14145.5929
2026-07-28 12:00:00,1876.69,1924.41,1856.88,1920.02,94750.9591,48914.7421
2026-07-28 16:00:00,1920.02,1928.95,1892.71,1922.23,51764.2341,25994.3124
2026-07-28 20:00:00,1922.24,1929.67,1904.06,1922.23,29115.6248,13568.2813
2026-07-29 00:00:00,1922.22,1928.51,1891.17,1892.7,33714.362,16364.7082
2026-07-29 04:00:00,1892.7,1925.68,1884.51,1924.71,38986.3337,20968.7655
2026-07-29 08:00:00,1924.71,1925.35,1910,1915.26,29525.7793,12279.7051
2026-07-29 12:00:00,1915.26,1915.27,1887.31,1892.11,63204.2808,29663.0179
2026-07-29 16:00:00,1892.11,1935.68,1883.7,1888.56,84957.6996,43606.6278
2026-07-29 20:00:00,1888.57,1913.17,1872,1910.72,48173.8886,23816.64
2026-07-30 00:00:00,1910.72,1921.92,1893.99,1909.99,32801.6055,17423.9469
2026-07-30 04:00:00,1910,1910.93,1899.59,1903.25,29121.0648,15013.6492
2026-07-30 08:00:00,1903.26,1926.44,1900.51,1923.22,28871.2305,14457.8895
2026-07-30 12:00:00,1923.25,1936.99,1913.49,1918.9,41797.7412,19959.409
2026-07-30 16:00:00,1918.9,1929.34,1914.81,1923.68,22085.9616,11010.3387
2026-07-30 20:00:00,1923.69,1936.79,1916,1918.31,21854.0782,10764.5205
2026-07-31 00:00:00,1918.32,1936.15,1899.09,1908.9,38957.0846,19377.2139
2026-07-31 04:00:00,1908.9,1911.16,1884.53,1890.2,28568.9525,13080.8946
2026-07-31 08:00:00,1890.2,1893.33,1877.93,1884.26,35603.552,13246.1941
2026-07-31 12:00:00,1884.27,1890.61,1848.7,1862.94,90384.1136,40290.4859
2026-07-31 16:00:00,1862.93,1878.14,1860.83,1868.19,30789.9529,12169.1856
2026-07-31 20:00:00,1868.19,1870.73,1858.8,1862.6,18601.1309,6988.1715
2026-08-01 00:00:00,1862.6,1870,1862.38,1869.88,10623.0492,5225.6269
2026-08-01 04:00:00,1869.88,1871.98,1865.34,1869.8,9060.1323,4274.5973
2026-08-01 08:00:00,1869.81,1870.74,1863.1,1866.9,16655.0267,7904.4413
2026-08-01 12:00:00,1866.9,1875.45,1866.89,1870.09,11065.9213,5389.4636
2026-08-01 16:00:00,1870.1,1873.6,1822.06,1837.3,44182.6507,18265.5404
2026-08-01 20:00:00,1837.29,1849.26,1833.07,1844.94,17300.2076,6948.2419
2026-08-02 00:00:00,1844.95,1884.69,1843.67,1877.43,34093.4142,17293.0525
2026-08-02 04:00:00,1877.44,1882.68,1875,1876.1,14739.7545,6940.0206
2026-08-02 08:00:00,1876.1,1879,1849.5,1852.58,18008.2763,7736.7413
2026-08-02 12:00:00,1852.65,1863.05,1852.41,1858.82,11578.9503,6561.8971
2026-08-02 16:00:00,1858.82,1887.2,1856.03,1882.2,20887.7913,12398.3588
2026-08-02 20:00:00,1882.2,1898.5,1876.39,1885.36,24346.8766,13573.0578
2026-08-03 00:00:00,1885.36,1885.95,1851.05,1857.22,18147.86,7382.4642
2026-08-03 04:00:00,1857.21,1863.14,1840,1843.97,27490.3091,12819.9716
2026-08-03 08:00:00,1843.96,1854.46,1828.62,1839.89,35874.1709,16431.856
2026-08-03 12:00:00,1839.88,1874.35,1836.75,1863.34,50189.096,28442.6774
2026-08-03 16:00:00,1863.34,1876.5,1861.68,1870.2,22864.1244,10661.2733
2026-08-03 20:00:00,1870.2,1875.99,1852.45,1860.5,21041.4495,9036.8255
2026-08-04 00:00:00,1860.5,1872.5,1848.38,1864.19,28858.3202,15302.9954
2026-08-04 04:00:00,1864.2,1882.44,1853.54,1863.87,32818.8903,18470.8065
2026-08-04 08:00:00,1863.88,1874.78,1853.48,1872.89,25509.3329,12501.7831
2026-08-04 12:00:00,1872.88,1882,1858.72,1873.07,45183.7663,23892.1333
2026-08-04 16:00:00,1873.08,1881.81,1865.65,1875.26,35711.2303,15749.7444
2026-08-04 20:00:00,1875.26,1881.28,1866.17,1869.75,17173.0052,8048.7534
2026-08-05 00:00:00,1869.74,1878,1861.34,1867.75,24714.244,11806.6167
2026-08-05 04:00:00,1867.75,1877.69,1863.53,1872.2,30830.3471,14698.5151
2026-08-05 08:00:00,1872.2,1876.06,1866.16,1868.92,25524.9464,14511.9863
2026-08-05 12:00:00,1868.92,1885.29,1855.5,1873.91,59791.2603,30246.4354
2026-08-05 16:00:00,1873.91,1928,1873.4,1917.03,74497.6757,42396.0503
2026-08-05 20:00:00,1917.02,1924.56,1904.34,1908.9,22971.8534,10763.6524
2026-08-06 00:00:00,1908.91,1914.02,1895.1,1899.03,25020.7657,10680.4517
2026-08-06 04:00:00,1899.04,1918.7,1895.73,1909.33,24898.2449,11577.8793
2026-08-06 08:00:00,1909.33,1920.51,1897,1907.77,29967.732,13601.1071
2026-08-06 12:00:00,1907.77,1919.68,1892.04,1910.69,52988.6573,25129.0389
2026-08-06 16:00:00,1910.7,1918.47,1903.08,1910.06,31420.4318,14682.2253
2026-08-06 20:00:00,1910.07,1910.85,1898.94,1904.1,13233.8818,5489.4328
2026-08-07 00:00:00,1904.1,1908.61,1896.16,1897.43,18311.79,8798.2183
2026-08-07 04:00:00,1897.43,1907.58,1894.35,1902.36,20808.7949,9986.9487
2026-08-07 08:00:00,1902.35,1921,1901.91,1916.33,52531.1399,18079.2324
2026-08-07 12:00:00,1916.33,1943.02,1910.53,1917.88,71735.7862,39000.718
2026-08-07 16:00:00,1917.87,1925,1905.4,1918.85,31875.2905,12644.9846
2026-08-07 20:00:00,1918.84,1922.81,1912.72,1914.18,15013.7275,6519.0081
2026-08-08 00:00:00,1914.19,1919.02,1912.27,1918.08,9031.6185,3620.8186
2026-08-08 04:00:00,1918.09,1919.58,1914,1915.11,6631.8429,3381.4876
2026-08-08 08:00:00,1915.11,1923.57,1914.58,1920.99,9718.3909,4312.2179
2026-08-08 12:00:00,1920.99,1926.72,1918.61,1922.62,12362.8962,6384.4843
2026-08-08 16:00:00,1922.63,1926.45,1919.67,1920.41,10727.5528,5887.9441
2026-08-08 20:00:00,1920.41,1922.73,1914.69,1916.74,8400.0918,3965.6479
2026-08-09 00:00:00,1916.75,1920.21,1912.36,1914.04,8345.453,3355.7903
2026-08-09 04:00:00,1914.04,1919.79,1912.83,1918.97,12115.5126,5712.4513
2026-08-09 08:00:00,1918.97,1925,1913.39,1919.23,13796.1907,6894.058
2026-08-09 12:00:00,1919.23,1927.36,1916.51,1926.56,15481.1061,8171.8011
2026-08-09 16:00:00,1926.57,1926.95,1920.15,1922.04,7930.0424,3735.047
2026-08-09 20:00:00,1922.04,1938.22,1907.56,1910.65,30187.0205,14849.8276
2026-08-10 00:00:00,1910.65,1931.57,1906.17,1917.44,31514.3795,15102.6341
2026-08-10 04:00:00,1917.44,1930.84,1912.6,1925.26,26021.2411,12278.107
2026-08-10 08:00:00,1925.26,1929.74,1914.68,1920.42,20574.1569,10827.3432
2026-08-10 12:00:00,1920.42,1923.34,1871.37,1877,72727.0989,30315.6772
2026-08-10 16:00:00,1876.99,1880.47,1867.96,1878.51,41521.4818,17428.0263
2026-08-10 20:00:00,1878.52,1881.31,1870.12,1873.16,17450.6639,6916.2451
2026-08-11 00:00:00,1873.16,1881.78,1871,1881.03,19177.0692,9909.5184
2026-08-11 04:00:00,1881.02,1882.18,1870.29,1877.95,28590.5126,11649.8248
2026-08-11 08:00:00,1877.95,1895.6,1875.75,1892.97,33281.4942,15835.6619
2026-08-11 12:00:00,1892.96,1897.8,1853.62,1862.74,55998.9156,24204.0775
2026-08-11 16:00:00,1862.75,1884.83,1859.78,1881.9,32745.3142,15127.1116
2026-08-11 20:00:00,1881.9,1887.64,1878.92,1882.59,23507.2108,12708.0173
2026-08-12 00:00:00,1882.58,1887.91,1880.65,1886.62,14610.5113,7096.1503
2026-08-12 04:00:00,1886.63,1893.37,1885.38,1891.69,18465.3367,9029.38
2026-08-12 08:00:00,1891.7,1915.99,1890,1915.57,37910.3654,19372.3023
2026-08-12 12:00:00,1915.58,1925,1884.54,1892.75,57450.0197,27453.7316
2026-08-12 16:00:00,1892.75,1895.77,1877.98,1879.38,21607.7313,9989.9072
2026-08-12 20:00:00,1879.37,1889.47,1873.29,1879.81,21212.0331,11148.1644
2026-08-13 00:00:00,1879.8,1888.89,1873.17,1887.52,25035.367,13559.1998
2026-08-13 04:00:00,1887.52,1900,1885.46,1895.57,19776.3548,10997.4854
2026-08-13 08:00:00,1895.57,1897,1875.49,1880.39,29407.9344,15550.2932
2026-08-13 12:00:00,1880.4,1897.36,1879.17,1880.01,32932.5387,16647.2693
2026-08-13 16:00:00,1880.01,1892.73,1863.67,1887.41,36684.7871,17785.1285
2026-08-13 20:00:00,1887.41,1893.03,1884.6,1886.15,10303.6488,4804.2476
2026-08-14 00:00:00,1886.16,1891.3,1882.44,1883,11962.548,5112.2328
2026-08-14 04:00:00,1883,1887.87,1872.28,1873.4,17126.1709,7971.5385
2026-08-14 08:00:00,1873.4,1881.19,1869.32,1878.2,20502.692,11146.6648
2026-08-14 12:00:00,1878.2,1884.71,1864.28,1881.56,31025.9906,15631.8974
2026-08-14 16:00:00,1881.56,1888.42,1873.7,1880.89,19452.3476,10278.2751
2026-08-14 20:00:00,1880.89,1882.67,1876.1,1882.2,8054.0243,3659.0086
2026-08-15 00:00:00,1882.2,1886.59,1881.12,1882.68,7143.5623,3381.8494
2026-08-15 04:00:00,1882.69,1885.69,1880,1880.4,7045.5038,3627.4559
2026-08-15 08:00:00,1880.4,1881.69,1876.01,1879.49,8109.1911,4411.4576
2026-08-15 12:00:00,1879.49,1885.83,1878.19,1884.91,10373.705,4299.6441
2026-08-15 16:00:00,1884.92,1886.58,1882.59,1884.55,8229.5427,3976.0398
2026-08-15 20:00:00,1884.55,1885.8,1881.98,1882.64,7295.586,3317.0331
2026-08-16 00:00:00,1882.64,1885,1877.01,1883.3,8896.8635,4324.2032
2026-08-16 04:00:00,1883.31,1884.56,1879,1881.54,6328.3527,3473.3571
2026-08-16 08:00:00,1881.54,1882.52,1879.27,1880.94,7717.5866,4042.7458
2026-08-16 12:00:00,1880.94,1885,1879.32,1884.06,9132.2267,2683.407
2026-08-16 16:00:00,1884.06,1892.31,1882.63,1885.83,14912.3864,7861.5758
2026-08-16 20:00:00,1885.83,1887.58,1869.17,1876,21587.0072,11721.9152
2026-08-17 00:00:00,1876.01,1908.62,1872.46,1900.92,42197.3667,23116.147
2026-08-17 04:00:00,1900.93,1912.6,1897.13,1900.93,30157.1868,14397.2833
2026-08-17 08:00:00,1900.93,1909.49,1891.57,1904.46,23188.28,11079.5012
2026-08-17 12:00:00,1904.46,1915.5,1896.28,1913.22,39771.8373,19399.8112
2026-08-17 16:00:00,1913.22,1914.19,1904.59,1907.25,23753.5267,12739.9298
2026-08-17 20:00:00,1907.24,1918.71,1903.59,1913.6,16659.0896,8128.0692
2026-08-18 00:00:00,1913.59,1914.38,1885.78,1894.69,27769.4927,11830.3246
2026-08-18 04:00:00,1894.68,1906.94,1891.53,1898.84,19553.7453,9077.9296
2026-08-18 08:00:00,1898.83,1905.65,1893.8,1903.11,18879.4821,9653.4937
2026-08-18 12:00:00,1903.12,1923.27,1894,1917.7,42642.8623,21439.5165
2026-08-18 16:00:00,1917.71,1922.3,1910.81,1913.28,20637.1712,8880.849
2026-08-18 20:00:00,1913.28,1920.1,1910.87,1917.85,14954.1548,7039.7633
2026-08-19 00:00:00,1917.85,1919.15,1906.19,1912.15,22296.4246,10836.8858
2026-08-19 04:00:00,1912.15,1921.32,1906,1916.01,24670.0179,12947.6353
2026-08-19 08:00:00,1916.01,1929.94,1915.32,1923.06,23850.5924,12008.9224
2026-08-19 12:00:00,1923.06,2115,1922.05,2085.83,300802.4681,161054.438
2026-08-19 16:00:00,2085.83,2108,2067.43,2102.02,141388.9217,70289.3457
2026-08-19 20:00:00,2102.02,2333.65,2102.02,2252.8,286544.92,149918.7163
2026-08-20 00:00:00,2252.81,2274.25,2221.54,2251.21,108149.0214,53915.7751
2026-08-20 04:00:00,2251.21,2267.3,2238.97,2251.81,74167.2094,38225.7021
2026-08-20 08:00:00,2251.81,2320,2249.19,2296.58,148486.0702,81787.6656
2026-08-20 12:00:00,2296.59,2337.89,2255.68,2326.41,139238.0199,75207.9928
2026-08-20 16:00:00,2326.4,2360,2310.44,2323.77,139596.2158,69837.2633
2026-08-20 20:00:00,2323.78,2340,2306.67,2326.82,38984.1861,19078.1426
2026-08-21 00:00:00,2326.83,2380.82,2324.99,2341.04,95789.5197,51028.7276
2026-08-21 04:00:00,2341.05,2398.71,2341.05,2371.66,91308.1763,44599.7692
2026-08-21 08:00:00,2371.67,2447.98,2357.18,2370.47,173846.0211,89703.5707
2026-08-21 12:00:00,2370.48,2408.55,2365.44,2393.65,118459.1248,65849.0601
2026-08-21 16:00:00,2393.64,2432.35,2384,2413.55,99585.7922,56297.0305
2026-08-21 20:00:00,2413.54,2546.78,2408.86,2516.3,161674.2805,94590.7802
2026-08-22 00:00:00,2516.31,2528.58,2491.11,2515.06,86371.1989,46351.8975
2026-08-22 04:00:00,2515.06,2529.99,2385,2433.31,181602.88,86567.7703
2026-08-22 08:00:00,2433.32,2441.1,2389.45,2423.93,80716.6649,39175.7583
2026-08-22 12:00:00,2423.92,2437.76,2405.62,2410.9,52975.6642,27765.6454
2026-08-22 16:00:00,2410.89,2444.71,2409,2439.41,37804.4339,23210.9112
2026-08-22 20:00:00,2439.41,2443.72,2403.47,2422.6,45694.0482,21147.4427
2026-08-23 00:00:00,2422.6,2435.53,2408,2413.98,34265.1013,17196.4083
2026-08-23 04:00:00,2413.98,2417.02,2355.71,2389.02,76854.6755,39818.4801
2026-08-23 08:00:00,2389.01,2438.31,2386.96,2433.68,52155.9669,32851.0458
2026-08-23 12:00:00,2433.67,2484.06,2389.85,2438.62,107861.6175,59169.2845
2026-08-23 16:00:00,2438.61,2459.22,2432.81,2444.96,38550.1826,18964.3464
2026-08-23 20:00:00,2444.95,2484.62,2436.41,2463.41,69159.6584,36739.6381
2026-08-24 00:00:00,2463.42,2466.98,2424.73,2430.64,54304.5378,25306.039
2026-08-24 04:00:00,2430.65,2474.09,2428.11,2454.64,59744.6572,29818.5132
2026-08-24 08:00:00,2454.67,2509,2436.41,2494.18,85019.4974,47453.0759
2026-08-24 12:00:00,2494.18,2532.95,2474.5,2487.99,153405.943,78659.7058
2026-08-24 16:00:00,2487.99,2506,2455,2471.4,87122.0244,42968.0697
2026-08-24 20:00:00,2471.48,2489.67,2465.46,2482.31,27838.527,14805.9129
2026-08-25 00:00:00,2482.31,2532.5,2472.18,2499.29,76445.2715,39778.149
2026-08-25 04:00:00,2499.3,2515.43,2464.41,2478.94,51481.8622,22268.659
2026-08-25 08:00:00,2478.94,2498,2462.81,2477.91,44061.7462,21266.8695
2026-08-25 12:00:00,2477.9,2484,2440,2482.88,77139.2453,33657.7861
2026-08-25 16:00:00,2482.89,2485.6,2455.54,2463.42,42815.2812,17552.8696
2026-08-25 20:00:00,2463.42,2464.24,2414.64,2442.64,49445.5546,21655.6161
2026-08-26 00:00:00,2442.65,2469.82,2435.81,2465.57,24352.4743,13168.4312
2026-08-26 04:00:00,2465.56,2472.86,2451.49,2461.78,28799.394,12659.8451
2026-08-26 08:00:00,2461.78,2475.61,2442.76,2463.09,39351.7341,20711.0798
2026-08-26 12:00:00,2463.09,2472.05,2432.32,2449.85,59145.7063,28768.1571
2026-08-26 16:00:00,2449.85,2483.52,2438.1,2470.79,41493.2285,20907.7726
2026-08-26 20:00:00,2470.79,2515.38,2460.29,2506.78,57440.7335,32006.084
2026-08-27 00:00:00,2506.78,2510.64,2487.03,2492.89,32845.2518,15906.2966
2026-08-27 04:00:00,2492.89,2499,2481.74,2497.16,23675.7457,9564.4239
2026-08-27 08:00:00,2497.17,2566.53,2486.97,2501.73,112822.7152,59819.2373
2026-08-27 12:00:00,2501.74,2531.84,2482.54,2521.68,73969.8404,37175.9637
2026-08-27 16:00:00,2521.68,2533.78,2488.74,2498.21,67682.1421,28090.3995
2026-08-27 20:00:00,2498.22,2516.98,2495.06,2510.94,25918.3648,13280.0015
2026-08-28 00:00:00,2510.94,2535.05,2486.09,2489.92,41365.0938,19472.3092
2026-08-28 04:00:00,2489.91,2505.37,2477.49,2496.48,31145.2785,14549.6545
2026-08-28 08:00:00,2496.47,2511.51,2482.17,2505.1,34960.3259,15925.819
2026-08-28 12:00:00,2505.1,2526.64,2468,2471.89,105432.4962,50495.1754
2026-08-28 16:00:00,2471.89,2473.95,2405.97,2435.69,122726,54651.8576
2026-08-28 20:00:00,2435.68,2445,2422.36,2442.8,25453.2728,12036.7199
2026-08-29 00:00:00,2442.79,2448.05,2434.56,2435.23,16909.3598,8488.0199
2026-08-29 04:00:00,2435.24,2442.03,2430.45,2436.41,14108.967,7023.1427
2026-08-29 08:00:00,2436.4,2438.5,2431.2,2435.87,12520.7121,6775.9549
2026-08-29 12:00:00,2435.88,2452.64,2432.42,2444.76,20080.5261,10019.275
2026-08-29 16:00:00,2444.75,2458.9,2444.52,2453.51,29252.5713,15777.0173
2026-08-29 20:00:00,2453.51,2459.76,2449.08,2457.67,10651.7892,6064.1005
2026-08-30 00:00:00,2457.67,2467.93,2453.08,2457.15,16603.2389,9202.6373
2026-08-30 04:00:00,2457.14,2461.52,2451.55,2455.28,16801.9985,7302.588
2026-08-30 08:00:00,2455.28,2461.81,2451.79,2460.41,14786.4537,7359.3698
2026-08-30 12:00:00,2460.42,2484,2458.73,2481.11,43986.325,21341.6207
2026-08-30 16:00:00,2481.11,2534.98,2479.28,2503.83,71498.1377,39627.3961
2026-08-30 20:00:00,2503.82,2508.6,2387.28,2416.88,104621.7965,41539.0901
2026-08-31 00:00:00,2416.89,2441.9,2401.35,2420.94,54980.0399,27185.32
2026-08-31 04:00:00,2420.94,2446.6,2411.34,2440.38,37358.2116,18003.6888
2026-08-31 08:00:00,2440.38,2458.02,2433.56,2446.35,39700.1828,16969.3273
2026-08-31 12:00:00,2446.36,2478.09,2437.05,2467.68,66643.6066,35384.6142
2026-08-31 16:00:00,2467.68,2489.95,2461.26,2481.84,46692.0355,25264.4819
2026-08-31 20:00:00,2481.84,2487,2462,2467.65,19847.7781,9195.6095
2026-09-01 00:00:00,2467.64,2482.8,2454.66,2472.21,29497.0503,14279.9428
2026-09-01 04:00:00,2472.21,2485.5,2466.57,2472.72,27245.2378,14488.088
2026-09-01 08:00:00,2472.72,2473.62,2443.44,2459.18,45459.2336,23552.1623
2026-09-01 12:00:00,2459.18,2459.32,2426.58,2448.97,60562.4393,26940.4046
2026-09-01 16:00:00,2448.97,2449.6,2383.34,2419.18,75337.8246,35769.0372
2026-09-01 20:00:00,2419.19,2427.15,2400.42,2418.57,38485.8968,19358.2814
2026-09-02 00:00:00,2418.58,2424.3,2386.74,2414.42,43639.1716,21713.1484
2026-09-02 04:00:00,2414.42,2429,2405.44,2417.9,29071.5286,15175.2075
2026-09-02 08:00:00,2417.9,2420.64,2356.41,2381.88,80384.9682,40313.1052
2026-09-02 12:00:00,2381.87,2419.72,2377.21,2390.98,69945.3728,38388.0926
2026-09-02 16:00:00,2390.98,2404.8,2372.55,2392.99,39284.0901,19471.5752
2026-09-02 20:00:00,2393,2399.74,2377.77,2391.92,23284.515,11888.6547
2026-09-03 00:00:00,2391.91,2410.94,2370.14,2403.3,35691.9837,20168.2088
2026-09-03 04:00:00,2403.29,2419.33,2379.41,2398.68,40527.8213,24150.2175
2026-09-03 08:00:00,2398.68,2413.04,2390,2407.2,36726.3406,22786.5425
2026-09-03 12:00:00,2407.2,2517.17,2405.09,2516.58,129908.0326,77443.8317
2026-09-03 16:00:00,2516.58,2529.84,2488.38,2518.18,66639.7675,37146.2989
2026-09-03 20:00:00,2518.18,2526.19,2490.13,2507.51,41653.3552,20497.4775
2026-09-04 00:00:00,2507.5,2517.2,2497.05,2505.14,35795.4686,20006.3619
2026-09-04 04:00:00,2505.14,2525,2500.19,2504.39,51451.616,29225.1
2026-09-04 08:00:00,2504.39,2546.66,2503.4,2523.02,79747.8369,46247.9912
2026-09-04 12:00:00,2523.03,2532.21,2431.61,2451.98,177564.8812,78784.1029
2026-09-04 16:00:00,2451.98,2464.49,2443.04,2455.84,48944.0244,18983.8081
2026-09-04 20:00:00,2455.85,2458.91,2449.81,2455.85,18763.9316,8578.6461
2026-09-05 00:00:00,2455.86,2456.58,2450.12,2452.49,13304.8356,6516.1168
2026-09-05 04:00:00,2452.5,2459.33,2444.47,2457.53,18419.0072,8932.5909
2026-09-05 08:00:00,2457.53,2460.28,2453,2453.67,17069.4727,9142.8696
2026-09-05 12:00:00,2453.67,2462,2450,2460,25028.163,13878.9728
2026-09-05 16:00:00,2459.99,2485.34,2458.89,2477.57,35586.9649,18330.6938
2026-09-05 20:00:00,2477.57,2493.57,2475,2480.34,20688.1187,10542.4201
2026-09-06 00:00:00,2480.33,2514.55,2479.27,2509.68,44380.0774,23985.0743
2026-09-06 04:00:00,2509.68,2523.97,2482.6,2496.79,38156.3716,18365.1798
2026-09-06 08:00:00,2496.8,2504.25,2491.95,2501.93,20195.7305,10519.6176
2026-09-06 12:00:00,2501.94,2504.99,2460.92,2479.79,43829.4949,17820.4866
2026-09-06 16:00:00,2479.78,2500,2475.26,2490.42,27209.246,9993.4379
2026-09-06 20:00:00,2490.42,2526.2,2488.55,2514.48,43919.1639,21499.0097
2026-09-07 00:00:00,2514.48,2536.64,2496.72,2497.43,49178.8393,25861.3883
2026-09-07 04:00:00,2497.43,2514.03,2475.12,2489.35,51301.3666,23180.1872
2026-09-07 08:00:00,2489.34,2497.46,2484.42,2489.15,36119.4554,16695.3369
2026-09-07 12:00:00,2489.16,2511.4,2466,2470.43,57247.5813,25788.9049
2026-09-07 16:00:00,2470.44,2499.4,2470.3,2495.98,33888.3651,18726.7401
2026-09-07 20:00:00,2495.98,2497.3,2475.31,2490.16,28712.5753,11297.1508
2026-09-08 00:00:00,2490.16,2507.99,2478,2486.04,31217.9868,15085.8102
2026-09-08 04:00:00,2486.05,2486.33,2463,2479.63,44364.2414,21778.4702
2026-09-08 08:00:00,2479.63,2500,2469.08,2474.76,38212.6728,18708.2414
2026-09-08 12:00:00,2474.75,2501.74,2441.68,2498.62,68203.2373,33217.1948
2026-09-08 16:00:00,2498.62,2507.54,2476.57,2482.32,45833.8733,22759.2591
2026-09-08 20:00:00,2482.31,2491.67,2478.79,2485.06,16590.1156,8791.3298
2026-09-09 00:00:00,2485.07,2500,2485.07,2488.9,21148.9469,9810.631
2026-09-09 04:00:00,2488.91,2517,2488.91,2510.53,52380.0437,28993.6301
2026-09-09 08:00:00,2510.53,2523.3,2482.5,2501,56279.0755,27601.6447
2026-09-09 12:00:00,2501.01,2521.48,2470.57,2490.26,82898.6501,39710.2555
2026-09-09 16:00:00,2490.26,2499.74,2462.52,2465.49,37227.9389,16251.1018
2026-09-09 20:00:00,2465.49,2472.72,2442.44,2468.13,51811.215,19921.9635
2026-09-10 00:00:00,2468.14,2479.29,2455.17,2475.41,30073.1355,15270.213
2026-09-10 04:00:00,2475.4,2484.76,2464.11,2472.97,24053.4991,11862.952
2026-09-10 08:00:00,2472.96,2478,2458.23,2462.21,30926.3378,12907.8655
2026-09-10 12:00:00,2462.21,2466.75,2405.85,2441.54,167970.4117,89125.3901
2026-09-10 16:00:00,2441.54,2475.03,2432.91,2462.54,69435.9141,31673.008
2026-09-10 20:00:00,2462.55,2469.12,2435,2438.27,24974.9141,10723.2492
2026-09-11 00:00:00,2438.27,2460.29,2437.73,2447.27,38130.2636,14237.368
2026-09-11 04:00:00,2447.27,2473.52,2446.24,2467.52,44438.7736,18498.4359
2026-09-11 08:00:00,2467.53,2484.62,2452.56,2458.27,36210.8607,18342.1698
2026-09-11 12:00:00,2458.27,2665.99,2433.77,2559.42,380386.0521,204176.84
2026-09-11 16:00:00,2559.43,2583.86,2529,2539.49,93181.0589,45680.8499
2026-09-11 20:00:00,2539.49,2547.95,2506.3,2516.43,47254.9239,21203.4949
2026-09-12 00:00:00,2516.44,2517.74,2509.4,2513.29,19760.9044,8444.3128
2026-09-12 04:00:00,2513.29,2525.39,2508.64,2524.19,28458.2072,13631.6473
2026-09-12 08:00:00,2524.19,2537.67,2523.24,2536.17,24193.7521,10718.479
2026-09-12 12:00:00,2536.17,2546.01,2532,2535.08,37028.9069,19430.713
2026-09-12 16:00:00,2535.09,2536.45,2515.16,2519.63,34601.7733,18100.4612
2026-09-12 20:00:00,2519.62,2529.2,2519.62,2525.93,15874.7819,8999.9849
2026-09-13 00:00:00,2525.92,2527.56,2519.08,2520.82,13718.7443,6302.3718
2026-09-13 04:00:00,2520.81,2524.05,2509.63,2517.94,17863.5601,8813.1018
2026-09-13 08:00:00,2517.94,2519.68,2467.5,2481.05,63243.696,25760.5565
2026-09-13 12:00:00,2481.06,2495.68,2462.02,2491.1,43856.1318,19894.674
2026-09-13 16:00:00,2491.1,2515.36,2490.8,2506.02,48009.6456,20792.5943
2026-09-13 20:00:00,2506.03,2516.58,2470.68,2477.1,29778.8905,14616.7266
2026-09-14 00:00:00,2477.1,2520,2464.71,2512.96,39573.9683,20545.1186
2026-09-14 04:00:00,2512.96,2527.12,2508.12,2523.47,39824.5936,23317.4929
2026-09-14 08:00:00,2523.48,2535,2505.86,2509.21,44430.3825,23951.5201
2026-09-14 12:00:00,2509.21,2518.71,2487.84,2508.48,75179.7019,34075.17
2026-09-14 16:00:00,2508.49,2549.61,2504.48,2540,67683.515,36389.7019
2026-09-14 20:00:00,2540.01,2615,2513.45,2515.75,88720.234,44798.8233
2026-09-15 00:00:00,2515.72,2520,2496,2498.62,44116.1128,18747.2546
2026-09-15 04:00:00,2498.63,2501.02,2471,2474.3,55925.0365,23310.8128
2026-09-15 08:00:00,2474.29,2488.18,2465.6,2476.41,35650.6582,16770.152
2026-09-15 12:00:00,2476.41,2486.45,2389.72,2424.46,126514.1842,49127.0589
2026-09-15 16:00:00,2424.47,2449,2358.88,2416.65,134674.4066,62404.0412
2026-09-15 20:00:00,2416.66,2418.63,2381.78,2398.26,45740.3608,21516.59
2026-09-16 00:00:00,2398.26,2411.53,2388.21,2401.96,27510.9259,12477.6944
2026-09-16 04:00:00,2401.96,2411.25,2393.61,2396.96,29510.2205,13746.5993
2026-09-16 08:00:00,2396.96,2430,2382.7,2422.61,45785.1914,21437.0021
2026-09-16 12:00:00,2422.6,2423.68,2378.78,2392.76,54179.7051,26333.4593
2026-09-16 16:00:00,2392.76,2430.64,2369.11,2408.6,126327.3105,63522.2974
2026-09-16 20:00:00,2408.58,2422.65,2388.55,2418.26,38582.7846,18751.74
2026-09-17 00:00:00,2418.26,2445.3,2413.56,2436.06,39786.9932,20419.9461
2026-09-17 04:00:00,2436.07,2454.4,2425.03,2444.37,31376.7801,15451.8174
2026-09-17 08:00:00,2444.37,2449.55,2428.12,2442.61,24682.186,11344.926
2026-09-17 12:00:00,2442.6,2483.74,2432.82,2470.27,88808.6043,46709.2355
2026-09-17 16:00:00,2470.27,2477,2445.08,2448.95,33416.9519,15890.0258
2026-09-17 20:00:00,2448.96,2458.99,2436.41,2447.28,19808.4764,8854.1247
2026-09-18 00:00:00,2447.28,2485.82,2436.89,2479.44,43389.4598,24557.6972
2026-09-18 04:00:00,2479.44,2498.68,2470,2490,56191.4842,31980.8783
2026-09-18 08:00:00,2489.99,2521.65,2485.54,2508.12,74599.3393,42371.7585
2026-09-18 12:00:00,2508.12,2597.66,2494.37,2584.06,155560.8105,82611.8375
2026-09-18 16:00:00,2584.07,2646,2578.93,2636.71,119098.9021,74246.0227
2026-09-18 20:00:00,2636.71,2640.21,2608.23,2612.14,58473.0934,29370.4356
2026-09-19 00:00:00,2612.14,2632.3,2602.94,2620.18,37432.291,19218.8285
2026-09-19 04:00:00,2620.17,2636,2612.21,2626.95,22133.4728,12409.0092
2026-09-19 08:00:00,2626.96,2662.85,2623.95,2639.67,41826.2318,23745.4093
2026-09-19 12:00:00,2639.67,2652.1,2629.16,2641.16,27908.9327,12158.0137
2026-09-19 16:00:00,2641.17,2668,2632,2634.88,29265.6458,14007.5583
2026-09-19 20:00:00,2634.88,2640.54,2617.75,2632.69,22888.7324,8958.5238
2026-09-20 00:00:00,2632.7,2632.97,2564.33,2588.03,45702.4072,17964.5704
2026-09-20 04:00:00,2588.03,2588.59,2570,2576.76,37679.892,17672.3502
2026-09-20 08:00:00,2576.76,2587.39,2567.52,2579.08,24145.5272,10044.147
2026-09-20 12:00:00,2579.09,2616,2571.96,2613.11,34135.7624,18059.2374
2026-09-20 16:00:00,2613.11,2649.89,2606.69,2633.34,40707.889,19277.2422
2026-09-20 20:00:00,2633.35,2649.14,2608.31,2645.21,39029.5445,19109.8644
2026-09-21 00:00:00,2645.21,2707.7,2643.71,2665.95,98738.5453,53895.2235
2026-09-21 04:00:00,2665.95,2678.7,2646.58,2661.66,39568.8587,19935.8277
2026-09-21 08:00:00,2661.66,2749.98,2660.91,2725.38,160191.6118,87473.2238
2026-09-21 12:00:00,2725.38,2765.43,2712.2,2755.27,123005.7968,61025.1475
2026-09-21 16:00:00,2755.28,2776.31,2735.17,2761.83,85829.5766,46207.3006
2026-09-21 20:00:00,2761.84,2807.34,2761.84,2776.19,65755.548,31623.7475
2026-09-22 00:00:00,2776.2,2777.55,2726.1,2739.65,56265.5041,23129.4486
2026-09-22 04:00:00,2739.64,2743.2,2715.91,2726.34,36773.128,18136.8232
2026-09-22 08:00:00,2726.35,2755.68,2721.57,2742.6,43377.0205,24820.4302
2026-09-22 12:00:00,2742.59,2764,2716.02,2743.91,68416.7867,34173.7824
2026-09-22 16:00:00,2743.9,2763.86,2729.56,2751.74,48107.1348,22444.6073
2026-09-22 20:00:00,2751.75,2774.41,2734.96,2753.63,50076.1015,28073.7383
2026-09-23 00:00:00,2753.63,2784.4,2745.99,2774.01,38592.8094,20243.0797
2026-09-23 04:00:00,2774.02,2789,2735.2,2742.92,49319.1465,24498.6284
2026-09-23 08:00:00,2742.92,2750.71,2717,2727.96,42379.7208,17450.4882
2026-09-23 12:00:00,2727.95,2730.45,2647.66,2656.21,127163.3046,56457.047
2026-09-23 16:00:00,2656.2,2680.62,2635.39,2678.97,51285.4711,28545.8227
2026-09-23 20:00:00,2678.97,2698.99,2668.45,2684.71,22970.671,12454.7647
2026-09-24 00:00:00,2684.7,2692.74,2664.32,2676.76,21314.2365,9572.9064
2026-09-24 04:00:00,2676.76,2704.08,2669.62,2693.5,27330.0255,13882.0406
2026-09-24 08:00:00,2693.5,2695.8,2600.15,2647.68,58493.3937,24813.9618
2026-09-24 12:00:00,2647.68,2699.76,2639.37,2683.58,68377.7771,35747.0636
2026-09-24 16:00:00,2683.59,2706,2660.38,2696.95,61207.8247,34250.4847
2026-09-24 20:00:00,2696.94,2697.38,2676.03,2688.05,30085.0042,15585.4047
2026-09-25 00:00:00,2688.06,2700.21,2673,2679.09,25451.8538,11505.5045
2026-09-25 04:00:00,2679.1,2686.05,2667.33,2672.04,26608.5087,10600.9501
2026-09-25 08:00:00,2672.05,2743,2672.04,2717.53,58311.2296,33088.7253
2026-09-25 12:00:00,2717.53,2724,2668.84,2686.9,78186.3606,36733.4445
2026-09-25 16:00:00,2686.91,2699.5,2678.28,2693.34,31287.3942,14523.0753
2026-09-25 20:00:00,2693.34,2696.41,2677.16,2691.61,14852.3074,5773.9825
2026-09-26 00:00:00,2691.62,2696.44,2681,2687.98,12374.3103,6047.2234
2026-09-26 04:00:00,2687.98,2691.57,2683.46,2691.16,12681.7772,5396.853
2026-09-26 08:00:00,2691.15,2697.79,2679.3,2689.49,16682.4927,7061.3603
2026-09-26 12:00:00,2689.48,2692.38,2682,2683.23,9751.5477,3674.6258
