t,o,h,l,c,v,taker_buy_v
2026-03-10 13:00:00,2049.82,2060.27,2024.04,2033.63,29276.7718,13785.2565
2026-03-10 14:00:00,2033.63,2080.27,2008.65,2075.19,55294.6468,28317.6947
2026-03-10 15:00:00,2075.19,2085.73,2059.23,2079.35,42497.3487,21586.0428
2026-03-10 16:00:00,2079.34,2088.19,2069.45,2080.72,18680.3037,9351.6943
2026-03-10 17:00:00,2080.71,2085.19,2058.33,2071.67,20761.3728,11133.5084
2026-03-10 18:00:00,2071.67,2073.13,2035.74,2039.68,30444.7151,13462.4268
2026-03-10 19:00:00,2039.68,2044.31,2027.16,2037.02,15745.2154,7754.3366
2026-03-10 20:00:00,2037.02,2047.45,2035.45,2042.56,7714.4161,3992.5042
2026-03-10 21:00:00,2042.56,2048.31,2018,2029.2,10882.7716,3139.766
2026-03-10 22:00:00,2029.2,2032.82,2021.14,2027.64,8497.767,4059.2901
2026-03-10 23:00:00,2027.63,2037.3,2027.55,2036.51,6853.9595,3600.7765
2026-03-11 00:00:00,2036.5,2041.71,2028.81,2037.68,10130.8412,4472.9539
2026-03-11 01:00:00,2037.68,2041,2028.62,2036.1,7117.2212,2769.3029
2026-03-11 02:00:00,2036.1,2039.05,2018.7,2026.71,11516.9943,4085.0135
2026-03-11 03:00:00,2026.7,2029.35,2018.13,2021.17,7998.2934,2389.0833
2026-03-11 04:00:00,2021.17,2041.39,2018.25,2039.08,8679.2646,4813.5574
2026-03-11 05:00:00,2039.08,2041.49,2011.37,2014.63,10074.1241,3412.0317
2026-03-11 06:00:00,2014.63,2026,2014,2024.3,8491.4641,3883.6237
2026-03-11 07:00:00,2024.31,2025.7,2007.17,2012.54,8583.0701,2990.2434
2026-03-11 08:00:00,2012.54,2025.72,2009.48,2023.76,14252.3433,6204.5089
2026-03-11 09:00:00,2023.75,2027.4,2014.51,2017.87,6669.7704,2236.6929
2026-03-11 10:00:00,2017.87,2031.3,2017.24,2028.68,6527.2329,3451.1919
2026-03-11 11:00:00,2028.68,2033.96,2015.83,2017.8,8797.7518,3837.7324
2026-03-11 12:00:00,2017.8,2035.5,2012.81,2023.09,16532.0046,6281.9645
2026-03-11 13:00:00,2023.09,2082.66,2021.67,2050.72,48997.1427,26719.5166
2026-03-11 14:00:00,2050.72,2077.59,2042.93,2062.68,42234.0784,24907.7602
2026-03-11 15:00:00,2062.68,2065.45,2030.03,2049.73,24389.6368,11630.1109
2026-03-11 16:00:00,2049.75,2072.43,2046.46,2067.01,18164.7212,11023.6628
2026-03-11 17:00:00,2067.02,2085.58,2057.69,2068.15,26324.514,14780.5632
2026-03-11 18:00:00,2068.15,2079.66,2064.18,2076.51,16458.5948,9716.4291
2026-03-11 19:00:00,2076.5,2077.9,2068.58,2076.06,15265.9144,7502.0493
2026-03-11 20:00:00,2076.05,2076.19,2065.09,2068.4,7066.8836,3029.4693
2026-03-11 21:00:00,2068.41,2074.94,2063.46,2073.07,5855.3663,3185.9775
2026-03-11 22:00:00,2073.08,2084.53,2058.98,2061.76,10814.3045,5372.6355
2026-03-11 23:00:00,2061.76,2064.99,2045.2,2051.97,9119.7233,3750.6578
2026-03-12 00:00:00,2051.97,2058.16,2047.97,2055.78,5298.1446,2812.7225
2026-03-12 01:00:00,2055.78,2056.14,2042.95,2046.24,9032.4424,4351.3702
2026-03-12 02:00:00,2046.23,2047.93,2021.87,2024.67,16962.6509,6321.0248
2026-03-12 03:00:00,2024.66,2035.08,2017.59,2023.38,13070.2965,7000.4033
2026-03-12 04:00:00,2023.39,2029.73,2021.27,2023.09,6284.3323,3314.4055
2026-03-12 05:00:00,2023.08,2028.3,2019.33,2026.85,9624.648,4983.3936
2026-03-12 06:00:00,2026.86,2031.8,2024.64,2030.38,6083.881,3046.5627
2026-03-12 07:00:00,2030.38,2042.26,2025.66,2040.7,14231.7957,9071.0917
2026-03-12 08:00:00,2040.69,2052.59,2038.42,2047.8,13262.4913,6086.5417
2026-03-12 09:00:00,2047.79,2065.61,2038.49,2055.65,13504.8279,6599.8917
2026-03-12 10:00:00,2055.66,2075.49,2052.5,2069.86,16520.1267,8958.1899
2026-03-12 11:00:00,2069.87,2076.65,2058.21,2062.83,13187.2747,5633.4019
2026-03-12 12:00:00,2062.83,2071.08,2057.81,2065.37,9232.6706,5323.2997
2026-03-12 13:00:00,2065.37,2080,2051.44,2065.35,28335.1322,16300.4627
2026-03-12 14:00:00,2065.35,2095,2037.79,2045.35,48417.0953,25197.4523
2026-03-12 15:00:00,2045.34,2082,2039.05,2072.33,26030.9069,14578.5567
2026-03-12 16:00:00,2072.33,2078.09,2056.33,2069.63,22858.0253,11535.4641
2026-03-12 17:00:00,2069.62,2075.24,2055.32,2058.4,11673.4778,4628.5875
2026-03-12 18:00:00,2058.41,2062.1,2046.78,2048.78,16647.0399,9617.8441
2026-03-12 19:00:00,2048.77,2073.5,2045.42,2069.59,12389.2923,6477.0583
2026-03-12 20:00:00,2069.6,2073.81,2060.35,2062.57,5651.4674,2109.653
2026-03-12 21:00:00,2062.58,2069.19,2057.28,2062.61,19369.7965,4987.4216
2026-03-12 22:00:00,2062.62,2067.54,2054.99,2065.3,25410.584,12212.1202
2026-03-12 23:00:00,2065.3,2093.45,2064.64,2073.52,37429.413,15547.9137
2026-03-13 00:00:00,2073.51,2148.8,2070.12,2119.19,85178.5833,40597.0062
2026-03-13 01:00:00,2119.19,2130.4,2111.72,2124.76,15741.654,8055.7323
2026-03-13 02:00:00,2124.75,2127.12,2102.42,2105.81,13893.892,5631.9422
2026-03-13 03:00:00,2105.81,2123.58,2102.2,2118.85,11965.2095,5766.3768
2026-03-13 04:00:00,2118.86,2120.06,2109.63,2111.68,5461.6899,2411.5234
2026-03-13 05:00:00,2111.67,2115.24,2103.54,2110.47,7222.6564,2961.3351
2026-03-13 06:00:00,2110.47,2113,2090,2095.94,20205.6324,9693.3466
2026-03-13 07:00:00,2095.95,2104.87,2092.75,2099.38,12306.283,6235.3648
2026-03-13 08:00:00,2099.38,2117,2091.45,2100.05,17816.1641,9155.9147
2026-03-13 09:00:00,2100.05,2116.93,2096.04,2113.55,17352.7715,10391.3467
2026-03-13 10:00:00,2113.55,2133.3,2112.83,2126.87,20325.9546,10344.5192
2026-03-13 11:00:00,2126.88,2130,2118.18,2121.02,11322.5835,4058.9222
2026-03-13 12:00:00,2121.02,2153.17,2120.52,2146.63,32311.9748,19286.1068
2026-03-13 13:00:00,2146.64,2200,2141.61,2185.52,79297.7431,43062.5963
2026-03-13 14:00:00,2185.53,2209.03,2145.59,2151.14,69709.4065,35620.1544
2026-03-13 15:00:00,2151.15,2165.93,2125.14,2128.01,53218.5441,27233.2893
2026-03-13 16:00:00,2128.01,2143.33,2111.36,2133.91,29674.2412,15127.141
2026-03-13 17:00:00,2133.91,2141.29,2090.28,2102.75,26775.0726,10616.98
2026-03-13 18:00:00,2102.75,2108.87,2091.04,2100.93,17729.8676,8579.0101
2026-03-13 19:00:00,2100.92,2106.3,2096.5,2102.48,10276.3128,5635.0577
2026-03-13 20:00:00,2102.48,2114,2101.15,2111.37,5980.6806,3048.8638
2026-03-13 21:00:00,2111.37,2116.66,2101.47,2103.07,6766.9247,3037.3137
2026-03-13 22:00:00,2103.08,2104.72,2078.5,2088.97,24012.1641,11275.417
2026-03-13 23:00:00,2088.96,2093.9,2085.54,2092.22,5111.0336,2535.9548
2026-03-14 00:00:00,2092.21,2095.21,2082.82,2085.32,10862.9162,6493.2612
2026-03-14 01:00:00,2085.32,2095.46,2081.39,2092.55,8566.592,4472.4198
2026-03-14 02:00:00,2092.55,2095.91,2089.19,2092.39,3951.9658,1799.8854
2026-03-14 03:00:00,2092.39,2103.42,2092.38,2101.16,7940.3097,4881.1577
2026-03-14 04:00:00,2101.15,2106.09,2087.87,2090.42,9319.7759,3705.9918
2026-03-14 05:00:00,2090.43,2094.39,2085.71,2092.46,7074.9803,2932.39
2026-03-14 06:00:00,2092.46,2092.46,2068.28,2078.02,15662.8888,5621.6432
2026-03-14 07:00:00,2078.02,2080.4,2075.65,2077.46,6134.1971,2377.823
2026-03-14 08:00:00,2077.46,2081.64,2072.71,2074.34,6236.0466,3007.3074
2026-03-14 09:00:00,2074.35,2077.64,2063.73,2067.33,9384.4378,4320.4752
2026-03-14 10:00:00,2067.33,2068.88,2061.6,2066.24,5875.7597,2309.5654
2026-03-14 11:00:00,2066.24,2076.65,2065.85,2073.67,5365.3022,2824.5033
2026-03-14 12:00:00,2073.67,2077.87,2069.99,2075.44,5477.3079,2537.3293
2026-03-14 13:00:00,2075.44,2080.65,2073,2078.51,5090.1256,2898.8058
2026-03-14 14:00:00,2078.5,2080.52,2069.8,2071.22,7563.1166,4177.1795
2026-03-14 15:00:00,2071.23,2077.73,2070,2074.72,4297.1614,2399.7084
2026-03-14 16:00:00,2074.72,2078.79,2069.19,2077.54,4257.8346,1946.9926
2026-03-14 17:00:00,2077.54,2078.14,2073.5,2075.14,2302.5926,941.7114
2026-03-14 18:00:00,2075.13,2078.14,2072.71,2076.91,1926.7755,941.0921
2026-03-14 19:00:00,2076.91,2079.47,2074.77,2077.49,2284.875,1016.1698
2026-03-14 20:00:00,2077.5,2087.27,2076.2,2086.01,4998.7446,3000.6815
2026-03-14 21:00:00,2086.01,2088.92,2081.65,2086.68,3530.6553,1656.494
2026-03-14 22:00:00,2086.68,2088.3,2082.3,2084.45,3321.8129,1539.777
2026-03-14 23:00:00,2084.45,2099.69,2084.19,2096.16,11074.4081,5606.9962
2026-03-15 00:00:00,2096.16,2096.77,2085.49,2088,5680.9896,2609.0339
2026-03-15 01:00:00,2088,2091.18,2083.35,2088.32,3987.6479,2106.7045
2026-03-15 02:00:00,2088.32,2107.91,2088.32,2101.99,13602.8655,8841.6546
2026-03-15 03:00:00,2101.99,2105.05,2093.53,2096.15,5347.8134,2302.9549
2026-03-15 04:00:00,2096.15,2104.34,2096.13,2104.34,3355.9252,1658.2034
2026-03-15 05:00:00,2104.34,2115.95,2102.01,2107.91,9171.6989,5498.5735
2026-03-15 06:00:00,2107.91,2111.28,2103,2107.76,3352.8652,1460.0193
2026-03-15 07:00:00,2107.76,2113.49,2103.46,2105.64,6266.7978,2012.094
2026-03-15 08:00:00,2105.64,2113,2105.64,2112.93,4131.6464,2244.8129
2026-03-15 09:00:00,2112.93,2123.44,2112.83,2117.2,10018.3924,6228.7067
2026-03-15 10:00:00,2117.2,2121.49,2114.32,2119.14,3826.0329,2128.632
2026-03-15 11:00:00,2119.14,2121.27,2115.04,2119.63,3043.6351,1606.7385
2026-03-15 12:00:00,2119.63,2119.83,2108.2,2109.59,4978.9406,1852.6295
2026-03-15 13:00:00,2109.6,2112.76,2086.34,2097.4,27709.343,11619.1324
2026-03-15 14:00:00,2097.39,2099.2,2086.6,2096.99,7654.676,4475.313
2026-03-15 15:00:00,2096.99,2097.15,2090.02,2093.79,5532.4587,2032.546
2026-03-15 16:00:00,2093.79,2098.86,2088.84,2091.56,4230.6156,1995.2418
2026-03-15 17:00:00,2091.57,2117.86,2091.2,2110.77,12688.5845,9036.2296
2026-03-15 18:00:00,2110.77,2113.53,2094.32,2099.14,7844.0554,2460.0141
2026-03-15 19:00:00,2099.15,2114.35,2096.47,2113.49,6704.3386,2988.3479
2026-03-15 20:00:00,2113.49,2139,2110,2129.05,14299.0754,8264.709
2026-03-15 21:00:00,2129.06,2144.76,2123.75,2139.07,10594.8838,5584.4801
2026-03-15 22:00:00,2139.08,2192.49,2125.31,2184.35,52207.2025,29148.8732
2026-03-15 23:00:00,2184.36,2202.87,2165.2,2178.3,54595.4533,27986.7298
2026-03-16 00:00:00,2178.29,2187.33,2164.73,2171.23,18053.2391,10864.1813
2026-03-16 01:00:00,2171.23,2190.48,2165,2185.89,12499.7225,7450.8905
2026-03-16 02:00:00,2185.88,2189.43,2170.02,2180.49,12116.1894,5905.1874
2026-03-16 03:00:00,2180.48,2253.48,2177.38,2235.67,91298.9481,46527.0469
2026-03-16 04:00:00,2235.67,2278,2235.67,2263.3,74574.0343,40394.0096
2026-03-16 05:00:00,2263.3,2288.63,2256.8,2280.47,50113.0247,26530.3805
2026-03-16 06:00:00,2280.46,2281.31,2260.64,2261.7,26844.5155,12233.2498
2026-03-16 07:00:00,2261.7,2269,2245.63,2248.95,35430.2232,16995.5649
2026-03-16 08:00:00,2248.95,2258.83,2234.92,2243.54,27741.6638,12589.4573
2026-03-16 09:00:00,2243.54,2265.37,2239.82,2260.51,16719.2804,10296.1167
2026-03-16 10:00:00,2260.51,2279,2256.2,2278.3,28633.6751,16017.9207
2026-03-16 11:00:00,2278.3,2280,2266,2269.94,16228.0755,9612.138
2026-03-16 12:00:00,2269.94,2303.64,2269.93,2279.28,51358.9156,28450.2802
2026-03-16 13:00:00,2279.28,2308.54,2272.35,2288.79,44699.8576,24470.5201
2026-03-16 14:00:00,2288.8,2304.81,2255.04,2288,50578.4164,26014.3378
2026-03-16 15:00:00,2287.99,2299.35,2270.17,2273.88,31399.4323,15058.5873
2026-03-16 16:00:00,2273.88,2300.22,2270,2297.03,21757.2974,12927.8972
2026-03-16 17:00:00,2297.03,2323,2293.49,2314.74,35717.6299,20034.2604
2026-03-16 18:00:00,2314.75,2346.16,2313.6,2321.46,45602.6551,24416.3509
2026-03-16 19:00:00,2321.46,2348.06,2318.43,2330.92,24597.7302,11414.6709
2026-03-16 20:00:00,2330.92,2347.53,2323.68,2345.31,13876.1783,7138.4961
2026-03-16 21:00:00,2345.31,2376.34,2343.63,2361.05,47279.3304,24644.3685
2026-03-16 22:00:00,2361.04,2386.02,2355.33,2357.83,37418.6029,18443.2149
2026-03-16 23:00:00,2357.83,2361.47,2330,2352.97,31354.1379,17390.2681
2026-03-17 00:00:00,2352.97,2376.66,2340.21,2357.62,56259.723,28593.7745
2026-03-17 01:00:00,2357.62,2375.65,2346.72,2361.21,48190.3209,28934.4714
2026-03-17 02:00:00,2361.2,2361.88,2344.79,2351.3,20865.153,9982.356
2026-03-17 03:00:00,2351.31,2355.99,2308.03,2320,33726.4226,14168.2005
2026-03-17 04:00:00,2320.01,2330,2294.15,2311.5,42398.8148,21518.971
2026-03-17 05:00:00,2311.49,2318.43,2297.91,2307.37,14141.1701,5893.3613
2026-03-17 06:00:00,2307.37,2325.13,2298.24,2315.34,14746.8686,7147.9573
2026-03-17 07:00:00,2315.35,2337.86,2315.35,2327.7,15496.423,7578.3574
2026-03-17 08:00:00,2327.71,2335.35,2316.05,2320.66,12844.343,5530.0285
2026-03-17 09:00:00,2320.67,2329.34,2307,2315.79,18557.2102,7986.6774
2026-03-17 10:00:00,2315.78,2317.09,2304,2312.94,13150.6623,5440.1342
2026-03-17 11:00:00,2312.94,2332.92,2311.77,2326.82,15268.0948,9543.1408
2026-03-17 12:00:00,2326.81,2335,2312.77,2315.42,14896.7218,6906.7318
2026-03-17 13:00:00,2315.42,2346.48,2313.41,2328.65,26349.2284,12714.7905
2026-03-17 14:00:00,2328.66,2348.94,2318.94,2343.45,29242.0135,14916.5189
2026-03-17 15:00:00,2343.45,2357.73,2304.27,2315.98,34576.0959,16000.7378
2026-03-17 16:00:00,2315.98,2336.96,2312.44,2326.84,17283.2355,8194.7267
2026-03-17 17:00:00,2326.85,2342.64,2320.6,2340.04,12222.797,6198.8245
2026-03-17 18:00:00,2340.04,2342.7,2328.11,2332.98,10802.8868,4583.872
2026-03-17 19:00:00,2332.98,2340,2317,2320.22,10125.5071,3951.5145
2026-03-17 20:00:00,2320.22,2330.39,2317.68,2327.88,7920.3514,3551.9089
2026-03-17 21:00:00,2327.88,2344.69,2327.88,2338.45,8452.162,3977.0173
2026-03-17 22:00:00,2338.45,2342.11,2318.39,2329.54,8924.0082,3626.9319
2026-03-17 23:00:00,2329.54,2333.11,2316.78,2317.39,7390.8877,3195.5014
2026-03-18 00:00:00,2317.38,2325.66,2307,2324.24,11666.4174,6054.0251
2026-03-18 01:00:00,2324.24,2335.33,2323.17,2325.02,7119.2733,3397.483
2026-03-18 02:00:00,2325.03,2341.3,2324.74,2331.49,8007.8454,3767.1516
2026-03-18 03:00:00,2331.48,2350,2328.65,2340.61,12961.3324,7211.4542
2026-03-18 04:00:00,2340.61,2342,2326.62,2327.51,6998.1637,2458.4387
2026-03-18 05:00:00,2327.5,2330.97,2313.81,2318.42,11045.5592,3814.9875
2026-03-18 06:00:00,2318.42,2331.14,2318.18,2322.73,7129.4966,4114.1458
2026-03-18 07:00:00,2322.73,2323.22,2311.53,2317.74,7584.7659,3206.2446
2026-03-18 08:00:00,2317.73,2325.5,2317.3,2322.59,4961.8445,2521.2972
2026-03-18 09:00:00,2322.59,2333.62,2321.87,2329.27,7538.4614,3776.2393
2026-03-18 10:00:00,2329.27,2331.99,2309.42,2312.83,14463.1891,5280.0637
2026-03-18 11:00:00,2312.83,2319.16,2263.43,2269.34,43820.6483,19951.3111
2026-03-18 12:00:00,2269.33,2270.5,2235.45,2237.49,41031.3103,18873.2276
2026-03-18 13:00:00,2237.5,2244.9,2223.69,2235.68,31025.6691,15511.1483
2026-03-18 14:00:00,2235.69,2237.21,2186.93,2190.27,51230.1483,22018.6675
2026-03-18 15:00:00,2190.26,2196.23,2168.97,2187.66,47106.9921,22771.7916
2026-03-18 16:00:00,2187.67,2190.93,2166.87,2181,25173.853,10717.8135
2026-03-18 17:00:00,2181,2211.7,2176.99,2204.02,25927.7863,14864.0368
2026-03-18 18:00:00,2204.02,2220,2176,2181.2,32888.1753,15190.91
2026-03-18 19:00:00,2181.2,2196.57,2178.81,2185.85,15080.6564,6481.9112
2026-03-18 20:00:00,2185.85,2194.78,2153.21,2187.36,33883.3554,16934.7264
2026-03-18 21:00:00,2187.36,2206.87,2185.66,2202.49,12999.5184,7243.1496
2026-03-18 22:00:00,2202.5,2203.5,2187.58,2194.41,10013.8603,4204.7914
2026-03-18 23:00:00,2194.41,2206.88,2188.77,2203.39,18382.5666,11999.5749
2026-03-19 00:00:00,2203.39,2208.28,2190.86,2193.34,12225.727,5338.0325
2026-03-19 01:00:00,2193.33,2201.98,2187.24,2196.92,10063.2321,4577.658
2026-03-19 02:00:00,2196.93,2205,2188.94,2196.68,6192.2136,3230.158
2026-03-19 03:00:00,2196.69,2233.72,2196.69,2212.29,24098.4539,12375.2963
2026-03-19 04:00:00,2212.29,2213.11,2190.83,2193.61,9828.265,4507.5721
2026-03-19 05:00:00,2193.62,2198.5,2186.67,2189.14,6929.8877,2719.343
2026-03-19 06:00:00,2189.14,2195.7,2177.79,2180.64,16389.5626,6553.8375
2026-03-19 07:00:00,2180.65,2182,2143.14,2166.68,46063.5714,21839.4955
2026-03-19 08:00:00,2166.68,2170.99,2158.09,2160.66,14135.1619,7247.3268
2026-03-19 09:00:00,2160.65,2191.16,2159.99,2189.42,34822.2119,15705.3607
2026-03-19 10:00:00,2189.43,2192.07,2172.48,2172.76,8226.4387,4058.8257
2026-03-19 11:00:00,2172.76,2177.58,2165.83,2166.92,8602.233,4726.2268
2026-03-19 12:00:00,2166.92,2167.48,2130.16,2132.45,24789.6612,9560.8448
2026-03-19 13:00:00,2132.45,2143.16,2110.9,2137.49,61210.5376,26588.461
2026-03-19 14:00:00,2137.5,2147.26,2102.16,2121.68,44113.7835,18972.0728
2026-03-19 15:00:00,2121.67,2136.79,2099.38,2118.81,35200.3392,15341.6122
2026-03-19 16:00:00,2118.81,2121.95,2106.44,2115.09,34288.2759,21069.6537
2026-03-19 17:00:00,2115.08,2131.7,2104.87,2126.96,15221.908,8194.8273
2026-03-19 18:00:00,2126.97,2129.48,2114.31,2125.04,7902.9561,4212.1707
2026-03-19 19:00:00,2125.04,2156.92,2125.04,2141.19,28980.1593,16579.2759
2026-03-19 20:00:00,2141.18,2152.8,2139.39,2146.35,8053.483,4317.3026
2026-03-19 21:00:00,2146.35,2155.62,2145.16,2149.95,9694.9183,5254.3274
2026-03-19 22:00:00,2149.95,2152.36,2133.08,2140.08,12230.9541,6240.7245
2026-03-19 23:00:00,2140.08,2147.48,2130.57,2137.81,11527.744,6272.773
2026-03-20 00:00:00,2137.82,2149,2134.72,2145.6,9477.5198,5959.1309
2026-03-20 01:00:00,2145.61,2160.78,2145.1,2150.88,15224.7082,9826.3591
2026-03-20 02:00:00,2150.89,2151.77,2132.69,2144.44,12247.0988,5491.4064
2026-03-20 03:00:00,2144.45,2157.08,2143.61,2151.38,7545.4335,3873.4858
2026-03-20 04:00:00,2151.38,2159.24,2139.18,2148.38,10683.1639,5008.5708
2026-03-20 05:00:00,2148.39,2151.92,2137.73,2140.37,6696.9482,3537.8847
2026-03-20 06:00:00,2140.38,2141.78,2132.06,2136.61,7941.355,4165.2081
2026-03-20 07:00:00,2136.61,2153.4,2121.25,2150.54,17958.4824,10292.9973
2026-03-20 08:00:00,2150.53,2176.84,2146.71,2164.2,21588.2621,13348.6702
2026-03-20 09:00:00,2164.19,2164.19,2134.95,2141.21,16374.6285,8194.4723
2026-03-20 10:00:00,2141.21,2151.27,2131.56,2148.38,10311.9047,5138.1591
2026-03-20 11:00:00,2148.38,2158.69,2135,2141.5,13415.6096,5828.6724
2026-03-20 12:00:00,2141.49,2152.74,2135.37,2141.13,8711.1423,4616.5785
2026-03-20 13:00:00,2141.13,2152.64,2123.18,2127.39,18804.5296,9797.4007
2026-03-20 14:00:00,2127.39,2147.74,2116.88,2129.3,25684.6291,14236.2328
2026-03-20 15:00:00,2129.3,2138.78,2120.33,2134.01,15282.994,8291.3074
2026-03-20 16:00:00,2134,2144.76,2130.58,2137.31,10515.1938,6242.5082
2026-03-20 17:00:00,2137.32,2141.16,2119.72,2136.69,9903.9451,4666.1316
2026-03-20 18:00:00,2136.7,2137.67,2117.41,2123.29,12289.6719,5922.0204
2026-03-20 19:00:00,2123.29,2134.97,2117.5,2132.91,12300.9312,6484.4286
2026-03-20 20:00:00,2132.91,2137,2123.96,2133.25,6221.3872,3621.9113
2026-03-20 21:00:00,2133.25,2157.25,2130.83,2147.53,13961.4019,8247.6587
2026-03-20 22:00:00,2147.53,2168,2147.53,2154.71,12246.0432,7036.8335
2026-03-20 23:00:00,2154.7,2155.72,2143.16,2146.22,4769.1938,2372.1152
2026-03-21 00:00:00,2146.21,2156.77,2144.24,2153.3,6542.3128,3725.817
2026-03-21 01:00:00,2153.3,2159.87,2147.35,2147.55,4294.0714,1919.6397
2026-03-21 02:00:00,2147.54,2156.32,2146.35,2154.9,2628.7681,1202.5445
2026-03-21 03:00:00,2154.89,2155.95,2150.99,2153.6,2251.5862,1076.7306
2026-03-21 04:00:00,2153.59,2158.19,2150.36,2151.75,4075.4141,1914.2078
2026-03-21 05:00:00,2151.76,2160,2151.75,2153.39,6665.2561,4004.2366
2026-03-21 06:00:00,2153.39,2156.49,2152.28,2155.8,2211.7065,1327.8243
2026-03-21 07:00:00,2155.81,2161.34,2153.72,2155.67,3541.8064,1786.6339
2026-03-21 08:00:00,2155.67,2157.22,2149.57,2154,3571.4994,1432.7434
2026-03-21 09:00:00,2153.99,2159,2153.8,2158.77,4558.6368,2641.0454
2026-03-21 10:00:00,2158.77,2159.52,2153.05,2154.34,2279.3326,1186.8311
2026-03-21 11:00:00,2154.34,2157.91,2153,2157.37,1630.6651,794.1662
2026-03-21 12:00:00,2157.37,2160.62,2156.76,2157.98,2567.7216,1626.3728
2026-03-21 13:00:00,2157.98,2159.79,2155,2155.86,1853.6867,916.7321
2026-03-21 14:00:00,2155.86,2168.27,2150.61,2152.13,8218.2346,4237.9627
2026-03-21 15:00:00,2152.13,2157.58,2146.45,2155.12,7311.5105,3646.9714
2026-03-21 16:00:00,2155.13,2155.58,2144.67,2146.65,5011.8088,1776.457
2026-03-21 17:00:00,2146.64,2150.61,2142.01,2148.56,3222.349,1748.0629
2026-03-21 18:00:00,2148.56,2155.64,2147.79,2151.46,2747.2698,1585.2024
2026-03-21 19:00:00,2151.47,2153.03,2149.06,2152.16,2984.2132,2119.5939
2026-03-21 20:00:00,2152.17,2156.59,2150.41,2155.67,2702.1336,1520.1777
2026-03-21 21:00:00,2155.67,2157,2152.21,2153.7,2883.6209,1328.5928
2026-03-21 22:00:00,2153.69,2153.69,2149.36,2149.94,2656.0382,1150.1809
2026-03-21 23:00:00,2149.93,2149.93,2070.78,2084.87,46149.8222,18580.8541
2026-03-22 00:00:00,2084.86,2095.43,2050.12,2087.67,60906.6793,28143.3387
2026-03-22 01:00:00,2087.68,2094.49,2082,2091.36,19598.971,9445.0249
2026-03-22 02:00:00,2091.37,2109.36,2088,2102.29,14239.972,8351.3371
2026-03-22 03:00:00,2102.29,2127.21,2098.09,2113.83,14776.026,7941.838
2026-03-22 04:00:00,2113.83,2122.94,2106.36,2119.39,12384.6709,7071.5366
2026-03-22 05:00:00,2119.39,2120.94,2112.71,2113,6294.291,3211.0047
2026-03-22 06:00:00,2113.01,2113.34,2106.99,2108.76,5445.3323,2512.7983
2026-03-22 07:00:00,2108.76,2112.05,2092.35,2093.38,8519.3386,3444.7512
2026-03-22 08:00:00,2093.4,2095.89,2074.36,2086.5,19423.7011,8500.6641
2026-03-22 09:00:00,2086.5,2096.82,2079.9,2085.09,8961.7476,4481.4078
2026-03-22 10:00:00,2085.1,2086.95,2077.33,2081.45,4126.7486,2010.4189
2026-03-22 11:00:00,2081.44,2083.8,2066.97,2069.98,10550.3382,4955.0783
2026-03-22 12:00:00,2069.97,2088.44,2068.37,2082.44,9735.6395,5389.5409
2026-03-22 13:00:00,2082.44,2092.63,2072.77,2078.71,10405.0132,5877.3461
2026-03-22 14:00:00,2078.71,2085.19,2071.67,2078.14,8042.3438,4225.7328
2026-03-22 15:00:00,2078.14,2084.58,2075.67,2083.1,6131.2916,3740.371
2026-03-22 16:00:00,2083.1,2084.45,2077.88,2082.09,4105.4424,2392.0397
2026-03-22 17:00:00,2082.1,2084.35,2077.41,2079.61,4053.7866,2374.6574
2026-03-22 18:00:00,2079.6,2080.41,2057,2072.27,10621.5786,4348.4519
2026-03-22 19:00:00,2072.26,2072.7,2054.35,2063.21,9191.561,3908.9778
2026-03-22 20:00:00,2063.22,2072.25,2056.35,2058.58,7564.978,3672.5281
2026-03-22 21:00:00,2058.58,2060.51,2026,2045.96,28928.4862,14519.1526
2026-03-22 22:00:00,2045.96,2065.65,2032.57,2062.67,18597.5679,9039.3231
2026-03-22 23:00:00,2062.68,2074.16,2051.27,2053.89,10465.0518,4788.3856
2026-03-23 00:00:00,2053.9,2063.08,2035.69,2043.31,16767.3544,7439.7267
2026-03-23 01:00:00,2043.31,2062.38,2039.46,2047.69,10349.8409,5662.2647
2026-03-23 02:00:00,2047.7,2070.24,2046.72,2063.42,13332.4456,8133.6606
2026-03-23 03:00:00,2063.42,2072.33,2051.67,2052.54,5643.8482,2805.051
2026-03-23 04:00:00,2052.53,2066.21,2050.64,2065.47,5965.3924,3247.7355
2026-03-23 05:00:00,2065.47,2072.11,2060.71,2069.27,10766.366,5579.803
2026-03-23 06:00:00,2069.26,2069.26,2028.47,2037.3,19415.6757,8426.6469
2026-03-23 07:00:00,2037.31,2050,2023.04,2044.72,21368.5951,12077.7168
2026-03-23 08:00:00,2044.73,2059.16,2044.2,2048.02,12995.6197,6555.3217
2026-03-23 09:00:00,2048.01,2049.13,2028.2,2043.63,9832.2152,4800.0457
2026-03-23 10:00:00,2043.64,2054.04,2040.39,2049.04,7896.0738,4291.6453
2026-03-23 11:00:00,2049.04,2198.57,2049.04,2134.78,161423.301,81532.9602
2026-03-23 12:00:00,2134.78,2147.85,2107.43,2144.27,57914.7074,26538.2757
2026-03-23 13:00:00,2144.27,2189,2140.11,2185.64,55730.5571,33367.6112
2026-03-23 14:00:00,2185.65,2192.44,2169.28,2181.16,41862.2559,19825.2599
2026-03-23 15:00:00,2181.16,2188.09,2124.75,2128.45,43736.4088,19689.669
2026-03-23 16:00:00,2128.46,2142.72,2117.77,2135.88,35608.735,16947.6341
2026-03-23 17:00:00,2135.88,2158.54,2124.57,2152.71,21257.7461,11482.2099
2026-03-23 18:00:00,2152.71,2171.76,2145.71,2168.72,17410.1043,10042.08
2026-03-23 19:00:00,2168.72,2178.74,2150.48,2154.46,18734.4909,9121.046
2026-03-23 20:00:00,2154.45,2166.81,2150.71,2161.49,6247.911,3131.3906
2026-03-23 21:00:00,2161.49,2163.8,2154.57,2157.7,5220.5419,2502.1097
2026-03-23 22:00:00,2157.7,2159.61,2143.94,2152.81,7290.3082,3214.9045
2026-03-23 23:00:00,2152.8,2155.21,2140.71,2152.03,7737.9423,3825.2177
2026-03-24 00:00:00,2152.03,2156.22,2130.1,2143.22,12914.7135,6154.9747
2026-03-24 01:00:00,2143.22,2149.78,2124.26,2137.56,11048.7345,5040.9072
2026-03-24 02:00:00,2137.57,2145.92,2132.64,2135.86,9521.6474,4105.7006
2026-03-24 03:00:00,2135.87,2143.3,2130.7,2141.59,9582.5512,4284.9858
2026-03-24 04:00:00,2141.59,2152.03,2131.83,2136.33,7953.9518,3742.2502
2026-03-24 05:00:00,2136.32,2138.49,2128.84,2133.64,8181.0069,3840.6608
2026-03-24 06:00:00,2133.64,2146.35,2132,2145.3,7279.1789,4211.0671
2026-03-24 07:00:00,2145.3,2170.65,2144.13,2165.61,22660.9203,10955.7985
2026-03-24 08:00:00,2165.61,2167.37,2152.17,2155.06,11529.4386,5649.7122
2026-03-24 09:00:00,2155.07,2167.9,2147.36,2164.97,8784.8573,4132.8156
2026-03-24 10:00:00,2164.97,2164.98,2155.27,2161.25,6223.981,2949.8798
2026-03-24 11:00:00,2161.25,2175.16,2152.13,2165.9,13602.4726,6973.4441
2026-03-24 12:00:00,2165.89,2170.52,2158.89,2162.44,7154.9327,3463.3655
2026-03-24 13:00:00,2162.43,2165.53,2130.46,2138.38,24657.5804,11296.2914
2026-03-24 14:00:00,2138.37,2148.31,2120,2133.98,32739.9775,15514.7682
2026-03-24 15:00:00,2133.98,2147.74,2131.5,2135.15,15780.5169,7301.204
2026-03-24 16:00:00,2135.15,2140.57,2120.9,2127.2,14879.4807,6947.2559
2026-03-24 17:00:00,2127.2,2128.7,2103.02,2109.17,26735.3285,11586.5567
2026-03-24 18:00:00,2109.18,2127.9,2105.07,2118.92,11372.5355,6292.6605
2026-03-24 19:00:00,2118.92,2127.84,2114.37,2116.87,6567.4339,2916.0041
2026-03-24 20:00:00,2116.86,2154.5,2115.63,2148.48,21481.8724,12090.9132
2026-03-24 21:00:00,2148.48,2151.8,2140.46,2148.88,7038.7354,3236.2587
2026-03-24 22:00:00,2148.89,2155.82,2140.67,2145.61,9245.4086,4215.4663
2026-03-24 23:00:00,2145.6,2163.7,2143,2156.23,9766.2163,5401.2264
2026-03-25 00:00:00,2156.22,2168.63,2146.35,2161.77,13790.3182,7520.4151
2026-03-25 01:00:00,2161.76,2167.37,2156.94,2156.94,9043.8783,4906.9244
2026-03-25 02:00:00,2156.95,2161.5,2153.58,2155.5,6096.798,3688.9074
2026-03-25 03:00:00,2155.51,2160.53,2147,2158.54,6297.5654,2942.5505
2026-03-25 04:00:00,2158.53,2167.75,2156.83,2166.32,5251.7081,2763.3843
2026-03-25 05:00:00,2166.31,2179.73,2164.46,2169.03,15481.4201,7108.5179
2026-03-25 06:00:00,2169.03,2173.19,2163.43,2163.81,9234.8675,4074.9737
2026-03-25 07:00:00,2163.82,2177.49,2159.81,2164.57,8969.4241,4358.1975
2026-03-25 08:00:00,2164.57,2191.93,2164.57,2176.64,20328.6038,11897.3982
2026-03-25 09:00:00,2176.64,2188.9,2175.16,2186.64,8039.8234,4397.1546
2026-03-25 10:00:00,2186.64,2189.04,2181.24,2185.27,7397.7632,3546.4799
2026-03-25 11:00:00,2185.26,2199.02,2179.48,2186.41,21000.8278,11514.7645
2026-03-25 12:00:00,2186.41,2195.09,2165.02,2183.31,25113.0694,11574.4963
2026-03-25 13:00:00,2183.31,2198.16,2179.71,2184.37,17244.4583,8733.4825
2026-03-25 14:00:00,2184.38,2188.02,2173.19,2174.14,14284.2214,6272.1606
2026-03-25 15:00:00,2174.14,2176.9,2147.67,2162.56,19968.0967,8670.7849
2026-03-25 16:00:00,2162.56,2186.85,2155.93,2173.83,21914.3342,12353.6774
2026-03-25 17:00:00,2173.83,2176.24,2160.66,2164.1,8858.8443,4029.5714
2026-03-25 18:00:00,2164.1,2173.35,2157.85,2162.38,7378.6972,3852.6247
2026-03-25 19:00:00,2162.37,2176.38,2159.48,2172.69,7961.6315,4877.5427
2026-03-25 20:00:00,2172.68,2173.03,2159.42,2166.49,3973.5562,1557.9904
2026-03-25 21:00:00,2166.49,2169.53,2161.79,2164.04,3328.5822,1535.5117
2026-03-25 22:00:00,2164.05,2183.5,2161.87,2174.53,8143.8898,4681.664
2026-03-25 23:00:00,2174.54,2177.14,2164.74,2169.02,6539.1464,2144.3101
2026-03-26 00:00:00,2169.02,2172.19,2162.53,2166.69,7373.5614,2982.6944
2026-03-26 01:00:00,2166.69,2169.27,2160,2164.84,5711.0159,2749.9376
2026-03-26 02:00:00,2164.83,2165.79,2144.05,2149.97,9295.5409,3892.6857
2026-03-26 03:00:00,2149.96,2155.56,2144.65,2153.21,7146.5402,3221.6993
2026-03-26 04:00:00,2153.22,2154.58,2147.9,2149.71,3871.0484,1648.7258
2026-03-26 05:00:00,2149.71,2150.9,2113.63,2119.55,22710.7501,8506.5976
2026-03-26 06:00:00,2119.54,2125.01,2112.17,2121.86,9522.1412,4518.8966
2026-03-26 07:00:00,2121.86,2124.78,2112.87,2123.64,13110.8309,6319.5049
2026-03-26 08:00:00,2123.64,2126.89,2114.22,2119.64,9646.7853,5023.4049
2026-03-26 09:00:00,2119.65,2121.87,2074.96,2082.64,35575.4026,17843.3726
2026-03-26 10:00:00,2082.63,2083.89,2072.73,2078.65,13682.0773,7421.3417
2026-03-26 11:00:00,2078.65,2081.41,2062.94,2068.44,17572.4382,8462.0556
2026-03-26 12:00:00,2068.45,2075.66,2066.12,2073.6,14899.6263,9181.3757
2026-03-26 13:00:00,2073.6,2093.79,2069.46,2081.22,22740.718,12500.4994
2026-03-26 14:00:00,2081.22,2085.84,2067.25,2076.27,15174.3947,7697.7812
2026-03-26 15:00:00,2076.28,2076.72,2052.01,2070.4,21444.2828,10661.0641
2026-03-26 16:00:00,2070.4,2070.95,2059.94,2060.9,11049.5835,5079.1268
2026-03-26 17:00:00,2060.9,2070.51,2045.17,2049.41,26059.4246,15050.8243
2026-03-26 18:00:00,2049.41,2055.83,2034.54,2047.17,18682.7943,10304.1417
2026-03-26 19:00:00,2047.18,2054,2039.59,2049.12,9753.3951,6199.5357
2026-03-26 20:00:00,2049.11,2080.42,2046.54,2064.89,22015.3882,12491.1513
2026-03-26 21:00:00,2064.89,2077.84,2060.29,2068.37,8042.055,3858.5978
2026-03-26 22:00:00,2068.38,2072.91,2054.88,2065.88,7356.9624,3560.1318
2026-03-26 23:00:00,2065.89,2069.6,2056.35,2060.43,5573.8665,2413.0669
2026-03-27 00:00:00,2060.43,2067.66,2056.8,2065.03,5963.0913,3533.1644
2026-03-27 01:00:00,2065.03,2074.59,2063.33,2074.2,6464.4824,3443.8986
2026-03-27 02:00:00,2074.2,2077.19,2067.45,2068.28,4095.9082,1874.9428
2026-03-27 03:00:00,2068.28,2069.2,2059.33,2061.48,6219.8423,2402.6043
2026-03-27 04:00:00,2061.49,2062.01,2043.49,2053.12,11778.6836,5011.3619
2026-03-27 05:00:00,2053.11,2066.31,2052.28,2061.2,5500.9736,3036.1145
2026-03-27 06:00:00,2061.2,2068.07,2058.5,2062.71,8150.6366,4210.2681
2026-03-27 07:00:00,2062.71,2072.36,2059.99,2066.23,26687.905,18490.4827
2026-03-27 08:00:00,2066.24,2069.6,2034.33,2047.93,27583.5801,16980.9657
2026-03-27 09:00:00,2047.91,2051.68,2036.48,2041.08,9816.3689,5051.7122
2026-03-27 10:00:00,2041.08,2044.52,1986.3,1991.67,50935.0055,23295.0512
2026-03-27 11:00:00,1991.67,1998.44,1983.02,1991.8,30939.9204,11489.6467
2026-03-27 12:00:00,1991.8,1994.85,1982.19,1989.44,20580.1889,8307.0322
2026-03-27 13:00:00,1989.45,1997.42,1971,1979.22,27609.0871,12355.0403
2026-03-27 14:00:00,1979.22,1989.54,1970.93,1989.39,26084.8695,13801.9934
2026-03-27 15:00:00,1989.39,2010.45,1983.42,1991.32,34599.2282,19971.8367
2026-03-27 16:00:00,1991.32,1992.27,1980.25,1986.5,15765.1869,8577.3399
2026-03-27 17:00:00,1986.5,1997.6,1974.9,1977.27,13776.895,6906.404
2026-03-27 18:00:00,1977.28,1986.29,1974.48,1984.43,11147.8167,6158.8889
2026-03-27 19:00:00,1984.43,1997.73,1978.94,1991.71,29660.8329,21359.042
2026-03-27 20:00:00,1991.7,1996.31,1980,1986.04,9603.2605,4183.1843
2026-03-27 21:00:00,1986.05,1991.08,1984.36,1985.73,3983.907,1872.4317
2026-03-27 22:00:00,1985.74,1987.23,1981.95,1985.52,2720.8642,1295.9841
2026-03-27 23:00:00,1985.51,1993.85,1980.54,1992.75,5204.99,2441.8892
2026-03-28 00:00:00,1992.76,1995.16,1989.68,1992.59,4009.8013,2265.1858
2026-03-28 01:00:00,1992.6,1992.7,1984.93,1990.43,7775.3214,5373.5699
2026-03-28 02:00:00,1990.43,1993.69,1983.17,1987.32,3538.7191,1743.9317
2026-03-28 03:00:00,1987.32,1991.25,1987.13,1989.19,2671.978,1908.7544
2026-03-28 04:00:00,1989.19,1992.51,1987.3,1990.8,2365.1314,1462.347
2026-03-28 05:00:00,1990.8,1994.9,1988.32,1994.23,3194.6928,2037.5801
2026-03-28 06:00:00,1994.22,2007,1993.39,2000.95,8339.4358,5719.6293
2026-03-28 07:00:00,2000.95,2008.35,2000.68,2007.07,4419.207,2571.7021
2026-03-28 08:00:00,2007.07,2008.34,1998.26,1999.24,4158.2227,1753.4031
2026-03-28 09:00:00,1999.24,1999.76,1995.6,1999.52,5307.5426,2491.9611
2026-03-28 10:00:00,1999.51,2004.57,1992.77,1996.69,5539.4669,2877.2213
2026-03-28 11:00:00,1996.69,2000.56,1995.86,1997.64,3232.3907,2227.4461
2026-03-28 12:00:00,1997.64,2004.5,1992.25,1999.67,6475.126,2860.4601
2026-03-28 13:00:00,1999.67,2047.45,1999.3,2026.4,30427.1641,18696.1359
2026-03-28 14:00:00,2026.39,2028.99,2016.14,2020.84,13682.392,7877.573
2026-03-28 15:00:00,2020.83,2040.26,2018.4,2026.84,14625.4102,7693.8246
2026-03-28 16:00:00,2026.84,2030.23,2021.68,2024.78,4889.927,2860.6726
2026-03-28 17:00:00,2024.79,2027.15,2016.5,2020.84,4857.7136,2329.1282
2026-03-28 18:00:00,2020.84,2024.66,2020.37,2021.8,1630.6404,934.8212
2026-03-28 19:00:00,2021.79,2022.81,2017.01,2020.56,1332.2694,679.3632
2026-03-28 20:00:00,2020.57,2026.48,2020.56,2024.59,2446.6779,1655.0648
2026-03-28 21:00:00,2024.6,2025.56,2006.69,2009.61,5915.671,2053.7864
2026-03-28 22:00:00,2009.61,2013.14,2005.38,2011.89,4426.194,2114.1167
2026-03-28 23:00:00,2011.88,2011.88,1989.64,1994.74,9570.7102,4191.2404
2026-03-29 00:00:00,1994.74,2000,1991.52,1999.16,4042.0247,2072.6484
2026-03-29 01:00:00,1999.16,2007.61,1997.78,2005.08,4379.1952,2479.3437
2026-03-29 02:00:00,2005.09,2010.55,2002.55,2008.93,3658.554,1760.7775
2026-03-29 03:00:00,2008.93,2019.65,2007.04,2011.1,4533.4869,2649.9987
2026-03-29 04:00:00,2011.1,2012.72,2004.23,2005.85,2975.6975,1185.9901
2026-03-29 05:00:00,2005.84,2007.27,1997.67,2005.31,3321.9747,1549.1061
2026-03-29 06:00:00,2005.31,2008.33,2000.02,2004.98,2453.5988,1428.0743
2026-03-29 07:00:00,2004.98,2009.91,2000.04,2006.14,4077.1887,2291.0485
2026-03-29 08:00:00,2006.14,2007.5,2002.66,2004.26,2585.1682,1057.7319
2026-03-29 09:00:00,2004.26,2005.42,1994.5,1999.21,5200.9549,2581.5311
2026-03-29 10:00:00,1999.2,1999.2,1991.9,1995.89,3429.4306,1788.2735
2026-03-29 11:00:00,1995.9,2008.16,1995.22,2003.78,3852.2694,2342.6504
2026-03-29 12:00:00,2003.78,2004.9,1997.82,2001.68,2722.399,1106.9735
2026-03-29 13:00:00,2001.68,2002.14,1983.56,1987.09,9261.1,3889.5932
2026-03-29 14:00:00,1987.09,2002.35,1983.99,1994.17,6745.9691,3693.5832
2026-03-29 15:00:00,1994.17,1998.98,1986.32,1992.97,6503.2005,3803.9597
2026-03-29 16:00:00,1992.98,2003.61,1992.03,1997.82,6490.8616,3555.4458
2026-03-29 17:00:00,1997.82,2000.21,1987.6,1995.1,4682.23,2351.6604
2026-03-29 18:00:00,1995.11,2002,1991.58,1997.33,3514.9668,1836.7579
2026-03-29 19:00:00,1997.33,2000.11,1994.36,1995.89,2275.9774,1360.9701
2026-03-29 20:00:00,1995.89,2009.48,1995.84,2002.5,4264.0169,2688.8915
2026-03-29 21:00:00,2002.49,2007.24,2001.5,2006.51,2530.3863,1385.9193
2026-03-29 22:00:00,2006.51,2006.51,1938.82,1973.99,50023.8155,25156.0863
2026-03-29 23:00:00,1973.99,1994.67,1973.63,1984.64,23202.2715,13680.2287
2026-03-30 00:00:00,1984.65,2023.73,1980.28,1997.25,27492.0563,15434.7683
2026-03-30 01:00:00,1997.27,2016.33,1997.19,2010.43,9665.3439,5732.1668
2026-03-30 02:00:00,2010.44,2043.5,2007.53,2029.93,23530.7528,13900.5085
2026-03-30 03:00:00,2029.93,2042.07,2027.5,2035.88,9341.4332,5326.9147
2026-03-30 04:00:00,2035.88,2053,2035.88,2048.39,12455.1914,7339.5468
2026-03-30 05:00:00,2048.39,2058.96,2045.14,2047.84,16018.9397,7224.0409
2026-03-30 06:00:00,2047.84,2052,2041.19,2042.46,8504.2301,3794.0825
2026-03-30 07:00:00,2042.46,2068.28,2041.54,2059.58,15282.5522,8432.7879
2026-03-30 08:00:00,2059.58,2075,2058.15,2062.33,16805.7939,9256.4096
2026-03-30 09:00:00,2062.32,2063.13,2053.87,2055.16,7642.1111,3026.3201
2026-03-30 10:00:00,2055.16,2058.3,2048.14,2057.78,6886.6689,3732.8427
2026-03-30 11:00:00,2057.78,2081.65,2057.78,2071.28,19292.8948,10067.2758
2026-03-30 12:00:00,2071.29,2078.89,2069.07,2074.54,8194.5125,4244.0687
2026-03-30 13:00:00,2074.54,2085,2058.17,2060.92,19118.9469,9665.0219
2026-03-30 14:00:00,2060.93,2076.16,2044.25,2071.64,27666.5752,13634.4151
2026-03-30 15:00:00,2071.65,2079.92,2061.91,2074.53,15215.1476,6827.1253
2026-03-30 16:00:00,2074.53,2074.99,2058.95,2066.18,10790.1379,4569.453
2026-03-30 17:00:00,2066.18,2072.18,2032,2041.8,21395.3507,10062.6667
2026-03-30 18:00:00,2041.79,2044.11,2028.04,2032.61,13461.8263,6898.3237
2026-03-30 19:00:00,2032.6,2032.65,2013.33,2023.7,14591.0916,6876.5666
2026-03-30 20:00:00,2023.7,2027.78,2021.14,2023.2,5851.3163,2820.525
2026-03-30 21:00:00,2023.19,2049.1,2021.16,2036,14400.4068,8044.5509
2026-03-30 22:00:00,2036,2044.22,2029.51,2033.08,5673.4119,3056.809
2026-03-30 23:00:00,2033.07,2033.07,2013.92,2026.48,9027.7424,4095.0206
2026-03-31 00:00:00,2026.48,2041.04,2016.29,2036.65,11575.7993,7529.4734
2026-03-31 01:00:00,2036.65,2092.34,2032.27,2073,37952.0065,22168.6009
2026-03-31 02:00:00,2072.99,2082.92,2067.25,2073.09,9808.7704,5046.6592
2026-03-31 03:00:00,2073.08,2076.61,2061.87,2066.71,7165.564,3747.2122
2026-03-31 04:00:00,2066.71,2072.24,2057.06,2060.87,9767.5865,3990.1822
2026-03-31 05:00:00,2060.87,2069,2054.77,2064.31,6966.4614,3269.0257
2026-03-31 06:00:00,2064.32,2064.95,2055.2,2062.33,7104.4897,2729.5418
2026-03-31 07:00:00,2062.33,2062.91,2042.31,2055.97,11011.0442,5349.2849
2026-03-31 08:00:00,2055.98,2059.2,2036.03,2040.1,10274.3456,4554.0418
2026-03-31 09:00:00,2040.11,2044.5,2012.64,2018.37,22808.2373,8107.0505
2026-03-31 10:00:00,2018.37,2030.28,2017.18,2026.5,9753.183,5252.7318
2026-03-31 11:00:00,2026.5,2044.51,2023,2041.2,19943.7718,10663.064
2026-03-31 12:00:00,2041.21,2057.92,2035.02,2047.78,15267.3566,7534.5068
2026-03-31 13:00:00,2047.78,2079.88,2047.78,2075.37,20810.5927,10253.0285
2026-03-31 14:00:00,2075.37,2092,2037.58,2045.94,38453.8525,17548.067
2026-03-31 15:00:00,2045.94,2077.81,2045.65,2054.85,21417.6464,11718.8731
2026-03-31 16:00:00,2054.85,2108.52,2054.29,2091.7,46551.3832,26794.2951
2026-03-31 17:00:00,2091.7,2124.03,2088.88,2093.36,50852.9773,26379.4802
2026-03-31 18:00:00,2093.35,2115.14,2093.35,2099.89,18730.7612,11561.6028
2026-03-31 19:00:00,2099.88,2104,2092.23,2096.54,9937.1431,5066.6831
2026-03-31 20:00:00,2096.54,2111.01,2096.32,2107.66,9394.9389,5753.5597
2026-03-31 21:00:00,2107.66,2109.03,2093.12,2102.63,9418.0037,4701.0619
2026-03-31 22:00:00,2102.64,2104.27,2088.35,2096.51,8199.1651,3369.0828
2026-03-31 23:00:00,2096.52,2108.66,2093.21,2105.43,8732.8219,5292.0192
2026-04-01 00:00:00,2105.43,2117.79,2096.89,2114.72,11320.4724,6254.9141
2026-04-01 01:00:00,2114.73,2115.83,2091.4,2092.95,10566.2532,4444.0713
2026-04-01 02:00:00,2092.94,2096.38,2082.08,2088.45,8502.6779,3759.5684
2026-04-01 03:00:00,2088.46,2106.88,2088.46,2102.91,7586.5948,4562.9154
2026-04-01 04:00:00,2102.91,2116.46,2100.35,2111.26,7709.7695,4041.5967
2026-04-01 05:00:00,2111.26,2137.35,2106.42,2122.67,20075.223,10957.325
2026-04-01 06:00:00,2122.67,2156.23,2122.57,2151.23,30648.667,18314.8883
2026-04-01 07:00:00,2151.24,2158,2130.2,2131,19745.3623,6455.5929
2026-04-01 08:00:00,2131,2142.93,2125,2136.96,18385.7683,8293.3491
2026-04-01 09:00:00,2136.95,2140.46,2128.12,2136.39,13657.7192,5234.913
2026-04-01 10:00:00,2136.4,2137.93,2126.28,2132.65,7710.0182,3304.7968
2026-04-01 11:00:00,2132.64,2139.37,2130.71,2135.32,6480.7467,3451.5824
2026-04-01 12:00:00,2135.32,2152,2121.95,2130.82,21417.4613,10793.2652
2026-04-01 13:00:00,2130.82,2135.31,2108.72,2119.28,28757.3299,14754.7166
2026-04-01 14:00:00,2119.27,2130.6,2114.05,2126.81,16662.6582,8052.4195
2026-04-01 15:00:00,2126.82,2137.72,2122.2,2135.04,10423.5636,5031.6157
2026-04-01 16:00:00,2135.04,2152.51,2125,2146.09,19652.133,11230.1612
2026-04-01 17:00:00,2146.1,2167.85,2133.96,2137.21,28614.9498,13583.02
2026-04-01 18:00:00,2137.21,2137.87,2123.58,2129.23,14904.4013,8495.4848
2026-04-01 19:00:00,2129.23,2145.48,2128,2141.43,11467.5825,7184.3414
2026-04-01 20:00:00,2141.43,2147.67,2130.7,2143.92,8588.3705,4364.7981
2026-04-01 21:00:00,2143.92,2165.42,2143.32,2156.89,33515.885,20634.0216
2026-04-01 22:00:00,2156.89,2158.8,2137.4,2139.95,36336.0172,17363.4843
2026-04-01 23:00:00,2139.96,2146,2135.5,2140.35,6497.7531,3158.2696
2026-04-02 00:00:00,2140.35,2159.37,2136.09,2156.14,12242.365,6028.5166
2026-04-02 01:00:00,2156.14,2156.15,2090,2100.03,50106.9533,22283.5553
2026-04-02 02:00:00,2100.02,2100.02,2065,2073.89,25331.829,12125.6029
2026-04-02 03:00:00,2073.9,2076.67,2046.48,2056.33,21103.372,8654.3431
2026-04-02 04:00:00,2056.33,2058.45,2041.77,2044.56,12765.2209,4577.177
2026-04-02 05:00:00,2044.57,2051.38,2038.63,2050.21,11421.8962,5485.977
2026-04-02 06:00:00,2050.21,2053.71,2045.56,2050.09,11368.962,4309.446
2026-04-02 07:00:00,2050.09,2056.76,2044.29,2056.09,10318.0667,5540.2457
2026-04-02 08:00:00,2056.09,2056.09,2045.36,2046.29,7587.7213,3666.0549
2026-04-02 09:00:00,2046.3,2048.14,2039.27,2044,9339.0191,4949.6205
2026-04-02 10:00:00,2044,2045.05,2032.54,2038.79,9437.2718,3896.591
2026-04-02 11:00:00,2038.8,2040.28,2024.73,2033.01,8412.9595,3892.1596
2026-04-02 12:00:00,2033.02,2034.03,2024.42,2026.98,11287.8209,5597.6276
2026-04-02 13:00:00,2026.98,2041.02,2017.04,2038.81,21851.0601,11724.0615
2026-04-02 14:00:00,2038.81,2072.22,2032.99,2063.82,38683.3619,19348.9817
2026-04-02 15:00:00,2063.82,2067.89,2048.6,2059.6,16999.3052,7460.1122
2026-04-02 16:00:00,2059.59,2077.64,2052.52,2063.31,19595.7382,7997.8479
2026-04-02 17:00:00,2063.32,2072,2044.5,2047.23,11148.0191,4946.929
2026-04-02 18:00:00,2047.22,2063,2043.65,2058.32,8327.3195,4580.554
2026-04-02 19:00:00,2058.33,2066.66,2054.97,2065.34,5853.874,3396.2413
2026-04-02 20:00:00,2065.35,2074.16,2061.06,2068.19,7110.0845,3965.1681
2026-04-02 21:00:00,2068.2,2070.46,2056.11,2062.98,6195.6446,2370.5253
2026-04-02 22:00:00,2062.99,2064.94,2053.54,2060.03,5345.387,2208.3701
2026-04-02 23:00:00,2060.04,2061.89,2054,2057.17,5039.5805,2141.1619
2026-04-03 00:00:00,2057.18,2059.63,2050.04,2053.01,3658.558,1268.8907
2026-04-03 01:00:00,2053.01,2062.49,2045.4,2050.61,5957.6794,2498.6106
2026-04-03 02:00:00,2050.61,2059.73,2040.66,2052.48,13641.7647,7533.0421
2026-04-03 03:00:00,2052.47,2057.22,2050.08,2054.23,4604.5788,1870.8562
2026-04-03 04:00:00,2054.22,2057.8,2048.89,2054.53,3535.1092,1877.916
2026-04-03 05:00:00,2054.52,2064.58,2047.35,2057.12,6946.4533,3740.4683
2026-04-03 06:00:00,2057.12,2066.61,2054.98,2063.66,6719.2857,3541.4409
2026-04-03 07:00:00,2063.66,2075.17,2062.2,2065.85,7270.4093,3272.3071
2026-04-03 08:00:00,2065.84,2072,2058.89,2060.96,9649.3893,3789.3443
2026-04-03 09:00:00,2060.97,2064.06,2057.03,2061.35,4821.5571,3101.7915
2026-04-03 10:00:00,2061.35,2061.35,2053.46,2059.9,4051.9902,1871.198
2026-04-03 11:00:00,2059.91,2064.76,2057.94,2062.64,2874.6916,1507.0524
2026-04-03 12:00:00,2062.64,2081.76,2045.08,2049.84,15335.5297,7919.7818
2026-04-03 13:00:00,2049.85,2051.18,2041.65,2048.17,7950.3394,3316.103
2026-04-03 14:00:00,2048.17,2057.12,2045.32,2054.59,6038.137,3102.4443
2026-04-03 15:00:00,2054.59,2057.77,2049.34,2051.26,5407.9689,3058.5967
2026-04-03 16:00:00,2051.26,2056.54,2049.84,2054.7,4063.9595,2086.683
2026-04-03 17:00:00,2054.7,2055.4,2043.78,2050.36,4212.2581,1886.1681
2026-04-03 18:00:00,2050.36,2053.34,2048.06,2049.26,1876.5841,957.6351
2026-04-03 19:00:00,2049.26,2054.11,2045.21,2052.68,2549.0412,1247.7792
2026-04-03 20:00:00,2052.69,2055,2052,2052.75,2868.2806,1301.5434
2026-04-03 21:00:00,2052.75,2060.92,2052.67,2058.42,4888.6892,2278.4804
2026-04-03 22:00:00,2058.41,2059.72,2049.58,2051.79,3624.057,932.9269
2026-04-03 23:00:00,2051.8,2054.1,2049.23,2053.83,3720.328,888.7416
2026-04-04 00:00:00,2053.83,2053.86,2051.5,2052.26,1675.1923,842.4594
2026-04-04 01:00:00,2052.26,2053.8,2049.57,2051.27,1681.6241,848.9745
2026-04-04 02:00:00,2051.27,2053.3,2047.92,2050.13,2584.5202,1386.264
2026-04-04 03:00:00,2050.13,2052.08,2049.77,2050.05,1091.4606,515.2331
2026-04-04 04:00:00,2050.05,2051.62,2048.41,2051.21,1310.6356,703.8947
2026-04-04 05:00:00,2051.21,2054.89,2050.38,2053.79,1818.1301,1040.7231
2026-04-04 06:00:00,2053.79,2058,2052.81,2056.46,3204.6663,1774.7049
2026-04-04 07:00:00,2056.46,2057.37,2051.6,2053.82,2841.9482,1215.2352
2026-04-04 08:00:00,2053.82,2055.44,2049.84,2050.57,2363.4539,1324.1422
2026-04-04 09:00:00,2050.57,2051.9,2049.42,2050.43,2862.9701,1445.3661
2026-04-04 10:00:00,2050.43,2054.92,2047.89,2054.32,3612.058,1511.125
2026-04-04 11:00:00,2054.32,2055.03,2051.3,2051.84,2783.2612,922.5993
2026-04-04 12:00:00,2051.84,2053.17,2048.26,2050.15,2573.9912,1119.5582
2026-04-04 13:00:00,2050.15,2055,2050,2053.59,6453.8102,2383.8166
2026-04-04 14:00:00,2053.58,2054.68,2044.63,2053.1,4750.0024,1695.5334
2026-04-04 15:00:00,2053.1,2062.02,2052.35,2056.29,7667.3607,4321.9836
2026-04-04 16:00:00,2056.29,2062.1,2053.38,2055.75,4189.8173,2142.5788
2026-04-04 17:00:00,2055.75,2058.29,2053.07,2056.98,2934.0725,1400.7031
2026-04-04 18:00:00,2056.98,2058.34,2055.01,2055.15,1692.2754,862.8219
2026-04-04 19:00:00,2055.15,2084,2055.14,2064.71,16701.0527,9360.7438
2026-04-04 20:00:00,2064.71,2064.89,2059.6,2062.81,3522.6088,1943.5787
2026-04-04 21:00:00,2062.8,2071.75,2062.63,2068.83,3423.6933,2042.9474
2026-04-04 22:00:00,2068.84,2072.15,2067.99,2069.14,2168.2004,953.5265
2026-04-04 23:00:00,2069.14,2069.24,2062.64,2065.52,2597.6351,1031.1438
2026-04-05 00:00:00,2065.51,2065.63,2060.33,2062.1,1941.3568,982.9283
2026-04-05 01:00:00,2062.1,2062.46,2057.17,2057.37,2413.2758,851.6203
2026-04-05 02:00:00,2057.37,2059.91,2054.15,2059.86,2686.18,1192.1069
2026-04-05 03:00:00,2059.86,2060.55,2055.37,2056.64,1326.4416,679.4482
2026-04-05 04:00:00,2056.64,2058.09,2054.11,2055.16,1157.1356,638.0225
2026-04-05 05:00:00,2055.16,2056.83,2047.21,2048.6,4342.6995,1079.6233
2026-04-05 06:00:00,2048.6,2048.93,2027.75,2038.32,11035.0462,4897.2913
2026-04-05 07:00:00,2038.32,2042.59,2034.48,2037.29,3661.4989,1796.2305
2026-04-05 08:00:00,2037.29,2039.94,2035.91,2039.16,1960.877,965.1199
2026-04-05 09:00:00,2039.17,2046,2038.87,2044.42,2359.0432,1193.5537
2026-04-05 10:00:00,2044.41,2052.53,2042.44,2044.74,3003.5878,1761.6667
2026-04-05 11:00:00,2044.74,2045.83,2040.52,2042.32,1592.5427,641.7213
2026-04-05 12:00:00,2042.31,2042.31,2021.5,2028.36,9845.9831,3758.1875
2026-04-05 13:00:00,2028.37,2037.75,2025.71,2036.63,4872.8393,2925.0272
2026-04-05 14:00:00,2036.63,2043.32,2035.19,2038.49,5390.7783,3570.2096
2026-04-05 15:00:00,2038.49,2069.89,2034.58,2053.85,17245.054,9237.7108
2026-04-05 16:00:00,2053.85,2059.3,2050.29,2052.15,4008.3159,1910.4666
2026-04-05 17:00:00,2052.15,2062.54,2048.69,2062.53,7871.2374,3199.5502
2026-04-05 18:00:00,2062.54,2066.6,2057.1,2062.99,4214.3547,2721.4697
2026-04-05 19:00:00,2062.99,2069.95,2058.25,2062.37,5296.4634,3370.4345
2026-04-05 20:00:00,2062.38,2075.11,2062,2068.91,6169.0852,4073.6706
2026-04-05 21:00:00,2068.9,2069.12,2056.73,2060.01,6449.9069,1771.4893
2026-04-05 22:00:00,2060.01,2088,2050,2085.79,16148.6882,9023.3378
2026-04-05 23:00:00,2085.78,2123.49,2082.35,2110.17,32360.9284,16122.6107
2026-04-06 00:00:00,2110.17,2135.39,2110.17,2121.99,21652.178,11275.5221
2026-04-06 01:00:00,2122,2124.53,2112.48,2115.12,12502.5681,5702.3493
2026-04-06 02:00:00,2115.11,2147.24,2114.59,2133.59,22030.8613,12579.7966
2026-04-06 03:00:00,2133.59,2137.27,2126.59,2129.35,9676.807,4852.8185
2026-04-06 04:00:00,2129.35,2134.77,2125.12,2131.06,9092.357,4899.2997
2026-04-06 05:00:00,2131.06,2134.62,2128.42,2131.29,5374.9136,2596.1463
2026-04-06 06:00:00,2131.29,2139,2120.04,2127.53,13310.8525,7334.972
2026-04-06 07:00:00,2127.53,2141,2122.83,2134.9,12354.0352,7254.9183
2026-04-06 08:00:00,2134.91,2147.95,2133.42,2138.48,11262.7856,7185.9698
2026-04-06 09:00:00,2138.48,2174.79,2138.47,2150.97,36268.1446,19908.8241
2026-04-06 10:00:00,2150.97,2157.5,2149.36,2153.27,9506.3097,3874.173
2026-04-06 11:00:00,2153.27,2153.7,2146.61,2151.53,7937.8489,3261.9677
2026-04-06 12:00:00,2151.53,2154.52,2142.31,2143.59,9671.6099,3851.4158
2026-04-06 13:00:00,2143.59,2149.41,2137.91,2145.99,15191.1911,7830.4193
2026-04-06 14:00:00,2146,2165.74,2137.76,2156.71,33151.5114,18778.6132
2026-04-06 15:00:00,2156.72,2169.6,2155.5,2164.65,17897.0008,9223.0822
2026-04-06 16:00:00,2164.65,2168.72,2140.45,2140.62,16868.2349,6008.4288
2026-04-06 17:00:00,2140.62,2141,2123.6,2134.95,22223.3552,11027.554
2026-04-06 18:00:00,2134.96,2148.51,2131.6,2144.84,9169.6397,4464.4867
2026-04-06 19:00:00,2144.84,2145.94,2135.94,2144.25,8437.4677,3279.58
2026-04-06 20:00:00,2144.25,2155.06,2140.45,2148.81,5786.1548,3094.6117
2026-04-06 21:00:00,2148.8,2148.8,2137.73,2139.54,4290.0762,1650.8014
2026-04-06 22:00:00,2139.54,2140.95,2105.41,2105.41,16021.2598,6608.8358
2026-04-06 23:00:00,2105.41,2110.39,2087.5,2107.16,26377.1264,13869.923
2026-04-07 00:00:00,2107.16,2120.14,2105.63,2112.66,12222.8926,6423.3749
2026-04-07 01:00:00,2112.66,2120.1,2097.3,2099.51,11345.2191,4330.4317
2026-04-07 02:00:00,2099.51,2111.63,2093.64,2106.84,8048.4942,4149.059
2026-04-07 03:00:00,2106.84,2109.89,2103.77,2108.37,3191.6287,1714.257
2026-04-07 04:00:00,2108.37,2119.21,2103.68,2114.22,5021.8324,3228.9755
2026-04-07 05:00:00,2114.23,2114.61,2103.73,2105.52,4524.1773,1994.1031
2026-04-07 06:00:00,2105.53,2106.58,2096.69,2104.25,7241.3761,2506.6382
2026-04-07 07:00:00,2104.26,2106.29,2098.9,2104.04,7285.9935,3794.3248
2026-04-07 08:00:00,2104.03,2117.37,2103.29,2114.84,8502.548,4655.6197
2026-04-07 09:00:00,2114.85,2133.83,2114.13,2128.26,12479.3051,6957.4153
2026-04-07 10:00:00,2128.26,2131.38,2085.79,2089.32,18999.8253,8145.7325
2026-04-07 11:00:00,2089.31,2094.03,2082.35,2089.58,12699.7988,7280.9465
2026-04-07 12:00:00,2089.58,2093.17,2074.09,2086.99,19553.8314,9457.2882
2026-04-07 13:00:00,2086.99,2093.17,2074.5,2074.97,13582.9174,6265.3805
2026-04-07 14:00:00,2074.98,2081.46,2060.24,2069.44,25857.808,13291.4264
2026-04-07 15:00:00,2069.44,2083.75,2064.76,2080.06,17554.4056,9814.9969
2026-04-07 16:00:00,2080.07,2090.14,2077.52,2083.76,10529.9894,5276.7411
2026-04-07 17:00:00,2083.75,2115.17,2079.8,2099.5,16296.7087,9030.8835
2026-04-07 18:00:00,2099.49,2101.39,2082.43,2086.3,7595.3585,3220.8582
2026-04-07 19:00:00,2086.29,2116.65,2084.04,2113.39,20780.0757,11954.4815
2026-04-07 20:00:00,2113.39,2125.59,2110.68,2115.53,14390.7585,6248.6756
2026-04-07 21:00:00,2115.52,2153,2115.52,2145.04,30017.5265,17893.3003
2026-04-07 22:00:00,2145.05,2219.88,2145.05,2219.77,80299.7826,45224.7766
2026-04-07 23:00:00,2219.78,2273.87,2215.73,2240.01,92072.5559,46393.2907
2026-04-08 00:00:00,2240.01,2251.39,2228.24,2236.08,30356.804,14977.8807
2026-04-08 01:00:00,2236.09,2242.77,2230.45,2234.06,13860.1381,6446.208
2026-04-08 02:00:00,2234.07,2247.42,2230.76,2237.28,18487.9076,9039.3683
2026-04-08 03:00:00,2237.28,2239.46,2232,2234.68,8578.4772,4174.5324
2026-04-08 04:00:00,2234.68,2252.5,2234.68,2240.77,17282.8755,8592.0948
2026-04-08 05:00:00,2240.76,2245.1,2238.3,2240.7,8255.3009,3564.8724
2026-04-08 06:00:00,2240.7,2253.86,2235.49,2246.01,15941.3222,7228.2049
2026-04-08 07:00:00,2246.01,2260.76,2244.63,2253.76,18276.5112,8366.6565
2026-04-08 08:00:00,2253.76,2259.51,2250.44,2256.48,13992.2559,7720.7894
2026-04-08 09:00:00,2256.47,2263.35,2245.99,2249.59,19365.3909,9356.8854
2026-04-08 10:00:00,2249.59,2253.86,2242.39,2242.67,7002.8262,2165.8597
2026-04-08 11:00:00,2242.66,2254.72,2237.12,2247.23,11966.1372,5766.1023
2026-04-08 12:00:00,2247.23,2259.33,2242.67,2255.88,15657.0421,6121.1837
2026-04-08 13:00:00,2255.88,2270.55,2231.58,2236.06,38245.6158,17299.0621
2026-04-08 14:00:00,2236.05,2240.94,2186.61,2195.22,55465.7011,27378.6927
2026-04-08 15:00:00,2195.23,2218.35,2193.46,2215.45,20114.6724,10648.9838
2026-04-08 16:00:00,2215.44,2225.41,2211.23,2220.76,13088.3114,6262.8924
2026-04-08 17:00:00,2220.77,2239.5,2213.03,2231.88,14675.7031,8008.5146
2026-04-08 18:00:00,2231.87,2232.65,2199.32,2201.41,15484.3027,6391.2909
2026-04-08 19:00:00,2201.4,2211.74,2197.7,2211.04,10287.9908,4601.5175
2026-04-08 20:00:00,2211.03,2216.66,2205.84,2209.81,5117.0171,2640.7788
2026-04-08 21:00:00,2209.81,2222.55,2207.9,2214.53,7141.0016,3322.8664
2026-04-08 22:00:00,2214.54,2215.15,2186.97,2189.87,12489.3456,4647.0931
2026-04-08 23:00:00,2189.86,2193.95,2179.78,2190,13584.9815,6260.9935
2026-04-09 00:00:00,2190,2193.79,2179.3,2183.03,9626.2087,3286.2876
2026-04-09 01:00:00,2183.03,2185.27,2162,2178.69,15127.9165,6186.1588
2026-04-09 02:00:00,2178.68,2185.5,2174.01,2181.69,5982.5838,2799.5595
2026-04-09 03:00:00,2181.69,2183.98,2175.6,2182.49,4172.2635,1797.7593
2026-04-09 04:00:00,2182.49,2182.49,2176.42,2177.64,4180.2073,1363.6764
2026-04-09 05:00:00,2177.64,2188.99,2175.6,2182.17,7702.8529,2939.6643
2026-04-09 06:00:00,2182.18,2186.13,2175.6,2181.51,4273.8514,1369.2144
2026-04-09 07:00:00,2181.52,2185.78,2180.02,2181.14,8099.1789,5138.7391
2026-04-09 08:00:00,2181.14,2190.72,2176.37,2186.37,8257.8256,4823.294
2026-04-09 09:00:00,2186.36,2197.7,2179.72,2194.14,8927.176,5561.7214
2026-04-09 10:00:00,2194.13,2196.22,2188.08,2190.7,8945.7665,3579.7497
2026-04-09 11:00:00,2190.69,2193.13,2178.31,2180.26,7213.8148,3232.8649
2026-04-09 12:00:00,2180.26,2186.98,2174.27,2183.34,9640.0717,5416.6615
2026-04-09 13:00:00,2183.33,2186.54,2158.19,2165.22,16119.3672,7249.9459
2026-04-09 14:00:00,2165.23,2182.19,2157.31,2177.63,13247.797,7086.8647
2026-04-09 15:00:00,2177.64,2225,2169.51,2217.99,37016.1247,21123.0929
2026-04-09 16:00:00,2218,2229.4,2193,2208.33,19736.8531,9580.5057
2026-04-09 17:00:00,2208.33,2225.47,2206.43,2222.75,16732.2496,9792.1326
2026-04-09 18:00:00,2222.75,2223.69,2200.64,2206.86,9466.94,4074.9164
2026-04-09 19:00:00,2206.86,2224.52,2204.39,2216.42,11262.9973,5729.2881
2026-04-09 20:00:00,2216.42,2222,2210.31,2213.08,9292.9452,5424.9008
2026-04-09 21:00:00,2213.08,2226.34,2207.54,2210.78,7702.1243,3399.2922
2026-04-09 22:00:00,2210.79,2246,2197.5,2197.69,20803.3917,9788.0601
2026-04-09 23:00:00,2197.69,2201.09,2183.33,2190.2,11787.4426,4796.191
2026-04-10 00:00:00,2190.17,2197.39,2181.95,2195.17,8145.1058,3783.9676
2026-04-10 01:00:00,2195.17,2204.1,2176.1,2194.7,12958.4122,6828.9416
2026-04-10 02:00:00,2194.69,2198.62,2187.01,2189.12,5478.4437,2019.7288
2026-04-10 03:00:00,2189.11,2192.38,2182.68,2186.06,6591.333,1793.6651
2026-04-10 04:00:00,2186.05,2199.34,2185.95,2195.71,8449.6804,4024.5229
2026-04-10 05:00:00,2195.71,2203.11,2192.49,2196.9,6931.587,2919.7322
2026-04-10 06:00:00,2196.91,2198.44,2184,2186.2,7494.4417,2203.8459
2026-04-10 07:00:00,2186.21,2188.57,2176.4,2179.28,8738.2884,3772.748
2026-04-10 08:00:00,2179.27,2190.11,2177.13,2185.86,7505.4562,4106.2651
2026-04-10 09:00:00,2185.85,2197.58,2185.83,2196.03,7897.3355,4019.7019
2026-04-10 10:00:00,2196.04,2198.29,2190.66,2197.24,5030.0878,2486.6192
2026-04-10 11:00:00,2197.25,2224.28,2197.22,2215.65,27238.3539,12817.6864
2026-04-10 12:00:00,2215.66,2228.51,2208.18,2218.9,21377.2433,8897.7848
2026-04-10 13:00:00,2218.9,2225.51,2208.4,2223.08,13705.7194,7023.1443
2026-04-10 14:00:00,2223.08,2254.27,2220.43,2242.76,39205.5195,21621.5513
2026-04-10 15:00:00,2242.76,2257.99,2220.36,2224.27,21462.2655,9286.4454
2026-04-10 16:00:00,2224.28,2247.42,2221.46,2245.36,14371.2053,9259.3149
2026-04-10 17:00:00,2245.37,2249.45,2239.29,2248.42,8726.5575,4727.2793
2026-04-10 18:00:00,2248.41,2251.9,2239.06,2249.33,8296.7903,4731.2286
2026-04-10 19:00:00,2249.32,2256,2243.52,2253.17,6307.8692,2935.1564
2026-04-10 20:00:00,2253.17,2257.14,2243.03,2255.33,10016.3472,5532.5503
2026-04-10 21:00:00,2255.33,2255.68,2242.34,2254.87,6229.9527,2802.7272
2026-04-10 22:00:00,2254.88,2255.49,2235.41,2242.24,7568.2712,2962.4134
2026-04-10 23:00:00,2242.25,2245.66,2239.31,2245.05,3172.8191,1520.2916
2026-04-11 00:00:00,2245.06,2245.06,2235.92,2238.77,5000.1618,2535.4185
2026-04-11 01:00:00,2238.77,2246.5,2234.81,2244.2,5117.0379,1802.7195
2026-04-11 02:00:00,2244.2,2252.15,2242.2,2248.19,4262.1507,2008.5169
2026-04-11 03:00:00,2248.19,2250.78,2235.77,2237.17,4975.7554,1758.0191
2026-04-11 04:00:00,2237.18,2242.93,2235.45,2240.97,5020.1024,2789.6254
2026-04-11 05:00:00,2240.98,2241.71,2229,2232.79,8378.0091,3083.4293
2026-04-11 06:00:00,2232.79,2236.73,2229.62,2235.66,5777.1398,3344.74
2026-04-11 07:00:00,2235.68,2236.51,2230.58,2232.6,3302.0889,1436.1732
2026-04-11 08:00:00,2232.6,2235.43,2232.14,2232.9,4658.7629,2011.6054
2026-04-11 09:00:00,2232.89,2249.31,2232.24,2243.83,10245.6974,5720.3982
2026-04-11 10:00:00,2243.84,2245.12,2237.7,2240.46,3647.1528,1682.7979
2026-04-11 11:00:00,2240.42,2247,2238.67,2246.11,4110.2145,1988.9475
2026-04-11 12:00:00,2246.12,2246.71,2241.16,2245.5,2702.3559,1217.5618
2026-04-11 13:00:00,2245.49,2245.5,2233.72,2239.76,6483.544,3111.7079
2026-04-11 14:00:00,2239.75,2244.1,2238.39,2242.1,2755.4128,1259.8996
2026-04-11 15:00:00,2242.1,2256.11,2241.39,2249.54,7055.5261,3356.2067
2026-04-11 16:00:00,2249.54,2274.42,2246.53,2258.68,12794.9999,7642.7197
2026-04-11 17:00:00,2258.68,2265.49,2253.87,2260.01,7292.9373,4442.3629
2026-04-11 18:00:00,2260.01,2311.53,2257.34,2305.44,37997.9082,21962.7313
2026-04-11 19:00:00,2305.43,2329.93,2305.31,2315.96,31171.2632,17017.9224
2026-04-11 20:00:00,2315.96,2317.14,2288.32,2298.32,18271.8949,7102.1321
2026-04-11 21:00:00,2298.32,2304.13,2292.35,2299.36,7471.7,3125.9768
2026-04-11 22:00:00,2299.35,2308,2289.03,2296.88,7556.8034,3426.2027
2026-04-11 23:00:00,2296.89,2296.89,2276.47,2284.99,8736.7846,3411.1729
2026-04-12 00:00:00,2285,2288.24,2273,2285.72,11950.9632,5587.5244
2026-04-12 01:00:00,2285.72,2288.57,2209.14,2219.05,47252.7935,21964.0601
2026-04-12 02:00:00,2219.05,2234.35,2207.06,2223.43,16377.1274,8187.5813
2026-04-12 03:00:00,2223.42,2227.15,2211.99,2213.71,15756.5771,7662.7353
2026-04-12 04:00:00,2213.7,2216.5,2209.08,2212.16,11540.8392,6872.6677
2026-04-12 05:00:00,2212.17,2219.96,2208.32,2217.28,7916.3233,3363.8797
2026-04-12 06:00:00,2217.28,2220.87,2214.71,2216.07,3635.7662,1509.2158
2026-04-12 07:00:00,2216.08,2220.48,2212.2,2218.02,4551.117,2232.4901
2026-04-12 08:00:00,2218.02,2219.04,2211.92,2214,5164.478,2312.5029
2026-04-12 09:00:00,2214,2216.08,2211.44,2214.19,5214.3202,2587.7358
2026-04-12 10:00:00,2214.2,2217.24,2194.32,2201.66,10789.8651,4335.5712
2026-04-12 11:00:00,2201.65,2207.41,2197.54,2204.62,5559.1,3066.2453
2026-04-12 12:00:00,2204.62,2208.22,2188,2194.76,12882.0071,6678.8869
2026-04-12 13:00:00,2194.76,2199.17,2185.17,2186.98,15286.3697,6324.1153
2026-04-12 14:00:00,2186.98,2193.53,2178.69,2180.86,16800.0145,8708.7399
2026-04-12 15:00:00,2180.88,2188.89,2175,2186.47,8622.2898,4330.9882
2026-04-12 16:00:00,2186.47,2190.43,2183.09,2187.09,4674.3927,2211.334
2026-04-12 17:00:00,2187.09,2205,2187.09,2203.17,7545.5178,5065.4047
2026-04-12 18:00:00,2203.18,2207.23,2199.56,2200.6,5588.7032,2846.4832
2026-04-12 19:00:00,2200.6,2205.2,2197.4,2198.27,3607.8964,1183.2717
2026-04-12 20:00:00,2198.27,2218.13,2193.34,2213.53,8794.3235,4870.5427
2026-04-12 21:00:00,2213.54,2217.71,2205.19,2211.24,4865.707,2352.9282
2026-04-12 22:00:00,2211.24,2211.26,2183.99,2199.37,16989.2668,8753.0787
2026-04-12 23:00:00,2199.36,2199.36,2186.35,2191.65,6791.1234,2650.2606
2026-04-13 00:00:00,2191.64,2208.32,2187.2,2205.18,10357.5572,5421.5529
2026-04-13 01:00:00,2205.18,2209.05,2200.55,2203.69,5431.0629,2515.1377
2026-04-13 02:00:00,2203.68,2205.84,2192.49,2194.22,5454.4607,1879.693
2026-04-13 03:00:00,2194.23,2195.8,2190.1,2194.36,5212.3977,2897.6933
2026-04-13 04:00:00,2194.36,2199.14,2187.58,2190.26,4948.9015,2606.2009
2026-04-13 05:00:00,2190.25,2191.35,2182.22,2191.34,7155.0899,3628.634
2026-04-13 06:00:00,2191.34,2201.45,2190.32,2198.49,11369.6534,7670.9747
2026-04-13 07:00:00,2198.49,2199.76,2183.11,2186.56,9718.1181,5383.8915
2026-04-13 08:00:00,2186.57,2189.65,2180,2185.28,7895.1899,3174.5005
2026-04-13 09:00:00,2185.28,2195.34,2185.28,2188.08,3884.4226,2288.1898
2026-04-13 10:00:00,2188.08,2188.78,2179,2183.41,4548.1763,2232.9293
2026-04-13 11:00:00,2183.41,2190.96,2182.45,2187.33,4289.7666,2245.7394
2026-04-13 12:00:00,2187.33,2200,2175.68,2192.25,16772.6337,9847.0436
2026-04-13 13:00:00,2192.3,2215.62,2181.4,2215.47,30435.3799,17998.5233
2026-04-13 14:00:00,2215.46,2235.03,2203.45,2234.18,31071.8324,16888.9377
2026-04-13 15:00:00,2234.18,2236.43,2199.52,2209.28,25979.5165,9696.7527
2026-04-13 16:00:00,2209.28,2234.62,2200,2225.86,16260.3153,7700.0889
2026-04-13 17:00:00,2225.85,2242.9,2222.5,2225.13,12050.6755,5703.4577
2026-04-13 18:00:00,2225.12,2233.63,2218.53,2232.23,6657.7952,3091.4151
2026-04-13 19:00:00,2232.22,2268.88,2227.72,2262.33,29841.8728,17665.6816
2026-04-13 20:00:00,2262.33,2263.48,2247.5,2252.49,14180.552,5394.6129
2026-04-13 21:00:00,2252.49,2266.66,2249.62,2260.07,8155.7034,4507.9732
2026-04-13 22:00:00,2260.07,2363.94,2259.81,2352.74,95874.8042,51009.3081
2026-04-13 23:00:00,2352.74,2394.71,2341.53,2369.46,86324.9515,43150.9727
2026-04-14 00:00:00,2369.46,2375.9,2359.55,2361,27078.1045,13315.6675
2026-04-14 01:00:00,2361.01,2373.42,2354.6,2368.7,21849.8271,11187.6012
2026-04-14 02:00:00,2368.7,2378.06,2366.22,2367.62,14924.9864,7876.5792
2026-04-14 03:00:00,2367.62,2370.53,2361.55,2365.5,10579.9345,5466.6026
2026-04-14 04:00:00,2365.5,2368.38,2361.81,2364.33,7975.3935,4498.5301
2026-04-14 05:00:00,2364.34,2369.55,2354.76,2355.49,15577.023,7088.9143
2026-04-14 06:00:00,2355.49,2376.68,2355.49,2373.08,13857.3449,8710.894
2026-04-14 07:00:00,2373.08,2389.99,2370.59,2377.91,26446.3596,12602.188
2026-04-14 08:00:00,2377.92,2396.03,2374.04,2387.61,24928.2101,13506.312
2026-04-14 09:00:00,2387.62,2394.73,2382.82,2387.14,13416.5833,7410.0119
2026-04-14 10:00:00,2387.14,2387.85,2373,2375.08,13047.6141,6670.4624
2026-04-14 11:00:00,2375.08,2377.91,2367.61,2374.53,14778.9188,8712.9802
2026-04-14 12:00:00,2374.54,2377.74,2368.56,2373.94,12278.3595,5555.5653
2026-04-14 13:00:00,2373.95,2395.97,2372.67,2391.5,37056.2013,18472.3421
2026-04-14 14:00:00,2391.51,2415.5,2352.59,2353.05,64481.5343,32011.0886
2026-04-14 15:00:00,2353.05,2372.12,2332.72,2364.63,41191.3033,22207.5207
2026-04-14 16:00:00,2364.62,2371.48,2329.56,2334,20715.8534,7370.5929
2026-04-14 17:00:00,2334,2345.49,2323.66,2338.37,14195.9839,5809.9618
2026-04-14 18:00:00,2338.37,2344.69,2309.28,2313.89,22655.0283,7705.6211
2026-04-14 19:00:00,2313.89,2322.73,2302.9,2313.32,15604.0232,7498.1731
2026-04-14 20:00:00,2313.32,2322.73,2308.53,2315.1,6539.0735,2778.2599
2026-04-14 21:00:00,2315.1,2326.21,2314.87,2323.72,6233.4385,3428.9892
2026-04-14 22:00:00,2323.72,2332.35,2311.75,2314.99,9731.0497,3941.2114
2026-04-14 23:00:00,2314.99,2326.65,2314.32,2322.44,4965.2354,2322.4068
2026-04-15 00:00:00,2322.44,2342.76,2321.63,2333.81,10921.3059,5388.6306
2026-04-15 01:00:00,2333.8,2342.6,2331.18,2335.66,7454.8421,3415.1507
2026-04-15 02:00:00,2335.66,2338.02,2317.56,2324.77,6851.7801,2517.4914
2026-04-15 03:00:00,2324.78,2329.39,2320.57,2328.81,3673.6185,1878.9093
2026-04-15 04:00:00,2328.82,2334.7,2328,2333.44,4920.3218,2621.4971
2026-04-15 05:00:00,2333.43,2338.23,2314,2319.45,8570.8757,3329.272
2026-04-15 06:00:00,2319.44,2321.02,2314.99,2317.37,6070.7059,2938.8538
2026-04-15 07:00:00,2317.37,2323.53,2308.5,2316.62,11943.6405,5962.0314
2026-04-15 08:00:00,2316.62,2333,2314.07,2327.4,16606.8901,9542.4413
2026-04-15 09:00:00,2327.4,2329.62,2318.47,2319.95,4819.8486,1872.385
2026-04-15 10:00:00,2319.95,2328.52,2312.15,2316.64,7926.8066,3619.2166
2026-04-15 11:00:00,2316.65,2339.42,2316.65,2337.43,10421.2382,5089.1705
2026-04-15 12:00:00,2337.42,2340,2329.66,2332.98,8755.6666,5271.8687
2026-04-15 13:00:00,2332.97,2334.76,2317.54,2326.94,11829.0249,5525.7826
2026-04-15 14:00:00,2326.93,2344.88,2321.94,2338.4,16587.6534,8459.9198
2026-04-15 15:00:00,2338.41,2349.46,2320.77,2332.04,18184.4927,7850.4221
2026-04-15 16:00:00,2332.03,2349.87,2329.1,2341.48,11622.9701,6078.2937
2026-04-15 17:00:00,2341.48,2358.82,2339.65,2348.66,16815.8182,8060.134
2026-04-15 18:00:00,2348.66,2359.96,2346.34,2358.66,10732.0648,4419.0193
2026-04-15 19:00:00,2358.66,2385.61,2357.37,2375.05,20867.7512,9635.1255
2026-04-15 20:00:00,2375.05,2376.31,2353.72,2362.95,11389.336,4592.4907
2026-04-15 21:00:00,2362.95,2363.5,2348.58,2361.3,9619.6481,5076.309
2026-04-15 22:00:00,2361.29,2380.45,2360.33,2363.45,17952.2343,8675.3867
2026-04-15 23:00:00,2363.46,2363.46,2349.6,2359.95,13652.1034,4622.9135
2026-04-16 00:00:00,2359.94,2363.54,2349.93,2360.58,5089.6025,2313.0862
2026-04-16 01:00:00,2360.58,2360.58,2345.04,2352.06,5778.7342,2327.6509
2026-04-16 02:00:00,2352.06,2369.59,2350.01,2356.68,8626.0775,3982.4634
2026-04-16 03:00:00,2356.67,2365.88,2355.91,2357.86,4878.3062,2362.4108
2026-04-16 04:00:00,2357.85,2364,2348.38,2354.13,6478.9831,2662.9998
2026-04-16 05:00:00,2354.14,2361.79,2349.59,2356.86,7640.4611,4209.8885
2026-04-16 06:00:00,2356.86,2360.57,2349.77,2356.01,6083.5709,3145.849
2026-04-16 07:00:00,2356.02,2357.56,2335.72,2341.52,12827.0905,5474.3567
2026-04-16 08:00:00,2341.52,2345.98,2334.65,2339.11,9100.1126,4145.3499
2026-04-16 09:00:00,2339.12,2348.4,2337.79,2338.09,10880.1782,4982.5856
2026-04-16 10:00:00,2338.09,2340.21,2328.64,2332.42,12442.8726,6479.254
2026-04-16 11:00:00,2332.42,2336.26,2329.8,2335.67,6294.7818,3666.8571
2026-04-16 12:00:00,2335.68,2349.45,2334.99,2340.44,8984.2195,4566.9634
2026-04-16 13:00:00,2340.44,2351.8,2290.57,2308.29,42907.1349,20980.1682
2026-04-16 14:00:00,2308.28,2316.34,2285.1,2309.97,39904.1263,17424.1445
2026-04-16 15:00:00,2309.96,2349.84,2308.5,2339.01,30320.2111,17666.8067
2026-04-16 16:00:00,2339.01,2348.69,2309.96,2316.76,22375.2714,10360.8823
2026-04-16 17:00:00,2316.77,2329.48,2310,2325.79,11322.7343,5692.214
2026-04-16 18:00:00,2325.8,2346.66,2320.4,2343.1,19719.0157,8299.0234
2026-04-16 19:00:00,2343.11,2361.96,2334.66,2359.7,19102.8217,9420.0518
2026-04-16 20:00:00,2359.69,2364.68,2341.51,2350.23,17899.2598,6953.0138
2026-04-16 21:00:00,2350.23,2356.53,2336.25,2341.17,7555.301,2839.8807
2026-04-16 22:00:00,2341.18,2350.56,2339.3,2342.6,7404.2463,3270.4372
2026-04-16 23:00:00,2342.59,2355,2341.61,2348.17,5345.8245,2695.906
2026-04-17 00:00:00,2348.16,2350.9,2341,2344.4,5096.9585,2337.7875
2026-04-17 01:00:00,2344.39,2349,2327.34,2335.38,9065.6351,4257.514
2026-04-17 02:00:00,2335.37,2338.74,2324.93,2331.75,3963.8143,1683.0399
2026-04-17 03:00:00,2331.75,2331.77,2323.83,2325.52,3875.5735,1470.7168
2026-04-17 04:00:00,2325.53,2333.73,2324.21,2328.96,3921.1627,1448.0196
2026-04-17 05:00:00,2328.96,2329.36,2317.43,2319.29,10909.5799,5167.8552
2026-04-17 06:00:00,2319.29,2332.4,2317.49,2331.09,8766.8731,4008.1728
2026-04-17 07:00:00,2331.1,2342.02,2330.09,2334.16,7881.1481,4142.207
2026-04-17 08:00:00,2334.15,2359.27,2332.98,2354.87,14930.4864,7343.1631
2026-04-17 09:00:00,2354.87,2377,2348.28,2359.1,22969.8945,12708.9408
2026-04-17 10:00:00,2359.1,2361.1,2336.45,2344.01,18019.5018,8090.791
2026-04-17 11:00:00,2344.01,2356.96,2343.08,2354.99,9954.5648,3540.1904
2026-04-17 12:00:00,2355,2382.66,2349.4,2371.97,25552.7435,13259.9104
2026-04-17 13:00:00,2371.97,2440.45,2366.8,2437.05,108132.4591,60182.4434
2026-04-17 14:00:00,2437.05,2456.93,2426.31,2447.25,58878.8986,29324.152
2026-04-17 15:00:00,2447.25,2449.99,2433.16,2441.96,28271.7852,11739.2418
2026-04-17 16:00:00,2441.96,2464.91,2441.49,2451.3,25909.3116,12760.6665
2026-04-17 17:00:00,2451.31,2452.5,2422.08,2440.42,21460.1278,8347.2163
2026-04-17 18:00:00,2440.42,2442.68,2415.41,2419.99,18100.8743,7915.1539
2026-04-17 19:00:00,2420,2432.92,2417.17,2427.92,11328.0538,6274.7043
2026-04-17 20:00:00,2427.92,2435.29,2417.01,2426.78,7432.0733,3027.4541
2026-04-17 21:00:00,2426.76,2433.48,2418.71,2429.49,10249.1991,4122.0279
2026-04-17 22:00:00,2429.49,2444.34,2422.78,2433.52,41952.2647,31194.0325
2026-04-17 23:00:00,2433.52,2433.52,2415.47,2419,15108.3778,8219.5682
2026-04-18 00:00:00,2419,2423.58,2410.06,2420.99,9442.6515,4318.7421
2026-04-18 01:00:00,2420.99,2427.64,2416.8,2420.99,6314.6879,2541.4123
2026-04-18 02:00:00,2421,2424.85,2416.83,2419.2,5207.8575,2784.2531
2026-04-18 03:00:00,2419.21,2419.83,2399.54,2405.04,8107.5633,2906.5262
2026-04-18 04:00:00,2405.03,2410.48,2399.52,2407.48,4894.9602,2359.8235
2026-04-18 05:00:00,2407.48,2413.54,2405.83,2408.95,2586.2278,1161.0867
2026-04-18 06:00:00,2408.94,2411.87,2405.52,2410,2945.3983,1741.9385
2026-04-18 07:00:00,2410,2411.12,2401.67,2403.71,4515.4091,1233.827
2026-04-18 08:00:00,2403.71,2404.85,2367.39,2380.57,25832.0067,10863.4742
2026-04-18 09:00:00,2380.57,2380.93,2369.75,2376.04,9571.8861,4769.3017
2026-04-18 10:00:00,2376.03,2376.03,2353.88,2359.34,18142.5656,8920.4689
2026-04-18 11:00:00,2359.34,2360.47,2343.44,2352.96,14433.3994,6993.4884
2026-04-18 12:00:00,2352.96,2362.5,2351.15,2357.93,8121.2724,4303.6984
2026-04-18 13:00:00,2357.92,2360.07,2345.25,2355.13,9779.7365,5740.374
2026-04-18 14:00:00,2355.13,2366,2349.72,2365.23,26117.5187,7585.4925
2026-04-18 15:00:00,2365.23,2369.66,2359.11,2363.64,13336.9852,4788.8411
2026-04-18 16:00:00,2363.64,2375.14,2357.57,2360.87,12285.7588,5515.1099
2026-04-18 17:00:00,2360.86,2364.87,2355,2361.46,10741.1145,4121.0723
2026-04-18 18:00:00,2361.47,2363.64,2339.92,2347.44,11078.9477,6068.2103
2026-04-18 19:00:00,2347.45,2356.02,2346.49,2348.59,5076.6851,2933.4322
2026-04-18 20:00:00,2348.59,2354.9,2344.96,2352.62,3744.8446,2370.6457
2026-04-18 21:00:00,2352.61,2355.33,2347.74,2355.33,4154.6368,2078.6939
2026-04-18 22:00:00,2355.32,2359.46,2348.63,2356.53,2745.8838,1542.2579
2026-04-18 23:00:00,2356.54,2359.5,2349.68,2350.32,2563.3913,1084.8986
2026-04-19 00:00:00,2350.33,2355.3,2344.35,2349.09,3439.1131,1267.5277
2026-04-19 01:00:00,2349.09,2353,2341.66,2348.03,5285.1901,3433.4418
2026-04-19 02:00:00,2348.04,2349.2,2333.44,2338.25,8271.2463,3226.3997
2026-04-19 03:00:00,2338.24,2344.09,2332.1,2339.77,3295.8301,1418.8894
2026-04-19 04:00:00,2339.77,2346.11,2321.62,2333.34,9557.8518,4418.0695
2026-04-19 05:00:00,2333.34,2338.68,2329,2332.76,4832.87,2037.8121
2026-04-19 06:00:00,2332.75,2333.12,2321.88,2327.2,14717.5852,7913.8785
2026-04-19 07:00:00,2327.2,2327.32,2300,2316.03,25296.4448,9873.8487
2026-04-19 08:00:00,2316.03,2320.96,2311.2,2318.69,6286.5382,3034.8998
2026-04-19 09:00:00,2318.69,2319.36,2306.42,2310.24,4969.1452,2236.6675
2026-04-19 10:00:00,2310.24,2320.15,2306.73,2318.01,3803.1001,2248.6387
2026-04-19 11:00:00,2318.02,2331.13,2317.53,2329.38,8216.7405,3859.1142
2026-04-19 12:00:00,2329.38,2337.24,2325,2331.29,10647.4565,5564.6368
2026-04-19 13:00:00,2331.29,2350.24,2330.85,2338.67,12823.5829,6737.967
2026-04-19 14:00:00,2338.67,2343.12,2327.35,2338.09,6753.5851,3643.5232
2026-04-19 15:00:00,2338.09,2341.49,2315.29,2330.8,7442.0947,3411.0993
2026-04-19 16:00:00,2330.8,2331.34,2304.7,2311.68,10427.6144,5049.0192
2026-04-19 17:00:00,2311.68,2317.81,2294.5,2296.59,19133.8743,8468.8924
2026-04-19 18:00:00,2296.58,2301.25,2287.62,2295.78,16668.7481,7908.0348
2026-04-19 19:00:00,2295.78,2304.78,2294.42,2299.65,7573.4719,4108.3379
2026-04-19 20:00:00,2299.66,2300,2273.51,2280.61,19343.7054,6687.7058
2026-04-19 21:00:00,2280.61,2290.34,2274.98,2276.09,7305.1882,4128.8858
2026-04-19 22:00:00,2276.08,2276.08,2252.72,2269.79,28519.8571,13674.459
2026-04-19 23:00:00,2269.78,2270.4,2256.33,2263.27,11475.9936,5449.1531
2026-04-20 00:00:00,2263.28,2283.14,2259.67,2280.01,12643.2639,7387.0385
2026-04-20 01:00:00,2280.02,2294.3,2278.2,2286.17,7563.3705,3908.6071
2026-04-20 02:00:00,2286.16,2287.63,2272.25,2277.43,5859.7575,3025.6104
2026-04-20 03:00:00,2277.43,2288.58,2276.08,2286.56,3966.857,2452.5733
2026-04-20 04:00:00,2286.55,2286.55,2278.84,2283.39,5327.0777,2157.2045
2026-04-20 05:00:00,2283.39,2283.39,2263.18,2270.21,8416.403,4855.3498
2026-04-20 06:00:00,2270.21,2289,2268.78,2286.17,7027.7389,3826.0304
2026-04-20 07:00:00,2286.17,2332.88,2283.02,2298.8,38704.943,19811.8896
2026-04-20 08:00:00,2298.81,2308.65,2289.82,2294.09,14250.2542,7444.6214
2026-04-20 09:00:00,2294.08,2313.64,2293.3,2309.06,8516.3025,5073.6861
2026-04-20 10:00:00,2309.06,2320,2303.23,2303.39,7456.3501,3829.4394
2026-04-20 11:00:00,2303.39,2312.33,2300,2308.42,7390.6587,3755.2214
2026-04-20 12:00:00,2308.42,2323.02,2304.46,2318.88,11999.4475,6172.3778
2026-04-20 13:00:00,2318.88,2326.36,2301.53,2310.82,17038.1365,8539.8741
2026-04-20 14:00:00,2310.82,2321.98,2283,2290.9,33102.9123,11729.1086
2026-04-20 15:00:00,2290.91,2319,2278.38,2313.91,23294.0376,12225.4859
2026-04-20 16:00:00,2313.92,2315.01,2298.76,2300.07,9601.3892,4389.0111
2026-04-20 17:00:00,2300.07,2322.4,2297.97,2317.06,12548.2286,6540.6591
2026-04-20 18:00:00,2317.06,2344.19,2317.06,2334.23,23517.3105,12397.4577
2026-04-20 19:00:00,2334.24,2336.43,2327.27,2331.78,7765.5746,3264.8182
2026-04-20 20:00:00,2331.78,2340.15,2325.33,2337.59,8921.2342,4720.4309
2026-04-20 21:00:00,2337.58,2346.78,2315.21,2321.65,14498.1636,6532.4947
2026-04-20 22:00:00,2321.64,2328.52,2316.75,2319.4,5121.2471,2431.5112
2026-04-20 23:00:00,2319.4,2319.4,2307.74,2313.85,6469.4072,2557.1273
2026-04-21 00:00:00,2313.84,2324.7,2311.66,2321.94,5640.5103,2884.0137
2026-04-21 01:00:00,2321.94,2326.64,2312.66,2315.16,5266.9132,2733.5857
2026-04-21 02:00:00,2315.16,2315.72,2306.45,2308.34,5528.1609,2119.4923
2026-04-21 03:00:00,2308.34,2312.9,2300.01,2311.62,6345.6065,3155.3209
2026-04-21 04:00:00,2311.62,2315.87,2304.06,2314.59,3834.0953,2077.8621
2026-04-21 05:00:00,2314.59,2320.69,2312.65,2314.07,3741.6506,1701.8873
2026-04-21 06:00:00,2314.07,2327.05,2308.01,2317.36,5716.0288,2868.3329
2026-04-21 07:00:00,2317.37,2324.98,2311.56,2318.48,9653.5986,6676.7883
2026-04-21 08:00:00,2318.48,2338.75,2314,2323.43,8919.8273,4562.8882
2026-04-21 09:00:00,2323.42,2327.65,2318.37,2325.69,5091.0695,2305.327
2026-04-21 10:00:00,2325.7,2337.27,2325.33,2331.15,7326.5133,3473.538
2026-04-21 11:00:00,2331.15,2331.29,2316.14,2320.45,9302.9582,3686.3919
2026-04-21 12:00:00,2320.45,2324.68,2294.39,2308.54,16334.8429,7254.2961
2026-04-21 13:00:00,2308.54,2317.37,2301,2312.77,9222.5973,5160.108
2026-04-21 14:00:00,2312.77,2327.5,2295,2299.35,13991.7538,6087.9387
2026-04-21 15:00:00,2299.35,2310.72,2290.35,2310.24,12568.8512,5770.9306
2026-04-21 16:00:00,2310.25,2324.73,2306.51,2307.45,12280.4691,5207.7439
2026-04-21 17:00:00,2307.44,2319.61,2284.19,2306.21,18658.5883,7736.01
2026-04-21 18:00:00,2306.2,2313.33,2300.29,2312.72,7991.7076,3738.3126
2026-04-21 19:00:00,2312.72,2332,2287.3,2298.41,23355.8438,11364.7393
2026-04-21 20:00:00,2298.42,2325.88,2296.04,2314.56,19563.429,10085.2683
2026-04-21 21:00:00,2314.55,2318,2309.41,2312.56,4222.5347,2005.5617
2026-04-21 22:00:00,2312.56,2316.76,2301.9,2311.35,5248.7593,2418.8036
2026-04-21 23:00:00,2311.35,2329.47,2310.92,2327.14,6839.6675,3546.3167
2026-04-22 00:00:00,2327.15,2330.82,2322.62,2325.58,5576.6357,2750.51
2026-04-22 01:00:00,2325.57,2328.73,2312.95,2322.37,6606.1381,3568.4293
2026-04-22 02:00:00,2322.37,2375.23,2320.22,2370.34,35435.1615,19655.8523
2026-04-22 03:00:00,2370.35,2379.66,2358.49,2363.62,19156.4486,10152.5777
2026-04-22 04:00:00,2363.63,2369.54,2358.41,2363.81,8422.8355,3791.9809
2026-04-22 05:00:00,2363.82,2413.83,2361.85,2396.81,55731.406,26759.5848
2026-04-22 06:00:00,2396.81,2397.06,2389.44,2393.37,12010.9363,5047.3263
2026-04-22 07:00:00,2393.38,2397.62,2383.33,2389.97,13184.7681,5256.8109
2026-04-22 08:00:00,2389.98,2393.91,2383,2388.22,13789.8585,7548.3738
2026-04-22 09:00:00,2388.22,2394.27,2385,2387.51,7492.288,4042.103
2026-04-22 10:00:00,2387.52,2393.68,2385.15,2390.2,7644.1127,3180.0879
2026-04-22 11:00:00,2390.21,2400.78,2386.51,2398.44,12475.1132,6916.171
2026-04-22 12:00:00,2398.44,2407.03,2396.16,2404.92,14367.4269,7946.4876
2026-04-22 13:00:00,2404.91,2423,2401.27,2417.4,28321.2416,15842.7098
2026-04-22 14:00:00,2417.4,2423.75,2391.5,2403.17,26739.8227,14663.6645
2026-04-22 15:00:00,2403.17,2413.89,2390.9,2403.83,29310.3346,15599.4826
2026-04-22 16:00:00,2403.84,2413.75,2384.17,2386.14,19934.1991,7234.3697
2026-04-22 17:00:00,2386.15,2402.5,2386.15,2399.21,11859.3039,6600.127
2026-04-22 18:00:00,2399.21,2404.69,2395.09,2396.91,7000.2611,3638.807
2026-04-22 19:00:00,2396.92,2407.24,2389.18,2397.79,11527.4479,6307.8058
2026-04-22 20:00:00,2397.8,2402.34,2390.81,2391.92,8758.4624,4331.6947
2026-04-22 21:00:00,2391.91,2406.11,2391.88,2402.55,7026.7345,3117.2627
2026-04-22 22:00:00,2402.55,2405.38,2394.09,2400.09,5897.7986,3269.2647
2026-04-22 23:00:00,2400.08,2400.48,2373.95,2374.07,11438.3904,4536.7838
2026-04-23 00:00:00,2374.08,2382,2342.8,2372.96,36491.312,21162.7335
2026-04-23 01:00:00,2372.96,2372.97,2360.72,2366.79,7971.3587,4532.3597
2026-04-23 02:00:00,2366.79,2366.86,2344.35,2351.96,16562.4079,6884.4691
2026-04-23 03:00:00,2351.96,2353.44,2331.5,2340.81,15181.0367,7620.6174
2026-04-23 04:00:00,2340.82,2348.66,2337.12,2347.84,6876.0742,3796.4993
2026-04-23 05:00:00,2347.84,2352.61,2340.19,2348.77,9395.0987,3466.4231
2026-04-23 06:00:00,2348.77,2358.93,2348.77,2354.43,11877.4383,4881.2018
2026-04-23 07:00:00,2354.44,2356.85,2340,2344.43,11195.0451,4291.0858
2026-04-23 08:00:00,2344.43,2345,2335,2339.92,17537.3805,9838.5626
2026-04-23 09:00:00,2339.91,2339.91,2313.58,2316.25,27426.2566,11315.4847
2026-04-23 10:00:00,2316.24,2319.17,2305.61,2314.09,19663.9824,8699.1141
2026-04-23 11:00:00,2314.09,2331.99,2314.09,2328.97,13523.4182,6222.5776
2026-04-23 12:00:00,2328.96,2335.23,2320.81,2328.87,11828.3231,5788.6158
2026-04-23 13:00:00,2328.88,2332.5,2315.23,2319.82,12436.9399,6438.4298
2026-04-23 14:00:00,2319.81,2335.12,2316.07,2334.24,13699.8644,7842.5196
2026-04-23 15:00:00,2334.24,2343.58,2324.15,2333.26,14842.7727,7236.2619
2026-04-23 16:00:00,2333.26,2335.76,2323.39,2326.38,8034.7963,4604.7377
2026-04-23 17:00:00,2326.39,2329.24,2285.42,2310.42,45125.7374,19975.4931
2026-04-23 18:00:00,2310.42,2319.04,2304.42,2305.31,14250.7026,7103.0197
2026-04-23 19:00:00,2305.3,2318.97,2300.7,2312.88,11612.5476,3886.0377
2026-04-23 20:00:00,2312.87,2329.48,2312.74,2325.37,10663.5008,4790.4503
2026-04-23 21:00:00,2325.36,2328.85,2320.73,2321.66,6005.6248,2251.8536
2026-04-23 22:00:00,2321.66,2338.79,2321.66,2331.97,8475.7696,4357.6902
2026-04-23 23:00:00,2331.97,2333.18,2323.71,2330.26,5968.3038,2651.6612
2026-04-24 00:00:00,2330.27,2337.5,2326.68,2332.48,5575.8374,2610.8624
2026-04-24 01:00:00,2332.47,2334.23,2318.69,2332.84,6039.2936,2504.7055
2026-04-24 02:00:00,2332.83,2335.39,2315.05,2319.91,6028.7269,2349.0277
2026-04-24 03:00:00,2319.9,2322.84,2301.35,2308.64,9361.0353,4046.1564
2026-04-24 04:00:00,2308.63,2311.75,2300.5,2306.16,6882.2118,3797.5769
2026-04-24 05:00:00,2306.16,2317.35,2300.22,2314.74,8521.9314,3623.646
2026-04-24 06:00:00,2314.75,2316.87,2308.71,2309.2,5049.9538,1922.853
2026-04-24 07:00:00,2309.21,2316.85,2308.48,2311.63,8194.8432,5794.0105
2026-04-24 08:00:00,2311.63,2322.99,2307.49,2315.24,11658.1971,5656.7123
2026-04-24 09:00:00,2315.24,2315.79,2303.74,2310.18,6774.4396,3316.1578
2026-04-24 10:00:00,2310.19,2319.06,2306,2316.02,4784.8663,2234.8726
2026-04-24 11:00:00,2316.01,2332.26,2316.01,2328.1,12651.4171,6683.2065
2026-04-24 12:00:00,2328.1,2331.85,2318.53,2325.25,9855.0136,3912.8739
2026-04-24 13:00:00,2325.26,2331.67,2310.99,2317.32,9015.9396,3850.5707
2026-04-24 14:00:00,2317.32,2318.4,2304.07,2313.41,13688.6377,6743.7397
2026-04-24 15:00:00,2313.42,2329.73,2301.61,2323.81,14252.1395,6522.7276
2026-04-24 16:00:00,2323.81,2324.23,2310,2316.67,6290.7827,2619.4836
2026-04-24 17:00:00,2316.66,2322,2308.82,2319.6,7562.0537,3472.6512
2026-04-24 18:00:00,2319.59,2321.41,2310.01,2319.92,5197.7671,2391.4252
2026-04-24 19:00:00,2319.93,2325,2319.22,2321.6,5615.6482,2660.1751
2026-04-24 20:00:00,2321.59,2328.16,2315.38,2326.47,6361.6058,3412.5083
2026-04-24 21:00:00,2326.47,2327.52,2312.6,2315.18,7039.3094,3469.9912
2026-04-24 22:00:00,2315.19,2316.17,2307.2,2311.92,6034.2204,3782.7518
2026-04-24 23:00:00,2311.93,2316.05,2311.93,2314.99,1451.7469,806.1522
2026-04-25 00:00:00,2314.98,2316.05,2311.27,2316.04,1576.4557,818.9117
2026-04-25 01:00:00,2316.04,2321.36,2315.46,2318,2215.4404,1390.8018
2026-04-25 02:00:00,2318.01,2319.27,2314.78,2317.4,2081.6226,955.3698
2026-04-25 03:00:00,2317.41,2320.43,2315.12,2318.43,1765.5401,862.123
2026-04-25 04:00:00,2318.44,2319.01,2316.15,2316.79,1445.5685,634.902
2026-04-25 05:00:00,2316.8,2316.8,2313.3,2316.01,1473.4562,673.8297
2026-04-25 06:00:00,2316.01,2317.64,2314.89,2316.01,1591.222,831.5541
2026-04-25 07:00:00,2316,2318.81,2314.26,2316.48,1817.9079,922.4895
2026-04-25 08:00:00,2316.48,2320.92,2315.92,2319.44,1641.0374,861.7916
2026-04-25 09:00:00,2319.43,2323.21,2317.17,2319.12,4665.1404,1834.7605
2026-04-25 10:00:00,2319.11,2322.74,2318.93,2320.56,2081.2043,1092.3111
2026-04-25 11:00:00,2320.57,2320.57,2311.2,2313.64,3083.4151,1082.6345
2026-04-25 12:00:00,2313.65,2317.02,2311.88,2313.55,3479.1391,2168.8653
2026-04-25 13:00:00,2313.56,2317.88,2313.56,2316.25,2342.7918,1141.2742
2026-04-25 14:00:00,2316.25,2318.94,2315.27,2316.02,3122.024,1573.6989
2026-04-25 15:00:00,2316.03,2318.68,2303,2308.09,6697.5229,2818.3375
2026-04-25 16:00:00,2308.08,2311.03,2300.55,2309.53,10410.5762,5633.495
2026-04-25 17:00:00,2309.54,2313.62,2307.34,2309.36,4362.4731,1855.4378
2026-04-25 18:00:00,2309.36,2313.98,2308.28,2311.55,2819.9631,1512.7992
2026-04-25 19:00:00,2311.55,2312.31,2307.12,2310.06,2083.6742,916.9557
2026-04-25 20:00:00,2310.06,2313.21,2308.85,2313.2,1361.6127,670.8095
2026-04-25 21:00:00,2313.21,2317.35,2312.86,2315.8,2432.5274,1333.0087
2026-04-25 22:00:00,2315.79,2320.42,2315.09,2317.75,1894.6646,1020.0157
2026-04-25 23:00:00,2317.76,2319.86,2316.92,2319.5,1694.2394,983.6761
2026-04-26 00:00:00,2319.49,2320.06,2312,2315.37,2339.5759,1246.4258
2026-04-26 01:00:00,2315.37,2317.88,2313.48,2313.85,2629.4889,841.2616
2026-04-26 02:00:00,2313.84,2318.4,2313.58,2315.15,1662.7268,535.1131
2026-04-26 03:00:00,2315.15,2316.35,2306.72,2310,3380.9336,786.2957
2026-04-26 04:00:00,2309.99,2319.76,2308.97,2317.74,2619.1557,1370.3599
2026-04-26 05:00:00,2317.73,2336.48,2317.57,2327.84,15716.8287,8231.6125
2026-04-26 06:00:00,2327.85,2333.27,2327.46,2329.99,4332.5642,2199.2653
2026-04-26 07:00:00,2330,2332.25,2328.58,2331.24,2312.7848,1038.4602
2026-04-26 08:00:00,2331.25,2337.68,2330.49,2332.38,4685.4608,2686.259
2026-04-26 09:00:00,2332.37,2335.59,2329.66,2334.69,2480.1917,1252.4944
2026-04-26 10:00:00,2334.68,2336.32,2331.7,2332.95,2898.4361,1275.2494
2026-04-26 11:00:00,2332.95,2337.5,2332.75,2335.95,2047.1479,886.5133
2026-04-26 12:00:00,2335.96,2336.4,2324.19,2328.89,4449.0366,1874.3193
2026-04-26 13:00:00,2328.9,2336,2328.11,2335.22,3739.8665,2305.2344
2026-04-26 14:00:00,2335.21,2352.44,2333.64,2346.2,12976.6737,6785.6568
2026-04-26 15:00:00,2346.2,2348.93,2344.23,2348.05,3342.3038,1607.4435
2026-04-26 16:00:00,2348.06,2349.43,2342.91,2342.92,3916.7788,1579.1855
2026-04-26 17:00:00,2342.92,2349.99,2340.56,2349.43,3116.5593,1534.2397
2026-04-26 18:00:00,2349.42,2369.01,2347.42,2361.99,16174.0288,9500.2642
2026-04-26 19:00:00,2361.99,2376.35,2359.55,2367.4,11849.3869,5873.5091
2026-04-26 20:00:00,2367.4,2372.68,2362.5,2362.5,5233.9655,2501.8757
2026-04-26 21:00:00,2362.51,2370.33,2348.47,2364.34,11912.7111,5584.1496
2026-04-26 22:00:00,2364.34,2380,2353.53,2361.89,17014.5638,8397.3546
2026-04-26 23:00:00,2361.88,2378.61,2356.73,2369.44,13760.452,6983.6291
2026-04-27 00:00:00,2369.45,2392,2359.46,2390.76,13606.0492,7777.84
2026-04-27 01:00:00,2390.56,2404.37,2377.56,2394.61,20709.3902,11965.6047
2026-04-27 02:00:00,2394.6,2397,2387.29,2392.16,6638.1362,4009.8001
2026-04-27 03:00:00,2392.16,2400.43,2390.57,2394.85,7687.0596,4514.9029
2026-04-27 04:00:00,2394.85,2396.05,2380.45,2382.84,8734.8051,3588.146
2026-04-27 05:00:00,2382.84,2383.46,2319.31,2323.18,40068.4022,17199.1185
2026-04-27 06:00:00,2323.17,2329.13,2312.71,2321,13665.9319,7154.8817
2026-04-27 07:00:00,2321.01,2323.82,2315,2316.01,9210.5983,5073.7398
2026-04-27 08:00:00,2316,2319.68,2309.13,2319.68,12143.7223,5567.8515
2026-04-27 09:00:00,2319.68,2325.52,2315.59,2322.19,9530.396,4375.3505
2026-04-27 10:00:00,2322.19,2323.97,2318.87,2320.14,3965.4905,1941.4066
2026-04-27 11:00:00,2320.14,2322.84,2316.84,2320.39,3965.8978,1854.7425
2026-04-27 12:00:00,2320.39,2320.96,2312.59,2314.11,6575.7863,2311.4307
2026-04-27 13:00:00,2314.1,2320.76,2303.5,2312.28,17353.1698,7641.507
2026-04-27 14:00:00,2312.28,2329.82,2308.69,2314.75,14991.1966,7266.6032
2026-04-27 15:00:00,2314.75,2315.16,2266.09,2275.07,46951.2579,21652.4908
2026-04-27 16:00:00,2275.07,2280.6,2270.04,2278.12,12121.634,5273.0825
2026-04-27 17:00:00,2278.13,2292.91,2278.12,2287.08,18597.6027,8064.7584
2026-04-27 18:00:00,2287.09,2292.09,2284.5,2288.75,7485.6492,4149.5421
2026-04-27 19:00:00,2288.75,2291.08,2274.98,2289.14,8112.4069,3605.1557
2026-04-27 20:00:00,2289.15,2296.36,2289.08,2291.7,5969.8812,2471.5019
2026-04-27 21:00:00,2291.69,2292.4,2287,2287.33,3065.7892,1133.2385
2026-04-27 22:00:00,2287.34,2295.7,2284.66,2294.36,4214.8302,2166.2591
2026-04-27 23:00:00,2294.36,2308.61,2291.16,2303.67,4998.7753,3039.3428
2026-04-28 00:00:00,2303.66,2310.88,2299.47,2306.77,5364.7887,2699.7975
2026-04-28 01:00:00,2306.76,2308.76,2297.78,2298.61,4184.5868,1543.97
2026-04-28 02:00:00,2298.61,2301.01,2280.99,2289.11,7908.4528,3125.1003
2026-04-28 03:00:00,2289.1,2291,2282.39,2290.94,3711.4568,1809.0643
2026-04-28 04:00:00,2290.93,2294.6,2283.32,2288.57,5863.0448,2671.8245
2026-04-28 05:00:00,2288.58,2296.91,2286.71,2288.13,10496.1234,5143.8302
2026-04-28 06:00:00,2288.13,2291,2270.53,2277.63,10739.7381,4799.8911
2026-04-28 07:00:00,2277.63,2288.65,2270.65,2287.99,9917.5609,4737.411
2026-04-28 08:00:00,2288,2291.64,2283.86,2287.07,6065.7122,2998.1345
2026-04-28 09:00:00,2287.07,2288.51,2276.67,2282.27,7654.6336,3901.5581
2026-04-28 10:00:00,2282.26,2287.63,2280.84,2284.51,6577.0773,2947.2571
2026-04-28 11:00:00,2284.51,2285.36,2270.36,2275.32,12432.169,6905.8678
2026-04-28 12:00:00,2275.32,2281.29,2271.59,2278.23,6214.5258,3444.9373
2026-04-28 13:00:00,2278.23,2286.2,2258.24,2276.36,19869.0293,9392.9997
2026-04-28 14:00:00,2276.37,2276.63,2261,2273.44,14378.6883,6481.8295
2026-04-28 15:00:00,2273.44,2280.61,2269.22,2279.76,9305.2019,5895.5666
2026-04-28 16:00:00,2279.76,2288.38,2274.38,2286.18,9159.1695,5475.755
2026-04-28 17:00:00,2286.18,2293.38,2278.99,2290.73,8094.1521,4848.7622
2026-04-28 18:00:00,2290.73,2298.31,2287.9,2296.96,7249.1862,4080.6952
2026-04-28 19:00:00,2296.96,2305.55,2290.26,2301.96,8930.4107,4668.9053
2026-04-28 20:00:00,2301.96,2305.95,2295.52,2295.55,3554.3446,1854.1109
2026-04-28 21:00:00,2295.55,2297.2,2285.75,2290.12,5268.4565,2722.7835
2026-04-28 22:00:00,2290.12,2294.5,2285.48,2286.18,2436.7593,1093.7901
2026-04-28 23:00:00,2286.17,2290.18,2284.15,2289.42,2556.9515,1334.238
2026-04-29 00:00:00,2289.42,2294.24,2285.38,2292.4,4053.3505,2562.0524
2026-04-29 01:00:00,2292.41,2297.3,2278.84,2292.45,10251.4496,5252.5988
2026-04-29 02:00:00,2292.45,2295.61,2284.68,2288.88,7158.8638,2619.9827
2026-04-29 03:00:00,2288.87,2316.36,2287.61,2311.52,18471.9819,10858.4489
2026-04-29 04:00:00,2311.53,2342.5,2309.33,2327.32,26313.9011,12948.6576
2026-04-29 05:00:00,2327.32,2333.22,2322.83,2329.19,12864.951,6577.836
2026-04-29 06:00:00,2329.19,2336.64,2320.24,2324.58,9480.4591,5406.3385
2026-04-29 07:00:00,2324.59,2330.31,2321.7,2323.73,6478.9845,2554.0918
2026-04-29 08:00:00,2323.74,2329.03,2321.11,2325.33,4136.2641,1814.1972
2026-04-29 09:00:00,2325.33,2346.66,2322.74,2339.72,12808.4246,7464.8193
2026-04-29 10:00:00,2339.71,2346.95,2330.01,2333.68,9453.427,4617.8443
2026-04-29 11:00:00,2333.67,2336,2328.79,2331.74,8275.1971,3750.2351
2026-04-29 12:00:00,2331.74,2331.94,2307.4,2316.13,16486.429,9272.7703
2026-04-29 13:00:00,2316.13,2318.15,2289.94,2303.03,18372.5595,9211.8187
2026-04-29 14:00:00,2303.02,2308.29,2293.86,2299.39,14483.7704,8008.6055
2026-04-29 15:00:00,2299.4,2301.24,2263.1,2272.51,31727.41,15104.9251
2026-04-29 16:00:00,2272.5,2279.27,2263.35,2267.47,19698.2895,9822.2343
2026-04-29 17:00:00,2267.48,2283.33,2266.3,2283.12,11615.5567,7357.4742
2026-04-29 18:00:00,2283.12,2285.92,2220.36,2239.41,56466.6844,26076.4444
2026-04-29 19:00:00,2239.41,2242.44,2225,2233.7,17551.9858,8964.0044
2026-04-29 20:00:00,2233.69,2248.73,2230.49,2240.42,12588.2129,5775.4379
2026-04-29 21:00:00,2240.42,2264.8,2238.59,2253.13,15432.4606,6918.9793
2026-04-29 22:00:00,2253.14,2259.01,2250.19,2257.78,5462.7196,2884.3286
2026-04-29 23:00:00,2257.77,2260.3,2250.35,2252.9,5444.7688,3175.6774
2026-04-30 00:00:00,2252.9,2275,2249.47,2272.46,9779.8174,6203.0169
2026-04-30 01:00:00,2272.45,2279,2267.06,2269.35,8290.3738,3308.5703
2026-04-30 02:00:00,2269.36,2273.14,2236.36,2245.13,12671.6592,5715.8906
2026-04-30 03:00:00,2245.12,2256.82,2243.89,2253.24,5318.3681,2983.3703
2026-04-30 04:00:00,2253.24,2254.27,2236.89,2238.97,7758.4871,3555.0026
2026-04-30 05:00:00,2238.98,2248.31,2231.64,2242.76,8319.8981,2907.475
2026-04-30 06:00:00,2242.76,2252.49,2241.86,2248.03,6064.2486,2565.4542
2026-04-30 07:00:00,2248.03,2262.23,2243.71,2260.31,11236.2376,6467.4979
2026-04-30 08:00:00,2260.31,2263.21,2255.27,2256.65,10003.379,6238.2699
2026-04-30 09:00:00,2256.65,2271.11,2256,2261.86,6145.3195,3247.5051
2026-04-30 10:00:00,2261.86,2265.74,2256.78,2262.01,5283.3923,2816.0718
2026-04-30 11:00:00,2262,2273.7,2252.07,2258.18,9303.8333,4437.044
2026-04-30 12:00:00,2258.18,2271.07,2257.74,2265.45,6154.9815,3106.6644
2026-04-30 13:00:00,2265.46,2272.56,2254.74,2263.9,10742.9268,6055.3828
2026-04-30 14:00:00,2263.9,2271.07,2245.82,2262.01,14497.1911,6641.38
2026-04-30 15:00:00,2262,2275.13,2257.65,2265.7,6476.8828,3203.1289
2026-04-30 16:00:00,2265.7,2267.16,2255.8,2257.24,3880.3064,1641.4131
2026-04-30 17:00:00,2257.24,2260.47,2251.62,2258.14,4889.144,2724.3347
2026-04-30 18:00:00,2258.13,2265.29,2254.55,2259.84,4110.2594,2160.5565
2026-04-30 19:00:00,2259.84,2267.09,2258.13,2261.99,4771.3788,2649.3307
2026-04-30 20:00:00,2261.98,2267.32,2260.56,2264.34,3286.6466,1800.9285
2026-04-30 21:00:00,2264.34,2264.65,2254,2256.29,3541.8404,1626.8673
2026-04-30 22:00:00,2256.29,2261.34,2252.42,2254.25,2399.1525,851.2777
2026-04-30 23:00:00,2254.25,2259.01,2254,2257.51,2268.5533,1086.6792
2026-05-01 00:00:00,2257.51,2266,2257.21,2260,3813.1405,2348.3307
2026-05-01 01:00:00,2260,2270.56,2260,2267.75,4214.4302,2489.8621
2026-05-01 02:00:00,2267.75,2270,2265,2266.94,3090.6762,1483.2981
2026-05-01 03:00:00,2266.94,2295,2266.25,2282.87,15806.4467,8333.6074
2026-05-01 04:00:00,2282.87,2285.89,2277.56,2280.12,5118.5153,1762.6301
2026-05-01 05:00:00,2280.11,2286.75,2278.28,2283.26,3488.1717,1426.266
2026-05-01 06:00:00,2283.26,2286.66,2272.09,2277.45,8129.9831,3062.7802
2026-05-01 07:00:00,2277.46,2281.1,2273.14,2279.48,6175.1967,2640.6958
2026-05-01 08:00:00,2279.5,2288.5,2277.44,2286.92,5887.1033,3340.7533
2026-05-01 09:00:00,2286.93,2287.1,2279.87,2282.07,3605.4989,1426.7924
2026-05-01 10:00:00,2282.08,2285.88,2277.06,2282.53,3877.8737,1762.334
2026-05-01 11:00:00,2282.53,2293,2281.71,2286.45,5323.843,2281.2014
2026-05-01 12:00:00,2286.46,2311.49,2284.15,2301.36,21967.8914,11434.3911
2026-05-01 13:00:00,2301.37,2324,2301.37,2318.22,20286.2201,10728.3674
2026-05-01 14:00:00,2318.22,2325.28,2301.42,2308.04,20163.371,8766.9717
2026-05-01 15:00:00,2308.03,2316.74,2298.77,2307.64,12397.242,5768.2742
2026-05-01 16:00:00,2307.64,2314.21,2298.17,2301.94,14505.2002,5758.839
2026-05-01 17:00:00,2301.95,2313.53,2298.71,2311.76,5191.8702,2899.4947
2026-05-01 18:00:00,2311.76,2312.5,2303.45,2304.76,3781.9625,1814.9807
2026-05-01 19:00:00,2304.77,2307.84,2302.2,2304.85,2921.4709,1334.0384
2026-05-01 20:00:00,2304.85,2305.86,2278.98,2285.19,9002.0365,2955.255
2026-05-01 21:00:00,2285.18,2294.25,2283.58,2292.68,6643.5401,2698.6304
2026-05-01 22:00:00,2292.67,2299.35,2291,2293.5,3376.5372,1878.7929
2026-05-01 23:00:00,2293.5,2296.23,2289,2295.63,2314.3336,1137.1459
2026-05-02 00:00:00,2295.63,2299.3,2292.91,2297.6,2566.8116,1352.9663
2026-05-02 01:00:00,2297.59,2300.98,2295.88,2298.63,2462.3989,1459.5266
2026-05-02 02:00:00,2298.62,2308.34,2295.43,2303.31,3153.6124,1943.3361
2026-05-02 03:00:00,2303.31,2308.34,2301.01,2304.44,2768.5377,1674.7978
2026-05-02 04:00:00,2304.43,2304.91,2299.59,2301.26,2155.2825,737.1353
2026-05-02 05:00:00,2301.26,2301.52,2296.62,2299.47,2997.2267,922.2058
2026-05-02 06:00:00,2299.46,2306.35,2297.09,2305.58,2532.1671,1169.955
2026-05-02 07:00:00,2305.59,2306.16,2301.01,2301.02,2421.6891,844.0042
2026-05-02 08:00:00,2301.01,2304.44,2299.05,2303.35,1949.3397,871.2696
2026-05-02 09:00:00,2303.34,2307.78,2303.34,2305.13,2145.8369,840.396
2026-05-02 10:00:00,2305.13,2305.96,2302.41,2303.54,2130.6777,961.9095
2026-05-02 11:00:00,2303.54,2304.99,2300.25,2302.1,2172.6055,771.8439
2026-05-02 12:00:00,2302.09,2305.92,2301.36,2303.52,2299.2395,1156.8803
2026-05-02 13:00:00,2303.53,2311.83,2303.53,2308.08,4502.6289,2668.7749
2026-05-02 14:00:00,2308.08,2308.59,2305.23,2306.69,2719.9575,1297.8232
2026-05-02 15:00:00,2306.69,2310.1,2305.32,2309.19,2150.0351,1193.7994
2026-05-02 16:00:00,2309.18,2313.98,2307.96,2309.31,3799.9258,2294.2056
2026-05-02 17:00:00,2309.31,2310.25,2305.69,2305.9,1534.3477,574.7067
2026-05-02 18:00:00,2305.9,2311.57,2304.08,2310.3,3982.2935,2248.7981
2026-05-02 19:00:00,2310.31,2312.79,2309.17,2311.08,1676.5247,961.9279
2026-05-02 20:00:00,2311.08,2311.84,2309.59,2311.58,1484.9442,777.3792
2026-05-02 21:00:00,2311.59,2343.6,2310.79,2325.62,17150.5457,11173.1754
2026-05-02 22:00:00,2325.62,2328.36,2317.88,2327,8792.7486,4702.8012
2026-05-02 23:00:00,2326.99,2326.99,2313.98,2316.97,6039.0954,3063.1779
2026-05-03 00:00:00,2316.97,2317.69,2308.9,2313.98,5842.4001,2132.1213
2026-05-03 01:00:00,2313.98,2314.09,2303.43,2304.14,4580.8688,1760.2018
2026-05-03 02:00:00,2304.14,2306.83,2299.38,2303.41,4664.487,1954.0236
2026-05-03 03:00:00,2303.41,2304,2300,2301.9,4381.1239,1604.0682
2026-05-03 04:00:00,2301.9,2304.37,2297.59,2301.53,3019.3837,1355.0891
2026-05-03 05:00:00,2301.53,2305.56,2301.26,2304.11,1981.3304,929.3874
2026-05-03 06:00:00,2304.11,2306.38,2299.69,2304.49,2420.7056,1204.7706
2026-05-03 07:00:00,2304.5,2314.01,2304.42,2309.28,3800.1125,2208.7876
2026-05-03 08:00:00,2309.28,2312.67,2307.65,2308.28,1870.384,869.5966
2026-05-03 09:00:00,2308.29,2322.27,2307.49,2316.47,5985.3931,3556.7827
2026-05-03 10:00:00,2316.48,2316.73,2311.32,2311.54,2373.362,1117.2069
2026-05-03 11:00:00,2311.54,2327.5,2310.52,2319.63,7325.9867,4407.6459
2026-05-03 12:00:00,2319.63,2332.61,2319.63,2325.71,9087.0596,4960.4905
2026-05-03 13:00:00,2325.71,2328.74,2320.61,2322.21,3616.5298,1993.1275
2026-05-03 14:00:00,2322.22,2329.6,2321.19,2328.28,4002.7223,1864.4468
2026-05-03 15:00:00,2328.28,2333.91,2324.96,2328.44,4767.7814,2005.3081
2026-05-03 16:00:00,2328.45,2335,2322.38,2328.41,5781.0315,3132.8132
2026-05-03 17:00:00,2328.4,2335.35,2324.11,2331.85,5608.7603,2778.6675
2026-05-03 18:00:00,2331.85,2333.6,2328.29,2330.98,2263.6905,946.5921
2026-05-03 19:00:00,2330.98,2337.87,2328.47,2335.59,5542.6512,3501.7532
2026-05-03 20:00:00,2335.6,2344.35,2328.28,2329.58,14443.5923,7148.3823
2026-05-03 21:00:00,2329.58,2334.18,2315,2324.27,8154.991,3546.8911
2026-05-03 22:00:00,2324.27,2356.92,2324.26,2343.89,25346.8292,13027.3751
2026-05-03 23:00:00,2343.89,2347.47,2319.96,2322.65,14213.2573,6486.6447
2026-05-04 00:00:00,2322.65,2322.65,2309.24,2319,12348.5699,5492.5537
2026-05-04 01:00:00,2319,2354.02,2312.98,2351.2,17681.8973,8764.0002
2026-05-04 02:00:00,2351.21,2387.99,2345.41,2374.73,52188.8767,25919.0474
2026-05-04 03:00:00,2374.73,2391,2371.74,2385.12,32108.6526,17033.049
2026-05-04 04:00:00,2385.11,2398.93,2384.37,2390.12,21582.9297,11427.0824
2026-05-04 05:00:00,2390.12,2391.28,2375.26,2376.19,17415.0891,6948.3674
2026-05-04 06:00:00,2376.19,2378.42,2354.2,2368.41,20127.1919,7934.3013
2026-05-04 07:00:00,2368.41,2373.87,2362.51,2362.8,10295.3082,5281.874
2026-05-04 08:00:00,2362.79,2365.11,2357.3,2360.04,9858.6313,4795.3816
2026-05-04 09:00:00,2360.04,2371.09,2358.04,2368.71,8607.635,4631.0818
2026-05-04 10:00:00,2368.72,2369.89,2314.25,2338.36,57424.2763,27808.5222
2026-05-04 11:00:00,2338.35,2343.62,2332.91,2337.59,9840.4895,4341.8902
2026-05-04 12:00:00,2337.59,2343.78,2333.04,2335.53,7733.1819,3645.5387
2026-05-04 13:00:00,2335.53,2344.53,2325.71,2336.53,17747.9741,9835.901
2026-05-04 14:00:00,2336.53,2381.8,2327.47,2371.39,36557.2285,19604.0607
2026-05-04 15:00:00,2371.4,2374.38,2336.01,2350.1,41176.8086,18647.2898
2026-05-04 16:00:00,2350.11,2365,2336.63,2355.28,23191.6495,11906.1009
2026-05-04 17:00:00,2355.27,2379.52,2353.84,2370.09,18853.8244,9031.4082
2026-05-04 18:00:00,2370.1,2374.86,2357.02,2361.41,12397.3782,5255.314
2026-05-04 19:00:00,2361.42,2364.35,2353.52,2356.52,7858.5921,3997.0067
2026-05-04 20:00:00,2356.52,2359.12,2347.77,2350.15,5105.1774,2671.2782
2026-05-04 21:00:00,2350.14,2364.59,2350.14,2360.89,3844.6345,2053.7885
2026-05-04 22:00:00,2360.89,2365.91,2353.95,2354.58,5172.5417,2097.976
2026-05-04 23:00:00,2354.58,2354.58,2344.83,2347.16,3902.2601,1433.6701
2026-05-05 00:00:00,2347.17,2359,2344.93,2358.83,4815.8322,2396.4697
2026-05-05 01:00:00,2358.83,2364.49,2355.1,2361.82,4711.3265,2493.106
2026-05-05 02:00:00,2361.81,2377.8,2359.1,2367.72,10448.2131,5547.593
2026-05-05 03:00:00,2367.72,2389.38,2364.71,2382.43,23394.2819,9774.4263
2026-05-05 04:00:00,2382.43,2386,2376.04,2381.11,9427.6093,4343.7236
2026-05-05 05:00:00,2381.1,2390.74,2376.88,2380.19,13610.8116,6645.1145
2026-05-05 06:00:00,2380.19,2381.51,2367.35,2378.85,12310.887,4958.7684
2026-05-05 07:00:00,2378.84,2388.56,2375.81,2380.59,13689.6326,6750.0474
2026-05-05 08:00:00,2380.59,2384.62,2373,2376.81,7058.716,3022.9793
2026-05-05 09:00:00,2376.82,2376.96,2366.76,2369.6,6990.9907,2814.209
2026-05-05 10:00:00,2369.6,2379.34,2367.3,2378.41,7091.045,4613.2725
2026-05-05 11:00:00,2378.42,2383.49,2372.95,2379.89,8240.2018,4271.0985
2026-05-05 12:00:00,2379.89,2390.47,2376.34,2388.52,11730.3656,6150.3599
2026-05-05 13:00:00,2388.52,2399.5,2383.5,2388.72,26443.457,13450.3628
2026-05-05 14:00:00,2388.71,2392.36,2369.17,2378.78,27223.1659,13960.7493
2026-05-05 15:00:00,2378.78,2387.93,2375.5,2381.31,13411.5215,5864.7441
2026-05-05 16:00:00,2381.3,2383.38,2361,2365.94,17932.1444,8755.2961
2026-05-05 17:00:00,2365.94,2369.92,2359.71,2362.8,9807.3024,4745.9149
2026-05-05 18:00:00,2362.81,2374.78,2362.81,2372.28,8710.1909,4780.786
2026-05-05 19:00:00,2372.28,2376.73,2369.33,2371.94,4461.6351,2484.6542
2026-05-05 20:00:00,2371.94,2387,2371.21,2382.41,11866.1153,7131.7461
2026-05-05 21:00:00,2382.41,2388.54,2368.9,2375.43,9166.3706,4923.5999
2026-05-05 22:00:00,2375.43,2381.68,2354.34,2367.51,14184.5371,5860.3189
2026-05-05 23:00:00,2367.51,2369.75,2355,2360.77,9910.3777,3588.7293
2026-05-06 00:00:00,2360.76,2367.72,2355,2364.63,9670.6129,5270.8581
2026-05-06 01:00:00,2364.63,2376.99,2362.75,2373.19,8948.2743,4876.5933
2026-05-06 02:00:00,2373.2,2373.7,2360,2369.75,6539.2128,3102.7559
2026-05-06 03:00:00,2369.75,2380.87,2368.08,2376.8,7896.7032,4260.7417
2026-05-06 04:00:00,2376.81,2379.4,2361.25,2366.08,7910.6015,3428.6289
2026-05-06 05:00:00,2366.08,2366.99,2355,2365.03,11450.5782,5019.9931
2026-05-06 06:00:00,2365.03,2371.29,2361,2370.52,6311.3267,3886.8354
2026-05-06 07:00:00,2370.53,2375,2368.57,2371.74,7842.1661,4617.9247
2026-05-06 08:00:00,2371.74,2396.19,2369.16,2394.33,18454.838,11368.8704
2026-05-06 09:00:00,2394.32,2418.39,2384.8,2412.76,47718.3765,25575.798
2026-05-06 10:00:00,2412.77,2414.43,2405.18,2410.2,17192.8972,8746.7598
2026-05-06 11:00:00,2410.2,2423.74,2408.34,2410.47,30434.9349,14199.0819
2026-05-06 12:00:00,2410.47,2413.59,2400.55,2405.11,22282.1291,10722.7172
2026-05-06 13:00:00,2405.11,2405.11,2365.01,2368.51,42551.5633,19482.7478
2026-05-06 14:00:00,2368.52,2373.29,2346.68,2359.23,51777.3181,22436.7686
2026-05-06 15:00:00,2359.23,2366,2354.98,2359.1,20851.531,8466.0073
2026-05-06 16:00:00,2359.1,2367.47,2350.56,2358.08,19002.5503,7641.1936
2026-05-06 17:00:00,2358.09,2360.99,2347.71,2349.7,13561.1973,4260.0057
2026-05-06 18:00:00,2349.71,2352.55,2338,2345,18017.0774,7065.7246
2026-05-06 19:00:00,2345,2350,2342.14,2348.5,9241.8552,3726.3284
2026-05-06 20:00:00,2348.49,2357.04,2345.23,2350.94,13484.2191,4672.6852
2026-05-06 21:00:00,2350.94,2357.45,2345.83,2354.52,10416.7586,3396.2971
2026-05-06 22:00:00,2354.52,2355.05,2344.99,2347.28,8076.5331,2669.5246
2026-05-06 23:00:00,2347.28,2351.34,2338.28,2350.84,11034.0613,4112.7121
2026-05-07 00:00:00,2350.84,2352.3,2329.05,2329.65,13622.3234,4169.6374
2026-05-07 01:00:00,2329.66,2335,2314.16,2327.41,18902.7493,7430.7702
2026-05-07 02:00:00,2327.4,2327.95,2313.89,2321.88,19439.1949,8039.6454
2026-05-07 03:00:00,2321.89,2326.2,2315.74,2322.39,11540.0497,5745.176
2026-05-07 04:00:00,2322.39,2327.52,2317.8,2327.51,10417.5378,4720.2252
2026-05-07 05:00:00,2327.51,2333.97,2327.02,2331.08,10970.9192,4321.4067
2026-05-07 06:00:00,2331.08,2338.57,2320,2337.13,14009.3816,5592.8826
2026-05-07 07:00:00,2337.14,2346.89,2336.72,2344.59,16120.1713,6604.4127
2026-05-07 08:00:00,2344.59,2346.6,2332,2333.73,15120.5601,6496.5086
2026-05-07 09:00:00,2333.73,2337.11,2326.83,2329.05,13919.7483,5212.7275
2026-05-07 10:00:00,2329.04,2331.63,2317.35,2326.78,13596.4665,4899.9436
2026-05-07 11:00:00,2326.78,2331.59,2325.45,2329.94,11503.0069,4550.161
2026-05-07 12:00:00,2329.94,2337.13,2329.04,2333.01,12385.8948,5160.8833
2026-05-07 13:00:00,2333.02,2333.02,2305.4,2314.32,39011.6686,16522.0573
2026-05-07 14:00:00,2314.32,2318.75,2289.51,2298.98,46781.2234,16852.7954
2026-05-07 15:00:00,2298.98,2304.52,2285.95,2294.82,31328.1654,13191.4655
2026-05-07 16:00:00,2294.82,2298.2,2285.37,2291.81,28001.1937,9670.3274
2026-05-07 17:00:00,2291.81,2301.25,2280.1,2299.6,28378.658,10115.5126
2026-05-07 18:00:00,2299.61,2304,2291.27,2296.19,23860.3486,9549.643
2026-05-07 19:00:00,2296.18,2297.09,2287.88,2295.98,18517.2817,7056.8957
2026-05-07 20:00:00,2295.98,2302.57,2287.94,2289.1,34000.8584,8009.0598
2026-05-07 21:00:00,2289.1,2294.29,2281.29,2287.68,12799.0863,4200.0812
2026-05-07 22:00:00,2287.68,2290.24,2281.04,2287.03,16424.3429,6111.601
2026-05-07 23:00:00,2287.03,2293.24,2286.11,2291.06,8871.107,3297.6932
2026-05-08 00:00:00,2291.06,2294.28,2283.66,2286.83,9997.2781,3533.563
2026-05-08 01:00:00,2286.83,2289.31,2280.28,2285.06,10079.1981,3681.0688
2026-05-08 02:00:00,2285.06,2285.71,2268,2279.15,18687.3591,7496.2312
2026-05-08 03:00:00,2279.15,2281.6,2265.61,2278.76,15605.1908,5893.8415
2026-05-08 04:00:00,2278.77,2284.54,2276.5,2281.63,9647.4955,3664.6261
2026-05-08 05:00:00,2281.63,2284,2275.97,2275.97,11633.258,3264.9502
2026-05-08 06:00:00,2275.98,2278.5,2268.6,2275.22,31348.2699,8251.6587
2026-05-08 07:00:00,2275.23,2282.69,2267.15,2281.35,21264.4415,12582.4441
2026-05-08 08:00:00,2281.37,2289.13,2280.15,2283.56,17210.3914,7557.9507
2026-05-08 09:00:00,2283.56,2292.12,2280.35,2284.34,15015.7397,6460.2612
2026-05-08 10:00:00,2284.34,2290.96,2281.17,2287.94,15731.5078,8720.1621
2026-05-08 11:00:00,2287.95,2298.01,2287.95,2295.38,17761.4984,11278.8186
2026-05-08 12:00:00,2295.38,2302,2282.46,2284.53,16435.0408,6535.0189
2026-05-08 13:00:00,2284.53,2287,2269.96,2276.46,28468.8006,11981.333
2026-05-08 14:00:00,2276.46,2292.66,2273.32,2285.72,25640.1037,10655.3261
2026-05-08 15:00:00,2285.72,2294.44,2274.94,2293.2,14657.397,6268.6325
2026-05-08 16:00:00,2293.2,2294.37,2286.42,2289.93,13453.9968,5715.0593
2026-05-08 17:00:00,2289.93,2315.63,2289.39,2304.86,23598.5736,11210.8339
2026-05-08 18:00:00,2304.87,2321.22,2304.87,2313.49,19654.0122,9308.985
2026-05-08 19:00:00,2313.49,2320.36,2312.48,2316.05,19777.938,6109.3893
2026-05-08 20:00:00,2316.06,2317,2305.36,2306.65,26417.6209,4837.0026
2026-05-08 21:00:00,2306.64,2314.94,2304.21,2314.63,14078.5061,4076.2867
2026-05-08 22:00:00,2314.62,2319.15,2310.26,2310.98,12732.9721,3313.5448
2026-05-08 23:00:00,2310.98,2310.98,2303.19,2307.06,12138.5681,2377.0112
2026-05-09 00:00:00,2307.07,2312.03,2304.19,2308.55,11551.954,3295.7544
2026-05-09 01:00:00,2308.55,2318.45,2308.23,2314.22,10857.7767,4204.8466
2026-05-09 02:00:00,2314.23,2320.3,2313.8,2317.07,9468.173,3714.6436
2026-05-09 03:00:00,2317.07,2320.77,2312.6,2315.33,7290.8151,2655.9249
2026-05-09 04:00:00,2315.33,2325.33,2311.27,2312.35,27184.841,5641.8045
2026-05-09 05:00:00,2312.35,2318.29,2310.9,2314.82,5918.4334,2528.1583
2026-05-09 06:00:00,2314.82,2319.59,2312.95,2314.35,10307.9116,6630.3141
2026-05-09 07:00:00,2314.35,2318.56,2311.34,2314.69,8349.905,4844.7905
2026-05-09 08:00:00,2314.69,2320.53,2314.23,2317.16,8698.3308,4639.833
2026-05-09 09:00:00,2317.16,2317.52,2311.37,2313.28,6746.958,2214.2156
2026-05-09 10:00:00,2313.28,2315.03,2310.24,2312.5,4778.5919,1418.4126
2026-05-09 11:00:00,2312.49,2315.56,2312.49,2314.57,5435.8473,1553.6374
2026-05-09 12:00:00,2314.56,2318.27,2313.24,2316.54,5219.3063,2076.2151
2026-05-09 13:00:00,2316.54,2316.55,2311.69,2314.34,4773.3348,1549.4318
2026-05-09 14:00:00,2314.34,2315.32,2305.21,2308.27,8247.0832,3645.8337
2026-05-09 15:00:00,2308.27,2317.64,2300,2317.63,12866.0555,7136.0781
2026-05-09 16:00:00,2317.64,2325.28,2315.29,2319.99,15466.0099,7795.3963
2026-05-09 17:00:00,2320,2333.61,2320,2329.45,21099.4922,9863.3851
2026-05-09 18:00:00,2329.46,2338.37,2328.8,2330.22,11248.546,4469.8848
2026-05-09 19:00:00,2330.23,2333.1,2326.54,2332.01,9103.6002,3933.5199
2026-05-09 20:00:00,2332.02,2332.81,2327.26,2329.18,5902.3618,1491.3764
2026-05-09 21:00:00,2329.17,2331.55,2328.62,2330.82,6093.5171,1415.3495
2026-05-09 22:00:00,2330.82,2333.47,2327.22,2329.89,6868.1251,2326.4518
2026-05-09 23:00:00,2329.89,2331.96,2324.7,2326.44,6954.1871,1915.3223
2026-05-10 00:00:00,2326.43,2329.71,2321.16,2323.89,7913.8234,2391.1437
2026-05-10 01:00:00,2323.9,2324.97,2318.33,2323.67,9455.7255,2653.3945
2026-05-10 02:00:00,2323.68,2328,2320.08,2327.94,7197.4856,2395.4533
2026-05-10 03:00:00,2327.94,2332.91,2323.7,2327.76,8711.1021,3252.9351
2026-05-10 04:00:00,2327.75,2330.98,2326.1,2328.27,7716.1343,2287.0853
2026-05-10 05:00:00,2328.28,2330,2326.51,2327.3,6244.9276,1969.0117
2026-05-10 06:00:00,2327.3,2330.75,2326.65,2329.3,6968.6838,2475.9571
2026-05-10 07:00:00,2329.31,2332.09,2327.36,2327.36,6034.6059,1785.9975
2026-05-10 08:00:00,2327.36,2331.83,2326.16,2330.15,7669.5007,3176.8005
2026-05-10 09:00:00,2330.16,2333.59,2326.92,2328.22,6313.071,1790.7465
2026-05-10 10:00:00,2328.23,2328.82,2323.38,2325.46,7346.5157,2211.6082
2026-05-10 11:00:00,2325.46,2327.42,2319,2322.58,7550.9118,2701.7497
2026-05-10 12:00:00,2322.59,2325.35,2320.87,2324.12,5841.8952,1878.0959
2026-05-10 13:00:00,2324.12,2331.99,2323.28,2329.8,11818.9659,4587.0954
2026-05-10 14:00:00,2329.8,2335,2326.94,2330.9,11780.7508,3770.1846
2026-05-10 15:00:00,2330.9,2351.66,2330.9,2347.56,22485.3656,11775.6967
2026-05-10 16:00:00,2347.56,2350.85,2340.11,2350,17749.1502,10846.8661
2026-05-10 17:00:00,2349.99,2368,2345.4,2364.1,114535.2366,97017.8342
2026-05-10 18:00:00,2364.11,2366.79,2356.63,2358.54,11161.528,5143.6663
2026-05-10 19:00:00,2358.53,2366.79,2351.25,2365.54,10978.6451,5751.8178
2026-05-10 20:00:00,2365.54,2369.86,2311.83,2328.76,30933.2806,12467.159
2026-05-10 21:00:00,2328.76,2336.85,2324.02,2330.8,15363.9227,6798.5319
2026-05-10 22:00:00,2330.79,2377.64,2327.92,2373.78,33668.5341,18089.7704
2026-05-10 23:00:00,2373.78,2382.53,2367.95,2371.27,22683.1001,11902.7306
2026-05-11 00:00:00,2371.26,2374.92,2344.59,2352.35,19323.6984,8214.394
2026-05-11 01:00:00,2352.36,2365.58,2345.33,2358.54,9293.8315,4971.7006
2026-05-11 02:00:00,2358.54,2360.79,2343.38,2345.39,9280.1867,3777.6653
2026-05-11 03:00:00,2345.4,2345.4,2320.01,2330.56,22426.555,9788.8754
2026-05-11 04:00:00,2330.56,2335.99,2326.66,2332.85,10862.7775,4897.9002
2026-05-11 05:00:00,2332.85,2340.49,2332.05,2335.3,9834.6659,4315.0379
2026-05-11 06:00:00,2335.29,2342.44,2330.05,2333.48,9215.668,3432.7593
2026-05-11 07:00:00,2333.49,2333.49,2328.25,2330.54,5396.1646,1984.5882
2026-05-11 08:00:00,2330.55,2334.66,2326.66,2330.48,7149.0202,3449.1412
2026-05-11 09:00:00,2330.48,2338.61,2330.26,2336.08,4110.1503,2192.5533
2026-05-11 10:00:00,2336.07,2339.9,2329.93,2329.94,5470.2846,2160.4739
2026-05-11 11:00:00,2329.93,2335.8,2327.43,2335.8,4609.631,1662.7052
2026-05-11 12:00:00,2335.8,2338.89,2328.79,2329.5,7140.9535,2960.5801
2026-05-11 13:00:00,2329.51,2332.86,2314.77,2322.32,15820.0073,6487.5615
2026-05-11 14:00:00,2322.31,2328.8,2304,2316.48,18307.6063,7603.4141
2026-05-11 15:00:00,2316.48,2335.6,2313.4,2333.48,13019.6586,6344.8592
2026-05-11 16:00:00,2333.48,2341.21,2327.38,2329.78,15011.5399,6312.4404
2026-05-11 17:00:00,2329.79,2343.83,2323.68,2336.71,10465.5371,4783.8545
2026-05-11 18:00:00,2336.71,2344.35,2334.55,2335.35,10798.4289,4405.1017
2026-05-11 19:00:00,2335.35,2344,2331.92,2340.43,7110.3587,2960.9947
2026-05-11 20:00:00,2340.44,2345.44,2336.27,2338.15,7593.5702,3116.6306
2026-05-11 21:00:00,2338.16,2342.49,2336.36,2340.71,5121.3253,2637.8616
2026-05-11 22:00:00,2340.71,2345.68,2336.63,2341.43,5867.5676,3124.0331
2026-05-11 23:00:00,2341.43,2342.23,2335.08,2339.87,3732.8681,1905.0772
2026-05-12 00:00:00,2339.88,2340.85,2332.13,2333.54,5083.8958,2779.4249
2026-05-12 01:00:00,2333.54,2335.66,2295.01,2311.41,27250.3484,12153.807
2026-05-12 02:00:00,2311.4,2317,2307.2,2315.89,8716.197,4696.5564
2026-05-12 03:00:00,2315.89,2317.31,2307.2,2309.37,5742.0484,2247.1467
2026-05-12 04:00:00,2309.36,2314.49,2305.65,2310.92,5344.5111,2042.7621
2026-05-12 05:00:00,2310.92,2314.08,2309.74,2310.12,6159.8859,2165.5958
2026-05-12 06:00:00,2310.13,2313.84,2302.63,2303.89,8109.0135,2948.8836
2026-05-12 07:00:00,2303.9,2304.82,2291.63,2295.2,15768.3022,6809.4729
2026-05-12 08:00:00,2295.2,2296.27,2280,2288.01,25800.4316,12297.8368
2026-05-12 09:00:00,2288,2295.3,2281.1,2292.84,11101.2573,6040.6438
2026-05-12 10:00:00,2292.84,2293.88,2281.42,2286.2,14416.2819,5863.0027
2026-05-12 11:00:00,2286.21,2287.09,2278.57,2287.01,9074.8274,4108.3326
2026-05-12 12:00:00,2287.02,2294.01,2281.14,2288.97,10709.2451,5097.5685
2026-05-12 13:00:00,2288.97,2292.51,2268.88,2271.99,17980.8557,6918.3401
2026-05-12 14:00:00,2271.99,2281.89,2262.37,2269.18,18461.4051,8610.4526
2026-05-12 15:00:00,2269.18,2274.38,2256.67,2261.85,16513.7723,6498.1211
2026-05-12 16:00:00,2261.86,2271.24,2256.27,2263.83,11372.9998,5204.78
2026-05-12 17:00:00,2263.83,2278,2263.83,2276.59,6397.2953,3343.413
2026-05-12 18:00:00,2276.6,2284.6,2274.67,2279.3,6729.2104,3393.8065
2026-05-12 19:00:00,2279.31,2287.43,2279.15,2285.09,5237.4283,2697.5354
2026-05-12 20:00:00,2285.1,2287.39,2281.32,2285.04,3679.2957,1402.6133
2026-05-12 21:00:00,2285.05,2287.64,2282.81,2285.4,3407.4166,1671.0079
2026-05-12 22:00:00,2285.41,2291.37,2282.24,2282.34,4370.6133,1844.1192
2026-05-12 23:00:00,2282.34,2284.18,2273.88,2274.96,5554.5701,1725.0718
2026-05-13 00:00:00,2274.97,2286.79,2273.34,2281.56,4782.3535,2338.6869
2026-05-13 01:00:00,2281.56,2295.29,2280.99,2289.98,8336.9621,4392.6597
2026-05-13 02:00:00,2289.99,2299.89,2286.96,2293.99,6723.5922,3287.6202
2026-05-13 03:00:00,2293.99,2303.77,2292.44,2301.77,5786.8043,3072.481
2026-05-13 04:00:00,2301.76,2309,2298.47,2306.67,5667.6991,2820.1629
2026-05-13 05:00:00,2306.68,2307.48,2295.63,2297.76,6007.4738,1445.7466
2026-05-13 06:00:00,2297.77,2305.13,2297.26,2301.84,4402.6754,2484.053
2026-05-13 07:00:00,2301.84,2303.03,2296.95,2301.07,4164.7597,1896.3744
2026-05-13 08:00:00,2301.07,2316.96,2300.73,2316.64,11302.729,6952.1827
2026-05-13 09:00:00,2316.65,2323.36,2314.45,2321.19,12175.5618,6711.874
2026-05-13 10:00:00,2321.18,2321.6,2305.55,2308.46,7214.562,3130.0189
2026-05-13 11:00:00,2308.46,2308.91,2299,2301.82,8961.8603,5217.3486
2026-05-13 12:00:00,2301.83,2307.54,2270.01,2284.35,21804.2465,9550.025
2026-05-13 13:00:00,2284.35,2288.31,2258.51,2262.8,25468.6809,12253.1816
2026-05-13 14:00:00,2262.8,2270.97,2251.05,2267.39,23727.9378,12466.7113
2026-05-13 15:00:00,2267.39,2270.25,2234.13,2236.49,30418.8782,11656.4196
2026-05-13 16:00:00,2236.48,2253.35,2235.48,2250.75,23968.6256,12625.6994
2026-05-13 17:00:00,2250.75,2261.77,2250.75,2258.31,9344.9691,4246.8298
2026-05-13 18:00:00,2258.32,2268.49,2258.32,2259.68,14360.4409,7211.2787
2026-05-13 19:00:00,2259.67,2260.71,2250.56,2256.53,7585.2544,2796.6594
2026-05-13 20:00:00,2256.53,2264.46,2256.43,2263.75,4878.8697,2421.4483
2026-05-13 21:00:00,2263.76,2264.07,2253.7,2255.79,3683.1732,1391.38
2026-05-13 22:00:00,2255.8,2260.55,2251,2259.6,4213.4589,2007.0647
2026-05-13 23:00:00,2259.59,2261.79,2254.83,2258.65,3474.1615,1804.4544
2026-05-14 00:00:00,2258.66,2269.37,2258.14,2266.58,6486.757,3334.6589
2026-05-14 01:00:00,2266.58,2269.37,2259.9,2264.91,4348.5964,1765.8714
2026-05-14 02:00:00,2264.9,2266.75,2247.71,2251.53,8195.2617,2167.6336
2026-05-14 03:00:00,2251.54,2255,2238.64,2242.14,9365.1462,3959.1977
2026-05-14 04:00:00,2242.14,2258.25,2239.54,2256.7,5139.3202,3036.1538
2026-05-14 05:00:00,2256.69,2273.71,2255.53,2268.44,10348.163,5925.4407
2026-05-14 06:00:00,2268.44,2275.2,2266.86,2267.71,8095.9777,3686.7662
2026-05-14 07:00:00,2267.72,2270.79,2263.88,2265.48,5020.0728,2743.7004
2026-05-14 08:00:00,2265.49,2270.99,2262.05,2266.36,7411.1537,4035.5499
2026-05-14 09:00:00,2266.35,2267.72,2252.76,2257.8,8310.4377,4120.7196
2026-05-14 10:00:00,2257.8,2265.51,2255.84,2262.14,7115.7591,3746.5655
2026-05-14 11:00:00,2262.13,2264,2252.53,2253.81,8187.7599,5202.8748
2026-05-14 12:00:00,2253.81,2263.24,2248,2261.48,8236.3744,3760.1756
2026-05-14 13:00:00,2261.48,2265.32,2248.43,2249.42,15476.0602,6197.6614
2026-05-14 14:00:00,2249.42,2289,2246.13,2286.99,22674.6006,13311.638
2026-05-14 15:00:00,2287,2299.7,2280.63,2298.48,22364.7492,11177.8814
2026-05-14 16:00:00,2298.48,2318.66,2293.96,2316.36,28595.7539,15856.3159
2026-05-14 17:00:00,2316.35,2319.33,2296.57,2308.18,20630.7928,9533.0677
2026-05-14 18:00:00,2308.17,2316.78,2303,2309.63,11885.1714,6161.9412
2026-05-14 19:00:00,2309.64,2312.22,2297.5,2298.34,10168.4499,4176.2135
2026-05-14 20:00:00,2298.34,2301.43,2288.7,2298.08,8543.8195,3928.0909
2026-05-14 21:00:00,2298.08,2300.27,2290,2297.19,6869.1293,4147.0438
2026-05-14 22:00:00,2297.2,2301.67,2295.2,2298.16,4426.4912,2427.2784
2026-05-14 23:00:00,2298.16,2298.16,2280.18,2283.25,8785.0381,3349.9176
2026-05-15 00:00:00,2283.26,2300.29,2281.78,2291.39,9357.0866,4470.2891
2026-05-15 01:00:00,2291.39,2294.74,2274.06,2275.45,14053.4348,3715.1701
2026-05-15 02:00:00,2275.46,2279.26,2260.45,2276.37,21187.1974,6337.321
2026-05-15 03:00:00,2276.37,2279.64,2267.98,2273.34,12349.3,2747.0877
2026-05-15 04:00:00,2273.35,2273.91,2262.74,2263.33,5390.7915,2136.9903
2026-05-15 05:00:00,2263.33,2267,2237.95,2245.41,25297.9003,9763.9436
2026-05-15 06:00:00,2245.4,2256.92,2243.8,2255.35,8254.6943,4264.9435
2026-05-15 07:00:00,2255.36,2271.64,2253.63,2265.11,11363.6377,5998.1905
2026-05-15 08:00:00,2265.11,2265.42,2250,2257.56,10928.0066,5358.3513
2026-05-15 09:00:00,2257.56,2260,2250.82,2254.5,5542.7633,2781.0476
2026-05-15 10:00:00,2254.5,2264.49,2252.35,2262.44,7868.504,4104.4942
2026-05-15 11:00:00,2262.44,2263.95,2257.26,2257.57,6432.378,3180.4316
2026-05-15 12:00:00,2257.56,2260.72,2251.14,2254.29,7355.9121,3159.9752
2026-05-15 13:00:00,2254.29,2254.29,2210.31,2213.68,42412.9939,16735.7302
2026-05-15 14:00:00,2213.69,2223.79,2205.11,2213.35,36623.717,16372.9068
2026-05-15 15:00:00,2213.35,2223.96,2209.79,2222.85,11937.2392,6861.9411
2026-05-15 16:00:00,2222.86,2231.11,2218.9,2224.59,11576.2953,5941.3667
2026-05-15 17:00:00,2224.59,2232.88,2224.26,2229.47,8834.4347,4716.7349
2026-05-15 18:00:00,2229.47,2232.86,2224.97,2228.36,6715.7959,3638.4436
2026-05-15 19:00:00,2228.35,2228.42,2222.27,2223.35,5728.0131,2360.9131
2026-05-15 20:00:00,2223.35,2226.13,2216.99,2220.14,6208.4965,2582.0879
2026-05-15 21:00:00,2220.13,2225.08,2215,2216.99,5279.6243,2073.9642
2026-05-15 22:00:00,2217,2225.01,2216.99,2224.18,5017.0896,2273.87
2026-05-15 23:00:00,2224.18,2226.29,2222.88,2224.66,2821.2446,1607.8377
2026-05-16 00:00:00,2224.65,2231.51,2223.81,2227,3301.8064,1952.8746
2026-05-16 01:00:00,2226.99,2230.85,2223.53,2229.62,2980.2852,1379.8143
2026-05-16 02:00:00,2229.62,2231.5,2227,2229.91,2565.1592,1511.9801
2026-05-16 03:00:00,2229.91,2230.64,2227.11,2228.01,2329.581,1144.339
2026-05-16 04:00:00,2228,2228.96,2218.35,2225.98,4171.0714,1958.1871
2026-05-16 05:00:00,2225.99,2227.13,2222.69,2225.37,2311.4552,1206.6859
2026-05-16 06:00:00,2225.38,2226.89,2209.7,2215.45,8055.167,3930.8139
2026-05-16 07:00:00,2215.46,2215.81,2182,2194.81,38322.888,18394.8006
2026-05-16 08:00:00,2194.81,2196.87,2192.01,2193.26,6028.1463,2449.9999
2026-05-16 09:00:00,2193.26,2193.85,2162.6,2173.57,27888.7843,11352.2241
2026-05-16 10:00:00,2173.57,2175,2162.55,2173.85,18882.4485,7136.7953
2026-05-16 11:00:00,2173.85,2181,2173.85,2176.1,13389.521,7507.4556
2026-05-16 12:00:00,2176.11,2179.26,2173.18,2176.5,8013.1897,4274.0189
2026-05-16 13:00:00,2176.5,2180,2172.3,2177.12,8775.7986,3994.0583
2026-05-16 14:00:00,2177.12,2188.16,2173.51,2179.93,11130.7609,5256.8158
2026-05-16 15:00:00,2179.92,2183.79,2176.9,2180,10245.234,3522.6924
2026-05-16 16:00:00,2180,2183.52,2170.5,2174.11,13727.5761,4788.1999
2026-05-16 17:00:00,2174.11,2180.79,2174.11,2178.91,3445.3575,1950.3922
2026-05-16 18:00:00,2178.91,2185.22,2176.36,2181.35,3877.5329,2788.5135
2026-05-16 19:00:00,2181.35,2182.77,2179.23,2179.57,2125.662,1224.186
2026-05-16 20:00:00,2179.57,2182.9,2179.57,2181.45,1871.6178,1110.9003
2026-05-16 21:00:00,2181.45,2183.54,2180.94,2182.39,1877.715,1043.1116
2026-05-16 22:00:00,2182.39,2183.28,2179.77,2180.47,1852.3298,822.6978
2026-05-16 23:00:00,2180.46,2183.03,2179.35,2180.77,2119.4883,1040.742
2026-05-17 00:00:00,2180.77,2185.6,2174.08,2177.59,4798.1136,1909.2396
2026-05-17 01:00:00,2177.6,2183.6,2167.98,2169.18,9613.5951,4705.2296
2026-05-17 02:00:00,2169.17,2176.25,2169.17,2174.5,3805.4705,2190.8151
2026-05-17 03:00:00,2174.51,2184.5,2174.26,2181.7,4100.2657,2358.4741
2026-05-17 04:00:00,2181.71,2190.37,2181.14,2187.61,5607.1694,3363.8656
2026-05-17 05:00:00,2187.61,2195,2185.63,2185.91,4862.8971,3114.348
2026-05-17 06:00:00,2185.91,2188,2181.7,2185.02,3780.4218,1500.2872
2026-05-17 07:00:00,2185.02,2188.49,2182.53,2186.64,3050.4999,1406.8611
2026-05-17 08:00:00,2186.63,2187.06,2183.12,2185.95,2632.7465,1506.5745
2026-05-17 09:00:00,2185.95,2191.38,2185.91,2190.23,2889.1747,1436.6056
2026-05-17 10:00:00,2190.22,2198.14,2190.22,2194.28,5616.8575,3357.6303
2026-05-17 11:00:00,2194.29,2194.72,2188,2192,4451.9991,1877.5901
2026-05-17 12:00:00,2192,2198.04,2191.34,2194.3,3964.1553,1601.2765
2026-05-17 13:00:00,2194.3,2194.93,2187.29,2192.12,4823.5227,2036.6465
2026-05-17 14:00:00,2192.12,2192.39,2178.39,2186.64,6752.4117,2712.3218
2026-05-17 15:00:00,2186.64,2188.84,2181.2,2186.51,3341.197,1661.8991
2026-05-17 16:00:00,2186.51,2189.12,2182.15,2182.51,2827.4053,1320.4046
2026-05-17 17:00:00,2182.52,2184.95,2176.63,2183.67,4289.4198,2255.0804
2026-05-17 18:00:00,2183.68,2188.5,2179.13,2188.49,2741.364,1487.9957
2026-05-17 19:00:00,2188.5,2193.62,2187.56,2192.53,2510.046,1482.9914
2026-05-17 20:00:00,2192.54,2193.68,2186.98,2189.55,2455.0533,1262.0184
2026-05-17 21:00:00,2189.55,2194.82,2187.24,2191.81,2300.4023,1406.6202
2026-05-17 22:00:00,2191.8,2191.8,2174.01,2179.69,11039.9188,4460.6112
2026-05-17 23:00:00,2179.7,2179.7,2091.48,2131,72862.7078,33383.3544
2026-05-18 00:00:00,2131,2132,2104.99,2115.46,33448.5802,12623.3048
2026-05-18 01:00:00,2115.47,2121.33,2106.5,2117.54,16339.63,7013.4082
2026-05-18 02:00:00,2117.54,2124,2112.78,2116.64,9170.8986,4282.8223
2026-05-18 03:00:00,2116.65,2123.91,2115.89,2118.44,7975.8225,3803.4916
2026-05-18 04:00:00,2118.44,2125.5,2114.24,2124.85,6837.7162,2842.8841
2026-05-18 05:00:00,2124.85,2125.83,2117,2118.25,6453.7777,2562.2965
2026-05-18 06:00:00,2118.25,2121,2110,2119.03,9048.749,3933.9715
2026-05-18 07:00:00,2119.04,2123.99,2112.07,2120.82,9795.7552,6004.2536
2026-05-18 08:00:00,2120.82,2124.05,2117.48,2121.57,6329.8802,3125.4866
2026-05-18 09:00:00,2121.57,2121.93,2116.03,2116.88,4262.8506,2054.1011
2026-05-18 10:00:00,2116.88,2117.59,2112.65,2114.55,6334.9378,2877.221
2026-05-18 11:00:00,2114.56,2139.75,2110.5,2133.9,15910.7319,9232.0057
2026-05-18 12:00:00,2133.9,2157.24,2133.9,2151.01,25623.8435,12988.4682
2026-05-18 13:00:00,2151.02,2151.41,2120.25,2130.91,25177.8551,10612.4321
2026-05-18 14:00:00,2130.9,2130.9,2098.01,2110.32,31644.5594,14211.0234
2026-05-18 15:00:00,2110.32,2111.3,2093.77,2107.48,31279.2744,14515.1918
2026-05-18 16:00:00,2107.49,2111.19,2090.56,2097.71,18252.3444,7915.2678
2026-05-18 17:00:00,2097.71,2110.19,2095.33,2108.21,10461.8463,4998.8242
2026-05-18 18:00:00,2108.21,2109.12,2077.23,2081.32,29604.6277,14745.9221
2026-05-18 19:00:00,2081.31,2128.49,2079.64,2125.07,35288.4271,19710.8173
2026-05-18 20:00:00,2125.07,2131.03,2115.01,2117.61,10615.7607,5149.9342
2026-05-18 21:00:00,2117.62,2142.67,2114.59,2137.38,14324.1322,8981.96
2026-05-18 22:00:00,2137.39,2142.57,2130.5,2135.74,12285.9181,6521.8313
2026-05-18 23:00:00,2135.73,2139.17,2127.75,2130.08,5410.4744,3185.2443
2026-05-19 00:00:00,2130.08,2146.95,2128.44,2135.88,7752.7733,4723.0934
2026-05-19 01:00:00,2135.88,2138.4,2123.71,2124.92,8258.8095,4480.8575
2026-05-19 02:00:00,2124.92,2135.67,2118.6,2123.31,7646.1533,3868.6562
2026-05-19 03:00:00,2123.3,2134.61,2122.06,2131.3,5007.2946,2729.6409
2026-05-19 04:00:00,2131.3,2136.65,2128.22,2133.88,4628.4393,2424.4215
2026-05-19 05:00:00,2133.88,2137.74,2123.61,2135.21,7384.8264,3578.6573
2026-05-19 06:00:00,2135.21,2140.31,2132.71,2137.52,5544.4231,2808.8369
2026-05-19 07:00:00,2137.52,2145,2135.29,2140.97,7115.4473,4088.977
2026-05-19 08:00:00,2140.97,2141.4,2131.01,2133.72,7074.3505,3531.0563
2026-05-19 09:00:00,2133.72,2134.5,2111.25,2114.49,12094.7932,4515.5188
2026-05-19 10:00:00,2114.49,2121.96,2106.77,2118.36,10403.7765,3696.3635
2026-05-19 11:00:00,2118.37,2120.24,2109.22,2110.85,5522.7146,1904.0475
2026-05-19 12:00:00,2110.85,2119.35,2108.64,2118.49,5822.6555,2648.7453
2026-05-19 13:00:00,2118.5,2127.53,2107.65,2119.03,17708.0004,7874.5835
2026-05-19 14:00:00,2119.02,2123.6,2094.47,2106.55,23710.8299,9203.6734
2026-05-19 15:00:00,2106.54,2113.42,2103.58,2110.19,8637.8522,4523.7495
2026-05-19 16:00:00,2110.2,2122.45,2107.12,2121.12,6845.5703,3944.288
2026-05-19 17:00:00,2121.11,2125.07,2112.92,2115.75,6373.8264,2878.9622
2026-05-19 18:00:00,2115.75,2119.62,2110.74,2115.28,5018.4948,2435.4469
2026-05-19 19:00:00,2115.27,2123.16,2110.14,2113.15,6436.9705,2526.9408
2026-05-19 20:00:00,2113.14,2118.82,2112.41,2118.39,2362.188,857.2587
2026-05-19 21:00:00,2118.38,2120.59,2116.69,2116.97,3414.5351,1280.5506
2026-05-19 22:00:00,2116.97,2116.97,2102.09,2106.4,7180.9732,2907.5914
2026-05-19 23:00:00,2106.4,2118.68,2104.66,2111.93,4999.3771,2641.756
2026-05-20 00:00:00,2111.93,2115.95,2103.3,2111.29,5979.5179,2973.1277
2026-05-20 01:00:00,2111.29,2119.24,2103.29,2115.28,6978.7938,3691.3903
2026-05-20 02:00:00,2115.28,2117.14,2106.01,2109.43,3194.6835,1402.9539
2026-05-20 03:00:00,2109.42,2116.3,2106.1,2111.6,3161.4843,1673.4956
2026-05-20 04:00:00,2111.6,2114.78,2107.3,2113.2,3859.8496,1425.5132
2026-05-20 05:00:00,2113.2,2130.38,2113.2,2125.63,14210.0076,9097.1457
2026-05-20 06:00:00,2125.63,2134.41,2125.62,2133.75,10055.3538,4232.7426
2026-05-20 07:00:00,2133.76,2136.5,2128.51,2129.74,6989.0784,3044.8367
2026-05-20 08:00:00,2129.75,2138,2128.87,2131.91,8115.6362,3889.2502
2026-05-20 09:00:00,2131.91,2133,2127.7,2129.36,4337.4143,2256.7815
2026-05-20 10:00:00,2129.36,2137.02,2129.36,2130.82,4806.969,2905.5522
2026-05-20 11:00:00,2130.82,2132.24,2124.28,2128.3,4923.4052,2110.0062
2026-05-20 12:00:00,2128.31,2140,2127.02,2134.01,5842.3635,3138.3084
2026-05-20 13:00:00,2134.02,2135.73,2115.69,2120.61,16409.0609,5981.0732
2026-05-20 14:00:00,2120.62,2139.63,2113.87,2135.25,19511.9975,10047.8998
2026-05-20 15:00:00,2135.24,2149,2129.02,2136.75,17153.5618,8496.8351
2026-05-20 16:00:00,2136.76,2140.51,2124.1,2135.46,9337.6279,4422.3246
2026-05-20 17:00:00,2135.46,2148.77,2132.14,2140.5,10779.1126,5884.0415
2026-05-20 18:00:00,2140.5,2140.95,2131.3,2132.1,6023.4487,2614.7571
2026-05-20 19:00:00,2132.1,2141.45,2129.11,2139.12,6015.4748,3586.3852
2026-05-20 20:00:00,2139.12,2140.76,2129.51,2135.93,4957.8493,2184.724
2026-05-20 21:00:00,2135.92,2138.59,2130.61,2130.62,3046.6187,1257.4934
2026-05-20 22:00:00,2130.61,2130.61,2118.45,2128.32,9689.7947,5394.6014
2026-05-20 23:00:00,2128.32,2130.37,2122.59,2129.44,3709.19,2201.7429
2026-05-21 00:00:00,2129.44,2145.32,2128.59,2142.92,7646.4745,4619.573
2026-05-21 01:00:00,2142.93,2157.5,2139.31,2141.07,11825.5022,6178.2084
2026-05-21 02:00:00,2141.08,2148.04,2139.5,2141.5,4768.8843,2709.485
2026-05-21 03:00:00,2141.5,2146.85,2140.85,2145.76,3524.1137,1898.5678
2026-05-21 04:00:00,2145.76,2148.75,2142.7,2145,3552.697,1875.912
2026-05-21 05:00:00,2145,2148.19,2133.21,2136.3,6291.6025,1934.4111
2026-05-21 06:00:00,2136.31,2138.61,2127.64,2128.57,8597.7098,3173.7949
2026-05-21 07:00:00,2128.58,2137,2124.25,2135.06,8726.5434,4800.4528
2026-05-21 08:00:00,2135.07,2148.33,2135.01,2138.26,8282.9493,4275.5363
2026-05-21 09:00:00,2138.26,2140.94,2127.96,2127.98,6582.2796,2570.8375
2026-05-21 10:00:00,2127.97,2130.09,2110,2114.19,19101.5468,8805.9818
2026-05-21 11:00:00,2114.2,2119.94,2112.17,2115.27,7699.843,4760.3506
2026-05-21 12:00:00,2115.28,2119.91,2112.1,2117.22,11662.3948,7954.5605
2026-05-21 13:00:00,2117.22,2124.09,2105.15,2120.46,18106.7457,8685.7208
2026-05-21 14:00:00,2120.47,2125.59,2110.68,2121.96,14916.7552,7732.7066
2026-05-21 15:00:00,2121.97,2138.05,2119.44,2132.65,21185.7822,11844.4873
2026-05-21 16:00:00,2132.64,2136.66,2122.82,2127.79,10087.2837,4706.9315
2026-05-21 17:00:00,2127.8,2153.75,2126,2146.6,23184.4516,12004.9738
2026-05-21 18:00:00,2146.6,2148,2121.79,2126.87,13278.9464,5064.8893
2026-05-21 19:00:00,2126.87,2145.78,2126.48,2142.83,9421.3256,6080.5898
2026-05-21 20:00:00,2142.84,2143.46,2137.13,2138.62,5410.5322,3118.8084
2026-05-21 21:00:00,2138.63,2141,2134.21,2135.42,2327.6859,990.688
2026-05-21 22:00:00,2135.43,2136.87,2131.03,2131.85,2748.6672,1213.646
2026-05-21 23:00:00,2131.84,2136.77,2127.27,2133.76,3958.3951,1954.9548
2026-05-22 00:00:00,2133.77,2134.99,2129.28,2129.33,2848.6808,1439.4994
2026-05-22 01:00:00,2129.32,2137,2125.68,2135.88,4953.5599,2449.9484
2026-05-22 02:00:00,2135.89,2140.01,2134.47,2137.98,3898.7159,1988.8429
2026-05-22 03:00:00,2137.97,2141.39,2135.29,2137.88,2338.1458,1410.4385
2026-05-22 04:00:00,2137.89,2141.34,2132.56,2134,2394.8956,821.9851
2026-05-22 05:00:00,2134.01,2135.95,2127.39,2129.21,4444.6446,1777.9655
2026-05-22 06:00:00,2129.21,2130.86,2123.95,2125.68,7164.9518,3586.1901
2026-05-22 07:00:00,2125.68,2132.73,2122.22,2128.7,9430.3708,5766.0653
2026-05-22 08:00:00,2128.7,2133.34,2119.94,2122.3,14984.4294,6573.1635
2026-05-22 09:00:00,2122.29,2125.24,2119.18,2123.98,5671.4006,3755.4937
2026-05-22 10:00:00,2123.97,2125.4,2120.81,2123,3014.9443,1540.7653
2026-05-22 11:00:00,2123,2131.01,2120.1,2130.78,7162.4423,4727.2741
2026-05-22 12:00:00,2130.78,2138,2129.31,2134.99,7605.6003,4593.801
2026-05-22 13:00:00,2135,2135.75,2124.01,2130.23,11944.0865,6407.2573
2026-05-22 14:00:00,2130.23,2130.23,2112.58,2116.94,15843.862,9191.3678
2026-05-22 15:00:00,2116.94,2125.49,2112.47,2119.48,6992.4097,3511.2172
2026-05-22 16:00:00,2119.49,2124,2118.11,2122.78,5125.7528,2590.045
2026-05-22 17:00:00,2122.78,2130,2119.43,2119.6,7899.4339,3346.1235
2026-05-22 18:00:00,2119.61,2121.57,2084.51,2099.99,21305.3854,8208.4134
2026-05-22 19:00:00,2099.99,2103.1,2058,2065.54,37194.0858,17272.9548
2026-05-22 20:00:00,2065.54,2078.85,2064.31,2073.4,12942.2036,6718.8812
2026-05-22 21:00:00,2073.4,2079.59,2071.52,2078.18,5974.9709,3130.3541
2026-05-22 22:00:00,2078.17,2079.58,2066.55,2072.71,8534.0428,3860.018
2026-05-22 23:00:00,2072.72,2077.24,2057.79,2065.85,12114.2393,5321.3113
2026-05-23 00:00:00,2065.86,2070.61,2053,2064.63,21650.6094,9501.5074
2026-05-23 01:00:00,2064.63,2069.92,2062.67,2068.93,6602.3914,3286.1382
2026-05-23 02:00:00,2068.93,2070.37,2064.9,2068.52,3598.4243,1997.9207
2026-05-23 03:00:00,2068.52,2072,2068.21,2070.78,3822.1224,1962.2257
2026-05-23 04:00:00,2070.78,2071.19,2065.55,2067.3,2714.5713,1220.8818
2026-05-23 05:00:00,2067.29,2068,2061.9,2064.85,8142.8652,4154.7002
2026-05-23 06:00:00,2064.85,2065.81,2060.71,2061.69,6065.7996,3692.7286
2026-05-23 07:00:00,2061.7,2063.06,2009.3,2028.59,58875.9766,26517.5232
2026-05-23 08:00:00,2028.58,2032.1,2021.07,2030.32,16144.7589,8789.7046
2026-05-23 09:00:00,2030.32,2031,2027.1,2027.29,5578.0484,3187.8535
2026-05-23 10:00:00,2027.29,2033.79,2027.11,2031.57,4910.3789,3247.49
2026-05-23 11:00:00,2031.56,2036.01,2030.84,2031.48,7692.1854,5951.1526
2026-05-23 12:00:00,2031.48,2032.07,2027.35,2031.07,7207.2526,5540.4385
2026-05-23 13:00:00,2031.08,2046.1,2031.07,2044.89,17647.3733,10982.9142
2026-05-23 14:00:00,2044.88,2065.32,2041.12,2061.64,16621.2621,10075.4253
2026-05-23 15:00:00,2061.64,2068.68,2055.67,2060.27,13114.3801,6903.6632
2026-05-23 16:00:00,2060.27,2065,2057.25,2061.65,6913.4983,3413.5158
2026-05-23 17:00:00,2061.66,2065.87,2059.28,2063.98,5547.0071,3191.6823
2026-05-23 18:00:00,2063.98,2083.64,2063.74,2074.27,14900.8683,7643.5034
2026-05-23 19:00:00,2074.27,2081,2069.86,2077.33,12501.0114,6462.1311
2026-05-23 20:00:00,2077.34,2147,2074.84,2146.3,60046.9253,33179.3695
2026-05-23 21:00:00,2146.3,2149.95,2106.27,2116.84,33582.9836,16308.1895
2026-05-23 22:00:00,2116.84,2120.28,2102.65,2116.83,10882.3546,5322.1798
2026-05-23 23:00:00,2116.84,2121.84,2114.42,2117.68,5783.1804,3483.2432
2026-05-24 00:00:00,2117.69,2121.5,2113.1,2119.45,5265.7351,2916.1465
2026-05-24 01:00:00,2119.45,2125.51,2118.31,2122.56,7831.7549,4379.7811
2026-05-24 02:00:00,2122.56,2125.45,2118.3,2122.53,8991.5212,4879.3979
2026-05-24 03:00:00,2122.54,2127.28,2116.74,2119.04,7014.0397,3470.033
2026-05-24 04:00:00,2119.05,2123.86,2119.05,2120.21,3367.5072,1647.9068
2026-05-24 05:00:00,2120.22,2121.39,2113.65,2119.98,8263.4357,3225.5252
2026-05-24 06:00:00,2119.98,2129.93,2117.6,2128.13,11806.8896,6186.7259
2026-05-24 07:00:00,2128.13,2129.79,2119.49,2121.01,5025.5155,2072.6241
2026-05-24 08:00:00,2121.02,2123.23,2119.25,2120.32,3262.6809,1583.0963
2026-05-24 09:00:00,2120.33,2124.37,2119.05,2123.41,4630.7973,2164.7763
2026-05-24 10:00:00,2123.42,2132.14,2119.38,2122.35,8124.9584,4093.9931
2026-05-24 11:00:00,2122.34,2127.82,2122.23,2126.18,4959.7623,2478.202
2026-05-24 12:00:00,2126.19,2126.58,2117.32,2119.97,7090.2964,4588.4751
2026-05-24 13:00:00,2119.97,2121.05,2105.79,2110.14,12698.9415,7080.9781
2026-05-24 14:00:00,2110.14,2112.52,2079.52,2097.98,28777.9189,12016.8039
2026-05-24 15:00:00,2097.98,2100,2094.14,2095.84,4614.3297,2483.7737
2026-05-24 16:00:00,2095.83,2109,2095.22,2103.62,7393.3302,4102.0339
2026-05-24 17:00:00,2103.61,2106.68,2101.4,2102.88,3026.1939,1493.3626
2026-05-24 18:00:00,2102.89,2104.78,2097.8,2099.97,2964.8275,1187.9911
2026-05-24 19:00:00,2099.97,2102.58,2096.34,2100.87,3005.6502,1564.1904
2026-05-24 20:00:00,2100.87,2102.11,2091.51,2093.15,7064.4411,2474.2226
2026-05-24 21:00:00,2093.15,2098.63,2063,2070.59,19007.0632,7585.671
2026-05-24 22:00:00,2070.59,2099.49,2070.56,2092.37,15066.0813,7816.6169
2026-05-24 23:00:00,2092.38,2107,2091.67,2099.85,8495.0888,4468.3009
2026-05-25 00:00:00,2099.86,2109.4,2099.7,2104.95,5423.3103,2867.4883
2026-05-25 01:00:00,2104.96,2107.99,2093.22,2094.13,3994.551,1621.6234
2026-05-25 02:00:00,2094.13,2113.25,2094.13,2098.35,9625.7439,4994.5637
2026-05-25 03:00:00,2098.35,2100,2092.57,2095.58,5087.5028,1847.8161
2026-05-25 04:00:00,2095.59,2108.14,2092.26,2105.83,6872.5722,3398.929
2026-05-25 05:00:00,2105.83,2111.7,2104.39,2108.22,6681.7523,3504.8287
2026-05-25 06:00:00,2108.21,2111.42,2099.27,2108.99,13294.3896,5739.1286
2026-05-25 07:00:00,2109,2117.55,2106.5,2116.28,15151.6164,8891.9555
2026-05-25 08:00:00,2116.29,2117.79,2111.7,2116.82,4505.8336,2373.929
2026-05-25 09:00:00,2116.83,2124.1,2116.17,2117.02,6886.8441,3928.7475
2026-05-25 10:00:00,2117.03,2121.23,2114.86,2117.03,3718.0519,2037.6453
2026-05-25 11:00:00,2117.02,2120.3,2114.26,2114.95,6556.302,4346.1737
2026-05-25 12:00:00,2114.95,2119.61,2112.25,2117.34,5452.8587,2984.7006
2026-05-25 13:00:00,2117.35,2120,2114.27,2116.28,4019.1258,2135.5027
2026-05-25 14:00:00,2116.28,2130.24,2115.77,2128.34,9741.5996,5427.1607
2026-05-25 15:00:00,2128.35,2138.28,2122.9,2127.12,10474.4014,5900.9439
2026-05-25 16:00:00,2127.13,2141.98,2125.14,2136.4,7753.0199,4904.5995
2026-05-25 17:00:00,2136.4,2140.52,2128.24,2128.55,5752.7116,2059.9082
2026-05-25 18:00:00,2128.54,2133.81,2126.64,2126.85,3516.0069,1872.2933
2026-05-25 19:00:00,2126.86,2126.86,2116.55,2121.43,6484.7259,2787.291
2026-05-25 20:00:00,2121.42,2123.16,2107.38,2108.64,8784.8301,4174.1149
2026-05-25 21:00:00,2108.64,2113.04,2108,2110.9,5923.7284,3336.7251
2026-05-25 22:00:00,2110.9,2115.68,2102.35,2103.61,7949.3983,3513.5592
2026-05-25 23:00:00,2103.6,2113.85,2102.62,2113.01,2777.7212,1608.532
2026-05-26 00:00:00,2113.01,2113.89,2084.83,2097.75,13327.6678,4690.9025
2026-05-26 01:00:00,2097.74,2100.5,2088.03,2094.35,8023.9683,3057.3622
2026-05-26 02:00:00,2094.36,2095.8,2084.79,2088.83,8476.6135,2875.4108
2026-05-26 03:00:00,2088.83,2093.84,2084.52,2093.12,4866.8481,1978.2265
2026-05-26 04:00:00,2093.11,2096.45,2088.82,2093.67,3649.155,1478.1428
2026-05-26 05:00:00,2093.68,2103.65,2092.05,2100.91,5929.0656,2177.4069
2026-05-26 06:00:00,2100.9,2104.65,2094.78,2101.73,4410.9459,1775.9302
2026-05-26 07:00:00,2101.73,2102.63,2090.65,2095.61,8948.7941,4344.219
2026-05-26 08:00:00,2095.61,2100.14,2095.13,2097.25,4538.5124,2823.3902
2026-05-26 09:00:00,2097.26,2099.62,2094.1,2096.81,5436.3408,2457.413
2026-05-26 10:00:00,2096.8,2137.29,2094.23,2127.56,22774.4048,11484.6775
2026-05-26 11:00:00,2127.57,2130.6,2118.6,2121.01,11839.3226,5483.7984
2026-05-26 12:00:00,2121,2126.93,2111.01,2126.2,14192.1263,6743.9267
2026-05-26 13:00:00,2126.2,2131.5,2109.62,2125.3,14084.8761,6290.0559
2026-05-26 14:00:00,2125.3,2140.49,2105.85,2109.29,33208.6561,14844.4898
2026-05-26 15:00:00,2109.3,2112.2,2078.75,2087.36,32199.2534,13898.1234
2026-05-26 16:00:00,2087.36,2089.97,2073.48,2079.56,22306.9078,9226.8069
2026-05-26 17:00:00,2079.56,2083.84,2055.06,2070.84,23360.5118,10131.4929
2026-05-26 18:00:00,2070.84,2081.21,2066.8,2068.59,12788.1371,5530.5965
2026-05-26 19:00:00,2068.6,2076.85,2065.72,2074.29,7453.971,3515.4748
2026-05-26 20:00:00,2074.3,2078.51,2073.9,2078.35,4902.9555,2683.0721
2026-05-26 21:00:00,2078.35,2078.78,2069.45,2072.85,5570.4949,2519.9918
2026-05-26 22:00:00,2072.85,2076.52,2065.98,2068.79,5511.5489,2400.5526
2026-05-26 23:00:00,2068.79,2076.85,2068.79,2073.77,4752.2318,2873.3822
2026-05-27 00:00:00,2073.77,2084.23,2073.77,2083.36,6285.9592,3447.8021
2026-05-27 01:00:00,2083.35,2083.93,2071.86,2074.53,5128.2891,2395.611
2026-05-27 02:00:00,2074.53,2076.26,2069.11,2076.26,4885.7176,2378.0781
2026-05-27 03:00:00,2076.25,2080,2068.9,2070,5687.0405,2612.3914
2026-05-27 04:00:00,2070.01,2073.08,2056.31,2072.21,9589.4971,3714.5161
2026-05-27 05:00:00,2072.21,2079.2,2071.62,2077.37,6758.5665,3588.3142
2026-05-27 06:00:00,2077.38,2081.46,2075.01,2079.62,5208.1962,2454.24
2026-05-27 07:00:00,2079.62,2084.16,2076.07,2083.78,5639.4319,3514.332
2026-05-27 08:00:00,2083.77,2096.71,2083.56,2085.05,10820.8954,5702.4545
2026-05-27 09:00:00,2085.06,2087.78,2078.26,2083.36,6725.0615,3051.4185
2026-05-27 10:00:00,2083.36,2087.9,2079.47,2079.5,5736.1498,2282.7874
2026-05-27 11:00:00,2079.51,2085.29,2078.88,2080.55,5464.4491,2437.6668
2026-05-27 12:00:00,2080.56,2097.4,2073.84,2078.76,16450.2159,7485.6754
2026-05-27 13:00:00,2078.76,2080.64,2051.96,2064.53,30449.572,11754.9429
2026-05-27 14:00:00,2064.52,2071.86,2054.84,2062.62,14769.8158,6738.7866
2026-05-27 15:00:00,2062.62,2079.73,2061.21,2071.38,17352.513,8688.9001
2026-05-27 16:00:00,2071.39,2074.5,2060,2070.15,9732.6873,4121.6163
2026-05-27 17:00:00,2070.14,2070.3,2044.08,2052.28,18451.103,8089.0804
2026-05-27 18:00:00,2052.27,2056.92,2043.31,2056.71,9687.1711,4718.6641
2026-05-27 19:00:00,2056.72,2061.16,2054.42,2057.47,7524.5057,4358.317
2026-05-27 20:00:00,2057.47,2066.14,2057.22,2063.29,6848.8096,3775.8575
2026-05-27 21:00:00,2063.3,2063.3,2016,2021.04,27264.0968,9989.7248
2026-05-27 22:00:00,2021.04,2035,2016.27,2025.34,18431.624,8634.2217
2026-05-27 23:00:00,2025.34,2030.19,2018.17,2024.84,13071.7892,5652.74
2026-05-28 00:00:00,2024.83,2029.2,2020.7,2028.23,7260.1374,2999.2443
2026-05-28 01:00:00,2028.23,2029.2,2012.7,2020.32,11652.5232,5618.8028
2026-05-28 02:00:00,2020.32,2021.99,2014.77,2017.75,6355.0111,2648.6886
2026-05-28 03:00:00,2017.75,2020.96,1972,1981.55,65339.9056,26944.3566
2026-05-28 04:00:00,1981.55,1986.39,1967,1982.33,29086.9719,12513.8926
2026-05-28 05:00:00,1982.33,1983.55,1975.66,1978.52,15129.2673,6170.5457
2026-05-28 06:00:00,1978.52,1984.83,1972.5,1984.07,13330.4358,7774.2174
2026-05-28 07:00:00,1984.07,1996.78,1982.41,1995.56,17213.7549,12516.3051
2026-05-28 08:00:00,1995.56,1996.23,1985,1988.26,10802.4724,5852.6351
2026-05-28 09:00:00,1988.27,1995.51,1984.85,1994.04,7182.5251,3806.717
2026-05-28 10:00:00,1994.04,1998.4,1988.71,1990.32,8384.457,4861.4269
2026-05-28 11:00:00,1990.32,1992.72,1986.53,1989.89,6584.4884,2742.1995
2026-05-28 12:00:00,1989.88,1994.58,1981.57,1991.89,8270.5312,4172.491
2026-05-28 13:00:00,1991.88,1995,1975.35,1981.55,19736.374,9095.0464
2026-05-28 14:00:00,1981.55,2002.5,1967.38,1993.62,35350.5205,17516.9634
2026-05-28 15:00:00,1993.61,1999.4,1983.84,1990.65,12630.7607,6598.3106
2026-05-28 16:00:00,1990.65,2015,1985.22,2013.19,21750.7947,12572.0158
2026-05-28 17:00:00,2013.18,2027.14,2009.26,2019.51,15166.1217,7236.6024
2026-05-28 18:00:00,2019.51,2030,2018.24,2025,12176.7897,6350.015
2026-05-28 19:00:00,2025,2025.01,2014.04,2014.55,8204.6713,3162.7761
2026-05-28 20:00:00,2014.54,2020.03,2006.44,2014.11,8782.197,4275.0912
2026-05-28 21:00:00,2014.12,2024.63,2013.42,2020.17,10806.2659,5312.7227
2026-05-28 22:00:00,2020.17,2022.9,2005.43,2005.6,6944.6699,2964.4591
2026-05-28 23:00:00,2005.6,2011.96,2005.6,2009.9,5693.2744,2375.504
2026-05-29 00:00:00,2009.89,2017.17,2009.89,2012.46,6280.2971,3256.0876
2026-05-29 01:00:00,2012.45,2016.47,2005.9,2008.23,4986.0493,2647.5549
2026-05-29 02:00:00,2008.23,2010.62,1997.24,1999.22,9165.035,4404.2651
2026-05-29 03:00:00,1999.23,2007.86,1999.23,2002.78,3879.1933,2113.825
2026-05-29 04:00:00,2002.79,2008.51,1998.4,2008.51,5655.0947,3094.6858
2026-05-29 05:00:00,2008.51,2015.3,2008,2014.56,6780.8116,3582.5253
2026-05-29 06:00:00,2014.56,2021.51,2012.17,2018.09,6848.1442,3468.6078
2026-05-29 07:00:00,2018.09,2019.81,2003.46,2007.62,15125.8677,8770.0846
2026-05-29 08:00:00,2007.61,2013.91,2005.45,2006.11,12193.2302,5611.8743
2026-05-29 09:00:00,2006.11,2016.11,2006.11,2014.85,6224.1342,4007.6928
2026-05-29 10:00:00,2014.84,2014.85,2009.77,2011.1,4438.3405,1459.6406
2026-05-29 11:00:00,2011.11,2014.29,2002.35,2007.58,5868.3736,2686.0664
2026-05-29 12:00:00,2007.58,2007.58,1995.1,1999.78,9243.978,4153.6184
2026-05-29 13:00:00,1999.78,2006.16,1988.14,1999.53,14117.2876,6863.6649
2026-05-29 14:00:00,1999.53,2004.31,1976.48,2001.84,25392.7096,11092.0653
2026-05-29 15:00:00,2001.85,2046.59,1999.45,2031.62,52313.7748,27955.9334
2026-05-29 16:00:00,2031.62,2043,2022.24,2040.45,21645.7437,12937.9662
2026-05-29 17:00:00,2040.46,2044.29,2026.21,2028.27,16364.8231,8803.1872
2026-05-29 18:00:00,2028.28,2031.64,2006.21,2011.41,20432.864,8468.7099
2026-05-29 19:00:00,2011.41,2022.2,2005,2016.96,8916.9858,4694.0938
2026-05-29 20:00:00,2016.96,2023.84,2015,2018.17,4675.6381,2579.3874
2026-05-29 21:00:00,2018.17,2023.99,2008.23,2009.4,6797.6334,2879.1593
2026-05-29 22:00:00,2009.41,2017.24,2007.78,2013.83,7115.9381,3882.9226
2026-05-29 23:00:00,2013.83,2015.6,2007,2014.54,8683.7474,2662.0135
2026-05-30 00:00:00,2014.54,2016.18,2010.69,2014.74,3128.7283,1552.7531
2026-05-30 01:00:00,2014.75,2021.55,2013.67,2019.46,4722.8622,2443.573
2026-05-30 02:00:00,2019.46,2021.34,2017.12,2021.34,2258.5271,1190.5344
2026-05-30 03:00:00,2021.34,2023.55,2014.74,2016.83,4535.1738,1883.8438
2026-05-30 04:00:00,2016.83,2018.44,2002,2010.8,8354.4033,3213.2814
2026-05-30 05:00:00,2010.81,2019.5,2008.02,2015.95,5706.8454,3508.9454
2026-05-30 06:00:00,2015.95,2020.56,2012.86,2016.98,6091.6475,4054.1758
2026-05-30 07:00:00,2016.99,2017.88,2013.62,2016.32,2597.7502,1383.3543
2026-05-30 08:00:00,2016.32,2016.32,2013.92,2014.16,1417.5262,550.5005
2026-05-30 09:00:00,2014.16,2017.27,2013.92,2016.79,1604.4006,969.1167
2026-05-30 10:00:00,2016.79,2022,2016.34,2017.98,4377.4383,2627.7091
2026-05-30 11:00:00,2017.99,2019.05,2015.19,2017.4,1929.9463,739.6304
2026-05-30 12:00:00,2017.4,2020.35,2017.14,2019.86,2239.1744,1503.691
2026-05-30 13:00:00,2019.85,2022.77,2017.44,2020.73,3166.302,1616.0968
2026-05-30 14:00:00,2020.73,2030.62,2020.61,2026.6,10041.3583,6795.1338
2026-05-30 15:00:00,2026.59,2032,2024.2,2026.61,7299.1317,3335.0242
2026-05-30 16:00:00,2026.63,2028.33,2024.35,2027.09,3401.6208,1903.3626
2026-05-30 17:00:00,2027.09,2029.01,2019.5,2027.17,5801.7421,3028.7315
2026-05-30 18:00:00,2027.17,2030.01,2024.56,2027.59,3796.4846,2316.375
2026-05-30 19:00:00,2027.59,2029.12,2024.54,2028.76,2670.5739,1537.7175
2026-05-30 20:00:00,2028.77,2029.68,2025.7,2027.05,4267.5537,1299.876
2026-05-30 21:00:00,2027.05,2031.41,2027.05,2028.15,2733.3825,1471.4825
2026-05-30 22:00:00,2028.15,2028.15,2020.94,2023.57,3637.0175,1594.3758
2026-05-30 23:00:00,2023.56,2026.1,2020.35,2022.44,2197.9442,1045.978
2026-05-31 00:00:00,2022.44,2027.83,2020.83,2027.12,2548.323,1175.1733
2026-05-31 01:00:00,2027.11,2034.23,2026.85,2029.11,4396.4345,2793.6791
2026-05-31 02:00:00,2029.11,2038,2027.81,2034.36,7789.8701,4603.1466
2026-05-31 03:00:00,2034.35,2036.88,2032.12,2033.41,2971.7798,1952.6735
2026-05-31 04:00:00,2033.41,2034.99,2031.27,2033.91,1965.2643,954.1228
2026-05-31 05:00:00,2033.9,2033.9,2029.29,2030.18,2805.8879,1693.0524
2026-05-31 06:00:00,2030.18,2030.93,2028.52,2029.87,2581.656,1270.3052
2026-05-31 07:00:00,2029.87,2029.87,2022.78,2024.01,3809.267,1702.8795
2026-05-31 08:00:00,2024.02,2029.11,2022.85,2027.63,6125.52,4268.2511
2026-05-31 09:00:00,2027.64,2028.6,2018.35,2021.13,5318.3059,2874.6454
2026-05-31 10:00:00,2021.13,2021.65,2015.34,2021.05,6680.2347,3608.9218
2026-05-31 11:00:00,2021.05,2024.12,2021.04,2023.27,2875.0791,1946.1468
2026-05-31 12:00:00,2023.28,2025.16,2019.69,2022.35,3509.0887,1983.7531
2026-05-31 13:00:00,2022.35,2026.5,2019.78,2020.5,4097.6509,2343.3568
2026-05-31 14:00:00,2020.5,2021.69,2005.83,2008.06,14507.5503,5605.4921
2026-05-31 15:00:00,2008.06,2015.22,2007.57,2010.52,7019.6382,3457.1622
2026-05-31 16:00:00,2010.52,2012.42,1997.72,2002.09,14070.5546,4227.2776
2026-05-31 17:00:00,2002.09,2007.69,1996.21,2006,10508.2552,3484.9772
2026-05-31 18:00:00,2006,2006.07,1999,2000.68,7620.5911,1523.2268
2026-05-31 19:00:00,2000.69,2002.49,1993.75,1999.59,8445.0841,2156.5747
2026-05-31 20:00:00,1999.58,2008.25,1999.58,2007.09,7603.3129,2597.1148
2026-05-31 21:00:00,2007.09,2014.28,2005,2012.18,11255.7354,4006.7895
2026-05-31 22:00:00,2012.18,2014.42,2004.47,2012.43,10635.5912,3542.7376
2026-05-31 23:00:00,2012.43,2023,2000.11,2007.01,14594.8209,6071.0434
2026-06-01 00:00:00,2007.02,2021.5,1997,2015.44,31675.1039,11839.4174
2026-06-01 01:00:00,2015.44,2016.73,1994.12,1994.7,14652.2152,5437.5553
2026-06-01 02:00:00,1994.7,2017.89,1991.31,2011.47,14969.0754,6491.8915
2026-06-01 03:00:00,2011.47,2018.09,2008.66,2009.09,11862.726,3737.4432
2026-06-01 04:00:00,2009.09,2011.97,1993.91,1999.99,10434.6135,4903.0156
2026-06-01 05:00:00,1999.98,2001.27,1991.65,1994.55,8636.3448,4875.1672
2026-06-01 06:00:00,1994.56,1995.34,1980.14,1988.07,11716.6663,5702.7821
2026-06-01 07:00:00,1988.08,1990.62,1971.7,1976.43,12802.4757,5787.0179
2026-06-01 08:00:00,1976.42,1985.07,1969.9,1983.96,24059.8012,13335.9577
2026-06-01 09:00:00,1983.96,1990.11,1983.94,1987.53,9286.2761,4784.2223
2026-06-01 10:00:00,1987.53,1988.92,1980.99,1984.49,8569.6815,4798.3273
2026-06-01 11:00:00,1984.49,1986.89,1977.07,1981.44,7214.7212,2933.1904
2026-06-01 12:00:00,1981.44,1994.39,1967.51,1989.55,16838.7813,8936.1085
2026-06-01 13:00:00,1989.55,1990.29,1956.04,1971.22,35385.2037,17299.4027
2026-06-01 14:00:00,1971.22,1977.34,1964.64,1968.63,21808.0298,11299.1171
2026-06-01 15:00:00,1968.64,1980.24,1960.25,1968.45,16914.1595,9260.1591
2026-06-01 16:00:00,1968.45,1978.97,1958.79,1978.15,19836.6047,11491.0464
2026-06-01 17:00:00,1978.14,1996.73,1977.72,1990.62,21987.4555,14411.6474
2026-06-01 18:00:00,1990.62,1996,1983.45,1992.72,12174.7612,7876.7701
2026-06-01 19:00:00,1992.72,2008.83,1992.21,2004.53,15909.7164,9764.7302
2026-06-01 20:00:00,2004.53,2008.7,2001.14,2005.57,7714.6041,4215.4785
2026-06-01 21:00:00,2005.56,2009.2,1992.59,1994.57,16258.5449,7068.645
2026-06-01 22:00:00,1994.57,2006,1984.5,2004.43,12424.238,7362.6293
2026-06-01 23:00:00,2004.42,2008.38,1998.13,2006.73,11296.484,6353.8995
2026-06-02 00:00:00,2006.73,2006.78,1995.38,1996.44,6741.6588,3004.2178
2026-06-02 01:00:00,1996.43,1999,1979.49,1980.15,10093.1539,5131.4639
2026-06-02 02:00:00,1980.15,1997.08,1962.76,1997.07,19278.4549,10055.3049
2026-06-02 03:00:00,1997.08,2005,1995.14,2003.94,10578.9731,5954.8703
2026-06-02 04:00:00,2003.94,2006.44,1995.95,1996.85,9026.7399,4017.8571
2026-06-02 05:00:00,1996.86,2001.23,1985,1985.01,13413.3025,5406.8697
2026-06-02 06:00:00,1985.01,1988.88,1978.14,1982.38,12402.1203,6432.697
2026-06-02 07:00:00,1982.39,1990,1973.88,1981.88,12690.7893,6691.854
2026-06-02 08:00:00,1981.89,1989,1977,1979.21,8983.5578,5137.1771
2026-06-02 09:00:00,1979.22,1979.78,1966.69,1975.28,16271.7747,7302.1232
2026-06-02 10:00:00,1975.27,1983.88,1971.75,1983.49,16133.2095,5646.7557
2026-06-02 11:00:00,1983.49,1983.72,1975.8,1978.53,6228.9322,3331.8184
2026-06-02 12:00:00,1978.53,1982.75,1972.57,1976.27,14674.2634,4019.0028
2026-06-02 13:00:00,1976.28,1981.79,1970.5,1974.33,13782.8845,6736.3933
2026-06-02 14:00:00,1974.34,1975.22,1925.8,1941.36,56685.9633,26256.2966
2026-06-02 15:00:00,1941.35,1941.59,1890,1914.81,80076.174,39073.5202
2026-06-02 16:00:00,1914.81,1943.87,1909.57,1920.59,32465.645,18952.5215
2026-06-02 17:00:00,1920.59,1931.53,1919.59,1924.18,12294.3762,6976.4443
2026-06-02 18:00:00,1924.18,1928,1903.38,1913.11,13900.7456,6624.8875
2026-06-02 19:00:00,1913.11,1917.8,1881.01,1912.28,37361.6337,16256.2377
2026-06-02 20:00:00,1912.28,1919.01,1895.53,1906.74,18496.8629,8730.5243
2026-06-02 21:00:00,1906.75,1911.45,1897.23,1900.34,11944.1531,5562.5508
2026-06-02 22:00:00,1900.35,1909.59,1862.23,1868.77,53213.0551,24616.5587
2026-06-02 23:00:00,1868.78,1873.37,1839.02,1859.84,70147.1181,30553.4499
2026-06-03 00:00:00,1859.84,1874.11,1854.62,1867.35,26805.1575,13077.6679
2026-06-03 01:00:00,1867.35,1870.01,1850,1864.51,17229.5011,7949.919
2026-06-03 02:00:00,1864.52,1864.94,1851.2,1854.09,25684.409,14433.0177
2026-06-03 03:00:00,1854.09,1856.71,1816.92,1828.24,53071.3555,23566.3933
2026-06-03 04:00:00,1828.24,1852,1827.65,1850.84,24723.5033,14667.4897
2026-06-03 05:00:00,1850.84,1876.12,1849.99,1873.45,31617.555,17452.4142
2026-06-03 06:00:00,1873.44,1884.41,1870.28,1871.87,20166.3912,11587.4099
2026-06-03 07:00:00,1871.87,1880.38,1867.97,1878.39,13929.2016,8782.7699
2026-06-03 08:00:00,1878.39,1883.43,1873.32,1880.02,11595.7204,5690.8623
2026-06-03 09:00:00,1880.01,1886.58,1869.95,1876.28,18298.055,9578.7877
2026-06-03 10:00:00,1876.28,1893.07,1875.01,1884.79,13130.3099,6970.5659
2026-06-03 11:00:00,1884.79,1888.29,1876.12,1878.16,10219.9521,4429.8295
2026-06-03 12:00:00,1878.17,1880,1868.02,1876.4,14379.8792,7619.0169
2026-06-03 13:00:00,1876.41,1879.68,1861.35,1867.64,18775.4924,8903.9516
2026-06-03 14:00:00,1867.64,1868.72,1852.8,1858.51,15577.343,7101.1364
2026-06-03 15:00:00,1858.51,1859.75,1836.21,1837.21,29759.5409,16266.7633
2026-06-03 16:00:00,1837.22,1844.08,1811.15,1832.68,38869.8731,18233.7679
2026-06-03 17:00:00,1832.68,1839.53,1818.14,1828.11,15349.4372,7509.9744
2026-06-03 18:00:00,1828.12,1834.41,1821.65,1832.25,10214.0169,5388.5985
2026-06-03 19:00:00,1832.25,1833.64,1795.23,1803.41,39961.4127,14687.242
2026-06-03 20:00:00,1803.41,1813.11,1769.62,1781.44,48128.0654,20409.9086
2026-06-03 21:00:00,1781.44,1850.29,1777.67,1850.1,40851.5527,23803.7653
2026-06-03 22:00:00,1850.1,1852.2,1822.77,1829,26081.906,12975.5906
2026-06-03 23:00:00,1829.01,1830.93,1812.84,1813.05,20340.8507,10323.4152
2026-06-04 00:00:00,1813.05,1820.5,1782.6,1793.85,36694.1484,18196.0801
2026-06-04 01:00:00,1793.86,1801.06,1755,1759.77,45394.2914,19591.035
2026-06-04 02:00:00,1759.76,1778.93,1717.28,1766.82,84214.1213,37268.824
2026-06-04 03:00:00,1766.83,1812.52,1766.6,1809.24,33743.4977,20260.74
2026-06-04 04:00:00,1809.24,1818,1802.69,1805.49,16956.1564,8820.3315
2026-06-04 05:00:00,1805.49,1805.49,1780.59,1784.06,27581.1214,12691.3115
2026-06-04 06:00:00,1784.05,1802.06,1782.07,1789.95,18731.1395,9524.876
2026-06-04 07:00:00,1789.96,1790.72,1773.52,1777.45,19717.1342,9933.998
2026-06-04 08:00:00,1777.44,1783.27,1763.98,1773.63,21922.8741,10155.7165
2026-06-04 09:00:00,1773.63,1774.14,1744.53,1766.52,40911.8062,19288.6644
2026-06-04 10:00:00,1766.58,1767.22,1730.13,1736.86,43989.1315,18323.1369
2026-06-04 11:00:00,1736.86,1754.67,1732.53,1751.51,34563.049,14047.0557
2026-06-04 12:00:00,1751.51,1782.91,1744.29,1778.16,36619.2336,20880.5168
2026-06-04 13:00:00,1778.17,1790,1755.65,1785.52,32434.3916,16012.0555
2026-06-04 14:00:00,1785.53,1794.43,1766.33,1774.38,24657.8169,11770.6606
2026-06-04 15:00:00,1774.37,1791.29,1770.64,1777.02,17792.9546,9571.5257
2026-06-04 16:00:00,1777.03,1781.25,1766.13,1772.2,13479.112,6771.9434
2026-06-04 17:00:00,1772.2,1776.03,1754,1768.05,18286.1872,9329.2826
2026-06-04 18:00:00,1768.06,1783.64,1760.01,1776.28,16596.9334,9943.9806
2026-06-04 19:00:00,1776.27,1787.11,1771,1776.94,12182.3413,6574.9389
2026-06-04 20:00:00,1776.93,1777.52,1764.66,1774.88,8739.7779,4183.6893
2026-06-04 21:00:00,1774.87,1783.02,1757.11,1761.2,14740.525,6633.8547
2026-06-04 22:00:00,1761.2,1770.26,1752.46,1768.73,17189.2927,7611.713
2026-06-04 23:00:00,1768.74,1777.02,1757.35,1770.77,11169.0678,5734.7098
2026-06-05 00:00:00,1770.76,1774.99,1758.51,1759.42,11334.258,5420.543
2026-06-05 01:00:00,1759.43,1764.07,1746.52,1753.33,18021.4605,8079.7032
2026-06-05 02:00:00,1753.34,1754.9,1727.65,1730.24,35131.516,17431.7607
2026-06-05 03:00:00,1730.24,1739.5,1722.36,1729.71,23683.9627,10071.9017
2026-06-05 04:00:00,1729.72,1746.05,1718.25,1744.64,29566.1043,12686.1748
2026-06-05 05:00:00,1744.64,1747.8,1681.29,1684.16,80235.8593,35439.2723
2026-06-05 06:00:00,1684.16,1689.5,1625.78,1656.52,128261.0302,62480.3
2026-06-05 07:00:00,1656.52,1680,1633.45,1679.21,75612.2337,41135.2375
2026-06-05 08:00:00,1679.22,1679.64,1659.43,1663.87,38257.5135,17609.4463
2026-06-05 09:00:00,1663.88,1690.07,1662.85,1682.72,32616.2779,18338.7443
2026-06-05 10:00:00,1682.73,1685.03,1672.05,1676.87,22741.5096,9459.2093
2026-06-05 11:00:00,1676.86,1681.8,1663,1663.44,25803.3693,11645.389
2026-06-05 12:00:00,1663.43,1671.47,1646.1,1657.28,40610.0397,18382.2297
2026-06-05 13:00:00,1657.28,1677.7,1612.35,1615.04,67988.5831,29318.4271
2026-06-05 14:00:00,1615.05,1624.56,1590.8,1600.96,118217.6046,52064.7615
2026-06-05 15:00:00,1600.96,1604.6,1572.22,1583.29,77516.7936,34483.3358
2026-06-05 16:00:00,1583.29,1612.44,1547.01,1608.49,100794.1726,49907.3914
2026-06-05 17:00:00,1608.48,1612.89,1588,1594.28,35170.7111,18289.8813
2026-06-05 18:00:00,1594.28,1598.66,1544.68,1553.26,65573.2969,33023.4806
2026-06-05 19:00:00,1553.26,1580.3,1540.19,1574.06,65869.8984,33583.6963
2026-06-05 20:00:00,1574.07,1608.5,1557.36,1603.38,56901.9952,30765.1727
2026-06-05 21:00:00,1603.38,1619.3,1602.45,1609.8,40414.3008,21167.7255
2026-06-05 22:00:00,1609.81,1610.25,1589.68,1597.14,33048.5983,17078.4465
2026-06-05 23:00:00,1597.14,1603.89,1561.07,1583.4,33642.0715,17546.2238
2026-06-06 00:00:00,1583.4,1601.22,1582.71,1593.03,17320.7333,7899.9464
2026-06-06 01:00:00,1593.04,1596.77,1578.15,1583.16,12688.5562,5773.9301
2026-06-06 02:00:00,1583.16,1585.84,1566.66,1576.2,19596.9168,9025.2399
2026-06-06 03:00:00,1576.2,1576.73,1555.28,1563.34,18998.1908,8338.3836
2026-06-06 04:00:00,1563.34,1569.57,1510.43,1522.56,53383.6205,23233.0452
2026-06-06 05:00:00,1522.57,1569.17,1505.68,1566.71,60261.821,27928.2426
2026-06-06 06:00:00,1566.72,1581.62,1556.01,1560.16,38270.1854,16864.6027
2026-06-06 07:00:00,1560.1,1580.22,1556.07,1575.14,30120.1676,16011.0706
2026-06-06 08:00:00,1575.14,1593.04,1570.01,1582.57,17466.5349,9538.3581
2026-06-06 09:00:00,1582.56,1588.53,1565.97,1570.69,18081.3602,8557.5598
2026-06-06 10:00:00,1570.7,1570.7,1535.68,1548.27,39259.3562,18421.3527
2026-06-06 11:00:00,1548.26,1567.4,1547.24,1558.89,21927.4788,12479.9513
2026-06-06 12:00:00,1558.9,1575.82,1551.56,1571.32,25985.715,14456.7997
2026-06-06 13:00:00,1571.32,1573.36,1553.92,1557.03,32529.2189,14819.9264
2026-06-06 14:00:00,1557.04,1566.96,1556.09,1557.7,26981.8239,11007.6683
2026-06-06 15:00:00,1557.71,1565.84,1544.87,1560.45,22450.9311,11101.3019
2026-06-06 16:00:00,1560.45,1566,1553.36,1563.57,15251.3466,9003.3131
2026-06-06 17:00:00,1563.58,1566.51,1547.05,1553.54,20604.7277,9553.5084
2026-06-06 18:00:00,1553.53,1566.25,1550.01,1556.58,16596.3515,7659.6886
2026-06-06 19:00:00,1556.59,1563.51,1553.52,1554.56,8402.4889,4775.2148
2026-06-06 20:00:00,1554.55,1559.99,1550.85,1557.61,11168.9504,4272.3182
2026-06-06 21:00:00,1557.62,1565.21,1557.62,1558.2,8365.8031,4485.5233
2026-06-06 22:00:00,1558.2,1561.93,1551.57,1558.33,10059.2797,5264.6947
2026-06-06 23:00:00,1558.33,1570.06,1556.86,1569.69,12686.8087,7129.1854
2026-06-07 00:00:00,1569.68,1572.42,1564.1,1565.03,8353.9229,4353.8424
2026-06-07 01:00:00,1565.03,1596.54,1564.16,1590.12,23011.9246,12843.2126
2026-06-07 02:00:00,1590.12,1594.92,1582.39,1592.67,12782.3655,6714.2874
2026-06-07 03:00:00,1592.67,1600.51,1589.72,1595.01,12634.904,6902.3613
2026-06-07 04:00:00,1595,1599.1,1585,1597,12510.2247,6575.4496
2026-06-07 05:00:00,1597,1609.96,1593.25,1604.02,18551.5494,10075.2283
2026-06-07 06:00:00,1604.02,1623.52,1598.54,1612.01,35177.9262,17300.0335
2026-06-07 07:00:00,1612.01,1616.46,1606.99,1615.18,22232.506,13302.2967
2026-06-07 08:00:00,1615.18,1642.27,1608.39,1641.35,27061.4096,16186.9577
2026-06-07 09:00:00,1641.35,1648.7,1627.9,1633.52,23602.6875,11323.4313
2026-06-07 10:00:00,1633.53,1635.73,1624.78,1625.7,16264.2458,5483.3184
2026-06-07 11:00:00,1625.7,1633.99,1622.22,1630.12,12876.9496,5751.0375
2026-06-07 12:00:00,1630.12,1631.24,1607,1620.17,25613.3659,11741.9877
2026-06-07 13:00:00,1620.17,1623,1613.36,1617.46,10211.5277,4445.7805
2026-06-07 14:00:00,1617.46,1640,1616.91,1628.13,23273.768,9691.2526
2026-06-07 15:00:00,1628.12,1636.12,1620.85,1630.07,13937.1281,6595.561
2026-06-07 16:00:00,1630.07,1633.52,1623.37,1628.52,13451.8718,5933.9564
2026-06-07 17:00:00,1628.52,1638,1627.65,1631.35,16797.3291,8495.8312
2026-06-07 18:00:00,1631.34,1636.74,1629,1630.36,6104.7666,2852.6455
2026-06-07 19:00:00,1630.37,1630.56,1604,1613.11,23850.4789,10332.147
2026-06-07 20:00:00,1613.1,1631.65,1609.43,1628.14,10940.1669,5430.7491
2026-06-07 21:00:00,1628.14,1634.57,1623.72,1634.53,7293.2485,4074.7568
2026-06-07 22:00:00,1634.53,1721.93,1629.05,1672.56,60333.9938,30604.24
2026-06-07 23:00:00,1672.55,1691.93,1670.76,1690.51,21412.3298,11923.4895
2026-06-08 00:00:00,1690.5,1711.58,1683.24,1697.59,28454.8885,13715.5644
2026-06-08 01:00:00,1697.6,1700.2,1670.94,1687.34,23391.1458,10561.1338
2026-06-08 02:00:00,1687.34,1689.5,1678.07,1683.9,12316.9254,5791.5332
2026-06-08 03:00:00,1683.91,1692.62,1677,1680.01,10307.0788,4532.243
2026-06-08 04:00:00,1680.02,1681,1655.95,1657.05,19001.8609,7712.1488
2026-06-08 05:00:00,1657.05,1659.87,1645,1653.68,17369.8858,7064.2113
2026-06-08 06:00:00,1653.68,1669.99,1652.78,1666.53,13339.657,7211.5475
2026-06-08 07:00:00,1666.54,1683.49,1661.63,1673.47,23970.6156,13342.4184
2026-06-08 08:00:00,1673.46,1673.46,1658.76,1661.17,18124.4271,7791.5947
2026-06-08 09:00:00,1661.17,1672,1657.21,1671.1,18578.4603,7920.4666
2026-06-08 10:00:00,1671.09,1676.95,1663.32,1672.36,11779.2015,5513.3225
2026-06-08 11:00:00,1672.37,1696.77,1667.81,1683.76,25263.313,13668.0552
2026-06-08 12:00:00,1683.77,1698.9,1667.46,1695.61,30493.8863,17145.4416
2026-06-08 13:00:00,1695.6,1696.82,1678.44,1681.59,36905.2183,24252.4168
2026-06-08 14:00:00,1681.59,1694.46,1676.55,1691.25,35379.9467,21600.5208
2026-06-08 15:00:00,1691.24,1706.22,1688.69,1691.59,26426.2471,13825.3584
2026-06-08 16:00:00,1691.59,1703.88,1682.69,1682.7,21935.6251,9854.7749
2026-06-08 17:00:00,1682.7,1687.86,1675.8,1686.8,18300.3767,9676.6346
2026-06-08 18:00:00,1686.81,1692.54,1678.69,1684.71,12223.9236,5911.4661
2026-06-08 19:00:00,1684.71,1691.76,1681.14,1684.78,20181.1462,9616.2441
2026-06-08 20:00:00,1684.78,1689.71,1679.25,1689.71,10762.7791,5639.3461
2026-06-08 21:00:00,1689.71,1714.5,1689.71,1703.52,19220.6599,10999.5045
2026-06-08 22:00:00,1703.51,1704.19,1688.36,1703.22,10883.8658,5102.0141
2026-06-08 23:00:00,1703.21,1714.45,1686.72,1690.49,15416.1776,7173.2658
2026-06-09 00:00:00,1690.48,1696.88,1660,1663.26,28703.4582,11017.8531
2026-06-09 01:00:00,1663.26,1674.27,1658.8,1669.02,11633.8082,5557.3328
2026-06-09 02:00:00,1669.01,1672.19,1654.63,1667.89,16612.0973,4615.7675
2026-06-09 03:00:00,1667.88,1671.68,1663.83,1669.44,8667.1447,3591.9502
2026-06-09 04:00:00,1669.44,1696.41,1664.33,1686.35,17666.9291,9902.6009
2026-06-09 05:00:00,1686.36,1695.23,1681.53,1688.25,10451.0191,5906.1733
2026-06-09 06:00:00,1688.25,1695.49,1684.06,1685.98,12296.1588,6158.1275
2026-06-09 07:00:00,1685.99,1691.59,1675.2,1679.86,15280.924,5257.9689
2026-06-09 08:00:00,1679.86,1680.64,1668.16,1675.28,13033.6705,5607.7618
2026-06-09 09:00:00,1675.28,1680.16,1665,1670.61,9977.7465,4562.9566
2026-06-09 10:00:00,1670.6,1676.41,1667.11,1674.72,8285.7183,4387.1567
2026-06-09 11:00:00,1674.72,1675.46,1666.12,1671.96,7742.4269,3146.887
2026-06-09 12:00:00,1671.96,1683.32,1671.04,1676.9,15615.6314,7608.6524
2026-06-09 13:00:00,1676.9,1680.63,1664.05,1666.71,22526.1705,9116.8888
2026-06-09 14:00:00,1666.71,1670.84,1633.84,1645.9,43940.3185,20018.2374
2026-06-09 15:00:00,1645.9,1653.89,1634.45,1636.4,27668.7811,12610.9144
2026-06-09 16:00:00,1636.4,1639.35,1614.02,1632.27,36381.0701,17346.0846
2026-06-09 17:00:00,1632.28,1649.76,1632.18,1643.04,19699.237,10032.4503
2026-06-09 18:00:00,1643.03,1655.49,1639.87,1652.28,11940.1195,6097.1327
2026-06-09 19:00:00,1652.27,1658.64,1647.82,1657.33,13801.8096,6588.6205
2026-06-09 20:00:00,1657.33,1663.77,1655.34,1660.59,7896.3684,4700.3943
2026-06-09 21:00:00,1660.59,1661.69,1647.29,1650.33,6653.733,2897.7785
2026-06-09 22:00:00,1650.32,1655,1639.52,1640,6633.8767,2951.3695
2026-06-09 23:00:00,1640.01,1642.87,1630.36,1639.52,11039.0175,4780.4852
2026-06-10 00:00:00,1639.52,1646.83,1629.52,1645.74,8118.2128,4096.4344
2026-06-10 01:00:00,1645.75,1646.91,1633.55,1638.98,7176.757,3598.53
2026-06-10 02:00:00,1638.99,1642.5,1621.77,1624.22,8216.5385,3500.5261
2026-06-10 03:00:00,1624.21,1636.53,1623.52,1630.82,4424.3258,2442.3918
2026-06-10 04:00:00,1630.82,1632.92,1622.45,1625.98,4591.328,2149.5322
2026-06-10 05:00:00,1625.99,1630,1616.33,1627.99,8002.8075,2941.0559
2026-06-10 06:00:00,1628,1634.41,1622.76,1632.08,8041.7926,4805.9933
2026-06-10 07:00:00,1632.08,1643.58,1630.73,1640.09,8126.5566,4123.7973
2026-06-10 08:00:00,1640.1,1640.89,1618.18,1621.34,14750.5467,6489.4957
2026-06-10 09:00:00,1621.35,1626.44,1606.01,1623.67,12606.9916,6419.2064
2026-06-10 10:00:00,1623.67,1629.99,1618.1,1628.23,5500.8261,2754.7014
2026-06-10 11:00:00,1628.23,1630.22,1612,1620.05,17819.1598,8510.4356
2026-06-10 12:00:00,1620.06,1645.46,1615.91,1635.4,20732.8935,11800.6691
2026-06-10 13:00:00,1635.4,1667.96,1632,1651.81,21809.4649,12178.555
2026-06-10 14:00:00,1651.82,1655.64,1637.27,1646.72,15637.5251,8103.2825
2026-06-10 15:00:00,1646.72,1665.05,1635.85,1657.97,20813.253,10569.263
2026-06-10 16:00:00,1657.98,1658.73,1632.5,1641.99,17206.2115,8752.0646
2026-06-10 17:00:00,1641.99,1647.59,1622.51,1632.32,19894.0712,9353.4968
2026-06-10 18:00:00,1632.32,1636.88,1622.52,1631.13,10584.2028,5514.8381
2026-06-10 19:00:00,1631.13,1633.69,1623.13,1630.15,7568.5195,3611.4489
2026-06-10 20:00:00,1630.15,1636.21,1623.15,1630.65,8748.524,4441.19
2026-06-10 21:00:00,1630.64,1630.64,1603.44,1611.44,15299.0185,6068.8977
2026-06-10 22:00:00,1611.45,1622.38,1604.62,1616.52,13595.3575,6489.349
2026-06-10 23:00:00,1616.52,1625.09,1609.39,1621.59,11526.3974,5765.7039
2026-06-11 00:00:00,1621.6,1634.72,1621.6,1628.64,7724.4295,4588.9735
2026-06-11 01:00:00,1628.63,1647.88,1628.57,1642.83,7074.6638,3999.4427
2026-06-11 02:00:00,1642.83,1645.5,1630.9,1641.07,5910.6333,3182.079
2026-06-11 03:00:00,1641.06,1661.3,1636.09,1653.95,15578.307,8907.5392
2026-06-11 04:00:00,1653.94,1659.72,1650,1656.89,6886.6593,3276.3379
2026-06-11 05:00:00,1656.89,1656.9,1647.63,1647.95,7974.1931,4029.2465
2026-06-11 06:00:00,1647.96,1663.14,1646.2,1654.82,16221.9728,8222.0835
2026-06-11 07:00:00,1654.81,1658.3,1651.7,1654.41,5480.1414,2594.0633
2026-06-11 08:00:00,1654.4,1664.14,1654.33,1659.96,7619.2871,3709.8079
2026-06-11 09:00:00,1659.97,1662,1656.47,1658.98,4916.5793,2368.2458
2026-06-11 10:00:00,1658.97,1661.58,1654.28,1658.85,6620.7696,3308.5583
2026-06-11 11:00:00,1658.85,1673.5,1656.43,1666.84,11246.0665,6851.7532
2026-06-11 12:00:00,1666.84,1666.88,1642.12,1651.84,20236.8797,10153.1343
2026-06-11 13:00:00,1651.85,1659.52,1644.45,1653.24,11181.1521,5198.0045
2026-06-11 14:00:00,1653.24,1655.4,1638.95,1643.04,13211.5386,6789.4972
2026-06-11 15:00:00,1643.04,1650.83,1636.19,1645.55,11179.5317,5728.0156
2026-06-11 16:00:00,1645.56,1649.5,1638.35,1639.75,7669.8854,3833.7582
2026-06-11 17:00:00,1639.74,1693.59,1632.71,1688.66,45791.8573,24177.9659
2026-06-11 18:00:00,1688.65,1691.85,1676.98,1683.98,17473.6364,9355.5069
2026-06-11 19:00:00,1683.97,1693.55,1675.98,1681.26,14280.2674,7195.0863
2026-06-11 20:00:00,1681.26,1683.01,1667.18,1672.37,11476.2253,5467.5554
2026-06-11 21:00:00,1672.37,1683.29,1672.14,1677,8304.8025,5119.68
2026-06-11 22:00:00,1676.99,1683.21,1675.43,1676.17,7951.566,5224.5034
2026-06-11 23:00:00,1676.16,1679.25,1670.19,1673.46,6496.6753,3474.9904
2026-06-12 00:00:00,1673.46,1677.74,1669.86,1672.74,4281.8456,2364.0784
2026-06-12 01:00:00,1672.74,1672.74,1660.93,1667.09,7875.9261,3636.7182
2026-06-12 02:00:00,1667.08,1678.42,1666.87,1675.59,4970.8546,2912.4196
2026-06-12 03:00:00,1675.6,1676.6,1668.81,1673.25,3530.8234,2198.3356
2026-06-12 04:00:00,1673.25,1682,1669.29,1677.47,5441.5155,3312.7829
2026-06-12 05:00:00,1677.48,1677.86,1662.31,1664.23,7801.1597,3718.4324
2026-06-12 06:00:00,1664.23,1666.82,1652.09,1657.34,8649.4647,3848.563
2026-06-12 07:00:00,1657.35,1664.99,1656.23,1662.12,8331.4353,4767.4326
2026-06-12 08:00:00,1662.12,1678.22,1662.12,1673.53,15418.7017,10538.5702
2026-06-12 09:00:00,1673.53,1685.65,1671.48,1680.16,8197.0023,4363.3082
2026-06-12 10:00:00,1680.16,1683.35,1671.91,1674.85,6173.9875,2711.653
2026-06-12 11:00:00,1674.85,1678.51,1672.1,1673.89,3363.2193,1531.0484
2026-06-12 12:00:00,1673.88,1673.88,1663.07,1666.54,6467.2057,3204.3049
2026-06-12 13:00:00,1666.55,1668.91,1653.74,1657.6,11710.1544,5619.5081
2026-06-12 14:00:00,1657.6,1685.93,1656.26,1685.64,16504.3485,9399.8099
2026-06-12 15:00:00,1685.65,1691.07,1658.75,1660.08,28712.9287,13273.8056
2026-06-12 16:00:00,1660.08,1675.81,1657.38,1672.9,16259.7209,10189.8727
2026-06-12 17:00:00,1672.91,1678.1,1667.37,1668.84,9374.8496,4160.9727
2026-06-12 18:00:00,1668.84,1673.57,1663.6,1666.87,7832.5232,3289.8935
2026-06-12 19:00:00,1666.86,1672.47,1664.9,1665.92,8724.7737,3248.9602
2026-06-12 20:00:00,1665.92,1667.85,1662.02,1664.92,3958.8659,1688.5436
2026-06-12 21:00:00,1664.93,1668.01,1663.21,1664.19,3024.2087,1419.8427
2026-06-12 22:00:00,1664.18,1667.49,1661.46,1662.6,2376.0563,1161.4388
2026-06-12 23:00:00,1662.6,1666.41,1659.02,1666.41,2906.4389,1275.3501
2026-06-13 00:00:00,1666.42,1669.34,1665.31,1667.47,2920.1254,1684.1336
2026-06-13 01:00:00,1667.47,1675.9,1666.53,1674.03,5623.2701,3500.1354
2026-06-13 02:00:00,1674.03,1674.52,1665.69,1668.02,4867.9917,1944.4949
2026-06-13 03:00:00,1668.03,1669.57,1663.36,1665.25,2988.2057,1388.9189
2026-06-13 04:00:00,1665.25,1668.28,1663.52,1664.51,2235.5465,1328.3795
2026-06-13 05:00:00,1664.52,1665.61,1662.2,1665.22,3000.8241,1632.8133
2026-06-13 06:00:00,1665.22,1670.25,1663.88,1669.7,3290.8776,2286.2185
2026-06-13 07:00:00,1669.71,1677.74,1668.47,1676.38,7516.4797,4666.1818
2026-06-13 08:00:00,1676.38,1679.92,1673.63,1674.57,7578.6282,4213.0374
2026-06-13 09:00:00,1674.57,1676.3,1672.93,1673.7,3898.675,2340.8962
2026-06-13 10:00:00,1673.7,1676.37,1672.8,1674.18,3139.3227,1863.1914
2026-06-13 11:00:00,1674.19,1678.96,1673.55,1678.34,3875.3902,2299.7884
2026-06-13 12:00:00,1678.33,1683.77,1676.99,1680.53,4637.8032,2775.1894
2026-06-13 13:00:00,1680.52,1681.58,1676.69,1678.02,4422.2372,2345.494
2026-06-13 14:00:00,1678.02,1681.47,1677.82,1679.97,3196.0956,1782.4888
2026-06-13 15:00:00,1679.98,1686.56,1678.5,1682.15,7674.3014,4160.9118
2026-06-13 16:00:00,1682.14,1682.48,1671.44,1676.74,12322.1686,5127.3912
2026-06-13 17:00:00,1676.74,1678.4,1673.23,1674.31,3585.258,1634.299
2026-06-13 18:00:00,1674.31,1682.63,1674.2,1678.53,2724.5849,1144.367
2026-06-13 19:00:00,1678.53,1680,1675.86,1678.29,2737.3428,1316.3545
2026-06-13 20:00:00,1678.3,1678.3,1675.11,1676.53,2067.6627,1303.6949
2026-06-13 21:00:00,1676.53,1697.28,1674.91,1686.44,6677.2933,3759.721
2026-06-13 22:00:00,1686.44,1686.65,1681.62,1681.63,3324.1624,1868.069
2026-06-13 23:00:00,1681.62,1684.2,1678.1,1681.18,2447.3607,1360.8258
2026-06-14 00:00:00,1681.19,1683.52,1678.83,1681.91,2635.5197,1643.7066
2026-06-14 01:00:00,1681.9,1690.36,1680.3,1683.99,3518.0414,2207.6812
2026-06-14 02:00:00,1683.98,1685.7,1681.59,1682.47,1929.4039,1096.0609
2026-06-14 03:00:00,1682.46,1683.28,1679.85,1681.73,2324.9353,1297.1571
2026-06-14 04:00:00,1681.74,1682.66,1676.35,1677.95,3535.006,2191.6384
2026-06-14 05:00:00,1677.95,1679.14,1674,1678.13,4061.9516,2436.1074
2026-06-14 06:00:00,1678.13,1682.5,1675.3,1676.39,5066.5632,2949.8068
2026-06-14 07:00:00,1676.4,1677.55,1673.72,1675.91,2927.6836,2112.4218
2026-06-14 08:00:00,1675.91,1678.92,1674.73,1675.58,3088.9448,2246.8861
2026-06-14 09:00:00,1675.58,1679,1669.15,1678.49,7430.344,2730.8881
2026-06-14 10:00:00,1678.48,1678.55,1673.13,1673.13,1896.0713,759.4411
2026-06-14 11:00:00,1673.13,1677.15,1672.36,1673.73,2400.9129,1125.9929
2026-06-14 12:00:00,1673.73,1674.58,1665.35,1666.9,4560.2496,1911.7068
2026-06-14 13:00:00,1666.9,1669.15,1664.5,1666.54,4290.0889,1804.0877
2026-06-14 14:00:00,1666.53,1670.2,1654.9,1659.76,10746.8189,4743.7918
2026-06-14 15:00:00,1659.76,1664.67,1659.6,1662.95,4335.407,2625.9728
2026-06-14 16:00:00,1662.95,1668.57,1659.36,1661.38,6515.369,2823.4752
2026-06-14 17:00:00,1661.37,1666.52,1660.92,1662.09,5151.4048,2884.3417
2026-06-14 18:00:00,1662.09,1663.27,1658.95,1662.08,3057.1103,1590.4731
2026-06-14 19:00:00,1662.07,1667.93,1661.13,1665.43,3219.0946,1641.6131
2026-06-14 20:00:00,1665.44,1673.72,1662.67,1670.48,4358.5103,2444.8658
2026-06-14 21:00:00,1670.48,1732.28,1669.97,1718.67,48781.2516,25289.7894
2026-06-14 22:00:00,1718.68,1729.1,1712.34,1722.62,28043.4797,13297.8103
2026-06-14 23:00:00,1722.62,1726.43,1716.79,1725.62,14135.7917,7067.0694
2026-06-15 00:00:00,1725.63,1733.04,1719.78,1720.83,14570.9812,6592.5815
2026-06-15 01:00:00,1720.83,1721.91,1709.66,1715.79,12097.9798,4913.6815
2026-06-15 02:00:00,1715.8,1726.96,1714.23,1716.78,8966.2582,3764.6928
2026-06-15 03:00:00,1716.78,1724.17,1715.55,1720.78,11155.8651,4369.5157
2026-06-15 04:00:00,1720.78,1720.78,1716,1717.04,11426.7749,4030.6285
2026-06-15 05:00:00,1717.05,1722.63,1715.95,1720.66,6961.6259,3108.1179
2026-06-15 06:00:00,1720.67,1723.29,1718.25,1719.82,6607.7047,2508.4132
2026-06-15 07:00:00,1719.82,1723.8,1716.49,1716.59,8177.2779,3186.0417
2026-06-15 08:00:00,1716.6,1721.91,1715.6,1720.36,6027.9286,2617.3236
2026-06-15 09:00:00,1720.35,1726.94,1712.17,1718.65,14597.5107,6461.77
2026-06-15 10:00:00,1718.65,1748.6,1718.27,1737.77,26756.9662,16267.1684
2026-06-15 11:00:00,1737.77,1769,1734.11,1764.67,38954.8902,21645.6148
2026-06-15 12:00:00,1764.67,1777.77,1760.28,1777.48,27438.198,13340.3716
2026-06-15 13:00:00,1777.48,1827.67,1774.6,1814.12,70367.2004,35815.2651
2026-06-15 14:00:00,1814.12,1818.58,1804.71,1814.55,25775.3832,12504.971
2026-06-15 15:00:00,1814.55,1849.54,1813.15,1845.53,47178.9802,24794.7422
2026-06-15 16:00:00,1845.53,1847.13,1837.48,1842.85,28115.059,12504.2621
2026-06-15 17:00:00,1842.85,1842.86,1823.58,1829.19,23706.4793,10938.6815
2026-06-15 18:00:00,1829.19,1835.58,1825.85,1828.13,9996.5735,5405.7896
2026-06-15 19:00:00,1828.12,1834.44,1811.66,1821.89,16646.39,7912.0427
2026-06-15 20:00:00,1821.88,1826.62,1815.33,1816.95,8446.3884,4412.571
2026-06-15 21:00:00,1816.94,1822.15,1809.53,1811.35,8869.859,3988.5927
2026-06-15 22:00:00,1811.36,1813.55,1787,1789.68,16216.3254,6882.0522
2026-06-15 23:00:00,1789.69,1797.58,1782.82,1796.13,15076.6555,8943.5577
2026-06-16 00:00:00,1796.14,1802.09,1789,1789.6,9861.7639,4712.9162
2026-06-16 01:00:00,1789.59,1797.42,1789.13,1792.27,5337.8699,2894.582
2026-06-16 02:00:00,1792.26,1794.1,1767.4,1770.13,20732.5293,9028.6352
2026-06-16 03:00:00,1770.13,1780.73,1764.84,1779.16,14600.4649,7729.6002
2026-06-16 04:00:00,1779.16,1783.32,1758,1760.64,17722.5148,6365.6632
2026-06-16 05:00:00,1760.65,1766,1760.57,1762.05,11474.8532,4604.1717
2026-06-16 06:00:00,1762.06,1774.17,1762.06,1771.4,11200.0573,5170.6709
2026-06-16 07:00:00,1771.41,1776.47,1769.02,1774.24,10004.5098,4525.3278
2026-06-16 08:00:00,1774.25,1807.97,1773.25,1803.23,22080.5005,13202.8777
2026-06-16 09:00:00,1803.23,1805.79,1787.07,1789.63,13315.7417,6312.6559
2026-06-16 10:00:00,1789.63,1800,1788.61,1793.95,13040.3844,7545.2516
2026-06-16 11:00:00,1793.95,1800,1790.7,1799.59,8788.3291,4683.6867
2026-06-16 12:00:00,1799.6,1839.77,1796.71,1814.88,38221.0614,21340.7194
2026-06-16 13:00:00,1814.89,1817.1,1791.57,1797.88,32836.3553,15275.9367
2026-06-16 14:00:00,1797.86,1805.57,1763.36,1780.56,37636.9685,17353.4452
2026-06-16 15:00:00,1780.56,1788.32,1774.52,1782.44,15292.7715,8521.6334
2026-06-16 16:00:00,1782.43,1785.58,1773.03,1777.89,10107.1978,4598.1326
2026-06-16 17:00:00,1777.9,1799.45,1777.38,1795.1,11225.1737,6426.3671
2026-06-16 18:00:00,1795.1,1808.44,1792.58,1799.21,14940.9438,8005.2086
2026-06-16 19:00:00,1799.2,1801.04,1790.14,1795.41,11864.4825,5565.3447
2026-06-16 20:00:00,1795.41,1798.5,1789.53,1797.82,7360.8483,4013.6839
2026-06-16 21:00:00,1797.82,1800.48,1790.57,1796.52,6138.1935,3386.0678
2026-06-16 22:00:00,1796.53,1799.49,1791.03,1796.21,5783.0483,2841.1358
2026-06-16 23:00:00,1796.22,1798.89,1791.26,1792.99,4010.9856,1831.5397
2026-06-17 00:00:00,1793,1799.01,1791.95,1794.22,3837.3514,2130.5211
2026-06-17 01:00:00,1794.22,1799.12,1778.99,1797.76,9518.8319,4791.8552
2026-06-17 02:00:00,1797.76,1810.21,1788.78,1795.59,11539.6186,5932.153
2026-06-17 03:00:00,1795.59,1797.36,1787.65,1793.58,6278.7011,3879.3152
2026-06-17 04:00:00,1793.58,1801.79,1792,1794.3,4566.9498,2806.2602
2026-06-17 05:00:00,1794.3,1799.45,1789.13,1793.98,6224.9179,3248.5155
2026-06-17 06:00:00,1793.98,1797.2,1786.44,1790.38,5350.7783,2783.1864
2026-06-17 07:00:00,1790.38,1792.34,1778.71,1785.08,7467.6536,3473.7116
2026-06-17 08:00:00,1785.09,1786.15,1760.4,1765.31,15038.4696,5586.3218
2026-06-17 09:00:00,1765.3,1777.78,1765,1773.07,6492.4868,3183.2621
2026-06-17 10:00:00,1773.08,1776.05,1767.14,1768.38,4720.795,2069.7337
2026-06-17 11:00:00,1768.39,1770.77,1759.35,1763.92,8865.8541,3755.2728
2026-06-17 12:00:00,1763.93,1765.99,1742.94,1759.44,22647.9494,10329.1011
2026-06-17 13:00:00,1759.42,1771.91,1754.72,1761.25,20823.4439,8765.9075
2026-06-17 14:00:00,1761.24,1765.52,1741.05,1754.96,21946.5289,9172.0162
2026-06-17 15:00:00,1754.97,1776.94,1751.21,1773.41,16711.5499,7223.6759
2026-06-17 16:00:00,1773.42,1791.73,1769.52,1772.02,20521.2125,9964.96
2026-06-17 17:00:00,1772.03,1796.08,1767.54,1789.27,12709.6191,5983.2012
2026-06-17 18:00:00,1789.27,1789.4,1746.42,1770.32,45097.9103,21423.9923
2026-06-17 19:00:00,1770.31,1775.85,1729.26,1734.72,48044.2229,19753.8907
2026-06-17 20:00:00,1734.73,1747.92,1732.97,1747.36,12478.2946,6914.6189
2026-06-17 21:00:00,1747.37,1748.01,1736.39,1738.9,6882.8113,3386.7829
2026-06-17 22:00:00,1738.91,1746.6,1725.34,1740.31,10769.2064,5463.3422
2026-06-17 23:00:00,1740.31,1751.66,1740.1,1750.6,5962.9002,4001.4764
2026-06-18 00:00:00,1750.61,1759.49,1749.98,1752.97,8434.4626,4166.6627
2026-06-18 01:00:00,1752.97,1762.99,1752.64,1754.92,6736.3083,3266.8683
2026-06-18 02:00:00,1754.93,1759,1750.34,1755.85,5941.1809,3654.2558
2026-06-18 03:00:00,1755.86,1756.26,1741.46,1744.17,9869.8515,5368.6935
2026-06-18 04:00:00,1744.17,1745.92,1730,1730.64,10827.0106,3976.5164
2026-06-18 05:00:00,1730.63,1733,1722.24,1730.97,9504.6066,4166.4713
2026-06-18 06:00:00,1730.97,1736.79,1725.53,1735.56,9171.8836,4213.0039
2026-06-18 07:00:00,1735.56,1753.29,1732.91,1749.79,14499.706,8104.0816
2026-06-18 08:00:00,1749.8,1753.61,1743.7,1747.67,16995.3259,5133.5531
2026-06-18 09:00:00,1747.67,1751.87,1742.53,1746.07,9188.0766,2861.7801
2026-06-18 10:00:00,1746.07,1752.84,1739.46,1746.9,10293.2199,5552.4616
2026-06-18 11:00:00,1746.9,1749.39,1739.11,1743.31,10599.3506,5736.814
2026-06-18 12:00:00,1743.31,1753.06,1741.88,1750.41,9678.6003,5457.7372
2026-06-18 13:00:00,1750.41,1752.51,1729.08,1736.78,14466.2432,6752.5384
2026-06-18 14:00:00,1736.78,1745.46,1729.66,1739.79,15628.5169,7537.4945
2026-06-18 15:00:00,1739.78,1740.09,1680,1682.23,54756.2373,24778.1934
2026-06-18 16:00:00,1682.23,1692.95,1680.39,1686.93,23218.7247,12592.5389
2026-06-18 17:00:00,1686.96,1687.68,1671.79,1679.42,18337.1074,8282.5995
2026-06-18 18:00:00,1679.41,1689.4,1676.35,1685.38,11493.0957,6200.0581
2026-06-18 19:00:00,1685.38,1707.48,1682.78,1705.39,12972.023,8041.8505
2026-06-18 20:00:00,1705.4,1717.23,1705.4,1710.47,10803.4729,5714.4184
2026-06-18 21:00:00,1710.47,1711.96,1701.64,1708.39,8309.8533,3750.5045
2026-06-18 22:00:00,1708.39,1708.56,1700.19,1706.81,5388.0262,2759.9522
2026-06-18 23:00:00,1706.81,1712.38,1702.96,1711.11,5368.0816,2856.4041
2026-06-19 00:00:00,1711.11,1716.3,1708.64,1713.84,5697.9599,3190.7178
2026-06-19 01:00:00,1713.85,1719.51,1706.19,1713.5,4979.2932,2854.804
2026-06-19 02:00:00,1713.5,1715.21,1701.29,1707.15,7104.6248,2974.7053
2026-06-19 03:00:00,1707.15,1708.28,1682.35,1697.69,19909.1455,8959.6213
2026-06-19 04:00:00,1697.7,1702.97,1686,1689.72,9047.7131,3970.1308
2026-06-19 05:00:00,1689.72,1697.75,1689.39,1697.51,6751.5611,3911.3635
2026-06-19 06:00:00,1697.51,1703.4,1696.18,1700.26,5912.1887,3796.1654
2026-06-19 07:00:00,1700.27,1700.98,1690.09,1695.82,10871.0575,6263.3268
2026-06-19 08:00:00,1695.82,1699.11,1693.66,1697.94,4871.7774,2752.429
2026-06-19 09:00:00,1697.94,1699.82,1688.72,1689.2,5546.9736,2619.3068
2026-06-19 10:00:00,1689.21,1694.67,1687.05,1692.61,5996.3839,2956.5086
2026-06-19 11:00:00,1692.6,1694.24,1688.84,1691.74,3329.0739,1663.1233
2026-06-19 12:00:00,1691.74,1696.12,1679.11,1695.36,9586.951,4559.0986
2026-06-19 13:00:00,1695.37,1711.59,1687.75,1703.47,11636.3177,7126.8031
2026-06-19 14:00:00,1703.46,1709.98,1696.51,1706.97,8226.3952,4595.8287
2026-06-19 15:00:00,1706.96,1712.06,1698.37,1707.86,9090.8157,4586.4678
2026-06-19 16:00:00,1707.87,1711.76,1695.09,1696.8,7276.0252,3863.8897
2026-06-19 17:00:00,1696.8,1706.25,1693.7,1704.85,7369.5848,4103.4325
2026-06-19 18:00:00,1704.85,1705.45,1698.3,1702.7,3812.1693,2080.4674
2026-06-19 19:00:00,1702.69,1704.61,1698.15,1701.2,3987.7458,1864.367
2026-06-19 20:00:00,1701.21,1709.37,1698.89,1708.96,3414.0082,1945.1133
2026-06-19 21:00:00,1708.97,1708.97,1701.52,1702.03,2847.9389,1440.3539
2026-06-19 22:00:00,1702.02,1710.38,1700.45,1707.61,4493.571,2567.6525
2026-06-19 23:00:00,1707.61,1715,1704.88,1711.19,3318.923,1895.7899
2026-06-20 00:00:00,1711.18,1718,1708.41,1708.8,6468.2301,3275.5244
2026-06-20 01:00:00,1708.8,1713.36,1706.62,1709.89,2947.0758,1451.2943
2026-06-20 02:00:00,1709.89,1710.52,1704.06,1704.85,3058.5958,1314.9226
2026-06-20 03:00:00,1704.85,1709.33,1704.56,1708.17,2012.5022,952.438
2026-06-20 04:00:00,1708.18,1715.47,1706.51,1713.52,4256.5601,2427.2283
2026-06-20 05:00:00,1713.52,1733.89,1712.25,1726.1,15425.5681,9449.6474
2026-06-20 06:00:00,1726.11,1729.84,1723.98,1727.67,4389.7401,2668.3526
2026-06-20 07:00:00,1727.66,1729.56,1723.05,1725.82,4567.4772,2567.1806
2026-06-20 08:00:00,1725.81,1726.9,1721.25,1722.83,4169.4426,2173.1258
2026-06-20 09:00:00,1722.83,1730,1722.83,1728.47,3920.341,2374.7855
2026-06-20 10:00:00,1728.46,1729.53,1725.26,1727.62,2117.895,1009.7798
2026-06-20 11:00:00,1727.63,1731.76,1725.84,1727.18,3102.374,2102.1708
2026-06-20 12:00:00,1727.18,1730.35,1723.61,1726.86,3168.5393,1473.5254
2026-06-20 13:00:00,1726.86,1727.21,1712.81,1717.56,7508.8306,3200.7216
2026-06-20 14:00:00,1717.56,1746.67,1708.11,1733.48,17301.3976,7861.6916
2026-06-20 15:00:00,1733.49,1749.55,1729.44,1740.63,17584.9923,10355.0549
2026-06-20 16:00:00,1740.63,1740.91,1730.9,1733.92,4672.2434,2260.9246
2026-06-20 17:00:00,1733.92,1733.93,1721.03,1726.86,4887.2409,2290.8558
2026-06-20 18:00:00,1726.87,1732,1726,1726.63,4045.8504,2664.0333
2026-06-20 19:00:00,1726.62,1730.18,1725.24,1729.27,9864.4156,4339.5482
2026-06-20 20:00:00,1729.27,1731.34,1726.53,1730.98,2561.062,1217.1142
2026-06-20 21:00:00,1730.98,1738.01,1730.38,1735.33,10038.6089,7225.9627
2026-06-20 22:00:00,1735.33,1746.17,1732.96,1743.32,13257.529,8504.0553
2026-06-20 23:00:00,1743.32,1743.76,1740.52,1741.08,8465.3091,2281.4501
2026-06-21 00:00:00,1741.08,1741.09,1736.19,1737.92,3498.051,1782.1952
2026-06-21 01:00:00,1737.92,1740,1734.5,1737.01,2282.0442,1167.1485
2026-06-21 02:00:00,1737,1738.18,1735.66,1736.09,1633.6497,760.6803
2026-06-21 03:00:00,1736.08,1741.45,1733.51,1737.87,4072.1839,1562.3311
2026-06-21 04:00:00,1737.88,1741.41,1731.63,1732.85,3580.8594,1439.4506
2026-06-21 05:00:00,1732.85,1736.27,1729.8,1733.47,3450.4994,1578.2724
2026-06-21 06:00:00,1733.46,1738.66,1732.52,1736.14,8991.4845,7287.0542
2026-06-21 07:00:00,1736.14,1736.44,1731.79,1732.36,3125.8122,1078.5004
2026-06-21 08:00:00,1732.36,1733.22,1724,1729.1,4507.568,1516.3392
2026-06-21 09:00:00,1729.11,1734.37,1725.89,1732.78,3081.6477,1504.8154
2026-06-21 10:00:00,1732.77,1737.02,1731.03,1731.38,3584.3482,1427.5101
2026-06-21 11:00:00,1731.39,1734.81,1718.56,1725.36,8436.5416,3085.8642
2026-06-21 12:00:00,1725.37,1726.93,1717.14,1726,8012.7232,3731.1087
2026-06-21 13:00:00,1725.99,1728.14,1722.12,1725.15,3705.3006,2030.5862
2026-06-21 14:00:00,1725.15,1728.46,1721.78,1728.44,3406.0189,1668.191
2026-06-21 15:00:00,1728.45,1732.57,1727.12,1730.72,3875.8192,1875.0331
2026-06-21 16:00:00,1730.71,1730.71,1722.21,1728.15,5613.9679,2946.6052
2026-06-21 17:00:00,1728.16,1731.54,1725.97,1727.36,4651.9746,2405.4249
2026-06-21 18:00:00,1727.37,1737.81,1721.67,1735.39,7082.1654,3772.594
2026-06-21 19:00:00,1735.4,1739.32,1733.59,1734.14,2837.2696,1552.5084
2026-06-21 20:00:00,1734.14,1735.34,1717.3,1721.3,5585.8071,2003.7313
2026-06-21 21:00:00,1721.32,1724.19,1702,1718.6,13883.6198,6572.633
2026-06-21 22:00:00,1718.59,1721.38,1708.57,1717.65,6845.1093,3585.1366
2026-06-21 23:00:00,1717.64,1717.64,1704.25,1706.94,8018.0035,3812.0941
2026-06-22 00:00:00,1706.94,1732.2,1706.94,1726.95,10130.3805,5895.5736
2026-06-22 01:00:00,1726.95,1759.84,1724.56,1743.82,22702.9713,12263.5601
2026-06-22 02:00:00,1743.83,1745.28,1737.28,1737.28,6300.0591,3122.3919
2026-06-22 03:00:00,1737.27,1740.98,1726.54,1730,9112.5799,4405.1323
2026-06-22 04:00:00,1730,1735.96,1727.69,1735.31,6465.2801,3711.0057
2026-06-22 05:00:00,1735.3,1739.83,1734.2,1736.85,5508.6624,3102.6606
2026-06-22 06:00:00,1736.85,1740.21,1733.21,1735.06,6815.1664,3402.7705
2026-06-22 07:00:00,1735.07,1751.58,1734.76,1746.34,12767.3267,6158.1892
2026-06-22 08:00:00,1746.34,1752.23,1743.56,1747.79,6440.1179,3346.2386
2026-06-22 09:00:00,1747.8,1750.38,1743.75,1746.2,7565.4243,2669.3792
2026-06-22 10:00:00,1746.19,1751.58,1745.23,1748.81,3656.4425,1925.314
2026-06-22 11:00:00,1748.81,1774.7,1747.48,1767.68,22291.9665,12280.9539
2026-06-22 12:00:00,1767.68,1772,1761.29,1764,13529.9672,7207.1271
2026-06-22 13:00:00,1764,1779.9,1762.06,1777.51,20616.359,10976.68
2026-06-22 14:00:00,1777.52,1778,1749.85,1754.61,17137.5904,7640.2779
2026-06-22 15:00:00,1754.62,1758.06,1742.41,1744.74,13111.6886,5054.7197
2026-06-22 16:00:00,1744.75,1746.29,1733.71,1740.1,17031.0108,7867.1556
2026-06-22 17:00:00,1740.1,1743.12,1731.32,1740.93,9084.9434,5401.0021
2026-06-22 18:00:00,1740.92,1747.7,1729.42,1733.51,12571.1935,5391.7985
2026-06-22 19:00:00,1733.51,1736.82,1729.15,1734.59,10968.9943,5129.4894
2026-06-22 20:00:00,1734.59,1740.07,1731.14,1734.61,5535.2997,3039.9339
2026-06-22 21:00:00,1734.61,1737.53,1726.83,1732.74,5705.2922,3255.7308
2026-06-22 22:00:00,1732.74,1735.93,1717.02,1724.15,11341.6732,5169.0954
2026-06-22 23:00:00,1724.16,1730.6,1721.38,1728.19,6266.7921,3636.8562
2026-06-23 00:00:00,1728.19,1731.74,1719.75,1731.27,5627.0099,2956.9463
2026-06-23 01:00:00,1731.26,1736.25,1721.22,1730.61,5962.0236,3414.9519
2026-06-23 02:00:00,1730.61,1735.04,1726.36,1732.65,3137.1425,1851.987
2026-06-23 03:00:00,1732.65,1733.11,1725.98,1729.9,4003.4996,1838.8125
2026-06-23 04:00:00,1729.91,1731.25,1717.75,1719.07,5982.7941,1953.283
2026-06-23 05:00:00,1719.07,1721.38,1710.5,1713.44,9724.8299,4375.2834
2026-06-23 06:00:00,1713.51,1713.7,1680.52,1692.29,25365.4413,11157.4031
2026-06-23 07:00:00,1692.3,1696.47,1682.34,1683.01,10843.585,5979.076
2026-06-23 08:00:00,1683.02,1684.8,1635.65,1648.48,45421.5785,22042.3697
2026-06-23 09:00:00,1648.47,1654.39,1648.15,1650.97,9665.8399,3729.7331
2026-06-23 10:00:00,1650.97,1658.91,1649.37,1652.65,7703.6216,3637.3596
2026-06-23 11:00:00,1652.65,1663.9,1652.65,1660.9,8465.12,4917.3987
2026-06-23 12:00:00,1660.9,1662.59,1653.6,1654.53,8770.3273,3619.1939
2026-06-23 13:00:00,1654.54,1664.13,1645.52,1662.83,18188.6396,7760.922
2026-06-23 14:00:00,1662.82,1672,1658.04,1662.1,11900.4381,6037.7835
2026-06-23 15:00:00,1662.1,1663.39,1651.39,1659.78,9981.5495,4807.3629
2026-06-23 16:00:00,1659.78,1673.89,1656.99,1659.35,16753.287,8766.922
2026-06-23 17:00:00,1659.34,1664.87,1654.67,1656.85,5433.1762,2699.5032
2026-06-23 18:00:00,1656.86,1660.64,1650,1655.53,9237.5786,5068.2906
2026-06-23 19:00:00,1655.53,1663.97,1655.47,1662.58,7258.075,3721.0679
2026-06-23 20:00:00,1662.57,1667.64,1661.42,1664.13,5425.2313,3014.4698
2026-06-23 21:00:00,1664.12,1668.37,1663.52,1666.75,3885.2737,2135.2712
2026-06-23 22:00:00,1666.74,1672.92,1663,1664.67,4377.063,2400.8541
2026-06-23 23:00:00,1664.67,1669.55,1660.27,1667.13,5148.8868,2747.2844
2026-06-24 00:00:00,1667.13,1674.72,1666.75,1671.37,4670.7478,2448.2906
2026-06-24 01:00:00,1671.37,1680.46,1666.12,1672.71,6893.0807,3687.3762
2026-06-24 02:00:00,1672.71,1673.62,1663.53,1664.03,4564.5059,2104.8938
2026-06-24 03:00:00,1664.03,1670.09,1658.18,1666.67,6262.17,3053.3526
2026-06-24 04:00:00,1666.67,1671.01,1658.22,1669,6413.2087,2614.0113
2026-06-24 05:00:00,1669,1679.57,1667.8,1674.48,6618.8595,3657.1555
2026-06-24 06:00:00,1674.48,1677,1670.54,1674.89,5038.4681,2588.226
2026-06-24 07:00:00,1674.89,1678.53,1670.94,1673.12,6333.9631,3335.7887
2026-06-24 08:00:00,1673.13,1675.2,1669.23,1673.28,5571.6204,3317.1573
2026-06-24 09:00:00,1673.28,1673.38,1665.29,1667.15,6153.8632,3245.2228
2026-06-24 10:00:00,1667.14,1668,1662.88,1663.69,7390.6395,4321.8597
2026-06-24 11:00:00,1663.68,1693.67,1655.76,1679.57,14579.9312,7886.4214
2026-06-24 12:00:00,1679.57,1681.29,1670.52,1671.53,8195.6948,4005.3514
2026-06-24 13:00:00,1671.53,1672.17,1641.44,1645.43,27387.7547,13117.734
2026-06-24 14:00:00,1645.42,1657.4,1638.14,1647.26,23273.2898,11379.472
2026-06-24 15:00:00,1647.27,1651.24,1616.8,1618.08,29543.9569,11936.3887
2026-06-24 16:00:00,1618.08,1636.08,1585.2,1589.87,48596.7881,22971.3236
2026-06-24 17:00:00,1589.86,1597.83,1552.95,1560.66,44350.5832,20049.0714
2026-06-24 18:00:00,1560.66,1585.11,1556.86,1572.26,27727.0215,14079.6883
2026-06-24 19:00:00,1572.27,1585.39,1567.12,1584.58,14632.3502,8906.5694
2026-06-24 20:00:00,1584.59,1622.12,1580,1613.63,23963.5871,13697.6111
2026-06-24 21:00:00,1613.63,1621.81,1606.09,1621.37,10321.2757,6017.2062
2026-06-24 22:00:00,1621.37,1629.82,1613.65,1615.46,11234.9187,5296.7725
2026-06-24 23:00:00,1615.45,1623.46,1613.75,1622.17,6010.0615,3475.2951
2026-06-25 00:00:00,1622.18,1626.51,1616.56,1619.12,10082.8277,5030.7457
2026-06-25 01:00:00,1619.12,1624.24,1614.69,1620.72,5059.8255,2508.0068
2026-06-25 02:00:00,1620.73,1621.47,1615.04,1621,3603.6797,1875.706
2026-06-25 03:00:00,1621.01,1624.12,1616.23,1619.6,5190.7625,2266.1125
2026-06-25 04:00:00,1619.61,1636.52,1617.12,1635.03,10616.0313,6259.4047
2026-06-25 05:00:00,1635.04,1652.23,1633.58,1645.89,29374.7463,17447.0096
2026-06-25 06:00:00,1645.89,1660.54,1644.15,1653.95,13089.7778,8186.2678
2026-06-25 07:00:00,1653.95,1659.89,1651.22,1657.19,10508.2479,5818.3098
2026-06-25 08:00:00,1657.2,1658.98,1651.03,1652.92,5137.7257,2427.8002
2026-06-25 09:00:00,1652.93,1655.41,1646.62,1648.88,5291.9171,2916.4948
2026-06-25 10:00:00,1648.89,1649.83,1633.6,1636.58,12280.2774,6522.9488
2026-06-25 11:00:00,1636.58,1639.17,1628.05,1633.27,21315.38,13413.3953
2026-06-25 12:00:00,1633.28,1650.38,1624.71,1635.81,14082.1411,6998.4249
2026-06-25 13:00:00,1635.82,1640.98,1532.9,1538.15,69978.661,31572.7483
2026-06-25 14:00:00,1538.15,1593.07,1538.15,1568.37,74239.2585,39541.2066
2026-06-25 15:00:00,1568.37,1573.55,1544.68,1570.01,40193.9689,21219.8806
2026-06-25 16:00:00,1570.01,1587.7,1558.17,1562.04,27455.6057,16353.4216
2026-06-25 17:00:00,1562.04,1575.43,1557.56,1574.92,16173.2073,9191.487
2026-06-25 18:00:00,1574.92,1577.49,1560,1567.56,15081.155,8456.4204
2026-06-25 19:00:00,1567.56,1567.83,1554.6,1559.42,11610.4484,5546.106
2026-06-25 20:00:00,1559.41,1570.74,1556.73,1560.33,9081.7274,5113.8875
2026-06-25 21:00:00,1560.33,1583.09,1560.14,1580.77,11363.3588,6789.3267
2026-06-25 22:00:00,1580.76,1583.65,1566.62,1570.3,10594.8086,5673.2829
2026-06-25 23:00:00,1570.29,1579.82,1564.57,1567.84,9265.4654,5118.6341
2026-06-26 00:00:00,1567.86,1571.78,1563.69,1564.72,4929.4635,2445.9318
2026-06-26 01:00:00,1564.73,1568.65,1555.33,1560.13,7050.3691,2955.4456
2026-06-26 02:00:00,1560.13,1560.94,1520,1524.7,35180.3739,15735.0081
2026-06-26 03:00:00,1524.7,1563.65,1512,1557.93,36405.7942,19035.756
2026-06-26 04:00:00,1557.93,1560.7,1547.41,1549.79,8921.6847,4776.7869
2026-06-26 05:00:00,1549.8,1559.22,1548.4,1555.69,11399.796,6058.1781
2026-06-26 06:00:00,1555.68,1574.02,1543.43,1570.99,15077.4482,7245.9341
2026-06-26 07:00:00,1571,1586.5,1570.65,1581.12,33337.5574,20980.8512
2026-06-26 08:00:00,1581.12,1582.43,1563.55,1566.43,27853.2557,13798.3139
2026-06-26 09:00:00,1566.44,1567.28,1549.33,1552.99,16726.1838,7169.8014
2026-06-26 10:00:00,1552.99,1556.15,1545,1548.37,10405.9714,5233.4792
2026-06-26 11:00:00,1548.36,1555.2,1541.01,1545.14,15853.2916,6026.5384
2026-06-26 12:00:00,1545.15,1560.61,1527.81,1536.28,20616.5501,10714.0051
2026-06-26 13:00:00,1536.29,1571.4,1521.54,1569.4,35433.1384,19166.327
2026-06-26 14:00:00,1569.4,1575.36,1553.66,1559.98,33128.1114,17557.1481
2026-06-26 15:00:00,1559.98,1588.23,1559.56,1580.14,30928.0575,16380.1717
2026-06-26 16:00:00,1580.13,1594.7,1572.44,1577.84,19277.1459,10235.673
2026-06-26 17:00:00,1577.83,1589.03,1576.59,1581.92,14613.1395,8030.5851
2026-06-26 18:00:00,1581.91,1585.51,1570.32,1573.34,9649.542,5001.1853
2026-06-26 19:00:00,1573.35,1584.2,1570.5,1574.51,10709.8894,5419.5438
2026-06-26 20:00:00,1574.51,1583.4,1568,1571.03,12801.7066,7345.2556
2026-06-26 21:00:00,1571.02,1579.4,1568.43,1575.18,5129.5189,3043.0997
2026-06-26 22:00:00,1575.17,1579.45,1569.44,1577.95,4444.5729,2393.8501
2026-06-26 23:00:00,1577.94,1580.76,1574.44,1578.68,3818.8772,2385.4003
2026-06-27 00:00:00,1578.68,1582.07,1571.55,1576.82,3878.2438,1791.6213
2026-06-27 01:00:00,1576.83,1577.7,1574,1576.01,1579.7964,810.0864
2026-06-27 02:00:00,1576,1587.17,1574.64,1583.13,5372.9276,3396.6638
2026-06-27 03:00:00,1583.13,1585.09,1578.41,1580.62,8297.5749,2311.9399
2026-06-27 04:00:00,1580.62,1585.22,1579,1579.48,3722.0811,1634.1809
2026-06-27 05:00:00,1579.48,1581.12,1577,1578.65,4219.369,1587.2967
2026-06-27 06:00:00,1578.66,1584.61,1575.2,1582.71,3621.2467,1917.3497
2026-06-27 07:00:00,1582.71,1586.38,1580.39,1585.71,3657.5886,1976.5915
2026-06-27 08:00:00,1585.72,1585.95,1582.05,1584.18,5115.6115,1857.0481
2026-06-27 09:00:00,1584.18,1584.91,1579.39,1582.93,3278.6379,1289.4851
2026-06-27 10:00:00,1582.93,1584.97,1582.18,1584.31,2292.3254,1268.2406
2026-06-27 11:00:00,1584.31,1585.12,1579,1584,2769.0168,1556.5603
2026-06-27 12:00:00,1584,1586.49,1581.42,1585.95,3471.4236,2156.8458
2026-06-27 13:00:00,1585.95,1593.23,1584.98,1592.3,8300.5495,5341.6481
2026-06-27 14:00:00,1592.31,1598.88,1589.49,1594.68,7439.2954,4366.6242
2026-06-27 15:00:00,1594.68,1611.02,1594.09,1605.68,14977.0937,9681.6873
2026-06-27 16:00:00,1605.68,1607.92,1601.7,1606.97,4657.1413,2315.7444
2026-06-27 17:00:00,1606.98,1607.1,1588.6,1591.42,10759.7153,4657.7807
2026-06-27 18:00:00,1591.42,1594.7,1589.2,1593.92,2775.8577,1251.5901
2026-06-27 19:00:00,1593.91,1595.25,1573.36,1578.51,11430.8918,6146.6645
2026-06-27 20:00:00,1578.51,1583.24,1578.48,1581.48,2379.6934,1295.0533
2026-06-27 21:00:00,1581.48,1585.69,1573.93,1575.38,5770.0474,3203.0991
2026-06-27 22:00:00,1575.38,1579.56,1562.86,1578.98,7609.1967,3622.1324
2026-06-27 23:00:00,1578.98,1581.58,1570.55,1573.99,4217.0343,1950.2515
2026-06-28 00:00:00,1574,1578.08,1572.71,1574.75,2955.0191,1257.9352
2026-06-28 01:00:00,1574.74,1576.95,1570,1575.11,3504.1895,1558.0214
2026-06-28 02:00:00,1575.11,1580.05,1569.07,1572,4027.3051,1566.8846
2026-06-28 03:00:00,1572.01,1576.11,1572.01,1575.08,1672.754,761.6752
2026-06-28 04:00:00,1575.08,1577.34,1570.64,1574.32,3089.3636,1566.8244
2026-06-28 05:00:00,1574.32,1574.33,1564.33,1569.17,6581.5522,2895.0899
2026-06-28 06:00:00,1569.18,1570.65,1562.41,1567.84,5839.1572,3355.2307
2026-06-28 07:00:00,1567.85,1577.13,1567.84,1575.96,5527.1852,4084.7187
2026-06-28 08:00:00,1575.96,1585.32,1573.75,1581.58,8339.7096,4375.0732
2026-06-28 09:00:00,1581.58,1586.35,1578.37,1579.09,6148.2754,3613.836
2026-06-28 10:00:00,1579.08,1581.42,1572.23,1577.16,5257.7219,1968.0749
2026-06-28 11:00:00,1577.16,1584,1575.9,1582.87,4122.2234,1990.0527
2026-06-28 12:00:00,1582.86,1588.82,1578.21,1583.56,8975.4982,5133.1367
2026-06-28 13:00:00,1583.56,1583.85,1575.04,1579.68,4303.2526,2072.6222
2026-06-28 14:00:00,1579.68,1586.36,1577.92,1581.56,4893.5491,2651.373
2026-06-28 15:00:00,1581.55,1585.36,1577.2,1580.89,5502.2554,2287.9037
2026-06-28 16:00:00,1580.9,1581.94,1566.62,1572.85,9393.4685,4569.379
2026-06-28 17:00:00,1572.84,1577.36,1563.53,1572.35,6830.0724,3733.6755
2026-06-28 18:00:00,1572.34,1575.15,1569.08,1571.78,3637.0534,1803.4398
2026-06-28 19:00:00,1571.79,1574.55,1556.81,1564.62,6915.1044,2791.0331
2026-06-28 20:00:00,1564.61,1576.42,1564.3,1573.2,4705.0587,2712.9634
2026-06-28 21:00:00,1573.2,1573.87,1559.21,1563.62,4084.214,1743.0071
2026-06-28 22:00:00,1563.63,1582.29,1548.37,1557.09,15493.9496,6804.6489
2026-06-28 23:00:00,1557.08,1580.1,1555.35,1571.96,8383.2092,4764.3963
2026-06-29 00:00:00,1571.96,1574.69,1552.21,1573.53,9360.7204,4187.3709
2026-06-29 01:00:00,1573.53,1574.28,1560.19,1568.7,5801.2428,2898.1216
2026-06-29 02:00:00,1568.71,1579.15,1550.43,1576.6,12263.5163,6392.8932
2026-06-29 03:00:00,1576.6,1589.75,1576.6,1584.78,9914.2931,5630.6123
2026-06-29 04:00:00,1584.77,1585.05,1574.65,1575.5,4238.9336,1749.002
2026-06-29 05:00:00,1575.5,1583.1,1562.26,1583.1,8554.5454,4641.9835
2026-06-29 06:00:00,1583.1,1589.08,1579.81,1582.82,5429.1652,2679.2461
2026-06-29 07:00:00,1582.82,1584.9,1577.92,1580.16,5938.948,2660.7091
2026-06-29 08:00:00,1580.17,1582.33,1569.85,1572.98,7152.0886,2584.6772
2026-06-29 09:00:00,1572.98,1580.44,1570.49,1576.2,7628.9728,3685.0865
2026-06-29 10:00:00,1576.2,1587,1576.2,1578.6,7670.0029,3622.3205
2026-06-29 11:00:00,1578.6,1582.54,1570.32,1574.93,10782.3057,5518.2479
2026-06-29 12:00:00,1574.93,1597.28,1566.6,1576.11,29333.7411,15111.7749
2026-06-29 13:00:00,1576.12,1588.82,1564.85,1572.74,22887.3389,10336.979
2026-06-29 14:00:00,1572.74,1579.34,1557.35,1572.9,25528.2616,14444.6392
2026-06-29 15:00:00,1572.9,1585.41,1561.7,1580.26,22851.741,12770.9133
2026-06-29 16:00:00,1580.26,1587.71,1574.06,1585.37,13677.845,7495.1357
2026-06-29 17:00:00,1585.37,1637.58,1585.37,1628.03,47576.4852,24270.2465
2026-06-29 18:00:00,1628.04,1628.61,1618.37,1621.1,11128.5518,5084.7698
2026-06-29 19:00:00,1621.1,1627.36,1616.23,1625.6,8541.6103,3803.0493
2026-06-29 20:00:00,1625.6,1626.65,1617.37,1617.66,11491.5988,5860.2054
2026-06-29 21:00:00,1617.66,1623,1611.5,1619.99,8484.7618,4199.6149
2026-06-29 22:00:00,1620,1622.11,1610.36,1612.9,7654.4177,2654.874
2026-06-29 23:00:00,1612.9,1613.98,1607.41,1613.07,6077.8868,2731.0302
2026-06-30 00:00:00,1613.07,1614.41,1592.71,1594.41,14031.367,7889.8961
2026-06-30 01:00:00,1594.42,1599.83,1589,1593.92,9136.2958,4193.8302
2026-06-30 02:00:00,1593.92,1593.93,1586.49,1590.57,6252.3613,2523.7047
2026-06-30 03:00:00,1590.57,1596.18,1586.58,1587.18,5380.6859,2783.2812
2026-06-30 04:00:00,1587.18,1590.99,1579.79,1588.11,8118.7324,3023.1122
2026-06-30 05:00:00,1588.1,1592.02,1585.22,1591.6,6208.8648,3051.6455
2026-06-30 06:00:00,1591.61,1594.65,1589,1593.72,4198.2353,2461.4684
2026-06-30 07:00:00,1593.72,1596.25,1590.07,1592.51,6659.2553,3233.8625
2026-06-30 08:00:00,1592.51,1594.28,1579.54,1583.98,12844.0851,6526.8163
2026-06-30 09:00:00,1583.97,1587.03,1581.49,1585.35,6708.2319,2910.5448
2026-06-30 10:00:00,1585.35,1586.93,1582.23,1584.51,5569.3034,1997.8941
2026-06-30 11:00:00,1584.52,1586.15,1575.85,1578.58,8676.2458,3284.3134
2026-06-30 12:00:00,1578.57,1578.58,1551.33,1552.79,21763.4864,8350.972
2026-06-30 13:00:00,1552.8,1567.51,1550.2,1567.29,25249.4669,12253.3992
2026-06-30 14:00:00,1567.29,1578,1561.33,1563.52,14106.087,6852.49
2026-06-30 15:00:00,1563.52,1576.94,1557.35,1565.18,12920.771,6545.3204
2026-06-30 16:00:00,1565.19,1575,1561.84,1572.38,10466.6846,6104.5625
2026-06-30 17:00:00,1572.38,1577.1,1568.64,1570.86,6056.3848,2475.7693
2026-06-30 18:00:00,1570.87,1581.83,1569.59,1579.11,9113.0683,4213.9171
2026-06-30 19:00:00,1579.1,1581.92,1575.56,1580.53,6894.013,3466.6645
2026-06-30 20:00:00,1580.52,1582.98,1573.4,1575.99,6496.5523,2842.4672
2026-06-30 21:00:00,1575.99,1577.26,1570,1571.68,4676.418,2137.1565
2026-06-30 22:00:00,1571.68,1575.3,1566.81,1567.64,5732.2341,2541.7507
2026-06-30 23:00:00,1567.64,1572.8,1566,1572.01,4798.3738,2715.0012
2026-07-01 00:00:00,1572,1576.7,1566.13,1575.07,5170.8349,2954.5982
2026-07-01 01:00:00,1575.07,1586.6,1552.92,1577.91,20972.9935,11137.6888
2026-07-01 02:00:00,1577.91,1589.55,1574.53,1586.3,9847.6845,5645.5885
2026-07-01 03:00:00,1586.3,1599.19,1582.45,1594.81,13735.444,8735.1433
2026-07-01 04:00:00,1594.81,1604.02,1590.89,1599.35,10850.5559,5222.6653
2026-07-01 05:00:00,1599.35,1600.83,1591.21,1593,7409.7686,3847.8654
2026-07-01 06:00:00,1593,1593.15,1571.5,1575.99,14828.2999,7148.734
2026-07-01 07:00:00,1575.99,1581.19,1572.5,1578.36,6847.453,3583.8613
2026-07-01 08:00:00,1578.36,1582.37,1568.51,1582.37,6285.3084,3091.3256
2026-07-01 09:00:00,1582.36,1585.33,1578.68,1581.01,7492.7088,3691.8361
2026-07-01 10:00:00,1581,1581.52,1572.11,1573.43,5702.4791,2287.3627
2026-07-01 11:00:00,1573.43,1575.96,1567.13,1569.89,6688.4104,3266.8568
2026-07-01 12:00:00,1569.88,1572.49,1565.26,1570.24,7560.239,4091.6636
2026-07-01 13:00:00,1570.24,1598,1570,1597.22,20616.9671,11488.0566
2026-07-01 14:00:00,1597.22,1617.04,1591.2,1601.18,38319.4006,18269.8442
2026-07-01 15:00:00,1601.19,1631,1600.98,1620.09,28006.7756,13464.1846
2026-07-01 16:00:00,1620.1,1629.26,1612.77,1614.54,13891.3461,7451.2368
2026-07-01 17:00:00,1614.54,1624.79,1607.17,1622.72,10580.0853,5776.3881
2026-07-01 18:00:00,1622.72,1624.5,1612.01,1616.59,7761.2219,3680.2727
2026-07-01 19:00:00,1616.59,1624,1614.42,1618.09,8988.5581,3704.8134
2026-07-01 20:00:00,1618.07,1620.46,1610.38,1617.68,8568.5384,4356.4862
2026-07-01 21:00:00,1617.67,1638.63,1617.55,1632.12,18296.0103,10653.8722
2026-07-01 22:00:00,1632.11,1646.26,1620.58,1621.63,17822.8349,9041.3626
2026-07-01 23:00:00,1621.62,1621.63,1608.35,1609.58,10292.3927,3777.7952
2026-07-02 00:00:00,1609.59,1609.8,1597.22,1603.42,10412.1329,4563.8404
2026-07-02 01:00:00,1603.42,1625,1602.63,1620.48,8577.1529,5303.8303
2026-07-02 02:00:00,1620.47,1624.45,1614.64,1620.68,6676.4185,2727.8232
2026-07-02 03:00:00,1620.69,1642.32,1618.12,1639.47,19491.7734,13080.8381
2026-07-02 04:00:00,1639.46,1639.94,1630.44,1632.71,10670.8888,4723.2466
2026-07-02 05:00:00,1632.71,1634.84,1625.21,1626.5,6765.4143,2805.5454
2026-07-02 06:00:00,1626.51,1629.88,1617.51,1619.14,8049.3462,3441.6962
2026-07-02 07:00:00,1619.14,1619.88,1614.32,1615.97,14349.358,6526.1935
2026-07-02 08:00:00,1615.97,1626.35,1615.08,1624.92,8243.2229,4937.7222
2026-07-02 09:00:00,1624.91,1651.95,1620.34,1643.33,27834.7307,16039.0292
2026-07-02 10:00:00,1643.32,1649.62,1641.48,1646.12,12264.0883,7502.7452
2026-07-02 11:00:00,1646.12,1657.53,1644.53,1650.32,22336.0921,11200.3977
2026-07-02 12:00:00,1650.31,1669.72,1647.66,1662.82,25143.5073,14953.7664
2026-07-02 13:00:00,1662.81,1713.77,1660.73,1710.72,70316.272,42009.3077
2026-07-02 14:00:00,1710.73,1725,1692.96,1701.55,46156.9842,23405.5288
2026-07-02 15:00:00,1701.55,1703.5,1688.72,1697.05,15806.44,7956.3824
2026-07-02 16:00:00,1697.06,1704,1686.49,1699.67,15511.6102,7599.5388
2026-07-02 17:00:00,1699.66,1705.94,1694.51,1695.89,10016.6606,4453.4827
2026-07-02 18:00:00,1695.88,1707.14,1695.45,1702.06,6185.1802,2680.6652
2026-07-02 19:00:00,1702.05,1705.53,1694.75,1700.15,6640.0703,3096.061
2026-07-02 20:00:00,1700.15,1706.68,1696.08,1705.75,6054.8546,3134.7249
2026-07-02 21:00:00,1705.75,1705.89,1697.36,1700.23,6841.1257,2585.9216
2026-07-02 22:00:00,1700.23,1700.98,1694.2,1696.88,4106.7179,2168.1046
2026-07-02 23:00:00,1696.88,1701.8,1692.13,1700.57,5003.4662,2890.1587
2026-07-03 00:00:00,1700.57,1702.98,1694.72,1696.75,6275.857,2590.2995
2026-07-03 01:00:00,1696.75,1718.97,1695.34,1712.33,14375.0928,8778.994
2026-07-03 02:00:00,1712.33,1715.33,1696.23,1704.76,8846.1544,3794.9448
2026-07-03 03:00:00,1704.75,1712.11,1699.53,1706.43,4972.0058,3101.3092
2026-07-03 04:00:00,1706.43,1708.5,1702.34,1703.08,5425.9664,2798.0452
2026-07-03 05:00:00,1703.07,1721.8,1702.28,1714.92,8051.4626,4594.6919
2026-07-03 06:00:00,1714.93,1721.53,1712.94,1716.03,5814.7847,2947.4485
2026-07-03 07:00:00,1716.03,1722.21,1713.97,1717.77,11185.8006,5147.4191
2026-07-03 08:00:00,1717.77,1735.13,1715.68,1719.89,16499.8712,9247.8841
2026-07-03 09:00:00,1719.89,1731.25,1717.03,1726.28,8910.3848,4313.7701
2026-07-03 10:00:00,1726.27,1749,1726.26,1742.16,17896.7277,10557.2452
2026-07-03 11:00:00,1742.17,1748,1737.47,1742.54,11215.5541,5274.8555
2026-07-03 12:00:00,1742.54,1745.03,1731.55,1736.44,8572.5906,3827.9389
2026-07-03 13:00:00,1736.44,1753.29,1736.09,1748.15,18552.7621,11013.3236
2026-07-03 14:00:00,1748.14,1748.15,1728.99,1737.14,16334.1686,7836.8305
2026-07-03 15:00:00,1737.15,1745.9,1729.75,1731.24,9633.8875,4754.0854
2026-07-03 16:00:00,1731.24,1735.5,1727.87,1733.63,4503.3655,2202.8354
2026-07-03 17:00:00,1733.62,1741.86,1732.33,1738.18,5441.9173,2782.2245
2026-07-03 18:00:00,1738.19,1741.13,1736.19,1738.77,4412.3928,2310.7503
2026-07-03 19:00:00,1738.78,1753,1737.34,1745.38,12018.8234,6819.5889
2026-07-03 20:00:00,1745.39,1774,1743.61,1766.15,23241.5026,13644.8327
2026-07-03 21:00:00,1766.15,1775.78,1756.75,1763.46,12003.7722,6489.3868
2026-07-03 22:00:00,1763.46,1764.06,1756,1757.52,6188.9657,2563.6787
2026-07-03 23:00:00,1757.53,1762.03,1755.45,1758.21,4043.0576,2436.7526
2026-07-04 00:00:00,1758.22,1764,1756.5,1758.7,3683.7169,2037.2996
2026-07-04 01:00:00,1758.7,1758.7,1746,1747.93,7014.5287,2766.109
2026-07-04 02:00:00,1747.93,1751.04,1744.09,1749.31,3003.3672,1427.5781
2026-07-04 03:00:00,1749.31,1756.74,1747.26,1753.92,4996.5654,2975.8588
2026-07-04 04:00:00,1753.91,1764.61,1752,1761.67,5721.9484,3066.3383
2026-07-04 05:00:00,1761.68,1761.68,1753.27,1755.99,5276.3624,3199.3574
2026-07-04 06:00:00,1755.98,1761.27,1751.72,1754.77,10308.1591,4975.6181
2026-07-04 07:00:00,1754.78,1759.67,1752.86,1758.19,6166.4406,3339.2162
2026-07-04 08:00:00,1758.18,1765.55,1757.39,1762.31,4156.4202,2147.4071
2026-07-04 09:00:00,1762.3,1763.05,1755,1758.13,4166.5661,1789.9937
2026-07-04 10:00:00,1758.12,1760.88,1757.12,1759.14,5248.4058,2498.5955
2026-07-04 11:00:00,1759.14,1760.15,1756.19,1758.24,3639.5401,1695.5794
2026-07-04 12:00:00,1758.23,1766.45,1758.23,1764.22,5574.7721,2971.1195
2026-07-04 13:00:00,1764.22,1778.63,1761.62,1764.06,12097.1614,6646.8494
2026-07-04 14:00:00,1764.05,1775,1763.92,1772.23,7318.7116,4754.1966
2026-07-04 15:00:00,1772.23,1799.92,1772.22,1791.09,27008.3286,15475.2144
2026-07-04 16:00:00,1791.08,1792,1783.32,1786.81,9177.8041,4489.5055
2026-07-04 17:00:00,1786.81,1807.65,1779,1799.36,29134.5021,13913.871
2026-07-04 18:00:00,1799.36,1805.84,1791.58,1793.63,11047.1945,6098.315
2026-07-04 19:00:00,1793.62,1797.66,1788.47,1792.83,5951.6743,3065.1976
2026-07-04 20:00:00,1792.83,1795.81,1783.84,1787.15,5589.824,2925.2045
2026-07-04 21:00:00,1787.15,1794.25,1786.24,1789.25,2648.906,1527.6944
2026-07-04 22:00:00,1789.25,1789.45,1782.19,1784.73,2861.6926,1427.0544
2026-07-04 23:00:00,1784.73,1785.59,1772.1,1780.64,9087.5575,3702.5923
2026-07-05 00:00:00,1780.64,1780.75,1769.64,1772.71,6958.1122,2569.7876
2026-07-05 01:00:00,1772.7,1774.66,1760.72,1766.62,10008.1144,4076.3152
2026-07-05 02:00:00,1766.61,1767.79,1757,1760.88,13241.5343,4206.6281
2026-07-05 03:00:00,1760.87,1764,1757.76,1761.59,6232.6391,3367.4712
2026-07-05 04:00:00,1761.58,1772.69,1760.07,1767.54,13059.2661,6353.8708
2026-07-05 05:00:00,1767.53,1767.87,1760.5,1765.98,16392.0146,8285.6309
2026-07-05 06:00:00,1765.98,1768,1762.01,1764.69,33430.8825,15640.9022
2026-07-05 07:00:00,1764.69,1772.35,1761.76,1770.1,34375.0591,16238.7661
2026-07-05 08:00:00,1770.09,1773.27,1766.46,1767.71,37769.8138,17352.5578
2026-07-05 09:00:00,1767.72,1767.83,1748.79,1757.98,128409.6927,61501.2677
2026-07-05 10:00:00,1757.99,1761.96,1755.03,1761.39,5053.513,2521.6746
2026-07-05 11:00:00,1761.39,1765,1758.7,1760.08,4765.4416,1927.7928
2026-07-05 12:00:00,1760.08,1769.44,1756.03,1765.12,4749.4524,2918.5769
2026-07-05 13:00:00,1765.12,1767.55,1761.51,1766.26,2946.7199,1075.7799
2026-07-05 14:00:00,1766.25,1772.77,1764.96,1772.56,3839.5301,2093.821
2026-07-05 15:00:00,1772.56,1781.28,1770.11,1774.67,8462.2846,4816.2333
2026-07-05 16:00:00,1774.66,1777.5,1770.31,1773,4477.9769,2400.3291
2026-07-05 17:00:00,1773,1785.75,1772.99,1779.48,6807.844,2912.8744
2026-07-05 18:00:00,1779.47,1786.23,1777.8,1781.28,4040.3175,1871.4469
2026-07-05 19:00:00,1781.28,1784.52,1777.7,1781.43,2877.4016,1066.8665
2026-07-05 20:00:00,1781.44,1783.53,1776.26,1777.1,1915.6405,706.386
2026-07-05 21:00:00,1777.1,1793.25,1769.29,1786.88,10803.2629,5334.7275
2026-07-05 22:00:00,1786.91,1808,1784.34,1790,19757.5895,11972.1717
2026-07-05 23:00:00,1789.99,1802.75,1782.75,1785.65,9299.3158,4903.278
2026-07-06 00:00:00,1785.65,1794.13,1774.35,1793.28,10212.8482,5289.6748
2026-07-06 01:00:00,1793.27,1799.02,1785.4,1786.31,5674.4473,2879.7071
2026-07-06 02:00:00,1786.31,1790.28,1779.26,1783.71,6310.4752,2713.0309
2026-07-06 03:00:00,1783.71,1784.99,1772.22,1779.71,6649.5881,2860.9192
2026-07-06 04:00:00,1779.7,1784.79,1776.34,1777.98,9109.7617,5211.1965
2026-07-06 05:00:00,1777.98,1778.18,1764.42,1774.06,7877.246,2968.5167
2026-07-06 06:00:00,1774.06,1775.28,1769.23,1769.63,3980.864,1596.3811
2026-07-06 07:00:00,1769.64,1775.54,1766.98,1772.32,5935.9849,3034.3335
2026-07-06 08:00:00,1772.32,1778.6,1763.08,1765.55,7580.279,3384.9553
2026-07-06 09:00:00,1765.54,1766.3,1755.77,1758.67,9014.2317,3690.0867
2026-07-06 10:00:00,1758.67,1774.32,1758.24,1771.09,9282.1222,5177.1631
2026-07-06 11:00:00,1771.1,1775.65,1759.59,1759.64,7461.898,3486.1923
2026-07-06 12:00:00,1759.64,1760.92,1735.27,1740.85,36298.1457,16561.3178
2026-07-06 13:00:00,1740.85,1753.54,1728.95,1744.89,23443.4343,11613.5287
2026-07-06 14:00:00,1744.89,1763.14,1742.1,1751.78,12993.1333,6318.1083
2026-07-06 15:00:00,1751.79,1788.96,1751.56,1788.57,29447.7745,19054.571
2026-07-06 16:00:00,1788.57,1805,1782.42,1792.51,35024.3913,20711.1542
2026-07-06 17:00:00,1792.5,1800.4,1787.3,1788.26,14958.378,5746.0624
2026-07-06 18:00:00,1788.27,1796.24,1786.76,1792.68,5560.2591,2798.6966
2026-07-06 19:00:00,1792.69,1798.8,1791.18,1792.76,5042.2142,1767.928
2026-07-06 20:00:00,1792.76,1796.4,1787.26,1793.04,4815.4255,1937.1873
2026-07-06 21:00:00,1793.04,1833.4,1792.63,1814.88,35802.7792,21853.0657
2026-07-06 22:00:00,1814.88,1816.82,1804.7,1806.3,6468.8063,2969.1577
2026-07-06 23:00:00,1806.29,1810.08,1797.55,1799.56,6934.8427,2660.9885
2026-07-07 00:00:00,1799.56,1810.16,1794.86,1803.74,8258.8655,4516.2139
2026-07-07 01:00:00,1803.74,1803.74,1787.35,1792.64,10940.2805,4759.7009
2026-07-07 02:00:00,1792.65,1794.48,1777,1778.57,9702.1502,3487.5959
2026-07-07 03:00:00,1778.57,1781.56,1768.85,1771.56,8523.348,4071.727
2026-07-07 04:00:00,1771.55,1773.71,1762.66,1766.53,8330.3288,3462.2034
2026-07-07 05:00:00,1766.52,1773.71,1757.57,1770.58,10294.8442,4689.1818
2026-07-07 06:00:00,1770.57,1782.39,1764.84,1779.11,12917.9523,7616.868
2026-07-07 07:00:00,1779.11,1782.59,1771.08,1771.24,5410.5719,2724.6382
2026-07-07 08:00:00,1771.23,1775.8,1768.37,1770.78,8034.4276,4660.4438
2026-07-07 09:00:00,1770.77,1783.04,1768.81,1778.16,8425.7555,5083.6915
2026-07-07 10:00:00,1778.16,1784.66,1774.35,1775.8,6740.8404,3073.9158
2026-07-07 11:00:00,1775.8,1785,1772,1780.77,4518.8445,2434.9745
2026-07-07 12:00:00,1780.77,1794.57,1780.27,1781.97,10488.4658,6057.1224
2026-07-07 13:00:00,1781.97,1783.28,1766.06,1769.01,16012.744,8066.5111
2026-07-07 14:00:00,1769.02,1792.93,1761.19,1789.46,21986.8013,11109.3545
2026-07-07 15:00:00,1789.45,1803.03,1783,1797.45,16643.7733,9632.25
2026-07-07 16:00:00,1797.45,1813.16,1792.44,1802.23,14026.2167,7205.8686
2026-07-07 17:00:00,1802.23,1810.39,1798.54,1810.39,8332.286,4212.7146
2026-07-07 18:00:00,1810.39,1810.39,1785.88,1786.6,10232.44,3907.6165
2026-07-07 19:00:00,1786.6,1792.39,1773.5,1790.45,14007.652,6205.1408
2026-07-07 20:00:00,1790.46,1793.12,1781.39,1784.12,5049.3563,2219.0552
2026-07-07 21:00:00,1784.12,1789.4,1771.05,1773.84,11249.4179,3392.5111
2026-07-07 22:00:00,1773.83,1778.57,1765.35,1775.55,7075.2101,3103.4358
2026-07-07 23:00:00,1775.55,1780.94,1768,1771.45,4334.1525,1525.7832
2026-07-08 00:00:00,1771.45,1785,1770.02,1780.29,7805.2465,4481.9951
2026-07-08 01:00:00,1780.29,1780.75,1750,1755.94,15773.1709,6277.5532
2026-07-08 02:00:00,1755.93,1759.67,1741.21,1757.62,14172.6562,6164.8668
2026-07-08 03:00:00,1757.63,1763.87,1749.21,1751.78,7909.3394,3613.9927
2026-07-08 04:00:00,1751.74,1758,1749.49,1756.5,5605.2015,2564.791
2026-07-08 05:00:00,1756.5,1759.69,1750.65,1754.14,5002.9563,2254.5522
2026-07-08 06:00:00,1754.15,1755,1746.34,1751.81,7293.5031,4153.2467
2026-07-08 07:00:00,1751.81,1757.4,1745.01,1756.7,7480.5338,4492.9245
2026-07-08 08:00:00,1756.7,1758.7,1725.18,1735.32,32556.4033,13576.7599
2026-07-08 09:00:00,1735.32,1740.77,1729.7,1736.05,10459.0811,5030.0211
2026-07-08 10:00:00,1736.06,1742.3,1732.6,1739.34,5418.1347,3031.5222
2026-07-08 11:00:00,1739.34,1750.96,1736.02,1747.95,8362.7553,4440.3602
2026-07-08 12:00:00,1747.95,1751.25,1738.2,1738.58,8062.1841,4129.902
2026-07-08 13:00:00,1738.58,1744.25,1731.22,1737.72,12548.5749,6012.5019
2026-07-08 14:00:00,1737.71,1740.95,1722.13,1729.62,14284.7821,6707.6637
2026-07-08 15:00:00,1729.62,1730.53,1713.44,1722.96,17338.056,7966.3125
2026-07-08 16:00:00,1722.96,1738.18,1722.78,1736.38,9231.429,5142.7523
2026-07-08 17:00:00,1736.39,1746.52,1730.96,1733.15,10650.8526,5321.8227
2026-07-08 18:00:00,1733.16,1741.2,1730.03,1737.46,6602.4985,3379.8292
2026-07-08 19:00:00,1737.46,1741.52,1733.61,1740.98,4899.933,2193.9536
2026-07-08 20:00:00,1740.99,1741.31,1734.62,1736.42,4235.4422,1677.3019
2026-07-08 21:00:00,1736.42,1740,1731.41,1738.06,2971.6202,1372.0753
2026-07-08 22:00:00,1738.07,1743.43,1736.83,1741.4,2733.6635,1388.6535
2026-07-08 23:00:00,1741.39,1744.81,1738.82,1743.54,3833.2072,2065.2238
2026-07-09 00:00:00,1743.55,1744.68,1736.98,1738.22,4559.4541,1921.6466
2026-07-09 01:00:00,1738.22,1756.79,1730.29,1731.79,12551.3305,5506.0739
2026-07-09 02:00:00,1731.8,1739.47,1723.6,1727.3,6230.846,2920.5209
2026-07-09 03:00:00,1727.3,1734.61,1721.93,1730.7,4448.9758,2196.4304
2026-07-09 04:00:00,1730.7,1743.94,1730.35,1742.51,5752.1293,2938.8878
2026-07-09 05:00:00,1742.51,1749.48,1737.46,1749.39,7363.7948,4088.2867
2026-07-09 06:00:00,1749.38,1755.69,1745.91,1755.26,10243.236,6552.8721
2026-07-09 07:00:00,1755.27,1762.36,1749.83,1753.31,14267.9858,7825.6699
2026-07-09 08:00:00,1753.3,1758.68,1750.92,1754.45,4961.8945,2542.9502
2026-07-09 09:00:00,1754.45,1756.52,1749.47,1755.78,5100.4466,2884.0137
2026-07-09 10:00:00,1755.77,1757.34,1744.1,1746.31,4382.0395,1754.0209
2026-07-09 11:00:00,1746.31,1748.49,1741.26,1744.02,5775.6143,2098.4023
2026-07-09 12:00:00,1744.02,1747.2,1734.7,1741.8,19303.9449,8489.7727
2026-07-09 13:00:00,1741.8,1752,1735.94,1746.99,12891.6653,7180.85
2026-07-09 14:00:00,1746.99,1749.83,1733.36,1743.14,12621.6315,5272.942
2026-07-09 15:00:00,1743.14,1749.37,1737.52,1739.51,5941.4718,3318.4006
2026-07-09 16:00:00,1739.51,1743.84,1731.99,1739.25,5567.8378,2847.9347
2026-07-09 17:00:00,1739.25,1752.5,1738.46,1748.52,5902.7665,3562.3084
2026-07-09 18:00:00,1748.53,1759.82,1747.47,1751.55,8365.6834,5145.9754
2026-07-09 19:00:00,1751.56,1752.95,1747.12,1748.51,4098.7671,1688.8452
2026-07-09 20:00:00,1748.51,1750.36,1745.27,1748.76,3290.1512,1798.1411
2026-07-09 21:00:00,1748.77,1750.97,1745.01,1748.17,3391.9713,1714.8139
2026-07-09 22:00:00,1748.17,1751.08,1746.33,1747.52,2982.5422,1577.9565
2026-07-09 23:00:00,1747.53,1749.07,1741.56,1745.16,3709.077,1407.4115
2026-07-10 00:00:00,1745.17,1746.42,1737.68,1743.09,4484.7128,1980.9096
2026-07-10 01:00:00,1743.09,1777.47,1738.25,1767.62,21949.684,11626.29
2026-07-10 02:00:00,1767.62,1775,1764.56,1772.86,9964.5334,5772.8228
2026-07-10 03:00:00,1772.87,1779.68,1769.22,1776.12,8951.6011,4760.8223
2026-07-10 04:00:00,1776.13,1780.33,1771.94,1774.75,6935.6825,3659.4886
2026-07-10 05:00:00,1774.74,1780,1772.54,1779.04,5928.9942,3149.6236
2026-07-10 06:00:00,1779.04,1779.88,1769.23,1771.17,6368.2482,2978.0494
2026-07-10 07:00:00,1771.17,1777.45,1768.57,1773.2,4620.3744,1776.7471
2026-07-10 08:00:00,1773.2,1789.59,1772.63,1783.99,10180.5542,5821.3403
2026-07-10 09:00:00,1783.99,1794.94,1781.27,1792.56,10631.991,5577.1441
2026-07-10 10:00:00,1792.55,1802.99,1789.45,1797.01,13415.1511,8459.0347
2026-07-10 11:00:00,1797.01,1802.41,1794.25,1801.22,12000.0323,6080.4047
2026-07-10 12:00:00,1801.22,1807.18,1792.98,1793.95,14822.5825,7593.275
2026-07-10 13:00:00,1793.95,1812,1793.65,1803.82,14696.7191,8422.4229
2026-07-10 14:00:00,1803.82,1804.49,1775,1785.06,18781.4258,8827.1314
2026-07-10 15:00:00,1785.06,1796.88,1784.03,1791.11,8899.216,4783.3501
2026-07-10 16:00:00,1791.11,1799.53,1785.86,1797.49,7780.2187,3671.2718
2026-07-10 17:00:00,1797.48,1799,1788.02,1788.03,6049.0319,1907.3005
2026-07-10 18:00:00,1788.03,1794,1781.2,1784.94,6073.9716,2607.9174
2026-07-10 19:00:00,1784.94,1797.31,1784.1,1792.68,6542.4264,3759.4125
2026-07-10 20:00:00,1792.68,1794.46,1789.65,1790.14,5201.0439,2595.1367
2026-07-10 21:00:00,1790.13,1796.99,1789.6,1794.37,5005.503,2366.8955
2026-07-10 22:00:00,1794.37,1796.62,1792.95,1795.2,3421.8874,1649.2217
2026-07-10 23:00:00,1795.2,1798,1792.57,1796.85,2900.219,1714.89
2026-07-11 00:00:00,1796.85,1797.2,1790.1,1793.36,3618.9527,1722.8189
2026-07-11 01:00:00,1793.35,1799.29,1788.25,1789.09,5003.1604,2395.1524
2026-07-11 02:00:00,1789.09,1796.14,1786.77,1795.59,4151.1043,2352.2559
2026-07-11 03:00:00,1795.59,1798.24,1792.03,1796.5,3677.8442,1837.7821
2026-07-11 04:00:00,1796.5,1800.18,1795.75,1796.53,3954.4207,2790.7612
2026-07-11 05:00:00,1796.52,1802.27,1795.07,1799.45,4300.63,2432.0047
2026-07-11 06:00:00,1799.44,1803.29,1794.6,1799.32,8839.6665,4605.2121
2026-07-11 07:00:00,1799.31,1802,1797.93,1800,5908.3944,2068.2649
2026-07-11 08:00:00,1799.99,1803.52,1799.58,1801.47,2510.2973,1028.1405
2026-07-11 09:00:00,1801.47,1802.59,1795.15,1795.5,3701.7549,1476.9468
2026-07-11 10:00:00,1795.51,1799.28,1795.23,1798.3,2958.8759,958.2167
2026-07-11 11:00:00,1798.3,1801.02,1797.2,1800.48,3992.7228,2282.6959
2026-07-11 12:00:00,1800.47,1801.66,1798.42,1800.1,2803.0121,1214.5117
2026-07-11 13:00:00,1800.1,1808.37,1799.15,1802.61,4888.9376,2104.669
2026-07-11 14:00:00,1802.61,1817.62,1802.48,1810.73,13659.347,7010.4335
2026-07-11 15:00:00,1810.73,1828,1808.73,1814.83,27611.2584,12899.4954
2026-07-11 16:00:00,1814.82,1824.43,1810.62,1823.34,17930.4094,7757.6671
2026-07-11 17:00:00,1823.34,1830,1818.42,1824.73,7153.2814,3358.4045
2026-07-11 18:00:00,1824.72,1830,1823.7,1826.39,6844.0462,3299.1434
2026-07-11 19:00:00,1826.39,1827.21,1818.96,1824.38,12178.8537,6199.9832
2026-07-11 20:00:00,1824.38,1828.57,1823.21,1825.97,3595.7554,1371.4697
2026-07-11 21:00:00,1825.97,1829.17,1822.65,1823.97,3406.4865,1749.9432
2026-07-11 22:00:00,1823.96,1824.21,1809.26,1813.73,7981.4488,3249.1839
2026-07-11 23:00:00,1813.73,1815.86,1786.58,1787.76,18032.7577,6682.8409
2026-07-12 00:00:00,1787.76,1791.18,1779.46,1788.98,11937.4912,4634.3531
2026-07-12 01:00:00,1788.98,1808.3,1788.16,1806.7,8466.368,4910.6357
2026-07-12 02:00:00,1806.7,1807.6,1802.97,1805.12,3503.1599,1441.6346
2026-07-12 03:00:00,1805.11,1813.67,1802.66,1811.53,6583.9137,3481.1323
2026-07-12 04:00:00,1811.53,1812.63,1804.15,1805.92,3232.0753,1227.7699
2026-07-12 05:00:00,1805.92,1807.15,1801.3,1803.25,2322.3498,1004.2622
2026-07-12 06:00:00,1803.25,1803.25,1789.44,1795.13,6351.426,2032.8822
2026-07-12 07:00:00,1795.14,1799.1,1794.2,1798.78,2575.7308,1245.2191
2026-07-12 08:00:00,1798.78,1808.94,1798.73,1805.22,3448.4174,1905.513
2026-07-12 09:00:00,1805.22,1805.99,1796.69,1802.39,3895.0867,1713.2229
2026-07-12 10:00:00,1802.4,1802.58,1798.99,1799.4,2402.4827,1153.2695
2026-07-12 11:00:00,1799.41,1806.84,1796.48,1803.77,3917.3923,1864.155
2026-07-12 12:00:00,1803.77,1809.42,1803,1807.01,2524.4339,1225.8633
2026-07-12 13:00:00,1807.02,1809.78,1805.33,1805.95,2484.6762,1377.4748
2026-07-12 14:00:00,1805.95,1822,1804.2,1819.51,11538.3428,7275.4676
2026-07-12 15:00:00,1819.5,1826.92,1816.54,1820.93,16127.378,8974.1124
2026-07-12 16:00:00,1820.94,1824.39,1817.6,1822,12343.5195,5330.088
2026-07-12 17:00:00,1821.99,1822.54,1814.85,1818.5,5327.096,1796.4088
2026-07-12 18:00:00,1818.51,1822.38,1815.12,1821.42,5070.4522,2325.5206
2026-07-12 19:00:00,1821.42,1823,1818.71,1821.4,4492.9629,2847.0687
2026-07-12 20:00:00,1821.4,1824,1818.8,1821.26,3550.7459,1759.5461
2026-07-12 21:00:00,1821.26,1823.63,1810.78,1812.28,4999.7281,2012.9309
2026-07-12 22:00:00,1812.27,1812.27,1797.63,1805.06,10013.1409,4124.0685
2026-07-12 23:00:00,1805.05,1808.94,1801,1806.8,3964.6133,1879.5333
2026-07-13 00:00:00,1806.8,1846,1804.41,1826.59,45581.4935,23538.7549
2026-07-13 01:00:00,1826.6,1829.99,1805.32,1806.83,13467.7705,6586.12
2026-07-13 02:00:00,1806.84,1814.82,1798.99,1806.99,12025.5538,6237.2958
2026-07-13 03:00:00,1806.99,1806.99,1775,1780.55,28414.5054,11421.8121
2026-07-13 04:00:00,1780.54,1785.16,1776.42,1779.03,7879.8209,3980.6285
2026-07-13 05:00:00,1779.03,1786.61,1773.99,1781.64,10049.8184,4239.0056
2026-07-13 06:00:00,1781.64,1783.42,1775.96,1777.85,7014.6965,2895.3148
2026-07-13 07:00:00,1777.85,1791.39,1776.44,1787.57,9229.3896,4791.7005
2026-07-13 08:00:00,1787.58,1793.56,1783.86,1790.17,7102.9688,3699.3616
2026-07-13 09:00:00,1790.18,1790.55,1784.92,1785.81,4441.8454,1506.3101
2026-07-13 10:00:00,1785.81,1786.89,1777.1,1779.43,8604.8338,2775.9612
2026-07-13 11:00:00,1779.43,1784.98,1779.43,1780.74,4821.3527,2752.7261
2026-07-13 12:00:00,1780.74,1783.54,1767.73,1772.33,13917.3552,6205.2468
2026-07-13 13:00:00,1772.33,1776.54,1763.46,1771.3,16550.7364,6741.1157
2026-07-13 14:00:00,1771.3,1782,1762.44,1781.74,19924.444,9744.5877
2026-07-13 15:00:00,1781.74,1786.53,1775.5,1777.01,7213.6617,3384.1784
2026-07-13 16:00:00,1777,1780.73,1767.38,1772.05,8562.9868,4430.6141
2026-07-13 17:00:00,1772.05,1776.33,1753.25,1753.62,16382.0209,7472.968
2026-07-13 18:00:00,1753.62,1767.39,1750.2,1764.9,16733.3896,7440.6534
2026-07-13 19:00:00,1764.9,1775.26,1764.51,1774.92,7678.5797,4050.4373
2026-07-13 20:00:00,1774.93,1776.99,1761.72,1767.33,5722.3299,2524.5107
2026-07-13 21:00:00,1767.34,1767.34,1752.59,1761.68,8959.9707,4144.1195
2026-07-13 22:00:00,1761.68,1768.45,1756.41,1758.5,5489.761,2757.8755
2026-07-13 23:00:00,1758.51,1778.05,1756.49,1776.72,9262.3346,5712.098
2026-07-14 00:00:00,1776.71,1788.64,1773.41,1786.02,8453.577,4238.296
2026-07-14 01:00:00,1786.02,1794.47,1783.27,1784.84,8797.1228,5167.7428
2026-07-14 02:00:00,1784.83,1789.02,1775.07,1782.66,4929.1279,2270.8535
2026-07-14 03:00:00,1782.67,1783.96,1774.75,1783.65,3656.0138,1855.7673
2026-07-14 04:00:00,1783.64,1789.99,1782.26,1785.93,5691.2412,2753.583
2026-07-14 05:00:00,1785.92,1793.26,1784.53,1787.04,6015.8697,3452.1457
2026-07-14 06:00:00,1787.03,1787.4,1781.92,1783.19,4426.5235,1772.1704
2026-07-14 07:00:00,1783.19,1786.55,1779.41,1781.21,6999.264,4491.8527
2026-07-14 08:00:00,1781.21,1789.61,1779,1785.93,6336.9061,2715.7281
2026-07-14 09:00:00,1785.94,1789.56,1782.9,1786.19,5397.6891,2890.5023
2026-07-14 10:00:00,1786.19,1805,1786.11,1800.12,27952.7187,14818.182
2026-07-14 11:00:00,1800.13,1802.95,1795.82,1798.09,7829.777,4713.887
2026-07-14 12:00:00,1798.09,1867.71,1794.37,1861.04,78226.0812,51006.7807
2026-07-14 13:00:00,1861.04,1882.85,1854.41,1871.31,59074.2425,30318.9111
2026-07-14 14:00:00,1871.3,1884.56,1859.46,1881.16,27015.0555,13493.0284
2026-07-14 15:00:00,1881.17,1888.8,1872.85,1875.22,28696.3813,14653.7751
2026-07-14 16:00:00,1875.22,1877.07,1868.76,1873.79,12744.1414,7119.652
2026-07-14 17:00:00,1873.8,1873.8,1860.56,1871.54,12580.7554,6704.6512
2026-07-14 18:00:00,1871.55,1876.83,1868.18,1874.79,6718.5307,3005.5379
2026-07-14 19:00:00,1874.79,1881.56,1874.43,1876.74,6916.4956,3443.8383
2026-07-14 20:00:00,1876.74,1878.55,1873.63,1875.42,3540.1765,1513.6971
2026-07-14 21:00:00,1875.41,1879.74,1874.4,1876.46,4325.4409,1928.4665
2026-07-14 22:00:00,1876.46,1896.14,1872.06,1882.04,21465.4147,11734.523
2026-07-14 23:00:00,1882.04,1893.32,1878.69,1891.87,11125.2255,6102.8927
2026-07-15 00:00:00,1891.87,1893.32,1878.13,1881.58,9550.6408,4311.2564
2026-07-15 01:00:00,1881.58,1881.98,1867.23,1870.2,10644.9734,4092.1354
2026-07-15 02:00:00,1870.19,1873.04,1864.38,1864.6,8096.6475,3018.6499
2026-07-15 03:00:00,1864.6,1878.96,1864.46,1876.08,6856.5606,3488.3837
2026-07-15 04:00:00,1876.08,1880.59,1873.31,1876.49,5458.1045,2475.8004
2026-07-15 05:00:00,1876.5,1883.54,1871.64,1882.68,5911.7597,2617.5423
2026-07-15 06:00:00,1882.69,1891.89,1875.52,1875.87,11821.1832,5085.5197
2026-07-15 07:00:00,1875.87,1877.16,1864.7,1870.04,13148.2806,6349.5258
2026-07-15 08:00:00,1870.04,1879.64,1870.03,1879.22,7626.3554,4793.5897
2026-07-15 09:00:00,1879.22,1886.59,1879.18,1879.86,11037.7879,5611.4861
2026-07-15 10:00:00,1879.86,1886.55,1874.98,1878.11,10094.6306,5609.3337
2026-07-15 11:00:00,1878.12,1885.71,1877.48,1884.62,6327.1196,3026.4932
2026-07-15 12:00:00,1884.62,1929.94,1879.25,1927.16,40956.8654,23578.7129
2026-07-15 13:00:00,1927.17,1946.52,1917.16,1925.76,55492.8037,30612.5517
2026-07-15 14:00:00,1925.77,1935.51,1919.12,1933.23,25792.0082,14238.2547
2026-07-15 15:00:00,1933.24,1937.6,1925.95,1931.95,15043.138,8395.6872
2026-07-15 16:00:00,1931.96,1932.95,1904.36,1919.62,21205.2658,9459.2415
2026-07-15 17:00:00,1919.62,1931.22,1919.44,1927.94,10664.0432,5687.5079
2026-07-15 18:00:00,1927.93,1937,1922.62,1924.47,14593.8081,7975.0283
2026-07-15 19:00:00,1924.47,1929.06,1918.92,1924.15,8808.6579,4237.8585
2026-07-15 20:00:00,1924.15,1930.71,1919.71,1923.75,4481.7148,2359.5177
2026-07-15 21:00:00,1923.75,1925.73,1919.8,1922,4689.2691,1832.2161
2026-07-15 22:00:00,1922,1928.58,1918.3,1923.43,6006.3769,2690.2504
2026-07-15 23:00:00,1923.43,1927.28,1914.89,1917.86,5492.9744,2894.5603
2026-07-16 00:00:00,1917.86,1924.98,1911.61,1914.86,8258.6048,3160.9017
2026-07-16 01:00:00,1914.85,1926,1908.12,1922.7,6776.8171,3225.2421
2026-07-16 02:00:00,1922.69,1926.23,1918.97,1925.37,5134.8702,2313.9306
2026-07-16 03:00:00,1925.36,1929,1917.08,1918.7,7997.9096,3543.2389
2026-07-16 04:00:00,1918.7,1920.98,1914.13,1918.31,5147.2064,2357.9556
2026-07-16 05:00:00,1918.3,1927.63,1917.12,1925.66,4973.3106,2476.667
2026-07-16 06:00:00,1925.65,1929.48,1915.56,1922.53,5109.2539,2512.8988
2026-07-16 07:00:00,1922.54,1922.54,1905,1910.63,13927.6427,5095.0559
2026-07-16 08:00:00,1910.64,1912.85,1875.56,1886.09,48846.3453,22979.6788
2026-07-16 09:00:00,1886.09,1889.28,1880.41,1884.67,14158.6377,6348.6851
2026-07-16 10:00:00,1884.68,1891.78,1883.77,1888.58,8749.0809,5525.8132
2026-07-16 11:00:00,1888.58,1888.58,1879.32,1885.26,13696.67,7352.4658
2026-07-16 12:00:00,1885.26,1885.26,1867.68,1872.55,15798.2091,6188.6247
2026-07-16 13:00:00,1872.55,1890.23,1871.05,1882.81,15724.0126,6784.8601
2026-07-16 14:00:00,1882.8,1893,1874.98,1883.52,16858.936,6547.6844
2026-07-16 15:00:00,1883.52,1894.38,1871.12,1881.88,15612.3999,6957.434
2026-07-16 16:00:00,1881.89,1883,1874.67,1878.9,10171.5353,5075.0275
2026-07-16 17:00:00,1878.9,1879.25,1862.57,1868.91,12328.356,4733.5747
2026-07-16 18:00:00,1868.92,1879.69,1868.1,1875.85,6809.1903,3908.0688
2026-07-16 19:00:00,1875.85,1877.75,1871.09,1875.59,4014.4925,1897.0345
2026-07-16 20:00:00,1875.59,1875.7,1871.66,1871.89,3579.9527,1596.9574
2026-07-16 21:00:00,1871.9,1881.36,1871.77,1878.66,4851.375,2508.0037
2026-07-16 22:00:00,1878.67,1881.59,1868.04,1868.89,9279.9026,5521.1345
2026-07-16 23:00:00,1868.89,1870.66,1857.54,1864.71,13884.3751,5513.4892
2026-07-17 00:00:00,1864.71,1866.71,1848.32,1865.77,14963.7226,6459.0265
2026-07-17 01:00:00,1865.77,1871.08,1848.07,1851.21,10000.2202,4613.013
2026-07-17 02:00:00,1851.22,1855.61,1843.2,1848.1,12473.0438,5432.7871
2026-07-17 03:00:00,1848.09,1859.64,1847.32,1852.53,7049.8302,3576.9035
2026-07-17 04:00:00,1852.53,1853.08,1844,1850.07,6715.5958,2921.5905
2026-07-17 05:00:00,1850.06,1850.06,1821.36,1823.94,17781.3576,7880.2255
2026-07-17 06:00:00,1823.94,1836.55,1820.74,1832.31,9568.4671,5687.5174
2026-07-17 07:00:00,1832.31,1833.56,1826.29,1828.52,11468.3021,7773.0537
2026-07-17 08:00:00,1828.52,1832.51,1821.41,1830.15,13750.3415,8537.7346
2026-07-17 09:00:00,1830.16,1836.27,1829.29,1835.1,5043.5903,2918.127
2026-07-17 10:00:00,1835.1,1840.4,1834.3,1836.97,9709.66,6880.6766
2026-07-17 11:00:00,1836.98,1843.26,1833.3,1839.04,8366.9051,4651.7767
2026-07-17 12:00:00,1839.05,1840.58,1827.73,1828.54,9851.4875,4779.2059
2026-07-17 13:00:00,1828.54,1829.23,1803.05,1825.5,34181.3728,14587.8022
2026-07-17 14:00:00,1825.5,1834,1817.18,1822.16,15191.5111,7456.2172
2026-07-17 15:00:00,1822.16,1831.26,1810.77,1830.88,13745.9541,7349.4425
2026-07-17 16:00:00,1830.89,1840.51,1825.32,1835.91,13830.3931,7605.7197
2026-07-17 17:00:00,1835.91,1856.17,1835.91,1843.71,14390.4385,7910.0539
2026-07-17 18:00:00,1843.72,1849.67,1835.18,1846.99,7181.026,3067.9377
2026-07-17 19:00:00,1846.98,1846.99,1835.65,1843.76,5576.8437,1942.7965
2026-07-17 20:00:00,1843.76,1846.2,1837.15,1842.93,3458.0312,1520.336
2026-07-17 21:00:00,1842.93,1846.65,1840.5,1841.54,2615.192,1184.4621
2026-07-17 22:00:00,1841.55,1843.89,1837.62,1839.95,2602.2264,919.4408
2026-07-17 23:00:00,1839.94,1844.47,1835.27,1841.93,3512.2429,1364.054
2026-07-18 00:00:00,1841.94,1845,1839.86,1840.84,2811.4809,1129.883
2026-07-18 01:00:00,1840.84,1843.39,1839.38,1842.48,2570.7256,927.919
2026-07-18 02:00:00,1842.49,1846.74,1840.73,1841.91,4865.9416,2176.5957
2026-07-18 03:00:00,1841.91,1846.49,1841.46,1845.96,3379.489,2225.4632
2026-07-18 04:00:00,1845.96,1846.19,1842.56,1844.7,1831.7738,801.8736
2026-07-18 05:00:00,1844.7,1849.68,1843.19,1845.86,3424.9855,1824.3135
2026-07-18 06:00:00,1845.85,1848,1843.11,1844.97,2978.1764,2052.747
2026-07-18 07:00:00,1844.98,1846.04,1843.04,1844.2,1958.4362,823.3218
2026-07-18 08:00:00,1844.2,1849.44,1842.3,1847.43,3188.2871,1765.2598
2026-07-18 09:00:00,1847.44,1848.03,1842.93,1844.87,2560.5392,1069.7778
2026-07-18 10:00:00,1844.87,1846.72,1844.01,1845.57,3022.4886,1661.5245
2026-07-18 11:00:00,1845.57,1846.85,1844.37,1845.56,1391.1483,710.2604
2026-07-18 12:00:00,1845.56,1850.64,1840.17,1844.98,5922.5121,3464.8176
2026-07-18 13:00:00,1844.97,1844.97,1837.58,1841.61,4107.6954,1838.4139
2026-07-18 14:00:00,1841.61,1846.27,1840.64,1845.95,3793.5807,2319.4709
2026-07-18 15:00:00,1845.95,1846.35,1842.12,1844.15,3802.5871,2310.8243
2026-07-18 16:00:00,1844.15,1847.14,1841.51,1846.11,3407.5633,1732.7577
2026-07-18 17:00:00,1846.11,1853.48,1843.54,1852.82,5045.3976,2438.8846
2026-07-18 18:00:00,1852.83,1867.58,1850.01,1857.54,14122.0506,8789.2845
2026-07-18 19:00:00,1857.53,1861.4,1855.92,1858.45,4736.7702,2033.2307
2026-07-18 20:00:00,1858.45,1863.37,1855.47,1857.34,4134.2864,2188.4504
2026-07-18 21:00:00,1857.35,1863.18,1855.96,1860.97,4154.9408,2509.8404
2026-07-18 22:00:00,1860.97,1865.86,1859.9,1863.7,3378.2577,1768.4797
2026-07-18 23:00:00,1863.7,1864.45,1860.1,1862.61,2008.8091,1116.3766
2026-07-19 00:00:00,1862.61,1863.88,1859.2,1861.45,3154.5044,1101.0733
2026-07-19 01:00:00,1861.45,1861.53,1858.3,1859.18,7970.3536,3562.7303
2026-07-19 02:00:00,1859.19,1877.33,1858.17,1871.44,11041.838,5651.6625
2026-07-19 03:00:00,1871.45,1872.99,1863.84,1867.08,5220.7991,2179.1695
2026-07-19 04:00:00,1867.08,1870.2,1864.21,1867.33,3479.1037,1830.4033
2026-07-19 05:00:00,1867.32,1870.2,1865.61,1868.56,2772.5257,1322.5996
2026-07-19 06:00:00,1868.55,1871.43,1868.2,1869.39,2878.4911,1708.6888
2026-07-19 07:00:00,1869.39,1871.99,1867.14,1870.25,8010.6219,3862.7514
2026-07-19 08:00:00,1870.26,1875.33,1867.76,1873.88,4893.8984,3193.366
2026-07-19 09:00:00,1873.89,1874.17,1864.55,1866.16,5004.0263,1764.0161
2026-07-19 10:00:00,1866.15,1879.38,1863.46,1872.25,5628.6517,3140.663
2026-07-19 11:00:00,1872.25,1878.86,1870,1871.41,6296.8803,3193.0683
2026-07-19 12:00:00,1871.4,1874.34,1864.47,1870.38,6783.9561,3841.0524
2026-07-19 13:00:00,1870.39,1873.77,1865.89,1871.83,4460.4469,2214.2994
2026-07-19 14:00:00,1871.83,1879.26,1868.89,1874.69,5952.7499,3661.5956
2026-07-19 15:00:00,1874.69,1876,1868.93,1870.91,6545.9297,4005.6045
2026-07-19 16:00:00,1870.91,1873.59,1866,1866.8,5220.8065,2468.1782
2026-07-19 17:00:00,1866.8,1873.85,1857.77,1867.23,8572.9874,4139.6944
2026-07-19 18:00:00,1867.23,1867.7,1851.71,1861.12,9549.4778,4123.2071
2026-07-19 19:00:00,1861.12,1862.77,1854.84,1862.37,3960.7276,1606.0201
2026-07-19 20:00:00,1862.37,1867.15,1862.2,1867.14,4536.0742,2952.8425
2026-07-19 21:00:00,1867.15,1868.23,1857.49,1862.12,4337.5897,2059.4202
2026-07-19 22:00:00,1862.12,1877.03,1857,1870.44,12354.1161,6298.2312
2026-07-19 23:00:00,1870.44,1874.94,1865,1872.23,5296.1101,2597.0732
2026-07-20 00:00:00,1872.24,1891.71,1862.08,1872.14,15861.9496,8658.3435
2026-07-20 01:00:00,1872.14,1889.94,1865.84,1869.56,9872.3833,5035.8144
2026-07-20 02:00:00,1869.57,1883.33,1867.71,1879.06,8547.5294,4874.2508
2026-07-20 03:00:00,1879.06,1882.24,1870.91,1879.94,6045.7088,3175.6756
2026-07-20 04:00:00,1879.94,1879.99,1868.46,1868.94,5573.2852,2482.1539
2026-07-20 05:00:00,1868.95,1869.94,1851.5,1855.45,12336.3044,4805.2928
2026-07-20 06:00:00,1855.46,1860.23,1843.14,1849.73,13729.7978,7323.1186
2026-07-20 07:00:00,1849.73,1865.54,1849.26,1863.95,9727.2283,5963.8561
2026-07-20 08:00:00,1863.95,1868.53,1854.31,1861.01,13950.4369,8241.0408
2026-07-20 09:00:00,1861,1867.55,1857.95,1864.16,7006.2645,2535.2871
2026-07-20 10:00:00,1864.15,1872.35,1862.71,1868.85,5036.692,2880.0469
2026-07-20 11:00:00,1868.86,1896.5,1868.06,1893.2,18098.9331,10167.3449
2026-07-20 12:00:00,1893.21,1893.62,1871.88,1873.33,12117.1329,5119.9223
2026-07-20 13:00:00,1873.34,1880.61,1857.63,1862.68,16464.2655,7437.5778
2026-07-20 14:00:00,1862.68,1871.96,1853.65,1868.01,11921.8963,5921.1473
2026-07-20 15:00:00,1868.01,1904.92,1867.65,1902.34,24635.4223,15336.653
2026-07-20 16:00:00,1902.34,1906.76,1893.8,1899.41,16492.3726,7787.0203
2026-07-20 17:00:00,1899.41,1909.74,1895.68,1907.78,14035.2481,9110.5987
2026-07-20 18:00:00,1907.78,1918.16,1897.52,1899.52,17782.6016,7706.8149
2026-07-20 19:00:00,1899.52,1901.07,1890.07,1898.46,9999.6736,4737.3865
2026-07-20 20:00:00,1898.46,1906.55,1896.2,1904.84,5357.4613,2873.5619
2026-07-20 21:00:00,1904.83,1907.58,1902,1902.45,4827.6437,2160.3365
2026-07-20 22:00:00,1902.46,1902.58,1894.4,1895.72,5412.8433,2104.7917
2026-07-20 23:00:00,1895.72,1905.26,1895.33,1904.77,6362.5585,3497.4071
2026-07-21 00:00:00,1904.77,1917.79,1900.74,1914.8,10211.2262,6446.2142
2026-07-21 01:00:00,1914.8,1918.18,1907,1907.49,6792.7873,2951.939
2026-07-21 02:00:00,1907.49,1924,1904.6,1917.3,8843.7731,4914.645
2026-07-21 03:00:00,1917.3,1928.57,1916.94,1926.75,13542.5425,7200.9747
2026-07-21 04:00:00,1926.74,1931.2,1922.59,1924.59,8633.194,3825.3882
2026-07-21 05:00:00,1924.59,1936,1921.81,1930.56,9084.2452,4510.9424
2026-07-21 06:00:00,1930.56,1939.99,1927.8,1935.03,10889.2213,6241.3271
2026-07-21 07:00:00,1935.03,1940.25,1933.42,1934.08,11949.4809,5974.5619
2026-07-21 08:00:00,1934.07,1953,1931.63,1939.8,29993.0476,16934.8749
2026-07-21 09:00:00,1939.79,1944.17,1936.75,1942.22,34313.1419,21187.9744
2026-07-21 10:00:00,1942.22,1947.09,1932.1,1934.18,16251.7069,9812.9293
2026-07-21 11:00:00,1934.19,1937.34,1925.98,1935.69,33407.8433,18899.5646
2026-07-21 12:00:00,1935.69,1945.23,1932.38,1942.79,15279.9073,7634.1941
2026-07-21 13:00:00,1942.8,1943.77,1927.53,1940.3,19914.6022,8379.2691
2026-07-21 14:00:00,1940.31,1944,1928,1931.87,14705.618,7028.0691
2026-07-21 15:00:00,1931.88,1932.51,1923.36,1931.81,12511.0061,5811.5033
2026-07-21 16:00:00,1931.81,1935.36,1921.63,1926.37,7887.812,3895.0565
2026-07-21 17:00:00,1926.37,1928.38,1915,1918.71,14508.5446,7711.9398
2026-07-21 18:00:00,1918.7,1923,1915.11,1919.93,12665.6515,7635.4161
2026-07-21 19:00:00,1919.93,1926.16,1918.2,1923.39,14885.7775,10166.344
2026-07-21 20:00:00,1923.38,1926.44,1921.68,1923.24,6018.2494,4021.9014
2026-07-21 21:00:00,1923.25,1926.54,1919.85,1924.32,5012.5857,2754.0566
2026-07-21 22:00:00,1924.31,1924.31,1918.1,1920.86,3606.7745,1547.3514
2026-07-21 23:00:00,1920.86,1932,1916.67,1930.09,6056.9389,3363.7317
2026-07-22 00:00:00,1930.09,1944.68,1929.02,1939.46,12280.2152,7188.8769
2026-07-22 01:00:00,1939.45,1940.56,1928,1933.61,7700.3916,3555.2321
2026-07-22 02:00:00,1933.62,1936.39,1926.91,1930.43,9004.7948,4927.4346
2026-07-22 03:00:00,1930.42,1936.05,1926.76,1928.77,9211.1631,5399.5786
2026-07-22 04:00:00,1928.76,1939.4,1928.11,1936.82,12044.2195,6836.538
2026-07-22 05:00:00,1936.83,1936.98,1918.27,1919.35,14081.0097,6609.6616
2026-07-22 06:00:00,1919.36,1921.1,1913.34,1917.4,7850.8564,3249.858
2026-07-22 07:00:00,1917.41,1919,1910.68,1914.44,13989.0518,6232.9536
2026-07-22 08:00:00,1914.43,1925.15,1914.08,1921.32,12358.1318,6113.0087
2026-07-22 09:00:00,1921.33,1926.5,1919.41,1924.49,9209.9805,4021.6237
2026-07-22 10:00:00,1924.49,1933.62,1923.25,1930.82,10304.8933,5395.4775
2026-07-22 11:00:00,1930.82,1931.5,1922.36,1927.27,4571.4306,2027.7913
2026-07-22 12:00:00,1927.26,1927.45,1913.26,1917.17,6931.3358,2385.5511
2026-07-22 13:00:00,1917.17,1942.43,1917,1939.93,15766.4647,9497.8589
2026-07-22 14:00:00,1939.92,1955.92,1923.01,1933.2,23895.4302,12075.8695
2026-07-22 15:00:00,1933.2,1952.36,1933,1943.03,15259.8036,8570.833
2026-07-22 16:00:00,1943.04,1956.45,1935.42,1949.84,14899.4678,7921.6811
2026-07-22 17:00:00,1949.84,1950.3,1934.97,1938.53,9814.7857,4219.6777
2026-07-22 18:00:00,1938.53,1940,1923.2,1930.69,11320.4039,4367.095
2026-07-22 19:00:00,1930.69,1931.88,1921,1925.13,5286.7954,2511.0524
2026-07-22 20:00:00,1925.14,1930.4,1922.95,1926.76,5448.1097,2646.2065
2026-07-22 21:00:00,1926.76,1939.7,1926.76,1938.76,4862.4259,2267.6105
2026-07-22 22:00:00,1938.76,1939.23,1930.91,1938.42,7430.7471,2941.0564
2026-07-22 23:00:00,1938.43,1938.43,1923.6,1934.25,7618.9172,2995.9375
2026-07-23 00:00:00,1934.26,1941.5,1932.37,1932.37,7806.1931,2719.3603
2026-07-23 01:00:00,1932.36,1936.7,1926.61,1928.39,5600.2585,2307.1399
2026-07-23 02:00:00,1928.38,1929.7,1921.81,1927.6,4520.1302,1703.6329
2026-07-23 03:00:00,1927.6,1928.03,1917.57,1920.55,7067.1535,2265.9389
2026-07-23 04:00:00,1920.56,1926.02,1918.63,1919.74,5718.7307,2271.6037
2026-07-23 05:00:00,1919.74,1928.69,1918.31,1922.77,3797.0127,1610.5337
2026-07-23 06:00:00,1922.78,1926.83,1921.07,1925.39,3761.1815,2005.9711
2026-07-23 07:00:00,1925.39,1925.39,1912.6,1915.65,15074.1808,8495.2758
2026-07-23 08:00:00,1915.65,1927.41,1914.44,1926.54,6170.3801,3138.667
2026-07-23 09:00:00,1926.54,1931.66,1923.4,1924.36,9981.4087,4737.355
2026-07-23 10:00:00,1924.36,1930.43,1922.13,1928.14,4239.3939,1778.36
2026-07-23 11:00:00,1928.15,1929.08,1924.63,1926.04,5003.2542,2340.7768
2026-07-23 12:00:00,1926.03,1927.99,1894,1904.64,26669.4585,9886.9908
2026-07-23 13:00:00,1904.67,1909.19,1895.47,1898.72,16334.9699,7122.9764
2026-07-23 14:00:00,1898.73,1907.26,1892.5,1896.43,15426.3077,7110.5073
2026-07-23 15:00:00,1896.44,1897.88,1882.98,1895.23,21413.486,10497.6149
2026-07-23 16:00:00,1895.23,1895.41,1884.69,1887.95,11755.5936,4602.7211
2026-07-23 17:00:00,1887.94,1892.18,1875.01,1878.31,10958.922,4677.1716
2026-07-23 18:00:00,1878.31,1884.52,1876.05,1881.19,8210.3838,4413.666
2026-07-23 19:00:00,1881.19,1883.63,1869.44,1875.65,9424.5918,5108.4788
2026-07-23 20:00:00,1875.64,1889.09,1874.81,1885.98,7351.5441,5186.1351
2026-07-23 21:00:00,1885.97,1888.93,1880.86,1882.72,4782.8337,2163.3768
2026-07-23 22:00:00,1882.73,1884.13,1874.23,1883.42,5133.8249,1979.1568
2026-07-23 23:00:00,1883.41,1884.8,1875.56,1878.38,3587.8794,1675.686
2026-07-24 00:00:00,1878.38,1879.18,1859.67,1871.47,13406.7609,4822.6373
2026-07-24 01:00:00,1871.47,1877.6,1870.32,1872.76,6649.6745,3071.186
2026-07-24 02:00:00,1872.76,1878.5,1864.82,1869.58,6328.9081,2885.4707
2026-07-24 03:00:00,1869.57,1881.2,1868.31,1880.67,7169.022,3923.6705
2026-07-24 04:00:00,1880.67,1882,1875,1876.12,3649.7064,1664.3617
2026-07-24 05:00:00,1876.13,1882.14,1873.48,1880.97,5641.1485,3455.3524
2026-07-24 06:00:00,1880.97,1888.49,1878.9,1888.13,6802.7211,3742.0971
2026-07-24 07:00:00,1888.14,1909.8,1888.14,1895.98,18399.9061,10689.1143
2026-07-24 08:00:00,1895.98,1896.04,1886.35,1888.07,5209.3782,1904.3133
2026-07-24 09:00:00,1888.07,1889.11,1878.39,1888.07,7006.5254,3414.89
2026-07-24 10:00:00,1888.08,1888.64,1880.39,1883.82,4084.0349,1825.1519
2026-07-24 11:00:00,1883.81,1884.71,1876.71,1883.93,6799.138,3798.4389
2026-07-24 12:00:00,1883.93,1886.09,1872,1872.65,7785.1308,4185.9325
2026-07-24 13:00:00,1872.65,1875.4,1848.11,1857.6,25437.0765,11736.9703
2026-07-24 14:00:00,1857.61,1863.18,1848.09,1862.9,16154.1622,8087.7986
2026-07-24 15:00:00,1862.9,1869.43,1854.15,1861.81,18647.6311,10771.9974
2026-07-24 16:00:00,1861.82,1866.07,1853.5,1857.47,12748.0211,5873.7263
2026-07-24 17:00:00,1857.47,1866.61,1855.03,1866.53,8564.3041,4812.6029
2026-07-24 18:00:00,1866.53,1866.76,1858.48,1862.72,3900.7267,1885.2812
2026-07-24 19:00:00,1862.73,1864.58,1858,1863.83,4600.1132,3084.6029
2026-07-24 20:00:00,1863.84,1865.82,1858.42,1860.9,3703.6087,2108.2721
2026-07-24 21:00:00,1860.91,1862.01,1857.05,1857.51,3582.5364,1856.1848
2026-07-24 22:00:00,1857.51,1861.91,1856.97,1859.49,2393.0236,1362.9157
2026-07-24 23:00:00,1859.49,1861.85,1858.98,1861.44,2132.1776,1124.9309
2026-07-25 00:00:00,1861.44,1864.69,1856.85,1860.34,3991.9995,2107.241
2026-07-25 01:00:00,1860.34,1863.63,1857.77,1860,3107.0739,1598.5367
2026-07-25 02:00:00,1859.99,1861.71,1858.35,1859.45,2141.2087,1024.0382
2026-07-25 03:00:00,1859.45,1860.52,1855.93,1858.74,4758.8668,2475.8003
2026-07-25 04:00:00,1858.74,1862.65,1858.57,1861.28,1922.5329,1115.2803
2026-07-25 05:00:00,1861.28,1862.96,1856.9,1858.42,6900.0056,2604.8538
2026-07-25 06:00:00,1858.42,1860,1854.61,1858.55,2183.2025,970.4854
2026-07-25 07:00:00,1858.55,1858.79,1856.02,1856.02,1974.4548,1060.07
2026-07-25 08:00:00,1856.03,1856.1,1851.22,1853.8,4826.2011,1869.7579
2026-07-25 09:00:00,1853.8,1859.06,1851.75,1858.34,3706.8351,2250.9506
2026-07-25 10:00:00,1858.35,1859.29,1856.75,1858.62,4770.0131,2284.3083
2026-07-25 11:00:00,1858.63,1860.09,1857.5,1857.75,2724.4089,1518.5669
2026-07-25 12:00:00,1857.75,1860.48,1856.96,1860.32,4110.5827,2099.7529
2026-07-25 13:00:00,1860.32,1872.35,1859.78,1867.24,8300.0285,4836.0995
2026-07-25 14:00:00,1867.25,1869.32,1865.06,1868.68,4810.2534,2415.0535
2026-07-25 15:00:00,1868.67,1871.43,1867.03,1867.88,3624.4878,1678.2662
2026-07-25 16:00:00,1867.88,1870.91,1864.65,1867.99,3186.026,1409.513
2026-07-25 17:00:00,1867.99,1875.15,1867.99,1873.06,6529.8948,4070.1243
2026-07-25 18:00:00,1873.07,1877.07,1872.45,1875.48,4493.7246,2956.772
2026-07-25 19:00:00,1875.48,1876.64,1874.4,1874.76,2018.1088,1187.0687
2026-07-25 20:00:00,1874.77,1875.03,1870.43,1872.23,1908.1947,639.6602
2026-07-25 21:00:00,1872.23,1875.6,1867.92,1872.65,2784.1673,1376.7365
2026-07-25 22:00:00,1872.66,1876.92,1872.38,1875.82,2003.8834,1121.5415
2026-07-25 23:00:00,1875.83,1876.2,1873.2,1874.89,1658.3331,642.2298
2026-07-26 00:00:00,1874.88,1881.8,1873.85,1881.05,3898.2673,2669.2149
2026-07-26 01:00:00,1881.05,1881.9,1877.81,1878.68,2034.9452,1007.863
2026-07-26 02:00:00,1878.67,1881.65,1877.06,1880.97,1535.0872,907.205
2026-07-26 03:00:00,1880.98,1883.98,1878.98,1882.21,2891.7173,1634.0341
2026-07-26 04:00:00,1882.21,1889.36,1880.26,1886.26,3540.7748,2002.1141
2026-07-26 05:00:00,1886.25,1887.43,1882.72,1883.4,2383.3354,1043.5136
2026-07-26 06:00:00,1883.4,1885.39,1878.46,1884.95,3176.674,1497.4749
2026-07-26 07:00:00,1884.95,1886.29,1880.51,1881.56,2139.9511,873.63
2026-07-26 08:00:00,1881.57,1882.49,1878.74,1881.42,2218.8924,740.3343
2026-07-26 09:00:00,1881.42,1885.76,1881.22,1883.8,2491.5347,1384.4606
2026-07-26 10:00:00,1883.8,1887.7,1882.01,1886.22,2816.0926,1523.3494
2026-07-26 11:00:00,1886.21,1887.89,1884.78,1885.87,2075.4122,1049.7553
2026-07-26 12:00:00,1885.87,1893.89,1885.68,1886.57,5314.2072,2781.9158
2026-07-26 13:00:00,1886.57,1888.86,1881.61,1886.62,5619.0793,2365.7751
2026-07-26 14:00:00,1886.62,1900.31,1886.61,1898.59,8707.353,4920.9088
2026-07-26 15:00:00,1898.58,1917.82,1898.06,1914.63,14677.3578,8005.9769
2026-07-26 16:00:00,1914.63,1928.08,1908.75,1916.2,15888.944,7771.2487
2026-07-26 17:00:00,1916.19,1917.77,1910.8,1911.23,4119.5811,1678.5544
2026-07-26 18:00:00,1911.23,1916.53,1911.05,1914.49,3715.1635,2102.5624
2026-07-26 19:00:00,1914.49,1915.86,1912.09,1914.2,4682.416,2306.7466
2026-07-26 20:00:00,1914.21,1914.56,1911.14,1913.8,2328.0884,1359.0243
2026-07-26 21:00:00,1913.79,1930,1913.79,1925.91,8394.0362,4787.7314
2026-07-26 22:00:00,1925.91,1953.03,1925.91,1949.81,23344.9293,13102.6613
2026-07-26 23:00:00,1949.81,1967.36,1945.99,1954.72,25239.8549,13182.9366
2026-07-27 00:00:00,1954.72,1955.42,1939.67,1942.54,10815.7364,4869.0314
2026-07-27 01:00:00,1942.54,1948.46,1936.51,1948.2,8651.072,4119.7062
2026-07-27 02:00:00,1948.2,1949.15,1941.48,1943.1,8333.0669,4468.8428
2026-07-27 03:00:00,1943.09,1950.78,1942.42,1949.64,6458.3303,4065.7334
2026-07-27 04:00:00,1949.65,1962.77,1948.54,1953.43,13061.709,8219.3948
2026-07-27 05:00:00,1953.43,1970.43,1952.63,1965.65,15079.6006,8542.8677
2026-07-27 06:00:00,1965.65,1981.24,1963.64,1968.45,25003.724,15002.4285
2026-07-27 07:00:00,1968.45,1971.7,1960.86,1964.36,16580.0434,5887.2743
2026-07-27 08:00:00,1964.37,1968.75,1961.81,1964.25,8606.9437,4246.2338
2026-07-27 09:00:00,1964.25,1968.29,1956.87,1965.19,10222.2378,4862.9313
2026-07-27 10:00:00,1965.19,1972,1963.8,1967.43,6133.2776,3539.0491
2026-07-27 11:00:00,1967.42,1967.43,1958.11,1959.67,7353.3544,3553.7207
2026-07-27 12:00:00,1959.67,1964.6,1943,1957.59,14137.4186,6969.9344
2026-07-27 13:00:00,1957.6,1977.99,1950.95,1961.16,31081.0997,14226.6107
2026-07-27 14:00:00,1961.18,1966.99,1919.09,1932.3,38196.3783,16445.9709
2026-07-27 15:00:00,1932.3,1937.87,1924.83,1927.75,16079.6453,6260.4324
2026-07-27 16:00:00,1927.74,1946.9,1922.65,1940.57,11388.9731,5820.8858
2026-07-27 17:00:00,1940.57,1946.06,1935.1,1943.71,8370.8405,4520.7108
2026-07-27 18:00:00,1943.72,1944.66,1929.2,1939.2,6892.7477,3299.1906
2026-07-27 19:00:00,1939.21,1955.41,1937.75,1948.31,10768.3753,5775.8487
2026-07-27 20:00:00,1948.32,1950.54,1943.69,1946.87,4740.1733,2180.904
2026-07-27 21:00:00,1946.88,1950.1,1940.58,1941.9,13531.1577,6274.2304
2026-07-27 22:00:00,1941.89,1941.9,1892.33,1893.6,26543.049,7874.7547
2026-07-27 23:00:00,1893.61,1896.19,1882.49,1892.53,24422.5254,11376.4318
2026-07-28 00:00:00,1892.53,1894.45,1877.02,1878.86,20791.773,10320.2799
2026-07-28 01:00:00,1878.86,1882.77,1866.31,1875.9,14824.195,6754.0009
2026-07-28 02:00:00,1875.9,1880.46,1872.35,1876,5895.0583,3326.7356
2026-07-28 03:00:00,1876.01,1883.26,1873.11,1881.38,8483.7449,4273.2842
2026-07-28 04:00:00,1881.37,1882.84,1876.48,1879.18,6743.7128,2892.2452
2026-07-28 05:00:00,1879.18,1889.66,1878.46,1883.16,8292.3695,3860.1869
2026-07-28 06:00:00,1883.16,1888.82,1878.54,1888.62,10515.695,4179.9091
2026-07-28 07:00:00,1888.62,1888.97,1880.92,1883.83,7707.2078,3875.2456
2026-07-28 08:00:00,1883.84,1885.85,1880.4,1884.5,8547.8818,5267.0267
2026-07-28 09:00:00,1884.5,1885.12,1874.81,1876.44,6605.9978,2525.5678
2026-07-28 10:00:00,1876.43,1881,1873.75,1878.79,5710.996,2856.5249
2026-07-28 11:00:00,1878.8,1882.02,1872,1876.68,9475.713,3496.4735
2026-07-28 12:00:00,1876.69,1893.34,1874.63,1892.48,12503.8753,6824.6751
2026-07-28 13:00:00,1892.48,1896.28,1856.88,1874.08,26917.9509,10581.1009
2026-07-28 14:00:00,1874.08,1893.46,1867.74,1888.95,20017.6662,11677.3118
2026-07-28 15:00:00,1888.96,1924.41,1884.56,1920.02,35311.4667,19831.6543
2026-07-28 16:00:00,1920.02,1928.95,1914.52,1925.92,15042.0152,8498.6865
2026-07-28 17:00:00,1925.92,1925.92,1892.71,1901.89,19307.1025,7928.5647
2026-07-28 18:00:00,1901.9,1914.93,1901.6,1911.22,8918.5887,5244.3615
2026-07-28 19:00:00,1911.22,1922.23,1911.22,1922.23,8496.5277,4322.6997
2026-07-28 20:00:00,1922.24,1923.84,1916.16,1918.57,6013.7521,2794.9945
2026-07-28 21:00:00,1918.57,1929.67,1918.47,1923.95,6371.0141,3411.2451
2026-07-28 22:00:00,1923.96,1927.1,1910.1,1911.9,7483.9135,3087.0759
2026-07-28 23:00:00,1911.9,1923.1,1904.06,1922.23,9246.9451,4274.9658
2026-07-29 00:00:00,1922.22,1928.51,1916.34,1917.27,9538.2144,5196.1337
2026-07-29 01:00:00,1917.27,1918.16,1905,1905.7,7132.1448,2888.2331
2026-07-29 02:00:00,1905.69,1919.67,1901.17,1911.1,7118.7992,3808.0476
2026-07-29 03:00:00,1911.11,1913.04,1891.17,1892.7,9925.2036,4472.2938
2026-07-29 04:00:00,1892.7,1906.43,1884.51,1905.52,14039.2885,7344.7681
2026-07-29 05:00:00,1905.52,1914.99,1903.53,1912.54,6767.1437,3419.7641
2026-07-29 06:00:00,1912.53,1921.71,1908.89,1920.18,8086.8635,4738.9081
2026-07-29 07:00:00,1920.19,1925.68,1914.1,1924.71,10093.038,5465.3252
2026-07-29 08:00:00,1924.71,1925.35,1912.11,1915.08,6863.44,2813.0918
2026-07-29 09:00:00,1915.08,1924.73,1914.94,1922.31,8027.9976,3787.309
2026-07-29 10:00:00,1922.31,1922.58,1910,1912.16,9505.431,3727.5035
2026-07-29 11:00:00,1912.16,1917.07,1910.35,1915.26,5128.9107,1951.8008
2026-07-29 12:00:00,1915.26,1915.27,1902.3,1905.23,10435.5074,4326.9971
2026-07-29 13:00:00,1905.23,1911.67,1895.59,1909.24,16853.3485,8392.1448
2026-07-29 14:00:00,1909.24,1911.46,1891.39,1895.23,19095.0094,9718.6369
2026-07-29 15:00:00,1895.23,1898.84,1887.31,1892.11,16820.4155,7225.2391
2026-07-29 16:00:00,1892.11,1899.5,1887.75,1895.4,10335.0027,4218.0327
2026-07-29 17:00:00,1895.4,1917.29,1894.51,1916.16,12310.8742,7088.4699
2026-07-29 18:00:00,1916.15,1935.68,1894.22,1920.55,37572.3934,21326.7493
2026-07-29 19:00:00,1920.56,1922.74,1883.7,1888.56,24739.4293,10973.3759
2026-07-29 20:00:00,1888.57,1891.99,1878.14,1884.15,16727.9089,7151.1461
2026-07-29 21:00:00,1884.16,1898.39,1872,1898.38,13782.3896,6273.5909
2026-07-29 22:00:00,1898.39,1911.61,1898.28,1907.18,9723.7496,5528.7119
2026-07-29 23:00:00,1907.18,1913.17,1902.68,1910.72,7939.8405,4863.1911
2026-07-30 00:00:00,1910.72,1914.81,1893.99,1898.22,7739.5737,3290.0281
2026-07-30 01:00:00,1898.22,1921.92,1897.49,1916.77,12720.6506,8346.4375
2026-07-30 02:00:00,1916.77,1920,1910.29,1911.11,7594.283,3712.5126
2026-07-30 03:00:00,1911.12,1915.3,1907.65,1909.99,4747.0982,2074.9687
2026-07-30 04:00:00,1910,1910.93,1901.87,1901.99,9789.7456,4412.9907
2026-07-30 05:00:00,1902,1909.67,1900.18,1906.34,6499.9185,3364.5035
2026-07-30 06:00:00,1906.34,1906.95,1899.59,1901.32,4978.1487,2238.7971
2026-07-30 07:00:00,1901.33,1908.12,1900.43,1903.25,7853.252,4997.3579
2026-07-30 08:00:00,1903.26,1917.95,1900.51,1914.99,9068.4709,4722.8118
2026-07-30 09:00:00,1914.99,1924.25,1914.06,1918.16,9956.9197,4701.6271
2026-07-30 10:00:00,1918.15,1921.9,1916.7,1918.26,4999.1833,2526.8836
2026-07-30 11:00:00,1918.27,1926.44,1916.7,1923.22,4846.6566,2506.567
2026-07-30 12:00:00,1923.25,1928,1919.79,1925.23,6901.9258,3877.5696
2026-07-30 13:00:00,1925.24,1936.99,1917.15,1929.86,12236.7304,6603.6598
2026-07-30 14:00:00,1929.86,1930.2,1913.49,1917.4,15517.4134,6169.3691
2026-07-30 15:00:00,1917.41,1924.16,1914.67,1918.9,7141.6716,3308.8105
2026-07-30 16:00:00,1918.9,1925.98,1915.97,1919.38,5548.8542,2765.9304
2026-07-30 17:00:00,1919.37,1925.4,1916.28,1920.88,6281.4698,3255.6512
2026-07-30 18:00:00,1920.88,1922.73,1914.81,1916.29,3955.1823,1772.8505
2026-07-30 19:00:00,1916.3,1929.34,1916,1923.68,6300.4553,3215.9066
2026-07-30 20:00:00,1923.69,1927.4,1920,1921.68,4077.9852,2213.0707
2026-07-30 21:00:00,1921.69,1924.56,1917.23,1918.67,2954.9779,1439.779
2026-07-30 22:00:00,1918.66,1933.41,1916,1925.63,6105.4228,3082.1552
2026-07-30 23:00:00,1925.62,1936.79,1918.07,1918.31,8715.6923,4029.5156
2026-07-31 00:00:00,1918.32,1922.09,1915.02,1917.15,7565.3209,3856.5744
2026-07-31 01:00:00,1917.15,1936.15,1906.79,1910.36,16082.1879,7578.5699
2026-07-31 02:00:00,1910.35,1912,1901.6,1904.15,6723.6932,2972.9661
2026-07-31 03:00:00,1904.15,1911.6,1899.09,1908.9,8585.8826,4969.1035
2026-07-31 04:00:00,1908.9,1909.49,1903.24,1905.96,3562.0432,1569.853
2026-07-31 05:00:00,1905.97,1909.1,1901.49,1906.13,3830.9634,1572.6342
2026-07-31 06:00:00,1906.14,1911.16,1900.3,1902.61,4344.4345,2453.5811
2026-07-31 07:00:00,1902.6,1902.78,1884.53,1890.2,16831.5114,7484.8263
2026-07-31 08:00:00,1890.2,1893.33,1888.22,1890.45,9163.7608,4772.561
2026-07-31 09:00:00,1890.45,1891.26,1881.42,1883.74,10359.2477,2844.1214
2026-07-31 10:00:00,1883.73,1890.16,1877.93,1887.12,6960.1299,2941.3493
2026-07-31 11:00:00,1887.12,1889.83,1882.49,1884.26,9120.4136,2688.1624
2026-07-31 12:00:00,1884.27,1884.82,1873.61,1882.92,11994.9695,3992.8634
2026-07-31 13:00:00,1882.93,1890.61,1865,1867.12,17383.3001,7916.0416
2026-07-31 14:00:00,1867.13,1870.29,1848.7,1860.19,45592.3977,21990.3284
2026-07-31 15:00:00,1860.2,1866.53,1854.77,1862.94,15413.4463,6391.2525
2026-07-31 16:00:00,1862.93,1867.32,1860.83,1864.57,10901.0391,3945.317
2026-07-31 17:00:00,1864.57,1878.14,1863.26,1875.01,9319.6414,3875.5197
2026-07-31 18:00:00,1875.01,1876.74,1864.95,1871.83,4001.6627,1972.0983
2026-07-31 19:00:00,1871.82,1874.04,1865.38,1868.19,6567.6097,2376.2506
2026-07-31 20:00:00,1868.19,1870.73,1861.6,1862.25,5039.9544,2026.4509
2026-07-31 21:00:00,1862.25,1864.83,1859.64,1861.81,4404.1647,1849.4513
2026-07-31 22:00:00,1861.81,1865.56,1858.8,1861.49,6218.8952,1799.9085
2026-07-31 23:00:00,1861.49,1864.77,1860.95,1862.6,2938.1166,1312.3608
2026-08-01 00:00:00,1862.6,1867.64,1862.38,1864.7,4320.5922,1900.9354
2026-08-01 01:00:00,1864.69,1867.51,1864.69,1867.03,2874.5758,1649.3051
2026-08-01 02:00:00,1867.03,1870,1866.74,1868.25,1629.9406,801.7194
2026-08-01 03:00:00,1868.25,1869.89,1866.47,1869.88,1797.9406,873.667
2026-08-01 04:00:00,1869.88,1870.53,1867.13,1869.76,1890.5488,807.7574
2026-08-01 05:00:00,1869.76,1871.05,1865.34,1867.59,2681.1896,1045.2101
2026-08-01 06:00:00,1867.58,1871.21,1866.46,1870.5,2375.604,1261.9183
2026-08-01 07:00:00,1870.5,1871.98,1868.49,1869.8,2112.7899,1159.7115
2026-08-01 08:00:00,1869.81,1870.28,1867.6,1869.49,1883.948,943.1845
2026-08-01 09:00:00,1869.5,1870.74,1867.59,1867.93,2411.8289,1295.8964
2026-08-01 10:00:00,1867.94,1869.11,1863.1,1867.35,7323.6147,3594.9364
2026-08-01 11:00:00,1867.36,1867.77,1865.79,1866.9,5035.6351,2070.424
2026-08-01 12:00:00,1866.9,1870,1866.89,1869.06,2013.3782,1076.6331
2026-08-01 13:00:00,1869.07,1869.6,1867.54,1869.28,1883.4812,974.5501
2026-08-01 14:00:00,1869.29,1875.33,1869.25,1875.18,4139.1814,2248.3124
2026-08-01 15:00:00,1875.18,1875.45,1870.07,1870.09,3029.8805,1089.968
2026-08-01 16:00:00,1870.1,1873.6,1866.47,1868.79,2510.6059,1224.0606
2026-08-01 17:00:00,1868.79,1870.25,1857.41,1862.07,4950.8385,1989.447
2026-08-01 18:00:00,1862.06,1863.03,1822.06,1836.81,30668.7809,12835.7484
2026-08-01 19:00:00,1836.8,1840.58,1834.2,1837.3,6052.4254,2216.2844
2026-08-01 20:00:00,1837.29,1840.48,1833.07,1838.41,5521.2918,2065.9946
2026-08-01 21:00:00,1838.41,1845.96,1836.61,1845.78,5894.9077,2663.8979
2026-08-01 22:00:00,1845.79,1849.26,1844.76,1847.28,2856.1786,1157.2958
2026-08-01 23:00:00,1847.28,1849.1,1843.39,1844.94,3027.8295,1061.0536
2026-08-02 00:00:00,1844.95,1849.7,1843.67,1846.69,4031.2087,1496.769
2026-08-02 01:00:00,1846.69,1859.41,1846.69,1857.09,7392.1031,3701.2092
2026-08-02 02:00:00,1857.09,1884.69,1856.51,1876.9,17693.7596,9967.0572
2026-08-02 03:00:00,1876.9,1880.54,1874.32,1877.43,4976.3428,2128.0171
2026-08-02 04:00:00,1877.44,1882.67,1877.44,1881.22,4678.1317,2404.0458
2026-08-02 05:00:00,1881.21,1882.68,1875.26,1876.33,4198.7677,1912.3505
2026-08-02 06:00:00,1876.32,1879.33,1875,1877.54,3148.4584,1488.9188
2026-08-02 07:00:00,1877.54,1878.78,1875.67,1876.1,2714.3967,1134.7055
2026-08-02 08:00:00,1876.1,1879,1867.04,1868.2,5044.7312,2119.9432
2026-08-02 09:00:00,1868.19,1872.97,1862.3,1870.95,3014.6538,1423.5108
2026-08-02 10:00:00,1870.94,1871.13,1865.63,1868.75,1753.0272,852.3773
2026-08-02 11:00:00,1868.76,1869.74,1849.5,1852.58,8195.8641,3340.91
2026-08-02 12:00:00,1852.65,1860.58,1852.46,1857.06,3764.4164,2209.0999
2026-08-02 13:00:00,1857.07,1858.05,1852.41,1854.89,2230.6675,1187.4862
2026-08-02 14:00:00,1854.88,1859.27,1852.42,1854.94,2752.8167,1418.3046
2026-08-02 15:00:00,1854.95,1863.05,1853.81,1858.82,2831.0497,1747.0064
2026-08-02 16:00:00,1858.82,1865.7,1856.03,1863.13,2850.251,1829.6709
2026-08-02 17:00:00,1863.13,1870.57,1862.4,1868.65,3299.4741,1970.2222
2026-08-02 18:00:00,1868.64,1887.2,1868.49,1875.86,10697.2543,6323.51
2026-08-02 19:00:00,1875.86,1883.93,1874.8,1882.2,4040.8119,2274.9557
2026-08-02 20:00:00,1882.2,1885.71,1879.61,1883.78,3060.4289,1573.7063
2026-08-02 21:00:00,1883.79,1898.5,1882.15,1890.43,8410.4818,4776.1993
2026-08-02 22:00:00,1890.44,1897.8,1880.5,1882.11,9510.3373,5280.9889
2026-08-02 23:00:00,1882.1,1885.68,1876.39,1885.36,3365.6286,1942.1633
2026-08-03 00:00:00,1885.36,1885.95,1871.68,1873.87,4671.4907,1703.7955
2026-08-03 01:00:00,1873.86,1875.52,1866,1867.19,4120.4684,1965.6205
2026-08-03 02:00:00,1867.19,1872,1862.9,1864.51,4058.0605,1635.0186
2026-08-03 03:00:00,1864.51,1865.71,1851.05,1857.22,5297.8404,2078.0296
2026-08-03 04:00:00,1857.21,1863.14,1854.81,1854.97,3716.6199,1378.662
2026-08-03 05:00:00,1854.97,1860.91,1853.55,1859.88,4111.3952,2189.7487
2026-08-03 06:00:00,1859.88,1861.11,1846.38,1849.28,7050.062,3196.2382
2026-08-03 07:00:00,1849.29,1849.94,1840,1843.97,12612.232,6055.3227
2026-08-03 08:00:00,1843.96,1845.57,1828.62,1840.32,15329.1092,6660.8937
2026-08-03 09:00:00,1840.32,1853.91,1839.35,1852.63,8512.8596,4507.6702
2026-08-03 10:00:00,1852.62,1854.46,1841.55,1846.24,7708.7926,3415.9547
2026-08-03 11:00:00,1846.24,1847.88,1838.48,1839.89,4323.4095,1847.3374
2026-08-03 12:00:00,1839.88,1845.38,1836.75,1843.7,5012.5495,2711.7145
2026-08-03 13:00:00,1843.69,1860.24,1838.42,1859.18,13330.2037,7793.9066
2026-08-03 14:00:00,1859.18,1874.35,1851.34,1873.79,21006.5246,12524.9858
2026-08-03 15:00:00,1873.79,1874.08,1860.43,1863.34,10839.8182,5412.0705
2026-08-03 16:00:00,1863.34,1872.22,1861.68,1866.22,6771.2457,3814.7094
2026-08-03 17:00:00,1866.22,1874.93,1863.64,1868.84,5795.3562,2844.2162
2026-08-03 18:00:00,1868.85,1874,1866.72,1868.96,4466.282,1713.759
2026-08-03 19:00:00,1868.96,1876.5,1868.2,1870.2,5831.2405,2288.5887
2026-08-03 20:00:00,1870.2,1875.99,1866.61,1868.97,7347.3691,3497.5539
2026-08-03 21:00:00,1868.97,1869.15,1863.57,1863.6,4725.1651,1619.8425
2026-08-03 22:00:00,1863.6,1866.12,1852.45,1860.4,6401.3077,2760.1954
2026-08-03 23:00:00,1860.39,1860.5,1856.22,1860.5,2567.6076,1159.2337
2026-08-04 00:00:00,1860.5,1863.12,1848.38,1851.3,10087.437,5341.3597
2026-08-04 01:00:00,1851.3,1869.72,1849.12,1867.64,9043.6029,5272.7306
2026-08-04 02:00:00,1867.64,1872.5,1862.09,1866.17,5344.8134,2530.7067
2026-08-04 03:00:00,1866.17,1866.96,1858.38,1864.19,4382.4669,2158.1984
2026-08-04 04:00:00,1864.2,1874.71,1862.09,1868.01,6131.0573,3131.0178
2026-08-04 05:00:00,1868,1870.54,1864.28,1864.42,3298.8071,1099.0598
2026-08-04 06:00:00,1864.42,1882.44,1854.65,1856.96,15678.0058,10511.5769
2026-08-04 07:00:00,1856.96,1864.98,1853.54,1863.87,7711.0201,3729.152
2026-08-04 08:00:00,1863.88,1865.88,1856.96,1857.89,4180.9094,2155.035
2026-08-04 09:00:00,1857.88,1858.83,1853.48,1858.71,5488.8272,2605.5576
2026-08-04 10:00:00,1858.71,1873.03,1854.11,1866.94,8858.6566,4476.9763
2026-08-04 11:00:00,1866.95,1874.78,1866.18,1872.89,6980.9397,3264.2142
2026-08-04 12:00:00,1872.88,1882,1868.09,1875.11,8155.32,4497.8276
2026-08-04 13:00:00,1875.11,1877.63,1860.01,1862.06,14674.1047,8031.4954
2026-08-04 14:00:00,1862.06,1875.71,1858.72,1873.03,12625.0454,6996.8285
2026-08-04 15:00:00,1873.02,1877.85,1862.05,1873.07,9729.2962,4365.9818
2026-08-04 16:00:00,1873.08,1874.09,1865.65,1869.68,7985.3408,3591.7429
2026-08-04 17:00:00,1869.69,1877.88,1867.01,1869.53,12012.494,5037.4464
2026-08-04 18:00:00,1869.54,1880.94,1869.3,1875.29,7528.9302,3270.1064
2026-08-04 19:00:00,1875.29,1881.81,1873.86,1875.26,8184.4653,3850.4487
2026-08-04 20:00:00,1875.26,1879.84,1866.17,1876.65,5884.9577,2732.8042
2026-08-04 21:00:00,1876.65,1876.65,1871.85,1872.32,2412.3242,1017.407
2026-08-04 22:00:00,1872.32,1876.92,1868.48,1875.64,3303.5295,1614.8046
2026-08-04 23:00:00,1875.64,1881.28,1869.07,1869.75,5572.1938,2683.7376
2026-08-05 00:00:00,1869.74,1873.87,1863.33,1863.93,7040.3828,3220.1346
2026-08-05 01:00:00,1863.94,1874.4,1861.34,1873.37,3984.1549,2007.6956
2026-08-05 02:00:00,1873.37,1878,1872.5,1874.49,5850.9223,2542.9064
2026-08-05 03:00:00,1874.49,1876.23,1863.91,1867.75,7838.784,4035.8801
2026-08-05 04:00:00,1867.75,1869.79,1865,1867.5,3487.1721,1714.9808
2026-08-05 05:00:00,1867.5,1877.69,1867.21,1873.46,4816.0039,1754.7116
2026-08-05 06:00:00,1873.46,1873.69,1868.26,1869.88,9338.5186,3671.1544
2026-08-05 07:00:00,1869.88,1872.2,1863.53,1872.2,13188.6525,7557.6683
2026-08-05 08:00:00,1872.2,1874.48,1868,1869.99,10385.8454,6660.8367
2026-08-05 09:00:00,1869.99,1874.66,1868.89,1871.94,4866.2003,2135.2807
2026-08-05 10:00:00,1871.94,1876.06,1866.16,1868.33,5390.3805,2713.596
2026-08-05 11:00:00,1868.32,1871.15,1867.27,1868.92,4882.5202,3002.2729
2026-08-05 12:00:00,1868.92,1885.29,1867.47,1876.25,13717.3662,6800.1089
2026-08-05 13:00:00,1876.26,1879.51,1855.5,1878.53,21971.7299,11232.2861
2026-08-05 14:00:00,1878.52,1882.84,1869.24,1875.89,15946.0181,7982.854
2026-08-05 15:00:00,1875.89,1882.76,1872.95,1873.91,8156.1461,4231.1864
2026-08-05 16:00:00,1873.91,1897.32,1873.4,1895.56,20344.7361,12213.2669
2026-08-05 17:00:00,1895.55,1917.72,1891.07,1916.75,24840.2338,15417.0283
2026-08-05 18:00:00,1916.75,1928,1913.9,1918.06,19879.6167,10498.6245
2026-08-05 19:00:00,1918.05,1921,1915.6,1917.03,9433.0891,4267.1306
2026-08-05 20:00:00,1917.02,1924.56,1916.71,1917.1,6965.0406,3397.4066
2026-08-05 21:00:00,1917.1,1917.47,1907.07,1908.75,8180.0017,3777.8437
2026-08-05 22:00:00,1908.75,1913.43,1906.59,1906.86,4213.4409,1994.3056
2026-08-05 23:00:00,1906.85,1912.31,1904.34,1908.9,3613.3702,1594.0965
2026-08-06 00:00:00,1908.91,1914.02,1907.29,1910.4,4876.5925,2455.5814
2026-08-06 01:00:00,1910.4,1911.21,1903.36,1906.75,5637.5795,2607.3388
2026-08-06 02:00:00,1906.74,1910.82,1895.1,1899.21,9631.1508,3678.518
2026-08-06 03:00:00,1899.21,1899.7,1895.37,1899.03,4875.4429,1939.0135
2026-08-06 04:00:00,1899.04,1908.05,1895.73,1907.7,6770.1779,3496.2019
2026-08-06 05:00:00,1907.7,1918.7,1907.29,1914.34,8409.6151,4473.7301
2026-08-06 06:00:00,1914.35,1914.77,1909.6,1913.66,3374.4198,1604.0165
2026-08-06 07:00:00,1913.67,1915.33,1907.65,1909.33,6344.0321,2003.9308
2026-08-06 08:00:00,1909.33,1920.51,1908.41,1916.26,9089.5239,4526.5928
2026-08-06 09:00:00,1916.26,1917.03,1904.83,1907.67,9792.3411,3955.5815
2026-08-06 10:00:00,1907.67,1907.67,1901.62,1902.58,5165.4282,2221.0556
2026-08-06 11:00:00,1902.59,1909.2,1897,1907.77,5920.4388,2897.8772
2026-08-06 12:00:00,1907.77,1908.02,1899.02,1899.09,5851.2106,2366.6116
2026-08-06 13:00:00,1899.1,1911.11,1892.38,1907.43,16539.6529,8636.8696
2026-08-06 14:00:00,1907.44,1918.72,1892.04,1915.01,18795.1192,8033.6953
2026-08-06 15:00:00,1915.01,1919.68,1910.38,1910.69,11802.6746,6091.8624
2026-08-06 16:00:00,1910.7,1916.8,1908.46,1915.77,7760.9905,3698.7804
2026-08-06 17:00:00,1915.78,1918.47,1910.38,1914.08,5696.3354,2716.337
2026-08-06 18:00:00,1914.08,1914.1,1903.08,1905.95,7958.3294,2147.8801
2026-08-06 19:00:00,1905.95,1911.29,1905.95,1910.06,10004.7765,6119.2278
2026-08-06 20:00:00,1910.07,1910.85,1906,1907.14,2869.7578,1059.9626
2026-08-06 21:00:00,1907.15,1909.45,1905.88,1906.28,3309.8235,1335.1358
2026-08-06 22:00:00,1906.28,1907.44,1902.27,1905.25,3479.9443,1546.9664
2026-08-06 23:00:00,1905.24,1905.79,1898.94,1904.1,3574.3562,1547.368
2026-08-07 00:00:00,1904.1,1905.47,1899.84,1903.88,3516.2153,1641.8205
2026-08-07 01:00:00,1903.89,1907.55,1899.04,1903.36,4823.4698,2310.23
2026-08-07 02:00:00,1903.36,1908.61,1897.52,1902.73,5702.729,2816.9334
2026-08-07 03:00:00,1902.72,1903.95,1896.16,1897.43,4269.3759,2029.2344
2026-08-07 04:00:00,1897.43,1900.76,1894.35,1897.44,6754.204,3523.0713
2026-08-07 05:00:00,1897.44,1902.4,1895.41,1901.58,4024.0554,1916.5079
2026-08-07 06:00:00,1901.59,1907.58,1900,1904.53,4864.3205,2436.1585
2026-08-07 07:00:00,1904.54,1907.44,1902.35,1902.36,5166.215,2111.211
2026-08-07 08:00:00,1902.35,1914.9,1901.91,1910.7,10662.3713,5105.3595
2026-08-07 09:00:00,1910.7,1917.67,1910.3,1913.04,28602.9542,6679.5487
2026-08-07 10:00:00,1913.04,1916,1912.64,1912.85,4509.058,1816.1753
2026-08-07 11:00:00,1912.85,1921,1912.62,1916.33,8756.7564,4478.1489
2026-08-07 12:00:00,1916.33,1943.02,1916.33,1932.13,31004.2283,17612.0521
2026-08-07 13:00:00,1932.14,1935.05,1921.53,1923.5,15610.4582,8785.1954
2026-08-07 14:00:00,1923.5,1926.5,1910.53,1913.57,18780.5279,9551.6939
2026-08-07 15:00:00,1913.57,1921,1913.02,1917.88,6340.5718,3051.7766
2026-08-07 16:00:00,1917.87,1925,1909.34,1909.51,7968.6101,3133.2414
2026-08-07 17:00:00,1909.5,1912.99,1905.4,1912.45,9390.7888,3827.3023
2026-08-07 18:00:00,1912.45,1915.29,1906.28,1909.86,4337.392,2400.1717
2026-08-07 19:00:00,1909.87,1920.24,1909.87,1918.85,10178.4996,3284.2692
2026-08-07 20:00:00,1918.84,1920.36,1914.38,1914.81,3750.1199,1520.2338
2026-08-07 21:00:00,1914.82,1922.81,1912.72,1916.55,6300.7153,3282.8562
2026-08-07 22:00:00,1916.55,1916.56,1913.92,1914.84,3447.6054,1082.9456
2026-08-07 23:00:00,1914.84,1916.41,1913.92,1914.18,1515.2869,632.9725
2026-08-08 00:00:00,1914.19,1915.1,1912.5,1914.35,2385.6366,911.4907
2026-08-08 01:00:00,1914.36,1916.62,1914.04,1914.65,3177.8497,789.2054
2026-08-08 02:00:00,1914.66,1914.66,1912.27,1913.18,1370.5073,644.9327
2026-08-08 03:00:00,1913.18,1919.02,1913.17,1918.08,2097.6249,1275.1898
2026-08-08 04:00:00,1918.09,1919.58,1916.4,1917,2245.9862,1266.934
2026-08-08 05:00:00,1917,1918.78,1915.81,1917.56,1176.4942,666.1769
2026-08-08 06:00:00,1917.55,1917.89,1916.17,1916.44,1409.709,581.8936
2026-08-08 07:00:00,1916.45,1916.75,1914,1915.11,1799.6535,866.4831
2026-08-08 08:00:00,1915.11,1917.73,1914.58,1916.85,1481.4706,491.9162
2026-08-08 09:00:00,1916.85,1923.22,1916.25,1918.95,3514.2564,1629.6207
2026-08-08 10:00:00,1918.94,1922.72,1918.94,1921.17,2167.1079,875.8338
2026-08-08 11:00:00,1921.18,1923.57,1919.53,1920.99,2555.556,1314.8472
2026-08-08 12:00:00,1920.99,1922.47,1918.7,1919.19,2376.3197,1020.0287
2026-08-08 13:00:00,1919.2,1920.55,1918.61,1920,1981.2186,870.7158
2026-08-08 14:00:00,1920,1926.72,1919.99,1923.77,5059.4611,2816.6404
2026-08-08 15:00:00,1923.78,1924.56,1921.35,1922.62,2945.8968,1677.0994
2026-08-08 16:00:00,1922.63,1925,1921.65,1922.46,2239.3085,1317.9089
2026-08-08 17:00:00,1922.45,1926.45,1922.25,1923.85,3927.5413,2420.907
2026-08-08 18:00:00,1923.84,1923.84,1919.77,1921.1,2781.192,1314.3602
2026-08-08 19:00:00,1921.1,1921.54,1919.67,1920.41,1779.511,834.768
2026-08-08 20:00:00,1920.41,1921.21,1919.95,1920.39,1344.3956,702.6572
2026-08-08 21:00:00,1920.39,1922.73,1920.27,1920.82,1842.5995,959.6154
2026-08-08 22:00:00,1920.82,1921.59,1916.66,1916.75,2433.2468,1194.8369
2026-08-08 23:00:00,1916.74,1919,1914.69,1916.74,2779.8499,1108.5384
2026-08-09 00:00:00,1916.75,1918.66,1916.34,1918.09,2792.4612,974.332
2026-08-09 01:00:00,1918.08,1920.21,1913.37,1916.14,2176.0306,886.3063
2026-08-09 02:00:00,1916.15,1916.71,1913.64,1914.8,1341.9749,520.0159
2026-08-09 03:00:00,1914.79,1914.79,1912.36,1914.04,2034.9863,975.1361
2026-08-09 04:00:00,1914.04,1915.63,1912.99,1913.16,1394.2198,688.5663
2026-08-09 05:00:00,1913.17,1915.04,1913.11,1914.46,1455.4914,624.699
2026-08-09 06:00:00,1914.45,1919.51,1912.83,1919.33,4314.9898,1504.8917
2026-08-09 07:00:00,1919.34,1919.79,1917.14,1918.97,4950.8116,2894.2943
2026-08-09 08:00:00,1918.97,1925,1914,1915.94,4019.2402,1825.3253
2026-08-09 09:00:00,1915.94,1921.45,1913.39,1921.45,4402.5705,2956.8843
2026-08-09 10:00:00,1921.45,1922.96,1919.64,1920.1,3788.5932,1293.2265
2026-08-09 11:00:00,1920.09,1921.51,1918.37,1919.23,1585.7868,818.6219
2026-08-09 12:00:00,1919.23,1919.23,1916.51,1917.5,2317.0555,1312.0636
2026-08-09 13:00:00,1917.5,1926.31,1917.5,1923.36,6087.6127,3122.4071
2026-08-09 14:00:00,1923.36,1926.58,1922.61,1925.07,3783.0976,1953.7089
2026-08-09 15:00:00,1925.08,1927.36,1924.16,1926.56,3293.3403,1783.6215
2026-08-09 16:00:00,1926.57,1926.95,1921.6,1924.11,2527.6686,1111.3149
2026-08-09 17:00:00,1924.1,1924.84,1923.11,1923.11,2161.8139,949.2423
2026-08-09 18:00:00,1923.1,1923.8,1920.15,1921.52,1893.9677,959.7572
2026-08-09 19:00:00,1921.51,1922.47,1921.35,1922.04,1346.5922,714.7326
2026-08-09 20:00:00,1922.04,1922.27,1918,1920.73,3716.9996,1501.6386
2026-08-09 21:00:00,1920.72,1926.91,1919.84,1924.73,3133.0872,1427.4242
2026-08-09 22:00:00,1924.73,1938.22,1915,1919.55,12501.372,6515.817
2026-08-09 23:00:00,1919.54,1920.61,1907.56,1910.65,10835.5617,5404.9478
2026-08-10 00:00:00,1910.65,1928.28,1906.17,1912.78,10209.7156,5265.4047
2026-08-10 01:00:00,1912.79,1931.57,1908.01,1925.23,8100.9108,4441.5913
2026-08-10 02:00:00,1925.23,1926.72,1912.86,1923.52,6858.7003,3044.4848
2026-08-10 03:00:00,1923.51,1924.66,1913.66,1917.44,6345.0528,2351.1533
2026-08-10 04:00:00,1917.44,1921.01,1912.6,1915.79,7866.7888,3663.3378
2026-08-10 05:00:00,1915.79,1925.02,1915.33,1923.17,4320.4089,2385.0658
2026-08-10 06:00:00,1923.18,1929.43,1923.01,1928.03,7905.0173,3721.4493
2026-08-10 07:00:00,1928.03,1930.84,1924.8,1925.26,5929.0261,2508.2541
2026-08-10 08:00:00,1925.26,1929.74,1923.21,1926.8,4421.812,1977.5232
2026-08-10 09:00:00,1926.8,1927.09,1916.21,1916.39,6913.4753,3813.8975
2026-08-10 10:00:00,1916.38,1920.7,1916.12,1917.75,4895.296,2951.3715
2026-08-10 11:00:00,1917.75,1921.11,1914.68,1920.42,4343.5736,2084.551
2026-08-10 12:00:00,1920.42,1923.34,1905,1906,13063.3565,5001.7656
2026-08-10 13:00:00,1905.99,1910.46,1894.56,1897.6,20184.687,8868.5242
2026-08-10 14:00:00,1897.61,1902.84,1891.6,1893.59,10048.2437,5245.4094
2026-08-10 15:00:00,1893.58,1893.58,1871.37,1877,29430.8117,11199.978
2026-08-10 16:00:00,1876.99,1878.71,1867.96,1872.36,17767.9519,6738.1141
2026-08-10 17:00:00,1872.38,1877.39,1868.71,1873.7,8222.6701,3807.0085
2026-08-10 18:00:00,1873.7,1875.24,1868,1872.95,8602.6495,3591.9649
2026-08-10 19:00:00,1872.95,1880.47,1871.86,1878.51,6928.2103,3290.9388
2026-08-10 20:00:00,1878.52,1881.31,1877.74,1879.73,3650.5749,1641.4229
2026-08-10 21:00:00,1879.72,1879.72,1873.54,1874.45,4144.1711,1612.9117
2026-08-10 22:00:00,1874.45,1878.13,1872.13,1876.14,4964.4198,1861.0883
2026-08-10 23:00:00,1876.15,1876.15,1870.12,1873.16,4691.4981,1800.8222
2026-08-11 00:00:00,1873.16,1876.04,1871,1875.32,5360.8121,2211.2203
2026-08-11 01:00:00,1875.31,1878.6,1873.49,1878.14,4604.8217,2341.5823
2026-08-11 02:00:00,1878.13,1881.78,1877.36,1878.6,5445.0466,3411.6143
2026-08-11 03:00:00,1878.61,1881.78,1878.6,1881.03,3766.3888,1945.1015
2026-08-11 04:00:00,1881.02,1882.18,1876.22,1876.25,3740.0049,1392.2145
2026-08-11 05:00:00,1876.25,1876.81,1872.19,1874.03,5181.4013,1718.9058
2026-08-11 06:00:00,1874.03,1875.02,1870.86,1874.24,9415.5466,3327.4079
2026-08-11 07:00:00,1874.25,1879.34,1870.29,1877.95,10253.5598,5211.2966
2026-08-11 08:00:00,1877.95,1880.39,1875.75,1879.21,8442.7399,2990.8549
2026-08-11 09:00:00,1879.2,1885.41,1877.32,1885.41,8242.4218,3687.8678
2026-08-11 10:00:00,1885.41,1889,1882.66,1886.16,7409.168,3926.1226
2026-08-11 11:00:00,1886.17,1895.6,1886.17,1892.97,9187.1645,5230.8166
2026-08-11 12:00:00,1892.96,1897.8,1887.34,1888,10397.1725,5454.5553
2026-08-11 13:00:00,1888,1892.69,1883.63,1890.03,9070.3061,4424.5009
2026-08-11 14:00:00,1890.02,1891.61,1870.33,1873.69,14477.2528,5618.3674
2026-08-11 15:00:00,1873.68,1877.71,1853.62,1862.74,22054.1842,8706.6539
2026-08-11 16:00:00,1862.75,1867.06,1859.78,1864.82,8942.3877,3777.6194
2026-08-11 17:00:00,1864.83,1867.95,1862.88,1864.69,6492.2921,2492.1702
2026-08-11 18:00:00,1864.69,1867.09,1860,1866.03,7345.3446,3149.6378
2026-08-11 19:00:00,1866.03,1884.83,1862.9,1881.9,9965.2898,5707.6842
2026-08-11 20:00:00,1881.9,1885.38,1879.09,1882.22,7300.6273,4150.569
2026-08-11 21:00:00,1882.22,1885.32,1880.43,1884.68,6936.3919,3722.3222
2026-08-11 22:00:00,1884.68,1887.64,1879.61,1882.16,5904.5462,3290.7407
2026-08-11 23:00:00,1882.17,1884.41,1878.92,1882.59,3365.6454,1544.3854
2026-08-12 00:00:00,1882.58,1883.72,1880.65,1882.35,4050.8679,2047.9259
2026-08-12 01:00:00,1882.36,1886.53,1881.11,1884.77,4162.0973,2174.4779
2026-08-12 02:00:00,1884.77,1887.91,1883.59,1884.47,3454.6953,1533.1626
2026-08-12 03:00:00,1884.48,1887.33,1882.66,1886.62,2942.8508,1340.5839
2026-08-12 04:00:00,1886.63,1893.37,1885.47,1889.42,6246.9058,3846.3813
2026-08-12 05:00:00,1889.41,1892.44,1886.77,1891.71,3205.7091,1635.7886
2026-08-12 06:00:00,1891.7,1891.71,1885.38,1887.73,4888.4475,1597.6062
2026-08-12 07:00:00,1887.74,1891.82,1886.34,1891.69,4124.2743,1949.6039
2026-08-12 08:00:00,1891.7,1896.11,1890.63,1890.95,4725.3454,2654.5589
2026-08-12 09:00:00,1890.94,1909.63,1890,1905.84,13427.1549,7273.0275
2026-08-12 10:00:00,1905.84,1915.54,1905.84,1909.17,12974.7164,6014.5442
2026-08-12 11:00:00,1909.18,1915.99,1907.41,1915.57,6783.1487,3430.1717
2026-08-12 12:00:00,1915.58,1925,1905.52,1911.32,22567.2084,10712.0809
2026-08-12 13:00:00,1911.31,1912.6,1900.04,1901.32,11484.4335,5912.655
2026-08-12 14:00:00,1901.31,1903.71,1885,1887.79,15718.622,6884.6096
2026-08-12 15:00:00,1887.78,1896.29,1884.54,1892.75,7679.7558,3944.3861
2026-08-12 16:00:00,1892.75,1895.77,1889.24,1890.7,5223.5671,2613.3097
2026-08-12 17:00:00,1890.7,1891.89,1885.12,1888.14,6045.2496,2774.4169
2026-08-12 18:00:00,1888.13,1891.33,1885.5,1885.55,3671.5472,1890.552
2026-08-12 19:00:00,1885.54,1886.8,1877.98,1879.38,6667.3674,2711.6286
2026-08-12 20:00:00,1879.37,1887.68,1877.81,1886.6,4232.1513,2792.9328
2026-08-12 21:00:00,1886.6,1889.47,1873.29,1877.95,7857.9549,3579.1869
2026-08-12 22:00:00,1877.94,1881.37,1875.63,1878.45,5234.3873,2649.414
2026-08-12 23:00:00,1878.46,1880.11,1874.81,1879.81,3887.5396,2126.6307
2026-08-13 00:00:00,1879.8,1885.55,1877.26,1880.29,6876.0925,3616.4805
2026-08-13 01:00:00,1880.28,1882.83,1875.01,1878.09,6179.0307,2927.9517
2026-08-13 02:00:00,1878.09,1883.28,1873.17,1881.93,5675.9832,3120.9458
2026-08-13 03:00:00,1881.94,1888.89,1881.68,1887.52,6304.2606,3893.8218
2026-08-13 04:00:00,1887.52,1894.99,1885.46,1892.37,4484.4365,2694.6441
2026-08-13 05:00:00,1892.37,1900,1891.77,1895.81,7618.3359,4356.0906
2026-08-13 06:00:00,1895.8,1898.62,1892.17,1898.62,3461.1079,1718.1686
2026-08-13 07:00:00,1898.62,1898.93,1895.31,1895.57,4212.4745,2228.5821
2026-08-13 08:00:00,1895.57,1897,1888.38,1890.05,7584.8891,4062.5627
2026-08-13 09:00:00,1890.05,1890.59,1881.39,1889.78,5856.4852,3104.7581
2026-08-13 10:00:00,1889.78,1890.24,1882.08,1883.17,8965.8576,4718.0116
2026-08-13 11:00:00,1883.18,1883.72,1875.49,1880.39,7000.7025,3664.9608
2026-08-13 12:00:00,1880.4,1890.18,1879.17,1889.04,6735.8049,3425.3776
2026-08-13 13:00:00,1889.04,1895.71,1887.06,1890.39,11615.9175,6286.7762
2026-08-13 14:00:00,1890.39,1897.36,1888.64,1893.43,7248.0518,3819.4312
2026-08-13 15:00:00,1893.44,1896.04,1880,1880.01,7332.7645,3115.6843
2026-08-13 16:00:00,1880.01,1884.94,1863.67,1874.85,20788.5995,9804.7728
2026-08-13 17:00:00,1874.86,1881.01,1873.73,1876.98,5292.3609,2812.456
2026-08-13 18:00:00,1876.98,1887.3,1876.63,1885.52,3857.1663,2152.5652
2026-08-13 19:00:00,1885.52,1892.73,1885.16,1887.41,6746.6604,3015.3345
2026-08-13 20:00:00,1887.41,1889.56,1885.32,1886.43,2575.2489,1087.1968
2026-08-13 21:00:00,1886.43,1889.47,1886.01,1888.76,1906.7376,981.5694
2026-08-13 22:00:00,1888.77,1893.03,1888.6,1889.4,2636.376,1353.4578
2026-08-13 23:00:00,1889.41,1889.41,1884.6,1886.15,3185.2863,1382.0236
2026-08-14 00:00:00,1886.16,1889.49,1883.53,1889.4,3116.909,1499.4508
2026-08-14 01:00:00,1889.4,1890.23,1884.85,1889.41,3101.1848,1362.8066
2026-08-14 02:00:00,1889.41,1891.3,1886.05,1886.62,2797.742,910.0098
2026-08-14 03:00:00,1886.63,1889.07,1882.44,1883,2946.7122,1339.9656
2026-08-14 04:00:00,1883,1887.87,1882.16,1884.77,2282.5247,1311.6022
2026-08-14 05:00:00,1884.78,1885.54,1880.55,1884.07,2570.6038,910.8417
2026-08-14 06:00:00,1884.07,1884.08,1872.83,1872.85,6617.5957,2595.4725
2026-08-14 07:00:00,1872.86,1878.29,1872.28,1873.4,5655.4467,3153.6221
2026-08-14 08:00:00,1873.4,1878.71,1869.32,1878.71,7520.2378,4148.2186
2026-08-14 09:00:00,1878.72,1878.91,1871.34,1873.22,3960.7296,1752.0689
2026-08-14 10:00:00,1873.21,1878.43,1872.51,1876.19,5023.663,3503.7348
2026-08-14 11:00:00,1876.18,1881.19,1875.07,1878.2,3998.0616,1742.6425
2026-08-14 12:00:00,1878.2,1879.59,1873,1873.51,5265.5062,2777.5083
2026-08-14 13:00:00,1873.51,1873.94,1866.43,1869.97,9113.7904,4147.8788
2026-08-14 14:00:00,1869.98,1873.54,1864.28,1866.93,7118.7642,3053.7332
2026-08-14 15:00:00,1866.94,1884.71,1866.28,1881.56,9527.9298,5652.7771
2026-08-14 16:00:00,1881.56,1888.42,1879.32,1885.41,6301.7991,3262.8002
2026-08-14 17:00:00,1885.41,1887.66,1876.71,1878.57,4644.5413,1954.8902
2026-08-14 18:00:00,1878.57,1879,1873.7,1875.76,4800.9552,2917.0373
2026-08-14 19:00:00,1875.75,1881.96,1873.86,1880.89,3705.052,2143.5474
2026-08-14 20:00:00,1880.89,1881.9,1878.95,1880.42,1812.2798,870.7129
2026-08-14 21:00:00,1880.42,1881.25,1877.35,1879.44,2133.2925,963.2988
2026-08-14 22:00:00,1879.43,1881.16,1876.1,1879.77,2175.3415,911.9887
2026-08-14 23:00:00,1879.77,1882.67,1878.74,1882.2,1933.1105,913.0082
2026-08-15 00:00:00,1882.2,1883.48,1881.71,1882.41,1606.541,774.025
2026-08-15 01:00:00,1882.41,1884.69,1881.12,1884,1837.3712,871.8427
2026-08-15 02:00:00,1884,1885.82,1883.99,1884.94,1694.9788,808.1048
2026-08-15 03:00:00,1884.94,1886.59,1882.68,1882.68,2004.6713,927.8769
2026-08-15 04:00:00,1882.69,1885.69,1882.69,1884.37,1352.4549,645.6762
2026-08-15 05:00:00,1884.38,1885.36,1880,1880.66,1880.8764,939.0265
2026-08-15 06:00:00,1880.67,1883.61,1880.02,1882.16,2440.6445,1307.6604
2026-08-15 07:00:00,1882.17,1882.59,1880.19,1880.4,1371.528,735.0928
2026-08-15 08:00:00,1880.4,1881.69,1876.53,1877.05,3447.5778,1905.4489
2026-08-15 09:00:00,1877.04,1881.32,1876.01,1880.44,2238.4774,1301.2839
2026-08-15 10:00:00,1880.45,1881.39,1878.42,1881.01,1442.5592,799.9228
2026-08-15 11:00:00,1881,1881.3,1879.24,1879.49,980.5767,404.802
2026-08-15 12:00:00,1879.49,1883.97,1878.19,1883.86,2231.1153,1332.2681
2026-08-15 13:00:00,1883.86,1884.93,1882.33,1883.86,3670.7843,1286.4322
2026-08-15 14:00:00,1883.85,1884.61,1881.47,1883.56,2116.7417,827.6607
2026-08-15 15:00:00,1883.55,1885.83,1883.11,1884.91,2355.0637,853.2831
2026-08-15 16:00:00,1884.92,1885.7,1883.92,1884.98,2801.7212,1272.273
2026-08-15 17:00:00,1884.98,1886.58,1883.03,1884.49,3077.7651,1653.8991
2026-08-15 18:00:00,1884.49,1885.8,1882.59,1882.82,1235.8078,576.3304
2026-08-15 19:00:00,1882.82,1884.97,1882.82,1884.55,1114.2486,473.5373
2026-08-15 20:00:00,1884.55,1884.56,1882.8,1883.42,847.5523,438.2983
2026-08-15 21:00:00,1883.41,1885.6,1883.41,1885.17,2194.4682,1240.4564
2026-08-15 22:00:00,1885.16,1885.8,1884.46,1884.84,1889.8622,789.8424
2026-08-15 23:00:00,1884.84,1884.85,1881.98,1882.64,2363.7033,848.436
2026-08-16 00:00:00,1882.64,1883.33,1881.67,1882.57,1935.0343,948.5553
2026-08-16 01:00:00,1882.57,1882.57,1877.01,1880.54,2701.766,1442.441
2026-08-16 02:00:00,1880.54,1885,1879.09,1883.71,2554.0022,1366.2275
2026-08-16 03:00:00,1883.71,1884.28,1883.03,1883.3,1706.061,566.9794
2026-08-16 04:00:00,1883.31,1884.56,1880.6,1881.7,1293.6813,576.7739
2026-08-16 05:00:00,1881.7,1881.92,1879.16,1879.81,2045.0583,1208.1882
2026-08-16 06:00:00,1879.82,1881.59,1879,1880.58,1889.9123,1171.7293
2026-08-16 07:00:00,1880.58,1881.65,1879.91,1881.54,1099.7008,516.6657
2026-08-16 08:00:00,1881.54,1881.56,1880.48,1880.94,1229.3845,565.5218
2026-08-16 09:00:00,1880.94,1882.52,1879.27,1880.43,3170.625,1775.8177
2026-08-16 10:00:00,1880.42,1881.17,1879.62,1880.79,2045.3728,1058.5145
2026-08-16 11:00:00,1880.8,1881.08,1880.16,1880.94,1272.2043,642.8918
2026-08-16 12:00:00,1880.94,1880.95,1879.32,1879.83,1107.625,415.4272
2026-08-16 13:00:00,1879.82,1881.97,1879.82,1881.96,1623.8462,588.1605
2026-08-16 14:00:00,1881.96,1884.49,1881.96,1883.5,2932.8428,910.8477
2026-08-16 15:00:00,1883.51,1885,1882.33,1884.06,3467.9127,768.9716
2026-08-16 16:00:00,1884.06,1892.31,1884.06,1889.58,7235.1296,4231.2793
2026-08-16 17:00:00,1889.59,1891.03,1883.81,1885.17,2517.0516,1076.4427
2026-08-16 18:00:00,1885.18,1886.41,1882.63,1885.49,2646.9734,1424.9671
2026-08-16 19:00:00,1885.49,1888.75,1884.48,1885.83,2513.2318,1128.8867
2026-08-16 20:00:00,1885.83,1887.58,1881.59,1882,2666.995,1524.4154
2026-08-16 21:00:00,1881.99,1882.92,1869.17,1875.56,8003.7077,4204.0691
2026-08-16 22:00:00,1875.55,1878.26,1869.26,1876.05,7937.8392,4502.5403
2026-08-16 23:00:00,1876.05,1877.48,1873.54,1876,2978.4653,1490.8904
2026-08-17 00:00:00,1876.01,1880.19,1872.46,1878.93,4630.5428,2982.5437
2026-08-17 01:00:00,1878.92,1897.29,1878.21,1891.65,16219.9416,8114.9604
2026-08-17 02:00:00,1891.66,1908.62,1888.72,1902.36,13096.9551,7060.6908
2026-08-17 03:00:00,1902.35,1905,1898.06,1900.92,8249.9272,4957.9521
2026-08-17 04:00:00,1900.93,1904.73,1900.93,1903.34,4623.4904,1998.5562
2026-08-17 05:00:00,1903.33,1904,1898.25,1899.65,4151.2619,1600.7381
2026-08-17 06:00:00,1899.66,1912.6,1897.13,1907.05,12834.5966,7690.0386
2026-08-17 07:00:00,1907.06,1907.93,1900.77,1900.93,8547.8379,3107.9504
2026-08-17 08:00:00,1900.93,1901.72,1891.57,1894.43,8015.9606,3462.6017
2026-08-17 09:00:00,1894.44,1897.4,1893.15,1894.02,3286.3375,1336.9509
2026-08-17 10:00:00,1894.02,1909.49,1892.16,1907.16,7049.5237,3765.4814
2026-08-17 11:00:00,1907.15,1908.55,1904.09,1904.46,4836.4582,2514.4672
2026-08-17 12:00:00,1904.46,1906.71,1896.46,1899.22,6347.6216,2493.0682
2026-08-17 13:00:00,1899.22,1909.11,1896.28,1904.92,10174.4195,4687.4205
2026-08-17 14:00:00,1904.92,1911.51,1898.37,1909.61,7986.3391,4018.0517
2026-08-17 15:00:00,1909.61,1915.5,1904.54,1913.22,15263.4571,8201.2708
2026-08-17 16:00:00,1913.22,1913.85,1905.37,1907.22,5506.4539,2387.9071
2026-08-17 17:00:00,1907.21,1914.19,1904.59,1908.91,8926.7678,5434.2561
2026-08-17 18:00:00,1908.9,1912.91,1907.33,1910.01,5594.8243,3133.7335
2026-08-17 19:00:00,1910,1910.92,1906.69,1907.25,3725.4807,1784.0331
2026-08-17 20:00:00,1907.24,1910.77,1905,1906.73,4484.5194,2469.0657
2026-08-17 21:00:00,1906.73,1908.82,1905.91,1906.35,2958.0005,1251.3265
2026-08-17 22:00:00,1906.35,1908.03,1903.59,1904.55,2080.0292,964.2666
2026-08-17 23:00:00,1904.56,1918.71,1904.01,1913.6,7136.5405,3443.4104
2026-08-18 00:00:00,1913.59,1914.38,1908.62,1910.11,3608.7213,1516.0299
2026-08-18 01:00:00,1910.12,1910.33,1899.78,1901.54,5386.4683,2393.7182
2026-08-18 02:00:00,1901.53,1903.6,1889.28,1893.19,9341.1567,3649.0988
2026-08-18 03:00:00,1893.19,1895.49,1885.78,1894.69,9433.1464,4271.4777
2026-08-18 04:00:00,1894.68,1897.7,1891.53,1896.66,4012.2189,1619.8055
2026-08-18 05:00:00,1896.66,1898.95,1892.75,1895.63,4550.5462,1778.3151
2026-08-18 06:00:00,1895.62,1906.94,1893.64,1902.83,5111.9241,2481.3444
2026-08-18 07:00:00,1902.84,1903.27,1897.07,1898.84,5879.0561,3198.4646
2026-08-18 08:00:00,1898.83,1901.83,1893.8,1900.3,5695.0774,3011.7217
2026-08-18 09:00:00,1900.31,1900.31,1895.58,1896.93,5741.5425,2811.8378
2026-08-18 10:00:00,1896.93,1899.56,1895.21,1898.02,3128.3749,1479.3782
2026-08-18 11:00:00,1898.01,1905.65,1897.65,1903.11,4314.4873,2350.556
2026-08-18 12:00:00,1903.12,1904.07,1899.11,1899.48,2694.0778,1163.3743
2026-08-18 13:00:00,1899.48,1900,1894,1897.84,6293.1075,2366.22
2026-08-18 14:00:00,1897.84,1923.27,1897.31,1911.02,20033.8048,11522.4593
2026-08-18 15:00:00,1911.03,1919.93,1908.44,1917.7,13621.8722,6387.4629
2026-08-18 16:00:00,1917.71,1922.3,1912.78,1918.47,8057.2402,3827.513
2026-08-18 17:00:00,1918.47,1918.62,1911.34,1911.38,5681.2003,2324.0543
2026-08-18 18:00:00,1911.38,1917.54,1910.81,1916.6,3514.3837,1560.4204
2026-08-18 19:00:00,1916.6,1917.58,1913.14,1913.28,3384.347,1168.8613
2026-08-18 20:00:00,1913.28,1915.71,1911.81,1913.02,3700.2419,1678.1432
2026-08-18 21:00:00,1913.01,1915.01,1910.87,1912.22,2957.6132,1023.9163
2026-08-18 22:00:00,1912.21,1915.35,1911.81,1913.42,4692.0608,2625.0722
2026-08-18 23:00:00,1913.42,1920.1,1912.97,1917.85,3604.2389,1712.6316
2026-08-19 00:00:00,1917.85,1919.15,1912.14,1913.62,5165.0239,2264.2508
2026-08-19 01:00:00,1913.62,1918.08,1912.28,1913.68,5909.3462,3199.9513
2026-08-19 02:00:00,1913.68,1913.88,1907.43,1907.7,5680.322,2683.3184
2026-08-19 03:00:00,1907.71,1915.57,1906.19,1912.15,5541.7325,2689.3653
2026-08-19 04:00:00,1912.15,1914.56,1910.17,1910.85,4283.9768,1439.015
2026-08-19 05:00:00,1910.84,1914.14,1909.97,1910.27,4086.5257,2249.594
2026-08-19 06:00:00,1910.28,1917.64,1906,1917.63,7204.8531,4201.0208
2026-08-19 07:00:00,1917.64,1921.32,1915.4,1916.01,9094.6623,5058.0055
2026-08-19 08:00:00,1916.01,1929.94,1915.32,1921.52,10356.4357,6123.5226
2026-08-19 09:00:00,1921.52,1923.85,1918.2,1919.3,4615.0676,2261.9559
2026-08-19 10:00:00,1919.3,1920.24,1917.31,1920.22,3402.4216,1338.3345
2026-08-19 11:00:00,1920.23,1926.43,1919.92,1923.06,5476.6675,2285.1094
2026-08-19 12:00:00,1923.06,1943.21,1922.05,1937.21,21644.7332,12781.5588
2026-08-19 13:00:00,1937.21,1941.65,1928.1,1932.9,25567.2983,11536.5446
2026-08-19 14:00:00,1932.91,1980,1932.79,1970.6,58501.4613,29493.0026
2026-08-19 15:00:00,1970.61,2115,1967.4,2085.83,195088.9753,107243.332
2026-08-19 16:00:00,2085.83,2108,2082.24,2089.55,63550.9869,31801.4721
2026-08-19 17:00:00,2089.55,2093.11,2067.43,2091.02,34540.4651,15921.6432
2026-08-19 18:00:00,2091.03,2092.6,2079.04,2091.93,17971.8691,9612.6244
2026-08-19 19:00:00,2091.92,2105.4,2088.92,2102.02,25325.6006,12953.606
2026-08-19 20:00:00,2102.02,2241.56,2102.02,2218.12,78138.944,44760.705
2026-08-19 21:00:00,2218.13,2333.65,2215.88,2286,138575.5398,74438.0911
2026-08-19 22:00:00,2286,2290,2241.27,2249.99,49292.8432,21004.1899
2026-08-19 23:00:00,2250,2261.7,2243.36,2252.8,20537.593,9715.7303
2026-08-20 00:00:00,2252.81,2274.25,2251.93,2262.24,33553.5396,14278.718
2026-08-20 01:00:00,2262.24,2270.94,2250,2266.66,22246.9746,12453.2168
2026-08-20 02:00:00,2266.66,2270.68,2250,2251.89,13211.38,5354.3109
2026-08-20 03:00:00,2251.88,2257.58,2221.54,2251.21,39137.1272,21829.5294
2026-08-20 04:00:00,2251.21,2258.39,2248.46,2250.28,13799.7223,6920.7818
2026-08-20 05:00:00,2250.27,2256.99,2243.86,2248.36,13843.9273,6137.3931
2026-08-20 06:00:00,2248.36,2267.3,2238.97,2262.76,25308.2298,16153.4567
2026-08-20 07:00:00,2262.77,2264.77,2244.1,2251.81,21215.33,9014.0705
2026-08-20 08:00:00,2251.81,2287.26,2249.19,2282.25,39913.3403,22046.9316
2026-08-20 09:00:00,2282.26,2298.39,2275.23,2278.56,33799.6848,18313.6754
2026-08-20 10:00:00,2278.56,2295.87,2275.54,2287,28676.9797,13173.09
2026-08-20 11:00:00,2286.99,2320,2282.31,2296.58,46096.0654,28253.9686
2026-08-20 12:00:00,2296.59,2300.97,2268,2290.23,30637.9729,15004.5986
2026-08-20 13:00:00,2290.23,2298.19,2255.68,2276.91,30967.0693,15422.1913
2026-08-20 14:00:00,2276.92,2289.33,2271.48,2281.24,20629.5566,10902.9979
2026-08-20 15:00:00,2281.24,2337.89,2281.24,2326.41,57003.4211,33878.205
2026-08-20 16:00:00,2326.4,2360,2314.44,2344.48,53188.0747,29419.4607
2026-08-20 17:00:00,2344.48,2351.28,2332.44,2344.26,26437.3155,12411.8416
2026-08-20 18:00:00,2344.25,2348.11,2310.44,2316.38,32689.169,14373.2267
2026-08-20 19:00:00,2316.37,2332.6,2312.14,2323.77,27281.6566,13632.7343
2026-08-20 20:00:00,2323.78,2331.5,2313.81,2318.58,8625.8899,3911.6148
2026-08-20 21:00:00,2318.58,2325.6,2313.32,2318.81,9548.3999,4632.6223
2026-08-20 22:00:00,2318.81,2319.45,2306.67,2314.42,10626.9634,4999.398
2026-08-20 23:00:00,2314.42,2340,2313.1,2326.82,10182.9329,5534.5075
2026-08-21 00:00:00,2326.83,2351.15,2324.99,2340.82,18927.206,10548.9475
2026-08-21 01:00:00,2340.82,2380.82,2338,2359.37,39451.2176,21940.6232
2026-08-21 02:00:00,2359.37,2365,2340,2345.75,22518.6061,9984.691
2026-08-21 03:00:00,2345.75,2354.5,2337.23,2341.04,14892.49,8554.4659
2026-08-21 04:00:00,2341.05,2356,2341.05,2354.42,9675.3592,5399.4599
2026-08-21 05:00:00,2354.43,2368.76,2349.67,2368.42,12323.7356,6940.2889
2026-08-21 06:00:00,2368.42,2384.17,2355.15,2372.47,22273.2734,12209.1181
2026-08-21 07:00:00,2372.48,2398.71,2362.66,2371.66,47035.8081,20050.9023
2026-08-21 08:00:00,2371.67,2447.98,2370.24,2444.2,66934.0221,34382.6032
2026-08-21 09:00:00,2444.2,2446.23,2376.32,2404,53795.2561,29020.5504
2026-08-21 10:00:00,2404,2411.84,2390.64,2395.33,18901.7003,9954.9715
2026-08-21 11:00:00,2395.32,2399.18,2357.18,2370.47,34215.0426,16345.4456
2026-08-21 12:00:00,2370.48,2397.5,2365.44,2388.62,28507.693,16147.5676
2026-08-21 13:00:00,2388.62,2406.41,2368.08,2387.65,32241.944,17660.8843
2026-08-21 14:00:00,2387.65,2397.45,2369.41,2393.67,26809.8804,13517.1801
2026-08-21 15:00:00,2393.67,2408.55,2389.02,2393.65,30899.6074,18523.4281
2026-08-21 16:00:00,2393.64,2413.14,2384,2405.97,28678.8616,18438.9446
2026-08-21 17:00:00,2405.97,2428,2402.1,2423.61,33958.3607,19079.8058
2026-08-21 18:00:00,2423.61,2432.35,2395.89,2420.71,23152.9566,12235.7015
2026-08-21 19:00:00,2420.72,2420.92,2407.56,2413.55,13795.6133,6542.5786
2026-08-21 20:00:00,2413.54,2447.85,2408.86,2441.05,20040.8536,10080.5467
2026-08-21 21:00:00,2441.05,2520.86,2434.71,2513.27,59703.6427,37151.8897
2026-08-21 22:00:00,2513.26,2546.78,2506.88,2521.89,52973.0082,30744.8512
2026-08-21 23:00:00,2521.89,2546.42,2510,2516.3,28956.776,16613.4926
2026-08-22 00:00:00,2516.31,2522.99,2491.11,2522.44,29540.6853,15754.596
2026-08-22 01:00:00,2522.44,2528.58,2506.97,2506.99,22310.0778,12841.7013
2026-08-22 02:00:00,2506.99,2523.24,2495.65,2516.02,18116.772,8990.6264
2026-08-22 03:00:00,2516.02,2526.68,2512.64,2515.06,16403.6638,8764.9738
2026-08-22 04:00:00,2515.06,2529.99,2506.05,2514.43,25451.858,13875.0344
2026-08-22 05:00:00,2514.43,2518.31,2385,2439.95,108215.8466,48673.6085
2026-08-22 06:00:00,2439.95,2443.68,2412.18,2437.78,30636.7189,15712.0223
2026-08-22 07:00:00,2437.79,2447.6,2426.8,2433.31,17298.4565,8307.1051
2026-08-22 08:00:00,2433.32,2441.1,2412.16,2425.74,22459.0625,10052.959
2026-08-22 09:00:00,2425.74,2429.41,2412.84,2421.93,16266.7493,8192.6406
2026-08-22 10:00:00,2421.93,2423.11,2389.45,2412.73,30317.9714,14019.1233
2026-08-22 11:00:00,2412.73,2426.73,2405.4,2423.93,11672.8817,6911.0354
2026-08-22 12:00:00,2423.92,2437.76,2419.1,2428.12,17244.5059,10895.3767
2026-08-22 13:00:00,2428.11,2433.25,2421.71,2430.09,11143.2098,6263.8599
2026-08-22 14:00:00,2430.09,2431.48,2409.36,2413.94,13780.1865,5878.3582
2026-08-22 15:00:00,2413.93,2416.71,2405.62,2410.9,10807.762,4728.0506
2026-08-22 16:00:00,2410.89,2429.94,2409,2422.63,10604.9177,6273.5679
2026-08-22 17:00:00,2422.64,2431.55,2417.27,2426.32,7313.1612,3766.4288
2026-08-22 18:00:00,2426.33,2434.49,2421.76,2427.13,7729.1319,4028.4667
2026-08-22 19:00:00,2427.13,2444.71,2423.98,2439.41,12157.2231,9142.4478
2026-08-22 20:00:00,2439.41,2443.72,2429.38,2431.84,8411.9987,4881.0007
2026-08-22 21:00:00,2431.83,2431.95,2403.47,2407.54,16541.7909,5845.0965
2026-08-22 22:00:00,2407.54,2425.14,2404.35,2414.16,12624.8863,5920.9175
2026-08-22 23:00:00,2414.17,2427.9,2410.82,2422.6,8115.3723,4500.428
2026-08-23 00:00:00,2422.6,2435.53,2419.67,2430.96,11123.6302,6771.5585
2026-08-23 01:00:00,2430.96,2433.34,2420.35,2423.25,9677.4155,4864.364
2026-08-23 02:00:00,2423.26,2424.49,2408,2416.95,7146.1295,2938.3968
2026-08-23 03:00:00,2416.96,2419.05,2408.4,2413.98,6317.9261,2622.089
2026-08-23 04:00:00,2413.98,2417.02,2372.17,2378.66,25712.0791,10506.4717
2026-08-23 05:00:00,2378.67,2387,2355.71,2372.99,23835.6749,11556.3321
2026-08-23 06:00:00,2372.99,2396.67,2369.29,2389.99,17180.9368,10983.7767
2026-08-23 07:00:00,2389.99,2397.2,2386.84,2389.02,10125.9847,6771.8996
2026-08-23 08:00:00,2389.01,2426.03,2386.96,2412.46,20707.6452,13646.142
2026-08-23 09:00:00,2412.45,2416.17,2404.51,2411.2,9335.204,5126.0587
2026-08-23 10:00:00,2411.2,2420.89,2410.84,2415.15,7057.3777,4260.4763
2026-08-23 11:00:00,2415.15,2438.31,2414.82,2433.68,15055.74,9818.3688
2026-08-23 12:00:00,2433.67,2433.68,2419.15,2427.05,8695.2427,4050.8123
2026-08-23 13:00:00,2427.05,2484.06,2427,2459.75,39983.2596,24620.6496
2026-08-23 14:00:00,2459.75,2469.3,2389.85,2438.95,41707.3803,21309.5752
2026-08-23 15:00:00,2438.95,2452.86,2421.87,2438.62,17475.7349,9188.2474
2026-08-23 16:00:00,2438.61,2459.22,2438.61,2450.56,9809.6928,5514.02
2026-08-23 17:00:00,2450.56,2454.3,2432.81,2440.12,13407.0069,5498.5525
2026-08-23 18:00:00,2440.11,2449.27,2434.83,2448.68,7986.6951,4293.6681
2026-08-23 19:00:00,2448.68,2454.16,2437.44,2444.96,7346.7878,3658.1058
2026-08-23 20:00:00,2444.95,2450.72,2436.41,2450.48,7723.0749,4091.4994
2026-08-23 21:00:00,2450.48,2484.62,2450.47,2469.97,28824.6969,16449.3552
2026-08-23 22:00:00,2469.96,2474.53,2451.89,2455.05,15176.641,7511.1318
2026-08-23 23:00:00,2455.04,2471.02,2441.78,2463.41,17435.2456,8687.6517
2026-08-24 00:00:00,2463.42,2465.9,2442.35,2465.11,13925.7145,7171.284
2026-08-24 01:00:00,2465.11,2466.98,2427.27,2429.4,17203.9894,6654.7945
2026-08-24 02:00:00,2429.4,2451.77,2424.73,2443.78,12332.7591,5845.0954
2026-08-24 03:00:00,2443.78,2445.62,2426.49,2430.64,10842.0748,5634.8651
2026-08-24 04:00:00,2430.65,2446.42,2428.11,2438.08,14103.8472,5376.5873
2026-08-24 05:00:00,2438.07,2459.82,2433.98,2448.92,17209.1607,8673.3674
2026-08-24 06:00:00,2448.92,2463.74,2444.22,2456.5,11124.9086,6160.8011
2026-08-24 07:00:00,2456.5,2474.09,2452.28,2454.64,17306.7407,9607.7574
2026-08-24 08:00:00,2454.67,2459.33,2436.41,2454.84,20193.2494,11101.1065
2026-08-24 09:00:00,2454.84,2465.1,2453.75,2463.08,13094.3532,8479.7034
2026-08-24 10:00:00,2463.07,2490.89,2461.73,2465.2,22322.7876,11950.1711
2026-08-24 11:00:00,2465.2,2509,2454.4,2494.18,29409.1072,15922.0949
2026-08-24 12:00:00,2494.18,2518.54,2474.5,2512.54,32212.2265,19216.2471
2026-08-24 13:00:00,2512.54,2519.88,2476.31,2493.83,37059.5454,18796.4705
2026-08-24 14:00:00,2493.83,2532.12,2491.61,2516.16,45278.8299,23556.1025
2026-08-24 15:00:00,2516.16,2532.95,2479.38,2487.99,38855.3412,17090.8857
2026-08-24 16:00:00,2487.99,2506,2469.02,2478.43,28194.0355,14008.1973
2026-08-24 17:00:00,2478.43,2484.29,2455,2468.97,26300.4336,12095.5846
2026-08-24 18:00:00,2468.97,2483.78,2467.19,2473.84,16616.8982,9325.9828
2026-08-24 19:00:00,2473.85,2477.69,2461.87,2471.4,16010.6571,7538.305
2026-08-24 20:00:00,2471.48,2479.21,2465.46,2475.16,6569.184,3300.1976
2026-08-24 21:00:00,2475.16,2489.67,2475.16,2483.56,6943.7893,4034.9623
2026-08-24 22:00:00,2483.56,2485.38,2472.5,2474.26,6995.5242,3495.8094
2026-08-24 23:00:00,2474.27,2487.24,2470.7,2482.31,7330.0295,3974.9436
2026-08-25 00:00:00,2482.31,2504.74,2472.18,2493.61,15833.5968,8278.1478
2026-08-25 01:00:00,2493.61,2504.62,2484.88,2495.99,14009.329,7539.7312
2026-08-25 02:00:00,2495.99,2532.5,2492.31,2507.69,32395.6703,17671.7849
2026-08-25 03:00:00,2507.7,2514.55,2488.99,2499.29,14206.6754,6288.4851
2026-08-25 04:00:00,2499.3,2504.09,2488.96,2494.99,11684.8604,5318.0969
2026-08-25 05:00:00,2494.99,2511.82,2493.77,2508.73,10311.6664,5388.9455
2026-08-25 06:00:00,2508.73,2515.43,2496.04,2500.88,7866.6959,2940.3922
2026-08-25 07:00:00,2500.89,2513,2464.41,2478.94,21618.6395,8621.2244
2026-08-25 08:00:00,2478.94,2498,2475,2484.82,13617.6337,6725.8927
2026-08-25 09:00:00,2484.82,2492,2462.81,2474.67,14565.1871,6512.5372
2026-08-25 10:00:00,2474.67,2485.83,2469.87,2481.82,8631.7367,4250.0688
2026-08-25 11:00:00,2481.82,2486.16,2474.76,2477.91,7247.1887,3778.3708
2026-08-25 12:00:00,2477.9,2481.37,2458.01,2473.5,16993.8847,7055.8755
2026-08-25 13:00:00,2473.51,2477.08,2440,2460.73,27594.5647,11750.9436
2026-08-25 14:00:00,2460.73,2484,2454.33,2476.91,19279.4426,10148.4935
2026-08-25 15:00:00,2476.92,2483.85,2466.14,2482.88,13271.3533,4702.4735
2026-08-25 16:00:00,2482.89,2485.6,2467.1,2470.68,9753.9446,3713.958
2026-08-25 17:00:00,2470.68,2471.47,2455.93,2471.03,13080.7242,5149.2768
2026-08-25 18:00:00,2471.04,2474.8,2464.23,2467.44,8754.387,3326.2105
2026-08-25 19:00:00,2467.44,2470.13,2455.54,2463.42,11226.2254,5363.4243
2026-08-25 20:00:00,2463.42,2464.24,2433.62,2436.44,16335.3831,6567.3734
2026-08-25 21:00:00,2436.44,2443.9,2414.64,2441.79,20143.916,8745.483
2026-08-25 22:00:00,2441.8,2455.78,2441.8,2453.84,6387.4583,3464.226
2026-08-25 23:00:00,2453.85,2456.51,2437.07,2442.64,6578.7972,2878.5337
2026-08-26 00:00:00,2442.65,2450.51,2435.81,2446.24,8066.5223,3344.8517
2026-08-26 01:00:00,2446.24,2462.32,2445,2455.99,6541.8205,4260.6178
2026-08-26 02:00:00,2455.98,2469.82,2454.05,2465.21,4986.1029,3034.2788
2026-08-26 03:00:00,2465.21,2468,2458.66,2465.57,4758.0286,2528.6829
2026-08-26 04:00:00,2465.56,2472.86,2455.68,2456.9,7464.6422,3125.9654
2026-08-26 05:00:00,2456.89,2468,2451.49,2464.92,5957.0733,2657.0139
2026-08-26 06:00:00,2464.91,2467.47,2453.59,2460.13,6025.7466,2345.8694
2026-08-26 07:00:00,2460.14,2468.66,2457.22,2461.78,9351.9319,4530.9964
2026-08-26 08:00:00,2461.78,2470,2453.66,2456.29,11249.8754,5643.4042
2026-08-26 09:00:00,2456.29,2461,2442.76,2447.87,9405.8872,5049.9077
2026-08-26 10:00:00,2447.86,2475.61,2444.69,2468.96,11974.6254,7084.2771
2026-08-26 11:00:00,2468.97,2473.25,2456.32,2463.09,6721.3461,2933.4908
2026-08-26 12:00:00,2463.09,2472.05,2443.76,2455.01,12480.7434,5465.6568
2026-08-26 13:00:00,2455.01,2462.76,2437.11,2457.3,17671.007,9205.7051
2026-08-26 14:00:00,2457.3,2462.14,2438.41,2439.38,12836.8844,5776.3976
2026-08-26 15:00:00,2439.38,2455.38,2432.32,2449.85,16157.0715,8320.3976
2026-08-26 16:00:00,2449.85,2455.36,2438.1,2444.64,8549.4407,3546.6238
2026-08-26 17:00:00,2444.65,2467.03,2443.8,2460.84,10313.2664,4993.4285
2026-08-26 18:00:00,2460.84,2474.34,2458.85,2472.69,8857.6172,4918.632
2026-08-26 19:00:00,2472.69,2483.52,2468,2470.79,13772.9042,7449.0883
2026-08-26 20:00:00,2470.79,2474.49,2460.29,2472.27,10682.7156,5000.4963
2026-08-26 21:00:00,2472.27,2505,2470.56,2496.82,20590.6791,12185.7785
2026-08-26 22:00:00,2496.82,2515.38,2489.49,2493.73,13587.5517,7732.3735
2026-08-26 23:00:00,2493.72,2512.69,2488.33,2506.78,12579.7871,7087.4357
2026-08-27 00:00:00,2506.78,2510.64,2492,2492.01,10038.4023,5053.6409
2026-08-27 01:00:00,2492,2506.15,2487.03,2497.87,10271.3186,5434.6014
2026-08-27 02:00:00,2497.87,2504.95,2493.12,2494.73,4827.1326,2336.5527
2026-08-27 03:00:00,2494.73,2499.03,2489.2,2492.89,7708.3983,3081.5016
2026-08-27 04:00:00,2492.89,2495.75,2484.24,2487.38,6271.1001,2161.2583
2026-08-27 05:00:00,2487.39,2497.94,2481.74,2496.63,6463.0769,3161.2756
2026-08-27 06:00:00,2496.63,2496.63,2484.2,2493.11,4673.3062,1786.1855
2026-08-27 07:00:00,2493.11,2499,2488.86,2497.16,6268.2625,2455.7045
2026-08-27 08:00:00,2497.17,2546.84,2497.05,2531.05,40310.6579,23765.8842
2026-08-27 09:00:00,2531.05,2566.53,2525.45,2534.94,31437.4402,17283.5685
2026-08-27 10:00:00,2534.94,2539.98,2486.97,2503.6,29729.6134,14578.3287
2026-08-27 11:00:00,2503.6,2510.18,2492.56,2501.73,11345.0037,4191.4559
2026-08-27 12:00:00,2501.74,2507.55,2492.28,2494.9,11338.2583,4234.7926
2026-08-27 13:00:00,2494.9,2506.86,2482.54,2496.68,16255.4612,7780.0363
2026-08-27 14:00:00,2496.69,2523.46,2489.04,2517.44,24755.0865,12749.8657
2026-08-27 15:00:00,2517.44,2531.84,2513.62,2521.68,21621.0344,12411.2691
2026-08-27 16:00:00,2521.68,2533.24,2516.32,2522.31,13299.2104,5692.6514
2026-08-27 17:00:00,2522.31,2533.78,2515.36,2518.07,14916.3393,6087.8834
2026-08-27 18:00:00,2518.07,2518.21,2488.74,2506.69,24003.7481,8796.1841
2026-08-27 19:00:00,2506.69,2514.34,2497.51,2498.21,15462.8443,7513.6806
2026-08-27 20:00:00,2498.22,2507.91,2495.06,2507.83,5372.936,2527.3327
2026-08-27 21:00:00,2507.84,2508.79,2499.22,2504.12,5887.8717,2328.6226
2026-08-27 22:00:00,2504.12,2516.98,2504.12,2515.15,9923.0584,6348.1895
2026-08-27 23:00:00,2515.16,2516.81,2509.05,2510.94,4734.4987,2075.8567
2026-08-28 00:00:00,2510.94,2519.91,2506.02,2515.61,6319.2257,3127.6083
2026-08-28 01:00:00,2515.61,2535.05,2507.83,2512.44,14664.416,7919.9591
2026-08-28 02:00:00,2512.44,2512.44,2486.09,2492.26,14721.0814,6027.3306
2026-08-28 03:00:00,2492.26,2495.6,2486.24,2489.92,5660.3707,2397.4112
2026-08-28 04:00:00,2489.91,2496.17,2477.49,2486.18,8312.1118,3172.4269
2026-08-28 05:00:00,2486.18,2497.44,2482.23,2493.32,6358.9477,3184.8837
2026-08-28 06:00:00,2493.32,2505.37,2493.31,2503,7173.6332,4109.1113
2026-08-28 07:00:00,2503.01,2503.42,2494.1,2496.48,9300.5858,4083.2326
2026-08-28 08:00:00,2496.47,2503.66,2486.52,2488.05,10339.3477,4192.5255
2026-08-28 09:00:00,2488.05,2493.24,2483.4,2489.58,8732.645,3075.0931
2026-08-28 10:00:00,2489.57,2509.08,2482.17,2506.56,8473.1451,5580.5922
2026-08-28 11:00:00,2506.57,2511.51,2502.43,2505.1,7415.1881,3077.6082
2026-08-28 12:00:00,2505.1,2508.41,2495.29,2499.11,4979.1026,2616.7052
2026-08-28 13:00:00,2499.1,2518.26,2495.22,2509.17,18227.1282,12780.7117
2026-08-28 14:00:00,2509.17,2526.64,2468,2513,49210.4249,23637.355
2026-08-28 15:00:00,2513,2519.25,2470,2471.89,33015.8405,11460.4035
2026-08-28 16:00:00,2471.89,2473.95,2405.97,2442.29,77040.49,34019.677
2026-08-28 17:00:00,2442.3,2448.22,2437.43,2443.79,13245.1975,6084.331
2026-08-28 18:00:00,2443.79,2445.02,2418.08,2428.68,20796.9807,9708.6231
2026-08-28 19:00:00,2428.67,2443.1,2428.62,2435.69,11643.3318,4839.2265
2026-08-28 20:00:00,2435.68,2436.12,2424.03,2427.61,5722.7458,2354.4915
2026-08-28 21:00:00,2427.61,2432.14,2422.36,2424.9,4722.7755,1807.6521
2026-08-28 22:00:00,2424.91,2445,2422.68,2442.01,9336.5578,4672.0381
2026-08-28 23:00:00,2442.01,2442.83,2436.47,2442.8,5671.1937,3202.5382
2026-08-29 00:00:00,2442.79,2448.05,2441.02,2442.47,5333.4464,3348.4028
2026-08-29 01:00:00,2442.47,2445.92,2439.18,2443.78,3843.4627,1398.353
2026-08-29 02:00:00,2443.77,2444.95,2435.59,2438.73,3903.7061,1872.9794
2026-08-29 03:00:00,2438.72,2441.62,2434.56,2435.23,3828.7446,1868.2847
2026-08-29 04:00:00,2435.24,2441.13,2434.65,2440.45,3175.398,1735.8547
2026-08-29 05:00:00,2440.45,2442.03,2437.98,2438.62,3972.5746,2072.4308
2026-08-29 06:00:00,2438.62,2439.05,2430.45,2435.16,3603.2884,1376.0073
2026-08-29 07:00:00,2435.17,2438,2434.16,2436.41,3357.706,1838.8499
2026-08-29 08:00:00,2436.4,2436.4,2431.2,2434.15,3803.1816,2176.3984
2026-08-29 09:00:00,2434.14,2437.29,2433.65,2435.44,3585.173,1829.7554
2026-08-29 10:00:00,2435.43,2438.41,2431.43,2434.72,2840.5679,1569.0896
2026-08-29 11:00:00,2434.71,2438.5,2433.63,2435.87,2291.7896,1200.7115
2026-08-29 12:00:00,2435.88,2438.96,2433.14,2434.33,2306.1732,1216.6689
2026-08-29 13:00:00,2434.33,2436.51,2432.42,2435.63,5762.1485,1598.4095
2026-08-29 14:00:00,2435.63,2452.64,2435.05,2448.58,7417.4232,4816.7298
2026-08-29 15:00:00,2448.59,2449.35,2441.03,2444.76,4594.7812,2387.4668
2026-08-29 16:00:00,2444.75,2457.77,2444.52,2450.98,8805.9659,5180.2508
2026-08-29 17:00:00,2450.99,2455.44,2445.57,2450.74,8009.9475,3605.2698
2026-08-29 18:00:00,2450.74,2455.83,2445.6,2452.45,8539.113,4505.2387
2026-08-29 19:00:00,2452.45,2458.9,2451.7,2453.51,3897.5449,2486.258
2026-08-29 20:00:00,2453.51,2458.24,2451.7,2452.82,2521.0013,1288.3825
2026-08-29 21:00:00,2452.82,2454.09,2449.08,2451.47,2265.0166,1116.475
2026-08-29 22:00:00,2451.47,2453.25,2449.37,2452.64,1863.8534,1332.0882
2026-08-29 23:00:00,2452.63,2459.76,2452.63,2457.67,4001.9179,2327.1548
2026-08-30 00:00:00,2457.67,2467.93,2454.53,2458.95,5489.2364,3130.6983
2026-08-30 01:00:00,2458.94,2460.62,2453.08,2456.37,4329.9676,2270.1679
2026-08-30 02:00:00,2456.37,2458.99,2453.6,2454.97,3370.9771,1729.5401
2026-08-30 03:00:00,2454.97,2460.72,2454.17,2457.15,3413.0578,2072.231
2026-08-30 04:00:00,2457.14,2458.75,2451.55,2455.87,6970.6771,2668.6958
2026-08-30 05:00:00,2455.86,2460,2455.11,2456.36,3102.5747,1369.8596
2026-08-30 06:00:00,2456.35,2461.52,2455.01,2461.07,3315.4443,1732.999
2026-08-30 07:00:00,2461.07,2461.29,2455,2455.28,3413.3024,1531.0336
2026-08-30 08:00:00,2455.28,2459.9,2454.72,2456.86,2614.3275,1249.1003
2026-08-30 09:00:00,2456.87,2458.24,2451.79,2453.54,3814.7488,1529.2457
2026-08-30 10:00:00,2453.54,2459.8,2452.5,2459.68,3869.6043,2353.9765
2026-08-30 11:00:00,2459.68,2461.81,2456.51,2460.41,4487.7731,2227.0473
2026-08-30 12:00:00,2460.42,2473.3,2458.73,2469.47,13608.0752,7034.509
2026-08-30 13:00:00,2469.47,2478.44,2460.87,2475.59,9825.3635,4841.1528
2026-08-30 14:00:00,2475.58,2479.71,2470.91,2477.12,11082.9787,5421.7138
2026-08-30 15:00:00,2477.13,2484,2471.86,2481.11,9469.9076,4044.2451
2026-08-30 16:00:00,2481.11,2534.98,2479.28,2529.28,40675.3274,26027.3337
2026-08-30 17:00:00,2529.27,2529.27,2494.36,2505.73,17579.3243,6934.2534
2026-08-30 18:00:00,2505.73,2517.54,2496.59,2510.64,8012.3212,4223.1415
2026-08-30 19:00:00,2510.64,2513.33,2496.25,2503.83,5231.1648,2442.6675
2026-08-30 20:00:00,2503.82,2508.6,2485.28,2490.81,9747.1558,3493.9258
2026-08-30 21:00:00,2490.82,2490.82,2460.18,2481.56,17580.4918,7976.1277
2026-08-30 22:00:00,2481.57,2488.77,2460.4,2470.63,11884.6268,5973.6054
2026-08-30 23:00:00,2470.62,2470.62,2387.28,2416.88,65409.5221,24095.4312
2026-08-31 00:00:00,2416.89,2441.9,2406.53,2428.25,21801.4593,11177.4936
2026-08-31 01:00:00,2428.24,2430.75,2409.49,2412.95,17449.6471,8724.8922
2026-08-31 02:00:00,2412.95,2425.31,2401.35,2407.9,9595.3566,3930.9348
2026-08-31 03:00:00,2407.91,2424.24,2405.03,2420.94,6133.5769,3351.9994
2026-08-31 04:00:00,2420.94,2421.29,2411.34,2417.68,8318.9572,3091.8294
2026-08-31 05:00:00,2417.67,2441.93,2414.1,2435.99,12360.5113,6367.0859
2026-08-31 06:00:00,2436,2444.83,2431.32,2438.66,9080.2755,4882.1948
2026-08-31 07:00:00,2438.66,2446.6,2436.17,2440.38,7598.4676,3662.5787
2026-08-31 08:00:00,2440.38,2449.69,2433.56,2446.14,10074.9945,4623.8998
2026-08-31 09:00:00,2446.15,2456.7,2443.03,2446.7,9353.1135,4260.896
2026-08-31 10:00:00,2446.71,2456.9,2440.82,2455.63,12876.5817,4628.5026
2026-08-31 11:00:00,2455.64,2458.02,2444.02,2446.35,7395.4931,3456.0289
2026-08-31 12:00:00,2446.36,2464.27,2444.59,2451.55,13907.0494,6432.4231
2026-08-31 13:00:00,2451.55,2459.03,2437.05,2440.28,13172.5615,6242.5086
2026-08-31 14:00:00,2440.29,2475,2437.75,2467.56,24090.3456,14106.0077
2026-08-31 15:00:00,2467.57,2478.09,2458.28,2467.68,15473.6501,8603.6748
2026-08-31 16:00:00,2467.68,2477.24,2462.05,2469.2,11750.932,6786.229
2026-08-31 17:00:00,2469.19,2477.37,2461.26,2475.42,9600.1435,5116.8479
2026-08-31 18:00:00,2475.41,2489.89,2468.98,2477.8,12840.7312,6283.7788
2026-08-31 19:00:00,2477.81,2489.95,2477.4,2481.84,12500.2288,7077.6262
2026-08-31 20:00:00,2481.84,2487,2470.06,2472.62,5780.9663,2559.0438
2026-08-31 21:00:00,2472.63,2483.51,2467.64,2478.27,6285.542,3152.2295
2026-08-31 22:00:00,2478.27,2480.91,2467.72,2469.45,3865.5252,1614.5568
2026-08-31 23:00:00,2469.45,2469.45,2462,2467.65,3915.7446,1869.7794
2026-09-01 00:00:00,2467.64,2477.55,2465.42,2471.61,6555.7578,3522.0212
2026-09-01 01:00:00,2471.62,2476.22,2458.18,2462.86,7182.2715,3293.5657
2026-09-01 02:00:00,2462.85,2465.34,2454.66,2465.08,7215.5597,3250.12
2026-09-01 03:00:00,2465.09,2482.8,2463.3,2472.21,8543.4613,4214.2359
2026-09-01 04:00:00,2472.21,2478.2,2468.72,2470.02,5922.7902,2937.2378
2026-09-01 05:00:00,2470.02,2485.5,2468.73,2484.54,8773.2436,5373.7552
2026-09-01 06:00:00,2484.54,2484.55,2471.61,2471.61,6115.1352,2740.003
2026-09-01 07:00:00,2471.61,2477.22,2466.57,2472.72,6434.0688,3437.092
2026-09-01 08:00:00,2472.72,2473.62,2444.92,2448.17,21078.0254,9827.8943
2026-09-01 09:00:00,2448.18,2455,2443.44,2452.44,8281.8056,4374.8521
2026-09-01 10:00:00,2452.44,2463.55,2448.35,2456.97,9715.0517,6063.6503
2026-09-01 11:00:00,2456.97,2464.73,2452.77,2459.18,6384.3509,3285.7656
2026-09-01 12:00:00,2459.18,2459.32,2438.43,2446.61,12105.9852,4503.881
2026-09-01 13:00:00,2446.62,2450,2426.58,2444.41,20969.2723,8340.682
2026-09-01 14:00:00,2444.42,2457.64,2442.05,2449.29,16110.3873,8402.5162
2026-09-01 15:00:00,2449.3,2454.68,2435,2448.97,11376.7945,5693.3254
2026-09-01 16:00:00,2448.97,2449.6,2420.01,2432.83,15662.7999,7602.7192
2026-09-01 17:00:00,2432.83,2439.53,2416.85,2418.18,12086.2016,4523.6658
2026-09-01 18:00:00,2418.18,2421.98,2383.34,2412.83,36005.5501,16692.0404
2026-09-01 19:00:00,2412.83,2424.89,2412.24,2419.18,11583.273,6950.6118
2026-09-01 20:00:00,2419.19,2423.12,2413.07,2421.32,6994.2204,3919.5327
2026-09-01 21:00:00,2421.33,2423.39,2400.42,2415.46,11459.8559,6444.627
2026-09-01 22:00:00,2415.46,2418.7,2405.85,2413.18,12277.7378,4262.2422
2026-09-01 23:00:00,2413.17,2427.15,2411,2418.57,7754.0827,4731.8795
2026-09-02 00:00:00,2418.58,2422.32,2405.87,2408.85,7274.2694,3541.3632
2026-09-02 01:00:00,2408.84,2415,2386.74,2399.32,14811.6916,6805.7998
2026-09-02 02:00:00,2399.32,2411.01,2395,2409.92,9401.4828,4959.9526
2026-09-02 03:00:00,2409.93,2424.3,2408.64,2414.42,12151.7278,6406.0328
2026-09-02 04:00:00,2414.42,2416.49,2405.44,2415.23,7359.4966,4098.6954
2026-09-02 05:00:00,2415.23,2425,2409.45,2422.53,6893.6865,3748.9477
2026-09-02 06:00:00,2422.53,2425.5,2414.98,2420.73,8489.7809,3830.9602
2026-09-02 07:00:00,2420.73,2429,2417.6,2417.9,6328.5646,3496.6042
2026-09-02 08:00:00,2417.9,2420.64,2390.09,2393.16,16675.4326,7861.8515
2026-09-02 09:00:00,2393.15,2400,2366.9,2376.61,28573.6103,13657.389
2026-09-02 10:00:00,2376.62,2376.89,2356.41,2372.76,18785.4313,8183.1735
2026-09-02 11:00:00,2372.73,2382.28,2367.52,2381.88,16350.494,10610.6912
2026-09-02 12:00:00,2381.87,2390,2377.21,2377.65,13001.5802,7614.3608
2026-09-02 13:00:00,2377.65,2419.72,2377.64,2402.99,26280.6169,15865.1083
2026-09-02 14:00:00,2403,2410.9,2393.15,2394.45,13599.7026,6736.4061
2026-09-02 15:00:00,2394.46,2399.09,2379.01,2390.98,17063.4731,8172.2174
2026-09-02 16:00:00,2390.98,2404.8,2384.81,2386.2,12579.0998,6312.9769
2026-09-02 17:00:00,2386.21,2394.3,2372.55,2393.77,11843.1228,5851.3249
2026-09-02 18:00:00,2393.77,2399.91,2390.39,2394.93,7984.9934,3556.3059
2026-09-02 19:00:00,2394.92,2396.67,2383.14,2392.99,6876.8741,3750.9675
2026-09-02 20:00:00,2393,2399.74,2386.08,2393.56,7723.3638,3849.9933
2026-09-02 21:00:00,2393.56,2395.09,2389.38,2390.15,4092.8953,1878.2895
2026-09-02 22:00:00,2390.14,2390.15,2378.64,2379.81,6113.3481,2727.1172
2026-09-02 23:00:00,2379.81,2393.63,2377.77,2391.92,5354.9078,3433.2547
2026-09-03 00:00:00,2391.91,2395.41,2379.26,2379.84,6844.055,3136.5414
2026-09-03 01:00:00,2379.82,2394.61,2370.14,2386.81,10881.7295,6101.3124
2026-09-03 02:00:00,2386.8,2409.73,2382.53,2406.08,10233.8414,6199.3677
2026-09-03 03:00:00,2406.09,2410.94,2399.78,2403.3,7732.3578,4730.9873
2026-09-03 04:00:00,2403.29,2408.31,2396.94,2408.31,6243.5054,3101.8598
2026-09-03 05:00:00,2408.3,2410,2379.41,2404.81,11195.7719,6058.4203
2026-09-03 06:00:00,2404.82,2410.24,2400.37,2408.6,9065.6667,6475.9146
2026-09-03 07:00:00,2408.6,2419.33,2395.85,2398.68,14022.8773,8514.0228
2026-09-03 08:00:00,2398.68,2413.04,2398.67,2403.69,10453.2385,6646.6045
2026-09-03 09:00:00,2403.69,2407.64,2393.57,2393.58,8785.3227,5432.9408
2026-09-03 10:00:00,2393.57,2398.86,2390,2396.83,8074.5748,5360.3653
2026-09-03 11:00:00,2396.83,2411.35,2395.71,2407.2,9413.2046,5346.6319
2026-09-03 12:00:00,2407.2,2427,2405.09,2423.27,18391.3684,11051.1239
2026-09-03 13:00:00,2423.27,2436.21,2415.87,2430.17,21659.4411,13936.3528
2026-09-03 14:00:00,2430.17,2489.9,2425.71,2489.46,47006.2579,28276.114
2026-09-03 15:00:00,2489.46,2517.17,2479.2,2516.58,42850.9652,24180.241
2026-09-03 16:00:00,2516.58,2519,2488.38,2494.09,22057.2758,10583.7704
2026-09-03 17:00:00,2494.1,2506,2492.08,2500.49,10361.0627,5282.135
2026-09-03 18:00:00,2500.49,2514.45,2498.37,2512.8,11556.1404,6977.4598
2026-09-03 19:00:00,2512.8,2529.84,2507.19,2518.18,22665.2886,14302.9337
2026-09-03 20:00:00,2518.18,2518.3,2502.37,2505.13,10814.7169,5598.2651
2026-09-03 21:00:00,2505.13,2526.19,2500.62,2511.19,14072.202,6852.9925
2026-09-03 22:00:00,2511.19,2512.57,2490.13,2496.54,9755.5402,4264.3019
2026-09-03 23:00:00,2496.54,2509.16,2495.5,2507.51,7010.8961,3781.918
2026-09-04 00:00:00,2507.5,2515.76,2500.86,2501.48,10804.5221,5026.4384
2026-09-04 01:00:00,2501.48,2509.91,2497.26,2506.79,7309.6194,3870.0778
2026-09-04 02:00:00,2506.79,2507.74,2497.05,2507.74,7193.0964,3387.8236
2026-09-04 03:00:00,2507.74,2517.2,2505.13,2505.14,10488.2307,7722.0221
2026-09-04 04:00:00,2505.14,2525,2502.55,2509.4,13547.6521,8031.438
2026-09-04 05:00:00,2509.41,2516.56,2504.52,2509.25,9901.2486,6121.5934
2026-09-04 06:00:00,2509.25,2519.08,2500.19,2508.19,10042.2299,6590.5395
2026-09-04 07:00:00,2508.19,2516.5,2503.86,2504.39,17960.4854,8481.5291
2026-09-04 08:00:00,2504.39,2534.47,2503.4,2527.15,24642.6367,14282.7149
2026-09-04 09:00:00,2527.16,2546.66,2519.5,2521.33,30131.7703,18424.798
2026-09-04 10:00:00,2521.33,2528.51,2514.67,2526.52,12721.4511,7702.7882
2026-09-04 11:00:00,2526.52,2527.89,2520.43,2523.02,12251.9788,5837.6901
2026-09-04 12:00:00,2523.03,2532.21,2434.69,2451.24,103506.029,43552.8412
2026-09-04 13:00:00,2451.25,2463.86,2435.38,2452.27,33469.9511,17345.4722
2026-09-04 14:00:00,2452.26,2458.49,2431.61,2440.18,28405.8194,11633.8682
2026-09-04 15:00:00,2440.19,2458.76,2437.95,2451.98,12183.0817,6251.9213
2026-09-04 16:00:00,2451.98,2464.49,2450.1,2460.23,13654.4238,6179.2838
2026-09-04 17:00:00,2460.24,2460.81,2443.04,2445.36,16166.0912,5139.1293
2026-09-04 18:00:00,2445.35,2452.13,2444.66,2450.74,8866.9695,2692.3585
2026-09-04 19:00:00,2450.75,2457.75,2450.75,2455.84,10256.5399,4973.0365
2026-09-04 20:00:00,2455.85,2458.91,2450.8,2451.18,5300.3329,2220.8434
2026-09-04 21:00:00,2451.19,2456.84,2449.81,2451.8,6556.019,2813.5027
2026-09-04 22:00:00,2451.79,2454.57,2450.56,2451.31,3811.2075,1697.1373
2026-09-04 23:00:00,2451.32,2456.02,2450,2455.85,3096.3722,1847.1627
2026-09-05 00:00:00,2455.86,2456.58,2451.69,2452.14,3295.1922,1580.2405
2026-09-05 01:00:00,2452.15,2456.21,2451.51,2451.95,3684.7716,1735.4824
2026-09-05 02:00:00,2451.95,2453.17,2450.12,2453.17,2935.0736,1305.9676
2026-09-05 03:00:00,2453.17,2456,2451.09,2452.49,3389.7982,1894.4263
2026-09-05 04:00:00,2452.5,2453,2447.9,2448.95,5211.9413,1939.7067
2026-09-05 05:00:00,2448.95,2452.17,2444.47,2450.93,4838.6087,2235.3933
2026-09-05 06:00:00,2450.93,2454.71,2450.44,2453.4,3346.6174,2070.8343
2026-09-05 07:00:00,2453.41,2459.33,2452.94,2457.53,5021.8398,2686.6566
2026-09-05 08:00:00,2457.53,2457.6,2453.15,2456.84,5045.6368,2388.5206
2026-09-05 09:00:00,2456.85,2460.28,2456.83,2458.55,4246.8761,2419.9025
2026-09-05 10:00:00,2458.54,2458.55,2454.05,2454.15,4628.7032,2517.6472
2026-09-05 11:00:00,2454.15,2456.17,2453,2453.67,3148.2566,1816.7993
2026-09-05 12:00:00,2453.67,2461.69,2453,2458.94,6213.55,4139.6909
2026-09-05 13:00:00,2458.93,2462,2450,2454.15,7806.9039,4135.5952
2026-09-05 14:00:00,2454.15,2459.79,2453.93,2457.26,5733.3255,3086.379
2026-09-05 15:00:00,2457.26,2460.12,2455.86,2460,5274.3836,2517.3077
2026-09-05 16:00:00,2459.99,2474.44,2458.89,2471.15,14615.2594,7863.4126
2026-09-05 17:00:00,2471.15,2485.34,2471.05,2481.01,10609.8259,6015.053
2026-09-05 18:00:00,2481.01,2482.17,2475.59,2480.5,5263.8724,2042.9327
2026-09-05 19:00:00,2480.5,2482.65,2472.86,2477.57,5098.0072,2409.2955
2026-09-05 20:00:00,2477.57,2483.64,2475,2477.5,6379.9543,3351.1035
2026-09-05 21:00:00,2477.5,2493.57,2476.77,2489.12,5254.8057,3058.9738
2026-09-05 22:00:00,2489.13,2491.05,2478.9,2480.98,5254.4396,2114.6803
2026-09-05 23:00:00,2480.98,2483.66,2477.6,2480.34,3798.9191,2017.6625
2026-09-06 00:00:00,2480.33,2492.6,2479.27,2490.2,6312.725,3738.138
2026-09-06 01:00:00,2490.21,2508.05,2489.3,2505.57,18052.1331,10639.8651
2026-09-06 02:00:00,2505.58,2511.2,2499.93,2503.38,13731.4794,6173.4971
2026-09-06 03:00:00,2503.38,2514.55,2500.35,2509.68,6283.7399,3433.5741
2026-09-06 04:00:00,2509.68,2510.52,2498.49,2504.44,6052.301,2322.9169
2026-09-06 05:00:00,2504.45,2523.97,2501.19,2513.5,12354.9383,7479.4608
2026-09-06 06:00:00,2513.52,2513.53,2503.3,2505.81,6546.9227,2711.0589
2026-09-06 07:00:00,2505.82,2507.98,2482.6,2496.79,13202.2096,5851.7432
2026-09-06 08:00:00,2496.8,2499.99,2491.95,2495.67,3982.366,2032.7302
2026-09-06 09:00:00,2495.66,2503.68,2493.88,2499.13,6705.0948,3657.6725
2026-09-06 10:00:00,2499.12,2502.6,2497.73,2501.7,4781.604,2300.122
2026-09-06 11:00:00,2501.7,2504.25,2499.54,2501.93,4726.6657,2529.0929
2026-09-06 12:00:00,2501.94,2504.99,2497.52,2500.47,4819.1622,2257.5909
2026-09-06 13:00:00,2500.48,2500.94,2486.76,2494.85,7424.1827,3160.2168
2026-09-06 14:00:00,2494.84,2495.02,2460.92,2478.4,23430.2712,8580.1166
2026-09-06 15:00:00,2478.4,2482.74,2470.12,2479.79,8155.8788,3822.5623
2026-09-06 16:00:00,2479.78,2487.54,2475.26,2484.57,5831.7135,2547.024
2026-09-06 17:00:00,2484.57,2494.68,2480.45,2491.25,6966.9309,3170.5027
2026-09-06 18:00:00,2491.25,2500,2491.25,2494.15,7061.5264,2414.6236
2026-09-06 19:00:00,2494.15,2494.42,2488.88,2490.42,7349.0752,1861.2876
2026-09-06 20:00:00,2490.42,2500,2488.55,2499.44,8435.5074,2844.1036
2026-09-06 21:00:00,2499.43,2515.69,2499.36,2508.09,10414.4886,5353.8812
2026-09-06 22:00:00,2508.08,2510.89,2488.8,2508.32,12177.0217,5852.1054
2026-09-06 23:00:00,2508.33,2526.2,2506.79,2514.48,12892.1462,7448.9195
2026-09-07 00:00:00,2514.48,2522.52,2509.38,2513.17,8399.6048,4048.0939
2026-09-07 01:00:00,2513.17,2516.34,2499.36,2503.87,11036.6179,5194.4657
2026-09-07 02:00:00,2503.87,2536.64,2498.56,2511.77,17172.5062,10075.209
2026-09-07 03:00:00,2511.76,2516.23,2496.72,2497.43,12570.1104,6543.6197
2026-09-07 04:00:00,2497.43,2499.89,2492.39,2498.33,10256.4757,5348.6525
2026-09-07 05:00:00,2498.33,2514.03,2497.25,2504.8,11248.4805,6586.1583
2026-09-07 06:00:00,2504.81,2510,2497.69,2497.74,7795.5507,2370.8175
2026-09-07 07:00:00,2497.75,2502,2475.12,2489.35,22000.8597,8874.5589
2026-09-07 08:00:00,2489.34,2494,2488.85,2491.56,8887.7926,4178.3946
2026-09-07 09:00:00,2491.56,2497.46,2484.42,2484.76,9354.9067,4564.9273
2026-09-07 10:00:00,2484.76,2492.64,2484.76,2489.01,9291.1203,4234.661
2026-09-07 11:00:00,2489.01,2493.62,2486.42,2489.15,8585.6358,3717.354
2026-09-07 12:00:00,2489.16,2507.6,2488.5,2505.48,11240.7024,5789.513
2026-09-07 13:00:00,2505.48,2511.4,2495.7,2498.86,9727.2203,5445.3437
2026-09-07 14:00:00,2498.87,2499.75,2476.4,2490.29,16693.8001,7217.4787
2026-09-07 15:00:00,2490.29,2490.29,2466,2470.43,19585.8585,7336.5695
2026-09-07 16:00:00,2470.44,2483.03,2470.3,2482.8,9548.433,5348.1314
2026-09-07 17:00:00,2482.81,2499.4,2482.23,2495.42,10696.2133,7114.6
2026-09-07 18:00:00,2495.42,2497.31,2487.31,2491.79,5656.6396,3037.2573
2026-09-07 19:00:00,2491.79,2497.74,2489.2,2495.98,7987.0792,3226.7514
2026-09-07 20:00:00,2495.98,2497.3,2487.1,2494.76,10885.0718,4091.9575
2026-09-07 21:00:00,2494.76,2496.69,2490.3,2491.09,5497.8201,2106.2765
2026-09-07 22:00:00,2491.1,2492.13,2475.31,2483.06,7447.757,2824.9839
2026-09-07 23:00:00,2483.06,2493.91,2482.25,2490.16,4881.9264,2273.9329
2026-09-08 00:00:00,2490.16,2495.72,2483.45,2495.71,6506.1821,3517.1966
2026-09-08 01:00:00,2495.71,2505.46,2493.48,2504.31,8067.833,4355.4282
2026-09-08 02:00:00,2504.32,2507.99,2484.71,2484.72,7696.8175,2981.4681
2026-09-08 03:00:00,2484.72,2488.34,2478,2486.04,8947.1542,4231.7173
2026-09-08 04:00:00,2486.05,2486.33,2478.91,2478.99,5979.1886,2761.549
2026-09-08 05:00:00,2478.99,2484.58,2472.5,2473.38,11039.273,5136.6884
2026-09-08 06:00:00,2473.39,2477.22,2463,2468.53,15556.6809,7353.208
2026-09-08 07:00:00,2468.52,2485,2467.99,2479.63,11789.0989,6527.0248
2026-09-08 08:00:00,2479.63,2483.53,2469.08,2477.58,7648.0375,3418.963
2026-09-08 09:00:00,2477.58,2495.56,2475.86,2492.01,10072.557,5240.2057
2026-09-08 10:00:00,2492,2500,2481.24,2481.24,10805.3144,4565.0123
2026-09-08 11:00:00,2481.25,2482.56,2471.63,2474.76,9686.7639,5484.0604
2026-09-08 12:00:00,2474.75,2476.24,2468.26,2472.79,8155.6911,3389.686
2026-09-08 13:00:00,2472.8,2475.73,2441.68,2459.27,27139.2177,11935.3905
2026-09-08 14:00:00,2459.26,2486.66,2456.84,2485.76,17471.536,9343.0186
2026-09-08 15:00:00,2485.76,2501.74,2479.94,2498.62,15436.7925,8549.0997
2026-09-08 16:00:00,2498.62,2505,2486.98,2496.54,11041.6377,5782.4709
2026-09-08 17:00:00,2496.54,2502.54,2487.89,2488.07,8882.7558,4149.4352
2026-09-08 18:00:00,2488.07,2507.54,2476.77,2486.94,15575.9569,7910.5207
2026-09-08 19:00:00,2486.94,2491.91,2476.57,2482.32,10333.5229,4916.8323
2026-09-08 20:00:00,2482.31,2491.67,2480.56,2483.09,5152.5378,2571.6835
2026-09-08 21:00:00,2483.09,2487.48,2478.79,2482.93,3479.2084,1729.8519
2026-09-08 22:00:00,2482.92,2490,2481.74,2489.01,4129.6801,2279.3791
2026-09-08 23:00:00,2489,2490.52,2482.65,2485.06,3828.6893,2210.4153
2026-09-09 00:00:00,2485.07,2497.34,2485.07,2496.28,4765.2229,2454.3447
2026-09-09 01:00:00,2496.27,2499.7,2489.43,2497.8,5054.3741,2775.68
2026-09-09 02:00:00,2497.79,2500,2490,2493.74,5394.5322,2402.9104
2026-09-09 03:00:00,2493.73,2493.74,2486.88,2488.9,5934.8177,2177.6959
2026-09-09 04:00:00,2488.91,2513.87,2488.91,2509.65,18657.3122,10759.6946
2026-09-09 05:00:00,2509.65,2511.35,2491.35,2496.56,10153.9212,4614.1304
2026-09-09 06:00:00,2496.56,2505.59,2492.52,2501.25,6149.0664,3073.3972
2026-09-09 07:00:00,2501.25,2517,2500.1,2510.53,17419.7439,10546.4079
2026-09-09 08:00:00,2510.53,2523.3,2509.95,2519.73,16536.2801,9768.1982
2026-09-09 09:00:00,2519.72,2520.44,2490.43,2490.62,12570.3623,4407.3216
2026-09-09 10:00:00,2490.61,2494.39,2482.56,2487.4,15825.7948,6723.0541
2026-09-09 11:00:00,2487.4,2505.88,2482.5,2501,11346.6383,6703.0708
2026-09-09 12:00:00,2501.01,2512.91,2498.7,2511.61,15653.9518,9439.2087
2026-09-09 13:00:00,2511.61,2521.48,2499.75,2502.52,18763.9299,8681.6979
2026-09-09 14:00:00,2502.52,2514.32,2495.16,2499.39,15872.5159,8049.4256
2026-09-09 15:00:00,2499.4,2512.7,2470.57,2490.26,32608.2525,13539.9233
2026-09-09 16:00:00,2490.26,2499.4,2484.81,2495.88,8353.4579,4398.97
2026-09-09 17:00:00,2495.88,2499.74,2488.5,2493.62,6693.054,3309.8911
2026-09-09 18:00:00,2493.61,2495.81,2481.42,2481.43,5562.1976,2714.1126
2026-09-09 19:00:00,2481.43,2484.96,2462.52,2465.49,16619.2294,5828.1281
2026-09-09 20:00:00,2465.49,2472.72,2453.97,2471.82,15648.7826,6956.5053
2026-09-09 21:00:00,2471.82,2472.38,2456.57,2461.89,7937.2148,2481.3011
2026-09-09 22:00:00,2461.89,2463.46,2442.44,2450.37,23215.5956,7689.7338
2026-09-09 23:00:00,2450.36,2469,2450.12,2468.13,5009.622,2794.4233
2026-09-10 00:00:00,2468.14,2471.43,2462.88,2465.01,6514.3394,3242.6019
2026-09-10 01:00:00,2465,2479.29,2455.17,2463.73,13251.1072,6569.2543
2026-09-10 02:00:00,2463.73,2476.11,2459.74,2474.86,3595.8078,1842.6457
2026-09-10 03:00:00,2474.86,2479.14,2471.77,2475.41,6711.8811,3615.7111
2026-09-10 04:00:00,2475.4,2481,2474.4,2478.68,4959.8063,2266.547
2026-09-10 05:00:00,2478.68,2483.83,2473.95,2482.13,4667.2936,2666.7446
2026-09-10 06:00:00,2482.12,2484.76,2472,2480.3,5077.4954,2811.4757
2026-09-10 07:00:00,2480.31,2480.31,2464.11,2472.97,9348.9038,4118.1847
2026-09-10 08:00:00,2472.96,2474.98,2468.86,2471.24,5750.8195,2298.4779
2026-09-10 09:00:00,2471.25,2478,2464.86,2468.7,7574.5915,2859.5739
2026-09-10 10:00:00,2468.7,2472,2463,2464.21,8572.6373,3579.3766
2026-09-10 11:00:00,2464.2,2470.08,2458.23,2462.21,9028.2895,4170.4371
2026-09-10 12:00:00,2462.21,2466.75,2408.01,2414.84,51011.6897,20927.7225
2026-09-10 13:00:00,2414.84,2436.9,2405.85,2435.43,62531.2622,38331.1394
2026-09-10 14:00:00,2435.42,2444.84,2427.15,2444.1,35327.7552,19744.7441
2026-09-10 15:00:00,2444.11,2445,2432.88,2441.54,19099.7046,10121.7841
2026-09-10 16:00:00,2441.54,2450.81,2432.91,2448.78,20101.5211,10361.8829
2026-09-10 17:00:00,2448.79,2475.03,2447.1,2466.08,18850.9906,9359.3715
2026-09-10 18:00:00,2466.09,2469.17,2455,2468.49,14175.0667,5414.2198
2026-09-10 19:00:00,2468.49,2472,2460.36,2462.54,16308.3357,6537.5338
2026-09-10 20:00:00,2462.55,2469.12,2460.98,2461.79,6932.756,2458.6671
2026-09-10 21:00:00,2461.79,2463.13,2457.88,2460.27,3179.6245,1082.3153
2026-09-10 22:00:00,2460.27,2462.24,2443.81,2445.08,6453.4298,2934.3862
2026-09-10 23:00:00,2445.08,2448.41,2435,2438.27,8409.1038,4247.8806
2026-09-11 00:00:00,2438.27,2458.62,2437.73,2456.81,8760.1084,4564.9374
2026-09-11 01:00:00,2456.81,2460.29,2446.52,2454.41,9025.3634,4245.3706
2026-09-11 02:00:00,2454.41,2455.25,2444.61,2446.91,8589.8355,2176.9205
2026-09-11 03:00:00,2446.91,2448.57,2440.19,2447.27,11754.9563,3250.1395
2026-09-11 04:00:00,2447.27,2464.23,2446.24,2459.05,16609.0815,6995.2009
2026-09-11 05:00:00,2459.06,2468.85,2457.54,2468.84,9331.5939,4224.6952
2026-09-11 06:00:00,2468.84,2471.26,2463.55,2467.03,7313.8246,3548.3993
2026-09-11 07:00:00,2467.04,2473.52,2466.28,2467.52,11184.2736,3730.1405
2026-09-11 08:00:00,2467.53,2484.62,2463.58,2476.72,12967.8561,7491.0341
2026-09-11 09:00:00,2476.71,2477.68,2462.08,2469.52,7406.5065,3894.5602
2026-09-11 10:00:00,2469.52,2475.27,2462.14,2462.14,6789.8397,2975.0498
2026-09-11 11:00:00,2462.14,2462.19,2452.56,2458.27,9046.6584,3981.5257
2026-09-11 12:00:00,2458.27,2515.25,2433.77,2511.22,76396.9639,43464.1676
2026-09-11 13:00:00,2511.22,2647.91,2490.49,2629.62,137923.4637,78435.448
2026-09-11 14:00:00,2629.63,2665.99,2592.92,2607.93,102444.116,50800.4129
2026-09-11 15:00:00,2607.94,2617.03,2544.03,2559.42,63621.5085,31476.8115
2026-09-11 16:00:00,2559.43,2583.86,2544,2577.78,39391.7369,20736.6819
2026-09-11 17:00:00,2577.78,2582.01,2563.08,2566.72,14653.9796,7515.4054
2026-09-11 18:00:00,2566.72,2568.37,2529,2537.3,28173.9165,11963.9009
2026-09-11 19:00:00,2537.31,2548.34,2532.94,2539.49,10961.4259,5464.8617
2026-09-11 20:00:00,2539.49,2547.95,2523.15,2530.85,14127.9277,6913.8312
2026-09-11 21:00:00,2530.85,2540.63,2513.46,2516.69,9114.3931,3685.23
2026-09-11 22:00:00,2516.68,2523.74,2506.3,2511.79,15879.1512,7164.713
2026-09-11 23:00:00,2511.79,2516.59,2509.24,2516.43,8133.4519,3439.7207
2026-09-12 00:00:00,2516.44,2517.74,2510.76,2510.77,6819.4654,2145.0074
2026-09-12 01:00:00,2510.76,2517.07,2509.4,2513.71,5139.3367,2212.6042
2026-09-12 02:00:00,2513.71,2515.9,2512.13,2514.54,4107.2748,2286.0154
2026-09-12 03:00:00,2514.53,2516.29,2509.57,2513.29,3694.8275,1800.6858
2026-09-12 04:00:00,2513.29,2515.13,2510,2512.65,3756.7569,1290.0214
2026-09-12 05:00:00,2512.65,2513.04,2508.64,2511.7,6928.8695,2750.4737
2026-09-12 06:00:00,2511.7,2522.68,2510.4,2519.63,9290.9188,5232.825
2026-09-12 07:00:00,2519.63,2525.39,2519.62,2524.19,8481.662,4358.3272
2026-09-12 08:00:00,2524.19,2536.63,2523.24,2533.27,8596.0151,4168.7606
2026-09-12 09:00:00,2533.28,2537.02,2529.21,2530.91,8202.1806,3630.0383
2026-09-12 10:00:00,2530.91,2536.12,2530.91,2533.42,4214.6889,1515.1851
2026-09-12 11:00:00,2533.42,2537.67,2531.03,2536.17,3180.8675,1404.495
2026-09-12 12:00:00,2536.17,2537.08,2532.01,2535.54,4655.1421,2569.8274
2026-09-12 13:00:00,2535.53,2546.01,2533.56,2544.58,12674.0917,6757.6635
2026-09-12 14:00:00,2544.57,2545.55,2539.03,2539.85,10405.7112,5196.069
2026-09-12 15:00:00,2539.85,2542.39,2532,2535.08,9293.9619,4907.1531
2026-09-12 16:00:00,2535.09,2536.45,2530.05,2531.78,8858.0345,4175.8188
2026-09-12 17:00:00,2531.78,2534.58,2524.77,2525.91,8079.3253,4451.3007
2026-09-12 18:00:00,2525.9,2528.01,2520.66,2522.38,9674.0957,5191.5808
2026-09-12 19:00:00,2522.38,2523.07,2515.16,2519.63,7990.3178,4281.7609
2026-09-12 20:00:00,2519.62,2524.23,2519.62,2520.82,6233.9022,3765.9437
2026-09-12 21:00:00,2520.83,2529.2,2520.03,2524,3731.3585,1940.6558
2026-09-12 22:00:00,2524,2526.19,2520.6,2523,3764.1967,1982.2866
2026-09-12 23:00:00,2522.99,2527.33,2522.5,2525.93,2145.3245,1311.0988
2026-09-13 00:00:00,2525.92,2527.24,2523.35,2525.23,1882.2226,1023.1352
2026-09-13 01:00:00,2525.22,2527.56,2522.49,2525.95,3880.0797,2246.1601
2026-09-13 02:00:00,2525.95,2525.95,2521,2521.71,4506.743,1636.4196
2026-09-13 03:00:00,2521.72,2522.78,2519.08,2520.82,3449.699,1396.6569
2026-09-13 04:00:00,2520.81,2523.3,2519.2,2520.03,2874.7856,1302.6432
2026-09-13 05:00:00,2520.04,2524.05,2520.03,2522.52,4588.632,1593.7857
2026-09-13 06:00:00,2522.52,2522.84,2509.63,2513.19,5568.658,3053.2688
2026-09-13 07:00:00,2513.19,2520.44,2511.92,2517.94,4831.4845,2863.4041
2026-09-13 08:00:00,2517.94,2519.68,2487.82,2494.29,22752.4822,7571.1766
2026-09-13 09:00:00,2494.3,2497.34,2470.78,2485.18,15251.5567,6386.1203
2026-09-13 10:00:00,2485.18,2486.1,2468.04,2472.18,12403.6504,4886.7993
2026-09-13 11:00:00,2472.19,2482.14,2467.5,2481.05,12836.0067,6916.4603
2026-09-13 12:00:00,2481.06,2483.31,2475,2477.56,7226.9555,2748.4925
2026-09-13 13:00:00,2477.56,2483.48,2462.02,2479.08,12731.4861,4694.413
2026-09-13 14:00:00,2479.08,2495.68,2478.78,2492.76,11186.4199,5230.9542
2026-09-13 15:00:00,2492.76,2492.85,2482.86,2491.1,12711.2703,7220.8143
2026-09-13 16:00:00,2491.1,2505.97,2490.8,2504.59,17908.0152,7848.2764
2026-09-13 17:00:00,2504.6,2513.06,2503.01,2504.89,12252.8696,5084.8286
2026-09-13 18:00:00,2504.89,2509.64,2504.37,2509.49,7656.8326,3445.742
2026-09-13 19:00:00,2509.48,2515.36,2503.19,2506.02,10191.9282,4413.7473
2026-09-13 20:00:00,2506.03,2515.2,2506.03,2512.85,2791.5752,1461.7728
2026-09-13 21:00:00,2512.86,2516.58,2508.63,2508.96,3116.5087,1612.9203
2026-09-13 22:00:00,2508.95,2508.95,2472.46,2475.57,15599.0038,7330.3074
2026-09-13 23:00:00,2475.56,2481.8,2470.68,2477.1,8271.8028,4211.7261
2026-09-14 00:00:00,2477.1,2491.63,2464.71,2484.42,11797.132,5507.6276
2026-09-14 01:00:00,2484.41,2495.97,2473.7,2493.56,5615.9957,2782.8568
2026-09-14 02:00:00,2493.56,2513.57,2490.77,2511.42,12447.9087,6147.463
2026-09-14 03:00:00,2511.42,2520,2506.69,2512.96,9712.9319,6107.1712
2026-09-14 04:00:00,2512.96,2518.25,2511.15,2514.97,6870.8477,4121.7666
2026-09-14 05:00:00,2514.98,2516.3,2509.94,2516.28,5219.4826,1951.9836
2026-09-14 06:00:00,2516.29,2527.12,2508.12,2514.72,15248.0345,8542.9131
2026-09-14 07:00:00,2514.73,2526.66,2511.5,2523.47,12486.2288,8700.8296
2026-09-14 08:00:00,2523.48,2532.91,2516.06,2518.64,19424.7351,11703.0418
2026-09-14 09:00:00,2518.65,2535,2511.24,2523.94,11832.2762,6123.0613
2026-09-14 10:00:00,2523.93,2525.45,2513,2513.17,6248.3239,2677.9239
2026-09-14 11:00:00,2513.18,2516.55,2505.86,2509.21,6925.0473,3447.4931
2026-09-14 12:00:00,2509.21,2518.71,2499.53,2505.67,12822.6832,5995.4548
2026-09-14 13:00:00,2505.68,2517.77,2487.84,2500.64,22367.3815,10676.4122
2026-09-14 14:00:00,2500.63,2518,2495,2501.74,25705.1399,10082.6634
2026-09-14 15:00:00,2501.75,2513.32,2496.49,2508.48,14284.4973,7320.6396
2026-09-14 16:00:00,2508.49,2537.69,2504.48,2529.05,18083.5717,9362.6731
2026-09-14 17:00:00,2529.04,2535.57,2522.84,2533.37,11446.4946,6341.6246
2026-09-14 18:00:00,2533.37,2544.66,2529.78,2538.86,24141.6665,14044.9517
2026-09-14 19:00:00,2538.86,2549.61,2534.56,2540,14011.7822,6640.4525
2026-09-14 20:00:00,2540.01,2615,2540,2570.64,47220.5925,27295.1508
2026-09-14 21:00:00,2570.64,2571.64,2537.98,2547.13,20924.5372,9240.335
2026-09-14 22:00:00,2547.14,2556.53,2532.56,2533.27,10323.1487,4505.3342
2026-09-14 23:00:00,2533.27,2534.7,2513.45,2515.75,10251.9556,3758.0033
2026-09-15 00:00:00,2515.72,2517.46,2506.8,2515.93,11955.0141,6922.7237
2026-09-15 01:00:00,2515.93,2520,2508.19,2515.36,11749.6357,4105.8225
2026-09-15 02:00:00,2515.36,2519.92,2509.48,2512.57,6552.6444,2190.4914
2026-09-15 03:00:00,2512.58,2512.58,2496,2498.62,13858.8186,5528.217
2026-09-15 04:00:00,2498.63,2500.56,2490,2490.72,11625.2287,4226.144
2026-09-15 05:00:00,2490.71,2498,2479.2,2496.53,14518.9822,5721.4898
2026-09-15 06:00:00,2496.53,2501.02,2481.72,2486.05,14085.3476,7085.5123
2026-09-15 07:00:00,2486.06,2486.06,2471,2474.3,15695.478,6277.6667
2026-09-15 08:00:00,2474.29,2477.58,2465.6,2477.36,12572.331,5829.134
2026-09-15 09:00:00,2477.37,2480.5,2473.2,2474.33,5861.634,2813.9372
2026-09-15 10:00:00,2474.34,2486.33,2472,2483.68,9287.6093,5359.0157
2026-09-15 11:00:00,2483.68,2488.18,2472.56,2476.41,7929.0839,2768.0651
2026-09-15 12:00:00,2476.41,2485.99,2475.02,2479.19,11176.7508,4374.9363
2026-09-15 13:00:00,2479.18,2486.45,2433,2454.04,42103.599,13974.3171
2026-09-15 14:00:00,2454.05,2458,2389.72,2408.39,50330.9911,19734.4467
2026-09-15 15:00:00,2408.38,2432.27,2398,2424.46,22902.8433,11043.3588
2026-09-15 16:00:00,2424.47,2425.85,2412.87,2422.34,11143.1108,4871.0446
2026-09-15 17:00:00,2422.34,2449,2413.01,2441.21,19208.1756,10706.2328
2026-09-15 18:00:00,2441.2,2446.88,2358.88,2403.14,78043.2442,36063.7748
2026-09-15 19:00:00,2403.14,2420.13,2398,2416.65,26279.876,10762.989
2026-09-15 20:00:00,2416.66,2418.63,2395.65,2407.96,13352.1263,6060.6066
2026-09-15 21:00:00,2407.97,2407.97,2390.41,2390.83,10490.4767,4151.2622
2026-09-15 22:00:00,2390.83,2402.32,2381.78,2396.95,12787.8648,6627.3108
2026-09-15 23:00:00,2396.94,2412.75,2396.58,2398.26,9109.893,4677.4104
2026-09-16 00:00:00,2398.26,2406,2397.44,2399.15,5792.053,3067.1927
2026-09-16 01:00:00,2399.14,2407.59,2390.55,2391,7096.7056,2919.7846
2026-09-16 02:00:00,2391,2411.31,2388.21,2403,7862.2532,3649.9751
2026-09-16 03:00:00,2403.01,2411.53,2400.15,2401.96,6759.9141,2840.742
2026-09-16 04:00:00,2401.96,2410.45,2401.96,2403.89,5893.2703,2757.9488
2026-09-16 05:00:00,2403.88,2407.42,2393.61,2407.37,6006.6483,2670.9906
2026-09-16 06:00:00,2407.37,2409,2393.78,2406.77,5148.7045,2173.0812
2026-09-16 07:00:00,2406.77,2411.25,2396.72,2396.96,12461.5974,6144.5787
2026-09-16 08:00:00,2396.96,2403.52,2382.7,2402.97,19731.1776,7833.5096
2026-09-16 09:00:00,2402.97,2407.05,2399.12,2405.93,6227.1651,3137.8329
2026-09-16 10:00:00,2405.93,2407.21,2398.53,2406.55,6063.9353,2500.4602
2026-09-16 11:00:00,2406.55,2430,2402.99,2422.61,13762.9134,7965.1994
2026-09-16 12:00:00,2422.6,2423.68,2402.99,2406.77,12388.9182,5971.1587
2026-09-16 13:00:00,2406.76,2406.77,2390,2394.01,13701.1189,6038.3292
2026-09-16 14:00:00,2394.01,2398.87,2378.78,2390.43,17295.218,8358.6188
2026-09-16 15:00:00,2390.43,2402.17,2384,2392.76,10794.45,5965.3526
2026-09-16 16:00:00,2392.76,2399.51,2387.07,2392.05,7038.5583,4088.0812
2026-09-16 17:00:00,2392.06,2396.69,2371.62,2390.77,16435.5645,8264.1363
2026-09-16 18:00:00,2390.77,2430.64,2369.11,2398.05,77411.6843,37991.6715
2026-09-16 19:00:00,2398.07,2418.99,2377.27,2408.6,25441.5034,13178.4084
2026-09-16 20:00:00,2408.58,2419.9,2404.75,2411.04,10187.2402,4946.9471
2026-09-16 21:00:00,2411.04,2413.55,2400.01,2404.94,6842.0961,2062.5931
2026-09-16 22:00:00,2404.94,2405.67,2388.55,2392.63,8657.144,4209.2271
2026-09-16 23:00:00,2392.61,2422.65,2390.01,2418.26,12896.3043,7532.9727
2026-09-17 00:00:00,2418.26,2427.85,2415.87,2418.9,7956.4253,4822.4439
2026-09-17 01:00:00,2418.91,2445.3,2413.56,2427.57,15391.2125,7404.9726
2026-09-17 02:00:00,2427.58,2433.07,2416.21,2429.07,7687.732,3981.5756
2026-09-17 03:00:00,2429.08,2439.08,2429.08,2436.06,8751.6234,4210.954
2026-09-17 04:00:00,2436.07,2444.52,2425.03,2442.21,6792.8916,3010.6951
2026-09-17 05:00:00,2442.21,2446.66,2436.26,2437.2,6820.6155,2763.4312
2026-09-17 06:00:00,2437.21,2446.83,2435.92,2441.57,5558.8776,3104.3566
2026-09-17 07:00:00,2441.57,2454.4,2441.34,2444.37,12204.3954,6573.3345
2026-09-17 08:00:00,2444.37,2446.91,2437.63,2445.65,6354.1494,2909.97
2026-09-17 09:00:00,2445.66,2449.55,2438.27,2438.95,6829.9325,2882.0951
2026-09-17 10:00:00,2438.95,2439.4,2430.66,2435.66,5426.3059,2629.8861
2026-09-17 11:00:00,2435.66,2443.3,2428.12,2442.61,6071.7982,2922.9748
2026-09-17 12:00:00,2442.6,2479.99,2439.32,2460.08,28480.2411,15557.8153
2026-09-17 13:00:00,2460.08,2464.96,2432.82,2462.51,16260.3807,8038.8096
2026-09-17 14:00:00,2462.51,2483.74,2450.76,2461.42,27184.2208,14749.0881
2026-09-17 15:00:00,2461.41,2478.12,2448.62,2470.27,16883.7617,8363.5225
2026-09-17 16:00:00,2470.27,2473.38,2454.8,2470.65,10097.4829,4831.7942
2026-09-17 17:00:00,2470.64,2477,2460.01,2462.85,10403.7281,5792.0307
2026-09-17 18:00:00,2462.85,2463.74,2450.02,2452.05,6878.8247,2424.9889
2026-09-17 19:00:00,2452.05,2455.45,2445.08,2448.95,6036.9162,2841.212
2026-09-17 20:00:00,2448.96,2458.99,2447.55,2453.64,3355.9784,1852.8769
2026-09-17 21:00:00,2453.63,2456,2447.63,2447.63,3527.8185,1548.8365
2026-09-17 22:00:00,2447.63,2449.76,2436.41,2445.86,8409.4225,3107.3918
2026-09-17 23:00:00,2445.86,2450.94,2444.63,2447.28,4515.257,2345.0195
2026-09-18 00:00:00,2447.28,2448.55,2436.89,2448.34,5702.1925,2956.2057
2026-09-18 01:00:00,2448.34,2460.23,2445.8,2457.62,10697.0295,4829.7803
2026-09-18 02:00:00,2457.62,2467.08,2452.71,2462.87,7295.2385,4068.5777
2026-09-18 03:00:00,2462.87,2485.82,2461.78,2479.44,19694.9993,12703.1335
2026-09-18 04:00:00,2479.44,2483.11,2470,2482.56,14295.3378,8627.3169
2026-09-18 05:00:00,2482.55,2493,2477.18,2480.62,17005.3408,9574.1404
2026-09-18 06:00:00,2480.62,2489.34,2480.61,2487.53,10416.4365,6594.5403
2026-09-18 07:00:00,2487.53,2498.68,2485.81,2490,14474.3691,7184.8807
2026-09-18 08:00:00,2489.99,2507.11,2485.54,2505.4,17493.8586,10894.4841
2026-09-18 09:00:00,2505.4,2521.65,2501.66,2508.42,32417.4596,18477.2057
2026-09-18 10:00:00,2508.41,2521.1,2507.81,2513.79,11218.3519,6198.724
2026-09-18 11:00:00,2513.79,2518.28,2499.76,2508.12,13469.6692,6801.3447
2026-09-18 12:00:00,2508.12,2511.22,2500.4,2502.24,11306.4803,4916.2089
2026-09-18 13:00:00,2502.23,2578,2494.37,2554.63,54741.4793,31205.8632
2026-09-18 14:00:00,2554.63,2586.28,2554.47,2582.57,56383.7424,30356.1954
2026-09-18 15:00:00,2582.57,2597.66,2565.59,2584.06,33129.1085,16133.57
2026-09-18 16:00:00,2584.07,2610,2578.93,2597.25,36481.5097,22500.1337
2026-09-18 17:00:00,2597.26,2610,2585.26,2607.44,19339.7904,11869.776
2026-09-18 18:00:00,2607.44,2626.36,2601.48,2613.15,30243.9327,19314.5758
2026-09-18 19:00:00,2613.16,2646,2611.96,2636.71,33033.6693,20561.5372
2026-09-18 20:00:00,2636.71,2640,2624.64,2631.95,14297.7616,7424.5312
2026-09-18 21:00:00,2631.95,2640.21,2624.83,2626.68,13997.5231,8180.9884
2026-09-18 22:00:00,2626.69,2634.71,2617.64,2620.03,18439.1116,8253.3994
2026-09-18 23:00:00,2620.04,2622.38,2608.23,2612.14,11738.6971,5511.5166
2026-09-19 00:00:00,2612.14,2626.99,2606.87,2626.78,13955.592,7560.8977
2026-09-19 01:00:00,2626.79,2627,2602.94,2612.79,13814.2159,6234.588
2026-09-19 02:00:00,2612.79,2623.74,2612,2623.31,5463.8355,3242.9697
2026-09-19 03:00:00,2623.31,2632.3,2619.41,2620.18,4198.6476,2180.3731
2026-09-19 04:00:00,2620.17,2627.68,2612.21,2619.66,6158.2074,3802.2078
2026-09-19 05:00:00,2619.67,2633.33,2619.66,2628.93,6261.1269,4048.1524
2026-09-19 06:00:00,2628.93,2630.56,2620.48,2627.29,3837.199,1528.912
2026-09-19 07:00:00,2627.3,2636,2623.46,2626.95,5876.9395,3029.737
2026-09-19 08:00:00,2626.96,2662.85,2623.95,2645.23,22200.3901,14938.5585
2026-09-19 09:00:00,2645.23,2660,2632.32,2640.88,10719.1682,4812.2327
2026-09-19 10:00:00,2640.88,2646.12,2637.92,2638.34,4453.4408,1876.073
2026-09-19 11:00:00,2638.34,2643.02,2636.47,2639.67,4453.2327,2118.5451
2026-09-19 12:00:00,2639.67,2643.99,2637,2641.91,4844.6426,2237.1218
2026-09-19 13:00:00,2641.91,2643.5,2629.16,2638.47,7745.3725,2852.5269
2026-09-19 14:00:00,2638.47,2644.13,2634.93,2639.02,6684.6028,2829.4506
2026-09-19 15:00:00,2639.01,2652.1,2637.5,2641.16,8634.3148,4238.9144
2026-09-19 16:00:00,2641.17,2651.66,2636,2650,6451.5387,3395.1886
2026-09-19 17:00:00,2650.01,2668,2642.24,2645.41,10716.1997,5915.9599
2026-09-19 18:00:00,2645.42,2647.46,2635.06,2638.9,7187.6765,2690.5389
2026-09-19 19:00:00,2638.89,2640.56,2632,2634.88,4910.2309,2005.8709
2026-09-19 20:00:00,2634.88,2640.54,2632.3,2635.96,5698.0557,2073.3733
2026-09-19 21:00:00,2635.97,2639.17,2617.75,2627.98,7714.4908,2599.8975
2026-09-19 22:00:00,2627.97,2631.88,2619.5,2630.83,5157.2062,2420.2026
2026-09-19 23:00:00,2630.84,2637.99,2629.61,2632.69,4318.9797,1865.0504
2026-09-20 00:00:00,2632.7,2632.97,2625.98,2627.37,3607.1637,1543.6207
2026-09-20 01:00:00,2627.36,2627.37,2613.04,2619.8,5560.3965,2102.0615
2026-09-20 02:00:00,2619.8,2624.04,2566.54,2574.23,21229.0752,7425.2253
2026-09-20 03:00:00,2574.24,2591.25,2564.33,2588.03,15305.7718,6893.6629
2026-09-20 04:00:00,2588.03,2588.59,2575.81,2579.79,12258.6881,3710.146
2026-09-20 05:00:00,2579.79,2586,2573.91,2578.31,9920.3639,4907.1867
2026-09-20 06:00:00,2578.31,2586.01,2570,2574.4,9598.0358,5248.0532
2026-09-20 07:00:00,2574.4,2578.63,2571.55,2576.76,5902.8042,3806.9643
2026-09-20 08:00:00,2576.76,2584.1,2570,2575.19,7585.9288,3376.8187
2026-09-20 09:00:00,2575.19,2587.39,2575,2579.77,5407.5044,3081.3555
2026-09-20 10:00:00,2579.77,2581.49,2570.7,2571.21,6506.1085,1593.433
2026-09-20 11:00:00,2571.21,2580.82,2567.52,2579.08,4645.9855,1992.5398
2026-09-20 12:00:00,2579.09,2583.01,2571.96,2580.32,5277.5764,2998.3397
2026-09-20 13:00:00,2580.32,2586.61,2576.59,2580.78,5244.9497,2597.1396
2026-09-20 14:00:00,2580.79,2588.92,2573.78,2585.61,8160.4914,3944.6638
2026-09-20 15:00:00,2585.61,2616,2585.61,2613.11,15452.7449,8519.0943
2026-09-20 16:00:00,2613.11,2648.21,2606.69,2639.91,17520.7734,8961.4873
2026-09-20 17:00:00,2639.9,2649.89,2618.81,2626.41,11750.1797,4831.5718
2026-09-20 18:00:00,2626.4,2640.15,2621.98,2626.46,6055.4034,3137.0004
2026-09-20 19:00:00,2626.47,2638.72,2625.73,2633.34,5381.5325,2347.1827
2026-09-20 20:00:00,2633.35,2643,2630.05,2634.5,7084.0613,3293.5528
2026-09-20 21:00:00,2634.5,2635.68,2608.31,2631.06,14028.1113,6141.0322
2026-09-20 22:00:00,2631.07,2647.2,2624.11,2639.64,9550.0296,4976.8293
2026-09-20 23:00:00,2639.63,2649.14,2632.23,2645.21,8367.3423,4698.4501
2026-09-21 00:00:00,2645.21,2707.7,2643.99,2689.19,54303.54,31545.667
2026-09-21 01:00:00,2689.18,2701,2643.71,2649.46,24806.4815,11584.7121
2026-09-21 02:00:00,2649.46,2669.54,2644.04,2661.7,13180.5321,7029.5412
2026-09-21 03:00:00,2661.7,2673.8,2658.33,2665.95,6447.9917,3735.3032
2026-09-21 04:00:00,2665.95,2670.36,2653.43,2664.06,7368.9152,4216.1815
2026-09-21 05:00:00,2664.05,2675.91,2658.83,2665.41,8827.0553,4988.616
2026-09-21 06:00:00,2665.41,2678.7,2654.39,2662.88,13562.0926,6344.7677
2026-09-21 07:00:00,2662.89,2665.7,2646.58,2661.66,9810.7956,4386.2625
2026-09-21 08:00:00,2661.66,2713.14,2660.91,2696.28,48475.6724,25270.4478
2026-09-21 09:00:00,2696.27,2749.98,2691.94,2720.77,64736.5508,34555.056
2026-09-21 10:00:00,2720.78,2726.51,2707.97,2715.96,21574.2797,11403.1
2026-09-21 11:00:00,2715.96,2730.36,2713.3,2725.38,25405.1089,16244.62
2026-09-21 12:00:00,2725.38,2740.23,2718.66,2735.15,20722.292,10207.4057
2026-09-21 13:00:00,2735.15,2744.88,2718.74,2732.26,30103.3157,13974.119
2026-09-21 14:00:00,2732.27,2757.57,2712.2,2736.67,35963.8526,18233.0551
2026-09-21 15:00:00,2736.66,2765.43,2728.32,2755.27,36216.3365,18610.5677
2026-09-21 16:00:00,2755.28,2769.11,2742.85,2754.65,25874.9158,14126.1181
2026-09-21 17:00:00,2754.65,2758.52,2735.17,2743.26,20139.5658,10360.887
2026-09-21 18:00:00,2743.26,2758.21,2738.18,2758.2,16940.1653,10028.4951
2026-09-21 19:00:00,2758.21,2776.31,2754.99,2761.83,22874.9297,11691.8004
2026-09-21 20:00:00,2761.84,2807.34,2761.84,2784.45,32981.3029,17325.1286
2026-09-21 21:00:00,2784.44,2784.44,2763.56,2768.71,11976.5823,4740.7759
2026-09-21 22:00:00,2768.72,2783.97,2768,2779.21,11449.3123,5268.5179
2026-09-21 23:00:00,2779.21,2788,2766.66,2776.19,9348.3505,4289.3251
2026-09-22 00:00:00,2776.2,2777.55,2752.96,2754.49,13713.7297,5358.8114
2026-09-22 01:00:00,2754.49,2756.87,2736.75,2748.87,15535.6931,6917.9861
2026-09-22 02:00:00,2748.86,2750,2736.73,2740,9690.7103,4101.0439
2026-09-22 03:00:00,2740.01,2743.49,2726.1,2739.65,17325.371,6751.6072
2026-09-22 04:00:00,2739.64,2743.2,2726.24,2729.41,10025.861,5283.745
2026-09-22 05:00:00,2729.42,2739.2,2715.91,2733.54,12613.3399,5610.3062
2026-09-22 06:00:00,2733.55,2736.62,2725,2730.73,7315.9701,4218.614
2026-09-22 07:00:00,2730.72,2734.67,2722.53,2726.34,6817.957,3024.158
2026-09-22 08:00:00,2726.35,2755.68,2721.57,2749.02,17834.3475,11418.4964
2026-09-22 09:00:00,2749.01,2754.34,2730.49,2750.77,12022.7477,6660.0773
2026-09-22 10:00:00,2750.77,2752.33,2735.87,2742.27,7588.9588,3485.2802
2026-09-22 11:00:00,2742.26,2748.15,2734.74,2742.6,5930.9665,3256.5763
2026-09-22 12:00:00,2742.59,2756.79,2736.35,2756.61,10763.4549,5071.1362
2026-09-22 13:00:00,2756.6,2764,2739.02,2759.19,19624.3201,10343.0392
2026-09-22 14:00:00,2759.2,2760.27,2716.02,2742.73,27521.7152,13461.1159
2026-09-22 15:00:00,2742.73,2755.85,2736.88,2743.91,10507.2965,5298.4911
2026-09-22 16:00:00,2743.9,2751,2729.56,2746.13,10526.9838,5321.7778
2026-09-22 17:00:00,2746.13,2759.31,2742.83,2753.9,15534.5215,6314.9104
2026-09-22 18:00:00,2753.91,2757.01,2742.91,2752.36,8710.8901,4231.8755
2026-09-22 19:00:00,2752.37,2763.86,2745.1,2751.74,13334.7394,6576.0436
2026-09-22 20:00:00,2751.75,2758.74,2747.67,2751.53,8518.9581,5248.3684
2026-09-22 21:00:00,2751.53,2754.49,2746.96,2747.31,8557.0318,4800.6767
2026-09-22 22:00:00,2747.31,2760,2734.96,2753.08,16814.3309,8979.4335
2026-09-22 23:00:00,2753.08,2774.41,2748.86,2753.63,16185.7807,9045.2597
2026-09-23 00:00:00,2753.63,2766.99,2749,2760,8193.7863,5189.5402
2026-09-23 01:00:00,2760.01,2775,2745.99,2754.19,10028.0111,4389.3845
2026-09-23 02:00:00,2754.18,2763,2746.09,2762.2,6558.9222,3106.4633
2026-09-23 03:00:00,2762.21,2784.4,2758.2,2774.01,13812.0898,7557.6917
2026-09-23 04:00:00,2774.02,2789,2767.8,2779.65,13038.1789,6513.0382
2026-09-23 05:00:00,2779.65,2780.21,2755.57,2757.8,12107.6502,5092.3475
2026-09-23 06:00:00,2757.8,2762.07,2751.96,2754.29,11103.7763,7375.4557
2026-09-23 07:00:00,2754.3,2754.3,2735.2,2742.92,13069.5411,5517.787
2026-09-23 08:00:00,2742.92,2750.71,2726.75,2734.99,10936.624,4757.7133
2026-09-23 09:00:00,2735,2743.71,2731.29,2733.61,7585.2508,3999.8832
2026-09-23 10:00:00,2733.61,2738.81,2726,2738.33,8822.1874,3415.3711
2026-09-23 11:00:00,2738.33,2739.67,2717,2727.96,15035.6586,5277.5206
2026-09-23 12:00:00,2727.95,2730.45,2712.86,2722.2,15884.267,5933.4486
2026-09-23 13:00:00,2722.19,2723.95,2707.72,2716.1,19574.873,7966.857
2026-09-23 14:00:00,2716.11,2723.57,2647.66,2676.36,74316.81,35235.5611
2026-09-23 15:00:00,2676.37,2685,2654.78,2656.21,17387.3546,7321.1803
2026-09-23 16:00:00,2656.2,2667.86,2635.39,2660.93,22843.6596,12266.0804
2026-09-23 17:00:00,2660.92,2670.64,2648.47,2668.03,9801.699,4848.2982
2026-09-23 18:00:00,2668.02,2672.51,2659.44,2669.05,7430.559,4449.9463
2026-09-23 19:00:00,2669.05,2680.62,2664.34,2678.97,11209.5535,6981.4978
2026-09-23 20:00:00,2678.97,2680.18,2669.19,2671.36,5540.1241,2992.7456
2026-09-23 21:00:00,2671.37,2679.42,2668.45,2677.42,4865.0862,2868.3882
2026-09-23 22:00:00,2677.43,2698.99,2676.38,2690.27,8753.3691,4552.0064
2026-09-23 23:00:00,2690.27,2690.66,2681.24,2684.71,3812.0916,2041.6245
2026-09-24 00:00:00,2684.7,2692.74,2679.11,2682.29,4216.5147,1867.0479
2026-09-24 01:00:00,2682.29,2692,2674.66,2675.02,6030.9649,2510.2667
2026-09-24 02:00:00,2675.02,2688.43,2664.32,2685.72,5997.5393,2921.3729
2026-09-24 03:00:00,2685.72,2690.83,2671.43,2676.76,5069.2176,2274.2189
2026-09-24 04:00:00,2676.76,2683.63,2669.62,2682.14,5875.8005,2383.6121
2026-09-24 05:00:00,2682.15,2704.08,2681.65,2682.52,9016.574,4781.7094
2026-09-24 06:00:00,2682.52,2690.69,2679.11,2686.1,4303.9473,2047.2693
2026-09-24 07:00:00,2686.09,2700,2679.7,2693.5,8133.7037,4669.4498
2026-09-24 08:00:00,2693.5,2695.8,2655.5,2669.3,17140.667,8034.5126
2026-09-24 09:00:00,2669.3,2673.75,2600.15,2642.4,24958.8012,8856.0531
2026-09-24 10:00:00,2642.41,2649.46,2633.4,2648.19,10043.7994,4860.5328
2026-09-24 11:00:00,2648.2,2652.54,2643.38,2647.68,6350.1261,3062.8633
2026-09-24 12:00:00,2647.68,2654.08,2639.37,2648.8,12545.8072,7121.9928
2026-09-24 13:00:00,2648.8,2678.67,2648.8,2670.11,14965.3862,7539.7372
2026-09-24 14:00:00,2670.11,2699.76,2644.97,2657.87,28303.5034,13682.54
2026-09-24 15:00:00,2657.86,2685.72,2652.32,2683.58,12563.0803,7402.7936
2026-09-24 16:00:00,2683.59,2706,2666,2687.63,21163.4634,11875.0468
2026-09-24 17:00:00,2687.62,2690.32,2666.96,2669.72,10502.1328,5147.6443
2026-09-24 18:00:00,2669.71,2694.62,2660.38,2690.12,13179.6913,7663.0062
2026-09-24 19:00:00,2690.13,2701.24,2682.91,2696.95,16362.5372,9564.7874
2026-09-24 20:00:00,2696.94,2697.38,2681.81,2688.27,10251.6823,6008.3457
2026-09-24 21:00:00,2688.28,2693.02,2685.45,2686.72,5544.1434,2472.9619
2026-09-24 22:00:00,2686.72,2688.28,2676.03,2685.53,9068.4852,4971.7134
2026-09-24 23:00:00,2685.53,2693.18,2685.02,2688.05,5220.6933,2132.3837
2026-09-25 00:00:00,2688.06,2697.78,2688.05,2690.78,5029.1041,2372.3664
2026-09-25 01:00:00,2690.78,2698.48,2682.5,2689.58,4732.5025,2399.2517
2026-09-25 02:00:00,2689.58,2700.21,2674.62,2676.79,9445.2496,4073.77
2026-09-25 03:00:00,2676.8,2681.65,2673,2679.09,6244.9976,2660.1164
2026-09-25 04:00:00,2679.1,2686.05,2671.94,2680.3,5099.5004,2414.2801
2026-09-25 05:00:00,2680.29,2685,2675.61,2679.94,4684.4313,2078.7285
2026-09-25 06:00:00,2679.94,2682.99,2669.59,2674.52,6344.2249,2837.359
2026-09-25 07:00:00,2674.52,2680.8,2667.33,2672.04,10480.3521,3270.5825
2026-09-25 08:00:00,2672.05,2696.98,2672.04,2690.91,10493.7754,6832.1578
2026-09-25 09:00:00,2690.9,2718,2690.74,2704.72,15922.8411,8174.688
2026-09-25 10:00:00,2704.73,2719.28,2692.9,2713.98,9469.9105,5381.6793
2026-09-25 11:00:00,2713.97,2743,2713.1,2717.53,22424.7026,12700.2002
2026-09-25 12:00:00,2717.53,2724,2686.58,2717.72,20320.0779,10176.8178
2026-09-25 13:00:00,2717.71,2722.37,2680,2695.3,19983.8046,8350.31
2026-09-25 14:00:00,2695.31,2698.21,2671.94,2695.82,23021.2135,11182.8656
2026-09-25 15:00:00,2695.83,2699,2668.84,2686.9,14861.2646,7023.4511
2026-09-25 16:00:00,2686.91,2698.25,2681.93,2683.71,12417.9809,5219.0456
2026-09-25 17:00:00,2683.72,2693.71,2678.28,2685.91,7513.6033,3627.7034
2026-09-25 18:00:00,2685.91,2699.5,2685.91,2693.37,7084.5597,3841.4362
2026-09-25 19:00:00,2693.38,2696.44,2690.43,2693.34,4271.2503,1834.8901
2026-09-25 20:00:00,2693.34,2696.41,2683.89,2684.74,4557.3516,1579.9511
2026-09-25 21:00:00,2684.74,2685.6,2677.16,2681.48,4752.2653,1466.4417
2026-09-25 22:00:00,2681.47,2694.4,2680.18,2692.14,3615.7417,1902.9079
2026-09-25 23:00:00,2692.14,2694.51,2690.7,2691.61,1926.9488,824.6818
2026-09-26 00:00:00,2691.62,2694.6,2681,2687.31,4418.3769,1881.7308
2026-09-26 01:00:00,2687.31,2696.44,2687.1,2692.7,4083.4833,2265.186
2026-09-26 02:00:00,2692.7,2695.81,2689,2691.15,2190.834,1082.1633
2026-09-26 03:00:00,2691.15,2691.51,2686.08,2687.98,1681.6161,818.1433
2026-09-26 04:00:00,2687.98,2691.51,2685,2689.54,3069.0763,1438.2157
2026-09-26 05:00:00,2689.54,2690.55,2685.37,2686.47,3062.3566,1251.0277
2026-09-26 06:00:00,2686.47,2687.4,2683.46,2685.69,3705.4967,1464.75
2026-09-26 07:00:00,2685.69,2691.57,2685.68,2691.16,2844.8476,1242.8596
2026-09-26 08:00:00,2691.15,2697.79,2687.37,2691.01,4595.8277,1930.9628
2026-09-26 09:00:00,2691,2691.01,2679.3,2682.6,4736.8771,1787.6791
2026-09-26 10:00:00,2682.6,2690.32,2682.6,2687.35,4798.5135,2125.6249
2026-09-26 11:00:00,2687.35,2690.71,2685.38,2689.49,2551.2744,1217.0935
2026-09-26 12:00:00,2689.48,2692.38,2686.7,2688.9,6392.0694,2724.0252
2026-09-26 13:00:00,2688.9,2691.95,2682,2683.23,3359.4783,950.6006
