t,o,h,l,c,v,taker_buy_v
2025-08-22 12:00:00,24.31,26.75,24.09,26.47,8020796.29,4168174.16
2025-08-22 16:00:00,26.46,27.87,26.46,27.17,4438116.5,2204644.7
2025-08-22 20:00:00,27.17,27.34,26.63,26.79,1390503.29,613508.57
2025-08-23 00:00:00,26.8,26.83,25.86,25.95,1440528.04,595375.45
2025-08-23 04:00:00,25.96,26.25,25.73,25.88,1334907.75,598355.19
2025-08-23 08:00:00,25.87,26.02,25.59,25.66,1210881.2,550853.28
2025-08-23 12:00:00,25.66,26.22,25.52,26,1328795.86,690514.18
2025-08-23 16:00:00,26.01,26.21,25.83,26.12,561919.36,277385.47
2025-08-23 20:00:00,26.13,26.38,25.98,26.28,465712.85,229682.2
2025-08-24 00:00:00,26.28,26.33,25.71,25.91,870769.53,362945.09
2025-08-24 04:00:00,25.91,25.96,25.55,25.6,628591.19,279055.1
2025-08-24 08:00:00,25.6,25.76,25.27,25.47,718276.36,334034.32
2025-08-24 12:00:00,25.47,25.88,25.46,25.56,832750.1,414450.34
2025-08-24 16:00:00,25.56,26.62,25.21,26.08,2988592.82,1445335.24
2025-08-24 20:00:00,26.08,26.26,25.41,25.82,1398393.67,684969.09
2025-08-25 00:00:00,25.82,26.46,25.32,25.94,1535731.45,743321.42
2025-08-25 04:00:00,25.94,26.41,24.82,24.97,1669883.39,674869.35
2025-08-25 08:00:00,24.98,25.17,24.34,24.59,1758867.57,693907.27
2025-08-25 12:00:00,24.59,24.69,24.24,24.41,1492599.79,619340.5
2025-08-25 16:00:00,24.42,24.81,23.63,23.65,1532226.17,616609.56
2025-08-25 20:00:00,23.66,23.85,23.08,23.38,2092740.99,986490.35
2025-08-26 00:00:00,23.38,23.63,23.06,23.16,1187050.39,545915.49
2025-08-26 04:00:00,23.16,23.5,22.88,23.15,894478.63,427042.7
2025-08-26 08:00:00,23.15,23.76,22.9,23.56,1542099.78,827189.03
2025-08-26 12:00:00,23.56,24.53,23.39,24.17,2654548.49,1307111.25
2025-08-26 16:00:00,24.17,24.46,23.94,24.35,796917.89,365292.17
2025-08-26 20:00:00,24.36,24.76,24.21,24.38,944355.64,436058.29
2025-08-27 00:00:00,24.37,24.54,24,24.34,951796.05,477080.76
2025-08-27 04:00:00,24.34,24.69,24.01,24.17,1146725.2,520085.83
2025-08-27 08:00:00,24.17,24.66,23.97,24.37,827294.77,426525.29
2025-08-27 12:00:00,24.36,24.67,24.07,24.29,1288884.08,605502.49
2025-08-27 16:00:00,24.29,24.58,24.02,24.17,747276.44,332704.92
2025-08-27 20:00:00,24.18,24.48,23.58,23.78,2267683.12,987722.07
2025-08-28 00:00:00,23.78,23.95,23.56,23.92,773049.03,349172.88
2025-08-28 04:00:00,23.91,24.37,23.8,24.21,840464.5,371711.32
2025-08-28 08:00:00,24.22,24.46,23.59,23.89,1212861.49,505725.06
2025-08-28 12:00:00,23.89,26.03,23.78,24.8,7342472.36,3750941.46
2025-08-28 16:00:00,24.79,25.28,24.48,24.5,1693155.33,861838.26
2025-08-28 20:00:00,24.5,25.41,24.42,25.18,1010416.18,517081.98
2025-08-29 00:00:00,25.18,25.23,24.12,24.23,1478050.05,620986.62
2025-08-29 04:00:00,24.23,24.29,23.17,23.55,2492251.25,1139588.65
2025-08-29 08:00:00,23.55,23.59,23.23,23.44,1307150.39,650179.63
2025-08-29 12:00:00,23.43,24.13,23.11,23.44,3050035.2,1700098.55
2025-08-29 16:00:00,23.45,23.61,23.12,23.35,746755.21,367695.93
2025-08-29 20:00:00,23.36,23.51,23.13,23.43,566128.82,292766.12
2025-08-30 00:00:00,23.43,23.52,22.83,23.24,931303.65,410886.47
2025-08-30 04:00:00,23.25,23.52,23.18,23.36,604848.3,311160.93
2025-08-30 08:00:00,23.37,23.5,23.2,23.39,391677.81,223486.15
2025-08-30 12:00:00,23.4,23.45,22.96,23.41,415506.52,198491.79
2025-08-30 16:00:00,23.41,23.46,23.28,23.36,237019.76,104937.46
2025-08-30 20:00:00,23.36,23.51,23.27,23.51,179533.5,96162.33
2025-08-31 00:00:00,23.51,23.91,23.41,23.88,714031.14,389515.62
2025-08-31 04:00:00,23.89,23.96,23.64,23.73,651666.48,285150
2025-08-31 08:00:00,23.73,23.89,23.55,23.8,423299.41,185197.59
2025-08-31 12:00:00,23.8,24.06,23.6,23.77,745126.93,376655.01
2025-08-31 16:00:00,23.78,23.88,23.6,23.66,295657.64,144961.71
2025-08-31 20:00:00,23.66,23.73,23.18,23.2,1391767.46,697875.17
2025-09-01 00:00:00,23.2,23.37,22.92,23.06,1489331.69,755216.25
2025-09-01 04:00:00,23.06,23.64,22.71,23.59,1676912.26,922244.12
2025-09-01 08:00:00,23.6,23.87,23.15,23.22,1194894.01,554975.25
2025-09-01 12:00:00,23.23,23.36,22.73,22.79,734506.61,322898.68
2025-09-01 16:00:00,22.8,22.85,22.53,22.83,570692.76,251288.78
2025-09-01 20:00:00,22.83,22.83,22.09,22.51,1256261.04,588182.06
2025-09-02 00:00:00,22.52,23.22,22.34,23.13,854096.86,428453.36
2025-09-02 04:00:00,23.14,23.53,23.09,23.24,739737.56,298451.6
2025-09-02 08:00:00,23.23,23.45,23.07,23.1,514150.76,210327
2025-09-02 12:00:00,23.1,23.54,22.65,22.85,2148966.71,1050588.19
2025-09-02 16:00:00,22.85,23.16,22.79,23.07,642730.27,317831.52
2025-09-02 20:00:00,23.06,23.6,23.01,23.49,671316.49,334649.39
2025-09-03 00:00:00,23.49,23.61,23.21,23.41,778924.35,382568.21
2025-09-03 04:00:00,23.41,23.5,23.21,23.28,469571.27,215258.87
2025-09-03 08:00:00,23.28,23.62,23.22,23.49,502615.64,275971.24
2025-09-03 12:00:00,23.49,23.83,23.37,23.82,959039.67,485858.37
2025-09-03 16:00:00,23.82,23.91,23.61,23.84,617151.56,320032.5
2025-09-03 20:00:00,23.85,23.85,23.66,23.69,366992.88,173061.7
2025-09-04 00:00:00,23.69,23.97,23.49,23.53,458044.19,262546.26
2025-09-04 04:00:00,23.54,23.57,23.14,23.27,472179.75,213700.34
2025-09-04 08:00:00,23.27,23.44,23.18,23.29,432024.73,198870.72
2025-09-04 12:00:00,23.29,23.39,22.46,22.47,1159294.38,478960.87
2025-09-04 16:00:00,22.47,22.56,22.18,22.27,650119.64,298845.6
2025-09-04 20:00:00,22.26,22.63,22.23,22.32,776190.67,351019.32
2025-09-05 00:00:00,22.32,22.5,22.26,22.49,572432.84,244629.86
2025-09-05 04:00:00,22.49,23.11,22.39,23.08,817859.61,425733.76
2025-09-05 08:00:00,23.07,23.08,22.66,22.82,1081352.64,585151.46
2025-09-05 12:00:00,22.82,23.24,22.09,22.23,2784175.72,1378151.75
2025-09-05 16:00:00,22.23,22.48,22.04,22.47,817823.66,368423.34
2025-09-05 20:00:00,22.47,22.55,22.21,22.28,653744.23,267426.31
2025-09-06 00:00:00,22.28,22.52,22.25,22.4,368241.06,151281.88
2025-09-06 04:00:00,22.4,22.41,22.13,22.22,380582,142048.62
2025-09-06 08:00:00,22.21,22.29,22.05,22.27,450309.6,166406.33
2025-09-06 12:00:00,22.28,22.33,22.03,22.07,503249.28,164432.21
2025-09-06 16:00:00,22.06,22.29,21.87,21.9,479183.99,233049.94
2025-09-06 20:00:00,21.9,22.29,21.89,22.19,305888.78,129578.64
2025-09-07 00:00:00,22.2,22.45,22.18,22.38,243975.89,123648.37
2025-09-07 04:00:00,22.37,22.47,22.25,22.3,252518.96,101883.66
2025-09-07 08:00:00,22.3,22.47,22.13,22.37,518133.37,328159.57
2025-09-07 12:00:00,22.37,22.47,22.22,22.4,406445.7,191669.7
2025-09-07 16:00:00,22.41,22.41,22.12,22.21,203225.97,100080.67
2025-09-07 20:00:00,22.2,22.61,22.16,22.47,267046.18,128340.06
2025-09-08 00:00:00,22.47,22.8,22.23,22.6,557382.94,255087.4
2025-09-08 04:00:00,22.6,22.62,22.33,22.4,300348.92,136811.12
2025-09-08 08:00:00,22.4,23.2,22.36,22.98,1230025.27,654191.09
2025-09-08 12:00:00,22.98,23.3,22.9,23.22,805314.84,390996.76
2025-09-08 16:00:00,23.21,23.31,22.9,22.99,514991.19,247058.81
2025-09-08 20:00:00,23,23.18,22.84,23.04,359482.79,156311.21
2025-09-09 00:00:00,23.04,23.3,22.86,23.18,778611.93,363936.89
2025-09-09 04:00:00,23.18,23.78,23.08,23.67,1030117.78,551280.18
2025-09-09 08:00:00,23.68,23.82,23.51,23.52,631822.81,298993.64
2025-09-09 12:00:00,23.53,23.76,22.83,22.94,1425571.16,687507.27
2025-09-09 16:00:00,22.93,23.11,22.84,23.07,477807.05,255197.87
2025-09-09 20:00:00,23.07,23.2,22.96,23.05,289110.89,139153.01
2025-09-10 00:00:00,23.05,23.42,22.89,23.39,479250.49,253230.54
2025-09-10 04:00:00,23.4,23.67,23.15,23.44,520045.76,262390.45
2025-09-10 08:00:00,23.45,23.53,23.28,23.35,302525.3,162191.24
2025-09-10 12:00:00,23.36,23.93,23.34,23.68,1246584.69,634289.5
2025-09-10 16:00:00,23.67,23.7,23.2,23.32,442499.64,233408.29
2025-09-10 20:00:00,23.33,23.62,23.3,23.57,311847.29,166820.03
2025-09-11 00:00:00,23.57,23.84,23.43,23.81,280642.03,147437.34
2025-09-11 04:00:00,23.81,23.9,23.65,23.83,414166.64,216061.1
2025-09-11 08:00:00,23.82,23.86,23.68,23.76,284090.04,132395.09
2025-09-11 12:00:00,23.77,24.27,23.31,23.52,1773969.81,878034.01
2025-09-11 16:00:00,23.52,23.99,23.51,23.94,339610.1,174618.03
2025-09-11 20:00:00,23.94,24.5,23.88,24.47,933384.94,517987.92
2025-09-12 00:00:00,24.47,24.75,24.36,24.69,961205.11,441518.23
2025-09-12 04:00:00,24.69,24.83,24.52,24.53,483545.81,241381.51
2025-09-12 08:00:00,24.54,24.55,24.29,24.32,513338.62,237437.88
2025-09-12 12:00:00,24.32,24.67,24.16,24.49,1026884.81,530586.38
2025-09-12 16:00:00,24.49,25.15,24.42,25.12,940830.59,583500.25
2025-09-12 20:00:00,25.13,25.33,24.92,25.13,719913.76,351628.57
2025-09-13 00:00:00,25.12,25.3,24.93,25.23,663831.54,350219.66
2025-09-13 04:00:00,25.23,25.24,25.01,25.16,476792.38,214676.73
2025-09-13 08:00:00,25.17,25.64,25.07,25.29,1084062.98,459493.44
2025-09-13 12:00:00,25.28,25.41,24.69,24.83,881489.42,344354.02
2025-09-13 16:00:00,24.84,24.92,24.44,24.76,721189.37,291871.21
2025-09-13 20:00:00,24.76,24.98,24.75,24.88,326890.09,179304.46
2025-09-14 00:00:00,24.88,25.02,24.63,24.66,396353.17,175246.4
2025-09-14 04:00:00,24.67,24.89,24.47,24.6,408842.04,181656.17
2025-09-14 08:00:00,24.6,24.77,24.31,24.37,366395.43,151451.97
2025-09-14 12:00:00,24.37,24.49,23.84,24.04,721505.6,303747.1
2025-09-14 16:00:00,24.04,24.27,24,24.16,364487.14,201016.67
2025-09-14 20:00:00,24.16,24.4,24.04,24.09,343559.78,156977.45
2025-09-15 00:00:00,24.1,24.32,23.91,24.26,329894.87,174580.77
2025-09-15 04:00:00,24.27,24.44,23.76,23.85,619774.18,288965.76
2025-09-15 08:00:00,23.85,23.86,23.19,23.42,1254895.76,571641.22
2025-09-15 12:00:00,23.42,23.45,22.99,23.17,792056.75,385802.04
2025-09-15 16:00:00,23.16,23.41,22.97,23.35,362762.17,195842.29
2025-09-15 20:00:00,23.35,23.87,23.32,23.56,339112.21,193123.8
2025-09-16 00:00:00,23.56,23.63,23.36,23.36,342397.62,141839.95
2025-09-16 04:00:00,23.37,23.58,23.16,23.49,299537.92,161761.31
2025-09-16 08:00:00,23.5,23.76,23.49,23.62,382639.34,212928.43
2025-09-16 12:00:00,23.62,23.7,23.1,23.45,585615.86,253281.18
2025-09-16 16:00:00,23.45,23.74,23.24,23.58,546447.74,236559.22
2025-09-16 20:00:00,23.58,23.75,23.45,23.48,409371.97,215423.18
2025-09-17 00:00:00,23.49,23.63,23.29,23.31,298514.51,145706.42
2025-09-17 04:00:00,23.3,23.62,23.19,23.56,296156.53,143813.85
2025-09-17 08:00:00,23.56,23.57,23,23.08,733895.81,226933.29
2025-09-17 12:00:00,23.07,23.11,22.75,22.97,1105065.99,469182.29
2025-09-17 16:00:00,22.96,23.5,22.77,23.45,1607316.88,812944.13
2025-09-17 20:00:00,23.45,24.24,23.23,23.99,1274629.96,659130.2
2025-09-18 00:00:00,24,24.19,23.83,24.13,583621.87,279837.21
2025-09-18 04:00:00,24.13,24.16,23.68,23.96,443235.12,198323.02
2025-09-18 08:00:00,23.97,24.43,23.91,24.2,564272.86,300912.09
2025-09-18 12:00:00,24.21,24.5,24.05,24.47,837698.07,437550.4
2025-09-18 16:00:00,24.47,24.6,24.34,24.49,500918.73,262166.41
2025-09-18 20:00:00,24.48,24.75,24.45,24.62,574685.38,277965.57
2025-09-19 00:00:00,24.63,24.89,24.42,24.47,726847.74,354759.09
2025-09-19 04:00:00,24.47,24.85,24.23,24.73,977191.28,473615.95
2025-09-19 08:00:00,24.73,24.86,23.8,23.85,873043.98,356773.61
2025-09-19 12:00:00,23.85,23.99,23.33,23.61,1000419.91,508473.66
2025-09-19 16:00:00,23.6,23.72,23.27,23.39,366763.18,205470.66
2025-09-19 20:00:00,23.38,23.67,23.36,23.47,313792.81,159765.52
2025-09-20 00:00:00,23.48,23.66,23.34,23.42,247642.16,114797.48
2025-09-20 04:00:00,23.42,23.59,23.36,23.51,277145.37,170553.24
2025-09-20 08:00:00,23.51,23.51,23.14,23.29,437691.63,199714.35
2025-09-20 12:00:00,23.29,23.58,23.09,23.42,386988.66,184539.79
2025-09-20 16:00:00,23.43,23.5,23.23,23.3,188831.46,108484.84
2025-09-20 20:00:00,23.29,23.46,23.27,23.34,153710.25,85826.67
2025-09-21 00:00:00,23.33,23.43,23.24,23.37,153207.03,68192.02
2025-09-21 04:00:00,23.38,23.49,23.27,23.36,192866.05,116855.32
2025-09-21 08:00:00,23.35,23.4,23.02,23.11,383867.61,175201.52
2025-09-21 12:00:00,23.11,23.27,23.04,23.09,190878.62,75661.84
2025-09-21 16:00:00,23.09,23.2,22.9,23.18,219279.28,97026.53
2025-09-21 20:00:00,23.18,23.19,22.91,22.96,181795.16,87232.74
2025-09-22 00:00:00,22.95,23.05,21.91,22.17,1911306.86,992318.9
2025-09-22 04:00:00,22.18,22.24,20.24,21.28,3374407.04,1632020.58
2025-09-22 08:00:00,21.28,21.4,21.06,21.21,715809.49,401883.69
2025-09-22 12:00:00,21.21,21.61,21.16,21.19,966102.23,439176.99
2025-09-22 16:00:00,21.2,21.35,21.11,21.17,807905.59,492702.4
2025-09-22 20:00:00,21.17,21.68,21.15,21.65,449126.62,318904.45
2025-09-23 00:00:00,21.66,21.77,21.17,21.57,661686.69,311154.26
2025-09-23 04:00:00,21.57,21.89,21.36,21.8,630100.73,357541.96
2025-09-23 08:00:00,21.8,21.88,21.69,21.78,462509.15,213121.25
2025-09-23 12:00:00,21.78,22.05,21.72,21.86,663713.18,351160.01
2025-09-23 16:00:00,21.86,21.99,21.53,21.58,604724.24,236407.54
2025-09-23 20:00:00,21.58,21.82,21.48,21.52,316069.51,121863.3
2025-09-24 00:00:00,21.52,21.69,21.17,21.29,572249.92,222763.65
2025-09-24 04:00:00,21.28,21.81,20.98,21.71,2270367.87,1039631.46
2025-09-24 08:00:00,21.72,21.88,21.62,21.77,283968.11,116762.55
2025-09-24 12:00:00,21.77,21.96,21.55,21.76,493030.16,202061.75
2025-09-24 16:00:00,21.77,21.97,21.71,21.82,275378.47,144864.27
2025-09-24 20:00:00,21.83,21.85,21.55,21.6,275761.76,91362.63
2025-09-25 00:00:00,21.61,21.66,21.13,21.3,752391.42,290408.2
2025-09-25 04:00:00,21.29,21.36,20.9,20.96,801089.31,303377.06
2025-09-25 08:00:00,20.97,21.16,20.71,20.74,663535.65,241003.38
2025-09-25 12:00:00,20.74,21.15,20.37,20.88,1470665.1,708569.13
2025-09-25 16:00:00,20.88,20.9,19.82,20.4,1747921.9,774951.57
2025-09-25 20:00:00,20.41,20.54,19.98,20.14,785949.93,305615.78
2025-09-26 00:00:00,20.15,20.61,20.09,20.55,507884.5,226407.31
2025-09-26 04:00:00,20.55,20.65,20.23,20.37,539891.96,219597.53
2025-09-26 08:00:00,20.36,20.53,19.93,20.17,674728.04,244093.56
2025-09-26 12:00:00,20.17,20.66,20,20.6,1201568.27,567025.59
2025-09-26 16:00:00,20.59,21.24,20.57,20.96,649392.9,349619.07
2025-09-26 20:00:00,20.97,21.13,20.89,21.07,268216.29,150790.02
2025-09-27 00:00:00,21.07,21.13,20.96,21.09,216458.91,82328.24
2025-09-27 04:00:00,21.08,21.15,20.9,20.95,158732.6,71669.62
2025-09-27 08:00:00,20.95,21.11,20.82,20.99,246559.25,95165.25
2025-09-27 12:00:00,20.99,21.06,20.85,20.96,157994.66,81058.43
2025-09-27 16:00:00,20.96,20.96,20.73,20.84,123648.63,51202.46
2025-09-27 20:00:00,20.85,21.1,20.82,20.91,82616.1,37018.26
2025-09-28 00:00:00,20.92,20.95,20.64,20.71,152709.7,66437.14
2025-09-28 04:00:00,20.72,20.83,20.64,20.73,109138.93,54201.73
2025-09-28 08:00:00,20.74,20.79,20.49,20.56,247726.79,113883.05
2025-09-28 12:00:00,20.56,21,20.43,20.99,296262.75,144767.98
2025-09-28 16:00:00,20.99,21.33,20.99,21.21,416587.61,203556.19
2025-09-28 20:00:00,21.21,21.71,21.18,21.68,377214.82,190678.14
2025-09-29 00:00:00,21.68,21.69,21.38,21.49,256339.54,112701.12
2025-09-29 04:00:00,21.48,21.49,21.15,21.25,289703.31,135727.9
2025-09-29 08:00:00,21.26,21.41,21.06,21.2,314073.22,152326.52
2025-09-29 12:00:00,21.2,21.7,20.9,21.39,945344.28,531152.24
2025-09-29 16:00:00,21.4,21.75,21.2,21.73,313922.37,163712.57
2025-09-29 20:00:00,21.73,21.9,21.67,21.74,377952.95,169544.58
2025-09-30 00:00:00,21.73,21.87,21.44,21.48,521350.74,245861.43
2025-09-30 04:00:00,21.47,21.7,21.35,21.41,396749.04,185928.39
2025-09-30 08:00:00,21.41,21.5,21.23,21.41,441325.96,222694.54
2025-09-30 12:00:00,21.41,21.51,20.96,21.1,568317.21,252817.29
2025-09-30 16:00:00,21.1,21.55,20.99,21.53,541406.73,238952.89
2025-09-30 20:00:00,21.53,21.69,21.28,21.3,414087.85,129314.67
2025-10-01 00:00:00,21.31,21.58,21.05,21.17,468536.08,190873.74
2025-10-01 04:00:00,21.18,21.4,21.13,21.34,210975.9,98293.08
2025-10-01 08:00:00,21.33,22.31,21.31,22.24,1026727.77,513157.51
2025-10-01 12:00:00,22.24,22.49,22.12,22.4,588354,290123.95
2025-10-01 16:00:00,22.41,22.63,22.29,22.54,483873.92,207173.64
2025-10-01 20:00:00,22.53,22.61,22.25,22.58,428917.4,187354.27
2025-10-02 00:00:00,22.57,22.8,22.41,22.69,586137.62,236195.52
2025-10-02 04:00:00,22.69,22.86,22.55,22.57,426539.7,170310.25
2025-10-02 08:00:00,22.57,22.63,22.37,22.41,437182.79,179308.25
2025-10-02 12:00:00,22.41,22.57,21.93,22.43,1101655.43,514214.41
2025-10-02 16:00:00,22.43,23.13,22.38,22.93,759991.11,371772.64
2025-10-02 20:00:00,22.94,22.98,22.65,22.77,454722.22,184908.93
2025-10-03 00:00:00,22.78,22.87,22.54,22.59,461991.7,179233.89
2025-10-03 04:00:00,22.6,22.7,22.3,22.39,327325.34,127964.51
2025-10-03 08:00:00,22.39,22.43,22.23,22.26,343369.74,147781.67
2025-10-03 12:00:00,22.27,22.75,22.09,22.72,999666.46,411123.55
2025-10-03 16:00:00,22.73,23.09,22.1,22.62,1466910.85,677769.58
2025-10-03 20:00:00,22.62,22.71,22.48,22.5,505334.94,193096.02
2025-10-04 00:00:00,22.5,22.62,22.15,22.22,411813.66,133331.54
2025-10-04 04:00:00,22.22,22.29,22.04,22.08,341396.19,142084.72
2025-10-04 08:00:00,22.08,22.08,21.76,21.85,514548.25,208388.28
2025-10-04 12:00:00,21.84,22.17,21.77,21.84,484367.59,227883.39
2025-10-04 16:00:00,21.83,22.03,21.81,22,180833.57,75779.64
2025-10-04 20:00:00,22,22.14,21.99,22.01,148870.51,66870.13
2025-10-05 00:00:00,22.02,22.61,21.93,22.35,433360.28,217173.65
2025-10-05 04:00:00,22.36,22.85,22.33,22.81,498119.81,241902.97
2025-10-05 08:00:00,22.81,22.94,22.49,22.75,633914.89,256029.26
2025-10-05 12:00:00,22.75,22.76,22.4,22.47,262468.2,114803.37
2025-10-05 16:00:00,22.46,22.64,21.89,21.95,510290.69,198798.21
2025-10-05 20:00:00,21.94,22.15,21.88,22,280123.4,142126.5
2025-10-06 00:00:00,22,22.2,21.47,21.9,2065843.85,885305.46
2025-10-06 04:00:00,21.9,22.16,21.74,21.93,316344.56,155354.05
2025-10-06 08:00:00,21.93,22.24,21.93,22.11,350271.54,167449.53
2025-10-06 12:00:00,22.12,22.98,22.12,22.82,951397.82,483034.71
2025-10-06 16:00:00,22.83,23.52,22.78,23.43,1187301.26,547712.57
2025-10-06 20:00:00,23.44,23.6,23.26,23.37,738440.62,286911.53
2025-10-07 00:00:00,23.37,23.73,23.33,23.34,902295.63,324475.06
2025-10-07 04:00:00,23.35,23.65,22.82,22.85,908673.99,331477.72
2025-10-07 08:00:00,22.86,22.9,22.56,22.87,938069.69,444410.34
2025-10-07 12:00:00,22.86,23.09,21.84,22,1818634.47,871729.04
2025-10-07 16:00:00,21.99,22.21,21.8,21.88,653684.04,339940.76
2025-10-07 20:00:00,21.87,22.19,21.75,21.79,623544.74,331971.15
2025-10-08 00:00:00,21.8,22.15,21.66,21.75,481679.66,245678.32
2025-10-08 04:00:00,21.74,21.97,21.62,21.91,505566.2,282403.24
2025-10-08 08:00:00,21.91,22.16,21.86,22.06,495699.6,295516.82
2025-10-08 12:00:00,22.07,22.35,21.84,22,514505.73,225587.14
2025-10-08 16:00:00,22,22.58,21.95,22.49,504930.45,245290.1
2025-10-08 20:00:00,22.48,22.67,22.4,22.63,288144.59,130099.37
2025-10-09 00:00:00,22.63,22.67,21.94,22.27,493175.06,186051.24
2025-10-09 04:00:00,22.26,22.49,21.94,21.97,374786.39,164814.41
2025-10-09 08:00:00,21.98,21.98,21.59,21.73,622157.99,287768.94
2025-10-09 12:00:00,21.72,22.04,21.32,21.49,896395.85,400239.81
2025-10-09 16:00:00,21.5,21.91,21.33,21.73,629275.93,307617.89
2025-10-09 20:00:00,21.73,22.13,21.69,21.99,305254.5,120517.52
2025-10-10 00:00:00,22,22.6,21.97,22.4,730774.55,352087.53
2025-10-10 04:00:00,22.4,22.62,22.25,22.29,585544.2,251671.7
2025-10-10 08:00:00,22.3,22.78,22.27,22.4,624485.79,250477.86
2025-10-10 12:00:00,22.41,22.78,21.2,21.37,2027908.04,890960.04
2025-10-10 16:00:00,21.37,21.55,20.39,20.5,1906519.28,947300.85
2025-10-10 20:00:00,20.49,20.7,7.9,17.31,18044492,8877433.4
2025-10-11 00:00:00,17.31,18.16,16.88,17.48,4072657.62,1984475.82
2025-10-11 04:00:00,17.49,17.85,17.32,17.73,2173222.15,878239.4
2025-10-11 08:00:00,17.74,18.52,17.64,18.05,1424634.42,700378.07
2025-10-11 12:00:00,18.05,18.14,17.42,17.98,1046297.17,477128.69
2025-10-11 16:00:00,17.98,18.15,17.11,17.28,1044496.31,503362.99
2025-10-11 20:00:00,17.28,19,16.6,17.2,1696920.2,859872.05
2025-10-12 00:00:00,17.2,17.25,16.68,17.08,1053468.1,516909.5
2025-10-12 04:00:00,17.08,17.52,17.04,17.41,573670.1,298008.89
2025-10-12 08:00:00,17.41,17.57,17.18,17.4,485110.01,241705.89
2025-10-12 12:00:00,17.4,18.81,17.23,18.77,2469881.96,1287373.87
2025-10-12 16:00:00,18.78,19.37,18.78,19.36,1877608.38,935980.36
2025-10-12 20:00:00,19.36,19.42,18.82,19,860583.11,396732.37
2025-10-13 00:00:00,19,19.26,18.73,19.03,1096767.47,521503.49
2025-10-13 04:00:00,19.03,19.68,18.92,19.54,878933.25,451030.1
2025-10-13 08:00:00,19.54,19.77,18.94,19.19,1520045.6,780661.78
2025-10-13 12:00:00,19.2,19.84,19.06,19.74,2718894.6,1424221.54
2025-10-13 16:00:00,19.74,20.12,19.47,20.04,1322523.7,701008.82
2025-10-13 20:00:00,20.05,20.19,19.83,19.84,512249.27,251877.81
2025-10-14 00:00:00,19.84,20.07,19.31,19.46,830939.52,448506.18
2025-10-14 04:00:00,19.47,19.54,18.28,18.56,1805398.9,814048.45
2025-10-14 08:00:00,18.55,18.76,18.07,18.58,1084538.11,558580.05
2025-10-14 12:00:00,18.59,19.05,18.14,19.04,1895799.64,894511.45
2025-10-14 16:00:00,19.04,19.37,18.64,18.88,1418173.94,663648.81
2025-10-14 20:00:00,18.89,19.18,18.81,19.1,427598.72,212767.67
2025-10-15 00:00:00,19.1,19.26,18.84,18.91,744882.11,371178.83
2025-10-15 04:00:00,18.92,19.15,18.83,18.87,452806.74,211585.38
2025-10-15 08:00:00,18.87,19.25,18.57,18.68,870229.56,416629.17
2025-10-15 12:00:00,18.68,18.73,17.95,18.12,1138285.74,508531.46
2025-10-15 16:00:00,18.12,18.26,17.84,18.03,744082.22,370463.95
2025-10-15 20:00:00,18.04,18.13,17.73,18.06,559696.72,244672.87
2025-10-16 00:00:00,18.05,18.21,17.91,18.04,520200.73,184510.25
2025-10-16 04:00:00,18.04,18.21,17.92,18.06,454765.97,184348.45
2025-10-16 08:00:00,18.05,18.5,17.55,18.49,957032.05,492887.82
2025-10-16 12:00:00,18.49,18.63,17.6,17.65,1217145.04,588890.56
2025-10-16 16:00:00,17.65,18.08,17.26,17.39,1357263.81,587883.57
2025-10-16 20:00:00,17.4,17.47,17.1,17.43,496940.91,232153.41
2025-10-17 00:00:00,17.42,17.69,17.35,17.52,378028.39,176690.69
2025-10-17 04:00:00,17.52,17.53,16.17,16.2,2155115.28,1096813.16
2025-10-17 08:00:00,16.21,16.59,15.69,16.53,2745025.65,1346868.41
2025-10-17 12:00:00,16.53,16.7,16.15,16.63,1285411.82,654304.61
2025-10-17 16:00:00,16.63,16.86,16.25,16.39,803932.33,413441.88
2025-10-17 20:00:00,16.38,16.77,16.32,16.61,468332.76,220615.92
2025-10-18 00:00:00,16.61,16.9,16.58,16.79,399110.94,183356.65
2025-10-18 04:00:00,16.8,17.01,16.57,16.71,501696.02,236180.13
2025-10-18 08:00:00,16.71,16.94,16.69,16.87,339592.46,167694.96
2025-10-18 12:00:00,16.87,16.97,16.62,16.79,330161.18,140221.47
2025-10-18 16:00:00,16.79,16.9,16.63,16.85,182948.06,84391.39
2025-10-18 20:00:00,16.84,16.96,16.75,16.82,153929.57,75992.87
2025-10-19 00:00:00,16.81,16.89,16.64,16.86,272324.31,122534.41
2025-10-19 04:00:00,16.86,16.92,16.66,16.8,582374.18,352908.47
2025-10-19 08:00:00,16.8,17.3,16.53,17.14,1668860.7,713455.52
2025-10-19 12:00:00,17.14,17.54,17.02,17.41,667079.26,318616.96
2025-10-19 16:00:00,17.41,17.66,17.31,17.46,449315.46,218480.55
2025-10-19 20:00:00,17.45,17.55,17.24,17.29,259329.45,130638.8
2025-10-20 00:00:00,17.29,17.68,16.93,17.62,470682.25,224759.38
2025-10-20 04:00:00,17.62,18.96,17.58,18.61,2908792.81,1554106.06
2025-10-20 08:00:00,18.62,19.04,18.56,19.01,1185034.24,598418.22
2025-10-20 12:00:00,19,19.19,18.76,18.76,1152387.58,541172.39
2025-10-20 16:00:00,18.77,18.93,18.43,18.85,1216211.64,570610.78
2025-10-20 20:00:00,18.85,18.95,18.6,18.66,417661.13,174124.3
2025-10-21 00:00:00,18.66,18.96,18.13,18.15,765353.86,300046.93
2025-10-21 04:00:00,18.15,18.17,17.66,18.07,1246827.41,568163.96
2025-10-21 08:00:00,18.06,18.12,17.8,18.08,507268.73,282369.21
2025-10-21 12:00:00,18.07,18.97,17.83,18.8,2541244.33,1201457.29
2025-10-21 16:00:00,18.8,18.9,18.07,18.18,1312716.14,613100.83
2025-10-21 20:00:00,18.18,18.22,17.53,17.61,1022508.85,482335.18
2025-10-22 00:00:00,17.6,17.74,17.42,17.63,567004.6,285897.44
2025-10-22 04:00:00,17.63,17.84,17.43,17.62,572695.53,304651.14
2025-10-22 08:00:00,17.62,17.62,17.13,17.41,734985.08,356012.43
2025-10-22 12:00:00,17.41,17.61,17.14,17.47,1087608.23,584228.52
2025-10-22 16:00:00,17.47,17.51,17.1,17.25,700620.59,328582.77
2025-10-22 20:00:00,17.25,17.28,16.71,17.2,1085708.07,475057.14
2025-10-23 00:00:00,17.2,17.37,17.17,17.26,276760.58,142057.01
2025-10-23 04:00:00,17.27,17.68,17.25,17.57,533368.5,291355.79
2025-10-23 08:00:00,17.58,17.71,17.25,17.3,939865.84,401390.45
2025-10-23 12:00:00,17.29,17.55,17.09,17.4,755213.81,397518.02
2025-10-23 16:00:00,17.4,17.79,17.35,17.48,584481.13,258764.11
2025-10-23 20:00:00,17.47,17.47,17.18,17.44,257972.5,127710.49
2025-10-24 00:00:00,17.44,17.48,17.29,17.35,333123.03,135178.99
2025-10-24 04:00:00,17.35,17.74,17.3,17.65,457374.27,217713.95
2025-10-24 08:00:00,17.65,17.82,17.54,17.74,576337.56,275510.07
2025-10-24 12:00:00,17.74,18.1,17.45,17.56,943797.71,489079.2
2025-10-24 16:00:00,17.56,17.85,17.47,17.78,410725.48,207276.58
2025-10-24 20:00:00,17.78,17.99,17.76,17.89,386748.33,167555.37
2025-10-25 00:00:00,17.89,17.97,17.79,17.81,157113.37,67001.45
2025-10-25 04:00:00,17.81,18.02,17.8,17.88,255491.89,129231.88
2025-10-25 08:00:00,17.87,18.04,17.87,18,214400.02,107531.41
2025-10-25 12:00:00,18,18.09,17.94,17.98,289668.66,150209.86
2025-10-25 16:00:00,17.98,18.2,17.95,18.19,185067.58,107760.1
2025-10-25 20:00:00,18.19,18.25,17.98,18.02,233347.18,101345.68
2025-10-26 00:00:00,18.02,18.02,17.69,17.73,459245.38,234256.57
2025-10-26 04:00:00,17.74,17.87,17.72,17.86,400053.05,236220.19
2025-10-26 08:00:00,17.85,18.35,17.85,18.32,567008.2,312746.15
2025-10-26 12:00:00,18.32,18.49,18.22,18.33,552486.51,281310.98
2025-10-26 16:00:00,18.34,18.35,18.08,18.17,570317.23,263953.12
2025-10-26 20:00:00,18.17,18.69,18.06,18.55,816141.32,437300.49
2025-10-27 00:00:00,18.54,19.05,18.49,18.95,793141.35,460032.3
2025-10-27 04:00:00,18.95,19.06,18.69,18.83,655539.48,318881.68
2025-10-27 08:00:00,18.83,18.92,18.37,18.49,623893.89,247522.72
2025-10-27 12:00:00,18.5,18.51,18.17,18.41,561604.09,263996.13
2025-10-27 16:00:00,18.41,18.9,18.41,18.48,717512.11,377048.95
2025-10-27 20:00:00,18.49,18.49,18.08,18.22,592270.97,287716.68
2025-10-28 00:00:00,18.21,18.41,18.07,18.22,391406.13,172211.8
2025-10-28 04:00:00,18.22,18.51,18.02,18.33,396857.31,193100.26
2025-10-28 08:00:00,18.33,18.55,18.29,18.39,388265.74,202347.66
2025-10-28 12:00:00,18.39,18.83,18.07,18.38,1037542.49,509082.52
2025-10-28 16:00:00,18.38,18.66,17.88,17.99,677931.31,282468.36
2025-10-28 20:00:00,18,18,17.43,17.83,1204930.59,573522.17
2025-10-29 00:00:00,17.83,18.01,17.74,17.8,351425.69,175228.29
2025-10-29 04:00:00,17.8,17.99,17.77,17.93,286057.02,146590.97
2025-10-29 08:00:00,17.92,18.16,17.73,18.11,538518.32,239476.58
2025-10-29 12:00:00,18.11,18.32,17.89,18.02,833303.81,333715.59
2025-10-29 16:00:00,18.02,18.52,17.54,18.26,2649953.09,1297633.22
2025-10-29 20:00:00,18.27,18.67,17.98,18.13,757417.79,361498.93
2025-10-30 00:00:00,18.14,18.32,18.01,18.17,460510.49,225727.34
2025-10-30 04:00:00,18.17,18.43,17.47,18.37,1378198.19,689497.93
2025-10-30 08:00:00,18.37,18.39,17.65,17.67,998588.88,487950.33
2025-10-30 12:00:00,17.67,17.72,16.85,16.91,1823701.22,848133.7
2025-10-30 16:00:00,16.91,17.02,16.34,16.4,1004863.01,479716.3
2025-10-30 20:00:00,16.39,16.82,16.32,16.8,733299.7,398924.79
2025-10-31 00:00:00,16.8,17.09,16.73,16.94,1090292.16,653807.6
2025-10-31 04:00:00,16.94,17.31,16.93,17.22,610449.16,303982.98
2025-10-31 08:00:00,17.22,17.35,17.14,17.34,412173.65,198543.37
2025-10-31 12:00:00,17.33,17.46,17.09,17.28,666775.82,331478.76
2025-10-31 16:00:00,17.29,17.37,16.77,17.31,680752.26,306521.42
2025-10-31 20:00:00,17.3,17.36,17.12,17.24,271001.03,114659.77
2025-11-01 00:00:00,17.24,17.33,17.06,17.31,329200.44,173330.18
2025-11-01 04:00:00,17.32,17.34,17.13,17.33,201711.06,98662.08
2025-11-01 08:00:00,17.32,17.44,17.24,17.34,302050.67,149277.52
2025-11-01 12:00:00,17.35,17.42,17.13,17.25,319327.41,130200.9
2025-11-01 16:00:00,17.25,17.34,17.04,17.23,327446.22,151033.64
2025-11-01 20:00:00,17.24,17.32,17.05,17.14,274556.51,94547.28
2025-11-02 00:00:00,17.15,17.21,17.04,17.16,154393.29,91942.41
2025-11-02 04:00:00,17.15,17.6,17.11,17.54,580843.37,266687.89
2025-11-02 08:00:00,17.54,17.64,17.25,17.58,358636.16,167026.52
2025-11-02 12:00:00,17.58,17.59,17.06,17.13,391902.12,174724
2025-11-02 16:00:00,17.13,17.29,16.99,17.05,289388.1,129685.32
2025-11-02 20:00:00,17.06,17.63,16.99,17.58,406944.91,224198.53
2025-11-03 00:00:00,17.59,17.66,16.33,16.36,1134952.19,488216.88
2025-11-03 04:00:00,16.36,16.52,15.87,16.13,1059559.27,598656.27
2025-11-03 08:00:00,16.13,16.24,15.8,16.07,897966.69,435153.68
2025-11-03 12:00:00,16.07,16.34,14.51,15.29,3194893.88,1565329.05
2025-11-03 16:00:00,15.3,15.86,15.24,15.35,1334485.74,584595.76
2025-11-03 20:00:00,15.35,15.43,15.05,15.25,930904.62,376063.05
2025-11-04 00:00:00,15.25,15.51,15.11,15.43,716435.46,378858.89
2025-11-04 04:00:00,15.43,15.51,14.56,14.63,1698691.91,776245.99
2025-11-04 08:00:00,14.64,15.28,14.52,15.06,1399711.29,651530.19
2025-11-04 12:00:00,15.06,15.43,14.67,15.12,1665055.57,672540.89
2025-11-04 16:00:00,15.11,15.24,14.13,14.29,2495012.77,1144961.1
2025-11-04 20:00:00,14.29,14.87,13.69,14.68,2875848.72,1468900.86
2025-11-05 00:00:00,14.69,14.9,13.98,14.85,1689755.74,744910.1
2025-11-05 04:00:00,14.85,15.02,14.75,14.91,553855.49,282251.13
2025-11-05 08:00:00,14.9,14.9,14.54,14.83,564424.99,264019.31
2025-11-05 12:00:00,14.82,15.11,14.74,15.1,841598.27,459398.01
2025-11-05 16:00:00,15.1,15.4,14.91,15.25,893265.74,451004.9
2025-11-05 20:00:00,15.26,15.36,15.05,15.09,1351131.9,646680.05
2025-11-06 00:00:00,15.08,15.21,14.84,15.12,697916,349068.92
2025-11-06 04:00:00,15.13,15.24,14.82,14.91,541505.58,275867.77
2025-11-06 08:00:00,14.9,14.98,14.75,14.94,449684.94,216742.71
2025-11-06 12:00:00,14.93,15.1,14.38,14.46,782853.85,392821.83
2025-11-06 16:00:00,14.47,14.78,14.24,14.74,881631.91,438500.89
2025-11-06 20:00:00,14.74,14.8,14.5,14.74,486341.9,250545.48
2025-11-07 00:00:00,14.74,15.04,14.58,14.96,922672.96,436138.25
2025-11-07 04:00:00,14.96,15.17,14.83,15.16,495927.92,265133.3
2025-11-07 08:00:00,15.17,15.19,14.5,14.68,780830.58,372171.19
2025-11-07 12:00:00,14.68,15.11,14.31,15.03,1233557.99,631374.98
2025-11-07 16:00:00,15.03,16.23,14.95,16.06,1867099.23,997633.97
2025-11-07 20:00:00,16.07,16.18,15.73,15.79,693144.16,312726.74
2025-11-08 00:00:00,15.79,16.03,15.62,15.77,1135220.7,657831.05
2025-11-08 04:00:00,15.77,15.93,15.53,15.72,708227.99,268044.86
2025-11-08 08:00:00,15.72,15.93,15.6,15.68,835493.45,364889.96
2025-11-08 12:00:00,15.69,15.73,15.17,15.22,784313.08,313412.36
2025-11-08 16:00:00,15.22,15.45,15.12,15.37,411627.25,213921.7
2025-11-08 20:00:00,15.36,15.55,15.27,15.51,239573.52,115315.45
2025-11-09 00:00:00,15.52,15.53,15.02,15.1,653669.77,245872.37
2025-11-09 04:00:00,15.1,15.43,15.05,15.37,340487.4,166249.82
2025-11-09 08:00:00,15.37,15.5,15.08,15.44,508248.14,245874.49
2025-11-09 12:00:00,15.43,15.94,15.39,15.82,732645.35,404701.24
2025-11-09 16:00:00,15.83,16.1,15.72,16.09,433964.52,234943.6
2025-11-09 20:00:00,16.1,16.13,15.83,15.93,401384.83,178714.4
2025-11-10 00:00:00,15.92,16.31,15.79,16.24,648364.63,345905.98
2025-11-10 04:00:00,16.24,16.43,16.15,16.36,502295.28,287261.37
2025-11-10 08:00:00,16.37,16.65,16.19,16.51,795083.36,404175.87
2025-11-10 12:00:00,16.52,16.67,15.98,16.08,1747374.74,753666.53
2025-11-10 16:00:00,16.08,16.29,15.93,16.16,482243.95,246058.86
2025-11-10 20:00:00,16.15,16.46,15.96,16.36,572053.94,320358.2
2025-11-11 00:00:00,16.36,16.8,16.17,16.64,917524.4,481025.32
2025-11-11 04:00:00,16.63,16.69,15.99,16,688115.04,254350.91
2025-11-11 08:00:00,15.99,16.23,15.95,16.2,376123.36,176224.91
2025-11-11 12:00:00,16.2,16.3,15.7,15.79,1049514.85,452394.77
2025-11-11 16:00:00,15.8,15.89,15.59,15.64,471244.62,227445.58
2025-11-11 20:00:00,15.63,15.66,15.25,15.28,640944.16,295211.42
2025-11-12 00:00:00,15.28,15.47,15.18,15.4,449231.64,215542.58
2025-11-12 04:00:00,15.39,15.55,15.3,15.33,322962.4,184219.83
2025-11-12 08:00:00,15.34,16.17,15.34,16.11,870315.45,573862.23
2025-11-12 12:00:00,16.11,16.25,15.34,15.38,1229969.14,568510.95
2025-11-12 16:00:00,15.37,15.42,14.92,15.09,1118010,521062.35
2025-11-12 20:00:00,15.08,15.32,15.03,15.15,434084.68,245846.4
2025-11-13 00:00:00,15.15,15.65,15.07,15.54,761053.13,421838.87
2025-11-13 04:00:00,15.53,16.02,15.43,15.88,767460,372983.93
2025-11-13 08:00:00,15.87,15.96,15.64,15.74,464168.95,215818.13
2025-11-13 12:00:00,15.74,15.78,15.24,15.33,953348.79,458951.17
2025-11-13 16:00:00,15.32,15.37,14.2,14.29,1731296.78,842081.66
2025-11-13 20:00:00,14.28,14.73,14.14,14.54,1271924.49,710369.43
2025-11-14 00:00:00,14.55,14.61,14.35,14.43,748713.59,381220.7
2025-11-14 04:00:00,14.44,14.57,13.9,14.45,1658548.28,761679.41
2025-11-14 08:00:00,14.45,14.46,14.12,14.19,1054165.71,432662.04
2025-11-14 12:00:00,14.18,14.46,13.82,14.29,1783938.3,853663.98
2025-11-14 16:00:00,14.3,14.5,14.06,14.3,597675.25,298546.62
2025-11-14 20:00:00,14.3,14.31,13.58,13.81,756213.13,366034.79
2025-11-15 00:00:00,13.81,14.29,13.79,14.21,470950.61,252767.23
2025-11-15 04:00:00,14.21,14.29,14.06,14.08,457541.37,225733.2
2025-11-15 08:00:00,14.08,14.11,13.83,14.01,519422.28,265320.44
2025-11-15 12:00:00,14.01,14.3,13.97,14.17,389437.14,219000.28
2025-11-15 16:00:00,14.17,14.34,14.06,14.21,445717.73,219476.2
2025-11-15 20:00:00,14.21,14.22,13.99,14.14,269205.65,129102.75
2025-11-16 00:00:00,14.14,14.26,13.85,14.18,441700.58,215789.82
2025-11-16 04:00:00,14.19,14.34,14.1,14.34,209900.66,115496.01
2025-11-16 08:00:00,14.34,14.54,14.03,14.06,1191860.87,579269.46
2025-11-16 12:00:00,14.06,14.18,13.76,13.78,1100555.81,466577.19
2025-11-16 16:00:00,13.79,13.89,13.4,13.62,1621765.84,760479.55
2025-11-16 20:00:00,13.63,13.85,13.4,13.73,836096.09,402285.87
2025-11-17 00:00:00,13.73,13.99,13.58,13.98,551363.63,265099.41
2025-11-17 04:00:00,13.99,14.17,13.92,14.12,393537.35,157114.28
2025-11-17 08:00:00,14.13,14.21,14.02,14.17,254197.64,114739.88
2025-11-17 12:00:00,14.17,14.29,13.59,13.71,1810965.5,848208.5
2025-11-17 16:00:00,13.71,13.8,13.09,13.22,1536311.87,732967.83
2025-11-17 20:00:00,13.22,13.36,13.08,13.33,834827.21,396604.28
2025-11-18 00:00:00,13.34,13.52,13.06,13.46,1135776.51,506643.51
2025-11-18 04:00:00,13.45,13.59,13.24,13.39,902308.84,451359.45
2025-11-18 08:00:00,13.39,13.6,13.37,13.49,434780.89,227368.61
2025-11-18 12:00:00,13.49,13.83,13.29,13.71,1354108.84,644280.8
2025-11-18 16:00:00,13.71,14,13.68,13.9,659758.94,321769.05
2025-11-18 20:00:00,13.91,13.96,13.7,13.79,416506.68,217037.06
2025-11-19 00:00:00,13.8,13.83,13.47,13.5,881046.31,361491.69
2025-11-19 04:00:00,13.49,13.55,13.12,13.49,638368.34,316926.32
2025-11-19 08:00:00,13.48,13.56,13.33,13.4,470794.07,222270.1
2025-11-19 12:00:00,13.39,13.51,12.98,13.02,1097862.71,480634.57
2025-11-19 16:00:00,13.02,13.14,12.77,12.89,1415998.7,655465.69
2025-11-19 20:00:00,12.88,13.58,12.85,13.53,771779.12,422952.6
2025-11-20 00:00:00,13.53,13.71,13.46,13.65,486225.52,228286.36
2025-11-20 04:00:00,13.65,13.95,13.58,13.94,777027.4,399144.13
2025-11-20 08:00:00,13.94,14,13.57,13.71,1074484.32,483881.65
2025-11-20 12:00:00,13.71,13.92,13.4,13.42,1442381.56,763321.36
2025-11-20 16:00:00,13.41,13.44,12.77,13,2643873.72,1239143.29
2025-11-20 20:00:00,13,13.34,12.84,12.93,828074.88,354106.22
2025-11-21 00:00:00,12.94,13.22,12.79,12.86,917391.84,434785.21
2025-11-21 04:00:00,12.86,12.93,11.81,12.28,2646950.87,1238044.23
2025-11-21 08:00:00,12.27,12.43,11.85,11.89,2068839.33,890522.77
2025-11-21 12:00:00,11.9,12.33,11.61,11.91,2263575.59,1180183.82
2025-11-21 16:00:00,11.91,12.37,11.72,12.12,1442867.53,671378.77
2025-11-21 20:00:00,12.12,12.25,11.79,12.11,1018805.24,523758.37
2025-11-22 00:00:00,12.12,12.25,12.03,12.11,445708.62,197990.09
2025-11-22 04:00:00,12.11,12.12,11.84,12,829995.17,354290.54
2025-11-22 08:00:00,12,12.03,11.75,11.96,604916.84,294141.21
2025-11-22 12:00:00,11.97,12.01,11.74,11.92,596203.87,286119.4
2025-11-22 16:00:00,11.92,12.1,11.91,12,497146.87,228387.94
2025-11-22 20:00:00,12.01,12.31,11.94,12.17,482932.26,264512.68
2025-11-23 00:00:00,12.17,12.48,12.11,12.47,671466.67,359330.84
2025-11-23 04:00:00,12.47,12.6,12.3,12.37,530991.54,266752.51
2025-11-23 08:00:00,12.37,12.62,12.36,12.51,1468606.55,643171.82
2025-11-23 12:00:00,12.51,12.73,12.49,12.68,704090.69,359282.25
2025-11-23 16:00:00,12.68,12.75,12.45,12.64,508986.41,225801.68
2025-11-23 20:00:00,12.64,12.75,12.49,12.53,449993.7,230854.2
2025-11-24 00:00:00,12.52,12.84,12.35,12.69,840332.33,359431.69
2025-11-24 04:00:00,12.69,12.85,12.47,12.59,607791.04,316445.54
2025-11-24 08:00:00,12.58,12.65,12.35,12.5,407868.2,181749.53
2025-11-24 12:00:00,12.49,12.69,12.3,12.62,773486.88,425558.42
2025-11-24 16:00:00,12.63,13.21,12.61,13,1337538.22,618839.55
2025-11-24 20:00:00,13,13.16,12.95,12.97,529982.6,274793.05
2025-11-25 00:00:00,12.97,13.03,12.87,12.91,525213.27,269975.37
2025-11-25 04:00:00,12.9,13.05,12.8,12.81,415933.66,192866.57
2025-11-25 08:00:00,12.81,12.88,12.66,12.77,511645.53,231065.69
2025-11-25 12:00:00,12.78,12.95,12.55,12.74,869245.38,419344.32
2025-11-25 16:00:00,12.73,13.15,12.73,12.98,1266580.78,581495.1
2025-11-25 20:00:00,12.98,13.22,12.86,13.09,966567.88,408095.44
2025-11-26 00:00:00,13.08,13.17,12.93,12.96,444835.18,215947.31
2025-11-26 04:00:00,12.96,13.08,12.92,13.08,214099.06,121478.12
2025-11-26 08:00:00,13.07,13.09,12.79,12.84,698079.5,342783.39
2025-11-26 12:00:00,12.84,13.01,12.75,12.87,363235.09,178827.75
2025-11-26 16:00:00,12.88,13.51,12.88,13.45,949205.61,521443.35
2025-11-26 20:00:00,13.45,13.5,13.36,13.46,359533.97,187658.5
2025-11-27 00:00:00,13.45,13.57,13.36,13.37,458506.12,220270.76
2025-11-27 04:00:00,13.38,13.46,13.28,13.35,232612.1,85772.06
2025-11-27 08:00:00,13.36,13.44,13.27,13.35,246412.89,113227.34
2025-11-27 12:00:00,13.34,13.48,13.23,13.46,318013.64,139509.59
2025-11-27 16:00:00,13.46,13.54,13.4,13.47,237586.21,112607.79
2025-11-27 20:00:00,13.46,13.52,13.3,13.34,208328.86,91839.7
2025-11-28 00:00:00,13.33,13.39,13.14,13.29,339553.04,146709.39
2025-11-28 04:00:00,13.29,13.34,13.19,13.22,152319.54,74437.96
2025-11-28 08:00:00,13.23,13.55,13.22,13.3,466035.23,242932.09
2025-11-28 12:00:00,13.3,13.53,13.25,13.42,398344.95,189524.03
2025-11-28 16:00:00,13.43,13.43,13.04,13.21,463874.61,219184.19
2025-11-28 20:00:00,13.21,13.22,13.07,13.13,303082.4,147275.01
2025-11-29 00:00:00,13.12,13.21,13.05,13.08,205639.49,110450.35
2025-11-29 04:00:00,13.08,13.16,12.98,13.1,443505.1,260947.9
2025-11-29 08:00:00,13.09,13.17,13.02,13.15,208016.88,96355.12
2025-11-29 12:00:00,13.16,13.22,13.04,13.17,159604.22,89102.28
2025-11-29 16:00:00,13.17,13.18,12.91,13.02,252968.46,113048
2025-11-29 20:00:00,13.03,13.06,12.95,12.99,146363.84,72277.73
2025-11-30 00:00:00,12.99,13.12,12.94,13.11,143968.39,69023.56
2025-11-30 04:00:00,13.11,13.11,12.98,13.05,175941.69,96952.01
2025-11-30 08:00:00,13.05,13.12,12.99,13,207306.56,81473.37
2025-11-30 12:00:00,13.01,13.33,12.97,13.24,442068.3,220752.28
2025-11-30 16:00:00,13.24,13.42,13.24,13.32,235073.79,138676.02
2025-11-30 20:00:00,13.31,13.37,12.93,12.95,296009.63,140570.73
2025-12-01 00:00:00,12.95,12.99,12.1,12.15,1966460.1,1002623.36
2025-12-01 04:00:00,12.15,12.28,12.04,12.2,550785.89,324216.9
2025-12-01 08:00:00,12.2,12.22,12.11,12.11,288723.15,145356.77
2025-12-01 12:00:00,12.12,12.22,11.81,12,1318293.02,628077.69
2025-12-01 16:00:00,12,12,11.74,11.84,828198.25,334637.06
2025-12-01 20:00:00,11.84,12.17,11.84,12.07,569990.62,252559.29
2025-12-02 00:00:00,12.07,12.22,11.98,12.09,404288.97,152358.9
2025-12-02 04:00:00,12.1,12.19,12.07,12.13,359061.9,167826.32
2025-12-02 08:00:00,12.13,12.28,11.99,12.26,458154.94,186433.62
2025-12-02 12:00:00,12.26,13.42,12.19,13.3,1745412.9,932938.58
2025-12-02 16:00:00,13.29,13.5,13.23,13.41,1118981.92,513015.28
2025-12-02 20:00:00,13.42,13.59,13.27,13.47,883755.36,416947.79
2025-12-03 00:00:00,13.47,14.01,13.43,13.95,1208755.87,626916.24
2025-12-03 04:00:00,13.95,14.43,13.91,14.38,1537160.34,793635.7
2025-12-03 08:00:00,14.39,14.6,14.29,14.44,1227441.8,609629.77
2025-12-03 12:00:00,14.44,14.7,14.2,14.4,2174684.94,1018658.16
2025-12-03 16:00:00,14.4,14.57,14.28,14.42,739019.15,359526.56
2025-12-03 20:00:00,14.42,14.75,14.35,14.64,981464.63,566833.56
2025-12-04 00:00:00,14.64,14.93,14.52,14.62,908604.07,442258.77
2025-12-04 04:00:00,14.62,14.64,14.35,14.54,556838.86,274892.69
2025-12-04 08:00:00,14.54,14.79,14.44,14.49,573749.56,272137.7
2025-12-04 12:00:00,14.48,14.59,14.22,14.48,645112.54,305057.29
2025-12-04 16:00:00,14.48,14.55,13.97,14.2,801262.07,299651.21
2025-12-04 20:00:00,14.2,14.38,14.15,14.25,273202.98,140380.06
2025-12-05 00:00:00,14.25,14.4,14.19,14.25,363653.36,169243.15
2025-12-05 04:00:00,14.26,14.31,14.14,14.25,197986.84,107508.49
2025-12-05 08:00:00,14.25,14.33,13.97,14.06,525930.88,252028.57
2025-12-05 12:00:00,14.05,14.17,13.74,13.94,1051413.77,517148.4
2025-12-05 16:00:00,13.95,13.95,13.36,13.56,1046972.44,509445.77
2025-12-05 20:00:00,13.56,13.66,13.47,13.59,294629.51,139685.18
2025-12-06 00:00:00,13.59,13.78,13.49,13.67,247295.74,119895.3
2025-12-06 04:00:00,13.68,13.69,13.52,13.6,210605.56,92335.47
2025-12-06 08:00:00,13.6,13.77,13.5,13.75,262349.88,159605.25
2025-12-06 12:00:00,13.75,13.94,13.64,13.81,531720.23,281775.57
2025-12-06 16:00:00,13.81,14.08,13.8,13.88,373128.74,174882.28
2025-12-06 20:00:00,13.88,14.02,13.85,13.92,228389.08,119102.08
2025-12-07 00:00:00,13.91,14.02,13.88,14.01,162857.61,77934.87
2025-12-07 04:00:00,14.01,14.04,13.86,13.92,149096.9,59803.88
2025-12-07 08:00:00,13.93,13.94,13.74,13.78,224928.61,85394.87
2025-12-07 12:00:00,13.79,13.95,13.17,13.61,1316210.2,638121.3
2025-12-07 16:00:00,13.6,14.18,13.47,14.05,767303.9,380302.68
2025-12-07 20:00:00,14.06,14.12,13.42,13.65,671778.48,325635.82
2025-12-08 00:00:00,13.65,14.05,13.58,13.89,492708.69,256683.26
2025-12-08 04:00:00,13.89,14.07,13.87,14.01,264712.92,124854.33
2025-12-08 08:00:00,14.01,14.29,13.91,13.94,523260.03,257565.8
2025-12-08 12:00:00,13.94,14.1,13.67,13.74,678026.54,348381.76
2025-12-08 16:00:00,13.75,13.9,13.56,13.7,450036.41,213108.78
2025-12-08 20:00:00,13.71,13.92,13.7,13.76,262088.05,121845.08
2025-12-09 00:00:00,13.76,13.86,13.53,13.71,326004.36,143846.29
2025-12-09 04:00:00,13.72,13.85,13.57,13.83,314431.74,166348.44
2025-12-09 08:00:00,13.84,13.87,13.61,13.73,308184.57,133381.81
2025-12-09 12:00:00,13.73,14.44,13.64,14.41,887774.37,478788.44
2025-12-09 16:00:00,14.41,15.01,14.41,14.65,1430971.96,662144.9
2025-12-09 20:00:00,14.65,14.65,14.23,14.41,454957.34,206699.44
2025-12-10 00:00:00,14.41,14.46,14.21,14.22,270750.26,134649.42
2025-12-10 04:00:00,14.22,14.28,14.11,14.18,272815.32,149718.18
2025-12-10 08:00:00,14.18,14.44,14.05,14.18,525576.05,261594.99
2025-12-10 12:00:00,14.18,14.19,13.94,14.03,520844.46,222152.01
2025-12-10 16:00:00,14.03,14.64,13.98,14.49,1363061.99,643983.37
2025-12-10 20:00:00,14.5,14.89,14.06,14.1,1310102.52,642875.74
2025-12-11 00:00:00,14.09,14.14,13.44,13.52,659870.71,268159.67
2025-12-11 04:00:00,13.52,13.69,13.46,13.54,439721.62,223864.15
2025-12-11 08:00:00,13.53,13.63,13.42,13.6,340690.82,154993.25
2025-12-11 12:00:00,13.6,13.72,13.43,13.52,515316.13,252015.47
2025-12-11 16:00:00,13.52,13.86,13.4,13.71,586014.71,287798.71
2025-12-11 20:00:00,13.7,14.21,13.7,14.07,797048.9,444449.27
2025-12-12 00:00:00,14.06,14.18,13.83,14.01,464961.67,217372.1
2025-12-12 04:00:00,14,14.21,13.95,14.06,199405,104382.46
2025-12-12 08:00:00,14.06,14.13,13.93,14.12,264839.17,122981.04
2025-12-12 12:00:00,14.11,14.35,13.44,13.53,872930.29,376146.47
2025-12-12 16:00:00,13.53,13.67,13.27,13.59,778169.97,423075.65
2025-12-12 20:00:00,13.58,13.7,13.54,13.63,192147.13,100780.17
2025-12-13 00:00:00,13.64,13.74,13.6,13.71,125360.77,62590.97
2025-12-13 04:00:00,13.71,13.8,13.69,13.79,182213.83,87795.52
2025-12-13 08:00:00,13.79,13.97,13.78,13.81,334179.37,162033.12
2025-12-13 12:00:00,13.81,13.85,13.65,13.81,236035.16,112675.38
2025-12-13 16:00:00,13.81,13.87,13.69,13.74,131327.02,65908.94
2025-12-13 20:00:00,13.75,13.76,13.62,13.74,129827.39,49633.32
2025-12-14 00:00:00,13.74,13.8,13.7,13.71,109447.34,55908.1
2025-12-14 04:00:00,13.72,13.74,13.62,13.71,112581.81,60744.79
2025-12-14 08:00:00,13.72,13.76,13.44,13.56,300681.68,135455.15
2025-12-14 12:00:00,13.57,13.67,13.42,13.47,247331.95,125459.2
2025-12-14 16:00:00,13.47,13.57,13.34,13.4,247021.75,105186.24
2025-12-14 20:00:00,13.39,13.44,13.09,13.28,427566.06,179252.32
2025-12-15 00:00:00,13.28,13.72,13.26,13.54,345630.82,185653.41
2025-12-15 04:00:00,13.54,13.69,13.47,13.58,233098.99,119731.92
2025-12-15 08:00:00,13.57,13.74,13.55,13.62,235631.96,107913
2025-12-15 12:00:00,13.62,13.7,12.73,12.78,1487680.92,670475.28
2025-12-15 16:00:00,12.79,12.84,12.47,12.75,897938.2,464212.64
2025-12-15 20:00:00,12.75,12.9,12.61,12.85,483749.8,265136.46
2025-12-16 00:00:00,12.86,12.89,12.67,12.75,399346.57,191721.49
2025-12-16 04:00:00,12.75,12.89,12.55,12.69,415572.63,204443.24
2025-12-16 08:00:00,12.7,12.99,12.69,12.96,608599.71,314565
2025-12-16 12:00:00,12.96,13.13,12.69,13.05,1108545.96,530651.66
2025-12-16 16:00:00,13.05,13.06,12.78,12.94,403948.4,206669.42
2025-12-16 20:00:00,12.94,13,12.87,12.93,143208.96,63978.65
2025-12-17 00:00:00,12.93,13,12.76,12.82,276540.23,118938.33
2025-12-17 04:00:00,12.83,12.84,12.64,12.77,259822.31,103094.63
2025-12-17 08:00:00,12.78,12.78,12.58,12.7,209270.3,87410.62
2025-12-17 12:00:00,12.7,13.18,12.49,12.57,1400306.35,708642.18
2025-12-17 16:00:00,12.57,12.66,12.12,12.28,2031992.65,999854.49
2025-12-17 20:00:00,12.28,12.38,12.16,12.27,304835.02,157309.35
2025-12-18 00:00:00,12.26,12.3,12.14,12.2,308581.73,147685.34
2025-12-18 04:00:00,12.19,12.25,12.06,12.18,313848.71,143088.71
2025-12-18 08:00:00,12.18,12.3,12.16,12.29,390651.49,175898.17
2025-12-18 12:00:00,12.29,12.88,12.23,12.63,1339986.95,674014.27
2025-12-18 16:00:00,12.64,12.66,11.74,11.76,1430088.11,622941.55
2025-12-18 20:00:00,11.76,12.07,11.74,11.93,574941.13,311098.71
2025-12-19 00:00:00,11.93,12.35,11.84,12.22,728329.39,384784.19
2025-12-19 04:00:00,12.22,12.51,12.19,12.37,490834.2,270500.21
2025-12-19 08:00:00,12.38,12.46,12.34,12.45,567729.59,307749.6
2025-12-19 12:00:00,12.45,12.76,12.38,12.47,786022.43,386712.62
2025-12-19 16:00:00,12.46,12.7,12.37,12.63,517244.88,242446.34
2025-12-19 20:00:00,12.62,12.67,12.52,12.54,156953.02,85607.98
2025-12-20 00:00:00,12.54,12.58,12.48,12.55,89688.53,46453.39
2025-12-20 04:00:00,12.54,12.63,12.48,12.61,149434.95,84827.3
2025-12-20 08:00:00,12.62,12.72,12.59,12.69,212729.49,104264.04
2025-12-20 12:00:00,12.68,12.7,12.55,12.61,205950.3,98334.12
2025-12-20 16:00:00,12.62,12.65,12.56,12.59,132656.68,63668.85
2025-12-20 20:00:00,12.59,12.65,12.54,12.56,141364.33,65964.34
2025-12-21 00:00:00,12.55,12.6,12.38,12.49,249614.3,97666.05
2025-12-21 04:00:00,12.49,12.56,12.48,12.52,102835.99,56931.66
2025-12-21 08:00:00,12.52,12.71,12.48,12.57,235727.9,130962.66
2025-12-21 12:00:00,12.57,12.64,12.22,12.34,507871.38,256995.74
2025-12-21 16:00:00,12.33,12.44,12.27,12.41,183966.19,107813.43
2025-12-21 20:00:00,12.4,12.49,12.28,12.44,185451.77,82639.5
2025-12-22 00:00:00,12.44,12.71,12.33,12.55,483667.28,263759.84
2025-12-22 04:00:00,12.55,12.65,12.49,12.58,238576.82,129353.22
2025-12-22 08:00:00,12.59,12.74,12.56,12.7,379164.99,200175.58
2025-12-22 12:00:00,12.7,12.95,12.63,12.8,510799.43,239702.59
2025-12-22 16:00:00,12.8,12.86,12.42,12.45,324534.98,154318.98
2025-12-22 20:00:00,12.45,12.67,12.36,12.58,357049.63,192825.84
2025-12-23 00:00:00,12.58,12.7,12.44,12.49,326601.48,171575.56
2025-12-23 04:00:00,12.5,12.53,12.23,12.34,505953.19,260773.96
2025-12-23 08:00:00,12.33,12.41,12.27,12.37,303016.32,199776.2
2025-12-23 12:00:00,12.36,12.36,12.07,12.29,732499.72,393889.68
2025-12-23 16:00:00,12.28,12.45,12.24,12.36,748294.73,333491.1
2025-12-23 20:00:00,12.36,12.52,12.32,12.39,180208.13,103748.79
2025-12-24 00:00:00,12.39,12.44,12.17,12.26,245860.49,109371.5
2025-12-24 04:00:00,12.26,12.32,12.12,12.19,240395.96,111201.72
2025-12-24 08:00:00,12.18,12.25,12.12,12.23,181069.13,102695.71
2025-12-24 12:00:00,12.23,12.28,12.01,12.18,421179.93,193456.98
2025-12-24 16:00:00,12.18,12.28,12.12,12.25,315377.55,130911.52
2025-12-24 20:00:00,12.25,12.38,12.22,12.28,212034.42,90040.79
2025-12-25 00:00:00,12.27,12.37,12.23,12.34,152855.47,77766.52
2025-12-25 04:00:00,12.33,12.36,12.28,12.31,112061.03,59008.76
2025-12-25 08:00:00,12.3,12.36,12.11,12.2,252758.47,114939.62
2025-12-25 12:00:00,12.19,12.43,12.17,12.37,263639.64,141161.1
2025-12-25 16:00:00,12.37,12.43,12.27,12.39,223889.77,89300.43
2025-12-25 20:00:00,12.38,12.4,11.99,12.07,328415.77,153928.21
2025-12-26 00:00:00,12.06,12.54,12.02,12.39,542218.14,276445.07
2025-12-26 04:00:00,12.39,12.48,12.32,12.35,226792.32,115280.67
2025-12-26 08:00:00,12.35,12.46,12.35,12.42,126942.67,58669.09
2025-12-26 12:00:00,12.41,12.51,12.05,12.17,675606.93,316067.05
2025-12-26 16:00:00,12.18,12.26,12.12,12.2,224293.1,107784.78
2025-12-26 20:00:00,12.19,12.26,12.15,12.19,128384.52,72799.16
2025-12-27 00:00:00,12.18,12.27,12.16,12.24,165949.59,86521.89
2025-12-27 04:00:00,12.25,12.28,12.18,12.25,128073.76,56483.87
2025-12-27 08:00:00,12.26,12.3,12.17,12.26,116414.97,47250.77
2025-12-27 12:00:00,12.26,12.35,12.23,12.32,194484.48,110456.72
2025-12-27 16:00:00,12.32,12.35,12.26,12.34,112518.54,57720.53
2025-12-27 20:00:00,12.33,12.55,12.3,12.52,352225.63,207770.06
2025-12-28 00:00:00,12.52,12.55,12.43,12.5,285465.05,151770.14
2025-12-28 04:00:00,12.49,12.52,12.41,12.43,148394.57,71430.38
2025-12-28 08:00:00,12.42,12.51,12.37,12.45,178534.84,94015.78
2025-12-28 12:00:00,12.44,12.57,12.43,12.53,212533.23,110692.97
2025-12-28 16:00:00,12.53,12.6,12.33,12.35,291933.24,133753.2
2025-12-28 20:00:00,12.35,12.5,12.32,12.5,160426.45,83329.45
2025-12-29 00:00:00,12.5,12.99,12.46,12.94,817123.1,454039.63
2025-12-29 04:00:00,12.94,13.03,12.73,12.8,584426.96,291620.42
2025-12-29 08:00:00,12.79,12.84,12.47,12.51,420387.93,196526.65
2025-12-29 12:00:00,12.51,12.51,12.25,12.4,767969.29,359988.83
2025-12-29 16:00:00,12.4,12.45,12.28,12.3,220172.35,121088.43
2025-12-29 20:00:00,12.3,12.37,12.26,12.3,144774.46,70044.56
2025-12-30 00:00:00,12.31,12.42,12.26,12.39,191122.64,92308.41
2025-12-30 04:00:00,12.39,12.42,12.3,12.37,182076.4,99666.59
2025-12-30 08:00:00,12.37,12.56,12.37,12.49,358721.81,190591.19
2025-12-30 12:00:00,12.49,12.61,12.38,12.53,442914.56,195750.57
2025-12-30 16:00:00,12.53,12.59,12.34,12.43,313438.31,166212.65
2025-12-30 20:00:00,12.42,12.44,12.34,12.42,157835.36,81342.13
2025-12-31 00:00:00,12.42,12.47,12.35,12.39,167150.94,78247.81
2025-12-31 04:00:00,12.4,12.44,12.34,12.42,183911.29,102548.75
2025-12-31 08:00:00,12.42,12.49,12.37,12.48,196370.22,102982.9
2025-12-31 12:00:00,12.47,12.55,12.33,12.39,298373.99,147302.58
2025-12-31 16:00:00,12.4,12.42,12.19,12.24,503691.01,269843.93
2025-12-31 20:00:00,12.24,12.32,12.2,12.21,273506.9,141547.49
2026-01-01 00:00:00,12.2,12.28,12.2,12.23,130843.23,62704.41
2026-01-01 04:00:00,12.23,12.29,12.15,12.19,155699.04,82589.14
2026-01-01 08:00:00,12.19,12.31,12.18,12.3,125531.07,59211.15
2026-01-01 12:00:00,12.29,12.44,12.24,12.39,194999.64,99227.53
2026-01-01 16:00:00,12.39,12.53,12.33,12.52,294916.67,179240.29
2026-01-01 20:00:00,12.52,12.64,12.47,12.6,396327.7,231207.69
2026-01-02 00:00:00,12.61,12.94,12.58,12.92,726847.98,405048.91
2026-01-02 04:00:00,12.93,12.99,12.83,12.84,650582.21,312845.27
2026-01-02 08:00:00,12.83,13.15,12.83,12.94,521945.26,257898.62
2026-01-02 12:00:00,12.94,13.19,12.82,13.08,755942.22,364021.08
2026-01-02 16:00:00,13.07,13.36,13.06,13.28,767068.21,341835.25
2026-01-02 20:00:00,13.28,13.43,13.21,13.27,489698.24,211020.87
2026-01-03 00:00:00,13.27,13.37,13.22,13.32,387302.5,150064.09
2026-01-03 04:00:00,13.32,13.33,12.97,13.01,445840.77,150494.84
2026-01-03 08:00:00,13.01,13.15,12.99,13.07,318306.17,103647.48
2026-01-03 12:00:00,13.07,13.18,13.05,13.07,334158.13,124761.38
2026-01-03 16:00:00,13.08,13.23,13.07,13.18,163721.44,84894.68
2026-01-03 20:00:00,13.17,13.27,13.11,13.23,166226.32,86653.96
2026-01-04 00:00:00,13.24,13.39,13.21,13.36,286967.44,154748.87
2026-01-04 04:00:00,13.36,13.46,13.27,13.34,332313.96,177937.72
2026-01-04 08:00:00,13.35,13.45,13.27,13.44,344576.26,202796.92
2026-01-04 12:00:00,13.43,13.57,13.36,13.5,464200.49,235476.77
2026-01-04 16:00:00,13.5,13.58,13.31,13.39,316321.38,141804.48
2026-01-04 20:00:00,13.39,13.5,13.36,13.43,152153.09,72131.85
2026-01-05 00:00:00,13.42,13.88,13.41,13.67,791705.4,448854.45
2026-01-05 04:00:00,13.68,13.7,13.4,13.58,432714.59,191291.86
2026-01-05 08:00:00,13.58,13.62,13.44,13.59,341957.1,161700.67
2026-01-05 12:00:00,13.59,13.75,13.4,13.72,744332.54,314792.06
2026-01-05 16:00:00,13.72,13.88,13.54,13.77,640001.13,277088.52
2026-01-05 20:00:00,13.76,14.13,13.75,13.9,1158763.96,575175.55
2026-01-06 00:00:00,13.91,13.96,13.58,13.79,948303.3,447314.9
2026-01-06 04:00:00,13.8,13.98,13.68,13.73,576005.87,255110.45
2026-01-06 08:00:00,13.72,13.91,13.7,13.89,349984.12,131184.15
2026-01-06 12:00:00,13.9,14.24,13.82,13.99,1136158.21,547639.61
2026-01-06 16:00:00,13.99,14.02,13.47,13.63,1229775.98,553084.53
2026-01-06 20:00:00,13.64,14.07,13.63,14.04,525379.91,220472.89
2026-01-07 00:00:00,14.03,14.04,13.68,13.81,571526.96,188821.78
2026-01-07 04:00:00,13.81,13.89,13.7,13.88,407807.4,156061.42
2026-01-07 08:00:00,13.87,13.94,13.58,13.69,570725.07,256212.03
2026-01-07 12:00:00,13.69,13.73,13.29,13.37,847970.98,365451.36
2026-01-07 16:00:00,13.37,13.5,13.31,13.4,454473.3,225306.69
2026-01-07 20:00:00,13.4,13.47,13.3,13.44,285458.91,123616.49
2026-01-08 00:00:00,13.45,13.56,13.32,13.34,316047.01,145837.32
2026-01-08 04:00:00,13.34,13.48,13.07,13.32,478895.47,212006.01
2026-01-08 08:00:00,13.32,13.37,13.09,13.22,422997.28,182892.67
2026-01-08 12:00:00,13.23,13.31,13.03,13.3,961614.73,468691.37
2026-01-08 16:00:00,13.3,13.35,13.15,13.2,304464.72,127937.15
2026-01-08 20:00:00,13.2,13.34,13.1,13.21,218496.46,113414.07
2026-01-09 00:00:00,13.22,13.38,13.17,13.32,343683.86,179265.38
2026-01-09 04:00:00,13.31,13.33,13.19,13.27,275852.56,120858.5
2026-01-09 08:00:00,13.27,13.3,13.06,13.17,322896.75,134330.82
2026-01-09 12:00:00,13.17,13.44,13.03,13.29,658906.84,308701.25
2026-01-09 16:00:00,13.29,13.45,13.06,13.09,468724.6,200875.18
2026-01-09 20:00:00,13.09,13.19,13.08,13.14,190087.8,103536.83
2026-01-10 00:00:00,13.14,13.17,13.07,13.13,149259.9,70938.97
2026-01-10 04:00:00,13.14,13.18,13.07,13.17,122404.47,72649.71
2026-01-10 08:00:00,13.16,13.23,13.1,13.17,188787.75,94949.17
2026-01-10 12:00:00,13.18,13.26,13.13,13.17,167662.05,83752.44
2026-01-10 16:00:00,13.16,13.22,13.12,13.22,80885.64,46250.12
2026-01-10 20:00:00,13.22,13.24,13.08,13.13,322188.35,163923.95
2026-01-11 00:00:00,13.14,13.25,13.11,13.24,79339.21,46194.84
2026-01-11 04:00:00,13.23,13.28,13.18,13.24,117432.54,54984.17
2026-01-11 08:00:00,13.24,13.25,13.18,13.21,108492.15,52122.59
2026-01-11 12:00:00,13.21,13.3,13.14,13.21,253111.14,162481.88
2026-01-11 16:00:00,13.2,13.37,13.2,13.25,271711.33,152518.42
2026-01-11 20:00:00,13.25,13.26,13.05,13.21,347237.77,168861.55
2026-01-12 00:00:00,13.21,13.52,13.12,13.36,577081.34,295404.92
2026-01-12 04:00:00,13.37,13.46,13.25,13.28,280108.49,119114.66
2026-01-12 08:00:00,13.28,13.33,13.1,13.16,348875.24,166437.34
2026-01-12 12:00:00,13.17,13.26,12.93,13.25,482568.13,217774.19
2026-01-12 16:00:00,13.24,13.33,13.09,13.19,324663.99,146022.19
2026-01-12 20:00:00,13.19,13.24,13,13.08,164386.54,67840.15
2026-01-13 00:00:00,13.08,13.17,13.05,13.12,213447.34,102610.55
2026-01-13 04:00:00,13.11,13.3,13.11,13.19,231303.96,118649.86
2026-01-13 08:00:00,13.2,13.32,13.18,13.27,233184.92,113020.57
2026-01-13 12:00:00,13.26,13.58,13.23,13.58,749517.58,375240.28
2026-01-13 16:00:00,13.58,13.71,13.53,13.69,644905.97,328430.76
2026-01-13 20:00:00,13.69,14.18,13.68,14.06,1219719.13,627152.99
2026-01-14 00:00:00,14.06,14.2,14.02,14.13,453857.9,224058.11
2026-01-14 04:00:00,14.14,14.17,13.94,14.05,509737.88,229031.23
2026-01-14 08:00:00,14.06,14.12,13.85,13.87,366189.37,166113.92
2026-01-14 12:00:00,13.88,14.28,13.86,14.24,659516.29,361543.19
2026-01-14 16:00:00,14.24,14.4,14.04,14.23,967140.07,505456.55
2026-01-14 20:00:00,14.22,14.32,14.08,14.11,437225.61,215811.38
2026-01-15 00:00:00,14.11,14.12,13.73,13.76,537189.48,247544.62
2026-01-15 04:00:00,13.76,13.97,13.75,13.94,268098.61,153659.01
2026-01-15 08:00:00,13.93,14.09,13.86,13.95,347582.37,179070.75
2026-01-15 12:00:00,13.96,14.22,13.72,13.96,916024.82,468366.59
2026-01-15 16:00:00,13.96,14,13.59,13.69,693732.73,346392.65
2026-01-15 20:00:00,13.68,13.8,13.56,13.8,311605.51,170337.66
2026-01-16 00:00:00,13.8,13.87,13.67,13.68,232327.4,104732.57
2026-01-16 04:00:00,13.68,13.82,13.59,13.79,240179.78,123809.96
2026-01-16 08:00:00,13.8,13.86,13.69,13.73,269534.07,111279.99
2026-01-16 12:00:00,13.73,13.79,13.43,13.49,463694.65,197967.51
2026-01-16 16:00:00,13.48,13.67,13.46,13.59,380822.09,183746.64
2026-01-16 20:00:00,13.6,13.75,13.52,13.73,257204.87,141345.46
2026-01-17 00:00:00,13.73,13.75,13.63,13.68,151283.16,73791.4
2026-01-17 04:00:00,13.68,13.74,13.65,13.7,90597.12,37608.77
2026-01-17 08:00:00,13.71,13.79,13.68,13.71,161378.89,76868.55
2026-01-17 12:00:00,13.7,13.89,13.69,13.89,241650.76,132359.42
2026-01-17 16:00:00,13.89,13.9,13.76,13.79,167905.72,69047.44
2026-01-17 20:00:00,13.79,13.82,13.66,13.75,118385.48,64418.91
2026-01-18 00:00:00,13.74,13.78,13.62,13.71,142510.06,67903.41
2026-01-18 04:00:00,13.71,13.77,13.67,13.74,171571.98,94176.72
2026-01-18 08:00:00,13.73,13.83,13.71,13.73,177060.32,88497.28
2026-01-18 12:00:00,13.74,13.83,13.7,13.78,375829.04,228887.48
2026-01-18 16:00:00,13.77,13.88,13.74,13.77,165076.4,91702.16
2026-01-18 20:00:00,13.77,13.87,13.3,13.32,709342.03,422662.91
2026-01-19 00:00:00,13.31,13.32,12.37,12.86,2975445.81,1449238.52
2026-01-19 04:00:00,12.86,12.86,12.72,12.77,457441.73,239523.15
2026-01-19 08:00:00,12.77,12.87,12.74,12.77,372855.05,203911.31
2026-01-19 12:00:00,12.78,12.87,12.73,12.76,332894.38,160232.54
2026-01-19 16:00:00,12.77,12.97,12.75,12.94,197798.53,114233.11
2026-01-19 20:00:00,12.94,13.01,12.78,12.88,283606.43,155620.32
2026-01-20 00:00:00,12.88,12.91,12.8,12.87,146080.91,76739.05
2026-01-20 04:00:00,12.86,12.88,12.61,12.61,357283.68,153021.09
2026-01-20 08:00:00,12.61,12.63,12.48,12.51,458511.19,217640.7
2026-01-20 12:00:00,12.51,12.61,12.34,12.44,677409.8,349910.4
2026-01-20 16:00:00,12.44,12.47,12.18,12.28,481718.76,218941.57
2026-01-20 20:00:00,12.28,12.36,12.03,12.12,442313.07,212820.54
2026-01-21 00:00:00,12.13,12.36,12.1,12.31,346804.56,180158.68
2026-01-21 04:00:00,12.32,12.47,12.29,12.32,163511.51,79418.07
2026-01-21 08:00:00,12.32,12.34,12.17,12.18,324938.57,178819.63
2026-01-21 12:00:00,12.18,12.55,12.06,12.44,705639.64,379951.81
2026-01-21 16:00:00,12.44,12.62,11.89,12.6,958176.36,484291.03
2026-01-21 20:00:00,12.61,12.66,12.36,12.4,446593.08,207888.56
2026-01-22 00:00:00,12.4,12.58,12.4,12.45,562006.63,291770.2
2026-01-22 04:00:00,12.44,12.54,12.4,12.43,253783.24,117807.87
2026-01-22 08:00:00,12.43,12.49,12.37,12.38,184250.05,106983.27
2026-01-22 12:00:00,12.38,12.48,12.12,12.23,429022.51,192362.45
2026-01-22 16:00:00,12.23,12.33,12.19,12.28,245128.02,132240.59
2026-01-22 20:00:00,12.28,12.31,12.2,12.27,139876.6,68472.4
2026-01-23 00:00:00,12.26,12.35,12.22,12.33,121909.74,69634.23
2026-01-23 04:00:00,12.34,12.41,12.25,12.28,178651.08,84257
2026-01-23 08:00:00,12.27,12.3,12.17,12.27,132182.12,70522.02
2026-01-23 12:00:00,12.26,12.28,12.04,12.25,367351.02,166208.39
2026-01-23 16:00:00,12.26,12.5,12.2,12.25,397723.84,184347.28
2026-01-23 20:00:00,12.25,12.28,12.12,12.22,173571.69,74370.23
2026-01-24 00:00:00,12.22,12.28,12.18,12.25,357172.52,180469.26
2026-01-24 04:00:00,12.26,12.28,12.21,12.21,60358.57,28572.1
2026-01-24 08:00:00,12.22,12.25,12.19,12.21,77478.36,32008.4
2026-01-24 12:00:00,12.21,12.24,12.15,12.15,152415.72,72991.77
2026-01-24 16:00:00,12.15,12.24,12.13,12.19,104462.18,40122.07
2026-01-24 20:00:00,12.19,12.26,12.18,12.2,122040.48,59586.12
2026-01-25 00:00:00,12.21,12.22,12.06,12.08,165723.76,76432.67
2026-01-25 04:00:00,12.09,12.13,12.05,12.08,124681,53878.92
2026-01-25 08:00:00,12.09,12.14,12.01,12.08,206116.54,90590.81
2026-01-25 12:00:00,12.08,12.11,11.94,11.97,398501.44,184846.43
2026-01-25 16:00:00,11.97,11.97,11.38,11.44,1484390.15,680548.54
2026-01-25 20:00:00,11.44,11.54,11.36,11.52,562541.35,269424.62
2026-01-26 00:00:00,11.53,11.87,11.51,11.7,467680,203147.47
2026-01-26 04:00:00,11.71,11.88,11.7,11.86,224619.2,114777.55
2026-01-26 08:00:00,11.86,11.96,11.76,11.8,257101.77,122440.45
2026-01-26 12:00:00,11.8,12.13,11.8,11.92,485382.72,271049.58
2026-01-26 16:00:00,11.91,12.03,11.82,11.94,350722.85,164874.77
2026-01-26 20:00:00,11.93,12.04,11.87,11.95,247368.24,139888.55
2026-01-27 00:00:00,11.94,12.06,11.93,12,154198.1,85194.39
2026-01-27 04:00:00,11.99,12.05,11.94,11.99,106784.72,59245.77
2026-01-27 08:00:00,11.98,12.01,11.87,11.9,90487.64,41102.86
2026-01-27 12:00:00,11.91,12.01,11.84,12,214815.83,109145.51
2026-01-27 16:00:00,12,12.19,11.86,11.97,690813.73,309706.42
2026-01-27 20:00:00,11.98,12.16,11.97,12.03,915477.79,494202.26
2026-01-28 00:00:00,12.03,12.07,11.95,11.98,164931.76,85192.94
2026-01-28 04:00:00,11.98,12,11.88,11.94,183570.92,86897.96
2026-01-28 08:00:00,11.94,12.06,11.86,12.05,268274.91,129952.34
2026-01-28 12:00:00,12.04,12.04,11.71,11.77,485289.56,253806.74
2026-01-28 16:00:00,11.77,11.9,11.69,11.85,317064.58,166440.67
2026-01-28 20:00:00,11.85,11.95,11.75,11.84,225351.79,103321.51
2026-01-29 00:00:00,11.85,11.87,11.61,11.64,283955.17,124209.03
2026-01-29 04:00:00,11.64,11.66,11.54,11.63,146343.77,68416.26
2026-01-29 08:00:00,11.62,11.67,11.51,11.54,204084.92,92912.76
2026-01-29 12:00:00,11.55,11.61,10.86,11.04,1296491.05,631299.46
2026-01-29 16:00:00,11.03,11.2,10.83,10.94,1291244.37,653821.09
2026-01-29 20:00:00,10.95,11.14,10.92,11.13,403938.6,190267.23
2026-01-30 00:00:00,11.13,11.17,10.62,10.86,1430318.24,600957.45
2026-01-30 04:00:00,10.86,11,10.65,10.84,517546.89,223457.51
2026-01-30 08:00:00,10.83,10.91,10.73,10.86,526066.9,293239.8
2026-01-30 12:00:00,10.86,10.88,10.6,10.76,812475.9,386469.95
2026-01-30 16:00:00,10.76,11,10.51,10.91,836943.48,416316.78
2026-01-30 20:00:00,10.9,10.9,10.69,10.79,662835.91,342375.82
2026-01-31 00:00:00,10.79,10.84,10.73,10.75,187074.21,98695.81
2026-01-31 04:00:00,10.75,10.79,10.55,10.61,238420.26,128470.61
2026-01-31 08:00:00,10.62,10.64,10.36,10.5,686534.96,322651.72
2026-01-31 12:00:00,10.5,10.51,9.92,10.05,1747160.32,827847.87
2026-01-31 16:00:00,10.05,10.18,8.97,9.66,5888307.17,2754807.38
2026-01-31 20:00:00,9.67,10.04,9.56,9.99,976012.05,542059.77
2026-02-01 00:00:00,9.99,10.08,9.91,10.04,565300.03,273277.37
2026-02-01 04:00:00,10.05,10.08,9.86,9.94,538544.24,261948.75
2026-02-01 08:00:00,9.94,10.03,9.77,9.87,626255.87,301906.47
2026-02-01 12:00:00,9.87,9.91,9.41,9.54,1070707.27,486788.91
2026-02-01 16:00:00,9.53,9.72,9.4,9.53,1436853.92,668238.97
2026-02-01 20:00:00,9.53,9.66,9.22,9.41,1197738.59,582587.9
2026-02-02 00:00:00,9.4,9.64,9.02,9.38,1805118.56,949604.16
2026-02-02 04:00:00,9.38,9.49,9.07,9.4,1907242.1,985134.79
2026-02-02 08:00:00,9.39,9.65,9.38,9.53,915632.41,445782.64
2026-02-02 12:00:00,9.53,10.04,9.53,9.93,1404009.74,646267.25
2026-02-02 16:00:00,9.93,10,9.77,9.79,655894.1,255539.51
2026-02-02 20:00:00,9.79,9.87,9.7,9.81,446868.88,183907.77
2026-02-03 00:00:00,9.8,9.85,9.58,9.77,484588.28,192065.97
2026-02-03 04:00:00,9.78,9.86,9.65,9.73,496743.2,174105.77
2026-02-03 08:00:00,9.73,9.76,9.52,9.58,620604.17,278658.79
2026-02-03 12:00:00,9.59,9.77,9.49,9.75,876797.6,422732.34
2026-02-03 16:00:00,9.75,9.75,9.08,9.48,2082559.17,1032806.55
2026-02-03 20:00:00,9.47,9.9,9.39,9.49,1278993.61,707241.36
2026-02-04 00:00:00,9.49,9.78,9.45,9.73,471926.44,234075.78
2026-02-04 04:00:00,9.73,9.75,9.58,9.67,446227.98,181409.38
2026-02-04 08:00:00,9.68,9.74,9.48,9.58,629601.16,345362.78
2026-02-04 12:00:00,9.59,9.62,9.13,9.22,1227756.31,567793.22
2026-02-04 16:00:00,9.22,9.46,9.02,9.44,1926077.91,1032194.16
2026-02-04 20:00:00,9.44,9.47,9.05,9.25,681113.42,325012.56
2026-02-05 00:00:00,9.26,9.36,9.07,9.1,868683.3,426485.14
2026-02-05 04:00:00,9.1,9.23,8.97,9.05,1149035.19,554556.88
2026-02-05 08:00:00,9.06,9.27,8.8,8.95,1037661.1,513362.08
2026-02-05 12:00:00,8.94,9.07,8.3,8.46,3095259.43,1458059.95
2026-02-05 16:00:00,8.47,8.67,8.22,8.25,2469137.63,1140182.76
2026-02-05 20:00:00,8.25,8.33,7.85,7.92,3928407.78,1926815.67
2026-02-06 00:00:00,7.92,8.24,7.15,8.04,4793428.86,2385555.16
2026-02-06 04:00:00,8.04,8.37,7.99,8.08,1199291.37,534820.9
2026-02-06 08:00:00,8.09,8.36,7.98,8.33,1496446.2,730445.7
2026-02-06 12:00:00,8.32,8.64,8.26,8.58,1376175.3,724026.72
2026-02-06 16:00:00,8.58,9,8.55,8.85,1922692.62,1030674.85
2026-02-06 20:00:00,8.84,9.01,8.76,8.88,940923.95,470959.58
2026-02-07 00:00:00,8.88,8.96,8.78,8.93,614109.01,314266.01
2026-02-07 04:00:00,8.93,9.05,8.59,8.69,1142605.48,490448.36
2026-02-07 08:00:00,8.69,8.74,8.58,8.66,444663.96,184045.62
2026-02-07 12:00:00,8.66,8.94,8.64,8.83,670254.02,357375.99
2026-02-07 16:00:00,8.83,9.04,8.78,8.94,3421970.38,1741683.88
2026-02-07 20:00:00,8.95,9.03,8.85,8.91,345505.65,147861.4
2026-02-08 00:00:00,8.91,8.97,8.82,8.83,284433.9,122533.51
2026-02-08 04:00:00,8.83,8.88,8.78,8.84,218739.12,104170.32
2026-02-08 08:00:00,8.83,9.02,8.8,9.01,627869.72,376947.9
2026-02-08 12:00:00,9.01,9.05,8.84,8.88,558499.74,232102.08
2026-02-08 16:00:00,8.88,8.98,8.72,8.96,420419.09,168573.55
2026-02-08 20:00:00,8.96,9.02,8.75,8.83,426433.65,211824.75
2026-02-09 00:00:00,8.83,8.9,8.72,8.89,529159.11,260130.41
2026-02-09 04:00:00,8.88,8.88,8.72,8.74,212022.09,93644.89
2026-02-09 08:00:00,8.73,8.76,8.44,8.56,617781.08,228206.98
2026-02-09 12:00:00,8.56,8.76,8.52,8.76,543970.3,262896.97
2026-02-09 16:00:00,8.76,9,8.66,8.97,612180.06,336478.59
2026-02-09 20:00:00,8.97,9.02,8.79,8.83,295867.78,144286.85
2026-02-10 00:00:00,8.84,8.89,8.63,8.69,286552.62,111786.59
2026-02-10 04:00:00,8.68,8.73,8.48,8.55,557446.76,314051.71
2026-02-10 08:00:00,8.55,8.63,8.49,8.51,318704.74,168804.37
2026-02-10 12:00:00,8.51,8.67,8.47,8.57,669040.53,351105.52
2026-02-10 16:00:00,8.57,8.65,8.47,8.55,374633.46,191643.33
2026-02-10 20:00:00,8.55,8.59,8.48,8.57,216700.33,104614.22
2026-02-11 00:00:00,8.57,8.62,8.46,8.53,298244.23,152866.34
2026-02-11 04:00:00,8.54,8.55,8.27,8.32,626775.58,322501.56
2026-02-11 08:00:00,8.32,8.33,8.19,8.28,476817.21,216975.99
2026-02-11 12:00:00,8.28,8.57,8.13,8.24,1454151.89,665952.43
2026-02-11 16:00:00,8.24,8.37,8.14,8.32,539113.7,261773.6
2026-02-11 20:00:00,8.31,8.46,8.25,8.33,618339.69,300543.69
2026-02-12 00:00:00,8.32,8.46,8.32,8.43,284430.1,150797.6
2026-02-12 04:00:00,8.42,8.52,8.35,8.45,245799.64,124533.08
2026-02-12 08:00:00,8.46,8.6,8.4,8.56,334881.27,186287.83
2026-02-12 12:00:00,8.56,8.58,8.35,8.36,386404.52,180434.03
2026-02-12 16:00:00,8.36,8.42,8.17,8.31,596122.88,276837.73
2026-02-12 20:00:00,8.31,8.43,8.22,8.41,465257.46,233022.43
2026-02-13 00:00:00,8.41,8.45,8.35,8.43,435881.12,269919.81
2026-02-13 04:00:00,8.43,8.43,8.3,8.38,257545.34,124833.57
2026-02-13 08:00:00,8.38,8.48,8.36,8.44,202150.02,114306.56
2026-02-13 12:00:00,8.43,8.83,8.4,8.71,632416.09,308773.73
2026-02-13 16:00:00,8.71,8.91,8.69,8.8,542747.81,285199.57
2026-02-13 20:00:00,8.81,8.87,8.76,8.77,242050.99,114795.5
2026-02-14 00:00:00,8.76,8.91,8.75,8.84,921416.8,432849.23
2026-02-14 04:00:00,8.85,8.9,8.8,8.89,167893.61,93943.32
2026-02-14 08:00:00,8.89,9.05,8.88,9.04,532765.27,291710.27
2026-02-14 12:00:00,9.05,9.05,8.9,9.03,329941.19,149572.7
2026-02-14 16:00:00,9.04,9.19,8.97,9.17,463514.43,260321.3
2026-02-14 20:00:00,9.17,9.21,9.07,9.09,416176.58,236054.05
2026-02-15 00:00:00,9.1,9.12,8.93,9.07,400319.14,198217.52
2026-02-15 04:00:00,9.06,9.25,9.06,9.2,572493.87,345135.78
2026-02-15 08:00:00,9.21,9.25,9.03,9.05,350505.41,179816.44
2026-02-15 12:00:00,9.05,9.07,8.77,8.87,661430.1,296692.16
2026-02-15 16:00:00,8.86,8.89,8.6,8.65,618192.29,295797.63
2026-02-15 20:00:00,8.64,8.8,8.61,8.79,469883.69,240016.5
2026-02-16 00:00:00,8.79,8.86,8.7,8.76,347166.55,198573.27
2026-02-16 04:00:00,8.76,8.82,8.66,8.76,276693.54,129657.63
2026-02-16 08:00:00,8.77,8.89,8.69,8.79,184351.29,97292.04
2026-02-16 12:00:00,8.79,8.99,8.65,8.71,581855.66,252866
2026-02-16 16:00:00,8.71,8.83,8.71,8.79,220809.78,112120.2
2026-02-16 20:00:00,8.78,8.97,8.76,8.94,286610.18,174027.55
2026-02-17 00:00:00,8.93,9,8.86,8.93,256335.1,154635.54
2026-02-17 04:00:00,8.93,8.96,8.79,8.87,197724.85,94690.64
2026-02-17 08:00:00,8.86,8.9,8.73,8.77,177651.82,87256.12
2026-02-17 12:00:00,8.77,8.91,8.66,8.78,519633.79,277707.9
2026-02-17 16:00:00,8.78,8.95,8.69,8.89,491435.9,231919.38
2026-02-17 20:00:00,8.89,8.9,8.82,8.82,179264.4,99966.48
2026-02-18 00:00:00,8.83,8.91,8.74,8.88,209487.39,101508.75
2026-02-18 04:00:00,8.89,8.94,8.83,8.92,127142.61,64803.11
2026-02-18 08:00:00,8.92,9,8.76,8.77,284622.02,116584.32
2026-02-18 12:00:00,8.76,8.9,8.66,8.81,469587.61,213924.14
2026-02-18 16:00:00,8.81,8.81,8.52,8.57,459373.19,239213.99
2026-02-18 20:00:00,8.57,8.62,8.52,8.6,250486.26,124844.23
2026-02-19 00:00:00,8.6,8.69,8.57,8.67,192840.61,107039.82
2026-02-19 04:00:00,8.67,8.76,8.62,8.7,131309.84,65500.76
2026-02-19 08:00:00,8.7,8.7,8.56,8.57,241134.26,112460.38
2026-02-19 12:00:00,8.57,8.61,8.37,8.44,659011.98,312044.18
2026-02-19 16:00:00,8.44,8.55,8.35,8.51,294450.48,157101.7
2026-02-19 20:00:00,8.51,8.58,8.47,8.58,191988.63,94907.85
2026-02-20 00:00:00,8.58,8.66,8.57,8.61,206756.78,103721.45
2026-02-20 04:00:00,8.6,8.68,8.52,8.66,176403.26,93240.29
2026-02-20 08:00:00,8.65,8.73,8.6,8.63,290180.89,146226.8
2026-02-20 12:00:00,8.62,8.84,8.45,8.83,1159952.94,654050.17
2026-02-20 16:00:00,8.83,8.97,8.69,8.91,940228.74,495020.35
2026-02-20 20:00:00,8.91,9.02,8.88,8.95,350921.42,176513
2026-02-21 00:00:00,8.95,8.99,8.85,8.89,408134.12,109426.05
2026-02-21 04:00:00,8.89,8.92,8.85,8.87,139805.78,56573.05
2026-02-21 08:00:00,8.86,8.98,8.86,8.95,486028.21,326384.35
2026-02-21 12:00:00,8.95,9.05,8.89,8.94,360024.2,202205.19
2026-02-21 16:00:00,8.94,9,8.85,8.94,321467.87,154551.12
2026-02-21 20:00:00,8.93,8.96,8.86,8.87,189104.9,88870.17
2026-02-22 00:00:00,8.87,8.9,8.79,8.85,244786.75,91322.18
2026-02-22 04:00:00,8.84,8.88,8.8,8.85,158577.23,87268.83
2026-02-22 08:00:00,8.86,8.87,8.79,8.84,138886.15,70093.09
2026-02-22 12:00:00,8.84,8.84,8.68,8.72,419857.07,215343.4
2026-02-22 16:00:00,8.72,8.72,8.6,8.65,178811.21,70592.82
2026-02-22 20:00:00,8.64,8.71,8.6,8.69,169380.92,74550.32
2026-02-23 00:00:00,8.69,8.7,8.17,8.25,1952057.33,790863.91
2026-02-23 04:00:00,8.25,8.38,8.18,8.35,367861.15,203209.38
2026-02-23 08:00:00,8.35,8.56,8.31,8.47,381025.43,195081.43
2026-02-23 12:00:00,8.47,8.58,8.4,8.41,504003.53,239997.8
2026-02-23 16:00:00,8.42,8.46,8.18,8.23,766677.45,472969.1
2026-02-23 20:00:00,8.23,8.35,8.2,8.26,335977.96,178202.6
2026-02-24 00:00:00,8.27,8.34,8.11,8.21,676739.09,321807.12
2026-02-24 04:00:00,8.21,8.24,8.12,8.16,476392.44,229046.04
2026-02-24 08:00:00,8.16,8.21,8.1,8.18,258752.1,135559.67
2026-02-24 12:00:00,8.17,8.23,8.05,8.22,443572.5,206178.96
2026-02-24 16:00:00,8.22,8.28,8.18,8.23,361695.75,193074.37
2026-02-24 20:00:00,8.24,8.26,8.16,8.19,372865.55,229833.34
2026-02-25 00:00:00,8.2,8.63,8.18,8.5,887804.41,439448.46
2026-02-25 04:00:00,8.5,8.56,8.35,8.47,409355.97,204725.1
2026-02-25 08:00:00,8.48,8.67,8.43,8.66,471406.32,306929.89
2026-02-25 12:00:00,8.66,9.33,8.64,9.27,1889006.55,1122846.39
2026-02-25 16:00:00,9.28,9.51,9.28,9.47,1259367.76,625571.56
2026-02-25 20:00:00,9.47,9.59,9.18,9.27,765725.1,361394.66
2026-02-26 00:00:00,9.27,9.34,9.15,9.22,499232.61,238626.67
2026-02-26 04:00:00,9.22,9.34,9.19,9.2,535907.08,289837.7
2026-02-26 08:00:00,9.21,9.33,9.17,9.22,482584.18,238332.21
2026-02-26 12:00:00,9.21,9.31,9.02,9.12,775019.72,377913.79
2026-02-26 16:00:00,9.12,9.14,8.86,9.1,860420.56,410327.39
2026-02-26 20:00:00,9.1,9.15,9.04,9.09,215522.87,108401.33
2026-02-27 00:00:00,9.1,9.2,9,9.19,273428.98,156226.46
2026-02-27 04:00:00,9.19,9.3,9.12,9.17,285832.79,144030.51
2026-02-27 08:00:00,9.17,9.24,8.81,8.85,455865.42,217280.09
2026-02-27 12:00:00,8.84,8.87,8.73,8.82,520451.14,236319.9
2026-02-27 16:00:00,8.81,8.82,8.64,8.68,346778.59,179136.36
2026-02-27 20:00:00,8.68,8.74,8.55,8.71,304375.89,161930.15
2026-02-28 00:00:00,8.71,8.76,8.66,8.68,199344.08,102765.41
2026-02-28 04:00:00,8.69,8.7,8.22,8.34,1071717.29,475886.73
2026-02-28 08:00:00,8.35,8.35,8.21,8.27,738250.32,333766.28
2026-02-28 12:00:00,8.28,8.54,8.27,8.44,956357.79,541819.97
2026-02-28 16:00:00,8.43,8.74,8.4,8.69,620870.25,330341.08
2026-02-28 20:00:00,8.69,8.95,8.66,8.85,986335.72,488015.61
2026-03-01 00:00:00,8.85,9.21,8.74,9.06,918486.83,477360.83
2026-03-01 04:00:00,9.05,9.1,8.92,8.97,442379.29,187873.35
2026-03-01 08:00:00,8.98,9,8.84,8.88,362251.81,172463.44
2026-03-01 12:00:00,8.87,9.06,8.78,8.91,561910.29,282362.15
2026-03-01 16:00:00,8.92,8.98,8.68,8.7,724119.9,327300.37
2026-03-01 20:00:00,8.69,8.79,8.54,8.67,548300.12,274715.5
2026-03-02 00:00:00,8.67,8.89,8.66,8.83,368000.11,196880.99
2026-03-02 04:00:00,8.83,8.86,8.61,8.67,369269.51,167092.02
2026-03-02 08:00:00,8.68,8.78,8.59,8.7,426581.75,206214.13
2026-03-02 12:00:00,8.69,9.18,8.59,9.11,1118277.74,540772.18
2026-03-02 16:00:00,9.11,9.27,8.95,9.04,885126.35,379129.94
2026-03-02 20:00:00,9.03,9.12,8.92,8.96,447991,190427.81
2026-03-03 00:00:00,8.95,9.02,8.84,8.88,432814.2,162334.04
2026-03-03 04:00:00,8.89,8.94,8.77,8.8,327821.95,127156.84
2026-03-03 08:00:00,8.79,8.81,8.6,8.68,399986,172322.12
2026-03-03 12:00:00,8.68,8.79,8.56,8.75,538270.86,282262.68
2026-03-03 16:00:00,8.75,8.93,8.7,8.8,475586.8,246896.74
2026-03-03 20:00:00,8.81,8.89,8.68,8.8,270050.42,159407.27
2026-03-04 00:00:00,8.81,8.9,8.68,8.76,528216.64,272780.77
2026-03-04 04:00:00,8.75,8.93,8.69,8.91,415295.65,205844.57
2026-03-04 08:00:00,8.91,9.3,8.89,9.13,1068263.33,511747.11
2026-03-04 12:00:00,9.13,9.51,9.02,9.5,986803.56,526097.22
2026-03-04 16:00:00,9.5,9.64,9.36,9.53,784337.17,367349.01
2026-03-04 20:00:00,9.53,9.57,9.3,9.35,451309.65,194750.57
2026-03-05 00:00:00,9.35,9.4,9.23,9.27,527685.73,222965.56
2026-03-05 04:00:00,9.26,9.36,9.18,9.22,529054.61,253781.8
2026-03-05 08:00:00,9.22,9.47,9.19,9.4,505887.48,282222.08
2026-03-05 12:00:00,9.4,9.49,9.17,9.24,915497.27,425489.36
2026-03-05 16:00:00,9.23,9.28,9.07,9.18,556006.36,250623.69
2026-03-05 20:00:00,9.18,9.33,9.17,9.21,376959.51,216220.18
2026-03-06 00:00:00,9.2,9.3,9.17,9.26,264103.56,141968.06
2026-03-06 04:00:00,9.27,9.3,9.15,9.28,244920.08,140961.95
2026-03-06 08:00:00,9.28,9.28,9.06,9.08,248865.42,112730.2
2026-03-06 12:00:00,9.08,9.14,8.74,8.79,747583.09,333816.2
2026-03-06 16:00:00,8.79,8.83,8.67,8.79,458274.88,250727.27
2026-03-06 20:00:00,8.79,8.83,8.73,8.8,256554.91,151270.98
2026-03-07 00:00:00,8.8,8.86,8.75,8.79,185812.42,97608.43
2026-03-07 04:00:00,8.79,8.82,8.73,8.81,131743.67,67315.73
2026-03-07 08:00:00,8.8,8.83,8.74,8.8,313379.05,114856.95
2026-03-07 12:00:00,8.79,8.82,8.73,8.76,142589.03,69380.15
2026-03-07 16:00:00,8.76,8.81,8.65,8.67,256515.81,112505.03
2026-03-07 20:00:00,8.66,8.72,8.64,8.7,153275.19,78442.65
2026-03-08 00:00:00,8.7,8.72,8.58,8.6,327640.89,148265.08
2026-03-08 04:00:00,8.61,8.67,8.53,8.64,234563.5,113880.1
2026-03-08 08:00:00,8.63,8.78,8.58,8.66,260500.68,136554.69
2026-03-08 12:00:00,8.66,8.68,8.54,8.56,484012.57,238401.54
2026-03-08 16:00:00,8.56,8.67,8.5,8.65,246747.24,120108.5
2026-03-08 20:00:00,8.65,8.7,8.4,8.52,677198.08,303745.46
2026-03-09 00:00:00,8.51,8.8,8.51,8.68,652079.82,284885.3
2026-03-09 04:00:00,8.68,8.87,8.65,8.74,448418.83,224566.64
2026-03-09 08:00:00,8.75,8.86,8.71,8.78,378945.74,178498.74
2026-03-09 12:00:00,8.78,8.97,8.77,8.93,861296.06,487416.18
2026-03-09 16:00:00,8.93,9.1,8.86,9.01,541249.97,258188.75
2026-03-09 20:00:00,9.01,9.04,8.85,8.87,345989.18,167405.04
2026-03-10 00:00:00,8.87,9.08,8.85,8.93,536818.85,305259.21
2026-03-10 04:00:00,8.94,9.09,8.93,9.08,263124.56,138102.6
2026-03-10 08:00:00,9.08,9.17,9.06,9.06,602514.05,370671.54
2026-03-10 12:00:00,9.07,9.19,8.85,9.14,717110.1,370790.95
2026-03-10 16:00:00,9.13,9.18,8.92,8.97,669670.63,348810.67
2026-03-10 20:00:00,8.97,9.01,8.9,8.99,369399.94,177458.84
2026-03-11 00:00:00,8.98,9.01,8.91,8.93,452947.4,225874.94
2026-03-11 04:00:00,8.92,9.04,8.86,8.88,332299.35,160656.21
2026-03-11 08:00:00,8.89,8.97,8.87,8.92,319498.97,158824.87
2026-03-11 12:00:00,8.92,9.18,8.88,9,833465.01,407507.79
2026-03-11 16:00:00,9,9.16,8.97,9.09,618410.64,317054.51
2026-03-11 20:00:00,9.09,9.11,8.98,8.99,314361.61,141290.6
2026-03-12 00:00:00,8.99,9.02,8.83,8.86,353024.1,167531.45
2026-03-12 04:00:00,8.86,8.97,8.84,8.95,293928.75,148914.04
2026-03-12 08:00:00,8.95,9.11,8.92,9.03,508506.39,304173.17
2026-03-12 12:00:00,9.03,9.1,8.89,9.04,700792.73,347512.98
2026-03-12 16:00:00,9.03,9.09,8.96,9.04,368586.8,183234.96
2026-03-12 20:00:00,9.03,9.09,8.97,9.05,393665.93,178276.83
2026-03-13 00:00:00,9.06,9.4,9.03,9.29,1126513.41,570448.21
2026-03-13 04:00:00,9.28,9.3,9.17,9.19,455003.1,229073.15
2026-03-13 08:00:00,9.19,9.33,9.16,9.28,464235.11,228906.43
2026-03-13 12:00:00,9.27,9.6,9.23,9.26,1486805.99,744301.34
2026-03-13 16:00:00,9.26,9.33,9.08,9.15,761989.89,326021.8
2026-03-13 20:00:00,9.15,9.21,9.02,9.08,365695.38,172187.53
2026-03-14 00:00:00,9.08,9.13,9.02,9.11,321333.67,126774.01
2026-03-14 04:00:00,9.12,9.14,8.96,8.98,480808.78,142259.24
2026-03-14 08:00:00,8.97,9.01,8.92,9,365981.02,148309.31
2026-03-14 12:00:00,8.99,9.02,8.96,9.01,235273.59,125928.57
2026-03-14 16:00:00,9.01,9.06,8.98,9.03,164324.88,96129.66
2026-03-14 20:00:00,9.02,9.18,9.01,9.17,309060.38,170617.72
2026-03-15 00:00:00,9.17,9.26,9.11,9.21,497038.12,260491.4
2026-03-15 04:00:00,9.21,9.27,9.18,9.22,320633.22,151105.71
2026-03-15 08:00:00,9.22,9.32,9.21,9.28,347433.76,188694.84
2026-03-15 12:00:00,9.27,9.28,9.13,9.15,375312.14,179511.68
2026-03-15 16:00:00,9.15,9.24,9.12,9.19,290438.53,141238.95
2026-03-15 20:00:00,9.19,9.56,9.17,9.5,1197854.15,631416.61
2026-03-16 00:00:00,9.5,9.81,9.41,9.7,1350870.99,663850.21
2026-03-16 04:00:00,9.7,9.83,9.67,9.69,1704249.57,776919.68
2026-03-16 08:00:00,9.69,9.74,9.56,9.66,734619.81,345439
2026-03-16 12:00:00,9.67,9.83,9.59,9.72,1155585.97,610814.94
2026-03-16 16:00:00,9.72,9.98,9.71,9.93,936157.68,539767.38
2026-03-16 20:00:00,9.93,10.08,9.86,9.92,792562.45,403624.09
2026-03-17 00:00:00,9.92,10.03,9.78,9.83,1046491.68,536106.54
2026-03-17 04:00:00,9.83,9.86,9.68,9.79,483575.49,229795.48
2026-03-17 08:00:00,9.79,9.83,9.73,9.77,516235.19,241038.75
2026-03-17 12:00:00,9.76,9.95,9.71,9.81,858478.17,411653.96
2026-03-17 16:00:00,9.81,9.92,9.79,9.8,471784.6,229721.73
2026-03-17 20:00:00,9.8,9.92,9.76,9.79,445132.61,200248.96
2026-03-18 00:00:00,9.79,9.93,9.75,9.89,298990.81,159942.52
2026-03-18 04:00:00,9.89,9.9,9.77,9.82,286240.06,133403.06
2026-03-18 08:00:00,9.82,9.9,9.52,9.56,660679.98,284733.16
2026-03-18 12:00:00,9.55,9.56,9.12,9.21,1122333.44,531018.98
2026-03-18 16:00:00,9.2,9.31,9.09,9.17,665807.34,336832.46
2026-03-18 20:00:00,9.17,9.27,9.08,9.22,467416.53,238107.06
2026-03-19 00:00:00,9.23,9.34,9.16,9.26,453197.38,243686.47
2026-03-19 04:00:00,9.25,9.26,9.03,9.1,601453.55,285458.52
2026-03-19 08:00:00,9.1,9.17,9.06,9.09,447169.03,221246.91
2026-03-19 12:00:00,9.09,9.1,8.89,8.97,1100379.96,547508.67
2026-03-19 16:00:00,8.97,9.1,8.89,9.03,648305.06,326158.26
2026-03-19 20:00:00,9.03,9.1,9.01,9.04,512064.81,289900.58
2026-03-20 00:00:00,9.05,9.16,9.04,9.12,471322.39,242231.17
2026-03-20 04:00:00,9.12,9.16,9.02,9.12,412234.54,205849.1
2026-03-20 08:00:00,9.12,9.21,9.05,9.08,379202.68,169143.41
2026-03-20 12:00:00,9.08,9.13,8.97,9.03,749801.13,358069.88
2026-03-20 16:00:00,9.03,9.07,8.96,9.04,491481.44,244180.76
2026-03-20 20:00:00,9.04,9.17,8.98,9.12,321657.7,170841.95
2026-03-21 00:00:00,9.11,9.17,9.1,9.13,285392.39,140156.84
2026-03-21 04:00:00,9.13,9.16,9.1,9.13,238225.49,145588.61
2026-03-21 08:00:00,9.12,9.17,9.09,9.11,130259.74,68014.76
2026-03-21 12:00:00,9.11,9.15,9.05,9.11,134009.95,68847.41
2026-03-21 16:00:00,9.11,9.11,9.04,9.08,190875.51,90266.73
2026-03-21 20:00:00,9.07,9.11,8.76,8.82,562257.9,235391.76
2026-03-22 00:00:00,8.82,8.97,8.67,8.91,860144.11,435378.8
2026-03-22 04:00:00,8.9,8.95,8.84,8.84,395760.19,193678.81
2026-03-22 08:00:00,8.84,8.86,8.74,8.76,484644.94,222990.33
2026-03-22 12:00:00,8.75,8.84,8.75,8.79,371467.95,209762.67
2026-03-22 16:00:00,8.79,8.81,8.69,8.7,303545.78,145234.93
2026-03-22 20:00:00,8.71,8.77,8.57,8.68,696848.48,329947.77
2026-03-23 00:00:00,8.69,8.78,8.63,8.7,516037.92,242176.1
2026-03-23 04:00:00,8.71,8.79,8.58,8.65,549873.26,292637.3
2026-03-23 08:00:00,8.65,9.25,8.58,8.97,2136864.19,1103118.87
2026-03-23 12:00:00,8.98,9.29,8.91,9.05,1465065.55,770415.71
2026-03-23 16:00:00,9.05,9.22,8.99,9.13,936235.27,455845.36
2026-03-23 20:00:00,9.13,9.18,9.06,9.11,531620.01,254795.58
2026-03-24 00:00:00,9.1,9.15,9.01,9.09,647337.09,311288.3
2026-03-24 04:00:00,9.09,9.26,9.01,9.24,657064.21,361327.07
2026-03-24 08:00:00,9.24,9.26,9.16,9.25,451248.93,227463.71
2026-03-24 12:00:00,9.25,9.26,9.04,9.11,792024.93,374039.36
2026-03-24 16:00:00,9.12,9.16,9.01,9.05,531785.2,250586.06
2026-03-24 20:00:00,9.05,9.27,9.05,9.25,479348.11,254402.63
2026-03-25 00:00:00,9.25,9.32,9.17,9.24,378183.74,194536.51
2026-03-25 04:00:00,9.25,9.36,9.23,9.28,551804.97,298773.17
2026-03-25 08:00:00,9.29,9.46,9.29,9.41,526658.31,217650.29
2026-03-25 12:00:00,9.42,9.5,9.29,9.37,665971.78,327118.42
2026-03-25 16:00:00,9.36,9.47,9.3,9.35,496827.19,251941.46
2026-03-25 20:00:00,9.35,9.4,9.27,9.37,326272.75,156673.14
2026-03-26 00:00:00,9.37,9.39,9.22,9.26,272028.46,128065.71
2026-03-26 04:00:00,9.26,9.26,9.06,9.1,481896.61,207803.58
2026-03-26 08:00:00,9.11,9.11,8.92,8.95,584692.95,291090.68
2026-03-26 12:00:00,8.95,9.03,8.85,8.94,567970.02,284213.14
2026-03-26 16:00:00,8.94,8.96,8.81,8.83,434502.43,200481.77
2026-03-26 20:00:00,8.84,8.98,8.82,8.91,709049.74,397907.16
2026-03-27 00:00:00,8.92,8.98,8.88,8.91,405351.03,205972.82
2026-03-27 04:00:00,8.91,8.95,8.84,8.9,374094.69,184129.31
2026-03-27 08:00:00,8.9,8.93,8.55,8.6,775075.1,356764.47
2026-03-27 12:00:00,8.59,8.69,8.52,8.61,650887.53,367527.69
2026-03-27 16:00:00,8.61,8.64,8.48,8.54,590324.35,287070.71
2026-03-27 20:00:00,8.54,8.58,8.49,8.57,269470.94,126629.37
2026-03-28 00:00:00,8.57,8.57,8.5,8.52,206840.2,97291.69
2026-03-28 04:00:00,8.52,8.61,8.5,8.6,220678.05,128208.87
2026-03-28 08:00:00,8.61,8.62,8.48,8.55,245673.98,93896.83
2026-03-28 12:00:00,8.55,8.7,8.51,8.64,514764.55,274230.5
2026-03-28 16:00:00,8.64,8.66,8.58,8.61,223275.31,98805.05
2026-03-28 20:00:00,8.61,8.63,8.37,8.44,689470.67,320009.03
2026-03-29 00:00:00,8.43,8.59,8.41,8.54,287119.48,140640.5
2026-03-29 04:00:00,8.55,8.55,8.49,8.52,138795.75,67586.05
2026-03-29 08:00:00,8.52,8.54,8.46,8.51,193041.02,83129.53
2026-03-29 12:00:00,8.5,8.52,8.39,8.43,224615.78,108290.74
2026-03-29 16:00:00,8.43,8.47,8.39,8.42,141201.48,70939.56
2026-03-29 20:00:00,8.41,8.49,8.2,8.42,520273.43,251172.49
2026-03-30 00:00:00,8.42,8.67,8.4,8.63,519029.83,262697.96
2026-03-30 04:00:00,8.63,8.76,8.63,8.75,434180.03,214179.38
2026-03-30 08:00:00,8.75,8.9,8.72,8.86,511623.52,250309.97
2026-03-30 12:00:00,8.86,8.93,8.77,8.83,650398.51,299622.78
2026-03-30 16:00:00,8.83,8.85,8.57,8.63,557292.08,262654.92
2026-03-30 20:00:00,8.62,8.73,8.58,8.62,306785.14,132516.64
2026-03-31 00:00:00,8.63,8.86,8.59,8.74,361385.99,186687.49
2026-03-31 04:00:00,8.74,8.78,8.67,8.71,234992.81,112134.44
2026-03-31 08:00:00,8.71,8.72,8.5,8.62,469168.81,201290.86
2026-03-31 12:00:00,8.62,8.81,8.59,8.63,542360.76,251765.52
2026-03-31 16:00:00,8.63,8.89,8.63,8.77,651488.65,324347.61
2026-03-31 20:00:00,8.78,8.82,8.71,8.78,259704.48,143347.57
2026-04-01 00:00:00,8.78,8.84,8.74,8.82,244683.79,133446.69
2026-04-01 04:00:00,8.83,9.2,8.79,9.06,770131.43,405313.64
2026-04-01 08:00:00,9.06,9.11,8.98,9.02,439094.19,201513.65
2026-04-01 12:00:00,9.03,9.1,8.92,9.01,714838.19,342921.44
2026-04-01 16:00:00,9,9.14,8.95,9.02,420299.68,173701.75
2026-04-01 20:00:00,9.02,9.04,8.92,8.94,532288.67,184469.38
2026-04-02 00:00:00,8.94,9.01,8.52,8.56,1006188.53,414549.02
2026-04-02 04:00:00,8.56,8.58,8.5,8.56,486083.87,237126.76
2026-04-02 08:00:00,8.56,8.57,8.45,8.49,433006.61,169499.47
2026-04-02 12:00:00,8.49,8.64,8.42,8.56,711836.47,388135.22
2026-04-02 16:00:00,8.57,8.66,8.52,8.61,380490.11,208875.46
2026-04-02 20:00:00,8.61,8.66,8.58,8.63,303486.08,145865.98
2026-04-03 00:00:00,8.63,8.68,8.59,8.66,247791.86,133757.27
2026-04-03 04:00:00,8.66,8.77,8.64,8.72,216262.49,93069.82
2026-04-03 08:00:00,8.72,8.75,8.66,8.72,130767.91,67520.95
2026-04-03 12:00:00,8.73,8.81,8.65,8.69,289302.23,141265.15
2026-04-03 16:00:00,8.7,8.73,8.64,8.67,190795.54,78269.91
2026-04-03 20:00:00,8.67,8.72,8.64,8.65,159793.22,73409.55
2026-04-04 00:00:00,8.65,8.66,8.62,8.64,133449.07,65525.86
2026-04-04 04:00:00,8.65,8.69,8.63,8.66,87522.39,50243.17
2026-04-04 08:00:00,8.66,8.68,8.62,8.66,81710.47,42491.52
2026-04-04 12:00:00,8.66,8.71,8.61,8.69,175000.48,107196.94
2026-04-04 16:00:00,8.69,8.78,8.66,8.72,154186.85,79579.04
2026-04-04 20:00:00,8.73,8.73,8.67,8.69,134414.77,64513.69
2026-04-05 00:00:00,8.7,8.7,8.64,8.65,140681.2,55871.13
2026-04-05 04:00:00,8.65,8.66,8.51,8.54,206570.08,84330.25
2026-04-05 08:00:00,8.53,8.58,8.53,8.55,146929.68,80635.86
2026-04-05 12:00:00,8.54,8.68,8.47,8.6,254982.02,130933.08
2026-04-05 16:00:00,8.6,8.65,8.57,8.63,96904.65,50009.29
2026-04-05 20:00:00,8.63,8.87,8.56,8.82,498424.78,259988.26
2026-04-06 00:00:00,8.83,9.03,8.82,8.92,498841.08,232043.32
2026-04-06 04:00:00,8.93,9.01,8.9,8.96,432560.71,230588.58
2026-04-06 08:00:00,8.96,9.15,8.95,9.05,548836.09,271926.98
2026-04-06 12:00:00,9.05,9.09,8.99,9.08,460592.4,216639.16
2026-04-06 16:00:00,9.08,9.11,8.94,8.99,252627.04,129252.2
2026-04-06 20:00:00,8.99,9.02,8.72,8.81,489002.04,198168.79
2026-04-07 00:00:00,8.8,8.85,8.72,8.8,302972.17,153891.99
2026-04-07 04:00:00,8.8,8.83,8.73,8.77,243224.2,120517.63
2026-04-07 08:00:00,8.77,8.9,8.67,8.68,544014.3,280659.27
2026-04-07 12:00:00,8.68,8.71,8.57,8.62,911963.87,389028.9
2026-04-07 16:00:00,8.61,8.76,8.59,8.75,681273.04,274205.19
2026-04-07 20:00:00,8.75,9.42,8.71,9.29,2443149.17,1253014.79
2026-04-08 00:00:00,9.29,9.34,9.17,9.17,1197820.07,572034.05
2026-04-08 04:00:00,9.18,9.28,9.18,9.26,480676.3,260255.89
2026-04-08 08:00:00,9.26,9.27,9.15,9.19,292545.36,125111.26
2026-04-08 12:00:00,9.19,9.27,8.97,9.03,846663.73,413402.95
2026-04-08 16:00:00,9.03,9.12,8.93,8.99,364622.63,178861.71
2026-04-08 20:00:00,8.99,9.04,8.84,8.85,507902.24,244907.13
2026-04-09 00:00:00,8.85,8.86,8.68,8.75,785049.95,378177.2
2026-04-09 04:00:00,8.75,8.8,8.74,8.75,482884.98,277772.8
2026-04-09 08:00:00,8.75,8.8,8.74,8.77,456902.13,221520.55
2026-04-09 12:00:00,8.77,8.98,8.69,8.95,794664.24,446680.87
2026-04-09 16:00:00,8.95,9.04,8.86,9.01,580159.09,296962.61
2026-04-09 20:00:00,9.01,9.19,8.93,8.95,735620.31,391493.59
2026-04-10 00:00:00,8.95,9.01,8.89,8.91,409759.15,196020.98
2026-04-10 04:00:00,8.92,9,8.88,8.9,250539.64,120065.87
2026-04-10 08:00:00,8.9,9.02,8.88,8.99,325661.85,178815.51
2026-04-10 12:00:00,8.99,9.17,8.97,9.05,748013.96,426689.39
2026-04-10 16:00:00,9.06,9.16,9.04,9.16,294342.29,156406.05
2026-04-10 20:00:00,9.16,9.18,9.06,9.09,305369.67,126061.93
2026-04-11 00:00:00,9.09,9.12,9.03,9.05,191010.54,101144.99
2026-04-11 04:00:00,9.06,9.08,8.97,9.01,188631.71,83316.88
2026-04-11 08:00:00,9.01,9.06,8.99,9.01,139342.12,75780.32
2026-04-11 12:00:00,9.01,9.05,8.95,9.03,243078.76,107351.28
2026-04-11 16:00:00,9.03,9.28,9.02,9.27,642202.42,358032.99
2026-04-11 20:00:00,9.27,9.27,9.04,9.06,341860.13,150464.13
2026-04-12 00:00:00,9.06,9.09,8.75,8.8,987481.43,487452.55
2026-04-12 04:00:00,8.8,8.82,8.75,8.79,369450.56,182999.21
2026-04-12 08:00:00,8.8,8.81,8.74,8.79,284846.48,146004.81
2026-04-12 12:00:00,8.78,8.83,8.68,8.72,512891.96,255305.77
2026-04-12 16:00:00,8.72,8.8,8.7,8.77,258870.07,134607.4
2026-04-12 20:00:00,8.76,8.84,8.71,8.73,452977.18,221570.16
2026-04-13 00:00:00,8.73,8.84,8.72,8.77,478124.04,205309.69
2026-04-13 04:00:00,8.78,8.81,8.71,8.72,393338.58,163205.22
2026-04-13 08:00:00,8.72,8.76,8.69,8.74,197991.68,100824.2
2026-04-13 12:00:00,8.73,8.92,8.69,8.82,540984.27,285833.73
2026-04-13 16:00:00,8.82,9.04,8.78,9.02,676383.84,343517.86
2026-04-13 20:00:00,9.02,9.44,8.95,9.36,1494798.78,757533.56
2026-04-14 00:00:00,9.36,9.39,9.17,9.22,693883.25,327904.15
2026-04-14 04:00:00,9.22,9.25,9.14,9.21,775195.11,316419.79
2026-04-14 08:00:00,9.21,9.26,9.16,9.18,454199.83,232459.42
2026-04-14 12:00:00,9.17,9.3,9.06,9.13,799751.86,385376.31
2026-04-14 16:00:00,9.13,9.18,8.93,8.99,559037,269826.64
2026-04-14 20:00:00,8.99,9.05,8.97,9.02,327364.96,172575.41
2026-04-15 00:00:00,9.02,9.12,9.02,9.07,282872.78,145355.95
2026-04-15 04:00:00,9.08,9.12,8.99,9.01,326874.75,157594.21
2026-04-15 08:00:00,9.01,9.16,9,9.14,267321.17,133218.86
2026-04-15 12:00:00,9.15,9.25,9.1,9.17,582828.92,288928.36
2026-04-15 16:00:00,9.16,9.37,9.15,9.32,486419.87,238301.62
2026-04-15 20:00:00,9.33,9.35,9.22,9.26,388472.34,180676.63
2026-04-16 00:00:00,9.26,9.34,9.21,9.28,305054.95,139632.55
2026-04-16 04:00:00,9.27,9.37,9.25,9.29,539450.9,272790.41
2026-04-16 08:00:00,9.3,9.34,9.21,9.28,382497.55,187737.66
2026-04-16 12:00:00,9.29,9.47,9.11,9.46,1206028.57,616855.46
2026-04-16 16:00:00,9.46,9.66,9.31,9.64,1053362.31,572561.33
2026-04-16 20:00:00,9.65,9.68,9.46,9.59,595961.89,307210.76
2026-04-17 00:00:00,9.6,9.62,9.39,9.42,481358.05,214189.28
2026-04-17 04:00:00,9.41,9.48,9.34,9.47,250096.15,134378.9
2026-04-17 08:00:00,9.47,9.61,9.46,9.51,523716.51,252559.38
2026-04-17 12:00:00,9.52,9.87,9.46,9.76,1069913.39,526050.03
2026-04-17 16:00:00,9.76,9.84,9.63,9.67,522343.22,249620.04
2026-04-17 20:00:00,9.67,9.71,9.58,9.62,287904.37,132517.66
2026-04-18 00:00:00,9.61,9.65,9.54,9.56,336402.84,167081.37
2026-04-18 04:00:00,9.56,9.63,9.54,9.6,234710.01,122381.14
2026-04-18 08:00:00,9.61,9.61,9.33,9.41,914663.23,410893.37
2026-04-18 12:00:00,9.4,9.46,9.32,9.38,585432.5,283473.81
2026-04-18 16:00:00,9.39,9.42,9.26,9.29,344481.72,161980.13
2026-04-18 20:00:00,9.29,9.35,9.26,9.28,174008.79,90861.29
2026-04-19 00:00:00,9.29,9.3,9.16,9.23,570519.81,276004.73
2026-04-19 04:00:00,9.22,9.3,9.1,9.17,623526.17,316996.44
2026-04-19 08:00:00,9.17,9.23,9.11,9.21,257971.97,117044.35
2026-04-19 12:00:00,9.21,9.38,9.2,9.29,485428.24,223566.63
2026-04-19 16:00:00,9.29,9.3,9.11,9.18,522556.6,245460.47
2026-04-19 20:00:00,9.18,9.18,9,9.06,502472.65,243272.95
2026-04-20 00:00:00,9.06,9.21,9.05,9.19,289581.79,164099.59
2026-04-20 04:00:00,9.2,9.36,9.1,9.24,417231.99,215991.6
2026-04-20 08:00:00,9.25,9.32,9.15,9.21,646584.5,310870.06
2026-04-20 12:00:00,9.21,9.3,9.14,9.27,435592.3,211998.76
2026-04-20 16:00:00,9.27,9.35,9.2,9.33,330910.82,169351.74
2026-04-20 20:00:00,9.32,9.41,9.26,9.29,358231.8,182003.57
2026-04-21 00:00:00,9.29,9.36,9.24,9.29,235905.4,108130.69
2026-04-21 04:00:00,9.29,9.4,9.27,9.36,271420.55,151473.39
2026-04-21 08:00:00,9.37,9.49,9.34,9.42,332363.77,176790.84
2026-04-21 12:00:00,9.41,9.47,9.34,9.42,665470.77,341341.01
2026-04-21 16:00:00,9.42,9.44,9.24,9.27,489401.83,220660.57
2026-04-21 20:00:00,9.26,9.42,9.26,9.4,482734.34,241062.25
2026-04-22 00:00:00,9.4,9.53,9.37,9.5,492007.22,289797.64
2026-04-22 04:00:00,9.51,9.56,9.47,9.51,452399.13,253635.19
2026-04-22 08:00:00,9.5,9.55,9.47,9.53,224559.56,114900.3
2026-04-22 12:00:00,9.53,9.56,9.46,9.49,552253.08,275182.88
2026-04-22 16:00:00,9.49,9.51,9.37,9.41,293449.33,134823.87
2026-04-22 20:00:00,9.42,9.42,9.28,9.29,274641.43,135999.88
2026-04-23 00:00:00,9.29,9.32,9.14,9.18,502486.21,220641.43
2026-04-23 04:00:00,9.18,9.27,9.16,9.23,236229.3,141152.77
2026-04-23 08:00:00,9.23,9.28,9.16,9.26,349582.23,181776.37
2026-04-23 12:00:00,9.27,9.39,9.24,9.35,352392.33,175158.17
2026-04-23 16:00:00,9.35,9.36,9.15,9.27,655571.75,313186.75
2026-04-23 20:00:00,9.27,9.36,9.27,9.35,207860.22,102550.48
2026-04-24 00:00:00,9.35,9.39,9.25,9.3,295149.96,128931.94
2026-04-24 04:00:00,9.3,9.32,9.24,9.28,148762.91,74230.34
2026-04-24 08:00:00,9.28,9.39,9.25,9.35,196151.72,85761.2
2026-04-24 12:00:00,9.36,9.4,9.29,9.37,233613.03,87060.07
2026-04-24 16:00:00,9.37,9.44,9.32,9.41,181788.5,92716.09
2026-04-24 20:00:00,9.41,9.45,9.36,9.38,174842.05,74133.3
2026-04-25 00:00:00,9.38,9.43,9.35,9.42,174708.35,89351.43
2026-04-25 04:00:00,9.43,9.45,9.39,9.41,83853.14,38516.62
2026-04-25 08:00:00,9.4,9.44,9.37,9.4,130297.1,66087.23
2026-04-25 12:00:00,9.4,9.42,9.33,9.35,139181.69,70474.74
2026-04-25 16:00:00,9.35,9.37,9.28,9.3,167836.09,84123.77
2026-04-25 20:00:00,9.31,9.37,9.29,9.34,137286.23,58121.92
2026-04-26 00:00:00,9.35,9.35,9.3,9.32,104627.3,48147.03
2026-04-26 04:00:00,9.32,9.43,9.31,9.43,203355.64,115991.69
2026-04-26 08:00:00,9.43,9.49,9.4,9.47,162049.59,82951
2026-04-26 12:00:00,9.47,9.5,9.42,9.5,242516.16,124958.13
2026-04-26 16:00:00,9.5,9.54,9.43,9.49,255411.15,152326.46
2026-04-26 20:00:00,9.48,9.53,9.42,9.48,278488.96,128795.83
2026-04-27 00:00:00,9.48,9.6,9.44,9.55,420645.28,212957.12
2026-04-27 04:00:00,9.55,9.57,9.3,9.31,428677.88,195248.15
2026-04-27 08:00:00,9.31,9.36,9.3,9.33,160750.42,94084.8
2026-04-27 12:00:00,9.33,9.38,9.15,9.18,498137.46,212810.63
2026-04-27 16:00:00,9.18,9.25,9.16,9.21,233750.55,115698.23
2026-04-27 20:00:00,9.22,9.34,9.21,9.33,184136.84,92442.29
2026-04-28 00:00:00,9.32,9.34,9.24,9.29,225513.9,104130.72
2026-04-28 04:00:00,9.28,9.32,9.2,9.26,191336.2,92282.23
2026-04-28 08:00:00,9.26,9.28,9.18,9.2,97066.15,39893.42
2026-04-28 12:00:00,9.21,9.25,9.15,9.23,251210.15,127700.82
2026-04-28 16:00:00,9.22,9.29,9.19,9.28,147251.11,79754.07
2026-04-28 20:00:00,9.28,9.29,9.22,9.24,210543.89,99946.04
2026-04-29 00:00:00,9.24,9.32,9.21,9.3,172093.25,97689.52
2026-04-29 04:00:00,9.31,9.4,9.3,9.32,206977.9,97124.08
2026-04-29 08:00:00,9.32,9.42,9.26,9.36,180336.87,80884
2026-04-29 12:00:00,9.36,9.36,9.08,9.09,453914.75,182386.94
2026-04-29 16:00:00,9.1,9.16,8.91,9.02,606468.71,296306.7
2026-04-29 20:00:00,9.02,9.14,9.01,9.11,265275.28,140275.33
2026-04-30 00:00:00,9.12,9.19,9.06,9.1,280777.53,128447.4
2026-04-30 04:00:00,9.1,9.13,9.02,9.12,254381.24,121085.48
2026-04-30 08:00:00,9.13,9.17,9.09,9.12,166882.14,96141.05
2026-04-30 12:00:00,9.12,9.18,9.08,9.14,257250.21,130369.91
2026-04-30 16:00:00,9.14,9.16,9.09,9.13,128332.42,78779.9
2026-04-30 20:00:00,9.14,9.15,9.08,9.11,117159.69,59816.08
2026-05-01 00:00:00,9.11,9.21,9.1,9.16,151282.76,86074.02
2026-05-01 04:00:00,9.16,9.19,9.13,9.16,92688.42,38693.93
2026-05-01 08:00:00,9.15,9.19,9.11,9.15,104597.04,51654.52
2026-05-01 12:00:00,9.15,9.28,9.14,9.22,425239.45,203284.92
2026-05-01 16:00:00,9.22,9.25,9.17,9.18,260523.16,97280.79
2026-05-01 20:00:00,9.17,9.18,9.06,9.1,271827.2,110652.05
2026-05-02 00:00:00,9.09,9.13,9.08,9.11,177618,69863.38
2026-05-02 04:00:00,9.12,9.12,9.06,9.08,173023.91,58952.68
2026-05-02 08:00:00,9.08,9.11,9.07,9.08,168216.77,74743.34
2026-05-02 12:00:00,9.07,9.21,9.07,9.16,382442.43,210166.79
2026-05-02 16:00:00,9.17,9.18,9.11,9.17,107322.18,47786.63
2026-05-02 20:00:00,9.16,9.25,9.16,9.17,255811.74,154682.41
2026-05-03 00:00:00,9.18,9.19,9.07,9.1,126764.26,58346.66
2026-05-03 04:00:00,9.1,9.14,9.07,9.11,129201.24,55938.89
2026-05-03 08:00:00,9.11,9.2,9.1,9.18,190121.83,93379.75
2026-05-03 12:00:00,9.17,9.21,9.12,9.16,387689.79,179218.43
2026-05-03 16:00:00,9.16,9.18,9.13,9.15,194600.84,94163.12
2026-05-03 20:00:00,9.16,9.22,9.11,9.13,309770.73,153239.81
2026-05-04 00:00:00,9.13,9.36,9.09,9.35,769479.43,374114.87
2026-05-04 04:00:00,9.35,9.4,9.25,9.32,337771.18,177984.04
2026-05-04 08:00:00,9.32,9.66,9.29,9.43,2880561.93,1465987.82
2026-05-04 12:00:00,9.42,9.55,9.34,9.42,1103877.56,585059.42
2026-05-04 16:00:00,9.42,9.51,9.34,9.4,720737.84,348348.91
2026-05-04 20:00:00,9.4,9.43,9.32,9.36,320569.79,168682.4
2026-05-05 00:00:00,9.35,9.55,9.35,9.51,426398.72,249844.23
2026-05-05 04:00:00,9.5,9.64,9.49,9.6,536902.06,275612.74
2026-05-05 08:00:00,9.61,9.74,9.51,9.74,1086275.88,550957.89
2026-05-05 12:00:00,9.74,9.82,9.63,9.73,808060.35,408129.4
2026-05-05 16:00:00,9.73,9.75,9.66,9.73,205157.86,99310.18
2026-05-05 20:00:00,9.73,9.85,9.73,9.76,652839.19,332273.13
2026-05-06 00:00:00,9.76,9.88,9.75,9.87,639996.68,345020.7
2026-05-06 04:00:00,9.87,9.92,9.78,9.88,478709.69,250951.66
2026-05-06 08:00:00,9.87,10.26,9.86,10.19,1948322.07,1048201.76
2026-05-06 12:00:00,10.19,10.22,9.88,10.04,1030148.02,476257.3
2026-05-06 16:00:00,10.03,10.09,9.94,10.01,461245.97,251829.67
2026-05-06 20:00:00,10.02,10.07,9.94,9.99,252394.51,126372.65
2026-05-07 00:00:00,9.99,10.01,9.85,9.86,525105.1,266732.63
2026-05-07 04:00:00,9.86,10.13,9.86,10.12,533203.14,299318.26
2026-05-07 08:00:00,10.11,10.12,9.95,10.03,392732.57,174925.52
2026-05-07 12:00:00,10.03,10.08,9.8,9.86,614045.88,278622.01
2026-05-07 16:00:00,9.86,9.95,9.81,9.89,311704.75,151563.82
2026-05-07 20:00:00,9.89,9.96,9.81,9.85,272513.95,134339.15
2026-05-08 00:00:00,9.85,9.89,9.77,9.86,292486.36,130763.51
2026-05-08 04:00:00,9.86,9.9,9.79,9.9,222354.58,109043.94
2026-05-08 08:00:00,9.9,9.95,9.84,9.93,537713.32,267015.3
2026-05-08 12:00:00,9.94,10.1,9.88,10.1,782767.19,423146.64
2026-05-08 16:00:00,10.1,10.5,10.03,10.37,2079481.38,1023596.59
2026-05-08 20:00:00,10.37,10.4,10.27,10.34,649979.08,328502.59
2026-05-09 00:00:00,10.34,10.61,10.32,10.54,1084922.52,559413.88
2026-05-09 04:00:00,10.54,10.61,10.45,10.47,336111.39,148827.76
2026-05-09 08:00:00,10.46,10.51,10.4,10.47,230657.49,98477.62
2026-05-09 12:00:00,10.46,10.49,10.28,10.34,323570.91,148602.39
2026-05-09 16:00:00,10.33,10.46,10.3,10.45,274646.49,144644.8
2026-05-09 20:00:00,10.45,10.45,10.35,10.37,157401.52,66592.83
2026-05-10 00:00:00,10.38,10.4,10.28,10.35,269319.39,119488.14
2026-05-10 04:00:00,10.36,10.46,10.33,10.42,158603.37,86119.27
2026-05-10 08:00:00,10.42,10.55,10.41,10.48,284917.27,155480.71
2026-05-10 12:00:00,10.48,10.63,10.44,10.63,431772.55,245905.98
2026-05-10 16:00:00,10.63,10.87,10.59,10.83,863271.39,443457.48
2026-05-10 20:00:00,10.83,10.87,10.43,10.72,1081156.38,532446.6
2026-05-11 00:00:00,10.71,10.76,10.43,10.52,745597.79,325223.68
2026-05-11 04:00:00,10.52,10.61,10.46,10.53,405669.38,203441.6
2026-05-11 08:00:00,10.53,10.65,10.51,10.57,362628.16,205182.82
2026-05-11 12:00:00,10.58,10.6,10.4,10.58,725199.88,356105.18
2026-05-11 16:00:00,10.58,10.7,10.53,10.68,499782.5,286138.08
2026-05-11 20:00:00,10.69,10.71,10.54,10.6,317103.39,153373.29
2026-05-12 00:00:00,10.59,10.6,10.39,10.47,438188.85,193673.15
2026-05-12 04:00:00,10.46,10.53,10.39,10.44,245703.32,118603.58
2026-05-12 08:00:00,10.44,10.45,10.23,10.27,729042.79,320853.31
2026-05-12 12:00:00,10.27,10.36,10.09,10.16,1199799.82,537808.68
2026-05-12 16:00:00,10.16,10.33,10.12,10.32,438254.9,258627.58
2026-05-12 20:00:00,10.32,10.36,10.28,10.28,190120.63,104487.8
2026-05-13 00:00:00,10.29,10.48,10.27,10.46,501475.71,309008.08
2026-05-13 04:00:00,10.47,10.59,10.39,10.58,539105.2,303147.55
2026-05-13 08:00:00,10.58,10.81,10.48,10.49,973144.45,523251.62
2026-05-13 12:00:00,10.49,10.52,10.03,10.06,1746907.13,774184.7
2026-05-13 16:00:00,10.07,10.25,10.06,10.17,459495.37,245297.31
2026-05-13 20:00:00,10.17,10.24,10.12,10.21,299691.79,166094.95
2026-05-14 00:00:00,10.21,10.28,10.09,10.11,448466.96,252356.17
2026-05-14 04:00:00,10.11,10.33,10.09,10.23,488935.47,277771.14
2026-05-14 08:00:00,10.23,10.3,10.18,10.23,521405.3,247513.19
2026-05-14 12:00:00,10.24,10.67,10.2,10.63,1558741.28,852422.95
2026-05-14 16:00:00,10.64,10.77,10.56,10.63,1171838.5,570242.88
2026-05-14 20:00:00,10.63,10.65,10.46,10.48,375360.13,206472.59
2026-05-15 00:00:00,10.48,10.57,10.35,10.41,541307.34,214095.68
2026-05-15 04:00:00,10.42,10.42,10.21,10.38,467302.49,236995.93
2026-05-15 08:00:00,10.38,10.38,10.25,10.31,279934.37,131785.01
2026-05-15 12:00:00,10.3,10.32,9.96,10.03,1044021.77,447690.84
2026-05-15 16:00:00,10.03,10.14,10,10.06,231558.34,114436.65
2026-05-15 20:00:00,10.06,10.09,10.02,10.07,156959.31,73899.7
2026-05-16 00:00:00,10.07,10.1,10.04,10.06,149412.93,90924.78
2026-05-16 04:00:00,10.07,10.07,9.73,9.83,530434.66,254015.81
2026-05-16 08:00:00,9.83,9.84,9.61,9.65,809403.62,357564.65
2026-05-16 12:00:00,9.65,9.72,9.62,9.71,652935.48,282308.4
2026-05-16 16:00:00,9.7,9.78,9.7,9.75,249500.74,143797.15
2026-05-16 20:00:00,9.75,9.78,9.7,9.72,203845.49,94513.83
2026-05-17 00:00:00,9.71,9.73,9.63,9.73,307784.53,150337.32
2026-05-17 04:00:00,9.73,9.83,9.72,9.78,199596.14,106572.77
2026-05-17 08:00:00,9.77,9.85,9.75,9.79,217765.79,119422.19
2026-05-17 12:00:00,9.8,9.85,9.65,9.71,732163.02,387103.38
2026-05-17 16:00:00,9.72,9.77,9.65,9.76,209704.59,103003.9
2026-05-17 20:00:00,9.76,9.78,9.34,9.57,898801.38,406326.35
2026-05-18 00:00:00,9.57,9.59,9.45,9.52,528842.77,239674.06
2026-05-18 04:00:00,9.52,9.58,9.42,9.48,381065.19,166281.86
2026-05-18 08:00:00,9.48,9.57,9.4,9.51,397904.05,222955.74
2026-05-18 12:00:00,9.52,9.61,9.34,9.42,675896.41,301102.95
2026-05-18 16:00:00,9.43,9.54,9.31,9.51,601796.45,322997.65
2026-05-18 20:00:00,9.52,9.62,9.47,9.6,305838.32,161211.69
2026-05-19 00:00:00,9.61,9.73,9.58,9.71,467638.13,274408.92
2026-05-19 04:00:00,9.71,9.83,9.66,9.8,375877.29,227961.64
2026-05-19 08:00:00,9.8,9.8,9.53,9.54,410582.21,196726.19
2026-05-19 12:00:00,9.54,9.62,9.43,9.49,407661.1,198065.9
2026-05-19 16:00:00,9.49,9.57,9.45,9.47,242924.2,141955.92
2026-05-19 20:00:00,9.47,9.49,9.43,9.45,166575.04,75669.75
2026-05-20 00:00:00,9.45,9.52,9.38,9.5,425208.66,229058.79
2026-05-20 04:00:00,9.5,9.632,9.46,9.58,296931.11,156406.02
2026-05-20 08:00:00,9.58,9.64,9.523,9.546,252494.9,136603.42
2026-05-20 12:00:00,9.545,9.655,9.483,9.629,576669.2,300872.82
2026-05-20 16:00:00,9.63,9.702,9.561,9.658,561390.36,327168.36
2026-05-20 20:00:00,9.658,9.668,9.568,9.636,263935.28,145223.3
2026-05-21 00:00:00,9.635,9.769,9.629,9.762,723829.36,349518.1
2026-05-21 04:00:00,9.761,9.777,9.624,9.694,358109.62,179927.51
2026-05-21 08:00:00,9.694,9.762,9.52,9.55,402828.38,201457.2
2026-05-21 12:00:00,9.55,9.687,9.524,9.648,320462.11,152343.13
2026-05-21 16:00:00,9.649,9.858,9.612,9.801,483762.06,268782
2026-05-21 20:00:00,9.801,9.815,9.699,9.757,238661.45,117154.34
2026-05-22 00:00:00,9.755,9.837,9.712,9.827,248237.87,128708.94
2026-05-22 04:00:00,9.828,9.866,9.754,9.824,320177.16,175684.54
2026-05-22 08:00:00,9.824,9.895,9.764,9.892,362054.73,204946
2026-05-22 12:00:00,9.891,10.034,9.739,9.811,926478.41,414857.1
2026-05-22 16:00:00,9.81,9.859,9.373,9.467,1005362.08,450047.01
2026-05-22 20:00:00,9.467,9.574,9.363,9.42,358115.77,164175.98
2026-05-23 00:00:00,9.42,9.44,9.343,9.407,258399.34,121848.7
2026-05-23 04:00:00,9.407,9.414,9.059,9.13,741142.02,319804.71
2026-05-23 08:00:00,9.128,9.222,9.097,9.186,419875.03,229264.01
2026-05-23 12:00:00,9.185,9.368,9.16,9.319,502276.94,185818.79
2026-05-23 16:00:00,9.318,9.429,9.284,9.405,333708.81,159361.27
2026-05-23 20:00:00,9.406,9.784,9.389,9.565,670809.12,360445.24
2026-05-24 00:00:00,9.566,9.63,9.525,9.539,384997.84,211471.46
2026-05-24 04:00:00,9.54,9.631,9.495,9.559,494647.7,252760.57
2026-05-24 08:00:00,9.56,9.651,9.543,9.596,213121.81,113060.17
2026-05-24 12:00:00,9.596,9.597,9.344,9.431,328568.64,155465.38
2026-05-24 16:00:00,9.431,9.487,9.412,9.432,127705.27,63883.14
2026-05-24 20:00:00,9.432,9.461,9.25,9.431,243759.07,104095.55
2026-05-25 00:00:00,9.431,9.494,9.368,9.392,194730.43,96901.84
2026-05-25 04:00:00,9.393,9.547,9.387,9.521,358121.87,222714.34
2026-05-25 08:00:00,9.522,9.609,9.496,9.533,326530.14,148917.03
2026-05-25 12:00:00,9.533,9.664,9.521,9.602,241207.06,123350.07
2026-05-25 16:00:00,9.603,9.672,9.525,9.553,170125.04,78133.44
2026-05-25 20:00:00,9.552,9.573,9.447,9.506,155895.3,68450.56
2026-05-26 00:00:00,9.506,9.509,9.36,9.413,195111.16,80937
2026-05-26 04:00:00,9.414,9.564,9.407,9.482,259611.75,127646.67
2026-05-26 08:00:00,9.483,9.646,9.461,9.573,513943.19,235851.59
2026-05-26 12:00:00,9.573,9.686,9.405,9.475,573674.41,274729.44
2026-05-26 16:00:00,9.475,9.479,9.341,9.402,495794.46,261613.13
2026-05-26 20:00:00,9.403,9.43,9.349,9.386,135322.13,59342.71
2026-05-27 00:00:00,9.386,9.475,9.385,9.396,212770.98,98033.86
2026-05-27 04:00:00,9.395,9.455,9.285,9.441,213427.7,100861.18
2026-05-27 08:00:00,9.441,9.45,9.334,9.361,445060.97,160132.69
2026-05-27 12:00:00,9.362,9.484,9.271,9.434,556362.79,289050.33
2026-05-27 16:00:00,9.435,9.456,9.222,9.322,287391.69,151364.67
2026-05-27 20:00:00,9.321,9.354,9.099,9.136,455719.5,209933.85
2026-05-28 00:00:00,9.135,9.153,8.884,8.89,643851.5,258861.55
2026-05-28 04:00:00,8.89,8.919,8.762,8.904,686011.25,357845.3
2026-05-28 08:00:00,8.904,8.936,8.845,8.868,298114.23,158607.27
2026-05-28 12:00:00,8.868,8.966,8.792,8.899,850166.84,330247.62
2026-05-28 16:00:00,8.898,9.091,8.864,8.993,347942.26,189441.68
2026-05-28 20:00:00,8.994,9.069,8.962,9.004,207111.61,98229.76
2026-05-29 00:00:00,9.004,9.05,8.939,8.943,142739.2,65844.48
2026-05-29 04:00:00,8.943,9.042,8.91,9.002,168077.89,74060.36
2026-05-29 08:00:00,9.002,9.054,8.92,8.945,194505.96,84212.18
2026-05-29 12:00:00,8.944,9.146,8.795,9.068,603475.99,311701.35
2026-05-29 16:00:00,9.069,9.133,8.923,9.001,438261.96,179583.83
2026-05-29 20:00:00,9.002,9.048,8.949,9.022,257301.15,135046.24
2026-05-30 00:00:00,9.022,9.315,9.019,9.243,684396.02,379806.86
2026-05-30 04:00:00,9.243,9.277,9.087,9.163,396421.05,167730.97
2026-05-30 08:00:00,9.164,9.181,9.115,9.14,151723.28,58875.75
2026-05-30 12:00:00,9.139,9.241,9.129,9.202,192138.88,108251.54
2026-05-30 16:00:00,9.203,9.268,9.19,9.264,174989.21,99930.31
2026-05-30 20:00:00,9.264,9.289,9.161,9.191,210556.77,94076.24
2026-05-31 00:00:00,9.192,9.301,9.184,9.261,216649.71,109476.9
2026-05-31 04:00:00,9.26,9.265,9.175,9.203,264932.95,114763.5
2026-05-31 08:00:00,9.203,9.276,9.159,9.229,209129,98773.17
2026-05-31 12:00:00,9.228,9.266,9.063,9.095,332926.78,132002.48
2026-05-31 16:00:00,9.095,9.112,8.993,9.04,244179.61,102928.61
2026-05-31 20:00:00,9.041,9.223,9.041,9.148,221538.38,105445.15
2026-06-01 00:00:00,9.15,9.214,9.028,9.178,282232.21,131108.47
2026-06-01 04:00:00,9.178,9.198,8.956,8.967,429572.36,208331.23
2026-06-01 08:00:00,8.967,9.05,8.932,9,234708.71,103018.39
2026-06-01 12:00:00,9.001,9.037,8.847,8.914,667015.91,264512.9
2026-06-01 16:00:00,8.913,9.113,8.862,9.082,422480.43,208757.56
2026-06-01 20:00:00,9.083,9.087,8.946,9.057,305885.72,120629.35
2026-06-02 00:00:00,9.058,9.073,8.808,9.018,416970.11,165882.35
2026-06-02 04:00:00,9.017,9.031,8.791,8.847,501896.12,210639.3
2026-06-02 08:00:00,8.848,8.87,8.774,8.817,338281.6,120223.54
2026-06-02 12:00:00,8.817,8.876,8.483,8.569,924388.68,394820.84
2026-06-02 16:00:00,8.569,8.742,8.38,8.525,666512.26,277009.24
2026-06-02 20:00:00,8.525,8.59,8.246,8.374,697231.66,289477.64
2026-06-03 00:00:00,8.374,8.438,8.17,8.229,628821.31,277812.17
2026-06-03 04:00:00,8.229,8.569,8.228,8.547,739216.19,411889.76
2026-06-03 08:00:00,8.547,8.616,8.468,8.538,502009.18,217141.42
2026-06-03 12:00:00,8.538,8.562,8.375,8.38,540183.95,269123.57
2026-06-03 16:00:00,8.381,8.392,8.188,8.212,718113.54,266982.13
2026-06-03 20:00:00,8.212,8.469,8.105,8.334,705293.98,374322.1
2026-06-04 00:00:00,8.334,8.399,7.799,8.295,2122053.21,994889.92
2026-06-04 04:00:00,8.296,8.335,8.064,8.069,669351.6,314733.9
2026-06-04 08:00:00,8.069,8.094,7.807,7.941,1335185.36,559285.61
2026-06-04 12:00:00,7.942,8.132,7.904,8.047,1119337.74,483419.94
2026-06-04 16:00:00,8.048,8.136,7.956,8.061,768297.01,320359.23
2026-06-04 20:00:00,8.061,8.077,7.887,8.018,612670.79,272407.56
2026-06-05 00:00:00,8.017,8.041,7.767,7.789,801088.55,339717.48
2026-06-05 04:00:00,7.79,7.897,7.338,7.629,1748392.75,806568.65
2026-06-05 08:00:00,7.629,7.68,7.502,7.558,836569.15,412019.33
2026-06-05 12:00:00,7.559,7.659,7.242,7.293,1753539.67,854919.01
2026-06-05 16:00:00,7.293,7.513,7.119,7.305,2046428.47,1036977.47
2026-06-05 20:00:00,7.304,7.546,7.218,7.366,983732.26,488040.56
2026-06-06 00:00:00,7.367,7.455,7.247,7.277,609393.85,259218.96
2026-06-06 04:00:00,7.276,7.403,6.996,7.396,1287892.17,584800.64
2026-06-06 08:00:00,7.397,7.469,7.196,7.32,794025.15,372406.24
2026-06-06 12:00:00,7.32,7.438,7.28,7.382,651904.25,325971.74
2026-06-06 16:00:00,7.381,7.418,7.294,7.302,435559.12,221300.81
2026-06-06 20:00:00,7.301,7.408,7.286,7.394,381447.33,186038.32
2026-06-07 00:00:00,7.395,7.61,7.373,7.582,630380.34,357589.88
2026-06-07 04:00:00,7.582,7.727,7.531,7.717,521141.17,311371.56
2026-06-07 08:00:00,7.716,7.849,7.669,7.762,440162.06,249110.44
2026-06-07 12:00:00,7.762,7.797,7.614,7.728,478979.48,221374.75
2026-06-07 16:00:00,7.729,7.78,7.555,7.597,371520.14,198532.61
2026-06-07 20:00:00,7.596,8.035,7.573,7.918,800002.23,410406.02
2026-06-08 00:00:00,7.918,8.02,7.82,7.858,574450.94,278860.88
2026-06-08 04:00:00,7.858,7.936,7.722,7.908,403869.73,203533.93
2026-06-08 08:00:00,7.908,8.007,7.842,7.968,419110.76,223544.63
2026-06-08 12:00:00,7.969,8.112,7.883,8.026,605926.45,324492.19
2026-06-08 16:00:00,8.027,8.078,7.965,8.063,389990.99,176171.68
2026-06-08 20:00:00,8.063,8.128,7.974,7.998,354471.03,171630.29
2026-06-09 00:00:00,7.997,8.017,7.797,7.884,446769.25,198580.96
2026-06-09 04:00:00,7.883,8.028,7.853,7.933,414723.36,230431.12
2026-06-09 08:00:00,7.933,7.937,7.837,7.886,325630.28,148219.92
2026-06-09 12:00:00,7.885,7.954,7.713,7.724,630268.16,289110.61
2026-06-09 16:00:00,7.722,7.9,7.65,7.875,507534.14,242387.81
2026-06-09 20:00:00,7.875,7.93,7.801,7.838,191481.19,100629.79
2026-06-10 00:00:00,7.838,7.876,7.716,7.749,202780.93,99236.82
2026-06-10 04:00:00,7.749,7.809,7.657,7.78,193277.39,96094.32
2026-06-10 08:00:00,7.781,7.782,7.612,7.646,402885.82,187004.54
2026-06-10 12:00:00,7.647,7.901,7.629,7.808,560076.22,290790.4
2026-06-10 16:00:00,7.808,7.825,7.599,7.62,348201.28,154739.16
2026-06-10 20:00:00,7.619,7.637,7.481,7.561,413917.2,191250.84
2026-06-11 00:00:00,7.56,7.833,7.56,7.803,415421.96,224430.23
2026-06-11 04:00:00,7.803,7.822,7.747,7.772,221666.01,112652.38
2026-06-11 08:00:00,7.772,7.881,7.772,7.857,289417.84,156939.24
2026-06-11 12:00:00,7.858,7.859,7.713,7.758,381559.04,179673.98
2026-06-11 16:00:00,7.759,7.988,7.688,7.943,487996.07,259872.72
2026-06-11 20:00:00,7.944,7.958,7.872,7.887,193321.79,103667.02
2026-06-12 00:00:00,7.888,7.935,7.849,7.905,122633.61,62331.5
2026-06-12 04:00:00,7.905,7.934,7.753,7.813,166312.66,70384.64
2026-06-12 08:00:00,7.813,7.942,7.813,7.901,159903.38,78757.03
2026-06-12 12:00:00,7.9,8.011,7.784,7.817,478564.15,222772.11
2026-06-12 16:00:00,7.817,7.922,7.798,7.84,250673.84,134108.55
2026-06-12 20:00:00,7.84,7.876,7.819,7.867,99192.65,42213.08
2026-06-13 00:00:00,7.867,7.949,7.859,7.893,157799.41,72331.98
2026-06-13 04:00:00,7.892,7.971,7.858,7.964,157089.96,81520.99
2026-06-13 08:00:00,7.964,7.993,7.945,7.99,129771.88,74444.68
2026-06-13 12:00:00,7.99,8.044,7.976,8.026,206613.93,117559.3
2026-06-13 16:00:00,8.027,8.029,7.938,7.991,281284.12,125038.95
2026-06-13 20:00:00,7.992,8.05,7.957,7.987,168448.33,102876.09
2026-06-14 00:00:00,7.987,8.009,7.953,7.965,148303.36,71361.21
2026-06-14 04:00:00,7.965,7.967,7.886,7.907,181770.22,85116.8
2026-06-14 08:00:00,7.907,7.951,7.881,7.927,115708.32,56015.19
2026-06-14 12:00:00,7.927,7.932,7.794,7.841,171156.12,81666.1
2026-06-14 16:00:00,7.841,7.876,7.783,7.821,150730.13,64392.65
2026-06-14 20:00:00,7.822,8.184,7.808,8.181,513981.67,280066.7
2026-06-15 00:00:00,8.181,8.219,8.105,8.197,342169.28,177610
2026-06-15 04:00:00,8.197,8.231,8.152,8.183,213208.61,104130.8
2026-06-15 08:00:00,8.184,8.454,8.163,8.307,647007.29,310971.18
2026-06-15 12:00:00,8.307,8.6,8.282,8.561,771496.3,415597.67
2026-06-15 16:00:00,8.561,8.586,8.374,8.41,425343.93,203672.03
2026-06-15 20:00:00,8.41,8.425,8.249,8.3,280055.52,134767.19
2026-06-16 00:00:00,8.299,8.338,8.151,8.254,335425.9,155895.59
2026-06-16 04:00:00,8.252,8.293,8.18,8.285,184196.73,102357.96
2026-06-16 08:00:00,8.285,8.431,8.277,8.333,278562.59,136153.35
2026-06-16 12:00:00,8.334,8.484,8.094,8.197,484588.14,228668.66
2026-06-16 16:00:00,8.198,8.329,8.164,8.258,215979.81,95381.89
2026-06-16 20:00:00,8.258,8.351,8.242,8.277,184963.07,76237.08
2026-06-17 00:00:00,8.277,8.418,8.255,8.353,175212.73,94932.44
2026-06-17 04:00:00,8.354,8.399,8.262,8.293,148906.29,67333.62
2026-06-17 08:00:00,8.293,8.298,8.112,8.157,386095.04,189463.35
2026-06-17 12:00:00,8.157,8.3,8.084,8.293,315575.65,170432.18
2026-06-17 16:00:00,8.292,8.371,8.006,8.037,721646.57,354802.66
2026-06-17 20:00:00,8.036,8.109,7.937,8.092,256396.84,106146.82
2026-06-18 00:00:00,8.093,8.137,8.015,8.03,169718.74,83048.15
2026-06-18 04:00:00,8.031,8.046,7.89,8.031,377207.61,163637.6
2026-06-18 08:00:00,8.032,8.067,7.972,7.989,173641.7,75057.28
2026-06-18 12:00:00,7.99,8.128,7.772,7.788,562860.98,285813.72
2026-06-18 16:00:00,7.787,7.939,7.78,7.92,484369.05,200786.44
2026-06-18 20:00:00,7.92,8.019,7.92,8.016,176484.01,84171.92
2026-06-19 00:00:00,8.015,8.044,7.823,7.881,293129.69,135393.67
2026-06-19 04:00:00,7.882,7.92,7.811,7.847,254425.74,125676.99
2026-06-19 08:00:00,7.848,7.881,7.802,7.813,251428.46,103565.98
2026-06-19 12:00:00,7.814,7.953,7.764,7.906,309455.41,145262.31
2026-06-19 16:00:00,7.907,7.938,7.85,7.881,163602.57,69040.37
2026-06-19 20:00:00,7.881,7.966,7.852,7.95,123623.86,66381.81
2026-06-20 00:00:00,7.949,7.961,7.864,7.894,196824.03,81074.24
2026-06-20 04:00:00,7.895,8.017,7.883,7.963,197640.35,103150.74
2026-06-20 08:00:00,7.964,7.985,7.927,7.939,89872.04,43047.79
2026-06-20 12:00:00,7.939,8.01,7.824,7.968,357473.32,162515.67
2026-06-20 16:00:00,7.969,7.971,7.866,7.901,150718.26,64412.36
2026-06-20 20:00:00,7.902,8.015,7.89,7.987,108425.38,53442.93
2026-06-21 00:00:00,7.989,7.994,7.938,7.971,47760.43,21795.02
2026-06-21 04:00:00,7.972,7.987,7.918,7.95,70514.9,36978.37
2026-06-21 08:00:00,7.95,8.011,7.898,7.935,154988.9,65448.69
2026-06-21 12:00:00,7.936,7.991,7.903,7.988,159437.05,91138.95
2026-06-21 16:00:00,7.987,7.994,7.907,7.955,166224.29,97010.94
2026-06-21 20:00:00,7.955,7.959,7.769,7.783,211775.14,88293.91
2026-06-22 00:00:00,7.784,8.023,7.782,7.87,266033.27,142177.14
2026-06-22 04:00:00,7.87,7.995,7.857,7.965,198383.86,99359.9
2026-06-22 08:00:00,7.966,8.099,7.948,8.087,359278.32,190407.08
2026-06-22 12:00:00,8.088,8.155,7.975,7.987,448891.03,217104.22
2026-06-22 16:00:00,7.988,8,7.886,7.913,375576.28,122216.81
2026-06-22 20:00:00,7.915,7.94,7.821,7.874,163804.5,71956.96
2026-06-23 00:00:00,7.873,7.916,7.828,7.902,168209.91,79323.85
2026-06-23 04:00:00,7.903,7.907,7.633,7.661,402332.81,187873.1
2026-06-23 08:00:00,7.662,7.671,7.479,7.617,445786.98,205741.78
2026-06-23 12:00:00,7.616,7.694,7.545,7.623,746638.84,351788.18
2026-06-23 16:00:00,7.623,7.668,7.547,7.58,240597.79,123904.43
2026-06-23 20:00:00,7.58,7.649,7.574,7.635,134208.95,71112.4
2026-06-24 00:00:00,7.636,7.666,7.552,7.586,459584.7,229186.51
2026-06-24 04:00:00,7.587,7.672,7.533,7.607,196331.4,79907.92
2026-06-24 08:00:00,7.608,7.7,7.538,7.633,402721.78,262375.52
2026-06-24 12:00:00,7.633,7.641,7.365,7.368,681689.42,297790.76
2026-06-24 16:00:00,7.367,7.454,7.123,7.244,953969.27,462790.84
2026-06-24 20:00:00,7.243,7.483,7.234,7.426,373770.52,205771.42
2026-06-25 00:00:00,7.427,7.445,7.385,7.404,162968.6,73415.05
2026-06-25 04:00:00,7.405,7.553,7.382,7.537,292558.31,130761.18
2026-06-25 08:00:00,7.537,7.537,7.425,7.44,180315.78,82004.87
2026-06-25 12:00:00,7.441,7.51,7.01,7.216,1229446.17,599010.68
2026-06-25 16:00:00,7.217,7.286,7.137,7.18,395782.13,190896.66
2026-06-25 20:00:00,7.179,7.301,7.179,7.248,186205.46,90015.73
2026-06-26 00:00:00,7.248,7.266,7.016,7.206,509325.06,261399.05
2026-06-26 04:00:00,7.205,7.342,7.157,7.328,257268.95,114708.6
2026-06-26 08:00:00,7.328,7.336,7.125,7.147,235980.47,101123.04
2026-06-26 12:00:00,7.149,7.36,7.056,7.337,673551.94,371049.59
2026-06-26 16:00:00,7.338,7.402,7.288,7.328,356226.64,172248.95
2026-06-26 20:00:00,7.328,7.389,7.29,7.354,205517.32,105938.18
2026-06-27 00:00:00,7.355,7.417,7.324,7.366,150243.7,80409.02
2026-06-27 04:00:00,7.366,7.405,7.346,7.386,149110.4,75476.71
2026-06-27 08:00:00,7.385,7.388,7.332,7.357,143570.23,56159.52
2026-06-27 12:00:00,7.357,7.478,7.342,7.454,159291.92,82816.64
2026-06-27 16:00:00,7.456,7.469,7.306,7.325,190296.07,85528.89
2026-06-27 20:00:00,7.325,7.347,7.248,7.297,101265.18,43438.38
2026-06-28 00:00:00,7.296,7.318,7.271,7.307,78354.26,35824.86
2026-06-28 04:00:00,7.307,7.31,7.22,7.305,170839.65,62512.97
2026-06-28 08:00:00,7.305,7.358,7.232,7.289,319173.41,116263.56
2026-06-28 12:00:00,7.289,7.332,7.241,7.317,243736.56,162512.45
2026-06-28 16:00:00,7.318,7.322,7.197,7.23,186115.49,91386.97
2026-06-28 20:00:00,7.229,7.295,7.16,7.268,204638.06,90411.67
2026-06-29 00:00:00,7.269,7.367,7.179,7.332,270636.39,140918.92
2026-06-29 04:00:00,7.331,7.353,7.221,7.325,330771.52,145751.01
2026-06-29 08:00:00,7.325,7.364,7.279,7.307,397637.83,158505.77
2026-06-29 12:00:00,7.306,7.413,7.202,7.327,564637.17,280977.54
2026-06-29 16:00:00,7.329,7.501,7.281,7.473,439608.03,209241.06
2026-06-29 20:00:00,7.473,7.476,7.37,7.38,324252.99,161731.58
2026-06-30 00:00:00,7.379,7.397,7.271,7.292,720564.53,340347.71
2026-06-30 04:00:00,7.291,7.325,7.268,7.301,193678.32,84922.72
2026-06-30 08:00:00,7.3,7.305,7.245,7.259,264681.12,115694.3
2026-06-30 12:00:00,7.258,7.271,7.121,7.157,529854.23,215540.53
2026-06-30 16:00:00,7.158,7.236,7.124,7.213,212475.5,106640.45
2026-06-30 20:00:00,7.212,7.217,7.152,7.201,129331.08,60409.85
2026-07-01 00:00:00,7.202,7.308,7.076,7.293,325828.03,161978.33
2026-07-01 04:00:00,7.294,7.338,7.181,7.206,316293.05,132133.65
2026-07-01 08:00:00,7.206,7.268,7.176,7.221,320322.08,147158.16
2026-07-01 12:00:00,7.221,7.462,7.19,7.415,621930.4,307972.11
2026-07-01 16:00:00,7.416,7.448,7.351,7.38,245973.89,129884.41
2026-07-01 20:00:00,7.381,7.539,7.348,7.358,352561.34,178454.73
2026-07-02 00:00:00,7.359,7.549,7.306,7.538,618741.72,359081.53
2026-07-02 04:00:00,7.539,7.542,7.428,7.453,217190.83,115271.19
2026-07-02 08:00:00,7.454,7.667,7.449,7.659,602298.16,323438.52
2026-07-02 12:00:00,7.658,7.944,7.643,7.787,694156.88,332125.48
2026-07-02 16:00:00,7.787,7.821,7.721,7.747,384807.72,180305.26
2026-07-02 20:00:00,7.747,7.761,7.694,7.747,303628.16,139247.98
2026-07-03 00:00:00,7.747,7.835,7.721,7.767,492344.97,236524.59
2026-07-03 04:00:00,7.767,7.81,7.729,7.767,369853.13,145210.81
2026-07-03 08:00:00,7.768,7.881,7.764,7.876,394861.86,167787.45
2026-07-03 12:00:00,7.876,7.896,7.81,7.847,258470.18,102094.83
2026-07-03 16:00:00,7.848,7.976,7.815,7.947,229958.61,121676.85
2026-07-03 20:00:00,7.947,8.04,7.927,7.975,276861.73,133214.53
2026-07-04 00:00:00,7.975,7.992,7.898,7.922,232578.8,138781.49
2026-07-04 04:00:00,7.922,7.979,7.893,7.924,141217.67,70140.66
2026-07-04 08:00:00,7.923,7.948,7.883,7.913,96012,29094.15
2026-07-04 12:00:00,7.913,8.102,7.912,8.088,237472.56,124492.12
2026-07-04 16:00:00,8.088,8.176,8.057,8.077,294934.36,154336.94
2026-07-04 20:00:00,8.077,8.091,7.974,8.006,113771.89,50401.86
2026-07-05 00:00:00,8.006,8.009,7.876,7.893,153574.21,60540.47
2026-07-05 04:00:00,7.894,7.932,7.85,7.925,150652.04,70002.42
2026-07-05 08:00:00,7.926,7.943,7.833,7.89,144428.43,54070.85
2026-07-05 12:00:00,7.889,8.01,7.873,7.966,220113.81,146547.79
2026-07-05 16:00:00,7.965,8.037,7.941,8.019,105228.53,37743.39
2026-07-05 20:00:00,8.019,8.151,7.976,8.063,210059.64,108852.39
2026-07-06 00:00:00,8.063,8.133,7.972,7.998,164516.47,78150.51
2026-07-06 04:00:00,7.997,8.006,7.906,7.953,215347.77,110185.63
2026-07-06 08:00:00,7.952,7.987,7.885,7.925,239921.91,73584.52
2026-07-06 12:00:00,7.925,8.026,7.76,8.021,615723.82,313957.31
2026-07-06 16:00:00,8.022,8.086,7.985,8.003,384328.91,140491.76
2026-07-06 20:00:00,8.003,8.172,7.974,8.021,289358.76,137934.97
2026-07-07 00:00:00,8.022,8.068,7.876,7.887,126362.25,49958.41
2026-07-07 04:00:00,7.886,7.947,7.814,7.908,149218.77,74648.12
2026-07-07 08:00:00,7.91,7.959,7.885,7.927,140529.59,77515.12
2026-07-07 12:00:00,7.926,8.024,7.796,7.999,381990.55,153195.33
2026-07-07 16:00:00,8,8.049,7.861,7.928,188483.74,86614.36
2026-07-07 20:00:00,7.929,7.942,7.803,7.861,128886.91,55231.81
2026-07-08 00:00:00,7.861,7.897,7.666,7.696,327851.12,141900.99
2026-07-08 04:00:00,7.697,7.73,7.65,7.703,148480.69,69538.06
2026-07-08 08:00:00,7.703,7.723,7.546,7.637,368122.11,170522.31
2026-07-08 12:00:00,7.637,7.645,7.522,7.553,254461.4,122007.8
2026-07-08 16:00:00,7.553,7.663,7.545,7.643,147196.89,68847.38
2026-07-08 20:00:00,7.644,7.662,7.593,7.641,107664.99,50846.37
2026-07-09 00:00:00,7.641,7.708,7.57,7.625,209939.65,102462.54
2026-07-09 04:00:00,7.624,7.785,7.614,7.729,176032.18,102162.11
2026-07-09 08:00:00,7.729,7.773,7.705,7.736,190899.61,79014.6
2026-07-09 12:00:00,7.736,7.775,7.677,7.703,226338.56,110180.77
2026-07-09 16:00:00,7.703,7.811,7.674,7.772,144797.23,72763.54
2026-07-09 20:00:00,7.772,7.786,7.724,7.735,67851.58,32897.59
2026-07-10 00:00:00,7.733,7.937,7.709,7.907,259883.02,137922.18
2026-07-10 04:00:00,7.907,7.926,7.876,7.899,104380.14,58176.8
2026-07-10 08:00:00,7.899,8.017,7.896,7.993,211444.68,111197.18
2026-07-10 12:00:00,7.993,8.02,7.854,7.924,279753.4,119402.66
2026-07-10 16:00:00,7.925,7.973,7.888,7.917,147942.3,72331.88
2026-07-10 20:00:00,7.918,7.972,7.896,7.97,160486.97,83755.56
2026-07-11 00:00:00,7.97,8.011,7.94,7.997,109611.52,55158.04
2026-07-11 04:00:00,7.997,8.021,7.972,7.993,99130.93,59147.84
2026-07-11 08:00:00,7.992,8.016,7.973,8.004,92104.32,46435.22
2026-07-11 12:00:00,8.005,8.092,7.998,8.063,244310.47,105967.83
2026-07-11 16:00:00,8.063,8.12,8.038,8.08,175880.45,102442.48
2026-07-11 20:00:00,8.08,8.083,7.908,7.915,192453.36,69118.1
2026-07-12 00:00:00,7.914,8.045,7.861,8.042,147802.25,63966.06
2026-07-12 04:00:00,8.042,8.049,7.928,7.976,136780.97,50976.27
2026-07-12 08:00:00,7.975,8.036,7.972,8.029,86950.9,37206.24
2026-07-12 12:00:00,8.028,8.098,8.013,8.07,110459.45,53539.95
2026-07-12 16:00:00,8.071,8.085,8.021,8.078,232442.14,114754.34
2026-07-12 20:00:00,8.078,8.103,7.947,7.997,168281.86,77015.12
2026-07-13 00:00:00,7.996,8.136,7.869,7.92,372378.24,168543.1
2026-07-13 04:00:00,7.92,7.994,7.885,7.978,135169.09,73628.64
2026-07-13 08:00:00,7.979,8.015,7.933,7.935,107901.96,55738.91
2026-07-13 12:00:00,7.935,7.992,7.853,7.938,273490.57,134293.9
2026-07-13 16:00:00,7.937,7.955,7.795,7.906,291856.02,123352.37
2026-07-13 20:00:00,7.905,7.913,7.798,7.889,130115.31,64361.52
2026-07-14 00:00:00,7.89,7.961,7.866,7.92,90056.04,41360.6
2026-07-14 04:00:00,7.92,7.993,7.916,7.924,117399.07,48060.53
2026-07-14 08:00:00,7.924,7.996,7.898,7.991,106957.06,59198.95
2026-07-14 12:00:00,7.991,8.406,7.951,8.299,987734.31,499764.03
2026-07-14 16:00:00,8.3,8.315,8.201,8.292,364451.45,161347.68
2026-07-14 20:00:00,8.293,8.353,8.251,8.345,165998.41,78341.54
2026-07-15 00:00:00,8.346,8.359,8.268,8.321,198948.94,94126.19
2026-07-15 04:00:00,8.32,8.412,8.311,8.334,192406.94,82841.61
2026-07-15 08:00:00,8.335,8.437,8.328,8.423,579042.02,278863.49
2026-07-15 12:00:00,8.424,8.633,8.402,8.552,656075.98,316979.7
2026-07-15 16:00:00,8.554,8.57,8.424,8.503,271391.79,127714.47
2026-07-15 20:00:00,8.504,8.58,8.492,8.539,159823.57,83035.24
2026-07-16 00:00:00,8.538,8.565,8.451,8.531,214765.49,118114.05
2026-07-16 04:00:00,8.532,8.57,8.465,8.517,248293.2,132111.84
2026-07-16 08:00:00,8.517,8.522,8.399,8.448,317670.81,149000.5
2026-07-16 12:00:00,8.448,8.494,8.373,8.444,335401.07,158870.72
2026-07-16 16:00:00,8.444,8.453,8.356,8.406,328370.79,169603.63
2026-07-16 20:00:00,8.406,8.461,8.304,8.341,293189.74,128649.89
2026-07-17 00:00:00,8.342,8.37,8.256,8.279,248973.33,128302.22
2026-07-17 04:00:00,8.28,8.305,8.154,8.172,288766.22,126882.67
2026-07-17 08:00:00,8.172,8.225,8.133,8.203,400780.95,201560.39
2026-07-17 12:00:00,8.204,8.206,8.006,8.168,513027.02,267030.84
2026-07-17 16:00:00,8.168,8.286,8.144,8.249,311061.07,171016.68
2026-07-17 20:00:00,8.248,8.282,8.217,8.254,139622.6,89708.6
2026-07-18 00:00:00,8.256,8.3,8.237,8.283,156783.05,98181.23
2026-07-18 04:00:00,8.284,8.287,8.237,8.252,62813.97,36586.14
2026-07-18 08:00:00,8.251,8.296,8.211,8.287,137696.97,87552.6
2026-07-18 12:00:00,8.287,8.34,8.252,8.274,316517.83,178780.11
2026-07-18 16:00:00,8.275,8.362,8.261,8.337,152076.13,75562.04
2026-07-18 20:00:00,8.337,8.378,8.328,8.35,115006.37,61729.15
2026-07-19 00:00:00,8.349,8.393,8.331,8.348,65866.41,31434.89
2026-07-19 04:00:00,8.348,8.382,8.33,8.369,52839.06,20173.27
2026-07-19 08:00:00,8.37,8.385,8.324,8.358,87498.49,40669.99
2026-07-19 12:00:00,8.358,8.392,8.319,8.358,102299.47,43326.34
2026-07-19 16:00:00,8.358,8.378,8.287,8.338,93341.58,34591.24
2026-07-19 20:00:00,8.339,8.412,8.32,8.385,115033.13,56322.88
2026-07-20 00:00:00,8.385,8.536,8.365,8.457,250006.1,146722.68
2026-07-20 04:00:00,8.458,8.472,8.289,8.36,166601.79,79844.85
2026-07-20 08:00:00,8.36,8.521,8.303,8.511,166167.21,81582.16
2026-07-20 12:00:00,8.511,8.571,8.31,8.555,365174.12,173121.27
2026-07-20 16:00:00,8.555,8.646,8.506,8.559,315930.1,153865.63
2026-07-20 20:00:00,8.559,8.616,8.523,8.593,121898.7,52372.66
2026-07-21 00:00:00,8.592,8.666,8.567,8.64,217450.19,131017.28
2026-07-21 04:00:00,8.639,8.76,8.625,8.74,444107.56,261007.43
2026-07-21 08:00:00,8.74,8.761,8.686,8.706,278327.26,150464.18
2026-07-21 12:00:00,8.705,8.741,8.65,8.692,227985.53,111447.77
2026-07-21 16:00:00,8.692,8.703,8.595,8.625,196530.63,88168.43
2026-07-21 20:00:00,8.625,8.662,8.602,8.659,109781.57,53356.55
2026-07-22 00:00:00,8.66,8.726,8.654,8.686,128263.15,67519.94
2026-07-22 04:00:00,8.685,8.747,8.575,8.583,210244.98,85322.31
2026-07-22 08:00:00,8.584,8.685,8.579,8.641,142766.19,78585.49
2026-07-22 12:00:00,8.641,8.757,8.575,8.689,252904.18,121942.05
2026-07-22 16:00:00,8.689,8.736,8.585,8.628,254114.48,131883.76
2026-07-22 20:00:00,8.628,8.661,8.585,8.63,137696.5,77405.58
2026-07-23 00:00:00,8.631,8.683,8.586,8.588,110065.16,59379.09
2026-07-23 04:00:00,8.588,8.621,8.526,8.536,132241.33,56509.51
2026-07-23 08:00:00,8.535,8.661,8.524,8.639,134762.8,76815.39
2026-07-23 12:00:00,8.639,8.642,8.414,8.497,284146.56,129023.9
2026-07-23 16:00:00,8.497,8.514,8.433,8.46,182860.95,77820.43
2026-07-23 20:00:00,8.46,8.527,8.446,8.471,81716.49,46219.78
2026-07-24 00:00:00,8.471,8.475,8.4,8.456,205039.11,86003.18
2026-07-24 04:00:00,8.456,8.58,8.419,8.563,127455.36,73428.26
2026-07-24 08:00:00,8.563,8.564,8.43,8.465,104510.66,42420.47
2026-07-24 12:00:00,8.464,8.489,8.292,8.369,269714.06,109632.4
2026-07-24 16:00:00,8.369,8.373,8.312,8.36,97385.21,53817.12
2026-07-24 20:00:00,8.361,8.368,8.298,8.341,75405.62,35034.85
2026-07-25 00:00:00,8.342,8.364,8.317,8.342,109049.54,63225.77
2026-07-25 04:00:00,8.342,8.357,8.292,8.299,53159.85,26930.03
2026-07-25 08:00:00,8.298,8.319,8.267,8.318,103229.7,55295.91
2026-07-25 12:00:00,8.319,8.432,8.312,8.388,242636.94,139655.67
2026-07-25 16:00:00,8.388,8.438,8.376,8.405,69067.37,33205.21
2026-07-25 20:00:00,8.404,8.405,8.361,8.384,51744.57,27381.22
2026-07-26 00:00:00,8.385,8.433,8.379,8.428,49322.74,29514.1
2026-07-26 04:00:00,8.429,8.479,8.402,8.423,89514.76,44359.07
2026-07-26 08:00:00,8.424,8.443,8.404,8.437,52325.84,23250.6
2026-07-26 12:00:00,8.437,8.6,8.424,8.596,184499.3,98056.95
2026-07-26 16:00:00,8.598,8.665,8.561,8.584,227309.62,99589.41
2026-07-26 20:00:00,8.584,8.843,8.571,8.825,542529.43,294838.44
2026-07-27 00:00:00,8.826,8.833,8.723,8.778,253624.07,120573.36
2026-07-27 04:00:00,8.778,8.916,8.761,8.811,247432.96,137629.94
2026-07-27 08:00:00,8.812,8.825,8.749,8.756,168260.59,77744.78
2026-07-27 12:00:00,8.756,8.823,8.511,8.577,475986.13,266644.5
2026-07-27 16:00:00,8.576,8.661,8.555,8.637,220386.44,117825.19
2026-07-27 20:00:00,8.637,8.647,8.348,8.382,473060.19,168151.95
2026-07-28 00:00:00,8.382,8.385,8.28,8.336,177344.26,101871.16
2026-07-28 04:00:00,8.335,8.379,8.303,8.32,142881.39,77948.55
2026-07-28 08:00:00,8.319,8.335,8.271,8.288,138536.85,60172.16
2026-07-28 12:00:00,8.288,8.402,8.192,8.382,424238.43,174462.61
2026-07-28 16:00:00,8.382,8.419,8.31,8.385,175683.74,69387.9
2026-07-28 20:00:00,8.385,8.454,8.358,8.446,196514.83,77165.13
2026-07-29 00:00:00,8.447,8.512,8.33,8.336,234519.73,99286.05
2026-07-29 04:00:00,8.336,8.443,8.292,8.44,199183.3,77742.02
2026-07-29 08:00:00,8.441,8.481,8.377,8.408,132199.86,58958.46
2026-07-29 12:00:00,8.407,8.41,8.248,8.276,229398.94,104439.06
2026-07-29 16:00:00,8.277,8.444,8.23,8.235,313667.17,147650.22
2026-07-29 20:00:00,8.236,8.341,8.162,8.335,218923.33,102736.47
2026-07-30 00:00:00,8.334,8.399,8.281,8.339,114557.03,50207.27
2026-07-30 04:00:00,8.339,8.341,8.263,8.291,91641.14,45376.59
2026-07-30 08:00:00,8.292,8.47,8.278,8.463,224643.8,117049.42
2026-07-30 12:00:00,8.463,8.534,8.416,8.485,363527.37,166850.42
2026-07-30 16:00:00,8.485,8.522,8.451,8.49,169622.49,89672.47
2026-07-30 20:00:00,8.491,8.53,8.451,8.451,186922.62,85824.96
2026-07-31 00:00:00,8.452,8.517,8.322,8.369,182360.86,85969.4
2026-07-31 04:00:00,8.368,8.387,8.243,8.3,148142.47,64851.65
2026-07-31 08:00:00,8.3,8.332,8.216,8.264,191477.42,85657.72
2026-07-31 12:00:00,8.265,8.277,8.021,8.113,568168.47,262552.24
2026-07-31 16:00:00,8.113,8.205,8.1,8.173,222841.11,80606.49
2026-07-31 20:00:00,8.174,8.185,8.132,8.171,101966.96,56911.87
2026-08-01 00:00:00,8.173,8.247,8.172,8.209,136108.38,61326.96
2026-08-01 04:00:00,8.21,8.243,8.132,8.138,234642.27,106135.71
2026-08-01 08:00:00,8.139,8.144,8.083,8.091,101828.25,51643.01
2026-08-01 12:00:00,8.091,8.119,8.087,8.102,76280.58,41041.37
2026-08-01 16:00:00,8.102,8.113,7.888,8.004,268451.32,117835.08
2026-08-01 20:00:00,8.002,8.085,7.996,8.068,97701,47264.99
2026-08-02 00:00:00,8.069,8.311,8.057,8.292,287934.21,136400.96
2026-08-02 04:00:00,8.292,8.421,8.28,8.38,318507.64,182814.68
2026-08-02 08:00:00,8.38,8.393,8.266,8.277,288325.73,131660
2026-08-02 12:00:00,8.278,8.313,8.268,8.277,110158.37,61095.14
2026-08-02 16:00:00,8.276,8.373,8.251,8.33,96420.22,48071.09
2026-08-02 20:00:00,8.331,8.455,8.32,8.384,252980.89,168028.08
2026-08-03 00:00:00,8.384,8.394,8.234,8.252,174928.39,67574.42
2026-08-03 04:00:00,8.251,8.285,8.215,8.22,116794.91,58013.29
2026-08-03 08:00:00,8.219,8.266,8.162,8.187,151023.14,65365.81
2026-08-03 12:00:00,8.187,8.319,8.162,8.248,280528.12,120810.31
2026-08-03 16:00:00,8.249,8.288,8.225,8.234,204091.55,85253.55
2026-08-03 20:00:00,8.234,8.268,8.167,8.188,129133.21,41380.34
2026-08-04 00:00:00,8.188,8.235,8.118,8.196,207566.64,95409.15
2026-08-04 04:00:00,8.195,8.264,8.123,8.175,167584.25,57477.11
2026-08-04 08:00:00,8.174,8.223,8.126,8.217,220360.24,86854.05
2026-08-04 12:00:00,8.216,8.268,8.14,8.196,561902.76,257517.18
2026-08-04 16:00:00,8.198,8.252,8.164,8.217,141461.73,59755.71
2026-08-04 20:00:00,8.216,8.223,8.143,8.149,93303.85,47155.05
2026-08-05 00:00:00,8.149,8.199,8.094,8.128,170055.3,80875.53
2026-08-05 04:00:00,8.127,8.203,8.123,8.187,66656.18,30297.16
2026-08-05 08:00:00,8.188,8.206,8.143,8.149,95994.65,40948.2
2026-08-05 12:00:00,8.151,8.228,8.069,8.114,258694.67,119218.89
2026-08-05 16:00:00,8.112,8.258,8.109,8.188,184651.2,101244.81
2026-08-05 20:00:00,8.188,8.227,8.13,8.162,110885.25,52046.96
2026-08-06 00:00:00,8.162,8.197,8.1,8.117,90729.48,39456.08
2026-08-06 04:00:00,8.118,8.229,8.106,8.191,112875.88,39674.05
2026-08-06 08:00:00,8.19,8.212,8.068,8.163,290311.59,119019.96
2026-08-06 12:00:00,8.162,8.273,8.103,8.224,212933.28,99597.17
2026-08-06 16:00:00,8.224,8.343,8.191,8.199,361734.04,183088.17
2026-08-06 20:00:00,8.199,8.239,8.163,8.196,138483.96,76737.72
2026-08-07 00:00:00,8.196,8.247,8.139,8.141,107640.96,55958.64
2026-08-07 04:00:00,8.14,8.212,8.106,8.188,136124.56,64131.57
2026-08-07 08:00:00,8.188,8.249,8.188,8.219,130707.93,62804.98
2026-08-07 12:00:00,8.22,8.312,8.218,8.279,331725.32,151282.01
2026-08-07 16:00:00,8.28,8.318,8.164,8.215,202903.53,70008.07
2026-08-07 20:00:00,8.216,8.223,8.154,8.189,82103.46,23126.46
2026-08-08 00:00:00,8.189,8.275,8.166,8.262,165343.4,86942.08
2026-08-08 04:00:00,8.263,8.315,8.24,8.262,172888.24,69156.99
2026-08-08 08:00:00,8.264,8.36,8.255,8.329,179620.89,104048.9
2026-08-08 12:00:00,8.33,8.399,8.304,8.343,158784.07,81740.26
2026-08-08 16:00:00,8.343,8.366,8.322,8.332,67482.53,29386.32
2026-08-08 20:00:00,8.331,8.35,8.294,8.306,80654.2,34138.05
2026-08-09 00:00:00,8.306,8.337,8.266,8.286,100005.66,31064.22
2026-08-09 04:00:00,8.284,8.353,8.262,8.342,115456.53,54256.21
2026-08-09 08:00:00,8.341,8.36,8.292,8.299,92124.6,51029.26
2026-08-09 12:00:00,8.298,8.367,8.279,8.354,323729.58,173582.51
2026-08-09 16:00:00,8.355,8.361,8.309,8.321,107067.55,50147.04
2026-08-09 20:00:00,8.32,8.392,8.173,8.187,314204.9,144089.38
2026-08-10 00:00:00,8.186,8.262,8.165,8.187,233169.23,103810.24
2026-08-10 04:00:00,8.187,8.247,8.179,8.223,112625.76,68390.85
2026-08-10 08:00:00,8.223,8.325,8.201,8.309,246811.58,132462.27
2026-08-10 12:00:00,8.31,8.372,8.252,8.303,358798.68,175346.67
2026-08-10 16:00:00,8.303,8.316,8.208,8.274,174643.19,91747.47
2026-08-10 20:00:00,8.275,8.322,8.255,8.3,103242.31,54990.58
2026-08-11 00:00:00,8.301,8.466,8.291,8.391,605951.35,362313.43
2026-08-11 04:00:00,8.392,8.477,8.368,8.476,258425.12,143314.73
2026-08-11 08:00:00,8.478,8.715,8.445,8.681,1213601.51,702401.25
2026-08-11 12:00:00,8.681,8.702,8.497,8.564,790815.41,407324.71
2026-08-11 16:00:00,8.564,8.618,8.532,8.615,320851.46,173702.93
2026-08-11 20:00:00,8.615,8.81,8.615,8.779,506379.76,294667.84
2026-08-12 00:00:00,8.779,8.823,8.708,8.724,356625.41,184721.44
2026-08-12 04:00:00,8.723,8.765,8.681,8.754,253304.97,144818.29
2026-08-12 08:00:00,8.753,8.883,8.736,8.878,436355.41,233821.85
2026-08-12 12:00:00,8.878,8.896,8.69,8.781,600706.3,302768.08
2026-08-12 16:00:00,8.781,8.792,8.718,8.744,256280.7,115875.96
2026-08-12 20:00:00,8.744,8.782,8.624,8.674,261086.78,124572.92
2026-08-13 00:00:00,8.673,8.737,8.621,8.727,179306.5,81279
2026-08-13 04:00:00,8.728,8.816,8.727,8.755,168050.34,79437.35
2026-08-13 08:00:00,8.755,8.769,8.677,8.693,205927.68,99674.69
2026-08-13 12:00:00,8.692,8.866,8.681,8.746,382683.97,200350.5
2026-08-13 16:00:00,8.745,8.835,8.68,8.826,255658.39,106552.05
2026-08-13 20:00:00,8.826,8.904,8.819,8.887,282738.64,152298.13
2026-08-14 00:00:00,8.887,8.891,8.814,8.82,120805.75,58847.86
2026-08-14 04:00:00,8.82,8.838,8.748,8.771,143962.51,64311.75
2026-08-14 08:00:00,8.771,8.885,8.726,8.832,426672.38,236765.18
2026-08-14 12:00:00,8.833,8.887,8.762,8.858,283691.77,136451.59
2026-08-14 16:00:00,8.858,9.017,8.829,8.989,611037.12,360863.83
2026-08-14 20:00:00,8.989,9.013,8.926,8.97,201391.65,104225.23
2026-08-15 00:00:00,8.971,9.746,8.968,9.58,1600991.92,883943.02
2026-08-15 04:00:00,9.58,9.61,9.32,9.338,745921.52,339240.39
2026-08-15 08:00:00,9.338,9.388,9.226,9.312,439317.51,213008.32
2026-08-15 12:00:00,9.311,9.533,9.305,9.512,576154.18,292308.59
2026-08-15 16:00:00,9.512,9.633,9.492,9.587,411715.5,215348.32
2026-08-15 20:00:00,9.587,9.599,9.462,9.47,200930.53,82992.58
2026-08-16 00:00:00,9.47,9.512,9.398,9.4,260423.2,123522.05
2026-08-16 04:00:00,9.399,9.41,9.32,9.379,225973.91,98161.82
2026-08-16 08:00:00,9.378,9.459,9.373,9.415,150907.48,81319.94
2026-08-16 12:00:00,9.416,9.42,9.296,9.393,321776.09,152074.56
2026-08-16 16:00:00,9.393,9.478,9.369,9.465,282148.49,147812.44
2026-08-16 20:00:00,9.465,9.493,9.348,9.39,170993.2,66150.95
2026-08-17 00:00:00,9.39,9.568,9.361,9.488,267526.05,142981.81
2026-08-17 04:00:00,9.489,9.508,9.409,9.409,193937.99,91763.11
2026-08-17 08:00:00,9.409,9.561,9.37,9.516,256029.45,120515.63
2026-08-17 12:00:00,9.516,9.574,9.443,9.521,387654.09,202795.49
2026-08-17 16:00:00,9.522,9.585,9.464,9.496,284652.56,147799.43
2026-08-17 20:00:00,9.497,9.557,9.473,9.543,97521.96,49111.75
2026-08-18 00:00:00,9.543,9.553,9.33,9.423,247373.63,111066.28
2026-08-18 04:00:00,9.423,9.53,9.391,9.434,198515.24,88381.2
2026-08-18 08:00:00,9.434,9.499,9.383,9.445,263624.87,109483.18
2026-08-18 12:00:00,9.444,9.559,9.401,9.48,319661.55,166527.06
2026-08-18 16:00:00,9.48,9.545,9.452,9.503,158436.33,81976.86
2026-08-18 20:00:00,9.503,9.559,9.467,9.538,149594.69,86699.12
2026-08-19 00:00:00,9.539,9.732,9.487,9.705,366272.04,202770.42
2026-08-19 04:00:00,9.704,9.723,9.563,9.699,323084.42,172239.18
2026-08-19 08:00:00,9.698,9.84,9.664,9.769,529843.5,289527.99
2026-08-19 12:00:00,9.768,10.077,9.658,9.922,1235967.9,663839.17
2026-08-19 16:00:00,9.923,10.149,9.849,10.117,1143991.4,515751.31
2026-08-19 20:00:00,10.118,10.892,10.102,10.557,1989095.47,978421.83
2026-08-20 00:00:00,10.557,10.629,10.365,10.442,520022.5,253616.27
2026-08-20 04:00:00,10.442,10.593,10.412,10.548,324428.25,160096.22
2026-08-20 08:00:00,10.548,10.768,10.54,10.667,743266.12,426942.3
2026-08-20 12:00:00,10.667,10.737,10.519,10.714,588004.74,272029.66
2026-08-20 16:00:00,10.715,10.876,10.61,10.657,647058.35,273432.83
2026-08-20 20:00:00,10.657,10.727,10.5,10.692,372822.19,172220.75
2026-08-21 00:00:00,10.693,11.038,10.687,10.906,865117.03,481336.42
2026-08-21 04:00:00,10.906,11.857,10.858,11.541,1745743.4,1066726.11
2026-08-21 08:00:00,11.542,11.752,11.223,11.27,1441782.22,709322.12
2026-08-21 12:00:00,11.27,11.631,11.232,11.527,1417725.22,838837.41
2026-08-21 16:00:00,11.527,11.684,11.405,11.663,1046557.83,501217.68
2026-08-21 20:00:00,11.664,12.4,11.629,11.99,1363307.85,740439.84
2026-08-22 00:00:00,11.99,12.451,11.861,12.374,939236.01,509063.53
2026-08-22 04:00:00,12.375,12.62,10.936,11.748,2811139.94,1425606.33
2026-08-22 08:00:00,11.749,11.835,11.35,11.684,1280991.21,541764.56
2026-08-22 12:00:00,11.683,11.897,11.476,11.61,1051209.14,538233.01
2026-08-22 16:00:00,11.61,11.815,11.519,11.743,610641.73,277116.13
2026-08-22 20:00:00,11.744,11.81,11.459,11.648,410142.07,190091.53
2026-08-23 00:00:00,11.648,11.745,11.424,11.456,547410.85,201915.39
2026-08-23 04:00:00,11.456,11.516,11,11.301,1380753.31,560772.56
2026-08-23 08:00:00,11.302,11.471,11.248,11.416,756078.45,361503.41
2026-08-23 12:00:00,11.415,11.65,11.261,11.46,944212.98,489671.12
2026-08-23 16:00:00,11.461,11.602,11.436,11.493,328178.52,167347.12
2026-08-23 20:00:00,11.494,11.734,11.439,11.543,541697.95,266410.5
2026-08-24 00:00:00,11.543,11.557,11.291,11.349,555346.31,263548.47
2026-08-24 04:00:00,11.35,11.68,11.35,11.516,486806.82,249162.63
2026-08-24 08:00:00,11.517,11.755,11.361,11.721,483102.85,240054.68
2026-08-24 12:00:00,11.721,11.808,11.492,11.574,1223572.96,581844.56
2026-08-24 16:00:00,11.574,11.703,11.419,11.556,499707.82,245488.84
2026-08-24 20:00:00,11.556,11.684,11.5,11.629,300155.52,137234.59
2026-08-25 00:00:00,11.629,11.964,11.591,11.748,695490.78,380141.53
2026-08-25 04:00:00,11.749,11.845,11.5,11.59,701373.96,310330.09
2026-08-25 08:00:00,11.591,11.696,11.522,11.553,382884.71,188481.27
2026-08-25 12:00:00,11.554,11.651,11.363,11.583,846903.38,412512.63
2026-08-25 16:00:00,11.583,11.605,11.436,11.456,241027.16,128329.96
2026-08-25 20:00:00,11.457,11.478,11.141,11.291,431061.75,205575.03
2026-08-26 00:00:00,11.292,11.45,11.235,11.397,226472.64,113077.34
2026-08-26 04:00:00,11.396,11.457,11.303,11.335,304566.69,178618.16
2026-08-26 08:00:00,11.335,11.489,11.216,11.39,358157.53,133036.39
2026-08-26 12:00:00,11.39,11.488,11.066,11.24,491015.5,233453.14
2026-08-26 16:00:00,11.24,11.35,11.14,11.307,277391.31,149712.55
2026-08-26 20:00:00,11.306,11.632,11.208,11.624,346526.65,172703.69
2026-08-27 00:00:00,11.623,11.632,11.45,11.524,290049.82,140315.5
2026-08-27 04:00:00,11.525,11.683,11.502,11.674,325574.59,181886.16
2026-08-27 08:00:00,11.674,11.924,11.648,11.748,701608.27,382163.96
2026-08-27 12:00:00,11.748,11.98,11.685,11.932,859192.63,457888.28
2026-08-27 16:00:00,11.933,11.96,11.759,11.859,469069.31,246542.9
2026-08-27 20:00:00,11.859,11.981,11.838,11.919,260421.92,121782.65
2026-08-28 00:00:00,11.919,12.059,11.681,11.715,526015.68,232517.15
2026-08-28 04:00:00,11.714,11.853,11.662,11.7,330466.44,158760.95
2026-08-28 08:00:00,11.7,11.802,11.624,11.782,306836.23,156506.95
2026-08-28 12:00:00,11.783,11.889,11.547,11.567,621758.65,291315.59
2026-08-28 16:00:00,11.568,11.584,11.25,11.392,621337.73,279883.35
2026-08-28 20:00:00,11.392,11.45,11.304,11.433,168482.89,59375.61
2026-08-29 00:00:00,11.434,11.477,11.336,11.34,135424.9,72972.32
2026-08-29 04:00:00,11.34,11.397,11.294,11.324,131353.55,75503.8
2026-08-29 08:00:00,11.324,11.354,11.28,11.302,162866.24,78750.43
2026-08-29 12:00:00,11.303,11.492,11.303,11.389,310731.78,177895.53
2026-08-29 16:00:00,11.389,11.472,11.364,11.433,343174.11,181627.91
2026-08-29 20:00:00,11.434,11.52,11.41,11.458,158953.39,91584.42
2026-08-30 00:00:00,11.458,11.464,11.367,11.39,158334.91,67231.58
2026-08-30 04:00:00,11.389,11.448,11.336,11.39,106800.38,46971.2
2026-08-30 08:00:00,11.389,11.42,11.335,11.416,113850.45,55960.92
2026-08-30 12:00:00,11.416,11.631,11.398,11.565,400026.46,201546.54
2026-08-30 16:00:00,11.566,11.8,11.529,11.597,367740.37,199727.94
2026-08-30 20:00:00,11.597,11.619,10.992,11.144,521521.69,211434.05
2026-08-31 00:00:00,11.144,11.248,11.014,11.165,363936.8,161315.38
2026-08-31 04:00:00,11.165,11.322,11.094,11.27,328085.25,176300.3
2026-08-31 08:00:00,11.271,11.362,11.215,11.247,190633.9,95107.97
2026-08-31 12:00:00,11.247,11.411,11.155,11.385,830925.81,403626.52
2026-08-31 16:00:00,11.386,11.502,11.29,11.402,485726.82,244827.13
2026-08-31 20:00:00,11.401,11.44,11.242,11.325,734132.92,360447.15
2026-09-01 00:00:00,11.325,11.494,11.296,11.433,813508.82,405539.3
2026-09-01 04:00:00,11.433,11.521,11.409,11.474,208967.72,111675.74
2026-09-01 08:00:00,11.475,11.496,11.297,11.467,259318.91,124541.07
2026-09-01 12:00:00,11.468,11.524,11.318,11.429,440613.06,206755.93
2026-09-01 16:00:00,11.43,11.45,11.062,11.22,600826.59,285172.09
2026-09-01 20:00:00,11.221,11.272,11.104,11.234,320889.98,147730.29
2026-09-02 00:00:00,11.235,11.293,11.075,11.209,335207.43,133279.71
2026-09-02 04:00:00,11.209,11.313,11.141,11.207,536614.08,206094.16
2026-09-02 08:00:00,11.208,11.231,10.908,11.026,587539.85,209872.15
2026-09-02 12:00:00,11.026,11.216,10.965,11.087,410445.82,198173.22
2026-09-02 16:00:00,11.088,11.184,11.023,11.113,211184.01,96013.36
2026-09-02 20:00:00,11.114,11.172,11.028,11.119,224432.81,140992.75
2026-09-03 00:00:00,11.119,11.229,11.001,11.198,421516.46,204065.01
2026-09-03 04:00:00,11.198,11.28,11.101,11.179,482144.9,258251.56
2026-09-03 08:00:00,11.18,11.329,11.115,11.272,300803.86,164837.92
2026-09-03 12:00:00,11.272,11.864,11.257,11.782,868974.17,494684.15
2026-09-03 16:00:00,11.782,11.873,11.629,11.859,534742.52,299024.45
2026-09-03 20:00:00,11.859,11.96,11.771,11.833,386162.12,199050.74
2026-09-04 00:00:00,11.832,11.95,11.759,11.887,298144.15,145168.71
2026-09-04 04:00:00,11.886,12.005,11.818,11.929,325271.8,179636.9
2026-09-04 08:00:00,11.93,12.164,11.886,12.031,608469.91,327503.15
2026-09-04 12:00:00,12.032,12.081,11.464,11.657,1143631.29,494249.35
2026-09-04 16:00:00,11.656,11.79,11.579,11.712,225063.19,119737.04
2026-09-04 20:00:00,11.712,11.72,11.594,11.632,156990.59,77907.16
2026-09-05 00:00:00,11.633,11.709,11.592,11.669,239622.62,131827.55
2026-09-05 04:00:00,11.67,11.777,11.613,11.742,229265.67,129995.48
2026-09-05 08:00:00,11.741,11.872,11.715,11.724,288507.4,156883.92
2026-09-05 12:00:00,11.724,11.962,11.724,11.947,349402.56,191771.83
2026-09-05 16:00:00,11.948,12.237,11.895,12.009,545017.65,282700.22
2026-09-05 20:00:00,12.01,12.107,11.937,12.049,233903.75,124302.31
2026-09-06 00:00:00,12.048,12.462,12.041,12.223,515234.97,278422.83
2026-09-06 04:00:00,12.224,12.336,12.119,12.211,324906.73,156112.66
2026-09-06 08:00:00,12.21,12.321,12.167,12.279,244344.38,128641.21
2026-09-06 12:00:00,12.278,12.402,12.073,12.22,492460.85,228986.42
2026-09-06 16:00:00,12.22,12.426,12.2,12.38,360814.39,192176.27
2026-09-06 20:00:00,12.38,13.356,12.334,13.233,2195176.94,1341803.48
2026-09-07 00:00:00,13.234,13.333,12.947,13.03,765307.47,399505.28
2026-09-07 04:00:00,13.03,13.685,13.021,13.192,1118535.02,590625.23
2026-09-07 08:00:00,13.193,13.528,13.14,13.179,569244.96,305151.93
2026-09-07 12:00:00,13.178,13.334,12.799,12.872,841689.29,413930.13
2026-09-07 16:00:00,12.873,12.969,12.685,12.829,550344.08,247609.06
2026-09-07 20:00:00,12.829,12.833,12.606,12.748,384775.71,176488.85
2026-09-08 00:00:00,12.749,12.807,12.563,12.66,395127.33,179298.46
2026-09-08 04:00:00,12.661,12.728,12.565,12.682,322204.09,153490.92
2026-09-08 08:00:00,12.682,12.794,12.465,12.503,352716.4,168506.97
2026-09-08 12:00:00,12.504,12.721,12.291,12.692,597419.62,305844.93
2026-09-08 16:00:00,12.691,12.795,12.54,12.569,326859.14,166546.97
2026-09-08 20:00:00,12.57,12.617,12.442,12.518,206776.26,118875.99
2026-09-09 00:00:00,12.517,12.57,12.376,12.396,220319.29,101412.97
2026-09-09 04:00:00,12.395,12.691,12.395,12.489,405783.24,207297.51
2026-09-09 08:00:00,12.489,12.516,11.916,12.112,1467808.68,629023.2
2026-09-09 12:00:00,12.112,12.235,11.82,12.003,809783.47,443478.79
2026-09-09 16:00:00,12.002,12.058,11.859,11.866,311634.09,153288.86
2026-09-09 20:00:00,11.866,11.897,11.584,11.804,457790.49,214019.79
2026-09-10 00:00:00,11.805,11.876,11.646,11.814,324138.28,157898.89
2026-09-10 04:00:00,11.813,11.895,11.739,11.783,230047.19,101534.54
2026-09-10 08:00:00,11.783,11.893,11.749,11.818,233853.36,133200.86
2026-09-10 12:00:00,11.818,11.844,11.5,11.636,566777.67,268260.51
2026-09-10 16:00:00,11.637,11.734,11.492,11.616,231727.4,112037.3
2026-09-10 20:00:00,11.617,11.648,11.433,11.454,256226.17,75686.94
2026-09-11 00:00:00,11.453,11.538,11.4,11.498,316463.75,123651.24
2026-09-11 04:00:00,11.498,11.598,11.471,11.478,225736.16,104453.95
2026-09-11 08:00:00,11.478,11.547,11.277,11.398,455470.96,177814.87
2026-09-11 12:00:00,11.397,12.217,11.253,11.709,1698689.72,925416.04
2026-09-11 16:00:00,11.709,11.831,11.508,11.614,515653.5,287851.34
2026-09-11 20:00:00,11.615,11.66,11.464,11.551,381032.53,234008.6
2026-09-12 00:00:00,11.552,11.572,11.457,11.489,168152.79,86567.2
2026-09-12 04:00:00,11.488,11.579,11.482,11.568,120914.45,71534.18
2026-09-12 08:00:00,11.569,11.584,11.515,11.573,136323.8,73841.81
2026-09-12 12:00:00,11.573,11.626,11.527,11.59,167086.92,88001.2
2026-09-12 16:00:00,11.59,11.606,11.453,11.479,117143.19,51358.68
2026-09-12 20:00:00,11.479,11.539,11.46,11.508,85507.57,38710.5
2026-09-13 00:00:00,11.508,11.533,11.466,11.481,78010.75,39751.39
2026-09-13 04:00:00,11.481,11.57,11.422,11.432,111631.63,49132.93
2026-09-13 08:00:00,11.432,11.449,11.253,11.295,223282.56,129645.57
2026-09-13 12:00:00,11.295,11.343,11.195,11.261,198162.65,93651.08
2026-09-13 16:00:00,11.261,11.502,11.261,11.415,249107.23,127081.26
2026-09-13 20:00:00,11.415,11.482,11.159,11.203,292548.09,135604.99
2026-09-14 00:00:00,11.203,11.449,11.121,11.379,270994.75,138553.37
2026-09-14 04:00:00,11.38,11.472,11.361,11.412,143365.56,80471.54
2026-09-14 08:00:00,11.412,11.484,11.316,11.391,254674.13,127412.8
2026-09-14 12:00:00,11.391,11.486,11.25,11.463,374579.65,195912.19
2026-09-14 16:00:00,11.463,11.763,11.441,11.743,411837.54,208678.08
2026-09-14 20:00:00,11.743,11.967,11.503,11.518,406955.16,203831.38
2026-09-15 00:00:00,11.518,11.63,11.457,11.507,181349.66,91275
2026-09-15 04:00:00,11.507,11.514,11.328,11.343,239021.57,103119.4
2026-09-15 08:00:00,11.342,11.428,11.304,11.384,177570.34,76768.85
2026-09-15 12:00:00,11.384,11.508,11.049,11.274,442313.38,223331.52
2026-09-15 16:00:00,11.275,11.408,10.8,11.098,831574.41,395893.63
2026-09-15 20:00:00,11.098,11.125,10.82,10.887,426665.52,212672.59
2026-09-16 00:00:00,10.888,10.94,10.77,10.826,274972.94,134889.85
2026-09-16 04:00:00,10.825,10.91,10.742,10.76,296738.38,131949.27
2026-09-16 08:00:00,10.76,10.912,10.679,10.879,265999.07,142323.96
2026-09-16 12:00:00,10.879,10.886,10.627,10.68,388415.53,193154.17
2026-09-16 16:00:00,10.681,10.959,10.617,10.931,559370.35,308152.06
2026-09-16 20:00:00,10.93,11.08,10.855,11.057,271021.56,138936.25
2026-09-17 00:00:00,11.058,11.186,10.984,11.135,319720.03,168814.11
2026-09-17 04:00:00,11.135,11.239,11.05,11.179,289260.84,126348.69
2026-09-17 08:00:00,11.179,11.24,11.099,11.181,236099.43,111487.3
2026-09-17 12:00:00,11.18,11.432,11.15,11.378,427191.09,240089.54
2026-09-17 16:00:00,11.378,11.432,11.282,11.318,269289.53,137592.45
2026-09-17 20:00:00,11.318,11.412,11.256,11.387,202549.32,113913.13
2026-09-18 00:00:00,11.386,11.825,11.342,11.761,524551.05,302249.31
2026-09-18 04:00:00,11.761,11.859,11.655,11.828,620156.24,314652.99
2026-09-18 08:00:00,11.828,11.967,11.729,11.829,552280.71,253370.88
2026-09-18 12:00:00,11.829,12.245,11.772,12.151,920885.36,455269.94
2026-09-18 16:00:00,12.152,12.387,12.087,12.383,536286.92,287225.3
2026-09-18 20:00:00,12.382,12.423,12.219,12.226,461683.56,244288.56
2026-09-19 00:00:00,12.226,12.49,12.213,12.399,369442.11,215095.04
2026-09-19 04:00:00,12.398,12.456,12.258,12.3,278027.97,123558.27
2026-09-19 08:00:00,12.301,12.615,12.291,12.524,505333.55,263741.52
2026-09-19 12:00:00,12.524,12.642,12.434,12.569,455374.72,251669.24
2026-09-19 16:00:00,12.57,12.695,12.461,12.498,459216.15,211911.48
2026-09-19 20:00:00,12.498,12.546,12.293,12.418,484324.55,182789.6
2026-09-20 00:00:00,12.418,12.453,11.933,12.083,623329.9,233923.68
2026-09-20 04:00:00,12.082,12.089,11.945,11.974,235355.84,131130.26
2026-09-20 08:00:00,11.975,12.094,11.901,12.073,221771.92,106355.99
2026-09-20 12:00:00,12.073,12.385,12.036,12.377,425606.37,226145.62
2026-09-20 16:00:00,12.377,12.61,12.313,12.538,664645.06,380967.7
2026-09-20 20:00:00,12.538,12.574,12.338,12.521,358070.81,198730.11
2026-09-21 00:00:00,12.52,12.809,12.455,12.685,739560.48,389158.1
2026-09-21 04:00:00,12.686,12.708,12.464,12.56,394306.3,207785.59
2026-09-21 08:00:00,12.558,13.149,12.555,13.049,1140058.88,602778.62
2026-09-21 12:00:00,13.049,13.172,12.876,13.024,1086099.73,562910.11
2026-09-21 16:00:00,13.023,13.083,12.752,13.03,674459.93,335875.02
2026-09-21 20:00:00,13.03,13.284,13.023,13.183,648924.91,357123.33
2026-09-22 00:00:00,13.182,13.24,12.851,12.999,540635.85,260777.94
2026-09-22 04:00:00,12.999,13.059,12.805,12.899,388245.98,220519.41
2026-09-22 08:00:00,12.9,13.081,12.819,12.947,453792.38,275955.72
2026-09-22 12:00:00,12.947,13.29,12.754,13.04,1034419.15,541667.74
2026-09-22 16:00:00,13.04,13.109,12.892,13.008,441195.92,248087.05
2026-09-22 20:00:00,13.008,13.13,12.831,13.046,407857.87,198906.95
2026-09-23 00:00:00,13.047,13.22,12.922,13.154,390065.82,240330.81
2026-09-23 04:00:00,13.154,13.208,12.904,12.932,544265.72,306366.29
2026-09-23 08:00:00,12.933,13.023,12.681,12.766,666866.31,309896.98
2026-09-23 12:00:00,12.766,12.779,12.109,12.187,1995481.8,914584.89
2026-09-23 16:00:00,12.186,12.32,12.055,12.292,483337.01,218834.31
2026-09-23 20:00:00,12.293,12.384,12.203,12.355,215980.01,103173.54
2026-09-24 00:00:00,12.356,12.403,12.174,12.295,195388.88,104491.26
2026-09-24 04:00:00,12.295,12.498,12.259,12.482,240743.91,133337.55
2026-09-24 08:00:00,12.481,12.494,12.094,12.204,377998.32,176690.29
2026-09-24 12:00:00,12.203,12.791,12.185,12.788,823815.57,456296.78
2026-09-24 16:00:00,12.789,13.534,12.69,13.263,1616509.3,880977.42
2026-09-24 20:00:00,13.263,13.303,13.102,13.221,403114.57,208950.56
2026-09-25 00:00:00,13.22,13.495,13.195,13.414,748416.75,398193.29
2026-09-25 04:00:00,13.415,13.559,13.298,13.499,522191.14,286056
2026-09-25 08:00:00,13.5,14.17,13.484,14.088,1915426.24,1182813.54
2026-09-25 12:00:00,14.089,14.219,13.683,13.834,1792891.84,1061023.28
2026-09-25 16:00:00,13.834,13.944,13.665,13.874,599262.66,314393.92
2026-09-25 20:00:00,13.874,13.959,13.702,13.93,381340.44,223447.03
2026-09-26 00:00:00,13.929,14.121,13.867,14.03,489738.02,254162.19
2026-09-26 04:00:00,14.03,14.197,13.961,14.085,418004.7,217085.16
2026-09-26 08:00:00,14.084,14.358,13.937,14.274,598932.73,306649.07
2026-09-26 12:00:00,14.275,14.314,14.153,14.224,277944.23,114134.76
