t,o,h,l,c,v,taker_buy_v
2025-08-22 12:00:00,114.36,120.53,112.51,119.46,278173.143,150992.343
2025-08-22 16:00:00,119.45,122.8,119.45,122.49,140767.244,73181.514
2025-08-22 20:00:00,122.5,123.66,122.29,122.96,90114.624,42643.498
2025-08-23 00:00:00,122.95,123.37,119.76,120.21,86917.525,37935.789
2025-08-23 04:00:00,120.21,122.78,120.21,121.76,91665.924,47692.808
2025-08-23 08:00:00,121.77,122.14,121.1,121.28,38060.09,18939.315
2025-08-23 12:00:00,121.28,121.81,120.47,120.88,66256.446,33501.394
2025-08-23 16:00:00,120.89,121.36,120.4,121.08,30246.334,14310.853
2025-08-23 20:00:00,121.09,121.65,120.62,121.45,17895.195,8829.802
2025-08-24 00:00:00,121.45,122.13,120.59,121.2,30229.137,15530.027
2025-08-24 04:00:00,121.2,121.82,119.47,119.49,36256.58,16234.864
2025-08-24 08:00:00,119.48,120.13,118.28,118.5,41422.899,20130.876
2025-08-24 12:00:00,118.49,120.38,118.36,119.32,36676.15,18667.987
2025-08-24 16:00:00,119.33,124.77,118.8,120.72,204143.873,103655.772
2025-08-24 20:00:00,120.72,120.81,117.1,118.19,125829.618,49650.287
2025-08-25 00:00:00,118.18,118.66,115.51,117.38,103361.489,49422.36
2025-08-25 04:00:00,117.37,117.57,112.09,112.54,153239.771,70423.808
2025-08-25 08:00:00,112.54,112.99,110.51,111.49,178878.441,92732.002
2025-08-25 12:00:00,111.48,112.65,110.7,111.7,147684.366,60360.787
2025-08-25 16:00:00,111.7,112.66,109.14,109.31,111406.66,43867.618
2025-08-25 20:00:00,109.32,109.81,106.7,109.13,193542.952,92695.869
2025-08-26 00:00:00,109.13,110.36,108.79,110.07,85933.294,43021.611
2025-08-26 04:00:00,110.07,111.35,109.9,110.61,71239.223,37222.701
2025-08-26 08:00:00,110.62,110.93,110,110.57,36623.346,17097.317
2025-08-26 12:00:00,110.58,112.7,110.04,112,124603.194,56692.954
2025-08-26 16:00:00,112,114.65,111.84,114.53,78216.659,40935.398
2025-08-26 20:00:00,114.53,114.79,113,113.48,59229.983,27352.669
2025-08-27 00:00:00,113.48,114.62,112.77,114.31,42200.545,22794.739
2025-08-27 04:00:00,114.32,116.27,112.65,113.02,118180.098,59015.134
2025-08-27 08:00:00,113.02,113.4,112.17,113.01,57815.561,27557.499
2025-08-27 12:00:00,113.01,114.59,112.65,113.71,76127.476,36746.695
2025-08-27 16:00:00,113.7,114.38,112.61,113.17,39313.413,19475.518
2025-08-27 20:00:00,113.17,114.28,111.95,112.18,78034.791,35515.969
2025-08-28 00:00:00,112.17,113.14,111.32,112.93,36224.414,15083.336
2025-08-28 04:00:00,112.92,114.23,112.73,113.47,55951.653,25813.319
2025-08-28 08:00:00,113.47,114.11,113.02,113.47,37392.925,17208.555
2025-08-28 12:00:00,113.48,114.62,112.22,112.63,89114.707,43341.129
2025-08-28 16:00:00,112.63,113.44,111.44,111.72,34330.562,15701.08
2025-08-28 20:00:00,111.72,113.94,111.6,113.64,25980.35,13302.519
2025-08-29 00:00:00,113.64,113.87,112.34,113.23,37937.349,18195.03
2025-08-29 04:00:00,113.24,113.45,110.11,110.42,93799.509,38906.62
2025-08-29 08:00:00,110.42,110.82,108.86,110.01,81763.764,32387.858
2025-08-29 12:00:00,110.02,112.1,108.79,109.93,133323.296,60536.767
2025-08-29 16:00:00,109.93,110.32,108.63,109.61,69293.087,35624.477
2025-08-29 20:00:00,109.61,110.17,109.02,109.91,63774.215,36990.713
2025-08-30 00:00:00,109.91,110.91,108.3,110.62,55012.029,29464.593
2025-08-30 04:00:00,110.62,110.87,110.29,110.69,29483.309,16021.239
2025-08-30 08:00:00,110.69,111.27,110.23,110.55,51515.237,28525.236
2025-08-30 12:00:00,110.54,110.64,109.29,110.63,44848.113,23220.326
2025-08-30 16:00:00,110.62,110.79,109.67,110.25,27583.513,13983.363
2025-08-30 20:00:00,110.25,110.94,109.68,110.84,18751.867,10209.578
2025-08-31 00:00:00,110.83,111.88,110.81,111.88,33566.6,17874.944
2025-08-31 04:00:00,111.88,111.91,110.75,111.13,23122.099,8521.209
2025-08-31 08:00:00,111.13,111.9,110.85,111.36,70774.167,34434.811
2025-08-31 12:00:00,111.36,111.42,110.19,110.71,29509.263,14814.344
2025-08-31 16:00:00,110.72,110.83,110.09,110.23,22735.764,11250.379
2025-08-31 20:00:00,110.23,110.62,108.76,108.89,35183.922,17848.765
2025-09-01 00:00:00,108.87,109.34,107.36,108.1,63777.4,26735.156
2025-09-01 04:00:00,108.09,110.52,107.24,110.49,42744.246,23045.138
2025-09-01 08:00:00,110.5,111.35,109.18,109.47,87557.338,39634.727
2025-09-01 12:00:00,109.46,110.56,109.26,109.55,43621.777,21806.223
2025-09-01 16:00:00,109.53,109.6,108.28,109.34,43378.449,22805.282
2025-09-01 20:00:00,109.34,109.64,106.38,108.73,100939.032,52271.935
2025-09-02 00:00:00,108.73,110.4,108.58,110.31,64338.549,40268.905
2025-09-02 04:00:00,110.3,113,110.1,110.55,65206.698,38023.121
2025-09-02 08:00:00,110.54,111.03,110.2,110.41,57362.57,23444.733
2025-09-02 12:00:00,110.4,112.01,108.71,109.57,108766.258,52034.339
2025-09-02 16:00:00,109.56,110.96,109.32,109.47,59951.337,35471.934
2025-09-02 20:00:00,109.46,112.1,109.44,111.76,68645.803,32466.703
2025-09-03 00:00:00,111.76,112.23,110.79,111.45,35264.774,16917.944
2025-09-03 04:00:00,111.45,111.81,110.88,111.78,40913.364,24643.179
2025-09-03 08:00:00,111.78,112.53,111.49,111.91,42643.243,23751.969
2025-09-03 12:00:00,111.91,113.31,111.5,112.86,66996.582,35193.177
2025-09-03 16:00:00,112.85,113.21,112.15,112.77,49348.387,25796.838
2025-09-03 20:00:00,112.77,113.28,112.36,112.98,37598.277,19115.296
2025-09-04 00:00:00,112.98,113.5,111.57,111.65,37348.859,16634.115
2025-09-04 04:00:00,111.65,111.9,110.83,111.37,40556.394,17911.49
2025-09-04 08:00:00,111.37,111.6,110.78,111.01,30670.375,12865.212
2025-09-04 12:00:00,111.01,111.46,109.72,110.05,53728.523,23846.373
2025-09-04 16:00:00,110.05,110.34,109.5,109.85,29190.903,12134.326
2025-09-04 20:00:00,109.85,111.83,109.75,111.05,31692.541,16412.03
2025-09-05 00:00:00,111.05,112.55,111.01,111.3,37137.162,18522.573
2025-09-05 04:00:00,111.31,113.2,111.13,113.17,51185.359,30261.648
2025-09-05 08:00:00,113.18,113.39,112.57,112.88,41713.011,19813.494
2025-09-05 12:00:00,112.89,115.12,111.5,112.35,170294.86,83583.711
2025-09-05 16:00:00,112.34,113.26,111.9,113.24,35308.004,16309.865
2025-09-05 20:00:00,113.23,113.36,111.91,112.05,36024.881,16973.815
2025-09-06 00:00:00,112.05,112.53,111.78,112.2,15020.067,8485.399
2025-09-06 04:00:00,112.2,112.21,111.29,111.73,17055.505,6248.827
2025-09-06 08:00:00,111.73,111.77,111.23,111.71,15231.758,7823.737
2025-09-06 12:00:00,111.71,112.25,111.3,111.45,26234.436,13994.431
2025-09-06 16:00:00,111.46,112.43,111.31,112.3,25095.174,12908.813
2025-09-06 20:00:00,112.3,112.45,111.5,112.13,34352.544,15452.535
2025-09-07 00:00:00,112.14,113.09,112.14,112.84,15817.694,9132.556
2025-09-07 04:00:00,112.84,114.09,112.64,113.77,42087.986,27579.066
2025-09-07 08:00:00,113.77,114.39,113.68,114.19,35494.163,18384.789
2025-09-07 12:00:00,114.19,115.41,114.14,114.71,61076.866,35418.006
2025-09-07 16:00:00,114.72,115.12,113.94,114.4,33504.142,16520.55
2025-09-07 20:00:00,114.39,115.19,113.99,114.9,37708.095,19954.225
2025-09-08 00:00:00,114.9,115.55,113.77,114.69,49822.339,23211.06
2025-09-08 04:00:00,114.69,114.69,111.9,112.86,138316.243,56298.236
2025-09-08 08:00:00,112.86,113.82,112.71,113.35,65751.547,34299.876
2025-09-08 12:00:00,113.36,114.44,112.87,113.45,120333.809,64085.882
2025-09-08 16:00:00,113.44,113.51,112.19,112.43,75870.551,34728.788
2025-09-08 20:00:00,112.43,112.86,111.9,112.75,50916.804,24118.409
2025-09-09 00:00:00,112.76,113.94,111.6,112.33,95422.236,44227.657
2025-09-09 04:00:00,112.33,114.33,112.02,114.03,97015.082,51818.39
2025-09-09 08:00:00,114.02,114.69,113.29,113.49,75418.182,40389.688
2025-09-09 12:00:00,113.48,113.99,110.8,111.36,141910.613,60124.945
2025-09-09 16:00:00,111.36,112.17,110.94,111.85,44437.391,22405.351
2025-09-09 20:00:00,111.85,112.27,111.35,111.92,28294.871,13439.153
2025-09-10 00:00:00,111.93,113.21,111.52,112.92,43014.968,23719.931
2025-09-10 04:00:00,112.92,113.29,112.2,113.16,29880.591,13088.884
2025-09-10 08:00:00,113.15,113.24,112.62,113,31872.577,14803.466
2025-09-10 12:00:00,113,115.23,112.93,114.34,142118.659,78716.556
2025-09-10 16:00:00,114.35,118.73,114.33,115.46,242776.995,132440.393
2025-09-10 20:00:00,115.45,117.71,115.14,117.66,51934.599,30570.242
2025-09-11 00:00:00,117.65,117.8,115.92,116.6,57815.882,22680.829
2025-09-11 04:00:00,116.6,117.68,116.06,117.25,46350.171,26992.886
2025-09-11 08:00:00,117.25,117.52,116.5,116.92,48316.649,23020.511
2025-09-11 12:00:00,116.93,117.55,112.95,113.91,284477.255,117343.763
2025-09-11 16:00:00,113.92,115.2,113.8,115,57200.609,31398.821
2025-09-11 20:00:00,115.01,116.12,114.9,115.83,46149.011,22003.059
2025-09-12 00:00:00,115.83,116.96,114.72,115.56,126362.462,53690.43
2025-09-12 04:00:00,115.55,116.46,115.25,115.73,48091.037,23542.849
2025-09-12 08:00:00,115.73,116.2,115.34,115.42,55344.633,24739.82
2025-09-12 12:00:00,115.42,116.86,114.92,116.52,71068.578,38708.766
2025-09-12 16:00:00,116.52,117.82,116.39,117.26,96611.517,49028.348
2025-09-12 20:00:00,117.26,118.27,116.82,118.03,81100.452,43232.477
2025-09-13 00:00:00,118.03,118.55,117.46,118.05,62319.299,37457.511
2025-09-13 04:00:00,118.05,119.49,117.63,118.78,61184.645,34021.157
2025-09-13 08:00:00,118.78,120.65,118.69,120.63,89734.573,52800.936
2025-09-13 12:00:00,120.64,120.83,118,119.11,139168.805,63473.62
2025-09-13 16:00:00,119.12,120.75,117.8,119.29,107514.289,58425.615
2025-09-13 20:00:00,119.29,120.18,118.96,119.22,147606.758,38687.075
2025-09-14 00:00:00,119.22,119.33,115.74,116.37,338743.383,119632.901
2025-09-14 04:00:00,116.37,117.52,116.03,116.78,43521.092,22141.048
2025-09-14 08:00:00,116.77,117.22,115.42,115.52,79557.797,31989.11
2025-09-14 12:00:00,115.52,115.99,113.93,114.75,98184.927,46408.387
2025-09-14 16:00:00,114.74,115.55,114.58,115.15,51499.135,28370.527
2025-09-14 20:00:00,115.14,116.11,114.88,115.1,37057.993,18902.566
2025-09-15 00:00:00,115.1,116.17,114.59,115.67,37452.383,19480.012
2025-09-15 04:00:00,115.67,116.76,114.61,114.9,58835.227,29289.667
2025-09-15 08:00:00,114.9,114.9,112.41,113.91,135398.502,64584.27
2025-09-15 12:00:00,113.9,114.06,112.39,113.11,105540.544,56968.342
2025-09-15 16:00:00,113.1,113.72,111.92,113.26,57144.437,27660.022
2025-09-15 20:00:00,113.26,113.78,113.15,113.72,34892.278,17962.287
2025-09-16 00:00:00,113.72,114.01,112.55,112.55,52244.357,21399.247
2025-09-16 04:00:00,112.55,115.16,112,114.79,95936.93,63381.263
2025-09-16 08:00:00,114.8,115.23,113.97,114.34,74571.65,36205.601
2025-09-16 12:00:00,114.34,115.09,113.2,115.04,98320.763,46886.868
2025-09-16 16:00:00,115.05,115.79,114.48,115.19,66458.694,34114.465
2025-09-16 20:00:00,115.18,115.56,114.7,115.03,44027.515,19399.279
2025-09-17 00:00:00,115.02,115.87,114.54,114.69,40848.165,18641.39
2025-09-17 04:00:00,114.69,115.43,113.76,115.25,47654.893,22551.209
2025-09-17 08:00:00,115.25,115.35,113.94,114.16,50610.035,23491.185
2025-09-17 12:00:00,114.16,114.73,113.5,113.86,126499.988,80943.673
2025-09-17 16:00:00,113.85,115.33,113.13,114.97,133675.801,67891.894
2025-09-17 20:00:00,114.95,117.6,114.01,117,96797.935,56527.105
2025-09-18 00:00:00,117,118.12,116.77,117.8,74679.064,42818.503
2025-09-18 04:00:00,117.81,118,114.91,115.5,87251.737,37572.019
2025-09-18 08:00:00,115.5,116.26,115.13,115.75,80826.281,42473.569
2025-09-18 12:00:00,115.75,117.57,115.39,117.05,132455.704,79291.65
2025-09-18 16:00:00,117.05,118.8,117,118.48,99350.953,61843.887
2025-09-18 20:00:00,118.49,119.11,117.59,118.19,64671.917,32203.56
2025-09-19 00:00:00,118.19,119.47,117.11,117.17,84308.691,40284.865
2025-09-19 04:00:00,117.16,117.75,116.28,117.55,55382.095,23879.514
2025-09-19 08:00:00,117.56,117.8,115.51,115.76,55829.669,22024.553
2025-09-19 12:00:00,115.77,116.55,114.54,115.47,91814.502,43759.33
2025-09-19 16:00:00,115.47,115.8,113.82,113.83,70688.224,32729.043
2025-09-19 20:00:00,113.83,114.5,113.37,114.04,28358.643,13780.929
2025-09-20 00:00:00,114.03,114.58,113.48,114.29,28028.444,16215.205
2025-09-20 04:00:00,114.29,115.31,114.21,115.18,31397.619,20363.329
2025-09-20 08:00:00,115.17,115.17,113.4,113.97,42580.78,18322.231
2025-09-20 12:00:00,113.97,114.84,113.41,114.7,37620.745,18999.147
2025-09-20 16:00:00,114.69,114.89,113.6,113.8,21350.447,9941.918
2025-09-20 20:00:00,113.79,114.42,113.68,113.92,17141.557,7986.078
2025-09-21 00:00:00,113.92,114.45,113.7,114.45,17250.676,8332.77
2025-09-21 04:00:00,114.44,115.42,114.05,115.39,30962.163,17316.57
2025-09-21 08:00:00,115.39,116.27,114.46,114.73,56428.026,26272.312
2025-09-21 12:00:00,114.74,115.57,114.6,115.45,29330.272,17260.841
2025-09-21 16:00:00,115.45,115.96,114.6,115.25,43898.09,23607.948
2025-09-21 20:00:00,115.24,115.37,113.94,114,31610.477,15578.619
2025-09-22 00:00:00,113.99,114.51,110.01,111.38,173484.424,77138.949
2025-09-22 04:00:00,111.38,111.54,102.2,105.49,302295.434,145817.721
2025-09-22 08:00:00,105.48,106,104.79,105.64,97481.138,49145.96
2025-09-22 12:00:00,105.64,106.7,104.83,105.27,89421.44,43503.604
2025-09-22 16:00:00,105.26,105.75,104.59,104.77,68368.615,33933.646
2025-09-22 20:00:00,104.76,106.16,104.62,105.65,36624.683,18050.475
2025-09-23 00:00:00,105.66,106.65,104.39,106.16,73752.342,26619.609
2025-09-23 04:00:00,106.16,106.57,105.5,106.24,58369.595,28739.348
2025-09-23 08:00:00,106.24,106.68,105.75,106.5,36896.47,17052.826
2025-09-23 12:00:00,106.5,107.24,106.1,106.77,65722.203,36964.897
2025-09-23 16:00:00,106.76,106.83,105.36,106.01,58331.372,33216.511
2025-09-23 20:00:00,106,106.76,105.67,106.07,36737.956,20778.353
2025-09-24 00:00:00,106.07,107.6,105.71,105.79,55749.189,28654.999
2025-09-24 04:00:00,105.8,107.5,104.56,106.87,189472.752,98435.268
2025-09-24 08:00:00,106.87,107.43,106.58,107.2,32703.888,17702.683
2025-09-24 12:00:00,107.2,107.69,105.97,106.82,64708.253,26034.392
2025-09-24 16:00:00,106.83,107.1,105.79,106.1,52038.313,27526.342
2025-09-24 20:00:00,106.1,106.53,105.46,105.52,36145.103,16020.189
2025-09-25 00:00:00,105.52,105.83,104.17,104.84,67011.086,31358.549
2025-09-25 04:00:00,104.84,105.12,103.31,103.97,67604.509,34018.506
2025-09-25 08:00:00,103.97,104.67,102.93,103.45,41238.166,19711.199
2025-09-25 12:00:00,103.45,105.27,101.85,104.52,112284.618,54820.98
2025-09-25 16:00:00,104.53,104.71,100.25,102.78,138450.915,68092.956
2025-09-25 20:00:00,102.78,103.19,101.52,102.28,59241.169,28684.412
2025-09-26 00:00:00,102.28,103.9,102.27,103.2,34191.904,18896.295
2025-09-26 04:00:00,103.2,103.63,102.42,103.09,31960.558,14855.768
2025-09-26 08:00:00,103.1,103.29,100.97,101.93,58402.557,32515.142
2025-09-26 12:00:00,101.93,103.72,101.3,103.4,61770.505,31196.638
2025-09-26 16:00:00,103.39,104.88,103.37,104.12,35681.222,18857.672
2025-09-26 20:00:00,104.12,104.78,103.83,104.55,23703.471,13364.398
2025-09-27 00:00:00,104.54,104.54,103.26,103.84,40673.991,13030.645
2025-09-27 04:00:00,103.84,104.02,103.55,103.75,14483.55,7166.852
2025-09-27 08:00:00,103.74,104.5,103.33,103.96,28841.164,16640.596
2025-09-27 12:00:00,103.97,104.93,103.95,104.91,21762.38,12423.209
2025-09-27 16:00:00,104.91,104.96,104.07,104.58,24183.029,14597.433
2025-09-27 20:00:00,104.58,104.93,104.42,104.46,20707.047,8639.564
2025-09-28 00:00:00,104.47,104.63,103.57,103.87,12685.876,6161.03
2025-09-28 04:00:00,103.87,104.25,103.68,104.1,17428.894,9645.938
2025-09-28 08:00:00,104.11,104.19,103.11,103.34,26429.429,11045.249
2025-09-28 12:00:00,103.34,104.58,102.7,104.58,34349.057,13943.613
2025-09-28 16:00:00,104.57,105.62,104.37,105.62,30176.08,15046.168
2025-09-28 20:00:00,105.62,107.17,105.62,106.88,59049.548,29214.56
2025-09-29 00:00:00,106.88,107.25,106.46,106.58,28315.237,15294.109
2025-09-29 04:00:00,106.57,106.59,105.56,106.04,30538.517,12015.047
2025-09-29 08:00:00,106.04,106.51,105.44,105.73,27017.485,13230.124
2025-09-29 12:00:00,105.74,107.66,105.3,106.36,117428.384,60893.01
2025-09-29 16:00:00,106.36,106.76,105.45,106.35,37418.043,17932.382
2025-09-29 20:00:00,106.34,107.18,106.24,106.76,27319.418,14363.881
2025-09-30 00:00:00,106.76,107.31,106.23,106.4,32024.779,12850.503
2025-09-30 04:00:00,106.4,106.68,105.54,105.85,42313.053,19193.641
2025-09-30 08:00:00,105.85,106.01,105.11,105.42,38635.523,17781.012
2025-09-30 12:00:00,105.43,105.87,103.84,104.51,45880.127,20739.794
2025-09-30 16:00:00,104.5,106.86,104.2,106.84,55647.374,27049.92
2025-09-30 20:00:00,106.84,107.61,106.19,106.88,60075.039,28554.205
2025-10-01 00:00:00,106.87,107.11,105.77,105.8,30449.172,14947.522
2025-10-01 04:00:00,105.79,106.7,105.39,105.98,29942.502,14384.096
2025-10-01 08:00:00,105.97,110.82,105.83,110.39,183112.748,93692.032
2025-10-01 12:00:00,110.38,111.79,109.97,111.33,102813.064,52528.182
2025-10-01 16:00:00,111.34,112.63,110.48,112.14,98664.16,52483.963
2025-10-01 20:00:00,112.14,115.34,111.63,115.1,116544.978,63289.272
2025-10-02 00:00:00,115.11,121.5,115.11,118.45,373586.916,186238.883
2025-10-02 04:00:00,118.45,120.16,117.43,119.39,124608.002,66033.932
2025-10-02 08:00:00,119.39,122.71,118.64,119.84,266184.442,135657.642
2025-10-02 12:00:00,119.85,120.25,117.18,118.82,182047.931,83120.793
2025-10-02 16:00:00,118.82,120.01,117.9,119.45,127503.178,64981.463
2025-10-02 20:00:00,119.46,120.19,118.92,119.54,66780.99,31856.658
2025-10-03 00:00:00,119.54,119.54,117.19,117.38,92890.645,39334.188
2025-10-03 04:00:00,117.38,118.57,115.95,116.44,96111.674,41043.844
2025-10-03 08:00:00,116.43,117.72,115.79,117.41,70601.162,32404.98
2025-10-03 12:00:00,117.4,120.19,117.29,120.04,95894.183,57945.1
2025-10-03 16:00:00,120.03,124.86,118.53,122.43,447379.307,208459.949
2025-10-03 20:00:00,122.42,122.57,120.27,120.56,76656.837,34454.626
2025-10-04 00:00:00,120.57,121,119.07,119.49,64457.967,26591.336
2025-10-04 04:00:00,119.49,119.64,118.29,118.52,43212.404,18488.566
2025-10-04 08:00:00,118.52,118.92,117.68,117.8,45977.951,20318.579
2025-10-04 12:00:00,117.81,118.94,117.42,117.82,55189.152,26113.583
2025-10-04 16:00:00,117.82,119.28,117.75,118.78,33612.991,17047.47
2025-10-04 20:00:00,118.79,120.58,118.79,120.51,48247.678,30271.583
2025-10-05 00:00:00,120.5,124.17,120.19,122.67,140009.195,72934.161
2025-10-05 04:00:00,122.67,122.87,120.55,122.11,140400.61,68594.686
2025-10-05 08:00:00,122.11,122.54,119.62,120.07,86398.878,35883.948
2025-10-05 12:00:00,120.07,120.6,119.4,119.8,49443.859,22226.873
2025-10-05 16:00:00,119.8,120.35,118.35,118.57,48927.248,20531.072
2025-10-05 20:00:00,118.57,119.13,118.46,118.85,41835.943,23082.64
2025-10-06 00:00:00,118.85,121.29,118.1,120.69,105162.045,56031.991
2025-10-06 04:00:00,120.68,121.47,119.44,119.91,68538.476,26211.1
2025-10-06 08:00:00,119.91,120.93,119.73,119.95,46310.874,23776.926
2025-10-06 12:00:00,119.95,121.39,119.65,120.55,81671.575,45174.344
2025-10-06 16:00:00,120.55,120.7,118.64,119.88,97478.408,46693.226
2025-10-06 20:00:00,119.87,120.21,118.11,118.32,65409.113,28999.413
2025-10-07 00:00:00,118.32,119.04,117.67,118.21,57577.532,28987.382
2025-10-07 04:00:00,118.2,119.27,117.37,117.78,57979.119,25029.152
2025-10-07 08:00:00,117.79,118.72,117.46,118.23,61933.355,29614.167
2025-10-07 12:00:00,118.24,119.19,115.16,116.15,150666.326,60905.873
2025-10-07 16:00:00,116.14,116.8,115.41,115.97,56725.544,24770.941
2025-10-07 20:00:00,115.97,117.49,115.97,116.91,37792.406,20125.563
2025-10-08 00:00:00,116.91,118.32,116.56,116.97,59226.354,25932.609
2025-10-08 04:00:00,116.98,117.54,115.34,116.32,56713.587,24254.379
2025-10-08 08:00:00,116.33,117.39,115.77,116.22,53672.158,28820.273
2025-10-08 12:00:00,116.22,117.68,115.79,116.37,64380.548,33937.728
2025-10-08 16:00:00,116.37,119.6,116.17,118.66,86231.744,46946.581
2025-10-08 20:00:00,118.66,118.81,117.71,118.6,29034.096,14944.227
2025-10-09 00:00:00,118.61,120,116.85,118.38,124637.067,64790.201
2025-10-09 04:00:00,118.37,119.69,117.22,117.33,66790.028,31544.679
2025-10-09 08:00:00,117.34,117.36,115.44,116.68,96796.767,39614.158
2025-10-09 12:00:00,116.68,119.2,116.55,118.33,162611.849,78713.594
2025-10-09 16:00:00,118.33,119.04,115.6,119.01,93696.773,46887.004
2025-10-09 20:00:00,119.02,128.2,118.41,125.9,372004.666,212208.766
2025-10-10 00:00:00,125.9,132.83,125.65,131.27,469208.031,255476.468
2025-10-10 04:00:00,131.26,132.2,125.8,128.31,380851.461,180048.686
2025-10-10 08:00:00,128.31,133.11,128.15,132.17,275219.531,150948.367
2025-10-10 12:00:00,132.18,135.99,125.83,127.07,704142.926,347699.986
2025-10-10 16:00:00,127.06,129.31,124.98,126.75,398238.976,190116.129
2025-10-10 20:00:00,126.76,127.64,52.71,96.88,2162162.231,1029725.741
2025-10-11 00:00:00,96.87,102.77,94.58,100.67,831303.814,391775.8
2025-10-11 04:00:00,100.67,101.02,97.75,98.44,384130.884,135924.103
2025-10-11 08:00:00,98.44,100.69,97.28,98.1,319215.673,174590.368
2025-10-11 12:00:00,98.09,98.18,95.18,96.01,377979.669,179195.563
2025-10-11 16:00:00,96.01,97.97,93.15,93.74,222191.796,110390.465
2025-10-11 20:00:00,93.73,94.28,90.05,93.34,258023.227,136846.917
2025-10-12 00:00:00,93.35,94.31,91.61,93.76,164462.664,87638.865
2025-10-12 04:00:00,93.76,96.6,93.52,95.29,129499.517,70573.375
2025-10-12 08:00:00,95.28,95.99,93.98,95.57,134834.727,70579.6
2025-10-12 12:00:00,95.57,99,94.12,98.18,346238.045,187439.497
2025-10-12 16:00:00,98.19,101.05,97.71,100.83,304474.716,169859.209
2025-10-12 20:00:00,100.84,102.16,98.04,98.98,184873.027,96996.153
2025-10-13 00:00:00,98.97,100.11,97.65,99.01,162395.194,87331.46
2025-10-13 04:00:00,99.02,99.16,95.79,97.38,271844.708,125439.303
2025-10-13 08:00:00,97.37,98.7,94.81,96.29,261061.464,128178.998
2025-10-13 12:00:00,96.28,98.8,95.61,97.87,293032.652,154801.386
2025-10-13 16:00:00,97.87,100.45,97.23,100.22,199951.152,110319.93
2025-10-13 20:00:00,100.23,101.34,99.11,99.45,137571.73,74245.408
2025-10-14 00:00:00,99.46,100.55,97.79,98.2,139419.362,64462.933
2025-10-14 04:00:00,98.2,98.38,91.85,93.69,269307.94,119875.672
2025-10-14 08:00:00,93.68,95,91.85,93.25,191250.807,98999.555
2025-10-14 12:00:00,93.25,95.71,91.12,95.58,276697.264,145215.888
2025-10-14 16:00:00,95.59,98.23,94.09,98.13,309543.872,164555.007
2025-10-14 20:00:00,98.13,98.5,97.17,97.33,99375.509,48110.746
2025-10-15 00:00:00,97.33,98.36,96.49,97.18,105484.405,48318.867
2025-10-15 04:00:00,97.18,98.68,96.75,98.16,85973.719,45459.71
2025-10-15 08:00:00,98.16,99.97,96.79,97.06,121888.692,55550.726
2025-10-15 12:00:00,97.05,97.9,94.2,94.7,171073.68,66162.946
2025-10-15 16:00:00,94.7,95.4,93.36,94.45,103059.11,48334.928
2025-10-15 20:00:00,94.46,95.54,93.38,95.5,87110.847,48655.708
2025-10-16 00:00:00,95.5,96.38,94.53,94.81,90940.612,39653.012
2025-10-16 04:00:00,94.81,95.58,93.84,94.85,78871.924,31955.155
2025-10-16 08:00:00,94.85,96.23,92.06,96.04,139921.107,65847.244
2025-10-16 12:00:00,96.04,96.96,91.64,91.77,217907.337,103465.797
2025-10-16 16:00:00,91.77,93.22,89.59,90.54,232912.802,109313.866
2025-10-16 20:00:00,90.54,91.85,89.8,91.79,85589.868,43347.491
2025-10-17 00:00:00,91.79,93.14,91.51,92.11,62117.132,31799.841
2025-10-17 04:00:00,92.12,92.16,84.32,85.21,325338.634,169065.756
2025-10-17 08:00:00,85.21,88.12,83.36,87.65,325219.655,168729.124
2025-10-17 12:00:00,87.65,90,87.45,89.98,171223.069,86769.021
2025-10-17 16:00:00,89.98,91.18,89.46,90.59,133379.001,72209.035
2025-10-17 20:00:00,90.6,91.85,89.98,90.12,81778.37,48541.47
2025-10-18 00:00:00,90.11,91.36,89.96,90.5,75829.193,40435.363
2025-10-18 04:00:00,90.5,91.9,89.88,90.96,56477.013,28337.933
2025-10-18 08:00:00,90.95,91.65,90.65,91.45,65586.428,31919.449
2025-10-18 12:00:00,91.45,91.56,90,91.1,41121.675,20363.197
2025-10-18 16:00:00,91.1,92.24,90.44,91.95,47305.599,24919.778
2025-10-18 20:00:00,91.96,92.21,91.45,91.69,35760.426,17965.59
2025-10-19 00:00:00,91.69,92.59,90.75,92.23,48086.154,23926.968
2025-10-19 04:00:00,92.23,92.63,91.69,91.89,44551.426,21252.742
2025-10-19 08:00:00,91.89,93.79,90.72,93.41,96790.485,49121.05
2025-10-19 12:00:00,93.42,94.66,92.88,94.14,66269.807,32733.607
2025-10-19 16:00:00,94.14,94.78,93.68,94.15,69606.238,40652.688
2025-10-19 20:00:00,94.15,94.38,93.16,93.33,31408.573,13557.518
2025-10-20 00:00:00,93.33,94.82,92.24,94.62,55235.923,30449.475
2025-10-20 04:00:00,94.63,95.79,94.38,95.1,83485.548,43038.363
2025-10-20 08:00:00,95.1,95.43,94.12,94.55,59275.964,30169.473
2025-10-20 12:00:00,94.55,95.74,94.31,94.85,55798.926,27118.687
2025-10-20 16:00:00,94.85,95.54,93.37,95.29,79395.222,38263.637
2025-10-20 20:00:00,95.29,95.4,93.97,94.01,48285.153,22679.489
2025-10-21 00:00:00,94,94.08,92.78,92.93,50687.849,24253.202
2025-10-21 04:00:00,92.92,93.41,91.62,93.03,89035.358,39184.489
2025-10-21 08:00:00,93.03,93.03,91.75,92.9,62638.63,28593.686
2025-10-21 12:00:00,92.9,96.76,92.4,96.27,133607.681,67980.932
2025-10-21 16:00:00,96.27,96.94,94.95,96.08,150595.654,75585.261
2025-10-21 20:00:00,96.09,96.15,92.37,92.46,110501.493,45708.654
2025-10-22 00:00:00,92.45,93.27,91.95,92.95,90899.713,35559.913
2025-10-22 04:00:00,92.94,93.49,91.96,93.17,55047,30571.577
2025-10-22 08:00:00,93.16,93.16,90.93,92.29,91055.854,40574.735
2025-10-22 12:00:00,92.28,93.72,91.87,92.91,104769.936,54369.915
2025-10-22 16:00:00,92.91,94.97,92.21,93.84,127449.178,67248.104
2025-10-22 20:00:00,93.85,94.03,89.91,91.88,143906.479,63451.599
2025-10-23 00:00:00,91.88,92.95,91.79,92.59,36666.413,18568.937
2025-10-23 04:00:00,92.6,94,92.13,93.32,61595.48,36737.19
2025-10-23 08:00:00,93.32,93.99,93.15,93.29,70351.461,33489.033
2025-10-23 12:00:00,93.29,94.49,92.57,94.04,79684.099,38806.55
2025-10-23 16:00:00,94.04,94.79,93.52,93.87,55325.627,25950.519
2025-10-23 20:00:00,93.87,94.06,92.9,94.04,34469.506,16426.654
2025-10-24 00:00:00,94.04,95.3,93.93,94.77,59188.745,28075.448
2025-10-24 04:00:00,94.77,96.13,94.48,96.08,71095.472,40436.696
2025-10-24 08:00:00,96.07,96.68,95.12,96.18,78751.537,43757.02
2025-10-24 12:00:00,96.18,97.45,94.87,95.2,139057.191,65676.751
2025-10-24 16:00:00,95.21,96.35,94.93,96.18,48680.47,26452.458
2025-10-24 20:00:00,96.19,97.04,96.09,96.45,40230.325,19982.63
2025-10-25 00:00:00,96.44,96.97,96.07,96.11,32814.65,14762.505
2025-10-25 04:00:00,96.11,96.99,95.88,96.55,26213.843,13706.557
2025-10-25 08:00:00,96.56,96.59,95.67,96.25,26066.52,12307.556
2025-10-25 12:00:00,96.24,96.48,95.97,96.12,28629.03,14150.884
2025-10-25 16:00:00,96.11,97.07,96,96.96,34777.827,19481.468
2025-10-25 20:00:00,96.97,97.06,96.48,96.97,30296.061,17308.2
2025-10-26 00:00:00,96.96,97.06,96.37,96.46,21043.312,10932.005
2025-10-26 04:00:00,96.46,97.64,96.34,97.45,26400.272,13853.445
2025-10-26 08:00:00,97.44,98.78,97.43,98.65,63390.572,38991.005
2025-10-26 12:00:00,98.65,99.65,98.52,99.23,99073.268,51682.583
2025-10-26 16:00:00,99.22,99.54,98.89,99.25,48880.525,20952.894
2025-10-26 20:00:00,99.25,101.02,98.7,100.02,78527.168,38994.234
2025-10-27 00:00:00,100.02,100.9,99.89,100.03,53696.384,27736.008
2025-10-27 04:00:00,100.03,101.23,99.26,99.78,100100.621,59956.675
2025-10-27 08:00:00,99.78,99.93,98.35,99.27,72833.511,34940.943
2025-10-27 12:00:00,99.27,102.47,98.16,102.04,163589.276,90582.217
2025-10-27 16:00:00,102.05,103.1,101.37,102.04,184273.005,100590.49
2025-10-27 20:00:00,102.03,102.03,98.65,99.39,87285.881,38257.556
2025-10-28 00:00:00,99.4,100.78,98.9,100.05,77328.724,41502.376
2025-10-28 04:00:00,100.05,106.98,99.16,102.46,300846.311,164465.627
2025-10-28 08:00:00,102.47,102.8,100.86,102.23,183465.008,83426.505
2025-10-28 12:00:00,102.23,102.81,97.13,99.08,322857.854,141032.358
2025-10-28 16:00:00,99.08,100.06,97.89,98.3,123247.224,54950.429
2025-10-28 20:00:00,98.31,98.31,95.33,96.65,128322.425,59825.578
2025-10-29 00:00:00,96.64,97.17,96.21,96.43,45263.836,22415.456
2025-10-29 04:00:00,96.43,98.8,96.35,98.69,75038.443,45834.329
2025-10-29 08:00:00,98.69,98.69,97.11,98.44,71218.489,32849.89
2025-10-29 12:00:00,98.43,100.75,97.73,98.2,176608.213,76734.425
2025-10-29 16:00:00,98.2,99.82,95.79,98.73,190060.053,86211.602
2025-10-29 20:00:00,98.74,99.88,98.3,98.53,78559.16,36243.304
2025-10-30 00:00:00,98.53,99.76,97.82,98.95,59165.901,25931.873
2025-10-30 04:00:00,98.94,99,95.66,98.73,123068.623,64208.131
2025-10-30 08:00:00,98.73,98.81,96.54,96.7,50500.959,24440.167
2025-10-30 12:00:00,96.7,97.09,91.68,92.15,251946.823,104015.522
2025-10-30 16:00:00,92.15,92.8,90.37,90.67,121974.501,56719.898
2025-10-30 20:00:00,90.66,93.48,90.43,93.39,82634.083,45922.551
2025-10-31 00:00:00,93.38,94.53,92.98,93.87,62981.756,33858.213
2025-10-31 04:00:00,93.87,94.81,93.7,94.27,54053.893,29249.388
2025-10-31 08:00:00,94.27,95.1,93.96,95,48807.906,31438.769
2025-10-31 12:00:00,95,96.12,94.63,95.64,80278.881,43719.206
2025-10-31 16:00:00,95.63,96.26,93.95,96.12,76238.976,35980.375
2025-10-31 20:00:00,96.12,96.3,95.29,95.38,44667.711,19336.32
2025-11-01 00:00:00,95.38,96.28,95.03,96.15,41463.931,19510.34
2025-11-01 04:00:00,96.15,99.45,95.64,99.12,134501.953,83344.092
2025-11-01 08:00:00,99.12,99.35,97.86,98.66,101915.364,49207.238
2025-11-01 12:00:00,98.66,99.78,98.44,98.68,121374.261,67541.946
2025-11-01 16:00:00,98.67,99.82,98.48,99.75,57895.971,27782.536
2025-11-01 20:00:00,99.75,104,99.58,101.38,129633.93,72936.723
2025-11-02 00:00:00,101.39,101.54,99.41,99.51,65987.285,30931.03
2025-11-02 04:00:00,99.5,100.89,99.4,100.69,48473.226,25817.458
2025-11-02 08:00:00,100.69,101.3,99.83,100.9,106770.308,58211.292
2025-11-02 12:00:00,100.9,100.91,98.23,98.4,143628.778,58002.982
2025-11-02 16:00:00,98.4,98.64,97.5,98.29,57763.916,26670.927
2025-11-02 20:00:00,98.29,99.63,98.05,99.42,43499.36,25715.502
2025-11-03 00:00:00,99.42,99.79,89,94.13,177996.025,59982.881
2025-11-03 04:00:00,94.13,95.02,92.34,93.22,114052.048,57391.798
2025-11-03 08:00:00,93.21,93.89,91.47,91.71,118708.28,51053.546
2025-11-03 12:00:00,91.71,92.8,85.35,87.71,312241.742,155993.294
2025-11-03 16:00:00,87.72,90.12,87.33,87.38,206121.488,91811.035
2025-11-03 20:00:00,87.39,87.75,86.22,87.43,103564.73,53043.892
2025-11-04 00:00:00,87.42,89.9,86.9,89.47,101842.571,47471.291
2025-11-04 04:00:00,89.48,91.2,85.21,86.18,209362.057,98832.513
2025-11-04 08:00:00,86.18,87.89,85.59,87.09,93929.456,48414.154
2025-11-04 12:00:00,87.09,89.03,85.93,87.52,158497.959,79936.672
2025-11-04 16:00:00,87.52,88.35,82.38,83.52,264743.719,123019.658
2025-11-04 20:00:00,83.52,86.01,79.68,85.21,303367.136,153153.897
2025-11-05 00:00:00,85.2,87.24,82.01,86.98,157898.397,86786.719
2025-11-05 04:00:00,86.99,87.72,86.42,87.03,77791.782,37431.004
2025-11-05 08:00:00,87.02,87.09,85.31,86.57,88084.962,42100.182
2025-11-05 12:00:00,86.57,87.82,86,87.78,118060.887,66205.036
2025-11-05 16:00:00,87.78,89.32,87.01,89.01,95951.525,49620.044
2025-11-05 20:00:00,89.02,89.97,88.43,89.39,60159.14,30191.714
2025-11-06 00:00:00,89.39,89.39,87.54,88.49,79883.928,32657.041
2025-11-06 04:00:00,88.49,88.75,86.56,86.77,79112.792,39727.288
2025-11-06 08:00:00,86.76,87.73,86.52,87.4,63708.539,32975.912
2025-11-06 12:00:00,87.41,88.57,86.18,86.63,116621.293,56317.835
2025-11-06 16:00:00,86.62,88.15,85.3,87.47,100283.8,46409.295
2025-11-06 20:00:00,87.48,87.92,86.31,87,56389.06,25426.711
2025-11-07 00:00:00,87.01,89.22,86.89,89.02,86163.561,40492.386
2025-11-07 04:00:00,89.01,90.87,88.35,90.76,97000.069,44638.948
2025-11-07 08:00:00,90.75,90.86,86.93,87.94,158532.927,63864.729
2025-11-07 12:00:00,87.93,94.46,85.95,93.14,294644.125,158194.221
2025-11-07 16:00:00,93.13,104.85,92.42,100.64,821196.851,454386.846
2025-11-07 20:00:00,100.64,103.72,99.66,101.87,182409.241,90992.709
2025-11-08 00:00:00,101.88,102.92,99.92,100.88,254544.339,131277.96
2025-11-08 04:00:00,100.89,102.57,98.4,99.92,178557.889,84351.109
2025-11-08 08:00:00,99.92,100.84,98.14,99.77,146125.8,73740.394
2025-11-08 12:00:00,99.76,100.93,98.29,98.67,166024.63,75259.504
2025-11-08 16:00:00,98.66,101.82,98.02,100.68,165345.679,95531.21
2025-11-08 20:00:00,100.67,107.64,100.56,106.95,179036.433,107753.522
2025-11-09 00:00:00,106.95,109.94,99.56,100.05,408999.876,194820.663
2025-11-09 04:00:00,100.06,102.06,99.41,101.54,157188.525,80145.113
2025-11-09 08:00:00,101.53,106.6,98.8,102.05,318663.992,162126.205
2025-11-09 12:00:00,102.05,110,101,106.85,513026.776,258065.493
2025-11-09 16:00:00,106.84,109.7,104.51,109.53,234114.412,112653.282
2025-11-09 20:00:00,109.52,113.71,108.89,110.31,334400.911,171029.507
2025-11-10 00:00:00,110.3,112.3,107.5,108.36,223932.362,109188.262
2025-11-10 04:00:00,108.36,109.17,107.08,107.23,129632.71,61445.724
2025-11-10 08:00:00,107.23,108.59,106.78,107.13,150120.281,73821.018
2025-11-10 12:00:00,107.14,109.77,105.1,107.43,222455.407,115216.466
2025-11-10 16:00:00,107.43,109.11,106.42,107.61,174703.705,96754.993
2025-11-10 20:00:00,107.61,108.25,103.4,104.25,170967.414,71336.838
2025-11-11 00:00:00,104.24,106.99,102.77,105.23,178094.808,80746.749
2025-11-11 04:00:00,105.23,105.52,102.05,102.12,112404.579,50801.998
2025-11-11 08:00:00,102.11,103.3,101.9,102.67,99170.103,54412.324
2025-11-11 12:00:00,102.68,103.03,99.2,101.01,333883.119,123286.272
2025-11-11 16:00:00,101.01,101.81,99.43,100.23,124206.34,64491.445
2025-11-11 20:00:00,100.24,100.8,99.02,99.68,83928.263,40759.061
2025-11-12 00:00:00,99.69,100.28,98.84,99.47,75326.877,37776.135
2025-11-12 04:00:00,99.47,100.22,99.2,99.59,50782.322,24004.543
2025-11-12 08:00:00,99.59,102.88,99.59,102.05,158630.015,87462.937
2025-11-12 12:00:00,102.05,104.32,99.65,100.02,202831.623,99337.295
2025-11-12 16:00:00,100.02,100.29,94.86,97.16,431351.318,191082.472
2025-11-12 20:00:00,97.16,98.96,96.89,97.59,254433.007,135908.191
2025-11-13 00:00:00,97.6,99.96,97.5,99.02,90364.728,48817.238
2025-11-13 04:00:00,99.02,101.82,98.49,100.61,98757.938,53825.201
2025-11-13 08:00:00,100.61,101.06,98.99,100.21,94984.269,39439.733
2025-11-13 12:00:00,100.21,102.75,98.59,99.58,283869.226,125145.425
2025-11-13 16:00:00,99.57,100.12,93.58,95,287819.988,142988.223
2025-11-13 20:00:00,94.99,97.57,94.19,96.55,126334.097,65791.218
2025-11-14 00:00:00,96.54,97.28,95.53,96.35,100566.492,51095.711
2025-11-14 04:00:00,96.35,99.1,93.22,98.2,221101.851,113893.853
2025-11-14 08:00:00,98.2,98.23,95.33,96.09,162565.578,75611.845
2025-11-14 12:00:00,96.08,97.85,93.73,96.9,276192.093,142002.947
2025-11-14 16:00:00,96.91,100.16,95.83,99.97,161491.847,85433.42
2025-11-14 20:00:00,99.97,100.2,96.12,97.7,150226.319,74042.28
2025-11-15 00:00:00,97.69,106.56,97.57,104.02,279830.775,154565.575
2025-11-15 04:00:00,104.01,106.04,102.31,102.75,157184.632,78363.421
2025-11-15 08:00:00,102.76,103.41,101.48,102.79,105037.453,50212.318
2025-11-15 12:00:00,102.8,109.59,102.29,104.19,364354.966,199519.111
2025-11-15 16:00:00,104.19,104.41,102.2,103.35,94344.174,46510.123
2025-11-15 20:00:00,103.34,103.58,101.61,101.71,88720.087,47983.813
2025-11-16 00:00:00,101.72,103.38,99.87,102.5,113573.933,56112.35
2025-11-16 04:00:00,102.49,102.98,101.34,102.03,62437.206,28203.289
2025-11-16 08:00:00,102.03,102.75,100.15,100.61,74779.887,34876.577
2025-11-16 12:00:00,100.61,101.86,97.67,97.82,135100.011,56633.108
2025-11-16 16:00:00,97.81,98.69,95.05,95.95,189856.193,87226.251
2025-11-16 20:00:00,95.95,97,94.15,95.79,147300.863,67341.544
2025-11-17 00:00:00,95.79,97.94,95.09,97.17,86088.783,45863.744
2025-11-17 04:00:00,97.18,97.72,96.16,97.03,81695.184,41045.13
2025-11-17 08:00:00,97.03,97.24,96.04,96.55,77707.04,37361.802
2025-11-17 12:00:00,96.55,97.52,93.73,94.68,181214.584,86955.344
2025-11-17 16:00:00,94.68,95.97,91.46,91.98,173675.802,82038.742
2025-11-17 20:00:00,91.98,92.65,90.57,91.24,128850.179,58550.238
2025-11-18 00:00:00,91.25,93.26,90.43,93.11,148799.493,70751.619
2025-11-18 04:00:00,93.11,95.87,91.98,95.47,141221.883,76552.108
2025-11-18 08:00:00,95.46,96.5,94.37,95.27,125938.391,63141.361
2025-11-18 12:00:00,95.28,97.55,94.31,96.36,146277.903,75561.918
2025-11-18 16:00:00,96.35,97.37,94.62,95.11,110435.276,59388.907
2025-11-18 20:00:00,95.11,96.64,94.75,95.66,55215.972,25462.202
2025-11-19 00:00:00,95.66,95.99,94.41,94.51,66369.391,32085.827
2025-11-19 04:00:00,94.5,95.02,92.32,94.47,87869.451,41352.486
2025-11-19 08:00:00,94.47,94.89,93.42,93.51,64637.079,29180.53
2025-11-19 12:00:00,93.51,94.59,91.5,91.72,106076.147,48179.575
2025-11-19 16:00:00,91.71,92.14,88.86,89.92,160043.044,74502.722
2025-11-19 20:00:00,89.93,93.23,89.64,92.9,118278.811,55774.021
2025-11-20 00:00:00,92.9,93.82,92.1,93.22,69234.312,36268.037
2025-11-20 04:00:00,93.23,93.76,92.33,93.13,73338.014,30887.741
2025-11-20 08:00:00,93.13,93.13,92.07,92.61,37272.627,16261.921
2025-11-20 12:00:00,92.61,93.17,90.28,90.37,93149.336,43443.926
2025-11-20 16:00:00,90.38,90.49,86.01,87.07,238634.775,118169.257
2025-11-20 20:00:00,87.06,89.04,86.36,87.24,104423.838,53328.761
2025-11-21 00:00:00,87.23,88.67,86.42,87.03,95173.153,47523.75
2025-11-21 04:00:00,87.03,87.57,80.52,84.62,256986.078,120120.559
2025-11-21 08:00:00,84.61,85.87,81.68,81.75,166355.9,78954.4
2025-11-21 12:00:00,81.74,84.45,80.01,82.03,306964.674,159196.336
2025-11-21 16:00:00,82.02,84.54,80.98,82.99,158531.752,78385.989
2025-11-21 20:00:00,82.98,83.25,80.32,82.64,125067.757,53930.154
2025-11-22 00:00:00,82.64,83.9,82.55,83.23,59525.081,28865.008
2025-11-22 04:00:00,83.24,83.56,81.67,83.2,58731.231,29266.358
2025-11-22 08:00:00,83.19,83.2,81.27,82.89,74369.105,37261.629
2025-11-22 12:00:00,82.89,82.9,80.82,81.5,86930.124,43602.444
2025-11-22 16:00:00,81.51,82.56,81.43,82.08,54272.373,30373.478
2025-11-22 20:00:00,82.08,83.08,81.31,82.12,57080.746,34222.694
2025-11-23 00:00:00,82.11,84.15,81.85,83.72,95664.583,52793.635
2025-11-23 04:00:00,83.71,84.39,82.5,83.13,78091.87,36714.727
2025-11-23 08:00:00,83.12,83.68,82.58,83.08,50773.854,29496.413
2025-11-23 12:00:00,83.07,84.17,82.88,83.75,60469.764,32016.572
2025-11-23 16:00:00,83.75,84.19,82.92,83.85,59297.628,29492.087
2025-11-23 20:00:00,83.85,84.45,82.85,83.09,58827.85,30751.226
2025-11-24 00:00:00,83.09,85,82.19,84.18,71482.313,37355.184
2025-11-24 04:00:00,84.19,84.89,83.02,83.88,67758.901,32059.985
2025-11-24 08:00:00,83.88,84.49,82.62,83.21,67497.963,28505.526
2025-11-24 12:00:00,83.2,84.51,82.26,84.18,95637.123,48357.468
2025-11-24 16:00:00,84.17,86.98,84.09,86.02,127098.689,66324.427
2025-11-24 20:00:00,86.03,87.25,85.42,85.46,77567.008,36837.015
2025-11-25 00:00:00,85.46,86.51,85.21,85.41,46051.684,24776.265
2025-11-25 04:00:00,85.4,85.78,84.01,84.1,72619.175,38482.761
2025-11-25 08:00:00,84.1,84.6,83.52,83.73,85644.15,38573.567
2025-11-25 12:00:00,83.73,84.56,83.08,84.22,91608.936,52313.236
2025-11-25 16:00:00,84.22,86.76,84.2,85.38,104737.836,56912.966
2025-11-25 20:00:00,85.39,86.13,84.14,85.3,100805.464,44493.32
2025-11-26 00:00:00,85.29,86.2,84.49,84.53,46612.016,21477.315
2025-11-26 04:00:00,84.53,85.47,84.42,85.4,37317.27,18798.227
2025-11-26 08:00:00,85.39,85.45,83.89,84.18,57297.899,24304.62
2025-11-26 12:00:00,84.17,84.78,83.28,83.82,75972.25,41974.253
2025-11-26 16:00:00,83.83,87.09,83.81,86.6,125841.429,75447.744
2025-11-26 20:00:00,86.61,87.72,86.11,86.87,54749.774,26304.613
2025-11-27 00:00:00,86.85,87.19,85.97,86.19,47953.588,22603.588
2025-11-27 04:00:00,86.18,86.77,86.15,86.48,35951.245,16486.542
2025-11-27 08:00:00,86.48,87.32,86.04,86.44,45447.305,22740.508
2025-11-27 12:00:00,86.43,87.3,86.01,87.25,55325.136,30501.914
2025-11-27 16:00:00,87.24,87.63,86.84,87.32,43585.357,19856.732
2025-11-27 20:00:00,87.31,87.8,86.41,86.59,42983.557,21003.68
2025-11-28 00:00:00,86.59,86.77,84.69,85.3,58216.306,20341.492
2025-11-28 04:00:00,85.3,85.45,84.43,84.63,55919.315,20035.34
2025-11-28 08:00:00,84.62,86.31,84.57,85.06,62319.7,35344.99
2025-11-28 12:00:00,85.05,86.77,84.69,85.97,77412.754,33400.253
2025-11-28 16:00:00,85.98,86,83.13,84.78,85209.393,34154.055
2025-11-28 20:00:00,84.78,84.94,84.22,84.22,27128.161,14825.596
2025-11-29 00:00:00,84.22,84.98,84.1,84.43,24276.488,11951.061
2025-11-29 04:00:00,84.43,85.73,83.98,84.22,45942.092,21810.703
2025-11-29 08:00:00,84.22,84.72,84.01,84.63,25459.635,12966.204
2025-11-29 12:00:00,84.64,84.71,83.96,84.41,32853.593,14321.692
2025-11-29 16:00:00,84.41,84.52,83.14,83.74,38906.727,18696.514
2025-11-29 20:00:00,83.73,84.27,83.54,83.95,21056.673,11891.57
2025-11-30 00:00:00,83.95,84.54,83.41,84.16,18062.948,9321.29
2025-11-30 04:00:00,84.17,84.24,83.54,84.13,20276.169,8459.522
2025-11-30 08:00:00,84.13,84.71,83.77,83.93,23499.344,14078.327
2025-11-30 12:00:00,83.94,84.83,83.74,83.92,37643.304,18317.92
2025-11-30 16:00:00,83.92,84.52,83.83,83.98,31700.475,16055
2025-11-30 20:00:00,83.98,84.27,82.27,82.38,42380.742,19751.304
2025-12-01 00:00:00,82.37,82.5,77.7,78.05,278469.633,128421.691
2025-12-01 04:00:00,78.05,78.15,76.94,77.5,109633.719,55023.661
2025-12-01 08:00:00,77.51,78.18,77.35,77.45,66402.215,38465.207
2025-12-01 12:00:00,77.45,77.54,74.66,75.65,162680.719,69948.589
2025-12-01 16:00:00,75.65,76.23,75.01,76.05,79391.392,47320.006
2025-12-01 20:00:00,76.04,77.96,76.04,77.55,72377.536,40906.068
2025-12-02 00:00:00,77.56,78.53,77.31,77.86,34307.312,17048.052
2025-12-02 04:00:00,77.86,78.1,77.36,78.04,32480.365,17041.494
2025-12-02 08:00:00,78.05,78.79,77.32,78.63,48430.739,23825.246
2025-12-02 12:00:00,78.64,83.06,78.3,82.46,158162.345,84768.571
2025-12-02 16:00:00,82.47,83.2,81.74,82.77,89543.93,40330.096
2025-12-02 20:00:00,82.77,83.31,82.23,82.79,53645.815,24628.202
2025-12-03 00:00:00,82.8,84.22,82.5,84.01,62620.867,33611.999
2025-12-03 04:00:00,84.01,85.97,83.74,85.18,94517.221,50683.643
2025-12-03 08:00:00,85.19,85.88,84.89,85.48,43795.298,19876.891
2025-12-03 12:00:00,85.48,85.96,83.68,85.15,104055.967,48671.949
2025-12-03 16:00:00,85.16,86.17,84.68,85.77,73348.226,35939.917
2025-12-03 20:00:00,85.77,86.73,85.55,85.83,123500.194,63182.566
2025-12-04 00:00:00,85.83,86.77,85.47,86.17,47902.086,23137.922
2025-12-04 04:00:00,86.17,86.21,85.27,85.6,42407.759,19333.845
2025-12-04 08:00:00,85.6,85.76,83.98,84.04,87020.481,35036.157
2025-12-04 12:00:00,84.05,84.84,83.3,84.47,108906.129,49187.936
2025-12-04 16:00:00,84.47,84.68,82.16,83.33,125160.573,62263.815
2025-12-04 20:00:00,83.33,84.17,83.18,83.54,46121.61,20733.641
2025-12-05 00:00:00,83.54,84.13,83.27,83.43,30656.892,13480.139
2025-12-05 04:00:00,83.43,83.95,83.06,83.63,34486.152,17909.285
2025-12-05 08:00:00,83.62,83.68,81.71,82.22,98436.433,48642.007
2025-12-05 12:00:00,82.22,82.99,81.56,82.01,71661.139,36486.816
2025-12-05 16:00:00,82,82.04,79.59,80.4,114927.717,49665.974
2025-12-05 20:00:00,80.4,80.49,79.75,80.38,54525.589,21881.099
2025-12-06 00:00:00,80.39,80.9,79.93,80.66,26933.68,13682.706
2025-12-06 04:00:00,80.67,80.7,80.03,80.19,22492.197,10704.285
2025-12-06 08:00:00,80.19,81.29,79.9,81.11,42122.704,24042.139
2025-12-06 12:00:00,81.1,82.03,80.87,80.91,54208.71,26414.816
2025-12-06 16:00:00,80.91,82.52,80.84,81.68,99141.029,56244.118
2025-12-06 20:00:00,81.68,82.11,81.27,81.68,26316.588,13833.355
2025-12-07 00:00:00,81.67,82.33,81.67,82.17,18191.608,9041.133
2025-12-07 04:00:00,82.18,82.74,81.9,82.39,22764.248,14696.107
2025-12-07 08:00:00,82.39,82.46,81.34,81.68,29611.933,13393.142
2025-12-07 12:00:00,81.69,82.39,79.88,81.64,77366.541,37376.792
2025-12-07 16:00:00,81.64,83.76,81.02,83.24,72129.439,35791.285
2025-12-07 20:00:00,83.25,83.34,80.1,81.43,58862.533,25801.091
2025-12-08 00:00:00,81.43,82.98,81.01,82.43,39507.677,20910.078
2025-12-08 04:00:00,82.43,83.88,82.43,83.22,64040.349,40372.595
2025-12-08 08:00:00,83.21,84.18,83.16,83.59,73666.758,30729.836
2025-12-08 12:00:00,83.59,84.01,82.72,83.36,77039.155,38551.445
2025-12-08 16:00:00,83.35,84.23,82.98,83.24,69226.376,38874.663
2025-12-08 20:00:00,83.24,84.49,83.24,83.87,33151.175,19242.32
2025-12-09 00:00:00,83.87,84.38,82.71,83.54,38750.689,19637.223
2025-12-09 04:00:00,83.55,83.62,82.47,83.43,32912.415,17523.633
2025-12-09 08:00:00,83.43,83.86,82.81,83.33,34612.137,17346.169
2025-12-09 12:00:00,83.34,85.91,83.22,85.86,107744.974,57766.272
2025-12-09 16:00:00,85.86,87.54,85.85,86.4,168929.937,86861.986
2025-12-09 20:00:00,86.39,86.47,84.86,85.82,55542.923,25586.919
2025-12-10 00:00:00,85.82,85.98,84.46,84.67,50843.961,19426.537
2025-12-10 04:00:00,84.66,84.87,83.97,84.25,31154.653,15999.712
2025-12-10 08:00:00,84.24,85.08,83.74,84.17,46353.604,22479.582
2025-12-10 12:00:00,84.17,84.59,83.92,84.22,33923.017,17217.208
2025-12-10 16:00:00,84.21,85.91,84.05,85.67,102868.288,46880.579
2025-12-10 20:00:00,85.67,87.09,84.19,84.3,78615.336,33496.283
2025-12-11 00:00:00,84.3,84.59,80.31,80.66,157508.318,75496.658
2025-12-11 04:00:00,80.65,81.71,80.32,80.89,41411.426,20950.026
2025-12-11 08:00:00,80.89,81.25,80.46,80.98,51233.947,28411.539
2025-12-11 12:00:00,80.98,81.5,80.51,81.05,75976.789,39222.038
2025-12-11 16:00:00,81.03,82.36,80.55,81.66,59219.356,29764.971
2025-12-11 20:00:00,81.66,83.52,81.61,82.93,61840.757,32564.075
2025-12-12 00:00:00,82.93,83.4,82.25,82.93,37848.037,17964.632
2025-12-12 04:00:00,82.93,83.65,82.54,83.39,29830.728,18746.125
2025-12-12 08:00:00,83.39,84.41,83.09,84.05,39456.357,21627.627
2025-12-12 12:00:00,84.05,84.49,80.82,81.36,98688.561,51476.738
2025-12-12 16:00:00,81.35,82.23,80.5,81.32,69075.161,33938.869
2025-12-12 20:00:00,81.32,82.15,81.26,81.95,25567.436,13078.848
2025-12-13 00:00:00,81.95,82.45,81.76,82.35,21015.76,9473.845
2025-12-13 04:00:00,82.35,82.45,81.63,81.81,24449.279,10596.847
2025-12-13 08:00:00,81.82,82.28,81.58,81.62,30499.902,14083.909
2025-12-13 12:00:00,81.61,81.94,81.22,81.74,27770.309,15905.012
2025-12-13 16:00:00,81.75,82,81.27,81.39,24882.742,11609.8
2025-12-13 20:00:00,81.38,81.59,80.77,81.47,21946.435,12071.558
2025-12-14 00:00:00,81.47,81.99,81.24,81.49,18077.543,9265.487
2025-12-14 04:00:00,81.48,81.54,80.7,81.05,19206.435,11133.331
2025-12-14 08:00:00,81.05,81.25,79.4,80,56286.316,27159.79
2025-12-14 12:00:00,80,80.55,78.78,78.92,42471.818,23365.771
2025-12-14 16:00:00,78.91,79.55,78.8,79.13,33402.767,18275.195
2025-12-14 20:00:00,79.13,79.52,77.96,78.96,76644.538,41127.458
2025-12-15 00:00:00,78.96,81.02,78.94,80.39,43699.614,25083.84
2025-12-15 04:00:00,80.4,81.32,80.4,80.79,25822.477,13051.115
2025-12-15 08:00:00,80.79,81.42,80.68,81.06,27451.279,14444.514
2025-12-15 12:00:00,81.05,81.13,77.49,77.84,120275.419,55437.728
2025-12-15 16:00:00,77.84,78.25,75.74,76.98,117104.244,63262.78
2025-12-15 20:00:00,76.98,77.82,76.21,77.51,42671.668,28417.32
2025-12-16 00:00:00,77.52,77.88,76.82,77.85,45730.476,25265.387
2025-12-16 04:00:00,77.85,78.09,76.44,77.17,48609.738,25751.8
2025-12-16 08:00:00,77.17,79.11,77.12,78.97,63287.815,33941.5
2025-12-16 12:00:00,78.96,79.6,77.17,79.44,147013.857,76296.542
2025-12-16 16:00:00,79.44,79.89,78.58,79.2,66695.009,33132.964
2025-12-16 20:00:00,79.2,79.47,78.77,79.08,27533.231,13689.415
2025-12-17 00:00:00,79.07,79.76,78.82,79.15,39491.359,13449.265
2025-12-17 04:00:00,79.15,79.42,78.43,78.88,30797.852,15942.884
2025-12-17 08:00:00,78.87,78.98,77.9,78.81,31213.627,15966.052
2025-12-17 12:00:00,78.8,81.04,78.02,78.24,115345.935,56319.059
2025-12-17 16:00:00,78.23,78.66,75.16,76.19,117383.292,58550.41
2025-12-17 20:00:00,76.2,76.73,75.35,76.01,42030.224,21026.296
2025-12-18 00:00:00,76.01,76.44,75.49,75.79,24665.101,10400.404
2025-12-18 04:00:00,75.78,76.04,74.79,75.35,54981.561,24506.734
2025-12-18 08:00:00,75.35,76.38,75.34,76.22,58599.717,33493.101
2025-12-18 12:00:00,76.22,78.56,75.93,77.66,102722.407,56583.615
2025-12-18 16:00:00,77.65,77.9,72.64,72.75,164479.108,83952.151
2025-12-18 20:00:00,72.75,74.69,72.72,74.29,69883.549,36540.841
2025-12-19 00:00:00,74.28,76.25,73.56,75.77,58976.862,30516.513
2025-12-19 04:00:00,75.77,76.56,75.24,75.87,52609.508,28628.907
2025-12-19 08:00:00,75.86,76.3,75.6,76.23,57269.583,35393.262
2025-12-19 12:00:00,76.23,77.44,75.86,76.25,76645.733,43423.033
2025-12-19 16:00:00,76.24,77.75,76.01,77.68,88813.364,45968.285
2025-12-19 20:00:00,77.68,78.02,77.32,77.49,27753.417,14576.456
2025-12-20 00:00:00,77.49,77.68,76.92,76.94,14936.97,7949.665
2025-12-20 04:00:00,76.93,77.16,76.43,77.11,21928.442,10923.466
2025-12-20 08:00:00,77.11,77.74,77.07,77.37,24657.232,10096.974
2025-12-20 12:00:00,77.37,77.38,76.67,76.7,27916.95,12566.35
2025-12-20 16:00:00,76.71,77.44,76.58,77.31,28004.003,15505.288
2025-12-20 20:00:00,77.32,79.41,77.3,77.84,40446.824,19940.988
2025-12-21 00:00:00,77.84,78.05,76.81,77.23,26444.426,11232.831
2025-12-21 04:00:00,77.22,77.48,76.99,77.19,29319.962,14364.802
2025-12-21 08:00:00,77.18,77.99,76.9,77.4,33827.97,21024.997
2025-12-21 12:00:00,77.41,77.61,75.46,75.96,60138.495,29707.149
2025-12-21 16:00:00,75.95,76.79,75.8,76.61,33177.384,16425.178
2025-12-21 20:00:00,76.6,76.98,75.96,76.79,25440.888,13468.155
2025-12-22 00:00:00,76.79,78.3,76.44,77.99,57999.6,33046.516
2025-12-22 04:00:00,77.99,78.28,77.41,77.81,25037.332,12041.83
2025-12-22 08:00:00,77.81,78.34,77.68,77.93,34390.986,17812.348
2025-12-22 12:00:00,77.93,79.49,77.67,79.31,79683.18,45474.323
2025-12-22 16:00:00,79.32,79.41,76.93,77.06,57936.475,26759.351
2025-12-22 20:00:00,77.05,77.32,76.35,77.05,52784.145,30190.461
2025-12-23 00:00:00,77.05,77.44,76.16,76.78,34997.78,21372.746
2025-12-23 04:00:00,76.77,77.09,76.33,76.79,34461.334,18449.656
2025-12-23 08:00:00,76.79,77.03,76.32,76.93,42447.201,23690.735
2025-12-23 12:00:00,76.93,77.12,75.53,76.69,64287.028,36128.101
2025-12-23 16:00:00,76.69,77.72,76.4,77.23,56535.631,27256.527
2025-12-23 20:00:00,77.23,77.96,76.6,77.01,27795.086,13106.584
2025-12-24 00:00:00,77.01,77.42,75.99,76.62,28627.307,12950.019
2025-12-24 04:00:00,76.63,76.93,75.56,75.69,29197.551,13360.668
2025-12-24 08:00:00,75.68,76.47,75.29,76.15,40898.293,17961.531
2025-12-24 12:00:00,76.15,76.83,75.22,75.92,75516.406,34637.531
2025-12-24 16:00:00,75.92,76.13,75.39,75.78,59595.986,29771.488
2025-12-24 20:00:00,75.78,76.14,75.42,75.79,32302.114,15602.89
2025-12-25 00:00:00,75.79,76.49,75.54,76.25,23609.054,10466.536
2025-12-25 04:00:00,76.26,77.03,76.09,76.94,28367.653,15439.344
2025-12-25 08:00:00,76.95,77.3,75.94,76.19,32175.645,14545.217
2025-12-25 12:00:00,76.19,77.3,76.02,77,41737.99,23377.67
2025-12-25 16:00:00,77.01,77.57,76.72,77.4,31694.793,15472.211
2025-12-25 20:00:00,77.41,77.53,75.36,75.71,46907.922,23145.24
2025-12-26 00:00:00,75.7,77.91,75.67,77.55,60836.318,31473.503
2025-12-26 04:00:00,77.54,78,77.14,77.24,33355.372,17633.062
2025-12-26 08:00:00,77.23,77.47,76.75,77.09,51616.459,24766.258
2025-12-26 12:00:00,77.08,77.5,75.48,76.64,58925.761,28143.271
2025-12-26 16:00:00,76.63,76.96,76.09,76.83,28753.046,14746.104
2025-12-26 20:00:00,76.82,77.22,76.54,76.87,21022.487,11194.04
2025-12-27 00:00:00,76.87,77.66,76.76,77.55,22301.882,14069.897
2025-12-27 04:00:00,77.55,77.61,77.04,77.05,20377.204,7223.399
2025-12-27 08:00:00,77.05,77.9,77.02,77.89,37390.448,19904.427
2025-12-27 12:00:00,77.89,78.79,77.89,78.68,53207.048,25969.561
2025-12-27 16:00:00,78.68,79.17,78.56,79.17,37632.541,18282.793
2025-12-27 20:00:00,79.17,80.58,78.95,80.33,40349.023,22340.881
2025-12-28 00:00:00,80.33,80.58,79.34,79.38,43358.364,17478.69
2025-12-28 04:00:00,79.39,79.94,79.07,79.67,24950.331,14180.775
2025-12-28 08:00:00,79.68,80.11,79.17,79.27,29669.052,13801.926
2025-12-28 12:00:00,79.28,79.58,78.92,79.39,24215.335,13034.478
2025-12-28 16:00:00,79.39,79.7,78.19,78.29,45923.254,21249.086
2025-12-28 20:00:00,78.3,78.76,77.87,78.73,51692.01,27604.207
2025-12-29 00:00:00,78.73,80.2,78.46,80.12,54607.292,29769.421
2025-12-29 04:00:00,80.12,80.25,78.61,79.23,50082.48,25718.67
2025-12-29 08:00:00,79.23,79.29,77.6,77.85,50047.413,22074.267
2025-12-29 12:00:00,77.85,78.53,76.92,78.24,84016.054,46352.273
2025-12-29 16:00:00,78.24,78.42,77.37,77.94,43743.662,22331.383
2025-12-29 20:00:00,77.94,78.6,77.84,78.32,27488.273,13455.315
2025-12-30 00:00:00,78.33,78.6,77.7,78.2,24226.383,12363.459
2025-12-30 04:00:00,78.2,78.55,78.05,78.28,36378.937,13908.044
2025-12-30 08:00:00,78.27,78.82,77.95,78.04,48058.227,17583.22
2025-12-30 12:00:00,78.05,78.77,77.74,78.69,54436.637,26677.021
2025-12-30 16:00:00,78.69,78.77,77.62,78.17,40041.987,21114.497
2025-12-30 20:00:00,78.16,79.03,77.76,78.89,35485.521,18091.905
2025-12-31 00:00:00,78.88,78.89,77.82,78.11,30702.633,15242.905
2025-12-31 04:00:00,78.12,78.41,77.93,78.23,18115.914,9632.912
2025-12-31 08:00:00,78.22,78.45,77.78,78.25,36564.585,19014.019
2025-12-31 12:00:00,78.25,78.55,77.2,77.62,55775.879,31522.434
2025-12-31 16:00:00,77.62,77.63,76.34,76.59,61494.933,28972.077
2025-12-31 20:00:00,76.59,77,76.08,76.85,30466.062,14893.18
2026-01-01 00:00:00,76.86,77.37,76.78,76.91,17384.64,8390.627
2026-01-01 04:00:00,76.92,77.34,76.7,77.17,14005.296,7596.021
2026-01-01 08:00:00,77.16,77.84,77.15,77.8,24900.87,13771.997
2026-01-01 12:00:00,77.8,79.19,77.52,78.84,43918.533,23314.216
2026-01-01 16:00:00,78.84,79.45,78.53,79.43,59231.66,30464.618
2026-01-01 20:00:00,79.43,80.03,79.27,79.97,34961.743,18748.462
2026-01-02 00:00:00,79.97,80.35,79.04,80.16,42864.899,21662.125
2026-01-02 04:00:00,80.16,80.28,79.2,79.32,27033.862,11560.461
2026-01-02 08:00:00,79.32,80.56,79.29,79.68,45845.463,23567.826
2026-01-02 12:00:00,79.69,81.15,79.64,80.55,65747.993,33046.487
2026-01-02 16:00:00,80.54,81.61,80.43,81.31,65116.054,35043.625
2026-01-02 20:00:00,81.32,82.25,81.01,81.93,38647.037,17198.761
2026-01-03 00:00:00,81.94,82.82,81.89,82.68,33658.643,18287.06
2026-01-03 04:00:00,82.67,82.81,81.06,81.37,51506.108,27118.272
2026-01-03 08:00:00,81.37,81.85,81.15,81.39,73993.909,30625.436
2026-01-03 12:00:00,81.4,81.95,80.77,81.28,41252.274,20083.425
2026-01-03 16:00:00,81.28,82.55,81.19,82.24,26528.272,14344.054
2026-01-03 20:00:00,82.25,82.53,81.92,82.08,22518.461,10399.175
2026-01-04 00:00:00,82.09,82.78,82,82.54,25079.516,12045.926
2026-01-04 04:00:00,82.53,82.84,82.07,82.2,27754.566,12036.831
2026-01-04 08:00:00,82.21,82.73,81.72,82.56,46327.379,26576.236
2026-01-04 12:00:00,82.57,83.07,82.15,82.68,76057.579,33296.247
2026-01-04 16:00:00,82.68,83.17,81.65,82.16,53342.443,23850.038
2026-01-04 20:00:00,82.17,82.45,81.75,82.26,25498.089,12770.867
2026-01-05 00:00:00,82.26,83.68,82.01,82.62,113531.251,60559.092
2026-01-05 04:00:00,82.62,82.79,81.44,82.39,60266.451,29749.423
2026-01-05 08:00:00,82.39,82.51,81.62,82.03,43448.665,22567.555
2026-01-05 12:00:00,82.03,83.67,81.64,83.4,81856.831,44245.698
2026-01-05 16:00:00,83.41,84.12,82.09,83.68,62296.737,34212.669
2026-01-05 20:00:00,83.68,84.57,83.46,83.46,66513.513,36296.775
2026-01-06 00:00:00,83.46,84.12,82.82,83.85,36038.929,18191.05
2026-01-06 04:00:00,83.85,84.01,82.83,83.1,42785.722,20833.457
2026-01-06 08:00:00,83.09,83.82,82.93,83.82,41873.333,23393.283
2026-01-06 12:00:00,83.81,84.89,83.23,83.53,107541.658,63249.814
2026-01-06 16:00:00,83.52,83.61,81.16,82.46,87273.477,40390.886
2026-01-06 20:00:00,82.45,84.15,82.44,83.96,40609.324,20157.152
2026-01-07 00:00:00,83.95,83.97,82.71,83.33,27891.363,13626.24
2026-01-07 04:00:00,83.33,83.64,82.85,83.49,22045.075,11078.871
2026-01-07 08:00:00,83.5,83.96,82.57,82.77,56818.954,29640.843
2026-01-07 12:00:00,82.77,82.92,81.27,81.56,79656.488,39597.522
2026-01-07 16:00:00,81.55,81.94,81,81.46,58292.956,26501.322
2026-01-07 20:00:00,81.47,81.98,81.18,81.71,31841.167,18202.254
2026-01-08 00:00:00,81.71,82.3,81.21,81.3,32339.795,17298.943
2026-01-08 04:00:00,81.3,82.05,80.3,81.32,61161.019,34851.01
2026-01-08 08:00:00,81.31,81.6,80.21,80.93,41642.128,21380.388
2026-01-08 12:00:00,80.92,81.42,80,81.37,56661.649,30538.832
2026-01-08 16:00:00,81.36,81.66,80.78,81.04,35748.802,16292.73
2026-01-08 20:00:00,81.04,81.67,80.46,81.31,24737.168,14234.05
2026-01-09 00:00:00,81.31,82.12,81.15,81.86,26675.065,15461.176
2026-01-09 04:00:00,81.85,81.97,81.37,81.54,20131.682,10246.434
2026-01-09 08:00:00,81.55,81.78,80.54,81.2,36686.185,16102.388
2026-01-09 12:00:00,81.2,81.86,79.91,81.34,102664.923,49854.3
2026-01-09 16:00:00,81.33,81.99,80.76,81.01,41162.531,19990.928
2026-01-09 20:00:00,81,81.67,80.84,81.49,24251.776,11185.152
2026-01-10 00:00:00,81.48,81.59,80.93,81.14,17832.794,10121.838
2026-01-10 04:00:00,81.14,81.7,80.8,81.61,11516.961,5952.848
2026-01-10 08:00:00,81.6,81.82,81.32,81.82,18876.446,10560.92
2026-01-10 12:00:00,81.82,82.42,81.43,81.54,42883.447,20996.722
2026-01-10 16:00:00,81.54,81.72,80.99,81.36,42138.139,20064.03
2026-01-10 20:00:00,81.37,81.44,80.88,81.19,16098.912,7787.518
2026-01-11 00:00:00,81.19,81.78,81.08,81.74,16089.31,8795.647
2026-01-11 04:00:00,81.74,81.74,81.05,81.26,76349.359,39154.021
2026-01-11 08:00:00,81.25,81.5,80.96,81.04,28394.693,13429.076
2026-01-11 12:00:00,81.05,81.32,80.41,80.55,57090.038,24898.168
2026-01-11 16:00:00,80.55,81.19,80.24,80.3,46189.731,21349.833
2026-01-11 20:00:00,80.3,80.3,78.53,78.79,99347.355,39989.459
2026-01-12 00:00:00,78.79,79.97,77.74,79.26,136606.652,67516.16
2026-01-12 04:00:00,79.26,80.75,78.57,78.62,86786.331,32688.036
2026-01-12 08:00:00,78.61,78.99,77.29,77.62,77852.175,30457.108
2026-01-12 12:00:00,77.61,77.62,75.6,77.19,204018.611,94601.422
2026-01-12 16:00:00,77.18,77.76,75.92,76.22,162488.316,50894.222
2026-01-12 20:00:00,76.23,76.74,75.86,76.12,98352.558,45324.95
2026-01-13 00:00:00,76.11,76.62,75.76,76.22,102303.389,34355.975
2026-01-13 04:00:00,76.22,77.18,76.16,76.8,71749.318,33082.183
2026-01-13 08:00:00,76.79,77.01,75.26,76.33,166202.759,63776.695
2026-01-13 12:00:00,76.32,77.49,75.97,77.06,265951.48,116757.053
2026-01-13 16:00:00,77.06,77.93,75.91,77.26,254358.801,106203.637
2026-01-13 20:00:00,77.26,78.95,76.34,78.18,231644.249,108842.34
2026-01-14 00:00:00,78.17,79.38,77.66,79.32,169907.588,70486.416
2026-01-14 04:00:00,79.32,79.44,78.08,79.08,175615.67,75834.71
2026-01-14 08:00:00,79.08,79.58,77.79,77.88,172067.239,88996.279
2026-01-14 12:00:00,77.87,80.97,77.85,79.71,323460.906,160859.829
2026-01-14 16:00:00,79.72,80.29,77.34,77.51,553315.819,275789.697
2026-01-14 20:00:00,77.5,78.02,75.8,76.67,334153.455,107399.282
2026-01-15 00:00:00,76.66,76.82,73.07,73.95,321272.131,133696.487
2026-01-15 04:00:00,73.95,74.83,73.91,74.55,149730.158,73624.714
2026-01-15 08:00:00,74.55,76.92,74.37,75.65,243524.767,132499.917
2026-01-15 12:00:00,75.65,76.14,69.46,72.36,379531.147,165281.173
2026-01-15 16:00:00,72.36,73.38,71.65,72.03,303438.897,143800.036
2026-01-15 20:00:00,72.03,72.56,71.1,72.21,105757.314,48739.079
2026-01-16 00:00:00,72.21,72.62,71.5,72.37,99525.065,42833.759
2026-01-16 04:00:00,72.36,72.49,71.24,72.2,90371.953,40641.31
2026-01-16 08:00:00,72.2,72.93,71.9,72.87,96559.887,43992.077
2026-01-16 12:00:00,72.86,72.98,70.92,71.98,180733.53,83048.354
2026-01-16 16:00:00,71.97,74.84,71.63,74.26,237543.879,132170.461
2026-01-16 20:00:00,74.25,76.07,73.59,75.22,142032.73,73592.68
2026-01-17 00:00:00,75.21,75.99,74.16,74.35,88932.285,42855.455
2026-01-17 04:00:00,74.35,75,73.84,74.76,50531.084,27048.472
2026-01-17 08:00:00,74.75,75.24,74.49,74.52,50993.996,23955.155
2026-01-17 12:00:00,74.52,75.08,73.96,74.9,62893.966,34380.557
2026-01-17 16:00:00,74.91,75.18,74.36,75.14,44471.563,23493.141
2026-01-17 20:00:00,75.14,75.36,74.51,74.92,29326.287,12864.402
2026-01-18 00:00:00,74.92,75.21,74.24,74.95,41454.059,20262.936
2026-01-18 04:00:00,74.96,75.2,74.37,74.96,35639.038,21064.759
2026-01-18 08:00:00,74.95,75.8,74.76,75.49,69216.676,40855.241
2026-01-18 12:00:00,75.49,75.9,74.34,74.88,77105.315,35873.512
2026-01-18 16:00:00,74.87,75.56,74.61,75.1,58764.515,36226.065
2026-01-18 20:00:00,75.1,75.43,72.1,72.29,95004.945,41832.547
2026-01-19 00:00:00,72.28,72.28,65.58,70.23,515888.189,243078.939
2026-01-19 04:00:00,70.23,70.64,69.79,70.58,93664.868,54857.757
2026-01-19 08:00:00,70.58,71.27,69.79,70.21,109510.818,51545.419
2026-01-19 12:00:00,70.21,71.13,69.61,70.69,139339.48,74898.157
2026-01-19 16:00:00,70.69,71.73,70.3,71.58,71396.551,33694.851
2026-01-19 20:00:00,71.58,71.72,70.08,70.8,63681.007,26834.207
2026-01-20 00:00:00,70.79,71.05,70.04,70.24,53756.28,29565.81
2026-01-20 04:00:00,70.23,70.76,69.43,69.51,91219.491,40317.017
2026-01-20 08:00:00,69.5,69.92,68.95,69.46,66956.635,32019.767
2026-01-20 12:00:00,69.46,70.06,68.36,68.69,143305.731,65894.162
2026-01-20 16:00:00,68.68,69.16,66.89,67.55,202276.687,94627.69
2026-01-20 20:00:00,67.54,67.81,65.9,67.12,142364.52,67823.771
2026-01-21 00:00:00,67.12,69,67,68.86,72379.686,33077.628
2026-01-21 04:00:00,68.85,69.39,68.77,68.94,46986.564,22473.573
2026-01-21 08:00:00,68.93,68.94,67.97,68.04,67456.164,35409.637
2026-01-21 12:00:00,68.03,69.29,67.23,69.14,114350.782,55710.361
2026-01-21 16:00:00,69.14,69.3,66.03,69.2,290040.597,161395.936
2026-01-21 20:00:00,69.2,69.71,68.28,68.48,86756.569,43195.197
2026-01-22 00:00:00,68.48,69.65,68.47,68.64,42720.206,20287.74
2026-01-22 04:00:00,68.63,68.97,68,68.42,57933.838,28993.199
2026-01-22 08:00:00,68.43,69.05,68.24,68.44,47460.379,23734.03
2026-01-22 12:00:00,68.43,68.79,67.06,68.04,118379.036,59073.19
2026-01-22 16:00:00,68.04,68.63,67.76,68.33,79466.049,39092.204
2026-01-22 20:00:00,68.33,68.45,67.72,68.19,55014.464,29626.561
2026-01-23 00:00:00,68.2,69.6,68.12,69.34,57895.835,32308.599
2026-01-23 04:00:00,69.34,69.49,68.59,68.83,65643.727,35441.797
2026-01-23 08:00:00,68.82,68.88,68.09,68.53,58653.112,36530.211
2026-01-23 12:00:00,68.52,68.61,66.98,68.24,90153.642,41549.315
2026-01-23 16:00:00,68.25,69.2,67.78,67.93,79840.525,38231.209
2026-01-23 20:00:00,67.93,68.15,67.03,68.07,39368.48,17974.662
2026-01-24 00:00:00,68.07,68.69,67.85,68.62,23811.813,11961.619
2026-01-24 04:00:00,68.62,68.87,68.46,68.52,35551.727,15718.353
2026-01-24 08:00:00,68.52,68.8,68.35,68.51,22673.033,9989.082
2026-01-24 12:00:00,68.51,68.98,68.25,68.32,39295.828,22903.451
2026-01-24 16:00:00,68.32,68.33,67.75,67.84,40492.529,20844.891
2026-01-24 20:00:00,67.84,68.27,67.84,68.19,18569.782,9463.618
2026-01-25 00:00:00,68.2,68.63,67.84,68.15,37508.599,15838.282
2026-01-25 04:00:00,68.14,68.82,68.06,68.67,33060.266,19986.187
2026-01-25 08:00:00,68.67,70.36,68.31,70,120614.317,70327.566
2026-01-25 12:00:00,69.99,70.3,68.67,69.51,104110.004,47621.478
2026-01-25 16:00:00,69.5,69.51,65.63,66.02,195671.743,82259.678
2026-01-25 20:00:00,66.01,67.39,65.23,67.3,136795.617,61347.552
2026-01-26 00:00:00,67.29,68.17,66.97,67.4,60599.646,28264.796
2026-01-26 04:00:00,67.41,68.5,67.41,68.39,52357.2,36028.087
2026-01-26 08:00:00,68.39,68.82,67.84,68.25,50501.511,23740.99
2026-01-26 12:00:00,68.24,70,68.24,69.05,128248.827,69090.424
2026-01-26 16:00:00,69.05,69.92,68.65,69.13,78709.755,38897.89
2026-01-26 20:00:00,69.13,70.11,68.8,69.72,57411.16,28156.884
2026-01-27 00:00:00,69.73,70.12,69.52,69.57,42315.678,20540.688
2026-01-27 04:00:00,69.57,69.88,69.07,69.13,29390.474,15107.734
2026-01-27 08:00:00,69.13,69.52,69,69.05,43010.367,19570.265
2026-01-27 12:00:00,69.04,69.99,68.64,69.93,59412.681,31105.235
2026-01-27 16:00:00,69.93,70.23,69.09,69.67,89761.858,44886.849
2026-01-27 20:00:00,69.66,70.49,69.65,70.03,61825.541,32799.844
2026-01-28 00:00:00,70.03,70.31,69.46,69.54,44474.404,22289.901
2026-01-28 04:00:00,69.55,70.01,69.19,69.65,39581.875,17445.715
2026-01-28 08:00:00,69.65,70.03,69.27,69.97,42594.097,21887.444
2026-01-28 12:00:00,69.97,70.07,68.42,69.01,77640.455,36537.637
2026-01-28 16:00:00,69.01,69.88,68.74,69.51,65718.488,36481.808
2026-01-28 20:00:00,69.5,69.89,68.91,69.42,31007.861,14732.893
2026-01-29 00:00:00,69.41,69.55,67.93,68.01,52310.994,26360.602
2026-01-29 04:00:00,68.01,68.43,67.72,68.18,33070.56,19278.236
2026-01-29 08:00:00,68.18,68.29,67.36,67.49,77566.229,29187.098
2026-01-29 12:00:00,67.49,67.62,64.74,65.46,137928.996,67848.199
2026-01-29 16:00:00,65.46,66.72,64.43,65.06,130183.23,68544.011
2026-01-29 20:00:00,65.06,66.25,64.92,66.24,43581.107,23655.467
2026-01-30 00:00:00,66.24,66.47,62.71,63.99,250913.74,111553.55
2026-01-30 04:00:00,63.99,64.77,63.1,64.3,91181.555,44759.774
2026-01-30 08:00:00,64.29,65.18,63.76,64.99,54093.816,28291.737
2026-01-30 12:00:00,65,65.25,63.88,64.82,91792.91,45874.611
2026-01-30 16:00:00,64.81,66.02,63.65,65.74,120049.414,64161.455
2026-01-30 20:00:00,65.73,65.74,64.74,65.47,77995.847,36839.286
2026-01-31 00:00:00,65.47,65.5,64.78,64.95,30634.776,15840.424
2026-01-31 04:00:00,64.94,65.15,63.58,63.92,53901.422,24262.912
2026-01-31 08:00:00,63.92,63.99,62.45,63.06,109543.301,49519.052
2026-01-31 12:00:00,63.06,63.09,59.42,60.18,317632.758,155322.324
2026-01-31 16:00:00,60.19,61.14,55,58.11,665935.884,327208.071
2026-01-31 20:00:00,58.1,59.84,57.52,59.53,144715.163,76281.393
2026-02-01 00:00:00,59.53,59.92,58.99,59.67,76428.897,39547.273
2026-02-01 04:00:00,59.68,59.9,58.94,59.38,61445.177,28080.735
2026-02-01 08:00:00,59.39,59.81,58.68,59.31,72199.51,33829.027
2026-02-01 12:00:00,59.31,59.72,57.63,58.43,136098.165,62815.937
2026-02-01 16:00:00,58.43,59.63,57.85,58.76,108735.534,56544.001
2026-02-01 20:00:00,58.76,59.37,57.16,58.49,159576.179,78990.296
2026-02-02 00:00:00,58.49,59.73,56.55,58.33,136735.401,70233.407
2026-02-02 04:00:00,58.33,58.86,56.51,58.25,159730.458,77204.774
2026-02-02 08:00:00,58.24,59.5,58.22,59.12,89896.176,42870.247
2026-02-02 12:00:00,59.13,61.14,59.13,61.06,127665.942,61922.334
2026-02-02 16:00:00,61.05,61.17,59.85,59.92,76271.767,34494.493
2026-02-02 20:00:00,59.91,60.17,59.46,60.02,59368.761,27786.679
2026-02-03 00:00:00,60.02,60.16,58.94,59.97,55230.61,29278.688
2026-02-03 04:00:00,59.98,60.47,59.5,60.27,50640.976,28409.393
2026-02-03 08:00:00,60.27,60.49,59.35,59.86,76523.104,34354.317
2026-02-03 12:00:00,59.86,60.46,59.1,60.38,101892.234,50577.3
2026-02-03 16:00:00,60.39,60.4,56.87,59.29,181739.6,83429.806
2026-02-03 20:00:00,59.29,61.38,58.82,59.48,141453.885,76012.333
2026-02-04 00:00:00,59.47,60.78,59.22,60.74,61532.532,32040.55
2026-02-04 04:00:00,60.74,60.99,60.06,60.8,53938.802,27416.582
2026-02-04 08:00:00,60.8,60.89,59.64,60.1,63151.734,29117.738
2026-02-04 12:00:00,60.1,60.2,57.62,58.17,135816.739,65203.469
2026-02-04 16:00:00,58.18,59.65,57.07,59.47,219781.857,116030.602
2026-02-04 20:00:00,59.48,59.56,57.8,58.89,76490.063,39496.566
2026-02-05 00:00:00,58.89,59.49,58.05,58.22,107478.187,49503.027
2026-02-05 04:00:00,58.22,58.66,57.41,57.63,114098.636,53214.174
2026-02-05 08:00:00,57.64,58.63,55.7,56.49,126791.127,60023.377
2026-02-05 12:00:00,56.49,57.24,52.67,53.93,383763.829,179387.59
2026-02-05 16:00:00,53.93,54.96,52.25,52.43,329625.992,158484.117
2026-02-05 20:00:00,52.44,52.87,50.18,50.79,529187.264,262276.94
2026-02-06 00:00:00,50.79,51.34,45.07,50.08,844096.085,421288.092
2026-02-06 04:00:00,50.07,52.51,49.85,50.98,139082.214,64188.515
2026-02-06 08:00:00,50.98,52.64,50.56,52.54,168022.152,90339.458
2026-02-06 12:00:00,52.53,54.66,52.11,54.38,215401.785,104834.915
2026-02-06 16:00:00,54.37,56.47,54.18,55.2,214780.028,117239.75
2026-02-06 20:00:00,55.19,55.8,54.67,55.02,97230.098,47472.456
2026-02-07 00:00:00,55.01,55.08,54.18,54.9,89227.057,41775.651
2026-02-07 04:00:00,54.89,55.35,52.86,53.63,118954.874,56450.278
2026-02-07 08:00:00,53.62,54.12,53.03,53.24,82877.264,40108.139
2026-02-07 12:00:00,53.24,54.62,53.16,54.4,100643.882,49963.588
2026-02-07 16:00:00,54.4,56,54.14,55.46,374071.57,189673.604
2026-02-07 20:00:00,55.46,55.93,54.98,55.19,41297.849,19577.89
2026-02-08 00:00:00,55.19,55.57,54.93,55.03,34430.106,19097.736
2026-02-08 04:00:00,55.03,55.41,54.76,55.02,42022.187,19970.232
2026-02-08 08:00:00,55.03,55.88,54.88,55.48,71826.918,40665.656
2026-02-08 12:00:00,55.49,55.56,54.72,54.9,87543.103,36612.47
2026-02-08 16:00:00,54.89,55,53.65,54.96,77182.757,40578.05
2026-02-08 20:00:00,54.95,55.49,53.97,54.53,61166.766,29194.265
2026-02-09 00:00:00,54.53,55.03,54.12,54.95,44852.458,23204.108
2026-02-09 04:00:00,54.95,55,54.04,54.07,32587.678,14780.772
2026-02-09 08:00:00,54.08,54.11,52.36,53.02,103430.869,53854.59
2026-02-09 12:00:00,53.02,54.41,52.96,54.4,75790.699,35806.264
2026-02-09 16:00:00,54.39,55.03,53.93,54.98,101567.101,53025.37
2026-02-09 20:00:00,54.97,55.13,54.25,54.45,35539.308,18894.142
2026-02-10 00:00:00,54.45,54.68,53.55,53.96,44688.09,17031.166
2026-02-10 04:00:00,53.95,54.2,52.96,53.17,62289.601,25303.989
2026-02-10 08:00:00,53.18,53.72,53.07,53.1,36839.888,18705.996
2026-02-10 12:00:00,53.1,53.8,52.84,53.37,69940.112,34897.543
2026-02-10 16:00:00,53.38,53.86,52.85,53.28,52218.792,25016.594
2026-02-10 20:00:00,53.28,53.46,52.98,53.38,24012.576,11389.151
2026-02-11 00:00:00,53.37,53.71,52.83,53.13,29669.652,12909.778
2026-02-11 04:00:00,53.13,53.2,51.95,52.06,60861.89,27840.254
2026-02-11 08:00:00,52.06,52.36,51.62,52.14,59194.589,27719.519
2026-02-11 12:00:00,52.14,53.51,51,51.24,165009.862,81523.959
2026-02-11 16:00:00,51.23,52.57,51.12,52.24,64076.31,32364.641
2026-02-11 20:00:00,52.24,52.9,51.92,52.32,50141.637,25274.594
2026-02-12 00:00:00,52.32,53.14,52.32,52.86,28438.745,15112.961
2026-02-12 04:00:00,52.87,53.38,52.61,53.31,44832.311,25299.368
2026-02-12 08:00:00,53.31,53.81,53.09,53.38,48250.213,23487.136
2026-02-12 12:00:00,53.37,53.44,52.74,52.85,68847.155,34424.523
2026-02-12 16:00:00,52.85,52.9,51.51,52.37,93597.305,43776.526
2026-02-12 20:00:00,52.38,53.28,51.82,53.15,56299.081,30228.445
2026-02-13 00:00:00,53.15,53.34,52.79,53.06,33540.247,15532.134
2026-02-13 04:00:00,53.06,53.07,52.36,52.84,25654.982,14599.486
2026-02-13 08:00:00,52.84,53.56,52.81,53.55,41625.682,22326.5
2026-02-13 12:00:00,53.56,54.82,52.95,54.37,113790.246,61882.865
2026-02-13 16:00:00,54.38,55.56,54.23,55.11,103767.329,50648.959
2026-02-13 20:00:00,55.11,55.7,54.95,55.03,58193.407,29239.858
2026-02-14 00:00:00,55.04,55.46,54.88,55.34,39787.456,22862.823
2026-02-14 04:00:00,55.35,55.45,54.98,55.32,28343.251,14833.632
2026-02-14 08:00:00,55.31,55.91,55.27,55.78,51099.353,26386.325
2026-02-14 12:00:00,55.78,56.31,55.03,56.11,94206.569,53937.406
2026-02-14 16:00:00,56.12,56.66,55.79,56.36,61701.086,30784.81
2026-02-14 20:00:00,56.37,56.64,55.9,55.99,46874.654,21182.475
2026-02-15 00:00:00,55.99,56.05,55.19,55.86,45274.275,21251.781
2026-02-15 04:00:00,55.87,56.68,55.87,56.51,60370.947,27489.052
2026-02-15 08:00:00,56.5,56.56,55.32,55.9,51168.184,28700.883
2026-02-15 12:00:00,55.91,55.97,54.32,55.07,91361.713,47521.403
2026-02-15 16:00:00,55.06,55.32,54.18,54.53,75012.424,30892.131
2026-02-15 20:00:00,54.52,55.15,54.29,55.08,52017.983,27976.538
2026-02-16 00:00:00,55.09,55.35,54.31,54.48,45869.365,22230.175
2026-02-16 04:00:00,54.48,54.8,53.77,54.2,49112.141,23642.944
2026-02-16 08:00:00,54.2,54.72,53.39,53.9,49596.402,21858.734
2026-02-16 12:00:00,53.91,54.93,53.37,53.61,104245.873,51011.197
2026-02-16 16:00:00,53.62,54.36,53.33,54.22,79964.555,48101.991
2026-02-16 20:00:00,54.23,55.65,54.15,55.13,64575.22,35981.221
2026-02-17 00:00:00,55.13,55.46,54.67,55.13,27106.569,14458.654
2026-02-17 04:00:00,55.13,55.68,54.7,55.55,29236.848,15773.691
2026-02-17 08:00:00,55.55,55.85,54.59,55.01,52904.411,25543.986
2026-02-17 12:00:00,55,55.21,53.17,53.81,128606.931,66213.036
2026-02-17 16:00:00,53.81,54.9,53.74,54.25,68718.937,32955.933
2026-02-17 20:00:00,54.25,54.5,53.8,53.96,50965.209,25574.862
2026-02-18 00:00:00,53.96,54.39,53.58,54.3,31688.827,18714.945
2026-02-18 04:00:00,54.29,54.53,54.06,54.45,18217.569,9318.846
2026-02-18 08:00:00,54.45,54.77,53.67,53.91,32306.182,15454.9
2026-02-18 12:00:00,53.91,54.93,53.44,54.49,65785.947,34716.583
2026-02-18 16:00:00,54.5,54.63,52.96,53.23,82228.848,38947.052
2026-02-18 20:00:00,53.23,53.47,52.95,53.32,30075.428,14768.745
2026-02-19 00:00:00,53.32,53.69,53.08,53.58,21798.919,11810.858
2026-02-19 04:00:00,53.58,53.73,53.16,53.37,32898.32,18063.964
2026-02-19 08:00:00,53.37,53.38,52.5,52.57,41253.081,18190.441
2026-02-19 12:00:00,52.58,52.62,51.48,51.83,77500.923,36956.835
2026-02-19 16:00:00,51.82,52.83,51.42,52.64,62932.496,29352.841
2026-02-19 20:00:00,52.64,52.78,52.38,52.7,30276.116,17379.923
2026-02-20 00:00:00,52.71,53.34,52.66,53.24,31036.611,13769.05
2026-02-20 04:00:00,53.24,53.69,52.86,53.52,29868.343,14090.37
2026-02-20 08:00:00,53.52,54.33,53.41,53.6,49932.982,24894.562
2026-02-20 12:00:00,53.6,54.96,52.71,54.89,118213.192,59061.205
2026-02-20 16:00:00,54.89,55.47,54.25,54.95,183589.951,98976.653
2026-02-20 20:00:00,54.94,55.41,54.91,55.19,50720.77,27260.819
2026-02-21 00:00:00,55.19,55.37,54.82,55.07,24745.84,14016.089
2026-02-21 04:00:00,55.06,55.26,54.84,55.06,16649.051,8322.799
2026-02-21 08:00:00,55.06,55.6,54.91,55.08,42690.211,24596.459
2026-02-21 12:00:00,55.08,55.82,54.92,55.7,58246.35,26495.491
2026-02-21 16:00:00,55.7,56.01,55.13,55.27,75236.171,45913.67
2026-02-21 20:00:00,55.28,55.41,54.86,54.9,24943.768,11679.403
2026-02-22 00:00:00,54.91,54.92,54.33,54.51,25356.548,13870.71
2026-02-22 04:00:00,54.52,54.83,54.3,54.73,24556.457,12241.116
2026-02-22 08:00:00,54.73,54.91,54.54,54.66,21345.469,11452.19
2026-02-22 12:00:00,54.65,54.68,52.94,53.32,105920.492,47868.773
2026-02-22 16:00:00,53.32,53.63,53.07,53.22,32109.434,16579.456
2026-02-22 20:00:00,53.21,53.59,52.96,53.48,21920.983,10020.749
2026-02-23 00:00:00,53.48,53.55,50.91,51.37,91999.076,43279.647
2026-02-23 04:00:00,51.37,52.29,51.01,52.06,39325,21301.524
2026-02-23 08:00:00,52.05,53.05,51.83,52.66,43407.555,19388.867
2026-02-23 12:00:00,52.66,53.09,52.09,52.13,63793.265,27517.376
2026-02-23 16:00:00,52.13,52.35,50.72,51.23,70490.346,31090.446
2026-02-23 20:00:00,51.23,51.99,51.06,51.35,40954.962,21186.795
2026-02-24 00:00:00,51.35,51.9,50.68,50.98,78792.903,36558.445
2026-02-24 04:00:00,50.98,51.02,50.23,50.77,86768.236,34209.799
2026-02-24 08:00:00,50.77,51.13,50.44,50.8,47863.727,23752.287
2026-02-24 12:00:00,50.8,51.49,50.18,51.28,81498.314,39402.48
2026-02-24 16:00:00,51.28,51.85,51.07,51.68,43352.989,21536.457
2026-02-24 20:00:00,51.69,51.76,51.05,51.15,37867.518,16356.322
2026-02-25 00:00:00,51.16,52.97,51.03,52.4,60086.919,30469.901
2026-02-25 04:00:00,52.4,52.8,52,52.73,46350.304,25867.544
2026-02-25 08:00:00,52.73,53.5,52.58,53.3,55928.295,28820.792
2026-02-25 12:00:00,53.31,58.2,53.18,57.79,300885.647,148922.393
2026-02-25 16:00:00,57.8,58.6,57.7,58.27,123136.858,59824.384
2026-02-25 20:00:00,58.26,59,56.13,56.76,97197.766,41405.511
2026-02-26 00:00:00,56.76,57.09,56,56.48,53803.107,31488.438
2026-02-26 04:00:00,56.47,56.95,56.1,56.24,41854.424,20976.958
2026-02-26 08:00:00,56.24,56.44,55.72,55.84,46063.835,20902.842
2026-02-26 12:00:00,55.84,56.36,55.32,55.8,88044.321,39408.676
2026-02-26 16:00:00,55.81,55.86,54.42,55.74,82459.296,43482.052
2026-02-26 20:00:00,55.73,55.93,55.09,55.62,27414.7,12493.77
2026-02-27 00:00:00,55.61,56.07,55.31,55.95,29669.054,17168.252
2026-02-27 04:00:00,55.96,56.39,55.68,55.91,33139.692,18923.472
2026-02-27 08:00:00,55.91,56.2,54.41,54.65,57959.559,27911.807
2026-02-27 12:00:00,54.65,55.07,54.45,54.75,71712.972,36439.06
2026-02-27 16:00:00,54.74,54.76,53.82,54.13,66159.225,33353.543
2026-02-27 20:00:00,54.14,54.57,53.42,54.56,46829.765,23493.151
2026-02-28 00:00:00,54.55,54.95,54.51,54.64,26263.598,14240.954
2026-02-28 04:00:00,54.64,54.84,51.84,52.41,102002.354,48852.452
2026-02-28 08:00:00,52.41,52.41,51.47,51.67,55339.806,27173.387
2026-02-28 12:00:00,51.67,53.22,51.56,52.59,72427.563,40477.848
2026-02-28 16:00:00,52.59,54.38,52.35,54.09,72493.49,39014.777
2026-02-28 20:00:00,54.09,54.96,53.96,54.4,54871.027,31400.045
2026-03-01 00:00:00,54.41,55.53,53.76,54.87,51665.207,27917.203
2026-03-01 04:00:00,54.87,55.02,54.26,54.62,35515.649,16296.122
2026-03-01 08:00:00,54.62,54.73,53.83,53.94,42355.76,18460.342
2026-03-01 12:00:00,53.93,54.72,53.57,54.26,43463.977,22368.583
2026-03-01 16:00:00,54.26,54.53,53.13,53.25,57626.747,28355.09
2026-03-01 20:00:00,53.24,53.86,52.47,53.24,68629.069,32275.099
2026-03-02 00:00:00,53.25,54.39,53.2,54.14,41344.108,21820.126
2026-03-02 04:00:00,54.14,54.18,52.95,53.34,31606.296,13916.512
2026-03-02 08:00:00,53.33,53.83,52.96,53.34,56295.583,29792.619
2026-03-02 12:00:00,53.35,55.48,53,55.03,90955.611,46046.164
2026-03-02 16:00:00,55.02,55.72,54.22,54.88,175335.348,97010.865
2026-03-02 20:00:00,54.87,55.49,54.43,54.61,66691.248,35881.7
2026-03-03 00:00:00,54.61,54.79,54.07,54.28,61658.162,25288.692
2026-03-03 04:00:00,54.28,54.43,53.77,54.1,50990.984,27234.347
2026-03-03 08:00:00,54.09,54.18,53.02,53.47,62490.403,29980.513
2026-03-03 12:00:00,53.48,54.4,53.09,54.04,79195.545,38674.747
2026-03-03 16:00:00,54.04,55.22,53.87,54.69,139176.583,55696.626
2026-03-03 20:00:00,54.69,55.26,54.27,54.76,46464.293,21818.098
2026-03-04 00:00:00,54.77,55.38,54.3,54.67,46356.089,25003.736
2026-03-04 04:00:00,54.66,55.33,54.36,55.29,56694.811,26950.665
2026-03-04 08:00:00,55.29,56.68,55.11,55.78,116128.437,58420.643
2026-03-04 12:00:00,55.78,57.02,55.33,56.95,121436.873,58650.716
2026-03-04 16:00:00,56.95,57.66,56.36,57.57,117307.725,61221.181
2026-03-04 20:00:00,57.56,57.64,56.41,56.77,70813.627,33708.229
2026-03-05 00:00:00,56.77,57.27,56.31,56.47,38705.2,18952.087
2026-03-05 04:00:00,56.47,56.87,55.73,55.97,50546.796,27645.847
2026-03-05 08:00:00,55.98,57.23,55.87,56.02,86696.093,36389.338
2026-03-05 12:00:00,56.03,56.61,55.48,55.89,96826.854,41603.287
2026-03-05 16:00:00,55.9,55.91,55.03,55.25,77751.321,35847.807
2026-03-05 20:00:00,55.25,56.05,55.24,55.46,39740.96,16705.397
2026-03-06 00:00:00,55.47,55.89,55.27,55.65,32194.689,16820.83
2026-03-06 04:00:00,55.65,55.71,55.13,55.6,28357.888,15871.338
2026-03-06 08:00:00,55.59,55.75,54.85,54.91,41894.982,21761.676
2026-03-06 12:00:00,54.92,55.01,53.46,53.69,96119.638,46093.832
2026-03-06 16:00:00,53.68,53.79,53.12,53.54,60270.537,32397.523
2026-03-06 20:00:00,53.54,54.11,53.53,53.81,40916.952,18225.529
2026-03-07 00:00:00,53.8,54.24,53.77,53.86,23919.057,12179.319
2026-03-07 04:00:00,53.86,53.92,53.44,53.73,28581.81,13816.314
2026-03-07 08:00:00,53.73,54.29,53.69,54,106689.12,66199.86
2026-03-07 12:00:00,54,54.23,53.69,53.78,47239.076,21993.991
2026-03-07 16:00:00,53.77,53.99,53.21,53.37,34864.985,17597.404
2026-03-07 20:00:00,53.36,53.71,53.24,53.58,20993.983,10636.64
2026-03-08 00:00:00,53.59,53.75,52.97,53.2,26788.892,12892.795
2026-03-08 04:00:00,53.2,53.42,52.81,53.12,52761.922,33079.951
2026-03-08 08:00:00,53.12,53.94,52.65,53.57,151692.614,61398.421
2026-03-08 12:00:00,53.55,53.85,52.5,52.7,49844.279,24902.602
2026-03-08 16:00:00,52.69,53.2,52.2,53.11,48706.184,23827.074
2026-03-08 20:00:00,53.1,53.44,51.88,52.59,68765.66,31244.251
2026-03-09 00:00:00,52.58,53.82,52.5,53.29,47109.78,26518.329
2026-03-09 04:00:00,53.29,54.05,52.86,53.32,46491.678,24603.641
2026-03-09 08:00:00,53.33,53.84,53.01,53.39,45777.249,23910.431
2026-03-09 12:00:00,53.4,54.42,53.32,53.91,87162.182,45818.117
2026-03-09 16:00:00,53.91,54.75,53.8,54.19,64773.855,31276.891
2026-03-09 20:00:00,54.19,54.27,53.62,53.77,35915.676,17144.682
2026-03-10 00:00:00,53.77,54.69,53.71,54.03,42945.226,24576.484
2026-03-10 04:00:00,54.03,54.28,53.79,54.06,43395.025,24772.479
2026-03-10 08:00:00,54.07,54.56,54.01,54.11,50388.626,27994.766
2026-03-10 12:00:00,54.11,55,53.64,54.77,83445.011,42942.533
2026-03-10 16:00:00,54.77,54.97,53.55,53.78,87599.193,41393.752
2026-03-10 20:00:00,53.78,54.11,53.43,53.87,40572.789,18934.723
2026-03-11 00:00:00,53.87,54.04,53.67,53.81,24496.636,11599.581
2026-03-11 04:00:00,53.82,54.12,53.54,53.85,29493.575,13034.612
2026-03-11 08:00:00,53.85,54.05,53.64,53.86,35154.936,17052.4
2026-03-11 12:00:00,53.87,55.09,53.76,54.56,87767.617,44673.74
2026-03-11 16:00:00,54.56,55.18,54.54,55.03,52403.868,24422.09
2026-03-11 20:00:00,55.03,55.28,54.66,54.8,43327.77,16659.814
2026-03-12 00:00:00,54.8,55,54.05,54.14,63654.161,35852.197
2026-03-12 04:00:00,54.14,54.35,53.95,54.29,29691.365,15471.777
2026-03-12 08:00:00,54.28,54.69,54.13,54.34,44453.306,22320.587
2026-03-12 12:00:00,54.34,54.65,53.8,54.33,57865.018,31255.979
2026-03-12 16:00:00,54.32,54.49,54.02,54.3,42188.507,21299.008
2026-03-12 20:00:00,54.29,54.8,54,54.56,33375.828,18828.752
2026-03-13 00:00:00,54.57,55.48,54.47,55.26,53556.935,26325.514
2026-03-13 04:00:00,55.27,55.4,54.95,55.05,27480.658,13675.39
2026-03-13 08:00:00,55.06,56.19,54.99,55.92,55841.489,28925.205
2026-03-13 12:00:00,55.91,56.71,55.25,55.32,107726.593,54919.676
2026-03-13 16:00:00,55.31,55.95,55.15,55.62,54485.81,27678.58
2026-03-13 20:00:00,55.63,56.05,55.11,55.3,38777.167,15797.62
2026-03-14 00:00:00,55.3,55.78,55.07,55.7,52000.338,22628.015
2026-03-14 04:00:00,55.71,55.84,54.63,54.71,47056.071,19125.941
2026-03-14 08:00:00,54.71,54.81,54.37,54.71,40723.485,22792.038
2026-03-14 12:00:00,54.7,54.78,54.38,54.47,32334.461,16785.476
2026-03-14 16:00:00,54.47,54.81,54.38,54.67,24261.86,12835.432
2026-03-14 20:00:00,54.67,55.03,54.5,54.98,29139.216,11915.027
2026-03-15 00:00:00,54.98,55.33,54.69,55.16,39978.858,17029.572
2026-03-15 04:00:00,55.16,55.46,55.01,55.24,24131.119,10665.045
2026-03-15 08:00:00,55.25,55.58,55.21,55.4,21703.512,11513.075
2026-03-15 12:00:00,55.4,55.51,55.06,55.1,31506.966,14130.142
2026-03-15 16:00:00,55.1,55.35,54.93,55.24,45398.731,19302.487
2026-03-15 20:00:00,55.23,56.41,55.05,56.27,84296.004,42878.079
2026-03-16 00:00:00,56.28,57.01,55.82,56.65,77608.754,37019.432
2026-03-16 04:00:00,56.65,57.67,56.65,57.4,107445.488,54061.475
2026-03-16 08:00:00,57.41,57.84,57.12,57.36,75063.718,34430.833
2026-03-16 12:00:00,57.36,58.43,57.33,57.84,145676.519,62680.483
2026-03-16 16:00:00,57.84,58.87,57.84,58.43,84534.898,46711.281
2026-03-16 20:00:00,58.44,59.23,58.29,58.7,96867.431,50113.294
2026-03-17 00:00:00,58.69,59.26,57.9,58.07,124900.578,70160.876
2026-03-17 04:00:00,58.06,58.18,57.38,57.9,67981.931,33804.559
2026-03-17 08:00:00,57.9,58.09,57.51,57.68,47904.445,24130.003
2026-03-17 12:00:00,57.68,58.35,57.31,58.07,69232.758,32360.954
2026-03-17 16:00:00,58.06,58.63,57.96,58.18,48447.582,24799.785
2026-03-17 20:00:00,58.18,58.71,58.04,58.09,44335.379,21048.2
2026-03-18 00:00:00,58.09,58.56,57.95,58.38,28864.163,15070.475
2026-03-18 04:00:00,58.37,58.39,57.72,57.84,34369.562,15383.013
2026-03-18 08:00:00,57.84,58,56.34,56.56,80261.648,34092.548
2026-03-18 12:00:00,56.57,56.63,55.3,55.52,100578.567,44337.887
2026-03-18 16:00:00,55.51,56.29,55.34,55.78,56577.608,27000.315
2026-03-18 20:00:00,55.78,56.33,55.45,56.08,54574.065,24941.334
2026-03-19 00:00:00,56.08,56.35,55.71,55.98,23711.358,11291.915
2026-03-19 04:00:00,55.98,56.03,54.84,55.18,35994.178,17499.481
2026-03-19 08:00:00,55.17,55.69,55.04,55.38,38770.423,17743.37
2026-03-19 12:00:00,55.38,55.38,54.59,55.02,93407.41,51064.399
2026-03-19 16:00:00,55.02,55.9,54.78,55.64,43926.415,21261.759
2026-03-19 20:00:00,55.63,55.95,55.34,55.54,30243.831,11967.993
2026-03-20 00:00:00,55.53,55.96,55.53,55.88,23892.896,12258.448
2026-03-20 04:00:00,55.88,56.18,55.63,56,26017.545,13776.244
2026-03-20 08:00:00,56,56.31,55.28,55.44,40797.454,19468.275
2026-03-20 12:00:00,55.44,55.68,55.17,55.6,48098.759,25236.253
2026-03-20 16:00:00,55.6,55.72,55.25,55.66,37853.213,18430.363
2026-03-20 20:00:00,55.66,56.47,55.41,56.17,44424.718,20354.975
2026-03-21 00:00:00,56.18,56.54,56.12,56.19,22703.396,10812.924
2026-03-21 04:00:00,56.19,56.56,56.14,56.32,23251.53,13330.281
2026-03-21 08:00:00,56.32,56.59,55.95,56.03,27757.56,13779.927
2026-03-21 12:00:00,56.03,56.07,55.6,55.75,31738.772,15357.624
2026-03-21 16:00:00,55.76,56.37,55.55,55.82,35254.555,17824.532
2026-03-21 20:00:00,55.83,56.04,54.42,54.81,53993.896,24666.091
2026-03-22 00:00:00,54.79,55.05,54.15,54.73,57950.112,27897.986
2026-03-22 04:00:00,54.73,54.92,54.37,54.39,26602.038,13657.295
2026-03-22 08:00:00,54.38,54.4,53.76,53.92,62118.652,28513.374
2026-03-22 12:00:00,53.92,54.33,53.92,54.25,56245.419,28857.528
2026-03-22 16:00:00,54.25,54.26,53.66,53.76,41277.075,22045.746
2026-03-22 20:00:00,53.77,53.88,53.03,53.51,59217.295,28834.444
2026-03-23 00:00:00,53.51,54.15,53.32,53.93,24228.435,12657.01
2026-03-23 04:00:00,53.93,54.27,53.27,53.65,32081.586,15851.558
2026-03-23 08:00:00,53.65,56.16,53.42,54.94,167683.455,85501.222
2026-03-23 12:00:00,54.95,56,54.69,55.08,73553.455,36802.438
2026-03-23 16:00:00,55.09,55.81,55,55.34,36798.426,18108.926
2026-03-23 20:00:00,55.34,55.87,55.27,55.72,26995.736,14296.64
2026-03-24 00:00:00,55.73,55.82,55.05,55.57,29439.19,13432.67
2026-03-24 04:00:00,55.57,56.02,55.29,55.95,31847.524,19196.396
2026-03-24 08:00:00,55.96,56.01,55.58,55.72,34101.389,16474.298
2026-03-24 12:00:00,55.72,55.92,55.13,55.68,74494.287,34449.585
2026-03-24 16:00:00,55.68,55.93,55.34,55.74,37292.748,17302.917
2026-03-24 20:00:00,55.73,56.5,55.7,56.38,43964.893,22691.105
2026-03-25 00:00:00,56.39,56.67,55.96,56.28,28357.764,13818.83
2026-03-25 04:00:00,56.27,56.64,56.23,56.4,23509.982,13479.705
2026-03-25 08:00:00,56.41,56.75,56.27,56.42,63560.17,31899.309
2026-03-25 12:00:00,56.43,56.73,55.79,56.01,120184.329,50476.391
2026-03-25 16:00:00,56.01,56.49,55.94,56.32,44739.414,21767.629
2026-03-25 20:00:00,56.32,56.8,56.13,56.65,28582.753,14586.508
2026-03-26 00:00:00,56.64,56.67,55.82,55.95,26374.782,12256.519
2026-03-26 04:00:00,55.95,55.95,55.14,55.27,35371.438,15279.052
2026-03-26 08:00:00,55.28,55.34,54.51,54.61,84379.967,35592.349
2026-03-26 12:00:00,54.61,55.23,54.43,54.72,67227.997,30327.371
2026-03-26 16:00:00,54.71,54.92,54.23,54.29,104982.982,39846.266
2026-03-26 20:00:00,54.29,55.04,54.23,54.59,64176.032,30997.558
2026-03-27 00:00:00,54.59,55.06,54.51,54.94,27923.727,15449.466
2026-03-27 04:00:00,54.94,55.18,54.64,54.92,30801.287,15206.404
2026-03-27 08:00:00,54.91,54.99,53.47,53.82,67335.078,27505.479
2026-03-27 12:00:00,53.83,54.67,53.58,54.31,56786.181,24906.969
2026-03-27 16:00:00,54.32,54.48,53.53,53.7,50505.36,23757.011
2026-03-27 20:00:00,53.7,53.75,53.29,53.72,29648.143,13703.708
2026-03-28 00:00:00,53.71,53.79,53.26,53.57,28851.614,17193.007
2026-03-28 04:00:00,53.57,53.9,53.48,53.87,18327.664,9693.305
2026-03-28 08:00:00,53.88,54.07,53.7,54.05,36275.547,24216.569
2026-03-28 12:00:00,54.05,54.93,53.9,54.55,57680.013,27201.753
2026-03-28 16:00:00,54.56,54.79,53.91,54.15,91749.446,46317.876
2026-03-28 20:00:00,54.15,54.32,53.64,53.85,37013.565,21770.475
2026-03-29 00:00:00,53.84,54.39,53.73,54.29,19353.824,9867.145
2026-03-29 04:00:00,54.3,54.31,53.95,54.08,16512.377,9194.862
2026-03-29 08:00:00,54.08,54.11,53.67,53.88,28425.954,12942.417
2026-03-29 12:00:00,53.88,53.94,53.41,53.52,33904.701,15877.594
2026-03-29 16:00:00,53.51,53.63,53.08,53.35,24757.571,12239.008
2026-03-29 20:00:00,53.35,53.82,52.22,53.32,58707.027,25166.874
2026-03-30 00:00:00,53.33,54.31,53.25,54.05,44756.251,24940.73
2026-03-30 04:00:00,54.05,54.26,52.96,54.13,138577.996,54434.952
2026-03-30 08:00:00,54.13,54.41,53.68,53.75,46437.1,23222.099
2026-03-30 12:00:00,53.75,54.17,53.55,53.92,78772.393,35814.615
2026-03-30 16:00:00,53.92,54.17,53.06,53.36,66378.05,34955.93
2026-03-30 20:00:00,53.36,53.62,53.15,53.34,39367.421,17785.117
2026-03-31 00:00:00,53.34,54.14,53.29,53.74,44247,22813.326
2026-03-31 04:00:00,53.74,53.98,53.56,53.84,26162.898,11090.03
2026-03-31 08:00:00,53.85,54.02,53.13,53.52,72483.057,33541.081
2026-03-31 12:00:00,53.52,54.25,53.29,53.41,53074.334,28320.498
2026-03-31 16:00:00,53.41,54.29,53.32,54.06,85332.128,47229.486
2026-03-31 20:00:00,54.06,54.16,53.72,53.95,51465.894,28662.804
2026-04-01 00:00:00,53.94,54.21,53.83,54.11,29950.839,17700.281
2026-04-01 04:00:00,54.1,54.78,53.9,54.31,71183.235,34092.418
2026-04-01 08:00:00,54.31,54.44,53.93,54.04,100880.181,50815.821
2026-04-01 12:00:00,54.03,54.45,53.72,54.25,126607.695,61400.201
2026-04-01 16:00:00,54.25,54.6,54.06,54.19,38763.184,20084.744
2026-04-01 20:00:00,54.2,54.43,53.79,53.82,31367.419,13768.994
2026-04-02 00:00:00,53.82,54.12,52.29,52.46,72954.215,32685.304
2026-04-02 04:00:00,52.47,52.61,51.95,52.45,61917.34,32019.275
2026-04-02 08:00:00,52.45,52.45,51.52,51.71,49870.794,24183.112
2026-04-02 12:00:00,51.7,52.32,51.4,51.97,69446.086,35272.293
2026-04-02 16:00:00,51.98,52.32,51.6,52.05,57603.913,26667.733
2026-04-02 20:00:00,52.05,52.32,51.93,52.29,34711.552,17761.064
2026-04-03 00:00:00,52.29,52.55,52.14,52.53,28568.26,13414.612
2026-04-03 04:00:00,52.52,53.15,52.52,52.84,33056.607,19034.946
2026-04-03 08:00:00,52.84,53.09,52.81,52.98,33522.407,15064.18
2026-04-03 12:00:00,52.98,53.27,52.74,52.93,43619.376,21989.376
2026-04-03 16:00:00,52.93,53.37,52.89,53.13,29993.572,12620.523
2026-04-03 20:00:00,53.14,53.49,53.12,53.24,26781.792,13889.217
2026-04-04 00:00:00,53.23,53.36,53.09,53.22,20618.379,10522.096
2026-04-04 04:00:00,53.22,53.32,52.99,53.2,13347.296,6782.193
2026-04-04 08:00:00,53.2,53.37,53.07,53.37,26220.99,12540.81
2026-04-04 12:00:00,53.37,53.64,53.23,53.47,35886.813,15541.37
2026-04-04 16:00:00,53.48,53.86,53.4,53.55,35012.992,17060.048
2026-04-04 20:00:00,53.55,53.65,53.45,53.59,18651.129,9608.069
2026-04-05 00:00:00,53.59,53.66,53.36,53.36,15553.512,7072.883
2026-04-05 04:00:00,53.37,53.41,52.62,52.74,29436.991,14318.592
2026-04-05 08:00:00,52.73,53.03,52.69,52.9,18776.822,9889.178
2026-04-05 12:00:00,52.89,53.47,52.59,53.23,31317.583,14541.936
2026-04-05 16:00:00,53.23,53.54,53.07,53.49,22707.424,10329.395
2026-04-05 20:00:00,53.5,54.21,53.39,54.11,36372.221,18680.951
2026-04-06 00:00:00,54.12,54.48,53.98,54.28,38988.555,15891.92
2026-04-06 04:00:00,54.28,54.5,54,54.07,44140.019,20729.001
2026-04-06 08:00:00,54.07,54.64,54.04,54.35,48087.15,24574.869
2026-04-06 12:00:00,54.35,54.42,54.03,54.29,48083.956,24664.917
2026-04-06 16:00:00,54.28,54.42,53.81,54.02,42752.514,21323.619
2026-04-06 20:00:00,54.02,54.05,53.2,53.53,29192.236,14701.696
2026-04-07 00:00:00,53.52,53.65,53.31,53.51,25630.583,14722.303
2026-04-07 04:00:00,53.5,53.62,53.18,53.32,23056.17,10443.886
2026-04-07 08:00:00,53.32,53.59,53.01,53.22,45037.918,17597.116
2026-04-07 12:00:00,53.22,53.67,52.91,53.42,69954.523,37715.186
2026-04-07 16:00:00,53.42,53.96,53.28,53.76,54283.331,24612.582
2026-04-07 20:00:00,53.75,55.74,53.72,55.36,95067.876,46539.857
2026-04-08 00:00:00,55.36,55.59,54.92,55,48399.456,21467.203
2026-04-08 04:00:00,55,55.23,54.99,55.13,34399.434,18713.163
2026-04-08 08:00:00,55.13,55.27,54.8,55.08,33302.644,15067.075
2026-04-08 12:00:00,55.08,55.38,54.33,54.64,78650.158,39518.071
2026-04-08 16:00:00,54.64,54.73,53.97,54.32,43797.151,21379.128
2026-04-08 20:00:00,54.33,54.52,53.89,53.95,23569.419,11096.939
2026-04-09 00:00:00,53.94,54.12,53.62,53.98,28499.09,13831.998
2026-04-09 04:00:00,53.97,54.08,53.83,53.98,22466.203,11599.522
2026-04-09 08:00:00,53.99,54.05,53.68,53.77,38469.075,20085.909
2026-04-09 12:00:00,53.77,54.9,53.66,54.71,48211.855,24722.853
2026-04-09 16:00:00,54.71,54.87,54.41,54.77,76013.512,35168.73
2026-04-09 20:00:00,54.77,55.28,54.44,54.55,34642.622,17686.89
2026-04-10 00:00:00,54.55,54.67,54.26,54.42,25612.424,14132.144
2026-04-10 04:00:00,54.43,54.7,54.29,54.34,26672.565,14048.792
2026-04-10 08:00:00,54.34,54.76,54.23,54.67,27571.324,14519.03
2026-04-10 12:00:00,54.67,55.52,54.66,54.91,86962.842,40368.188
2026-04-10 16:00:00,54.91,55.27,54.9,55.24,30068.135,16033.861
2026-04-10 20:00:00,55.24,55.46,54.87,54.96,30699.12,13538.842
2026-04-11 00:00:00,54.96,54.97,54.61,54.73,25711.16,12383.438
2026-04-11 04:00:00,54.73,54.8,54.4,54.59,18156.154,8112.558
2026-04-11 08:00:00,54.59,54.72,54.48,54.54,27332.802,12872.38
2026-04-11 12:00:00,54.55,54.69,54.35,54.58,28806.186,14923.047
2026-04-11 16:00:00,54.59,55.71,54.53,55.63,57002.459,27928.131
2026-04-11 20:00:00,55.64,55.65,54.95,55.06,24738.684,11012.391
2026-04-12 00:00:00,55.06,55.06,53.74,54.04,39046.12,16105.258
2026-04-12 04:00:00,54.05,54.1,53.73,53.82,34990.73,15252.447
2026-04-12 08:00:00,53.82,53.95,53.62,53.87,39639.997,21294.44
2026-04-12 12:00:00,53.86,53.95,53.45,53.54,34389.558,15179.275
2026-04-12 16:00:00,53.54,53.93,53.52,53.72,28666.342,13612.487
2026-04-12 20:00:00,53.72,53.95,53.36,53.48,31983.924,15250.639
2026-04-13 00:00:00,53.49,53.87,53.45,53.72,19007.143,8953.78
2026-04-13 04:00:00,53.72,53.88,53.12,53.18,30982.602,15019.696
2026-04-13 08:00:00,53.17,53.26,52.66,52.81,75551.956,40459.225
2026-04-13 12:00:00,52.8,53.44,52.74,52.94,70384.524,34913.712
2026-04-13 16:00:00,52.94,53.79,52.73,53.73,52222.321,24491.072
2026-04-13 20:00:00,53.74,54.76,53.35,54.62,82585.18,43495.421
2026-04-14 00:00:00,54.62,54.66,54.06,54.2,52379.959,23322.279
2026-04-14 04:00:00,54.19,54.41,54.01,54.37,41103.745,20753.318
2026-04-14 08:00:00,54.38,54.88,54.31,54.53,57592.361,31866.092
2026-04-14 12:00:00,54.54,55.27,54.39,54.73,93476.166,42366.937
2026-04-14 16:00:00,54.73,54.94,54.18,54.52,44870.28,20259.778
2026-04-14 20:00:00,54.52,54.65,54.18,54.28,33779.868,14132.455
2026-04-15 00:00:00,54.28,54.51,54.02,54.08,23308.073,11345.401
2026-04-15 04:00:00,54.09,54.27,53.78,54.02,35926.809,16460.193
2026-04-15 08:00:00,54.02,54.63,53.98,54.51,46832.419,21625.197
2026-04-15 12:00:00,54.52,55.26,54.43,55.08,81283.579,44531.388
2026-04-15 16:00:00,55.07,55.65,54.93,55.53,43724.341,22685.408
2026-04-15 20:00:00,55.53,55.59,54.99,55.15,30592.843,15146.032
2026-04-16 00:00:00,55.16,55.44,54.81,55.32,28703.291,14927.499
2026-04-16 04:00:00,55.31,55.73,55.22,55.57,32670.285,16771.48
2026-04-16 08:00:00,55.57,55.72,55.2,55.29,38425.187,18372.551
2026-04-16 12:00:00,55.29,55.98,54.59,55.87,106163.279,51033.371
2026-04-16 16:00:00,55.87,56.61,55.23,56.53,90551.196,50432.733
2026-04-16 20:00:00,56.53,56.57,55.68,56.36,33155.766,17287.741
2026-04-17 00:00:00,56.36,56.4,55.58,55.59,34855.286,15739.773
2026-04-17 04:00:00,55.59,56.03,55.34,55.99,28027.224,12808.11
2026-04-17 08:00:00,55.99,56.42,55.83,56.2,49538.501,25959.192
2026-04-17 12:00:00,56.21,57.42,56.08,56.54,133275.456,75438.08
2026-04-17 16:00:00,56.55,57.12,56.33,56.76,64384.543,31464.662
2026-04-17 20:00:00,56.77,56.85,56.29,56.39,30674.358,13597.929
2026-04-18 00:00:00,56.39,56.59,56.18,56.24,27556.344,12656.807
2026-04-18 04:00:00,56.25,56.66,56.06,56.6,25086.603,13292.508
2026-04-18 08:00:00,56.6,56.62,55.71,56,57018.905,22323.692
2026-04-18 12:00:00,56,56.12,55.56,55.84,50432.345,26943.297
2026-04-18 16:00:00,55.83,56,55.24,55.43,45590.794,19216.981
2026-04-18 20:00:00,55.43,55.85,55.34,55.65,24999.763,10939.683
2026-04-19 00:00:00,55.66,55.77,55.3,55.5,21075.783,8858.555
2026-04-19 04:00:00,55.5,55.82,54.7,55.11,43787.179,19700.038
2026-04-19 08:00:00,55.1,55.26,54.88,55.21,33042.951,17572.643
2026-04-19 12:00:00,55.22,55.72,55.08,55.47,34667.822,17968.609
2026-04-19 16:00:00,55.48,55.55,54.51,54.72,46103.907,20316.512
2026-04-19 20:00:00,54.72,54.82,53.91,54.06,49658.672,19656.54
2026-04-20 00:00:00,54.06,54.66,53.99,54.65,44473.253,22056.405
2026-04-20 04:00:00,54.64,55.44,54.46,54.96,40095.265,20819.101
2026-04-20 08:00:00,54.97,55.26,54.76,54.88,52233.558,30230.573
2026-04-20 12:00:00,54.89,55.37,54.64,55.16,55462.365,26561.302
2026-04-20 16:00:00,55.16,55.4,54.84,55.2,38360.035,20550.975
2026-04-20 20:00:00,55.19,55.38,54.89,55.03,34622.524,18411.045
2026-04-21 00:00:00,55.03,55.25,54.67,54.79,20123.624,9518.632
2026-04-21 04:00:00,54.79,55.42,54.79,55.31,38833.827,20626.538
2026-04-21 08:00:00,55.31,55.66,55.17,55.45,37840.659,18836.792
2026-04-21 12:00:00,55.45,55.88,55.22,55.36,52998.549,27279.907
2026-04-21 16:00:00,55.37,55.48,54.76,54.85,71015.923,36903.692
2026-04-21 20:00:00,54.85,55.62,54.85,55.57,32906.154,19014.694
2026-04-22 00:00:00,55.57,56.12,55.5,55.85,37831.392,19070.242
2026-04-22 04:00:00,55.85,56.48,55.8,56.2,50531.226,26997.189
2026-04-22 08:00:00,56.2,56.35,55.8,56.24,43724.832,20873.91
2026-04-22 12:00:00,56.24,56.55,56.02,56.47,66973.185,38098.476
2026-04-22 16:00:00,56.47,56.49,55.85,55.99,38838.443,18370.029
2026-04-22 20:00:00,55.99,56.1,55.48,55.49,29626.978,11432.169
2026-04-23 00:00:00,55.5,55.95,54.9,55.14,57320.963,26290.649
2026-04-23 04:00:00,55.15,55.35,55.06,55.17,27722.736,13036.119
2026-04-23 08:00:00,55.17,55.52,54.97,55.46,34167.297,16881.562
2026-04-23 12:00:00,55.46,55.99,55.42,55.87,33557.31,15497.395
2026-04-23 16:00:00,55.87,55.89,55.12,55.5,47970.464,20361.08
2026-04-23 20:00:00,55.5,56.23,55.46,56.21,32493.183,17300.899
2026-04-24 00:00:00,56.21,56.27,55.75,55.88,28017.638,12036.957
2026-04-24 04:00:00,55.88,56.17,55.76,56.11,22655.4,11034.583
2026-04-24 08:00:00,56.12,56.53,55.82,56.41,68847.51,38281.071
2026-04-24 12:00:00,56.41,56.7,56.06,56.59,47671.325,22587.387
2026-04-24 16:00:00,56.59,56.73,56.36,56.73,36913.506,19088.707
2026-04-24 20:00:00,56.72,56.76,56.36,56.54,29741.319,15564.913
2026-04-25 00:00:00,56.55,56.71,56.34,56.69,24025.573,11509.142
2026-04-25 04:00:00,56.69,56.72,56.28,56.43,21308.834,11429.03
2026-04-25 08:00:00,56.44,56.61,56.18,56.28,22013.857,10652.348
2026-04-25 12:00:00,56.27,56.61,56.17,56.45,21815.72,10798.478
2026-04-25 16:00:00,56.44,56.55,55.91,56.07,32817.341,15347.094
2026-04-25 20:00:00,56.07,56.13,55.93,56.05,19660.498,9511.682
2026-04-26 00:00:00,56.05,56.05,55.75,55.85,15110.913,6143.925
2026-04-26 04:00:00,55.84,56.33,55.78,56.31,26491.291,16314.655
2026-04-26 08:00:00,56.32,56.36,56.14,56.28,21568.076,9173.592
2026-04-26 12:00:00,56.29,56.33,55.87,56.05,27101.425,11174.286
2026-04-26 16:00:00,56.05,56.41,55.77,56.31,35562.099,19870.606
2026-04-26 20:00:00,56.32,56.48,55.97,56.28,25578.435,12070.648
2026-04-27 00:00:00,56.28,56.8,56.05,56.64,36542.256,17991.548
2026-04-27 04:00:00,56.65,56.66,55.24,55.28,62824.727,28653.629
2026-04-27 08:00:00,55.28,55.51,55.22,55.43,34377.539,16262.338
2026-04-27 12:00:00,55.42,55.92,54.95,55.19,54838.774,25796.45
2026-04-27 16:00:00,55.18,55.55,55.08,55.34,46954.676,22862.618
2026-04-27 20:00:00,55.34,55.61,55.22,55.57,19788.859,11341.447
2026-04-28 00:00:00,55.56,55.63,55.29,55.41,19340.569,10653.213
2026-04-28 04:00:00,55.41,55.5,55.02,55.23,19233.556,8695.826
2026-04-28 08:00:00,55.23,55.42,54.94,54.98,32280.375,15149.007
2026-04-28 12:00:00,54.98,55.14,54.67,55.07,41374.095,16688.728
2026-04-28 16:00:00,55.07,55.46,54.98,55.44,40608.859,17514.653
2026-04-28 20:00:00,55.45,55.79,55.4,55.71,29209.561,14779.595
2026-04-29 00:00:00,55.7,55.94,55.5,55.93,23336.848,13656.051
2026-04-29 04:00:00,55.94,56.1,55.82,56.02,27673.421,11156.858
2026-04-29 08:00:00,56.02,57.71,55.87,56.8,134188.227,68799.115
2026-04-29 12:00:00,56.8,57.05,55,55.21,86044.111,37657.097
2026-04-29 16:00:00,55.21,55.6,54.35,54.77,97791.083,42457.058
2026-04-29 20:00:00,54.78,55.37,54.69,55.32,38936.068,17862.957
2026-04-30 00:00:00,55.32,55.73,55.13,55.34,30618.688,15197.213
2026-04-30 04:00:00,55.33,55.69,54.93,55.6,30497.539,13484.973
2026-04-30 08:00:00,55.61,55.96,55.51,55.73,35617.445,17526.896
2026-04-30 12:00:00,55.72,55.99,55.5,55.61,41125.742,19344.578
2026-04-30 16:00:00,55.61,55.69,55.29,55.3,32333.636,13573.364
2026-04-30 20:00:00,55.29,55.37,55.04,55.19,25584.224,11750.495
2026-05-01 00:00:00,55.19,55.64,55.15,55.42,25549.746,11368.076
2026-05-01 04:00:00,55.43,55.52,55.14,55.3,26001.831,13039.985
2026-05-01 08:00:00,55.3,55.37,54.9,55.15,31450.586,13973.809
2026-05-01 12:00:00,55.16,55.83,55.11,55.65,55196.238,31122.533
2026-05-01 16:00:00,55.66,56.03,55.44,55.74,75686.837,45164.989
2026-05-01 20:00:00,55.74,55.8,55.27,55.4,35972.107,10945.57
2026-05-02 00:00:00,55.4,55.71,55.36,55.64,11576.606,5905.15
2026-05-02 04:00:00,55.63,55.64,55.28,55.38,19310.247,8075.709
2026-05-02 08:00:00,55.38,55.49,55.13,55.22,21054.67,9036.346
2026-05-02 12:00:00,55.22,55.42,55.14,55.38,29018.685,13354.912
2026-05-02 16:00:00,55.37,55.44,55.14,55.31,27920.399,14372.592
2026-05-02 20:00:00,55.3,55.44,55.05,55.39,57212.846,26831.677
2026-05-03 00:00:00,55.39,55.4,54.9,55.06,20960.234,9189.606
2026-05-03 04:00:00,55.06,55.14,54.84,55.03,30279.816,12851.421
2026-05-03 08:00:00,55.03,55.36,54.85,55.17,26618.914,12811.301
2026-05-03 12:00:00,55.18,55.38,55.11,55.34,26976.164,12614.799
2026-05-03 16:00:00,55.34,55.47,55.24,55.43,22093.347,11250.226
2026-05-03 20:00:00,55.43,55.76,55.26,55.29,28487.051,13320.003
2026-05-04 00:00:00,55.3,56.24,54.99,56.13,74590.788,39332.666
2026-05-04 04:00:00,56.13,56.43,55.82,55.89,59369.722,30878.132
2026-05-04 08:00:00,55.89,55.94,54.95,55.24,80196.719,34369.52
2026-05-04 12:00:00,55.24,55.75,54.96,55.26,80132.423,36116.226
2026-05-04 16:00:00,55.26,55.51,55.04,55.2,68784.674,36046.578
2026-05-04 20:00:00,55.2,55.36,54.9,54.96,64678.321,28546.53
2026-05-05 00:00:00,54.96,55.27,54.76,55.11,40427.573,17426.902
2026-05-05 04:00:00,55.11,55.38,54.97,55.3,52432.499,21646.949
2026-05-05 08:00:00,55.3,55.56,55.2,55.55,48268.145,24923.575
2026-05-05 12:00:00,55.54,55.92,55.41,55.61,83157.308,43613.596
2026-05-05 16:00:00,55.62,56.09,55.41,56.07,53065.193,24140.081
2026-05-05 20:00:00,56.06,56.61,56.06,56.34,71103.848,37100.124
2026-05-06 00:00:00,56.34,56.78,56.08,56.75,52321.961,22440.698
2026-05-06 04:00:00,56.75,57.25,56.56,57.16,68568.449,36238.405
2026-05-06 08:00:00,57.15,57.93,57.14,57.7,85298.804,44383.065
2026-05-06 12:00:00,57.71,57.88,56.44,57.09,97820.004,46313.892
2026-05-06 16:00:00,57.09,57.26,56.74,56.95,37803.506,15456.415
2026-05-06 20:00:00,56.95,57.13,56.34,56.73,40726.115,15700.808
2026-05-07 00:00:00,56.74,56.83,56.18,56.21,34014.751,14437.526
2026-05-07 04:00:00,56.2,57.14,56.17,57.13,29947.734,15721.287
2026-05-07 08:00:00,57.13,57.26,56.64,57.12,41987.926,18849.018
2026-05-07 12:00:00,57.13,57.4,56.05,56.24,85566.918,33567.441
2026-05-07 16:00:00,56.24,56.78,56.08,56.46,70950.907,29833.608
2026-05-07 20:00:00,56.47,56.79,56.1,56.42,44679.492,17218.534
2026-05-08 00:00:00,56.43,56.66,56.06,56.42,23089.404,11553.349
2026-05-08 04:00:00,56.41,56.66,56.2,56.53,24479.225,10024.468
2026-05-08 08:00:00,56.54,56.71,56.39,56.58,53950.848,19067.14
2026-05-08 12:00:00,56.59,57.88,56.44,57.83,66707.2,42035.176
2026-05-08 16:00:00,57.83,58.99,57.39,58.46,104879.854,54850.397
2026-05-08 20:00:00,58.46,58.57,58,58.32,63359.762,25428.164
2026-05-09 00:00:00,58.32,59.14,58.26,58.69,69473.395,33497.984
2026-05-09 04:00:00,58.69,58.87,58.44,58.53,33401.504,15001.737
2026-05-09 08:00:00,58.54,58.78,58.16,58.24,30974.863,16649.667
2026-05-09 12:00:00,58.25,58.35,57.62,57.77,41983.324,18568.024
2026-05-09 16:00:00,57.77,58.25,57.69,58.15,43519.037,24746.193
2026-05-09 20:00:00,58.14,58.32,57.97,58,22722.567,12333.433
2026-05-10 00:00:00,57.99,58.17,57.66,57.93,19523.833,8489.218
2026-05-10 04:00:00,57.94,58.38,57.85,58.34,16736.592,8750.568
2026-05-10 08:00:00,58.34,58.74,58.19,58.41,37777.072,17338.461
2026-05-10 12:00:00,58.4,59.07,58.24,59.07,41237.174,19039.535
2026-05-10 16:00:00,59.08,60.02,59.02,59.74,90020.807,51665.89
2026-05-10 20:00:00,59.74,60.61,58.03,60.43,138339.809,69962.221
2026-05-11 00:00:00,60.42,60.59,58.43,58.73,62380.171,28194.851
2026-05-11 04:00:00,58.73,59.08,58.5,58.87,29595.166,15620.435
2026-05-11 08:00:00,58.88,58.92,58.38,58.72,50386.027,21669.605
2026-05-11 12:00:00,58.73,59.04,58.06,59.01,62647.916,25390.8
2026-05-11 16:00:00,59,59.33,58.68,58.97,39910.069,19631.547
2026-05-11 20:00:00,58.97,59.11,58.36,58.52,84697.771,50810.423
2026-05-12 00:00:00,58.51,58.68,57.67,58.05,56073.113,26415.041
2026-05-12 04:00:00,58.04,58.5,58.02,58.41,23583.424,11093.624
2026-05-12 08:00:00,58.42,58.46,57.64,57.87,65908.245,29397.882
2026-05-12 12:00:00,57.86,57.91,57.05,57.28,68778.749,29854.03
2026-05-12 16:00:00,57.28,57.83,57.09,57.77,53201.933,27663.971
2026-05-12 20:00:00,57.77,58.32,57.75,58.12,36656.39,18561.78
2026-05-13 00:00:00,58.11,58.56,57.64,58.53,57764.361,30152.31
2026-05-13 04:00:00,58.54,58.61,58.08,58.48,32465.31,17718.614
2026-05-13 08:00:00,58.48,58.97,58.07,58.14,52661.682,25917.277
2026-05-13 12:00:00,58.15,58.25,56.28,56.33,105723.621,43834.673
2026-05-13 16:00:00,56.34,57.16,56.34,56.78,57727.493,27756.009
2026-05-13 20:00:00,56.78,57.11,56.56,57.01,44438.305,23037.163
2026-05-14 00:00:00,57,57.25,56.63,56.71,25590.887,12429.851
2026-05-14 04:00:00,56.71,57.37,56.64,57.09,30157.569,16093.088
2026-05-14 08:00:00,57.1,57.24,56.86,56.94,31257.896,12028.336
2026-05-14 12:00:00,56.93,58.28,56.91,58.11,68394.759,33766.139
2026-05-14 16:00:00,58.11,59.56,57.8,58.92,131406.578,70405.449
2026-05-14 20:00:00,58.93,58.98,58.13,58.21,65516.836,32033.57
2026-05-15 00:00:00,58.2,58.52,57.85,58.09,47287.985,24068.278
2026-05-15 04:00:00,58.1,58.43,57.32,58.26,39074.105,17871.707
2026-05-15 08:00:00,58.27,58.52,57.89,58.1,46007.971,19470.711
2026-05-15 12:00:00,58.1,58.2,56.39,56.93,96562.52,42842.055
2026-05-15 16:00:00,56.93,57.52,56.82,57.27,48437.696,22119.682
2026-05-15 20:00:00,57.28,57.57,57.16,57.5,37992.53,14139.2
2026-05-16 00:00:00,57.5,57.71,57,57.14,49690.175,25548.094
2026-05-16 04:00:00,57.13,57.16,55.67,56.13,54485.972,25790.257
2026-05-16 08:00:00,56.12,56.31,55.57,55.94,46532.303,21065.631
2026-05-16 12:00:00,55.94,56.31,55.9,56.22,25244.95,11994.979
2026-05-16 16:00:00,56.22,56.38,56.11,56.14,21503.653,9664.227
2026-05-16 20:00:00,56.15,56.27,56.02,56.14,20663.231,9387.306
2026-05-17 00:00:00,56.14,56.25,55.76,56.19,22339.592,10060.062
2026-05-17 04:00:00,56.19,56.44,56.15,56.35,24654.713,14144.248
2026-05-17 08:00:00,56.35,56.52,56.18,56.35,23497.884,12383.436
2026-05-17 12:00:00,56.35,56.45,55.75,55.99,27995.344,14988.213
2026-05-17 16:00:00,56,56.08,55.64,56.07,34929.587,14766.207
2026-05-17 20:00:00,56.06,56.26,53.72,54.57,140662.843,68812.594
2026-05-18 00:00:00,54.56,54.58,53.81,54.18,61939.479,25524.397
2026-05-18 04:00:00,54.18,54.43,53.49,53.72,65119.672,26444.415
2026-05-18 08:00:00,53.73,54.05,53.33,53.83,54671.028,21957.864
2026-05-18 12:00:00,53.83,54.13,53.16,53.54,82732.992,38053.242
2026-05-18 16:00:00,53.54,54.29,53.4,54.22,73975.695,39874.978
2026-05-18 20:00:00,54.22,54.58,54.05,54.37,47380.293,24645.653
2026-05-19 00:00:00,54.38,54.59,54.11,54.32,30618.169,16731.905
2026-05-19 04:00:00,54.32,54.54,54.15,54.48,35803.133,18757.133
2026-05-19 08:00:00,54.48,54.48,53.93,53.95,43219.408,21037.915
2026-05-19 12:00:00,53.95,54.38,53.5,53.82,66937.138,26810.728
2026-05-19 16:00:00,53.82,54.24,53.78,54.07,34487.339,19167.394
2026-05-19 20:00:00,54.08,54.54,54,54.5,28616.066,13548.293
2026-05-20 00:00:00,54.51,54.56,53.29,53.82,78459.133,38363.056
2026-05-20 04:00:00,53.82,54.3,53.66,54.14,23298.872,11751.657
2026-05-20 08:00:00,54.15,54.3,53.76,53.85,42688.255,19089.177
2026-05-20 12:00:00,53.86,54.47,53.54,54.27,67282.351,32369.147
2026-05-20 16:00:00,54.27,54.46,53.99,54.22,41593.149,19227.904
2026-05-20 20:00:00,54.22,54.35,53.81,53.96,41854.674,20574.782
2026-05-21 00:00:00,53.96,54.49,53.89,54.47,26682.447,12715.602
2026-05-21 04:00:00,54.46,54.53,54.22,54.46,28059.552,14193.095
2026-05-21 08:00:00,54.46,54.7,53.3,53.51,75159.968,32226.797
2026-05-21 12:00:00,53.51,54.06,53.49,53.95,58628.485,26882.695
2026-05-21 16:00:00,53.96,54.43,53.58,54.21,89745.493,50881.984
2026-05-21 20:00:00,54.22,54.43,54.07,54.18,28970.301,13978.557
2026-05-22 00:00:00,54.18,54.45,54.1,54.33,24938.297,12949.62
2026-05-22 04:00:00,54.33,54.49,54.02,54.38,30684.032,15102.996
2026-05-22 08:00:00,54.37,54.58,53.91,54.25,64918.081,32191.248
2026-05-22 12:00:00,54.24,54.39,53.66,54.02,79558.813,34295.367
2026-05-22 16:00:00,54.01,54.43,52.75,53.24,82230.154,37885.47
2026-05-22 20:00:00,53.24,53.49,52.26,52.65,64661.382,30156.439
2026-05-23 00:00:00,52.65,53.15,52.41,52.94,50836.368,23781.381
2026-05-23 04:00:00,52.95,52.97,51.47,51.92,64011.663,29363.009
2026-05-23 08:00:00,51.92,52.2,51.78,51.98,42151.825,20778.403
2026-05-23 12:00:00,51.97,52.91,51.87,52.87,36031.48,18986.469
2026-05-23 16:00:00,52.87,53.42,52.75,53.33,33140.646,17829.202
2026-05-23 20:00:00,53.34,54.24,53.2,53.49,54460.105,31160.622
2026-05-24 00:00:00,53.49,53.57,53.28,53.38,15602.328,6960.435
2026-05-24 04:00:00,53.38,53.6,53.22,53.39,21732.465,11806.982
2026-05-24 08:00:00,53.4,53.68,53.33,53.63,27103.042,13223.769
2026-05-24 12:00:00,53.64,53.64,52.56,52.78,58244.632,28924.596
2026-05-24 16:00:00,52.79,52.94,52.69,52.83,33225.157,14965.219
2026-05-24 20:00:00,52.83,52.89,51.97,52.76,41924.731,19757.452
2026-05-25 00:00:00,52.75,52.99,52.49,52.59,28064.118,17766.965
2026-05-25 04:00:00,52.59,53.01,52.5,52.96,43877.664,20593.47
2026-05-25 08:00:00,52.96,53.12,52.67,52.68,37550.631,15085.111
2026-05-25 12:00:00,52.68,52.99,52.57,52.75,48907.709,21603.557
2026-05-25 16:00:00,52.75,53.17,52.74,52.88,36547.776,19227.844
2026-05-25 20:00:00,52.87,53.2,52.45,52.73,45472.545,25256.84
2026-05-26 00:00:00,52.73,52.74,52.11,52.31,28927.691,12930.354
2026-05-26 04:00:00,52.3,52.69,52.23,52.35,32272.557,15016.049
2026-05-26 08:00:00,52.34,52.97,52.26,52.78,41591.091,19386.966
2026-05-26 12:00:00,52.78,53.12,52.14,52.39,56519.947,27673.339
2026-05-26 16:00:00,52.39,52.39,51.63,51.94,45430.107,22530.609
2026-05-26 20:00:00,51.95,52.19,51.83,51.92,27681.129,12003.342
2026-05-27 00:00:00,51.92,52.22,51.92,52.03,19550.05,9049.644
2026-05-27 04:00:00,52.03,52.38,51.72,52.38,35359.274,19030.422
2026-05-27 08:00:00,52.38,52.54,52.14,52.19,31351.19,12345.549
2026-05-27 12:00:00,52.19,52.88,51.94,52.67,70068.256,41407.208
2026-05-27 16:00:00,52.67,52.73,51.97,52.46,45852.137,23212.107
2026-05-27 20:00:00,52.46,52.56,51.67,51.97,46280.893,20319.341
2026-05-28 00:00:00,51.96,52.12,50.91,51.03,73978.922,28693.122
2026-05-28 04:00:00,51.03,51.03,50.33,50.85,75308.231,37592.775
2026-05-28 08:00:00,50.86,51.03,50.64,50.74,29846.53,15216.177
2026-05-28 12:00:00,50.74,51.44,50.54,51.42,70695.745,31482.842
2026-05-28 16:00:00,51.42,52.14,51.27,51.76,57909.877,36108.05
2026-05-28 20:00:00,51.75,52.09,51.62,51.67,27630.324,14599.762
2026-05-29 00:00:00,51.67,51.85,51.55,51.67,26597.282,12799.356
2026-05-29 04:00:00,51.68,52,51.34,51.72,39868.108,21722.206
2026-05-29 08:00:00,51.72,51.9,51.55,51.67,27685.909,13134.149
2026-05-29 12:00:00,51.67,52.33,51.16,52.2,64173.127,34210.256
2026-05-29 16:00:00,52.2,52.34,51.51,51.91,55919.587,25390.027
2026-05-29 20:00:00,51.91,52.08,51.68,51.89,25468.254,11244.738
2026-05-30 00:00:00,51.9,52.55,51.83,52.46,33603.521,19135.702
2026-05-30 04:00:00,52.46,52.5,52.1,52.45,18593.566,9046.503
2026-05-30 08:00:00,52.45,52.75,52.41,52.51,22752.66,12114.931
2026-05-30 12:00:00,52.51,52.78,52.32,52.39,79962.367,48574.273
2026-05-30 16:00:00,52.4,52.56,52.2,52.52,27907.467,13507.541
2026-05-30 20:00:00,52.52,52.62,52.32,52.45,19230.042,9857.638
2026-05-31 00:00:00,52.46,52.76,52.38,52.66,18208.284,8931.185
2026-05-31 04:00:00,52.65,52.74,52.23,52.33,22765.053,12010.1
2026-05-31 08:00:00,52.32,52.58,52.25,52.32,29542.865,12054.519
2026-05-31 12:00:00,52.33,52.62,51.74,51.94,32510.435,13809.779
2026-05-31 16:00:00,51.95,51.98,51.39,51.64,33496.132,16405.586
2026-05-31 20:00:00,51.64,52.33,51.64,52.07,34578.133,16970.11
2026-06-01 00:00:00,52.08,52.29,51.41,51.98,36708.079,17948.605
2026-06-01 04:00:00,51.99,52.05,51,51,47551.265,18462.854
2026-06-01 08:00:00,51,51.44,50.81,51,50300.457,24619.271
2026-06-01 12:00:00,51.01,51.18,50.11,50.4,98269.648,45632.474
2026-06-01 16:00:00,50.4,51.07,50.1,50.88,59096.586,29870.648
2026-06-01 20:00:00,50.88,51.01,50.48,50.79,30147.903,14165.103
2026-06-02 00:00:00,50.79,50.84,49.87,50.27,59428.016,26446.606
2026-06-02 04:00:00,50.27,50.32,49.13,49.45,60417.272,29652.657
2026-06-02 08:00:00,49.45,49.67,49.15,49.36,49899.52,21667.319
2026-06-02 12:00:00,49.36,49.58,47.47,47.82,147177.202,72792.011
2026-06-02 16:00:00,47.81,48.57,47.37,48.11,73289.86,31140.951
2026-06-02 20:00:00,48.11,48.52,46.3,46.91,128482.175,60395.263
2026-06-03 00:00:00,46.91,47.77,46.82,47.04,102482.324,43086.015
2026-06-03 04:00:00,47.04,48.56,47.04,48.4,88143.278,55070.713
2026-06-03 08:00:00,48.39,48.55,48,48.21,52297.104,21963.829
2026-06-03 12:00:00,48.21,48.31,47.57,47.65,81722.479,28238.201
2026-06-03 16:00:00,47.66,47.82,47.11,47.3,76161.893,31796.056
2026-06-03 20:00:00,47.3,48.02,46.87,47.14,63284.583,30236.877
2026-06-04 00:00:00,47.13,47.48,43.9,46.82,189011.39,79544.722
2026-06-04 04:00:00,46.82,46.97,46.03,46.21,48504.078,21995.49
2026-06-04 08:00:00,46.22,46.54,45.07,45.63,93100.756,41084.35
2026-06-04 12:00:00,45.63,46.92,45.5,46.36,73646.108,34979.859
2026-06-04 16:00:00,46.36,46.66,45.81,46.29,68473.585,30488.07
2026-06-04 20:00:00,46.29,46.31,45.1,45.64,67804.597,31701.382
2026-06-05 00:00:00,45.64,45.85,44.63,44.86,43302.237,20026.583
2026-06-05 04:00:00,44.86,45.48,42.66,44.19,151175.467,69245.446
2026-06-05 08:00:00,44.19,44.65,43.67,44.06,82924.828,39041.589
2026-06-05 12:00:00,44.05,44.59,42.7,43.2,139155.507,69071.98
2026-06-05 16:00:00,43.2,44.21,41.94,43.03,137877.204,65920.879
2026-06-05 20:00:00,43.02,44.03,42.54,43.32,80997.789,43105.513
2026-06-06 00:00:00,43.32,44.03,42.63,42.68,45822.002,25616.979
2026-06-06 04:00:00,42.67,42.94,40.52,42.82,121720.864,62661.94
2026-06-06 08:00:00,42.83,43.53,42.14,42.79,67441.243,32995.097
2026-06-06 12:00:00,42.79,43.05,42,42.35,51791.086,25331.557
2026-06-06 16:00:00,42.35,42.54,40.94,41.15,98707.805,48896.589
2026-06-06 20:00:00,41.15,41.89,40.8,41.39,59576.153,28439.401
2026-06-07 00:00:00,41.4,42.21,41.15,41.94,103488.869,59398.148
2026-06-07 04:00:00,41.94,42.24,41.27,41.94,101123.76,57684.824
2026-06-07 08:00:00,41.93,42.71,41.69,42.37,84121.284,44980.048
2026-06-07 12:00:00,42.38,42.47,41.53,42.1,81934.001,41568.297
2026-06-07 16:00:00,42.09,42.2,41.1,41.37,55288.143,25898.763
2026-06-07 20:00:00,41.36,43.46,41.26,42.83,71160.548,36292.579
2026-06-08 00:00:00,42.82,43.15,42.04,42.53,99136.93,63705.556
2026-06-08 04:00:00,42.53,42.91,42.1,42.84,48348.889,20249.194
2026-06-08 08:00:00,42.85,43.31,42.44,43.15,60627.266,28705.443
2026-06-08 12:00:00,43.15,43.53,42.8,43.13,74490.138,34417.872
2026-06-08 16:00:00,43.13,43.58,42.89,43.4,38283.507,18104.172
2026-06-08 20:00:00,43.41,43.82,42.98,43.03,59922.62,30559.139
2026-06-09 00:00:00,43.03,43.17,42.22,42.51,56485.054,27081.872
2026-06-09 04:00:00,42.51,43.09,42.45,42.9,33821.812,17570.102
2026-06-09 08:00:00,42.9,42.92,42.27,42.5,41069.518,19158.294
2026-06-09 12:00:00,42.49,42.83,41.96,41.98,90942.002,50841.775
2026-06-09 16:00:00,41.97,43.5,41.81,43.4,76339.685,37605.894
2026-06-09 20:00:00,43.41,43.5,42.87,43.03,36500.005,18766.451
2026-06-10 00:00:00,43.02,43.24,42.42,42.68,34073.472,18262.427
2026-06-10 04:00:00,42.67,42.77,42.27,42.56,34833.319,17228.336
2026-06-10 08:00:00,42.57,42.58,41.86,42.1,86941.769,45865.216
2026-06-10 12:00:00,42.1,43.11,41.99,42.86,72619.082,34786.894
2026-06-10 16:00:00,42.85,42.85,41.53,41.63,53612.568,26978.022
2026-06-10 20:00:00,41.63,41.83,41.25,41.74,54805.981,25412.539
2026-06-11 00:00:00,41.73,42.92,41.72,42.79,44910.08,25838.316
2026-06-11 04:00:00,42.79,42.87,42.47,42.55,41702.964,22530.088
2026-06-11 08:00:00,42.55,42.82,42.45,42.66,35608.733,15752.98
2026-06-11 12:00:00,42.65,42.72,41.91,42.11,52243.469,25357.013
2026-06-11 16:00:00,42.11,42.95,41.98,42.63,58028.586,33465.6
2026-06-11 20:00:00,42.63,42.8,42.36,42.47,33336.697,14903.843
2026-06-12 00:00:00,42.47,42.76,42.39,42.66,51609.779,22780.632
2026-06-12 04:00:00,42.67,42.8,42.19,42.59,29053.707,13669.269
2026-06-12 08:00:00,42.59,43.2,42.59,43.03,45235.091,22844.835
2026-06-12 12:00:00,43.02,43.54,42.69,42.85,82324.483,39752.645
2026-06-12 16:00:00,42.85,43.26,42.73,42.99,61835.422,35105.95
2026-06-12 20:00:00,42.99,43.09,42.85,43.07,30953.733,15736.404
2026-06-13 00:00:00,43.07,43.54,42.95,43.37,23269.795,12486.667
2026-06-13 04:00:00,43.36,43.55,43.02,43.5,34871.36,19022.21
2026-06-13 08:00:00,43.5,43.92,43.43,43.78,33702.405,19110.018
2026-06-13 12:00:00,43.78,44.14,43.76,44.06,49471.903,30360.413
2026-06-13 16:00:00,44.06,44.08,43.56,43.81,32223.732,16887.736
2026-06-13 20:00:00,43.81,44.4,43.72,44.33,48569.341,29626.751
2026-06-14 00:00:00,44.34,44.69,44.23,44.46,42880.371,20143.78
2026-06-14 04:00:00,44.45,44.48,43.9,44.07,29844.409,14243.386
2026-06-14 08:00:00,44.07,44.33,43.97,44.08,38367.024,19651.372
2026-06-14 12:00:00,44.08,44.12,43.73,44.03,28776.76,13815.107
2026-06-14 16:00:00,44.03,44.27,43.89,44.21,28849.478,14136.53
2026-06-14 20:00:00,44.21,45.44,44.16,45.41,80258.63,44765.503
2026-06-15 00:00:00,45.4,45.47,45.02,45.32,36764.811,19122.957
2026-06-15 04:00:00,45.31,45.57,45.07,45.09,40657.055,21325.354
2026-06-15 08:00:00,45.09,46.15,44.77,45.81,93629.553,49895.926
2026-06-15 12:00:00,45.81,46.29,45.27,46.09,152699.723,65045.595
2026-06-15 16:00:00,46.09,46.25,45.41,45.65,89416.987,42550.566
2026-06-15 20:00:00,45.66,45.87,45.46,45.76,31298.421,16339.071
2026-06-16 00:00:00,45.75,45.99,45.3,45.85,34841.117,15310.504
2026-06-16 04:00:00,45.85,45.86,45.39,45.81,22483.236,11553.068
2026-06-16 08:00:00,45.82,46.36,45.36,45.53,79968.448,38907.389
2026-06-16 12:00:00,45.53,45.76,44.41,44.92,59627.601,26689.952
2026-06-16 16:00:00,44.92,45.8,44.87,45.47,47919.832,26233.439
2026-06-16 20:00:00,45.47,46.07,45.37,45.69,29991.924,15341.191
2026-06-17 00:00:00,45.69,45.98,45.41,45.7,30817.318,15316.925
2026-06-17 04:00:00,45.7,45.91,45.42,45.55,20571.608,9458.937
2026-06-17 08:00:00,45.55,45.61,44.89,45.08,31231.614,14159.762
2026-06-17 12:00:00,45.08,45.73,44.9,45.69,41732.916,18694.256
2026-06-17 16:00:00,45.69,45.95,44.59,44.81,72676.367,36479.164
2026-06-17 20:00:00,44.81,45.08,44.38,44.92,33671.405,14141.494
2026-06-18 00:00:00,44.93,45.05,44.43,44.49,33578.917,13667.602
2026-06-18 04:00:00,44.49,44.6,44.09,44.52,26003.187,11091.878
2026-06-18 08:00:00,44.52,44.6,43.94,44.02,65196.583,39342.492
2026-06-18 12:00:00,44.02,44.28,42.99,43.1,73963.69,36389.697
2026-06-18 16:00:00,43.09,43.58,43.07,43.52,39012.654,19764.643
2026-06-18 20:00:00,43.52,43.88,43.52,43.86,24227.713,12140.531
2026-06-19 00:00:00,43.85,44.04,43.4,43.59,23782.668,12640.087
2026-06-19 04:00:00,43.6,43.69,43.19,43.46,30900.348,13117.328
2026-06-19 08:00:00,43.46,43.61,43.26,43.49,27505.44,12478.536
2026-06-19 12:00:00,43.49,44.47,43.34,44.45,49261.846,25776.282
2026-06-19 16:00:00,44.45,44.59,43.88,43.94,33940.371,17095.681
2026-06-19 20:00:00,43.94,44.17,43.73,44.07,32452.065,14007.613
2026-06-20 00:00:00,44.06,44.17,43.8,43.92,14609.414,6568.276
2026-06-20 04:00:00,43.92,44.39,43.84,44.15,23805.824,11616.69
2026-06-20 08:00:00,44.15,44.33,44.02,44.26,24572.103,11924.072
2026-06-20 12:00:00,44.26,44.43,43.77,44.32,35254.82,15631.886
2026-06-20 16:00:00,44.32,44.39,43.9,44.13,27840.33,11350.224
2026-06-20 20:00:00,44.13,44.63,44.04,44.53,31496.836,17560.644
2026-06-21 00:00:00,44.53,44.63,44.44,44.52,14730.696,6876.644
2026-06-21 04:00:00,44.52,44.92,44.43,44.82,20303.054,9895.169
2026-06-21 08:00:00,44.83,45.37,44.66,45.01,31269.122,16302.946
2026-06-21 12:00:00,45.02,46.08,44.89,45.93,35604.84,18135.425
2026-06-21 16:00:00,45.93,45.95,45.01,45.28,68150.067,34646.703
2026-06-21 20:00:00,45.27,45.3,44.39,44.47,33164.425,14691.548
2026-06-22 00:00:00,44.47,45.59,44.47,44.93,28754.149,14934.938
2026-06-22 04:00:00,44.94,45.16,44.82,45,18732.156,9455.403
2026-06-22 08:00:00,45,45.3,44.68,45.25,33761.165,15465.42
2026-06-22 12:00:00,45.26,45.84,45.08,45.15,45513.572,22819.925
2026-06-22 16:00:00,45.15,45.16,44.48,44.64,37317.903,15237.312
2026-06-22 20:00:00,44.64,44.74,44.29,44.56,33072.264,15978.471
2026-06-23 00:00:00,44.56,44.68,44.35,44.6,20340.052,8731.206
2026-06-23 04:00:00,44.6,44.63,43.76,43.8,39337.541,19958.503
2026-06-23 08:00:00,43.8,43.83,43.09,43.48,54872.175,24424.115
2026-06-23 12:00:00,43.47,43.53,41.84,41.95,111329.331,61191.227
2026-06-23 16:00:00,41.95,42.25,41.8,41.91,62629.167,30816.92
2026-06-23 20:00:00,41.92,42.24,41.84,42.17,37429.895,21267.762
2026-06-24 00:00:00,42.18,42.36,41.74,41.77,30525.728,15307.33
2026-06-24 04:00:00,41.78,42.2,41.48,42.07,39144.849,17024.007
2026-06-24 08:00:00,42.07,42.42,41.8,42.23,35741.396,17693.541
2026-06-24 12:00:00,42.23,42.29,40.69,40.71,85066.165,39776.741
2026-06-24 16:00:00,40.72,41.07,39.32,40.1,133081.975,61690.859
2026-06-24 20:00:00,40.1,41.27,40.01,41.19,55479.923,28172.298
2026-06-25 00:00:00,41.19,41.33,41.06,41.29,23284.361,11938.865
2026-06-25 04:00:00,41.29,42,41.18,41.76,44726.415,24375.518
2026-06-25 08:00:00,41.76,41.91,41.3,41.36,32345.192,14100.122
2026-06-25 12:00:00,41.37,41.66,39.28,40.44,145690.75,64896.021
2026-06-25 16:00:00,40.44,41.1,40.27,40.71,84298.105,39248.55
2026-06-25 20:00:00,40.72,41.27,40.72,40.92,34575.418,15148.931
2026-06-26 00:00:00,40.92,41.28,40.03,41.23,58602.218,24327.244
2026-06-26 04:00:00,41.23,41.96,41.11,41.9,53213.034,23046.187
2026-06-26 08:00:00,41.89,41.92,40.78,40.91,83155.133,30229.461
2026-06-26 12:00:00,40.91,41.57,40.14,41.39,124655.707,74195.849
2026-06-26 16:00:00,41.4,42.04,41.36,41.68,73790.1,38915.539
2026-06-26 20:00:00,41.69,42.18,41.64,41.91,61437.053,26747.471
2026-06-27 00:00:00,41.92,42.39,41.71,42.3,28385.691,12804.473
2026-06-27 04:00:00,42.29,42.53,42.15,42.45,44814.231,19921.866
2026-06-27 08:00:00,42.44,42.9,42.35,42.49,97234.958,45287.646
2026-06-27 12:00:00,42.49,43.19,42.46,43.12,65346.775,31162.932
2026-06-27 16:00:00,43.12,43.3,42.18,42.32,62807.728,26433.274
2026-06-27 20:00:00,42.32,42.58,41.88,42.17,30602.548,15038.526
2026-06-28 00:00:00,42.18,42.31,41.9,42.25,29680.29,15356.382
2026-06-28 04:00:00,42.25,42.54,42.07,42.52,22586.08,12712.549
2026-06-28 08:00:00,42.53,43.34,42.47,43.33,52555.234,31431.577
2026-06-28 12:00:00,43.32,43.37,42.8,42.93,46420.387,22655.941
2026-06-28 16:00:00,42.93,43.13,42.36,42.55,39475.33,17782.439
2026-06-28 20:00:00,42.55,42.69,42.02,42.53,36358.072,17133.465
2026-06-29 00:00:00,42.53,43.3,42.35,43.25,67122.205,37757.633
2026-06-29 04:00:00,43.26,43.29,42.63,42.66,32289.604,14595.748
2026-06-29 08:00:00,42.65,42.7,42.19,42.31,65287.178,26684.701
2026-06-29 12:00:00,42.31,42.85,42.12,42.51,64770.169,30536.692
2026-06-29 16:00:00,42.52,43.43,42.27,43.41,49350.385,23585.004
2026-06-29 20:00:00,43.41,43.44,43.04,43.2,28140.692,11651.049
2026-06-30 00:00:00,43.19,43.21,42.44,42.5,25846.017,10783.314
2026-06-30 04:00:00,42.49,42.86,42.39,42.6,38573.502,20910.838
2026-06-30 08:00:00,42.6,42.7,42.24,42.41,53794.616,27116.107
2026-06-30 12:00:00,42.4,42.52,41.59,41.72,90225.585,46028.986
2026-06-30 16:00:00,41.73,41.98,41.59,41.85,54249.745,27176.535
2026-06-30 20:00:00,41.85,41.98,41.62,41.93,29585.701,15778.059
2026-07-01 00:00:00,41.94,42.94,41.33,42.85,34795.328,15637.755
2026-07-01 04:00:00,42.85,42.94,42.18,42.22,36329.577,16885.081
2026-07-01 08:00:00,42.21,42.43,41.76,41.79,54239.089,27331.594
2026-07-01 12:00:00,41.8,42.92,41.14,42.52,115923.284,59915.002
2026-07-01 16:00:00,42.52,42.76,42.24,42.47,40685.771,17833.985
2026-07-01 20:00:00,42.48,43.7,42.35,42.71,62858.43,33493.377
2026-07-02 00:00:00,42.72,43.35,42.42,43.27,43422.832,23001.923
2026-07-02 04:00:00,43.27,43.28,42.54,42.7,37574.229,18509.38
2026-07-02 08:00:00,42.71,43.46,42.66,43.02,72983.517,38675.833
2026-07-02 12:00:00,43.02,43.93,42.91,43.41,103872.408,58618.59
2026-07-02 16:00:00,43.41,43.82,43.2,43.42,66402.538,37980.418
2026-07-02 20:00:00,43.41,43.58,43.23,43.54,36105.64,15206.762
2026-07-03 00:00:00,43.54,43.86,43.1,43.23,40189.386,20548.777
2026-07-03 04:00:00,43.22,43.42,43.12,43.23,32771.784,18033.54
2026-07-03 08:00:00,43.23,43.69,43.2,43.63,54044.322,27863.165
2026-07-03 12:00:00,43.64,43.93,43.24,43.61,73274.316,38551.435
2026-07-03 16:00:00,43.61,44.42,43.46,44.3,52116.481,29109.375
2026-07-03 20:00:00,44.3,45.35,44.19,44.82,56985.456,29597.461
2026-07-04 00:00:00,44.81,44.97,44.1,44.36,29888.196,15057.507
2026-07-04 04:00:00,44.35,44.59,43.96,44.24,58876.096,29524.083
2026-07-04 08:00:00,44.23,44.55,44.18,44.38,40627.283,22085.094
2026-07-04 12:00:00,44.39,45.24,44.25,45.18,74602.445,34644.78
2026-07-04 16:00:00,45.18,45.71,45.08,45.17,45862.236,23081.185
2026-07-04 20:00:00,45.17,45.22,44.67,44.86,27864.562,11623.201
2026-07-05 00:00:00,44.85,44.87,44.12,44.3,30657.182,13839.112
2026-07-05 04:00:00,44.3,44.46,44.08,44.43,20433.608,12948.968
2026-07-05 08:00:00,44.43,44.8,44.01,44.78,60853.313,33268.141
2026-07-05 12:00:00,44.79,45.62,44.67,45.45,45632.462,21213.186
2026-07-05 16:00:00,45.44,46.09,45.01,45.66,83724.497,40653.78
2026-07-05 20:00:00,45.67,46.15,45.3,45.82,55824.925,26539.357
2026-07-06 00:00:00,45.82,46.03,45,45.25,52672.197,26311.061
2026-07-06 04:00:00,45.26,45.28,44.72,44.9,36549.149,15584.623
2026-07-06 08:00:00,44.9,45,44.34,44.44,89430.693,44037.02
2026-07-06 12:00:00,44.44,45.04,43.76,45,89477.068,38360.88
2026-07-06 16:00:00,45.01,45.33,44.85,45.18,37700.801,17048.748
2026-07-06 20:00:00,45.19,45.63,44.81,44.84,34015.143,15465.596
2026-07-07 00:00:00,44.85,45,44.04,44.13,21717.092,11111.361
2026-07-07 04:00:00,44.13,44.25,43.84,44.04,29410.023,16630.065
2026-07-07 08:00:00,44.04,44.22,43.81,44.16,36831.174,17894.991
2026-07-07 12:00:00,44.16,44.72,43.77,44.7,66804.459,34068.903
2026-07-07 16:00:00,44.7,44.89,43.7,44.01,61982.784,30205.079
2026-07-07 20:00:00,44.02,44.13,43.66,43.91,27272.356,11196.408
2026-07-08 00:00:00,43.91,44.02,43.44,43.46,134249.945,66588.403
2026-07-08 04:00:00,43.46,43.95,43.31,43.85,75962.173,36182.43
2026-07-08 08:00:00,43.86,44.07,43.2,43.68,64181.488,31676.41
2026-07-08 12:00:00,43.68,43.94,43.17,43.36,63865.581,29279.807
2026-07-08 16:00:00,43.35,43.75,43.28,43.43,35953.406,15165.755
2026-07-08 20:00:00,43.44,43.68,43.28,43.66,21228.893,10409.861
2026-07-09 00:00:00,43.66,44.08,43.42,43.71,21033.56,10025.527
2026-07-09 04:00:00,43.71,44.33,43.71,44.05,31898.6,15199.785
2026-07-09 08:00:00,44.05,44.15,43.71,43.86,44491.722,18126.095
2026-07-09 12:00:00,43.86,44.25,43.79,43.97,52278.209,26625.538
2026-07-09 16:00:00,43.97,44.3,43.78,43.97,40094.542,20474.787
2026-07-09 20:00:00,43.98,44.08,43.69,43.8,26190.954,12633.47
2026-07-10 00:00:00,43.79,44.4,43.59,44.37,27955.253,15569.301
2026-07-10 04:00:00,44.36,44.71,44.3,44.3,29693.219,15506.694
2026-07-10 08:00:00,44.3,44.65,44.28,44.59,39949.675,19831.949
2026-07-10 12:00:00,44.59,44.8,44.13,44.74,58213.083,26346.548
2026-07-10 16:00:00,44.75,44.78,44.37,44.62,30684.777,13362.454
2026-07-10 20:00:00,44.62,44.9,44.49,44.78,27324.212,13022.467
2026-07-11 00:00:00,44.77,44.85,44.6,44.75,15717.498,6931.351
2026-07-11 04:00:00,44.76,45.1,44.69,45.01,19687.292,10518.808
2026-07-11 08:00:00,45.02,45.17,44.89,45.13,31081.378,18861.287
2026-07-11 12:00:00,45.13,45.31,44.94,45.15,48371.452,24449.998
2026-07-11 16:00:00,45.15,45.44,45.02,45.4,24104.883,11790.288
2026-07-11 20:00:00,45.41,45.55,44.63,44.65,32120.336,14890.255
2026-07-12 00:00:00,44.64,44.84,44.33,44.78,28746.494,13508.775
2026-07-12 04:00:00,44.79,44.8,44.36,44.52,17579.198,8467.2
2026-07-12 08:00:00,44.52,44.72,44.41,44.69,23129.616,12377.726
2026-07-12 12:00:00,44.69,44.9,44.54,44.8,29415.378,13111.815
2026-07-12 16:00:00,44.8,44.89,44.51,44.66,21354.58,11194.6
2026-07-12 20:00:00,44.65,44.7,43.98,44.01,29118.271,14446.41
2026-07-13 00:00:00,44,44.55,43.35,43.53,37585.714,16734.701
2026-07-13 04:00:00,43.54,44.02,43.38,43.91,21400.184,10515.913
2026-07-13 08:00:00,43.91,44.02,43.37,43.39,32389.705,14635.558
2026-07-13 12:00:00,43.38,43.7,43.08,43.48,59982.207,27162.709
2026-07-13 16:00:00,43.47,43.53,42.92,43.33,45217.044,20631.298
2026-07-13 20:00:00,43.32,43.57,43.08,43.57,42129.722,26732.3
2026-07-14 00:00:00,43.57,43.85,43.42,43.7,24761.037,13118.677
2026-07-14 04:00:00,43.7,43.85,43.55,43.6,18968.87,10572.146
2026-07-14 08:00:00,43.59,43.82,43.55,43.7,40936.605,22602.933
2026-07-14 12:00:00,43.7,44.99,43.62,44.77,97734.801,57266.735
2026-07-14 16:00:00,44.78,45.02,44.28,44.96,51601.859,26262.317
2026-07-14 20:00:00,44.96,45.5,44.87,45.41,46246.466,27642.112
2026-07-15 00:00:00,45.41,45.5,44.63,44.93,63762.595,33212.822
2026-07-15 04:00:00,44.93,45.21,44.63,45.16,44789.736,21780.557
2026-07-15 08:00:00,45.16,46.1,45.11,45.41,120249.333,67147.335
2026-07-15 12:00:00,45.41,45.95,45.29,45.73,98297.176,54001.611
2026-07-15 16:00:00,45.73,45.76,44.87,44.93,65130.61,34803.031
2026-07-15 20:00:00,44.94,45.23,44.91,45.18,49917.569,28061.817
2026-07-16 00:00:00,45.17,45.34,44.95,45.2,34237.001,18894.644
2026-07-16 04:00:00,45.2,45.42,44.79,44.88,36828.705,18432.976
2026-07-16 08:00:00,44.87,44.99,44.47,44.57,174235.019,82745.567
2026-07-16 12:00:00,44.57,45.32,44.35,45.23,92066.357,44358.547
2026-07-16 16:00:00,45.23,45.34,44.95,45.25,47297.885,25850.454
2026-07-16 20:00:00,45.25,45.38,44.79,44.94,35535.193,19826.142
2026-07-17 00:00:00,44.94,45.91,44.8,45.56,65084.126,36149.245
2026-07-17 04:00:00,45.55,45.73,44.71,44.77,63589.028,27150.503
2026-07-17 08:00:00,44.77,44.97,44.13,44.4,89154.961,35564.151
2026-07-17 12:00:00,44.4,44.86,44.09,44.75,86248.552,41070.241
2026-07-17 16:00:00,44.75,45.15,44.63,45.12,43020.751,20281.226
2026-07-17 20:00:00,45.11,45.3,44.99,45.17,28891.712,15172.171
2026-07-18 00:00:00,45.16,45.64,45.06,45.58,44909.342,26658.488
2026-07-18 04:00:00,45.58,45.69,45.37,45.5,24134.23,10729.114
2026-07-18 08:00:00,45.5,45.57,45.31,45.53,27721.647,13466.773
2026-07-18 12:00:00,45.54,46.71,45.52,46.24,134598.216,74282.021
2026-07-18 16:00:00,46.25,47.89,46.02,46.87,181960.383,97171.105
2026-07-18 20:00:00,46.88,47.18,46.73,47.01,34820.571,18443.548
2026-07-19 00:00:00,47.02,47.24,46.7,46.91,34206.777,16208.651
2026-07-19 04:00:00,46.9,47.2,46.71,47.1,24715.88,11945.897
2026-07-19 08:00:00,47.09,47.24,46.71,46.97,39517.881,18033.848
2026-07-19 12:00:00,46.98,47.49,46.85,47.2,57608.192,29614.161
2026-07-19 16:00:00,47.2,47.68,46.96,47.68,55121.598,28725.539
2026-07-19 20:00:00,47.68,47.9,47.03,47.07,49812.827,25407.633
2026-07-20 00:00:00,47.07,47.82,46.83,47.18,49977.535,25965.856
2026-07-20 04:00:00,47.19,47.35,46.44,47,67869.684,31489.941
2026-07-20 08:00:00,47.01,47.53,46.42,47.45,92386.441,42346.65
2026-07-20 12:00:00,47.44,47.6,46.5,47.49,96946.07,43187.245
2026-07-20 16:00:00,47.49,47.72,46.93,47.08,70465.691,36094.099
2026-07-20 20:00:00,47.08,47.6,46.96,47.37,31049.77,15393.655
2026-07-21 00:00:00,47.36,47.5,47.13,47.31,16173.6,8118.082
2026-07-21 04:00:00,47.3,47.69,47.27,47.55,30403.212,15740.791
2026-07-21 08:00:00,47.56,47.79,47.26,47.4,51748.823,24608.396
2026-07-21 12:00:00,47.4,48.15,47.36,47.89,69211.363,35645.626
2026-07-21 16:00:00,47.89,47.89,47.1,47.18,41878.969,18621.806
2026-07-21 20:00:00,47.18,47.18,46.66,46.87,28062.473,12438.377
2026-07-22 00:00:00,46.87,47.03,46.55,46.6,23318.041,10927.895
2026-07-22 04:00:00,46.59,46.73,46.33,46.42,28109.339,14206.186
2026-07-22 08:00:00,46.42,46.62,46.37,46.55,39779.909,16958.683
2026-07-22 12:00:00,46.56,47.03,46.5,46.85,50860.567,25711.345
2026-07-22 16:00:00,46.85,47.22,46.76,47.17,31033.232,16726.7
2026-07-22 20:00:00,47.16,47.63,46.88,47.14,27916.669,12625.96
2026-07-23 00:00:00,47.15,47.42,47.02,47.3,21224.869,10571.157
2026-07-23 04:00:00,47.3,47.31,46.8,46.94,44773.082,19238.179
2026-07-23 08:00:00,46.93,47.32,46.69,46.94,63285.039,26759.61
2026-07-23 12:00:00,46.93,47.12,46.2,46.39,96382.352,43034.52
2026-07-23 16:00:00,46.39,46.98,46.26,46.94,52223.301,29702.994
2026-07-23 20:00:00,46.94,47.56,46.82,46.96,49040.086,26790.561
2026-07-24 00:00:00,46.97,47.24,46.57,46.78,19698.714,9181.978
2026-07-24 04:00:00,46.78,47.42,46.66,46.98,43939.699,22773.203
2026-07-24 08:00:00,46.98,47,46.09,46.35,82872.461,29435.794
2026-07-24 12:00:00,46.35,46.53,45.89,46.38,67773.769,30766.771
2026-07-24 16:00:00,46.38,46.5,46.09,46.21,26848.176,12149.367
2026-07-24 20:00:00,46.21,46.38,46.08,46.36,21565.863,9820.403
2026-07-25 00:00:00,46.36,46.46,46.21,46.28,18458.811,7859.54
2026-07-25 04:00:00,46.28,46.37,46.02,46.08,16617.006,6852.35
2026-07-25 08:00:00,46.08,46.14,45.75,45.92,50113.891,19267.792
2026-07-25 12:00:00,45.93,46.18,45.81,46.08,36972.438,19467.965
2026-07-25 16:00:00,46.09,46.54,46.02,46.48,43014.892,24958.692
2026-07-25 20:00:00,46.48,46.7,46.41,46.56,20284.89,9819.039
2026-07-26 00:00:00,46.56,46.85,46.49,46.77,17718.465,9701.66
2026-07-26 04:00:00,46.77,47.02,46.64,46.97,28691.283,16153.458
2026-07-26 08:00:00,46.98,47.33,46.95,47.19,42803.893,25481.049
2026-07-26 12:00:00,47.18,47.8,46.65,47.76,72357.692,37373.25
2026-07-26 16:00:00,47.77,48.18,47.57,47.87,75061.792,38994.818
2026-07-26 20:00:00,47.87,48.28,47.56,47.84,42743.31,22331.331
2026-07-27 00:00:00,47.85,47.85,47.22,47.41,20129.435,10174.228
2026-07-27 04:00:00,47.41,47.73,47.27,47.32,38400.411,16829.046
2026-07-27 08:00:00,47.33,47.34,46.85,47.04,37446.983,18682.058
2026-07-27 12:00:00,47.03,47.39,46.22,46.36,54970.492,27470.28
2026-07-27 16:00:00,46.37,46.65,46.05,46.57,52784.83,26183.863
2026-07-27 20:00:00,46.57,46.81,45.94,46.05,48350.752,24853.469
2026-07-28 00:00:00,46.06,46.48,45.89,46.3,31105.844,17479.447
2026-07-28 04:00:00,46.29,46.47,46.11,46.45,16585.276,8566.427
2026-07-28 08:00:00,46.44,46.65,46.25,46.59,33171.337,13485.548
2026-07-28 12:00:00,46.6,46.7,45.97,46.58,60916.921,26396.011
2026-07-28 16:00:00,46.58,46.63,46.2,46.5,36044.696,16421.741
2026-07-28 20:00:00,46.5,46.58,45.95,46.21,23180.144,10436.828
2026-07-29 00:00:00,46.22,46.4,45.22,45.32,36873.885,16966.675
2026-07-29 04:00:00,45.32,45.54,44.97,45.25,73804.142,31696.355
2026-07-29 08:00:00,45.25,45.51,45.04,45.34,38649.253,18399.882
2026-07-29 12:00:00,45.35,45.44,44.85,44.99,72264.902,23792.593
2026-07-29 16:00:00,44.99,45.8,44.92,44.97,45609.023,23394.197
2026-07-29 20:00:00,44.97,45.53,44.33,45.45,57141.318,31100.133
2026-07-30 00:00:00,45.45,45.61,45.06,45.44,36084.467,21159.805
2026-07-30 04:00:00,45.44,45.59,45.3,45.36,18048.829,8499.685
2026-07-30 08:00:00,45.36,45.58,45.09,45.48,33898.619,16435.108
2026-07-30 12:00:00,45.47,45.5,44.88,45.17,36767.763,16799.718
2026-07-30 16:00:00,45.16,45.58,45.09,45.43,46192.375,25155.199
2026-07-30 20:00:00,45.44,45.84,45.41,45.58,47564.331,28573.117
2026-07-31 00:00:00,45.58,45.91,45.26,45.41,25130.074,12004.785
2026-07-31 04:00:00,45.4,45.5,45.15,45.38,19706.469,8176.25
2026-07-31 08:00:00,45.37,45.45,44.86,44.88,34447.691,16547.252
2026-07-31 12:00:00,44.89,45.33,44.72,44.92,45892.89,24799.033
2026-07-31 16:00:00,44.92,45.02,44.65,44.89,29023.993,17253.018
2026-07-31 20:00:00,44.89,44.98,44.18,44.31,34901.267,16419.854
2026-08-01 00:00:00,44.31,44.61,44.18,44.59,25694.569,12125.234
2026-08-01 04:00:00,44.59,44.77,44.38,44.52,23097.487,11348.314
2026-08-01 08:00:00,44.52,44.61,44.21,44.35,26001.501,12379.872
2026-08-01 12:00:00,44.35,44.4,44.06,44.1,35399.386,15029.837
2026-08-01 16:00:00,44.1,44.24,43.62,44.02,42875.075,23224.291
2026-08-01 20:00:00,44.01,44.26,43.95,44.25,15933.044,7486.631
2026-08-02 00:00:00,44.25,44.8,44.12,44.66,34112.387,18226.008
2026-08-02 04:00:00,44.66,44.9,44.56,44.84,14086.23,6826.505
2026-08-02 08:00:00,44.85,44.87,44.55,44.64,19244.774,8710.804
2026-08-02 12:00:00,44.64,44.8,44.57,44.75,13450.591,7281.016
2026-08-02 16:00:00,44.75,45.05,44.71,45.05,23354.513,11806.974
2026-08-02 20:00:00,45.04,45.05,44.66,44.69,16789.086,8469.045
2026-08-03 00:00:00,44.7,44.78,44.33,44.45,14384.938,7344.917
2026-08-03 04:00:00,44.44,44.58,44.11,44.16,24739.344,10083.454
2026-08-03 08:00:00,44.16,44.45,44.03,44.1,34188.113,15020.871
2026-08-03 12:00:00,44.11,44.5,44.02,44.28,56766.781,25854.422
2026-08-03 16:00:00,44.28,44.46,44.09,44.32,26382.564,15077.482
2026-08-03 20:00:00,44.32,44.51,44.16,44.3,18006.106,7627.574
2026-08-04 00:00:00,44.3,44.5,44.07,44.37,14128.178,8710.244
2026-08-04 04:00:00,44.38,44.58,44.05,44.3,22606.006,13225.965
2026-08-04 08:00:00,44.3,44.43,44.19,44.36,30821.724,13445.912
2026-08-04 12:00:00,44.36,44.55,44.14,44.38,56086.679,33548.032
2026-08-04 16:00:00,44.38,44.87,44.37,44.71,38834.023,20638.235
2026-08-04 20:00:00,44.7,45.17,44.57,44.85,43284.024,24836.064
2026-08-05 00:00:00,44.84,45.35,44.74,44.83,39289.431,19730.03
2026-08-05 04:00:00,44.83,45.03,44.74,44.9,20337.328,9188.799
2026-08-05 08:00:00,44.9,45.05,44.73,44.76,33505.381,15139.508
2026-08-05 12:00:00,44.76,45.27,44.74,45.01,44264.822,22311.048
2026-08-05 16:00:00,45.01,45.44,45.01,45.27,26198.633,13273.6
2026-08-05 20:00:00,45.27,45.43,45.12,45.33,25069.608,11425.693
2026-08-06 00:00:00,45.33,45.47,44.91,44.96,19827.613,8190.538
2026-08-06 04:00:00,44.95,45.19,44.89,45.03,16474.699,7676.519
2026-08-06 08:00:00,45.04,45.14,44.75,45.06,36990.957,15523.627
2026-08-06 12:00:00,45.06,45.77,45.04,45.71,55686.856,31883.766
2026-08-06 16:00:00,45.71,45.85,45.37,45.39,28355.781,14597.362
2026-08-06 20:00:00,45.4,45.68,45.34,45.45,19546.561,10418.901
2026-08-07 00:00:00,45.46,45.71,45.39,45.49,22738.743,12803.748
2026-08-07 04:00:00,45.49,45.71,45.33,45.58,20554.505,10122.514
2026-08-07 08:00:00,45.59,45.97,45.58,45.7,34107.663,13388.425
2026-08-07 12:00:00,45.71,46.06,45.59,45.96,56450.13,30253.881
2026-08-07 16:00:00,45.96,46.07,45.28,45.39,44257.518,17379.597
2026-08-07 20:00:00,45.39,45.65,45.37,45.54,24680.28,12356.308
2026-08-08 00:00:00,45.55,45.66,45.44,45.59,11485.033,6163.665
2026-08-08 04:00:00,45.59,45.6,45.48,45.54,13085.177,6949.884
2026-08-08 08:00:00,45.54,45.69,45.48,45.57,18930.348,9158.063
2026-08-08 12:00:00,45.57,45.91,45.5,45.88,20737.378,10494.825
2026-08-08 16:00:00,45.88,46.01,45.77,45.99,23145.922,13526.854
2026-08-08 20:00:00,45.98,46.12,45.93,46.02,17012.312,8761.111
2026-08-09 00:00:00,46.01,46.17,45.88,45.95,14417.92,7180.087
2026-08-09 04:00:00,45.96,46.22,45.9,46.18,17369.294,9358.063
2026-08-09 08:00:00,46.18,46.37,46.06,46.27,21317.284,11932.617
2026-08-09 12:00:00,46.27,46.5,46.16,46.45,28199.337,15496.437
2026-08-09 16:00:00,46.45,46.48,46.13,46.15,25008.976,10716.117
2026-08-09 20:00:00,46.14,46.22,45.4,45.46,23207.39,10494.302
2026-08-10 00:00:00,45.46,45.78,45.32,45.35,26379.802,11974.656
2026-08-10 04:00:00,45.34,45.59,45.21,45.57,18956.217,11834.633
2026-08-10 08:00:00,45.57,45.59,45.31,45.4,34479.598,16413.888
2026-08-10 12:00:00,45.4,45.56,45.07,45.24,36507.738,17336.277
2026-08-10 16:00:00,45.23,45.32,45,45.13,45775.3,25976.601
2026-08-10 20:00:00,45.13,45.22,45,45.14,27359.549,11309.655
2026-08-11 00:00:00,45.14,45.31,45.08,45.23,10815.564,6145.296
2026-08-11 04:00:00,45.23,45.25,45.01,45.17,16051.756,8721.771
2026-08-11 08:00:00,45.16,45.58,45.13,45.48,26074.855,13266.041
2026-08-11 12:00:00,45.49,45.49,44.93,45.04,52390.365,26646.351
2026-08-11 16:00:00,45.04,45.53,45.01,45.51,40180.741,23236.782
2026-08-11 20:00:00,45.51,45.57,45.42,45.5,15265.318,6957.98
2026-08-12 00:00:00,45.51,45.61,45.35,45.38,15523.25,7314.481
2026-08-12 04:00:00,45.37,45.45,45.2,45.3,19036.342,8072.145
2026-08-12 08:00:00,45.29,45.53,45.25,45.45,29246.31,15466.694
2026-08-12 12:00:00,45.45,45.67,44.96,45.07,66774.764,35809.69
2026-08-12 16:00:00,45.07,45.23,44.67,44.79,52829.959,26978.338
2026-08-12 20:00:00,44.78,44.97,44.7,44.89,38637.787,22516.484
2026-08-13 00:00:00,44.89,45,44.7,44.97,16127.413,8404.467
2026-08-13 04:00:00,44.97,45.08,44.87,44.89,19310.441,10755.502
2026-08-13 08:00:00,44.89,44.97,44.68,44.71,21905.685,10760.738
2026-08-13 12:00:00,44.7,45.03,44.66,44.72,34200.315,16839.498
2026-08-13 16:00:00,44.72,44.86,44.63,44.77,29924.885,15164.54
2026-08-13 20:00:00,44.77,44.87,44.7,44.82,29491.851,17103.5
2026-08-14 00:00:00,44.82,44.94,44.71,44.82,18504.32,9062.768
2026-08-14 04:00:00,44.82,44.84,44.6,44.65,15283.945,6774.5
2026-08-14 08:00:00,44.65,44.76,44.49,44.56,26662.141,15029.248
2026-08-14 12:00:00,44.57,44.58,43.73,43.93,53221.545,25714.76
2026-08-14 16:00:00,43.93,44.14,43.39,43.64,78262.825,41464.85
2026-08-14 20:00:00,43.64,43.86,43.53,43.86,29212.448,16052.111
2026-08-15 00:00:00,43.86,44.06,43.67,44,23075.41,13462.018
2026-08-15 04:00:00,44,44.13,43.99,44.01,21446.847,12334.081
2026-08-15 08:00:00,44.02,44.12,43.93,44.05,21302.783,9447.715
2026-08-15 12:00:00,44.05,44.29,44.04,44.26,19876.411,9772.039
2026-08-15 16:00:00,44.27,44.34,44.04,44.25,30220.113,15131.383
2026-08-15 20:00:00,44.25,44.26,44.05,44.12,18074.581,9695.675
2026-08-16 00:00:00,44.11,44.33,44.1,44.25,11360.111,4854.438
2026-08-16 04:00:00,44.24,44.32,44.15,44.3,11195.837,6044.663
2026-08-16 08:00:00,44.3,44.42,44.3,44.42,15006.667,7576.619
2026-08-16 12:00:00,44.41,44.82,44.24,44.73,26217.163,14509.768
2026-08-16 16:00:00,44.73,44.76,44.46,44.55,25094.233,13648.068
2026-08-16 20:00:00,44.55,44.6,44.05,44.16,24765.244,11574.739
2026-08-17 00:00:00,44.16,44.48,44.1,44.26,17224.176,7599.013
2026-08-17 04:00:00,44.25,44.32,44.12,44.13,21158.721,11117.721
2026-08-17 08:00:00,44.14,44.27,43.84,44.22,44846.038,21994.496
2026-08-17 12:00:00,44.21,44.5,44.15,44.35,36651.511,18145.529
2026-08-17 16:00:00,44.34,44.66,44.33,44.5,46503.047,24336.822
2026-08-17 20:00:00,44.49,44.63,44.42,44.57,21443.042,11646.218
2026-08-18 00:00:00,44.57,44.65,44.15,44.33,28512.944,12621.357
2026-08-18 04:00:00,44.33,44.61,44.2,44.53,20993.335,9388.741
2026-08-18 08:00:00,44.52,44.7,44.44,44.56,28581.446,13611.178
2026-08-18 12:00:00,44.57,44.75,44.18,44.22,44057.323,20345.895
2026-08-18 16:00:00,44.21,44.61,44.2,44.54,25587.187,13624.026
2026-08-18 20:00:00,44.53,44.63,44.27,44.38,35613.442,16817.933
2026-08-19 00:00:00,44.39,44.57,44.34,44.4,15094.531,7802.627
2026-08-19 04:00:00,44.39,44.6,44.37,44.52,21214.445,11141.249
2026-08-19 08:00:00,44.52,45.07,44.49,44.83,50475.826,26798.978
2026-08-19 12:00:00,44.83,46.19,44.81,45.7,103135.557,52800.199
2026-08-19 16:00:00,45.7,46.07,45.56,46.04,51324.134,26923.098
2026-08-19 20:00:00,46.04,47.24,46.03,46.8,120071.25,65573.858
2026-08-20 00:00:00,46.8,47.29,46.48,46.75,36063.537,17030.777
2026-08-20 04:00:00,46.76,47.06,46.69,46.85,29322.94,15074.189
2026-08-20 08:00:00,46.85,47.71,46.83,47.37,76901.17,41344.202
2026-08-20 12:00:00,47.37,48.24,47.11,48.03,80401.467,43832.415
2026-08-20 16:00:00,48.03,48.6,47.7,47.84,110776.069,50995.207
2026-08-20 20:00:00,47.84,48.26,47.68,47.82,44688.863,21385.661
2026-08-21 00:00:00,47.81,48.53,47.77,48.32,56466.168,32387.771
2026-08-21 04:00:00,48.33,49.98,48.33,49.66,109619.157,57243.641
2026-08-21 08:00:00,49.67,51.53,49.66,50.21,237209.712,127175.962
2026-08-21 12:00:00,50.21,52.07,50.12,51.83,113832.875,52281.685
2026-08-21 16:00:00,51.84,52.36,51.1,51.64,132599.733,60138.778
2026-08-21 20:00:00,51.64,54.19,51.44,53.17,148250.345,85314.238
2026-08-22 00:00:00,53.17,55,52.68,54.25,243163.837,140062.324
2026-08-22 04:00:00,54.25,55.45,50.32,51.93,351140.649,170057.849
2026-08-22 08:00:00,51.94,52.16,50.49,51.4,123694.314,55344.836
2026-08-22 12:00:00,51.41,52.28,51.28,51.94,89003.896,42871.262
2026-08-22 16:00:00,51.94,53.73,51.75,53.2,78383.985,44854.879
2026-08-22 20:00:00,53.2,53.5,51.77,52.45,64236.449,30836.385
2026-08-23 00:00:00,52.46,52.92,51.08,51.22,56470.316,25522.664
2026-08-23 04:00:00,51.21,51.52,50.62,51.24,102794.519,35377.537
2026-08-23 08:00:00,51.24,52.48,51.16,52.29,51253.169,23861.558
2026-08-23 12:00:00,52.28,53.2,51.66,52.02,94308.013,53313.678
2026-08-23 16:00:00,52.03,52.5,51.91,52.3,38583.244,20061.546
2026-08-23 20:00:00,52.31,52.83,52.17,52.28,38530.392,17522.486
2026-08-24 00:00:00,52.29,52.4,51.28,51.7,64805.358,30970.425
2026-08-24 04:00:00,51.7,52.51,51.7,52.15,51090.055,26149.95
2026-08-24 08:00:00,52.16,54.19,51.61,53.01,209672.537,101634.16
2026-08-24 12:00:00,53.01,53.73,51.83,52.37,189057.756,107813.372
2026-08-24 16:00:00,52.37,52.81,51.48,51.61,94101.543,45308.864
2026-08-24 20:00:00,51.61,51.91,51.25,51.66,44436.783,21307.346
2026-08-25 00:00:00,51.65,52.99,51.42,52.33,66431.886,33469.756
2026-08-25 04:00:00,52.33,52.77,51.3,51.67,61611.23,27861.311
2026-08-25 08:00:00,51.68,52,50.97,51.09,58742.927,25094.716
2026-08-25 12:00:00,51.09,51.41,50.31,51.19,77207.44,33267.068
2026-08-25 16:00:00,51.18,51.25,50.71,50.84,52070.637,27549.903
2026-08-25 20:00:00,50.84,50.88,49.45,49.95,93624.442,34189.27
2026-08-26 00:00:00,49.95,50.56,49.74,50.32,85530.168,21060.222
2026-08-26 04:00:00,50.32,50.46,49.87,50.19,88446.196,30928.343
2026-08-26 08:00:00,50.2,50.83,49.95,50.56,48817.798,19790.605
2026-08-26 12:00:00,50.57,50.92,49.18,49.55,102067.117,42866.973
2026-08-26 16:00:00,49.54,50.04,49.49,49.84,44438.065,23087.177
2026-08-26 20:00:00,49.84,50.58,49.61,50.51,79560.03,54127.946
2026-08-27 00:00:00,50.5,50.5,49.77,49.96,33839.088,16134.718
2026-08-27 04:00:00,49.96,50.04,49.39,49.79,43764.655,19034.502
2026-08-27 08:00:00,49.79,50.51,49.6,49.86,115037.301,68122.174
2026-08-27 12:00:00,49.87,50.53,49.63,50.19,82281.079,45970.744
2026-08-27 16:00:00,50.18,50.52,49.7,49.99,62382.564,31099.658
2026-08-27 20:00:00,49.99,50.21,49.79,49.92,23431.943,10447.831
2026-08-28 00:00:00,49.92,50.49,48.96,49.36,59324.308,26412.98
2026-08-28 04:00:00,49.35,49.49,49,49.2,23512.357,11394.751
2026-08-28 08:00:00,49.2,49.3,48.68,49.11,40255.832,17092.901
2026-08-28 12:00:00,49.12,49.5,48.43,48.58,98459.896,37938.464
2026-08-28 16:00:00,48.57,49.24,48,49.2,77745.529,35965.059
2026-08-28 20:00:00,49.21,49.6,49.12,49.33,55702.486,30440.259
2026-08-29 00:00:00,49.32,49.51,48.89,48.91,29734.588,12973.251
2026-08-29 04:00:00,48.92,49.38,48.91,49.25,23181.503,12916.749
2026-08-29 08:00:00,49.24,49.34,48.7,48.73,47766.232,15415.384
2026-08-29 12:00:00,48.72,49.29,48.71,49.09,27103.988,12914.771
2026-08-29 16:00:00,49.09,49.21,48.5,48.9,59689.738,23846.982
2026-08-29 20:00:00,48.89,49.07,48.77,49.02,33234.558,14675.856
2026-08-30 00:00:00,49.02,49.02,48.74,48.9,16939.759,9667.627
2026-08-30 04:00:00,48.9,49.06,48.75,48.91,14519.587,6737.674
2026-08-30 08:00:00,48.92,49.37,48.91,49.37,23777.759,12602.368
2026-08-30 12:00:00,49.37,50.13,49.3,50.02,51790.386,28562.288
2026-08-30 16:00:00,50.03,50.13,49.53,49.71,40855.906,22889.266
2026-08-30 20:00:00,49.71,49.79,47.41,47.94,60250.582,26432.082
2026-08-31 00:00:00,47.94,48.5,47.72,48.44,30681.997,15521.741
2026-08-31 04:00:00,48.43,48.79,48.06,48.62,29492.659,15156.555
2026-08-31 08:00:00,48.63,48.86,48.27,48.35,47253.519,22676.528
2026-08-31 12:00:00,48.35,48.74,48.11,48.54,53525.039,24011.301
2026-08-31 16:00:00,48.53,48.98,48.26,48.94,50818.808,28531.933
2026-08-31 20:00:00,48.95,49.05,48.43,48.55,35944.645,14105.828
2026-09-01 00:00:00,48.55,49.03,48.51,48.99,22978.808,11920.017
2026-09-01 04:00:00,48.99,49.18,48.74,48.9,38798.68,21238.72
2026-09-01 08:00:00,48.91,49.17,48.3,49.09,57505.521,35569.994
2026-09-01 12:00:00,49.1,49.99,48.87,49.89,77571.206,41163.814
2026-09-01 16:00:00,49.89,49.97,48.82,49.53,80118.142,40933.149
2026-09-01 20:00:00,49.53,50.09,49.29,49.57,53616.352,30253.439
2026-09-02 00:00:00,49.56,49.86,48.85,49.18,51710.8,25387.654
2026-09-02 04:00:00,49.17,49.76,49,49.19,66451.201,32283.788
2026-09-02 08:00:00,49.2,49.21,48.5,48.82,56189.43,28050.692
2026-09-02 12:00:00,48.81,49.56,48.68,49.41,61144.39,30489.596
2026-09-02 16:00:00,49.41,49.88,49.11,49.79,71266.742,34637.954
2026-09-02 20:00:00,49.8,50.02,49.5,49.69,47879.476,24653.006
2026-09-03 00:00:00,49.69,50.27,49.48,50.15,50944.97,31027.658
2026-09-03 04:00:00,50.16,50.58,49.84,50.44,40137.923,20488.179
2026-09-03 08:00:00,50.44,51.01,50.41,50.94,86472.765,43524.187
2026-09-03 12:00:00,50.94,51.38,50.68,51.29,79532.237,41978.906
2026-09-03 16:00:00,51.3,51.78,50.98,51.66,52211.123,24844.806
2026-09-03 20:00:00,51.65,51.87,51.15,51.49,43876.413,18686.547
2026-09-04 00:00:00,51.49,51.61,51,51.09,28109.177,13322.99
2026-09-04 04:00:00,51.09,51.35,50.74,51.21,40163.213,14998.967
2026-09-04 08:00:00,51.21,51.44,51.02,51.31,41147.805,21499.206
2026-09-04 12:00:00,51.32,51.44,49.8,50.26,93508.646,45233.763
2026-09-04 16:00:00,50.27,50.71,50.21,50.68,31530.172,17934.682
2026-09-04 20:00:00,50.68,50.91,50.59,50.76,38378.094,16696.79
2026-09-05 00:00:00,50.75,52.83,50.72,52.49,105872.926,53304.385
2026-09-05 04:00:00,52.48,54.37,52.23,53.75,181500.374,100921.958
2026-09-05 08:00:00,53.76,53.9,52.8,52.97,107421.159,52728.001
2026-09-05 12:00:00,52.97,54.42,52.9,53.68,101342.88,52734.138
2026-09-05 16:00:00,53.69,55.13,53.68,54.25,114732.286,61384.85
2026-09-05 20:00:00,54.25,55.35,53.66,54.69,73175.14,38015.066
2026-09-06 00:00:00,54.7,55.17,54.33,54.74,53975.37,27426.509
2026-09-06 04:00:00,54.74,54.75,53.44,53.94,93248.218,45016.295
2026-09-06 08:00:00,53.94,54.67,53.87,54.65,62354.626,32529.003
2026-09-06 12:00:00,54.64,54.7,53.81,54.5,60480.734,27386.302
2026-09-06 16:00:00,54.5,54.8,53.93,54.1,46964.193,25164.096
2026-09-06 20:00:00,54.1,55.17,54.07,54.97,44611.493,25154.064
2026-09-07 00:00:00,54.97,56.29,53.9,54.18,92021.081,46439.674
2026-09-07 04:00:00,54.17,54.98,54.07,54.5,46954.135,25851.239
2026-09-07 08:00:00,54.5,56.48,54.48,55.88,120383.675,66246.904
2026-09-07 12:00:00,55.88,59.46,55.15,55.42,298460.094,158338.15
2026-09-07 16:00:00,55.42,56,54.92,55.27,73293.664,37696.201
2026-09-07 20:00:00,55.26,55.77,54.96,55.21,53061.991,27456.294
2026-09-08 00:00:00,55.22,56.26,55.02,55.09,67503.326,33162.533
2026-09-08 04:00:00,55.09,55.46,54.53,55.15,49848.154,24400.754
2026-09-08 08:00:00,55.15,55.84,54.98,55.42,49823.248,26908.459
2026-09-08 12:00:00,55.41,55.78,54.37,55,139762.151,65606.823
2026-09-08 16:00:00,54.99,55,53.85,54.21,83080.195,34502.942
2026-09-08 20:00:00,54.21,54.45,53.97,54.3,25184.304,12507.375
2026-09-09 00:00:00,54.3,54.56,53.7,53.73,42514.802,21797.575
2026-09-09 04:00:00,53.73,54.71,53.72,54.45,37155.586,19417.888
2026-09-09 08:00:00,54.45,54.8,53.55,54.32,72318.414,32609.799
2026-09-09 12:00:00,54.32,54.5,53.3,54.06,88112.562,44448.769
2026-09-09 16:00:00,54.06,54.57,53.44,53.52,58561.178,30573.441
2026-09-09 20:00:00,53.53,53.78,52.43,53.2,70104.384,30133.368
2026-09-10 00:00:00,53.19,53.41,52.31,52.82,63876.22,29103.17
2026-09-10 04:00:00,52.81,52.98,52.25,52.44,41961.816,20243.962
2026-09-10 08:00:00,52.43,52.58,52.11,52.22,43588.446,20186.329
2026-09-10 12:00:00,52.21,52.59,51.62,52.24,97503.604,46144.144
2026-09-10 16:00:00,52.24,52.55,51.65,52.14,49646.992,22031.188
2026-09-10 20:00:00,52.14,52.67,51.98,52.12,29652.199,12099.697
2026-09-11 00:00:00,52.12,53.11,52.12,53.09,55515.024,27030.732
2026-09-11 04:00:00,53.09,53.34,52.65,53.11,41192.228,18555.38
2026-09-11 08:00:00,53.11,53.28,51.94,52.39,41111.547,15926.37
2026-09-11 12:00:00,52.38,54.33,52.07,53.34,125452.015,67170.534
2026-09-11 16:00:00,53.34,54.13,52.92,53.49,53554.28,28603.623
2026-09-11 20:00:00,53.48,53.83,52.85,53.29,34957.217,17149.566
2026-09-12 00:00:00,53.29,54.08,53.13,54.01,32723.836,16610.997
2026-09-12 04:00:00,54.02,54.17,53.62,54.07,22764.001,9470.342
2026-09-12 08:00:00,54.07,54.26,53.99,54.04,18753.047,7938.216
2026-09-12 12:00:00,54.04,54.25,53.76,54.05,20445.514,9640.298
2026-09-12 16:00:00,54.04,54.14,53.6,53.68,15995.218,6648.4
2026-09-12 20:00:00,53.69,53.81,53.48,53.67,11786.952,5866.159
2026-09-13 00:00:00,53.66,53.96,53.52,53.56,19195.215,8785.828
2026-09-13 04:00:00,53.54,54.6,53.53,54.09,45020.313,24778.772
2026-09-13 08:00:00,54.09,54.14,53.37,53.8,41636.09,22522.914
2026-09-13 12:00:00,53.8,54.61,53.27,54.51,66433.786,30230.367
2026-09-13 16:00:00,54.51,55.27,54.33,54.87,40338.574,24066.128
2026-09-13 20:00:00,54.88,55.05,53.36,53.76,30231.074,14253.368
2026-09-14 00:00:00,53.76,54.6,53.59,54.33,32809.176,16967.734
2026-09-14 04:00:00,54.34,54.5,53.7,53.94,40736.585,18433.649
2026-09-14 08:00:00,53.95,54.17,53.5,53.58,37557.246,17498.265
2026-09-14 12:00:00,53.57,53.98,53.4,53.66,47170.587,20256.114
2026-09-14 16:00:00,53.67,54.39,53.62,53.86,47101.539,23806.75
2026-09-14 20:00:00,53.86,54.48,53.09,53.15,41422.528,21405.353
2026-09-15 00:00:00,53.15,53.15,52.57,52.97,33901.37,18074.859
2026-09-15 04:00:00,52.97,52.98,52.53,52.58,29059.103,11428.677
2026-09-15 08:00:00,52.57,52.69,52.24,52.42,35744.007,17283.875
2026-09-15 12:00:00,52.41,52.85,51.36,51.86,100155.126,46614.125
2026-09-15 16:00:00,51.86,52.26,50.77,51.71,78512.888,35874.81
2026-09-15 20:00:00,51.7,51.75,50.85,51.27,60691.856,29327.472
2026-09-16 00:00:00,51.26,51.42,50.54,51.23,33607.925,16635.838
2026-09-16 04:00:00,51.24,51.36,51,51.04,29184.141,14321.474
2026-09-16 08:00:00,51.03,51.06,50.54,50.88,59991.559,28686.287
2026-09-16 12:00:00,50.88,50.91,50.22,50.44,89358.674,36156.821
2026-09-16 16:00:00,50.44,51.36,50.2,50.89,95790.215,42402.44
2026-09-16 20:00:00,50.9,51.8,50.8,51.69,57876.857,28083.516
2026-09-17 00:00:00,51.7,52.3,51.55,52.25,41063.914,21491.87
2026-09-17 04:00:00,52.26,52.86,51.85,52.75,37026.558,20219.213
2026-09-17 08:00:00,52.75,53,52.56,52.9,41091.972,18553.252
2026-09-17 12:00:00,52.9,53.75,52.5,53.73,60290.376,31767.936
2026-09-17 16:00:00,53.74,54.08,53.34,53.88,44840.399,22916.465
2026-09-17 20:00:00,53.88,54.05,53.63,53.95,37478.474,20372.674
2026-09-18 00:00:00,53.95,54.95,53.9,54.73,45191.1,22823.906
2026-09-18 04:00:00,54.73,55.24,54.31,55.22,82024.382,48472.13
2026-09-18 08:00:00,55.22,56.04,54.95,55.2,108755.492,49431.796
2026-09-18 12:00:00,55.2,56.18,54.87,55.9,110522.934,52678.121
2026-09-18 16:00:00,55.92,57.36,55.82,57.07,107511.842,49836.9
2026-09-18 20:00:00,57.07,58.21,56.96,58.15,116771.23,49943.852
2026-09-19 00:00:00,58.16,59.1,57.63,59.09,116107.576,54932.165
2026-09-19 04:00:00,59.1,59.21,56.76,56.85,84661.409,38204.837
2026-09-19 08:00:00,56.85,58.54,56.72,58.01,89072.924,48067.274
2026-09-19 12:00:00,58.01,58.31,57.52,58.02,69132.68,36647.971
2026-09-19 16:00:00,58.02,58.24,57.22,58.05,68675.563,33551.334
2026-09-19 20:00:00,58.05,58.46,56.81,58.28,53377.228,27080.768
2026-09-20 00:00:00,58.28,58.42,56.53,57.27,59830.467,29576.384
2026-09-20 04:00:00,57.27,57.3,56.67,56.76,40401.693,19002.941
2026-09-20 08:00:00,56.77,57.4,56.57,57.22,47569.434,23676.757
2026-09-20 12:00:00,57.21,57.66,56.75,57.62,53602.194,32422.05
2026-09-20 16:00:00,57.63,59.36,57.42,59,117662.436,68332.394
2026-09-20 20:00:00,59.01,59.12,58.1,58.74,62382.681,31133.16
2026-09-21 00:00:00,58.73,59.97,58.36,59.01,85905.678,49809.751
2026-09-21 04:00:00,59.01,59.01,58.16,58.5,55264.074,34052.3
2026-09-21 08:00:00,58.49,60.72,58.35,60.3,169051.729,97043.612
2026-09-21 12:00:00,60.31,63.86,60.12,62.93,279929.099,148100.842
2026-09-21 16:00:00,62.93,63.55,61.17,62.37,114123.119,54884.3
2026-09-21 20:00:00,62.37,62.99,61.39,62.02,74969.904,36656.301
2026-09-22 00:00:00,62.01,62.43,60.2,61.08,102297.588,49459.456
2026-09-22 04:00:00,61.08,61.38,60.37,60.7,69442.202,36504.375
2026-09-22 08:00:00,60.7,61.09,59.78,60.4,71355.471,31251.422
2026-09-22 12:00:00,60.4,62.7,60.06,61.38,206498.434,100957.185
2026-09-22 16:00:00,61.37,63.51,61.05,62.8,156916.544,83799.972
2026-09-22 20:00:00,62.81,63.81,62.16,62.98,88048.993,49497.771
2026-09-23 00:00:00,62.98,63.87,62.09,63.57,75487.542,39432.875
2026-09-23 04:00:00,63.58,64.64,63.16,63.25,178104.979,100353.487
2026-09-23 08:00:00,63.25,63.66,61.87,62.48,138394.74,64950.696
2026-09-23 12:00:00,62.48,63.08,58.8,59.48,266737.625,115415.694
2026-09-23 16:00:00,59.48,61.37,58.89,61.23,118027.938,60861.942
2026-09-23 20:00:00,61.24,62.16,60.71,61.84,68220.921,35362.566
2026-09-24 00:00:00,61.85,67.49,61.67,66.57,262162.672,137694.359
2026-09-24 04:00:00,66.57,69.45,66.38,68.97,361421.83,179089.854
2026-09-24 08:00:00,68.97,69.55,65.78,66.36,268698.213,127413.938
2026-09-24 12:00:00,66.35,74.77,65.52,73.8,737202.075,395921.195
2026-09-24 16:00:00,73.8,74.86,70.71,71.41,413339.65,199010.168
2026-09-24 20:00:00,71.4,72.42,70.38,71.95,115433.497,55705.571
2026-09-25 00:00:00,71.96,72.29,70.21,70.73,106338.431,53722.801
2026-09-25 04:00:00,70.72,71.69,69.97,71.55,102709.443,54541.687
2026-09-25 08:00:00,71.55,71.7,69.8,70.42,170313.655,84464.941
2026-09-25 12:00:00,70.42,70.71,68.96,70.18,207365.621,100549.317
2026-09-25 16:00:00,70.18,71.34,69.22,71.05,140714.761,67769.291
2026-09-25 20:00:00,71.06,73.82,70.64,72.59,127107.437,67512.64
2026-09-26 00:00:00,72.59,73.46,71.6,71.7,111816.473,54975.999
2026-09-26 04:00:00,71.71,74,71.6,73.7,88063.837,48567.478
2026-09-26 08:00:00,73.69,75,72.97,73.14,157344.823,74793.768
2026-09-26 12:00:00,73.15,73.27,72.12,72.29,42086.322,20412.465
