t,o,h,l,c,v,taker_buy_v
2026-09-20 19:00:00,58.28,58.49,58.23,58.43,3008.753,1807.095
2026-09-20 19:15:00,58.43,58.5,58.28,58.4,2831.467,1461.128
2026-09-20 19:30:00,58.41,58.77,58.4,58.71,2928.068,1954.368
2026-09-20 19:45:00,58.71,59.18,58.71,59,6123.194,3579.479
2026-09-20 20:00:00,59.01,59.05,58.81,58.86,2547.146,1032.822
2026-09-20 20:15:00,58.87,58.94,58.68,58.9,4616.113,2345.834
2026-09-20 20:30:00,58.89,58.94,58.72,58.93,2867.259,1489.527
2026-09-20 20:45:00,58.92,58.92,58.65,58.69,2255.422,827.806
2026-09-20 21:00:00,58.69,58.72,58.1,58.36,10704.151,5221.187
2026-09-20 21:15:00,58.36,58.52,58.32,58.52,1941.515,1094.332
2026-09-20 21:30:00,58.53,58.66,58.36,58.36,1950.891,811.445
2026-09-20 21:45:00,58.37,58.9,58.34,58.87,3287.881,1659.446
2026-09-20 22:00:00,58.87,59.12,58.62,59.12,6061.508,3918.071
2026-09-20 22:15:00,59.12,59.12,58.78,59.02,1867.356,1010.221
2026-09-20 22:30:00,59.02,59.09,58.9,58.9,2676.22,1138.034
2026-09-20 22:45:00,58.91,59,58.77,58.81,4175.444,2588.65
2026-09-20 23:00:00,58.81,58.86,58.63,58.71,2492.212,1351.136
2026-09-20 23:15:00,58.71,58.94,58.62,58.75,5376.505,2131.202
2026-09-20 23:30:00,58.75,58.95,58.75,58.89,3216.688,2335.244
2026-09-20 23:45:00,58.88,58.88,58.68,58.74,6346.37,2178.203
2026-09-21 00:00:00,58.73,59.1,58.72,58.95,7972.966,3941.951
2026-09-21 00:15:00,58.96,59.24,58.87,59.12,3646.262,1935.688
2026-09-21 00:30:00,59.13,59.38,58.89,59,5277.116,2614.68
2026-09-21 00:45:00,59,59.24,58.98,59.17,3020.855,1905.603
2026-09-21 01:00:00,59.16,59.55,59.06,59.37,7769.921,4890.717
2026-09-21 01:15:00,59.38,59.97,59.11,59.3,15300.268,10464.928
2026-09-21 01:30:00,59.29,59.51,59.05,59.21,4583.113,2776.051
2026-09-21 01:45:00,59.22,59.24,58.36,58.58,9210.685,5180.329
2026-09-21 02:00:00,58.58,58.75,58.41,58.73,5440.535,3273.126
2026-09-21 02:15:00,58.73,59.1,58.59,58.82,4514.128,2772.2
2026-09-21 02:30:00,58.82,58.83,58.55,58.78,3440.164,1880.942
2026-09-21 02:45:00,58.78,58.9,58.66,58.82,4484.738,2055.028
2026-09-21 03:00:00,58.83,59.2,58.83,58.98,4233.735,1893.486
2026-09-21 03:15:00,58.98,59.25,58.98,59.15,3169.259,1550.639
2026-09-21 03:30:00,59.15,59.23,58.99,59.05,2139.785,1519.373
2026-09-21 03:45:00,59.04,59.13,58.93,59.01,1702.148,1155.01
2026-09-21 04:00:00,59.01,59.01,58.57,58.6,7135.435,4795.873
2026-09-21 04:15:00,58.6,58.75,58.5,58.53,4024.811,2424.101
2026-09-21 04:30:00,58.52,58.79,58.45,58.72,2706.627,1558.882
2026-09-21 04:45:00,58.71,58.8,58.49,58.55,2147.555,1199.688
2026-09-21 05:00:00,58.54,58.54,58.16,58.3,5227.671,2668.115
2026-09-21 05:15:00,58.29,58.55,58.29,58.49,2912.732,1953.742
2026-09-21 05:30:00,58.49,58.61,58.26,58.29,3426.494,2420.397
2026-09-21 05:45:00,58.29,58.4,58.25,58.31,2312.807,1475.444
2026-09-21 06:00:00,58.32,58.38,58.16,58.27,2246.597,1323.478
2026-09-21 06:15:00,58.28,58.69,58.28,58.68,2753.6,1388.967
2026-09-21 06:30:00,58.68,58.75,58.3,58.3,1877.314,1134.595
2026-09-21 06:45:00,58.31,58.61,58.29,58.47,2478.752,1271.173
2026-09-21 07:00:00,58.47,58.8,58.29,58.43,7927.458,5446.337
2026-09-21 07:15:00,58.43,58.5,58.34,58.42,1878.643,894.332
2026-09-21 07:30:00,58.42,58.48,58.23,58.4,3173.244,1967.234
2026-09-21 07:45:00,58.39,58.54,58.3,58.5,3034.334,2129.942
2026-09-21 08:00:00,58.49,58.71,58.39,58.44,2266.607,1038.261
2026-09-21 08:15:00,58.44,58.81,58.35,58.78,7134.971,3652.44
2026-09-21 08:30:00,58.78,59.35,58.67,59.09,15225.845,7720.858
2026-09-21 08:45:00,59.08,59.29,58.69,59.15,16930.504,8757.394
2026-09-21 09:00:00,59.14,59.39,58.96,59.19,10539.533,6913.007
2026-09-21 09:15:00,59.19,59.92,59.18,59.84,22183.285,13723.16
2026-09-21 09:30:00,59.84,60.02,59.53,59.57,14233.429,8575.973
2026-09-21 09:45:00,59.56,59.86,59.08,59.29,16548.319,10278.571
2026-09-21 10:00:00,59.29,59.82,59.17,59.74,11594.711,8273.347
2026-09-21 10:15:00,59.74,60.1,59.73,59.84,7332.78,4073.434
2026-09-21 10:30:00,59.85,60.31,59.8,60.24,10099.517,5876.697
2026-09-21 10:45:00,60.24,60.55,60.18,60.48,7110.57,4644.605
2026-09-21 11:00:00,60.48,60.58,60.2,60.35,8133.276,3213.652
2026-09-21 11:15:00,60.34,60.59,60.24,60.47,7599.315,4333.763
2026-09-21 11:30:00,60.46,60.72,60.32,60.61,8046.441,3905.639
2026-09-21 11:45:00,60.61,60.64,60.26,60.3,4072.626,2062.811
2026-09-21 12:00:00,60.31,60.82,60.12,60.63,12226.84,6024.727
2026-09-21 12:15:00,60.63,61.57,60.61,61.54,10188.019,6098.749
2026-09-21 12:30:00,61.56,63.22,61.36,62.5,45705.026,24669.959
2026-09-21 12:45:00,62.49,63,62.33,62.79,26696.724,16615.718
2026-09-21 13:00:00,62.8,63.84,62.62,63.59,31674.815,16048.405
2026-09-21 13:15:00,63.57,63.86,62.16,62.38,34097.603,14264.79
2026-09-21 13:30:00,62.38,62.66,61.86,62.5,25412.504,12578.301
2026-09-21 13:45:00,62.5,62.88,62.37,62.49,15020.639,8690.223
2026-09-21 14:00:00,62.5,62.56,61.68,62.05,15155.376,6307.208
2026-09-21 14:15:00,62.06,62.52,61.99,62.29,9544.549,6266.414
2026-09-21 14:30:00,62.29,62.53,62.14,62.53,8817.219,5211.747
2026-09-21 14:45:00,62.53,62.91,62.41,62.82,7505.369,4120.053
2026-09-21 15:00:00,62.81,62.99,62.5,62.64,8973.075,5014.09
2026-09-21 15:15:00,62.63,62.64,62.02,62.1,10876.564,4914.352
2026-09-21 15:30:00,62.1,62.63,61.95,62.6,7675.973,4648.718
2026-09-21 15:45:00,62.61,62.93,62.49,62.93,10358.804,6627.388
2026-09-21 16:00:00,62.93,63.5,62.87,63.37,18643.704,9153.099
2026-09-21 16:15:00,63.36,63.55,62.59,62.63,16048.933,6842.842
2026-09-21 16:30:00,62.63,62.7,61.78,62.01,18805.313,9352.902
2026-09-21 16:45:00,62,62.39,61.99,62.12,6607.297,3595.259
2026-09-21 17:00:00,62.13,62.58,62.06,62.2,5169.323,2669.808
2026-09-21 17:15:00,62.2,62.27,61.88,62.13,6280.554,2747.695
2026-09-21 17:30:00,62.13,62.26,61.93,61.94,4289.077,1566.557
2026-09-21 17:45:00,61.93,61.93,61.35,61.54,8924.33,4363.028
2026-09-21 18:00:00,61.53,61.88,61.37,61.86,4265.601,1838.925
2026-09-21 18:15:00,61.86,61.9,61.47,61.52,3601.359,1332.628
2026-09-21 18:30:00,61.52,61.64,61.17,61.57,5361.836,2542.244
2026-09-21 18:45:00,61.57,61.8,61.57,61.78,2315.793,889.577
2026-09-21 19:00:00,61.78,61.78,61.48,61.64,2998.946,1254.789
2026-09-21 19:15:00,61.63,61.82,61.57,61.72,3232.877,2013.77
2026-09-21 19:30:00,61.73,62.02,61.7,61.95,4433.287,2620.189
2026-09-21 19:45:00,61.95,62.37,61.93,62.37,3144.889,2100.988
2026-09-21 20:00:00,62.37,62.48,62.13,62.33,5593.077,2757.73
2026-09-21 20:15:00,62.32,62.88,62.26,62.8,5267.166,3023.128
2026-09-21 20:30:00,62.8,62.99,62.26,62.35,9990.347,4648.436
2026-09-21 20:45:00,62.35,62.51,62.2,62.43,6087.36,3774.621
2026-09-21 21:00:00,62.41,62.43,61.93,61.93,4553.319,1940.179
2026-09-21 21:15:00,61.93,62.26,61.81,62.18,3762.739,1646.991
2026-09-21 21:30:00,62.18,62.51,62.18,62.35,2789.542,1624.322
2026-09-21 21:45:00,62.35,62.38,61.93,61.99,2430.004,1097.583
2026-09-21 22:00:00,61.99,62.13,61.8,61.96,8503.06,4100.152
2026-09-21 22:15:00,61.95,62.12,61.54,61.6,6560.456,2796.466
2026-09-21 22:30:00,61.61,61.7,61.53,61.61,3731.18,2116.516
2026-09-21 22:45:00,61.61,61.68,61.39,61.67,3213.062,1699.312
2026-09-21 23:00:00,61.67,62.16,61.64,62.09,3882.9,2294.54
2026-09-21 23:15:00,62.09,62.17,61.9,61.95,2087.783,830.404
2026-09-21 23:30:00,61.96,62.06,61.8,61.9,2931.56,944.355
2026-09-21 23:45:00,61.9,62.1,61.85,62.02,3586.349,1361.566
2026-09-22 00:00:00,62.01,62.17,61.86,62.15,4023.119,1744.89
2026-09-22 00:15:00,62.15,62.19,61.96,62.13,3100.59,1332.441
2026-09-22 00:30:00,62.14,62.35,61.97,62.34,3871.599,2448.288
2026-09-22 00:45:00,62.34,62.43,61.41,61.52,6369.301,3431.535
2026-09-22 01:00:00,61.52,61.7,61.06,61.42,8934.288,3199.749
2026-09-22 01:15:00,61.43,61.57,60.96,61.56,5894.513,2978.935
2026-09-22 01:30:00,61.56,61.69,61.28,61.35,4641.891,2622.255
2026-09-22 01:45:00,61.35,61.37,61.05,61.14,5827.093,2241.27
2026-09-22 02:00:00,61.14,61.23,60.66,60.78,17538.306,7053.198
2026-09-22 02:15:00,60.78,61.01,60.68,61,6181.719,3655.844
2026-09-22 02:30:00,60.99,61.14,60.79,60.95,6911.132,4423.659
2026-09-22 02:45:00,60.94,61.06,60.4,60.52,8858.446,4084.871
2026-09-22 03:00:00,60.52,60.56,60.2,60.28,8279.959,3998.204
2026-09-22 03:15:00,60.28,60.78,60.25,60.74,4130.016,2692.399
2026-09-22 03:30:00,60.73,60.74,60.54,60.64,2736.018,1067.295
2026-09-22 03:45:00,60.64,61.11,60.62,61.08,4999.598,2484.623
2026-09-22 04:00:00,61.08,61.38,61.03,61.09,12145.775,5986.98
2026-09-22 04:15:00,61.09,61.17,60.95,61.04,2239.335,1274.128
2026-09-22 04:30:00,61.03,61.05,60.7,60.99,3605.51,2086.576
2026-09-22 04:45:00,60.99,60.99,60.6,60.75,4815.808,2141.155
2026-09-22 05:00:00,60.75,60.95,60.68,60.74,3322.429,1715.327
2026-09-22 05:15:00,60.75,60.86,60.51,60.59,2524.317,1102.632
2026-09-22 05:30:00,60.58,61.06,60.37,61.02,2987.238,1693.879
2026-09-22 05:45:00,61.02,61.19,61,61.06,4750.426,1768.701
2026-09-22 06:00:00,61.06,61.17,60.65,60.86,15569.045,10350.1
2026-09-22 06:15:00,60.86,60.92,60.62,60.84,2498.534,1061.552
2026-09-22 06:30:00,60.83,61.07,60.75,61,1549.602,755.758
2026-09-22 06:45:00,61,61.07,60.72,60.72,3019.924,1585.742
2026-09-22 07:00:00,60.71,60.94,60.63,60.78,2338.353,1547.536
2026-09-22 07:15:00,60.79,60.85,60.59,60.66,2876.281,1684.202
2026-09-22 07:30:00,60.65,60.77,60.52,60.73,1770.917,643.036
2026-09-22 07:45:00,60.73,60.79,60.55,60.7,3428.708,1107.071
2026-09-22 08:00:00,60.7,60.81,60.59,60.77,1998.514,1224.484
2026-09-22 08:15:00,60.76,60.82,60.38,60.43,4394.775,2354.903
2026-09-22 08:30:00,60.43,60.94,60.17,60.93,5420.156,2368.646
2026-09-22 08:45:00,60.94,61.09,60.83,60.9,5160.211,2807.692
2026-09-22 09:00:00,60.89,61.05,60.33,60.39,5036.685,1942.635
2026-09-22 09:15:00,60.39,60.55,60.37,60.53,2546.288,1595.121
2026-09-22 09:30:00,60.53,60.59,60.41,60.47,2767.596,890.787
2026-09-22 09:45:00,60.47,60.59,60.37,60.47,3554.015,1451.264
2026-09-22 10:00:00,60.47,60.48,60.21,60.23,2068.804,1043.676
2026-09-22 10:15:00,60.23,60.3,59.78,60,10830.4,4399.7
2026-09-22 10:30:00,59.99,60.29,59.99,60.24,2896.835,1267.802
2026-09-22 10:45:00,60.24,60.24,60.05,60.11,4132.794,1813.852
2026-09-22 11:00:00,60.1,60.29,59.93,60.27,3256.599,1293.041
2026-09-22 11:15:00,60.26,60.49,60.23,60.26,4763.905,1618.787
2026-09-22 11:30:00,60.25,60.49,60.24,60.45,2300.675,977.487
2026-09-22 11:45:00,60.45,60.52,60.27,60.4,10227.219,4201.545
2026-09-22 12:00:00,60.4,60.43,60.27,60.29,8698.494,3041.421
2026-09-22 12:15:00,60.29,60.36,60.06,60.26,6945.741,2172.604
2026-09-22 12:30:00,60.26,60.78,60.26,60.76,5979.92,3189.075
2026-09-22 12:45:00,60.76,61.4,60.6,61.35,16446.473,9788.681
2026-09-22 13:00:00,61.35,62.01,61.17,61.68,29105.254,14330.747
2026-09-22 13:15:00,61.68,61.7,61.01,61.1,13052.477,5188.309
2026-09-22 13:30:00,61.09,61.59,60.99,61.33,11102.384,5398.195
2026-09-22 13:45:00,61.32,62.5,61.25,62.29,20368.04,12524.344
2026-09-22 14:00:00,62.29,62.7,61.96,62.35,23724.038,12758.064
2026-09-22 14:15:00,62.36,62.45,61.53,61.53,12834.05,5400.777
2026-09-22 14:30:00,61.53,61.53,60.66,61.14,16509.199,7304.853
2026-09-22 14:45:00,61.13,61.45,61.03,61.42,8639.368,4531.103
2026-09-22 15:00:00,61.42,61.73,61.37,61.49,8162.511,4634.614
2026-09-22 15:15:00,61.5,61.67,61.25,61.41,12222.597,5083.873
2026-09-22 15:30:00,61.4,61.54,61.18,61.51,7968.56,3895.331
2026-09-22 15:45:00,61.51,61.74,61.31,61.38,4739.328,1715.194
2026-09-22 16:00:00,61.37,61.46,61.05,61.12,9042.981,4041.712
2026-09-22 16:15:00,61.11,61.53,61.06,61.49,6209.598,2814.688
2026-09-22 16:30:00,61.48,61.72,61.34,61.65,9551.805,3528.448
2026-09-22 16:45:00,61.64,62,61.47,61.92,4908.231,2571.826
2026-09-22 17:00:00,61.93,62,61.67,61.77,4542.008,2040.981
2026-09-22 17:15:00,61.77,61.9,61.53,61.88,10170.609,4025.051
2026-09-22 17:30:00,61.89,62.11,61.64,61.71,12056.647,6529.554
2026-09-22 17:45:00,61.7,62.09,61.65,61.91,7988.929,4682.368
2026-09-22 18:00:00,61.92,62.21,61.77,62.03,8171.01,4284.836
2026-09-22 18:15:00,62.03,62.33,62.02,62.17,8634.73,4338.633
2026-09-22 18:30:00,62.17,62.34,62.1,62.1,5906.041,3338.811
2026-09-22 18:45:00,62.1,62.12,61.81,61.96,5343.702,2570.742
2026-09-22 19:00:00,61.97,62.7,61.96,62.66,18345.794,11747.738
2026-09-22 19:15:00,62.67,63.51,62.65,63.46,25834.425,17114.768
2026-09-22 19:30:00,63.46,63.5,62.71,62.79,11244.976,5126.266
2026-09-22 19:45:00,62.79,62.85,62.49,62.8,8965.058,5043.55
2026-09-22 20:00:00,62.81,62.97,62.39,62.4,6567.486,3553.204
2026-09-22 20:15:00,62.41,62.88,62.4,62.84,5811.925,3468.734
2026-09-22 20:30:00,62.84,63.26,62.63,62.68,16011.702,10494.185
2026-09-22 20:45:00,62.68,62.77,62.42,62.51,4667.873,2468.873
2026-09-22 21:00:00,62.51,62.88,62.16,62.32,7165.481,4805.788
2026-09-22 21:15:00,62.33,62.59,62.28,62.5,3615.67,1875.37
2026-09-22 21:30:00,62.5,62.71,62.37,62.37,2579.765,1325.283
2026-09-22 21:45:00,62.38,62.72,62.38,62.63,1581.116,911.28
2026-09-22 22:00:00,62.63,62.74,62.25,62.38,4074.931,2199.221
2026-09-22 22:15:00,62.38,62.86,62.34,62.82,3179.368,2044.831
2026-09-22 22:30:00,62.81,63.31,62.8,63.3,4048.026,2279.23
2026-09-22 22:45:00,63.3,63.5,63.07,63.13,4676.717,2395.231
2026-09-22 23:00:00,63.14,63.55,63.07,63.5,4433.719,1714.389
2026-09-22 23:15:00,63.5,63.81,63.43,63.6,5973.733,3554.741
2026-09-22 23:30:00,63.59,63.59,63.04,63.25,7845.481,3626.718
2026-09-22 23:45:00,63.25,63.29,62.79,62.98,5816,2780.693
2026-09-23 00:00:00,62.98,63.36,62.87,63.34,4364.687,2739.593
2026-09-23 00:15:00,63.35,63.4,62.89,62.92,4647.446,1312.761
2026-09-23 00:30:00,62.91,63.27,62.9,63.11,4633.482,3233.944
2026-09-23 00:45:00,63.11,63.21,62.73,62.75,2207.417,1203.587
2026-09-23 01:00:00,62.75,63.12,62.67,63.07,4321.274,2547.482
2026-09-23 01:15:00,63.07,63.07,62.87,62.96,3246.144,1823.318
2026-09-23 01:30:00,62.96,62.97,62.67,62.78,1675.383,707.935
2026-09-23 01:45:00,62.77,62.79,62.19,62.45,5319.47,3381.789
2026-09-23 02:00:00,62.45,62.45,62.09,62.27,5025.961,1712.141
2026-09-23 02:15:00,62.28,62.7,62.24,62.44,1436.946,757.949
2026-09-23 02:30:00,62.43,62.75,62.33,62.67,4331.604,2340.134
2026-09-23 02:45:00,62.67,63.02,62.66,62.99,1629.208,851.544
2026-09-23 03:00:00,62.99,63.3,62.68,63.23,5587.395,3470.499
2026-09-23 03:15:00,63.24,63.51,63.2,63.43,5847.342,3466.216
2026-09-23 03:30:00,63.44,63.84,63.4,63.74,7641.786,4592.805
2026-09-23 03:45:00,63.74,63.87,63.52,63.57,13571.997,5291.178
2026-09-23 04:00:00,63.58,63.63,63.17,63.25,9517.495,4691.079
2026-09-23 04:15:00,63.26,64.43,63.16,63.97,13567.012,8069.877
2026-09-23 04:30:00,63.97,64.33,63.71,63.87,9867.085,5098.876
2026-09-23 04:45:00,63.86,64.2,63.81,64.18,5970.871,4347.167
2026-09-23 05:00:00,64.2,64.64,63.96,64.02,16722.917,9557.764
2026-09-23 05:15:00,64.02,64.05,63.74,63.8,3402.172,1870.705
2026-09-23 05:30:00,63.79,64.61,63.79,64.4,16441.198,7687.001
2026-09-23 05:45:00,64.39,64.48,63.7,63.91,11247.225,5785.024
2026-09-23 06:00:00,63.9,64.11,63.69,63.86,7956.8,4486.291
2026-09-23 06:15:00,63.87,64.18,63.87,63.9,3289.903,1723.872
2026-09-23 06:30:00,63.9,64.43,63.86,64.15,8551.617,5348.06
2026-09-23 06:45:00,64.15,64.64,64.04,64.52,15269.354,9784.555
2026-09-23 07:00:00,64.52,64.52,63.88,63.94,23207.127,17714.054
2026-09-23 07:15:00,63.95,64.29,63.89,64.2,6076.14,3480.146
2026-09-23 07:30:00,64.21,64.24,63.22,63.32,13732.576,6556.906
2026-09-23 07:45:00,63.32,63.73,63.21,63.25,13285.487,4152.11
2026-09-23 08:00:00,63.25,63.43,62.91,63.17,9563.478,4864.766
2026-09-23 08:15:00,63.17,63.66,63.17,63.23,7460.913,4035.488
2026-09-23 08:30:00,63.23,63.44,63.18,63.21,3635.852,2131.486
2026-09-23 08:45:00,63.21,63.24,61.99,62.65,37789.402,19688.39
2026-09-23 09:00:00,62.64,62.9,62.47,62.79,5012.899,2145.662
2026-09-23 09:15:00,62.79,63.22,62.72,62.77,6451.142,3451.738
2026-09-23 09:30:00,62.78,62.97,62.55,62.79,5181.141,1932.167
2026-09-23 09:45:00,62.79,62.91,62.59,62.75,9468.652,5954.206
2026-09-23 10:00:00,62.75,62.92,62.62,62.76,6169.86,3407.63
2026-09-23 10:15:00,62.75,62.8,62.43,62.67,6031.256,2434.692
2026-09-23 10:30:00,62.67,62.97,62.48,62.9,5002.917,1938.953
2026-09-23 10:45:00,62.9,62.98,62.63,62.94,5734.595,1913.753
2026-09-23 11:00:00,62.93,63.02,62.6,62.63,4002.156,1646.425
2026-09-23 11:15:00,62.62,62.7,62.14,62.42,4255.558,1427.893
2026-09-23 11:30:00,62.41,62.43,61.87,62.14,14472.683,5483.99
2026-09-23 11:45:00,62.14,62.58,62.14,62.48,8162.236,2493.457
2026-09-23 12:00:00,62.48,62.55,61.34,61.88,16051.296,6644.795
2026-09-23 12:15:00,61.88,62.21,61.74,62.11,6498.872,2385.76
2026-09-23 12:30:00,62.11,62.27,61.96,62.14,6562.583,2643.15
2026-09-23 12:45:00,62.14,62.3,61.97,62.28,4357.669,2299.277
2026-09-23 13:00:00,62.28,62.29,61.58,61.71,12824.658,6304.299
2026-09-23 13:15:00,61.71,62.08,61.71,62.03,6538.892,1939.946
2026-09-23 13:30:00,62.03,62.71,61.97,62.59,11110.615,5102.565
2026-09-23 13:45:00,62.59,62.79,62.3,62.69,11865.967,4907.795
2026-09-23 14:00:00,62.69,63.08,58.8,60.68,72991.842,30227.382
2026-09-23 14:15:00,60.66,60.87,59.85,60.07,38252.553,17174.862
2026-09-23 14:30:00,60.08,60.94,59.87,60.67,14691.888,8445.489
2026-09-23 14:45:00,60.67,60.93,60.34,60.7,8536.212,4024.611
2026-09-23 15:00:00,60.69,61.1,60.62,60.75,7131.683,3018.882
2026-09-23 15:15:00,60.76,61.03,60.22,60.25,12921.391,4587.198
2026-09-23 15:30:00,60.25,60.29,59.8,60.05,14689.68,6781.529
2026-09-23 15:45:00,60.05,60.18,59.2,59.48,21711.824,8928.154
2026-09-23 16:00:00,59.48,60.24,58.89,60.11,16895.757,7337.722
2026-09-23 16:15:00,60.1,60.23,59.95,60.08,5146.581,2616.586
2026-09-23 16:30:00,60.09,60.33,60,60.31,3366.996,1096.834
2026-09-23 16:45:00,60.3,60.41,59.97,60.29,6163.054,2907.411
2026-09-23 17:00:00,60.3,60.43,59.73,60.02,7566.654,4439.872
2026-09-23 17:15:00,60.02,60.69,60.01,60.56,7806.207,3990.89
2026-09-23 17:30:00,60.56,60.65,60.4,60.55,3869.921,2019.684
2026-09-23 17:45:00,60.56,60.87,60.55,60.79,4986.94,2585.58
2026-09-23 18:00:00,60.79,60.99,60.26,60.61,14993.698,10189.485
2026-09-23 18:15:00,60.62,60.91,60.39,60.65,12977.034,6219.355
2026-09-23 18:30:00,60.65,60.99,60.6,60.97,6898.264,4068.565
2026-09-23 18:45:00,60.98,61.33,60.98,61.04,7402.937,3145.587
2026-09-23 19:00:00,61.04,61.17,60.64,60.9,6114.743,3180.307
2026-09-23 19:15:00,60.91,61.37,60.76,61.18,6738.226,3042.132
2026-09-23 19:30:00,61.18,61.37,61.09,61.11,4319.153,2365.207
2026-09-23 19:45:00,61.12,61.32,61.1,61.23,2781.773,1656.725
2026-09-23 20:00:00,61.24,61.34,60.89,60.9,3975.81,2160.966
2026-09-23 20:15:00,60.89,61.24,60.75,60.87,3210.74,1379.363
2026-09-23 20:30:00,60.88,61.17,60.85,61.12,1919.619,1167.033
2026-09-23 20:45:00,61.12,61.14,60.71,60.92,3995.566,2130.141
2026-09-23 21:00:00,60.92,61.06,60.78,61.01,2260.024,1172.322
2026-09-23 21:15:00,61,61.28,60.86,61.27,2941.044,891.499
2026-09-23 21:30:00,61.28,61.98,61.28,61.92,8593.617,5582.642
2026-09-23 21:45:00,61.92,61.96,61.41,61.5,3983.649,1557.085
2026-09-23 22:00:00,61.5,61.74,61.33,61.42,3775.497,2092.371
2026-09-23 22:15:00,61.41,61.55,61.19,61.21,2728.966,1557.436
2026-09-23 22:30:00,61.2,61.32,61.02,61.25,3313.689,1251.944
2026-09-23 22:45:00,61.26,61.78,61.26,61.7,3672.825,2000.839
2026-09-23 23:00:00,61.69,61.85,61.53,61.79,4277.993,2754.975
2026-09-23 23:15:00,61.78,62.16,61.6,62,10860.93,5424.469
2026-09-23 23:30:00,62,62.09,61.52,61.53,4815.441,2477.824
2026-09-23 23:45:00,61.53,61.91,61.53,61.84,3895.511,1761.657
2026-09-24 00:00:00,61.85,62.17,61.74,62.03,7616.237,3859.936
2026-09-24 00:15:00,62.04,62.34,61.97,62.2,8269.153,4341.643
2026-09-24 00:30:00,62.2,62.4,62.15,62.4,4985.503,2309.03
2026-09-24 00:45:00,62.39,62.44,61.71,62.04,8183.87,4414.485
2026-09-24 01:00:00,62.04,62.61,61.99,62.15,7433.452,3511.381
2026-09-24 01:15:00,62.14,62.21,61.67,61.94,5900.476,2534.234
2026-09-24 01:30:00,61.93,62.19,61.72,61.74,4491.334,2027.062
2026-09-24 01:45:00,61.73,62.44,61.7,62.12,8441.018,4708.798
2026-09-24 02:00:00,62.11,62.23,61.75,62.22,7642.926,3176.506
2026-09-24 02:15:00,62.23,63.2,62.18,63.04,12469.484,7108.46
2026-09-24 02:30:00,63.05,64.96,62.88,64.87,29748.011,15483.807
2026-09-24 02:45:00,64.87,66.12,64.82,65.81,50570.205,27706.859
2026-09-24 03:00:00,65.81,66.73,65.56,66.55,30385.277,16228.057
2026-09-24 03:15:00,66.56,67.2,66.07,66.57,35725.377,18957.75
2026-09-24 03:30:00,66.57,67.34,66.07,67.1,25278.769,12295.885
2026-09-24 03:45:00,67.1,67.49,66.51,66.57,15021.58,9030.466
2026-09-24 04:00:00,66.57,68.9,66.38,67.55,48059.402,27593.878
2026-09-24 04:15:00,67.54,68.08,67.29,68.06,26837.365,12806.506
2026-09-24 04:30:00,68.06,68.27,67.66,68.21,30067.109,17147.519
2026-09-24 04:45:00,68.2,68.78,67.4,68.57,43318.107,21428.561
2026-09-24 05:00:00,68.58,69.45,68.18,68.21,30061.697,14336.13
2026-09-24 05:15:00,68.22,68.38,67.44,67.67,18247.121,7254.14
2026-09-24 05:30:00,67.67,68.17,67.37,67.96,15329.347,8683.749
2026-09-24 05:45:00,67.96,68.25,66.81,66.97,21223.87,8450.147
2026-09-24 06:00:00,66.98,67.58,66.9,67.37,28100.908,9156.758
2026-09-24 06:15:00,67.37,68.39,67.36,68.26,14099.523,6449.251
2026-09-24 06:30:00,68.25,68.55,67.68,67.8,11681.036,6196.046
2026-09-24 06:45:00,67.8,68.16,67.75,68.01,7138.601,3521.291
2026-09-24 07:00:00,68.01,68.6,67.8,68.45,13079.521,7317.157
2026-09-24 07:15:00,68.46,68.64,67.92,67.97,14056.167,6453.604
2026-09-24 07:30:00,67.96,68.55,67.84,68.27,16457.703,8499.518
2026-09-24 07:45:00,68.27,69.02,68.17,68.97,23664.353,13795.599
2026-09-24 08:00:00,68.97,69.55,68.59,69.05,22108.381,14201.285
2026-09-24 08:15:00,69.05,69.39,67.97,67.98,20657.509,9950.886
2026-09-24 08:30:00,67.98,68.48,67.41,68.22,21393.328,8542.878
2026-09-24 08:45:00,68.21,68.51,67.58,68.43,21797.966,10996.821
2026-09-24 09:00:00,68.43,68.65,67.48,67.76,24044.842,8674.157
2026-09-24 09:15:00,67.77,68.11,67.17,67.35,19584.416,9816.575
2026-09-24 09:30:00,67.35,67.6,65.78,67.04,36531.839,16498.774
2026-09-24 09:45:00,67.04,67.23,66.56,66.94,16773.025,7849.436
2026-09-24 10:00:00,66.95,66.99,66.29,66.62,15003.22,7511.989
2026-09-24 10:15:00,66.62,67.15,66.51,66.92,10670.646,6391.853
2026-09-24 10:30:00,66.92,67.04,66.58,66.88,10741.426,6011.951
2026-09-24 10:45:00,66.88,67.06,66.6,66.74,6703.355,3314.165
2026-09-24 11:00:00,66.74,66.97,66.4,66.69,12996.303,5143.468
2026-09-24 11:15:00,66.68,66.73,66.26,66.57,8751.354,3553.183
2026-09-24 11:30:00,66.56,66.87,66.31,66.59,11586.443,4516.058
2026-09-24 11:45:00,66.58,66.61,66.1,66.36,9354.16,4440.459
2026-09-24 12:00:00,66.35,66.46,65.52,65.79,20873.604,7128.411
2026-09-24 12:15:00,65.79,66.32,65.75,66,14603.874,7177.608
2026-09-24 12:30:00,66,66.33,65.86,66.26,19053.894,7294.978
2026-09-24 12:45:00,66.26,67.45,65.95,66.91,26499.32,14225.033
2026-09-24 13:00:00,66.92,68.27,66.87,68.26,33829.794,18965.484
2026-09-24 13:15:00,68.25,69.82,68.13,69.73,54779.632,29031.907
2026-09-24 13:30:00,69.73,70,68.34,68.7,39267.427,21310.316
2026-09-24 13:45:00,68.7,71.41,68.62,70.91,81271.248,46768.442
2026-09-24 14:00:00,70.91,72.15,70.53,72.04,60715.489,34182.609
2026-09-24 14:15:00,72.03,74.26,71.89,73.95,112628.399,68476.676
2026-09-24 14:30:00,73.96,74.77,72.89,73.08,77826.081,41778.767
2026-09-24 14:45:00,73.09,73.18,71.66,72.71,70764.907,34808.404
2026-09-24 15:00:00,72.71,72.99,72.11,72.7,33056.815,16448.866
2026-09-24 15:15:00,72.69,73.5,72.51,73.05,26126.131,16746.09
2026-09-24 15:30:00,73.03,74.17,72.64,74.1,32484.331,16076.926
2026-09-24 15:45:00,74.11,74.66,73.59,73.8,33421.129,15500.678
2026-09-24 16:00:00,73.8,74.45,73.52,74.22,22551.073,9054.593
2026-09-24 16:15:00,74.22,74.8,73.73,74.09,30900.78,14482.99
2026-09-24 16:30:00,74.1,74.86,73.74,74.17,25031.286,11119.267
2026-09-24 16:45:00,74.17,74.4,73.59,74.21,19332.243,10664.216
2026-09-24 17:00:00,74.2,74.4,73.78,74.13,20351.194,11691.306
2026-09-24 17:15:00,74.12,74.76,73.44,73.71,21987.379,11031.823
2026-09-24 17:30:00,73.71,74.13,72.72,72.84,66762.088,15989.879
2026-09-24 17:45:00,72.84,72.93,71.46,71.64,68436.084,38289.307
2026-09-24 18:00:00,71.64,72.34,71.19,71.98,44115.1,27370.1
2026-09-24 18:15:00,71.99,72.37,71.79,71.87,14155.122,5881.856
2026-09-24 18:30:00,71.86,72.08,70.92,71.23,27718.386,14570.617
2026-09-24 18:45:00,71.23,71.58,71.1,71.46,6773.463,3730.931
2026-09-24 19:00:00,71.47,71.49,71.05,71.22,8017.82,3087.704
2026-09-24 19:15:00,71.22,71.65,70.71,71.32,11959.483,6837.756
2026-09-24 19:30:00,71.32,71.33,70.88,71.08,9327.233,5138.824
2026-09-24 19:45:00,71.08,71.89,71,71.41,15920.916,10068.999
2026-09-24 20:00:00,71.4,71.73,71.11,71.17,8062.38,3586.664
2026-09-24 20:15:00,71.18,71.8,71.18,71.78,6558.936,3463.345
2026-09-24 20:30:00,71.78,71.78,71.23,71.35,5995.959,2563.721
2026-09-24 20:45:00,71.34,71.64,71.26,71.32,3313.203,1877.218
2026-09-24 21:00:00,71.33,71.69,70.98,71.57,7595.55,3949.591
2026-09-24 21:15:00,71.58,72.23,71.58,71.85,10271.421,5461.04
2026-09-24 21:30:00,71.84,72.42,71.82,72.21,9921.927,5076.435
2026-09-24 21:45:00,72.21,72.31,71.31,71.53,9460.752,2927.191
2026-09-24 22:00:00,71.52,71.71,71.22,71.31,5997.721,2738.636
2026-09-24 22:15:00,71.3,71.42,70.38,70.92,16343.519,7669.107
2026-09-24 22:30:00,70.92,71.2,70.76,70.94,5278.227,2553.714
2026-09-24 22:45:00,70.95,71.45,70.9,71.39,5857.912,3962.515
2026-09-24 23:00:00,71.39,72.25,71.37,71.89,8640.818,4552.12
2026-09-24 23:15:00,71.89,72.11,71.8,71.97,4553.791,1905.922
2026-09-24 23:30:00,71.97,72.02,71.63,71.68,3158.848,1359.649
2026-09-24 23:45:00,71.69,72.03,71.63,71.95,4422.533,2058.703
2026-09-25 00:00:00,71.96,72.08,71.38,71.59,8035.242,4393.664
2026-09-25 00:15:00,71.58,71.58,71.2,71.3,6897.373,3891.703
2026-09-25 00:30:00,71.3,71.67,71,71.37,9102.717,5349.677
2026-09-25 00:45:00,71.36,71.55,71.15,71.19,2830.224,1527.864
2026-09-25 01:00:00,71.2,71.64,71.13,71.5,5586.588,3670.451
2026-09-25 01:15:00,71.5,72.02,71.45,71.55,6828.509,3395.908
2026-09-25 01:30:00,71.55,71.84,71.29,71.77,5620.229,2525.396
2026-09-25 01:45:00,71.78,72.29,71.45,71.64,8652.415,3929.606
2026-09-25 02:00:00,71.63,71.79,71.28,71.43,5912.096,2425.042
2026-09-25 02:15:00,71.42,71.53,70.82,70.92,7478.34,3240.395
2026-09-25 02:30:00,70.92,71.05,70.21,70.71,10911.332,4914.781
2026-09-25 02:45:00,70.72,70.87,70.37,70.87,5557.239,2795.41
2026-09-25 03:00:00,70.88,71.29,70.71,70.98,4673.255,1973.917
2026-09-25 03:15:00,70.99,71.19,70.74,70.95,5851.076,3064.665
2026-09-25 03:30:00,70.94,71.05,70.45,70.61,7682.716,4360.455
2026-09-25 03:45:00,70.61,70.75,70.46,70.73,4719.08,2263.867
2026-09-25 04:00:00,70.72,70.79,70.32,70.47,5840.398,2759.083
2026-09-25 04:15:00,70.48,70.97,69.97,70.86,14905.067,8761.685
2026-09-25 04:30:00,70.86,71.39,70.79,71.09,9964.207,6431.549
2026-09-25 04:45:00,71.1,71.12,70.67,70.75,3202.472,1855.537
2026-09-25 05:00:00,70.75,71.01,70.7,70.71,6402.282,3667.908
2026-09-25 05:15:00,70.72,71.06,70.72,70.99,2604.559,1330.984
2026-09-25 05:30:00,71,71.25,70.83,70.96,5604.803,2993.154
2026-09-25 05:45:00,70.95,71.19,70.9,71.15,2725.881,1929.097
2026-09-25 06:00:00,71.15,71.5,70.91,71.05,8624.323,3969.852
2026-09-25 06:15:00,71.06,71.69,71.03,71.37,7606.299,4853.153
2026-09-25 06:30:00,71.37,71.49,71.19,71.22,4723.235,3352.225
2026-09-25 06:45:00,71.21,71.45,71.09,71.37,4108.37,2659.078
2026-09-25 07:00:00,71.36,71.4,70.64,71.02,6655.684,3071.74
2026-09-25 07:15:00,71.02,71.61,71.02,71.43,6673.314,1572.776
2026-09-25 07:30:00,71.43,71.53,71.16,71.43,5603.451,1860.583
2026-09-25 07:45:00,71.43,71.68,71.39,71.55,7465.098,3473.283
2026-09-25 08:00:00,71.55,71.7,71.05,71.21,8271.197,3080.194
2026-09-25 08:15:00,71.21,71.64,71.17,71.3,6325.325,2905.67
2026-09-25 08:30:00,71.3,71.37,70.72,70.85,8315.755,4244.117
2026-09-25 08:45:00,70.86,71.13,69.8,70.66,35058.202,17160.123
2026-09-25 09:00:00,70.66,71.05,70.63,70.87,9338.292,4563.441
2026-09-25 09:15:00,70.88,71.04,70.61,71.03,9997.264,5087.978
2026-09-25 09:30:00,71.03,71.11,70.87,70.9,3982.479,2136.537
2026-09-25 09:45:00,70.9,70.96,70.65,70.8,7153.59,2027.709
2026-09-25 10:00:00,70.79,70.81,70.11,70.42,8162.522,4063.342
2026-09-25 10:15:00,70.42,70.75,70.36,70.72,4783.565,2574.352
2026-09-25 10:30:00,70.71,70.74,70.32,70.55,8985.367,4154.539
2026-09-25 10:45:00,70.54,70.89,70.48,70.88,5208.933,3332.54
2026-09-25 11:00:00,70.88,71.49,70.77,71.44,11579.881,6993.464
2026-09-25 11:15:00,71.44,71.57,70.74,70.97,16831.767,7919.62
2026-09-25 11:30:00,70.97,70.98,70.29,70.57,12427.701,6784.848
2026-09-25 11:45:00,70.56,70.6,70.17,70.42,13891.815,7436.467
2026-09-25 12:00:00,70.42,70.71,70.26,70.51,9876.295,3737.102
2026-09-25 12:15:00,70.51,70.51,69.33,70.31,26247.349,12745.396
2026-09-25 12:30:00,70.29,70.45,69.89,69.96,7687.332,4226.508
2026-09-25 12:45:00,69.95,70.19,69.82,70.09,5522.025,3118.691
2026-09-25 13:00:00,70.1,70.47,69.87,70.34,6454.806,3999.629
2026-09-25 13:15:00,70.33,70.56,69.79,69.93,10098.939,3456.536
2026-09-25 13:30:00,69.91,70.36,69.51,69.79,11138.724,5760.02
2026-09-25 13:45:00,69.78,70.02,68.96,69.91,16200.738,7929.983
2026-09-25 14:00:00,69.91,70.02,69.13,69.53,13361.362,5921.574
2026-09-25 14:15:00,69.54,69.78,69.23,69.45,9086.531,3438.31
2026-09-25 14:30:00,69.45,69.89,69.4,69.54,7987.312,4783.44
2026-09-25 14:45:00,69.53,69.87,69,69.8,19334.937,9051.877
2026-09-25 15:00:00,69.81,70.26,69.51,70.05,15417.472,9378.574
2026-09-25 15:15:00,70.05,70.48,69.5,70.06,20404.026,9204.488
2026-09-25 15:30:00,70.06,70.36,69.8,69.93,12369.617,5557.201
2026-09-25 15:45:00,69.94,70.25,69.8,70.18,16178.156,8239.988
2026-09-25 16:00:00,70.18,70.41,69.5,69.87,16144.773,6569.402
2026-09-25 16:15:00,69.87,70.16,69.79,70.11,4620.565,2419.545
2026-09-25 16:30:00,70.11,70.51,69.37,69.62,14992.345,6347.232
2026-09-25 16:45:00,69.63,69.67,69.25,69.27,6666.071,3704.3
2026-09-25 17:00:00,69.27,69.63,69.26,69.54,3614.617,1868.234
2026-09-25 17:15:00,69.54,69.69,69.42,69.44,5444.492,3033.488
2026-09-25 17:30:00,69.43,69.86,69.22,69.8,6633.85,2428.314
2026-09-25 17:45:00,69.79,69.87,69.67,69.84,2253.402,1099.341
2026-09-25 18:00:00,69.84,70.22,69.8,70.22,3851.179,2502.854
2026-09-25 18:15:00,70.22,70.85,70.22,70.51,20812.717,10205.978
2026-09-25 18:30:00,70.5,71.1,70.43,71.09,18634.213,9460.565
2026-09-25 18:45:00,71.1,71.34,70.9,71.1,15489.823,7413.205
2026-09-25 19:00:00,71.1,71.17,70.76,70.78,7521.182,3244.034
2026-09-25 19:15:00,70.78,70.96,70.66,70.86,3941.936,2313.797
2026-09-25 19:30:00,70.86,71.07,70.74,71.07,3992.895,1460.212
2026-09-25 19:45:00,71.08,71.27,70.98,71.05,6100.701,3698.79
2026-09-25 20:00:00,71.06,71.21,70.96,71.02,3615.475,1921.15
2026-09-25 20:15:00,71.01,71.32,70.97,71.26,2537.896,1384.551
2026-09-25 20:30:00,71.26,71.69,71.23,71.67,8748.868,4533.135
2026-09-25 20:45:00,71.67,71.69,71.11,71.18,7101.544,2978.134
2026-09-25 21:00:00,71.17,71.58,70.79,70.93,7000.745,3086.697
2026-09-25 21:15:00,70.93,71.06,70.75,70.91,5773.18,2488.817
2026-09-25 21:30:00,70.9,71.04,70.64,70.99,5713.405,3571.653
2026-09-25 21:45:00,71,71.07,70.76,70.84,3622.099,1478.597
2026-09-25 22:00:00,70.85,71.85,70.83,71.69,6600.126,4428.478
2026-09-25 22:15:00,71.69,72.8,71.53,72.77,20888.619,13567.277
2026-09-25 22:30:00,72.77,73.82,72.73,73.14,23714.744,13069.825
2026-09-25 22:45:00,73.14,73.61,72.92,72.93,9468.749,5105.994
2026-09-25 23:00:00,72.93,72.97,72.37,72.6,9887.168,3844.887
2026-09-25 23:15:00,72.59,72.76,72.28,72.45,6198.083,2524.257
2026-09-25 23:30:00,72.45,72.5,72.16,72.28,3804.102,2182.981
2026-09-25 23:45:00,72.29,72.59,72.16,72.59,2432.634,1346.207
2026-09-26 00:00:00,72.59,72.59,71.93,72.12,5174.903,3128.156
2026-09-26 00:15:00,72.12,72.38,71.83,71.87,3412.031,1872.711
2026-09-26 00:30:00,71.87,72.45,71.73,72.36,4733.277,2453.922
2026-09-26 00:45:00,72.36,72.93,72.3,72.39,9352.612,3819.903
2026-09-26 01:00:00,72.39,73.02,72.37,72.51,5404.737,3106.406
2026-09-26 01:15:00,72.52,73.35,72.52,72.81,8996.54,5188.088
2026-09-26 01:30:00,72.82,73.11,72.66,72.81,5245.08,2836.537
2026-09-26 01:45:00,72.8,72.92,72.63,72.64,5425.631,3459.867
2026-09-26 02:00:00,72.63,73.3,72.44,73.12,10803.443,5799.342
2026-09-26 02:15:00,73.12,73.3,72.91,73.2,3492.286,1753.843
2026-09-26 02:30:00,73.2,73.45,73.01,73.28,8139.755,4947.861
2026-09-26 02:45:00,73.27,73.46,72.62,72.75,9715.686,3049.527
2026-09-26 03:00:00,72.76,73.09,72.31,72.43,7322.689,3480.741
2026-09-26 03:15:00,72.44,72.55,71.95,72.42,12625.448,5687.168
2026-09-26 03:30:00,72.42,72.42,71.77,71.93,5522.837,1647.97
2026-09-26 03:45:00,71.93,72.05,71.6,71.7,6449.518,2743.957
2026-09-26 04:00:00,71.71,72.27,71.6,71.87,6510.601,3671.63
2026-09-26 04:15:00,71.87,72.19,71.82,71.92,5607.87,3662.587
2026-09-26 04:30:00,71.93,72.15,71.75,72.04,4046.3,1692.938
2026-09-26 04:45:00,72.04,72.41,72.02,72.3,3225.739,1751.436
2026-09-26 05:00:00,72.3,72.38,71.97,71.97,5658.374,3329.337
2026-09-26 05:15:00,71.97,72.03,71.64,71.73,6489.895,2571.18
2026-09-26 05:30:00,71.74,72.24,71.66,72.14,4856.688,2787.563
2026-09-26 05:45:00,72.14,72.15,71.92,72.04,2861.669,1249.067
2026-09-26 06:00:00,72.04,72.22,71.93,72.17,3131.479,1400.33
2026-09-26 06:15:00,72.17,72.61,72.15,72.48,3767.699,1983.23
2026-09-26 06:30:00,72.48,73,72.48,72.97,5747.809,3606.819
2026-09-26 06:45:00,72.97,73.05,72.7,72.85,8541.307,4703.513
2026-09-26 07:00:00,72.86,73.12,72.74,72.86,6222.821,2976.701
2026-09-26 07:15:00,72.85,73.57,72.82,73.26,6418.365,4214.651
2026-09-26 07:30:00,73.25,73.82,73.21,73.57,7478.002,4546.404
2026-09-26 07:45:00,73.56,74,73.55,73.7,7499.219,4420.092
2026-09-26 08:00:00,73.69,73.84,73.09,73.2,8992.12,4158.095
2026-09-26 08:15:00,73.19,73.64,72.97,73.43,5673.699,3072.367
2026-09-26 08:30:00,73.42,74.02,73.42,73.93,7202.475,3821.276
2026-09-26 08:45:00,73.92,73.92,73.58,73.75,4840.602,2170.8
2026-09-26 09:00:00,73.75,73.92,73.47,73.64,5959.665,2660.5
2026-09-26 09:15:00,73.64,74.25,73.53,74.02,14113.408,8289.667
2026-09-26 09:30:00,74.02,74.22,73.77,74.13,10346.81,5786.925
2026-09-26 09:45:00,74.12,74.49,74.01,74.28,9315.997,4295.868
2026-09-26 10:00:00,74.27,74.76,74.27,74.69,10555.128,5765.169
2026-09-26 10:15:00,74.68,75,74.64,74.84,15761.662,8219.913
2026-09-26 10:30:00,74.84,74.84,74.03,74.33,16711.054,5489.682
2026-09-26 10:45:00,74.34,74.45,73.31,73.4,20358.993,8000.934
2026-09-26 11:00:00,73.41,73.85,73.37,73.58,8923.975,5583.591
2026-09-26 11:15:00,73.58,73.63,73.13,73.48,7933.713,3930.255
2026-09-26 11:30:00,73.49,73.5,73.14,73.2,5379.121,1793.119
2026-09-26 11:45:00,73.2,73.33,73.08,73.14,5276.401,1755.607
2026-09-26 12:00:00,73.15,73.27,72.89,73.07,8286.078,3383.448
2026-09-26 12:15:00,73.07,73.27,72.62,72.77,9439.184,4811.939
2026-09-26 12:30:00,72.77,72.95,72.65,72.76,5475.485,2627.326
2026-09-26 12:45:00,72.77,72.9,72.72,72.87,2022.841,1009.465
2026-09-26 13:00:00,72.87,73.05,72.42,72.44,5753.7,2661.593
2026-09-26 13:15:00,72.45,72.57,72.12,72.36,9288.932,4883.795
2026-09-26 13:30:00,72.36,72.48,72.01,72.16,7143.737,3357.451
2026-09-26 13:45:00,72.16,72.28,71.95,72.09,7620.819,3811.46
2026-09-26 14:00:00,72.08,72.32,71.92,72.26,5872.265,3071.365
2026-09-26 14:15:00,72.27,72.57,72.17,72.36,4830.524,2259.679
2026-09-26 14:30:00,72.36,72.74,72.33,72.62,8101.471,3859.147
2026-09-26 14:45:00,72.63,73.03,72.62,72.92,4084.175,2725.554
2026-09-26 15:00:00,72.92,72.97,72.72,72.8,5121.391,2236.242
2026-09-26 15:15:00,72.8,73.16,72.75,73.14,4407.722,2148.035
2026-09-26 15:30:00,73.15,73.28,72.79,72.84,6197.812,2945.027
2026-09-26 15:45:00,72.84,73.15,72.84,72.99,4761.165,2731.173
2026-09-26 16:00:00,72.99,73.1,72.75,72.79,5297.757,2444.884
2026-09-26 16:15:00,72.79,73.42,72.76,73.1,6953.508,4102.632
2026-09-26 16:30:00,73.09,73.15,72.8,72.9,4789.892,1628.41
2026-09-26 16:45:00,72.89,72.91,72.63,72.72,7128.39,4213.353
2026-09-26 17:00:00,72.73,72.79,72.4,72.53,6413.756,3651.247
2026-09-26 17:15:00,72.52,72.55,72.35,72.39,4878.119,2381.542
2026-09-26 17:30:00,72.39,72.42,72,72.26,6760.108,3868.084
2026-09-26 17:45:00,72.26,72.28,71.8,71.99,6760.931,2126.68
2026-09-26 18:00:00,71.99,72.25,71.91,72.18,2765.724,1610.944
2026-09-26 18:15:00,72.18,72.21,71.91,72.02,3146.022,1802.169
2026-09-26 18:30:00,72.02,72.07,71.7,71.73,5081.736,2493.603
2026-09-26 18:45:00,71.73,71.82,71.57,71.76,7980.74,3974.82
2026-09-26 19:00:00,71.76,72.07,71.76,72.03,3636.303,2391.928
2026-09-26 19:15:00,72.04,72.12,71.93,72.05,2317.562,1343.916
2026-09-26 19:30:00,72.05,72.1,71.87,71.93,3130.608,1111.395
2026-09-26 19:45:00,71.92,71.95,71.77,71.89,4239.425,1766.623
2026-09-26 20:00:00,71.88,71.92,71.42,71.49,6702.173,2837.749
2026-09-26 20:15:00,71.49,71.74,71.42,71.65,3049.061,1627.634
2026-09-26 20:30:00,71.64,71.64,70.93,71.06,8541.963,3092.334
2026-09-26 20:45:00,71.06,71.45,70.9,71.45,6677.814,4054.989
2026-09-26 21:00:00,71.44,71.69,71.39,71.5,1949.812,1085.573
2026-09-26 21:15:00,71.5,72.07,71.49,72.07,5139.733,3470.584
2026-09-26 21:30:00,72.06,72.07,71.89,71.93,2950.928,1651.937
2026-09-26 21:45:00,71.92,71.97,71.75,71.86,3802.401,1623.593
2026-09-26 22:00:00,71.86,72.11,71.68,71.96,5935.866,3089.872
2026-09-26 22:15:00,71.96,72.29,71.85,72.2,5234.734,3171.581
2026-09-26 22:30:00,72.19,72.38,72.01,72.06,2246.71,1149.556
2026-09-26 22:45:00,72.06,72.26,72.06,72.19,1636.947,993.798
2026-09-26 23:00:00,72.19,72.41,72.12,72.24,5129.169,2703.304
2026-09-26 23:15:00,72.23,72.38,72.09,72.35,2995.242,1808.111
2026-09-26 23:30:00,72.35,72.67,72.35,72.61,4564.215,2033.199
2026-09-26 23:45:00,72.62,72.74,72.57,72.58,2620.506,1340.095
2026-09-27 00:00:00,72.57,72.59,71.84,72.01,11006.819,3448.425
2026-09-27 00:15:00,72.01,72.26,71.97,72.17,3383.801,2017.321
2026-09-27 00:30:00,72.16,72.38,72.09,72.22,3463.61,1148.479
2026-09-27 00:45:00,72.22,72.3,71.8,71.92,3703.738,1627.734
2026-09-27 01:00:00,71.92,72.22,71.75,72.17,3194.8,1468.172
2026-09-27 01:15:00,72.16,72.16,71.84,71.95,3499.208,1283.34
2026-09-27 01:30:00,71.95,72.36,71.91,72.33,2921.919,1389.685
2026-09-27 01:45:00,72.34,72.4,71.8,71.88,5246.575,2794.793
2026-09-27 02:00:00,71.89,72.18,71.81,72.08,3640.109,1663.74
2026-09-27 02:15:00,72.08,72.15,71.82,71.82,2025.702,758.637
2026-09-27 02:30:00,71.82,71.91,71.75,71.79,1685.663,924.512
2026-09-27 02:45:00,71.8,71.97,71.77,71.77,1316.564,663.929
2026-09-27 03:00:00,71.77,71.98,71.39,71.59,6099.341,3376.108
2026-09-27 03:15:00,71.59,71.59,71.41,71.47,2101.869,849.855
2026-09-27 03:30:00,71.47,71.48,71.32,71.46,2730.386,1222.93
2026-09-27 03:45:00,71.47,71.56,71.36,71.41,1436.575,425.818
2026-09-27 04:00:00,71.4,71.53,71.09,71.5,5972.068,2641.622
2026-09-27 04:15:00,71.5,71.66,71.41,71.44,3275.019,1851.752
2026-09-27 04:30:00,71.43,71.74,71.42,71.57,4129.131,2086.412
2026-09-27 04:45:00,71.58,71.73,71.53,71.63,1950.442,1071.5
2026-09-27 05:00:00,71.62,72.13,71.6,71.95,3871.068,2687.414
2026-09-27 05:15:00,71.95,71.96,71.8,71.8,2385.836,1164.866
2026-09-27 05:30:00,71.79,72.16,71.79,72.07,2239.899,1247.621
2026-09-27 05:45:00,72.07,72.14,72,72.01,2258.25,944.194
2026-09-27 06:00:00,72.01,72.43,72.01,72.39,2710.109,1557.87
2026-09-27 06:15:00,72.39,72.41,72.01,72.01,4328.653,1998.692
2026-09-27 06:30:00,72.02,72.03,71.73,71.83,4578.827,2104.686
2026-09-27 06:45:00,71.84,72.09,71.83,72,3819.884,2709.813
2026-09-27 07:00:00,72,72.09,71.86,71.89,2381.281,760.799
2026-09-27 07:15:00,71.9,72.02,71.84,71.94,2797.759,1073.888
2026-09-27 07:30:00,71.93,72.16,71.88,71.95,6043.574,4127.974
2026-09-27 07:45:00,71.94,72.12,71.93,72.1,3168.773,1323.505
2026-09-27 08:00:00,72.09,72.16,71.84,72.01,4227.792,1474.797
2026-09-27 08:15:00,72.01,72.01,71.82,71.93,4286.776,2196.922
2026-09-27 08:30:00,71.94,72.33,71.86,71.94,9200.085,3873.033
2026-09-27 08:45:00,71.94,72.07,71.88,72.01,2500.305,757.216
2026-09-27 09:00:00,72.01,72.14,71.65,71.83,4570.302,1723.78
2026-09-27 09:15:00,71.83,72.13,71.81,72.02,4177.708,2490.423
2026-09-27 09:30:00,72.02,72.06,71.83,71.87,3281.894,916.451
2026-09-27 09:45:00,71.87,71.98,71.8,71.92,2754.877,1076.413
2026-09-27 10:00:00,71.91,72.14,71.8,72.14,2642.464,1566.856
2026-09-27 10:15:00,72.14,72.15,71.76,71.79,4206.593,1662.769
2026-09-27 10:30:00,71.79,71.85,71.61,71.65,2630.855,1278.557
2026-09-27 10:45:00,71.66,71.84,71.56,71.57,1904.075,909.667
2026-09-27 11:00:00,71.57,71.64,71.44,71.55,3082.56,1563.786
2026-09-27 11:15:00,71.56,71.72,71.38,71.68,2998.556,1249.917
2026-09-27 11:30:00,71.69,71.72,71.53,71.61,1894.051,657.293
2026-09-27 11:45:00,71.62,71.72,71.57,71.65,2430.829,1307.012
2026-09-27 12:00:00,71.65,71.77,71.62,71.73,3409.507,1082.178
2026-09-27 12:15:00,71.73,71.86,71.69,71.77,3348.16,1569.855
2026-09-27 12:30:00,71.76,71.92,71.71,71.76,1899.673,1302.46
2026-09-27 12:45:00,71.75,71.87,71.39,71.41,3666.074,1055.146
2026-09-27 13:00:00,71.42,71.44,70.63,70.66,17922.413,5598.945
2026-09-27 13:15:00,70.67,71.16,70.67,71.15,4913.414,2917.233
2026-09-27 13:30:00,71.15,71.36,70.86,70.89,5202.981,2678.457
2026-09-27 13:45:00,70.89,71.3,70.74,71.3,5657.811,2448.456
2026-09-27 14:00:00,71.29,71.39,70.95,71.18,3466.864,2495.681
2026-09-27 14:15:00,71.17,71.28,70.83,70.99,5443.65,1523.736
2026-09-27 14:30:00,70.99,71.24,70.88,70.96,5080.946,3554.086
2026-09-27 14:45:00,70.95,70.99,70.32,70.58,10999.213,4182.677
2026-09-27 15:00:00,70.57,70.89,70.35,70.87,8460.42,4258.542
2026-09-27 15:15:00,70.86,71.16,70.84,71.12,4256.307,2307.592
2026-09-27 15:30:00,71.12,71.23,71,71.04,3209.591,1230.271
2026-09-27 15:45:00,71.03,71.18,71.03,71.17,2068.679,496.106
2026-09-27 16:00:00,71.17,71.36,71.09,71.32,1453.859,762.584
2026-09-27 16:15:00,71.31,71.36,71.12,71.23,2138.868,974.385
2026-09-27 16:30:00,71.23,71.3,71.01,71.09,3792.796,988.089
2026-09-27 16:45:00,71.09,71.32,71.09,71.28,2650.696,1216.939
2026-09-27 17:00:00,71.27,71.34,70.95,71.03,2003.786,646.043
2026-09-27 17:15:00,71.03,71.18,71,71.09,1544.314,540.475
2026-09-27 17:30:00,71.09,71.2,71,71.12,2888.579,1828.182
2026-09-27 17:45:00,71.12,71.3,71.11,71.16,3082.869,1928.781
2026-09-27 18:00:00,71.16,71.22,71.04,71.17,2395.91,1219.405
2026-09-27 18:15:00,71.16,71.39,71.15,71.38,2351.632,1071.811
2026-09-27 18:30:00,71.38,71.39,71.24,71.28,1456.057,531.207
2026-09-27 18:45:00,71.28,71.4,71.22,71.3,2173.147,1084.367
2026-09-27 19:00:00,71.3,71.33,71.08,71.13,2063.943,880.601
2026-09-27 19:15:00,71.13,71.29,71.09,71.14,2026.761,1209.276
2026-09-27 19:30:00,71.14,71.26,71.06,71.22,2204.526,783.469
2026-09-27 19:45:00,71.22,71.26,71.08,71.13,968.607,633.832
2026-09-27 20:00:00,71.13,71.39,71.13,71.35,2108.199,794.73
2026-09-27 20:15:00,71.36,71.45,71,71.06,3611.849,1582.211
2026-09-27 20:30:00,71.07,71.32,71.07,71.32,1562.209,703.338
2026-09-27 20:45:00,71.32,71.34,71.1,71.25,1142.466,482.105
2026-09-27 21:00:00,71.25,71.46,71.18,71.45,2267.905,884.382
2026-09-27 21:15:00,71.46,71.62,71.26,71.26,2739.792,1211.646
2026-09-27 21:30:00,71.26,71.27,70.73,70.93,5185.93,2635.129
2026-09-27 21:45:00,70.93,71.14,70.92,71.08,2134.365,1447.924
2026-09-27 22:00:00,71.08,71.14,70.55,70.64,3950.452,1802.131
2026-09-27 22:15:00,70.64,71.02,70.62,70.99,1458.129,273.019
2026-09-27 22:30:00,70.98,70.98,70.46,70.57,2693.154,892.024
2026-09-27 22:45:00,70.57,70.81,70.53,70.78,1697.832,1146.988
2026-09-27 23:00:00,70.77,71.03,70.7,70.79,1737.615,771.733
2026-09-27 23:15:00,70.78,71.25,70.76,71.2,2083.069,804.17
2026-09-27 23:30:00,71.2,71.28,71.08,71.08,2279.92,834.938
2026-09-27 23:45:00,71.09,71.45,71.01,71.28,2080.729,961.878
2026-09-28 00:00:00,71.29,71.32,71.05,71.14,2378.237,1445.275
2026-09-28 00:15:00,71.15,71.41,70.94,70.98,5906.913,2541.644
2026-09-28 00:30:00,70.98,70.98,70.13,70.35,7042.914,2466.674
2026-09-28 00:45:00,70.36,70.6,70.14,70.14,3714.478,1354.592
2026-09-28 01:00:00,70.14,70.54,70.11,70.15,4772.454,2907.822
2026-09-28 01:15:00,70.14,70.47,70.07,70.36,3246.534,1607.272
2026-09-28 01:30:00,70.35,70.44,70.18,70.27,1985.81,1065.396
2026-09-28 01:45:00,70.27,70.52,69.85,70.22,10131.488,4204.005
2026-09-28 02:00:00,70.21,70.64,69.95,70.62,7725.368,4111.505
2026-09-28 02:15:00,70.62,70.69,70.39,70.58,5502.854,3186.149
2026-09-28 02:30:00,70.57,70.59,70.42,70.47,4335.904,1754.149
2026-09-28 02:45:00,70.47,70.93,70.41,70.62,8089.574,2982.59
2026-09-28 03:00:00,70.63,71.06,70.63,70.9,6737.955,3079.188
2026-09-28 03:15:00,70.89,71.2,70.54,70.66,6651.587,2940.064
2026-09-28 03:30:00,70.67,71.04,70.48,70.89,4795.934,2308.552
2026-09-28 03:45:00,70.89,70.98,70.73,70.82,2515.799,1651.823
2026-09-28 04:00:00,70.83,71.11,70.48,71,3587.807,1855.03
2026-09-28 04:15:00,71,71.05,70.81,70.84,2300.942,1182.985
2026-09-28 04:30:00,70.83,70.97,70.77,70.92,3002.57,1294.409
2026-09-28 04:45:00,70.92,71.06,70.8,70.89,2771.462,1570.467
2026-09-28 05:00:00,70.9,71.02,70.72,70.89,4242.355,1868.243
2026-09-28 05:15:00,70.91,70.94,70.58,70.61,4664.796,1741.443
2026-09-28 05:30:00,70.6,71.25,70.11,71.24,43394.141,8060.467
2026-09-28 05:45:00,71.24,71.46,70.57,71.02,11667.036,5346.699
2026-09-28 06:00:00,71.01,71.22,70.84,70.86,8135.553,3913.671
2026-09-28 06:15:00,70.85,71,70.72,70.91,9015.924,4526.234
2026-09-28 06:30:00,70.9,71.08,70.82,71.01,4461.067,2560.552
2026-09-28 06:45:00,70.99,71.06,70.76,70.96,5231.996,3063.85
2026-09-28 07:00:00,70.96,71.38,70.8,70.9,8135.603,4099.605
2026-09-28 07:15:00,70.9,71.1,70,70.13,20956.15,10150.04
2026-09-28 07:30:00,70.13,70.52,70.07,70.33,4928.328,2461.054
2026-09-28 07:45:00,70.33,70.8,70.2,70.28,10539.173,4735.995
2026-09-28 08:00:00,70.29,70.91,70.16,70.87,6483.949,3649.903
2026-09-28 08:15:00,70.86,70.94,70.06,70.13,4673.096,1743.297
2026-09-28 08:30:00,70.14,70.25,69.94,70.15,7000.585,1807.168
2026-09-28 08:45:00,70.14,70.6,70.06,70.43,3760.082,1632.844
2026-09-28 09:00:00,70.43,70.52,69.41,69.97,14417.203,5678.18
2026-09-28 09:15:00,69.96,70.34,69.76,69.78,6662.493,2789.582
2026-09-28 09:30:00,69.76,70.02,69.64,69.79,8684.445,4616.198
2026-09-28 09:45:00,69.8,70.11,69.78,70.11,4113.681,2536.82
2026-09-28 10:00:00,70.12,70.52,70.12,70.35,5360.155,2635.077
2026-09-28 10:15:00,70.35,70.64,70.34,70.56,6895.829,3643.004
2026-09-28 10:30:00,70.57,72.21,70.48,72.05,24074.701,14264.012
2026-09-28 10:45:00,72.04,72.31,71.27,71.34,19986.788,9666.327
2026-09-28 11:00:00,71.35,71.72,71.18,71.58,11513.852,5902.676
2026-09-28 11:15:00,71.57,71.96,71.55,71.74,11494.288,5180.85
2026-09-28 11:30:00,71.74,71.93,71.64,71.8,6193.314,2957.292
2026-09-28 11:45:00,71.81,71.81,70.96,71.33,9155.9,3309.718
2026-09-28 12:00:00,71.33,72.5,71.06,72.3,21432.504,12680.606
2026-09-28 12:15:00,72.29,72.47,71.89,72.22,12356.386,6297.11
2026-09-28 12:30:00,72.23,72.24,70.85,71.03,11230.143,4921.292
2026-09-28 12:45:00,71.03,71.23,70.69,70.87,11665.503,4657.353
2026-09-28 13:00:00,70.86,70.86,70,70.26,18195.186,6113.265
2026-09-28 13:15:00,70.25,70.72,70.11,70.71,10675.328,5878.51
2026-09-28 13:30:00,70.72,70.86,70.31,70.62,8295.183,3204.396
2026-09-28 13:45:00,70.62,70.65,70.11,70.28,8129.584,3877.882
2026-09-28 14:00:00,70.27,70.27,69.78,69.8,14453.159,3602.211
2026-09-28 14:15:00,69.8,70.2,68.68,68.87,23041.488,7733.649
2026-09-28 14:30:00,68.88,69.64,68.86,69.17,15165.455,6016.78
2026-09-28 14:45:00,69.18,69.6,68.84,69.59,11826.176,5667.483
2026-09-28 15:00:00,69.6,69.71,69.01,69.16,9037.193,2933.993
2026-09-28 15:15:00,69.16,69.82,68.87,69.78,9246.254,4112.234
2026-09-28 15:30:00,69.78,70.12,69.57,69.94,6428.178,3277.497
2026-09-28 15:45:00,69.94,70.22,69.92,70.07,8170.147,2744.722
2026-09-28 16:00:00,70.07,70.46,69.97,70.25,4547.88,2316.245
2026-09-28 16:15:00,70.25,70.85,70.12,70.39,6589.595,4055.223
2026-09-28 16:30:00,70.39,70.51,69.71,69.8,7852.813,2892.552
2026-09-28 16:45:00,69.79,70.01,69.36,69.37,5874.37,3431.664
2026-09-28 17:00:00,69.36,69.78,68.77,69.73,16872.324,10368.216
2026-09-28 17:15:00,69.74,69.86,69.29,69.32,6491.12,3588.381
2026-09-28 17:30:00,69.32,69.55,69.15,69.35,3455.21,1879.277
2026-09-28 17:45:00,69.35,69.47,68.98,69.43,5690.77,1544.2
2026-09-28 18:00:00,69.42,69.63,69.32,69.46,3245.028,1766.104
2026-09-28 18:15:00,69.45,69.54,69.3,69.35,2472.48,938.674
2026-09-28 18:30:00,69.35,69.39,69.09,69.37,3082.56,1236.472
2026-09-28 18:45:00,69.37,69.69,69.2,69.52,4790.29,2349.014
2026-09-28 19:00:00,69.52,69.54,69.09,69.24,4940.256,1930.148
2026-09-28 19:15:00,69.23,69.31,69.05,69.08,3932.166,940.151
2026-09-28 19:30:00,69.08,69.1,68.59,68.83,7150.758,2463.491
2026-09-28 19:45:00,68.83,69.06,68.77,68.95,3675.214,1423.411
2026-09-28 20:00:00,68.94,69.02,68.71,68.97,5996.841,2226.459
2026-09-28 20:15:00,68.96,69.35,68.82,69.25,4084.741,2075.724
2026-09-28 20:30:00,69.26,69.44,68.99,69,3697.317,1474.847
2026-09-28 20:45:00,69,69.11,68.86,69.05,2898.295,1303.202
2026-09-28 21:00:00,69.06,69.34,69,69.02,3765.059,1933.632
2026-09-28 21:15:00,69.02,69.1,68.89,69.02,2675.564,1084.15
2026-09-28 21:30:00,69.01,69.59,69.01,69.18,5707.936,2156.666
2026-09-28 21:45:00,69.18,69.18,68.84,68.96,3100.706,1929.158
2026-09-28 22:00:00,68.96,69.08,68.68,68.9,2961.956,1571.251
2026-09-28 22:15:00,68.89,69.12,68.8,68.93,2397.877,1249.917
2026-09-28 22:30:00,68.94,69.23,68.88,69.19,2495.319,1182.977
2026-09-28 22:45:00,69.19,69.22,69.07,69.16,5123.777,1605.716
2026-09-28 23:00:00,69.15,69.28,68.96,68.98,3027.464,1176.406
2026-09-28 23:15:00,68.99,69.28,68.99,69.19,1636.621,1166.255
2026-09-28 23:30:00,69.19,69.2,69.06,69.18,1869.694,1070.151
2026-09-28 23:45:00,69.18,69.3,69.13,69.24,3285.672,1740.684
2026-09-29 00:00:00,69.24,69.24,68.98,69.15,2688.194,1290.247
2026-09-29 00:15:00,69.15,69.17,68.92,69.14,1533.092,741.849
2026-09-29 00:30:00,69.13,69.4,69.07,69.25,3301.298,1808.377
2026-09-29 00:45:00,69.25,69.25,68.63,68.66,2520.092,964.496
2026-09-29 01:00:00,68.65,68.95,68.19,68.24,5866.585,2527.09
2026-09-29 01:15:00,68.23,68.49,67.6,67.63,14128.524,6745.389
2026-09-29 01:30:00,67.64,67.93,67.34,67.72,7656.191,2522.474
2026-09-29 01:45:00,67.73,68.09,67.72,67.86,3373.702,1576.752
2026-09-29 02:00:00,67.86,68.01,67.52,67.54,5651.538,2750.27
2026-09-29 02:15:00,67.54,67.8,67.32,67.38,4414.392,1558.645
2026-09-29 02:30:00,67.38,67.5,67.01,67.49,11691.43,5498.889
2026-09-29 02:45:00,67.5,67.67,67.44,67.61,3559.482,1767.158
2026-09-29 03:00:00,67.6,67.83,67.46,67.65,5064.382,2703.089
2026-09-29 03:15:00,67.64,68.07,67.55,68.04,4420.418,3146.076
2026-09-29 03:30:00,68.03,68.12,67.82,67.91,1969.428,1229.328
2026-09-29 03:45:00,67.91,68,67.77,67.84,1087.512,637.406
2026-09-29 04:00:00,67.84,68.02,67.64,67.96,1625.522,816.144
2026-09-29 04:15:00,67.96,68.21,67.88,68.01,4560.837,2973.076
2026-09-29 04:30:00,68.01,68.32,67.96,68.08,5131.509,3591.349
2026-09-29 04:45:00,68.07,68.1,67.73,67.83,3423.133,1671.827
2026-09-29 05:00:00,67.82,68.02,67.68,67.83,3522.558,1919.647
2026-09-29 05:15:00,67.84,68.11,67.76,68.04,3754.801,1965.785
2026-09-29 05:30:00,68.03,68.14,67.54,68.05,4584.864,2790.334
2026-09-29 05:45:00,68.03,68.26,67.88,68.11,2426.095,993.911
2026-09-29 06:00:00,68.11,68.4,68.07,68.39,4630.239,3148.014
2026-09-29 06:15:00,68.38,68.39,68,68.19,5470.247,2635.793
2026-09-29 06:30:00,68.19,68.46,68.18,68.43,3456.281,2211.692
2026-09-29 06:45:00,68.43,68.65,68.35,68.61,4103.95,2191.51
2026-09-29 07:00:00,68.61,68.82,68.46,68.77,6853.883,2517.551
2026-09-29 07:15:00,68.77,68.85,68.64,68.79,5617.238,3405.392
2026-09-29 07:30:00,68.78,68.91,68.5,68.72,8366.849,3103.267
2026-09-29 07:45:00,68.72,68.9,68.67,68.8,5301.189,2991.551
2026-09-29 08:00:00,68.81,68.82,68.5,68.59,6945.345,3143.598
2026-09-29 08:15:00,68.59,69.16,68.59,68.93,6116.664,3709.576
2026-09-29 08:30:00,68.92,68.94,68.42,68.43,6293.89,2002.307
2026-09-29 08:45:00,68.43,68.57,68.26,68.43,6561.93,2320.588
2026-09-29 09:00:00,68.43,68.49,68.3,68.44,4939.49,3309.41
2026-09-29 09:15:00,68.44,68.63,68.28,68.43,5795.374,1970.474
2026-09-29 09:30:00,68.42,68.62,68.39,68.59,4025.953,1097.756
2026-09-29 09:45:00,68.59,68.84,68.58,68.75,3919.919,2276.771
2026-09-29 10:00:00,68.76,68.88,68.69,68.78,2141.107,1164.829
2026-09-29 10:15:00,68.78,68.83,68.69,68.7,2725.826,1747.954
2026-09-29 10:30:00,68.71,68.73,68.52,68.59,7440.085,1426.265
2026-09-29 10:45:00,68.59,68.78,68.59,68.74,2661.353,1455.205
2026-09-29 11:00:00,68.74,68.76,68.6,68.65,2401.327,1473.189
2026-09-29 11:15:00,68.65,68.74,68.58,68.68,3623.863,2279.579
2026-09-29 11:30:00,68.68,69.09,68.66,69.05,6335.952,2777.136
2026-09-29 11:45:00,69.04,69.29,68.99,69.03,6548.318,3379.689
2026-09-29 12:00:00,69.02,69.16,68.89,69.07,5529.362,2887.97
2026-09-29 12:15:00,69.06,69.31,68.76,68.78,10675.782,3783.663
2026-09-29 12:30:00,68.77,68.93,68.61,68.61,11518.651,5890.502
2026-09-29 12:45:00,68.61,68.8,68.47,68.73,6866.971,3938.422
2026-09-29 13:00:00,68.73,68.76,68.51,68.64,5973.88,2194.189
2026-09-29 13:15:00,68.65,68.89,68.52,68.82,4341.503,1600.499
2026-09-29 13:30:00,68.83,68.83,67.86,68.04,14652.709,4501.01
2026-09-29 13:45:00,68.04,68.54,67.86,68.34,7342.735,2513.672
2026-09-29 14:00:00,68.35,68.44,68.08,68.13,5447.481,2359.104
2026-09-29 14:15:00,68.14,68.63,68.08,68.5,4856.994,3062.674
2026-09-29 14:30:00,68.5,68.73,68.29,68.53,3969.233,2045.443
2026-09-29 14:45:00,68.54,68.66,68.32,68.45,7263.502,3003.675
2026-09-29 15:00:00,68.45,68.45,67.62,67.92,9670.653,4354.843
2026-09-29 15:15:00,67.92,68.05,67.01,67.41,16561.332,6786.023
2026-09-29 15:30:00,67.4,67.79,67.22,67.63,9225.246,4732.347
2026-09-29 15:45:00,67.63,67.82,67.35,67.46,5174.683,2672.335
2026-09-29 16:00:00,67.46,67.71,67.41,67.55,4819.702,2079.078
2026-09-29 16:15:00,67.54,67.91,67.51,67.87,4025.063,1744.154
2026-09-29 16:30:00,67.87,68.01,67.59,67.59,2812.046,1334.871
2026-09-29 16:45:00,67.58,67.89,67.43,67.89,3391.278,1646.08
2026-09-29 17:00:00,67.89,67.9,67.49,67.55,4507.889,1593.52
2026-09-29 17:15:00,67.55,67.57,67.17,67.56,4402.492,2246.857
2026-09-29 17:30:00,67.57,67.61,67.39,67.49,3230.706,1738.968
2026-09-29 17:45:00,67.49,67.56,66.59,67.12,12426.858,5043.451
2026-09-29 18:00:00,67.12,67.37,67.12,67.27,2651.829,1609.004
2026-09-29 18:15:00,67.27,67.48,67.25,67.26,3702.028,1693.958
2026-09-29 18:30:00,67.25,67.73,67.24,67.67,4303.001,1962.25
2026-09-29 18:45:00,67.68,67.76,67.53,67.56,2510.798,1772.586
2026-09-29 19:00:00,67.56,67.68,67.47,67.5,3277.963,1438.24
2026-09-29 19:15:00,67.51,67.69,67.42,67.56,2066.314,1034.801
2026-09-29 19:30:00,67.57,67.79,67.52,67.56,2988.644,1549.394
2026-09-29 19:45:00,67.56,67.72,67.28,67.28,2717.496,1194.01
2026-09-29 20:00:00,67.29,67.62,67.15,67.37,7317.116,4231.827
2026-09-29 20:15:00,67.37,67.7,67.34,67.55,2362.969,1435.797
2026-09-29 20:30:00,67.55,67.56,67.26,67.33,2431.008,1654.871
2026-09-29 20:45:00,67.34,67.4,67.25,67.32,1694.038,703.069
2026-09-29 21:00:00,67.31,67.43,67.18,67.35,2943.683,1840.054
2026-09-29 21:15:00,67.35,67.37,67.08,67.29,4131.358,2336.636
2026-09-29 21:30:00,67.3,67.35,67.14,67.21,2528.895,1044.361
2026-09-29 21:45:00,67.21,67.23,67.03,67.13,2085.526,894.204
2026-09-29 22:00:00,67.13,67.24,67.06,67.18,3188.696,1785.055
2026-09-29 22:15:00,67.17,67.19,67.02,67.06,2444.935,932.979
2026-09-29 22:30:00,67.05,67.07,66.93,67.07,1804.359,765.984
2026-09-29 22:45:00,67.06,67.2,67.03,67.07,1299.141,857.606
2026-09-29 23:00:00,67.06,67.25,67.03,67.15,1594.203,640.778
2026-09-29 23:15:00,67.14,67.14,66.96,66.97,2135.3,1194.185
2026-09-29 23:30:00,66.96,66.98,66.73,66.8,3117.363,1462.037
2026-09-29 23:45:00,66.8,66.9,66.73,66.83,2730.071,1608.68
2026-09-30 00:00:00,66.84,66.87,66.51,66.57,3512.49,1744.785
2026-09-30 00:15:00,66.58,66.8,66.51,66.8,3426.442,2652.14
2026-09-30 00:30:00,66.8,66.89,66.69,66.86,1532.039,618.145
2026-09-30 00:45:00,66.86,67.03,66.7,67.02,3358.721,2423.174
2026-09-30 01:00:00,67.03,67.32,66.97,67.17,4320.169,2080.439
2026-09-30 01:15:00,67.18,67.34,67.11,67.2,2172.776,1369.013
2026-09-30 01:30:00,67.2,67.5,67.15,67.5,3689.535,1695.116
2026-09-30 01:45:00,67.49,67.55,67.33,67.37,4245.337,1979.822
2026-09-30 02:00:00,67.38,67.38,67.04,67.09,2663.572,1524.731
2026-09-30 02:15:00,67.09,67.36,67.05,67.16,1945.034,1180.973
2026-09-30 02:30:00,67.17,67.36,67.11,67.31,1267.501,525.488
2026-09-30 02:45:00,67.3,67.4,67.12,67.16,3211.646,1411.277
2026-09-30 03:00:00,67.17,67.24,67.02,67.06,1685.68,867.968
2026-09-30 03:15:00,67.06,67.11,66.81,67.01,3267.695,1867.956
2026-09-30 03:30:00,67,67.18,66.86,67.05,2851.512,1363.629
2026-09-30 03:45:00,67.04,67.13,66.92,67.05,2388.117,1311.336
2026-09-30 04:00:00,67.05,67.3,67.02,67.15,1891.008,1135.643
2026-09-30 04:15:00,67.15,67.3,67.15,67.22,2377.932,1374.711
2026-09-30 04:30:00,67.23,67.25,67.07,67.12,1563.522,999.196
2026-09-30 04:45:00,67.12,67.18,67.01,67.05,851.693,513.553
2026-09-30 05:00:00,67.05,67.26,66.96,66.96,2157.389,819.974
2026-09-30 05:15:00,66.95,67.27,66.88,67.26,7056.642,5285.239
2026-09-30 05:30:00,67.26,67.37,67.2,67.33,1838.853,1363.852
2026-09-30 05:45:00,67.33,67.35,67.12,67.2,2098.856,836.506
2026-09-30 06:00:00,67.2,67.3,66.92,66.94,1668.724,964.394
2026-09-30 06:15:00,66.93,67.01,66.67,66.86,3064.553,1215.626
2026-09-30 06:30:00,66.85,67.37,66.74,66.88,16078.293,12261.893
2026-09-30 06:45:00,66.88,66.88,66.61,66.62,3122.582,1251.718
2026-09-30 07:00:00,66.61,66.75,66.52,66.6,2839.368,1556.878
2026-09-30 07:15:00,66.6,66.84,66.37,66.72,4155.436,2089.247
2026-09-30 07:30:00,66.72,67,66.66,66.98,2318.809,1377.1
2026-09-30 07:45:00,66.98,67.05,66.87,66.89,4230.564,1925.183
2026-09-30 08:00:00,66.89,66.93,66.74,66.83,1703.657,1272.339
2026-09-30 08:15:00,66.84,66.93,66.73,66.74,3540.868,1766.35
2026-09-30 08:30:00,66.73,66.77,66.6,66.75,2739.845,1639.646
2026-09-30 08:45:00,66.75,66.95,66.74,66.79,3290.356,2188.47
2026-09-30 09:00:00,66.78,67.02,66.75,66.97,3996.156,2795.03
2026-09-30 09:15:00,66.97,67.17,66.95,67.11,2561.109,1363.054
2026-09-30 09:30:00,67.11,67.4,67.06,67.26,4031.757,2089.993
2026-09-30 09:45:00,67.26,67.26,67.08,67.12,3394.413,1610.968
2026-09-30 10:00:00,67.13,67.33,67.13,67.23,4092.49,2637.25
2026-09-30 10:15:00,67.22,67.33,67.08,67.18,12354.545,3221.235
2026-09-30 10:30:00,67.18,67.47,67.17,67.35,4702.254,2621.639
2026-09-30 10:45:00,67.36,67.56,67.31,67.48,6302.513,3142.995
2026-09-30 11:00:00,67.49,67.5,67.09,67.46,5891.539,2763.213
2026-09-30 11:15:00,67.47,67.71,67.35,67.58,4841.905,2280.213
2026-09-30 11:30:00,67.57,67.77,67.5,67.75,3488.626,2024.381
2026-09-30 11:45:00,67.75,67.85,67.57,67.67,5777.82,2722.75
2026-09-30 12:00:00,67.66,67.74,67.47,67.55,3427.807,1445.865
2026-09-30 12:15:00,67.54,67.57,66.99,67.19,5985.605,2751.729
2026-09-30 12:30:00,67.19,68.08,67.1,68.02,15522.782,7329.748
2026-09-30 12:45:00,68.03,68.25,67.86,68.22,14502.465,5588.45
2026-09-30 13:00:00,68.22,68.28,68,68.01,13266.703,4633.398
2026-09-30 13:15:00,68.03,68.22,67.8,67.95,14729.271,4077.258
2026-09-30 13:30:00,67.95,68.16,66.81,67.27,17939.273,4438.757
2026-09-30 13:45:00,67.27,67.55,67.21,67.44,8868.976,5291.942
2026-09-30 14:00:00,67.44,67.57,67.04,67.25,10052.765,4154.758
2026-09-30 14:15:00,67.25,67.28,66.58,66.66,12538.211,5585.549
2026-09-30 14:30:00,66.66,66.74,66.21,66.44,16739.813,6009.386
2026-09-30 14:45:00,66.43,66.71,66.39,66.59,5715.916,1892.118
2026-09-30 15:00:00,66.59,67.06,66.56,66.91,5850.795,1933.982
2026-09-30 15:15:00,66.91,66.96,66.56,66.91,5803.087,1934.931
2026-09-30 15:30:00,66.91,67.17,66.91,66.98,4991.124,1255.261
2026-09-30 15:45:00,66.98,67.2,66.97,67.13,3268.727,1687.073
2026-09-30 16:00:00,67.13,67.48,67.06,67.41,6406.259,3468.073
2026-09-30 16:15:00,67.41,67.41,67.18,67.3,6177.387,2766.763
2026-09-30 16:30:00,67.31,67.49,67.17,67.49,4140.946,1667.643
2026-09-30 16:45:00,67.49,67.56,67.35,67.43,5183.682,2433.712
2026-09-30 17:00:00,67.43,67.45,67.22,67.32,6320.076,3280.148
2026-09-30 17:15:00,67.32,67.32,66.81,66.99,6068.834,2132.669
2026-09-30 17:30:00,66.98,66.98,66.68,66.76,7994.5,3393.865
2026-09-30 17:45:00,66.77,66.91,66.63,66.63,6578.327,2605.614
2026-09-30 18:00:00,66.63,66.73,66.41,66.47,9443.997,3789.778
2026-09-30 18:15:00,66.46,66.65,66.41,66.5,4823.624,1992.365
2026-09-30 18:30:00,66.51,66.58,65.63,65.83,14667.929,4821.247
2026-09-30 18:45:00,65.83,66.16,65.83,66.16,9651.321,5243.409
2026-09-30 19:00:00,66.16,66.38,66.07,66.22,5440.792,2976.273
2026-09-30 19:15:00,66.21,66.21,66,66.19,5246.598,3556.708
2026-09-30 19:30:00,66.18,66.39,66.13,66.34,4758.636,2650.415
2026-09-30 19:45:00,66.34,66.39,66.12,66.29,3137.453,1623.847
2026-09-30 20:00:00,66.3,66.46,66.18,66.41,3584.66,2071.352
2026-09-30 20:15:00,66.42,66.74,66.35,66.65,4799.196,3625.688
2026-09-30 20:30:00,66.65,66.66,66.46,66.52,3282.173,1810.981
2026-09-30 20:45:00,66.52,66.58,66.42,66.57,2994.752,1963.094
2026-09-30 21:00:00,66.57,66.65,66.51,66.58,1674.657,925.346
2026-09-30 21:15:00,66.57,66.69,66.5,66.66,2467.309,1073.517
2026-09-30 21:30:00,66.67,66.73,66.54,66.68,2389.017,1366.263
2026-09-30 21:45:00,66.69,66.88,66.68,66.79,7103.284,1538.396
2026-09-30 22:00:00,66.8,66.93,66.56,66.87,3434.584,1585.632
2026-09-30 22:15:00,66.88,67.28,66.88,67.28,1567.247,960.475
2026-09-30 22:30:00,67.27,67.43,67.26,67.43,2308.645,915.755
2026-09-30 22:45:00,67.42,67.43,67.13,67.14,2448.626,1294.514
2026-09-30 23:00:00,67.13,67.37,66.87,66.98,2783.25,1521.855
2026-09-30 23:15:00,66.97,67.16,66.96,67.04,1467.391,785.385
2026-09-30 23:30:00,67.03,67.21,66.9,67.17,2504.447,1535.373
2026-09-30 23:45:00,67.18,67.36,67.13,67.25,4517.128,1872.329
2026-10-01 00:00:00,67.25,67.26,67.08,67.2,2495.216,927.57
2026-10-01 00:15:00,67.2,67.28,67.08,67.24,2574.884,1079.587
2026-10-01 00:30:00,67.24,67.44,67.15,67.42,2310.782,1259.577
2026-10-01 00:45:00,67.42,67.49,67.15,67.29,6404.417,3918.014
2026-10-01 01:00:00,67.29,67.6,67.28,67.48,3864.305,2578.879
2026-10-01 01:15:00,67.48,67.59,67.4,67.43,5103.868,2190.818
2026-10-01 01:30:00,67.42,67.46,67.16,67.19,2638.94,809.837
2026-10-01 01:45:00,67.19,67.28,67.05,67.05,3750.971,2163.78
2026-10-01 02:00:00,67.05,67.25,66.93,67.11,938.718,492.023
2026-10-01 02:15:00,67.11,67.11,66.87,67.09,1523.59,592.859
2026-10-01 02:30:00,67.1,67.26,67.05,67.14,1936.206,802.567
2026-10-01 02:45:00,67.13,67.44,67.06,67.42,2695.914,1011.096
2026-10-01 03:00:00,67.42,67.6,67.33,67.37,3588.788,1296.692
2026-10-01 03:15:00,67.38,67.48,67.18,67.25,1732.258,831.134
2026-10-01 03:30:00,67.24,67.7,67.17,67.64,1748.829,1068.373
2026-10-01 03:45:00,67.63,67.64,67.43,67.54,2683.522,982.833
2026-10-01 04:00:00,67.55,67.62,67.45,67.46,1484.518,768.508
2026-10-01 04:15:00,67.45,67.56,67.21,67.49,1637.641,692.655
2026-10-01 04:30:00,67.48,67.52,67.33,67.48,1249.282,598.868
2026-10-01 04:45:00,67.47,67.74,67.44,67.55,2747.048,1185.174
2026-10-01 05:00:00,67.55,67.72,67.5,67.62,2198.427,1137.66
2026-10-01 05:15:00,67.62,67.64,67.44,67.45,2389.92,1401.232
2026-10-01 05:30:00,67.45,67.51,67.29,67.29,1890.54,1026.566
2026-10-01 05:45:00,67.29,67.41,67.25,67.37,3472.419,1806.799
2026-10-01 06:00:00,67.38,67.45,67.28,67.32,1890.391,816.72
2026-10-01 06:15:00,67.32,67.45,67.3,67.43,1142.108,709.905
2026-10-01 06:30:00,67.42,67.44,67.12,67.22,2162.952,927.601
2026-10-01 06:45:00,67.22,67.46,67.21,67.42,4211.861,2471.567
2026-10-01 07:00:00,67.41,67.48,67.19,67.21,2871.506,1751.798
2026-10-01 07:15:00,67.21,67.29,66.71,66.83,6028.304,3119.016
2026-10-01 07:30:00,66.83,67.15,66.81,67.03,4439.076,2573.64
2026-10-01 07:45:00,67.02,67.11,66.94,66.99,2885.668,1295.415
2026-10-01 08:00:00,66.99,67.14,66.85,66.88,3767.349,2259.808
2026-10-01 08:15:00,66.87,67.2,66.82,67.08,2313.086,1227.857
2026-10-01 08:30:00,67.08,67.14,66.86,67.07,2132.374,698.489
2026-10-01 08:45:00,67.08,67.32,67.02,67.2,4254.645,3506.28
2026-10-01 09:00:00,67.2,67.43,67.1,67.41,2787.125,1944.933
2026-10-01 09:15:00,67.4,67.41,67.25,67.29,2425.57,1112.321
2026-10-01 09:30:00,67.29,67.38,67.13,67.14,2536.341,1049.583
2026-10-01 09:45:00,67.13,67.18,66.96,67.11,2015.265,930.692
2026-10-01 10:00:00,67.12,67.12,66.61,66.91,5092.568,1865.58
2026-10-01 10:15:00,66.91,67.1,66.88,67.09,3088.244,1726.976
2026-10-01 10:30:00,67.09,67.36,67.07,67.32,2175.592,1286.344
2026-10-01 10:45:00,67.32,67.58,67.29,67.49,3342.188,1722.639
2026-10-01 11:00:00,67.48,67.48,67.19,67.2,1381.954,567.81
2026-10-01 11:15:00,67.19,67.25,67.13,67.18,1293.992,621.501
2026-10-01 11:30:00,67.18,67.27,67.07,67.16,1961.33,816.866
2026-10-01 11:45:00,67.15,67.37,67.12,67.29,2627.426,1502.791
2026-10-01 12:00:00,67.29,67.36,67.12,67.13,3681.466,2173.585
2026-10-01 12:15:00,67.13,67.13,66.95,67.01,2417.062,1065.496
2026-10-01 12:30:00,67.01,67.2,66.97,67.06,5137.988,3224.487
2026-10-01 12:45:00,67.05,67.12,67,67.1,2203.26,824.562
2026-10-01 13:00:00,67.09,67.19,66.55,66.73,9846.585,3202.636
2026-10-01 13:15:00,66.75,66.91,66.56,66.86,6098.301,1980.204
2026-10-01 13:30:00,66.86,67.18,66.86,66.98,7488.904,3419.797
2026-10-01 13:45:00,66.99,67.25,66.93,67.13,4469.177,2800.872
2026-10-01 14:00:00,67.12,67.15,66.86,66.92,4426.388,2223.884
2026-10-01 14:15:00,66.91,67.29,66.86,67.17,3887.929,1782.512
2026-10-01 14:30:00,67.16,67.43,67.05,67.12,5238.019,2600.247
2026-10-01 14:45:00,67.12,67.24,66.95,67.12,2838.764,1639.73
2026-10-01 15:00:00,67.13,67.23,66.76,67.14,4054.975,2485.973
2026-10-01 15:15:00,67.14,67.3,67.11,67.21,3509.056,1883.767
2026-10-01 15:30:00,67.21,67.21,66.95,67.03,2779.771,1291.496
2026-10-01 15:45:00,67.04,67.28,66.98,67.01,2707.202,1522.392
2026-10-01 16:00:00,67.02,67.17,66.93,67.17,2706.945,1856.802
2026-10-01 16:15:00,67.17,67.22,67.04,67.08,1548.337,926.246
2026-10-01 16:30:00,67.08,67.29,66.9,66.96,4139.288,1801.542
2026-10-01 16:45:00,66.97,67.32,66.88,66.95,5572.668,3109.343
2026-10-01 17:00:00,66.95,67.25,66.95,67.18,2480.704,1154.263
2026-10-01 17:15:00,67.19,67.69,67.19,67.68,5094.44,2978.924
2026-10-01 17:30:00,67.69,67.9,67.51,67.87,6681.788,4661.052
2026-10-01 17:45:00,67.87,67.99,67.58,67.77,7615.523,4119.212
2026-10-01 18:00:00,67.77,67.8,67.55,67.74,2326.749,933.991
2026-10-01 18:15:00,67.74,67.92,67.67,67.85,3688.654,1515.516
2026-10-01 18:30:00,67.85,68.05,67.73,67.79,3761.381,1309.803
2026-10-01 18:45:00,67.79,67.85,67.63,67.85,3450.71,1380.697
2026-10-01 19:00:00,67.85,68.03,67.73,67.91,3184.497,1384.005
2026-10-01 19:15:00,67.9,67.91,67.5,67.5,3271.017,1232.142
2026-10-01 19:30:00,67.51,68,67.49,67.96,3949.47,2238.375
2026-10-01 19:45:00,67.96,68.34,67.96,68.15,11868.442,5712.294
2026-10-01 20:00:00,68.16,68.38,68.06,68.24,5461.704,2088.85
2026-10-01 20:15:00,68.24,68.39,68.19,68.28,4936.441,2037.561
2026-10-01 20:30:00,68.28,68.65,68.28,68.54,14435.424,8786.865
2026-10-01 20:45:00,68.54,68.59,68.32,68.48,8792.066,5779.091
2026-10-01 21:00:00,68.47,68.67,68.44,68.5,11277.446,6573.976
2026-10-01 21:15:00,68.49,68.59,68.29,68.42,5537.81,2340.482
2026-10-01 21:30:00,68.42,68.42,68.01,68.02,5773.694,3559.682
2026-10-01 21:45:00,68.02,68.56,68.01,68.53,4284.471,2852.926
2026-10-01 22:00:00,68.52,68.7,68.17,68.22,3811.361,1960.817
2026-10-01 22:15:00,68.21,68.24,68.09,68.18,2821.889,911.628
2026-10-01 22:30:00,68.17,68.3,68.12,68.2,4964.228,2504.705
2026-10-01 22:45:00,68.2,68.25,68.04,68.24,5232.989,3168.926
2026-10-01 23:00:00,68.25,68.36,68,68.06,4941.969,2450.77
2026-10-01 23:15:00,68.06,68.2,68.04,68.05,1704.759,632.251
2026-10-01 23:30:00,68.05,68.15,68.01,68.1,1191.377,547.105
2026-10-01 23:45:00,68.09,68.14,68,68.12,1626.198,772.351
2026-10-02 00:00:00,68.12,68.49,68.04,68.45,2302.491,1289.88
2026-10-02 00:15:00,68.45,68.99,68.42,68.74,9020.908,3844.04
2026-10-02 00:30:00,68.75,68.85,68.66,68.72,5557.183,2238.378
2026-10-02 00:45:00,68.71,69.2,68.64,69.08,12893.595,8755.62
2026-10-02 01:00:00,69.07,69.42,68.82,68.91,16319.827,10865.054
2026-10-02 01:15:00,68.91,69.02,68.7,68.87,5036.72,1879.396
2026-10-02 01:30:00,68.87,68.95,68.65,68.71,2313.108,1047.056
2026-10-02 01:45:00,68.7,68.83,68.59,68.77,2570.422,1089.34
2026-10-02 02:00:00,68.76,68.98,68.74,68.94,2268.841,1039.514
2026-10-02 02:15:00,68.93,68.97,68.8,68.92,1474.953,844.726
2026-10-02 02:30:00,68.92,68.93,68.74,68.83,2084.895,1301.728
2026-10-02 02:45:00,68.84,69.04,68.83,69,4136.225,2718.526
2026-10-02 03:00:00,69,69.16,68.76,68.8,3043.274,1199.597
2026-10-02 03:15:00,68.8,68.83,68.59,68.64,2606.875,675.276
2026-10-02 03:30:00,68.63,68.86,68.61,68.72,1488.676,730.091
2026-10-02 03:45:00,68.73,68.91,68.68,68.84,835.706,490.564
2026-10-02 04:00:00,68.84,68.9,68.66,68.69,2385.503,921.008
2026-10-02 04:15:00,68.68,69.47,68.66,69.4,3895.964,2105.541
2026-10-02 04:30:00,69.4,69.59,69.36,69.59,5208.691,2499.667
2026-10-02 04:45:00,69.58,69.98,69.51,69.78,6609.354,2988.232
2026-10-02 05:00:00,69.76,69.96,69.6,69.82,4579.862,2371.707
2026-10-02 05:15:00,69.82,70.15,69.74,70.06,7385.911,3669.429
2026-10-02 05:30:00,70.05,70.36,69.76,70.08,9324.763,4705.745
2026-10-02 05:45:00,70.08,70.45,70.07,70.08,6588.135,3105.201
2026-10-02 06:00:00,70.09,70.26,69.93,70.01,8029.317,5046.12
2026-10-02 06:15:00,70.02,70.28,69.85,70.11,5943.857,3017.825
2026-10-02 06:30:00,70.12,70.12,69.85,70.06,5145.268,2663.344
2026-10-02 06:45:00,70.05,70.22,69.98,69.99,3403.742,1951.3
2026-10-02 07:00:00,70,70.34,69.98,70.19,6458.118,4301.295
2026-10-02 07:15:00,70.19,70.23,69.84,69.84,5365.551,1853.294
2026-10-02 07:30:00,69.85,70.07,69.7,70.07,3799.284,2020.919
2026-10-02 07:45:00,70.07,70.27,69.99,70.23,2959.313,1457.068
2026-10-02 08:00:00,70.23,70.29,70,70.06,4216.568,2308.399
2026-10-02 08:15:00,70.06,70.44,70.06,70.32,9413.308,4958.5
2026-10-02 08:30:00,70.32,70.6,70.13,70.52,3702.928,1843.198
2026-10-02 08:45:00,70.51,70.69,70.31,70.36,4768.032,2851.507
2026-10-02 09:00:00,70.37,70.38,69.94,69.94,4333.822,2405.832
2026-10-02 09:15:00,69.95,70.3,69.88,69.96,5689.904,2294.512
2026-10-02 09:30:00,69.95,70.09,69.84,69.93,3620.453,1499.724
2026-10-02 09:45:00,69.94,70.13,69.91,70.1,3437.279,2348.716
2026-10-02 10:00:00,70.1,70.12,69.81,69.82,2829.337,1593.703
2026-10-02 10:15:00,69.83,69.95,69.43,69.7,4889.572,1994.511
2026-10-02 10:30:00,69.7,69.77,69.64,69.72,1830.417,820.284
2026-10-02 10:45:00,69.71,69.81,69.59,69.8,3025.289,1341.17
2026-10-02 11:00:00,69.81,69.88,69.6,69.67,5396.062,1518.028
2026-10-02 11:15:00,69.67,69.74,69.61,69.64,1775.076,861.636
2026-10-02 11:30:00,69.64,69.75,69.52,69.73,4619.311,2260.605
2026-10-02 11:45:00,69.73,69.86,69.64,69.83,2125.773,876.408
2026-10-02 12:00:00,69.82,70.07,69.7,70,2893.337,1982.763
2026-10-02 12:15:00,70,70.23,69.94,70.03,2452.044,1230.74
2026-10-02 12:30:00,70.04,70.36,69.62,69.65,7151.107,3445.129
2026-10-02 12:45:00,69.64,70,69.61,69.88,4417.288,2373.264
2026-10-02 13:00:00,69.87,70.1,69.84,69.86,2767.855,989.926
2026-10-02 13:15:00,69.87,70.31,69.85,70.25,2938.154,1696.173
2026-10-02 13:30:00,70.26,70.37,70.02,70.21,7063.773,2724.086
2026-10-02 13:45:00,70.21,71.12,70.21,71.12,22719.183,12407.379
2026-10-02 14:00:00,71.12,71.31,70.25,70.35,11609.277,4963.204
2026-10-02 14:15:00,70.36,70.43,69.98,70.01,8935.855,3428.317
2026-10-02 14:30:00,70,70.23,69.8,70.2,8699.37,2981.37
2026-10-02 14:45:00,70.2,70.27,69.41,69.7,9309.384,3237.819
2026-10-02 15:00:00,69.71,70.26,69.23,70.17,18672.813,6650.632
2026-10-02 15:15:00,70.16,71,70.05,70.98,23444.059,11736.576
2026-10-02 15:30:00,70.99,71.11,70.63,71.07,11384.214,7194.156
2026-10-02 15:45:00,71.06,71.13,70.77,70.92,8942.82,4507.364
2026-10-02 16:00:00,70.93,70.98,70.36,70.38,6769.776,3469.968
2026-10-02 16:15:00,70.38,70.72,69.6,69.71,12331.747,5142.156
2026-10-02 16:30:00,69.71,70.01,69.64,70.01,3748.93,1901.56
2026-10-02 16:45:00,70.01,70.25,69.81,69.9,5363.987,2721.257
2026-10-02 17:00:00,69.89,70.27,69.85,70.1,3154.94,1759.099
2026-10-02 17:15:00,70.1,70.55,70.08,70.18,7166.738,3365.82
2026-10-02 17:30:00,70.18,70.38,69.61,69.72,6524.656,2892.1
2026-10-02 17:45:00,69.69,70.07,69.61,69.69,4357.03,2172.665
2026-10-02 18:00:00,69.68,69.83,69.5,69.72,5219.091,1939.342
2026-10-02 18:15:00,69.73,69.74,69.11,69.21,6232.292,2863.849
2026-10-02 18:30:00,69.22,69.23,67.51,68.06,29519.765,13185.994
2026-10-02 18:45:00,68.07,68.56,67.52,68.45,11339.488,5970.166
2026-10-02 19:00:00,68.46,68.6,67.95,68.03,6123.9,3166.669
2026-10-02 19:15:00,68.03,68.49,67.89,68.44,8744.51,4087.36
2026-10-02 19:30:00,68.44,68.88,68.34,68.86,4131.691,2061.201
2026-10-02 19:45:00,68.85,68.97,68.65,68.67,2407.362,1421.558
2026-10-02 20:00:00,68.67,68.97,68.67,68.84,3073.35,1174.046
2026-10-02 20:15:00,68.84,68.89,68.61,68.86,3661.531,1679.029
2026-10-02 20:30:00,68.86,69.21,68.72,68.72,5562.871,2900.467
2026-10-02 20:45:00,68.72,68.97,68.58,68.61,3387.391,1584.813
2026-10-02 21:00:00,68.61,69.4,68.6,69.2,5779.846,2105.802
2026-10-02 21:15:00,69.2,69.55,69.17,69.17,16436.117,6939.036
2026-10-02 21:30:00,69.18,69.61,69.14,69.44,5668.627,2917.28
2026-10-02 21:45:00,69.45,69.78,69.31,69.74,1940.448,879.344
2026-10-02 22:00:00,69.74,69.94,69.55,69.57,2118.629,1074.97
2026-10-02 22:15:00,69.56,69.57,69.3,69.42,2246.102,1065.15
2026-10-02 22:30:00,69.42,69.58,69.36,69.47,3703.65,2793.344
2026-10-02 22:45:00,69.46,69.53,69.34,69.42,2261.036,1229.755
2026-10-02 23:00:00,69.42,69.43,69.08,69.08,2734.855,840.46
2026-10-02 23:15:00,69.07,69.5,69.06,69.39,1951.789,1183.282
2026-10-02 23:30:00,69.4,69.7,69.37,69.66,1950.353,1078.725
2026-10-02 23:45:00,69.65,69.94,69.65,69.89,1831.337,1191.905
2026-10-03 00:00:00,69.9,70.44,69.85,70.37,9446.464,5626.555
2026-10-03 00:15:00,70.37,70.95,70.37,70.94,8163.892,3904.612
2026-10-03 00:30:00,70.95,71.36,70.81,71.29,7123.613,4763.067
2026-10-03 00:45:00,71.29,71.29,71.03,71.16,4233.258,2401.992
2026-10-03 01:00:00,71.16,71.16,70.75,70.84,4287.263,2003.821
2026-10-03 01:15:00,70.84,71,70.48,70.55,4754.66,3092.246
2026-10-03 01:30:00,70.55,70.74,70.44,70.6,6257.252,3775.417
2026-10-03 01:45:00,70.59,70.59,70.21,70.25,2680.12,1065.729
2026-10-03 02:00:00,70.26,70.37,70.11,70.17,1858.411,1030.028
2026-10-03 02:15:00,70.17,70.26,70,70.02,3425.019,2263.858
2026-10-03 02:30:00,70.02,70.09,69.92,69.95,2325.08,1195.617
2026-10-03 02:45:00,69.95,70.04,69.84,69.86,2506.709,1186.338
2026-10-03 03:00:00,69.85,69.98,69.63,69.63,2855.081,1285.461
2026-10-03 03:15:00,69.63,69.69,69.08,69.14,3163.655,1957.403
2026-10-03 03:30:00,69.13,69.36,69.04,69.18,3004.295,1605.511
2026-10-03 03:45:00,69.18,69.18,69.05,69.07,1942.18,990.346
2026-10-03 04:00:00,69.06,69.13,68.67,68.82,5307.328,3158.792
2026-10-03 04:15:00,68.83,68.86,68.45,68.66,3202.773,1106.173
2026-10-03 04:30:00,68.67,68.74,68.57,68.7,1513.666,978.927
2026-10-03 04:45:00,68.7,68.92,68.7,68.84,3474.766,1934.317
2026-10-03 05:00:00,68.83,68.99,68.74,68.96,1260.634,737.096
2026-10-03 05:15:00,68.96,69.11,68.95,69.07,1790.525,535.938
2026-10-03 05:30:00,69.07,69.21,69.06,69.12,2315.257,1090.526
2026-10-03 05:45:00,69.13,69.23,69.07,69.14,4057.419,3004.081
2026-10-03 06:00:00,69.15,69.27,69.12,69.23,1319.104,719.555
2026-10-03 06:15:00,69.23,69.37,69.22,69.37,1914.532,814.647
2026-10-03 06:30:00,69.38,69.49,69.31,69.38,1596.711,389.262
2026-10-03 06:45:00,69.38,69.5,69.28,69.49,2349.292,1553.437
2026-10-03 07:00:00,69.49,69.49,69.26,69.36,2031.552,469.843
2026-10-03 07:15:00,69.36,69.38,69.11,69.22,2916.056,765.688
2026-10-03 07:30:00,69.22,69.33,69.11,69.11,3824.745,1849.569
2026-10-03 07:45:00,69.12,69.42,69.11,69.14,3268.023,1571.791
2026-10-03 08:00:00,69.15,69.33,69.12,69.24,2686.803,1717.885
2026-10-03 08:15:00,69.24,69.29,69.14,69.24,1545.473,757.027
2026-10-03 08:30:00,69.25,69.29,69.16,69.25,2312.683,1497.868
2026-10-03 08:45:00,69.26,69.5,69.25,69.42,4933.171,2590.419
2026-10-03 09:00:00,69.41,69.65,69.41,69.42,4269.689,1833.204
2026-10-03 09:15:00,69.43,69.43,68.93,68.96,11271.45,3635.18
2026-10-03 09:30:00,68.96,69.01,68.62,68.66,10501.13,2950.688
2026-10-03 09:45:00,68.66,68.83,68.55,68.59,12397.99,2240.186
2026-10-03 10:00:00,68.59,69.09,68.55,68.9,8969.09,2576.292
2026-10-03 10:15:00,68.89,69.23,68.8,69.18,5339.605,2773.571
2026-10-03 10:30:00,69.17,69.33,69.16,69.21,3356.294,1658.857
2026-10-03 10:45:00,69.22,69.37,69.1,69.32,8933.564,4828.707
2026-10-03 11:00:00,69.31,69.34,69.15,69.29,11537.95,5534.094
2026-10-03 11:15:00,69.29,69.38,69.18,69.29,4934.372,2052.394
2026-10-03 11:30:00,69.3,69.56,69.3,69.37,20655.8,10664.763
2026-10-03 11:45:00,69.37,69.68,69.36,69.65,14204.451,7954.737
2026-10-03 12:00:00,69.66,69.93,69.55,69.84,4037.804,1880.199
2026-10-03 12:15:00,69.83,69.89,69.72,69.78,3075.791,1618.663
2026-10-03 12:30:00,69.79,69.84,69.41,69.44,3660.339,1011.565
2026-10-03 12:45:00,69.45,69.68,69.41,69.51,3435.323,1400.561
2026-10-03 13:00:00,69.52,69.57,69.26,69.34,3022.9,1148.737
2026-10-03 13:15:00,69.34,69.49,69.29,69.48,2274.836,877.901
2026-10-03 13:30:00,69.48,69.7,69.47,69.65,3425.697,1683.386
2026-10-03 13:45:00,69.65,69.82,69.61,69.81,2280.061,930.257
2026-10-03 14:00:00,69.81,69.98,69.61,69.64,2978.307,1063.178
2026-10-03 14:15:00,69.64,69.64,69.52,69.59,3898.897,1224.269
2026-10-03 14:30:00,69.59,69.7,69.37,69.61,8329.161,2732.282
2026-10-03 14:45:00,69.61,69.91,69.61,69.79,3572.957,2004.482
2026-10-03 15:00:00,69.79,69.79,69.47,69.59,5375.939,1566.931
2026-10-03 15:15:00,69.58,69.61,69.41,69.43,2080.134,450.377
2026-10-03 15:30:00,69.43,69.92,69.41,69.88,3222.382,1481.557
2026-10-03 15:45:00,69.89,69.99,69.57,69.6,2833.616,1546.408
2026-10-03 16:00:00,69.6,69.75,69.36,69.63,4600.195,1932.308
2026-10-03 16:15:00,69.62,69.66,69.51,69.62,2527.097,748.129
2026-10-03 16:30:00,69.62,69.65,69.34,69.35,6400.277,2383.317
2026-10-03 16:45:00,69.36,69.37,69.1,69.16,1743.952,974.88
2026-10-03 17:00:00,69.16,69.41,69.15,69.24,3773.879,1414.822
2026-10-03 17:15:00,69.24,69.28,69.01,69.08,3817.462,1624.687
2026-10-03 17:30:00,69.07,69.07,68.73,69.01,9259.534,2537.879
2026-10-03 17:45:00,69.02,69.02,68.84,68.93,3754.59,1402.549
2026-10-03 18:00:00,68.93,69.06,68.87,69.05,2124.846,1031.435
2026-10-03 18:15:00,69.05,69.36,69.05,69.13,9743.467,4298.391
2026-10-03 18:30:00,69.12,69.2,69.02,69.15,2271.219,677.791
2026-10-03 18:45:00,69.15,69.15,68.87,68.99,2429.446,901.966
2026-10-03 19:00:00,68.98,68.98,68.86,68.9,1553.848,669.612
2026-10-03 19:15:00,68.9,69.01,68.85,68.85,1558.704,709.214
2026-10-03 19:30:00,68.86,68.97,68.78,68.83,3311.977,1455.73
2026-10-03 19:45:00,68.82,68.9,68.77,68.83,2189.748,1175.422
2026-10-03 20:00:00,68.83,69.08,68.82,68.97,2360.829,1246.937
2026-10-03 20:15:00,68.96,69.22,68.95,69.14,2116.77,852.634
2026-10-03 20:30:00,69.14,69.24,69.09,69.15,2018.132,734.857
2026-10-03 20:45:00,69.15,69.16,69,69.04,1914.869,417.161
2026-10-03 21:00:00,69.04,69.09,68.89,68.99,1760.052,510.878
2026-10-03 21:15:00,68.99,69,68.83,68.87,1227.211,478.074
2026-10-03 21:30:00,68.88,69.04,68.83,69.02,3707.982,2486.925
2026-10-03 21:45:00,69.02,69.26,69.01,69.24,4897.217,2350.408
2026-10-03 22:00:00,69.25,69.62,69.22,69.57,5194.266,2546.3
2026-10-03 22:15:00,69.58,69.64,69.42,69.63,4172.644,2519.827
2026-10-03 22:30:00,69.63,70.14,69.58,70.02,4159.311,2896.893
2026-10-03 22:45:00,70.03,70.28,69.93,70.17,6554.303,3440.295
2026-10-03 23:00:00,70.16,70.19,69.92,70.06,3290.227,1410.674
2026-10-03 23:15:00,70.06,70.22,70.03,70.15,5017.109,3709.872
2026-10-03 23:30:00,70.15,70.34,69.99,70.28,7417.545,5441.452
2026-10-03 23:45:00,70.28,70.39,70.17,70.29,4390.264,3045.177
2026-10-04 00:00:00,70.29,70.29,69.98,70.13,3290.083,1598.218
2026-10-04 00:15:00,70.14,70.42,70.09,70.4,2596.131,1605.521
2026-10-04 00:30:00,70.4,70.68,70.36,70.65,6325.874,4574.286
2026-10-04 00:45:00,70.65,70.74,70.33,70.7,6150.719,3823.863
2026-10-04 01:00:00,70.69,70.88,70.5,70.62,5112.842,2342.859
2026-10-04 01:15:00,70.63,70.63,69.94,70.12,2821.315,1067.556
2026-10-04 01:30:00,70.13,70.17,69.87,69.97,1395.46,562.885
2026-10-04 01:45:00,69.97,70.01,69.86,69.9,1298.143,823.473
2026-10-04 02:00:00,69.91,70.12,69.79,69.94,1719.514,739.636
2026-10-04 02:15:00,69.94,70.41,69.91,70.36,3409.498,2105.827
2026-10-04 02:30:00,70.36,70.79,70.35,70.75,4889.762,3097.535
2026-10-04 02:45:00,70.74,70.84,70.57,70.59,3854.578,1584.667
2026-10-04 03:00:00,70.59,70.7,70.41,70.65,1035.11,639.883
2026-10-04 03:15:00,70.65,70.65,70.31,70.54,2007.802,1229.7
2026-10-04 03:30:00,70.54,70.69,70.49,70.51,1586.353,801.25
2026-10-04 03:45:00,70.52,70.56,70.33,70.42,1363.973,936.81
2026-10-04 04:00:00,70.43,70.43,70.24,70.34,1758.02,985.119
2026-10-04 04:15:00,70.34,70.48,70.24,70.27,2416.919,1635.452
2026-10-04 04:30:00,70.28,70.35,69.92,69.94,2236.278,1051.503
2026-10-04 04:45:00,69.93,70.46,69.85,70.36,6033.122,3933.767
2026-10-04 05:00:00,70.36,70.43,70.03,70.07,1506.248,509.087
2026-10-04 05:15:00,70.08,70.46,70.03,70.32,2484.709,1071.919
2026-10-04 05:30:00,70.33,70.72,70.33,70.7,2674.69,1657.912
2026-10-04 05:45:00,70.7,70.85,70.56,70.58,1771.452,979.394
2026-10-04 06:00:00,70.58,70.71,70.41,70.46,3152.972,870.645
2026-10-04 06:15:00,70.46,70.53,70.21,70.27,3137.278,603.269
2026-10-04 06:30:00,70.27,70.47,70.26,70.34,1477.186,776.689
2026-10-04 06:45:00,70.34,70.65,70.33,70.42,2251.117,1230.742
2026-10-04 07:00:00,70.42,70.62,70.39,70.49,1470.883,860.087
2026-10-04 07:15:00,70.49,70.5,70.38,70.44,1906.557,956.714
2026-10-04 07:30:00,70.44,70.61,70.38,70.49,2803.504,1749.868
2026-10-04 07:45:00,70.49,70.6,70.46,70.59,1702.15,868.11
2026-10-04 08:00:00,70.59,70.61,70.32,70.32,3824.687,2382.93
2026-10-04 08:15:00,70.32,70.54,70.3,70.46,2240.599,1515.18
2026-10-04 08:30:00,70.47,70.48,70.34,70.4,852.785,540.054
2026-10-04 08:45:00,70.39,70.48,70.37,70.41,1931.646,1455.265
2026-10-04 09:00:00,70.4,70.64,70.39,70.57,1718.261,1235.039
2026-10-04 09:15:00,70.57,70.59,70.35,70.36,2253.152,609.167
2026-10-04 09:30:00,70.37,70.44,70.25,70.38,2344.729,637.763
2026-10-04 09:45:00,70.38,70.46,70.32,70.42,1715.32,1180.764
2026-10-04 10:00:00,70.41,70.62,70.41,70.49,2151.37,1452.473
2026-10-04 10:15:00,70.49,70.51,70.43,70.48,1586.314,738.832
2026-10-04 10:30:00,70.48,70.8,70.48,70.77,1558.313,914.138
2026-10-04 10:45:00,70.77,70.8,70.63,70.79,1561.304,952.097
2026-10-04 11:00:00,70.79,70.96,70.61,70.68,1735.707,1067.377
2026-10-04 11:15:00,70.69,71.01,70.68,71.01,3201.879,1941.131
2026-10-04 11:30:00,71,71.06,70.82,70.82,4317.358,2344.943
2026-10-04 11:45:00,70.81,71.18,70.79,71.17,2679.146,1732.122
2026-10-04 12:00:00,71.17,71.22,70.95,70.96,5218.445,1480.383
2026-10-04 12:15:00,70.96,71.05,70.85,70.89,2005.512,1074.688
2026-10-04 12:30:00,70.89,71.26,70.88,71.23,2463.157,1595.768
2026-10-04 12:45:00,71.22,71.34,71.13,71.15,6274.593,3201.24
2026-10-04 13:00:00,71.15,71.19,71.03,71.04,1387.294,579.661
2026-10-04 13:15:00,71.03,71.18,70.96,71.16,1714.45,1066.48
2026-10-04 13:30:00,71.16,71.37,70.95,70.97,2850.904,1547.87
2026-10-04 13:45:00,70.97,71.16,70.97,71.06,1735.538,945.602
2026-10-04 14:00:00,71.07,71.15,70.9,71.07,3292.753,1751.346
2026-10-04 14:15:00,71.06,71.07,70.76,70.93,2993.456,1652.517
2026-10-04 14:30:00,70.93,71.5,70.89,71.39,6864.883,3572.452
2026-10-04 14:45:00,71.39,72.3,71.39,72.1,13268.679,8806.366
2026-10-04 15:00:00,72.11,72.14,71.78,71.96,3961.268,2222.347
2026-10-04 15:15:00,71.96,71.96,71.58,71.61,9408.853,4930.165
2026-10-04 15:30:00,71.61,72.07,71.58,71.65,13179.537,6407.505
2026-10-04 15:45:00,71.64,71.95,71.62,71.77,3172.006,1948.247
2026-10-04 16:00:00,71.78,71.83,71.51,71.54,15086.848,7589.156
2026-10-04 16:15:00,71.55,71.56,71.26,71.36,9224.159,5165.743
2026-10-04 16:30:00,71.36,71.48,71.17,71.17,7052.89,3098.794
2026-10-04 16:45:00,71.18,71.4,71.09,71.17,4100.2,2423.051
2026-10-04 17:00:00,71.17,71.26,71.07,71.13,3318.262,1873.24
2026-10-04 17:15:00,71.13,71.47,71.03,71.36,3426.139,1798.291
2026-10-04 17:30:00,71.36,71.44,71.06,71.13,2251.97,1186.123
2026-10-04 17:45:00,71.12,71.22,71.01,71.08,3694.983,704.583
2026-10-04 18:00:00,71.07,71.25,70.95,71.05,2674.386,1197.496
2026-10-04 18:15:00,71.05,71.21,71.05,71.19,1520.899,1120.537
2026-10-04 18:30:00,71.18,71.32,71.14,71.32,1039.631,581.276
2026-10-04 18:45:00,71.32,71.47,71.24,71.32,2784.537,1047.306
2026-10-04 19:00:00,71.32,71.4,71.23,71.33,2460.4,1622.32
2026-10-04 19:15:00,71.33,71.45,71.19,71.2,1994.509,1095.742
2026-10-04 19:30:00,71.19,71.36,71.17,71.3,1570.662,748.344
2026-10-04 19:45:00,71.31,71.31,71.14,71.21,1007.748,506.622
2026-10-04 20:00:00,71.21,71.4,71.12,71.21,2513.669,661.198
2026-10-04 20:15:00,71.21,71.32,70.85,70.87,4171.844,2150.573
2026-10-04 20:30:00,70.88,71.08,70.72,70.86,2794.341,927.956
2026-10-04 20:45:00,70.86,70.97,70.65,70.76,2326.526,1051.578
2026-10-04 21:00:00,70.77,70.87,70.69,70.81,3030.97,1452.848
2026-10-04 21:15:00,70.81,70.81,70.48,70.57,2093.766,1121.243
2026-10-04 21:30:00,70.57,70.61,70.35,70.39,2391.964,1071.372
2026-10-04 21:45:00,70.39,70.6,70.22,70.33,3358.031,815.915
2026-10-04 22:00:00,70.33,70.76,70.32,70.69,2642.61,1085.768
2026-10-04 22:15:00,70.69,70.85,70.49,70.5,2389.857,1041.131
2026-10-04 22:30:00,70.51,70.77,70.5,70.67,2767.746,1424.606
2026-10-04 22:45:00,70.66,70.72,70.59,70.68,946.981,377.799
2026-10-04 23:00:00,70.68,70.9,70.63,70.89,1915.709,1379.417
2026-10-04 23:15:00,70.89,70.96,70.75,70.88,1546.254,866.945
2026-10-04 23:30:00,70.88,70.88,70.66,70.75,1816.496,861.577
2026-10-04 23:45:00,70.75,70.77,70.62,70.7,1023.316,478.41
2026-10-05 00:00:00,70.7,70.7,70.38,70.61,1624.727,552.588
2026-10-05 00:15:00,70.62,70.68,70.44,70.44,1145.371,323.21
2026-10-05 00:30:00,70.45,70.85,70.45,70.8,2020.718,1295.841
2026-10-05 00:45:00,70.8,70.82,70.63,70.79,1045.961,641.74
2026-10-05 01:00:00,70.79,70.79,70.49,70.63,890.47,334.786
2026-10-05 01:15:00,70.63,70.76,70.35,70.67,2194.12,1194.769
2026-10-05 01:30:00,70.67,70.67,70.31,70.33,1739.485,1151.001
2026-10-05 01:45:00,70.32,70.51,70.27,70.33,1594.676,856.503
2026-10-05 02:00:00,70.33,70.61,70.22,70.58,1745.173,1003.305
2026-10-05 02:15:00,70.58,70.6,70.43,70.51,1568.037,787.809
2026-10-05 02:30:00,70.51,70.73,70.49,70.63,1731.082,671.39
2026-10-05 02:45:00,70.63,70.72,70.47,70.48,1220.33,549.023
2026-10-05 03:00:00,70.48,70.52,70.29,70.34,3363.339,1930.341
2026-10-05 03:15:00,70.34,70.42,70.2,70.39,3361.8,1903.639
2026-10-05 03:30:00,70.4,70.46,70.35,70.37,1373.387,400.624
2026-10-05 03:45:00,70.37,70.4,70.08,70.16,2394.371,1057.788
2026-10-05 04:00:00,70.16,70.31,69.96,70.29,4250.606,1424.922
2026-10-05 04:15:00,70.3,70.41,70.16,70.24,1063.75,285.05
2026-10-05 04:30:00,70.23,70.27,69.77,70.02,3668.273,1514.996
2026-10-05 04:45:00,70.01,70.15,69.83,69.83,2964.193,932.372
2026-10-05 05:00:00,69.83,69.95,69.67,69.83,1939.29,672.319
2026-10-05 05:15:00,69.82,69.85,69.66,69.69,1964.029,608.234
2026-10-05 05:30:00,69.69,69.88,69.59,69.68,3113.492,943.554
2026-10-05 05:45:00,69.68,69.82,69.65,69.77,1592.277,815.763
2026-10-05 06:00:00,69.77,69.96,69.77,69.89,1583.058,851.945
2026-10-05 06:15:00,69.9,69.97,69.85,69.87,1569.983,516.952
2026-10-05 06:30:00,69.87,70.15,69.86,70.1,9010.006,4036.64
2026-10-05 06:45:00,70.11,70.38,70.07,70.11,11368.938,5189.792
2026-10-05 07:00:00,70.1,70.24,70.03,70.04,5259.501,2391.519
2026-10-05 07:15:00,70.04,70.21,69.92,70.21,3788.739,2053.759
2026-10-05 07:30:00,70.2,70.2,70.08,70.18,1162.963,548.137
2026-10-05 07:45:00,70.17,70.28,70.12,70.17,3719.017,2733.587
2026-10-05 08:00:00,70.17,70.41,70.03,70.38,4132.4,2199.448
2026-10-05 08:15:00,70.38,70.4,70.18,70.25,6680.7,1612.68
2026-10-05 08:30:00,70.26,70.29,70.02,70.05,4105.337,1767.361
2026-10-05 08:45:00,70.04,70.21,69.91,70.19,4252.474,1481.54
2026-10-05 09:00:00,70.19,70.25,70.11,70.16,3877.843,2772.904
2026-10-05 09:15:00,70.17,70.18,70.08,70.12,1404.683,678.933
2026-10-05 09:30:00,70.12,70.32,70.06,70.3,3203.386,2055.661
2026-10-05 09:45:00,70.3,70.51,70.26,70.43,4081.476,2090.016
2026-10-05 10:00:00,70.43,70.58,70.33,70.58,2374.05,1045.378
2026-10-05 10:15:00,70.57,70.74,70.57,70.66,2985.215,1349.196
2026-10-05 10:30:00,70.66,70.8,70.52,70.6,4213.543,2200.093
2026-10-05 10:45:00,70.59,70.72,70.54,70.64,2091.803,1008.359
2026-10-05 11:00:00,70.64,70.65,70.33,70.59,4135.2,2952.891
2026-10-05 11:15:00,70.59,70.76,70.55,70.76,1734.839,909.277
2026-10-05 11:30:00,70.76,71.07,70.73,71.07,7636.387,3328.192
2026-10-05 11:45:00,71.07,71.11,70.84,70.89,6220.363,1848.285
2026-10-05 12:00:00,70.88,71.08,70.87,70.94,3403.262,1672.686
2026-10-05 12:15:00,70.93,70.95,70.51,70.71,4588.79,1389.224
2026-10-05 12:30:00,70.71,70.73,70.47,70.67,3540.432,1094.925
2026-10-05 12:45:00,70.67,70.83,70.56,70.8,2918.078,1089.012
2026-10-05 13:00:00,70.8,70.94,70.79,70.87,1545.722,536.803
2026-10-05 13:15:00,70.87,71.12,70.8,71.08,7928.499,4534.555
2026-10-05 13:30:00,71.07,71.07,70.78,71,3358.436,1136.621
2026-10-05 13:45:00,70.99,71.14,70.9,71.06,3451.155,1060.647
2026-10-05 14:00:00,71.05,71.6,71.02,71.56,6298.236,3862.643
2026-10-05 14:15:00,71.57,71.76,71.47,71.58,6792.573,3383.3
2026-10-05 14:30:00,71.58,71.58,70.85,71.14,8301.392,2547.989
2026-10-05 14:45:00,71.13,71.33,70.94,71.02,4729.05,2108.826
2026-10-05 15:00:00,71.01,71.26,70.87,71.25,7774.214,3087.187
2026-10-05 15:15:00,71.24,71.49,71.14,71.49,3977.782,1926.705
2026-10-05 15:30:00,71.48,71.52,70.13,70.21,15485.572,5972.849
2026-10-05 15:45:00,70.22,70.31,69.94,70.01,7613.509,2667.201
2026-10-05 16:00:00,70.01,70.16,69.84,69.89,7877.424,4772.682
2026-10-05 16:15:00,69.9,70.2,69.66,70.18,5842.664,2312.505
2026-10-05 16:30:00,70.18,70.65,70.15,70.49,4724.51,2767.739
2026-10-05 16:45:00,70.48,70.78,70.47,70.51,2402.911,1324.286
2026-10-05 17:00:00,70.51,70.68,70.34,70.68,3734.019,2456.132
2026-10-05 17:15:00,70.68,70.97,70.65,70.94,1903.501,961.472
2026-10-05 17:30:00,70.94,70.99,70.69,70.78,2012.056,607.36
2026-10-05 17:45:00,70.78,70.86,70.48,70.67,2198.864,1084.56
2026-10-05 18:00:00,70.68,70.73,70.4,70.4,2262.791,806.69
2026-10-05 18:15:00,70.41,70.72,70.38,70.58,5195.207,1678.978
2026-10-05 18:30:00,70.58,70.59,70.37,70.37,1770.656,742.174
2026-10-05 18:45:00,70.37,70.42,70.14,70.16,2608.28,1173.736
2026-10-05 19:00:00,70.16,70.25,70.05,70.22,1689.696,1165.886
2026-10-05 19:15:00,70.22,70.42,70.2,70.31,960.76,603.095
2026-10-05 19:30:00,70.31,70.32,70.14,70.14,4254.331,1178.929
2026-10-05 19:45:00,70.13,70.18,69.9,70.07,1945.242,1078.722
2026-10-05 20:00:00,70.08,70.1,69.95,70.01,1785.6,1062.071
2026-10-05 20:15:00,70.02,70.21,70.01,70.07,1728.86,981.252
2026-10-05 20:30:00,70.07,70.29,70.06,70.23,2525.645,1290.688
2026-10-05 20:45:00,70.23,70.3,69.93,70.14,3608.334,1105.654
2026-10-05 21:00:00,70.14,70.29,70,70.27,1645.945,703.913
2026-10-05 21:15:00,70.28,70.31,70.16,70.18,1091.634,477.925
2026-10-05 21:30:00,70.18,70.34,70.17,70.26,1699.586,907.503
2026-10-05 21:45:00,70.26,70.28,70.13,70.25,1883.195,1081.393
2026-10-05 22:00:00,70.25,70.54,70.25,70.42,2168.437,1533.382
2026-10-05 22:15:00,70.43,70.47,70.26,70.29,1089,415.026
2026-10-05 22:30:00,70.29,70.33,70.17,70.25,1100.522,494.889
2026-10-05 22:45:00,70.25,70.26,70.13,70.16,1115.01,583.096
2026-10-05 23:00:00,70.16,70.28,70.11,70.19,1463.343,669.796
2026-10-05 23:15:00,70.19,70.32,70.15,70.32,1187.715,505.068
2026-10-05 23:30:00,70.32,70.33,70.11,70.17,788.744,404.899
2026-10-05 23:45:00,70.18,70.18,69.87,70.1,1697.021,849.669
2026-10-06 00:00:00,70.11,70.12,69.77,69.89,2982.012,1148.612
2026-10-06 00:15:00,69.89,70.04,69.8,69.84,1100.243,664.67
2026-10-06 00:30:00,69.85,69.95,69.78,69.79,1605.157,517.486
2026-10-06 00:45:00,69.8,69.91,69.69,69.85,2402.145,1208.328
2026-10-06 01:00:00,69.86,69.96,69.67,69.73,2836.81,1182.597
2026-10-06 01:15:00,69.72,69.81,69.61,69.7,2602.27,1721.653
2026-10-06 01:30:00,69.7,69.72,69.28,69.36,3064.977,1285.773
2026-10-06 01:45:00,69.35,69.5,69.33,69.48,3952.531,2265.533
2026-10-06 02:00:00,69.48,69.52,69.22,69.32,1813.234,917.403
2026-10-06 02:15:00,69.32,69.66,69.31,69.56,2278.387,866.315
2026-10-06 02:30:00,69.56,69.65,69.43,69.55,2099.156,1027.003
2026-10-06 02:45:00,69.54,69.61,69.45,69.51,1452.296,1103.478
2026-10-06 03:00:00,69.51,69.61,69.46,69.48,1472.771,876.71
2026-10-06 03:15:00,69.48,69.54,69.22,69.22,3799.918,2344.263
2026-10-06 03:30:00,69.23,69.31,69.07,69.29,3281.93,1591.255
2026-10-06 03:45:00,69.28,69.44,69.27,69.37,1720.182,695.397
2026-10-06 04:00:00,69.37,69.57,69.35,69.49,2506.489,1649.571
2026-10-06 04:15:00,69.49,69.7,69.49,69.65,1555.524,1244.862
2026-10-06 04:30:00,69.66,69.68,69.52,69.68,1133.22,651.818
2026-10-06 04:45:00,69.69,69.69,69.57,69.57,568.827,313.642
2026-10-06 05:00:00,69.57,69.73,69.48,69.69,1323.723,726.532
2026-10-06 05:15:00,69.68,69.68,69.49,69.56,908.69,511.416
2026-10-06 05:30:00,69.55,69.74,69.55,69.71,2485.038,1914.293
2026-10-06 05:45:00,69.71,69.72,69.62,69.63,1073.845,438.682
2026-10-06 06:00:00,69.62,69.71,69.4,69.43,2945.544,1208.581
2026-10-06 06:15:00,69.43,69.46,69.29,69.39,4324.648,1033.175
2026-10-06 06:30:00,69.4,69.76,69.39,69.73,5444.073,2434.976
2026-10-06 06:45:00,69.74,69.76,69.51,69.53,1324.155,430.392
2026-10-06 07:00:00,69.53,69.54,69.3,69.44,1606.271,540.358
2026-10-06 07:15:00,69.43,69.54,69.38,69.43,1187.953,368.647
2026-10-06 07:30:00,69.42,69.63,69.38,69.52,1595.372,534.073
2026-10-06 07:45:00,69.52,69.57,69.47,69.51,2096.329,1012.158
2026-10-06 08:00:00,69.51,69.9,69.51,69.86,1934.279,1154.031
2026-10-06 08:15:00,69.86,69.88,69.72,69.79,1487.433,561.086
2026-10-06 08:30:00,69.78,69.92,69.77,69.86,1379.449,655.134
2026-10-06 08:45:00,69.85,69.87,69.77,69.79,740.68,338.147
2026-10-06 09:00:00,69.78,69.9,69.76,69.88,1330.915,494.084
2026-10-06 09:15:00,69.89,70.23,69.81,69.88,5078.368,1893.333
2026-10-06 09:30:00,69.89,70.37,69.87,70.34,3554.714,2375.617
2026-10-06 09:45:00,70.36,70.53,70.25,70.47,5017.674,3228.571
2026-10-06 10:00:00,70.46,70.54,70.36,70.41,2451.31,1123.844
2026-10-06 10:15:00,70.41,70.46,70.31,70.32,3085.969,1807.135
2026-10-06 10:30:00,70.32,70.47,70.21,70.42,4742.483,3874.685
2026-10-06 10:45:00,70.43,70.48,70.25,70.43,4115.636,1411.098
2026-10-06 11:00:00,70.44,70.56,70.35,70.54,1598.061,1115.039
2026-10-06 11:15:00,70.55,70.62,70.49,70.49,1530.715,649.373
2026-10-06 11:30:00,70.5,70.59,70.4,70.51,3653.316,834.627
2026-10-06 11:45:00,70.51,70.51,70.37,70.44,2173.044,818.291
2026-10-06 12:00:00,70.44,70.48,70.3,70.43,2720.029,1146.501
2026-10-06 12:15:00,70.43,70.5,70.35,70.39,1356.09,541.893
2026-10-06 12:30:00,70.38,70.42,70.14,70.33,1736.888,833.852
2026-10-06 12:45:00,70.33,70.33,70.03,70.03,3942.435,863.217
2026-10-06 13:00:00,70.02,70.02,69.71,69.95,3000.022,1498.06
2026-10-06 13:15:00,69.95,69.96,69.85,69.9,1949.159,604.31
2026-10-06 13:30:00,69.91,70.08,69.77,69.86,5473.407,1544.181
2026-10-06 13:45:00,69.87,70.01,69.77,69.81,3206.392,1453.726
2026-10-06 14:00:00,69.82,69.94,69.7,69.92,4064.4,2033.337
2026-10-06 14:15:00,69.91,70.1,69.83,70,2788.225,1787.882
2026-10-06 14:30:00,70,70.23,69.91,70.16,2038.8,1045.179
2026-10-06 14:45:00,70.15,70.26,70.01,70.13,3044.941,1988.362
2026-10-06 15:00:00,70.13,70.2,69.93,70.12,4338.525,1850.628
2026-10-06 15:15:00,70.12,70.15,69.93,70.02,1897.805,996.422
2026-10-06 15:30:00,70.02,70.15,69.9,69.96,1653.082,918.16
2026-10-06 15:45:00,69.96,70.13,69.9,69.96,3653.811,2441.775
2026-10-06 16:00:00,69.96,70.04,69.71,69.84,2463.931,1110.864
2026-10-06 16:15:00,69.85,70.1,69.81,69.95,4150.26,2559.661
2026-10-06 16:30:00,69.95,69.99,69.48,69.74,5665.329,1875.107
2026-10-06 16:45:00,69.75,69.81,69.46,69.47,4337.669,1276.461
2026-10-06 17:00:00,69.48,69.64,69.35,69.36,1711.105,671.606
2026-10-06 17:15:00,69.36,69.53,69.36,69.46,3651.666,2818.703
2026-10-06 17:30:00,69.45,69.53,69.33,69.37,1340.772,710.648
2026-10-06 17:45:00,69.38,69.4,69.12,69.22,4581.686,2294.522
2026-10-06 18:00:00,69.21,69.34,69.12,69.13,3063.378,1723.73
2026-10-06 18:15:00,69.13,69.25,68.96,69.16,5430.455,2236.778
2026-10-06 18:30:00,69.15,69.25,68.91,69.23,2441.762,1278.553
2026-10-06 18:45:00,69.23,69.43,69.12,69.35,2769.279,1182.986
2026-10-06 19:00:00,69.36,69.64,69.36,69.62,4643.374,1949.984
2026-10-06 19:15:00,69.63,69.66,69.43,69.57,4114.81,2159.953
2026-10-06 19:30:00,69.57,69.62,69.28,69.4,5980.166,1311.464
2026-10-06 19:45:00,69.4,69.49,69.12,69.17,5673.22,1170.689
2026-10-06 20:00:00,69.18,69.35,69.1,69.35,1318.741,880.459
2026-10-06 20:15:00,69.35,69.38,69.28,69.32,1041.552,599.6
2026-10-06 20:30:00,69.33,69.33,69.12,69.14,3001.232,1105.691
2026-10-06 20:45:00,69.14,69.22,69.04,69.11,1828.719,825.404
2026-10-06 21:00:00,69.11,69.15,68.97,69.06,1722.962,977.594
2026-10-06 21:15:00,69.06,69.07,68.85,69,3091.037,991.799
2026-10-06 21:30:00,69,69.1,68.95,68.97,901.497,444.128
2026-10-06 21:45:00,68.97,69.06,68.79,69.03,1677.598,1155.405
2026-10-06 22:00:00,69.03,69.22,68.9,68.92,1691.75,662.508
2026-10-06 22:15:00,68.93,69.05,68.91,68.94,1072.209,588.662
2026-10-06 22:30:00,68.93,69,68.79,68.92,2915.166,1251.726
2026-10-06 22:45:00,68.92,68.93,68.86,68.93,872.592,599.37
2026-10-06 23:00:00,68.93,69.06,68.88,68.9,1256.49,838.912
2026-10-06 23:15:00,68.9,68.95,68.85,68.92,2147.113,1435.519
2026-10-06 23:30:00,68.91,68.93,68.79,68.89,1419.79,844.033
2026-10-06 23:45:00,68.88,69,68.84,68.99,1004.496,648.628
2026-10-07 00:00:00,68.98,69.09,68.97,69.03,1083.88,366.997
2026-10-07 00:15:00,69.02,69.07,68.94,68.94,821.693,434.253
2026-10-07 00:30:00,68.93,69.05,68.74,69.05,1874.294,794.096
2026-10-07 00:45:00,69.05,69.17,68.96,69.05,1238.09,558.453
2026-10-07 01:00:00,69.05,69.14,68.98,69.11,1188.18,341.166
2026-10-07 01:15:00,69.1,69.1,68.95,69.02,815.53,348.859
2026-10-07 01:30:00,69.01,69.09,68.86,68.98,991.232,418.596
2026-10-07 01:45:00,68.98,69.03,68.26,68.31,7700.455,2866.883
2026-10-07 02:00:00,68.31,68.38,66.54,67.53,37165.842,16735.003
2026-10-07 02:15:00,67.52,67.92,67.37,67.67,4850.762,2044.096
2026-10-07 02:30:00,67.67,67.99,67.65,67.78,2572.316,1277.153
2026-10-07 02:45:00,67.78,67.9,67.66,67.7,2610.476,1210.523
2026-10-07 03:00:00,67.71,67.9,67.63,67.68,2476.255,1684.52
2026-10-07 03:15:00,67.68,67.83,67.65,67.81,1344.53,855.191
2026-10-07 03:30:00,67.81,67.96,67.8,67.87,1263.552,424.769
2026-10-07 03:45:00,67.88,67.99,67.82,67.85,1151.287,554.144
2026-10-07 04:00:00,67.85,67.85,67.68,67.79,1319.799,811.724
2026-10-07 04:15:00,67.78,67.78,67.56,67.59,1739.163,1069.281
2026-10-07 04:30:00,67.59,67.59,67.27,67.43,2045.369,880.184
2026-10-07 04:45:00,67.42,67.55,67.36,67.49,1030.373,529.005
2026-10-07 05:00:00,67.5,67.6,67.45,67.48,1305.971,822.015
2026-10-07 05:15:00,67.49,67.6,67.44,67.49,1755.363,1002.213
2026-10-07 05:30:00,67.49,67.62,67.48,67.61,1593.386,1149.603
2026-10-07 05:45:00,67.61,67.77,67.55,67.74,1346.571,893.038
2026-10-07 06:00:00,67.74,67.75,67.57,67.66,2425.681,1529.679
2026-10-07 06:15:00,67.66,67.78,67.6,67.78,1660.778,1079.376
2026-10-07 06:30:00,67.78,68.01,67.71,67.94,3995.254,2154.366
2026-10-07 06:45:00,67.94,67.94,67.66,67.85,1621.673,757.295
2026-10-07 07:00:00,67.85,67.94,67.77,67.8,1097.146,678.955
2026-10-07 07:15:00,67.81,67.84,67.67,67.68,2101.686,787.705
2026-10-07 07:30:00,67.68,67.84,67.66,67.82,1511.584,911.267
2026-10-07 07:45:00,67.82,67.86,67.76,67.77,2463.401,1467.231
2026-10-07 08:00:00,67.76,67.76,67.5,67.58,6456.677,3713.62
2026-10-07 08:15:00,67.58,67.74,67.53,67.6,3989.046,2359.861
2026-10-07 08:30:00,67.61,67.7,67.48,67.54,2198.934,1157.253
2026-10-07 08:45:00,67.54,67.54,67.37,67.41,1293.41,318.656
2026-10-07 09:00:00,67.42,67.53,67.41,67.44,1192.892,894.551
2026-10-07 09:15:00,67.45,67.49,67.4,67.48,1125.286,688.612
2026-10-07 09:30:00,67.48,67.52,67.18,67.2,2724.443,1132.69
2026-10-07 09:45:00,67.2,67.38,67.2,67.38,2647.968,1612.631
2026-10-07 10:00:00,67.38,67.61,67.12,67.53,3625.29,2131.655
2026-10-07 10:15:00,67.53,67.87,67.53,67.75,2787.298,1831.263
2026-10-07 10:30:00,67.75,67.8,67.46,67.48,1552.87,871.064
2026-10-07 10:45:00,67.47,67.51,67.38,67.42,1688.324,682.478
2026-10-07 11:00:00,67.42,67.48,67.17,67.33,7571.01,1716.932
2026-10-07 11:15:00,67.34,67.34,66.94,66.98,5254.181,1995.448
2026-10-07 11:30:00,66.99,67.04,66.57,66.85,12121.875,4995.992
2026-10-07 11:45:00,66.85,66.99,66.72,66.98,4843.018,3245.549
2026-10-07 12:00:00,66.98,67.2,66.85,67.17,9823.612,5119.455
2026-10-07 12:15:00,67.17,67.18,66.8,66.88,3144.605,1554.487
2026-10-07 12:30:00,66.88,67.14,66.85,66.96,2167.729,1067.983
2026-10-07 12:45:00,66.97,67.02,66.83,66.86,2197.086,849.694
2026-10-07 13:00:00,66.86,66.9,66.59,66.64,10237.304,5416.397
2026-10-07 13:15:00,66.64,66.69,66.51,66.65,5089.396,1997.337
2026-10-07 13:30:00,66.65,66.79,66.43,66.57,7855.332,4321.701
2026-10-07 13:45:00,66.58,67.1,66.36,66.84,4820.824,2079.689
2026-10-07 14:00:00,66.83,66.84,66.56,66.6,3623.225,1548.273
2026-10-07 14:15:00,66.59,66.72,66.4,66.54,6755.402,4149.532
2026-10-07 14:30:00,66.53,66.63,66.4,66.45,2927.025,703.349
2026-10-07 14:45:00,66.44,66.45,66.06,66.15,6453.729,2600.488
2026-10-07 15:00:00,66.14,66.16,65.77,66.03,10419.402,3589.355
2026-10-07 15:15:00,66.02,66.09,65.76,66.02,4572.643,2994.182
2026-10-07 15:30:00,66.01,66.3,65.99,66.11,3431.15,2006.635
2026-10-07 15:45:00,66.1,66.26,66.09,66.14,3718.254,1749.696
2026-10-07 16:00:00,66.13,66.47,66.08,66.36,6997.398,3716.44
2026-10-07 16:15:00,66.36,66.44,66.16,66.22,5976.483,2656.585
2026-10-07 16:30:00,66.22,66.45,66.18,66.23,4143.983,2534.158
2026-10-07 16:45:00,66.22,66.33,65.93,65.99,6459.658,1976.925
2026-10-07 17:00:00,65.98,66.24,65.97,66.08,4780.588,2279.756
2026-10-07 17:15:00,66.09,66.1,65.85,65.95,3386.666,1447.879
2026-10-07 17:30:00,65.94,66.09,65.87,65.9,4405.601,2348.566
2026-10-07 17:45:00,65.9,66,65.81,65.99,1948.107,822.805
2026-10-07 18:00:00,65.99,66.28,65.96,65.98,2177.133,961.464
2026-10-07 18:15:00,65.98,66.23,65.9,66.22,2481.48,1501.714
2026-10-07 18:30:00,66.22,66.25,65.96,66.08,3404.15,848.222
2026-10-07 18:45:00,66.07,66.2,66.02,66.07,2653.644,1640.471
2026-10-07 19:00:00,66.07,66.15,65.99,66,1374.467,534.215
2026-10-07 19:15:00,66.01,66.12,65.98,66.06,2054.682,875.426
2026-10-07 19:30:00,66.06,66.19,66.06,66.17,1558.856,1001.06
2026-10-07 19:45:00,66.18,66.18,66.01,66.07,2011.511,537.49
2026-10-07 20:00:00,66.07,66.25,66.04,66.25,1205.181,715.892
2026-10-07 20:15:00,66.24,66.43,66.24,66.39,1421.554,569.67
2026-10-07 20:30:00,66.39,66.45,66.21,66.3,2044.623,1002.994
2026-10-07 20:45:00,66.3,66.37,66.05,66.13,1898.15,782.849
2026-10-07 21:00:00,66.13,66.17,65.75,65.93,4316.621,2174.909
2026-10-07 21:15:00,65.92,65.92,65.59,65.69,2520.742,988.472
2026-10-07 21:30:00,65.68,65.69,65.5,65.65,2617.95,793.76
2026-10-07 21:45:00,65.65,65.7,65.53,65.67,1358.59,509.447
2026-10-07 22:00:00,65.67,65.75,65.61,65.7,1583.041,721.265
2026-10-07 22:15:00,65.71,65.85,65.57,65.82,3217.268,1475.989
2026-10-07 22:30:00,65.82,65.89,65.77,65.86,1120.118,481.242
2026-10-07 22:45:00,65.87,65.94,65.83,65.9,1150.71,595.016
2026-10-07 23:00:00,65.9,65.91,65.83,65.88,676.524,393
2026-10-07 23:15:00,65.89,66.04,65.89,66,2174.135,616.156
2026-10-07 23:30:00,66,66.09,65.99,66.05,742.021,437.194
2026-10-07 23:45:00,66.06,66.11,66.02,66.11,543.046,339.291
2026-10-08 00:00:00,66.1,66.1,65.89,66.02,1925.3,453.716
2026-10-08 00:15:00,66.02,66.24,65.94,65.95,1295.228,866.886
2026-10-08 00:30:00,65.95,66.03,65.92,65.94,778.252,540.335
2026-10-08 00:45:00,65.94,66.18,65.92,66.13,1341.192,862.609
2026-10-08 01:00:00,66.12,66.3,66.1,66.28,912.747,420.49
2026-10-08 01:15:00,66.27,66.27,66.07,66.23,1817.315,1124.019
2026-10-08 01:30:00,66.22,66.33,66.1,66.12,1491.467,535.907
2026-10-08 01:45:00,66.11,66.21,65.97,66.05,860.231,640
2026-10-08 02:00:00,66.04,66.07,65.77,65.85,2861.164,704.798
2026-10-08 02:15:00,65.85,66.09,65.83,65.99,1116.296,595.283
2026-10-08 02:30:00,65.98,66.14,65.97,66.06,855.334,436.125
2026-10-08 02:45:00,66.07,66.13,65.95,66.09,2204.286,1382.179
2026-10-08 03:00:00,66.1,66.15,65.81,65.85,3719.938,1804.792
2026-10-08 03:15:00,65.85,65.91,65.75,65.87,1837.719,875.094
2026-10-08 03:30:00,65.87,66.1,65.79,66.01,3372.168,1699.38
2026-10-08 03:45:00,66,66,65.56,65.59,3090.853,920.755
2026-10-08 04:00:00,65.59,65.6,65.29,65.45,7695.926,3800.29
2026-10-08 04:15:00,65.46,65.5,64.32,65.18,29104.566,15128.499
2026-10-08 04:30:00,65.18,65.18,63.99,64.21,30063.115,14168.052
2026-10-08 04:45:00,64.22,64.56,64.17,64.48,7266.125,2550.343
2026-10-08 05:00:00,64.48,64.67,64.45,64.61,5503.733,1847.938
2026-10-08 05:15:00,64.62,64.72,64.55,64.68,3855.828,2053.19
2026-10-08 05:30:00,64.67,64.79,64.45,64.48,2197.052,870.779
2026-10-08 05:45:00,64.48,64.54,64.27,64.31,2778.425,1061.49
2026-10-08 06:00:00,64.31,64.57,64.28,64.55,8776.744,5063.161
2026-10-08 06:15:00,64.55,64.56,64.08,64.19,5147.69,2268.764
2026-10-08 06:30:00,64.18,64.4,64.08,64.39,3296.42,1228.38
2026-10-08 06:45:00,64.38,64.46,64.31,64.4,2846.045,973.191
2026-10-08 07:00:00,64.4,64.43,64.15,64.37,2676.452,1175.018
2026-10-08 07:15:00,64.36,64.69,64.21,64.53,4061.639,2290.987
2026-10-08 07:30:00,64.53,64.64,64.37,64.53,6732.164,5027.316
2026-10-08 07:45:00,64.53,64.56,64.38,64.4,6970.357,2203.584
2026-10-08 08:00:00,64.39,64.51,64.33,64.45,5748.426,2064.269
2026-10-08 08:15:00,64.45,64.56,64.4,64.51,4624.82,2238.696
2026-10-08 08:30:00,64.51,64.53,64.39,64.47,3409.949,1168.958
2026-10-08 08:45:00,64.48,64.55,64.45,64.52,2510.66,1218.32
2026-10-08 09:00:00,64.53,64.73,64.33,64.53,20309.217,12822.437
2026-10-08 09:15:00,64.53,64.62,64.39,64.56,3101.926,1664.698
2026-10-08 09:30:00,64.56,64.93,64.55,64.92,3491.72,1215.894
2026-10-08 09:45:00,64.92,64.95,64.71,64.8,5588.473,2927.992
2026-10-08 10:00:00,64.8,64.82,64.64,64.75,2968.3,1105.706
2026-10-08 10:15:00,64.74,64.75,64.46,64.53,4029.971,1689.032
2026-10-08 10:30:00,64.52,64.58,64.27,64.44,3811.212,1331.903
2026-10-08 10:45:00,64.44,64.45,64.24,64.34,11060.856,3925.264
2026-10-08 11:00:00,64.34,64.34,63.95,64.16,6041.036,1973.191
2026-10-08 11:15:00,64.17,64.4,64.09,64.23,2507.382,1140.535
2026-10-08 11:30:00,64.23,64.44,63.91,64.26,6013.849,2559.396
2026-10-08 11:45:00,64.26,64.28,64.06,64.11,3132.634,1474.886
2026-10-08 12:00:00,64.1,64.18,63.93,64.04,5765.965,2593.098
2026-10-08 12:15:00,64.05,64.21,63.98,64.14,4359.53,1259.75
2026-10-08 12:30:00,64.13,64.15,63.99,64.06,3623.839,1496.985
2026-10-08 12:45:00,64.06,64.2,63.76,64.11,10620.242,3412.648
2026-10-08 13:00:00,64.11,64.24,63.94,64.17,3996.933,1618.37
2026-10-08 13:15:00,64.18,64.33,64.15,64.24,3515.773,1863.879
2026-10-08 13:30:00,64.24,64.32,63.68,63.96,9581.023,3736.473
2026-10-08 13:45:00,63.95,64.18,63.72,64.11,3905.031,1916.508
2026-10-08 14:00:00,64.11,64.62,64.06,64.6,6990.307,3827.221
2026-10-08 14:15:00,64.6,64.62,64.34,64.46,4933.978,1893.074
2026-10-08 14:30:00,64.46,64.5,64.29,64.33,3835.321,1538.144
2026-10-08 14:45:00,64.34,64.59,64.22,64.23,7128.234,3462.608
2026-10-08 15:00:00,64.22,64.24,63.45,63.51,10866.179,4545.554
2026-10-08 15:15:00,63.51,63.63,62.1,62.33,54340.048,29724.534
2026-10-08 15:30:00,62.33,62.71,61.85,62.35,26896.669,11347.302
2026-10-08 15:45:00,62.35,62.51,61.85,61.94,13601.787,4788.38
2026-10-08 16:00:00,61.94,62.36,61.61,62.09,14616.14,6289.231
2026-10-08 16:15:00,62.09,62.72,62,62.51,12686.962,6810.023
2026-10-08 16:30:00,62.52,62.84,62.38,62.41,9492.855,4671.201
2026-10-08 16:45:00,62.41,62.56,62,62.14,7119.54,3158.92
2026-10-08 17:00:00,62.15,62.18,61.71,62.03,8389.613,2690.229
2026-10-08 17:15:00,62.03,62.03,60.97,61.41,17741.237,7742.781
2026-10-08 17:30:00,61.41,61.56,61.28,61.43,4659.264,1893.564
2026-10-08 17:45:00,61.42,61.5,61.07,61.41,5688.693,2158.35
2026-10-08 18:00:00,61.41,61.7,61.27,61.49,7163.518,4865.773
2026-10-08 18:15:00,61.48,62.26,61.47,62.12,7352.276,4369.113
2026-10-08 18:30:00,62.12,62.34,62.06,62.24,5109.247,2450.207
2026-10-08 18:45:00,62.25,62.28,62.04,62.24,2856.845,1555.859
2026-10-08 19:00:00,62.24,62.45,62.19,62.25,3163.702,1531.755
2026-10-08 19:15:00,62.25,62.49,62.22,62.39,2275.326,1379.753
2026-10-08 19:30:00,62.38,62.58,62.37,62.54,1631.76,796.42
2026-10-08 19:45:00,62.54,62.74,62.51,62.66,2341.102,822.47
2026-10-08 20:00:00,62.66,63.02,62.66,62.9,5400.463,3113.709
2026-10-08 20:15:00,62.9,62.98,62.81,62.96,2608.66,1612.355
2026-10-08 20:30:00,62.96,63.1,62.9,63.02,2762.687,1601.24
2026-10-08 20:45:00,63.02,63.16,62.99,63.06,1518.995,751.661
2026-10-08 21:00:00,63.07,63.08,62.81,63.02,2789.156,896.649
2026-10-08 21:15:00,63.03,63.17,62.98,63.01,2124.523,1094.475
2026-10-08 21:30:00,63.01,63.18,63,63.06,944.042,428.792
2026-10-08 21:45:00,63.06,63.21,63.02,63.21,1389.98,780.545
2026-10-08 22:00:00,63.22,63.32,63.12,63.27,2227.161,846.563
2026-10-08 22:15:00,63.27,63.31,63.21,63.26,838.702,413.965
2026-10-08 22:30:00,63.26,63.45,63.24,63.39,1766.064,792.8
2026-10-08 22:45:00,63.4,63.48,63.37,63.46,1986.075,781.297
2026-10-08 23:00:00,63.46,63.52,63.42,63.45,1315.487,513.846
2026-10-08 23:15:00,63.44,63.53,63.44,63.49,1246.971,624.861
2026-10-08 23:30:00,63.49,63.51,63.38,63.39,2212.593,974.837
2026-10-08 23:45:00,63.39,63.4,63.08,63.16,1985.506,675.414
2026-10-09 00:00:00,63.16,63.38,63.15,63.18,1659.221,632.254
2026-10-09 00:15:00,63.19,63.19,63.01,63.19,1536.379,609.646
2026-10-09 00:30:00,63.19,63.29,63.12,63.21,2393.713,1533.677
2026-10-09 00:45:00,63.21,63.4,63.19,63.29,1384.056,461.031
2026-10-09 01:00:00,63.29,63.41,63.22,63.37,1123.27,704.238
2026-10-09 01:15:00,63.37,63.7,63.27,63.53,1693.922,1021.696
2026-10-09 01:30:00,63.53,63.75,63.46,63.72,1010.421,405.392
2026-10-09 01:45:00,63.72,63.74,63.65,63.67,1296.387,653.336
2026-10-09 02:00:00,63.67,63.71,63.46,63.47,1795.943,725.768
2026-10-09 02:15:00,63.47,63.54,63.4,63.47,1840.575,752.918
2026-10-09 02:30:00,63.47,63.48,63.21,63.42,4838.088,1553.755
2026-10-09 02:45:00,63.41,63.72,63.38,63.46,3039.768,2040.191
2026-10-09 03:00:00,63.47,63.5,63.38,63.43,961.904,582.261
2026-10-09 03:15:00,63.43,63.65,63.42,63.51,2339.457,872.106
2026-10-09 03:30:00,63.51,63.85,63.49,63.85,1316.888,851.932
2026-10-09 03:45:00,63.84,63.98,63.7,63.75,3775.494,1593.201
2026-10-09 04:00:00,63.76,63.98,63.76,63.97,1725.806,954.654
2026-10-09 04:15:00,63.97,64.05,63.91,63.99,2151.846,796.156
2026-10-09 04:30:00,63.98,64.03,63.87,63.89,1133.339,576.155
2026-10-09 04:45:00,63.9,64.02,63.82,63.95,1798.76,1276.405
2026-10-09 05:00:00,63.95,64.09,63.89,64.05,1873.907,1159.382
2026-10-09 05:15:00,64.05,64.17,64.04,64.13,1216.447,614.221
2026-10-09 05:30:00,64.13,64.22,64.09,64.21,1092.391,452.404
2026-10-09 05:45:00,64.21,64.22,63.95,64.03,1055.101,387.644
2026-10-09 06:00:00,64.02,64.24,63.99,64.24,1965.282,1606.528
2026-10-09 06:15:00,64.23,64.24,64.13,64.16,1665.674,691.437
2026-10-09 06:30:00,64.16,64.25,64.1,64.19,2391.169,818.752
2026-10-09 06:45:00,64.19,64.23,64.12,64.21,3052.519,1074.006
2026-10-09 07:00:00,64.21,64.22,64.02,64.11,2500.369,1039.462
2026-10-09 07:15:00,64.1,64.15,64.04,64.05,1332.263,486.49
2026-10-09 07:30:00,64.06,64.24,64.05,64.13,1612.214,1091.045
2026-10-09 07:45:00,64.13,64.22,64.02,64.21,2587.798,1360.978
2026-10-09 08:00:00,64.2,64.26,64.11,64.23,1475.437,648.196
2026-10-09 08:15:00,64.23,64.3,64.12,64.24,1941.741,1178.031
2026-10-09 08:30:00,64.24,64.36,64.18,64.31,2380.5,1405.491
2026-10-09 08:45:00,64.3,64.47,64.29,64.43,3484.317,1645.188
2026-10-09 09:00:00,64.42,64.42,64.22,64.27,1907.73,558.246
2026-10-09 09:15:00,64.26,64.28,64.19,64.21,1570.266,896.929
2026-10-09 09:30:00,64.21,64.28,64.15,64.23,605.902,229.419
2026-10-09 09:45:00,64.24,64.38,64.23,64.35,1320.578,865.314
2026-10-09 10:00:00,64.36,64.36,64.19,64.24,1155.547,625.226
2026-10-09 10:15:00,64.23,64.25,64.11,64.18,1088.04,370.539
2026-10-09 10:30:00,64.19,64.22,63.69,63.83,3610.533,2060.222
2026-10-09 10:45:00,63.83,63.92,63.72,63.87,1314.779,703.096
2026-10-09 11:00:00,63.86,63.9,63.7,63.76,2683.945,352.762
2026-10-09 11:15:00,63.76,63.83,63.68,63.79,1343.278,903.065
2026-10-09 11:30:00,63.81,64.24,63.78,64.17,4269.114,2726.513
2026-10-09 11:45:00,64.18,64.54,64.18,64.21,3228.693,1736.466
2026-10-09 12:00:00,64.2,64.25,64.02,64.05,3493.17,1319.13
2026-10-09 12:15:00,64.04,64.09,64,64,2439.459,796.446
2026-10-09 12:30:00,64.01,64.03,63.79,63.81,2251.496,1145.026
2026-10-09 12:45:00,63.82,63.9,63.69,63.89,2528.209,1129.003
2026-10-09 13:00:00,63.9,64.04,63.84,63.91,1767.574,937.543
2026-10-09 13:15:00,63.9,63.95,63.81,63.92,1466.176,493.084
2026-10-09 13:30:00,63.93,64.05,63.72,63.8,2966.035,852.734
2026-10-09 13:45:00,63.79,63.83,63.69,63.74,2124.365,825.383
2026-10-09 14:00:00,63.74,63.79,63.41,63.68,3131.683,1480.917
2026-10-09 14:15:00,63.68,63.88,63.64,63.8,5840.528,4237.595
2026-10-09 14:30:00,63.81,63.9,63.39,63.51,6667.483,1499.91
2026-10-09 14:45:00,63.52,63.61,63.27,63.31,7157.461,2137.832
2026-10-09 15:00:00,63.31,63.38,63.2,63.21,4229.526,1785.979
2026-10-09 15:15:00,63.21,63.34,63.19,63.2,2262.083,901.136
2026-10-09 15:30:00,63.2,63.5,63.2,63.44,1367.404,743.705
2026-10-09 15:45:00,63.44,63.66,63.39,63.6,9286.635,5318.743
2026-10-09 16:00:00,63.6,64.01,63.52,63.94,4645.075,2534.499
2026-10-09 16:15:00,63.94,64.02,63.58,63.58,3759.539,1232.443
2026-10-09 16:30:00,63.58,63.66,63.38,63.41,1846.663,710.024
2026-10-09 16:45:00,63.42,63.7,63.42,63.59,2610.48,2097.006
2026-10-09 17:00:00,63.6,63.72,63.43,63.43,3409.246,1142.941
2026-10-09 17:15:00,63.43,63.59,63.38,63.51,1619.856,977.389
2026-10-09 17:30:00,63.52,63.66,63.45,63.55,1098.795,718.331
2026-10-09 17:45:00,63.56,63.68,63.48,63.64,2102.572,1589.748
2026-10-09 18:00:00,63.63,63.74,63.59,63.63,1692.131,511.486
2026-10-09 18:15:00,63.62,63.64,63.44,63.46,1890.257,861.781
2026-10-09 18:30:00,63.46,63.5,63.24,63.35,2333.306,977.968
2026-10-09 18:45:00,63.36,63.62,63.31,63.43,2104.869,841.46
2026-10-09 19:00:00,63.42,63.52,63.33,63.48,810.829,366.12
2026-10-09 19:15:00,63.48,63.51,63.36,63.4,1088.26,818.734
2026-10-09 19:30:00,63.41,63.42,63.31,63.32,1739.032,711.12
2026-10-09 19:45:00,63.32,63.33,62.95,63.21,4900.744,2209.379
2026-10-09 20:00:00,63.22,63.52,63.2,63.48,1589.901,853.3
2026-10-09 20:15:00,63.48,63.63,63.46,63.49,777.004,529.139
2026-10-09 20:30:00,63.5,63.66,63.41,63.6,1438.638,827.36
2026-10-09 20:45:00,63.59,63.75,63.58,63.71,967.182,316.532
2026-10-09 21:00:00,63.72,63.76,63.67,63.74,1608.083,997.259
2026-10-09 21:15:00,63.73,63.83,63.7,63.7,2468.291,1638.611
2026-10-09 21:30:00,63.69,63.78,63.66,63.75,2787.894,610.45
2026-10-09 21:45:00,63.74,63.77,63.66,63.67,410.745,216.44
2026-10-09 22:00:00,63.67,63.69,63.52,63.58,1900.126,1426.95
2026-10-09 22:15:00,63.58,63.68,63.58,63.66,426.93,166.973
2026-10-09 22:30:00,63.65,63.85,63.64,63.82,964.302,356.612
2026-10-09 22:45:00,63.82,63.96,63.72,63.72,4230.373,3187.148
2026-10-09 23:00:00,63.73,63.74,63.55,63.56,1156.256,743.928
2026-10-09 23:15:00,63.55,63.67,63.54,63.58,6330.874,3433.742
2026-10-09 23:30:00,63.59,63.81,63.52,63.73,19349.103,10986.541
2026-10-09 23:45:00,63.73,63.8,63.44,63.47,10326.47,1210.622
2026-10-10 00:00:00,63.47,63.68,63.43,63.68,1351.709,893.428
2026-10-10 00:15:00,63.68,63.76,63.6,63.62,1482.435,764.061
2026-10-10 00:30:00,63.62,63.69,63.57,63.59,746.725,396.455
2026-10-10 00:45:00,63.59,63.65,63.54,63.54,1233.782,918.612
2026-10-10 01:00:00,63.53,63.65,63.44,63.65,1731.63,695.882
2026-10-10 01:15:00,63.65,63.7,63.58,63.66,652.87,383.915
2026-10-10 01:30:00,63.65,63.86,63.61,63.78,2004.463,1048.573
2026-10-10 01:45:00,63.77,63.88,63.75,63.78,1309.87,680.907
2026-10-10 02:00:00,63.78,63.89,63.67,63.84,1919.968,1085.657
2026-10-10 02:15:00,63.84,63.91,63.64,63.68,2588.381,1367.12
2026-10-10 02:30:00,63.68,63.82,63.68,63.78,1932.968,1373.395
2026-10-10 02:45:00,63.77,63.82,63.71,63.75,1191.668,760.62
2026-10-10 03:00:00,63.74,63.84,63.69,63.74,1623.249,913.578
2026-10-10 03:15:00,63.73,63.73,63.47,63.49,1299.662,622.565
2026-10-10 03:30:00,63.49,63.57,63.48,63.54,1093.276,496.498
2026-10-10 03:45:00,63.54,63.58,63.5,63.52,841.92,496.937
2026-10-10 04:00:00,63.52,63.69,63.5,63.57,1301.033,694.874
2026-10-10 04:15:00,63.56,63.71,63.44,63.6,2861.006,1163.594
2026-10-10 04:30:00,63.59,63.63,63.49,63.56,970.216,364.025
2026-10-10 04:45:00,63.57,63.64,63.52,63.6,645.99,264.513
2026-10-10 05:00:00,63.61,63.89,63.54,63.75,1537.707,640.671
2026-10-10 05:15:00,63.75,63.85,63.72,63.78,2137.163,1213.122
2026-10-10 05:30:00,63.78,64.01,63.78,63.99,4121.463,2457.017
2026-10-10 05:45:00,63.99,64.01,63.94,63.99,702.715,329.922
2026-10-10 06:00:00,63.98,64.02,63.81,63.87,2690.401,1824.97
2026-10-10 06:15:00,63.86,63.92,63.8,63.83,1241.073,709.039
2026-10-10 06:30:00,63.82,63.89,63.77,63.88,878.236,362.688
2026-10-10 06:45:00,63.87,63.88,63.66,63.72,1350.306,400.633
2026-10-10 07:00:00,63.72,63.74,63.61,63.63,2763.319,1116.301
2026-10-10 07:15:00,63.63,63.65,63.54,63.57,1211.215,772.142
2026-10-10 07:30:00,63.56,63.6,63.48,63.49,2562.925,970.482
2026-10-10 07:45:00,63.5,63.57,63.5,63.55,1464.717,784.586
2026-10-10 08:00:00,63.55,63.69,63.5,63.58,2040.253,1211.238
2026-10-10 08:15:00,63.58,63.59,63.48,63.51,1490.498,985.199
2026-10-10 08:30:00,63.52,63.61,63.43,63.45,1400.109,615.616
2026-10-10 08:45:00,63.46,63.5,63.42,63.5,873.914,612.572
2026-10-10 09:00:00,63.5,63.57,63.44,63.51,1803.303,985.348
2026-10-10 09:15:00,63.51,63.59,63.5,63.57,3985.873,3453
2026-10-10 09:30:00,63.57,63.65,63.54,63.6,1921.595,1308.087
2026-10-10 09:45:00,63.61,63.64,63.53,63.55,2290.037,1210.933
2026-10-10 10:00:00,63.55,63.57,63.5,63.54,1527.35,1015.133
2026-10-10 10:15:00,63.55,63.6,63.45,63.48,1518.649,632.961
2026-10-10 10:30:00,63.48,63.59,63.44,63.58,747.698,579.526
2026-10-10 10:45:00,63.59,63.66,63.59,63.61,984.019,625.629
2026-10-10 11:00:00,63.6,63.65,63.53,63.62,1166.846,641.524
2026-10-10 11:15:00,63.63,63.7,63.62,63.64,2116.093,972.679
2026-10-10 11:30:00,63.64,63.77,63.63,63.77,1539.961,954.098
2026-10-10 11:45:00,63.77,63.81,63.74,63.79,2944.341,1597.467
2026-10-10 12:00:00,63.79,63.83,63.75,63.76,3104.73,2255.099
2026-10-10 12:15:00,63.76,63.82,63.68,63.75,5323.509,1612.003
2026-10-10 12:30:00,63.74,63.85,63.66,63.8,2467.138,1596.966
2026-10-10 12:45:00,63.8,63.8,63.67,63.7,1748.28,702.164
2026-10-10 13:00:00,63.7,63.79,63.68,63.71,1631.307,1008.748
2026-10-10 13:15:00,63.72,63.86,63.71,63.82,1088.999,702.317
2026-10-10 13:30:00,63.82,63.95,63.73,63.73,1972.3,987.005
2026-10-10 13:45:00,63.74,63.9,63.71,63.79,3709.723,1877.111
2026-10-10 14:00:00,63.79,63.85,63.7,63.84,1531.884,1084.308
2026-10-10 14:15:00,63.85,64.06,63.79,64.06,1870.458,1227.607
2026-10-10 14:30:00,64.07,64.26,64.02,64.16,3559.544,2513.958
2026-10-10 14:45:00,64.16,64.21,64.08,64.09,1390.66,734.059
2026-10-10 15:00:00,64.09,64.16,64.02,64.08,5455.513,1821.947
2026-10-10 15:15:00,64.07,64.1,64.01,64.05,1476.202,732.206
2026-10-10 15:30:00,64.06,64.2,64.05,64.18,1176.248,747.09
2026-10-10 15:45:00,64.19,64.24,64.09,64.17,4103.063,1307.56
2026-10-10 16:00:00,64.17,64.25,64.05,64.22,4047.459,970.283
2026-10-10 16:15:00,64.22,64.34,64.2,64.3,2165.7,1355.566
2026-10-10 16:30:00,64.29,64.44,64.27,64.34,1998.569,1058.219
2026-10-10 16:45:00,64.34,64.38,64.19,64.22,1364.706,994.572
2026-10-10 17:00:00,64.23,64.28,64.11,64.2,1172.652,542.921
2026-10-10 17:15:00,64.2,64.25,64.17,64.21,1059.626,770.046
2026-10-10 17:30:00,64.21,64.24,64.12,64.14,1650.921,903.344
2026-10-10 17:45:00,64.15,64.28,64.12,64.13,1466.888,949.655
2026-10-10 18:00:00,64.13,64.15,64.03,64.03,1179.569,641.456
2026-10-10 18:15:00,64.04,64.2,63.99,64.08,3711.316,1991.772
2026-10-10 18:30:00,64.07,64.18,64.06,64.13,1109.944,705.244
2026-10-10 18:45:00,64.13,64.17,64.07,64.11,1736.181,1336.795
2026-10-10 19:00:00,64.1,64.18,64.09,64.13,1098.966,651.22
