t,o,h,l,c,v,taker_buy_v
2026-03-10 13:00:00,1.304,1.312,1.293,1.303,960510.2,494352.8
2026-03-10 14:00:00,1.303,1.333,1.28,1.328,2302008.8,1006556.7
2026-03-10 15:00:00,1.328,1.33,1.299,1.306,1371143.5,661243.8
2026-03-10 16:00:00,1.305,1.316,1.293,1.313,1282797.3,652465.5
2026-03-10 17:00:00,1.312,1.319,1.3,1.302,1123867.8,542290.7
2026-03-10 18:00:00,1.302,1.308,1.277,1.286,1738533.4,690159.6
2026-03-10 19:00:00,1.286,1.291,1.276,1.278,631338.8,236146.8
2026-03-10 20:00:00,1.278,1.293,1.278,1.287,574170.9,217972.1
2026-03-10 21:00:00,1.287,1.289,1.272,1.277,643255.4,238486.6
2026-03-10 22:00:00,1.277,1.283,1.267,1.28,542796.6,240206.2
2026-03-10 23:00:00,1.28,1.286,1.279,1.284,192314.9,99896.7
2026-03-11 00:00:00,1.283,1.295,1.282,1.291,667669.4,347021.4
2026-03-11 01:00:00,1.291,1.303,1.278,1.28,940713.5,430095.5
2026-03-11 02:00:00,1.281,1.289,1.272,1.289,629234.3,259448.4
2026-03-11 03:00:00,1.289,1.298,1.283,1.283,1054497.4,378615.7
2026-03-11 04:00:00,1.282,1.285,1.276,1.283,445453.9,260489.7
2026-03-11 05:00:00,1.283,1.286,1.268,1.274,560102.3,191008.4
2026-03-11 06:00:00,1.274,1.29,1.274,1.287,668258.6,339461.2
2026-03-11 07:00:00,1.287,1.292,1.276,1.276,514667.8,205919.5
2026-03-11 08:00:00,1.277,1.278,1.27,1.277,557496.3,244597.1
2026-03-11 09:00:00,1.277,1.278,1.269,1.27,370724,157959
2026-03-11 10:00:00,1.271,1.289,1.271,1.279,689117.4,314629.3
2026-03-11 11:00:00,1.279,1.288,1.276,1.285,530044.3,273676.8
2026-03-11 12:00:00,1.286,1.307,1.283,1.296,1327015.8,754697.1
2026-03-11 13:00:00,1.296,1.323,1.295,1.304,2044384.5,891410.4
2026-03-11 14:00:00,1.304,1.317,1.302,1.307,987310.6,465203.5
2026-03-11 15:00:00,1.308,1.309,1.287,1.296,1511274.7,637714.3
2026-03-11 16:00:00,1.296,1.3,1.288,1.299,898917.8,404093.3
2026-03-11 17:00:00,1.299,1.306,1.286,1.293,942141.7,404924.2
2026-03-11 18:00:00,1.293,1.298,1.29,1.294,718067.6,303882.9
2026-03-11 19:00:00,1.295,1.298,1.289,1.295,526794,222007.8
2026-03-11 20:00:00,1.295,1.297,1.288,1.293,388666.6,144331.4
2026-03-11 21:00:00,1.294,1.302,1.292,1.302,361760.8,222534.8
2026-03-11 22:00:00,1.302,1.305,1.295,1.3,405610.2,238658
2026-03-11 23:00:00,1.301,1.304,1.294,1.299,263248.9,128102.2
2026-03-12 00:00:00,1.298,1.307,1.294,1.305,1113321.4,533529.2
2026-03-12 01:00:00,1.305,1.305,1.29,1.295,450837.9,210597.4
2026-03-12 02:00:00,1.295,1.299,1.284,1.285,616087.7,277336.9
2026-03-12 03:00:00,1.285,1.296,1.283,1.287,545021.2,203341.9
2026-03-12 04:00:00,1.286,1.294,1.286,1.291,265508.8,133689.8
2026-03-12 05:00:00,1.29,1.29,1.278,1.29,418842.9,212059.6
2026-03-12 06:00:00,1.291,1.309,1.288,1.306,519194.2,226313.8
2026-03-12 07:00:00,1.307,1.326,1.299,1.325,1956028.8,1327716.1
2026-03-12 08:00:00,1.325,1.331,1.313,1.317,1331892.9,610924.9
2026-03-12 09:00:00,1.317,1.339,1.312,1.332,1229591.3,689653.5
2026-03-12 10:00:00,1.332,1.338,1.326,1.334,786640.4,379252.6
2026-03-12 11:00:00,1.334,1.342,1.321,1.324,860563.5,385702.6
2026-03-12 12:00:00,1.324,1.325,1.316,1.32,591872.9,280133.6
2026-03-12 13:00:00,1.32,1.33,1.308,1.322,886155.8,406191.1
2026-03-12 14:00:00,1.322,1.328,1.304,1.318,1033615.9,445488.4
2026-03-12 15:00:00,1.319,1.335,1.316,1.323,651227,338856.6
2026-03-12 16:00:00,1.323,1.326,1.314,1.321,561238.2,240031.8
2026-03-12 17:00:00,1.322,1.347,1.322,1.339,1926749.8,807371.5
2026-03-12 18:00:00,1.339,1.352,1.33,1.333,1270699.1,685971.7
2026-03-12 19:00:00,1.333,1.353,1.33,1.34,1109152.1,623850.6
2026-03-12 20:00:00,1.339,1.341,1.323,1.334,623928.8,270401.7
2026-03-12 21:00:00,1.334,1.357,1.332,1.355,788558,499891.6
2026-03-12 22:00:00,1.354,1.364,1.353,1.361,524417.6,308846.7
2026-03-12 23:00:00,1.361,1.372,1.348,1.368,1098008.2,550312.4
2026-03-13 00:00:00,1.368,1.41,1.364,1.383,4701957,2737766
2026-03-13 01:00:00,1.384,1.422,1.384,1.413,1932226.6,1038716.7
2026-03-13 02:00:00,1.413,1.421,1.375,1.388,1404672.9,670456.9
2026-03-13 03:00:00,1.389,1.392,1.378,1.388,534306.2,282361.2
2026-03-13 04:00:00,1.387,1.388,1.367,1.369,750081.1,387584.4
2026-03-13 05:00:00,1.37,1.385,1.366,1.376,406922.6,191241.2
2026-03-13 06:00:00,1.376,1.378,1.357,1.357,772889.1,236193.2
2026-03-13 07:00:00,1.357,1.359,1.343,1.345,1016376.2,471887.6
2026-03-13 08:00:00,1.345,1.352,1.319,1.33,4787050.6,1787735.8
2026-03-13 09:00:00,1.329,1.345,1.327,1.336,864144.3,488445.9
2026-03-13 10:00:00,1.336,1.356,1.336,1.348,1724230.2,819964.5
2026-03-13 11:00:00,1.348,1.353,1.34,1.35,944216,489326.3
2026-03-13 12:00:00,1.35,1.358,1.348,1.352,731113.3,404902.5
2026-03-13 13:00:00,1.352,1.367,1.346,1.356,1608863.3,920900.7
2026-03-13 14:00:00,1.357,1.368,1.348,1.349,2040662.7,1068273.3
2026-03-13 15:00:00,1.349,1.361,1.342,1.352,1683827,792119.8
2026-03-13 16:00:00,1.353,1.371,1.35,1.367,967145.7,522917.8
2026-03-13 17:00:00,1.368,1.376,1.345,1.347,931660.7,342609.1
2026-03-13 18:00:00,1.347,1.352,1.34,1.346,582525,232863.8
2026-03-13 19:00:00,1.346,1.352,1.342,1.345,473988.1,233284.7
2026-03-13 20:00:00,1.345,1.349,1.34,1.348,401718.4,221202.2
2026-03-13 21:00:00,1.348,1.357,1.339,1.342,541653.2,251271.3
2026-03-13 22:00:00,1.341,1.342,1.326,1.332,749673.4,424163.9
2026-03-13 23:00:00,1.331,1.341,1.331,1.336,551942.5,305683.8
2026-03-14 00:00:00,1.335,1.335,1.315,1.319,770941.5,340975.2
2026-03-14 01:00:00,1.32,1.341,1.319,1.335,750620.5,391159.9
2026-03-14 02:00:00,1.336,1.336,1.324,1.331,347184.9,171578.9
2026-03-14 03:00:00,1.331,1.342,1.329,1.333,299198.3,187044.7
2026-03-14 04:00:00,1.333,1.335,1.324,1.325,442573.7,181690.7
2026-03-14 05:00:00,1.326,1.328,1.314,1.317,482070.8,198782
2026-03-14 06:00:00,1.317,1.32,1.311,1.317,382733.9,169441
2026-03-14 07:00:00,1.316,1.32,1.314,1.317,292787.8,170538.6
2026-03-14 08:00:00,1.316,1.32,1.313,1.313,267574.1,131547.9
2026-03-14 09:00:00,1.313,1.317,1.307,1.31,282956.9,126119
2026-03-14 10:00:00,1.31,1.311,1.304,1.306,403802,185426.6
2026-03-14 11:00:00,1.306,1.309,1.303,1.306,205751.5,83933.8
2026-03-14 12:00:00,1.306,1.313,1.304,1.313,258401.1,143778.8
2026-03-14 13:00:00,1.313,1.313,1.297,1.307,746922.8,218140.2
2026-03-14 14:00:00,1.307,1.314,1.305,1.308,371637.2,166659.4
2026-03-14 15:00:00,1.307,1.312,1.305,1.31,232991.8,107021.6
2026-03-14 16:00:00,1.31,1.316,1.307,1.312,223573.7,111346.4
2026-03-14 17:00:00,1.312,1.313,1.305,1.306,153354.1,42646.5
2026-03-14 18:00:00,1.306,1.308,1.303,1.306,164073.9,68478.3
2026-03-14 19:00:00,1.306,1.308,1.304,1.306,132708.4,64941.7
2026-03-14 20:00:00,1.305,1.308,1.303,1.306,122517.2,48863.6
2026-03-14 21:00:00,1.306,1.312,1.303,1.309,191055.4,75491.9
2026-03-14 22:00:00,1.309,1.316,1.307,1.314,235166.6,144519.8
2026-03-14 23:00:00,1.315,1.328,1.314,1.325,573389.6,271643.8
2026-03-15 00:00:00,1.325,1.327,1.317,1.321,341463.3,174191.6
2026-03-15 01:00:00,1.32,1.348,1.317,1.346,1006208.4,487587.1
2026-03-15 02:00:00,1.346,1.364,1.341,1.361,878257.7,411609.2
2026-03-15 03:00:00,1.361,1.378,1.354,1.356,821811.4,398415
2026-03-15 04:00:00,1.356,1.366,1.341,1.345,616848.8,250888.7
2026-03-15 05:00:00,1.345,1.355,1.341,1.346,367448.5,194912.4
2026-03-15 06:00:00,1.346,1.346,1.331,1.336,442552.8,174510.2
2026-03-15 07:00:00,1.336,1.343,1.332,1.338,467078.7,269412.4
2026-03-15 08:00:00,1.338,1.348,1.336,1.348,302636.2,180712.2
2026-03-15 09:00:00,1.348,1.358,1.343,1.349,588735.1,293759.5
2026-03-15 10:00:00,1.349,1.353,1.344,1.351,166639.7,93654.4
2026-03-15 11:00:00,1.351,1.355,1.347,1.352,369872.6,200528.7
2026-03-15 12:00:00,1.352,1.365,1.344,1.356,477130.4,228910
2026-03-15 13:00:00,1.356,1.357,1.339,1.347,666128.3,318566.4
2026-03-15 14:00:00,1.347,1.349,1.325,1.336,691090.1,293689.3
2026-03-15 15:00:00,1.337,1.34,1.333,1.338,335445.7,186778.7
2026-03-15 16:00:00,1.337,1.344,1.334,1.335,320104.6,151818.1
2026-03-15 17:00:00,1.335,1.353,1.335,1.346,460211.6,240388.3
2026-03-15 18:00:00,1.347,1.349,1.333,1.336,481176.1,243838.5
2026-03-15 19:00:00,1.336,1.343,1.335,1.341,154264.6,87404.7
2026-03-15 20:00:00,1.341,1.35,1.338,1.344,282563.4,146351.9
2026-03-15 21:00:00,1.345,1.363,1.343,1.356,743172.6,475089.9
2026-03-15 22:00:00,1.356,1.362,1.341,1.353,841089.2,397416.5
2026-03-15 23:00:00,1.354,1.358,1.338,1.35,955634.4,567680.7
2026-03-16 00:00:00,1.351,1.357,1.34,1.355,459288,274304.4
2026-03-16 01:00:00,1.356,1.37,1.353,1.367,605366.6,336370
2026-03-16 02:00:00,1.367,1.375,1.356,1.371,960472.4,454533.7
2026-03-16 03:00:00,1.371,1.406,1.367,1.389,2488740.2,1329617.8
2026-03-16 04:00:00,1.39,1.408,1.389,1.403,1000827.4,548209.5
2026-03-16 05:00:00,1.403,1.419,1.399,1.414,1087651.3,631363
2026-03-16 06:00:00,1.414,1.416,1.393,1.401,695368.7,324617.2
2026-03-16 07:00:00,1.402,1.41,1.393,1.393,785658,358464.6
2026-03-16 08:00:00,1.394,1.407,1.37,1.374,1184038.2,568765.1
2026-03-16 09:00:00,1.374,1.383,1.372,1.378,420945.2,194300.8
2026-03-16 10:00:00,1.379,1.386,1.373,1.386,454048.5,245543.9
2026-03-16 11:00:00,1.387,1.396,1.383,1.392,685219.1,325412.7
2026-03-16 12:00:00,1.392,1.403,1.389,1.398,851113.9,416595.7
2026-03-16 13:00:00,1.398,1.438,1.395,1.432,2349877.6,1287932.5
2026-03-16 14:00:00,1.432,1.438,1.398,1.416,2674936.1,1356010
2026-03-16 15:00:00,1.416,1.418,1.4,1.414,1138191.4,500889.6
2026-03-16 16:00:00,1.415,1.45,1.413,1.44,1385137.4,757989.9
2026-03-16 17:00:00,1.44,1.448,1.433,1.437,1111054.4,441340.2
2026-03-16 18:00:00,1.437,1.448,1.43,1.434,1294410,575111.6
2026-03-16 19:00:00,1.435,1.446,1.43,1.446,969796.3,419341.3
2026-03-16 20:00:00,1.446,1.465,1.442,1.465,775963,460351.7
2026-03-16 21:00:00,1.464,1.493,1.462,1.476,1917039.5,1028171.4
2026-03-16 22:00:00,1.476,1.51,1.474,1.507,2195933.8,1097743.4
2026-03-16 23:00:00,1.507,1.51,1.487,1.49,2066655.3,905050.4
2026-03-17 00:00:00,1.491,1.51,1.483,1.492,1941669.1,966327.9
2026-03-17 01:00:00,1.493,1.493,1.466,1.475,1925911,840773.5
2026-03-17 02:00:00,1.475,1.477,1.457,1.457,1234521.8,548997.2
2026-03-17 03:00:00,1.458,1.459,1.449,1.456,1020628.7,443192.2
2026-03-17 04:00:00,1.456,1.458,1.436,1.441,1034179.9,417739.9
2026-03-17 05:00:00,1.44,1.446,1.424,1.434,981294.7,468648.3
2026-03-17 06:00:00,1.434,1.453,1.428,1.45,595169.7,315328.2
2026-03-17 07:00:00,1.45,1.468,1.447,1.462,676142.1,410692.8
2026-03-17 08:00:00,1.462,1.476,1.459,1.465,722998.8,353452.6
2026-03-17 09:00:00,1.465,1.469,1.449,1.453,937166,404250.1
2026-03-17 10:00:00,1.454,1.457,1.447,1.453,446265.6,197203.5
2026-03-17 11:00:00,1.454,1.46,1.44,1.444,1289112.9,583713.1
2026-03-17 12:00:00,1.443,1.452,1.438,1.444,894897.4,394873.5
2026-03-17 13:00:00,1.444,1.45,1.431,1.439,714283.2,335226.6
2026-03-17 14:00:00,1.439,1.456,1.434,1.454,663048.9,380210.1
2026-03-17 15:00:00,1.454,1.462,1.445,1.461,581087.8,312254.2
2026-03-17 16:00:00,1.46,1.466,1.455,1.463,524161.1,278159.3
2026-03-17 17:00:00,1.463,1.466,1.459,1.465,229581,127662.3
2026-03-17 18:00:00,1.464,1.466,1.457,1.459,516000.7,210325.5
2026-03-17 19:00:00,1.459,1.459,1.452,1.454,268050,105597.8
2026-03-17 20:00:00,1.454,1.462,1.452,1.458,205095.9,120360.6
2026-03-17 21:00:00,1.458,1.467,1.457,1.459,303580.9,164652.6
2026-03-17 22:00:00,1.459,1.464,1.452,1.459,322058.6,162907.1
2026-03-17 23:00:00,1.459,1.462,1.451,1.452,161360.8,69048.1
2026-03-18 00:00:00,1.452,1.46,1.449,1.459,450150,226698.1
2026-03-18 01:00:00,1.459,1.461,1.45,1.45,380177,120320.4
2026-03-18 02:00:00,1.45,1.471,1.449,1.458,710129.5,368564.5
2026-03-18 03:00:00,1.459,1.468,1.457,1.459,479854.7,286607.6
2026-03-18 04:00:00,1.459,1.459,1.446,1.456,441969.3,228168.1
2026-03-18 05:00:00,1.456,1.468,1.447,1.449,433661.1,176034.7
2026-03-18 06:00:00,1.45,1.454,1.439,1.44,604928.7,252308.7
2026-03-18 07:00:00,1.44,1.441,1.431,1.439,424305.8,193374.9
2026-03-18 08:00:00,1.439,1.446,1.437,1.441,295462.8,142877.3
2026-03-18 09:00:00,1.442,1.458,1.439,1.455,553664.1,304129.1
2026-03-18 10:00:00,1.455,1.458,1.449,1.457,457788.3,207945.7
2026-03-18 11:00:00,1.457,1.458,1.424,1.434,1561045.8,711890.3
2026-03-18 12:00:00,1.433,1.438,1.407,1.415,2202517.3,1014754.5
2026-03-18 13:00:00,1.415,1.421,1.403,1.408,1227702.1,587689.8
2026-03-18 14:00:00,1.409,1.41,1.383,1.386,1722054.5,773623
2026-03-18 15:00:00,1.387,1.396,1.38,1.386,1217319.9,577111.5
2026-03-18 16:00:00,1.386,1.39,1.373,1.379,800753.1,312774.1
2026-03-18 17:00:00,1.379,1.401,1.373,1.392,1385033.9,630366.2
2026-03-18 18:00:00,1.392,1.406,1.379,1.385,2130429.5,918882.3
2026-03-18 19:00:00,1.385,1.396,1.384,1.392,979115.4,528790.2
2026-03-18 20:00:00,1.391,1.402,1.381,1.4,1066867.7,510520.1
2026-03-18 21:00:00,1.399,1.404,1.393,1.393,548910.5,192956.9
2026-03-18 22:00:00,1.393,1.393,1.383,1.386,471070.4,201498.8
2026-03-18 23:00:00,1.386,1.388,1.38,1.386,367421.7,172718.3
2026-03-19 00:00:00,1.387,1.389,1.377,1.377,474672.2,193769.1
2026-03-19 01:00:00,1.378,1.38,1.371,1.379,435196.8,175051.6
2026-03-19 02:00:00,1.378,1.385,1.375,1.38,274464.7,135328.4
2026-03-19 03:00:00,1.381,1.397,1.378,1.385,359440.6,173887.6
2026-03-19 04:00:00,1.386,1.386,1.374,1.375,368762.3,186980.5
2026-03-19 05:00:00,1.375,1.378,1.359,1.365,770874.2,330924.3
2026-03-19 06:00:00,1.365,1.374,1.362,1.363,405358.9,191281.3
2026-03-19 07:00:00,1.363,1.365,1.343,1.354,1037250.3,470679.7
2026-03-19 08:00:00,1.354,1.356,1.347,1.349,264922,129071.2
2026-03-19 09:00:00,1.348,1.364,1.348,1.363,358529.2,193332.2
2026-03-19 10:00:00,1.362,1.362,1.354,1.356,391618.2,213166.7
2026-03-19 11:00:00,1.357,1.359,1.354,1.355,121361.2,77795.1
2026-03-19 12:00:00,1.355,1.356,1.335,1.336,878882.9,456558.3
2026-03-19 13:00:00,1.336,1.341,1.325,1.337,2194395.2,1316573.3
2026-03-19 14:00:00,1.338,1.342,1.326,1.339,868841.4,454994.4
2026-03-19 15:00:00,1.338,1.342,1.322,1.336,1122673.9,582188.7
2026-03-19 16:00:00,1.336,1.336,1.324,1.325,475364.2,169467.6
2026-03-19 17:00:00,1.326,1.338,1.322,1.335,358396.5,155322.8
2026-03-19 18:00:00,1.334,1.337,1.329,1.334,239966.4,90215.6
2026-03-19 19:00:00,1.334,1.35,1.332,1.343,745900.2,433118
2026-03-19 20:00:00,1.343,1.346,1.336,1.337,238131.7,110591.4
2026-03-19 21:00:00,1.337,1.34,1.329,1.333,545476,275163.9
2026-03-19 22:00:00,1.332,1.332,1.323,1.329,440062.8,253563.8
2026-03-19 23:00:00,1.33,1.341,1.328,1.335,739379.9,408949.4
2026-03-20 00:00:00,1.335,1.346,1.333,1.346,505169.1,307842
2026-03-20 01:00:00,1.346,1.359,1.343,1.357,507648.5,272687.7
2026-03-20 02:00:00,1.357,1.358,1.348,1.353,570966,347201.6
2026-03-20 03:00:00,1.353,1.354,1.346,1.346,351774.5,206691.3
2026-03-20 04:00:00,1.346,1.356,1.345,1.355,302667,177657.8
2026-03-20 05:00:00,1.355,1.365,1.352,1.36,550591.1,316504.4
2026-03-20 06:00:00,1.36,1.362,1.354,1.355,366385.3,179920.2
2026-03-20 07:00:00,1.354,1.357,1.339,1.352,1402864.2,623347.5
2026-03-20 08:00:00,1.352,1.36,1.347,1.347,723969.2,387047.3
2026-03-20 09:00:00,1.347,1.349,1.336,1.344,429923.2,219107.1
2026-03-20 10:00:00,1.344,1.346,1.336,1.343,336754.4,167041.5
2026-03-20 11:00:00,1.344,1.35,1.33,1.334,345017.5,128108.5
2026-03-20 12:00:00,1.334,1.343,1.331,1.333,562390.9,216615.1
2026-03-20 13:00:00,1.334,1.343,1.33,1.333,809892.3,461177.3
2026-03-20 14:00:00,1.333,1.345,1.325,1.325,822600.2,426122
2026-03-20 15:00:00,1.326,1.333,1.315,1.332,738215.7,335375.3
2026-03-20 16:00:00,1.333,1.339,1.327,1.333,453023.3,221650
2026-03-20 17:00:00,1.333,1.338,1.326,1.337,264335.9,128718
2026-03-20 18:00:00,1.338,1.339,1.313,1.316,883364.3,369152.8
2026-03-20 19:00:00,1.316,1.323,1.309,1.322,537995.6,256071.6
2026-03-20 20:00:00,1.323,1.324,1.311,1.319,292426.2,135695.3
2026-03-20 21:00:00,1.32,1.331,1.315,1.326,489504.4,268804.9
2026-03-20 22:00:00,1.327,1.337,1.322,1.324,471965.9,257365.7
2026-03-20 23:00:00,1.323,1.323,1.314,1.316,281055.2,143229.7
2026-03-21 00:00:00,1.316,1.321,1.312,1.315,264871.2,151473.6
2026-03-21 01:00:00,1.316,1.32,1.312,1.313,211238.3,106017.3
2026-03-21 02:00:00,1.313,1.323,1.312,1.32,240453.8,118885.3
2026-03-21 03:00:00,1.32,1.321,1.313,1.315,146572.8,71249.5
2026-03-21 04:00:00,1.314,1.319,1.313,1.315,252279.7,148284.3
2026-03-21 05:00:00,1.314,1.32,1.314,1.316,159661.6,81902.4
2026-03-21 06:00:00,1.315,1.321,1.314,1.319,149320,89987.6
2026-03-21 07:00:00,1.318,1.321,1.315,1.316,116168.9,49289.3
2026-03-21 08:00:00,1.317,1.321,1.316,1.32,161590.3,86710.3
2026-03-21 09:00:00,1.319,1.323,1.313,1.313,88534.2,44900.5
2026-03-21 10:00:00,1.314,1.315,1.31,1.314,194420.6,64574.1
2026-03-21 11:00:00,1.314,1.315,1.31,1.314,102048.6,57602.4
2026-03-21 12:00:00,1.314,1.315,1.305,1.307,129592.7,48474.1
2026-03-21 13:00:00,1.307,1.312,1.306,1.31,121171.9,52368.5
2026-03-21 14:00:00,1.31,1.32,1.31,1.314,350434,205802
2026-03-21 15:00:00,1.315,1.33,1.314,1.33,232503,149375.9
2026-03-21 16:00:00,1.33,1.332,1.32,1.321,315323,130297.6
2026-03-21 17:00:00,1.321,1.326,1.318,1.324,210529.4,103500.9
2026-03-21 18:00:00,1.323,1.329,1.322,1.324,158861.1,68758.5
2026-03-21 19:00:00,1.323,1.324,1.318,1.32,76159.1,34241.8
2026-03-21 20:00:00,1.32,1.324,1.318,1.323,77024.5,35237.8
2026-03-21 21:00:00,1.322,1.326,1.32,1.321,146308.1,55204.5
2026-03-21 22:00:00,1.321,1.321,1.314,1.316,168892.5,76198
2026-03-21 23:00:00,1.315,1.315,1.27,1.281,1823932.1,951407.9
2026-03-22 00:00:00,1.281,1.299,1.26,1.292,1444728.2,691505.9
2026-03-22 01:00:00,1.292,1.298,1.285,1.292,448897.7,198745.7
2026-03-22 02:00:00,1.292,1.305,1.289,1.298,393341.9,177928.7
2026-03-22 03:00:00,1.297,1.306,1.294,1.297,349421.4,140941.6
2026-03-22 04:00:00,1.297,1.304,1.295,1.302,459187.8,253810.3
2026-03-22 05:00:00,1.301,1.304,1.297,1.302,212037.3,101238.8
2026-03-22 06:00:00,1.302,1.304,1.293,1.298,211309.3,91799
2026-03-22 07:00:00,1.298,1.303,1.291,1.292,112017.2,45209.3
2026-03-22 08:00:00,1.291,1.297,1.285,1.295,488247.3,293066.9
2026-03-22 09:00:00,1.295,1.301,1.292,1.296,239796.3,128827.3
2026-03-22 10:00:00,1.296,1.296,1.285,1.286,203242.1,51429.4
2026-03-22 11:00:00,1.285,1.286,1.277,1.278,280203.5,94326.2
2026-03-22 12:00:00,1.278,1.288,1.276,1.28,418385.4,252790.7
2026-03-22 13:00:00,1.279,1.285,1.277,1.279,253267.6,81871
2026-03-22 14:00:00,1.278,1.284,1.274,1.283,291979.6,149240.7
2026-03-22 15:00:00,1.283,1.297,1.283,1.286,351766.3,179667.1
2026-03-22 16:00:00,1.287,1.29,1.284,1.289,114254.7,59552.7
2026-03-22 17:00:00,1.288,1.295,1.285,1.291,197287.6,106979
2026-03-22 18:00:00,1.29,1.29,1.274,1.28,289129.4,117010
2026-03-22 19:00:00,1.281,1.281,1.272,1.277,230446.6,110090
2026-03-22 20:00:00,1.278,1.284,1.275,1.278,136706.3,76270.6
2026-03-22 21:00:00,1.278,1.284,1.264,1.279,639783.2,286911.6
2026-03-22 22:00:00,1.279,1.285,1.27,1.283,575544.7,249303
2026-03-22 23:00:00,1.282,1.286,1.272,1.274,138975.3,59715.1
2026-03-23 00:00:00,1.274,1.282,1.265,1.279,448711.1,224240.6
2026-03-23 01:00:00,1.279,1.284,1.274,1.279,315351.2,148688.7
2026-03-23 02:00:00,1.279,1.29,1.277,1.283,387177.9,209188.4
2026-03-23 03:00:00,1.284,1.292,1.283,1.283,386740.4,142092.5
2026-03-23 04:00:00,1.283,1.293,1.283,1.291,148583.5,97314.5
2026-03-23 05:00:00,1.292,1.294,1.279,1.285,480931.7,246365.9
2026-03-23 06:00:00,1.284,1.284,1.263,1.268,585053.2,224226.4
2026-03-23 07:00:00,1.267,1.272,1.256,1.265,702544.6,295041.7
2026-03-23 08:00:00,1.265,1.271,1.26,1.261,492727.2,238922
2026-03-23 09:00:00,1.261,1.265,1.252,1.263,338403.1,154682.1
2026-03-23 10:00:00,1.264,1.271,1.259,1.263,364713.6,145747.3
2026-03-23 11:00:00,1.263,1.332,1.263,1.302,4931235.2,2531020.4
2026-03-23 12:00:00,1.303,1.313,1.291,1.311,1186781.5,615027.7
2026-03-23 13:00:00,1.311,1.314,1.295,1.312,939076.3,485022.5
2026-03-23 14:00:00,1.312,1.321,1.308,1.319,1343646,764828.6
2026-03-23 15:00:00,1.318,1.326,1.29,1.293,1650224.7,761557.4
2026-03-23 16:00:00,1.294,1.306,1.29,1.305,790163.7,453394.9
2026-03-23 17:00:00,1.305,1.309,1.295,1.305,661578.6,332325.4
2026-03-23 18:00:00,1.305,1.319,1.3,1.319,570789.6,312228.6
2026-03-23 19:00:00,1.318,1.32,1.305,1.305,217161.6,80562
2026-03-23 20:00:00,1.305,1.324,1.302,1.322,445594,211352
2026-03-23 21:00:00,1.322,1.327,1.319,1.326,279747.1,140290.2
2026-03-23 22:00:00,1.326,1.327,1.31,1.313,389563.8,158069.1
2026-03-23 23:00:00,1.313,1.319,1.304,1.311,457705.1,257391
2026-03-24 00:00:00,1.311,1.317,1.301,1.31,1024811.8,524263.4
2026-03-24 01:00:00,1.31,1.315,1.297,1.301,594146.6,341313.8
2026-03-24 02:00:00,1.301,1.314,1.295,1.297,516716.4,331020.6
2026-03-24 03:00:00,1.297,1.311,1.295,1.307,476268.6,330952.3
2026-03-24 04:00:00,1.308,1.31,1.303,1.304,281077.9,136956.2
2026-03-24 05:00:00,1.304,1.312,1.298,1.306,631458,370120.7
2026-03-24 06:00:00,1.306,1.311,1.299,1.309,459955,274753.7
2026-03-24 07:00:00,1.308,1.322,1.306,1.319,730178.2,478503
2026-03-24 08:00:00,1.319,1.329,1.317,1.322,633211.9,388473.6
2026-03-24 09:00:00,1.322,1.328,1.317,1.327,406704.5,235439.9
2026-03-24 10:00:00,1.328,1.33,1.311,1.314,529625.3,243572.9
2026-03-24 11:00:00,1.313,1.314,1.296,1.3,682832.1,340489.4
2026-03-24 12:00:00,1.3,1.303,1.294,1.296,444372.2,192863.6
2026-03-24 13:00:00,1.296,1.304,1.291,1.292,713336.6,405172.4
2026-03-24 14:00:00,1.293,1.298,1.281,1.292,880003.7,476325.4
2026-03-24 15:00:00,1.292,1.295,1.282,1.283,495483.9,216012.9
2026-03-24 16:00:00,1.283,1.292,1.282,1.291,289475.7,129713.9
2026-03-24 17:00:00,1.291,1.292,1.273,1.28,587533.4,271139.3
2026-03-24 18:00:00,1.279,1.294,1.278,1.289,254585.7,172426.1
2026-03-24 19:00:00,1.289,1.297,1.288,1.293,412346.6,138668.1
2026-03-24 20:00:00,1.293,1.304,1.293,1.301,533388,271351.6
2026-03-24 21:00:00,1.301,1.303,1.29,1.295,381411.1,183714.4
2026-03-24 22:00:00,1.296,1.299,1.284,1.29,279924.2,120088.7
2026-03-24 23:00:00,1.29,1.293,1.285,1.292,350448.3,143645.1
2026-03-25 00:00:00,1.292,1.303,1.288,1.298,432434.2,241719.8
2026-03-25 01:00:00,1.298,1.301,1.291,1.296,240434.7,125203
2026-03-25 02:00:00,1.296,1.3,1.293,1.294,143339.3,66054.1
2026-03-25 03:00:00,1.294,1.296,1.286,1.293,267107.4,124056.1
2026-03-25 04:00:00,1.293,1.296,1.289,1.295,87845.4,48076.9
2026-03-25 05:00:00,1.295,1.31,1.282,1.283,1162203.7,632544.4
2026-03-25 06:00:00,1.283,1.284,1.268,1.278,1134752.9,470476
2026-03-25 07:00:00,1.278,1.284,1.272,1.276,445570.8,180771.9
2026-03-25 08:00:00,1.277,1.302,1.276,1.299,820925.5,431278.1
2026-03-25 09:00:00,1.298,1.298,1.282,1.292,434044.8,190957.9
2026-03-25 10:00:00,1.292,1.304,1.291,1.302,532674.3,308732.7
2026-03-25 11:00:00,1.302,1.308,1.298,1.308,437763.6,223648.3
2026-03-25 12:00:00,1.307,1.312,1.297,1.302,749492.7,352678.7
2026-03-25 13:00:00,1.303,1.307,1.294,1.294,490070.8,240894
2026-03-25 14:00:00,1.295,1.308,1.292,1.3,1266998.2,773915
2026-03-25 15:00:00,1.3,1.303,1.28,1.282,1137903.5,545521.8
2026-03-25 16:00:00,1.283,1.299,1.278,1.291,887932.3,343392.2
2026-03-25 17:00:00,1.291,1.295,1.272,1.28,626652.5,261080
2026-03-25 18:00:00,1.28,1.284,1.274,1.276,474888.3,180273.3
2026-03-25 19:00:00,1.276,1.283,1.273,1.28,270489.3,134957
2026-03-25 20:00:00,1.28,1.284,1.27,1.274,514500.6,241966.8
2026-03-25 21:00:00,1.274,1.279,1.27,1.277,461604.2,174678.1
2026-03-25 22:00:00,1.276,1.286,1.273,1.281,397904.3,205308.9
2026-03-25 23:00:00,1.281,1.285,1.276,1.28,260983.6,86664.8
2026-03-26 00:00:00,1.28,1.28,1.27,1.273,307424.2,145348.8
2026-03-26 01:00:00,1.274,1.277,1.27,1.271,234607.2,132499.1
2026-03-26 02:00:00,1.27,1.272,1.254,1.262,750576.6,329908.5
2026-03-26 03:00:00,1.262,1.263,1.253,1.254,335564.7,136982.5
2026-03-26 04:00:00,1.255,1.256,1.248,1.25,355447.9,178394.8
2026-03-26 05:00:00,1.249,1.249,1.233,1.237,684089.3,246085.4
2026-03-26 06:00:00,1.236,1.241,1.229,1.232,408622.2,238335.1
2026-03-26 07:00:00,1.232,1.236,1.231,1.235,150934.1,82244.2
2026-03-26 08:00:00,1.234,1.236,1.227,1.232,216049,88468.8
2026-03-26 09:00:00,1.232,1.235,1.218,1.221,553362.9,203310.5
2026-03-26 10:00:00,1.221,1.224,1.219,1.22,413959.6,123636.5
2026-03-26 11:00:00,1.22,1.228,1.219,1.225,281569.2,121987.8
2026-03-26 12:00:00,1.224,1.23,1.222,1.224,200729.1,101692.4
2026-03-26 13:00:00,1.224,1.24,1.221,1.235,564627.2,258122.8
2026-03-26 14:00:00,1.236,1.239,1.232,1.235,490779.5,267732
2026-03-26 15:00:00,1.234,1.235,1.218,1.22,686875.8,253141.5
2026-03-26 16:00:00,1.22,1.226,1.212,1.213,453232.9,210109.8
2026-03-26 17:00:00,1.213,1.221,1.208,1.212,272552.1,151949.9
2026-03-26 18:00:00,1.211,1.214,1.206,1.212,265142.4,146068.5
2026-03-26 19:00:00,1.211,1.212,1.203,1.207,250323.4,109868
2026-03-26 20:00:00,1.207,1.232,1.204,1.223,823657.9,431935.7
2026-03-26 21:00:00,1.223,1.234,1.22,1.225,271139.8,133960.6
2026-03-26 22:00:00,1.225,1.226,1.219,1.226,234171.5,79963
2026-03-26 23:00:00,1.226,1.228,1.219,1.224,123843.9,54481.2
2026-03-27 00:00:00,1.223,1.235,1.223,1.23,245195.2,149041.2
2026-03-27 01:00:00,1.229,1.24,1.227,1.239,282713.2,122680.6
2026-03-27 02:00:00,1.239,1.24,1.233,1.235,311123.3,144823.6
2026-03-27 03:00:00,1.236,1.237,1.229,1.229,194237.4,46946.5
2026-03-27 04:00:00,1.23,1.23,1.221,1.227,435778.5,267382.4
2026-03-27 05:00:00,1.227,1.23,1.222,1.228,568077.2,200790.6
2026-03-27 06:00:00,1.228,1.233,1.226,1.233,118487.7,52920.8
2026-03-27 07:00:00,1.232,1.238,1.231,1.237,154136.9,86788.1
2026-03-27 08:00:00,1.237,1.239,1.222,1.23,306069.6,126052.4
2026-03-27 09:00:00,1.23,1.23,1.212,1.215,209615.5,92901.5
2026-03-27 10:00:00,1.215,1.215,1.189,1.191,777351.3,300128.1
2026-03-27 11:00:00,1.192,1.197,1.183,1.187,2174392.7,1300640.4
2026-03-27 12:00:00,1.187,1.187,1.177,1.18,1632807.5,986369.5
2026-03-27 13:00:00,1.181,1.19,1.178,1.182,2067096.5,1559385.8
2026-03-27 14:00:00,1.182,1.187,1.175,1.187,610495,267818.3
2026-03-27 15:00:00,1.187,1.192,1.18,1.18,500886.2,248069.9
2026-03-27 16:00:00,1.181,1.183,1.175,1.178,382624.7,189846
2026-03-27 17:00:00,1.178,1.19,1.178,1.184,308705.9,173689.3
2026-03-27 18:00:00,1.185,1.187,1.177,1.18,303556.5,111416.5
2026-03-27 19:00:00,1.18,1.185,1.176,1.18,255845.1,149166.5
2026-03-27 20:00:00,1.18,1.183,1.169,1.176,295777.5,159991.4
2026-03-27 21:00:00,1.176,1.185,1.175,1.177,122955.7,68056.6
2026-03-27 22:00:00,1.177,1.179,1.171,1.178,88132,29758.6
2026-03-27 23:00:00,1.178,1.181,1.174,1.18,188780.1,86592.7
2026-03-28 00:00:00,1.181,1.182,1.175,1.176,102589.9,60335
2026-03-28 01:00:00,1.175,1.176,1.164,1.171,353520,168371.5
2026-03-28 02:00:00,1.172,1.177,1.162,1.165,232631.4,97303.1
2026-03-28 03:00:00,1.165,1.167,1.163,1.166,75600.2,38939.8
2026-03-28 04:00:00,1.165,1.168,1.162,1.168,125498.6,55251.9
2026-03-28 05:00:00,1.168,1.174,1.164,1.173,107255.3,59997.1
2026-03-28 06:00:00,1.172,1.177,1.169,1.172,152331.2,70687.1
2026-03-28 07:00:00,1.173,1.178,1.172,1.176,145160.2,108445.7
2026-03-28 08:00:00,1.176,1.179,1.173,1.174,60941.5,35497.2
2026-03-28 09:00:00,1.174,1.174,1.162,1.162,95293.9,44456.1
2026-03-28 10:00:00,1.163,1.168,1.161,1.166,193593.3,143286.4
2026-03-28 11:00:00,1.165,1.172,1.165,1.171,178376.9,119682.9
2026-03-28 12:00:00,1.17,1.172,1.164,1.164,129640.7,55723.1
2026-03-28 13:00:00,1.164,1.187,1.162,1.18,474439.7,249330.5
2026-03-28 14:00:00,1.18,1.184,1.173,1.178,495184.7,170438.2
2026-03-28 15:00:00,1.178,1.189,1.176,1.185,676324.9,334820.4
2026-03-28 16:00:00,1.185,1.19,1.181,1.187,311157.1,158091.7
2026-03-28 17:00:00,1.187,1.188,1.178,1.186,141359.2,67152.2
2026-03-28 18:00:00,1.186,1.19,1.184,1.188,162664.3,79406.1
2026-03-28 19:00:00,1.188,1.188,1.184,1.188,85822.6,40089
2026-03-28 20:00:00,1.189,1.192,1.187,1.188,159408.7,79175.6
2026-03-28 21:00:00,1.188,1.19,1.179,1.18,295278.1,112578.5
2026-03-28 22:00:00,1.18,1.181,1.175,1.179,201129.2,74240.5
2026-03-28 23:00:00,1.179,1.179,1.165,1.173,356172,118293.7
2026-03-29 00:00:00,1.173,1.175,1.161,1.165,1116188.6,628682.7
2026-03-29 01:00:00,1.164,1.174,1.164,1.168,780516.1,456815.2
2026-03-29 02:00:00,1.168,1.172,1.166,1.168,362610.5,216128.8
2026-03-29 03:00:00,1.169,1.177,1.168,1.171,338190.2,193014.4
2026-03-29 04:00:00,1.17,1.173,1.168,1.17,180107.7,91890
2026-03-29 05:00:00,1.17,1.173,1.166,1.171,221041.7,82349.9
2026-03-29 06:00:00,1.17,1.173,1.169,1.17,106663.7,47425.3
2026-03-29 07:00:00,1.17,1.17,1.162,1.163,248615.3,76044.6
2026-03-29 08:00:00,1.162,1.166,1.161,1.163,263644.4,133634.1
2026-03-29 09:00:00,1.163,1.167,1.161,1.162,491744.1,263104.4
2026-03-29 10:00:00,1.162,1.164,1.154,1.159,378742,156596.6
2026-03-29 11:00:00,1.158,1.167,1.158,1.164,232023.1,88745.9
2026-03-29 12:00:00,1.163,1.164,1.155,1.159,232173.5,128504.8
2026-03-29 13:00:00,1.159,1.163,1.151,1.158,316267.1,143909.9
2026-03-29 14:00:00,1.159,1.165,1.156,1.159,308444.6,167939
2026-03-29 15:00:00,1.159,1.162,1.155,1.159,364582.9,167611.6
2026-03-29 16:00:00,1.159,1.162,1.151,1.152,264281.2,99133.1
2026-03-29 17:00:00,1.152,1.158,1.149,1.156,262364.5,89248
2026-03-29 18:00:00,1.156,1.159,1.15,1.157,132892.1,69230
2026-03-29 19:00:00,1.157,1.159,1.155,1.157,110117.1,52116.9
2026-03-29 20:00:00,1.158,1.172,1.158,1.169,167313.4,111552.5
2026-03-29 21:00:00,1.169,1.176,1.167,1.174,193499.3,94048.6
2026-03-29 22:00:00,1.174,1.174,1.129,1.158,1014557,531372.6
2026-03-29 23:00:00,1.159,1.168,1.157,1.164,410726.1,253373.4
2026-03-30 00:00:00,1.165,1.19,1.164,1.17,397643.1,221458.5
2026-03-30 01:00:00,1.17,1.178,1.17,1.176,190519.1,106663.2
2026-03-30 02:00:00,1.176,1.198,1.176,1.188,590723.9,311403.9
2026-03-30 03:00:00,1.188,1.192,1.184,1.189,161022.5,73138
2026-03-30 04:00:00,1.19,1.204,1.186,1.201,631882.6,360794.9
2026-03-30 05:00:00,1.202,1.207,1.194,1.199,317209.7,160337.7
2026-03-30 06:00:00,1.199,1.203,1.195,1.197,203233.4,108379.6
2026-03-30 07:00:00,1.196,1.207,1.19,1.205,299723.4,174850.6
2026-03-30 08:00:00,1.205,1.226,1.204,1.22,627692.2,333867.2
2026-03-30 09:00:00,1.221,1.221,1.2,1.202,286717.7,118730.7
2026-03-30 10:00:00,1.203,1.203,1.195,1.198,245396.4,100657.4
2026-03-30 11:00:00,1.198,1.212,1.198,1.2,373476,217005.1
2026-03-30 12:00:00,1.201,1.208,1.2,1.205,193942.2,118587.3
2026-03-30 13:00:00,1.205,1.208,1.192,1.193,590790.2,305767.8
2026-03-30 14:00:00,1.193,1.194,1.178,1.187,400613.2,179813.8
2026-03-30 15:00:00,1.187,1.189,1.176,1.18,228118.7,97086.1
2026-03-30 16:00:00,1.181,1.181,1.17,1.172,318366.8,219200.9
2026-03-30 17:00:00,1.173,1.175,1.158,1.166,704963.2,435927.6
2026-03-30 18:00:00,1.167,1.17,1.153,1.16,1252684.8,566600
2026-03-30 19:00:00,1.16,1.162,1.148,1.154,387060,181306.8
2026-03-30 20:00:00,1.154,1.159,1.149,1.156,270314.8,132144.5
2026-03-30 21:00:00,1.156,1.174,1.156,1.168,310702.8,167119.7
2026-03-30 22:00:00,1.168,1.17,1.163,1.165,153183.7,62110.2
2026-03-30 23:00:00,1.165,1.165,1.155,1.162,318183.1,144513.4
2026-03-31 00:00:00,1.162,1.172,1.161,1.172,219933.4,101746.9
2026-03-31 01:00:00,1.172,1.203,1.171,1.19,863625.3,494246.8
2026-03-31 02:00:00,1.19,1.192,1.18,1.185,498224.6,254095.2
2026-03-31 03:00:00,1.184,1.184,1.176,1.18,212468.5,89595.9
2026-03-31 04:00:00,1.18,1.183,1.176,1.177,270783,104184.9
2026-03-31 05:00:00,1.176,1.181,1.173,1.179,200520.8,112792.7
2026-03-31 06:00:00,1.179,1.187,1.175,1.186,212303.6,99723.6
2026-03-31 07:00:00,1.186,1.187,1.178,1.187,313525.8,127703
2026-03-31 08:00:00,1.186,1.187,1.175,1.176,221709.3,127527.4
2026-03-31 09:00:00,1.176,1.18,1.162,1.167,444546.7,159772.8
2026-03-31 10:00:00,1.166,1.174,1.166,1.167,241249.4,137334.4
2026-03-31 11:00:00,1.166,1.177,1.164,1.176,717411.8,415410.8
2026-03-31 12:00:00,1.175,1.184,1.172,1.173,628239.4,339178.2
2026-03-31 13:00:00,1.173,1.194,1.173,1.191,517933.8,285275.4
2026-03-31 14:00:00,1.191,1.2,1.174,1.176,988737.5,508236.7
2026-03-31 15:00:00,1.177,1.193,1.173,1.174,349229,166677.6
2026-03-31 16:00:00,1.174,1.198,1.173,1.196,628661.2,352221.6
2026-03-31 17:00:00,1.196,1.203,1.183,1.185,897183.8,322552.1
2026-03-31 18:00:00,1.185,1.191,1.183,1.189,209173.5,105112.7
2026-03-31 19:00:00,1.189,1.192,1.18,1.188,714806.4,317896
2026-03-31 20:00:00,1.187,1.19,1.183,1.186,381207.7,178613.1
2026-03-31 21:00:00,1.185,1.189,1.178,1.184,276448,134034.8
2026-03-31 22:00:00,1.184,1.185,1.176,1.18,211888.8,105291
2026-03-31 23:00:00,1.18,1.19,1.178,1.189,243224,134243.8
2026-04-01 00:00:00,1.188,1.193,1.184,1.19,325096,193460.3
2026-04-01 01:00:00,1.191,1.193,1.181,1.183,261842.5,121190.1
2026-04-01 02:00:00,1.182,1.186,1.178,1.181,254047.4,144129.8
2026-04-01 03:00:00,1.181,1.193,1.181,1.193,222311,137582.2
2026-04-01 04:00:00,1.192,1.197,1.188,1.196,370293.4,180891.7
2026-04-01 05:00:00,1.195,1.211,1.191,1.207,391202.1,254580.6
2026-04-01 06:00:00,1.207,1.225,1.206,1.221,397026,193035.6
2026-04-01 07:00:00,1.222,1.228,1.214,1.218,533681.5,271857
2026-04-01 08:00:00,1.217,1.223,1.211,1.214,481487.6,186849.5
2026-04-01 09:00:00,1.213,1.215,1.206,1.21,276060,106163.9
2026-04-01 10:00:00,1.211,1.212,1.199,1.204,423930.9,141343.7
2026-04-01 11:00:00,1.204,1.212,1.203,1.212,193775.1,107363.4
2026-04-01 12:00:00,1.213,1.23,1.21,1.218,830491.1,423540.9
2026-04-01 13:00:00,1.218,1.218,1.201,1.208,709920.5,380736.7
2026-04-01 14:00:00,1.207,1.216,1.205,1.214,467371.1,195586.7
2026-04-01 15:00:00,1.214,1.216,1.202,1.207,363603,168358.8
2026-04-01 16:00:00,1.206,1.209,1.199,1.206,286647.7,142274.5
2026-04-01 17:00:00,1.205,1.215,1.202,1.206,414680.1,209514.2
2026-04-01 18:00:00,1.206,1.207,1.198,1.199,460227.6,145774.5
2026-04-01 19:00:00,1.199,1.206,1.197,1.202,131823.9,73330.5
2026-04-01 20:00:00,1.201,1.203,1.195,1.198,267034.2,133934.3
2026-04-01 21:00:00,1.198,1.206,1.197,1.201,148274.5,86787.4
2026-04-01 22:00:00,1.2,1.202,1.19,1.191,382668.8,230611.6
2026-04-01 23:00:00,1.192,1.193,1.186,1.191,348776.8,191848.5
2026-04-02 00:00:00,1.191,1.206,1.189,1.202,342707.2,220272.4
2026-04-02 01:00:00,1.201,1.201,1.163,1.172,1506212.9,728422.8
2026-04-02 02:00:00,1.172,1.172,1.158,1.165,468083.7,257710.8
2026-04-02 03:00:00,1.165,1.168,1.153,1.157,481861.6,183361.4
2026-04-02 04:00:00,1.156,1.161,1.152,1.154,315249.2,139800.9
2026-04-02 05:00:00,1.154,1.156,1.145,1.154,516317.9,227335.9
2026-04-02 06:00:00,1.155,1.161,1.153,1.155,316787.6,143126.3
2026-04-02 07:00:00,1.156,1.168,1.155,1.166,689151.1,397903.3
2026-04-02 08:00:00,1.166,1.166,1.154,1.156,507609.5,194038.7
2026-04-02 09:00:00,1.156,1.158,1.153,1.156,428492.9,249559.6
2026-04-02 10:00:00,1.155,1.158,1.15,1.152,187093,78558.5
2026-04-02 11:00:00,1.152,1.155,1.146,1.153,192548.6,95448.2
2026-04-02 12:00:00,1.153,1.157,1.151,1.153,159455.1,92670.8
2026-04-02 13:00:00,1.152,1.153,1.14,1.149,504731.2,255936.8
2026-04-02 14:00:00,1.148,1.17,1.147,1.166,746103.1,458783.8
2026-04-02 15:00:00,1.165,1.166,1.153,1.158,477678.7,288914.3
2026-04-02 16:00:00,1.157,1.165,1.151,1.158,261203.5,139303.6
2026-04-02 17:00:00,1.158,1.167,1.15,1.151,237409,121307.6
2026-04-02 18:00:00,1.151,1.157,1.148,1.154,185899.3,84661.8
2026-04-02 19:00:00,1.155,1.159,1.152,1.158,303588.8,135756.7
2026-04-02 20:00:00,1.158,1.164,1.154,1.16,226170,118533.3
2026-04-02 21:00:00,1.16,1.161,1.153,1.158,147714.3,70923.6
2026-04-02 22:00:00,1.158,1.163,1.157,1.161,186012.3,108530.6
2026-04-02 23:00:00,1.16,1.163,1.159,1.162,207098.7,128149.1
2026-04-03 00:00:00,1.163,1.166,1.159,1.161,111717.5,56179.3
2026-04-03 01:00:00,1.161,1.167,1.158,1.162,285079.2,153642.4
2026-04-03 02:00:00,1.163,1.17,1.16,1.169,213593.9,104866.7
2026-04-03 03:00:00,1.169,1.179,1.166,1.177,255613.7,141411.8
2026-04-03 04:00:00,1.177,1.182,1.174,1.181,191074.1,105872.8
2026-04-03 05:00:00,1.181,1.189,1.176,1.186,317570.7,178897.7
2026-04-03 06:00:00,1.185,1.206,1.184,1.198,524533.3,286975.7
2026-04-03 07:00:00,1.198,1.211,1.196,1.205,750215.1,465146.4
2026-04-03 08:00:00,1.206,1.222,1.204,1.212,627288.9,339928.2
2026-04-03 09:00:00,1.212,1.223,1.208,1.22,659992.3,385050.5
2026-04-03 10:00:00,1.22,1.226,1.216,1.222,393866.7,179246.1
2026-04-03 11:00:00,1.223,1.228,1.219,1.223,571781.7,301591.1
2026-04-03 12:00:00,1.224,1.23,1.213,1.216,1011867.4,605863.6
2026-04-03 13:00:00,1.217,1.217,1.209,1.215,460710.9,231391.9
2026-04-03 14:00:00,1.214,1.218,1.209,1.214,441824.1,149360.7
2026-04-03 15:00:00,1.213,1.215,1.203,1.205,467041.6,185899.7
2026-04-03 16:00:00,1.204,1.212,1.203,1.212,311465.4,221831.3
2026-04-03 17:00:00,1.211,1.213,1.203,1.205,292540.7,115023.7
2026-04-03 18:00:00,1.205,1.208,1.2,1.202,173139.2,83003.1
2026-04-03 19:00:00,1.202,1.209,1.197,1.206,185221.1,110272.1
2026-04-03 20:00:00,1.206,1.216,1.206,1.215,312015.8,196154.2
2026-04-03 21:00:00,1.216,1.221,1.21,1.211,235411.9,92205
2026-04-03 22:00:00,1.211,1.211,1.205,1.207,151458.6,63248.3
2026-04-03 23:00:00,1.207,1.211,1.205,1.209,117667.5,64934.1
2026-04-04 00:00:00,1.209,1.213,1.208,1.21,120020.7,69333.6
2026-04-04 01:00:00,1.211,1.213,1.207,1.211,166727,75752.7
2026-04-04 02:00:00,1.211,1.214,1.21,1.212,193974.9,118719.3
2026-04-04 03:00:00,1.213,1.225,1.212,1.223,179446.2,111833.9
2026-04-04 04:00:00,1.222,1.228,1.218,1.225,197897.7,101160.1
2026-04-04 05:00:00,1.225,1.229,1.219,1.219,148595.2,62995.1
2026-04-04 06:00:00,1.219,1.226,1.218,1.226,113646.3,77260.7
2026-04-04 07:00:00,1.225,1.234,1.225,1.231,228924.5,138445.8
2026-04-04 08:00:00,1.232,1.235,1.225,1.225,226185.6,74353.5
2026-04-04 09:00:00,1.226,1.229,1.224,1.227,117833.9,69577.4
2026-04-04 10:00:00,1.228,1.236,1.225,1.233,260190.2,144891.9
2026-04-04 11:00:00,1.233,1.237,1.231,1.232,355889.1,193833.7
2026-04-04 12:00:00,1.232,1.249,1.231,1.248,624509.9,347814.3
2026-04-04 13:00:00,1.248,1.259,1.243,1.243,723673.8,407273.8
2026-04-04 14:00:00,1.244,1.251,1.241,1.248,389812.9,210237.7
2026-04-04 15:00:00,1.248,1.268,1.248,1.264,1351197,712704.6
2026-04-04 16:00:00,1.265,1.276,1.256,1.256,1215528.1,534143
2026-04-04 17:00:00,1.256,1.282,1.252,1.279,1392698.7,771281.8
2026-04-04 18:00:00,1.279,1.284,1.273,1.279,465510.1,197305.2
2026-04-04 19:00:00,1.278,1.288,1.269,1.27,886338.8,492970.1
2026-04-04 20:00:00,1.27,1.271,1.264,1.264,292369.6,151767.2
2026-04-04 21:00:00,1.263,1.273,1.261,1.262,300719.9,151508.2
2026-04-04 22:00:00,1.262,1.262,1.254,1.255,220468.2,107415.5
2026-04-04 23:00:00,1.255,1.258,1.252,1.255,175856.7,74963.6
2026-04-05 00:00:00,1.256,1.26,1.253,1.258,338140.4,208863.9
2026-04-05 01:00:00,1.258,1.266,1.256,1.26,393305.1,249422.7
2026-04-05 02:00:00,1.26,1.26,1.253,1.259,296075.7,147421.6
2026-04-05 03:00:00,1.259,1.262,1.257,1.261,84647.7,50938
2026-04-05 04:00:00,1.261,1.271,1.258,1.264,352886.1,157898.7
2026-04-05 05:00:00,1.264,1.268,1.252,1.253,307873.4,160225.2
2026-04-05 06:00:00,1.252,1.252,1.24,1.246,673257.8,289270.4
2026-04-05 07:00:00,1.246,1.248,1.238,1.24,290812.8,141901.2
2026-04-05 08:00:00,1.24,1.245,1.239,1.244,122751.9,45303.2
2026-04-05 09:00:00,1.244,1.25,1.243,1.248,141713.7,86584
2026-04-05 10:00:00,1.248,1.25,1.242,1.242,268695.1,96194.9
2026-04-05 11:00:00,1.242,1.248,1.241,1.247,176057.5,87333.2
2026-04-05 12:00:00,1.247,1.249,1.234,1.243,403871,179080.9
2026-04-05 13:00:00,1.244,1.247,1.237,1.247,621199.2,205807.6
2026-04-05 14:00:00,1.248,1.251,1.244,1.245,192625.4,116477
2026-04-05 15:00:00,1.245,1.263,1.242,1.247,531580.1,286736.3
2026-04-05 16:00:00,1.247,1.251,1.244,1.245,80908.3,42499.1
2026-04-05 17:00:00,1.245,1.247,1.24,1.241,138332.7,53807.1
2026-04-05 18:00:00,1.241,1.242,1.23,1.233,289887.1,163907.8
2026-04-05 19:00:00,1.233,1.237,1.227,1.233,126048.6,45116
2026-04-05 20:00:00,1.233,1.237,1.231,1.233,126014.4,68395.6
2026-04-05 21:00:00,1.232,1.233,1.224,1.229,379645.5,88584.9
2026-04-05 22:00:00,1.229,1.244,1.226,1.243,331785.3,157257
2026-04-05 23:00:00,1.243,1.252,1.238,1.248,795451.9,408312.8
2026-04-06 00:00:00,1.248,1.264,1.247,1.261,604407.3,356481.1
2026-04-06 01:00:00,1.261,1.264,1.255,1.261,463381.3,284689.6
2026-04-06 02:00:00,1.261,1.275,1.261,1.269,394919.7,232181.1
2026-04-06 03:00:00,1.27,1.277,1.267,1.274,280118.8,155959.4
2026-04-06 04:00:00,1.274,1.28,1.268,1.277,440825.9,171597.4
2026-04-06 05:00:00,1.276,1.278,1.273,1.273,119674.9,63089.7
2026-04-06 06:00:00,1.273,1.278,1.268,1.275,467342.3,254450.8
2026-04-06 07:00:00,1.275,1.275,1.263,1.269,329710.7,181191.1
2026-04-06 08:00:00,1.268,1.281,1.268,1.277,349132.4,206696.4
2026-04-06 09:00:00,1.277,1.288,1.275,1.281,549169.5,279478.9
2026-04-06 10:00:00,1.281,1.296,1.281,1.294,478863.1,226122.9
2026-04-06 11:00:00,1.293,1.301,1.292,1.295,518045.4,298863.5
2026-04-06 12:00:00,1.296,1.302,1.292,1.294,443198.6,239262.4
2026-04-06 13:00:00,1.294,1.294,1.283,1.284,709564.5,262398.4
2026-04-06 14:00:00,1.284,1.287,1.271,1.282,618718.7,360742
2026-04-06 15:00:00,1.282,1.284,1.276,1.279,222592.2,106326.8
2026-04-06 16:00:00,1.279,1.286,1.277,1.281,332549.7,150202.3
2026-04-06 17:00:00,1.281,1.281,1.27,1.276,594697.9,205811.4
2026-04-06 18:00:00,1.277,1.278,1.272,1.274,90959,37890.2
2026-04-06 19:00:00,1.274,1.276,1.267,1.274,120770.4,61429.5
2026-04-06 20:00:00,1.273,1.28,1.271,1.279,395597.9,258071.2
2026-04-06 21:00:00,1.279,1.28,1.255,1.256,858506.2,282310.7
2026-04-06 22:00:00,1.256,1.263,1.247,1.248,428805.3,200793.5
2026-04-06 23:00:00,1.248,1.253,1.237,1.248,610827.3,313655.3
2026-04-07 00:00:00,1.248,1.25,1.238,1.242,328384.1,158042.9
2026-04-07 01:00:00,1.241,1.243,1.232,1.236,272238.6,131833.5
2026-04-07 02:00:00,1.235,1.238,1.23,1.235,489170.5,274047.3
2026-04-07 03:00:00,1.235,1.241,1.234,1.24,214992.8,158043
2026-04-07 04:00:00,1.24,1.242,1.233,1.239,471348.7,178204.6
2026-04-07 05:00:00,1.24,1.24,1.227,1.23,377475.9,191053.1
2026-04-07 06:00:00,1.231,1.236,1.226,1.235,161363.3,80112.2
2026-04-07 07:00:00,1.235,1.242,1.234,1.236,162949.4,83328
2026-04-07 08:00:00,1.236,1.248,1.236,1.246,351520.4,161596.5
2026-04-07 09:00:00,1.246,1.256,1.245,1.25,224656.3,124186.7
2026-04-07 10:00:00,1.25,1.256,1.235,1.238,482333.6,204642.1
2026-04-07 11:00:00,1.238,1.241,1.234,1.236,202469.2,103844.6
2026-04-07 12:00:00,1.236,1.246,1.226,1.243,698935.8,369485.9
2026-04-07 13:00:00,1.242,1.249,1.235,1.236,315119.1,117015.6
2026-04-07 14:00:00,1.236,1.237,1.228,1.228,389770.5,185045.6
2026-04-07 15:00:00,1.229,1.239,1.221,1.239,557268.6,278390.6
2026-04-07 16:00:00,1.238,1.247,1.235,1.238,544680.5,254724.9
2026-04-07 17:00:00,1.239,1.249,1.234,1.246,521826.9,241023.1
2026-04-07 18:00:00,1.246,1.251,1.243,1.247,184962.7,89394.5
2026-04-07 19:00:00,1.247,1.266,1.242,1.262,783784,399322.6
2026-04-07 20:00:00,1.262,1.271,1.262,1.267,503656.2,318416.4
2026-04-07 21:00:00,1.268,1.314,1.266,1.306,1646381,1094217.6
2026-04-07 22:00:00,1.307,1.333,1.297,1.332,2214234.8,1360256.3
2026-04-07 23:00:00,1.333,1.34,1.309,1.31,1676301.2,861555.4
2026-04-08 00:00:00,1.309,1.313,1.289,1.291,768440.6,364577.6
2026-04-08 01:00:00,1.29,1.3,1.285,1.296,638013.3,396447
2026-04-08 02:00:00,1.296,1.303,1.291,1.297,441127.8,231165.9
2026-04-08 03:00:00,1.296,1.302,1.292,1.299,239582.2,129064.9
2026-04-08 04:00:00,1.299,1.31,1.298,1.304,620601.3,406123.8
2026-04-08 05:00:00,1.305,1.33,1.305,1.322,1158178.7,558918.9
2026-04-08 06:00:00,1.322,1.341,1.321,1.337,723831.7,434671.4
2026-04-08 07:00:00,1.336,1.352,1.331,1.351,2273305.4,1052756.8
2026-04-08 08:00:00,1.351,1.368,1.34,1.366,2528400,1121051.8
2026-04-08 09:00:00,1.366,1.378,1.363,1.371,825776,428377.7
2026-04-08 10:00:00,1.371,1.378,1.359,1.36,941194,433281.4
2026-04-08 11:00:00,1.359,1.367,1.349,1.36,1247790.5,412968.2
2026-04-08 12:00:00,1.36,1.38,1.359,1.378,1004696.4,589237.6
2026-04-08 13:00:00,1.378,1.392,1.369,1.377,2273455.8,903192.6
2026-04-08 14:00:00,1.378,1.382,1.352,1.356,1544665.2,679635.3
2026-04-08 15:00:00,1.356,1.357,1.345,1.35,993744.5,348410.3
2026-04-08 16:00:00,1.35,1.357,1.342,1.354,464871.8,181079.7
2026-04-08 17:00:00,1.353,1.368,1.352,1.363,695299,351840.5
2026-04-08 18:00:00,1.363,1.364,1.34,1.34,594956,258415.8
2026-04-08 19:00:00,1.34,1.346,1.34,1.345,441830.6,172983.5
2026-04-08 20:00:00,1.345,1.355,1.34,1.345,850364.8,471975.6
2026-04-08 21:00:00,1.344,1.354,1.342,1.353,303471.4,174491.3
2026-04-08 22:00:00,1.353,1.353,1.335,1.335,830207.5,175960.5
2026-04-08 23:00:00,1.335,1.342,1.328,1.33,666739.3,267118.4
2026-04-09 00:00:00,1.33,1.335,1.326,1.331,408647,209970.6
2026-04-09 01:00:00,1.331,1.336,1.32,1.327,661675.3,359577.6
2026-04-09 02:00:00,1.328,1.337,1.324,1.329,829281.3,438420.2
2026-04-09 03:00:00,1.329,1.343,1.324,1.331,1710226.2,1051606.2
2026-04-09 04:00:00,1.33,1.345,1.327,1.338,864114.8,369873.1
2026-04-09 05:00:00,1.338,1.352,1.334,1.336,768645.4,436368.4
2026-04-09 06:00:00,1.336,1.346,1.336,1.346,360323.9,223024.5
2026-04-09 07:00:00,1.346,1.356,1.346,1.35,334162.6,164708.9
2026-04-09 08:00:00,1.349,1.35,1.342,1.345,389978.1,187169.2
2026-04-09 09:00:00,1.345,1.345,1.327,1.334,476801.2,230120.8
2026-04-09 10:00:00,1.333,1.335,1.329,1.329,281629.2,126102.7
2026-04-09 11:00:00,1.329,1.333,1.327,1.329,210679.2,99714.5
2026-04-09 12:00:00,1.33,1.342,1.328,1.341,347576.5,160765
2026-04-09 13:00:00,1.341,1.346,1.324,1.327,971304.9,409951.6
2026-04-09 14:00:00,1.327,1.353,1.324,1.347,633591,302211.7
2026-04-09 15:00:00,1.347,1.392,1.341,1.38,2352924,1087853.6
2026-04-09 16:00:00,1.381,1.392,1.357,1.363,1208257.6,610577.6
2026-04-09 17:00:00,1.363,1.368,1.352,1.36,542279.7,262478.8
2026-04-09 18:00:00,1.36,1.367,1.349,1.363,989468.7,470329.2
2026-04-09 19:00:00,1.362,1.371,1.359,1.362,699635.7,311473.8
2026-04-09 20:00:00,1.362,1.37,1.36,1.367,426607.1,235262.1
2026-04-09 21:00:00,1.367,1.372,1.352,1.357,455741,207503.4
2026-04-09 22:00:00,1.357,1.388,1.357,1.371,1060114.3,571546.9
2026-04-09 23:00:00,1.371,1.373,1.357,1.366,968178.2,541184.2
2026-04-10 00:00:00,1.366,1.371,1.354,1.368,790096.1,358786.2
2026-04-10 01:00:00,1.367,1.378,1.359,1.364,956289,480295.2
2026-04-10 02:00:00,1.364,1.37,1.36,1.361,312764.7,168957.2
2026-04-10 03:00:00,1.36,1.363,1.352,1.357,695004.1,345236.3
2026-04-10 04:00:00,1.358,1.375,1.357,1.373,494039.9,247892.7
2026-04-10 05:00:00,1.373,1.377,1.365,1.366,357486.1,172453.2
2026-04-10 06:00:00,1.366,1.376,1.348,1.355,659879.2,311962.3
2026-04-10 07:00:00,1.355,1.36,1.35,1.356,401522.7,174767.6
2026-04-10 08:00:00,1.356,1.361,1.345,1.355,528476.3,244178
2026-04-10 09:00:00,1.356,1.384,1.356,1.376,856665.3,397729.4
2026-04-10 10:00:00,1.376,1.38,1.367,1.369,358186.6,145760.9
2026-04-10 11:00:00,1.368,1.37,1.36,1.365,320189.3,163749.3
2026-04-10 12:00:00,1.364,1.369,1.354,1.363,754831.8,377538.2
2026-04-10 13:00:00,1.363,1.374,1.361,1.368,432338.4,218521.2
2026-04-10 14:00:00,1.368,1.386,1.365,1.386,816800.1,431028.2
2026-04-10 15:00:00,1.387,1.395,1.37,1.377,1028520.8,498474.7
2026-04-10 16:00:00,1.376,1.381,1.368,1.374,476608.7,270418.6
2026-04-10 17:00:00,1.374,1.374,1.36,1.366,266583.3,129511
2026-04-10 18:00:00,1.367,1.377,1.364,1.376,359898.6,192070.8
2026-04-10 19:00:00,1.376,1.379,1.369,1.378,293756.2,144668.8
2026-04-10 20:00:00,1.378,1.38,1.355,1.364,487517.3,230899.7
2026-04-10 21:00:00,1.363,1.364,1.347,1.357,578949.2,217708.2
2026-04-10 22:00:00,1.358,1.361,1.353,1.361,378252.3,219208.3
2026-04-10 23:00:00,1.36,1.363,1.355,1.361,329468.7,153839.5
2026-04-11 00:00:00,1.361,1.365,1.354,1.356,346840.1,147660.1
2026-04-11 01:00:00,1.356,1.358,1.339,1.351,371106.1,186946
2026-04-11 02:00:00,1.351,1.355,1.348,1.352,188977.2,107131.2
2026-04-11 03:00:00,1.352,1.362,1.349,1.353,365019,187417.7
2026-04-11 04:00:00,1.354,1.355,1.344,1.348,290302.1,141829.1
2026-04-11 05:00:00,1.348,1.351,1.339,1.34,284103.2,157266.9
2026-04-11 06:00:00,1.341,1.341,1.331,1.335,516556.2,234554.4
2026-04-11 07:00:00,1.334,1.341,1.332,1.34,155793.5,90439.7
2026-04-11 08:00:00,1.34,1.35,1.339,1.345,285189.4,117656.4
2026-04-11 09:00:00,1.345,1.348,1.341,1.347,187316,91859.3
2026-04-11 10:00:00,1.347,1.348,1.341,1.348,164640.8,76495.7
2026-04-11 11:00:00,1.347,1.353,1.345,1.352,195775.7,82078.2
2026-04-11 12:00:00,1.352,1.361,1.348,1.354,336291.6,161625.4
2026-04-11 13:00:00,1.353,1.36,1.348,1.358,249581,140905.5
2026-04-11 14:00:00,1.357,1.359,1.35,1.352,163933.8,85319.6
2026-04-11 15:00:00,1.352,1.369,1.352,1.367,334582,200975.9
2026-04-11 16:00:00,1.368,1.396,1.367,1.385,1200311.7,720188.6
2026-04-11 17:00:00,1.384,1.418,1.381,1.407,1435927.1,804740.4
2026-04-11 18:00:00,1.407,1.422,1.4,1.403,932038.2,448011.7
2026-04-11 19:00:00,1.403,1.417,1.402,1.408,538402.5,245861.7
2026-04-11 20:00:00,1.408,1.409,1.394,1.403,512202.1,228597.3
2026-04-11 21:00:00,1.402,1.416,1.396,1.406,686298.5,322357.1
2026-04-11 22:00:00,1.407,1.425,1.401,1.406,646358.1,351189.5
2026-04-11 23:00:00,1.405,1.409,1.394,1.402,801673.7,264993.1
2026-04-12 00:00:00,1.403,1.407,1.388,1.393,471802.6,263127.8
2026-04-12 01:00:00,1.393,1.395,1.345,1.348,1185632.7,530417.8
2026-04-12 02:00:00,1.347,1.352,1.335,1.351,675360.4,338422.8
2026-04-12 03:00:00,1.351,1.354,1.342,1.343,550221.7,240438.4
2026-04-12 04:00:00,1.343,1.344,1.334,1.339,443277.2,190778.4
2026-04-12 05:00:00,1.339,1.344,1.337,1.34,215333.7,84429.7
2026-04-12 06:00:00,1.34,1.345,1.332,1.335,188578,77988.9
2026-04-12 07:00:00,1.335,1.34,1.33,1.336,260834.7,118845.8
2026-04-12 08:00:00,1.336,1.342,1.334,1.336,318119.1,106764.9
2026-04-12 09:00:00,1.336,1.338,1.326,1.329,730597.2,255876.7
2026-04-12 10:00:00,1.328,1.331,1.323,1.325,342457,169226.3
2026-04-12 11:00:00,1.326,1.334,1.325,1.332,308337.8,218732
2026-04-12 12:00:00,1.331,1.343,1.329,1.332,552073.7,325466.6
2026-04-12 13:00:00,1.333,1.344,1.332,1.332,678140,311644.8
2026-04-12 14:00:00,1.332,1.353,1.331,1.339,609609.1,374222.9
2026-04-12 15:00:00,1.34,1.342,1.332,1.336,391957,261823.1
2026-04-12 16:00:00,1.335,1.35,1.334,1.347,387196.7,217636
2026-04-12 17:00:00,1.347,1.359,1.346,1.357,349004.7,185796.3
2026-04-12 18:00:00,1.357,1.368,1.353,1.355,373254.6,196969.3
2026-04-12 19:00:00,1.354,1.358,1.352,1.356,194519.7,111865.1
2026-04-12 20:00:00,1.357,1.369,1.354,1.363,592933.7,334702.7
2026-04-12 21:00:00,1.362,1.368,1.356,1.363,278968,128360.9
2026-04-12 22:00:00,1.363,1.363,1.346,1.351,669934.8,296060.3
2026-04-12 23:00:00,1.35,1.353,1.343,1.346,228529.6,112778.2
2026-04-13 00:00:00,1.347,1.374,1.345,1.363,869539.2,455829.3
2026-04-13 01:00:00,1.364,1.388,1.364,1.385,717314.2,397026.7
2026-04-13 02:00:00,1.386,1.387,1.356,1.362,791525.8,353102.4
2026-04-13 03:00:00,1.362,1.372,1.353,1.368,600754.5,293614.6
2026-04-13 04:00:00,1.368,1.374,1.355,1.357,518380.7,263376.3
2026-04-13 05:00:00,1.356,1.366,1.349,1.366,529059.5,245937.6
2026-04-13 06:00:00,1.365,1.393,1.365,1.388,1047213.1,550047.1
2026-04-13 07:00:00,1.389,1.395,1.374,1.387,813006.6,432644.8
2026-04-13 08:00:00,1.387,1.395,1.375,1.376,820653.1,399482.9
2026-04-13 09:00:00,1.376,1.395,1.376,1.389,707950.6,335219.2
2026-04-13 10:00:00,1.389,1.391,1.371,1.372,565945,212759.3
2026-04-13 11:00:00,1.372,1.381,1.37,1.38,396855.8,229823
2026-04-13 12:00:00,1.38,1.384,1.364,1.379,1101356.8,441216.2
2026-04-13 13:00:00,1.38,1.41,1.372,1.399,1165842.6,667728.7
2026-04-13 14:00:00,1.399,1.405,1.387,1.396,857338.9,442858.5
2026-04-13 15:00:00,1.396,1.396,1.367,1.377,1038843.1,461116.9
2026-04-13 16:00:00,1.377,1.393,1.374,1.39,669564.6,344147.5
2026-04-13 17:00:00,1.389,1.41,1.387,1.396,517955.7,228714.7
2026-04-13 18:00:00,1.396,1.404,1.391,1.4,363026.6,168920.3
2026-04-13 19:00:00,1.4,1.414,1.398,1.408,430504.7,269138.6
2026-04-13 20:00:00,1.407,1.408,1.386,1.391,392948,171166.8
2026-04-13 21:00:00,1.391,1.402,1.386,1.399,230465,136168.9
2026-04-13 22:00:00,1.399,1.416,1.396,1.406,1084069.8,592174.3
2026-04-13 23:00:00,1.407,1.421,1.398,1.419,797919.9,399429.6
2026-04-14 00:00:00,1.419,1.422,1.404,1.412,724598.7,362775.9
2026-04-14 01:00:00,1.412,1.423,1.405,1.414,1003342.7,485813.1
2026-04-14 02:00:00,1.414,1.418,1.41,1.414,250047.3,127134.6
2026-04-14 03:00:00,1.414,1.414,1.405,1.41,235120.3,92126.9
2026-04-14 04:00:00,1.409,1.416,1.405,1.408,250045.4,124076
2026-04-14 05:00:00,1.407,1.408,1.399,1.408,293650,149170.9
2026-04-14 06:00:00,1.408,1.427,1.406,1.426,521275.4,312785.3
2026-04-14 07:00:00,1.426,1.434,1.418,1.433,941431,470099.1
2026-04-14 08:00:00,1.434,1.439,1.423,1.428,719957.8,371014.9
2026-04-14 09:00:00,1.427,1.428,1.411,1.416,582961.6,283039.5
2026-04-14 10:00:00,1.415,1.424,1.404,1.407,849989.9,338603.7
2026-04-14 11:00:00,1.407,1.409,1.399,1.405,574636.8,266381.3
2026-04-14 12:00:00,1.404,1.415,1.404,1.408,745070.9,297164.4
2026-04-14 13:00:00,1.408,1.412,1.394,1.397,1002401.9,540354.1
2026-04-14 14:00:00,1.397,1.397,1.369,1.384,2005356.3,777644.6
2026-04-14 15:00:00,1.385,1.396,1.375,1.384,1275465.8,671026.3
2026-04-14 16:00:00,1.383,1.389,1.365,1.369,1269977.7,674440.3
2026-04-14 17:00:00,1.369,1.372,1.363,1.371,608316.5,304791.3
2026-04-14 18:00:00,1.371,1.375,1.356,1.362,978373.2,406494.5
2026-04-14 19:00:00,1.362,1.37,1.36,1.37,323087.3,161776.1
2026-04-14 20:00:00,1.37,1.373,1.362,1.363,373453.4,176857.9
2026-04-14 21:00:00,1.364,1.368,1.36,1.364,215590.8,102298.3
2026-04-14 22:00:00,1.363,1.364,1.354,1.358,474841.6,118205.2
2026-04-14 23:00:00,1.358,1.362,1.351,1.36,423539.4,207807.3
2026-04-15 00:00:00,1.36,1.368,1.358,1.363,490202.7,260139.4
2026-04-15 01:00:00,1.362,1.37,1.36,1.37,437939.4,250120.6
2026-04-15 02:00:00,1.37,1.371,1.36,1.364,206213.3,80255.6
2026-04-15 03:00:00,1.365,1.369,1.36,1.367,143241.2,72493.1
2026-04-15 04:00:00,1.367,1.372,1.362,1.371,323622.1,164228.6
2026-04-15 05:00:00,1.371,1.373,1.351,1.355,334326,132068.5
2026-04-15 06:00:00,1.355,1.356,1.347,1.349,158710.7,66730.4
2026-04-15 07:00:00,1.349,1.351,1.342,1.345,278077.4,124277.8
2026-04-15 08:00:00,1.344,1.355,1.343,1.35,323154.5,175811.8
2026-04-15 09:00:00,1.35,1.351,1.344,1.35,224425.1,107214.7
2026-04-15 10:00:00,1.351,1.368,1.351,1.365,416653.9,214621.2
2026-04-15 11:00:00,1.365,1.387,1.363,1.381,1200896.3,833003.7
2026-04-15 12:00:00,1.381,1.402,1.379,1.393,1416148.3,965225
2026-04-15 13:00:00,1.393,1.399,1.383,1.385,444106.1,213109.9
2026-04-15 14:00:00,1.385,1.399,1.381,1.399,799832.9,290000.4
2026-04-15 15:00:00,1.399,1.401,1.387,1.399,518851.7,237181.5
2026-04-15 16:00:00,1.399,1.405,1.391,1.4,488401.5,240217.2
2026-04-15 17:00:00,1.401,1.409,1.397,1.406,400470.5,188923.1
2026-04-15 18:00:00,1.405,1.411,1.397,1.407,279013.4,144817.8
2026-04-15 19:00:00,1.406,1.416,1.402,1.413,437513.2,223911
2026-04-15 20:00:00,1.413,1.413,1.403,1.412,307395.3,138652.5
2026-04-15 21:00:00,1.413,1.417,1.404,1.412,381242.7,196226.9
2026-04-15 22:00:00,1.413,1.422,1.41,1.415,466422.1,272061.5
2026-04-15 23:00:00,1.415,1.416,1.401,1.409,313087.5,133647.4
2026-04-16 00:00:00,1.41,1.413,1.402,1.407,286356.8,130096.5
2026-04-16 01:00:00,1.407,1.412,1.4,1.409,341704.6,194826.7
2026-04-16 02:00:00,1.409,1.421,1.408,1.418,339736.1,200983.8
2026-04-16 03:00:00,1.417,1.43,1.417,1.43,784350.7,461423.5
2026-04-16 04:00:00,1.429,1.436,1.424,1.428,524217.9,200663.7
2026-04-16 05:00:00,1.428,1.443,1.421,1.436,803951.4,394682.6
2026-04-16 06:00:00,1.435,1.439,1.429,1.438,451069.6,250281.4
2026-04-16 07:00:00,1.438,1.443,1.429,1.433,570179.1,315827.6
2026-04-16 08:00:00,1.432,1.433,1.413,1.42,529094,287232.2
2026-04-16 09:00:00,1.419,1.432,1.398,1.405,1882677.4,555651.7
2026-04-16 10:00:00,1.405,1.412,1.4,1.404,496259.4,260400.6
2026-04-16 11:00:00,1.405,1.409,1.402,1.405,505084.4,246939.3
2026-04-16 12:00:00,1.405,1.408,1.392,1.396,791015.5,310925.2
2026-04-16 13:00:00,1.396,1.407,1.369,1.381,1336621.1,613726.3
2026-04-16 14:00:00,1.381,1.387,1.367,1.382,1146240.9,615283.2
2026-04-16 15:00:00,1.382,1.416,1.382,1.415,828361.5,482297.6
2026-04-16 16:00:00,1.416,1.421,1.389,1.391,1068404.1,520300.6
2026-04-16 17:00:00,1.39,1.404,1.384,1.399,468279.9,265766.1
2026-04-16 18:00:00,1.4,1.422,1.397,1.419,858429.1,503190.6
2026-04-16 19:00:00,1.42,1.435,1.415,1.432,629890,361640.2
2026-04-16 20:00:00,1.432,1.436,1.421,1.427,458820.6,219562.9
2026-04-16 21:00:00,1.428,1.432,1.418,1.43,329732,162991.4
2026-04-16 22:00:00,1.43,1.437,1.423,1.434,581053.2,336344.7
2026-04-16 23:00:00,1.433,1.442,1.428,1.432,555295.2,269159
2026-04-17 00:00:00,1.432,1.434,1.424,1.434,351437.8,190843.2
2026-04-17 01:00:00,1.433,1.434,1.418,1.423,464770.7,209411.7
2026-04-17 02:00:00,1.422,1.423,1.405,1.412,370443.7,148634.6
2026-04-17 03:00:00,1.412,1.414,1.404,1.409,221596.3,116067.8
2026-04-17 04:00:00,1.409,1.416,1.396,1.403,430086.5,230511.2
2026-04-17 05:00:00,1.403,1.404,1.394,1.397,279326.5,134247.2
2026-04-17 06:00:00,1.397,1.427,1.396,1.418,366832,231066.4
2026-04-17 07:00:00,1.418,1.426,1.414,1.425,194917.1,104242.9
2026-04-17 08:00:00,1.426,1.431,1.418,1.426,287188.9,134810.9
2026-04-17 09:00:00,1.425,1.429,1.415,1.426,363590.8,193326.3
2026-04-17 10:00:00,1.426,1.432,1.369,1.386,6838098.5,4504707.6
2026-04-17 11:00:00,1.385,1.4,1.384,1.394,729657,358444.7
2026-04-17 12:00:00,1.395,1.407,1.389,1.405,1067071.6,471557.8
2026-04-17 13:00:00,1.405,1.43,1.397,1.428,1873790.1,898149.6
2026-04-17 14:00:00,1.427,1.442,1.42,1.43,1827679.8,960038.8
2026-04-17 15:00:00,1.429,1.429,1.408,1.411,912772.8,421659
2026-04-17 16:00:00,1.412,1.429,1.409,1.428,983351.2,520593.3
2026-04-17 17:00:00,1.428,1.431,1.413,1.425,890013.4,458704.3
2026-04-17 18:00:00,1.426,1.431,1.413,1.423,414686.2,191634.8
2026-04-17 19:00:00,1.422,1.431,1.416,1.424,670344.5,341965.3
2026-04-17 20:00:00,1.424,1.426,1.413,1.422,435307.7,228709.5
2026-04-17 21:00:00,1.422,1.428,1.417,1.421,236404.9,132681.7
2026-04-17 22:00:00,1.42,1.422,1.415,1.419,327309.5,164333.7
2026-04-17 23:00:00,1.418,1.421,1.403,1.407,504341.1,235964.7
2026-04-18 00:00:00,1.406,1.408,1.391,1.398,1014210.5,503456.9
2026-04-18 01:00:00,1.399,1.408,1.393,1.398,496087.1,227955.8
2026-04-18 02:00:00,1.398,1.404,1.394,1.402,409814.6,183059
2026-04-18 03:00:00,1.401,1.405,1.397,1.398,312089.7,118788
2026-04-18 04:00:00,1.399,1.408,1.397,1.406,285727.8,153827.8
2026-04-18 05:00:00,1.405,1.41,1.4,1.405,204089.6,97709.6
2026-04-18 06:00:00,1.404,1.421,1.402,1.418,695116.3,482410
2026-04-18 07:00:00,1.417,1.421,1.414,1.418,332848,144695.2
2026-04-18 08:00:00,1.418,1.42,1.395,1.408,941665.3,492911.2
2026-04-18 09:00:00,1.408,1.415,1.396,1.411,422799.8,211330.5
2026-04-18 10:00:00,1.41,1.411,1.391,1.395,931264.3,357974.2
2026-04-18 11:00:00,1.395,1.396,1.385,1.39,467521.4,216132.5
2026-04-18 12:00:00,1.39,1.393,1.378,1.386,408734.9,122505.2
2026-04-18 13:00:00,1.385,1.386,1.37,1.381,545260.9,247438.9
2026-04-18 14:00:00,1.381,1.389,1.379,1.382,288037.1,158795.7
2026-04-18 15:00:00,1.383,1.388,1.375,1.377,232060.6,91779.1
2026-04-18 16:00:00,1.376,1.385,1.37,1.373,664238,235789
2026-04-18 17:00:00,1.373,1.375,1.357,1.359,795373,236566.1
2026-04-18 18:00:00,1.359,1.362,1.351,1.353,456664.6,240257.7
2026-04-18 19:00:00,1.353,1.362,1.353,1.358,431910.2,198394.4
2026-04-18 20:00:00,1.358,1.36,1.352,1.354,212995.9,123419.7
2026-04-18 21:00:00,1.353,1.357,1.349,1.355,636915.9,133692.1
2026-04-18 22:00:00,1.356,1.356,1.345,1.347,302885.7,92946.3
2026-04-18 23:00:00,1.347,1.349,1.343,1.343,245479.4,151912.4
2026-04-19 00:00:00,1.344,1.347,1.332,1.342,728007.7,214296.8
2026-04-19 01:00:00,1.342,1.346,1.334,1.339,179435.9,86929.5
2026-04-19 02:00:00,1.338,1.341,1.33,1.338,414286.2,217854.1
2026-04-19 03:00:00,1.338,1.35,1.335,1.343,320416.7,142727.3
2026-04-19 04:00:00,1.342,1.358,1.341,1.352,519307.8,264954
2026-04-19 05:00:00,1.352,1.355,1.336,1.338,259004.5,94089.6
2026-04-19 06:00:00,1.338,1.344,1.33,1.336,380588.7,184783.9
2026-04-19 07:00:00,1.337,1.337,1.324,1.334,511485.5,256567.9
2026-04-19 08:00:00,1.335,1.336,1.33,1.334,220695.7,92167.1
2026-04-19 09:00:00,1.335,1.339,1.332,1.332,196459.5,109056.8
2026-04-19 10:00:00,1.332,1.343,1.33,1.342,174783.5,104156.9
2026-04-19 11:00:00,1.342,1.36,1.341,1.359,628450.7,305833.2
2026-04-19 12:00:00,1.359,1.366,1.35,1.363,576817,286526.9
2026-04-19 13:00:00,1.362,1.384,1.362,1.378,1375252.1,628959.6
2026-04-19 14:00:00,1.378,1.389,1.37,1.376,2670155.4,854872.8
2026-04-19 15:00:00,1.377,1.377,1.36,1.366,703905.4,370991.6
2026-04-19 16:00:00,1.366,1.368,1.359,1.36,477750,206922.3
2026-04-19 17:00:00,1.36,1.361,1.348,1.35,420386.1,180998.2
2026-04-19 18:00:00,1.35,1.356,1.345,1.353,486835.6,195289.7
2026-04-19 19:00:00,1.353,1.365,1.353,1.359,519669.8,247345.2
2026-04-19 20:00:00,1.359,1.359,1.342,1.347,298748.6,130885.3
2026-04-19 21:00:00,1.346,1.357,1.344,1.349,265618.4,136176.8
2026-04-19 22:00:00,1.348,1.349,1.322,1.332,1029273,469236
2026-04-19 23:00:00,1.331,1.331,1.325,1.325,228612.8,99239.6
2026-04-20 00:00:00,1.326,1.348,1.325,1.343,679473.5,358668.5
2026-04-20 01:00:00,1.343,1.358,1.343,1.349,408146.8,214739.7
2026-04-20 02:00:00,1.349,1.353,1.343,1.349,592132.9,326830.8
2026-04-20 03:00:00,1.349,1.36,1.347,1.359,122598,69815.3
2026-04-20 04:00:00,1.359,1.362,1.347,1.351,258586.1,131252.2
2026-04-20 05:00:00,1.35,1.351,1.339,1.349,278409.2,157168.1
2026-04-20 06:00:00,1.348,1.355,1.339,1.35,314733.6,179735.4
2026-04-20 07:00:00,1.35,1.365,1.341,1.349,735427.9,407217.7
2026-04-20 08:00:00,1.349,1.353,1.34,1.343,431443.7,223691.5
2026-04-20 09:00:00,1.342,1.356,1.339,1.351,349459.6,166961.5
2026-04-20 10:00:00,1.351,1.36,1.351,1.354,288231.1,155708.2
2026-04-20 11:00:00,1.354,1.356,1.347,1.35,342422.4,164805.9
2026-04-20 12:00:00,1.35,1.364,1.345,1.359,715626.9,354312.4
2026-04-20 13:00:00,1.358,1.364,1.348,1.358,613842.8,357884.4
2026-04-20 14:00:00,1.358,1.364,1.339,1.344,691111.8,320934.6
2026-04-20 15:00:00,1.344,1.355,1.335,1.352,548264.1,303911.1
2026-04-20 16:00:00,1.352,1.353,1.344,1.349,239806.5,128690.8
2026-04-20 17:00:00,1.348,1.363,1.348,1.362,390071.5,206456.2
2026-04-20 18:00:00,1.362,1.371,1.361,1.365,511968.2,265868.3
2026-04-20 19:00:00,1.364,1.365,1.356,1.36,225428,102233.9
2026-04-20 20:00:00,1.36,1.368,1.354,1.365,292825.4,194004.7
2026-04-20 21:00:00,1.365,1.371,1.361,1.37,567007.5,281737.9
2026-04-20 22:00:00,1.37,1.373,1.364,1.365,303313.5,146744.3
2026-04-20 23:00:00,1.364,1.364,1.358,1.362,283828.4,118712.4
2026-04-21 00:00:00,1.363,1.371,1.362,1.367,233223.3,142156.8
2026-04-21 01:00:00,1.366,1.372,1.358,1.358,232936.1,111094.8
2026-04-21 02:00:00,1.358,1.36,1.353,1.355,298802.1,153018.3
2026-04-21 03:00:00,1.356,1.358,1.349,1.355,376593,178451.3
2026-04-21 04:00:00,1.355,1.363,1.352,1.362,178734.9,115743.1
2026-04-21 05:00:00,1.361,1.37,1.361,1.366,235963,139638.1
2026-04-21 06:00:00,1.367,1.376,1.363,1.371,265262.1,139004.5
2026-04-21 07:00:00,1.371,1.382,1.369,1.38,538679.3,227914.3
2026-04-21 08:00:00,1.379,1.389,1.376,1.378,374017.4,230922.3
2026-04-21 09:00:00,1.377,1.389,1.375,1.388,212132.5,133919.6
2026-04-21 10:00:00,1.388,1.398,1.387,1.393,426835.5,271968.7
2026-04-21 11:00:00,1.392,1.399,1.384,1.394,693932.5,337472.2
2026-04-21 12:00:00,1.394,1.396,1.366,1.37,1865890.1,802246.2
2026-04-21 13:00:00,1.371,1.373,1.365,1.368,485509.4,222158.2
2026-04-21 14:00:00,1.368,1.382,1.364,1.369,507098.4,262616.2
2026-04-21 15:00:00,1.369,1.38,1.367,1.376,492937.1,248484
2026-04-21 16:00:00,1.376,1.382,1.37,1.371,366223.3,187542
2026-04-21 17:00:00,1.371,1.374,1.356,1.369,653446,333555.1
2026-04-21 18:00:00,1.368,1.37,1.356,1.365,569533.7,320006.2
2026-04-21 19:00:00,1.364,1.37,1.351,1.356,471164.5,228270
2026-04-21 20:00:00,1.355,1.373,1.354,1.37,508945.8,310214.8
2026-04-21 21:00:00,1.37,1.374,1.367,1.371,169073.1,95679
2026-04-21 22:00:00,1.371,1.376,1.366,1.37,262689.9,156711.6
2026-04-21 23:00:00,1.37,1.388,1.37,1.385,396923.7,283591.9
2026-04-22 00:00:00,1.386,1.388,1.38,1.381,283839,165684.3
2026-04-22 01:00:00,1.382,1.388,1.377,1.385,251770.9,164942.9
2026-04-22 02:00:00,1.385,1.403,1.383,1.403,749596.3,463107.2
2026-04-22 03:00:00,1.403,1.405,1.396,1.405,442801,246341.1
2026-04-22 04:00:00,1.405,1.41,1.399,1.408,555626.5,360333.5
2026-04-22 05:00:00,1.409,1.415,1.407,1.408,728284.6,410278.5
2026-04-22 06:00:00,1.408,1.41,1.404,1.407,271198.7,156831.4
2026-04-22 07:00:00,1.408,1.415,1.403,1.414,438631.2,265113.4
2026-04-22 08:00:00,1.414,1.417,1.413,1.415,330153.6,180512.4
2026-04-22 09:00:00,1.415,1.421,1.413,1.418,369258.8,219284.7
2026-04-22 10:00:00,1.419,1.425,1.417,1.423,226556.5,159048.6
2026-04-22 11:00:00,1.423,1.427,1.419,1.424,294680.2,166540
2026-04-22 12:00:00,1.425,1.428,1.413,1.415,417407.9,214571.4
2026-04-22 13:00:00,1.415,1.424,1.41,1.419,620957.5,329558.4
2026-04-22 14:00:00,1.42,1.426,1.416,1.424,434038.9,252070.9
2026-04-22 15:00:00,1.425,1.432,1.42,1.424,437492.5,271607
2026-04-22 16:00:00,1.424,1.424,1.412,1.418,447402.7,191868
2026-04-22 17:00:00,1.418,1.423,1.413,1.42,384104.1,200821
2026-04-22 18:00:00,1.42,1.423,1.417,1.419,252333.6,141277.6
2026-04-22 19:00:00,1.419,1.42,1.405,1.416,368653.2,177921.5
2026-04-22 20:00:00,1.417,1.417,1.407,1.409,257436.1,121019.3
2026-04-22 21:00:00,1.409,1.416,1.407,1.413,189805.6,101317.8
2026-04-22 22:00:00,1.413,1.415,1.407,1.41,206860.8,111191.2
2026-04-22 23:00:00,1.409,1.41,1.399,1.402,299647.9,137063.9
2026-04-23 00:00:00,1.402,1.408,1.394,1.405,584567.6,336746.7
2026-04-23 01:00:00,1.405,1.406,1.396,1.4,264933.4,119649.7
2026-04-23 02:00:00,1.4,1.4,1.386,1.392,304064.9,146160.5
2026-04-23 03:00:00,1.393,1.395,1.375,1.38,614066.5,260005
2026-04-23 04:00:00,1.38,1.385,1.377,1.383,196183.5,110059.8
2026-04-23 05:00:00,1.384,1.388,1.379,1.387,204778.2,112357.9
2026-04-23 06:00:00,1.387,1.393,1.387,1.391,272727.2,160510.6
2026-04-23 07:00:00,1.391,1.392,1.383,1.385,334388.2,129673.2
2026-04-23 08:00:00,1.385,1.389,1.381,1.386,234948.4,106913.3
2026-04-23 09:00:00,1.386,1.386,1.373,1.378,292087.7,128795.1
2026-04-23 10:00:00,1.377,1.379,1.37,1.372,364742.8,203174.1
2026-04-23 11:00:00,1.372,1.391,1.371,1.39,236495.4,172750.5
2026-04-23 12:00:00,1.389,1.395,1.383,1.388,462096.8,218819.7
2026-04-23 13:00:00,1.388,1.391,1.386,1.389,290019.9,164243.2
2026-04-23 14:00:00,1.389,1.404,1.386,1.4,518686.1,342561
2026-04-23 15:00:00,1.399,1.412,1.398,1.409,270945.2,154200.6
2026-04-23 16:00:00,1.41,1.414,1.403,1.406,423428.6,211542.6
2026-04-23 17:00:00,1.406,1.406,1.377,1.39,897043.7,453885.8
2026-04-23 18:00:00,1.391,1.397,1.387,1.387,425993.7,204071.7
2026-04-23 19:00:00,1.387,1.396,1.387,1.393,427096,234861.7
2026-04-23 20:00:00,1.392,1.404,1.392,1.397,309851.9,173076
2026-04-23 21:00:00,1.398,1.406,1.395,1.397,319638.9,166358.7
2026-04-23 22:00:00,1.397,1.409,1.397,1.407,233685.1,159208.2
2026-04-23 23:00:00,1.406,1.407,1.402,1.405,192950,118423.5
2026-04-24 00:00:00,1.406,1.41,1.404,1.408,179490.5,105909.1
2026-04-24 01:00:00,1.407,1.412,1.401,1.411,221609.8,128264.8
2026-04-24 02:00:00,1.41,1.411,1.401,1.406,214786.3,96774.6
2026-04-24 03:00:00,1.405,1.406,1.396,1.406,290020.9,146954.6
2026-04-24 04:00:00,1.406,1.41,1.404,1.405,169757,93447.4
2026-04-24 05:00:00,1.404,1.412,1.401,1.411,206160.3,125788.7
2026-04-24 06:00:00,1.411,1.417,1.409,1.413,165055.2,78902.2
2026-04-24 07:00:00,1.413,1.414,1.406,1.409,159480.4,61299.7
2026-04-24 08:00:00,1.409,1.416,1.406,1.415,237647.7,132764.6
2026-04-24 09:00:00,1.415,1.416,1.406,1.411,384596.5,169112.8
2026-04-24 10:00:00,1.41,1.416,1.404,1.415,220488.7,113314.1
2026-04-24 11:00:00,1.414,1.425,1.414,1.421,446031.8,269279.8
2026-04-24 12:00:00,1.42,1.424,1.411,1.412,207412.2,88520.2
2026-04-24 13:00:00,1.412,1.421,1.412,1.417,277119.1,138934
2026-04-24 14:00:00,1.416,1.418,1.409,1.414,256299.5,126431.9
2026-04-24 15:00:00,1.414,1.428,1.406,1.427,514415,311799.4
2026-04-24 16:00:00,1.427,1.433,1.415,1.419,1232507.4,620824.9
2026-04-24 17:00:00,1.418,1.421,1.41,1.415,489503.9,214965.7
2026-04-24 18:00:00,1.415,1.418,1.409,1.412,301663,157591.9
2026-04-24 19:00:00,1.412,1.415,1.409,1.413,122389.1,70344.3
2026-04-24 20:00:00,1.414,1.418,1.409,1.416,213714.7,113875.3
2026-04-24 21:00:00,1.415,1.419,1.408,1.408,280207.2,119131.5
2026-04-24 22:00:00,1.409,1.409,1.4,1.405,337966.6,172708.2
2026-04-24 23:00:00,1.405,1.409,1.402,1.409,126908.9,86505.3
2026-04-25 00:00:00,1.408,1.411,1.402,1.409,315397.5,152738.8
2026-04-25 01:00:00,1.409,1.412,1.402,1.408,245706.6,119091.2
2026-04-25 02:00:00,1.407,1.412,1.404,1.41,171784.4,102055.1
2026-04-25 03:00:00,1.41,1.418,1.409,1.416,169259.8,106127.6
2026-04-25 04:00:00,1.417,1.42,1.414,1.416,158654.4,76943.5
2026-04-25 05:00:00,1.415,1.416,1.411,1.415,174187.9,65061.2
2026-04-25 06:00:00,1.415,1.422,1.414,1.415,310447.9,137923.4
2026-04-25 07:00:00,1.414,1.418,1.411,1.415,181468.5,88386.7
2026-04-25 08:00:00,1.415,1.417,1.412,1.414,99246.9,42676.3
2026-04-25 09:00:00,1.414,1.419,1.411,1.415,115700.9,53008.1
2026-04-25 10:00:00,1.414,1.416,1.412,1.413,73893.4,34962.4
2026-04-25 11:00:00,1.414,1.414,1.402,1.405,195956.2,84780.1
2026-04-25 12:00:00,1.405,1.406,1.401,1.404,187019.1,88529.3
2026-04-25 13:00:00,1.403,1.408,1.403,1.405,149036.6,82016.2
2026-04-25 14:00:00,1.405,1.407,1.402,1.402,108584,59443.4
2026-04-25 15:00:00,1.402,1.406,1.399,1.402,146171.4,71613.7
2026-04-25 16:00:00,1.402,1.405,1.393,1.398,221135.9,96876.1
2026-04-25 17:00:00,1.398,1.399,1.388,1.392,155607,46570.4
2026-04-25 18:00:00,1.392,1.396,1.39,1.392,143100.3,68271.1
2026-04-25 19:00:00,1.392,1.394,1.388,1.391,97688.2,26222.5
2026-04-25 20:00:00,1.391,1.4,1.39,1.399,100344.7,66704.9
2026-04-25 21:00:00,1.399,1.403,1.394,1.395,224188.2,88949.8
2026-04-25 22:00:00,1.396,1.402,1.394,1.4,118474.2,72447.2
2026-04-25 23:00:00,1.4,1.404,1.398,1.402,91335.8,49395.8
2026-04-26 00:00:00,1.402,1.402,1.394,1.395,169372.7,77638.2
2026-04-26 01:00:00,1.395,1.395,1.39,1.391,168097.8,81141.5
2026-04-26 02:00:00,1.391,1.396,1.391,1.393,130811.3,76287.6
2026-04-26 03:00:00,1.393,1.395,1.387,1.394,214900.1,110815.4
2026-04-26 04:00:00,1.394,1.401,1.393,1.399,197247.3,113316.7
2026-04-26 05:00:00,1.399,1.409,1.397,1.404,224727.6,121560.2
2026-04-26 06:00:00,1.405,1.41,1.403,1.407,179362.6,89475.3
2026-04-26 07:00:00,1.407,1.412,1.405,1.408,156586.1,89605.7
2026-04-26 08:00:00,1.409,1.41,1.405,1.408,190335.6,100407.9
2026-04-26 09:00:00,1.408,1.413,1.405,1.41,157958.4,85265.8
2026-04-26 10:00:00,1.41,1.412,1.403,1.405,749141.9,483457.2
2026-04-26 11:00:00,1.405,1.41,1.403,1.404,160701.6,85992.9
2026-04-26 12:00:00,1.404,1.404,1.392,1.394,272289.8,112455.3
2026-04-26 13:00:00,1.394,1.397,1.388,1.39,777063.7,451726.7
2026-04-26 14:00:00,1.39,1.397,1.388,1.392,313975.5,139997.3
2026-04-26 15:00:00,1.393,1.396,1.385,1.39,375217.8,229298.3
2026-04-26 16:00:00,1.39,1.392,1.387,1.39,161616,66745
2026-04-26 17:00:00,1.389,1.39,1.384,1.387,135537.3,53680.9
2026-04-26 18:00:00,1.387,1.392,1.385,1.39,152513.8,79476.8
2026-04-26 19:00:00,1.391,1.398,1.389,1.391,243471.6,109721
2026-04-26 20:00:00,1.392,1.394,1.388,1.388,274643.8,118516.3
2026-04-26 21:00:00,1.388,1.397,1.379,1.395,446439.6,241873.6
2026-04-26 22:00:00,1.395,1.399,1.388,1.393,389449.7,198833.9
2026-04-26 23:00:00,1.393,1.398,1.391,1.394,162081.4,71381.7
2026-04-27 00:00:00,1.395,1.406,1.392,1.406,434730.4,212742.7
2026-04-27 01:00:00,1.406,1.413,1.399,1.411,441144.5,244832.9
2026-04-27 02:00:00,1.412,1.412,1.401,1.409,438119.4,239252.7
2026-04-27 03:00:00,1.408,1.411,1.404,1.405,204882.8,101802.3
2026-04-27 04:00:00,1.404,1.405,1.394,1.397,511297.8,245832.4
2026-04-27 05:00:00,1.398,1.398,1.372,1.376,877765.7,324476.1
2026-04-27 06:00:00,1.375,1.382,1.369,1.372,461849.3,188010.9
2026-04-27 07:00:00,1.372,1.373,1.367,1.37,254481.5,138378.7
2026-04-27 08:00:00,1.37,1.373,1.367,1.371,152172.1,66913
2026-04-27 09:00:00,1.371,1.381,1.371,1.376,388900.2,205436.2
2026-04-27 10:00:00,1.376,1.381,1.375,1.376,135758.7,64884
2026-04-27 11:00:00,1.375,1.38,1.373,1.378,70033.5,30283.4
2026-04-27 12:00:00,1.379,1.38,1.364,1.369,1271449.9,645102.5
2026-04-27 13:00:00,1.369,1.373,1.365,1.369,232267.9,107012.9
2026-04-27 14:00:00,1.37,1.377,1.367,1.37,689832.7,302378.1
2026-04-27 15:00:00,1.369,1.369,1.346,1.348,935193.1,399688.6
2026-04-27 16:00:00,1.347,1.354,1.344,1.352,273843.2,152780.4
2026-04-27 17:00:00,1.353,1.358,1.351,1.353,179562,86802.4
2026-04-27 18:00:00,1.352,1.356,1.35,1.355,86563.7,44433.6
2026-04-27 19:00:00,1.355,1.355,1.34,1.346,201259.5,82629.1
2026-04-27 20:00:00,1.346,1.352,1.346,1.35,125808.1,60928.1
2026-04-27 21:00:00,1.349,1.359,1.349,1.354,180200.1,107628.6
2026-04-27 22:00:00,1.354,1.36,1.353,1.358,114291.3,66968.6
2026-04-27 23:00:00,1.358,1.366,1.357,1.364,159502.4,94979
2026-04-28 00:00:00,1.364,1.364,1.358,1.36,149813.8,67489.1
2026-04-28 01:00:00,1.36,1.364,1.357,1.36,207867.2,100975.4
2026-04-28 02:00:00,1.36,1.361,1.352,1.357,206458.7,87170.8
2026-04-28 03:00:00,1.357,1.361,1.354,1.36,111351.4,65222.3
2026-04-28 04:00:00,1.36,1.365,1.357,1.359,206527.9,96084.2
2026-04-28 05:00:00,1.36,1.367,1.36,1.36,124964.3,67148.2
2026-04-28 06:00:00,1.36,1.362,1.351,1.354,259030.4,121118.7
2026-04-28 07:00:00,1.354,1.355,1.346,1.352,179627.5,87500.3
2026-04-28 08:00:00,1.352,1.355,1.348,1.349,102152.7,48179.4
2026-04-28 09:00:00,1.35,1.352,1.347,1.351,123525.9,61086.2
2026-04-28 10:00:00,1.35,1.353,1.349,1.35,69476.6,31425.7
2026-04-28 11:00:00,1.351,1.352,1.342,1.347,236631.5,109709
2026-04-28 12:00:00,1.347,1.353,1.345,1.351,140309.2,83225.5
2026-04-28 13:00:00,1.352,1.361,1.346,1.356,429433.7,244506
2026-04-28 14:00:00,1.356,1.356,1.343,1.354,340164.7,171968.1
2026-04-28 15:00:00,1.355,1.359,1.33,1.334,646112.2,263390.4
2026-04-28 16:00:00,1.333,1.341,1.331,1.338,376766,224051.1
2026-04-28 17:00:00,1.338,1.346,1.333,1.34,158415.8,83963.4
2026-04-28 18:00:00,1.341,1.35,1.339,1.349,411589.9,276762.6
2026-04-28 19:00:00,1.35,1.354,1.347,1.35,201327.9,112874
2026-04-28 20:00:00,1.351,1.354,1.347,1.348,127852,64183.5
2026-04-28 21:00:00,1.349,1.352,1.347,1.35,125450.8,67596.7
2026-04-28 22:00:00,1.349,1.352,1.345,1.346,119200.2,46110.9
2026-04-28 23:00:00,1.345,1.348,1.344,1.347,61146.7,36370.8
2026-04-29 00:00:00,1.347,1.353,1.346,1.352,161366,77099.7
2026-04-29 01:00:00,1.352,1.353,1.344,1.35,167919.2,87841.4
2026-04-29 02:00:00,1.35,1.353,1.349,1.352,131279.6,70084.4
2026-04-29 03:00:00,1.353,1.366,1.353,1.365,316663,184484.3
2026-04-29 04:00:00,1.365,1.374,1.363,1.371,352142.9,255192
2026-04-29 05:00:00,1.372,1.373,1.367,1.371,194073.5,71863.7
2026-04-29 06:00:00,1.37,1.373,1.361,1.365,218699.4,79287.7
2026-04-29 07:00:00,1.364,1.366,1.361,1.362,118984.2,55362.2
2026-04-29 08:00:00,1.362,1.363,1.356,1.356,134361.4,55381.3
2026-04-29 09:00:00,1.356,1.371,1.356,1.369,319786.4,230996.1
2026-04-29 10:00:00,1.37,1.373,1.359,1.361,326513.3,141367.8
2026-04-29 11:00:00,1.361,1.362,1.355,1.356,272610.2,110459.4
2026-04-29 12:00:00,1.357,1.357,1.346,1.352,445384,242306.2
2026-04-29 13:00:00,1.352,1.354,1.339,1.345,407113.6,187626.4
2026-04-29 14:00:00,1.345,1.351,1.34,1.343,286467,146120.4
2026-04-29 15:00:00,1.342,1.342,1.317,1.32,642454,233800.3
2026-04-29 16:00:00,1.32,1.326,1.317,1.32,375805.3,189732.1
2026-04-29 17:00:00,1.321,1.328,1.319,1.327,284302.4,155615.2
2026-04-29 18:00:00,1.328,1.329,1.293,1.315,1288437.6,550889.5
2026-04-29 19:00:00,1.316,1.317,1.307,1.312,194778.8,84951.7
2026-04-29 20:00:00,1.313,1.325,1.312,1.32,205594.3,101898.5
2026-04-29 21:00:00,1.32,1.327,1.318,1.324,149910.6,74667.2
2026-04-29 22:00:00,1.324,1.329,1.321,1.323,137328.1,68321.5
2026-04-29 23:00:00,1.322,1.328,1.321,1.328,119101.9,68156.5
2026-04-30 00:00:00,1.328,1.34,1.328,1.338,176695.6,98871.1
2026-04-30 01:00:00,1.337,1.343,1.334,1.339,156369.2,77118.5
2026-04-30 02:00:00,1.339,1.342,1.322,1.326,187961.7,92326
2026-04-30 03:00:00,1.325,1.332,1.323,1.33,126262.4,77768.6
2026-04-30 04:00:00,1.329,1.329,1.317,1.318,140798,51487.8
2026-04-30 05:00:00,1.319,1.324,1.315,1.32,196526.3,86157.2
2026-04-30 06:00:00,1.321,1.324,1.319,1.321,237968.9,120772.5
2026-04-30 07:00:00,1.322,1.33,1.321,1.328,164566.5,85375.1
2026-04-30 08:00:00,1.329,1.331,1.323,1.323,185093.4,81868.3
2026-04-30 09:00:00,1.323,1.332,1.323,1.327,197762.7,101035.1
2026-04-30 10:00:00,1.327,1.329,1.321,1.321,190797.7,101066
2026-04-30 11:00:00,1.321,1.326,1.318,1.324,264561.6,119268.3
2026-04-30 12:00:00,1.325,1.329,1.32,1.321,130345.2,59755.1
2026-04-30 13:00:00,1.321,1.325,1.318,1.319,153446.4,78918.2
2026-04-30 14:00:00,1.319,1.322,1.31,1.312,257421.5,129080.8
2026-04-30 15:00:00,1.311,1.315,1.306,1.312,201148.5,103263.3
2026-04-30 16:00:00,1.312,1.313,1.309,1.309,104565.1,48497.2
2026-04-30 17:00:00,1.309,1.311,1.305,1.309,129192.7,63631.3
2026-04-30 18:00:00,1.308,1.311,1.303,1.303,107649.8,67936.3
2026-04-30 19:00:00,1.302,1.308,1.301,1.304,118406.4,66442.3
2026-04-30 20:00:00,1.303,1.304,1.3,1.302,104230.3,61417.9
2026-04-30 21:00:00,1.302,1.305,1.3,1.3,83478,42952.2
2026-04-30 22:00:00,1.301,1.303,1.293,1.294,193943,94416.3
2026-04-30 23:00:00,1.295,1.298,1.291,1.297,140495.7,80265
2026-05-01 00:00:00,1.298,1.303,1.298,1.299,163454.5,98275
2026-05-01 01:00:00,1.299,1.301,1.293,1.299,162444.6,85019.4
2026-05-01 02:00:00,1.299,1.303,1.295,1.301,189691.5,97388.3
2026-05-01 03:00:00,1.301,1.32,1.301,1.309,358408.4,181038.6
2026-05-01 04:00:00,1.31,1.314,1.304,1.305,226841.1,103987.9
2026-05-01 05:00:00,1.304,1.308,1.3,1.301,46588.3,26571.8
2026-05-01 06:00:00,1.301,1.302,1.296,1.299,109981.5,57330.4
2026-05-01 07:00:00,1.299,1.299,1.295,1.298,85859.1,55092.5
2026-05-01 08:00:00,1.298,1.302,1.297,1.301,92356.4,62527.9
2026-05-01 09:00:00,1.301,1.301,1.297,1.299,97034.7,57466.9
2026-05-01 10:00:00,1.299,1.301,1.294,1.299,133356.1,45896.6
2026-05-01 11:00:00,1.3,1.302,1.294,1.299,109503.2,53834
2026-05-01 12:00:00,1.298,1.312,1.297,1.304,399832.6,245683.6
2026-05-01 13:00:00,1.303,1.313,1.299,1.31,474393.8,270461.5
2026-05-01 14:00:00,1.311,1.313,1.297,1.303,582588.3,228046.9
2026-05-01 15:00:00,1.302,1.306,1.287,1.295,576214.6,292215.1
2026-05-01 16:00:00,1.295,1.298,1.286,1.291,472045.2,216217.7
2026-05-01 17:00:00,1.291,1.291,1.286,1.289,518899.4,175952.3
2026-05-01 18:00:00,1.289,1.295,1.286,1.294,274565,162863.2
2026-05-01 19:00:00,1.294,1.297,1.291,1.294,169014.5,98276.5
2026-05-01 20:00:00,1.294,1.294,1.286,1.289,219200.4,84820.6
2026-05-01 21:00:00,1.289,1.291,1.285,1.288,135738.1,68152.1
2026-05-01 22:00:00,1.288,1.291,1.284,1.288,171571.1,66269.7
2026-05-01 23:00:00,1.288,1.289,1.279,1.288,262245.8,107820.3
2026-05-02 00:00:00,1.289,1.293,1.286,1.292,148338.7,86033.4
2026-05-02 01:00:00,1.291,1.299,1.291,1.297,213493.9,130298.7
2026-05-02 02:00:00,1.297,1.3,1.294,1.298,115124.9,63001.2
2026-05-02 03:00:00,1.297,1.3,1.293,1.297,156017.5,69227.9
2026-05-02 04:00:00,1.298,1.299,1.29,1.292,139814.6,62742.7
2026-05-02 05:00:00,1.292,1.295,1.285,1.288,296466.2,139105.1
2026-05-02 06:00:00,1.288,1.293,1.288,1.293,141069.3,101481.5
2026-05-02 07:00:00,1.293,1.293,1.289,1.289,63197,22355.5
2026-05-02 08:00:00,1.29,1.296,1.287,1.294,116298.1,44624.7
2026-05-02 09:00:00,1.294,1.296,1.29,1.292,137319.2,64044.5
2026-05-02 10:00:00,1.292,1.293,1.29,1.29,52390.4,19135.9
2026-05-02 11:00:00,1.289,1.291,1.278,1.281,274970.9,146943.9
2026-05-02 12:00:00,1.282,1.285,1.28,1.28,203370.6,108566.7
2026-05-02 13:00:00,1.28,1.284,1.278,1.281,152498.4,85660.1
2026-05-02 14:00:00,1.281,1.285,1.281,1.285,83220.1,49478.7
2026-05-02 15:00:00,1.284,1.289,1.282,1.288,134828.4,72936.2
2026-05-02 16:00:00,1.288,1.292,1.287,1.291,118841.3,67662.2
2026-05-02 17:00:00,1.292,1.292,1.288,1.292,78767.9,41668.5
2026-05-02 18:00:00,1.291,1.299,1.289,1.298,69502.7,37975.5
2026-05-02 19:00:00,1.298,1.301,1.29,1.292,177240.3,58202.7
2026-05-02 20:00:00,1.293,1.298,1.29,1.294,115007.3,64637.3
2026-05-02 21:00:00,1.294,1.305,1.291,1.3,235799.5,148081.2
2026-05-02 22:00:00,1.3,1.305,1.297,1.3,122917.5,59980.6
2026-05-02 23:00:00,1.3,1.3,1.294,1.3,149642.9,85564.8
2026-05-03 00:00:00,1.301,1.304,1.295,1.3,176105.6,73465
2026-05-03 01:00:00,1.3,1.3,1.29,1.291,102162.3,39646.7
2026-05-03 02:00:00,1.291,1.292,1.28,1.285,144205.2,63806.9
2026-05-03 03:00:00,1.284,1.287,1.277,1.283,140575.1,64578.6
2026-05-03 04:00:00,1.282,1.287,1.28,1.283,147948.2,74442.3
2026-05-03 05:00:00,1.284,1.285,1.275,1.277,133372.5,56289.6
2026-05-03 06:00:00,1.277,1.285,1.276,1.279,132028.6,80400.7
2026-05-03 07:00:00,1.28,1.286,1.28,1.28,109931.1,62879
2026-05-03 08:00:00,1.279,1.284,1.275,1.275,116941.7,61395.7
2026-05-03 09:00:00,1.275,1.278,1.27,1.277,140231.4,71613.7
2026-05-03 10:00:00,1.277,1.278,1.273,1.273,74310.7,37868.2
2026-05-03 11:00:00,1.272,1.283,1.268,1.277,294787.9,164043.6
2026-05-03 12:00:00,1.277,1.283,1.275,1.28,255251.2,119796.1
2026-05-03 13:00:00,1.28,1.28,1.27,1.271,147761.5,60040
2026-05-03 14:00:00,1.272,1.274,1.268,1.272,219207.8,81993.5
2026-05-03 15:00:00,1.272,1.278,1.271,1.273,189009.1,102708.1
2026-05-03 16:00:00,1.274,1.276,1.271,1.275,96850.3,44057.1
2026-05-03 17:00:00,1.275,1.275,1.269,1.272,144386.5,62513
2026-05-03 18:00:00,1.272,1.279,1.271,1.276,157598.4,80239.5
2026-05-03 19:00:00,1.276,1.279,1.275,1.278,97398.3,39809.3
2026-05-03 20:00:00,1.278,1.285,1.278,1.28,204860.2,96229.8
2026-05-03 21:00:00,1.28,1.286,1.269,1.273,212438.4,88117.9
2026-05-03 22:00:00,1.274,1.284,1.274,1.279,418065.4,230290.9
2026-05-03 23:00:00,1.279,1.28,1.272,1.275,201396.3,71919.3
2026-05-04 00:00:00,1.276,1.276,1.262,1.273,266417,140499.1
2026-05-04 01:00:00,1.273,1.285,1.263,1.285,440063,250991.2
2026-05-04 02:00:00,1.285,1.3,1.281,1.298,705044.5,423849.3
2026-05-04 03:00:00,1.298,1.301,1.291,1.297,312103.2,156112.7
2026-05-04 04:00:00,1.298,1.312,1.296,1.306,477743.8,220789.6
2026-05-04 05:00:00,1.306,1.307,1.294,1.298,287704.4,179947
2026-05-04 06:00:00,1.297,1.299,1.281,1.29,383710.5,218000.4
2026-05-04 07:00:00,1.29,1.292,1.283,1.284,229846.2,119368.5
2026-05-04 08:00:00,1.284,1.284,1.273,1.274,555514,251612.1
2026-05-04 09:00:00,1.273,1.285,1.272,1.284,288076.8,163149.1
2026-05-04 10:00:00,1.284,1.284,1.245,1.255,1644956.9,805549.1
2026-05-04 11:00:00,1.254,1.257,1.246,1.253,571846.5,217818.1
2026-05-04 12:00:00,1.253,1.26,1.251,1.254,359390,160596.4
2026-05-04 13:00:00,1.253,1.258,1.25,1.253,470013.2,226644.3
2026-05-04 14:00:00,1.253,1.283,1.247,1.281,1328886.8,533305.2
2026-05-04 15:00:00,1.281,1.282,1.262,1.268,1169255,703307.9
2026-05-04 16:00:00,1.269,1.274,1.261,1.265,439531.1,199586.4
2026-05-04 17:00:00,1.265,1.283,1.264,1.278,503710.1,289182.8
2026-05-04 18:00:00,1.278,1.283,1.275,1.282,272975.7,164232.7
2026-05-04 19:00:00,1.282,1.282,1.273,1.276,309786.7,169514.7
2026-05-04 20:00:00,1.276,1.276,1.268,1.27,277562.3,163438.2
2026-05-04 21:00:00,1.271,1.286,1.27,1.281,306805.4,174628.7
2026-05-04 22:00:00,1.28,1.288,1.256,1.26,2779238.7,1789525.5
2026-05-04 23:00:00,1.26,1.265,1.257,1.262,236221.7,114912.9
2026-05-05 00:00:00,1.262,1.268,1.258,1.262,404311,201490.2
2026-05-05 01:00:00,1.262,1.27,1.258,1.26,519281.3,302565.8
2026-05-05 02:00:00,1.26,1.27,1.258,1.267,508162.2,230765.9
2026-05-05 03:00:00,1.267,1.276,1.264,1.27,564711.8,384993.5
2026-05-05 04:00:00,1.27,1.28,1.269,1.274,367680.2,198572.3
2026-05-05 05:00:00,1.273,1.279,1.271,1.277,352477.3,226921.8
2026-05-05 06:00:00,1.277,1.279,1.272,1.277,376287.5,254598.9
2026-05-05 07:00:00,1.276,1.281,1.272,1.273,313337.4,156904.3
2026-05-05 08:00:00,1.273,1.279,1.269,1.273,392157.6,179349.7
2026-05-05 09:00:00,1.274,1.275,1.271,1.273,233610,112203.3
2026-05-05 10:00:00,1.274,1.281,1.271,1.278,443165,227169.7
2026-05-05 11:00:00,1.278,1.281,1.27,1.28,391488.1,182304.7
2026-05-05 12:00:00,1.28,1.291,1.277,1.289,566645.5,325191.8
2026-05-05 13:00:00,1.289,1.295,1.285,1.286,439556.4,206022.1
2026-05-05 14:00:00,1.286,1.292,1.276,1.281,683660.6,276168.4
2026-05-05 15:00:00,1.281,1.285,1.273,1.273,341260.5,154233.2
2026-05-05 16:00:00,1.274,1.28,1.266,1.27,359221.3,191391
2026-05-05 17:00:00,1.27,1.271,1.265,1.269,337479.8,162615.6
2026-05-05 18:00:00,1.269,1.277,1.269,1.273,257311.9,130414.8
2026-05-05 19:00:00,1.274,1.291,1.274,1.291,487911.8,263727.9
2026-05-05 20:00:00,1.29,1.307,1.29,1.306,995873.5,687899.9
2026-05-05 21:00:00,1.306,1.317,1.304,1.309,1214319.4,557634.7
2026-05-05 22:00:00,1.309,1.314,1.294,1.302,988683.1,516921.2
2026-05-05 23:00:00,1.301,1.305,1.288,1.296,346439.5,174613.1
2026-05-06 00:00:00,1.296,1.299,1.288,1.294,390716.1,188166.8
2026-05-06 01:00:00,1.295,1.317,1.292,1.312,431292.2,243579.2
2026-05-06 02:00:00,1.311,1.311,1.296,1.307,448256,217230
2026-05-06 03:00:00,1.307,1.322,1.305,1.317,437574.1,253314.8
2026-05-06 04:00:00,1.318,1.322,1.308,1.311,588012.3,266338.9
2026-05-06 05:00:00,1.31,1.326,1.308,1.323,881141.9,444442.8
2026-05-06 06:00:00,1.323,1.326,1.31,1.321,892412.7,387728.1
2026-05-06 07:00:00,1.321,1.359,1.32,1.359,1746426.2,965234.3
2026-05-06 08:00:00,1.359,1.43,1.358,1.426,4483181.7,2641140.2
2026-05-06 09:00:00,1.427,1.433,1.401,1.41,2056970.4,959456
2026-05-06 10:00:00,1.411,1.455,1.405,1.443,2076964.8,1202451.5
2026-05-06 11:00:00,1.442,1.482,1.442,1.482,2704621.8,1260700.6
2026-05-06 12:00:00,1.482,1.502,1.47,1.499,2761538.3,1570510
2026-05-06 13:00:00,1.498,1.498,1.452,1.465,2636032.8,1137642.1
2026-05-06 14:00:00,1.464,1.477,1.431,1.47,2429110,1149650.9
2026-05-06 15:00:00,1.469,1.517,1.452,1.51,2300412.8,1265902.1
2026-05-06 16:00:00,1.51,1.524,1.493,1.519,2119724.8,1138867.8
2026-05-06 17:00:00,1.519,1.528,1.501,1.508,1712366.8,861890
2026-05-06 18:00:00,1.508,1.519,1.496,1.498,1185779.6,557884.1
2026-05-06 19:00:00,1.498,1.51,1.495,1.504,825775.3,387814.4
2026-05-06 20:00:00,1.505,1.525,1.499,1.516,1020134,495938.3
2026-05-06 21:00:00,1.517,1.547,1.504,1.527,1203414.7,667599.4
2026-05-06 22:00:00,1.527,1.528,1.485,1.487,1817964.5,856975.6
2026-05-06 23:00:00,1.487,1.496,1.476,1.487,816588.2,316363.9
2026-05-07 00:00:00,1.488,1.502,1.477,1.492,886403.4,452970.7
2026-05-07 01:00:00,1.492,1.492,1.464,1.47,834730.5,423530
2026-05-07 02:00:00,1.47,1.488,1.464,1.486,1115443.7,484714.4
2026-05-07 03:00:00,1.486,1.498,1.478,1.488,1717557.2,983639.3
2026-05-07 04:00:00,1.487,1.497,1.481,1.489,846491.5,430065.3
2026-05-07 05:00:00,1.488,1.514,1.487,1.503,1175592.3,618911.8
2026-05-07 06:00:00,1.502,1.529,1.486,1.528,1144875,664519.4
2026-05-07 07:00:00,1.528,1.528,1.494,1.504,1754393.5,588858.6
2026-05-07 08:00:00,1.503,1.504,1.475,1.477,861656.8,416294.8
2026-05-07 09:00:00,1.477,1.482,1.467,1.474,495787.1,261998.8
2026-05-07 10:00:00,1.474,1.483,1.465,1.475,448006.2,243271.4
2026-05-07 11:00:00,1.476,1.481,1.471,1.474,337544.7,168458.8
2026-05-07 12:00:00,1.474,1.498,1.473,1.496,588021.3,300859.2
2026-05-07 13:00:00,1.496,1.505,1.49,1.498,668532.9,323695.9
2026-05-07 14:00:00,1.498,1.5,1.472,1.479,893654.6,414935.5
2026-05-07 15:00:00,1.479,1.489,1.466,1.483,1006652.9,454870
2026-05-07 16:00:00,1.482,1.485,1.469,1.478,552951.4,252211.4
2026-05-07 17:00:00,1.477,1.489,1.475,1.487,541248.8,281286.9
2026-05-07 18:00:00,1.487,1.494,1.461,1.47,485702.6,222774.4
2026-05-07 19:00:00,1.469,1.472,1.455,1.459,445936.9,193185.7
2026-05-07 20:00:00,1.459,1.472,1.456,1.456,657672.2,301699.8
2026-05-07 21:00:00,1.456,1.473,1.454,1.459,370550,187420.4
2026-05-07 22:00:00,1.458,1.467,1.451,1.461,370083.4,171438.6
2026-05-07 23:00:00,1.461,1.471,1.459,1.47,269338.9,121031.5
2026-05-08 00:00:00,1.47,1.477,1.465,1.471,244977.1,124896.2
2026-05-08 01:00:00,1.472,1.476,1.466,1.469,179855.3,90154.1
2026-05-08 02:00:00,1.469,1.481,1.455,1.477,368972.2,205924
2026-05-08 03:00:00,1.478,1.487,1.464,1.482,434940.9,256785.6
2026-05-08 04:00:00,1.481,1.492,1.478,1.48,452996.5,207224.4
2026-05-08 05:00:00,1.48,1.495,1.478,1.486,322330.6,157381.9
2026-05-08 06:00:00,1.485,1.492,1.479,1.492,469776.1,215375.4
2026-05-08 07:00:00,1.492,1.539,1.483,1.535,3295042.6,2182676.9
2026-05-08 08:00:00,1.535,1.549,1.511,1.547,1846203.7,1025163.5
2026-05-08 09:00:00,1.547,1.575,1.536,1.558,3122795.2,1841899.9
2026-05-08 10:00:00,1.559,1.582,1.548,1.555,2507422.2,1257775.2
2026-05-08 11:00:00,1.556,1.57,1.545,1.551,1245555.8,580614.1
2026-05-08 12:00:00,1.55,1.564,1.539,1.543,1374015.5,708444.2
2026-05-08 13:00:00,1.544,1.544,1.522,1.54,1019344.1,480118.2
2026-05-08 14:00:00,1.54,1.576,1.537,1.575,1249150.5,690853.5
2026-05-08 15:00:00,1.575,1.588,1.563,1.582,1346488.6,696487.2
2026-05-08 16:00:00,1.581,1.583,1.556,1.57,1237657.1,480602.8
2026-05-08 17:00:00,1.57,1.576,1.535,1.544,2052808.3,666948.6
2026-05-08 18:00:00,1.545,1.568,1.544,1.567,657960.8,380059.7
2026-05-08 19:00:00,1.566,1.574,1.563,1.57,449283.2,245379.2
2026-05-08 20:00:00,1.57,1.584,1.568,1.577,468544.9,288721.5
2026-05-08 21:00:00,1.576,1.603,1.573,1.575,978009.1,579891.5
2026-05-08 22:00:00,1.574,1.593,1.568,1.592,488666.3,273568
2026-05-08 23:00:00,1.593,1.599,1.581,1.598,522034,297689.8
2026-05-09 00:00:00,1.598,1.613,1.584,1.593,1053495.9,532131.3
2026-05-09 01:00:00,1.593,1.617,1.579,1.606,1281674,731210
2026-05-09 02:00:00,1.605,1.618,1.588,1.593,758213.2,381833.1
2026-05-09 03:00:00,1.593,1.607,1.583,1.6,511730.7,269761.9
2026-05-09 04:00:00,1.6,1.605,1.573,1.573,510596.3,189957.7
2026-05-09 05:00:00,1.574,1.596,1.57,1.594,414989.5,233330.6
2026-05-09 06:00:00,1.594,1.606,1.573,1.579,735603.2,373427.8
2026-05-09 07:00:00,1.579,1.58,1.567,1.574,351482.9,165500.3
2026-05-09 08:00:00,1.574,1.59,1.571,1.584,365518.9,181015.5
2026-05-09 09:00:00,1.584,1.588,1.564,1.57,346765.9,147071.6
2026-05-09 10:00:00,1.57,1.582,1.565,1.58,338457,183666.6
2026-05-09 11:00:00,1.581,1.59,1.58,1.588,361238.3,150433.7
2026-05-09 12:00:00,1.588,1.591,1.571,1.573,276146.6,110694.8
2026-05-09 13:00:00,1.573,1.578,1.557,1.566,922962.4,404496.1
2026-05-09 14:00:00,1.565,1.566,1.554,1.557,453886.9,184418.7
2026-05-09 15:00:00,1.558,1.562,1.551,1.557,407699.7,199502.2
2026-05-09 16:00:00,1.557,1.561,1.551,1.554,274366.2,139219.5
2026-05-09 17:00:00,1.554,1.569,1.552,1.565,339694.7,160054.1
2026-05-09 18:00:00,1.565,1.577,1.557,1.558,255174.7,122646.5
2026-05-09 19:00:00,1.559,1.562,1.55,1.561,234536.4,109536.2
2026-05-09 20:00:00,1.561,1.564,1.556,1.557,80114.5,37903.8
2026-05-09 21:00:00,1.558,1.565,1.556,1.563,168217.1,76958.3
2026-05-09 22:00:00,1.563,1.574,1.562,1.565,387322.2,204234.7
2026-05-09 23:00:00,1.565,1.57,1.563,1.568,164248.9,95472.3
2026-05-10 00:00:00,1.568,1.568,1.55,1.555,439457.4,187044.2
2026-05-10 01:00:00,1.555,1.557,1.545,1.549,272471.4,125178.4
2026-05-10 02:00:00,1.549,1.561,1.546,1.554,247625.6,146800
2026-05-10 03:00:00,1.555,1.565,1.554,1.555,166023.8,96979
2026-05-10 04:00:00,1.556,1.559,1.552,1.554,145777.5,71205.8
2026-05-10 05:00:00,1.555,1.557,1.549,1.554,146911.6,69172.9
2026-05-10 06:00:00,1.554,1.56,1.552,1.554,200608.3,77738
2026-05-10 07:00:00,1.555,1.573,1.554,1.563,251099.7,150829.6
2026-05-10 08:00:00,1.563,1.581,1.563,1.577,361470.1,196988.2
2026-05-10 09:00:00,1.578,1.58,1.566,1.568,291449.4,133712.6
2026-05-10 10:00:00,1.568,1.574,1.564,1.567,396309,171980.8
2026-05-10 11:00:00,1.568,1.573,1.562,1.563,177249.3,87948.6
2026-05-10 12:00:00,1.563,1.575,1.562,1.571,266230,135979.7
2026-05-10 13:00:00,1.571,1.583,1.567,1.58,358419.3,161455.8
2026-05-10 14:00:00,1.581,1.585,1.568,1.569,390310.4,180244.8
2026-05-10 15:00:00,1.57,1.581,1.57,1.58,448365.6,203152.4
2026-05-10 16:00:00,1.58,1.587,1.576,1.586,427715.1,230519.6
2026-05-10 17:00:00,1.586,1.6,1.579,1.598,594051.7,314300.5
2026-05-10 18:00:00,1.598,1.607,1.591,1.605,521569.7,338461
2026-05-10 19:00:00,1.605,1.626,1.599,1.623,901914.8,446920.3
2026-05-10 20:00:00,1.623,1.631,1.536,1.549,1756963.3,819320.4
2026-05-10 21:00:00,1.548,1.561,1.537,1.545,952079,373024.6
2026-05-10 22:00:00,1.544,1.588,1.54,1.582,1078264.2,514217.8
2026-05-10 23:00:00,1.582,1.585,1.561,1.564,681510.6,360570.2
2026-05-11 00:00:00,1.564,1.571,1.546,1.553,705882.7,385362.7
2026-05-11 01:00:00,1.553,1.557,1.543,1.552,435858.5,221522.3
2026-05-11 02:00:00,1.551,1.553,1.524,1.533,605762,228786.6
2026-05-11 03:00:00,1.533,1.534,1.521,1.529,354010.1,160657.3
2026-05-11 04:00:00,1.529,1.53,1.518,1.528,297648.3,135122
2026-05-11 05:00:00,1.529,1.544,1.528,1.542,241096.3,131318.9
2026-05-11 06:00:00,1.542,1.549,1.538,1.54,299310.6,155015.3
2026-05-11 07:00:00,1.54,1.565,1.535,1.561,1099408.2,729703.5
2026-05-11 08:00:00,1.562,1.563,1.546,1.551,475831.3,233664
2026-05-11 09:00:00,1.55,1.558,1.544,1.553,369206.5,192643.2
2026-05-11 10:00:00,1.553,1.575,1.553,1.561,617452.2,259644.5
2026-05-11 11:00:00,1.561,1.562,1.54,1.544,516171.8,229522
2026-05-11 12:00:00,1.545,1.552,1.537,1.539,514085.1,222692.9
2026-05-11 13:00:00,1.54,1.543,1.519,1.523,707026.5,325983.7
2026-05-11 14:00:00,1.524,1.541,1.511,1.516,1799279.4,814720.5
2026-05-11 15:00:00,1.516,1.528,1.51,1.522,602450.3,334682.4
2026-05-11 16:00:00,1.521,1.531,1.518,1.523,472347.9,236965.7
2026-05-11 17:00:00,1.523,1.534,1.519,1.53,288509.4,165243.8
2026-05-11 18:00:00,1.53,1.543,1.527,1.543,434948.4,273911.4
2026-05-11 19:00:00,1.544,1.554,1.539,1.552,562078.3,334802.6
2026-05-11 20:00:00,1.552,1.56,1.545,1.555,609516.6,314457.3
2026-05-11 21:00:00,1.555,1.559,1.546,1.549,316556.4,138853.1
2026-05-11 22:00:00,1.549,1.555,1.546,1.552,256458.3,143989
2026-05-11 23:00:00,1.552,1.552,1.536,1.548,283639.4,130167.9
2026-05-12 00:00:00,1.548,1.549,1.533,1.539,479451,198295.4
2026-05-12 01:00:00,1.539,1.541,1.504,1.513,643945.2,260823.2
2026-05-12 02:00:00,1.513,1.528,1.512,1.528,314487.9,173095.2
2026-05-12 03:00:00,1.528,1.529,1.519,1.521,259322.3,116704.4
2026-05-12 04:00:00,1.521,1.545,1.52,1.535,387765.9,220677.9
2026-05-12 05:00:00,1.535,1.547,1.535,1.541,305300.4,160603.4
2026-05-12 06:00:00,1.541,1.558,1.539,1.554,501733.7,268332.8
2026-05-12 07:00:00,1.553,1.588,1.541,1.581,2385187.8,1477068.9
2026-05-12 08:00:00,1.582,1.582,1.537,1.566,1205950.5,597410.4
2026-05-12 09:00:00,1.566,1.593,1.566,1.586,1434265.9,838170
2026-05-12 10:00:00,1.586,1.608,1.557,1.576,1597373.3,820516.1
2026-05-12 11:00:00,1.576,1.577,1.54,1.552,886444.8,387533.1
2026-05-12 12:00:00,1.553,1.569,1.528,1.554,1031985.5,496713.3
2026-05-12 13:00:00,1.555,1.562,1.528,1.529,602870.8,284679.9
2026-05-12 14:00:00,1.53,1.553,1.515,1.546,1269352.3,656738.9
2026-05-12 15:00:00,1.546,1.577,1.543,1.551,1104660.4,577290
2026-05-12 16:00:00,1.551,1.564,1.526,1.537,991166.9,608412.1
2026-05-12 17:00:00,1.537,1.595,1.536,1.582,1083368.6,556194.2
2026-05-12 18:00:00,1.582,1.64,1.57,1.622,3341032.2,2359668.4
2026-05-12 19:00:00,1.623,1.644,1.581,1.602,3312160.2,1945283.6
2026-05-12 20:00:00,1.603,1.637,1.601,1.634,860454.7,494808.7
2026-05-12 21:00:00,1.634,1.65,1.608,1.611,1237549.1,634677.1
2026-05-12 22:00:00,1.611,1.624,1.601,1.617,519151,237909.6
2026-05-12 23:00:00,1.618,1.625,1.594,1.609,671971.5,358852.8
2026-05-13 00:00:00,1.609,1.635,1.601,1.627,924074.8,536777.3
2026-05-13 01:00:00,1.627,1.686,1.627,1.669,3267551.6,1752144.2
2026-05-13 02:00:00,1.668,1.682,1.651,1.677,1208744.3,648124.1
2026-05-13 03:00:00,1.677,1.692,1.66,1.688,1656193.5,976731.8
2026-05-13 04:00:00,1.688,1.688,1.652,1.657,859655.4,415503.5
2026-05-13 05:00:00,1.656,1.661,1.634,1.64,905560.5,441033.9
2026-05-13 06:00:00,1.64,1.65,1.62,1.63,775277.8,421721.1
2026-05-13 07:00:00,1.63,1.648,1.608,1.62,1123581.4,704764.2
2026-05-13 08:00:00,1.619,1.632,1.603,1.622,1341541.3,774889
2026-05-13 09:00:00,1.621,1.623,1.59,1.622,1864270.6,746036
2026-05-13 10:00:00,1.622,1.629,1.612,1.615,689431.9,348063.6
2026-05-13 11:00:00,1.614,1.632,1.584,1.593,1268027.2,566051.9
2026-05-13 12:00:00,1.594,1.597,1.567,1.59,1768529.5,752570.3
2026-05-13 13:00:00,1.59,1.599,1.573,1.581,1092645.5,474609.8
2026-05-13 14:00:00,1.581,1.598,1.575,1.583,810013.1,424340.6
2026-05-13 15:00:00,1.583,1.586,1.549,1.553,3042498.2,1938082.7
2026-05-13 16:00:00,1.553,1.587,1.553,1.586,2627617.3,1262300.9
2026-05-13 17:00:00,1.586,1.609,1.581,1.582,1223481.3,533588.6
2026-05-13 18:00:00,1.582,1.615,1.58,1.602,570098.2,311579.2
2026-05-13 19:00:00,1.602,1.605,1.581,1.587,475106.2,217900.6
2026-05-13 20:00:00,1.586,1.594,1.582,1.583,227220.1,102208
2026-05-13 21:00:00,1.582,1.582,1.556,1.566,501475.7,189358.7
2026-05-13 22:00:00,1.567,1.576,1.562,1.575,310376.6,148596
2026-05-13 23:00:00,1.575,1.581,1.57,1.574,353160,155222.6
2026-05-14 00:00:00,1.574,1.594,1.574,1.589,668250.1,269555.8
2026-05-14 01:00:00,1.588,1.61,1.586,1.608,461528.5,197943.2
2026-05-14 02:00:00,1.608,1.622,1.561,1.564,1277789.6,611473.7
2026-05-14 03:00:00,1.564,1.567,1.539,1.552,986323.4,487892.8
2026-05-14 04:00:00,1.553,1.556,1.547,1.553,659888.9,337654.5
2026-05-14 05:00:00,1.553,1.57,1.552,1.561,442747.2,175906.6
2026-05-14 06:00:00,1.562,1.584,1.558,1.577,440705.8,234307.6
2026-05-14 07:00:00,1.577,1.581,1.564,1.576,436661.8,249925.8
2026-05-14 08:00:00,1.576,1.592,1.568,1.582,541496.1,247301.9
2026-05-14 09:00:00,1.583,1.588,1.549,1.56,1211064.2,524754.1
2026-05-14 10:00:00,1.559,1.575,1.551,1.564,477929.9,284827.5
2026-05-14 11:00:00,1.564,1.569,1.555,1.562,243731,114312.3
2026-05-14 12:00:00,1.561,1.573,1.554,1.571,459448.6,192490.3
2026-05-14 13:00:00,1.571,1.576,1.562,1.568,498304.4,282788.9
2026-05-14 14:00:00,1.568,1.605,1.565,1.601,874221.3,501714.5
2026-05-14 15:00:00,1.601,1.62,1.597,1.616,626361.6,350691.8
2026-05-14 16:00:00,1.616,1.635,1.594,1.614,1306073.1,692171.7
2026-05-14 17:00:00,1.614,1.617,1.587,1.601,799434.3,406495.4
2026-05-14 18:00:00,1.6,1.602,1.585,1.598,399269.3,182790.4
2026-05-14 19:00:00,1.597,1.601,1.579,1.581,782415.5,306455.2
2026-05-14 20:00:00,1.581,1.586,1.563,1.579,848515.8,342558.3
2026-05-14 21:00:00,1.579,1.589,1.575,1.582,265157.9,127060.5
2026-05-14 22:00:00,1.582,1.592,1.58,1.587,256983.5,142639.5
2026-05-14 23:00:00,1.586,1.589,1.569,1.573,329095.3,154947.5
2026-05-15 00:00:00,1.573,1.581,1.566,1.575,397809.8,199955.9
2026-05-15 01:00:00,1.575,1.579,1.557,1.564,452567.1,219421.6
2026-05-15 02:00:00,1.563,1.569,1.552,1.566,449457.1,208277.7
2026-05-15 03:00:00,1.566,1.576,1.566,1.575,474145,244219.3
2026-05-15 04:00:00,1.575,1.58,1.567,1.567,271876.2,118251.8
2026-05-15 05:00:00,1.567,1.57,1.539,1.546,1622044.5,616535.5
2026-05-15 06:00:00,1.545,1.567,1.544,1.563,296079,142893.9
2026-05-15 07:00:00,1.563,1.593,1.562,1.578,689258.1,295245
2026-05-15 08:00:00,1.578,1.584,1.545,1.55,594621.6,211874
2026-05-15 09:00:00,1.551,1.553,1.536,1.545,551343.7,251505
2026-05-15 10:00:00,1.544,1.559,1.539,1.558,428990.1,208861.5
2026-05-15 11:00:00,1.558,1.56,1.549,1.554,285801.2,135435.9
2026-05-15 12:00:00,1.554,1.559,1.539,1.544,555566,233066
2026-05-15 13:00:00,1.543,1.543,1.509,1.523,1375970.6,642662.2
2026-05-15 14:00:00,1.523,1.538,1.516,1.53,831735.4,408573.7
2026-05-15 15:00:00,1.53,1.536,1.518,1.523,511877.8,209680.5
2026-05-15 16:00:00,1.524,1.56,1.522,1.558,745166,390787.3
2026-05-15 17:00:00,1.558,1.577,1.558,1.576,685897.2,325646.8
2026-05-15 18:00:00,1.575,1.576,1.554,1.56,547125,232534.3
2026-05-15 19:00:00,1.56,1.56,1.545,1.546,327808.7,137342.3
2026-05-15 20:00:00,1.546,1.547,1.534,1.538,257614,110459.6
2026-05-15 21:00:00,1.539,1.542,1.531,1.534,402636,154670.4
2026-05-15 22:00:00,1.535,1.545,1.533,1.54,216773.4,125509.4
2026-05-15 23:00:00,1.54,1.547,1.538,1.545,98490.9,47867.3
2026-05-16 00:00:00,1.544,1.547,1.536,1.539,282067.9,167652
2026-05-16 01:00:00,1.539,1.549,1.536,1.541,238279.9,109260.9
2026-05-16 02:00:00,1.541,1.548,1.538,1.543,172186.7,69558.1
2026-05-16 03:00:00,1.544,1.554,1.542,1.553,193257.9,112227.8
2026-05-16 04:00:00,1.553,1.555,1.524,1.527,512767.2,222530.4
2026-05-16 05:00:00,1.527,1.534,1.521,1.523,213561.8,106875.2
2026-05-16 06:00:00,1.523,1.523,1.505,1.508,733199.4,272628.5
2026-05-16 07:00:00,1.508,1.509,1.486,1.503,1460127.1,716061.1
2026-05-16 08:00:00,1.502,1.516,1.497,1.497,1148151.5,678033.8
2026-05-16 09:00:00,1.496,1.51,1.48,1.506,916040.1,463122.6
2026-05-16 10:00:00,1.507,1.513,1.488,1.494,1405986.4,464511.4
2026-05-16 11:00:00,1.494,1.506,1.489,1.495,339444.4,175539.9
2026-05-16 12:00:00,1.496,1.502,1.491,1.493,269695.8,115350.6
2026-05-16 13:00:00,1.493,1.494,1.479,1.487,519619.9,227069.7
2026-05-16 14:00:00,1.487,1.494,1.481,1.489,261592.1,138025.9
2026-05-16 15:00:00,1.489,1.496,1.488,1.49,206375.5,118402.9
2026-05-16 16:00:00,1.491,1.499,1.489,1.492,212285.6,94944.3
2026-05-16 17:00:00,1.493,1.504,1.493,1.501,429007.9,253097.4
2026-05-16 18:00:00,1.501,1.505,1.497,1.499,231289.7,119695.9
2026-05-16 19:00:00,1.498,1.502,1.495,1.502,126217.1,65244.6
2026-05-16 20:00:00,1.502,1.502,1.492,1.496,76094.7,28057.2
2026-05-16 21:00:00,1.496,1.498,1.492,1.495,70051.9,32520.7
2026-05-16 22:00:00,1.494,1.496,1.49,1.495,66664.9,32591.3
2026-05-16 23:00:00,1.495,1.5,1.493,1.496,111645.6,60883.7
2026-05-17 00:00:00,1.497,1.501,1.487,1.489,139947.8,57098.3
2026-05-17 01:00:00,1.489,1.49,1.478,1.481,364318.1,184813.1
2026-05-17 02:00:00,1.481,1.491,1.481,1.489,493981.7,255730.3
2026-05-17 03:00:00,1.489,1.51,1.489,1.505,337603,198527.4
2026-05-17 04:00:00,1.504,1.525,1.503,1.523,401123.4,224676.9
2026-05-17 05:00:00,1.523,1.535,1.516,1.522,361480,178828.8
2026-05-17 06:00:00,1.522,1.531,1.52,1.53,144873.3,88657
2026-05-17 07:00:00,1.531,1.537,1.527,1.532,168287.4,89544.9
2026-05-17 08:00:00,1.533,1.536,1.524,1.536,136780.5,73952.3
2026-05-17 09:00:00,1.535,1.552,1.532,1.549,589172.7,368205.3
2026-05-17 10:00:00,1.55,1.56,1.547,1.553,661525.3,415056.7
2026-05-17 11:00:00,1.553,1.555,1.543,1.553,239118.5,141299.9
2026-05-17 12:00:00,1.553,1.557,1.548,1.552,209746.3,106611.4
2026-05-17 13:00:00,1.551,1.552,1.534,1.539,229543.6,99573.3
2026-05-17 14:00:00,1.54,1.541,1.521,1.53,528825.7,301041.7
2026-05-17 15:00:00,1.529,1.533,1.521,1.525,307723.5,117469.1
2026-05-17 16:00:00,1.526,1.533,1.517,1.517,241336.9,109048.3
2026-05-17 17:00:00,1.517,1.522,1.513,1.519,186349.4,102345.4
2026-05-17 18:00:00,1.519,1.525,1.513,1.525,203930,126192.5
2026-05-17 19:00:00,1.525,1.533,1.519,1.527,253771,123406.3
2026-05-17 20:00:00,1.526,1.536,1.52,1.534,202887,136119.5
2026-05-17 21:00:00,1.534,1.549,1.53,1.53,392640.1,194392.8
2026-05-17 22:00:00,1.53,1.533,1.507,1.516,538055.6,223694.3
2026-05-17 23:00:00,1.515,1.517,1.469,1.508,1552821.9,823637.7
2026-05-18 00:00:00,1.508,1.515,1.491,1.511,777658.7,338191.9
2026-05-18 01:00:00,1.511,1.517,1.493,1.501,403147.8,203874.5
2026-05-18 02:00:00,1.501,1.521,1.5,1.51,412592.3,195988.3
2026-05-18 03:00:00,1.511,1.516,1.498,1.502,231312.2,121487.5
2026-05-18 04:00:00,1.503,1.513,1.499,1.513,347574.1,189641.4
2026-05-18 05:00:00,1.513,1.515,1.501,1.503,268000.1,127214.1
2026-05-18 06:00:00,1.503,1.504,1.483,1.498,974579.5,378941.5
2026-05-18 07:00:00,1.499,1.501,1.481,1.484,401492.9,185736.1
2026-05-18 08:00:00,1.484,1.491,1.481,1.489,222824.7,121612.6
2026-05-18 09:00:00,1.489,1.493,1.481,1.483,291165.9,107799.2
2026-05-18 10:00:00,1.484,1.516,1.478,1.51,985151.5,513360
2026-05-18 11:00:00,1.51,1.53,1.502,1.52,975635.3,495957.4
2026-05-18 12:00:00,1.521,1.535,1.515,1.52,659132.1,286534.4
2026-05-18 13:00:00,1.52,1.521,1.498,1.515,709535.2,330954.3
2026-05-18 14:00:00,1.515,1.519,1.487,1.495,732600.6,315828.4
2026-05-18 15:00:00,1.495,1.52,1.487,1.514,647559.9,297189.6
2026-05-18 16:00:00,1.515,1.529,1.51,1.526,648265.6,335546.9
2026-05-18 17:00:00,1.525,1.557,1.521,1.545,1040390.2,564335.2
2026-05-18 18:00:00,1.545,1.547,1.519,1.523,594078.8,236574.4
2026-05-18 19:00:00,1.522,1.586,1.522,1.575,1715856.7,942734.3
2026-05-18 20:00:00,1.575,1.59,1.575,1.587,791526.7,388311.5
2026-05-18 21:00:00,1.587,1.613,1.585,1.598,999348.5,480388.8
2026-05-18 22:00:00,1.599,1.617,1.599,1.616,747314.7,442890.9
2026-05-18 23:00:00,1.616,1.629,1.61,1.626,918623.4,432729.2
2026-05-19 00:00:00,1.626,1.64,1.616,1.632,946855.5,449179.1
2026-05-19 01:00:00,1.631,1.637,1.613,1.614,639237.3,316083.9
2026-05-19 02:00:00,1.615,1.626,1.602,1.606,614812.9,259404.1
2026-05-19 03:00:00,1.606,1.622,1.602,1.61,438480,197612.9
2026-05-19 04:00:00,1.611,1.622,1.595,1.604,585238.6,247341.4
2026-05-19 05:00:00,1.605,1.615,1.592,1.6,486354.1,205548.7
2026-05-19 06:00:00,1.599,1.644,1.598,1.643,648520.9,361351.2
2026-05-19 07:00:00,1.643,1.667,1.637,1.656,1275785,743639.9
2026-05-19 08:00:00,1.656,1.659,1.636,1.641,804615.3,302327.8
2026-05-19 09:00:00,1.64,1.649,1.625,1.638,837501.1,396628.8
2026-05-19 10:00:00,1.637,1.639,1.606,1.609,637266.1,251089.6
2026-05-19 11:00:00,1.609,1.612,1.581,1.597,918242.2,390141.7
2026-05-19 12:00:00,1.598,1.62,1.595,1.615,830124.7,370338
2026-05-19 13:00:00,1.615,1.637,1.613,1.621,812739.2,356797.9
2026-05-19 14:00:00,1.62,1.631,1.601,1.613,895736.9,395657.1
2026-05-19 15:00:00,1.614,1.625,1.608,1.624,630021.6,250740.6
2026-05-19 16:00:00,1.623,1.664,1.619,1.66,1243555.3,751992.5
2026-05-19 17:00:00,1.66,1.683,1.647,1.677,1606720.1,829787.4
2026-05-19 18:00:00,1.677,1.687,1.642,1.644,1190177.1,627441.4
2026-05-19 19:00:00,1.643,1.654,1.624,1.628,746012.3,362063.6
2026-05-19 20:00:00,1.628,1.634,1.625,1.634,344043.1,220050
2026-05-19 21:00:00,1.634,1.634,1.614,1.617,434910.5,228986.1
2026-05-19 22:00:00,1.617,1.623,1.61,1.612,399856.2,213767.6
2026-05-19 23:00:00,1.612,1.613,1.598,1.602,524906.8,219443
2026-05-20 00:00:00,1.603,1.607,1.592,1.601,574877.8,308239.3
2026-05-20 01:00:00,1.601,1.603,1.586,1.59,473130,233168.6
2026-05-20 02:00:00,1.59,1.592,1.583,1.585,431758.9,234713
2026-05-20 03:00:00,1.584,1.6,1.581,1.595,511070.2,272323.3
2026-05-20 04:00:00,1.596,1.603,1.594,1.598,289472.6,190662
2026-05-20 05:00:00,1.598,1.673,1.597,1.663,1815911.9,1114420
2026-05-20 06:00:00,1.663,1.671,1.647,1.657,1692095.1,937328.3
2026-05-20 07:00:00,1.656,1.664,1.644,1.65,724799.2,429067
2026-05-20 08:00:00,1.65,1.66,1.646,1.657,484221.6,242307.7
2026-05-20 09:00:00,1.656,1.658,1.638,1.647,635791,325489.7
2026-05-20 10:00:00,1.647,1.656,1.635,1.653,486891.2,232310.6
2026-05-20 11:00:00,1.654,1.654,1.635,1.64,404051.1,212734.8
2026-05-20 12:00:00,1.64,1.653,1.628,1.646,737733.9,454465.8
2026-05-20 13:00:00,1.647,1.67,1.638,1.654,1483241.5,838886.7
2026-05-20 14:00:00,1.654,1.695,1.65,1.69,1589009.2,856118.7
2026-05-20 15:00:00,1.689,1.711,1.679,1.687,1960726.9,1158407.2
2026-05-20 16:00:00,1.688,1.689,1.664,1.683,1066263.1,495255.8
2026-05-20 17:00:00,1.683,1.696,1.67,1.693,962104.3,513774.8
2026-05-20 18:00:00,1.693,1.702,1.66,1.671,1358883.7,689179.6
2026-05-20 19:00:00,1.67,1.702,1.662,1.689,1425603.4,823900.2
2026-05-20 20:00:00,1.688,1.699,1.673,1.695,932951.2,544371.9
2026-05-20 21:00:00,1.695,1.729,1.689,1.72,1529973.8,904700.2
2026-05-20 22:00:00,1.72,1.722,1.684,1.693,1149719.5,483696.4
2026-05-20 23:00:00,1.694,1.707,1.684,1.703,572596.3,282457
2026-05-21 00:00:00,1.703,1.728,1.696,1.722,1063477.9,585990.8
2026-05-21 01:00:00,1.722,1.749,1.707,1.713,1363635.7,725014.1
2026-05-21 02:00:00,1.714,1.739,1.702,1.729,831721.1,407047.1
2026-05-21 03:00:00,1.728,1.758,1.727,1.737,1125170.3,594152.8
2026-05-21 04:00:00,1.738,1.783,1.731,1.776,1801401.1,1041410.2
2026-05-21 05:00:00,1.776,1.782,1.737,1.746,1170339.9,465810.4
2026-05-21 06:00:00,1.746,1.746,1.703,1.711,1033475.2,459767.9
2026-05-21 07:00:00,1.711,1.731,1.707,1.724,750431.3,394123
2026-05-21 08:00:00,1.725,1.777,1.722,1.769,1561495.1,840419.6
2026-05-21 09:00:00,1.769,1.785,1.746,1.755,1235615.9,584649.5
2026-05-21 10:00:00,1.755,1.776,1.734,1.739,1258584.6,612877
2026-05-21 11:00:00,1.74,1.749,1.731,1.74,971391.4,501259.9
2026-05-21 12:00:00,1.74,1.771,1.739,1.753,776105.3,368516.2
2026-05-21 13:00:00,1.753,1.757,1.724,1.744,981227.5,455307.4
2026-05-21 14:00:00,1.744,1.758,1.723,1.755,1082372,486497.5
2026-05-21 15:00:00,1.755,1.83,1.752,1.807,3540209.6,1848596.1
2026-05-21 16:00:00,1.806,1.822,1.765,1.782,1664453.7,912455.7
2026-05-21 17:00:00,1.782,1.873,1.782,1.857,3800943.7,1917106.1
2026-05-21 18:00:00,1.857,1.865,1.823,1.838,1910537.1,843573.7
2026-05-21 19:00:00,1.838,1.933,1.835,1.924,2749565,1360360.8
2026-05-21 20:00:00,1.924,1.955,1.912,1.946,2076909.4,949403.2
2026-05-21 21:00:00,1.947,1.967,1.923,1.927,1798691.9,901338.5
2026-05-21 22:00:00,1.928,1.962,1.917,1.934,1855382.7,832106.8
2026-05-21 23:00:00,1.933,1.955,1.92,1.927,2160745.5,1007035.2
2026-05-22 00:00:00,1.927,1.99,1.918,1.982,3086141.5,1412022.9
2026-05-22 01:00:00,1.981,2.05,1.973,2.02,3982318.3,2242704
2026-05-22 02:00:00,2.02,2.115,2.019,2.064,4686709.2,2378120.2
2026-05-22 03:00:00,2.064,2.134,2.064,2.12,3814200.2,1809548.5
2026-05-22 04:00:00,2.119,2.179,2.103,2.174,4047970.4,1983829.3
2026-05-22 05:00:00,2.175,2.213,2.152,2.198,3958202,1931275.6
2026-05-22 06:00:00,2.198,2.214,2.146,2.2,4401908.8,2083448.5
2026-05-22 07:00:00,2.2,2.268,2.164,2.242,4923654.3,2762101.4
2026-05-22 08:00:00,2.241,2.288,2.227,2.265,4922369.4,2277102
2026-05-22 09:00:00,2.265,2.305,2.242,2.252,4192211.5,1945671.2
2026-05-22 10:00:00,2.252,2.272,2.195,2.261,3023420.6,1368617.9
2026-05-22 11:00:00,2.262,2.276,2.202,2.23,2468815.2,1149189.5
2026-05-22 12:00:00,2.23,2.319,2.208,2.317,3630771.5,1698236.2
2026-05-22 13:00:00,2.317,2.337,2.28,2.284,4958944.2,2558872.3
2026-05-22 14:00:00,2.283,2.294,2.227,2.244,3146662.3,1589127.4
2026-05-22 15:00:00,2.243,2.25,2.185,2.199,5369524.8,2785586.2
2026-05-22 16:00:00,2.198,2.238,2.157,2.174,2765419.5,1307629.5
2026-05-22 17:00:00,2.174,2.204,2.154,2.185,2095466,1101351
2026-05-22 18:00:00,2.184,2.2,2.134,2.167,2552169.7,1334080.4
2026-05-22 19:00:00,2.167,2.173,2.099,2.117,2926039.4,1313371.4
2026-05-22 20:00:00,2.117,2.139,2.057,2.112,3475520.9,1816258.4
2026-05-22 21:00:00,2.111,2.132,2.078,2.079,1342132.7,700986.7
2026-05-22 22:00:00,2.079,2.104,2.051,2.084,1674856.9,740311.6
2026-05-22 23:00:00,2.084,2.117,2.08,2.102,1851291.4,1014113.9
2026-05-23 00:00:00,2.103,2.122,2.067,2.109,2800597.2,1456503.7
2026-05-23 01:00:00,2.109,2.136,2.072,2.085,2256862.8,1049480.7
2026-05-23 02:00:00,2.086,2.124,2.078,2.095,1791027.8,877678.1
2026-05-23 03:00:00,2.095,2.118,2.075,2.114,1629404.1,921416.9
2026-05-23 04:00:00,2.114,2.119,2.063,2.066,1201124.1,569406
2026-05-23 05:00:00,2.066,2.088,2.057,2.081,1159981.2,642611.4
2026-05-23 06:00:00,2.081,2.087,2.042,2.059,1384618.3,675088
2026-05-23 07:00:00,2.06,2.076,2.018,2.027,3084886.1,1356373.4
2026-05-23 08:00:00,2.028,2.087,2.01,2.069,2042150,1101831.2
2026-05-23 09:00:00,2.068,2.097,2.057,2.072,1236293.1,718318.7
2026-05-23 10:00:00,2.072,2.094,2.066,2.075,721680,375142.6
2026-05-23 11:00:00,2.074,2.101,2.068,2.082,975345.8,559145.2
2026-05-23 12:00:00,2.081,2.107,2.039,2.102,1527035.2,773468.8
2026-05-23 13:00:00,2.102,2.131,2.081,2.105,2386709.5,1208135.7
2026-05-23 14:00:00,2.105,2.19,2.103,2.186,4634854.7,2266716.6
2026-05-23 15:00:00,2.187,2.275,2.167,2.26,5713456.8,3110754
2026-05-23 16:00:00,2.26,2.414,2.241,2.402,6551912.5,3505499.5
2026-05-23 17:00:00,2.402,2.448,2.327,2.351,7505750.2,3893791.3
2026-05-23 18:00:00,2.351,2.474,2.319,2.392,5035897.3,2549055.9
2026-05-23 19:00:00,2.392,2.444,2.367,2.39,2367769.5,1251977.9
2026-05-23 20:00:00,2.389,2.43,2.366,2.402,3120671.5,1414751
2026-05-23 21:00:00,2.402,2.458,2.377,2.413,3290217.8,1731026
2026-05-23 22:00:00,2.414,2.427,2.339,2.42,2835261.1,1400506.1
2026-05-23 23:00:00,2.419,2.474,2.41,2.452,3834343,2237006.4
2026-05-24 00:00:00,2.452,2.464,2.387,2.399,2250965.7,1042652.9
2026-05-24 01:00:00,2.399,2.401,2.36,2.389,1712209.6,794307.3
2026-05-24 02:00:00,2.389,2.42,2.357,2.405,1326498.7,648559.7
2026-05-24 03:00:00,2.405,2.436,2.374,2.387,1319261.2,653298.9
2026-05-24 04:00:00,2.388,2.419,2.35,2.393,1869247.1,932463.8
2026-05-24 05:00:00,2.394,2.398,2.333,2.35,1215607.2,541353.3
2026-05-24 06:00:00,2.351,2.398,2.329,2.396,1289801.4,661302.2
2026-05-24 07:00:00,2.397,2.434,2.363,2.39,3072299.3,1623711.4
2026-05-24 08:00:00,2.39,2.394,2.368,2.382,698871.6,314069.6
2026-05-24 09:00:00,2.382,2.399,2.359,2.363,879873.2,424512.8
2026-05-24 10:00:00,2.363,2.374,2.334,2.358,998952.7,497702.8
2026-05-24 11:00:00,2.359,2.404,2.344,2.4,1314424.3,648894.6
2026-05-24 12:00:00,2.4,2.401,2.356,2.385,1019881.4,477691.8
2026-05-24 13:00:00,2.385,2.426,2.384,2.404,1618937.6,849529.2
2026-05-24 14:00:00,2.404,2.509,2.37,2.495,4550225.3,2336410.9
2026-05-24 15:00:00,2.495,2.508,2.4,2.44,3700110.4,1871555.5
2026-05-24 16:00:00,2.44,2.448,2.392,2.428,1646494.5,855105.9
2026-05-24 17:00:00,2.427,2.478,2.4,2.437,2335826.6,1297334.7
2026-05-24 18:00:00,2.437,2.472,2.413,2.443,1847312,888241
2026-05-24 19:00:00,2.443,2.458,2.394,2.425,1222195.9,605457.3
2026-05-24 20:00:00,2.426,2.469,2.418,2.449,1350157.8,709444.2
2026-05-24 21:00:00,2.45,2.505,2.371,2.394,3114657.5,1699468.8
2026-05-24 22:00:00,2.394,2.448,2.391,2.408,1922770.4,913806.7
2026-05-24 23:00:00,2.408,2.431,2.387,2.395,1160663.4,594913.4
2026-05-25 00:00:00,2.396,2.426,2.375,2.381,1128667.1,528500.3
2026-05-25 01:00:00,2.382,2.403,2.353,2.362,1548536.2,660508.1
2026-05-25 02:00:00,2.362,2.417,2.337,2.364,1854827.1,865666.7
2026-05-25 03:00:00,2.365,2.37,2.338,2.349,962794.8,500308.2
2026-05-25 04:00:00,2.349,2.395,2.342,2.387,815884.1,467700.7
2026-05-25 05:00:00,2.386,2.406,2.359,2.37,1038216.6,530141.3
2026-05-25 06:00:00,2.369,2.416,2.368,2.375,1230117,625013.3
2026-05-25 07:00:00,2.375,2.395,2.36,2.384,1037385.3,482296.1
2026-05-25 08:00:00,2.384,2.419,2.368,2.416,1191361.3,694365.8
2026-05-25 09:00:00,2.416,2.436,2.38,2.42,1565340.5,864613.1
2026-05-25 10:00:00,2.42,2.467,2.416,2.46,2641669,1428087.6
2026-05-25 11:00:00,2.46,2.475,2.425,2.442,1885848.8,825108.4
2026-05-25 12:00:00,2.442,2.578,2.43,2.483,5396858.2,2814652.6
2026-05-25 13:00:00,2.483,2.632,2.48,2.616,4995663.2,2721049.4
2026-05-25 14:00:00,2.617,2.69,2.617,2.675,6983698.2,3690276.3
2026-05-25 15:00:00,2.675,2.719,2.63,2.713,4211227.1,2347923
2026-05-25 16:00:00,2.713,2.824,2.67,2.785,5563168.3,3304435.2
2026-05-25 17:00:00,2.785,2.818,2.707,2.737,3634354,1758095.2
2026-05-25 18:00:00,2.737,2.769,2.704,2.72,2016700.3,1101255.2
2026-05-25 19:00:00,2.72,2.776,2.709,2.757,2345987.6,1341318.8
2026-05-25 20:00:00,2.757,2.788,2.719,2.754,1920326,1079551.5
2026-05-25 21:00:00,2.753,2.793,2.75,2.79,1310248.2,721177.6
2026-05-25 22:00:00,2.789,2.797,2.728,2.767,2028273.6,859153.3
2026-05-25 23:00:00,2.766,2.806,2.75,2.772,2502456,1160326.8
2026-05-26 00:00:00,2.772,2.776,2.708,2.72,3693909.2,1554374.5
2026-05-26 01:00:00,2.72,2.731,2.666,2.685,2924991.1,1349424.1
2026-05-26 02:00:00,2.686,2.764,2.666,2.73,2025577.9,1158371
2026-05-26 03:00:00,2.731,2.758,2.702,2.723,1345392,670202.9
2026-05-26 04:00:00,2.724,2.806,2.722,2.786,2916180.2,1736163.8
2026-05-26 05:00:00,2.786,2.798,2.741,2.746,2042605.5,1136379.3
2026-05-26 06:00:00,2.747,2.78,2.717,2.735,2308884.3,1267461
2026-05-26 07:00:00,2.736,2.74,2.705,2.721,1841348.7,854013.5
2026-05-26 08:00:00,2.721,2.757,2.681,2.738,2724879.2,1370390.3
2026-05-26 09:00:00,2.738,2.77,2.697,2.713,2656742.3,1427543.9
2026-05-26 10:00:00,2.714,2.905,2.707,2.896,4791893.1,2649494.9
2026-05-26 11:00:00,2.896,2.978,2.854,2.855,6130533.4,3144216.3
2026-05-26 12:00:00,2.854,2.869,2.754,2.784,7363290,3501722.8
2026-05-26 13:00:00,2.784,2.888,2.738,2.824,4769243.8,2121134
2026-05-26 14:00:00,2.824,2.913,2.819,2.835,3960286,1859224.4
2026-05-26 15:00:00,2.836,2.846,2.745,2.763,3274851.8,1233408.6
2026-05-26 16:00:00,2.763,2.763,2.705,2.74,2310550.6,1013602.1
2026-05-26 17:00:00,2.74,2.744,2.674,2.694,2819998.4,1212479.1
2026-05-26 18:00:00,2.694,2.7,2.59,2.625,2949523.2,1370165.3
2026-05-26 19:00:00,2.625,2.66,2.594,2.654,1151332.9,588990.6
2026-05-26 20:00:00,2.654,2.676,2.624,2.654,1173088.7,644262.9
2026-05-26 21:00:00,2.653,2.66,2.596,2.611,1207280,685220.4
2026-05-26 22:00:00,2.611,2.645,2.596,2.637,1717144.8,965445.2
2026-05-26 23:00:00,2.637,2.647,2.527,2.553,2464695.9,1255866.3
2026-05-27 00:00:00,2.554,2.603,2.53,2.572,4468962.7,2390022.3
2026-05-27 01:00:00,2.572,2.573,2.519,2.525,1591080.6,848200
2026-05-27 02:00:00,2.525,2.53,2.461,2.51,5225498.4,2998514.5
2026-05-27 03:00:00,2.511,2.527,2.479,2.489,2335767.3,1518373.5
2026-05-27 04:00:00,2.488,2.519,2.469,2.512,1740772.4,848784.4
2026-05-27 05:00:00,2.512,2.55,2.51,2.534,1649650.1,815254.8
2026-05-27 06:00:00,2.534,2.55,2.519,2.542,1179932.8,737643.5
2026-05-27 07:00:00,2.542,2.542,2.493,2.523,1376923.4,747043.9
2026-05-27 08:00:00,2.523,2.583,2.51,2.524,4723438.6,1959930.5
2026-05-27 09:00:00,2.524,2.533,2.474,2.476,2678441.3,1153197.2
2026-05-27 10:00:00,2.475,2.498,2.453,2.496,1961425.6,1083288.7
2026-05-27 11:00:00,2.496,2.548,2.491,2.522,1583180.2,879807.7
2026-05-27 12:00:00,2.522,2.552,2.501,2.521,2856188.6,1843783.4
2026-05-27 13:00:00,2.521,2.568,2.499,2.539,2810102.4,1551241.7
2026-05-27 14:00:00,2.54,2.564,2.51,2.544,2005319.5,1017121.2
2026-05-27 15:00:00,2.544,2.625,2.524,2.581,3185482.1,1680557.5
2026-05-27 16:00:00,2.58,2.582,2.525,2.564,1483728.3,731599.6
2026-05-27 17:00:00,2.565,2.575,2.508,2.532,3516978.3,1394974.5
2026-05-27 18:00:00,2.532,2.622,2.526,2.62,2169273.5,1414160.3
2026-05-27 19:00:00,2.62,2.739,2.614,2.672,3768547.3,2009567.4
2026-05-27 20:00:00,2.672,2.674,2.589,2.619,2442321.6,1191363.9
2026-05-27 21:00:00,2.62,2.631,2.522,2.568,3071124.3,1100616.9
2026-05-27 22:00:00,2.569,2.586,2.524,2.531,1508321.8,781127.7
2026-05-27 23:00:00,2.531,2.541,2.47,2.489,1737753.8,826257.5
2026-05-28 00:00:00,2.489,2.508,2.443,2.453,2025771,775540.9
2026-05-28 01:00:00,2.453,2.464,2.42,2.448,2199831.1,855741.8
2026-05-28 02:00:00,2.448,2.451,2.385,2.416,1418219.7,665428.6
2026-05-28 03:00:00,2.417,2.431,2.368,2.385,2093951.2,805098
2026-05-28 04:00:00,2.385,2.436,2.376,2.418,2748985.6,1323454.9
2026-05-28 05:00:00,2.418,2.425,2.381,2.42,1487649.5,652505.8
2026-05-28 06:00:00,2.419,2.42,2.364,2.375,1493113.4,664377.5
2026-05-28 07:00:00,2.375,2.422,2.367,2.415,1508447.6,771562.8
2026-05-28 08:00:00,2.415,2.42,2.382,2.388,1200687.9,582684.3
2026-05-28 09:00:00,2.388,2.426,2.38,2.421,1183338,587779.8
2026-05-28 10:00:00,2.42,2.429,2.376,2.377,926874,487739.5
2026-05-28 11:00:00,2.377,2.394,2.366,2.388,697455,365904.4
2026-05-28 12:00:00,2.387,2.389,2.331,2.348,1503168.5,685432.5
2026-05-28 13:00:00,2.348,2.359,2.294,2.316,3360793.6,1498435.3
2026-05-28 14:00:00,2.315,2.364,2.269,2.297,4053982.4,1986586.5
2026-05-28 15:00:00,2.297,2.339,2.291,2.302,1376855.3,709570.8
2026-05-28 16:00:00,2.301,2.359,2.29,2.348,1498178.3,806536.3
2026-05-28 17:00:00,2.349,2.364,2.333,2.357,767174.2,414468.5
2026-05-28 18:00:00,2.357,2.426,2.354,2.418,1621716.6,753492.7
2026-05-28 19:00:00,2.418,2.436,2.389,2.39,888402.2,451718.1
2026-05-28 20:00:00,2.391,2.45,2.355,2.423,1407116.3,728230.6
2026-05-28 21:00:00,2.424,2.474,2.415,2.449,1125003.4,571321.2
2026-05-28 22:00:00,2.45,2.479,2.418,2.437,2426553.2,1412385
2026-05-28 23:00:00,2.438,2.453,2.416,2.42,1020680.3,447266.3
2026-05-29 00:00:00,2.42,2.533,2.419,2.513,2637720.8,1403550.9
2026-05-29 01:00:00,2.513,2.558,2.491,2.552,3847934,1598802.1
2026-05-29 02:00:00,2.552,2.562,2.468,2.48,4150231.3,1521248.2
2026-05-29 03:00:00,2.48,2.527,2.447,2.458,1441093.5,626376.4
2026-05-29 04:00:00,2.458,2.497,2.445,2.488,775918.5,374058.1
2026-05-29 05:00:00,2.489,2.519,2.466,2.499,777862.8,390824.4
2026-05-29 06:00:00,2.498,2.518,2.476,2.508,631526.4,350218.4
2026-05-29 07:00:00,2.508,2.576,2.474,2.5,3910335.9,2152984
2026-05-29 08:00:00,2.499,2.517,2.482,2.488,1306588.2,644077.1
2026-05-29 09:00:00,2.489,2.551,2.483,2.503,1231748,600529.1
2026-05-29 10:00:00,2.503,2.527,2.485,2.504,3056535.2,1264883.4
2026-05-29 11:00:00,2.504,2.518,2.475,2.487,3716331.4,1739572.1
2026-05-29 12:00:00,2.487,2.488,2.407,2.434,3287085.1,1000893.2
2026-05-29 13:00:00,2.433,2.469,2.406,2.457,1804035.9,741057.5
2026-05-29 14:00:00,2.458,2.479,2.415,2.445,2199461.4,955107.6
2026-05-29 15:00:00,2.445,2.603,2.444,2.554,4879888,2762682.1
2026-05-29 16:00:00,2.553,2.633,2.534,2.593,3017622,1559311.9
2026-05-29 17:00:00,2.593,2.633,2.572,2.586,2436339.6,1146182.6
2026-05-29 18:00:00,2.587,2.612,2.551,2.554,1731401,811642.9
2026-05-29 19:00:00,2.554,2.58,2.519,2.539,1318891.2,651108.4
2026-05-29 20:00:00,2.54,2.564,2.488,2.503,2934060.1,1524355.1
2026-05-29 21:00:00,2.503,2.511,2.362,2.363,3285285.4,1764182
2026-05-29 22:00:00,2.364,2.413,2.364,2.407,1020939,463836.8
2026-05-29 23:00:00,2.408,2.419,2.372,2.38,1574789.1,570722.8
2026-05-30 00:00:00,2.38,2.403,2.358,2.361,1174458.5,544141.6
2026-05-30 01:00:00,2.362,2.395,2.355,2.382,996356.8,532822
2026-05-30 02:00:00,2.381,2.402,2.364,2.396,725381.7,385115.6
2026-05-30 03:00:00,2.395,2.396,2.354,2.355,756659.5,339701.3
2026-05-30 04:00:00,2.355,2.365,2.248,2.311,3985434.2,1735901.9
2026-05-30 05:00:00,2.31,2.365,2.307,2.359,1158953.7,621966.7
2026-05-30 06:00:00,2.359,2.389,2.351,2.386,808529.1,405874.9
2026-05-30 07:00:00,2.385,2.402,2.374,2.4,492058.6,273156.1
2026-05-30 08:00:00,2.399,2.409,2.385,2.401,564467.2,298635
2026-05-30 09:00:00,2.4,2.438,2.399,2.417,1153160.7,739707.3
2026-05-30 10:00:00,2.417,2.444,2.396,2.401,1163106.5,738137.4
2026-05-30 11:00:00,2.401,2.422,2.386,2.414,786010.9,431802.3
2026-05-30 12:00:00,2.415,2.432,2.396,2.402,557515,309356.3
2026-05-30 13:00:00,2.403,2.414,2.384,2.403,554723.3,293278.6
2026-05-30 14:00:00,2.403,2.415,2.386,2.403,875372.3,335638
2026-05-30 15:00:00,2.404,2.408,2.33,2.341,1529473.7,620376.6
2026-05-30 16:00:00,2.341,2.362,2.337,2.349,549242.1,277669.1
2026-05-30 17:00:00,2.348,2.357,2.276,2.31,1836070.1,751576
2026-05-30 18:00:00,2.31,2.331,2.302,2.328,489176.2,244958.4
2026-05-30 19:00:00,2.329,2.34,2.291,2.304,1179133.7,435229
2026-05-30 20:00:00,2.305,2.325,2.304,2.314,555507.6,298127.7
2026-05-30 21:00:00,2.314,2.319,2.295,2.296,352196.9,186301.9
2026-05-30 22:00:00,2.297,2.3,2.243,2.269,1616528,811279.4
2026-05-30 23:00:00,2.268,2.284,2.226,2.25,1293821.9,566222
2026-05-31 00:00:00,2.251,2.263,2.23,2.247,1015479,473372.6
2026-05-31 01:00:00,2.247,2.268,2.24,2.248,881206.7,441380
2026-05-31 02:00:00,2.247,2.276,2.245,2.259,656987,344861.9
2026-05-31 03:00:00,2.259,2.286,2.253,2.279,754926.5,400644.6
2026-05-31 04:00:00,2.278,2.331,2.271,2.329,1352326.7,711026
2026-05-31 05:00:00,2.328,2.339,2.309,2.318,851782.6,418232.4
2026-05-31 06:00:00,2.318,2.338,2.309,2.323,720802.4,393833.5
2026-05-31 07:00:00,2.323,2.35,2.289,2.305,2693993.1,1662766.7
2026-05-31 08:00:00,2.305,2.316,2.262,2.279,1561844.8,788333.4
2026-05-31 09:00:00,2.28,2.29,2.251,2.262,2368729.7,894371.3
2026-05-31 10:00:00,2.262,2.271,2.239,2.266,1067584.7,579198.7
2026-05-31 11:00:00,2.265,2.279,2.262,2.274,691838.8,435296.4
2026-05-31 12:00:00,2.273,2.331,2.268,2.319,1211611.5,781307.4
2026-05-31 13:00:00,2.318,2.337,2.312,2.323,600642.4,297982.2
2026-05-31 14:00:00,2.322,2.329,2.277,2.289,1820151.7,877440.8
2026-05-31 15:00:00,2.29,2.354,2.284,2.316,1699685.5,830694.7
2026-05-31 16:00:00,2.316,2.322,2.25,2.255,1487690.2,662098.7
2026-05-31 17:00:00,2.255,2.279,2.245,2.273,595922.1,330694.4
2026-05-31 18:00:00,2.274,2.275,2.225,2.235,632166.8,303128
2026-05-31 19:00:00,2.235,2.253,2.215,2.246,706205.9,326576
2026-05-31 20:00:00,2.246,2.26,2.241,2.256,406581.8,215175.4
2026-05-31 21:00:00,2.257,2.34,2.255,2.321,1293062.5,736786.6
2026-05-31 22:00:00,2.321,2.355,2.288,2.346,1434827.4,800793.8
2026-05-31 23:00:00,2.346,2.358,2.291,2.32,891037.8,459809.2
2026-06-01 00:00:00,2.321,2.367,2.305,2.309,1360274.5,644862.3
2026-06-01 01:00:00,2.309,2.318,2.261,2.267,1379050.6,622039.4
2026-06-01 02:00:00,2.266,2.382,2.265,2.368,1708751.2,748499.7
2026-06-01 03:00:00,2.367,2.421,2.367,2.381,2872812.8,1235020.8
2026-06-01 04:00:00,2.381,2.399,2.319,2.344,1724635.3,728864.1
2026-06-01 05:00:00,2.344,2.364,2.316,2.351,1287733.4,639196.8
2026-06-01 06:00:00,2.351,2.357,2.291,2.324,1771574.7,818885.1
2026-06-01 07:00:00,2.323,2.35,2.297,2.308,898907.2,435601.7
2026-06-01 08:00:00,2.308,2.347,2.303,2.314,1608273,760569.6
2026-06-01 09:00:00,2.315,2.334,2.286,2.332,1269988.2,605375.8
2026-06-01 10:00:00,2.333,2.359,2.314,2.334,1059965.1,558869.7
2026-06-01 11:00:00,2.334,2.37,2.302,2.32,1984723.6,884475.7
2026-06-01 12:00:00,2.32,2.405,2.297,2.365,2667330.3,1463607.2
2026-06-01 13:00:00,2.366,2.4,2.334,2.379,3107244.3,1489090.8
2026-06-01 14:00:00,2.379,2.416,2.35,2.392,3253302.3,1758814.9
2026-06-01 15:00:00,2.392,2.45,2.367,2.41,4600433.2,2233755.4
2026-06-01 16:00:00,2.409,2.465,2.382,2.452,3345463.5,1554588
2026-06-01 17:00:00,2.452,2.559,2.452,2.535,3841965.1,2341084.2
2026-06-01 18:00:00,2.534,2.582,2.494,2.578,2644662.3,1349000.4
2026-06-01 19:00:00,2.579,2.653,2.572,2.615,3495954.2,1847504
2026-06-01 20:00:00,2.615,2.7,2.569,2.688,3626881,1791494.7
2026-06-01 21:00:00,2.688,2.693,2.611,2.625,2656525.3,1174271.4
2026-06-01 22:00:00,2.625,2.709,2.607,2.695,3349979.8,1588157.6
2026-06-01 23:00:00,2.694,2.695,2.608,2.638,2253307.3,1276574.3
2026-06-02 00:00:00,2.638,2.654,2.574,2.592,2512389.3,1215655.6
2026-06-02 01:00:00,2.593,2.68,2.579,2.589,2620738.9,1219678.7
2026-06-02 02:00:00,2.589,2.668,2.562,2.666,2095067.8,940270.2
2026-06-02 03:00:00,2.666,2.755,2.646,2.734,2556289.7,1333159.2
2026-06-02 04:00:00,2.734,2.759,2.652,2.654,2216822.2,971368.8
2026-06-02 05:00:00,2.655,2.657,2.574,2.598,1901849.4,863263.7
2026-06-02 06:00:00,2.598,2.625,2.567,2.605,1568789.9,850820.5
2026-06-02 07:00:00,2.606,2.636,2.571,2.601,1746275.6,912360.6
2026-06-02 08:00:00,2.602,2.668,2.592,2.657,2762509.7,1436076
2026-06-02 09:00:00,2.658,2.665,2.603,2.628,2093285.2,894867.3
2026-06-02 10:00:00,2.629,2.697,2.618,2.683,2504826.6,1266158.8
2026-06-02 11:00:00,2.683,2.718,2.67,2.674,1750746.4,903107.6
2026-06-02 12:00:00,2.673,2.736,2.669,2.704,1497474.1,733119.7
2026-06-02 13:00:00,2.704,2.737,2.655,2.688,1892778.9,860505
2026-06-02 14:00:00,2.688,2.725,2.599,2.62,3577816.9,1740087.6
2026-06-02 15:00:00,2.619,2.624,2.459,2.484,6434192.8,3122451.9
2026-06-02 16:00:00,2.484,2.56,2.455,2.529,4010500.2,2070570.8
2026-06-02 17:00:00,2.529,2.648,2.527,2.639,2242532.6,1209392.3
2026-06-02 18:00:00,2.639,2.657,2.549,2.572,2527735.5,1162031.6
2026-06-02 19:00:00,2.573,2.648,2.492,2.631,4204631,2205660.7
2026-06-02 20:00:00,2.631,2.734,2.581,2.715,3848249.9,2297920.6
2026-06-02 21:00:00,2.715,2.775,2.64,2.67,3827843.7,1912046.1
2026-06-02 22:00:00,2.67,2.699,2.593,2.626,2874778.4,1381971.7
2026-06-02 23:00:00,2.626,2.634,2.537,2.628,3186463.2,1414907.2
2026-06-03 00:00:00,2.629,2.773,2.628,2.725,3680832.8,1817410.3
2026-06-03 01:00:00,2.725,2.741,2.673,2.727,2421383.2,1195818.1
2026-06-03 02:00:00,2.726,2.73,2.677,2.717,1597030.4,750933.8
2026-06-03 03:00:00,2.718,2.76,2.632,2.682,3549674.5,1817255.7
2026-06-03 04:00:00,2.682,2.831,2.68,2.823,3631133.2,2084356
2026-06-03 05:00:00,2.823,2.896,2.808,2.866,2670840.3,1379022.1
2026-06-03 06:00:00,2.865,2.879,2.789,2.813,2259593.5,1108338.4
2026-06-03 07:00:00,2.812,2.869,2.796,2.859,1780050.8,943900.1
2026-06-03 08:00:00,2.858,2.913,2.82,2.872,2445630.1,1311117.6
2026-06-03 09:00:00,2.871,2.884,2.823,2.832,2546930.6,1492786
2026-06-03 10:00:00,2.832,2.977,2.818,2.959,4188141.3,2463893
2026-06-03 11:00:00,2.959,2.973,2.845,2.951,5739628.9,3121362.9
2026-06-03 12:00:00,2.951,2.999,2.903,2.977,2972411.3,1505290.8
2026-06-03 13:00:00,2.978,3.064,2.941,3.053,5013240,2609732.8
2026-06-03 14:00:00,3.052,3.082,2.965,3.01,3974735,2020584
2026-06-03 15:00:00,3.011,3.087,2.912,2.944,6961350.1,2947712.3
2026-06-03 16:00:00,2.944,2.955,2.794,2.854,7584612.4,3427586.1
2026-06-03 17:00:00,2.854,2.858,2.763,2.803,3433725.8,1583870.9
2026-06-03 18:00:00,2.802,2.879,2.777,2.878,2547573.1,1199716.4
2026-06-03 19:00:00,2.877,2.93,2.833,2.853,3066233.3,1695440.9
2026-06-03 20:00:00,2.852,2.877,2.775,2.8,1866739.6,894375.1
2026-06-03 21:00:00,2.8,2.93,2.798,2.915,1843395.9,876271.3
2026-06-03 22:00:00,2.914,2.937,2.825,2.832,1788985.8,927336
2026-06-03 23:00:00,2.831,2.859,2.794,2.817,1664172.1,838314.4
2026-06-04 00:00:00,2.817,2.854,2.766,2.79,2695653.2,1170016.3
2026-06-04 01:00:00,2.791,2.809,2.679,2.697,4126170.9,1980765.8
2026-06-04 02:00:00,2.698,2.799,2.632,2.709,6361075.1,3230415.3
2026-06-04 03:00:00,2.709,2.835,2.697,2.732,3656125.2,1849365.5
2026-06-04 04:00:00,2.731,2.758,2.615,2.632,2600076.7,1201671.6
2026-06-04 05:00:00,2.633,2.636,2.499,2.538,6076273.1,3218173.3
2026-06-04 06:00:00,2.537,2.577,2.461,2.465,3856356,1711615.3
2026-06-04 07:00:00,2.466,2.476,2.379,2.404,4381973.5,2155843.8
2026-06-04 08:00:00,2.403,2.414,2.299,2.333,5196691.5,2203930.6
2026-06-04 09:00:00,2.333,2.368,2.294,2.35,6282213.9,3018376.6
2026-06-04 10:00:00,2.35,2.416,2.332,2.412,3624639.2,1823868.3
2026-06-04 11:00:00,2.412,2.449,2.345,2.449,3664014.1,1852254.6
2026-06-04 12:00:00,2.449,2.489,2.394,2.428,4731905.3,2224733.9
2026-06-04 13:00:00,2.429,2.429,2.345,2.371,3547802.5,1817617.3
2026-06-04 14:00:00,2.372,2.406,2.35,2.37,2669794.6,1283170.8
2026-06-04 15:00:00,2.369,2.445,2.357,2.392,2897183.1,1571659.7
2026-06-04 16:00:00,2.393,2.486,2.382,2.431,2687367.9,1443430.8
2026-06-04 17:00:00,2.431,2.464,2.375,2.393,2115844,1060753.8
2026-06-04 18:00:00,2.393,2.411,2.361,2.382,1385358.2,740027
2026-06-04 19:00:00,2.382,2.389,2.326,2.348,1736027.4,885211.8
2026-06-04 20:00:00,2.348,2.352,2.292,2.301,1584689.3,782993.6
2026-06-04 21:00:00,2.301,2.314,2.211,2.238,4209164.3,2010506.4
2026-06-04 22:00:00,2.238,2.274,2.17,2.22,2916417.3,1230343
2026-06-04 23:00:00,2.221,2.243,2.175,2.2,2028866.9,978538.1
2026-06-05 00:00:00,2.2,2.284,2.197,2.24,3174912,1505086.2
2026-06-05 01:00:00,2.24,2.303,2.217,2.25,2682426.8,1407989.5
2026-06-05 02:00:00,2.25,2.25,2.116,2.125,4116564.9,1777933.9
2026-06-05 03:00:00,2.125,2.165,2.092,2.128,3277204.1,1719642.9
2026-06-05 04:00:00,2.128,2.204,2.112,2.199,2645871.7,1309346.6
2026-06-05 05:00:00,2.2,2.236,2.159,2.179,4543798.7,2508165.9
2026-06-05 06:00:00,2.179,2.192,2.062,2.085,7210432.7,3294091.5
2026-06-05 07:00:00,2.085,2.103,1.987,2.101,8112386.2,3908179.2
2026-06-05 08:00:00,2.102,2.117,2.015,2.079,4386126.1,2191695.1
2026-06-05 09:00:00,2.079,2.105,2.038,2.085,2562547.6,1384384.9
2026-06-05 10:00:00,2.085,2.09,2.018,2.039,2447083.9,1250027.2
2026-06-05 11:00:00,2.039,2.065,1.996,2.018,1996252.8,1043885.6
2026-06-05 12:00:00,2.017,2.058,1.999,2.038,2658041.1,1561891.3
2026-06-05 13:00:00,2.039,2.083,2,2,3525302.6,1614255.5
2026-06-05 14:00:00,2,2.067,1.978,1.988,4438697.2,2282395.2
2026-06-05 15:00:00,1.988,1.992,1.907,1.92,6309930.6,3183350.8
2026-06-05 16:00:00,1.919,1.988,1.825,1.979,7435646.6,3435621.4
2026-06-05 17:00:00,1.979,2.005,1.923,1.979,3655624,1878351.7
2026-06-05 18:00:00,1.978,1.983,1.891,1.894,3186304.2,1433840.2
2026-06-05 19:00:00,1.894,1.985,1.855,1.975,3634276.7,1847065.9
2026-06-05 20:00:00,1.975,2.034,1.936,2.017,2886817.9,1376245.7
2026-06-05 21:00:00,2.016,2.048,1.992,1.995,2297735.8,1166765.7
2026-06-05 22:00:00,1.995,2.014,1.965,1.984,1532670.8,765017.3
2026-06-05 23:00:00,1.985,2.002,1.938,1.969,1799524.4,879477.4
2026-06-06 00:00:00,1.969,1.992,1.96,1.985,1725080.2,923804.7
2026-06-06 01:00:00,1.986,2.007,1.955,1.99,1265990.8,564440.3
2026-06-06 02:00:00,1.99,1.995,1.96,1.968,991159.3,492162.1
2026-06-06 03:00:00,1.969,1.98,1.941,1.946,1167016,565563.6
2026-06-06 04:00:00,1.946,1.947,1.829,1.867,3352498.6,1595861.8
2026-06-06 05:00:00,1.868,1.959,1.85,1.937,3909334.5,1944765.4
2026-06-06 06:00:00,1.937,1.973,1.929,1.932,1635015.1,721823.4
2026-06-06 07:00:00,1.932,1.956,1.922,1.937,1099771.3,518535.4
2026-06-06 08:00:00,1.938,1.947,1.916,1.937,1040281.8,526819.5
2026-06-06 09:00:00,1.937,1.952,1.888,1.907,1021369.6,532635.2
2026-06-06 10:00:00,1.906,1.907,1.854,1.875,1807438.6,791042
2026-06-06 11:00:00,1.875,1.929,1.872,1.918,1298113.6,638257.9
2026-06-06 12:00:00,1.917,1.921,1.889,1.906,865564,424336.6
2026-06-06 13:00:00,1.907,1.915,1.869,1.876,996727.8,476056.8
2026-06-06 14:00:00,1.875,1.892,1.843,1.851,2010632.7,953129.2
2026-06-06 15:00:00,1.851,1.898,1.827,1.887,1892703.8,986344.8
2026-06-06 16:00:00,1.888,1.915,1.857,1.892,1501898.5,756627.4
2026-06-06 17:00:00,1.892,1.899,1.853,1.858,995449,498789.9
2026-06-06 18:00:00,1.858,1.902,1.85,1.868,864758.5,483808.6
2026-06-06 19:00:00,1.869,1.882,1.858,1.861,551433.3,271297.9
2026-06-06 20:00:00,1.86,1.88,1.855,1.873,605507.6,352708
2026-06-06 21:00:00,1.872,1.894,1.869,1.878,613526.6,332650.8
2026-06-06 22:00:00,1.878,1.886,1.846,1.852,669467.9,323541
2026-06-06 23:00:00,1.852,1.874,1.848,1.859,616058.2,322008.9
2026-06-07 00:00:00,1.859,1.887,1.851,1.878,805642.3,401859.6
2026-06-07 01:00:00,1.879,1.955,1.872,1.946,2522944.9,1572227
2026-06-07 02:00:00,1.945,1.955,1.876,1.892,6553472,4545220
2026-06-07 03:00:00,1.891,1.892,1.813,1.849,4805287.2,2499578.9
2026-06-07 04:00:00,1.849,1.886,1.839,1.877,1464914.5,801689.1
2026-06-07 05:00:00,1.877,1.905,1.866,1.903,1660212,813045.6
2026-06-07 06:00:00,1.903,1.944,1.887,1.933,1619832.1,868978
2026-06-07 07:00:00,1.933,1.951,1.903,1.91,1277214.8,618145.6
2026-06-07 08:00:00,1.91,1.939,1.9,1.932,1304485.7,608248.2
2026-06-07 09:00:00,1.933,1.962,1.905,1.912,1747870.9,834381.3
2026-06-07 10:00:00,1.912,1.917,1.882,1.893,853969.8,407453.9
2026-06-07 11:00:00,1.893,1.94,1.886,1.919,810725.5,414098.3
2026-06-07 12:00:00,1.919,1.929,1.857,1.886,1714681,778865.4
2026-06-07 13:00:00,1.885,1.921,1.882,1.909,1049057.4,479013.6
2026-06-07 14:00:00,1.909,1.992,1.909,1.985,2183770.7,1177462.3
2026-06-07 15:00:00,1.984,2.062,1.97,2.024,5546303.2,2938710.2
2026-06-07 16:00:00,2.024,2.101,2.002,2.039,4930322.6,2456419.1
2026-06-07 17:00:00,2.039,2.08,2.013,2.038,1811471.7,817505.1
2026-06-07 18:00:00,2.039,2.063,2.021,2.022,1421259.2,665927
2026-06-07 19:00:00,2.023,2.023,1.955,1.968,2625468.9,1082502.4
2026-06-07 20:00:00,1.967,2.019,1.956,2.008,1302374.4,631966.9
2026-06-07 21:00:00,2.008,2.015,1.972,1.989,842027.6,413662.6
2026-06-07 22:00:00,1.989,2.1,1.988,2.034,2603906.5,1357735.2
2026-06-07 23:00:00,2.033,2.06,2.019,2.059,876598.5,460252.4
2026-06-08 00:00:00,2.059,2.095,2.021,2.085,1534074.3,667673.6
2026-06-08 01:00:00,2.085,2.087,2.014,2.042,2058535.6,1043867.4
2026-06-08 02:00:00,2.043,2.11,2.035,2.08,1692703.8,810308.8
2026-06-08 03:00:00,2.08,2.11,2.059,2.076,1665215.4,784200.9
2026-06-08 04:00:00,2.076,2.081,2.036,2.043,1610226.9,778118.6
2026-06-08 05:00:00,2.043,2.075,2.019,2.075,1187625,573632.6
2026-06-08 06:00:00,2.074,2.162,2.073,2.159,3557821.2,1528223.9
2026-06-08 07:00:00,2.16,2.197,2.132,2.143,3724449.2,2175473
2026-06-08 08:00:00,2.142,2.16,2.115,2.13,1535769.3,755548.1
2026-06-08 09:00:00,2.129,2.182,2.128,2.182,1332533.4,723738.3
2026-06-08 10:00:00,2.181,2.185,2.116,2.118,1297274.7,629160.9
2026-06-08 11:00:00,2.118,2.162,2.105,2.125,1648136.9,869507.4
2026-06-08 12:00:00,2.125,2.199,2.095,2.194,2381503.9,1320645
2026-06-08 13:00:00,2.194,2.2,2.134,2.152,1588265.7,900026
2026-06-08 14:00:00,2.151,2.169,2.121,2.169,1386300,719954.4
2026-06-08 15:00:00,2.169,2.231,2.154,2.213,2486910.3,1254555
2026-06-08 16:00:00,2.213,2.265,2.201,2.201,2976430.9,1172079.6
2026-06-08 17:00:00,2.202,2.225,2.168,2.193,1990228.8,828434.8
2026-06-08 18:00:00,2.194,2.205,2.171,2.199,990257.2,460083.3
2026-06-08 19:00:00,2.199,2.221,2.175,2.189,1054160.7,533262.5
2026-06-08 20:00:00,2.19,2.206,2.134,2.198,1624959.8,741084.3
2026-06-08 21:00:00,2.198,2.207,2.144,2.151,1660449,836182.1
2026-06-08 22:00:00,2.151,2.156,2.124,2.134,1224287.8,511025.5
2026-06-08 23:00:00,2.135,2.144,2.118,2.13,817376.4,438673.8
2026-06-09 00:00:00,2.13,2.138,2.052,2.08,2023446.1,831727
2026-06-09 01:00:00,2.079,2.096,2.062,2.085,880722.1,459993.5
2026-06-09 02:00:00,2.085,2.095,2.047,2.065,1908312.1,842477.9
2026-06-09 03:00:00,2.065,2.076,2.045,2.051,775289.9,312526.8
2026-06-09 04:00:00,2.05,2.103,2.047,2.096,1222425.9,691987.5
2026-06-09 05:00:00,2.095,2.192,2.088,2.18,1458130.3,751000.8
2026-06-09 06:00:00,2.18,2.187,2.153,2.17,1157331.2,565829.5
2026-06-09 07:00:00,2.171,2.204,2.166,2.182,1040448.8,484573.7
2026-06-09 08:00:00,2.182,2.201,2.143,2.169,1268740.9,533197.6
2026-06-09 09:00:00,2.17,2.184,2.127,2.136,1261791.4,494588.8
2026-06-09 10:00:00,2.137,2.183,2.132,2.181,921381.3,460824.5
2026-06-09 11:00:00,2.18,2.181,2.142,2.159,774095.5,346813.5
2026-06-09 12:00:00,2.158,2.183,2.151,2.166,881922.5,473374.2
2026-06-09 13:00:00,2.166,2.191,2.134,2.177,1501452.6,733587.5
2026-06-09 14:00:00,2.177,2.178,2.075,2.112,2221379.7,1049650.4
2026-06-09 15:00:00,2.113,2.141,2.048,2.078,1906938.7,887306.4
2026-06-09 16:00:00,2.077,2.114,2.033,2.078,2665857,1357741
2026-06-09 17:00:00,2.078,2.135,2.073,2.12,1430404.8,793087.2
2026-06-09 18:00:00,2.12,2.168,2.099,2.161,1314904.3,714169.5
2026-06-09 19:00:00,2.16,2.22,2.151,2.218,1871297.6,1045297.7
2026-06-09 20:00:00,2.219,2.25,2.188,2.234,1742783.2,937114.7
2026-06-09 21:00:00,2.233,2.261,2.174,2.187,1871459.8,795161.2
2026-06-09 22:00:00,2.187,2.201,2.152,2.156,894172,391232.7
2026-06-09 23:00:00,2.156,2.182,2.142,2.152,716657.2,346006.3
2026-06-10 00:00:00,2.151,2.176,2.113,2.141,2106225.7,1209512.8
2026-06-10 01:00:00,2.141,2.206,2.127,2.178,1948735.2,1083922.1
2026-06-10 02:00:00,2.179,2.189,2.126,2.141,1817639.2,927732.3
2026-06-10 03:00:00,2.142,2.179,2.128,2.134,651671.7,333932
2026-06-10 04:00:00,2.135,2.151,2.094,2.099,1090887.4,542501
2026-06-10 05:00:00,2.099,2.106,2.044,2.046,1251814,579022.4
2026-06-10 06:00:00,2.046,2.086,2.001,2.064,2456239.8,1221039.3
2026-06-10 07:00:00,2.063,2.101,2.05,2.082,1034480.1,466093
2026-06-10 08:00:00,2.083,2.1,2.058,2.077,1004883.1,431566.5
2026-06-10 09:00:00,2.078,2.099,2.057,2.082,720870.2,343805.9
2026-06-10 10:00:00,2.082,2.084,2.054,2.069,649737.6,262425.6
2026-06-10 11:00:00,2.07,2.075,2.03,2.039,1112828,483756.3
2026-06-10 12:00:00,2.039,2.132,2.026,2.118,1808240.3,903431.2
2026-06-10 13:00:00,2.118,2.175,2.085,2.138,2029486.4,957982.9
2026-06-10 14:00:00,2.138,2.143,2.091,2.109,1438191,788341.4
2026-06-10 15:00:00,2.109,2.133,2.065,2.095,2346557.2,923891.6
2026-06-10 16:00:00,2.095,2.113,2.04,2.051,1574777.1,801010.9
2026-06-10 17:00:00,2.052,2.08,2.028,2.064,1145247.7,520479.5
2026-06-10 18:00:00,2.064,2.065,2.003,2.032,1318628.9,592453.4
2026-06-10 19:00:00,2.033,2.043,2.01,2.01,1334092.7,597584.9
2026-06-10 20:00:00,2.009,2.025,1.972,1.979,1392973.2,662449.8
2026-06-10 21:00:00,1.979,1.988,1.93,1.964,2104430.5,1046650.3
2026-06-10 22:00:00,1.963,1.987,1.94,1.962,1210726.6,621562.6
2026-06-10 23:00:00,1.961,1.984,1.947,1.969,1138257.6,669745.2
2026-06-11 00:00:00,1.97,2.007,1.967,1.971,1048939.1,583983
2026-06-11 01:00:00,1.972,2.014,1.972,2.01,1014057.3,544134.4
2026-06-11 02:00:00,2.011,2.013,1.95,1.967,1020031.4,541356.8
2026-06-11 03:00:00,1.966,2.05,1.952,2.028,2692446.7,1510905.6
2026-06-11 04:00:00,2.028,2.066,2.009,2.056,1291239.8,727114.3
2026-06-11 05:00:00,2.056,2.08,2.038,2.042,1452726,941227.4
2026-06-11 06:00:00,2.043,2.084,2.043,2.047,716560.6,423942.8
2026-06-11 07:00:00,2.047,2.054,2.021,2.038,1027962.3,600028.8
2026-06-11 08:00:00,2.039,2.067,2.03,2.033,1332548.4,808278.5
2026-06-11 09:00:00,2.033,2.034,1.987,1.997,1541636,846251.7
2026-06-11 10:00:00,1.997,2.045,1.991,2.02,2140175.5,1256892.5
2026-06-11 11:00:00,2.019,2.079,2.01,2.064,1548084.3,876500.2
2026-06-11 12:00:00,2.064,2.07,2.006,2.014,1656496.7,869768.1
2026-06-11 13:00:00,2.013,2.039,2.004,2.018,1624986.9,910358.8
2026-06-11 14:00:00,2.018,2.029,1.995,1.998,1342966.6,740308.3
2026-06-11 15:00:00,1.998,2.042,1.984,2.012,1458445.9,806951.4
2026-06-11 16:00:00,2.012,2.029,1.979,1.983,1112839.2,579966.9
2026-06-11 17:00:00,1.983,2.077,1.959,2.07,2686640.3,1393405.7
2026-06-11 18:00:00,2.07,2.082,2.032,2.039,1505870.1,789074.9
2026-06-11 19:00:00,2.038,2.072,2.023,2.04,1016400.7,551369.8
2026-06-11 20:00:00,2.041,2.054,2.014,2.044,848561.6,407903.4
2026-06-11 21:00:00,2.045,2.119,2.045,2.094,1479599.5,690445.7
2026-06-11 22:00:00,2.095,2.095,2.056,2.063,759141.8,375490.1
2026-06-11 23:00:00,2.063,2.081,2.046,2.066,512148.1,265099.2
2026-06-12 00:00:00,2.066,2.076,2.05,2.059,533567.6,244797
2026-06-12 01:00:00,2.059,2.065,2.032,2.064,507169.1,243999.3
2026-06-12 02:00:00,2.064,2.109,2.064,2.096,931577.9,508204.6
2026-06-12 03:00:00,2.096,2.104,2.075,2.083,538709.1,256428.3
2026-06-12 04:00:00,2.083,2.102,2.076,2.096,424089.8,236429.1
2026-06-12 05:00:00,2.095,2.1,2.044,2.044,655404.3,325714.3
2026-06-12 06:00:00,2.044,2.072,2.02,2.05,1358370.3,716946.8
2026-06-12 07:00:00,2.051,2.134,2.051,2.089,1905490.2,1019858.6
2026-06-12 08:00:00,2.089,2.147,2.085,2.145,1045209.5,584118.2
2026-06-12 09:00:00,2.145,2.146,2.11,2.124,909108,442564.9
2026-06-12 10:00:00,2.124,2.155,2.078,2.1,1150680.1,521465
2026-06-12 11:00:00,2.1,2.115,2.086,2.093,813315.2,364968.8
2026-06-12 12:00:00,2.092,2.122,2.088,2.101,765193.3,365619.1
2026-06-12 13:00:00,2.101,2.105,2.05,2.063,1085253,505455
2026-06-12 14:00:00,2.064,2.093,2.05,2.085,1678102.5,792982.5
2026-06-12 15:00:00,2.084,2.127,2.033,2.038,2459988.1,1134755.7
2026-06-12 16:00:00,2.038,2.057,2.018,2.055,1600565.9,784093.7
2026-06-12 17:00:00,2.056,2.071,2.053,2.057,555609.6,278487.5
2026-06-12 18:00:00,2.058,2.061,2.021,2.022,747296.8,355836.3
2026-06-12 19:00:00,2.023,2.041,2.006,2.008,482754,254780.4
2026-06-12 20:00:00,2.008,2.021,1.977,1.998,1283044.6,637930.7
2026-06-12 21:00:00,1.998,2.015,1.981,1.993,734155.6,323239.5
2026-06-12 22:00:00,1.994,2.011,1.992,2.006,349454,181278.3
2026-06-12 23:00:00,2.006,2.014,1.995,2.011,424412.8,207108
2026-06-13 00:00:00,2.011,2.011,1.998,2.007,355096.1,158155.1
2026-06-13 01:00:00,2.007,2.02,2.002,2.014,620810,278188.1
2026-06-13 02:00:00,2.015,2.023,2.005,2.022,553931.2,274784.4
2026-06-13 03:00:00,2.022,2.035,2.01,2.014,489922.2,277563.8
2026-06-13 04:00:00,2.013,2.019,1.995,1.999,315702.6,163747.1
2026-06-13 05:00:00,1.999,2.005,1.99,2.001,375086.3,241785.5
2026-06-13 06:00:00,2.002,2.031,1.99,2.028,548216.1,332714.4
2026-06-13 07:00:00,2.028,2.057,2.005,2.027,1187873.7,576552.5
2026-06-13 08:00:00,2.026,2.047,2.016,2.025,636251.3,354245.6
2026-06-13 09:00:00,2.025,2.035,2.014,2.027,378713.1,211316.3
2026-06-13 10:00:00,2.028,2.038,2.016,2.026,286489.1,144361.8
2026-06-13 11:00:00,2.026,2.048,2.02,2.043,592354.7,318753.2
2026-06-13 12:00:00,2.042,2.065,2.039,2.055,684941.6,399975.2
2026-06-13 13:00:00,2.056,2.075,2.047,2.057,824814.1,433588.7
2026-06-13 14:00:00,2.057,2.074,2.052,2.073,631305.4,306358.8
2026-06-13 15:00:00,2.073,2.184,2.07,2.18,2565671.7,1515029.6
2026-06-13 16:00:00,2.18,2.187,2.091,2.151,2472330.5,1148208.1
2026-06-13 17:00:00,2.15,2.154,2.105,2.119,1044117.5,483126.6
2026-06-13 18:00:00,2.119,2.131,2.103,2.12,645290.4,265783.4
2026-06-13 19:00:00,2.121,2.134,2.1,2.104,477131.3,213983.1
2026-06-13 20:00:00,2.104,2.11,2.09,2.101,378917.4,167522.4
2026-06-13 21:00:00,2.1,2.143,2.086,2.132,610458.2,307584
2026-06-13 22:00:00,2.132,2.136,2.112,2.114,410582.7,193676.4
2026-06-13 23:00:00,2.114,2.137,2.112,2.129,421267.3,214385.8
2026-06-14 00:00:00,2.128,2.132,2.112,2.116,658169.1,373545.7
2026-06-14 01:00:00,2.116,2.173,2.109,2.159,1316153.4,568450.2
2026-06-14 02:00:00,2.158,2.172,2.128,2.135,1180467.9,485471.9
2026-06-14 03:00:00,2.134,2.149,2.123,2.14,547906.2,291989.8
2026-06-14 04:00:00,2.14,2.143,2.109,2.119,513956.7,226656.5
2026-06-14 05:00:00,2.118,2.124,2.1,2.118,436626.5,219981
2026-06-14 06:00:00,2.118,2.143,2.098,2.107,553594.9,269294.9
2026-06-14 07:00:00,2.108,2.113,2.09,2.103,494456.1,239426.2
2026-06-14 08:00:00,2.104,2.129,2.1,2.113,292332.9,133071.5
2026-06-14 09:00:00,2.112,2.124,2.085,2.121,684139.1,278346.4
2026-06-14 10:00:00,2.12,2.132,2.102,2.104,476158.7,221011.6
2026-06-14 11:00:00,2.103,2.12,2.094,2.109,487210.7,256092.1
2026-06-14 12:00:00,2.11,2.115,2.084,2.091,466191.4,232828
2026-06-14 13:00:00,2.092,2.112,2.078,2.1,626074.5,314742.2
2026-06-14 14:00:00,2.1,2.102,2.063,2.074,698801.8,342061.6
2026-06-14 15:00:00,2.074,2.086,2.067,2.07,479138.2,235885.8
2026-06-14 16:00:00,2.07,2.094,2.068,2.074,735882.3,425359.8
2026-06-14 17:00:00,2.074,2.1,2.074,2.088,551959.9,239548.8
2026-06-14 18:00:00,2.088,2.104,2.083,2.096,330892.2,166757.6
2026-06-14 19:00:00,2.095,2.111,2.091,2.103,210022.5,109557.2
2026-06-14 20:00:00,2.104,2.132,2.102,2.114,626944.5,237036.6
2026-06-14 21:00:00,2.114,2.211,2.101,2.19,2109448.2,1314256.3
2026-06-14 22:00:00,2.19,2.235,2.168,2.213,1847256.3,941978.3
2026-06-14 23:00:00,2.214,2.237,2.206,2.218,1226992.1,694834.2
2026-06-15 00:00:00,2.218,2.259,2.21,2.248,1332750.7,700885.7
2026-06-15 01:00:00,2.25,2.255,2.225,2.244,825168.7,401437.4
2026-06-15 02:00:00,2.245,2.282,2.236,2.28,1154012.6,675722.5
2026-06-15 03:00:00,2.28,2.322,2.258,2.318,1727315.6,888810.5
2026-06-15 04:00:00,2.319,2.384,2.317,2.363,2260087.1,1167981.3
2026-06-15 05:00:00,2.363,2.385,2.338,2.366,1349614,678136.9
2026-06-15 06:00:00,2.367,2.401,2.356,2.381,1665655.5,803544.6
2026-06-15 07:00:00,2.381,2.413,2.37,2.375,987162.1,491170
2026-06-15 08:00:00,2.375,2.419,2.366,2.371,1049598.4,527471.3
2026-06-15 09:00:00,2.372,2.396,2.349,2.392,1096935.6,527388.9
2026-06-15 10:00:00,2.392,2.45,2.378,2.42,1796695.2,1012032.7
2026-06-15 11:00:00,2.421,2.501,2.418,2.495,3541495.4,1615303.5
2026-06-15 12:00:00,2.496,2.502,2.442,2.479,2109632.6,1013315.9
2026-06-15 13:00:00,2.479,2.503,2.462,2.469,1340589.4,627194.5
2026-06-15 14:00:00,2.47,2.538,2.459,2.533,2172139.6,950348.6
2026-06-15 15:00:00,2.532,2.545,2.467,2.488,3658671,1852035.6
2026-06-15 16:00:00,2.488,2.498,2.47,2.481,1249335.2,529431.5
2026-06-15 17:00:00,2.481,2.51,2.469,2.489,912363.7,408135.2
2026-06-15 18:00:00,2.49,2.51,2.473,2.503,533093.1,241148.9
2026-06-15 19:00:00,2.502,2.531,2.461,2.468,1242453.2,623889.8
2026-06-15 20:00:00,2.468,2.491,2.459,2.475,470248.5,200422.1
2026-06-15 21:00:00,2.474,2.475,2.428,2.445,953501.6,443692.7
2026-06-15 22:00:00,2.446,2.466,2.394,2.399,1820410.1,574609.5
2026-06-15 23:00:00,2.4,2.405,2.368,2.394,1397692.2,458438.1
2026-06-16 00:00:00,2.394,2.419,2.386,2.41,775002.2,403780.3
2026-06-16 01:00:00,2.41,2.43,2.398,2.401,594252.2,253010.6
2026-06-16 02:00:00,2.402,2.402,2.341,2.383,1264499.9,591748.7
2026-06-16 03:00:00,2.382,2.402,2.37,2.399,585996.5,302959.4
2026-06-16 04:00:00,2.399,2.419,2.368,2.386,638223.9,303033.7
2026-06-16 05:00:00,2.387,2.437,2.387,2.429,756985.1,400837.1
2026-06-16 06:00:00,2.429,2.449,2.425,2.431,930688.7,358479.2
2026-06-16 07:00:00,2.431,2.465,2.412,2.453,896030.7,490334.9
2026-06-16 08:00:00,2.453,2.504,2.45,2.495,1944736,926062.2
2026-06-16 09:00:00,2.496,2.525,2.481,2.506,2060233.1,956044.2
2026-06-16 10:00:00,2.506,2.562,2.467,2.469,2542263.4,1350369.2
2026-06-16 11:00:00,2.47,2.493,2.425,2.439,1935326.4,882467.8
2026-06-16 12:00:00,2.44,2.457,2.42,2.45,1644816,836463.8
2026-06-16 13:00:00,2.45,2.453,2.375,2.381,2007077.9,847812.8
2026-06-16 14:00:00,2.382,2.398,2.31,2.324,3733339.9,1338654.4
2026-06-16 15:00:00,2.324,2.347,2.311,2.339,1908712,1120890.1
2026-06-16 16:00:00,2.339,2.349,2.314,2.319,893935.3,423518.3
2026-06-16 17:00:00,2.32,2.343,2.32,2.336,612430.1,329925.8
2026-06-16 18:00:00,2.336,2.36,2.325,2.333,946678.5,523595.2
2026-06-16 19:00:00,2.333,2.333,2.289,2.304,1316987.8,608365.1
2026-06-16 20:00:00,2.304,2.386,2.3,2.37,1324699.5,794359.4
2026-06-16 21:00:00,2.37,2.374,2.331,2.337,761348.2,392128.7
2026-06-16 22:00:00,2.337,2.347,2.317,2.326,883446.3,439839.6
2026-06-16 23:00:00,2.326,2.33,2.305,2.308,413351.5,241968.8
2026-06-17 00:00:00,2.308,2.327,2.303,2.311,638656,362953.5
2026-06-17 01:00:00,2.311,2.351,2.306,2.349,909584.2,563191.1
2026-06-17 02:00:00,2.349,2.36,2.331,2.349,1126025.8,574892.6
2026-06-17 03:00:00,2.349,2.349,2.311,2.316,794230.3,412534.8
2026-06-17 04:00:00,2.317,2.348,2.314,2.335,446859.1,230499.7
2026-06-17 05:00:00,2.335,2.345,2.311,2.333,656611.7,225286
2026-06-17 06:00:00,2.333,2.34,2.306,2.317,598662.8,308244.1
2026-06-17 07:00:00,2.318,2.32,2.271,2.316,1266197.5,625993.9
2026-06-17 08:00:00,2.316,2.32,2.271,2.281,962520.3,399331.7
2026-06-17 09:00:00,2.281,2.292,2.267,2.286,604410.8,223033.8
2026-06-17 10:00:00,2.286,2.288,2.27,2.271,290833.6,127284.4
2026-06-17 11:00:00,2.272,2.295,2.258,2.286,706020.8,349362.6
2026-06-17 12:00:00,2.286,2.325,2.273,2.318,1006914.4,481244.3
2026-06-17 13:00:00,2.317,2.329,2.299,2.308,967757,474768.9
2026-06-17 14:00:00,2.307,2.323,2.287,2.304,875145.3,411302.2
2026-06-17 15:00:00,2.304,2.385,2.294,2.382,1261568.4,666443.4
2026-06-17 16:00:00,2.382,2.389,2.337,2.339,1201241.4,574977
2026-06-17 17:00:00,2.34,2.358,2.317,2.346,942524.6,424982
2026-06-17 18:00:00,2.345,2.347,2.273,2.31,2749454.4,1270336.6
2026-06-17 19:00:00,2.311,2.326,2.23,2.237,2695023.2,1209025.9
2026-06-17 20:00:00,2.237,2.262,2.229,2.262,779726.6,338531.5
2026-06-17 21:00:00,2.263,2.275,2.218,2.226,896299.8,358908
2026-06-17 22:00:00,2.225,2.246,2.204,2.226,1104457.9,561274.8
2026-06-17 23:00:00,2.226,2.241,2.172,2.182,5099523.3,3173969.4
2026-06-18 00:00:00,2.181,2.205,2.176,2.196,1170786.9,575129
2026-06-18 01:00:00,2.196,2.233,2.196,2.226,799414.6,341944.6
2026-06-18 02:00:00,2.227,2.247,2.225,2.236,508101,232482.5
2026-06-18 03:00:00,2.237,2.238,2.201,2.207,646767.2,265375.3
2026-06-18 04:00:00,2.207,2.208,2.164,2.17,944814.5,403613.1
2026-06-18 05:00:00,2.169,2.171,2.15,2.165,902463.1,383608.9
2026-06-18 06:00:00,2.165,2.207,2.157,2.203,759128.8,424844.8
2026-06-18 07:00:00,2.203,2.222,2.192,2.217,715072.5,330236.1
2026-06-18 08:00:00,2.217,2.237,2.209,2.215,735597.3,438129.1
2026-06-18 09:00:00,2.216,2.237,2.207,2.235,652416.8,366395.1
2026-06-18 10:00:00,2.236,2.238,2.212,2.221,397866.8,191634.2
2026-06-18 11:00:00,2.22,2.23,2.187,2.205,607663,292432.2
2026-06-18 12:00:00,2.205,2.27,2.2,2.263,850973.3,503056
2026-06-18 13:00:00,2.263,2.301,2.238,2.272,1694911.3,866661
2026-06-18 14:00:00,2.272,2.293,2.243,2.268,1631062.4,833140.4
2026-06-18 15:00:00,2.269,2.281,2.168,2.18,2355508.6,995911.9
2026-06-18 16:00:00,2.179,2.228,2.176,2.225,1544303.1,739760
2026-06-18 17:00:00,2.225,2.23,2.13,2.173,2386162.8,1203946.4
2026-06-18 18:00:00,2.173,2.191,2.162,2.175,1014178,512167
2026-06-18 19:00:00,2.175,2.213,2.162,2.197,864236.8,392013.2
2026-06-18 20:00:00,2.198,2.233,2.198,2.212,745168.3,417402.7
2026-06-18 21:00:00,2.213,2.218,2.189,2.198,330948.8,160691.9
2026-06-18 22:00:00,2.197,2.219,2.192,2.215,503384.6,204283.5
2026-06-18 23:00:00,2.214,2.24,2.184,2.237,523309,231669
2026-06-19 00:00:00,2.237,2.255,2.225,2.24,737112.3,412551.7
2026-06-19 01:00:00,2.241,2.247,2.208,2.223,473444.1,225881.9
2026-06-19 02:00:00,2.224,2.235,2.191,2.208,357140,157309.5
2026-06-19 03:00:00,2.209,2.215,2.104,2.135,2464713.4,1014235.3
2026-06-19 04:00:00,2.135,2.151,2.095,2.103,1154407,553192.1
2026-06-19 05:00:00,2.103,2.14,2.101,2.133,1001291.9,401754.9
2026-06-19 06:00:00,2.132,2.154,2.124,2.151,500163.6,264932.5
2026-06-19 07:00:00,2.151,2.152,2.107,2.119,784240.6,404983.6
2026-06-19 08:00:00,2.12,2.151,2.115,2.137,544751.8,262092.5
2026-06-19 09:00:00,2.138,2.142,2.11,2.114,516033.7,228885.7
2026-06-19 10:00:00,2.115,2.119,2.097,2.111,895235.1,386539.6
2026-06-19 11:00:00,2.112,2.121,2.099,2.101,476310.2,262047.1
2026-06-19 12:00:00,2.102,2.137,2.084,2.131,1463494.4,832364.5
2026-06-19 13:00:00,2.132,2.181,2.124,2.162,1498964.3,786251.8
2026-06-19 14:00:00,2.162,2.176,2.146,2.151,797619.8,363095.5
2026-06-19 15:00:00,2.151,2.168,2.147,2.165,419567.8,225359.4
2026-06-19 16:00:00,2.165,2.182,2.131,2.14,798157.8,365323.1
2026-06-19 17:00:00,2.141,2.164,2.136,2.158,411845.3,200888.3
2026-06-19 18:00:00,2.158,2.161,2.137,2.145,279452,118995.5
2026-06-19 19:00:00,2.145,2.148,2.119,2.123,383629.8,184097.6
2026-06-19 20:00:00,2.124,2.151,2.122,2.15,270041.6,137650.5
2026-06-19 21:00:00,2.149,2.157,2.125,2.132,249971.3,131674.2
2026-06-19 22:00:00,2.131,2.162,2.129,2.159,220099.9,119670.9
2026-06-19 23:00:00,2.159,2.192,2.154,2.187,530853,278065.6
2026-06-20 00:00:00,2.186,2.192,2.157,2.157,619508.5,284758.1
2026-06-20 01:00:00,2.157,2.179,2.152,2.171,356324.6,194807.7
2026-06-20 02:00:00,2.17,2.176,2.154,2.168,243346.8,92514
2026-06-20 03:00:00,2.168,2.174,2.158,2.16,242110.8,157028.5
2026-06-20 04:00:00,2.161,2.177,2.157,2.174,271916.4,135449
2026-06-20 05:00:00,2.175,2.193,2.167,2.177,512646.5,280366.5
2026-06-20 06:00:00,2.178,2.181,2.156,2.16,386056.4,150820.7
2026-06-20 07:00:00,2.16,2.162,2.138,2.141,356386,167277.6
2026-06-20 08:00:00,2.141,2.148,2.134,2.143,219775.8,105051.7
2026-06-20 09:00:00,2.144,2.157,2.137,2.153,493104.4,274101.6
2026-06-20 10:00:00,2.153,2.16,2.135,2.142,176232.1,90777.4
2026-06-20 11:00:00,2.143,2.144,2.122,2.135,344310.9,203336.4
2026-06-20 12:00:00,2.135,2.152,2.132,2.144,391440.9,185944.4
2026-06-20 13:00:00,2.144,2.157,2.124,2.136,603786.4,290032
2026-06-20 14:00:00,2.135,2.165,2.099,2.152,1582664.4,738273.3
2026-06-20 15:00:00,2.152,2.18,2.143,2.164,838448.1,505807.1
2026-06-20 16:00:00,2.165,2.197,2.152,2.194,853513.2,412199.5
2026-06-20 17:00:00,2.195,2.197,2.136,2.149,717834,323787.5
2026-06-20 18:00:00,2.149,2.155,2.135,2.139,276941.1,109134.5
2026-06-20 19:00:00,2.138,2.157,2.136,2.155,337759.9,162442.6
2026-06-20 20:00:00,2.155,2.165,2.146,2.161,249956.6,109100.3
2026-06-20 21:00:00,2.162,2.178,2.157,2.166,335977,187613
2026-06-20 22:00:00,2.167,2.205,2.159,2.193,626445.3,358076.8
2026-06-20 23:00:00,2.193,2.2,2.185,2.194,265524.2,142540.6
2026-06-21 00:00:00,2.194,2.227,2.187,2.211,562505.4,291657.9
2026-06-21 01:00:00,2.211,2.212,2.192,2.193,270584.2,141222.3
2026-06-21 02:00:00,2.193,2.197,2.17,2.178,347635.5,165189.8
2026-06-21 03:00:00,2.178,2.213,2.169,2.208,483396.2,237267.1
2026-06-21 04:00:00,2.208,2.224,2.198,2.201,487211.7,266925.9
2026-06-21 05:00:00,2.202,2.213,2.188,2.212,294257,147035.3
2026-06-21 06:00:00,2.212,2.234,2.209,2.231,345175.8,163028.1
2026-06-21 07:00:00,2.231,2.25,2.209,2.218,482931.3,260528.8
2026-06-21 08:00:00,2.218,2.262,2.201,2.258,1249015.9,661586.5
2026-06-21 09:00:00,2.258,2.279,2.237,2.271,956368,503569
2026-06-21 10:00:00,2.272,2.273,2.253,2.261,458037,254509.7
2026-06-21 11:00:00,2.262,2.272,2.231,2.235,639653.1,301894.6
2026-06-21 12:00:00,2.235,2.236,2.16,2.18,1149491.6,503216
2026-06-21 13:00:00,2.181,2.192,2.176,2.186,408765.1,218466.9
2026-06-21 14:00:00,2.186,2.192,2.17,2.184,379225.3,159161.8
2026-06-21 15:00:00,2.185,2.212,2.182,2.204,392694.2,181960.8
2026-06-21 16:00:00,2.204,2.206,2.145,2.166,717028.5,316131.1
2026-06-21 17:00:00,2.165,2.18,2.15,2.156,388627.3,215737.2
2026-06-21 18:00:00,2.156,2.189,2.149,2.187,742390.5,545173.5
2026-06-21 19:00:00,2.186,2.199,2.18,2.181,266362.7,161399.9
2026-06-21 20:00:00,2.182,2.182,2.118,2.119,1329734.5,568124.9
2026-06-21 21:00:00,2.12,2.134,2.102,2.123,1180593.5,673481.8
2026-06-21 22:00:00,2.122,2.137,2.094,2.117,807502.8,374909.3
2026-06-21 23:00:00,2.116,2.116,2.09,2.102,507077.3,217505.1
2026-06-22 00:00:00,2.102,2.136,2.097,2.133,555866.5,299524.4
2026-06-22 01:00:00,2.134,2.185,2.13,2.168,1301934.5,761157.3
2026-06-22 02:00:00,2.168,2.184,2.161,2.164,675670.3,369261.8
2026-06-22 03:00:00,2.164,2.174,2.139,2.14,586531.5,291732.4
2026-06-22 04:00:00,2.141,2.15,2.13,2.147,369010.5,184007.9
2026-06-22 05:00:00,2.146,2.166,2.142,2.153,373393.6,181335.8
2026-06-22 06:00:00,2.154,2.162,2.139,2.15,312170.8,156279.9
2026-06-22 07:00:00,2.151,2.199,2.149,2.172,682190.6,329893.9
2026-06-22 08:00:00,2.172,2.172,2.148,2.161,501043.2,239505
2026-06-22 09:00:00,2.161,2.161,2.141,2.143,457769.8,224261.8
2026-06-22 10:00:00,2.143,2.15,2.135,2.138,339390.2,193006.8
2026-06-22 11:00:00,2.138,2.173,2.134,2.166,626046.4,371352.2
2026-06-22 12:00:00,2.166,2.186,2.158,2.181,638960.4,323925.5
2026-06-22 13:00:00,2.181,2.19,2.168,2.186,843917.6,343446.5
2026-06-22 14:00:00,2.186,2.191,2.118,2.133,1136945.2,580245.7
2026-06-22 15:00:00,2.133,2.147,2.113,2.121,867643.9,436244.5
2026-06-22 16:00:00,2.121,2.132,2.111,2.13,484459.7,196528
2026-06-22 17:00:00,2.129,2.132,2.114,2.127,216299.8,95220
2026-06-22 18:00:00,2.128,2.14,2.106,2.109,382156.1,167814.9
2026-06-22 19:00:00,2.11,2.125,2.103,2.113,397426.9,204769.4
2026-06-22 20:00:00,2.112,2.149,2.095,2.142,989941.6,548773.9
2026-06-22 21:00:00,2.142,2.144,2.104,2.112,790499.2,291431.2
2026-06-22 22:00:00,2.111,2.123,2.056,2.07,1427524.2,659012.3
2026-06-22 23:00:00,2.07,2.079,2.06,2.069,423013.3,204310.4
2026-06-23 00:00:00,2.068,2.07,2.045,2.06,594239.9,260996.6
2026-06-23 01:00:00,2.061,2.065,2.02,2.042,1178963.6,438434.8
2026-06-23 02:00:00,2.041,2.05,2.031,2.043,562469.2,236563.6
2026-06-23 03:00:00,2.043,2.069,2.035,2.063,1152000.5,509606.2
2026-06-23 04:00:00,2.062,2.07,2.024,2.025,1694108.5,675257.4
2026-06-23 05:00:00,2.025,2.039,2.023,2.028,478553.5,192929.8
2026-06-23 06:00:00,2.028,2.035,1.999,2.023,1803067.4,689097.4
2026-06-23 07:00:00,2.023,2.034,2.009,2.018,480432,208245.4
2026-06-23 08:00:00,2.018,2.023,1.962,1.982,1578944,719258.9
2026-06-23 09:00:00,1.982,1.995,1.977,1.991,809110.2,340496.6
2026-06-23 10:00:00,1.991,2.003,1.977,1.987,421923.6,204989.8
2026-06-23 11:00:00,1.987,2.015,1.987,2.011,538520.6,273365.6
2026-06-23 12:00:00,2.011,2.013,1.994,2.003,397893.1,165081.8
2026-06-23 13:00:00,2.004,2.007,1.982,1.997,1287830.9,775561.8
2026-06-23 14:00:00,1.997,2.009,1.988,1.99,932323,505176.3
2026-06-23 15:00:00,1.99,1.994,1.967,1.98,761819.8,340504.3
2026-06-23 16:00:00,1.979,2.007,1.971,1.976,606479.1,329872.4
2026-06-23 17:00:00,1.975,1.979,1.965,1.972,588623.3,292359.4
2026-06-23 18:00:00,1.972,1.981,1.964,1.979,453515.3,201622.7
2026-06-23 19:00:00,1.978,1.991,1.977,1.981,439486.6,266289.7
2026-06-23 20:00:00,1.981,1.997,1.98,1.996,312446.5,158678
2026-06-23 21:00:00,1.996,2.002,1.989,1.99,166860.4,85807.8
2026-06-23 22:00:00,1.99,2.002,1.98,1.983,278088,150573
2026-06-23 23:00:00,1.982,1.985,1.969,1.982,516151.8,279313
2026-06-24 00:00:00,1.982,1.998,1.982,1.993,421031.4,181124.7
2026-06-24 01:00:00,1.992,2.005,1.978,1.994,296110.8,149021.5
2026-06-24 02:00:00,1.994,1.996,1.967,1.97,345625.7,153006.6
2026-06-24 03:00:00,1.971,1.976,1.956,1.97,299716.3,149128.6
2026-06-24 04:00:00,1.97,1.974,1.949,1.968,521213.5,244143.9
2026-06-24 05:00:00,1.968,1.991,1.967,1.986,310319.6,186791.6
2026-06-24 06:00:00,1.986,1.987,1.975,1.977,284879.5,109849
2026-06-24 07:00:00,1.978,1.978,1.951,1.956,399580.1,205497.3
2026-06-24 08:00:00,1.956,1.963,1.951,1.958,420274.3,116727.5
2026-06-24 09:00:00,1.957,1.958,1.946,1.954,194790.7,84078.1
2026-06-24 10:00:00,1.954,1.964,1.95,1.953,491776,229409.4
2026-06-24 11:00:00,1.953,1.984,1.938,1.974,506498.2,256635.5
2026-06-24 12:00:00,1.974,1.981,1.962,1.963,429552.1,212004.7
2026-06-24 13:00:00,1.964,1.965,1.915,1.94,1641334.9,763722.8
2026-06-24 14:00:00,1.939,1.951,1.927,1.938,985589.1,505769.6
2026-06-24 15:00:00,1.939,1.939,1.895,1.914,1042538.5,412950.5
2026-06-24 16:00:00,1.914,1.932,1.87,1.887,1794914.1,705577.5
2026-06-24 17:00:00,1.888,1.898,1.861,1.871,2308630,1262248.6
2026-06-24 18:00:00,1.872,1.922,1.86,1.903,934010,473318.7
2026-06-24 19:00:00,1.904,1.908,1.886,1.907,480626.1,252382.6
2026-06-24 20:00:00,1.907,1.956,1.902,1.949,1147623.7,730056.1
2026-06-24 21:00:00,1.949,1.97,1.938,1.968,560003.2,295012.1
2026-06-24 22:00:00,1.968,1.98,1.95,1.956,609900.2,339832.7
2026-06-24 23:00:00,1.956,1.967,1.953,1.965,204610.5,92086
2026-06-25 00:00:00,1.965,1.972,1.954,1.959,322320.7,128137.5
2026-06-25 01:00:00,1.96,1.964,1.949,1.95,214670,105228.1
2026-06-25 02:00:00,1.949,1.952,1.939,1.942,196392.1,76287.4
2026-06-25 03:00:00,1.942,1.947,1.935,1.943,175117.8,80422.4
2026-06-25 04:00:00,1.943,1.952,1.928,1.951,434332.5,230993.6
2026-06-25 05:00:00,1.951,1.972,1.95,1.97,483624.6,274954.4
2026-06-25 06:00:00,1.97,1.978,1.966,1.974,263001.8,121942.7
2026-06-25 07:00:00,1.975,1.976,1.959,1.971,396343.4,260212.8
2026-06-25 08:00:00,1.971,1.974,1.952,1.954,555245.4,361416
2026-06-25 09:00:00,1.955,1.956,1.939,1.951,830305.8,549299.8
2026-06-25 10:00:00,1.951,1.953,1.933,1.934,556337.8,313649.1
2026-06-25 11:00:00,1.935,1.946,1.903,1.905,1067074.2,534651.7
2026-06-25 12:00:00,1.905,1.934,1.895,1.917,817348.2,424374.3
2026-06-25 13:00:00,1.917,1.95,1.805,1.812,3044830.1,1422380.4
2026-06-25 14:00:00,1.811,1.896,1.811,1.861,3012582.4,1580409.9
2026-06-25 15:00:00,1.861,1.871,1.836,1.864,1679787.3,897846.2
2026-06-25 16:00:00,1.864,1.89,1.836,1.837,1510645.8,679757
2026-06-25 17:00:00,1.837,1.873,1.828,1.865,1077412,621365.1
2026-06-25 18:00:00,1.866,1.877,1.843,1.854,781584.2,411788.6
2026-06-25 19:00:00,1.855,1.856,1.821,1.833,709157.3,420947.9
2026-06-25 20:00:00,1.833,1.838,1.808,1.811,978068.1,634428.5
2026-06-25 21:00:00,1.811,1.84,1.804,1.834,657866.7,390336.9
2026-06-25 22:00:00,1.834,1.835,1.777,1.803,1499702.7,747969.5
2026-06-25 23:00:00,1.802,1.861,1.801,1.835,1799613.9,1191857.8
2026-06-26 00:00:00,1.835,1.842,1.81,1.814,649193.9,308763.1
2026-06-26 01:00:00,1.813,1.817,1.803,1.809,397493.5,162878.9
2026-06-26 02:00:00,1.81,1.811,1.758,1.764,2095969.1,918137.4
2026-06-26 03:00:00,1.765,1.835,1.759,1.826,1476819.7,749098.2
2026-06-26 04:00:00,1.826,1.827,1.803,1.804,457054,220954.6
2026-06-26 05:00:00,1.804,1.821,1.798,1.814,410304,213182.4
2026-06-26 06:00:00,1.813,1.864,1.803,1.852,1120579.4,634899.4
2026-06-26 07:00:00,1.852,1.863,1.836,1.85,1731291.1,658582.1
2026-06-26 08:00:00,1.85,1.851,1.815,1.82,738976.7,363287.4
2026-06-26 09:00:00,1.819,1.822,1.802,1.805,711380.1,303661.7
2026-06-26 10:00:00,1.805,1.811,1.795,1.798,475350,231614.7
2026-06-26 11:00:00,1.798,1.82,1.781,1.79,1229564.3,580379.7
2026-06-26 12:00:00,1.791,1.805,1.774,1.78,969084.5,556180.4
2026-06-26 13:00:00,1.781,1.809,1.752,1.807,1760100.8,917925.9
2026-06-26 14:00:00,1.807,1.81,1.779,1.789,1479775.4,674153
2026-06-26 15:00:00,1.789,1.818,1.782,1.803,1226351.9,670201.8
2026-06-26 16:00:00,1.804,1.829,1.789,1.804,2597133.2,1415229.2
2026-06-26 17:00:00,1.804,1.826,1.801,1.812,794706.6,496347
2026-06-26 18:00:00,1.812,1.825,1.796,1.801,502555.5,272766.8
2026-06-26 19:00:00,1.8,1.842,1.794,1.807,1081248.6,641496.4
2026-06-26 20:00:00,1.807,1.83,1.8,1.811,1104473,620607.3
2026-06-26 21:00:00,1.811,1.812,1.786,1.795,2038236,791652.7
2026-06-26 22:00:00,1.794,1.797,1.78,1.794,613213.6,307082.9
2026-06-26 23:00:00,1.794,1.819,1.793,1.804,959427.6,527823
2026-06-27 00:00:00,1.804,1.813,1.79,1.807,359841.1,194801.2
2026-06-27 01:00:00,1.807,1.809,1.793,1.797,214944,137739.6
2026-06-27 02:00:00,1.797,1.837,1.795,1.825,804868.9,480697.1
2026-06-27 03:00:00,1.825,1.827,1.807,1.81,369692.5,212213.2
2026-06-27 04:00:00,1.81,1.82,1.802,1.803,746828.7,384492.9
2026-06-27 05:00:00,1.804,1.812,1.799,1.812,463448.1,175931.6
2026-06-27 06:00:00,1.812,1.815,1.797,1.803,516821.8,263670.9
2026-06-27 07:00:00,1.804,1.816,1.801,1.813,443486.7,253771.7
2026-06-27 08:00:00,1.813,1.813,1.794,1.8,315056.3,177334.8
2026-06-27 09:00:00,1.799,1.806,1.792,1.803,234176.1,134148.1
2026-06-27 10:00:00,1.802,1.81,1.799,1.807,323121.6,155381.5
2026-06-27 11:00:00,1.808,1.825,1.801,1.822,523718.6,296201.9
2026-06-27 12:00:00,1.822,1.824,1.812,1.819,271784,145676.9
2026-06-27 13:00:00,1.819,1.852,1.816,1.85,1798797.1,816952.2
2026-06-27 14:00:00,1.85,1.881,1.842,1.881,1453110.2,884269.2
2026-06-27 15:00:00,1.881,1.903,1.87,1.895,1041228.8,570074.8
2026-06-27 16:00:00,1.895,1.925,1.886,1.924,1427006.2,767074.3
2026-06-27 17:00:00,1.924,1.93,1.879,1.91,1439175.8,754540.9
2026-06-27 18:00:00,1.91,1.91,1.866,1.879,1237778.4,602445.6
2026-06-27 19:00:00,1.879,1.886,1.835,1.861,2218998.3,748899.2
2026-06-27 20:00:00,1.861,1.894,1.858,1.891,880313.3,466739.6
2026-06-27 21:00:00,1.892,1.914,1.866,1.874,1050613.7,561347.2
2026-06-27 22:00:00,1.873,1.882,1.856,1.865,690479.4,347410.3
2026-06-27 23:00:00,1.864,1.882,1.858,1.868,504884.1,255587.9
2026-06-28 00:00:00,1.869,1.95,1.869,1.905,1958484.7,1068883
2026-06-28 01:00:00,1.904,1.909,1.885,1.9,528346.8,273952
2026-06-28 02:00:00,1.9,1.913,1.891,1.91,499180.6,275723.9
2026-06-28 03:00:00,1.909,1.921,1.894,1.91,603337.1,307209.9
2026-06-28 04:00:00,1.91,1.91,1.885,1.887,366353.5,194644
2026-06-28 05:00:00,1.887,1.888,1.869,1.886,362812.9,155396.8
2026-06-28 06:00:00,1.887,1.889,1.842,1.853,1318177.5,633046.8
2026-06-28 07:00:00,1.853,1.876,1.853,1.873,327457.2,156612.4
2026-06-28 08:00:00,1.873,1.892,1.865,1.879,414267.8,231089
2026-06-28 09:00:00,1.88,1.891,1.872,1.873,259008.8,128834.2
2026-06-28 10:00:00,1.874,1.884,1.85,1.859,756498.7,341316
2026-06-28 11:00:00,1.859,1.877,1.858,1.87,395469.9,236609.7
2026-06-28 12:00:00,1.869,1.875,1.855,1.864,252536.4,104413.6
2026-06-28 13:00:00,1.863,1.875,1.848,1.862,756095.6,339805.6
2026-06-28 14:00:00,1.862,1.886,1.857,1.874,448989.2,235129
2026-06-28 15:00:00,1.875,1.881,1.858,1.866,520292.1,257912.8
2026-06-28 16:00:00,1.867,1.871,1.85,1.854,561105.3,307360.8
2026-06-28 17:00:00,1.854,1.858,1.816,1.821,2285486.2,1299227.4
2026-06-28 18:00:00,1.821,1.836,1.816,1.834,617018.8,253653.8
2026-06-28 19:00:00,1.833,1.835,1.813,1.825,446780.8,180091.7
2026-06-28 20:00:00,1.825,1.849,1.824,1.845,502244.7,248443.1
2026-06-28 21:00:00,1.845,1.845,1.803,1.815,526264.9,230838.8
2026-06-28 22:00:00,1.815,1.846,1.806,1.813,842064.3,458763.9
2026-06-28 23:00:00,1.813,1.854,1.81,1.834,829695.6,431424.9
2026-06-29 00:00:00,1.834,1.844,1.807,1.84,695907.5,329865
2026-06-29 01:00:00,1.84,1.853,1.817,1.844,435624.1,215106.6
2026-06-29 02:00:00,1.843,1.862,1.818,1.857,675089.2,312317.6
2026-06-29 03:00:00,1.857,1.882,1.857,1.867,409853.2,217285.1
2026-06-29 04:00:00,1.866,1.867,1.841,1.843,428924.4,140205.8
2026-06-29 05:00:00,1.844,1.856,1.821,1.855,423049,200422.2
2026-06-29 06:00:00,1.856,1.871,1.852,1.862,474229.9,254794.8
2026-06-29 07:00:00,1.862,1.877,1.854,1.866,250941.5,111632.3
2026-06-29 08:00:00,1.867,1.874,1.833,1.841,463561.8,224129.9
2026-06-29 09:00:00,1.84,1.851,1.837,1.85,440914,206980.7
2026-06-29 10:00:00,1.851,1.865,1.849,1.854,353925.7,155319.4
2026-06-29 11:00:00,1.854,1.856,1.831,1.84,628626.1,294300.3
2026-06-29 12:00:00,1.841,1.877,1.828,1.848,1290039,704690
2026-06-29 13:00:00,1.848,1.869,1.828,1.848,1137121.2,608559.9
2026-06-29 14:00:00,1.849,1.85,1.815,1.847,1261978.9,608020
2026-06-29 15:00:00,1.848,1.851,1.818,1.847,700000.8,384384.9
2026-06-29 16:00:00,1.847,1.864,1.84,1.856,500996.2,275535.2
2026-06-29 17:00:00,1.856,1.914,1.855,1.903,1497757.6,892541.5
2026-06-29 18:00:00,1.902,1.916,1.887,1.892,670391.5,353964.5
2026-06-29 19:00:00,1.892,1.909,1.881,1.895,434576.6,217122.2
2026-06-29 20:00:00,1.895,1.9,1.865,1.869,801788.2,354697.1
2026-06-29 21:00:00,1.868,1.889,1.856,1.86,1254471.1,496628
2026-06-29 22:00:00,1.859,1.874,1.854,1.855,639989.1,303013.3
2026-06-29 23:00:00,1.855,1.87,1.854,1.865,283682.7,161920.5
2026-06-30 00:00:00,1.865,1.867,1.832,1.837,613474.8,259814.4
2026-06-30 01:00:00,1.836,1.842,1.828,1.84,542069,292631.6
2026-06-30 02:00:00,1.84,1.844,1.829,1.84,353453.4,164687.5
2026-06-30 03:00:00,1.84,1.855,1.838,1.852,236200.5,129123
2026-06-30 04:00:00,1.851,1.866,1.842,1.862,539553.6,247235.1
2026-06-30 05:00:00,1.861,1.875,1.86,1.874,545576.9,278293.7
2026-06-30 06:00:00,1.874,1.875,1.857,1.857,417158.6,236266.7
2026-06-30 07:00:00,1.858,1.865,1.847,1.858,404017.8,244591.1
2026-06-30 08:00:00,1.857,1.861,1.831,1.849,1202171.5,628848.6
2026-06-30 09:00:00,1.848,1.848,1.832,1.844,375656.9,206046.9
2026-06-30 10:00:00,1.845,1.862,1.836,1.859,372392.3,196909.7
2026-06-30 11:00:00,1.859,1.859,1.834,1.846,460479.5,251999
2026-06-30 12:00:00,1.846,1.846,1.774,1.775,1764410.3,737748.3
2026-06-30 13:00:00,1.776,1.801,1.759,1.793,1768132.7,827589.4
2026-06-30 14:00:00,1.793,1.814,1.783,1.786,1556819.9,898690.4
2026-06-30 15:00:00,1.785,1.799,1.777,1.788,1052145,647912.1
2026-06-30 16:00:00,1.788,1.806,1.774,1.8,1634137.3,863486.5
2026-06-30 17:00:00,1.8,1.808,1.793,1.795,564014,379462.8
2026-06-30 18:00:00,1.796,1.812,1.794,1.805,266685.3,120334.7
2026-06-30 19:00:00,1.804,1.809,1.796,1.798,174145.4,81940.2
2026-06-30 20:00:00,1.797,1.802,1.786,1.789,280560.7,151220.3
2026-06-30 21:00:00,1.789,1.794,1.778,1.792,210384.2,97250.9
2026-06-30 22:00:00,1.792,1.801,1.784,1.786,241543.9,118294.9
2026-06-30 23:00:00,1.786,1.79,1.78,1.782,314266.6,161156.6
2026-07-01 00:00:00,1.783,1.788,1.775,1.776,394078.4,206383.3
2026-07-01 01:00:00,1.776,1.79,1.723,1.774,2437929.6,1242597.3
2026-07-01 02:00:00,1.775,1.812,1.765,1.812,714125.9,442103.1
2026-07-01 03:00:00,1.813,1.844,1.801,1.841,896786.9,518451.9
2026-07-01 04:00:00,1.841,1.855,1.836,1.843,728816.2,458009
2026-07-01 05:00:00,1.842,1.846,1.826,1.828,517282.8,310273
2026-07-01 06:00:00,1.828,1.828,1.797,1.806,666372,305402
2026-07-01 07:00:00,1.806,1.808,1.788,1.795,438286.3,189710.7
2026-07-01 08:00:00,1.795,1.798,1.774,1.795,1048733.4,465341.1
2026-07-01 09:00:00,1.796,1.799,1.787,1.795,598735,250734
2026-07-01 10:00:00,1.794,1.796,1.778,1.781,872436,424285.7
2026-07-01 11:00:00,1.781,1.803,1.778,1.789,659557.1,302061.2
2026-07-01 12:00:00,1.79,1.798,1.776,1.785,483640.9,235487.5
2026-07-01 13:00:00,1.785,1.816,1.769,1.815,1156058,659423.7
2026-07-01 14:00:00,1.816,1.846,1.804,1.845,1364648.4,742982.8
2026-07-01 15:00:00,1.844,1.879,1.836,1.841,2485107.3,1288086.8
2026-07-01 16:00:00,1.842,1.845,1.823,1.825,524932.9,220993
2026-07-01 17:00:00,1.825,1.84,1.816,1.837,386305.6,219287.7
2026-07-01 18:00:00,1.837,1.851,1.821,1.837,1997046.5,684119.4
2026-07-01 19:00:00,1.838,1.847,1.826,1.829,400485.1,213158.1
2026-07-01 20:00:00,1.83,1.839,1.82,1.837,339693.1,189712.6
2026-07-01 21:00:00,1.837,1.876,1.836,1.872,687297.1,404756
2026-07-01 22:00:00,1.872,1.878,1.842,1.847,880829.7,474180.5
2026-07-01 23:00:00,1.846,1.846,1.803,1.807,819599.9,348327.1
2026-07-02 00:00:00,1.807,1.828,1.802,1.825,654070.4,361612.8
2026-07-02 01:00:00,1.826,1.916,1.825,1.887,4080511.1,1890180.2
2026-07-02 02:00:00,1.886,1.899,1.881,1.889,681260.4,350870.9
2026-07-02 03:00:00,1.89,1.927,1.873,1.923,1329260.9,797316.9
2026-07-02 04:00:00,1.923,1.926,1.909,1.922,563468.9,282133.7
2026-07-02 05:00:00,1.922,1.925,1.901,1.902,524963.3,297991.3
2026-07-02 06:00:00,1.903,1.924,1.894,1.91,556799.7,263739.3
2026-07-02 07:00:00,1.91,1.919,1.904,1.917,345482.9,212265.7
2026-07-02 08:00:00,1.916,1.951,1.915,1.933,776098.5,446537.4
2026-07-02 09:00:00,1.932,1.951,1.911,1.945,1117635.8,631906.3
2026-07-02 10:00:00,1.946,1.955,1.934,1.939,657857.1,346466.9
2026-07-02 11:00:00,1.938,1.953,1.932,1.946,717621.5,412328.8
2026-07-02 12:00:00,1.946,1.955,1.931,1.933,887090.3,426947.2
2026-07-02 13:00:00,1.933,1.952,1.928,1.942,875754.1,394608.3
2026-07-02 14:00:00,1.943,1.953,1.903,1.912,1061516.1,463445.8
2026-07-02 15:00:00,1.912,1.918,1.9,1.914,860542.5,391195.1
2026-07-02 16:00:00,1.915,1.934,1.905,1.926,656284.6,336219.6
2026-07-02 17:00:00,1.925,1.95,1.921,1.942,475455.8,287154.3
2026-07-02 18:00:00,1.942,1.951,1.938,1.947,300893.1,144322.1
2026-07-02 19:00:00,1.948,1.95,1.935,1.94,304406,129819.6
2026-07-02 20:00:00,1.94,1.946,1.923,1.934,975591.8,482266.8
2026-07-02 21:00:00,1.933,1.935,1.917,1.927,177607.8,78482.7
2026-07-02 22:00:00,1.927,1.937,1.921,1.931,292782.3,139650.6
2026-07-02 23:00:00,1.93,1.949,1.923,1.943,511209.2,262691.7
2026-07-03 00:00:00,1.943,1.948,1.92,1.927,282845.1,143948.4
2026-07-03 01:00:00,1.926,1.968,1.924,1.958,711061.8,409207.9
2026-07-03 02:00:00,1.958,1.965,1.941,1.958,877607.6,402690.8
2026-07-03 03:00:00,1.957,1.963,1.942,1.959,381293.7,224699.9
2026-07-03 04:00:00,1.959,1.962,1.941,1.943,355276.5,134197.3
2026-07-03 05:00:00,1.943,1.962,1.935,1.948,261047.1,130338.5
2026-07-03 06:00:00,1.949,1.968,1.946,1.955,318226.1,163615.4
2026-07-03 07:00:00,1.955,1.966,1.949,1.956,404919.8,230247.6
2026-07-03 08:00:00,1.956,1.975,1.95,1.958,458141.6,269760.5
2026-07-03 09:00:00,1.958,1.973,1.954,1.971,470344.8,264057.2
2026-07-03 10:00:00,1.971,2.006,1.971,1.994,942845.3,568799.7
2026-07-03 11:00:00,1.994,2.022,1.992,2.015,870550.5,530642.1
2026-07-03 12:00:00,2.015,2.048,2.015,2.041,1055979.8,560511.7
2026-07-03 13:00:00,2.042,2.093,2.042,2.092,2300149.1,1250635.5
2026-07-03 14:00:00,2.092,2.116,2.067,2.077,2581579.5,1272064.4
2026-07-03 15:00:00,2.078,2.086,2.03,2.035,1415087.2,722270.1
2026-07-03 16:00:00,2.035,2.042,2.017,2.024,709474.6,254139.6
2026-07-03 17:00:00,2.025,2.032,2.011,2.021,639006.8,287182
2026-07-03 18:00:00,2.022,2.022,2.011,2.012,412202.8,209853.1
2026-07-03 19:00:00,2.011,2.022,1.996,2.01,995178.4,425096.6
2026-07-03 20:00:00,2.01,2.044,2.002,2.032,732824.8,415001.7
2026-07-03 21:00:00,2.032,2.062,2.03,2.057,736671.8,355629.7
2026-07-03 22:00:00,2.057,2.057,2.03,2.042,369640.8,201389.9
2026-07-03 23:00:00,2.042,2.046,2.031,2.045,340720.9,190452.6
2026-07-04 00:00:00,2.044,2.057,2.036,2.055,560236.2,288455.3
2026-07-04 01:00:00,2.055,2.055,2.008,2.019,700530.1,302463.9
2026-07-04 02:00:00,2.019,2.025,2.003,2.009,361100.7,161284.1
2026-07-04 03:00:00,2.009,2.019,2.003,2.01,548633.9,233425.7
2026-07-04 04:00:00,2.009,2.017,1.988,2.011,647897.7,199164
2026-07-04 05:00:00,2.011,2.011,1.99,1.999,346199.5,132740.5
2026-07-04 06:00:00,2,2.01,1.991,1.991,308683.9,122085.1
2026-07-04 07:00:00,1.992,1.995,1.969,1.979,819376.2,425938.1
2026-07-04 08:00:00,1.98,1.984,1.971,1.975,242119.5,103207
2026-07-04 09:00:00,1.976,1.983,1.958,1.965,404159,219784.4
2026-07-04 10:00:00,1.965,1.969,1.958,1.966,235913.8,135834.8
2026-07-04 11:00:00,1.965,1.981,1.96,1.968,601990.4,356990.9
2026-07-04 12:00:00,1.968,1.981,1.968,1.978,639804.2,271763.1
2026-07-04 13:00:00,1.978,1.989,1.966,1.973,297075.4,133439.9
2026-07-04 14:00:00,1.972,2.033,1.972,2.024,1084915.1,594673.8
2026-07-04 15:00:00,2.024,2.047,2.013,2.037,941598.1,476535
2026-07-04 16:00:00,2.038,2.04,2.014,2.018,633209.1,292276.9
2026-07-04 17:00:00,2.019,2.04,2.007,2.032,551512.9,303276.6
2026-07-04 18:00:00,2.031,2.034,1.998,2.004,543535.8,261718.5
2026-07-04 19:00:00,2.004,2.013,1.992,2.004,307171.6,190569.1
2026-07-04 20:00:00,2.004,2.014,1.986,1.995,440567.9,275527.3
2026-07-04 21:00:00,1.996,2.008,1.993,2.002,228652.2,164659.1
2026-07-04 22:00:00,2.002,2.006,1.99,2.005,252900.3,139951.5
2026-07-04 23:00:00,2.006,2.007,1.981,1.999,362805.6,185343.4
2026-07-05 00:00:00,1.998,2,1.981,1.987,237926.4,111156.1
2026-07-05 01:00:00,1.988,1.996,1.969,1.982,498450.2,199562.8
2026-07-05 02:00:00,1.982,1.984,1.96,1.971,601969.9,243830.2
2026-07-05 03:00:00,1.972,1.989,1.962,1.966,340593.7,184261.6
2026-07-05 04:00:00,1.966,1.978,1.961,1.971,324120.4,216862.8
2026-07-05 05:00:00,1.97,1.972,1.945,1.956,493733,174080.9
2026-07-05 06:00:00,1.956,1.96,1.946,1.952,354861.7,161662.6
2026-07-05 07:00:00,1.952,1.961,1.938,1.958,393456.6,188392.4
2026-07-05 08:00:00,1.958,1.965,1.95,1.954,258203.1,132093.3
2026-07-05 09:00:00,1.955,1.959,1.927,1.931,523983.8,251986.8
2026-07-05 10:00:00,1.93,1.947,1.921,1.946,338401.9,165848
2026-07-05 11:00:00,1.946,1.955,1.936,1.947,268242.4,132256.5
2026-07-05 12:00:00,1.947,1.973,1.94,1.966,375022.3,189009.3
2026-07-05 13:00:00,1.965,1.983,1.964,1.98,293616.6,146086
2026-07-05 14:00:00,1.98,1.981,1.967,1.979,301474.7,107481.2
2026-07-05 15:00:00,1.979,1.994,1.972,1.98,384445.5,165369.8
2026-07-05 16:00:00,1.98,1.982,1.965,1.974,234933.7,96423.6
2026-07-05 17:00:00,1.974,1.987,1.97,1.976,212363.8,108391.3
2026-07-05 18:00:00,1.975,1.996,1.975,1.986,220585.3,145889.9
2026-07-05 19:00:00,1.985,2.007,1.984,1.999,206840.7,121664.4
2026-07-05 20:00:00,2,2.012,1.999,2.009,213913.9,115504
2026-07-05 21:00:00,2.009,2.041,2.001,2.027,542273.6,331262.3
2026-07-05 22:00:00,2.026,2.06,2.018,2.029,800845.9,415004.6
2026-07-05 23:00:00,2.028,2.032,2.008,2.017,465037.5,247819.6
2026-07-06 00:00:00,2.017,2.031,1.988,2.021,840640.2,401132.3
2026-07-06 01:00:00,2.021,2.039,1.998,2.005,509814.5,262535.2
2026-07-06 02:00:00,2.005,2.023,1.996,2.008,498347.6,273199.4
2026-07-06 03:00:00,2.007,2.009,1.976,1.997,414282.4,215636.5
2026-07-06 04:00:00,1.997,1.998,1.982,1.991,268602,125065.3
2026-07-06 05:00:00,1.99,1.994,1.969,1.983,536904.5,246036
2026-07-06 06:00:00,1.982,1.986,1.972,1.983,292269.9,156388.7
2026-07-06 07:00:00,1.983,1.998,1.977,1.99,221125.9,113032.3
2026-07-06 08:00:00,1.991,2.001,1.972,1.982,278281.9,143180.6
2026-07-06 09:00:00,1.982,1.986,1.969,1.978,354698.8,91301.1
2026-07-06 10:00:00,1.977,2.02,1.976,2.02,365419,179157.7
2026-07-06 11:00:00,2.02,2.036,1.994,1.996,761402.7,379457.3
2026-07-06 12:00:00,1.996,2.014,1.96,1.973,1363461.4,713727.8
2026-07-06 13:00:00,1.973,2.005,1.952,1.999,1935806.9,1032737.6
2026-07-06 14:00:00,1.999,2.037,1.994,2.007,2246784.9,1405914.6
2026-07-06 15:00:00,2.008,2.095,2.004,2.077,3033656.1,1739803.3
2026-07-06 16:00:00,2.077,2.11,2.048,2.065,2079714.9,1177252.8
2026-07-06 17:00:00,2.065,2.087,2.055,2.071,906502.2,484157.4
2026-07-06 18:00:00,2.072,2.081,2.061,2.071,513375.6,250871.2
2026-07-06 19:00:00,2.072,2.089,2.069,2.069,433430.7,235856.9
2026-07-06 20:00:00,2.07,2.073,2.062,2.067,195735.8,109693.8
2026-07-06 21:00:00,2.066,2.1,2.063,2.083,717618.1,382018
2026-07-06 22:00:00,2.084,2.087,2.068,2.074,321044.7,150241.6
2026-07-06 23:00:00,2.074,2.078,2.049,2.053,435496.5,209203.8
2026-07-07 00:00:00,2.053,2.082,2.051,2.078,442830.8,289809.8
2026-07-07 01:00:00,2.077,2.078,2.047,2.067,659556.8,319829.7
2026-07-07 02:00:00,2.067,2.072,2.035,2.036,482694.7,221212.8
2026-07-07 03:00:00,2.036,2.039,2.015,2.021,444919.1,211277
2026-07-07 04:00:00,2.02,2.024,1.999,2.011,646797.8,271342.5
2026-07-07 05:00:00,2.01,2.012,1.985,2.005,560492.8,223702.6
2026-07-07 06:00:00,2.004,2.025,1.997,2.021,373994.2,215657.3
2026-07-07 07:00:00,2.02,2.041,2.018,2.024,552007.8,264451.7
2026-07-07 08:00:00,2.025,2.034,2.008,2.021,782408.8,364066.8
2026-07-07 09:00:00,2.02,2.028,2.004,2.008,452430.1,212153.9
2026-07-07 10:00:00,2.008,2.026,2.008,2.013,329381.9,171914.2
2026-07-07 11:00:00,2.013,2.031,2,2.031,484566,225270.8
2026-07-07 12:00:00,2.031,2.038,2.011,2.012,580201.2,281722.1
2026-07-07 13:00:00,2.012,2.032,2,2.004,820539.9,414099.6
2026-07-07 14:00:00,2.004,2.033,1.98,2.031,1085883.5,464653.4
2026-07-07 15:00:00,2.031,2.069,2.021,2.065,1376968.4,797855.7
2026-07-07 16:00:00,2.065,2.074,2.045,2.054,1562198.1,743157.7
2026-07-07 17:00:00,2.053,2.078,2.051,2.078,646498.5,403361.2
2026-07-07 18:00:00,2.078,2.078,2.017,2.019,930692.5,453026.5
2026-07-07 19:00:00,2.019,2.025,1.997,2.019,560813.2,281057.6
2026-07-07 20:00:00,2.02,2.026,1.997,2.003,380494.1,170809.9
2026-07-07 21:00:00,2.003,2.013,1.98,1.988,637385.7,242133.1
2026-07-07 22:00:00,1.987,1.997,1.968,1.989,437541.7,233851.8
2026-07-07 23:00:00,1.988,1.995,1.974,1.977,521571,182967
2026-07-08 00:00:00,1.977,1.994,1.974,1.991,529095.8,309065.1
2026-07-08 01:00:00,1.991,1.992,1.92,1.921,1534499.8,616250.9
2026-07-08 02:00:00,1.921,1.926,1.888,1.923,2063082.1,931708.1
2026-07-08 03:00:00,1.923,1.937,1.915,1.929,507972.8,256580.3
2026-07-08 04:00:00,1.929,1.936,1.917,1.926,400303.9,200238.8
2026-07-08 05:00:00,1.926,1.93,1.917,1.922,354581.7,191401.3
2026-07-08 06:00:00,1.922,1.922,1.895,1.909,487799,208279.4
2026-07-08 07:00:00,1.909,1.914,1.895,1.905,384454,203194.5
2026-07-08 08:00:00,1.905,1.919,1.877,1.877,1669575.9,706011
2026-07-08 09:00:00,1.878,1.882,1.86,1.866,759748.8,306911.2
2026-07-08 10:00:00,1.866,1.882,1.862,1.873,537398.4,231270.7
2026-07-08 11:00:00,1.874,1.892,1.868,1.881,630717.3,369922.8
2026-07-08 12:00:00,1.882,1.888,1.87,1.87,363329.2,176686
2026-07-08 13:00:00,1.869,1.883,1.852,1.877,879664.3,374359.8
2026-07-08 14:00:00,1.877,1.883,1.861,1.871,907000.6,334723.7
2026-07-08 15:00:00,1.872,1.874,1.842,1.855,777254.1,443308.8
2026-07-08 16:00:00,1.856,1.881,1.853,1.878,580383,304462.2
2026-07-08 17:00:00,1.877,1.889,1.871,1.874,383145,202855.1
2026-07-08 18:00:00,1.874,1.888,1.871,1.883,270451.5,150415.4
2026-07-08 19:00:00,1.883,1.887,1.875,1.882,170791.4,96538
2026-07-08 20:00:00,1.882,1.883,1.864,1.866,348078.7,139138.5
2026-07-08 21:00:00,1.866,1.881,1.86,1.878,199179.4,120977
2026-07-08 22:00:00,1.878,1.899,1.877,1.891,342702.9,166789.2
2026-07-08 23:00:00,1.891,1.895,1.887,1.892,205486.9,111377.6
2026-07-09 00:00:00,1.892,1.895,1.886,1.892,272947.1,159776
2026-07-09 01:00:00,1.893,1.921,1.882,1.885,484579.1,277136.3
2026-07-09 02:00:00,1.885,1.906,1.874,1.88,332446.3,158250.3
2026-07-09 03:00:00,1.88,1.901,1.878,1.9,347859.7,182450.4
2026-07-09 04:00:00,1.901,1.933,1.894,1.931,291071.6,145467.4
2026-07-09 05:00:00,1.932,1.934,1.907,1.931,770231.5,350995.7
2026-07-09 06:00:00,1.931,1.94,1.924,1.929,392537.4,183909.9
2026-07-09 07:00:00,1.929,1.936,1.912,1.918,404264.3,179836.5
2026-07-09 08:00:00,1.917,1.931,1.915,1.919,309064.4,130362.9
2026-07-09 09:00:00,1.918,1.919,1.903,1.914,228026.7,105937.9
2026-07-09 10:00:00,1.914,1.918,1.893,1.901,285741,144009.1
2026-07-09 11:00:00,1.901,1.906,1.892,1.9,247590.5,104590.5
2026-07-09 12:00:00,1.901,1.945,1.897,1.916,1297000.9,786427.7
2026-07-09 13:00:00,1.916,1.943,1.912,1.937,654972.2,391359.2
2026-07-09 14:00:00,1.938,1.947,1.918,1.924,570326,280967.4
2026-07-09 15:00:00,1.924,1.935,1.911,1.915,466663.7,238789.9
2026-07-09 16:00:00,1.914,1.921,1.905,1.908,366587.8,149037.1
2026-07-09 17:00:00,1.908,1.933,1.906,1.932,467107.9,281853.2
2026-07-09 18:00:00,1.932,1.942,1.926,1.929,571062.2,350549.7
2026-07-09 19:00:00,1.93,1.93,1.918,1.92,248000.4,128419.8
2026-07-09 20:00:00,1.921,1.929,1.917,1.924,162748.2,70072.4
2026-07-09 21:00:00,1.924,1.931,1.92,1.925,126981.2,47359.5
2026-07-09 22:00:00,1.925,1.929,1.922,1.923,147894.7,72371
2026-07-09 23:00:00,1.923,1.928,1.914,1.92,153009.7,78934.8
2026-07-10 00:00:00,1.92,1.922,1.903,1.921,313416.1,153395.7
2026-07-10 01:00:00,1.92,1.967,1.91,1.949,836046.3,413823.1
2026-07-10 02:00:00,1.949,1.956,1.941,1.951,482826.2,221437
2026-07-10 03:00:00,1.951,1.952,1.94,1.943,354331.3,134957.8
2026-07-10 04:00:00,1.942,1.945,1.935,1.939,179350.5,81641.1
2026-07-10 05:00:00,1.939,1.946,1.937,1.942,164036.1,79357
2026-07-10 06:00:00,1.941,1.944,1.928,1.93,216111.5,107841.7
2026-07-10 07:00:00,1.931,1.94,1.926,1.932,152561.5,68895.5
2026-07-10 08:00:00,1.932,1.953,1.931,1.943,352519.5,198958.4
2026-07-10 09:00:00,1.943,1.953,1.931,1.946,364009.6,190867.3
2026-07-10 10:00:00,1.946,1.952,1.939,1.948,371976.3,171721.3
2026-07-10 11:00:00,1.948,1.949,1.932,1.935,304181,92373.2
2026-07-10 12:00:00,1.935,1.939,1.919,1.92,496968.3,260316.5
2026-07-10 13:00:00,1.919,1.932,1.914,1.92,706011.9,399686.1
2026-07-10 14:00:00,1.92,1.924,1.878,1.891,1580979.1,875688.6
2026-07-10 15:00:00,1.891,1.9,1.888,1.899,411764.6,256985.7
2026-07-10 16:00:00,1.899,1.908,1.889,1.9,518789.6,255363.2
2026-07-10 17:00:00,1.9,1.905,1.894,1.897,226174.5,88678.6
2026-07-10 18:00:00,1.898,1.908,1.858,1.863,814850.2,383632.4
2026-07-10 19:00:00,1.863,1.882,1.861,1.876,544920.5,285865.1
2026-07-10 20:00:00,1.876,1.878,1.866,1.872,212555.5,111093.2
2026-07-10 21:00:00,1.872,1.889,1.872,1.884,183251,99340.7
2026-07-10 22:00:00,1.884,1.898,1.883,1.897,145713,77207.8
2026-07-10 23:00:00,1.898,1.899,1.891,1.893,98889.6,56133.4
2026-07-11 00:00:00,1.892,1.901,1.887,1.896,154429.6,72666.7
2026-07-11 01:00:00,1.897,1.906,1.896,1.9,184140.6,102314.5
2026-07-11 02:00:00,1.9,1.913,1.897,1.912,171113.7,91779.8
2026-07-11 03:00:00,1.912,1.919,1.907,1.911,196744.5,83043.6
2026-07-11 04:00:00,1.912,1.913,1.898,1.899,143916.9,52601.2
2026-07-11 05:00:00,1.899,1.915,1.896,1.906,314190,188390
2026-07-11 06:00:00,1.905,1.914,1.887,1.888,233910,105439.8
2026-07-11 07:00:00,1.888,1.889,1.878,1.883,197444.8,105141.6
2026-07-11 08:00:00,1.883,1.891,1.877,1.89,199655.8,87464.9
2026-07-11 09:00:00,1.89,1.9,1.886,1.892,258954.3,139093.9
2026-07-11 10:00:00,1.892,1.901,1.888,1.892,247858.4,127574.9
2026-07-11 11:00:00,1.892,1.905,1.89,1.903,167612.7,92461.6
2026-07-11 12:00:00,1.903,1.908,1.895,1.902,271474.3,123376.7
2026-07-11 13:00:00,1.902,1.913,1.899,1.908,232837.7,138501
2026-07-11 14:00:00,1.907,1.924,1.906,1.912,349323.3,174602.8
2026-07-11 15:00:00,1.913,1.922,1.892,1.905,598211.9,275829
2026-07-11 16:00:00,1.905,1.906,1.891,1.901,248912.4,107059.9
2026-07-11 17:00:00,1.901,1.91,1.898,1.904,174835.9,112611.1
2026-07-11 18:00:00,1.904,1.912,1.895,1.898,251423.2,135603.2
2026-07-11 19:00:00,1.898,1.907,1.896,1.903,161167.1,105045.8
2026-07-11 20:00:00,1.903,1.911,1.902,1.906,388800.9,162022.9
2026-07-11 21:00:00,1.906,1.919,1.905,1.912,276881.1,174288.1
2026-07-11 22:00:00,1.912,1.915,1.895,1.897,235068.4,86177.8
2026-07-11 23:00:00,1.897,1.902,1.865,1.869,531451.8,245129
2026-07-12 00:00:00,1.868,1.879,1.857,1.87,536309.4,241842.8
2026-07-12 01:00:00,1.87,1.891,1.869,1.891,362219.4,244654.9
2026-07-12 02:00:00,1.891,1.891,1.878,1.883,127291.1,56120.1
2026-07-12 03:00:00,1.883,1.891,1.876,1.89,153172.3,65937.4
2026-07-12 04:00:00,1.89,1.895,1.886,1.888,130984.5,44832.7
2026-07-12 05:00:00,1.888,1.894,1.881,1.889,77665.6,41146.6
2026-07-12 06:00:00,1.888,1.888,1.861,1.874,376852,179722.2
2026-07-12 07:00:00,1.874,1.886,1.871,1.876,236320.3,112731.4
2026-07-12 08:00:00,1.876,1.891,1.876,1.884,166149.6,93286.3
2026-07-12 09:00:00,1.885,1.895,1.87,1.892,232115.3,116141
2026-07-12 10:00:00,1.893,1.894,1.878,1.879,121533.8,44559.3
2026-07-12 11:00:00,1.879,1.895,1.874,1.891,211638.9,127112.5
2026-07-12 12:00:00,1.89,1.903,1.885,1.887,286784.9,165615.7
2026-07-12 13:00:00,1.887,1.895,1.881,1.882,265826.2,120470.4
2026-07-12 14:00:00,1.881,1.902,1.881,1.899,309654.9,171215.9
2026-07-12 15:00:00,1.899,1.911,1.896,1.9,305566.6,171993.2
2026-07-12 16:00:00,1.9,1.911,1.892,1.901,324958.1,165257.2
2026-07-12 17:00:00,1.9,1.911,1.892,1.897,391875.1,248001.9
2026-07-12 18:00:00,1.897,1.913,1.893,1.91,246963,158759.9
2026-07-12 19:00:00,1.909,1.937,1.908,1.933,762464.9,426588.7
2026-07-12 20:00:00,1.934,1.939,1.91,1.916,387602.1,190929.6
2026-07-12 21:00:00,1.917,1.922,1.905,1.905,427985.6,231698.8
2026-07-12 22:00:00,1.905,1.905,1.889,1.9,575765.2,277291.8
2026-07-12 23:00:00,1.899,1.9,1.884,1.889,237425,113951
2026-07-13 00:00:00,1.889,1.934,1.884,1.913,818291.7,483275.1
2026-07-13 01:00:00,1.912,1.914,1.878,1.881,580336.5,292900.2
2026-07-13 02:00:00,1.88,1.902,1.875,1.892,326625.3,173624.9
2026-07-13 03:00:00,1.892,1.896,1.86,1.867,642232.6,312815.2
2026-07-13 04:00:00,1.867,1.877,1.863,1.865,339980.9,147948.6
2026-07-13 05:00:00,1.865,1.899,1.857,1.895,473472.6,223262.5
2026-07-13 06:00:00,1.895,1.903,1.887,1.895,244504.9,146813.2
2026-07-13 07:00:00,1.895,1.922,1.89,1.911,541016,315144.1
2026-07-13 08:00:00,1.912,1.932,1.912,1.924,630500,345576.3
2026-07-13 09:00:00,1.924,1.93,1.908,1.914,377679.9,194521.6
2026-07-13 10:00:00,1.915,1.93,1.907,1.921,649111.9,309560.3
2026-07-13 11:00:00,1.922,1.928,1.911,1.914,336060.5,152124.7
2026-07-13 12:00:00,1.915,1.919,1.895,1.9,497738.4,225770.7
2026-07-13 13:00:00,1.899,1.917,1.889,1.912,598701.3,315270.5
2026-07-13 14:00:00,1.912,1.977,1.908,1.967,1996608,1011481
2026-07-13 15:00:00,1.966,1.971,1.935,1.938,1158018.7,616352.5
2026-07-13 16:00:00,1.938,1.963,1.921,1.947,1126022,647182.7
2026-07-13 17:00:00,1.948,1.957,1.917,1.919,864235.4,477378.8
2026-07-13 18:00:00,1.919,1.935,1.893,1.896,694083.6,379598.8
2026-07-13 19:00:00,1.896,1.921,1.888,1.916,606901,288696.2
2026-07-13 20:00:00,1.915,1.921,1.896,1.899,548536.1,273892.3
2026-07-13 21:00:00,1.9,1.912,1.88,1.881,569182.1,296785.3
2026-07-13 22:00:00,1.882,1.901,1.877,1.892,341940.4,187844.7
2026-07-13 23:00:00,1.892,1.922,1.886,1.922,396851.9,213964.5
2026-07-14 00:00:00,1.923,1.949,1.914,1.946,608745.7,347114.6
2026-07-14 01:00:00,1.947,1.966,1.935,1.964,856670.6,507757
2026-07-14 02:00:00,1.965,1.97,1.944,1.958,581570.3,262209.1
2026-07-14 03:00:00,1.959,1.964,1.937,1.961,403879.1,236428.8
2026-07-14 04:00:00,1.961,1.976,1.954,1.97,579960.7,258632
2026-07-14 05:00:00,1.969,2.004,1.965,1.994,1000444.7,546680.4
2026-07-14 06:00:00,1.994,2.011,1.989,2.001,1360298.6,791451.4
2026-07-14 07:00:00,2.001,2.014,1.987,1.993,1144118.5,576253.6
2026-07-14 08:00:00,1.992,2.01,1.985,1.989,557778.3,286089.1
2026-07-14 09:00:00,1.989,1.99,1.973,1.986,474243.5,205582.1
2026-07-14 10:00:00,1.987,1.998,1.972,1.974,371556.3,193603.5
2026-07-14 11:00:00,1.974,1.994,1.968,1.989,361564.5,208944.1
2026-07-14 12:00:00,1.989,2.042,1.976,2.03,3223748.4,1877980.5
2026-07-14 13:00:00,2.031,2.034,2.018,2.029,853372.7,469647.1
2026-07-14 14:00:00,2.029,2.047,2.021,2.042,752326.1,386639.1
2026-07-14 15:00:00,2.043,2.066,2.038,2.046,1122756.9,553042.4
2026-07-14 16:00:00,2.046,2.047,2.026,2.038,599193.8,295531.1
2026-07-14 17:00:00,2.037,2.047,2.019,2.04,479058.5,229873
2026-07-14 18:00:00,2.041,2.046,2.022,2.029,448098.4,160188.1
2026-07-14 19:00:00,2.028,2.031,2.018,2.023,213944,83237.8
2026-07-14 20:00:00,2.023,2.03,2.016,2.02,573345.5,194886.4
2026-07-14 21:00:00,2.02,2.026,2.015,2.016,448760.2,160693.4
2026-07-14 22:00:00,2.016,2.027,2.01,2.012,674058.7,286285.1
2026-07-14 23:00:00,2.012,2.015,2.002,2.013,330126.8,165406.1
2026-07-15 00:00:00,2.013,2.016,2.002,2.007,309062,140468.1
2026-07-15 01:00:00,2.008,2.023,2.001,2.014,650238.2,454952.9
2026-07-15 02:00:00,2.014,2.028,2.009,2.021,335843.2,175292
2026-07-15 03:00:00,2.021,2.025,2.008,2.022,190424.3,99299.8
2026-07-15 04:00:00,2.021,2.026,2.009,2.023,225934.2,99325.5
2026-07-15 05:00:00,2.024,2.03,2.01,2.029,232553.7,135247
2026-07-15 06:00:00,2.029,2.042,2.024,2.024,364113.4,180340.2
2026-07-15 07:00:00,2.024,2.025,2.002,2.007,384797.5,146794.7
2026-07-15 08:00:00,2.008,2.029,1.999,2.024,338967.7,150072
2026-07-15 09:00:00,2.023,2.042,2.022,2.034,299266.5,147175
2026-07-15 10:00:00,2.034,2.062,2.033,2.052,601865.7,312619
2026-07-15 11:00:00,2.052,2.094,2.049,2.08,1290531.7,859943.8
2026-07-15 12:00:00,2.08,2.099,2.066,2.089,1241728.1,683907.8
2026-07-15 13:00:00,2.09,2.108,2.07,2.085,1262235.8,633637.6
2026-07-15 14:00:00,2.085,2.091,2.063,2.079,561368.6,303157
2026-07-15 15:00:00,2.08,2.081,2.063,2.078,374353.7,185204.3
2026-07-15 16:00:00,2.078,2.082,2.047,2.065,675110.1,322433.1
2026-07-15 17:00:00,2.064,2.079,2.064,2.072,347423.1,172388.8
2026-07-15 18:00:00,2.073,2.075,2.035,2.039,397868,157545.6
2026-07-15 19:00:00,2.039,2.046,2.033,2.037,261058.3,116891.2
2026-07-15 20:00:00,2.037,2.059,2.036,2.056,215381.6,97297.2
2026-07-15 21:00:00,2.056,2.067,2.056,2.062,188274.5,97308.4
2026-07-15 22:00:00,2.062,2.087,2.059,2.068,414354.1,254997.5
2026-07-15 23:00:00,2.068,2.079,2.061,2.067,183834.7,105238.9
2026-07-16 00:00:00,2.067,2.082,2.059,2.065,355083.9,163984.2
2026-07-16 01:00:00,2.064,2.07,2.052,2.066,305877,115886.3
2026-07-16 02:00:00,2.067,2.068,2.055,2.067,207091,81818.7
2026-07-16 03:00:00,2.068,2.072,2.058,2.065,157851.5,49686.1
2026-07-16 04:00:00,2.065,2.065,2.052,2.054,203124.7,95792.9
2026-07-16 05:00:00,2.054,2.06,2.049,2.055,469547.8,216169.4
2026-07-16 06:00:00,2.054,2.063,2.046,2.055,452366.5,159020.5
2026-07-16 07:00:00,2.055,2.056,2.043,2.051,356041.6,141802.9
2026-07-16 08:00:00,2.051,2.053,2.022,2.029,1484587.3,520577.5
2026-07-16 09:00:00,2.029,2.032,2.008,2.012,495965.9,182481.7
2026-07-16 10:00:00,2.012,2.033,2.009,2.033,335322.1,182309
2026-07-16 11:00:00,2.033,2.036,2.025,2.032,511578.4,191607.1
2026-07-16 12:00:00,2.032,2.044,2.021,2.028,404067.5,200994.7
2026-07-16 13:00:00,2.028,2.085,2.027,2.073,836422.2,471601.4
2026-07-16 14:00:00,2.073,2.08,2.062,2.076,374867.6,203341.8
2026-07-16 15:00:00,2.076,2.085,2.055,2.068,636406.7,308638.3
2026-07-16 16:00:00,2.067,2.07,2.052,2.064,313208.8,155794.2
2026-07-16 17:00:00,2.064,2.082,2.044,2.05,668705,332099.3
2026-07-16 18:00:00,2.05,2.05,2.026,2.028,527335.7,216636.9
2026-07-16 19:00:00,2.027,2.033,2.018,2.028,203950,122445.8
2026-07-16 20:00:00,2.028,2.035,2.02,2.031,155941.5,68160
2026-07-16 21:00:00,2.03,2.047,2.03,2.035,151020.4,87802.1
2026-07-16 22:00:00,2.036,2.046,1.989,1.992,807141.2,339400.1
2026-07-16 23:00:00,1.991,1.991,1.959,1.965,737354.1,336035.4
2026-07-17 00:00:00,1.964,1.985,1.958,1.985,508640.7,296029.2
2026-07-17 01:00:00,1.984,1.993,1.969,1.972,275129.1,165663.7
2026-07-17 02:00:00,1.972,1.98,1.962,1.972,379185.4,159048.5
2026-07-17 03:00:00,1.972,2.008,1.97,1.992,483346.2,262362.2
2026-07-17 04:00:00,1.991,1.998,1.98,1.993,174676.3,93245.5
2026-07-17 05:00:00,1.993,1.993,1.96,1.963,283189.4,123145.6
2026-07-17 06:00:00,1.964,1.964,1.93,1.945,1725809.8,409752.7
2026-07-17 07:00:00,1.945,1.949,1.933,1.94,359184.1,194708.4
2026-07-17 08:00:00,1.94,1.943,1.88,1.898,1369622.2,640231
2026-07-17 09:00:00,1.898,1.915,1.896,1.907,817851.1,407582.6
2026-07-17 10:00:00,1.907,1.919,1.906,1.917,318344.1,215597.4
2026-07-17 11:00:00,1.917,1.929,1.914,1.915,252442.2,136330.5
2026-07-17 12:00:00,1.915,1.926,1.908,1.909,386792.4,176217.7
2026-07-17 13:00:00,1.909,1.937,1.896,1.936,1035963.9,555817.2
2026-07-17 14:00:00,1.936,1.948,1.908,1.917,762539.4,369897
2026-07-17 15:00:00,1.916,1.92,1.893,1.92,889324.7,307144.6
2026-07-17 16:00:00,1.92,1.932,1.912,1.924,431477.1,188012.1
2026-07-17 17:00:00,1.925,1.941,1.919,1.921,307960,154395.5
2026-07-17 18:00:00,1.921,1.934,1.914,1.928,431888.6,236710.8
2026-07-17 19:00:00,1.928,1.933,1.914,1.926,257842.4,141480.1
2026-07-17 20:00:00,1.925,1.926,1.918,1.921,75106.8,35316.5
2026-07-17 21:00:00,1.92,1.937,1.917,1.919,249518.2,106661.5
2026-07-17 22:00:00,1.92,1.923,1.915,1.92,207507.4,75905
2026-07-17 23:00:00,1.92,1.931,1.916,1.927,142560.2,56977.5
2026-07-18 00:00:00,1.928,1.934,1.923,1.925,172061.1,74906.2
2026-07-18 01:00:00,1.925,1.934,1.921,1.933,106178.1,60649.8
2026-07-18 02:00:00,1.933,1.938,1.928,1.935,214755.7,117907.4
2026-07-18 03:00:00,1.935,1.945,1.929,1.937,360896.8,175616
2026-07-18 04:00:00,1.937,1.938,1.922,1.93,135996.4,81639.9
2026-07-18 05:00:00,1.93,1.93,1.917,1.919,139221.5,54211.9
2026-07-18 06:00:00,1.919,1.92,1.914,1.915,103639.2,53616.9
2026-07-18 07:00:00,1.915,1.917,1.905,1.909,342650.3,115326.4
2026-07-18 08:00:00,1.908,1.93,1.905,1.912,853178.3,651835.9
2026-07-18 09:00:00,1.912,1.913,1.896,1.902,288173.5,89818.7
2026-07-18 10:00:00,1.903,1.906,1.893,1.897,1015291.4,274261.9
2026-07-18 11:00:00,1.897,1.909,1.896,1.906,223176.7,141698.9
2026-07-18 12:00:00,1.906,1.921,1.905,1.915,449906.2,207154.2
2026-07-18 13:00:00,1.914,1.915,1.904,1.909,222769.8,78473.4
2026-07-18 14:00:00,1.91,1.921,1.906,1.917,355321.2,194957.5
2026-07-18 15:00:00,1.917,1.931,1.91,1.917,342411.5,208211.7
2026-07-18 16:00:00,1.917,1.926,1.913,1.923,246691.6,126764.6
2026-07-18 17:00:00,1.922,1.931,1.916,1.93,228250.2,127324.5
2026-07-18 18:00:00,1.93,1.946,1.93,1.933,412680.6,268696.1
2026-07-18 19:00:00,1.934,1.94,1.932,1.934,181701.2,81184.7
2026-07-18 20:00:00,1.935,1.939,1.93,1.933,167507.6,67599.6
2026-07-18 21:00:00,1.934,1.942,1.926,1.928,282701.7,112384.6
2026-07-18 22:00:00,1.928,1.937,1.926,1.932,174306.8,79971.7
2026-07-18 23:00:00,1.931,1.936,1.928,1.932,142379.9,55854.7
2026-07-19 00:00:00,1.932,1.938,1.925,1.928,238059.3,97055.1
2026-07-19 01:00:00,1.928,1.928,1.916,1.919,142033.2,61335.1
2026-07-19 02:00:00,1.92,1.933,1.919,1.926,126682.2,70362.3
2026-07-19 03:00:00,1.927,1.928,1.917,1.919,78222.4,35210.4
2026-07-19 04:00:00,1.919,1.925,1.915,1.922,64849.7,30446.3
2026-07-19 05:00:00,1.923,1.929,1.923,1.927,57521.2,27599.5
2026-07-19 06:00:00,1.927,1.936,1.924,1.936,137491.5,83080.6
2026-07-19 07:00:00,1.937,1.941,1.932,1.935,146480.5,69732.5
2026-07-19 08:00:00,1.936,1.948,1.933,1.94,361571.6,187709.8
2026-07-19 09:00:00,1.941,1.941,1.923,1.932,223081.2,76063.3
2026-07-19 10:00:00,1.932,1.935,1.925,1.927,155130.6,72468.8
2026-07-19 11:00:00,1.927,1.93,1.919,1.922,138813.1,47155.9
2026-07-19 12:00:00,1.922,1.927,1.912,1.924,269045.4,125226.4
2026-07-19 13:00:00,1.924,1.926,1.918,1.924,146072,74771.1
2026-07-19 14:00:00,1.924,1.936,1.919,1.93,222501.5,144322
2026-07-19 15:00:00,1.93,1.933,1.913,1.92,1289927.8,674406.1
2026-07-19 16:00:00,1.921,1.923,1.903,1.908,2807546.3,1250100.7
2026-07-19 17:00:00,1.908,1.92,1.896,1.911,678454.4,302365.9
2026-07-19 18:00:00,1.911,1.915,1.901,1.915,277944.3,109453.8
2026-07-19 19:00:00,1.915,1.919,1.911,1.918,87003,39578.9
2026-07-19 20:00:00,1.918,1.922,1.914,1.917,120342.8,51562.9
2026-07-19 21:00:00,1.918,1.92,1.904,1.906,316891.5,148697.4
2026-07-19 22:00:00,1.906,1.931,1.903,1.917,411461,200410.9
2026-07-19 23:00:00,1.916,1.921,1.907,1.917,163065,69555.2
2026-07-20 00:00:00,1.917,1.941,1.912,1.917,537623.3,222620.5
2026-07-20 01:00:00,1.917,1.938,1.902,1.908,545751.9,269266.3
2026-07-20 02:00:00,1.908,1.93,1.907,1.929,287322,156455
2026-07-20 03:00:00,1.929,1.931,1.918,1.926,295912.9,157670.5
2026-07-20 04:00:00,1.926,1.927,1.914,1.916,216750.7,108507.2
2026-07-20 05:00:00,1.917,1.917,1.902,1.905,270726,121002
2026-07-20 06:00:00,1.906,1.912,1.899,1.906,352887.6,167493.3
2026-07-20 07:00:00,1.907,1.929,1.906,1.926,242045.5,105020.6
2026-07-20 08:00:00,1.926,1.936,1.918,1.924,638876.5,312341.1
2026-07-20 09:00:00,1.924,1.937,1.921,1.936,338666,156920.5
2026-07-20 10:00:00,1.936,1.952,1.934,1.945,344627.6,205022.5
2026-07-20 11:00:00,1.945,1.965,1.932,1.959,742120.2,374279.8
2026-07-20 12:00:00,1.96,1.988,1.946,1.974,882528.1,478081.1
2026-07-20 13:00:00,1.973,1.986,1.955,1.965,1120032.5,513057.8
2026-07-20 14:00:00,1.964,1.982,1.953,1.971,858523.9,416117.7
2026-07-20 15:00:00,1.971,1.988,1.961,1.982,853069.8,465095.9
2026-07-20 16:00:00,1.982,1.99,1.973,1.986,664827.8,321413.9
2026-07-20 17:00:00,1.985,1.985,1.969,1.976,350750.6,154052.1
2026-07-20 18:00:00,1.976,1.987,1.968,1.969,330741.9,134776
2026-07-20 19:00:00,1.969,1.973,1.958,1.969,334262.2,158926.9
2026-07-20 20:00:00,1.97,1.983,1.969,1.975,109296.3,63860.7
2026-07-20 21:00:00,1.974,1.981,1.966,1.968,96261.2,42352
2026-07-20 22:00:00,1.968,1.972,1.957,1.962,167857.6,90645.4
2026-07-20 23:00:00,1.962,1.984,1.96,1.98,157665.1,87224.6
2026-07-21 00:00:00,1.979,2.006,1.972,1.998,553749.5,298868.8
2026-07-21 01:00:00,1.997,2.002,1.985,1.992,235569.4,119529
2026-07-21 02:00:00,1.993,2.013,1.983,2.005,282947.3,136625.2
2026-07-21 03:00:00,2.005,2.028,2.004,2.025,553866.4,311616.7
2026-07-21 04:00:00,2.025,2.042,2.025,2.037,523881.5,241985.2
2026-07-21 05:00:00,2.037,2.047,2.026,2.042,231340.3,114502.2
2026-07-21 06:00:00,2.042,2.066,2.035,2.037,578231.6,306898.2
2026-07-21 07:00:00,2.037,2.039,2.016,2.018,571930.3,296823.8
2026-07-21 08:00:00,2.017,2.022,1.999,2.003,407369,220365.2
2026-07-21 09:00:00,2.003,2.022,1.997,2.005,333518.3,168502.5
2026-07-21 10:00:00,2.005,2.01,1.989,1.994,398400.5,191426.3
2026-07-21 11:00:00,1.994,2.003,1.99,2,344116.7,212959.2
2026-07-21 12:00:00,1.999,2.002,1.974,1.987,531913.8,242176
2026-07-21 13:00:00,1.986,1.995,1.979,1.988,459931.8,249958.4
2026-07-21 14:00:00,1.989,1.99,1.965,1.972,715749.2,371073.9
2026-07-21 15:00:00,1.972,1.972,1.948,1.954,630003.7,315452
2026-07-21 16:00:00,1.954,1.959,1.93,1.94,691737.4,317459
2026-07-21 17:00:00,1.94,1.941,1.92,1.938,586774.1,294886
2026-07-21 18:00:00,1.938,1.944,1.932,1.934,312498.2,169225.6
2026-07-21 19:00:00,1.934,1.947,1.917,1.935,831283.6,358194.2
2026-07-21 20:00:00,1.935,1.94,1.93,1.938,250567,127194.6
2026-07-21 21:00:00,1.937,1.938,1.926,1.929,457068.3,164638.5
2026-07-21 22:00:00,1.929,1.939,1.924,1.937,187579.2,108781.5
2026-07-21 23:00:00,1.937,1.939,1.931,1.938,88129,46395.6
2026-07-22 00:00:00,1.937,1.954,1.933,1.953,345271.7,187480.2
2026-07-22 01:00:00,1.952,1.952,1.939,1.944,118021.4,57681
2026-07-22 02:00:00,1.944,1.95,1.931,1.932,337260.4,141525
2026-07-22 03:00:00,1.931,1.933,1.909,1.913,475060.5,159653.6
2026-07-22 04:00:00,1.913,1.926,1.908,1.923,273951.8,130120.3
2026-07-22 05:00:00,1.923,1.924,1.906,1.908,365815.7,137836.3
2026-07-22 06:00:00,1.908,1.911,1.897,1.903,402600.5,161017.6
2026-07-22 07:00:00,1.904,1.906,1.867,1.88,1096167.7,453968.1
2026-07-22 08:00:00,1.88,1.888,1.866,1.882,960585.3,355912.1
2026-07-22 09:00:00,1.883,1.886,1.873,1.881,287390.4,147082.2
2026-07-22 10:00:00,1.881,1.893,1.879,1.89,284060.7,180879.6
2026-07-22 11:00:00,1.889,1.893,1.88,1.888,303142.7,160972.2
2026-07-22 12:00:00,1.889,1.891,1.875,1.885,382390.7,179035.9
2026-07-22 13:00:00,1.885,1.891,1.871,1.889,352125.3,188518.9
2026-07-22 14:00:00,1.889,1.896,1.876,1.889,1009052.2,491214.6
2026-07-22 15:00:00,1.89,1.903,1.886,1.89,419274.8,245314.8
2026-07-22 16:00:00,1.89,1.901,1.881,1.891,350943.4,172993.8
2026-07-22 17:00:00,1.89,1.894,1.878,1.88,351163.3,153228
2026-07-22 18:00:00,1.879,1.883,1.851,1.866,989575.9,337179.9
2026-07-22 19:00:00,1.866,1.867,1.851,1.86,411488.7,116610
2026-07-22 20:00:00,1.859,1.872,1.855,1.871,241705.7,130665.4
2026-07-22 21:00:00,1.871,1.872,1.863,1.867,181310.3,89778.8
2026-07-22 22:00:00,1.868,1.869,1.857,1.866,265712.6,125349.7
2026-07-22 23:00:00,1.866,1.87,1.853,1.869,122015.6,57397.4
2026-07-23 00:00:00,1.87,1.875,1.863,1.872,324641.1,176166.1
2026-07-23 01:00:00,1.871,1.881,1.871,1.876,187641,75650
2026-07-23 02:00:00,1.875,1.875,1.86,1.871,188435.9,81304.7
2026-07-23 03:00:00,1.872,1.873,1.864,1.866,136524.2,63935.1
2026-07-23 04:00:00,1.865,1.873,1.861,1.863,141575.8,59206.8
2026-07-23 05:00:00,1.863,1.873,1.854,1.871,359650.5,174199.2
2026-07-23 06:00:00,1.871,1.878,1.866,1.876,188565.3,99732.9
2026-07-23 07:00:00,1.876,1.876,1.858,1.864,246580.8,114012
2026-07-23 08:00:00,1.863,1.871,1.86,1.868,127199.7,71992.8
2026-07-23 09:00:00,1.868,1.878,1.865,1.871,239202.7,122073.2
2026-07-23 10:00:00,1.871,1.905,1.868,1.887,453417.3,225874.2
2026-07-23 11:00:00,1.887,1.897,1.88,1.888,424894.6,224937.9
2026-07-23 12:00:00,1.888,1.899,1.872,1.878,571485.9,240202.9
2026-07-23 13:00:00,1.878,1.893,1.873,1.881,551881.6,214014.5
2026-07-23 14:00:00,1.881,1.896,1.878,1.883,352448.6,187289.2
2026-07-23 15:00:00,1.884,1.884,1.869,1.881,283518.4,128823.8
2026-07-23 16:00:00,1.881,1.884,1.869,1.88,160584.9,76835.5
2026-07-23 17:00:00,1.879,1.895,1.871,1.875,284971.7,121812.8
2026-07-23 18:00:00,1.876,1.886,1.874,1.882,168348.4,76436.6
2026-07-23 19:00:00,1.882,1.89,1.869,1.878,219723.4,73066.6
2026-07-23 20:00:00,1.878,1.892,1.878,1.887,112482.9,66000.3
2026-07-23 21:00:00,1.886,1.896,1.883,1.89,139697.3,68840.9
2026-07-23 22:00:00,1.891,1.894,1.878,1.887,147406.2,76861.7
2026-07-23 23:00:00,1.888,1.89,1.881,1.884,107181.7,53616.8
2026-07-24 00:00:00,1.884,1.894,1.878,1.893,241263.1,144352
2026-07-24 01:00:00,1.894,1.905,1.891,1.893,288166.8,137391.4
2026-07-24 02:00:00,1.892,1.9,1.876,1.878,259268.3,108121.1
2026-07-24 03:00:00,1.878,1.903,1.875,1.903,292334.7,183943.9
2026-07-24 04:00:00,1.903,1.909,1.891,1.896,259422.4,143661.4
2026-07-24 05:00:00,1.897,1.905,1.893,1.902,191478.3,100571.6
2026-07-24 06:00:00,1.902,1.914,1.897,1.908,389422.6,245570.1
2026-07-24 07:00:00,1.908,1.917,1.893,1.902,262648.1,121625.6
2026-07-24 08:00:00,1.902,1.913,1.893,1.91,206171.3,100110
2026-07-24 09:00:00,1.91,1.917,1.894,1.895,197839.5,93992.2
2026-07-24 10:00:00,1.895,1.896,1.883,1.887,211163.2,102090.9
2026-07-24 11:00:00,1.887,1.889,1.877,1.886,176896.1,66201
2026-07-24 12:00:00,1.886,1.886,1.855,1.861,397738.8,181419.1
2026-07-24 13:00:00,1.861,1.863,1.826,1.847,1391775.8,557920.3
2026-07-24 14:00:00,1.846,1.851,1.79,1.808,1566368,784928.4
2026-07-24 15:00:00,1.808,1.828,1.795,1.822,827034.1,498839.5
2026-07-24 16:00:00,1.821,1.824,1.805,1.809,341881.8,175760.9
2026-07-24 17:00:00,1.809,1.822,1.799,1.819,540000.4,192314.7
2026-07-24 18:00:00,1.818,1.819,1.809,1.811,116651.4,57788.7
2026-07-24 19:00:00,1.812,1.816,1.805,1.808,141295.1,55062.7
2026-07-24 20:00:00,1.809,1.818,1.809,1.813,125986.6,55371.6
2026-07-24 21:00:00,1.814,1.816,1.801,1.806,332710.5,195228.3
2026-07-24 22:00:00,1.806,1.82,1.804,1.809,326910.2,130990.1
2026-07-24 23:00:00,1.809,1.813,1.805,1.806,74808,39855.9
2026-07-25 00:00:00,1.807,1.812,1.799,1.805,226063.9,96063.4
2026-07-25 01:00:00,1.805,1.81,1.795,1.796,166874.8,70788
2026-07-25 02:00:00,1.796,1.803,1.789,1.801,392852.8,166507.2
2026-07-25 03:00:00,1.801,1.815,1.801,1.815,187396.7,94030
2026-07-25 04:00:00,1.814,1.817,1.802,1.802,174251.2,91313.8
2026-07-25 05:00:00,1.803,1.812,1.796,1.798,179337.8,66984.4
2026-07-25 06:00:00,1.798,1.8,1.788,1.797,201051.2,81227.5
2026-07-25 07:00:00,1.797,1.798,1.776,1.784,780415.8,333264.7
2026-07-25 08:00:00,1.783,1.789,1.778,1.784,242217,136246.2
2026-07-25 09:00:00,1.784,1.792,1.781,1.79,159200.6,74200.3
2026-07-25 10:00:00,1.791,1.795,1.786,1.788,179713.4,79067.2
2026-07-25 11:00:00,1.787,1.792,1.786,1.79,76544.9,41492.2
2026-07-25 12:00:00,1.791,1.797,1.786,1.797,190530.5,137273.7
2026-07-25 13:00:00,1.797,1.8,1.79,1.791,136324,61634.3
2026-07-25 14:00:00,1.791,1.799,1.786,1.798,165189.5,88015.1
2026-07-25 15:00:00,1.797,1.802,1.797,1.797,196346.1,75275.6
2026-07-25 16:00:00,1.797,1.8,1.788,1.79,144732.3,62188
2026-07-25 17:00:00,1.79,1.8,1.79,1.798,130883.6,75307.4
2026-07-25 18:00:00,1.799,1.803,1.797,1.801,129270.2,57631.4
2026-07-25 19:00:00,1.801,1.803,1.795,1.797,72281.2,34589.1
2026-07-25 20:00:00,1.797,1.801,1.792,1.793,162077.6,78256.1
2026-07-25 21:00:00,1.794,1.801,1.79,1.799,88831.3,35339
2026-07-25 22:00:00,1.8,1.803,1.797,1.799,96331.3,45404.5
2026-07-25 23:00:00,1.799,1.799,1.791,1.792,71748.8,20425.8
2026-07-26 00:00:00,1.793,1.795,1.788,1.792,153801.5,50709.5
2026-07-26 01:00:00,1.793,1.796,1.79,1.793,64129.3,24735.2
2026-07-26 02:00:00,1.792,1.798,1.786,1.797,137623.7,55270.7
2026-07-26 03:00:00,1.797,1.799,1.794,1.798,126879.5,68390
2026-07-26 04:00:00,1.799,1.805,1.794,1.799,178221.9,82645
2026-07-26 05:00:00,1.798,1.798,1.788,1.795,188477.2,91351.7
2026-07-26 06:00:00,1.795,1.798,1.788,1.797,181210,90655.9
2026-07-26 07:00:00,1.797,1.814,1.795,1.803,604329,204239.3
2026-07-26 08:00:00,1.804,1.805,1.798,1.804,277434.2,149221.3
2026-07-26 09:00:00,1.803,1.81,1.802,1.802,196048.4,135340.2
2026-07-26 10:00:00,1.802,1.805,1.797,1.8,136829.8,41167.7
2026-07-26 11:00:00,1.8,1.804,1.796,1.797,195659.3,63789.4
2026-07-26 12:00:00,1.797,1.801,1.789,1.79,288648.3,82693.3
2026-07-26 13:00:00,1.791,1.795,1.788,1.788,126068.9,46526
2026-07-26 14:00:00,1.789,1.803,1.788,1.796,228584.1,112349.2
2026-07-26 15:00:00,1.796,1.804,1.795,1.803,259203.6,91397.5
2026-07-26 16:00:00,1.803,1.806,1.797,1.801,205038.8,84486.1
2026-07-26 17:00:00,1.8,1.802,1.79,1.792,116144.1,39580.1
2026-07-26 18:00:00,1.792,1.794,1.788,1.793,79921.9,21316.6
2026-07-26 19:00:00,1.793,1.796,1.789,1.795,42537,20885.8
2026-07-26 20:00:00,1.795,1.795,1.79,1.792,45459,22521.6
2026-07-26 21:00:00,1.793,1.804,1.792,1.797,306482.3,138559.3
2026-07-26 22:00:00,1.798,1.827,1.798,1.826,514163.4,263608.3
2026-07-26 23:00:00,1.826,1.843,1.82,1.837,541593.5,269920.1
2026-07-27 00:00:00,1.838,1.847,1.829,1.842,326513.9,142209.6
2026-07-27 01:00:00,1.842,1.85,1.822,1.837,298214.7,131344.3
2026-07-27 02:00:00,1.837,1.853,1.832,1.852,331469.5,171411.8
2026-07-27 03:00:00,1.853,1.86,1.842,1.858,385526.6,211384.5
2026-07-27 04:00:00,1.858,1.859,1.84,1.845,299364.4,175538.1
2026-07-27 05:00:00,1.845,1.855,1.843,1.855,230188.7,119056.5
2026-07-27 06:00:00,1.856,1.86,1.852,1.855,254999.6,136885.3
2026-07-27 07:00:00,1.854,1.855,1.837,1.839,226831.5,98245.9
2026-07-27 08:00:00,1.84,1.85,1.837,1.839,139396.9,66896
2026-07-27 09:00:00,1.838,1.849,1.835,1.845,255681.3,63925.3
2026-07-27 10:00:00,1.845,1.848,1.84,1.843,141621.1,61664.2
2026-07-27 11:00:00,1.842,1.842,1.825,1.827,229732.7,99828.6
2026-07-27 12:00:00,1.827,1.835,1.814,1.834,557378.6,279435.8
2026-07-27 13:00:00,1.834,1.835,1.809,1.818,599063.8,224670.1
2026-07-27 14:00:00,1.818,1.821,1.772,1.781,858254,428319.3
2026-07-27 15:00:00,1.78,1.791,1.771,1.773,341311.2,156474.5
2026-07-27 16:00:00,1.773,1.786,1.763,1.777,540887.3,224046.4
2026-07-27 17:00:00,1.778,1.782,1.767,1.771,154722.8,76947.7
2026-07-27 18:00:00,1.771,1.775,1.728,1.739,2029896.3,638972.8
2026-07-27 19:00:00,1.739,1.746,1.725,1.743,1092891.9,550889.4
2026-07-27 20:00:00,1.743,1.749,1.734,1.741,256359,142028.3
2026-07-27 21:00:00,1.74,1.747,1.727,1.736,261697.6,118649.1
2026-07-27 22:00:00,1.737,1.737,1.696,1.702,1115968.1,426569.7
2026-07-27 23:00:00,1.702,1.713,1.68,1.69,1088026.6,308506.7
2026-07-28 00:00:00,1.69,1.697,1.68,1.692,699746.4,331664.2
2026-07-28 01:00:00,1.692,1.694,1.668,1.672,479679.1,196337.3
2026-07-28 02:00:00,1.672,1.683,1.669,1.677,232175.5,134260.6
2026-07-28 03:00:00,1.677,1.686,1.672,1.682,250461.7,98299
2026-07-28 04:00:00,1.683,1.683,1.676,1.677,102371.3,47394.9
2026-07-28 05:00:00,1.676,1.681,1.658,1.658,418317.8,160017.4
2026-07-28 06:00:00,1.659,1.675,1.655,1.675,363927.7,236207.1
2026-07-28 07:00:00,1.675,1.679,1.669,1.677,232313.6,126719
2026-07-28 08:00:00,1.677,1.685,1.675,1.68,164707.5,91022
2026-07-28 09:00:00,1.68,1.685,1.676,1.678,164171.3,81881.5
2026-07-28 10:00:00,1.677,1.677,1.67,1.676,162699.5,87380.3
2026-07-28 11:00:00,1.675,1.681,1.657,1.661,429312.4,181313.1
2026-07-28 12:00:00,1.662,1.672,1.647,1.663,411328.8,204022.3
2026-07-28 13:00:00,1.663,1.664,1.622,1.63,1008629.9,492656.5
2026-07-28 14:00:00,1.63,1.652,1.629,1.647,466459.2,191156.8
2026-07-28 15:00:00,1.648,1.678,1.636,1.666,909435.4,434530.7
2026-07-28 16:00:00,1.665,1.666,1.652,1.659,367565.9,176883.6
2026-07-28 17:00:00,1.658,1.658,1.636,1.643,315313.5,106625.5
2026-07-28 18:00:00,1.644,1.648,1.635,1.637,172752,50450
2026-07-28 19:00:00,1.637,1.648,1.637,1.642,194492.6,74985.8
2026-07-28 20:00:00,1.642,1.652,1.641,1.652,275154.9,150311.3
2026-07-28 21:00:00,1.652,1.663,1.648,1.655,177892.9,89196.4
2026-07-28 22:00:00,1.654,1.661,1.641,1.644,170820.9,63983.3
2026-07-28 23:00:00,1.644,1.655,1.641,1.654,192957.2,94083.5
2026-07-29 00:00:00,1.654,1.668,1.652,1.662,301414.4,142577.3
2026-07-29 01:00:00,1.662,1.662,1.625,1.631,323858,118202.5
2026-07-29 02:00:00,1.631,1.644,1.627,1.631,309202.2,186026.1
2026-07-29 03:00:00,1.631,1.634,1.606,1.607,551494.8,234504.2
2026-07-29 04:00:00,1.608,1.624,1.588,1.624,1262468.8,628288.3
2026-07-29 05:00:00,1.624,1.627,1.61,1.61,328058.1,91151.4
2026-07-29 06:00:00,1.611,1.62,1.604,1.613,368704.1,145893.6
2026-07-29 07:00:00,1.614,1.614,1.593,1.608,1431196.6,702168.1
2026-07-29 08:00:00,1.608,1.608,1.575,1.592,1823700.9,912850.6
2026-07-29 09:00:00,1.592,1.606,1.589,1.595,541570.9,215864.8
2026-07-29 10:00:00,1.595,1.598,1.576,1.578,507598.9,245867.6
2026-07-29 11:00:00,1.578,1.592,1.571,1.591,628708.3,369360.3
2026-07-29 12:00:00,1.591,1.592,1.582,1.584,294456.5,150755
2026-07-29 13:00:00,1.584,1.596,1.577,1.593,565951.1,250415.9
2026-07-29 14:00:00,1.593,1.599,1.58,1.582,325285.7,169809.7
2026-07-29 15:00:00,1.582,1.587,1.572,1.581,181370.5,78856.9
2026-07-29 16:00:00,1.581,1.591,1.577,1.588,212991.6,106031.7
2026-07-29 17:00:00,1.588,1.604,1.586,1.603,327880.9,168078.4
2026-07-29 18:00:00,1.603,1.64,1.6,1.632,1060433.1,633221
2026-07-29 19:00:00,1.631,1.639,1.597,1.598,861293.8,347435.3
2026-07-29 20:00:00,1.598,1.602,1.578,1.581,801621.4,357036.8
2026-07-29 21:00:00,1.58,1.595,1.572,1.594,367382.8,163079.1
2026-07-29 22:00:00,1.595,1.61,1.592,1.608,532249.2,296155.8
2026-07-29 23:00:00,1.607,1.625,1.605,1.622,332502.9,182462.5
2026-07-30 00:00:00,1.622,1.624,1.606,1.61,208479.4,83380.7
2026-07-30 01:00:00,1.611,1.621,1.61,1.618,270077.4,106407.1
2026-07-30 02:00:00,1.619,1.627,1.616,1.624,238557.5,131360.5
2026-07-30 03:00:00,1.624,1.634,1.622,1.628,314195.6,145151.4
2026-07-30 04:00:00,1.629,1.633,1.62,1.621,251996.3,112078.2
2026-07-30 05:00:00,1.62,1.639,1.618,1.637,194526.7,113970.3
2026-07-30 06:00:00,1.637,1.643,1.629,1.631,306083.2,135987.8
2026-07-30 07:00:00,1.63,1.639,1.626,1.628,230920.5,101855.3
2026-07-30 08:00:00,1.628,1.631,1.622,1.627,259588.3,106400.2
2026-07-30 09:00:00,1.627,1.663,1.626,1.662,652221.2,296296.8
2026-07-30 10:00:00,1.662,1.672,1.653,1.658,659933.8,354659
2026-07-30 11:00:00,1.658,1.66,1.649,1.657,286424.5,146302.2
2026-07-30 12:00:00,1.658,1.661,1.644,1.647,307287.7,153705.6
2026-07-30 13:00:00,1.647,1.666,1.646,1.657,831908.4,436806.1
2026-07-30 14:00:00,1.657,1.661,1.648,1.648,387590.5,161349.1
2026-07-30 15:00:00,1.648,1.668,1.645,1.666,259736.8,147178.6
2026-07-30 16:00:00,1.666,1.684,1.657,1.674,308284.4,134680.3
2026-07-30 17:00:00,1.675,1.677,1.664,1.672,188594.3,95212.8
2026-07-30 18:00:00,1.672,1.685,1.669,1.679,384890.5,191770.2
2026-07-30 19:00:00,1.678,1.693,1.677,1.69,300440.8,151440.3
2026-07-30 20:00:00,1.69,1.699,1.687,1.687,422012.2,205506
2026-07-30 21:00:00,1.688,1.692,1.683,1.688,189611.8,108095.7
2026-07-30 22:00:00,1.687,1.693,1.678,1.685,279574.3,106612.3
2026-07-30 23:00:00,1.684,1.685,1.673,1.677,192132,60485.5
2026-07-31 00:00:00,1.678,1.686,1.667,1.67,357196.5,110753.7
2026-07-31 01:00:00,1.67,1.685,1.669,1.67,407390.7,239235.8
2026-07-31 02:00:00,1.669,1.672,1.635,1.644,736552,336527.7
2026-07-31 03:00:00,1.644,1.653,1.637,1.651,182864.9,79076.5
2026-07-31 04:00:00,1.651,1.654,1.641,1.642,169527.7,65683.1
2026-07-31 05:00:00,1.642,1.657,1.642,1.657,186962.1,135156.9
2026-07-31 06:00:00,1.656,1.667,1.653,1.658,262873.8,162902.1
2026-07-31 07:00:00,1.657,1.659,1.643,1.658,293082.8,161897.7
2026-07-31 08:00:00,1.657,1.659,1.646,1.651,221149.7,118304.3
2026-07-31 09:00:00,1.65,1.653,1.639,1.641,194651,91634.5
2026-07-31 10:00:00,1.64,1.651,1.635,1.645,195577.7,95281.6
2026-07-31 11:00:00,1.646,1.65,1.642,1.643,131552.8,68185
2026-07-31 12:00:00,1.643,1.665,1.637,1.663,672162.6,216369.1
2026-07-31 13:00:00,1.664,1.674,1.658,1.669,1091595.1,281687.5
2026-07-31 14:00:00,1.668,1.693,1.651,1.663,2502658.6,764739.1
2026-07-31 15:00:00,1.662,1.681,1.647,1.665,918872.5,426496.6
2026-07-31 16:00:00,1.666,1.695,1.661,1.693,718145.7,442955.7
2026-07-31 17:00:00,1.693,1.71,1.685,1.703,655448.5,327726.5
2026-07-31 18:00:00,1.704,1.71,1.69,1.702,425476.9,212825.7
2026-07-31 19:00:00,1.701,1.706,1.685,1.69,291736.9,148138.5
2026-07-31 20:00:00,1.69,1.691,1.669,1.674,389172.1,221132.5
2026-07-31 21:00:00,1.674,1.68,1.66,1.665,464913.1,182225
2026-07-31 22:00:00,1.665,1.669,1.657,1.658,160724.4,64022.1
2026-07-31 23:00:00,1.657,1.669,1.657,1.665,132813,74355.3
2026-08-01 00:00:00,1.665,1.669,1.659,1.661,241564.1,88374
2026-08-01 01:00:00,1.662,1.684,1.662,1.684,187814.3,100336.7
2026-08-01 02:00:00,1.684,1.685,1.672,1.673,261698.3,108820.3
2026-08-01 03:00:00,1.673,1.675,1.665,1.674,278540.8,99029.7
2026-08-01 04:00:00,1.674,1.68,1.669,1.676,219816.2,120513.5
2026-08-01 05:00:00,1.676,1.68,1.666,1.671,102395.5,36597
2026-08-01 06:00:00,1.671,1.673,1.663,1.666,164797.4,96927.8
2026-08-01 07:00:00,1.666,1.67,1.661,1.663,165995,102801.1
2026-08-01 08:00:00,1.663,1.668,1.652,1.656,379331.6,188197.2
2026-08-01 09:00:00,1.656,1.659,1.645,1.65,346900.3,157817.1
2026-08-01 10:00:00,1.649,1.657,1.644,1.657,139744.4,63340.6
2026-08-01 11:00:00,1.656,1.663,1.654,1.663,120094.1,59754.9
2026-08-01 12:00:00,1.663,1.672,1.66,1.672,153005,76878.6
2026-08-01 13:00:00,1.672,1.676,1.665,1.671,174511.2,101892.4
2026-08-01 14:00:00,1.671,1.682,1.666,1.671,298652.9,124896.9
2026-08-01 15:00:00,1.671,1.675,1.654,1.669,907347.3,457538.7
2026-08-01 16:00:00,1.67,1.687,1.669,1.681,591146.6,318846.7
2026-08-01 17:00:00,1.681,1.684,1.654,1.66,390322.8,195862.3
2026-08-01 18:00:00,1.66,1.67,1.647,1.66,358378.3,167040.8
2026-08-01 19:00:00,1.66,1.667,1.655,1.659,219727.4,96753.3
2026-08-01 20:00:00,1.658,1.666,1.654,1.659,123697.9,64583.6
2026-08-01 21:00:00,1.659,1.675,1.658,1.675,224706,115581.7
2026-08-01 22:00:00,1.675,1.678,1.671,1.671,86338.3,37424.6
2026-08-01 23:00:00,1.671,1.68,1.669,1.674,116577.2,62974.1
2026-08-02 00:00:00,1.675,1.695,1.672,1.693,323465.3,217541.3
2026-08-02 01:00:00,1.693,1.707,1.687,1.705,914866.1,436070.2
2026-08-02 02:00:00,1.704,1.71,1.699,1.703,763804.5,460028.1
2026-08-02 03:00:00,1.703,1.71,1.699,1.708,224098.5,139214.1
2026-08-02 04:00:00,1.709,1.722,1.709,1.713,318283.6,187173.3
2026-08-02 05:00:00,1.713,1.733,1.705,1.718,571836.8,266093.1
2026-08-02 06:00:00,1.718,1.728,1.716,1.727,252861.8,151926.1
2026-08-02 07:00:00,1.726,1.729,1.715,1.718,224256.1,103289.3
2026-08-02 08:00:00,1.718,1.721,1.713,1.714,148479.4,73200.5
2026-08-02 09:00:00,1.713,1.724,1.708,1.721,178581.9,91044.9
2026-08-02 10:00:00,1.721,1.722,1.709,1.711,111508.8,40943
2026-08-02 11:00:00,1.71,1.711,1.692,1.699,311523.3,114245.9
2026-08-02 12:00:00,1.699,1.704,1.697,1.699,138999.6,74913.2
2026-08-02 13:00:00,1.7,1.705,1.698,1.698,103647.6,33685
2026-08-02 14:00:00,1.697,1.702,1.693,1.696,110104.8,74202.7
2026-08-02 15:00:00,1.697,1.702,1.695,1.695,46638.7,25225.9
2026-08-02 16:00:00,1.695,1.703,1.691,1.699,103737.3,59341.9
2026-08-02 17:00:00,1.698,1.703,1.692,1.701,619745.5,370110.3
2026-08-02 18:00:00,1.701,1.725,1.701,1.71,2206239.8,980294.5
2026-08-02 19:00:00,1.71,1.712,1.696,1.707,1002899.4,583203.5
2026-08-02 20:00:00,1.708,1.709,1.704,1.705,90072.5,30903.2
2026-08-02 21:00:00,1.705,1.716,1.705,1.713,106987.8,62545.3
2026-08-02 22:00:00,1.713,1.723,1.713,1.719,246379.5,109324.2
2026-08-02 23:00:00,1.719,1.725,1.716,1.718,286601.3,104740.2
2026-08-03 00:00:00,1.717,1.72,1.711,1.715,167375.1,74330.7
2026-08-03 01:00:00,1.715,1.715,1.701,1.703,246585.6,94026.6
2026-08-03 02:00:00,1.702,1.707,1.698,1.702,110910.8,55479.3
2026-08-03 03:00:00,1.701,1.706,1.693,1.703,195002.2,77895.6
2026-08-03 04:00:00,1.702,1.72,1.701,1.709,183402.8,74858.8
2026-08-03 05:00:00,1.708,1.716,1.708,1.716,133818.8,73851
2026-08-03 06:00:00,1.716,1.717,1.707,1.711,200504.5,100226.4
2026-08-03 07:00:00,1.711,1.713,1.703,1.709,174525.3,73356.3
2026-08-03 08:00:00,1.71,1.725,1.706,1.722,474227.1,376791.1
2026-08-03 09:00:00,1.722,1.727,1.715,1.726,326930.9,213016.1
2026-08-03 10:00:00,1.726,1.73,1.721,1.724,280927.5,168423.7
2026-08-03 11:00:00,1.724,1.724,1.709,1.71,133038.8,63672.5
2026-08-03 12:00:00,1.71,1.713,1.703,1.704,157977.3,50957.5
2026-08-03 13:00:00,1.703,1.734,1.701,1.734,315482.1,177543.3
2026-08-03 14:00:00,1.733,1.753,1.73,1.745,898108.5,497361.9
2026-08-03 15:00:00,1.745,1.752,1.74,1.748,375098.3,174717.5
2026-08-03 16:00:00,1.748,1.752,1.738,1.751,453477.5,232435.3
2026-08-03 17:00:00,1.751,1.754,1.734,1.744,449968.4,136011.8
2026-08-03 18:00:00,1.744,1.751,1.744,1.747,147057,64415.3
2026-08-03 19:00:00,1.746,1.749,1.74,1.742,109401.6,54951
2026-08-03 20:00:00,1.742,1.75,1.739,1.746,105444.8,63487.5
2026-08-03 21:00:00,1.746,1.751,1.742,1.749,118330.8,43383
2026-08-03 22:00:00,1.749,1.749,1.728,1.733,150732.6,66252.6
2026-08-03 23:00:00,1.733,1.737,1.728,1.736,90232.6,50542.5
2026-08-04 00:00:00,1.735,1.746,1.731,1.733,270674.7,168940
2026-08-04 01:00:00,1.733,1.76,1.732,1.758,222041,118145.4
2026-08-04 02:00:00,1.759,1.769,1.755,1.759,208913.1,101249.3
2026-08-04 03:00:00,1.759,1.768,1.751,1.763,215782.5,116403.6
2026-08-04 04:00:00,1.762,1.77,1.758,1.758,314145.1,139440.3
2026-08-04 05:00:00,1.757,1.767,1.753,1.766,166368.1,86919.9
2026-08-04 06:00:00,1.766,1.766,1.748,1.75,189669.5,51443.1
2026-08-04 07:00:00,1.75,1.752,1.742,1.751,188606.8,98985.3
2026-08-04 08:00:00,1.751,1.754,1.745,1.746,76363.9,35613.9
2026-08-04 09:00:00,1.747,1.748,1.734,1.736,126369.2,54072.4
2026-08-04 10:00:00,1.736,1.75,1.733,1.746,150883.5,93372.3
2026-08-04 11:00:00,1.745,1.747,1.739,1.745,87750.2,48343.5
2026-08-04 12:00:00,1.744,1.744,1.728,1.732,536900,341356.2
2026-08-04 13:00:00,1.732,1.743,1.731,1.733,492486.3,232104.3
2026-08-04 14:00:00,1.733,1.74,1.723,1.735,273136.3,156424.9
2026-08-04 15:00:00,1.736,1.738,1.718,1.734,200953.2,86731.9
2026-08-04 16:00:00,1.734,1.736,1.722,1.724,133690.8,63106.1
2026-08-04 17:00:00,1.724,1.733,1.724,1.728,154635.7,91354.3
2026-08-04 18:00:00,1.727,1.748,1.727,1.743,156918.5,90732.4
2026-08-04 19:00:00,1.743,1.749,1.739,1.742,163354.7,72436.8
2026-08-04 20:00:00,1.742,1.746,1.734,1.742,136849.8,51096
2026-08-04 21:00:00,1.743,1.743,1.729,1.733,85967.2,38187
2026-08-04 22:00:00,1.733,1.74,1.729,1.736,91929.8,36809.6
2026-08-04 23:00:00,1.737,1.74,1.73,1.731,98690.6,36771.8
2026-08-05 00:00:00,1.731,1.731,1.722,1.723,186271.6,111043.5
2026-08-05 01:00:00,1.722,1.731,1.719,1.729,143952.1,69986.4
2026-08-05 02:00:00,1.729,1.735,1.726,1.729,417701.4,214852.5
2026-08-05 03:00:00,1.73,1.732,1.691,1.702,640759.1,243783.1
2026-08-05 04:00:00,1.701,1.703,1.694,1.701,232447.7,147647.2
2026-08-05 05:00:00,1.7,1.725,1.699,1.725,204613.1,127660.5
2026-08-05 06:00:00,1.725,1.73,1.72,1.727,201636.4,101577.1
2026-08-05 07:00:00,1.727,1.728,1.721,1.727,104003,42327.4
2026-08-05 08:00:00,1.727,1.728,1.713,1.715,268575.7,123453
2026-08-05 09:00:00,1.715,1.716,1.711,1.714,105923.4,39356.4
2026-08-05 10:00:00,1.713,1.715,1.702,1.703,167397.9,90414.7
2026-08-05 11:00:00,1.703,1.704,1.695,1.699,255712,132833.5
2026-08-05 12:00:00,1.699,1.71,1.696,1.7,330126.4,156733.9
2026-08-05 13:00:00,1.7,1.702,1.68,1.696,663468.8,236113.8
2026-08-05 14:00:00,1.696,1.7,1.69,1.696,269232.1,130026.7
2026-08-05 15:00:00,1.696,1.699,1.686,1.694,208697.2,115563.4
2026-08-05 16:00:00,1.694,1.71,1.691,1.709,162341.2,80457.5
2026-08-05 17:00:00,1.709,1.722,1.709,1.72,302397.8,173595.5
2026-08-05 18:00:00,1.719,1.72,1.704,1.71,209070.7,88023
2026-08-05 19:00:00,1.711,1.714,1.704,1.705,76474.1,38986.7
2026-08-05 20:00:00,1.705,1.712,1.701,1.705,177887,72512.9
2026-08-05 21:00:00,1.704,1.705,1.692,1.694,265170.6,107614.3
2026-08-05 22:00:00,1.694,1.7,1.693,1.695,87575.1,50729.2
2026-08-05 23:00:00,1.695,1.7,1.692,1.699,82435.6,30629.3
2026-08-06 00:00:00,1.699,1.715,1.697,1.711,272968.3,200509
2026-08-06 01:00:00,1.71,1.717,1.701,1.714,375955.6,280607.4
2026-08-06 02:00:00,1.713,1.717,1.695,1.705,185128.5,75883.2
2026-08-06 03:00:00,1.704,1.72,1.7,1.717,340574.6,233004.1
2026-08-06 04:00:00,1.718,1.734,1.715,1.73,635561.2,424720
2026-08-06 05:00:00,1.729,1.731,1.721,1.726,201005,95912.2
2026-08-06 06:00:00,1.726,1.729,1.716,1.721,136278.5,60336.3
2026-08-06 07:00:00,1.721,1.722,1.713,1.714,84497.2,17960.3
2026-08-06 08:00:00,1.714,1.714,1.705,1.711,163400.9,63470.5
2026-08-06 09:00:00,1.71,1.711,1.674,1.687,699976.2,286660.1
2026-08-06 10:00:00,1.688,1.697,1.681,1.685,213161.8,98307
2026-08-06 11:00:00,1.685,1.694,1.676,1.691,178451.7,87642.1
2026-08-06 12:00:00,1.691,1.701,1.683,1.696,304858.3,127560.4
2026-08-06 13:00:00,1.695,1.704,1.689,1.7,310206.3,168844.8
2026-08-06 14:00:00,1.699,1.7,1.671,1.684,680454.6,296151.9
2026-08-06 15:00:00,1.685,1.692,1.674,1.675,279982.9,149747.2
2026-08-06 16:00:00,1.674,1.678,1.662,1.67,383053.1,194822.2
2026-08-06 17:00:00,1.67,1.678,1.655,1.666,1068124.7,612405
2026-08-06 18:00:00,1.666,1.676,1.652,1.658,655507.8,349638.1
2026-08-06 19:00:00,1.659,1.667,1.657,1.658,246022.8,116013.8
2026-08-06 20:00:00,1.658,1.662,1.653,1.654,145989.2,70530
2026-08-06 21:00:00,1.654,1.664,1.654,1.663,115604,40578.8
2026-08-06 22:00:00,1.663,1.668,1.659,1.662,108709,43311.4
2026-08-06 23:00:00,1.662,1.667,1.653,1.657,172653.2,65891.6
2026-08-07 00:00:00,1.658,1.664,1.654,1.663,82804.7,37768.7
2026-08-07 01:00:00,1.663,1.669,1.656,1.663,200356.5,105269.2
2026-08-07 02:00:00,1.662,1.67,1.65,1.652,329949.7,132841.5
2026-08-07 03:00:00,1.652,1.656,1.643,1.643,362153,153285.7
2026-08-07 04:00:00,1.643,1.643,1.629,1.641,594199.8,227271.9
2026-08-07 05:00:00,1.642,1.645,1.62,1.63,607062.1,168443.6
2026-08-07 06:00:00,1.631,1.644,1.63,1.638,452450.9,180333.5
2026-08-07 07:00:00,1.638,1.649,1.636,1.644,479604.7,243949.7
2026-08-07 08:00:00,1.645,1.657,1.643,1.649,354630.7,135347.3
2026-08-07 09:00:00,1.649,1.66,1.642,1.651,773194.5,336711.4
2026-08-07 10:00:00,1.652,1.668,1.648,1.658,636737.7,309298.5
2026-08-07 11:00:00,1.657,1.663,1.647,1.648,419653.8,188414.1
2026-08-07 12:00:00,1.648,1.658,1.637,1.643,919558.5,498708
2026-08-07 13:00:00,1.644,1.646,1.637,1.639,332092.5,130525.4
2026-08-07 14:00:00,1.639,1.644,1.627,1.628,500003.7,169734.8
2026-08-07 15:00:00,1.628,1.629,1.612,1.613,690686.4,321650.9
2026-08-07 16:00:00,1.613,1.619,1.601,1.604,627294.6,276451.6
2026-08-07 17:00:00,1.603,1.604,1.594,1.603,541109.1,249449.4
2026-08-07 18:00:00,1.602,1.604,1.589,1.589,575652.3,282695.6
2026-08-07 19:00:00,1.589,1.6,1.588,1.591,268322.5,130813
2026-08-07 20:00:00,1.59,1.599,1.578,1.593,711673.9,284202.8
2026-08-07 21:00:00,1.593,1.597,1.59,1.592,362258.8,179430.3
2026-08-07 22:00:00,1.591,1.595,1.587,1.593,129452.1,64579.6
2026-08-07 23:00:00,1.594,1.596,1.586,1.592,242267.1,84427.9
2026-08-08 00:00:00,1.592,1.592,1.584,1.592,230463.2,71770.1
2026-08-08 01:00:00,1.592,1.602,1.592,1.6,286654.8,115110
2026-08-08 02:00:00,1.601,1.601,1.59,1.591,207576.4,61618.1
2026-08-08 03:00:00,1.591,1.61,1.59,1.609,310298.3,153221.7
2026-08-08 04:00:00,1.609,1.612,1.602,1.606,348143.4,143083.8
2026-08-08 05:00:00,1.606,1.607,1.592,1.593,282914,96170.3
2026-08-08 06:00:00,1.594,1.597,1.591,1.593,228425.4,74909.7
2026-08-08 07:00:00,1.593,1.593,1.584,1.589,283599.4,97538.1
2026-08-08 08:00:00,1.59,1.6,1.589,1.599,270956.1,96961.8
2026-08-08 09:00:00,1.599,1.608,1.598,1.604,465617.8,193523.2
2026-08-08 10:00:00,1.604,1.615,1.604,1.614,321564,159150.2
2026-08-08 11:00:00,1.615,1.618,1.61,1.614,291906.4,104028.3
2026-08-08 12:00:00,1.614,1.615,1.605,1.614,271350.5,91911.6
2026-08-08 13:00:00,1.613,1.617,1.604,1.605,261588.2,75630.3
2026-08-08 14:00:00,1.604,1.623,1.602,1.621,287003.3,115782.3
2026-08-08 15:00:00,1.621,1.634,1.621,1.627,638724.4,335605.1
2026-08-08 16:00:00,1.627,1.631,1.619,1.629,484146.2,213205
2026-08-08 17:00:00,1.629,1.631,1.619,1.629,556619.4,244044.1
2026-08-08 18:00:00,1.629,1.637,1.626,1.633,484479.4,212163
2026-08-08 19:00:00,1.632,1.633,1.619,1.628,315039.7,127755.6
2026-08-08 20:00:00,1.628,1.635,1.627,1.631,311542.8,105820.4
2026-08-08 21:00:00,1.631,1.633,1.621,1.622,352746.5,110455.1
2026-08-08 22:00:00,1.621,1.623,1.615,1.618,365837.8,142083.6
2026-08-08 23:00:00,1.618,1.618,1.607,1.612,223456,99094.1
2026-08-09 00:00:00,1.611,1.624,1.607,1.623,423886.8,200137.6
2026-08-09 01:00:00,1.623,1.628,1.608,1.616,160397.9,62001.6
2026-08-09 02:00:00,1.616,1.628,1.612,1.615,179782.7,103727.4
2026-08-09 03:00:00,1.614,1.62,1.608,1.617,90742.8,53891.7
2026-08-09 04:00:00,1.617,1.632,1.616,1.623,196774,106615
2026-08-09 05:00:00,1.622,1.624,1.606,1.613,120226.8,68043.7
2026-08-09 06:00:00,1.613,1.63,1.613,1.624,164938.7,87179.3
2026-08-09 07:00:00,1.625,1.629,1.616,1.625,203064.8,110447.6
2026-08-09 08:00:00,1.625,1.629,1.615,1.617,117923.7,53178.4
2026-08-09 09:00:00,1.617,1.623,1.613,1.622,81061.4,50645.9
2026-08-09 10:00:00,1.622,1.624,1.61,1.611,138297.6,55264.9
2026-08-09 11:00:00,1.61,1.616,1.608,1.611,161441.2,73968.8
2026-08-09 12:00:00,1.612,1.619,1.611,1.618,307969.8,155750.7
2026-08-09 13:00:00,1.617,1.629,1.616,1.625,189208.1,108582.9
2026-08-09 14:00:00,1.626,1.63,1.619,1.623,176853.8,45610.5
2026-08-09 15:00:00,1.624,1.636,1.623,1.636,146244.7,90544.3
2026-08-09 16:00:00,1.636,1.638,1.623,1.629,198442.4,89112.7
2026-08-09 17:00:00,1.63,1.647,1.63,1.638,432921.2,224061.6
2026-08-09 18:00:00,1.638,1.648,1.637,1.638,139511.4,76287.1
2026-08-09 19:00:00,1.638,1.64,1.631,1.635,120410.9,27300.7
2026-08-09 20:00:00,1.634,1.634,1.628,1.631,57400.8,23319.6
2026-08-09 21:00:00,1.631,1.648,1.627,1.638,333511.4,167680.3
2026-08-09 22:00:00,1.639,1.645,1.614,1.619,371971,144062.8
2026-08-09 23:00:00,1.618,1.619,1.594,1.6,568170.8,243427.2
2026-08-10 00:00:00,1.599,1.619,1.595,1.616,370683,168164.6
2026-08-10 01:00:00,1.615,1.625,1.605,1.616,412167.7,191901.4
2026-08-10 02:00:00,1.617,1.624,1.602,1.624,429833.9,233543.6
2026-08-10 03:00:00,1.623,1.628,1.609,1.612,253474.5,96293.8
2026-08-10 04:00:00,1.612,1.629,1.61,1.625,414191.4,163247.6
2026-08-10 05:00:00,1.626,1.658,1.626,1.648,680981.6,325092.9
2026-08-10 06:00:00,1.649,1.66,1.647,1.656,397640.8,180937.5
2026-08-10 07:00:00,1.656,1.663,1.652,1.652,482924.7,183899
2026-08-10 08:00:00,1.653,1.667,1.649,1.658,542583.6,280859.8
2026-08-10 09:00:00,1.658,1.66,1.648,1.65,400333.1,149819
2026-08-10 10:00:00,1.649,1.657,1.643,1.654,285263.1,137705.1
2026-08-10 11:00:00,1.655,1.661,1.652,1.657,258506.6,120736.5
2026-08-10 12:00:00,1.657,1.665,1.649,1.649,411743.4,181546.2
2026-08-10 13:00:00,1.648,1.663,1.648,1.653,523254.7,238894.1
2026-08-10 14:00:00,1.653,1.658,1.645,1.647,387757.1,148689.3
2026-08-10 15:00:00,1.647,1.649,1.617,1.618,703914.4,218202.6
2026-08-10 16:00:00,1.617,1.626,1.602,1.604,703248,257294.8
2026-08-10 17:00:00,1.604,1.621,1.597,1.608,489747.1,229230.7
2026-08-10 18:00:00,1.609,1.61,1.595,1.601,481190.9,222685.6
2026-08-10 19:00:00,1.602,1.617,1.601,1.605,359825.1,184444.4
2026-08-10 20:00:00,1.605,1.612,1.603,1.607,256586,121546.6
2026-08-10 21:00:00,1.607,1.609,1.598,1.6,261928.9,113601.9
2026-08-10 22:00:00,1.599,1.608,1.59,1.594,451645.1,222371.1
2026-08-10 23:00:00,1.594,1.606,1.592,1.6,385158.1,188523.1
2026-08-11 00:00:00,1.601,1.612,1.597,1.612,466798.8,239597.3
2026-08-11 01:00:00,1.611,1.614,1.602,1.61,415506,168239.1
2026-08-11 02:00:00,1.609,1.613,1.602,1.608,246866.5,83822.3
2026-08-11 03:00:00,1.608,1.61,1.596,1.601,342810.6,135609.2
2026-08-11 04:00:00,1.601,1.605,1.595,1.598,294837.5,115909.5
2026-08-11 05:00:00,1.598,1.61,1.595,1.607,325562,187713.7
2026-08-11 06:00:00,1.606,1.617,1.598,1.604,480504.3,197126.1
2026-08-11 07:00:00,1.604,1.604,1.597,1.601,311236,108717.9
2026-08-11 08:00:00,1.601,1.607,1.598,1.605,258707.2,90184
2026-08-11 09:00:00,1.605,1.613,1.599,1.604,386243.1,164340.7
2026-08-11 10:00:00,1.604,1.606,1.59,1.594,553942.1,138941.1
2026-08-11 11:00:00,1.593,1.6,1.592,1.593,283324.6,120717.6
2026-08-11 12:00:00,1.594,1.597,1.581,1.582,481674.6,207246.6
2026-08-11 13:00:00,1.582,1.598,1.582,1.585,580738.3,357199.8
2026-08-11 14:00:00,1.584,1.59,1.538,1.543,1637681.8,673883.9
2026-08-11 15:00:00,1.543,1.556,1.538,1.553,749834.8,364989.5
2026-08-11 16:00:00,1.552,1.559,1.547,1.548,551576,250620.3
2026-08-11 17:00:00,1.549,1.563,1.546,1.559,467899.3,184396.1
2026-08-11 18:00:00,1.559,1.569,1.555,1.565,485965.5,220097.6
2026-08-11 19:00:00,1.564,1.575,1.558,1.575,335044.4,149457.8
2026-08-11 20:00:00,1.575,1.584,1.574,1.584,232503.4,138217.2
2026-08-11 21:00:00,1.584,1.595,1.583,1.593,177630.6,103505.5
2026-08-11 22:00:00,1.594,1.605,1.592,1.601,352131,209269.7
2026-08-11 23:00:00,1.601,1.623,1.599,1.621,510154.6,256237.5
2026-08-12 00:00:00,1.621,1.631,1.614,1.624,560947.6,268097.7
2026-08-12 01:00:00,1.624,1.656,1.624,1.64,935741.2,504410.5
2026-08-12 02:00:00,1.641,1.665,1.64,1.657,736723.5,444786.4
2026-08-12 03:00:00,1.658,1.667,1.649,1.662,458332.1,188868.9
2026-08-12 04:00:00,1.663,1.67,1.646,1.659,674925.7,342395.5
2026-08-12 05:00:00,1.66,1.683,1.655,1.679,879349,455743.4
2026-08-12 06:00:00,1.678,1.68,1.642,1.643,890734.1,336395.8
2026-08-12 07:00:00,1.643,1.652,1.637,1.649,455163.9,252407.2
2026-08-12 08:00:00,1.648,1.652,1.639,1.641,290659.5,135724.8
2026-08-12 09:00:00,1.642,1.667,1.634,1.657,508412.2,244651.6
2026-08-12 10:00:00,1.656,1.659,1.65,1.653,213004.5,87906.8
2026-08-12 11:00:00,1.652,1.655,1.641,1.649,238865.6,102783.2
2026-08-12 12:00:00,1.649,1.661,1.643,1.657,840479,380865.5
2026-08-12 13:00:00,1.656,1.658,1.641,1.641,413766.4,200288.4
2026-08-12 14:00:00,1.641,1.642,1.612,1.618,1117474.4,472383.3
2026-08-12 15:00:00,1.618,1.642,1.618,1.63,296510,184987.5
2026-08-12 16:00:00,1.63,1.64,1.629,1.64,242787.8,144483.7
2026-08-12 17:00:00,1.64,1.656,1.639,1.651,329954.2,176975.8
2026-08-12 18:00:00,1.652,1.657,1.644,1.647,448078.7,206164.3
2026-08-12 19:00:00,1.647,1.648,1.633,1.635,255267.7,129150.7
2026-08-12 20:00:00,1.635,1.647,1.629,1.633,293056.2,131251.8
2026-08-12 21:00:00,1.633,1.635,1.614,1.619,232265.2,123044.7
2026-08-12 22:00:00,1.619,1.628,1.615,1.628,214906.3,144882.9
2026-08-12 23:00:00,1.628,1.646,1.625,1.644,236201.5,158093.3
2026-08-13 00:00:00,1.644,1.654,1.642,1.644,312097.9,176953.9
2026-08-13 01:00:00,1.643,1.649,1.639,1.646,151767.9,104527.1
2026-08-13 02:00:00,1.646,1.646,1.634,1.645,160854.4,116038.1
2026-08-13 03:00:00,1.645,1.66,1.644,1.656,287558.5,188699.7
2026-08-13 04:00:00,1.656,1.669,1.655,1.668,458138.8,261006.4
2026-08-13 05:00:00,1.667,1.674,1.663,1.668,318023,199236
2026-08-13 06:00:00,1.667,1.676,1.663,1.676,324617.9,174634.6
2026-08-13 07:00:00,1.675,1.68,1.666,1.678,210705.9,142205.9
2026-08-13 08:00:00,1.679,1.682,1.664,1.668,294340.4,134494.4
2026-08-13 09:00:00,1.668,1.67,1.654,1.665,367417.7,158912.7
2026-08-13 10:00:00,1.666,1.667,1.655,1.664,241951.1,132248.1
2026-08-13 11:00:00,1.664,1.667,1.648,1.65,248825.3,109831.2
2026-08-13 12:00:00,1.65,1.66,1.65,1.659,236140.3,132017.4
2026-08-13 13:00:00,1.659,1.661,1.65,1.66,191372.3,115350.9
2026-08-13 14:00:00,1.66,1.673,1.653,1.655,377616.9,197042.9
2026-08-13 15:00:00,1.655,1.659,1.64,1.641,271006.9,112188
2026-08-13 16:00:00,1.641,1.644,1.626,1.638,522246.1,256710.1
2026-08-13 17:00:00,1.637,1.639,1.63,1.635,155052.1,70838.3
2026-08-13 18:00:00,1.635,1.642,1.631,1.636,142884.9,74288.9
2026-08-13 19:00:00,1.637,1.642,1.623,1.626,245905.2,105540.5
2026-08-13 20:00:00,1.626,1.632,1.626,1.63,75848.6,40077.3
2026-08-13 21:00:00,1.629,1.63,1.622,1.626,262750.6,88917.7
2026-08-13 22:00:00,1.626,1.639,1.626,1.639,420211.1,201376.6
2026-08-13 23:00:00,1.638,1.643,1.636,1.639,232469.6,90686.8
2026-08-14 00:00:00,1.64,1.643,1.618,1.622,617845.7,192467.8
2026-08-14 01:00:00,1.621,1.631,1.615,1.621,628496.6,213979.4
2026-08-14 02:00:00,1.62,1.623,1.612,1.613,243043.3,129271.1
2026-08-14 03:00:00,1.614,1.617,1.606,1.609,161739.4,77887.3
2026-08-14 04:00:00,1.608,1.614,1.603,1.608,181642.6,91532.7
2026-08-14 05:00:00,1.608,1.622,1.608,1.621,199453.4,116432
2026-08-14 06:00:00,1.622,1.622,1.61,1.613,188087.6,94164.7
2026-08-14 07:00:00,1.612,1.613,1.601,1.603,356789.4,174766.1
2026-08-14 08:00:00,1.604,1.609,1.598,1.609,288355.3,172934.9
2026-08-14 09:00:00,1.608,1.612,1.6,1.603,174279,73891.9
2026-08-14 10:00:00,1.604,1.609,1.602,1.603,103897.5,56597.6
2026-08-14 11:00:00,1.603,1.609,1.601,1.601,83210.3,45834.8
2026-08-14 12:00:00,1.601,1.604,1.589,1.594,343530.4,146678.1
2026-08-14 13:00:00,1.594,1.599,1.587,1.59,565675.2,218446.2
2026-08-14 14:00:00,1.591,1.591,1.582,1.585,413109.2,110845.1
2026-08-14 15:00:00,1.584,1.596,1.581,1.592,465936.5,200708.4
2026-08-14 16:00:00,1.592,1.605,1.591,1.601,454580.5,195536.4
2026-08-14 17:00:00,1.602,1.609,1.594,1.596,431970.1,192878.4
2026-08-14 18:00:00,1.596,1.603,1.593,1.596,529188.4,240434.4
2026-08-14 19:00:00,1.596,1.61,1.59,1.609,412930.4,169521.6
2026-08-14 20:00:00,1.61,1.633,1.609,1.626,565359.7,257926.1
2026-08-14 21:00:00,1.625,1.629,1.609,1.615,517251.6,275279.2
2026-08-14 22:00:00,1.614,1.626,1.613,1.623,278785.4,145598.9
2026-08-14 23:00:00,1.623,1.642,1.622,1.64,214411.1,135711.3
2026-08-15 00:00:00,1.641,1.651,1.641,1.647,535351.6,257955.6
2026-08-15 01:00:00,1.648,1.653,1.638,1.639,309607.5,157723.2
2026-08-15 02:00:00,1.64,1.665,1.639,1.663,317313.2,198775.7
2026-08-15 03:00:00,1.663,1.669,1.645,1.646,339037.3,125911.2
2026-08-15 04:00:00,1.647,1.65,1.638,1.641,221372.5,97302.2
2026-08-15 05:00:00,1.64,1.644,1.63,1.641,201380.6,103101
2026-08-15 06:00:00,1.641,1.645,1.636,1.642,158832.4,62671.7
2026-08-15 07:00:00,1.642,1.642,1.633,1.636,144430.6,62031.8
2026-08-15 08:00:00,1.636,1.64,1.628,1.631,168473,75039.7
2026-08-15 09:00:00,1.631,1.637,1.631,1.636,103463.8,61601.7
2026-08-15 10:00:00,1.637,1.646,1.635,1.644,134123.8,67126.3
2026-08-15 11:00:00,1.644,1.645,1.636,1.637,110585.3,40058.2
2026-08-15 12:00:00,1.637,1.639,1.635,1.638,85623.4,40896.7
2026-08-15 13:00:00,1.638,1.639,1.632,1.634,133974.2,73638.1
2026-08-15 14:00:00,1.634,1.64,1.631,1.638,124062.7,77174.6
2026-08-15 15:00:00,1.637,1.641,1.634,1.636,195352.9,110554.4
2026-08-15 16:00:00,1.636,1.648,1.635,1.642,534552,238587.4
2026-08-15 17:00:00,1.643,1.645,1.635,1.637,132729.5,32777.7
2026-08-15 18:00:00,1.636,1.638,1.633,1.635,51865.8,28991.4
2026-08-15 19:00:00,1.635,1.641,1.634,1.641,53931.9,22206.9
2026-08-15 20:00:00,1.641,1.642,1.635,1.636,67232.5,25526.2
2026-08-15 21:00:00,1.636,1.641,1.635,1.637,51460,32098.4
2026-08-15 22:00:00,1.636,1.639,1.636,1.636,31910.5,11914.1
2026-08-15 23:00:00,1.635,1.635,1.617,1.62,257173.6,82944.8
2026-08-16 00:00:00,1.619,1.619,1.611,1.614,215801.6,106108.2
2026-08-16 01:00:00,1.614,1.617,1.606,1.61,190383.4,80574.1
2026-08-16 02:00:00,1.609,1.617,1.606,1.612,150586.4,101600.6
2026-08-16 03:00:00,1.611,1.616,1.609,1.611,64083.4,37672.3
2026-08-16 04:00:00,1.612,1.616,1.612,1.612,52218.8,33326.7
2026-08-16 05:00:00,1.613,1.616,1.611,1.611,76005.9,44957.5
2026-08-16 06:00:00,1.611,1.614,1.607,1.609,67714.6,36849.6
2026-08-16 07:00:00,1.608,1.615,1.605,1.613,67609.1,45197.2
2026-08-16 08:00:00,1.614,1.62,1.611,1.618,112582,59032.2
2026-08-16 09:00:00,1.618,1.62,1.615,1.617,88524.5,50712.4
2026-08-16 10:00:00,1.617,1.62,1.615,1.617,51168.3,12781.1
2026-08-16 11:00:00,1.618,1.627,1.618,1.627,90995.4,51143.3
2026-08-16 12:00:00,1.627,1.629,1.623,1.626,142768,51186.5
2026-08-16 13:00:00,1.627,1.628,1.623,1.623,83509.9,28165.1
2026-08-16 14:00:00,1.624,1.625,1.619,1.62,127140.6,43326.1
2026-08-16 15:00:00,1.62,1.627,1.619,1.625,75785.9,38027.5
2026-08-16 16:00:00,1.625,1.628,1.623,1.625,63302.9,24225.5
2026-08-16 17:00:00,1.625,1.625,1.61,1.611,81897.2,26191.3
2026-08-16 18:00:00,1.61,1.611,1.607,1.607,69797.5,39471.4
2026-08-16 19:00:00,1.607,1.613,1.607,1.611,26111.5,13952.6
2026-08-16 20:00:00,1.611,1.613,1.6,1.604,179756.8,46608
2026-08-16 21:00:00,1.604,1.608,1.585,1.588,419335.6,148831.8
2026-08-16 22:00:00,1.588,1.597,1.585,1.596,129339.7,81982.6
2026-08-16 23:00:00,1.595,1.603,1.595,1.603,68984.4,43014.9
2026-08-17 00:00:00,1.603,1.608,1.6,1.606,82829.2,46506.9
2026-08-17 01:00:00,1.606,1.618,1.606,1.611,238767.2,149104.8
2026-08-17 02:00:00,1.611,1.62,1.607,1.616,263505,98239.1
2026-08-17 03:00:00,1.617,1.625,1.614,1.623,249625.2,198349
2026-08-17 04:00:00,1.623,1.639,1.621,1.637,292621.9,150441.6
2026-08-17 05:00:00,1.637,1.647,1.635,1.636,466480.5,215662.9
2026-08-17 06:00:00,1.635,1.656,1.632,1.646,562244.7,275005.3
2026-08-17 07:00:00,1.646,1.65,1.636,1.645,454288.4,217028.9
2026-08-17 08:00:00,1.645,1.648,1.627,1.633,510858.7,233229.7
2026-08-17 09:00:00,1.633,1.638,1.629,1.637,191516.1,116808.3
2026-08-17 10:00:00,1.637,1.646,1.631,1.646,434034.9,238333.9
2026-08-17 11:00:00,1.646,1.65,1.637,1.642,241313,122051.1
2026-08-17 12:00:00,1.642,1.649,1.639,1.646,376660.4,247963.2
2026-08-17 13:00:00,1.646,1.653,1.642,1.652,242363.7,142553.6
2026-08-17 14:00:00,1.652,1.652,1.627,1.643,494393,296683.4
2026-08-17 15:00:00,1.643,1.645,1.631,1.642,549489.2,283103.8
2026-08-17 16:00:00,1.642,1.642,1.629,1.633,360672.4,171575.8
2026-08-17 17:00:00,1.633,1.633,1.61,1.612,618813.5,319110
2026-08-17 18:00:00,1.611,1.62,1.606,1.616,537901.5,290822.6
2026-08-17 19:00:00,1.616,1.623,1.612,1.618,364212.5,207040.5
2026-08-17 20:00:00,1.618,1.628,1.612,1.626,304958.8,159699.8
2026-08-17 21:00:00,1.626,1.642,1.626,1.641,273755.9,192445.7
2026-08-17 22:00:00,1.641,1.643,1.63,1.633,228148.5,145532.5
2026-08-17 23:00:00,1.633,1.643,1.631,1.638,216690.9,129860.3
2026-08-18 00:00:00,1.638,1.647,1.638,1.645,262099.6,172407.1
2026-08-18 01:00:00,1.645,1.65,1.63,1.635,274462.3,128360.2
2026-08-18 02:00:00,1.634,1.641,1.621,1.627,420704.9,158352.6
2026-08-18 03:00:00,1.627,1.637,1.622,1.637,269099.7,195024.2
2026-08-18 04:00:00,1.636,1.648,1.634,1.648,258164.9,141117.7
2026-08-18 05:00:00,1.648,1.65,1.642,1.649,290770.8,141959.2
2026-08-18 06:00:00,1.648,1.666,1.64,1.651,678840.3,404337.5
2026-08-18 07:00:00,1.652,1.656,1.629,1.632,238811,86821.9
2026-08-18 08:00:00,1.632,1.632,1.61,1.617,334294.2,122328.9
2026-08-18 09:00:00,1.616,1.622,1.613,1.613,136515.9,66772.7
2026-08-18 10:00:00,1.613,1.62,1.613,1.616,119084.7,82066.6
2026-08-18 11:00:00,1.617,1.627,1.616,1.625,173768.7,119775.5
2026-08-18 12:00:00,1.625,1.63,1.617,1.617,174008,74069.8
2026-08-18 13:00:00,1.617,1.619,1.609,1.617,561802.2,262038.2
2026-08-18 14:00:00,1.617,1.642,1.613,1.628,387752.8,215756.2
2026-08-18 15:00:00,1.629,1.647,1.626,1.634,393791.6,211546.6
2026-08-18 16:00:00,1.635,1.635,1.612,1.616,562269.5,293463.4
2026-08-18 17:00:00,1.615,1.616,1.598,1.612,787894.4,360431.1
2026-08-18 18:00:00,1.611,1.618,1.611,1.616,188014.1,108000.9
2026-08-18 19:00:00,1.615,1.617,1.609,1.609,75316.1,42518.2
2026-08-18 20:00:00,1.609,1.609,1.596,1.6,372672.3,152252.9
2026-08-18 21:00:00,1.599,1.603,1.586,1.594,425952.3,195531.3
2026-08-18 22:00:00,1.593,1.598,1.588,1.59,174784.7,80243
2026-08-18 23:00:00,1.59,1.593,1.587,1.588,259776.2,128534.8
2026-08-19 00:00:00,1.589,1.59,1.564,1.577,820415.2,400336.7
2026-08-19 01:00:00,1.577,1.591,1.573,1.587,295618.1,192505.8
2026-08-19 02:00:00,1.587,1.595,1.581,1.59,424286.5,206792.4
2026-08-19 03:00:00,1.59,1.601,1.589,1.601,201951.6,147407.3
2026-08-19 04:00:00,1.601,1.601,1.587,1.589,153199.3,75303.4
2026-08-19 05:00:00,1.589,1.605,1.588,1.603,654965,481566.2
2026-08-19 06:00:00,1.603,1.627,1.6,1.621,818545.5,554904.1
2026-08-19 07:00:00,1.62,1.623,1.611,1.613,699375.1,423805.5
2026-08-19 08:00:00,1.612,1.622,1.607,1.611,367247.5,201884.8
2026-08-19 09:00:00,1.61,1.612,1.602,1.603,204004.4,88618
2026-08-19 10:00:00,1.603,1.614,1.599,1.613,226337.1,128679
2026-08-19 11:00:00,1.613,1.629,1.613,1.619,649369.2,287728
2026-08-19 12:00:00,1.619,1.63,1.615,1.623,431030.8,225758.1
2026-08-19 13:00:00,1.623,1.624,1.615,1.621,391624.9,167579.6
2026-08-19 14:00:00,1.621,1.642,1.621,1.64,644677.9,375741.6
2026-08-19 15:00:00,1.64,1.697,1.636,1.66,4052651.5,2215857.9
2026-08-19 16:00:00,1.66,1.696,1.658,1.681,1021793.1,536699.3
2026-08-19 17:00:00,1.68,1.706,1.674,1.702,797354.8,435333.7
2026-08-19 18:00:00,1.703,1.711,1.693,1.694,617753,239111.2
2026-08-19 19:00:00,1.694,1.703,1.689,1.7,617730.4,263146.5
2026-08-19 20:00:00,1.701,1.73,1.699,1.722,1304707.6,783640.7
2026-08-19 21:00:00,1.722,1.772,1.72,1.769,1696668.2,981764.3
2026-08-19 22:00:00,1.769,1.771,1.72,1.733,1094020.2,531289.4
2026-08-19 23:00:00,1.734,1.743,1.725,1.731,470632,265837.2
2026-08-20 00:00:00,1.731,1.752,1.731,1.743,758000.2,431948.8
2026-08-20 01:00:00,1.743,1.755,1.73,1.751,589948.7,345377.9
2026-08-20 02:00:00,1.75,1.755,1.737,1.741,467850,246326.6
2026-08-20 03:00:00,1.74,1.74,1.712,1.718,401084.9,123261.6
2026-08-20 04:00:00,1.718,1.725,1.716,1.723,174502.3,81703.5
2026-08-20 05:00:00,1.724,1.734,1.722,1.728,193286.9,115400.1
2026-08-20 06:00:00,1.728,1.741,1.721,1.74,274837.9,132845.1
2026-08-20 07:00:00,1.74,1.749,1.73,1.74,373193.4,257613.1
2026-08-20 08:00:00,1.74,1.765,1.738,1.76,875238.2,511951.8
2026-08-20 09:00:00,1.761,1.769,1.75,1.755,690889.5,378767.9
2026-08-20 10:00:00,1.755,1.769,1.753,1.756,496997.7,285277.7
2026-08-20 11:00:00,1.756,1.762,1.738,1.749,681871.5,340650.9
2026-08-20 12:00:00,1.749,1.75,1.715,1.731,920718.4,384098.9
2026-08-20 13:00:00,1.731,1.735,1.717,1.724,945994.2,426986.1
2026-08-20 14:00:00,1.725,1.732,1.704,1.712,716153.3,351539.8
2026-08-20 15:00:00,1.713,1.742,1.709,1.736,847254.1,505941.6
2026-08-20 16:00:00,1.737,1.763,1.725,1.758,1107456.8,592247.8
2026-08-20 17:00:00,1.758,1.772,1.753,1.763,893538.1,473493.2
2026-08-20 18:00:00,1.763,1.767,1.721,1.723,779019.2,294931.1
2026-08-20 19:00:00,1.722,1.728,1.715,1.726,393377.8,173296.5
2026-08-20 20:00:00,1.726,1.74,1.722,1.739,281745.4,158106.1
2026-08-20 21:00:00,1.74,1.75,1.736,1.749,346221.8,219696
2026-08-20 22:00:00,1.749,1.78,1.749,1.775,633476.5,352451
2026-08-20 23:00:00,1.774,1.782,1.764,1.766,535023.8,287552.6
2026-08-21 00:00:00,1.767,1.783,1.764,1.771,563565.7,297070.4
2026-08-21 01:00:00,1.771,1.786,1.76,1.777,837401.3,414034.4
2026-08-21 02:00:00,1.776,1.8,1.771,1.789,1033160.1,459112.2
2026-08-21 03:00:00,1.789,1.818,1.771,1.804,1094258.8,539299
2026-08-21 04:00:00,1.804,1.824,1.796,1.821,1130288.3,612925.2
2026-08-21 05:00:00,1.82,1.851,1.803,1.839,2042735,1085954.7
2026-08-21 06:00:00,1.839,1.851,1.818,1.847,1225579,637041.8
2026-08-21 07:00:00,1.847,1.928,1.843,1.918,2013497.6,1050080
2026-08-21 08:00:00,1.918,1.949,1.906,1.944,1860046.6,1053482.8
2026-08-21 09:00:00,1.944,1.947,1.865,1.9,3544387.6,1850970.6
2026-08-21 10:00:00,1.9,1.909,1.88,1.904,1217082.1,648580.4
2026-08-21 11:00:00,1.905,1.908,1.875,1.886,1519402,673555.8
2026-08-21 12:00:00,1.886,1.899,1.875,1.895,795583.8,397212.8
2026-08-21 13:00:00,1.895,1.899,1.853,1.894,1216672.4,602989
2026-08-21 14:00:00,1.894,1.911,1.882,1.905,1936062.9,997075.4
2026-08-21 15:00:00,1.905,1.931,1.896,1.899,1066708.1,507755
2026-08-21 16:00:00,1.899,1.911,1.879,1.905,744536.5,333981.6
2026-08-21 17:00:00,1.904,1.91,1.879,1.897,569527.9,267964.9
2026-08-21 18:00:00,1.898,1.908,1.873,1.886,400075.8,195444.5
2026-08-21 19:00:00,1.885,1.889,1.863,1.872,486851.2,222659.3
2026-08-21 20:00:00,1.872,1.925,1.866,1.92,796965.6,437589.3
2026-08-21 21:00:00,1.921,1.971,1.919,1.963,2236944,1227108.8
2026-08-21 22:00:00,1.963,1.989,1.956,1.986,2055018.2,1174749.5
2026-08-21 23:00:00,1.987,1.988,1.953,1.968,1539835.3,624239
2026-08-22 00:00:00,1.967,1.993,1.95,1.992,1652547.6,834817.1
2026-08-22 01:00:00,1.992,2.027,1.971,2.012,2193952.6,1216974.5
2026-08-22 02:00:00,2.012,2.09,1.999,2.08,3811422,2028477
2026-08-22 03:00:00,2.08,2.122,2.074,2.098,2326233.9,1254039.3
2026-08-22 04:00:00,2.098,2.147,2.089,2.129,2207784.8,1096122.4
2026-08-22 05:00:00,2.128,2.136,1.728,1.966,13703997.7,6743318.3
2026-08-22 06:00:00,1.966,1.993,1.909,1.988,2337241.8,1146806
2026-08-22 07:00:00,1.987,2.007,1.972,1.994,1737423.8,897593.1
2026-08-22 08:00:00,1.995,1.998,1.921,1.954,2682514.5,1351611
2026-08-22 09:00:00,1.955,1.958,1.919,1.925,1713161.7,896422.7
2026-08-22 10:00:00,1.926,1.926,1.862,1.887,2660289.3,1257652.4
2026-08-22 11:00:00,1.888,1.905,1.871,1.897,1043367.7,564140.5
2026-08-22 12:00:00,1.896,1.922,1.87,1.903,1303446.6,665580.8
2026-08-22 13:00:00,1.903,1.913,1.891,1.911,664181.7,355167.3
2026-08-22 14:00:00,1.911,1.912,1.873,1.883,1019494.4,433154
2026-08-22 15:00:00,1.884,1.897,1.863,1.869,1132005.6,576768.4
2026-08-22 16:00:00,1.868,1.913,1.856,1.897,1877802.3,897319.7
2026-08-22 17:00:00,1.898,1.925,1.891,1.916,1053972.1,529162
2026-08-22 18:00:00,1.916,1.944,1.913,1.938,1006593.4,585437.7
2026-08-22 19:00:00,1.937,1.974,1.933,1.947,1031778.8,595998.3
2026-08-22 20:00:00,1.947,1.966,1.93,1.951,746002.6,348028.5
2026-08-22 21:00:00,1.95,1.952,1.881,1.884,1354114.8,642814.6
2026-08-22 22:00:00,1.884,1.923,1.866,1.905,771229.6,358015.9
2026-08-22 23:00:00,1.906,1.906,1.866,1.877,1121100.4,601044.3
2026-08-23 00:00:00,1.877,1.926,1.874,1.921,734763.9,346335.5
2026-08-23 01:00:00,1.92,1.92,1.883,1.89,625218.2,250563.1
2026-08-23 02:00:00,1.889,1.89,1.862,1.871,663462.7,280046.9
2026-08-23 03:00:00,1.871,1.872,1.822,1.839,1693106.8,672296.1
2026-08-23 04:00:00,1.838,1.846,1.811,1.816,1081508.5,488958.6
2026-08-23 05:00:00,1.816,1.848,1.804,1.813,1470546.3,689708.5
2026-08-23 06:00:00,1.813,1.842,1.811,1.835,521366.1,250635.4
2026-08-23 07:00:00,1.835,1.864,1.834,1.852,611719.3,287848
2026-08-23 08:00:00,1.851,1.883,1.845,1.881,835320.2,471070.9
2026-08-23 09:00:00,1.88,1.904,1.877,1.902,629313.5,315613.8
2026-08-23 10:00:00,1.902,1.958,1.902,1.945,1921180.8,1094571.1
2026-08-23 11:00:00,1.945,1.966,1.938,1.959,1635509.4,908824
2026-08-23 12:00:00,1.959,1.96,1.935,1.942,682041.4,307742.9
2026-08-23 13:00:00,1.942,1.997,1.937,1.981,1465445.1,881138.4
2026-08-23 14:00:00,1.981,1.993,1.9,1.947,2347193.2,1168952.6
2026-08-23 15:00:00,1.947,1.966,1.932,1.951,1009252.7,465466.7
2026-08-23 16:00:00,1.951,1.966,1.941,1.965,666832.8,413783.6
2026-08-23 17:00:00,1.964,1.986,1.948,1.965,824591,399634
2026-08-23 18:00:00,1.966,1.974,1.952,1.965,629643,320544.2
2026-08-23 19:00:00,1.965,1.983,1.954,1.964,656335.6,313869.9
2026-08-23 20:00:00,1.963,2.004,1.947,2.001,1117237.8,544954.9
2026-08-23 21:00:00,2.001,2.04,1.995,2.004,1746738.2,800686.2
2026-08-23 22:00:00,2.004,2.035,1.989,2.024,1421194.7,793694.2
2026-08-23 23:00:00,2.024,2.027,2.002,2.016,1122927.3,496295.6
2026-08-24 00:00:00,2.016,2.075,2.002,2.045,3431528.7,1550832.3
2026-08-24 01:00:00,2.044,2.064,1.948,1.975,3028572.3,1548673.3
2026-08-24 02:00:00,1.974,2.03,1.963,2.026,1266831,711929.2
2026-08-24 03:00:00,2.025,2.027,1.973,1.977,715042.6,378653.2
2026-08-24 04:00:00,1.977,2.049,1.977,2.004,1370713,735174.4
2026-08-24 05:00:00,2.003,2.038,1.98,1.998,1415590.7,753555.4
2026-08-24 06:00:00,1.997,2.006,1.963,1.976,708054.9,313539.7
2026-08-24 07:00:00,1.976,2.019,1.97,2.009,2587900,1027641.2
2026-08-24 08:00:00,2.009,2.013,1.936,1.968,1629385.4,839039.9
2026-08-24 09:00:00,1.968,1.99,1.966,1.981,765782.3,378105.5
2026-08-24 10:00:00,1.98,1.998,1.947,1.95,954658.4,483691.2
2026-08-24 11:00:00,1.95,1.997,1.934,1.991,891685.9,440978.9
2026-08-24 12:00:00,1.991,2.02,1.961,2.017,1563876.1,666635.1
2026-08-24 13:00:00,2.018,2.019,1.94,1.96,1496308.1,691130.9
2026-08-24 14:00:00,1.96,2.011,1.957,1.981,1449496.1,798120.3
2026-08-24 15:00:00,1.982,2.041,1.982,1.992,2103712.9,1042500.7
2026-08-24 16:00:00,1.993,2.028,1.978,1.984,1052071,465079.9
2026-08-24 17:00:00,1.985,1.988,1.935,1.961,1220117.1,470106.7
2026-08-24 18:00:00,1.962,1.978,1.949,1.951,844231.2,420200.1
2026-08-24 19:00:00,1.952,1.958,1.927,1.929,1243089.7,458801.3
2026-08-24 20:00:00,1.93,1.955,1.93,1.95,341083.9,154244.4
2026-08-24 21:00:00,1.95,1.961,1.946,1.955,295204.1,146321.7
2026-08-24 22:00:00,1.955,1.959,1.941,1.942,344063.9,155470.2
2026-08-24 23:00:00,1.942,1.955,1.929,1.955,369961.9,175629.6
2026-08-25 00:00:00,1.955,1.979,1.934,1.971,922534.8,471004.6
2026-08-25 01:00:00,1.971,1.976,1.942,1.955,824053.5,407721.1
2026-08-25 02:00:00,1.955,2.008,1.951,1.986,1215563.4,588763.4
2026-08-25 03:00:00,1.986,2.007,1.967,1.97,723721.5,327997.7
2026-08-25 04:00:00,1.971,1.995,1.968,1.99,793804.3,431739.6
2026-08-25 05:00:00,1.99,2.009,1.988,1.993,735188.3,342015.7
2026-08-25 06:00:00,1.993,1.994,1.931,1.939,1334745.1,428782.9
2026-08-25 07:00:00,1.938,1.959,1.904,1.929,1396123.4,595260.3
2026-08-25 08:00:00,1.93,1.949,1.928,1.934,917163.3,448658.9
2026-08-25 09:00:00,1.934,1.944,1.908,1.916,774477.2,349791.4
2026-08-25 10:00:00,1.917,1.924,1.899,1.919,796726.2,359993.4
2026-08-25 11:00:00,1.918,1.93,1.909,1.919,783240.7,363545.5
2026-08-25 12:00:00,1.919,1.937,1.905,1.931,855017.6,456177.8
2026-08-25 13:00:00,1.931,1.936,1.883,1.909,1718421,712290.9
2026-08-25 14:00:00,1.909,1.935,1.903,1.92,866534.3,463298.7
2026-08-25 15:00:00,1.92,1.922,1.899,1.916,726951.5,338746.6
2026-08-25 16:00:00,1.916,1.917,1.893,1.899,596700.1,269578.2
2026-08-25 17:00:00,1.899,1.903,1.878,1.9,1059691.7,596060.5
2026-08-25 18:00:00,1.9,1.906,1.88,1.884,653541.5,371822.4
2026-08-25 19:00:00,1.884,1.887,1.863,1.865,755456.2,282575.6
2026-08-25 20:00:00,1.866,1.878,1.845,1.852,809526,329490.3
2026-08-25 21:00:00,1.852,1.875,1.831,1.872,787716.2,409848.8
2026-08-25 22:00:00,1.871,1.889,1.871,1.885,567517.5,257869.9
2026-08-25 23:00:00,1.884,1.889,1.857,1.86,281446,103161.4
2026-08-26 00:00:00,1.861,1.885,1.854,1.876,691258.3,448222.4
2026-08-26 01:00:00,1.875,1.898,1.875,1.892,396707.8,216456.2
2026-08-26 02:00:00,1.892,1.905,1.882,1.897,441631.3,213634.7
2026-08-26 03:00:00,1.897,1.901,1.877,1.878,308331.4,156826.5
2026-08-26 04:00:00,1.878,1.885,1.867,1.867,189405.5,100544.8
2026-08-26 05:00:00,1.867,1.875,1.859,1.874,293446.6,129949.5
2026-08-26 06:00:00,1.873,1.881,1.861,1.867,268725.3,144682.4
2026-08-26 07:00:00,1.867,1.876,1.855,1.858,450278.9,248118.1
2026-08-26 08:00:00,1.857,1.869,1.849,1.854,358862.6,204379.9
2026-08-26 09:00:00,1.854,1.859,1.838,1.85,490124.6,289936.2
2026-08-26 10:00:00,1.85,1.875,1.842,1.869,331438.3,193276.3
2026-08-26 11:00:00,1.869,1.871,1.843,1.848,368956.2,185935
2026-08-26 12:00:00,1.849,1.865,1.839,1.849,631885,314352
2026-08-26 13:00:00,1.849,1.854,1.826,1.836,919600.7,477268.2
2026-08-26 14:00:00,1.836,1.85,1.817,1.821,1053893,388318.4
2026-08-26 15:00:00,1.82,1.837,1.807,1.827,682686.2,255821.9
2026-08-26 16:00:00,1.827,1.834,1.813,1.823,387963.9,172666.5
2026-08-26 17:00:00,1.823,1.843,1.822,1.834,268509.3,129505.9
2026-08-26 18:00:00,1.835,1.839,1.818,1.831,703597.3,242312.2
2026-08-26 19:00:00,1.831,1.844,1.827,1.837,363740.9,186830.2
2026-08-26 20:00:00,1.836,1.841,1.817,1.84,462771.9,207726.1
2026-08-26 21:00:00,1.841,1.876,1.839,1.868,646787,371129.8
2026-08-26 22:00:00,1.868,1.888,1.868,1.876,465398.4,236804.5
2026-08-26 23:00:00,1.875,1.908,1.874,1.901,1126446.1,648934.1
2026-08-27 00:00:00,1.9,1.9,1.875,1.877,705058.9,383030.1
2026-08-27 01:00:00,1.876,1.891,1.868,1.88,681145.7,434451.5
2026-08-27 02:00:00,1.88,1.885,1.861,1.863,431340,210894
2026-08-27 03:00:00,1.864,1.875,1.857,1.86,464357.3,253839
2026-08-27 04:00:00,1.861,1.874,1.85,1.854,345934.9,153361.5
2026-08-27 05:00:00,1.855,1.869,1.844,1.862,316687.6,168051
2026-08-27 06:00:00,1.861,1.877,1.849,1.874,271568.8,184299.1
2026-08-27 07:00:00,1.874,1.887,1.866,1.885,323053.8,198036.7
2026-08-27 08:00:00,1.886,1.947,1.88,1.934,1475677.6,813211
2026-08-27 09:00:00,1.934,1.946,1.916,1.925,1074821,648303.5
2026-08-27 10:00:00,1.924,1.937,1.885,1.9,794136.2,352434.9
2026-08-27 11:00:00,1.9,1.913,1.883,1.893,478469.5,239383.2
2026-08-27 12:00:00,1.892,1.903,1.885,1.898,443262.5,192542.5
2026-08-27 13:00:00,1.898,1.921,1.893,1.92,793274.4,435835
2026-08-27 14:00:00,1.919,1.933,1.912,1.92,848731.1,362782.3
2026-08-27 15:00:00,1.92,1.937,1.912,1.917,687793.4,332778.3
2026-08-27 16:00:00,1.917,1.943,1.906,1.923,723638.2,330674.2
2026-08-27 17:00:00,1.923,1.944,1.918,1.922,648884.9,331724.1
2026-08-27 18:00:00,1.922,1.933,1.898,1.932,560912,283476.8
2026-08-27 19:00:00,1.932,1.936,1.913,1.914,314092.5,161401.1
2026-08-27 20:00:00,1.914,1.936,1.906,1.933,440430.5,213522.4
2026-08-27 21:00:00,1.933,1.937,1.917,1.935,227213.3,120352.5
2026-08-27 22:00:00,1.936,1.961,1.933,1.95,806800.1,420915.7
2026-08-27 23:00:00,1.95,1.951,1.925,1.928,446815.8,200167.6
2026-08-28 00:00:00,1.928,1.947,1.913,1.938,723915,426477.1
2026-08-28 01:00:00,1.937,1.969,1.931,1.932,645019.6,332684.2
2026-08-28 02:00:00,1.932,1.934,1.873,1.879,1148586.2,477179.9
2026-08-28 03:00:00,1.878,1.895,1.87,1.886,494789.3,179965
2026-08-28 04:00:00,1.886,1.895,1.872,1.883,315517.5,165909.8
2026-08-28 05:00:00,1.882,1.885,1.865,1.88,340998,174257.9
2026-08-28 06:00:00,1.88,1.891,1.879,1.882,233424,110464.2
2026-08-28 07:00:00,1.882,1.883,1.867,1.871,325459.3,162747.4
2026-08-28 08:00:00,1.872,1.874,1.853,1.86,596527.6,350256.8
2026-08-28 09:00:00,1.86,1.868,1.854,1.856,307488.7,165814
2026-08-28 10:00:00,1.856,1.871,1.847,1.866,337600.6,167343.7
2026-08-28 11:00:00,1.866,1.876,1.865,1.873,300541.1,174426.6
2026-08-28 12:00:00,1.873,1.883,1.86,1.865,298171.8,162267.2
2026-08-28 13:00:00,1.864,1.867,1.851,1.858,498220.9,237470.4
2026-08-28 14:00:00,1.858,1.881,1.833,1.872,1431074.1,702042.4
2026-08-28 15:00:00,1.872,1.88,1.834,1.836,788292.2,315499.1
2026-08-28 16:00:00,1.835,1.841,1.8,1.829,1699515.9,793407.5
2026-08-28 17:00:00,1.829,1.834,1.81,1.817,863326.1,394496.4
2026-08-28 18:00:00,1.817,1.82,1.8,1.811,463386.8,226799.2
2026-08-28 19:00:00,1.812,1.828,1.81,1.816,374021,196409.2
2026-08-28 20:00:00,1.816,1.827,1.813,1.817,401746.8,102914.4
2026-08-28 21:00:00,1.818,1.819,1.8,1.803,337985,170019.1
2026-08-28 22:00:00,1.803,1.822,1.801,1.819,217906.4,125715.5
2026-08-28 23:00:00,1.818,1.825,1.817,1.824,124931.7,73159.2
2026-08-29 00:00:00,1.824,1.831,1.812,1.813,195712.8,112437.8
2026-08-29 01:00:00,1.814,1.817,1.805,1.814,310473.8,167669.5
2026-08-29 02:00:00,1.815,1.817,1.8,1.807,244310.3,92953.7
2026-08-29 03:00:00,1.808,1.814,1.802,1.803,114545.3,47986.1
2026-08-29 04:00:00,1.803,1.816,1.802,1.813,181849.3,75341.2
2026-08-29 05:00:00,1.812,1.818,1.811,1.817,89084.1,51920.6
2026-08-29 06:00:00,1.816,1.816,1.788,1.798,518757.1,231185.1
2026-08-29 07:00:00,1.799,1.801,1.789,1.793,216307.3,56321.2
2026-08-29 08:00:00,1.793,1.793,1.779,1.784,478037.5,246571.1
2026-08-29 09:00:00,1.783,1.797,1.781,1.794,190373.9,100177.9
2026-08-29 10:00:00,1.794,1.804,1.791,1.792,220132.3,117188
2026-08-29 11:00:00,1.792,1.8,1.791,1.796,202420.2,131616.9
2026-08-29 12:00:00,1.797,1.808,1.795,1.8,260377.2,157651.7
2026-08-29 13:00:00,1.8,1.813,1.797,1.81,277278.1,170428.2
2026-08-29 14:00:00,1.81,1.846,1.81,1.84,708661.2,398266.5
2026-08-29 15:00:00,1.841,1.853,1.83,1.84,617392.1,339210.7
2026-08-29 16:00:00,1.84,1.852,1.832,1.844,554015.4,261920.2
2026-08-29 17:00:00,1.845,1.849,1.835,1.849,295754.6,156811.8
2026-08-29 18:00:00,1.85,1.865,1.841,1.85,624453.8,282918.8
2026-08-29 19:00:00,1.851,1.868,1.849,1.857,625256.1,296013.3
2026-08-29 20:00:00,1.858,1.886,1.857,1.862,838789.1,380074.6
2026-08-29 21:00:00,1.861,1.876,1.858,1.871,368486.1,199861.6
2026-08-29 22:00:00,1.871,1.873,1.86,1.868,278455.4,146366.4
2026-08-29 23:00:00,1.869,1.87,1.861,1.868,200418.4,80941
2026-08-30 00:00:00,1.868,1.875,1.855,1.856,236443.6,94304.2
2026-08-30 01:00:00,1.856,1.858,1.847,1.85,223604.5,94973
2026-08-30 02:00:00,1.85,1.865,1.846,1.857,238586,108823.7
2026-08-30 03:00:00,1.858,1.888,1.858,1.874,899457.5,513550.2
2026-08-30 04:00:00,1.874,1.889,1.863,1.877,370568.4,198131.8
2026-08-30 05:00:00,1.877,1.895,1.876,1.883,513814.5,268890.5
2026-08-30 06:00:00,1.883,1.899,1.876,1.899,424684.8,235493.7
2026-08-30 07:00:00,1.899,1.899,1.88,1.884,350349,156325.9
2026-08-30 08:00:00,1.884,1.898,1.878,1.889,577169.2,268151.5
2026-08-30 09:00:00,1.888,1.891,1.867,1.875,373668.8,153097.9
2026-08-30 10:00:00,1.876,1.883,1.867,1.881,223142,123367.5
2026-08-30 11:00:00,1.881,1.887,1.873,1.881,156719.8,82058.9
2026-08-30 12:00:00,1.882,1.897,1.875,1.881,521920.6,241846.7
2026-08-30 13:00:00,1.882,1.886,1.87,1.878,318218.5,152136.2
2026-08-30 14:00:00,1.878,1.884,1.871,1.877,163146.4,90657.8
2026-08-30 15:00:00,1.877,1.886,1.868,1.871,305413.8,164535.1
2026-08-30 16:00:00,1.872,1.895,1.87,1.893,437770.9,229975.2
2026-08-30 17:00:00,1.893,1.904,1.876,1.899,672421.3,387096.7
2026-08-30 18:00:00,1.899,1.929,1.887,1.917,692402.6,323760.3
2026-08-30 19:00:00,1.917,1.92,1.89,1.895,687862.8,283850.8
2026-08-30 20:00:00,1.895,1.906,1.869,1.883,1009724,532167.2
2026-08-30 21:00:00,1.883,1.916,1.858,1.916,1196886.6,686635.4
2026-08-30 22:00:00,1.916,1.922,1.864,1.874,667658.9,312425.8
2026-08-30 23:00:00,1.874,1.876,1.789,1.82,2749309.4,1330538.6
2026-08-31 00:00:00,1.819,1.876,1.812,1.869,1049597.4,519044
2026-08-31 01:00:00,1.869,1.874,1.836,1.837,744788.8,299670.2
2026-08-31 02:00:00,1.837,1.859,1.817,1.819,763540.7,377031.7
2026-08-31 03:00:00,1.819,1.828,1.807,1.824,718696.6,388079.2
2026-08-31 04:00:00,1.825,1.828,1.812,1.827,361260.6,169200.8
2026-08-31 05:00:00,1.826,1.85,1.824,1.842,296139.4,155187.2
2026-08-31 06:00:00,1.841,1.853,1.839,1.843,336235.7,173680.5
2026-08-31 07:00:00,1.842,1.85,1.841,1.844,227988.5,132037.8
2026-08-31 08:00:00,1.844,1.852,1.832,1.846,306064.3,126128.9
2026-08-31 09:00:00,1.846,1.855,1.841,1.844,247970.3,117022.3
2026-08-31 10:00:00,1.845,1.876,1.842,1.871,382726.1,196463
2026-08-31 11:00:00,1.87,1.878,1.853,1.856,273749.7,127068.2
2026-08-31 12:00:00,1.857,1.879,1.837,1.843,663621.5,340769.3
2026-08-31 13:00:00,1.844,1.868,1.834,1.836,517129,289088.8
2026-08-31 14:00:00,1.837,1.891,1.834,1.888,702598.8,390084
2026-08-31 15:00:00,1.888,1.896,1.856,1.857,1213164.9,503960
2026-08-31 16:00:00,1.857,1.864,1.849,1.854,548333.1,281021
2026-08-31 17:00:00,1.854,1.873,1.851,1.866,571422.5,263144.3
2026-08-31 18:00:00,1.866,1.889,1.861,1.871,1141856.6,578805.2
2026-08-31 19:00:00,1.871,1.881,1.863,1.871,349037.1,166174.3
2026-08-31 20:00:00,1.871,1.888,1.87,1.879,305443.6,156129.3
2026-08-31 21:00:00,1.88,1.902,1.87,1.901,365847.5,211269.7
2026-08-31 22:00:00,1.901,1.914,1.88,1.912,636668.9,315687.8
2026-08-31 23:00:00,1.913,1.932,1.895,1.922,1021190,513956.3
2026-09-01 00:00:00,1.921,1.955,1.919,1.952,1127066.3,633893.7
2026-09-01 01:00:00,1.953,1.956,1.926,1.94,776815.2,369952
2026-09-01 02:00:00,1.939,1.964,1.916,1.96,674738.9,279833.7
2026-09-01 03:00:00,1.96,1.987,1.945,1.976,1030444.4,638873.6
2026-09-01 04:00:00,1.977,1.995,1.96,1.962,823203,407382.1
2026-09-01 05:00:00,1.961,1.991,1.96,1.983,869900,496217.2
2026-09-01 06:00:00,1.982,1.983,1.952,1.957,647238.1,318792.3
2026-09-01 07:00:00,1.956,1.97,1.936,1.94,602828.4,314399.6
2026-09-01 08:00:00,1.94,1.941,1.919,1.93,1164677.2,496888.9
2026-09-01 09:00:00,1.931,1.933,1.911,1.92,466824,158964.9
2026-09-01 10:00:00,1.919,1.944,1.914,1.939,557189.6,280197.6
2026-09-01 11:00:00,1.938,1.989,1.93,1.98,1128589,602240
2026-09-01 12:00:00,1.98,2.001,1.961,1.969,1193608.8,678142
2026-09-01 13:00:00,1.968,2.017,1.951,2.015,1491084,894890.5
2026-09-01 14:00:00,2.015,2.047,2.008,2.027,1751773.7,871716.8
2026-09-01 15:00:00,2.027,2.033,2.005,2.019,1122140.5,472261.6
2026-09-01 16:00:00,2.018,2.025,1.944,1.966,1979094.3,843679.4
2026-09-01 17:00:00,1.967,1.969,1.941,1.95,1308659.3,564812.5
2026-09-01 18:00:00,1.951,1.956,1.886,1.919,1964045.9,882380.6
2026-09-01 19:00:00,1.92,1.928,1.897,1.9,668050.7,377941.8
2026-09-01 20:00:00,1.901,1.909,1.888,1.906,794488.1,440756.3
2026-09-01 21:00:00,1.906,1.916,1.882,1.892,669085.3,388937.1
2026-09-01 22:00:00,1.891,1.895,1.88,1.889,451454,198674.2
2026-09-01 23:00:00,1.89,1.899,1.877,1.887,546081.9,273903.7
2026-09-02 00:00:00,1.887,1.897,1.86,1.863,728897.1,351950
2026-09-02 01:00:00,1.863,1.863,1.831,1.841,834300.8,376437.5
2026-09-02 02:00:00,1.84,1.87,1.832,1.869,657941.8,312970.9
2026-09-02 03:00:00,1.868,1.888,1.866,1.873,546793.7,281115.7
2026-09-02 04:00:00,1.874,1.88,1.858,1.875,418660.3,220710
2026-09-02 05:00:00,1.874,1.888,1.868,1.882,380397.2,212161.1
2026-09-02 06:00:00,1.882,1.883,1.851,1.869,491710.7,274131.6
2026-09-02 07:00:00,1.869,1.875,1.858,1.86,280052.4,137074.5
2026-09-02 08:00:00,1.86,1.866,1.839,1.849,639238.7,333578.8
2026-09-02 09:00:00,1.849,1.858,1.833,1.838,713802.6,306376.9
2026-09-02 10:00:00,1.838,1.85,1.827,1.848,1174481.4,602238.7
2026-09-02 11:00:00,1.847,1.863,1.84,1.859,771050.2,395595.6
2026-09-02 12:00:00,1.858,1.865,1.837,1.838,559113.3,258424.4
2026-09-02 13:00:00,1.838,1.875,1.838,1.861,639991.3,353052.2
2026-09-02 14:00:00,1.861,1.87,1.843,1.844,488607.9,260404.1
2026-09-02 15:00:00,1.843,1.858,1.831,1.852,672568.1,329472.6
2026-09-02 16:00:00,1.852,1.866,1.845,1.847,478588.1,278653.5
2026-09-02 17:00:00,1.848,1.858,1.837,1.855,388101.8,200656.9
2026-09-02 18:00:00,1.854,1.864,1.846,1.861,281829.5,143430.5
2026-09-02 19:00:00,1.86,1.864,1.844,1.861,249941.7,100036.1
2026-09-02 20:00:00,1.86,1.879,1.856,1.875,937085,441418.9
2026-09-02 21:00:00,1.875,1.881,1.867,1.875,375986,195399.8
2026-09-02 22:00:00,1.875,1.879,1.856,1.878,379011.3,187114.6
2026-09-02 23:00:00,1.877,1.89,1.873,1.888,340772.2,187205.9
2026-09-03 00:00:00,1.887,1.89,1.86,1.863,382489.7,145228.9
2026-09-03 01:00:00,1.863,1.885,1.851,1.864,450467,212621.4
2026-09-03 02:00:00,1.864,1.908,1.862,1.903,774619.4,519460.4
2026-09-03 03:00:00,1.903,1.916,1.895,1.902,718934.8,323982.6
2026-09-03 04:00:00,1.901,1.906,1.877,1.905,561672.7,184979.5
2026-09-03 05:00:00,1.904,1.906,1.871,1.9,436953.6,206699.2
2026-09-03 06:00:00,1.901,1.907,1.893,1.898,426657.9,177697.7
2026-09-03 07:00:00,1.898,1.909,1.883,1.89,583708.8,285103.8
2026-09-03 08:00:00,1.89,1.906,1.873,1.878,838789.8,267886.5
2026-09-03 09:00:00,1.879,1.9,1.864,1.869,940613.2,297647
2026-09-03 10:00:00,1.868,1.888,1.865,1.888,503420.4,248120.8
2026-09-03 11:00:00,1.888,1.903,1.884,1.9,536772.8,314780.3
2026-09-03 12:00:00,1.9,1.921,1.898,1.915,704417.2,352139.7
2026-09-03 13:00:00,1.916,1.924,1.903,1.91,721766.8,308628.7
2026-09-03 14:00:00,1.91,1.953,1.899,1.947,1656235.4,648820.1
2026-09-03 15:00:00,1.946,1.992,1.939,1.987,1724883.1,934486.5
2026-09-03 16:00:00,1.988,1.99,1.96,1.983,1454448,784861.1
2026-09-03 17:00:00,1.984,2.006,1.98,1.995,836104.8,491101.7
2026-09-03 18:00:00,1.995,2.02,1.991,2,704789.3,386217.8
2026-09-03 19:00:00,2,2.005,1.97,1.981,411418.3,203168.4
2026-09-03 20:00:00,1.981,1.986,1.97,1.976,312334.2,142166.8
2026-09-03 21:00:00,1.976,1.994,1.971,1.977,429502.9,226067.1
2026-09-03 22:00:00,1.977,1.978,1.943,1.958,538445.1,235954.6
2026-09-03 23:00:00,1.958,1.963,1.951,1.955,306134.9,117983.1
2026-09-04 00:00:00,1.955,1.96,1.942,1.943,550093.9,318314.3
2026-09-04 01:00:00,1.944,1.95,1.93,1.942,554942.9,220552
2026-09-04 02:00:00,1.942,1.956,1.933,1.956,384927.9,192121.1
2026-09-04 03:00:00,1.956,1.96,1.941,1.954,386126,244266.9
2026-09-04 04:00:00,1.954,1.964,1.946,1.948,300030.2,148970.3
2026-09-04 05:00:00,1.947,1.947,1.916,1.927,557518.7,274888.4
2026-09-04 06:00:00,1.927,1.964,1.918,1.96,1480047.4,1039075.5
2026-09-04 07:00:00,1.959,1.991,1.953,1.958,1649823.5,849743.5
2026-09-04 08:00:00,1.959,1.98,1.953,1.98,1377921.1,578893.1
2026-09-04 09:00:00,1.981,2.032,1.975,2.021,2564816,1349298.2
2026-09-04 10:00:00,2.021,2.037,1.992,2.002,1417719,664881.3
2026-09-04 11:00:00,2.001,2.031,1.999,2.022,823003.6,479230.1
2026-09-04 12:00:00,2.023,2.028,1.926,1.944,3581921.6,1613309.9
2026-09-04 13:00:00,1.943,1.989,1.937,1.976,1174660.8,559567.9
2026-09-04 14:00:00,1.975,1.98,1.907,1.922,1545605.8,599201.5
2026-09-04 15:00:00,1.922,1.945,1.915,1.944,739806.6,299425.9
2026-09-04 16:00:00,1.943,1.988,1.94,1.974,916476.1,455416.2
2026-09-04 17:00:00,1.973,2.011,1.967,1.977,1343246.5,679408.3
2026-09-04 18:00:00,1.977,2.038,1.977,2.023,1637107.1,894319
2026-09-04 19:00:00,2.023,2.187,2.009,2.165,5035688.3,3349116.8
2026-09-04 20:00:00,2.165,2.172,2.1,2.107,2649627.7,1351859.8
2026-09-04 21:00:00,2.107,2.135,2.086,2.093,1217806.4,542955.9
2026-09-04 22:00:00,2.093,2.144,2.093,2.128,1374619.8,795723.4
2026-09-04 23:00:00,2.128,2.197,2.125,2.172,1618117.2,796699.6
2026-09-05 00:00:00,2.173,2.25,2.169,2.222,2875430.5,1392312.9
2026-09-05 01:00:00,2.222,2.273,2.209,2.211,1512102.9,742708.8
2026-09-05 02:00:00,2.212,2.224,2.173,2.216,1234785.1,596214.4
2026-09-05 03:00:00,2.215,2.251,2.214,2.225,891902.4,440394.6
2026-09-05 04:00:00,2.225,2.238,2.212,2.224,775501.4,386762
2026-09-05 05:00:00,2.223,2.241,2.182,2.234,1389401.6,764201
2026-09-05 06:00:00,2.234,2.288,2.207,2.272,1568010,887577.3
2026-09-05 07:00:00,2.272,2.284,2.223,2.227,1252779.8,546049.7
2026-09-05 08:00:00,2.227,2.233,2.206,2.223,638866.1,288914.6
2026-09-05 09:00:00,2.223,2.236,2.208,2.234,577207.1,312678.3
2026-09-05 10:00:00,2.234,2.266,2.225,2.262,747932,424625
2026-09-05 11:00:00,2.262,2.286,2.236,2.282,903491.8,438246.9
2026-09-05 12:00:00,2.281,2.289,2.218,2.233,1628690.5,802249
2026-09-05 13:00:00,2.232,2.237,2.191,2.2,749373,276823.4
2026-09-05 14:00:00,2.199,2.207,2.187,2.193,746857.3,298446.7
2026-09-05 15:00:00,2.192,2.201,2.158,2.177,944541.3,434659.9
2026-09-05 16:00:00,2.177,2.214,2.174,2.208,677451.5,363957.8
2026-09-05 17:00:00,2.207,2.259,2.202,2.253,1023634.3,618770.9
2026-09-05 18:00:00,2.254,2.273,2.217,2.225,1964987.8,997444
2026-09-05 19:00:00,2.225,2.24,2.186,2.187,718425.2,298098.8
2026-09-05 20:00:00,2.187,2.197,2.165,2.167,762132.8,328950.6
2026-09-05 21:00:00,2.167,2.184,2.162,2.182,607554.2,339557.9
2026-09-05 22:00:00,2.182,2.195,2.178,2.186,541114.6,277893.2
2026-09-05 23:00:00,2.185,2.201,2.179,2.192,440760.1,211270.6
2026-09-06 00:00:00,2.192,2.201,2.172,2.176,750206.5,361979.7
2026-09-06 01:00:00,2.176,2.216,2.174,2.208,980085,506225.2
2026-09-06 02:00:00,2.208,2.236,2.198,2.226,793846.6,401995.4
2026-09-06 03:00:00,2.226,2.228,2.201,2.217,507460.6,250693.8
2026-09-06 04:00:00,2.216,2.225,2.175,2.217,1127330.3,419305.1
2026-09-06 05:00:00,2.218,2.238,2.191,2.214,1014538.6,551486.4
2026-09-06 06:00:00,2.214,2.271,2.204,2.262,1221999.6,722910.4
2026-09-06 07:00:00,2.263,2.312,2.231,2.303,2271818.7,1342203.2
2026-09-06 08:00:00,2.303,2.375,2.253,2.323,5272371,2738890.2
2026-09-06 09:00:00,2.323,2.4,2.323,2.382,2851914.4,1627727.3
2026-09-06 10:00:00,2.382,2.413,2.356,2.401,1979720.6,1239159.9
2026-09-06 11:00:00,2.401,2.415,2.378,2.393,1595392.7,937265.6
2026-09-06 12:00:00,2.393,2.403,2.333,2.349,1681402.5,851492.4
2026-09-06 13:00:00,2.35,2.473,2.342,2.47,2325968.1,1340130.8
2026-09-06 14:00:00,2.469,2.487,2.37,2.403,3142344.1,1508104.6
2026-09-06 15:00:00,2.403,2.406,2.341,2.388,1745502.2,826970.3
2026-09-06 16:00:00,2.388,2.449,2.384,2.428,1270024.4,655632.7
2026-09-06 17:00:00,2.427,2.427,2.367,2.378,1062741.5,579370
2026-09-06 18:00:00,2.377,2.43,2.372,2.429,1142429.1,674953.2
2026-09-06 19:00:00,2.428,2.444,2.4,2.422,1069279.9,486517.4
2026-09-06 20:00:00,2.421,2.439,2.398,2.413,845750.8,408193.1
2026-09-06 21:00:00,2.412,2.496,2.411,2.492,1145637.4,572661.2
2026-09-06 22:00:00,2.491,2.498,2.42,2.444,1100305.9,493627.5
2026-09-06 23:00:00,2.444,2.484,2.432,2.439,827879.2,440765
2026-09-07 00:00:00,2.439,2.444,2.403,2.411,905638.4,417057
2026-09-07 01:00:00,2.411,2.414,2.348,2.359,950171.9,395364
2026-09-07 02:00:00,2.359,2.417,2.359,2.402,939550.9,512816.7
2026-09-07 03:00:00,2.401,2.433,2.393,2.403,860904.7,396925.4
2026-09-07 04:00:00,2.402,2.435,2.384,2.433,1080147.4,515665.1
2026-09-07 05:00:00,2.433,2.447,2.389,2.392,857028.9,432291.3
2026-09-07 06:00:00,2.392,2.433,2.388,2.425,1132368,518137.9
2026-09-07 07:00:00,2.426,2.429,2.293,2.302,2945575,1261780.7
2026-09-07 08:00:00,2.302,2.353,2.3,2.344,1024879,550972.6
2026-09-07 09:00:00,2.344,2.359,2.332,2.335,556653.9,283996
2026-09-07 10:00:00,2.336,2.363,2.335,2.35,772513.4,380942.5
2026-09-07 11:00:00,2.349,2.363,2.342,2.348,491248.8,243564.1
2026-09-07 12:00:00,2.348,2.384,2.332,2.377,672597.7,354259.3
2026-09-07 13:00:00,2.377,2.405,2.362,2.389,941796.7,474629.3
2026-09-07 14:00:00,2.388,2.391,2.341,2.359,804643.3,336055.4
2026-09-07 15:00:00,2.359,2.367,2.285,2.295,1355356.7,564745.4
2026-09-07 16:00:00,2.295,2.322,2.291,2.311,821686.2,395231
2026-09-07 17:00:00,2.311,2.339,2.305,2.319,518854.5,248149
2026-09-07 18:00:00,2.318,2.325,2.295,2.305,306372.7,154142.7
2026-09-07 19:00:00,2.305,2.325,2.3,2.322,315544.7,177391.9
2026-09-07 20:00:00,2.321,2.332,2.303,2.322,406152.7,230636.7
2026-09-07 21:00:00,2.322,2.333,2.303,2.311,271018.9,133816.1
2026-09-07 22:00:00,2.311,2.318,2.267,2.292,901557.5,277183.4
2026-09-07 23:00:00,2.292,2.317,2.289,2.308,443824,192392.8
2026-09-08 00:00:00,2.308,2.383,2.3,2.367,755683.8,437248.3
2026-09-08 01:00:00,2.367,2.37,2.317,2.338,737272,363099.9
2026-09-08 02:00:00,2.339,2.352,2.298,2.301,513874.5,211577.4
2026-09-08 03:00:00,2.3,2.315,2.276,2.28,663179.3,307277.2
2026-09-08 04:00:00,2.28,2.284,2.248,2.274,896221.4,368703.2
2026-09-08 05:00:00,2.274,2.295,2.27,2.285,528727.7,252356.9
2026-09-08 06:00:00,2.285,2.291,2.261,2.277,621869.4,295975.5
2026-09-08 07:00:00,2.277,2.334,2.272,2.321,930222.9,478940.6
2026-09-08 08:00:00,2.32,2.329,2.291,2.307,523127.1,258914.9
2026-09-08 09:00:00,2.308,2.356,2.305,2.337,1464440.5,831031.8
2026-09-08 10:00:00,2.336,2.339,2.308,2.309,700662.8,331699.1
2026-09-08 11:00:00,2.31,2.314,2.271,2.282,574347.9,252147
2026-09-08 12:00:00,2.282,2.299,2.272,2.293,437454.6,237854.9
2026-09-08 13:00:00,2.293,2.308,2.243,2.295,1132947.4,513261.6
2026-09-08 14:00:00,2.295,2.359,2.289,2.357,1226239.6,698513
2026-09-08 15:00:00,2.357,2.44,2.345,2.414,3673473.2,2137158.6
2026-09-08 16:00:00,2.414,2.419,2.366,2.386,1077583.8,572892.7
2026-09-08 17:00:00,2.386,2.389,2.341,2.347,701856.1,367956.3
2026-09-08 18:00:00,2.346,2.377,2.327,2.344,767717.5,365800.4
2026-09-08 19:00:00,2.345,2.365,2.316,2.329,627129.8,324559
2026-09-08 20:00:00,2.329,2.351,2.3,2.311,1017146.7,507513.3
2026-09-08 21:00:00,2.311,2.334,2.283,2.297,966420.3,531324.2
2026-09-08 22:00:00,2.297,2.323,2.292,2.31,760037.4,378634
2026-09-08 23:00:00,2.31,2.322,2.298,2.32,551595.6,318144.2
2026-09-09 00:00:00,2.321,2.366,2.321,2.34,1154607.8,497488.2
2026-09-09 01:00:00,2.34,2.349,2.313,2.328,451436.2,237185.2
2026-09-09 02:00:00,2.329,2.33,2.281,2.284,577253.5,242798.8
2026-09-09 03:00:00,2.284,2.288,2.256,2.273,989664.7,486033.1
2026-09-09 04:00:00,2.273,2.345,2.273,2.337,946270.5,472766
2026-09-09 05:00:00,2.337,2.369,2.314,2.328,981621.7,437866.3
2026-09-09 06:00:00,2.328,2.402,2.321,2.394,1254565.6,644997.2
2026-09-09 07:00:00,2.394,2.49,2.384,2.436,3093995.5,1837847.9
2026-09-09 08:00:00,2.437,2.499,2.422,2.471,2151372.9,1195755.1
2026-09-09 09:00:00,2.47,2.479,2.424,2.429,2134401.1,1140943.9
2026-09-09 10:00:00,2.429,2.555,2.428,2.545,5239928.8,3475485
2026-09-09 11:00:00,2.544,2.61,2.497,2.595,3177305.3,1793001.2
2026-09-09 12:00:00,2.595,2.635,2.591,2.603,2742567.1,1302444.1
2026-09-09 13:00:00,2.603,2.621,2.566,2.574,2570993.9,1080561
2026-09-09 14:00:00,2.574,2.644,2.563,2.617,2742829,1485399
2026-09-09 15:00:00,2.617,2.64,2.53,2.591,3211927.5,1536586.5
2026-09-09 16:00:00,2.592,2.623,2.574,2.599,1597306.4,784765.3
2026-09-09 17:00:00,2.599,2.651,2.598,2.622,1432640.1,839369.2
2026-09-09 18:00:00,2.623,2.631,2.583,2.587,993577.5,442192.1
2026-09-09 19:00:00,2.587,2.592,2.499,2.512,2158480.5,896408.7
2026-09-09 20:00:00,2.512,2.521,2.484,2.506,1591645,823715.4
2026-09-09 21:00:00,2.505,2.511,2.44,2.453,1505083.9,694698.9
2026-09-09 22:00:00,2.453,2.483,2.423,2.446,1346028.1,652701.5
2026-09-09 23:00:00,2.445,2.493,2.444,2.485,579256.3,334050.5
2026-09-10 00:00:00,2.486,2.502,2.45,2.456,922369.3,452279.2
2026-09-10 01:00:00,2.456,2.494,2.427,2.452,1110099.3,532540.2
2026-09-10 02:00:00,2.452,2.491,2.43,2.491,648591.7,348181.4
2026-09-10 03:00:00,2.491,2.547,2.489,2.538,1678050.7,909054.6
2026-09-10 04:00:00,2.537,2.552,2.509,2.52,933154,543495.8
2026-09-10 05:00:00,2.52,2.528,2.481,2.496,663742.3,315004.8
2026-09-10 06:00:00,2.497,2.503,2.447,2.491,1007447.1,479631.5
2026-09-10 07:00:00,2.491,2.491,2.39,2.421,1768360,665796.2
2026-09-10 08:00:00,2.421,2.44,2.411,2.413,1208514.8,440445.9
2026-09-10 09:00:00,2.414,2.426,2.378,2.403,1248357.5,572608.4
2026-09-10 10:00:00,2.402,2.425,2.399,2.404,748970.2,281798.4
2026-09-10 11:00:00,2.404,2.44,2.387,2.408,1388585.2,664399.8
2026-09-10 12:00:00,2.407,2.428,2.36,2.402,2391940.6,1038036.6
2026-09-10 13:00:00,2.401,2.442,2.379,2.432,1619327.3,812591.2
2026-09-10 14:00:00,2.433,2.452,2.391,2.419,1522407.3,717931.4
2026-09-10 15:00:00,2.42,2.478,2.402,2.472,1689773.7,915926.2
2026-09-10 16:00:00,2.472,2.48,2.417,2.48,1057996.4,492097.2
2026-09-10 17:00:00,2.479,2.519,2.469,2.495,1046540.8,570714
2026-09-10 18:00:00,2.495,2.529,2.476,2.516,729358.7,380118.5
2026-09-10 19:00:00,2.515,2.515,2.461,2.47,634780.1,309176.9
2026-09-10 20:00:00,2.471,2.537,2.471,2.512,630172,345471.9
2026-09-10 21:00:00,2.512,2.541,2.501,2.512,579423.8,251795.1
2026-09-10 22:00:00,2.513,2.542,2.476,2.481,1247083.4,504820
2026-09-10 23:00:00,2.482,2.496,2.428,2.442,1492229.4,570632.3
2026-09-11 00:00:00,2.442,2.507,2.442,2.501,1203488.5,567644
2026-09-11 01:00:00,2.501,2.526,2.413,2.418,1556005.3,654752.8
2026-09-11 02:00:00,2.418,2.428,2.383,2.387,696829.3,246482.9
2026-09-11 03:00:00,2.388,2.423,2.379,2.422,801042.1,446169.8
2026-09-11 04:00:00,2.421,2.466,2.41,2.457,800359.9,434608.3
2026-09-11 05:00:00,2.457,2.47,2.442,2.469,769213.5,429200.1
2026-09-11 06:00:00,2.468,2.501,2.465,2.478,808457.2,441824.1
2026-09-11 07:00:00,2.478,2.522,2.445,2.454,974216.7,510458.8
2026-09-11 08:00:00,2.454,2.502,2.426,2.472,845517.2,475950.1
2026-09-11 09:00:00,2.471,2.474,2.43,2.468,551580.7,301441.7
2026-09-11 10:00:00,2.467,2.503,2.454,2.457,666364.2,318785.7
2026-09-11 11:00:00,2.456,2.465,2.416,2.458,774832.7,326027.6
2026-09-11 12:00:00,2.458,2.588,2.397,2.578,6509225,3861209.8
2026-09-11 13:00:00,2.578,2.677,2.556,2.659,4876414,2451429.7
2026-09-11 14:00:00,2.66,2.728,2.622,2.67,4019581.3,2067296.1
2026-09-11 15:00:00,2.671,2.724,2.589,2.62,3317939.6,1639947.9
2026-09-11 16:00:00,2.62,2.675,2.559,2.6,2381377.7,1096165.3
2026-09-11 17:00:00,2.6,2.619,2.572,2.573,1069770.7,493776.8
2026-09-11 18:00:00,2.572,2.594,2.522,2.525,1357574.4,618777.9
2026-09-11 19:00:00,2.526,2.534,2.479,2.508,1271017.5,564896.4
2026-09-11 20:00:00,2.508,2.536,2.464,2.474,1156813.1,600209.5
2026-09-11 21:00:00,2.475,2.504,2.434,2.441,1233369.5,543603
2026-09-11 22:00:00,2.441,2.451,2.4,2.41,1339355.2,633949.6
2026-09-11 23:00:00,2.41,2.42,2.351,2.364,1395627.8,551413
2026-09-12 00:00:00,2.365,2.369,2.327,2.33,1088130.7,412326.5
2026-09-12 01:00:00,2.331,2.365,2.327,2.359,618910.4,347968.2
2026-09-12 02:00:00,2.359,2.382,2.351,2.362,844497.9,496993.2
2026-09-12 03:00:00,2.361,2.395,2.354,2.385,790817.6,502892.5
2026-09-12 04:00:00,2.385,2.386,2.34,2.341,818083.8,317793.2
2026-09-12 05:00:00,2.341,2.36,2.335,2.35,495502.3,253893
2026-09-12 06:00:00,2.35,2.366,2.34,2.349,667609.4,293040.4
2026-09-12 07:00:00,2.35,2.373,2.346,2.363,773164.5,370306.9
2026-09-12 08:00:00,2.364,2.379,2.357,2.373,921274,403839.6
2026-09-12 09:00:00,2.373,2.382,2.362,2.374,567691.9,302685.2
2026-09-12 10:00:00,2.373,2.393,2.367,2.379,458572.4,271015.6
2026-09-12 11:00:00,2.379,2.383,2.356,2.37,308639.4,147262.4
2026-09-12 12:00:00,2.369,2.377,2.36,2.365,348556.6,182469.1
2026-09-12 13:00:00,2.364,2.371,2.351,2.36,352175.5,181229.6
2026-09-12 14:00:00,2.359,2.394,2.356,2.391,1010157,671845.5
2026-09-12 15:00:00,2.391,2.423,2.384,2.406,1318041.7,720995.8
2026-09-12 16:00:00,2.405,2.418,2.379,2.407,738505.4,320308.7
2026-09-12 17:00:00,2.407,2.408,2.373,2.377,621524.5,359024
2026-09-12 18:00:00,2.377,2.377,2.356,2.36,334066.2,156613.2
2026-09-12 19:00:00,2.36,2.363,2.329,2.342,505520.1,234596.3
2026-09-12 20:00:00,2.342,2.363,2.337,2.349,548903.4,263699.4
2026-09-12 21:00:00,2.348,2.366,2.342,2.347,498133.2,326873.2
2026-09-12 22:00:00,2.346,2.358,2.344,2.356,206210.1,106068
2026-09-12 23:00:00,2.357,2.377,2.356,2.371,347183.4,155467.3
2026-09-13 00:00:00,2.371,2.381,2.363,2.373,191386.8,121575.9
2026-09-13 01:00:00,2.373,2.379,2.358,2.366,467899.7,261303
2026-09-13 02:00:00,2.365,2.375,2.355,2.365,272438.8,135609.4
2026-09-13 03:00:00,2.365,2.371,2.34,2.347,385283.7,155898.4
2026-09-13 04:00:00,2.348,2.358,2.341,2.344,227549.5,114226
2026-09-13 05:00:00,2.344,2.353,2.338,2.348,236129.6,149534.3
2026-09-13 06:00:00,2.348,2.349,2.305,2.313,487720.9,181817.9
2026-09-13 07:00:00,2.312,2.317,2.291,2.302,959591.3,492496.9
2026-09-13 08:00:00,2.301,2.314,2.292,2.303,1350264.5,734092.1
2026-09-13 09:00:00,2.303,2.331,2.293,2.313,1735470.8,732309.8
2026-09-13 10:00:00,2.312,2.317,2.265,2.282,1295219.4,330729.1
2026-09-13 11:00:00,2.283,2.309,2.279,2.3,568820.9,386248.4
2026-09-13 12:00:00,2.3,2.32,2.288,2.312,648548.9,334514.9
2026-09-13 13:00:00,2.311,2.311,2.285,2.305,255704.5,103432.3
2026-09-13 14:00:00,2.306,2.322,2.306,2.313,378164.9,245304.9
2026-09-13 15:00:00,2.313,2.314,2.283,2.287,436971.2,207846
2026-09-13 16:00:00,2.287,2.315,2.286,2.313,301727.1,157362.2
2026-09-13 17:00:00,2.314,2.381,2.314,2.349,1056532.7,584097.5
2026-09-13 18:00:00,2.35,2.367,2.337,2.359,414302.9,202869.8
2026-09-13 19:00:00,2.36,2.361,2.321,2.328,200594.2,81058.8
2026-09-13 20:00:00,2.329,2.356,2.326,2.351,186366.6,78410.6
2026-09-13 21:00:00,2.352,2.355,2.337,2.337,197915,101710.9
2026-09-13 22:00:00,2.337,2.337,2.282,2.309,1008726.5,439446.4
2026-09-13 23:00:00,2.308,2.317,2.298,2.298,497061.9,221047.4
2026-09-14 00:00:00,2.298,2.32,2.28,2.301,636021.2,273687.7
2026-09-14 01:00:00,2.302,2.337,2.289,2.334,367685.7,192435.9
2026-09-14 02:00:00,2.334,2.37,2.327,2.366,710795.4,330504.1
2026-09-14 03:00:00,2.366,2.394,2.362,2.378,758816.5,403859.4
2026-09-14 04:00:00,2.379,2.405,2.378,2.393,597102.6,298440.3
2026-09-14 05:00:00,2.394,2.415,2.385,2.406,657106.2,368032.4
2026-09-14 06:00:00,2.406,2.455,2.403,2.433,1262901.2,637269.3
2026-09-14 07:00:00,2.434,2.442,2.416,2.42,622592.9,304561.7
2026-09-14 08:00:00,2.421,2.433,2.399,2.423,609924,311530.3
2026-09-14 09:00:00,2.423,2.432,2.392,2.415,687473.9,337946.3
2026-09-14 10:00:00,2.415,2.425,2.4,2.408,296488.8,136374.1
2026-09-14 11:00:00,2.408,2.422,2.402,2.42,325671.2,169146.1
2026-09-14 12:00:00,2.419,2.432,2.395,2.397,427897,193991.3
2026-09-14 13:00:00,2.397,2.436,2.385,2.411,907698.4,466615.1
2026-09-14 14:00:00,2.412,2.432,2.395,2.399,554795.2,270639.7
2026-09-14 15:00:00,2.4,2.409,2.379,2.397,695867.6,324052.1
2026-09-14 16:00:00,2.396,2.477,2.394,2.466,923352.2,521477
2026-09-14 17:00:00,2.466,2.595,2.463,2.58,2715841.5,1461136.8
2026-09-14 18:00:00,2.58,2.597,2.549,2.566,1475957.4,741768.1
2026-09-14 19:00:00,2.565,2.566,2.512,2.532,945692.3,467289.7
2026-09-14 20:00:00,2.533,2.591,2.529,2.53,901977.1,458024.4
2026-09-14 21:00:00,2.53,2.53,2.479,2.502,756666.5,360609.4
2026-09-14 22:00:00,2.502,2.533,2.489,2.497,600158.6,320656.6
2026-09-14 23:00:00,2.498,2.502,2.454,2.469,671980.1,341749.5
2026-09-15 00:00:00,2.469,2.487,2.463,2.472,396736.4,208655.2
2026-09-15 01:00:00,2.471,2.471,2.435,2.437,528401.8,242313.1
2026-09-15 02:00:00,2.438,2.455,2.433,2.442,294255.5,145148.8
2026-09-15 03:00:00,2.442,2.442,2.414,2.419,579488.4,263180.5
2026-09-15 04:00:00,2.42,2.447,2.417,2.443,357595.7,181979.6
2026-09-15 05:00:00,2.443,2.457,2.42,2.434,458124.8,222184.5
2026-09-15 06:00:00,2.434,2.449,2.388,2.391,648460.5,319088.2
2026-09-15 07:00:00,2.391,2.393,2.337,2.358,1569342.1,826227
2026-09-15 08:00:00,2.357,2.394,2.351,2.387,2070141.9,859404.5
2026-09-15 09:00:00,2.388,2.405,2.378,2.396,433033.2,190485.9
2026-09-15 10:00:00,2.397,2.408,2.386,2.39,303950.5,156592.1
2026-09-15 11:00:00,2.39,2.405,2.361,2.372,432052.4,222930.9
2026-09-15 12:00:00,2.371,2.397,2.365,2.385,554753.8,290832.1
2026-09-15 13:00:00,2.384,2.407,2.36,2.387,708925.4,314421.2
2026-09-15 14:00:00,2.387,2.394,2.328,2.348,1145607.3,476818.2
2026-09-15 15:00:00,2.348,2.384,2.345,2.369,699443.9,367894.1
2026-09-15 16:00:00,2.369,2.388,2.358,2.375,510680.8,268809.6
2026-09-15 17:00:00,2.374,2.424,2.359,2.406,679202.3,306328.3
2026-09-15 18:00:00,2.406,2.416,2.298,2.361,2485879,1089765.3
2026-09-15 19:00:00,2.361,2.371,2.314,2.338,1016490.2,466667.9
2026-09-15 20:00:00,2.337,2.341,2.303,2.334,605020.8,263148.2
2026-09-15 21:00:00,2.333,2.342,2.309,2.311,440290.3,176537.3
2026-09-15 22:00:00,2.312,2.341,2.31,2.338,356017,188217.7
2026-09-15 23:00:00,2.339,2.348,2.327,2.337,395486.8,186300.9
2026-09-16 00:00:00,2.337,2.358,2.332,2.351,296206,157040.8
2026-09-16 01:00:00,2.351,2.357,2.297,2.304,474265.6,172261.4
2026-09-16 02:00:00,2.304,2.347,2.303,2.334,381412.6,217292.9
2026-09-16 03:00:00,2.334,2.366,2.334,2.348,411936.5,230246.2
2026-09-16 04:00:00,2.348,2.368,2.343,2.35,387969,204158
2026-09-16 05:00:00,2.35,2.374,2.332,2.349,437152.3,212516.3
2026-09-16 06:00:00,2.349,2.355,2.33,2.354,329511.2,149143
2026-09-16 07:00:00,2.354,2.376,2.331,2.333,555757.7,258928.1
2026-09-16 08:00:00,2.332,2.352,2.312,2.352,646340.2,269077
2026-09-16 09:00:00,2.352,2.429,2.352,2.426,1852426.7,1061696.5
2026-09-16 10:00:00,2.425,2.443,2.405,2.442,1256235.2,658891.8
2026-09-16 11:00:00,2.442,2.488,2.431,2.486,1868538.7,982775.3
2026-09-16 12:00:00,2.485,2.495,2.448,2.478,1928497.1,925113.8
2026-09-16 13:00:00,2.477,2.502,2.436,2.47,2794578.6,1355102.3
2026-09-16 14:00:00,2.469,2.473,2.427,2.431,2595746.3,1160310
2026-09-16 15:00:00,2.432,2.487,2.422,2.457,2095233.6,1045645
2026-09-16 16:00:00,2.457,2.493,2.454,2.47,1236728.5,622753
2026-09-16 17:00:00,2.47,2.481,2.439,2.467,1059962.8,476883
2026-09-16 18:00:00,2.466,2.577,2.444,2.499,6481269.4,3661437.5
2026-09-16 19:00:00,2.498,2.58,2.482,2.55,2863219,1443035.8
2026-09-16 20:00:00,2.549,2.61,2.523,2.579,1782861.8,901381.1
2026-09-16 21:00:00,2.579,2.605,2.552,2.585,804307.8,403667.1
2026-09-16 22:00:00,2.586,2.598,2.556,2.568,1035215,572867.4
2026-09-16 23:00:00,2.567,2.635,2.557,2.621,1107698.7,602421.4
2026-09-17 00:00:00,2.621,2.705,2.605,2.675,1972350.8,991373.5
2026-09-17 01:00:00,2.676,2.681,2.625,2.627,1252473.9,539889
2026-09-17 02:00:00,2.627,2.661,2.59,2.637,1511768.2,878943.2
2026-09-17 03:00:00,2.637,2.718,2.636,2.698,1289564.6,789624.6
2026-09-17 04:00:00,2.697,2.699,2.646,2.673,744490.5,330412.8
2026-09-17 05:00:00,2.672,2.679,2.636,2.657,872647.9,386576.4
2026-09-17 06:00:00,2.657,2.71,2.647,2.697,1450291.8,737242.7
2026-09-17 07:00:00,2.696,2.761,2.693,2.723,2393497.8,1260289.1
2026-09-17 08:00:00,2.723,2.767,2.71,2.751,1271312.4,646611.5
2026-09-17 09:00:00,2.75,2.855,2.749,2.806,3585565.5,1993625.1
2026-09-17 10:00:00,2.806,2.837,2.771,2.806,2355688.6,986086
2026-09-17 11:00:00,2.806,2.877,2.804,2.874,3056162.9,1674803.5
2026-09-17 12:00:00,2.874,2.9,2.846,2.869,4190069.8,2074668
2026-09-17 13:00:00,2.87,2.891,2.831,2.871,2405941.1,1121481.5
2026-09-17 14:00:00,2.872,2.917,2.806,2.815,4896821.5,2203608.3
2026-09-17 15:00:00,2.815,2.886,2.804,2.878,2413825.3,1216625.3
2026-09-17 16:00:00,2.878,2.979,2.875,2.975,9775144.7,5005131
2026-09-17 17:00:00,2.976,3.072,2.974,3.046,8313367.2,4533861.7
2026-09-17 18:00:00,3.047,3.077,2.962,2.988,3439401.1,1609916.2
2026-09-17 19:00:00,2.988,3.056,2.959,3.047,5653122.3,2875854
2026-09-17 20:00:00,3.048,3.071,2.981,3.012,2108307.8,996865.8
2026-09-17 21:00:00,3.012,3.045,2.991,3.021,1324395.2,599444.5
2026-09-17 22:00:00,3.021,3.147,3.007,3.139,2994062.4,1675289.5
2026-09-17 23:00:00,3.14,3.203,3.11,3.147,4725848.7,2453660.5
2026-09-18 00:00:00,3.146,3.173,3.063,3.155,4532501.8,2241577.2
2026-09-18 01:00:00,3.154,3.311,3.151,3.225,7708591.2,4361006.5
2026-09-18 02:00:00,3.226,3.372,3.197,3.359,5186231.4,2685297.9
2026-09-18 03:00:00,3.36,3.508,3.353,3.497,6924465.6,3568283.5
2026-09-18 04:00:00,3.498,3.572,3.418,3.538,6462769.4,3044660.9
2026-09-18 05:00:00,3.539,3.55,3.43,3.444,4961664.1,2295418.2
2026-09-18 06:00:00,3.444,3.504,3.443,3.477,2822099.4,1416986.4
2026-09-18 07:00:00,3.477,3.515,3.46,3.5,2651944.9,1213466.6
2026-09-18 08:00:00,3.5,3.515,3.423,3.45,4006755.8,2021307
2026-09-18 09:00:00,3.45,3.57,3.41,3.531,7910129.2,4256328.3
2026-09-18 10:00:00,3.531,3.594,3.505,3.528,2813059.8,1527906.4
2026-09-18 11:00:00,3.528,3.544,3.434,3.505,2437104.2,1119729.5
2026-09-18 12:00:00,3.505,3.615,3.47,3.609,2914756.1,1641832.9
2026-09-18 13:00:00,3.608,3.782,3.538,3.568,6053355.8,2924302
2026-09-18 14:00:00,3.568,3.707,3.566,3.695,3667359.9,1899593.6
2026-09-18 15:00:00,3.695,3.797,3.636,3.653,5472706.3,2740360.4
2026-09-18 16:00:00,3.653,3.774,3.579,3.734,3506329,1795758.6
2026-09-18 17:00:00,3.734,3.831,3.656,3.802,4969695.7,2219032.1
2026-09-18 18:00:00,3.803,3.835,3.708,3.745,2311088.7,1009464.8
2026-09-18 19:00:00,3.746,3.814,3.667,3.674,2368011.2,1126338.6
2026-09-18 20:00:00,3.674,3.704,3.614,3.637,1717401.8,757414.9
2026-09-18 21:00:00,3.638,3.78,3.624,3.761,1610331.6,878924.3
2026-09-18 22:00:00,3.762,3.771,3.683,3.755,1698631.3,771643.3
2026-09-18 23:00:00,3.755,3.818,3.716,3.763,2361343.3,1243748
2026-09-19 00:00:00,3.762,3.771,3.689,3.735,1737213,812393.4
2026-09-19 01:00:00,3.735,3.884,3.724,3.817,2713657.4,1327442.5
2026-09-19 02:00:00,3.817,3.914,3.804,3.829,2586488.6,1291417.7
2026-09-19 03:00:00,3.829,3.832,3.754,3.757,1792753.5,813442.3
2026-09-19 04:00:00,3.757,3.796,3.652,3.673,2075667.1,907180.8
2026-09-19 05:00:00,3.673,3.736,3.669,3.682,1358126.3,709331.7
2026-09-19 06:00:00,3.682,3.749,3.632,3.727,2272367.9,1001097.7
2026-09-19 07:00:00,3.726,3.732,3.658,3.686,1330644.7,722920.9
2026-09-19 08:00:00,3.687,3.737,3.67,3.698,1355966.1,715171.3
2026-09-19 09:00:00,3.698,3.704,3.628,3.703,2215335,1211770.9
2026-09-19 10:00:00,3.703,3.748,3.658,3.662,2015270.3,1077478.7
2026-09-19 11:00:00,3.661,3.692,3.622,3.684,2098136.6,1102552.1
2026-09-19 12:00:00,3.685,3.687,3.605,3.627,1573799.2,734616.6
2026-09-19 13:00:00,3.627,3.635,3.554,3.581,2489147.2,1161727.6
2026-09-19 14:00:00,3.582,3.607,3.573,3.589,1837190.3,1023379
2026-09-19 15:00:00,3.589,3.62,3.541,3.618,4232237.8,2209693.6
2026-09-19 16:00:00,3.618,3.627,3.578,3.61,1376481.1,690200
2026-09-19 17:00:00,3.61,3.682,3.6,3.654,5354472.5,2754864.1
2026-09-19 18:00:00,3.654,3.67,3.565,3.569,2246174.2,1057640.5
2026-09-19 19:00:00,3.57,3.58,3.403,3.524,3054717.9,1323376.5
2026-09-19 20:00:00,3.523,3.564,3.519,3.528,1006728,423565
2026-09-19 21:00:00,3.529,3.574,3.512,3.554,1293727.3,540805.5
2026-09-19 22:00:00,3.555,3.61,3.533,3.604,1139432.1,602649.6
2026-09-19 23:00:00,3.603,3.63,3.575,3.588,997101.7,497121.4
2026-09-20 00:00:00,3.589,3.611,3.545,3.549,875150.8,417096.9
2026-09-20 01:00:00,3.549,3.592,3.52,3.56,1351366.9,619771.7
2026-09-20 02:00:00,3.561,3.596,3.468,3.486,2128109.4,929934.5
2026-09-20 03:00:00,3.486,3.601,3.469,3.511,2338622.6,1127087.5
2026-09-20 04:00:00,3.511,3.516,3.461,3.491,1913919.1,954331.6
2026-09-20 05:00:00,3.49,3.492,3.457,3.478,1406960.7,707574.8
2026-09-20 06:00:00,3.477,3.483,3.424,3.46,3497363.9,1657770.1
2026-09-20 07:00:00,3.461,3.485,3.434,3.459,3354540.1,1828941.9
2026-09-20 08:00:00,3.46,3.547,3.46,3.511,3462287,1734079.7
2026-09-20 09:00:00,3.511,3.596,3.51,3.541,17236658.8,8498951.7
2026-09-20 10:00:00,3.541,3.568,3.512,3.563,1213926,661425.7
2026-09-20 11:00:00,3.563,3.671,3.559,3.617,1958289.7,1156346.7
2026-09-20 12:00:00,3.616,3.749,3.561,3.721,3851516.1,2362907.3
2026-09-20 13:00:00,3.721,3.756,3.646,3.704,3962091.8,2234324.9
2026-09-20 14:00:00,3.705,3.73,3.657,3.679,2304412.6,1083390.2
2026-09-20 15:00:00,3.679,3.919,3.621,3.912,6402541,3124397.8
2026-09-20 16:00:00,3.912,4.305,3.853,4.249,12730569.3,6601376.2
2026-09-20 17:00:00,4.25,4.271,4.039,4.048,6068341.5,2718038.6
2026-09-20 18:00:00,4.048,4.1,3.981,4.019,2569063,1199047.5
2026-09-20 19:00:00,4.02,4.174,3.994,4.157,1903476.5,1005648.7
2026-09-20 20:00:00,4.158,4.242,4.081,4.166,2433487.9,1232436.2
2026-09-20 21:00:00,4.165,4.22,4.071,4.198,1817364.2,792364.6
2026-09-20 22:00:00,4.199,4.273,4.047,4.066,2462481.2,1316667.8
2026-09-20 23:00:00,4.066,4.206,4.063,4.167,1644853.1,886606.3
2026-09-21 00:00:00,4.167,4.358,4.16,4.258,4891691.9,2642820.1
2026-09-21 01:00:00,4.258,4.3,4.116,4.156,2598998.3,1265311.1
2026-09-21 02:00:00,4.157,4.254,4.1,4.239,2457621.7,1390615.6
2026-09-21 03:00:00,4.239,4.408,4.239,4.404,3233031.1,1755092.3
2026-09-21 04:00:00,4.404,4.454,4.344,4.416,3138550.8,1578725.8
2026-09-21 05:00:00,4.415,4.44,4.269,4.284,2756513.8,1454585.8
2026-09-21 06:00:00,4.284,4.327,4.199,4.28,4505867.2,2072151.3
2026-09-21 07:00:00,4.281,4.324,4.243,4.267,1763575,877406
2026-09-21 08:00:00,4.266,4.374,4.243,4.295,3035936.3,1587536.8
2026-09-21 09:00:00,4.296,4.373,4.207,4.212,3052198.3,1568934
2026-09-21 10:00:00,4.212,4.32,4.17,4.268,2943995.1,1341958.5
2026-09-21 11:00:00,4.267,4.267,4.142,4.176,2968710.1,1584428.4
2026-09-21 12:00:00,4.175,4.234,4.126,4.176,2907255.7,1616953
2026-09-21 13:00:00,4.177,4.193,4.122,4.133,2068559.6,1049227.7
2026-09-21 14:00:00,4.134,4.162,4.066,4.123,3059983.5,1581122.4
2026-09-21 15:00:00,4.123,4.132,4,4.071,3523995.1,1839668.8
2026-09-21 16:00:00,4.071,4.11,4.031,4.048,1881372.9,932411.1
2026-09-21 17:00:00,4.047,4.049,3.918,3.932,3723586.8,1640864.5
2026-09-21 18:00:00,3.932,4.046,3.916,4.042,1614336.1,899630.1
2026-09-21 19:00:00,4.042,4.174,4.021,4.16,2511375.1,1443205.1
2026-09-21 20:00:00,4.161,4.163,4.019,4.074,2699764,1443821.2
2026-09-21 21:00:00,4.073,4.162,4.065,4.139,827223.3,458388
2026-09-21 22:00:00,4.139,4.314,4.12,4.309,2379610.6,1504809.6
2026-09-21 23:00:00,4.309,4.344,4.235,4.271,1721177.1,853952.1
2026-09-22 00:00:00,4.27,4.358,4.206,4.312,2358741.8,1262472.9
2026-09-22 01:00:00,4.312,4.486,4.276,4.367,3284271.6,1746336.3
2026-09-22 02:00:00,4.367,4.586,4.34,4.482,3941974.9,2000255.5
2026-09-22 03:00:00,4.481,4.52,4.372,4.387,2000088.9,945248.6
2026-09-22 04:00:00,4.388,4.4,4.281,4.284,2056965.4,959980.5
2026-09-22 05:00:00,4.285,4.45,4.243,4.404,2873821.2,1451457.4
2026-09-22 06:00:00,4.405,4.504,4.31,4.311,2882097.8,1535994.5
2026-09-22 07:00:00,4.311,4.386,4.297,4.368,2502439.3,1023483.9
2026-09-22 08:00:00,4.368,4.583,4.35,4.546,4072265.1,1847650.6
2026-09-22 09:00:00,4.546,4.559,4.426,4.51,3075729.7,1702025.2
2026-09-22 10:00:00,4.51,4.516,4.406,4.502,2176723.2,1082203.1
2026-09-22 11:00:00,4.502,4.632,4.47,4.559,3849141.7,2119014.1
2026-09-22 12:00:00,4.56,4.663,4.559,4.594,5426106.2,2931408.9
2026-09-22 13:00:00,4.594,4.629,4.426,4.439,4015747.1,1705586.9
2026-09-22 14:00:00,4.44,4.444,4.291,4.367,4686691.1,2166307.5
2026-09-22 15:00:00,4.367,4.449,4.355,4.41,3234695.2,1844479.8
2026-09-22 16:00:00,4.409,4.476,4.396,4.447,2615505.1,1389202.1
2026-09-22 17:00:00,4.446,4.492,4.42,4.424,1228135.2,665454.8
2026-09-22 18:00:00,4.425,4.429,4.317,4.338,2168709.3,806042.3
2026-09-22 19:00:00,4.339,4.4,4.327,4.348,910789.1,453853.6
2026-09-22 20:00:00,4.348,4.357,4.227,4.296,1803304.8,812583.2
2026-09-22 21:00:00,4.295,4.357,4.287,4.345,810286.6,432541.4
2026-09-22 22:00:00,4.346,4.412,4.321,4.394,956069.3,478761.9
2026-09-22 23:00:00,4.395,4.467,4.38,4.426,2220327.1,1141875.2
2026-09-23 00:00:00,4.425,4.434,4.366,4.38,1267795.6,618218.1
2026-09-23 01:00:00,4.38,4.406,4.32,4.334,1166349.6,595784.1
2026-09-23 02:00:00,4.334,4.357,4.284,4.33,2098942.5,1054895.9
2026-09-23 03:00:00,4.33,4.446,4.321,4.386,3067591.1,1555725.6
2026-09-23 04:00:00,4.386,4.407,4.322,4.38,4601953,2107555.8
2026-09-23 05:00:00,4.38,4.554,4.379,4.443,6096382.5,3137508.3
2026-09-23 06:00:00,4.443,4.522,4.434,4.476,6020560.3,3107412.7
2026-09-23 07:00:00,4.477,4.544,4.385,4.407,8673753.7,4082424.5
2026-09-23 08:00:00,4.407,4.593,4.369,4.542,13670056.7,6682162.1
2026-09-23 09:00:00,4.541,4.653,4.532,4.556,16480239.4,8573669.9
2026-09-23 10:00:00,4.555,4.687,4.506,4.596,3720333.2,1900237.7
2026-09-23 11:00:00,4.596,4.747,4.522,4.69,3294162.5,1780646.5
2026-09-23 12:00:00,4.691,4.805,4.648,4.729,5122794.9,2718081.4
2026-09-23 13:00:00,4.729,4.756,4.625,4.743,2881062.6,1499888.6
2026-09-23 14:00:00,4.744,4.775,4.406,4.65,11762304.7,6120219.8
2026-09-23 15:00:00,4.65,4.74,4.15,4.216,8444950.1,4092324.8
2026-09-23 16:00:00,4.217,4.332,4.03,4.318,8298615.1,4190964.1
2026-09-23 17:00:00,4.317,4.429,4.226,4.386,4409590.1,2216591.7
2026-09-23 18:00:00,4.385,4.484,4.265,4.408,2709962.1,1312984.2
2026-09-23 19:00:00,4.409,4.439,4.323,4.405,1780261.9,910134
2026-09-23 20:00:00,4.405,4.45,4.301,4.39,1814267.2,900118.3
2026-09-23 21:00:00,4.389,4.406,4.292,4.371,1056630.7,520567.1
2026-09-23 22:00:00,4.371,4.438,4.27,4.326,1962689.2,1158520.7
2026-09-23 23:00:00,4.326,4.356,4.241,4.332,1093645.6,615796.5
2026-09-24 00:00:00,4.332,4.359,4.271,4.292,980170.1,506673.3
2026-09-24 01:00:00,4.293,4.336,4.213,4.308,1338991.7,647106.7
2026-09-24 02:00:00,4.308,4.418,4.271,4.363,1858011.5,993117
2026-09-24 03:00:00,4.363,4.438,4.315,4.369,1743012,820031.4
2026-09-24 04:00:00,4.37,4.541,4.328,4.496,2321810.9,1382503.7
2026-09-24 05:00:00,4.495,4.552,4.316,4.316,2930406.4,1673230
2026-09-24 06:00:00,4.316,4.343,4.25,4.335,1758235.4,983958.2
2026-09-24 07:00:00,4.334,4.386,4.25,4.359,2103756.5,1247254.8
2026-09-24 08:00:00,4.359,4.368,4.18,4.251,2405462.2,1241199.8
2026-09-24 09:00:00,4.252,4.262,4.1,4.193,3000375.1,1535449.4
2026-09-24 10:00:00,4.192,4.208,4.158,4.192,1115059.2,622446.6
2026-09-24 11:00:00,4.191,4.337,4.191,4.327,1615638.9,949012.1
2026-09-24 12:00:00,4.326,4.439,4.309,4.414,2329753.7,1353806.2
2026-09-24 13:00:00,4.415,4.548,4.395,4.504,3252801.5,1766553.5
2026-09-24 14:00:00,4.503,4.754,4.458,4.5,7253642.5,3794961.7
2026-09-24 15:00:00,4.499,4.608,4.448,4.581,2886785.4,1382506.4
2026-09-24 16:00:00,4.582,4.753,4.523,4.708,4247470.5,2362358.3
2026-09-24 17:00:00,4.707,4.743,4.589,4.685,2324821.3,1175949.6
2026-09-24 18:00:00,4.685,4.703,4.59,4.635,1715315,893886.2
2026-09-24 19:00:00,4.635,4.827,4.605,4.763,2985995.4,1705317.6
2026-09-24 20:00:00,4.764,4.817,4.595,4.67,1937804.2,1015996.3
2026-09-24 21:00:00,4.669,4.756,4.598,4.601,1068798.1,530494.3
2026-09-24 22:00:00,4.602,4.638,4.544,4.582,1375441.9,640150
2026-09-24 23:00:00,4.583,4.652,4.575,4.591,982483.8,483774.8
2026-09-25 00:00:00,4.59,4.696,4.582,4.593,893927.1,462317.5
2026-09-25 01:00:00,4.594,4.626,4.521,4.56,883600.2,390727.8
2026-09-25 02:00:00,4.559,4.65,4.439,4.49,1891043.7,873637.1
2026-09-25 03:00:00,4.49,4.53,4.448,4.466,1029289.9,567547.2
2026-09-25 04:00:00,4.466,4.513,4.444,4.5,1017492.6,675170.2
2026-09-25 05:00:00,4.5,4.521,4.472,4.505,1031055.4,654573.1
2026-09-25 06:00:00,4.506,4.546,4.469,4.497,908592,517977.8
2026-09-25 07:00:00,4.497,4.529,4.457,4.524,1118569.2,650220
2026-09-25 08:00:00,4.524,4.715,4.519,4.708,1642270.9,996973.8
2026-09-25 09:00:00,4.707,5.053,4.697,4.914,8111119.9,4572165.9
2026-09-25 10:00:00,4.914,5.013,4.893,4.959,3090990,1627634.7
2026-09-25 11:00:00,4.959,5.061,4.959,5.026,3206178.6,1758093.4
2026-09-25 12:00:00,5.026,5.114,4.889,5.053,5024671,2328654.4
2026-09-25 13:00:00,5.054,5.188,5.034,5.173,3835609.9,1882842.5
2026-09-25 14:00:00,5.174,5.183,5.007,5.119,3942855.3,1774106
2026-09-25 15:00:00,5.12,5.151,5.034,5.098,3172598,1534494.3
2026-09-25 16:00:00,5.098,5.211,5.021,5.033,3392754.1,1694104.9
2026-09-25 17:00:00,5.033,5.133,4.917,4.981,2073041.6,1004090.5
2026-09-25 18:00:00,4.981,5.033,4.946,5.022,822569.5,427260.4
2026-09-25 19:00:00,5.022,5.137,4.992,5.036,1374504.2,775120.2
2026-09-25 20:00:00,5.036,5.148,5.034,5.072,922545.2,539101.1
2026-09-25 21:00:00,5.072,5.119,4.854,4.928,1702170.4,806582.5
2026-09-25 22:00:00,4.928,4.99,4.909,4.963,1016672,540491.4
2026-09-25 23:00:00,4.963,4.997,4.945,4.95,633223.2,314140
2026-09-26 00:00:00,4.95,4.978,4.884,4.9,1186888.7,633646.4
2026-09-26 01:00:00,4.9,4.999,4.881,4.938,1142845,670467.9
2026-09-26 02:00:00,4.937,4.942,4.871,4.888,1208832.3,539443.7
2026-09-26 03:00:00,4.888,4.927,4.848,4.882,1010054.3,518758.4
2026-09-26 04:00:00,4.881,4.925,4.863,4.889,750965.5,433740.5
2026-09-26 05:00:00,4.89,4.932,4.857,4.899,681893.3,333308.1
2026-09-26 06:00:00,4.899,4.969,4.884,4.927,954134.8,459398.6
2026-09-26 07:00:00,4.928,4.95,4.832,4.859,1222568.6,636144.7
2026-09-26 08:00:00,4.859,4.894,4.825,4.833,1227178.6,684998.3
2026-09-26 09:00:00,4.834,4.914,4.797,4.872,2989712.9,1467924
2026-09-26 10:00:00,4.871,4.974,4.861,4.901,1365302.5,696337.9
2026-09-26 11:00:00,4.901,4.968,4.888,4.896,975453.7,409778.8
2026-09-26 12:00:00,4.896,4.945,4.803,4.85,1648832.8,716681.3
2026-09-26 13:00:00,4.851,4.858,4.763,4.775,807303.6,316282.8
