t,o,h,l,c,v,taker_buy_v
2026-09-13 22:45:00,2.305,2.317,2.305,2.309,62293.7,29306.2
2026-09-13 23:00:00,2.308,2.317,2.299,2.301,127950.1,46904.8
2026-09-13 23:15:00,2.3,2.313,2.3,2.305,152526.9,62568.5
2026-09-13 23:30:00,2.305,2.311,2.301,2.303,151225,71362.5
2026-09-13 23:45:00,2.303,2.306,2.298,2.298,65359.9,40211.6
2026-09-14 00:00:00,2.298,2.32,2.298,2.306,104905.4,50313.1
2026-09-14 00:15:00,2.306,2.309,2.28,2.284,233543.2,79781.4
2026-09-14 00:30:00,2.284,2.319,2.283,2.313,199978.5,101180.5
2026-09-14 00:45:00,2.314,2.319,2.3,2.301,97594.1,42412.7
2026-09-14 01:00:00,2.302,2.313,2.296,2.301,92747.5,44854.5
2026-09-14 01:15:00,2.301,2.307,2.294,2.304,61341.4,37102.1
2026-09-14 01:30:00,2.304,2.321,2.289,2.312,84935.4,38181.9
2026-09-14 01:45:00,2.311,2.337,2.307,2.334,128661.4,72297.4
2026-09-14 02:00:00,2.334,2.35,2.327,2.349,169746.1,79507.9
2026-09-14 02:15:00,2.349,2.366,2.344,2.355,229484.1,103773
2026-09-14 02:30:00,2.356,2.359,2.348,2.351,103179.2,41143.2
2026-09-14 02:45:00,2.351,2.37,2.351,2.366,208386,106080
2026-09-14 03:00:00,2.366,2.384,2.362,2.381,179584.8,108810.3
2026-09-14 03:15:00,2.381,2.394,2.38,2.383,266449.6,157711.9
2026-09-14 03:30:00,2.383,2.384,2.368,2.376,193446.4,76240.7
2026-09-14 03:45:00,2.377,2.389,2.375,2.378,119335.7,61096.5
2026-09-14 04:00:00,2.379,2.399,2.378,2.385,201585.2,112480
2026-09-14 04:15:00,2.385,2.405,2.384,2.401,165210.3,75565.5
2026-09-14 04:30:00,2.402,2.403,2.394,2.396,109414.3,54621.5
2026-09-14 04:45:00,2.396,2.399,2.387,2.393,120892.8,55773.3
2026-09-14 05:00:00,2.394,2.401,2.388,2.399,81949.6,41526.5
2026-09-14 05:15:00,2.399,2.401,2.386,2.387,55876.4,17929.2
2026-09-14 05:30:00,2.387,2.415,2.385,2.401,405771,237928.5
2026-09-14 05:45:00,2.401,2.406,2.396,2.406,113509.2,70648.2
2026-09-14 06:00:00,2.406,2.451,2.403,2.449,554499,318694.2
2026-09-14 06:15:00,2.449,2.455,2.433,2.434,226336.5,94002.2
2026-09-14 06:30:00,2.433,2.437,2.419,2.433,238486.3,96270.2
2026-09-14 06:45:00,2.434,2.441,2.424,2.433,243579.4,128302.7
2026-09-14 07:00:00,2.434,2.441,2.428,2.44,112610.1,64966.9
2026-09-14 07:15:00,2.439,2.442,2.417,2.427,244227.7,100485.9
2026-09-14 07:30:00,2.427,2.428,2.416,2.428,142605.6,75929.4
2026-09-14 07:45:00,2.428,2.428,2.418,2.42,123149.5,63179.5
2026-09-14 08:00:00,2.421,2.421,2.408,2.409,223479.2,112829.1
2026-09-14 08:15:00,2.409,2.429,2.407,2.413,141546.3,66363.9
2026-09-14 08:30:00,2.412,2.42,2.399,2.418,119829.8,59781.7
2026-09-14 08:45:00,2.419,2.433,2.412,2.423,125068.7,72555.6
2026-09-14 09:00:00,2.423,2.432,2.407,2.411,125351.7,72957.8
2026-09-14 09:15:00,2.411,2.412,2.392,2.401,190257,87231.1
2026-09-14 09:30:00,2.4,2.406,2.397,2.403,121830.5,45687.4
2026-09-14 09:45:00,2.403,2.429,2.403,2.415,250034.7,132070
2026-09-14 10:00:00,2.415,2.417,2.404,2.406,106689.2,47376.6
2026-09-14 10:15:00,2.406,2.412,2.4,2.407,55855,23545.4
2026-09-14 10:30:00,2.406,2.425,2.404,2.417,77841.7,44259.5
2026-09-14 10:45:00,2.418,2.418,2.403,2.408,56102.9,21192.6
2026-09-14 11:00:00,2.408,2.412,2.402,2.406,81974.2,40912.8
2026-09-14 11:15:00,2.406,2.417,2.406,2.413,104089.4,55099.9
2026-09-14 11:30:00,2.413,2.418,2.402,2.416,84083.3,46477.9
2026-09-14 11:45:00,2.416,2.422,2.412,2.42,55524.3,26655.5
2026-09-14 12:00:00,2.419,2.422,2.413,2.42,35418.4,16282.9
2026-09-14 12:15:00,2.42,2.432,2.418,2.423,126189.1,76315.1
2026-09-14 12:30:00,2.423,2.432,2.406,2.414,130594.9,63087.9
2026-09-14 12:45:00,2.413,2.416,2.395,2.397,135694.6,38305.4
2026-09-14 13:00:00,2.397,2.419,2.385,2.413,265725.9,133818.6
2026-09-14 13:15:00,2.413,2.425,2.407,2.414,118574.6,70425.6
2026-09-14 13:30:00,2.414,2.43,2.399,2.413,263694.6,118976.3
2026-09-14 13:45:00,2.413,2.436,2.407,2.411,259703.3,143394.6
2026-09-14 14:00:00,2.412,2.429,2.411,2.427,165172.7,91768.1
2026-09-14 14:15:00,2.427,2.432,2.396,2.406,167286.5,76191.4
2026-09-14 14:30:00,2.406,2.417,2.398,2.403,103213.8,44722.8
2026-09-14 14:45:00,2.403,2.412,2.395,2.399,119122.2,57957.4
2026-09-14 15:00:00,2.4,2.401,2.379,2.389,234279.9,102399
2026-09-14 15:15:00,2.389,2.398,2.388,2.39,87879.4,41382.8
2026-09-14 15:30:00,2.391,2.409,2.388,2.405,225624.6,123546.5
2026-09-14 15:45:00,2.406,2.406,2.395,2.397,148083.7,56723.8
2026-09-14 16:00:00,2.396,2.42,2.394,2.418,120040.9,60982.4
2026-09-14 16:15:00,2.419,2.437,2.418,2.425,297745.6,175703.5
2026-09-14 16:30:00,2.425,2.449,2.422,2.434,214058,111365.5
2026-09-14 16:45:00,2.434,2.477,2.429,2.466,291507.7,173425.6
2026-09-14 17:00:00,2.466,2.552,2.463,2.527,856950.9,492737.3
2026-09-14 17:15:00,2.527,2.551,2.518,2.533,873145.7,459065.7
2026-09-14 17:30:00,2.532,2.558,2.522,2.554,266437.1,144529.3
2026-09-14 17:45:00,2.553,2.595,2.55,2.58,719307.8,364804.5
2026-09-14 18:00:00,2.58,2.597,2.572,2.583,440036.5,223612
2026-09-14 18:15:00,2.583,2.586,2.552,2.555,323160.6,148798.6
2026-09-14 18:30:00,2.556,2.569,2.549,2.558,244188.1,134521.9
2026-09-14 18:45:00,2.559,2.58,2.55,2.566,468572.2,234835.6
2026-09-14 19:00:00,2.565,2.566,2.546,2.559,257612.1,86672.5
2026-09-14 19:15:00,2.559,2.56,2.535,2.539,131896.5,58957.5
2026-09-14 19:30:00,2.538,2.539,2.512,2.525,291119.7,131532.6
2026-09-14 19:45:00,2.524,2.54,2.519,2.532,265064,190127.1
2026-09-14 20:00:00,2.533,2.56,2.533,2.549,214467.8,125352.5
2026-09-14 20:15:00,2.549,2.59,2.547,2.586,305018.1,150631.7
2026-09-14 20:30:00,2.586,2.591,2.551,2.56,186250.2,90163.8
2026-09-14 20:45:00,2.561,2.565,2.529,2.53,196241,91876.4
2026-09-14 21:00:00,2.53,2.53,2.494,2.496,287891.8,135696.7
2026-09-14 21:15:00,2.497,2.512,2.479,2.506,270488.1,146301.7
2026-09-14 21:30:00,2.506,2.514,2.487,2.501,124642.9,51600.3
2026-09-14 21:45:00,2.502,2.506,2.495,2.502,73643.7,27010.7
2026-09-14 22:00:00,2.502,2.53,2.498,2.526,210169.9,131137.1
2026-09-14 22:15:00,2.527,2.533,2.494,2.499,173173.2,96760.6
2026-09-14 22:30:00,2.498,2.509,2.489,2.503,145710.2,55881.4
2026-09-14 22:45:00,2.503,2.506,2.496,2.497,71105.3,36877.5
2026-09-14 23:00:00,2.498,2.502,2.482,2.485,155102.8,78982.3
2026-09-14 23:15:00,2.484,2.49,2.479,2.479,117121.9,59113.3
2026-09-14 23:30:00,2.478,2.479,2.469,2.471,193454,107711.2
2026-09-14 23:45:00,2.471,2.472,2.454,2.469,206301.4,95942.7
2026-09-15 00:00:00,2.469,2.487,2.463,2.485,107417.6,49884.8
2026-09-15 00:15:00,2.485,2.485,2.469,2.472,156395.1,77063.8
2026-09-15 00:30:00,2.473,2.484,2.473,2.48,69097.9,42660.3
2026-09-15 00:45:00,2.48,2.482,2.47,2.472,63825.8,39046.3
2026-09-15 01:00:00,2.471,2.471,2.446,2.448,186201.5,69189.4
2026-09-15 01:15:00,2.448,2.457,2.44,2.44,109941.6,65746.4
2026-09-15 01:30:00,2.44,2.448,2.435,2.442,167910.3,84573.3
2026-09-15 01:45:00,2.441,2.45,2.435,2.437,64348.4,22804
2026-09-15 02:00:00,2.438,2.447,2.433,2.446,64002.5,33022.2
2026-09-15 02:15:00,2.446,2.448,2.436,2.447,51208.5,29484
2026-09-15 02:30:00,2.447,2.455,2.441,2.444,99373,42243.6
2026-09-15 02:45:00,2.444,2.448,2.441,2.442,79671.5,40399
2026-09-15 03:00:00,2.442,2.442,2.42,2.425,255082.4,124330.1
2026-09-15 03:15:00,2.425,2.432,2.421,2.426,113028.3,39263.7
2026-09-15 03:30:00,2.426,2.437,2.423,2.434,81619.5,47721.8
2026-09-15 03:45:00,2.433,2.433,2.414,2.419,129758.2,51864.9
2026-09-15 04:00:00,2.42,2.429,2.417,2.425,79648.5,41694.9
2026-09-15 04:15:00,2.426,2.435,2.425,2.43,64177.4,29383.6
2026-09-15 04:30:00,2.43,2.445,2.426,2.444,131430,68803.9
2026-09-15 04:45:00,2.445,2.447,2.44,2.443,82339.8,42097.2
2026-09-15 05:00:00,2.443,2.457,2.43,2.437,169998.7,92017.2
2026-09-15 05:15:00,2.436,2.444,2.421,2.433,140973.9,71597.8
2026-09-15 05:30:00,2.433,2.433,2.42,2.431,88692,22472.8
2026-09-15 05:45:00,2.43,2.442,2.426,2.434,58460.2,36096.7
2026-09-15 06:00:00,2.434,2.449,2.431,2.432,150256.6,97963.4
2026-09-15 06:15:00,2.433,2.435,2.408,2.413,139866,53776.9
2026-09-15 06:30:00,2.413,2.418,2.401,2.405,163738.9,74025.6
2026-09-15 06:45:00,2.405,2.405,2.388,2.391,194599,93322.3
2026-09-15 07:00:00,2.391,2.393,2.374,2.386,260614.5,105134.6
2026-09-15 07:15:00,2.385,2.39,2.374,2.374,192235,111914.5
2026-09-15 07:30:00,2.375,2.377,2.337,2.353,898312,506185.3
2026-09-15 07:45:00,2.352,2.358,2.337,2.358,218180.6,102992.6
2026-09-15 08:00:00,2.357,2.375,2.351,2.371,556321.3,264248.4
2026-09-15 08:15:00,2.371,2.379,2.357,2.376,469512.2,234918.7
2026-09-15 08:30:00,2.376,2.385,2.373,2.379,155639.7,102529.4
2026-09-15 08:45:00,2.378,2.394,2.375,2.387,888668.7,257708
2026-09-15 09:00:00,2.388,2.388,2.378,2.38,36092.2,15435.8
2026-09-15 09:15:00,2.381,2.4,2.379,2.398,100334.5,58139.2
2026-09-15 09:30:00,2.399,2.405,2.394,2.397,166242.5,78172.6
2026-09-15 09:45:00,2.396,2.403,2.393,2.396,130364,38738.3
2026-09-15 10:00:00,2.397,2.408,2.395,2.4,95342.4,59274.5
2026-09-15 10:15:00,2.399,2.401,2.391,2.391,46321,22716
2026-09-15 10:30:00,2.391,2.396,2.386,2.396,121706.8,55835.5
2026-09-15 10:45:00,2.396,2.399,2.389,2.39,40580.3,18766.1
2026-09-15 11:00:00,2.39,2.405,2.386,2.396,109972.3,64114
2026-09-15 11:15:00,2.395,2.4,2.37,2.37,100632,35073.2
2026-09-15 11:30:00,2.37,2.37,2.361,2.368,154328.4,79949.8
2026-09-15 11:45:00,2.367,2.377,2.365,2.372,67119.7,43793.9
2026-09-15 12:00:00,2.371,2.375,2.365,2.371,105580.5,52985.8
2026-09-15 12:15:00,2.372,2.387,2.367,2.378,182532.9,100064.1
2026-09-15 12:30:00,2.379,2.38,2.369,2.379,79996.5,43664.6
2026-09-15 12:45:00,2.38,2.397,2.372,2.385,186643.9,94117.6
2026-09-15 13:00:00,2.384,2.407,2.384,2.398,153760.1,79025.1
2026-09-15 13:15:00,2.399,2.404,2.394,2.394,31467.7,15746.8
2026-09-15 13:30:00,2.394,2.398,2.36,2.379,302031.6,109843.9
2026-09-15 13:45:00,2.38,2.394,2.362,2.387,221666,109805.4
2026-09-15 14:00:00,2.387,2.394,2.364,2.364,118311.1,47440.8
2026-09-15 14:15:00,2.365,2.37,2.347,2.348,301210.9,137588.7
2026-09-15 14:30:00,2.348,2.354,2.329,2.344,372060.1,149886.8
2026-09-15 14:45:00,2.344,2.354,2.328,2.348,354025.2,141901.9
2026-09-15 15:00:00,2.348,2.375,2.345,2.359,221735.8,119421.1
2026-09-15 15:15:00,2.358,2.384,2.357,2.371,202071.3,99204.8
2026-09-15 15:30:00,2.372,2.379,2.36,2.36,108604.3,53318.4
2026-09-15 15:45:00,2.361,2.373,2.361,2.369,167032.5,95949.8
2026-09-15 16:00:00,2.369,2.382,2.358,2.359,122517,43696.5
2026-09-15 16:15:00,2.359,2.383,2.358,2.383,119902.7,71021.1
2026-09-15 16:30:00,2.383,2.388,2.367,2.368,165719.6,101967.8
2026-09-15 16:45:00,2.368,2.386,2.367,2.375,102541.5,52124.2
2026-09-15 17:00:00,2.374,2.381,2.359,2.368,79491.3,27119.2
2026-09-15 17:15:00,2.368,2.379,2.365,2.375,75345.4,41933.6
2026-09-15 17:30:00,2.376,2.42,2.376,2.398,385179.1,161460.5
2026-09-15 17:45:00,2.398,2.424,2.398,2.406,139186.5,75815
2026-09-15 18:00:00,2.406,2.416,2.399,2.402,159784.9,71027.8
2026-09-15 18:15:00,2.402,2.409,2.375,2.395,333258.7,166736.4
2026-09-15 18:30:00,2.394,2.396,2.327,2.337,806903.4,355164.9
2026-09-15 18:45:00,2.337,2.37,2.298,2.361,1185932,496836.2
2026-09-15 19:00:00,2.361,2.371,2.34,2.343,295771.9,134736.5
2026-09-15 19:15:00,2.343,2.363,2.325,2.328,306292.7,132156.4
2026-09-15 19:30:00,2.328,2.343,2.323,2.324,193989.6,91326.8
2026-09-15 19:45:00,2.324,2.342,2.314,2.338,220436,108448.2
2026-09-15 20:00:00,2.337,2.341,2.313,2.329,141426.5,54514.5
2026-09-15 20:15:00,2.328,2.332,2.306,2.306,165517.1,70730
2026-09-15 20:30:00,2.306,2.324,2.303,2.315,211016.9,94685
2026-09-15 20:45:00,2.316,2.336,2.316,2.334,87060.3,43218.7
2026-09-15 21:00:00,2.333,2.342,2.323,2.333,115442.4,47720.9
2026-09-15 21:15:00,2.333,2.341,2.312,2.319,127358.9,64770.1
2026-09-15 21:30:00,2.32,2.331,2.319,2.322,132359.2,42230.7
2026-09-15 21:45:00,2.322,2.324,2.309,2.311,65129.8,21815.6
2026-09-15 22:00:00,2.312,2.329,2.31,2.316,102996,61932.1
2026-09-15 22:15:00,2.316,2.331,2.31,2.324,99763.8,49236.2
2026-09-15 22:30:00,2.323,2.333,2.323,2.328,71439.9,33938.3
2026-09-15 22:45:00,2.328,2.341,2.327,2.338,81817.3,43111.1
2026-09-15 23:00:00,2.339,2.348,2.338,2.346,110540.3,56170
2026-09-15 23:15:00,2.347,2.347,2.338,2.341,114878.2,49360
2026-09-15 23:30:00,2.341,2.345,2.327,2.339,118985.5,51684.8
2026-09-15 23:45:00,2.339,2.342,2.334,2.337,51082.8,29086.1
2026-09-16 00:00:00,2.337,2.349,2.332,2.339,75569.3,32708.6
2026-09-16 00:15:00,2.339,2.345,2.336,2.342,54391.2,23829.5
2026-09-16 00:30:00,2.343,2.347,2.338,2.344,33569.4,16853.4
2026-09-16 00:45:00,2.344,2.358,2.344,2.351,132676.1,83649.3
2026-09-16 01:00:00,2.351,2.357,2.339,2.347,94172.3,38832.1
2026-09-16 01:15:00,2.347,2.354,2.341,2.342,95726.9,29294.6
2026-09-16 01:30:00,2.342,2.347,2.32,2.321,100814,45410.5
2026-09-16 01:45:00,2.321,2.323,2.297,2.304,183552.4,58724.2
2026-09-16 02:00:00,2.304,2.325,2.303,2.317,121249.1,69077.1
2026-09-16 02:15:00,2.316,2.329,2.316,2.328,79252.9,37463.9
2026-09-16 02:30:00,2.329,2.347,2.328,2.338,77507.7,39959
2026-09-16 02:45:00,2.338,2.345,2.328,2.334,103402.9,70792.9
2026-09-16 03:00:00,2.334,2.347,2.334,2.346,80879.3,39522.4
2026-09-16 03:15:00,2.346,2.366,2.346,2.351,135153,85825.3
2026-09-16 03:30:00,2.351,2.356,2.338,2.343,125993.1,61866.1
2026-09-16 03:45:00,2.343,2.351,2.343,2.348,69911.1,43032.4
2026-09-16 04:00:00,2.348,2.361,2.348,2.359,76619.8,47750.3
2026-09-16 04:15:00,2.359,2.368,2.354,2.357,109267.6,49307.2
2026-09-16 04:30:00,2.356,2.365,2.351,2.356,115710.6,61372.5
2026-09-16 04:45:00,2.357,2.359,2.343,2.35,86371,45728
2026-09-16 05:00:00,2.35,2.353,2.332,2.339,90853.8,37394.1
2026-09-16 05:15:00,2.339,2.374,2.338,2.366,165818.9,87841.6
2026-09-16 05:30:00,2.366,2.367,2.352,2.359,103381.3,49835.3
2026-09-16 05:45:00,2.359,2.361,2.342,2.349,77098.3,37445.3
2026-09-16 06:00:00,2.349,2.354,2.34,2.344,70010.5,25793.2
2026-09-16 06:15:00,2.343,2.351,2.338,2.34,55344.6,18258.6
2026-09-16 06:30:00,2.339,2.345,2.33,2.343,82528.6,33415.1
2026-09-16 06:45:00,2.343,2.355,2.336,2.354,121627.5,71676.1
2026-09-16 07:00:00,2.354,2.376,2.35,2.357,232208.3,105614.2
2026-09-16 07:15:00,2.358,2.362,2.34,2.342,167170.1,83723.7
2026-09-16 07:30:00,2.342,2.348,2.331,2.334,97854,44198.1
2026-09-16 07:45:00,2.333,2.337,2.331,2.333,58525.3,25392.1
2026-09-16 08:00:00,2.332,2.334,2.317,2.325,127948.6,67880.4
2026-09-16 08:15:00,2.325,2.333,2.319,2.321,174483.2,56145
2026-09-16 08:30:00,2.321,2.339,2.312,2.338,207934.6,72009
2026-09-16 08:45:00,2.339,2.352,2.338,2.352,135973.8,73042.6
2026-09-16 09:00:00,2.352,2.382,2.352,2.377,555620.1,325708.3
2026-09-16 09:15:00,2.376,2.419,2.376,2.418,591702.3,391871.7
2026-09-16 09:30:00,2.417,2.42,2.4,2.416,473593.1,247405.7
2026-09-16 09:45:00,2.416,2.429,2.412,2.426,231511.2,96710.8
2026-09-16 10:00:00,2.425,2.434,2.405,2.409,363140.7,185227.3
2026-09-16 10:15:00,2.408,2.428,2.407,2.424,299258.7,148873.5
2026-09-16 10:30:00,2.424,2.435,2.421,2.428,287322.8,161104.1
2026-09-16 10:45:00,2.428,2.443,2.423,2.442,306513,163686.9
2026-09-16 11:00:00,2.442,2.453,2.431,2.442,452728,232456.1
2026-09-16 11:15:00,2.442,2.459,2.433,2.448,411667.7,206237.3
2026-09-16 11:30:00,2.447,2.46,2.445,2.459,422008.2,224392.2
2026-09-16 11:45:00,2.458,2.488,2.453,2.486,582134.8,319689.7
2026-09-16 12:00:00,2.485,2.495,2.46,2.464,512851.7,231474.6
2026-09-16 12:15:00,2.464,2.472,2.453,2.466,376257.9,183982
2026-09-16 12:30:00,2.466,2.487,2.448,2.469,516947.8,251247.8
2026-09-16 12:45:00,2.469,2.481,2.466,2.478,522439.7,258409.4
2026-09-16 13:00:00,2.477,2.48,2.456,2.472,801162.3,425064.1
2026-09-16 13:15:00,2.471,2.475,2.46,2.463,460882.2,197929.9
2026-09-16 13:30:00,2.462,2.472,2.436,2.47,607282.8,271934
2026-09-16 13:45:00,2.469,2.502,2.463,2.47,925251.3,460174.3
2026-09-16 14:00:00,2.469,2.473,2.446,2.458,648607.7,291702.3
2026-09-16 14:15:00,2.457,2.47,2.452,2.46,656886.2,309857.9
2026-09-16 14:30:00,2.46,2.467,2.448,2.462,708480.7,333813
2026-09-16 14:45:00,2.463,2.464,2.427,2.431,581771.7,224936.8
2026-09-16 15:00:00,2.432,2.465,2.43,2.459,491732.5,245038.1
2026-09-16 15:15:00,2.458,2.458,2.437,2.439,399523.5,215349.7
2026-09-16 15:30:00,2.438,2.454,2.422,2.453,446917.6,207038.1
2026-09-16 15:45:00,2.452,2.487,2.449,2.457,757060,378219.1
2026-09-16 16:00:00,2.457,2.473,2.454,2.471,275807.9,136183.9
2026-09-16 16:15:00,2.472,2.491,2.464,2.484,403356.1,194284
2026-09-16 16:30:00,2.483,2.493,2.474,2.476,379241.5,192802
2026-09-16 16:45:00,2.475,2.49,2.468,2.47,178323,99483.1
2026-09-16 17:00:00,2.47,2.475,2.455,2.466,165364.4,79274.4
2026-09-16 17:15:00,2.466,2.469,2.451,2.465,198462.8,93481.5
2026-09-16 17:30:00,2.466,2.468,2.439,2.44,290829.3,106007.6
2026-09-16 17:45:00,2.44,2.481,2.44,2.467,405306.3,198119.5
2026-09-16 18:00:00,2.466,2.554,2.444,2.516,2137969.7,1040583.9
2026-09-16 18:15:00,2.515,2.555,2.505,2.538,1016985.3,506357.7
2026-09-16 18:30:00,2.538,2.577,2.469,2.562,2430429.3,1716902.8
2026-09-16 18:45:00,2.561,2.566,2.482,2.499,895885.1,397593.1
2026-09-16 19:00:00,2.498,2.577,2.495,2.55,1221804.8,602912.3
2026-09-16 19:15:00,2.551,2.556,2.482,2.513,673891.2,330911.7
2026-09-16 19:30:00,2.512,2.543,2.501,2.537,441428.3,242007.2
2026-09-16 19:45:00,2.536,2.58,2.536,2.55,526094.7,267204.6
2026-09-16 20:00:00,2.549,2.585,2.524,2.53,588844.5,293849.3
2026-09-16 20:15:00,2.53,2.588,2.523,2.578,480156.8,211227.2
2026-09-16 20:30:00,2.579,2.584,2.557,2.574,263599,132129.4
2026-09-16 20:45:00,2.574,2.61,2.571,2.579,450261.5,264175.2
2026-09-16 21:00:00,2.579,2.599,2.576,2.588,294414.3,161602.6
2026-09-16 21:15:00,2.589,2.605,2.577,2.591,206624.7,96827.7
2026-09-16 21:30:00,2.591,2.591,2.552,2.552,156241.2,69667.7
2026-09-16 21:45:00,2.553,2.589,2.553,2.585,147027.6,75569.1
2026-09-16 22:00:00,2.586,2.592,2.556,2.586,354487.3,194665.4
2026-09-16 22:15:00,2.586,2.592,2.565,2.581,229831.9,115947.3
2026-09-16 22:30:00,2.581,2.598,2.57,2.595,214328.2,124223
2026-09-16 22:45:00,2.596,2.598,2.566,2.568,236567.6,138031.7
2026-09-16 23:00:00,2.567,2.592,2.557,2.583,139725.9,72553.5
2026-09-16 23:15:00,2.584,2.63,2.583,2.616,463175.2,253584.5
2026-09-16 23:30:00,2.616,2.62,2.598,2.619,262512.2,146573.8
2026-09-16 23:45:00,2.619,2.635,2.613,2.621,242285.4,129709.6
2026-09-17 00:00:00,2.621,2.654,2.605,2.649,482686.8,256283.9
2026-09-17 00:15:00,2.649,2.696,2.644,2.684,622934.5,312352.9
2026-09-17 00:30:00,2.684,2.705,2.673,2.673,499624.2,271129.4
2026-09-17 00:45:00,2.674,2.686,2.66,2.675,367105.3,151607.3
2026-09-17 01:00:00,2.676,2.677,2.651,2.656,283496.4,110311.5
2026-09-17 01:15:00,2.655,2.681,2.643,2.677,292387.3,135205.1
2026-09-17 01:30:00,2.677,2.681,2.636,2.65,516446.8,230503.3
2026-09-17 01:45:00,2.65,2.651,2.625,2.627,160143.4,63869.1
2026-09-17 02:00:00,2.627,2.631,2.59,2.608,402368.2,160310.7
2026-09-17 02:15:00,2.608,2.631,2.593,2.616,460681.7,302969.6
2026-09-17 02:30:00,2.615,2.661,2.609,2.654,434781.3,294780
2026-09-17 02:45:00,2.653,2.659,2.635,2.637,213937,120882.9
2026-09-17 03:00:00,2.637,2.666,2.636,2.655,212180.3,135898.1
2026-09-17 03:15:00,2.656,2.676,2.646,2.676,290759.9,209384.2
2026-09-17 03:30:00,2.676,2.718,2.675,2.695,457060.9,258790.6
2026-09-17 03:45:00,2.695,2.707,2.687,2.698,329563.5,185551.7
2026-09-17 04:00:00,2.697,2.699,2.676,2.676,146290.5,61682
2026-09-17 04:15:00,2.676,2.677,2.646,2.648,247277.9,97625.9
2026-09-17 04:30:00,2.649,2.684,2.648,2.679,197962.9,93696.7
2026-09-17 04:45:00,2.679,2.691,2.67,2.673,152959.2,77408.2
2026-09-17 05:00:00,2.672,2.679,2.654,2.654,147814,80867.2
2026-09-17 05:15:00,2.654,2.668,2.65,2.659,212579.1,98938.9
2026-09-17 05:30:00,2.66,2.662,2.636,2.638,240659,69249
2026-09-17 05:45:00,2.638,2.673,2.637,2.657,271595.8,137521.3
2026-09-17 06:00:00,2.657,2.677,2.647,2.66,285480.4,128880.1
2026-09-17 06:15:00,2.66,2.687,2.656,2.683,353163.3,201095.1
2026-09-17 06:30:00,2.684,2.71,2.682,2.699,406305.5,241606.3
2026-09-17 06:45:00,2.7,2.71,2.687,2.697,405342.6,165661.2
2026-09-17 07:00:00,2.696,2.747,2.693,2.733,724542.8,434117.5
2026-09-17 07:15:00,2.733,2.749,2.726,2.732,572631.4,264345.6
2026-09-17 07:30:00,2.732,2.761,2.732,2.74,716697.4,393874.1
2026-09-17 07:45:00,2.74,2.74,2.718,2.723,379626.2,167951.9
2026-09-17 08:00:00,2.723,2.73,2.71,2.716,274236.3,128921.3
2026-09-17 08:15:00,2.717,2.74,2.715,2.722,278172.2,121410.6
2026-09-17 08:30:00,2.722,2.746,2.719,2.738,282169.5,163992
2026-09-17 08:45:00,2.738,2.767,2.731,2.751,436734.4,232287.6
2026-09-17 09:00:00,2.75,2.801,2.749,2.795,679774,445681.7
2026-09-17 09:15:00,2.794,2.833,2.779,2.832,1201505.5,725142.3
2026-09-17 09:30:00,2.832,2.855,2.813,2.826,1033722.3,534642.4
2026-09-17 09:45:00,2.827,2.841,2.802,2.806,670563.7,288158.7
2026-09-17 10:00:00,2.806,2.816,2.771,2.787,635679.9,252321
2026-09-17 10:15:00,2.786,2.817,2.778,2.815,429878.9,208482.4
2026-09-17 10:30:00,2.814,2.837,2.806,2.818,682986.1,307908.8
2026-09-17 10:45:00,2.818,2.819,2.798,2.806,607143.7,217373.8
2026-09-17 11:00:00,2.806,2.826,2.804,2.824,678472.2,371227.9
2026-09-17 11:15:00,2.824,2.837,2.819,2.835,550762.1,276473.7
2026-09-17 11:30:00,2.835,2.844,2.821,2.827,668857,333748.6
2026-09-17 11:45:00,2.827,2.877,2.825,2.874,1158071.6,693353.3
2026-09-17 12:00:00,2.874,2.892,2.862,2.89,972414.6,527724.7
2026-09-17 12:15:00,2.89,2.894,2.86,2.88,1310641.7,637572.9
2026-09-17 12:30:00,2.88,2.9,2.877,2.884,1222685.6,591226.9
2026-09-17 12:45:00,2.885,2.885,2.846,2.869,684327.9,318143.5
2026-09-17 13:00:00,2.87,2.875,2.846,2.87,564503.3,229450.2
2026-09-17 13:15:00,2.869,2.877,2.853,2.854,446994.9,205961.9
2026-09-17 13:30:00,2.855,2.863,2.831,2.858,773566.4,366212.1
2026-09-17 13:45:00,2.859,2.891,2.845,2.871,620876.5,319857.3
2026-09-17 14:00:00,2.872,2.888,2.841,2.882,915460.7,458356.2
2026-09-17 14:15:00,2.882,2.917,2.867,2.884,2176766.3,965255.9
2026-09-17 14:30:00,2.885,2.893,2.837,2.839,782029.7,321136.5
2026-09-17 14:45:00,2.84,2.846,2.806,2.815,1022564.8,458859.7
2026-09-17 15:00:00,2.815,2.849,2.804,2.846,582626.8,311291.8
2026-09-17 15:15:00,2.846,2.859,2.835,2.837,645773.9,253905.3
2026-09-17 15:30:00,2.837,2.875,2.835,2.87,596532.1,367080.8
2026-09-17 15:45:00,2.871,2.886,2.869,2.878,588892.5,284347.4
2026-09-17 16:00:00,2.878,2.902,2.875,2.894,603742.6,353082.6
2026-09-17 16:15:00,2.895,2.944,2.889,2.931,819250.9,441812.6
2026-09-17 16:30:00,2.931,2.956,2.922,2.952,2634464.9,1359990.2
2026-09-17 16:45:00,2.953,2.979,2.925,2.975,5717686.3,2850245.6
2026-09-17 17:00:00,2.976,3.015,2.974,3.008,1966933.6,1208410.5
2026-09-17 17:15:00,3.009,3.025,2.985,2.987,3823095.3,1886203.9
2026-09-17 17:30:00,2.988,3.011,2.986,3.009,814623.2,409238.1
2026-09-17 17:45:00,3.01,3.072,3.003,3.046,1708715.1,1030009.2
2026-09-17 18:00:00,3.047,3.06,3.021,3.025,669082.3,309699.4
2026-09-17 18:15:00,3.025,3.072,3.025,3.062,730144,391383
2026-09-17 18:30:00,3.063,3.077,2.962,3.006,1377994,623728.9
2026-09-17 18:45:00,3.006,3.022,2.964,2.988,662180.8,285104.9
2026-09-17 19:00:00,2.988,3.002,2.959,2.978,2006135.8,947043.2
2026-09-17 19:15:00,2.979,3.004,2.969,2.99,2256696.2,1131109.7
2026-09-17 19:30:00,2.991,3.029,2.986,3.022,639440.8,336140.4
2026-09-17 19:45:00,3.022,3.056,3.005,3.047,750849.5,461560.7
2026-09-17 20:00:00,3.048,3.071,3.028,3.036,562996.3,261827.3
2026-09-17 20:15:00,3.035,3.062,2.994,2.999,636008,313330.5
2026-09-17 20:30:00,2.999,3.022,2.981,3.022,570843.1,252109.3
2026-09-17 20:45:00,3.021,3.024,3.001,3.012,338460.4,169598.7
2026-09-17 21:00:00,3.012,3.019,2.993,3.008,352453.6,158077.8
2026-09-17 21:15:00,3.008,3.017,2.991,3,289973.6,124937.5
2026-09-17 21:30:00,3.001,3.045,2.995,3.034,372350.1,212914.7
2026-09-17 21:45:00,3.034,3.034,3.016,3.021,309617.9,103514.5
2026-09-17 22:00:00,3.021,3.03,3.007,3.014,391676,182074.3
2026-09-17 22:15:00,3.014,3.036,3.007,3.032,359947,167081.1
2026-09-17 22:30:00,3.033,3.062,3.023,3.054,502410.2,290573.9
2026-09-17 22:45:00,3.054,3.147,3.051,3.139,1740029.2,1035560.2
2026-09-17 23:00:00,3.14,3.149,3.112,3.12,860994.1,421441.8
2026-09-17 23:15:00,3.12,3.199,3.11,3.19,1402466.5,799803.3
2026-09-17 23:30:00,3.191,3.203,3.141,3.147,1092405.9,553504.9
2026-09-17 23:45:00,3.147,3.172,3.142,3.147,1369982.2,678910.5
2026-09-18 00:00:00,3.146,3.173,3.131,3.148,1859955.6,911387.1
2026-09-18 00:15:00,3.147,3.15,3.063,3.095,1350648,638104.7
2026-09-18 00:30:00,3.096,3.12,3.085,3.111,629200.8,317937
2026-09-18 00:45:00,3.111,3.162,3.094,3.155,692697.4,374148.4
2026-09-18 01:00:00,3.154,3.2,3.151,3.172,1092821.1,627791.8
2026-09-18 01:15:00,3.172,3.23,3.157,3.224,1988345.2,1201117.9
2026-09-18 01:30:00,3.225,3.311,3.214,3.237,3215236.4,1888442.4
2026-09-18 01:45:00,3.236,3.256,3.218,3.225,1412188.5,643654.4
2026-09-18 02:00:00,3.226,3.255,3.197,3.202,1260200.5,604675.7
2026-09-18 02:15:00,3.202,3.288,3.197,3.284,1194634.5,662137.5
2026-09-18 02:30:00,3.284,3.319,3.259,3.273,1249846.6,631107.4
2026-09-18 02:45:00,3.274,3.372,3.27,3.359,1481549.8,787377.3
2026-09-18 03:00:00,3.36,3.457,3.353,3.435,2475702.3,1320716.2
2026-09-18 03:15:00,3.435,3.436,3.375,3.413,1672195.1,739924.8
2026-09-18 03:30:00,3.414,3.431,3.38,3.413,1062588.7,546567.6
2026-09-18 03:45:00,3.412,3.508,3.41,3.497,1713979.5,961074.9
2026-09-18 04:00:00,3.498,3.534,3.466,3.503,1839496.7,837416.5
2026-09-18 04:15:00,3.503,3.514,3.421,3.444,1639517.4,730298.5
2026-09-18 04:30:00,3.444,3.485,3.418,3.485,1110625.3,540644.8
2026-09-18 04:45:00,3.484,3.572,3.483,3.538,1873130,936301.1
2026-09-18 05:00:00,3.539,3.55,3.479,3.505,1213738.8,568636.4
2026-09-18 05:15:00,3.505,3.522,3.439,3.451,1461481.4,638733.5
2026-09-18 05:30:00,3.452,3.483,3.442,3.47,939458.5,435906.2
2026-09-18 05:45:00,3.469,3.475,3.43,3.444,1346985.4,652142.1
2026-09-18 06:00:00,3.444,3.5,3.443,3.494,818445.6,454194.6
2026-09-18 06:15:00,3.494,3.498,3.444,3.465,686608.6,315225.3
2026-09-18 06:30:00,3.466,3.504,3.465,3.476,838025.5,424318.3
2026-09-18 06:45:00,3.475,3.499,3.46,3.477,479019.7,223248.2
2026-09-18 07:00:00,3.477,3.505,3.46,3.504,607540.4,315661.8
2026-09-18 07:15:00,3.504,3.515,3.473,3.476,818440.4,310048.5
2026-09-18 07:30:00,3.476,3.515,3.47,3.512,611405.9,289583.5
2026-09-18 07:45:00,3.512,3.515,3.461,3.5,614558.2,298172.8
2026-09-18 08:00:00,3.5,3.515,3.449,3.462,873454.5,451104.3
2026-09-18 08:15:00,3.461,3.484,3.439,3.458,998660,499106.2
2026-09-18 08:30:00,3.459,3.483,3.436,3.463,915324.5,468301
2026-09-18 08:45:00,3.462,3.464,3.423,3.45,1219316.8,602795.5
2026-09-18 09:00:00,3.45,3.456,3.41,3.447,1544622.7,797536.5
2026-09-18 09:15:00,3.447,3.485,3.42,3.465,1854475.3,930787.6
2026-09-18 09:30:00,3.465,3.528,3.416,3.52,2093661.2,1126904.6
2026-09-18 09:45:00,3.52,3.57,3.472,3.531,2417370,1401099.6
2026-09-18 10:00:00,3.531,3.563,3.515,3.528,768861.6,438212.5
2026-09-18 10:15:00,3.528,3.592,3.505,3.573,825661.5,512837.7
2026-09-18 10:30:00,3.573,3.594,3.555,3.579,647842.6,300555.6
2026-09-18 10:45:00,3.579,3.589,3.522,3.528,570694.1,276300.6
2026-09-18 11:00:00,3.528,3.536,3.439,3.454,948935,304877.5
2026-09-18 11:15:00,3.454,3.481,3.434,3.463,420658.8,198504.7
2026-09-18 11:30:00,3.463,3.544,3.456,3.517,743080.2,457471.6
2026-09-18 11:45:00,3.517,3.528,3.487,3.505,324430.2,158875.7
2026-09-18 12:00:00,3.505,3.509,3.47,3.485,302972.8,134796.1
2026-09-18 12:15:00,3.485,3.525,3.485,3.514,311551.2,186930.8
2026-09-18 12:30:00,3.514,3.594,3.514,3.58,1132428.1,676496.8
2026-09-18 12:45:00,3.58,3.615,3.576,3.609,1167804,643609.2
2026-09-18 13:00:00,3.608,3.64,3.572,3.592,851864.5,408931.8
2026-09-18 13:15:00,3.591,3.691,3.586,3.661,1133574.9,592458.6
2026-09-18 13:30:00,3.661,3.782,3.654,3.715,1927862.6,1019998.4
2026-09-18 13:45:00,3.714,3.728,3.538,3.568,2140053.8,902913.2
2026-09-18 14:00:00,3.568,3.641,3.566,3.62,1089365.7,575306.7
2026-09-18 14:15:00,3.62,3.645,3.594,3.61,732314.8,391165.6
2026-09-18 14:30:00,3.609,3.694,3.58,3.689,1037573.8,549602
2026-09-18 14:45:00,3.689,3.707,3.665,3.695,808105.6,383519.3
2026-09-18 15:00:00,3.695,3.783,3.653,3.728,2045678.4,1049962.4
2026-09-18 15:15:00,3.728,3.797,3.712,3.714,1639207.8,825982.6
2026-09-18 15:30:00,3.715,3.724,3.661,3.683,859035.5,404704.1
2026-09-18 15:45:00,3.682,3.726,3.636,3.653,928784.6,459711.3
2026-09-18 16:00:00,3.653,3.66,3.579,3.619,1092828.3,529430
2026-09-18 16:15:00,3.619,3.65,3.612,3.639,629681.5,304300.5
2026-09-18 16:30:00,3.639,3.696,3.635,3.689,732709.2,418194.1
2026-09-18 16:45:00,3.69,3.774,3.678,3.734,1051110,543834
2026-09-18 17:00:00,3.734,3.74,3.656,3.706,1308488.9,539294.7
2026-09-18 17:15:00,3.705,3.818,3.701,3.803,1635787.8,898991.5
2026-09-18 17:30:00,3.803,3.823,3.759,3.791,1364476.7,461611.1
2026-09-18 17:45:00,3.792,3.831,3.781,3.802,660942.3,319134.8
2026-09-18 18:00:00,3.803,3.835,3.788,3.796,680135.3,316359.4
2026-09-18 18:15:00,3.795,3.804,3.756,3.764,707510.7,237445.2
2026-09-18 18:30:00,3.764,3.779,3.708,3.73,534910.6,249106.7
2026-09-18 18:45:00,3.73,3.769,3.723,3.745,388532.1,206553.5
2026-09-18 19:00:00,3.746,3.814,3.746,3.776,763404.2,405314.8
2026-09-18 19:15:00,3.775,3.784,3.723,3.737,512114.5,228383.9
2026-09-18 19:30:00,3.736,3.746,3.694,3.711,507132,205293.5
2026-09-18 19:45:00,3.711,3.723,3.667,3.674,585360.5,287346.4
2026-09-18 20:00:00,3.674,3.678,3.614,3.635,776121.2,302377.8
2026-09-18 20:15:00,3.635,3.704,3.633,3.701,361538.1,195620.5
2026-09-18 20:30:00,3.701,3.704,3.66,3.686,267743,130063
2026-09-18 20:45:00,3.687,3.697,3.63,3.637,311999.5,129353.6
2026-09-18 21:00:00,3.638,3.672,3.624,3.672,383198.2,208339.9
2026-09-18 21:15:00,3.672,3.687,3.655,3.674,273603.1,143323.1
2026-09-18 21:30:00,3.673,3.769,3.672,3.75,566775.5,331444.3
2026-09-18 21:45:00,3.751,3.78,3.737,3.761,386754.8,195817
2026-09-18 22:00:00,3.762,3.771,3.683,3.694,592813.1,265116.2
2026-09-18 22:15:00,3.694,3.764,3.688,3.747,378067,211977
2026-09-18 22:30:00,3.747,3.756,3.706,3.728,474797.1,182955.8
2026-09-18 22:45:00,3.728,3.759,3.719,3.755,252954.1,111594.3
2026-09-18 23:00:00,3.755,3.794,3.741,3.791,520665.2,277654
2026-09-18 23:15:00,3.79,3.818,3.772,3.807,768458,443387
2026-09-18 23:30:00,3.807,3.809,3.734,3.752,717621.5,358818.3
2026-09-18 23:45:00,3.752,3.77,3.716,3.763,354598.6,163888.7
2026-09-19 00:00:00,3.762,3.771,3.689,3.699,692457.4,343362.7
2026-09-19 00:15:00,3.699,3.739,3.699,3.722,351934,151357.8
2026-09-19 00:30:00,3.722,3.749,3.711,3.714,321681.6,130736.7
2026-09-19 00:45:00,3.715,3.752,3.715,3.735,371140,186936.2
2026-09-19 01:00:00,3.735,3.795,3.724,3.779,825868.4,362675.3
2026-09-19 01:15:00,3.779,3.803,3.759,3.772,476098.9,222705.4
2026-09-19 01:30:00,3.773,3.872,3.741,3.861,782004.9,426624.4
2026-09-19 01:45:00,3.861,3.884,3.801,3.817,629685.2,315437.4
2026-09-19 02:00:00,3.817,3.877,3.81,3.867,454162.9,250317.2
2026-09-19 02:15:00,3.867,3.877,3.807,3.816,555873.7,233435
2026-09-19 02:30:00,3.815,3.914,3.806,3.812,1002170.8,499156.9
2026-09-19 02:45:00,3.812,3.873,3.804,3.829,574281.2,308508.6
2026-09-19 03:00:00,3.829,3.832,3.778,3.799,634799,244910.7
2026-09-19 03:15:00,3.799,3.832,3.782,3.807,425803.2,205078.3
2026-09-19 03:30:00,3.807,3.816,3.769,3.801,395245.2,189700.1
2026-09-19 03:45:00,3.8,3.801,3.754,3.757,336906.1,173753.2
2026-09-19 04:00:00,3.757,3.796,3.74,3.747,474848.7,253033.7
2026-09-19 04:15:00,3.747,3.791,3.743,3.746,252815,118215.5
2026-09-19 04:30:00,3.745,3.747,3.652,3.686,839828.6,324816.9
2026-09-19 04:45:00,3.686,3.696,3.657,3.673,508174.8,211114.7
2026-09-19 05:00:00,3.673,3.733,3.669,3.718,387504.9,218414.7
2026-09-19 05:15:00,3.719,3.736,3.71,3.71,304653.9,148890.8
2026-09-19 05:30:00,3.71,3.734,3.682,3.696,331879.3,170191.5
2026-09-19 05:45:00,3.697,3.719,3.677,3.682,334088.2,171834.7
2026-09-19 06:00:00,3.682,3.687,3.632,3.661,916701.2,364276.3
2026-09-19 06:15:00,3.661,3.676,3.64,3.661,487221.2,183334.4
2026-09-19 06:30:00,3.661,3.733,3.66,3.725,468746.3,248258.6
2026-09-19 06:45:00,3.724,3.749,3.717,3.727,399699.2,205228.4
2026-09-19 07:00:00,3.726,3.732,3.703,3.714,342223.8,194191.9
2026-09-19 07:15:00,3.714,3.722,3.678,3.692,312254.8,175802.9
2026-09-19 07:30:00,3.693,3.7,3.658,3.673,400141.4,205998.4
2026-09-19 07:45:00,3.673,3.697,3.672,3.686,276024.7,146927.7
2026-09-19 08:00:00,3.687,3.693,3.67,3.69,251199.3,137085.6
2026-09-19 08:15:00,3.689,3.718,3.68,3.704,358790.3,199726.8
2026-09-19 08:30:00,3.704,3.729,3.7,3.718,297523.2,153853.3
2026-09-19 08:45:00,3.717,3.737,3.698,3.698,448453.3,224505.6
2026-09-19 09:00:00,3.698,3.704,3.649,3.674,717531.4,368473.8
2026-09-19 09:15:00,3.674,3.679,3.638,3.653,568781.1,317817.3
2026-09-19 09:30:00,3.652,3.683,3.628,3.677,508927,269402.7
2026-09-19 09:45:00,3.678,3.704,3.669,3.703,420095.5,256077.1
2026-09-19 10:00:00,3.703,3.709,3.665,3.681,242416.4,124736.7
2026-09-19 10:15:00,3.681,3.71,3.681,3.709,407695.7,237378.3
2026-09-19 10:30:00,3.708,3.748,3.69,3.695,794792.9,438402.1
2026-09-19 10:45:00,3.695,3.699,3.658,3.662,570365.3,276961.6
2026-09-19 11:00:00,3.661,3.679,3.653,3.668,426568,234782.8
2026-09-19 11:15:00,3.667,3.667,3.622,3.652,775792.8,365126.2
2026-09-19 11:30:00,3.653,3.687,3.646,3.684,627385.2,368469.5
2026-09-19 11:45:00,3.685,3.692,3.673,3.684,268390.6,134173.6
2026-09-19 12:00:00,3.685,3.687,3.656,3.658,327277,160804.9
2026-09-19 12:15:00,3.657,3.666,3.627,3.63,473868.6,196938
2026-09-19 12:30:00,3.63,3.634,3.605,3.63,485173,221273.1
2026-09-19 12:45:00,3.63,3.644,3.613,3.627,287480.6,155600.6
2026-09-19 13:00:00,3.627,3.635,3.566,3.584,832411.3,376190.7
2026-09-19 13:15:00,3.585,3.596,3.559,3.566,571320.9,245209.2
2026-09-19 13:30:00,3.565,3.593,3.554,3.555,645931.1,324898.9
2026-09-19 13:45:00,3.556,3.586,3.556,3.581,439483.9,215428.8
2026-09-19 14:00:00,3.582,3.604,3.58,3.59,402167.4,220387.9
2026-09-19 14:15:00,3.59,3.607,3.584,3.599,414324.3,232532.1
2026-09-19 14:30:00,3.599,3.6,3.573,3.577,456875.5,222695.1
2026-09-19 14:45:00,3.577,3.599,3.576,3.589,563823.1,347763.9
2026-09-19 15:00:00,3.589,3.617,3.58,3.581,768774.9,431608.9
2026-09-19 15:15:00,3.582,3.582,3.55,3.568,1387654.1,699692.4
2026-09-19 15:30:00,3.567,3.589,3.541,3.58,1282882.9,638962.2
2026-09-19 15:45:00,3.581,3.62,3.577,3.618,792925.9,439430.1
2026-09-19 16:00:00,3.618,3.627,3.592,3.594,507551.5,225759.6
2026-09-19 16:15:00,3.595,3.599,3.578,3.584,323401.5,153048.5
2026-09-19 16:30:00,3.584,3.604,3.58,3.598,344748.6,211764.4
2026-09-19 16:45:00,3.599,3.614,3.586,3.61,200779.5,99627.5
2026-09-19 17:00:00,3.61,3.627,3.6,3.62,2069828,1027720.7
2026-09-19 17:15:00,3.62,3.668,3.603,3.646,2196008.7,1127078
2026-09-19 17:30:00,3.647,3.674,3.634,3.668,674783.2,375219.3
2026-09-19 17:45:00,3.669,3.682,3.647,3.654,413852.6,224846.1
2026-09-19 18:00:00,3.654,3.67,3.633,3.652,362356.4,194788.4
2026-09-19 18:15:00,3.653,3.66,3.626,3.64,401616.8,179213.4
2026-09-19 18:30:00,3.64,3.641,3.599,3.602,425277.9,192087.9
2026-09-19 18:45:00,3.602,3.602,3.565,3.569,1056923.1,491550.8
2026-09-19 19:00:00,3.57,3.58,3.403,3.454,1771298.4,751693.3
2026-09-19 19:15:00,3.454,3.531,3.439,3.525,554070.5,310983
2026-09-19 19:30:00,3.524,3.543,3.508,3.523,277039.5,111863.4
2026-09-19 19:45:00,3.524,3.543,3.507,3.524,452309.5,148836.8
2026-09-19 20:00:00,3.523,3.554,3.521,3.553,273459.3,116614.7
2026-09-19 20:15:00,3.552,3.564,3.522,3.538,322606.2,133880.2
2026-09-19 20:30:00,3.539,3.555,3.535,3.547,121196.4,53318
2026-09-19 20:45:00,3.546,3.546,3.519,3.528,289466.1,119752.1
2026-09-19 21:00:00,3.529,3.57,3.526,3.53,331970.1,161625.7
2026-09-19 21:15:00,3.529,3.546,3.512,3.544,437389.4,166718.9
2026-09-19 21:30:00,3.545,3.561,3.532,3.555,333120.2,133105.5
2026-09-19 21:45:00,3.554,3.574,3.547,3.554,191247.6,79355.4
2026-09-19 22:00:00,3.555,3.557,3.533,3.552,330116.4,153576
2026-09-19 22:15:00,3.553,3.571,3.548,3.558,282735.5,151623.9
2026-09-19 22:30:00,3.558,3.585,3.555,3.575,235173.9,126964.7
2026-09-19 22:45:00,3.575,3.61,3.572,3.604,291406.3,170485
2026-09-19 23:00:00,3.603,3.63,3.596,3.606,321536.1,182223
2026-09-19 23:15:00,3.606,3.61,3.58,3.593,254818.2,119996.3
2026-09-19 23:30:00,3.593,3.605,3.577,3.577,236411.8,92729.3
2026-09-19 23:45:00,3.577,3.595,3.575,3.588,184335.6,102172.8
2026-09-20 00:00:00,3.589,3.611,3.569,3.572,317603.9,167344.8
2026-09-20 00:15:00,3.572,3.584,3.557,3.568,212470.3,100807.9
2026-09-20 00:30:00,3.567,3.576,3.547,3.554,208285.3,94878
2026-09-20 00:45:00,3.554,3.559,3.545,3.549,136791.3,54066.2
2026-09-20 01:00:00,3.549,3.592,3.549,3.556,320461.9,167691.2
2026-09-20 01:15:00,3.557,3.581,3.554,3.555,323816.5,139246.2
2026-09-20 01:30:00,3.555,3.556,3.52,3.55,498745.1,211470.7
2026-09-20 01:45:00,3.551,3.565,3.546,3.56,208343.4,101363.6
2026-09-20 02:00:00,3.561,3.596,3.561,3.574,330203.7,158052.9
2026-09-20 02:15:00,3.574,3.588,3.538,3.541,302383.4,128147.5
2026-09-20 02:30:00,3.542,3.543,3.508,3.518,466513.6,211892.3
2026-09-20 02:45:00,3.518,3.536,3.468,3.486,1029008.7,431841.8
2026-09-20 03:00:00,3.486,3.54,3.469,3.51,845561,417795
2026-09-20 03:15:00,3.51,3.601,3.495,3.551,958228.9,476373.2
2026-09-20 03:30:00,3.551,3.552,3.494,3.506,324244.6,138770.2
2026-09-20 03:45:00,3.506,3.529,3.495,3.511,210588.1,94149.1
2026-09-20 04:00:00,3.511,3.516,3.467,3.481,298620.2,147351
2026-09-20 04:15:00,3.482,3.502,3.461,3.481,580888.8,286292.2
2026-09-20 04:30:00,3.481,3.499,3.466,3.476,566648.4,287029.7
2026-09-20 04:45:00,3.475,3.495,3.472,3.491,467761.7,233658.7
2026-09-20 05:00:00,3.49,3.492,3.474,3.486,418882.8,213677.7
2026-09-20 05:15:00,3.486,3.486,3.457,3.464,352035.5,176990.3
2026-09-20 05:30:00,3.464,3.484,3.464,3.47,333380.7,165249.8
2026-09-20 05:45:00,3.471,3.491,3.47,3.478,302661.7,151657
2026-09-20 06:00:00,3.477,3.483,3.457,3.469,532243.1,292173.1
2026-09-20 06:15:00,3.47,3.482,3.431,3.451,968205.5,386338.2
2026-09-20 06:30:00,3.45,3.452,3.424,3.437,770965,358551.1
2026-09-20 06:45:00,3.438,3.466,3.432,3.46,1225950.3,620707.7
2026-09-20 07:00:00,3.461,3.477,3.446,3.448,1433286.5,779980.7
2026-09-20 07:15:00,3.448,3.463,3.434,3.455,897293.4,487747.2
2026-09-20 07:30:00,3.455,3.485,3.45,3.469,560699.3,305887.2
2026-09-20 07:45:00,3.468,3.474,3.456,3.459,463260.9,255326.8
2026-09-20 08:00:00,3.46,3.535,3.46,3.525,806367.3,450895
2026-09-20 08:15:00,3.526,3.547,3.52,3.522,701181.5,388147.8
2026-09-20 08:30:00,3.523,3.54,3.506,3.511,1219347.7,534185.8
2026-09-20 08:45:00,3.512,3.52,3.493,3.511,735390.5,360851.1
2026-09-20 09:00:00,3.511,3.554,3.51,3.524,719757.6,360422.5
2026-09-20 09:15:00,3.524,3.551,3.523,3.534,3044193.7,1459273.2
2026-09-20 09:30:00,3.533,3.596,3.533,3.577,7463748.7,3746268.7
2026-09-20 09:45:00,3.577,3.586,3.528,3.541,6008958.8,2932987.3
2026-09-20 10:00:00,3.541,3.547,3.512,3.538,453697.8,243626
2026-09-20 10:15:00,3.538,3.566,3.527,3.532,267565.2,145880.3
2026-09-20 10:30:00,3.532,3.554,3.522,3.537,269132.5,136630.8
2026-09-20 10:45:00,3.536,3.568,3.531,3.563,223530.5,135288.6
2026-09-20 11:00:00,3.563,3.59,3.559,3.589,323502.1,168874.4
2026-09-20 11:15:00,3.589,3.594,3.559,3.579,278836.1,138159.1
2026-09-20 11:30:00,3.58,3.605,3.573,3.601,352559.2,184525.2
2026-09-20 11:45:00,3.601,3.671,3.601,3.617,1003392.3,664788
2026-09-20 12:00:00,3.616,3.646,3.584,3.626,616264.5,350002
2026-09-20 12:15:00,3.625,3.656,3.561,3.582,747239.4,439370.7
2026-09-20 12:30:00,3.582,3.643,3.568,3.638,536838,349499.2
2026-09-20 12:45:00,3.638,3.749,3.633,3.721,1951174.2,1224035.4
2026-09-20 13:00:00,3.721,3.756,3.703,3.707,1593216.6,864278
2026-09-20 13:15:00,3.708,3.723,3.666,3.69,987720.4,589560
2026-09-20 13:30:00,3.69,3.708,3.669,3.679,720627.1,403413.6
2026-09-20 13:45:00,3.678,3.707,3.646,3.704,660527.7,377073.3
2026-09-20 14:00:00,3.705,3.73,3.685,3.694,618812.7,291743.2
2026-09-20 14:15:00,3.694,3.705,3.657,3.68,631332.4,308648.8
2026-09-20 14:30:00,3.681,3.724,3.671,3.69,556081.6,260368.4
2026-09-20 14:45:00,3.69,3.705,3.671,3.679,498185.9,222629.8
2026-09-20 15:00:00,3.679,3.694,3.621,3.654,945576.5,457096
2026-09-20 15:15:00,3.655,3.774,3.65,3.721,2549121.4,1133204.5
2026-09-20 15:30:00,3.72,3.807,3.705,3.796,1258055.2,622738.5
2026-09-20 15:45:00,3.796,3.919,3.774,3.912,1649787.9,911358.8
2026-09-20 16:00:00,3.912,4,3.853,3.971,2789955.3,1433181.6
2026-09-20 16:15:00,3.972,4.2,3.972,4.192,3406261.9,1902882.3
2026-09-20 16:30:00,4.192,4.305,4.178,4.29,3558573,1828677.1
2026-09-20 16:45:00,4.29,4.294,4.174,4.249,2975779.1,1436635.2
2026-09-20 17:00:00,4.25,4.271,4.087,4.135,2536261.6,1080765.4
2026-09-20 17:15:00,4.135,4.164,4.097,4.145,1435473.6,723663.5
2026-09-20 17:30:00,4.145,4.197,4.095,4.134,1006921.3,480563.1
2026-09-20 17:45:00,4.134,4.146,4.039,4.048,1089685,433046.6
2026-09-20 18:00:00,4.048,4.1,4.019,4.028,781708.6,391172
2026-09-20 18:15:00,4.029,4.096,4.026,4.059,573049.6,253645.1
2026-09-20 18:30:00,4.059,4.076,3.981,4.011,763057.9,342788.8
2026-09-20 18:45:00,4.01,4.025,3.983,4.019,451246.9,211441.6
2026-09-20 19:00:00,4.02,4.078,3.994,4.051,463606.3,255654.4
2026-09-20 19:15:00,4.052,4.084,4.024,4.041,469347.3,210173.9
2026-09-20 19:30:00,4.041,4.133,4.032,4.126,472942.2,280681.7
2026-09-20 19:45:00,4.126,4.174,4.117,4.157,497580.7,259138.7
2026-09-20 20:00:00,4.158,4.2,4.102,4.113,689435.5,336865.6
2026-09-20 20:15:00,4.113,4.222,4.081,4.175,639650.2,352230.3
2026-09-20 20:30:00,4.174,4.225,4.153,4.213,467729.4,258847.5
2026-09-20 20:45:00,4.213,4.242,4.132,4.166,636672.8,284492.8
2026-09-20 21:00:00,4.165,4.165,4.071,4.134,769378.7,321647.5
2026-09-20 21:15:00,4.135,4.167,4.111,4.153,290220.9,134359.5
2026-09-20 21:30:00,4.152,4.22,4.135,4.148,458975.5,223657.5
2026-09-20 21:45:00,4.15,4.208,4.148,4.198,298789.1,112700.1
2026-09-20 22:00:00,4.199,4.273,4.163,4.259,770799.2,464606.8
2026-09-20 22:15:00,4.258,4.261,4.219,4.251,535514.5,311950.4
2026-09-20 22:30:00,4.25,4.259,4.069,4.078,677675.9,299486.2
2026-09-20 22:45:00,4.078,4.116,4.047,4.066,478491.6,240624.4
2026-09-20 23:00:00,4.066,4.15,4.063,4.138,516434.1,293681.3
2026-09-20 23:15:00,4.138,4.159,4.111,4.131,375210.8,193762.2
2026-09-20 23:30:00,4.131,4.191,4.131,4.176,402766.5,225710.5
2026-09-20 23:45:00,4.177,4.206,4.157,4.167,350441.7,173452.3
2026-09-21 00:00:00,4.167,4.255,4.16,4.202,1383343.3,800956.3
2026-09-21 00:15:00,4.202,4.28,4.181,4.246,838460.1,432489.2
2026-09-21 00:30:00,4.245,4.344,4.215,4.324,1198001.8,649144.8
2026-09-21 00:45:00,4.324,4.358,4.246,4.258,1471886.7,760229.8
2026-09-21 01:00:00,4.258,4.3,4.244,4.281,464743.2,265897.7
2026-09-21 01:15:00,4.281,4.3,4.175,4.211,779156.4,369760.9
2026-09-21 01:30:00,4.212,4.221,4.161,4.162,592137.4,268468.3
2026-09-21 01:45:00,4.163,4.183,4.116,4.156,762961.3,361184.2
2026-09-21 02:00:00,4.157,4.166,4.108,4.117,608902.2,296805.6
2026-09-21 02:15:00,4.115,4.2,4.1,4.192,671063.5,374514.3
2026-09-21 02:30:00,4.19,4.2,4.133,4.188,631787.9,365227.1
2026-09-21 02:45:00,4.188,4.254,4.179,4.239,545868.1,354068.6
2026-09-21 03:00:00,4.239,4.353,4.239,4.316,1131909.1,691594.9
2026-09-21 03:15:00,4.317,4.385,4.298,4.359,787375.5,390385.6
2026-09-21 03:30:00,4.359,4.363,4.319,4.36,416319,203379.7
2026-09-21 03:45:00,4.36,4.408,4.352,4.404,897427.5,469732.1
2026-09-21 04:00:00,4.404,4.424,4.36,4.402,894626.3,420278.7
2026-09-21 04:15:00,4.402,4.431,4.344,4.386,773960.8,377960.2
2026-09-21 04:30:00,4.385,4.454,4.374,4.414,914765.8,508750.3
2026-09-21 04:45:00,4.414,4.446,4.385,4.416,555197.9,271736.6
2026-09-21 05:00:00,4.415,4.44,4.336,4.355,744436.8,410555.4
2026-09-21 05:15:00,4.356,4.39,4.325,4.36,642154.4,364190
2026-09-21 05:30:00,4.36,4.363,4.287,4.318,620680.4,234158.5
2026-09-21 05:45:00,4.318,4.363,4.269,4.284,749242.2,445681.9
2026-09-21 06:00:00,4.284,4.291,4.199,4.252,1089488.8,429711.7
2026-09-21 06:15:00,4.251,4.29,4.222,4.28,1311523.8,580613.2
2026-09-21 06:30:00,4.279,4.327,4.223,4.258,1722910.4,869988.1
2026-09-21 06:45:00,4.258,4.292,4.255,4.28,381944.2,191838.3
2026-09-21 07:00:00,4.281,4.324,4.26,4.305,651363.9,394568.4
2026-09-21 07:15:00,4.306,4.31,4.251,4.263,375898.4,164444
2026-09-21 07:30:00,4.264,4.289,4.243,4.28,322360.5,150491.9
2026-09-21 07:45:00,4.28,4.31,4.26,4.267,413952.2,167901.7
2026-09-21 08:00:00,4.266,4.284,4.248,4.281,379498.7,203845.8
2026-09-21 08:15:00,4.281,4.374,4.279,4.35,677496.4,348620.2
2026-09-21 08:30:00,4.351,4.355,4.243,4.288,1048384.8,503558.4
2026-09-21 08:45:00,4.289,4.35,4.255,4.295,930556.4,531512.4
2026-09-21 09:00:00,4.296,4.299,4.265,4.295,530048.4,260265.1
2026-09-21 09:15:00,4.295,4.35,4.257,4.35,1124881.3,633929.4
2026-09-21 09:30:00,4.349,4.373,4.275,4.277,649598.2,294509.4
2026-09-21 09:45:00,4.277,4.32,4.207,4.212,747670.4,380230.1
2026-09-21 10:00:00,4.212,4.283,4.17,4.269,1492648.1,594397.3
2026-09-21 10:15:00,4.269,4.32,4.261,4.312,489474.3,256191.7
2026-09-21 10:30:00,4.311,4.314,4.265,4.269,441090.3,191107.2
2026-09-21 10:45:00,4.27,4.279,4.233,4.268,520782.4,300262.3
2026-09-21 11:00:00,4.267,4.267,4.188,4.194,444904.5,228210.3
2026-09-21 11:15:00,4.195,4.214,4.142,4.167,1146696.9,565047.4
2026-09-21 11:30:00,4.168,4.191,4.15,4.171,671159.7,363782
2026-09-21 11:45:00,4.172,4.191,4.16,4.176,705949,427388.7
2026-09-21 12:00:00,4.175,4.234,4.152,4.213,802140.2,542831.5
2026-09-21 12:15:00,4.214,4.226,4.162,4.192,582300.9,258951.1
2026-09-21 12:30:00,4.192,4.21,4.173,4.189,487499.9,260002.8
2026-09-21 12:45:00,4.189,4.196,4.126,4.176,1035314.7,555167.6
2026-09-21 13:00:00,4.177,4.193,4.141,4.152,559650.6,281989
2026-09-21 13:15:00,4.152,4.158,4.122,4.137,540071.4,275364.4
2026-09-21 13:30:00,4.137,4.176,4.13,4.136,435533,200256.9
2026-09-21 13:45:00,4.137,4.158,4.124,4.133,533304.6,291617.4
2026-09-21 14:00:00,4.134,4.136,4.075,4.103,922715.5,404380.5
2026-09-21 14:15:00,4.104,4.138,4.103,4.112,722117.7,451186
2026-09-21 14:30:00,4.112,4.12,4.066,4.087,840128.8,421386.2
2026-09-21 14:45:00,4.088,4.162,4.086,4.123,575021.5,304169.7
2026-09-21 15:00:00,4.123,4.132,4.053,4.06,1179246.8,654562.6
2026-09-21 15:15:00,4.059,4.063,4,4.03,1151602,544782.3
2026-09-21 15:30:00,4.029,4.063,4.004,4.053,583278.6,284623.8
2026-09-21 15:45:00,4.053,4.1,4.034,4.071,609867.7,355700.1
2026-09-21 16:00:00,4.071,4.079,4.031,4.066,506087.9,229785.3
2026-09-21 16:15:00,4.066,4.094,4.049,4.085,435569,233958.7
2026-09-21 16:30:00,4.085,4.11,4.059,4.081,466491.1,235022.2
2026-09-21 16:45:00,4.082,4.107,4.043,4.048,473224.9,233644.9
2026-09-21 17:00:00,4.047,4.049,3.96,3.977,1020077.5,385681.8
2026-09-21 17:15:00,3.977,4.027,3.964,4,739859.4,331366.1
2026-09-21 17:30:00,4,4.009,3.97,3.989,937574.3,447683.1
2026-09-21 17:45:00,3.989,3.99,3.918,3.932,1026075.6,476133.5
2026-09-21 18:00:00,3.932,4.014,3.916,3.997,676026.1,405437.8
2026-09-21 18:15:00,3.996,4.01,3.97,3.997,338470.7,186436.7
2026-09-21 18:30:00,3.997,4.012,3.986,4.01,230941.7,120080.9
2026-09-21 18:45:00,4.01,4.046,4.009,4.042,368897.6,187674.7
2026-09-21 19:00:00,4.042,4.105,4.021,4.103,590072.4,397821.3
2026-09-21 19:15:00,4.102,4.141,4.088,4.137,888843.7,504840.3
2026-09-21 19:30:00,4.136,4.16,4.118,4.145,732572.6,384268.5
2026-09-21 19:45:00,4.145,4.174,4.128,4.16,299886.4,156275
2026-09-21 20:00:00,4.161,4.163,4.062,4.093,886475.4,505907.2
2026-09-21 20:15:00,4.093,4.142,4.044,4.121,835762.2,409622.7
2026-09-21 20:30:00,4.121,4.142,4.049,4.058,483523.9,258315.2
2026-09-21 20:45:00,4.057,4.091,4.019,4.074,494002.5,269976.1
2026-09-21 21:00:00,4.073,4.123,4.065,4.111,225281.4,114054.2
2026-09-21 21:15:00,4.11,4.162,4.105,4.152,239016,120299.8
2026-09-21 21:30:00,4.152,4.157,4.111,4.128,180092.9,102586.9
2026-09-21 21:45:00,4.128,4.147,4.108,4.139,182833,121447.1
2026-09-21 22:00:00,4.139,4.171,4.12,4.167,425189.9,283582.9
2026-09-21 22:15:00,4.166,4.188,4.143,4.17,423663.8,251117.1
2026-09-21 22:30:00,4.17,4.223,4.161,4.22,360078,244430.2
2026-09-21 22:45:00,4.219,4.314,4.209,4.309,1170678.9,725679.4
2026-09-21 23:00:00,4.309,4.344,4.263,4.268,768933.8,355855.5
2026-09-21 23:15:00,4.269,4.283,4.246,4.254,329835.6,169350.4
2026-09-21 23:30:00,4.254,4.303,4.235,4.255,417163.4,210766.6
2026-09-21 23:45:00,4.255,4.292,4.248,4.271,205244.3,117979.6
2026-09-22 00:00:00,4.27,4.318,4.262,4.287,300838.4,166710.6
2026-09-22 00:15:00,4.288,4.296,4.206,4.28,554073.2,273942.4
2026-09-22 00:30:00,4.281,4.355,4.268,4.354,813843.2,424450.7
2026-09-22 00:45:00,4.355,4.358,4.285,4.312,689987,397369.2
2026-09-22 01:00:00,4.312,4.351,4.276,4.328,676101.8,344812.6
2026-09-22 01:15:00,4.328,4.409,4.282,4.381,816126,476904.1
2026-09-22 01:30:00,4.382,4.486,4.363,4.371,1270054.6,661734.3
2026-09-22 01:45:00,4.37,4.396,4.334,4.367,521989.2,262885.3
2026-09-22 02:00:00,4.367,4.408,4.34,4.358,432849,216496.7
2026-09-22 02:15:00,4.358,4.456,4.358,4.437,860520.3,477802.9
2026-09-22 02:30:00,4.436,4.586,4.423,4.534,1579064.1,802325.7
2026-09-22 02:45:00,4.534,4.575,4.432,4.482,1069541.5,503630.2
2026-09-22 03:00:00,4.481,4.52,4.411,4.458,704260,324814.5
2026-09-22 03:15:00,4.458,4.476,4.388,4.395,411379.2,161228.6
2026-09-22 03:30:00,4.396,4.437,4.372,4.405,508154.4,267818.4
2026-09-22 03:45:00,4.404,4.427,4.375,4.387,376295.3,191387.1
2026-09-22 04:00:00,4.388,4.4,4.302,4.312,742886.9,343076.1
2026-09-22 04:15:00,4.313,4.367,4.291,4.355,479604.5,245761.9
2026-09-22 04:30:00,4.356,4.364,4.311,4.332,354385.7,161659.2
2026-09-22 04:45:00,4.331,4.343,4.281,4.284,480088.3,209483.3
2026-09-22 05:00:00,4.285,4.29,4.243,4.277,1289384,559385.4
2026-09-22 05:15:00,4.277,4.313,4.268,4.294,429951.4,262324
2026-09-22 05:30:00,4.293,4.358,4.272,4.351,620346.8,349086
2026-09-22 05:45:00,4.352,4.45,4.341,4.404,534139,280662
2026-09-22 06:00:00,4.405,4.497,4.404,4.48,1025025.9,631437.8
2026-09-22 06:15:00,4.481,4.504,4.398,4.399,874724.9,421892.4
2026-09-22 06:30:00,4.399,4.435,4.383,4.398,550285.8,280023.1
2026-09-22 06:45:00,4.398,4.398,4.31,4.311,432061.2,202641.2
2026-09-22 07:00:00,4.311,4.372,4.308,4.317,421187.6,218724.8
2026-09-22 07:15:00,4.316,4.349,4.297,4.313,474071.2,261522.5
2026-09-22 07:30:00,4.313,4.373,4.313,4.366,436767.6,227318.7
2026-09-22 07:45:00,4.366,4.386,4.336,4.368,1170412.9,315917.9
2026-09-22 08:00:00,4.368,4.429,4.35,4.407,1553949.7,587265.3
2026-09-22 08:15:00,4.407,4.41,4.35,4.383,440902.7,225329.2
2026-09-22 08:30:00,4.383,4.485,4.369,4.475,828422.5,376716.9
2026-09-22 08:45:00,4.475,4.583,4.455,4.546,1248990.2,658339.2
2026-09-22 09:00:00,4.546,4.548,4.426,4.504,1445067.3,831871.1
2026-09-22 09:15:00,4.503,4.553,4.486,4.546,757049.1,414213.1
2026-09-22 09:30:00,4.546,4.559,4.498,4.509,471442.9,243216.2
2026-09-22 09:45:00,4.509,4.518,4.477,4.51,402170.4,212724.8
2026-09-22 10:00:00,4.51,4.516,4.461,4.466,429051.8,229640.3
2026-09-22 10:15:00,4.467,4.493,4.406,4.436,542805.9,248464
2026-09-22 10:30:00,4.435,4.495,4.418,4.465,562420.1,253413.4
2026-09-22 10:45:00,4.466,4.513,4.462,4.502,642445.4,350685.4
2026-09-22 11:00:00,4.502,4.552,4.47,4.542,654076.6,332918.4
2026-09-22 11:15:00,4.542,4.632,4.5,4.504,1596465.4,917468.5
2026-09-22 11:30:00,4.504,4.564,4.504,4.517,754062.5,410155.4
2026-09-22 11:45:00,4.517,4.593,4.492,4.559,844537.2,458471.8
2026-09-22 12:00:00,4.56,4.661,4.559,4.619,1683805.4,1058779.5
2026-09-22 12:15:00,4.618,4.65,4.569,4.644,1146874.5,565328.6
2026-09-22 12:30:00,4.643,4.663,4.573,4.579,1213200.1,557502.6
2026-09-22 12:45:00,4.579,4.624,4.56,4.594,1382226.2,749798.2
2026-09-22 13:00:00,4.594,4.629,4.548,4.569,1041883,506742.9
2026-09-22 13:15:00,4.57,4.573,4.51,4.529,979702.1,428950.3
2026-09-22 13:30:00,4.529,4.578,4.478,4.512,967231,366543.2
2026-09-22 13:45:00,4.512,4.514,4.426,4.439,1026931,403350.5
2026-09-22 14:00:00,4.44,4.444,4.291,4.37,2373101.8,1070865.4
2026-09-22 14:15:00,4.37,4.391,4.325,4.353,800163.6,408598.3
2026-09-22 14:30:00,4.353,4.358,4.295,4.325,990780.4,438356.9
2026-09-22 14:45:00,4.324,4.372,4.321,4.367,522645.3,248486.9
2026-09-22 15:00:00,4.367,4.431,4.357,4.407,1154252,616759.3
2026-09-22 15:15:00,4.407,4.449,4.39,4.435,934442.4,603256.4
2026-09-22 15:30:00,4.435,4.44,4.393,4.403,564701.7,331323.4
2026-09-22 15:45:00,4.404,4.413,4.355,4.41,581299.1,293140.7
2026-09-22 16:00:00,4.409,4.444,4.396,4.436,868508.5,485280.1
2026-09-22 16:15:00,4.436,4.476,4.422,4.467,575422,329952.9
2026-09-22 16:30:00,4.466,4.474,4.418,4.441,730175.2,367572.6
2026-09-22 16:45:00,4.441,4.463,4.408,4.447,441399.4,206396.5
2026-09-22 17:00:00,4.446,4.492,4.434,4.476,423344.8,241011.1
2026-09-22 17:15:00,4.476,4.479,4.42,4.434,278601.9,161225.7
2026-09-22 17:30:00,4.434,4.479,4.43,4.457,265323,127955
2026-09-22 17:45:00,4.457,4.46,4.42,4.424,260865.5,135263
2026-09-22 18:00:00,4.425,4.429,4.363,4.388,523874.7,251566.7
2026-09-22 18:15:00,4.388,4.402,4.338,4.353,1012653.9,257908.5
2026-09-22 18:30:00,4.352,4.367,4.33,4.352,393228.7,185859.6
2026-09-22 18:45:00,4.353,4.361,4.317,4.338,238952,110707.5
2026-09-22 19:00:00,4.339,4.367,4.333,4.357,245108.5,125033.4
2026-09-22 19:15:00,4.358,4.389,4.355,4.388,168376.8,101084.3
2026-09-22 19:30:00,4.389,4.4,4.349,4.351,290888.5,141527.6
2026-09-22 19:45:00,4.351,4.352,4.327,4.348,206415.3,86208.3
2026-09-22 20:00:00,4.348,4.357,4.227,4.275,1022221.3,423445.8
2026-09-22 20:15:00,4.276,4.297,4.244,4.293,363343.2,167004.2
2026-09-22 20:30:00,4.292,4.3,4.266,4.267,245623.5,133583.8
2026-09-22 20:45:00,4.267,4.299,4.266,4.296,172116.8,88549.4
2026-09-22 21:00:00,4.295,4.313,4.29,4.303,250409.4,118798.9
2026-09-22 21:15:00,4.303,4.318,4.297,4.304,144423.9,79301.8
2026-09-22 21:30:00,4.305,4.316,4.287,4.313,153816,85009.3
2026-09-22 21:45:00,4.312,4.357,4.307,4.345,261637.3,149431.4
2026-09-22 22:00:00,4.346,4.358,4.321,4.337,258803.7,158488.4
2026-09-22 22:15:00,4.336,4.364,4.324,4.358,296436.8,121656.6
2026-09-22 22:30:00,4.359,4.372,4.347,4.369,143734.1,72703.5
2026-09-22 22:45:00,4.37,4.412,4.369,4.394,257094.7,125913.4
2026-09-22 23:00:00,4.395,4.464,4.39,4.463,542226,311181.3
2026-09-22 23:15:00,4.462,4.467,4.416,4.422,669772,325436.9
2026-09-22 23:30:00,4.422,4.425,4.38,4.398,605672.3,289581.5
2026-09-22 23:45:00,4.398,4.427,4.389,4.426,402656.8,215675.5
2026-09-23 00:00:00,4.425,4.434,4.401,4.413,422925,201220
2026-09-23 00:15:00,4.414,4.422,4.389,4.397,203457.5,102338.1
2026-09-23 00:30:00,4.397,4.417,4.371,4.397,370607.8,175422.2
2026-09-23 00:45:00,4.396,4.42,4.366,4.38,270805.3,139237.8
2026-09-23 01:00:00,4.38,4.406,4.366,4.388,291094.3,159804.1
2026-09-23 01:15:00,4.389,4.401,4.345,4.356,288375.7,139896.5
2026-09-23 01:30:00,4.355,4.37,4.343,4.36,280359.7,159520.9
2026-09-23 01:45:00,4.36,4.363,4.32,4.334,306519.9,136562.6
2026-09-23 02:00:00,4.334,4.34,4.304,4.326,471460.3,242272
2026-09-23 02:15:00,4.325,4.355,4.311,4.32,504851.5,290960.2
2026-09-23 02:30:00,4.321,4.357,4.29,4.305,614564.2,292326.2
2026-09-23 02:45:00,4.305,4.346,4.284,4.33,508066.5,229337.5
2026-09-23 03:00:00,4.33,4.349,4.321,4.345,494677.8,237728.2
2026-09-23 03:15:00,4.345,4.37,4.334,4.355,531146.3,289775.7
2026-09-23 03:30:00,4.355,4.44,4.348,4.437,1030646.5,596821.3
2026-09-23 03:45:00,4.437,4.446,4.385,4.386,1011120.5,431400.4
2026-09-23 04:00:00,4.386,4.4,4.353,4.377,1117031.6,430992.5
2026-09-23 04:15:00,4.377,4.407,4.344,4.366,1129213.8,529667.7
2026-09-23 04:30:00,4.365,4.368,4.322,4.341,1299209.9,604633.7
2026-09-23 04:45:00,4.342,4.381,4.332,4.38,1056497.7,542261.9
2026-09-23 05:00:00,4.38,4.422,4.379,4.415,998691.8,472152.1
2026-09-23 05:15:00,4.415,4.548,4.413,4.536,2118398.3,1183075.5
2026-09-23 05:30:00,4.536,4.554,4.454,4.461,1549299,787255.5
2026-09-23 05:45:00,4.461,4.475,4.406,4.443,1429993.4,695025.2
2026-09-23 06:00:00,4.443,4.504,4.434,4.501,1203184,646176.2
2026-09-23 06:15:00,4.5,4.522,4.474,4.488,1535126.9,820588.8
2026-09-23 06:30:00,4.487,4.52,4.467,4.493,1587302.8,794585.8
2026-09-23 06:45:00,4.492,4.507,4.465,4.476,1694946.6,846061.9
2026-09-23 07:00:00,4.477,4.513,4.433,4.496,1849991.1,904286.3
2026-09-23 07:15:00,4.496,4.544,4.494,4.535,2225518.5,1131053.8
2026-09-23 07:30:00,4.536,4.541,4.399,4.43,2302601.7,1033400.3
2026-09-23 07:45:00,4.43,4.453,4.385,4.407,2295642.4,1013684.1
2026-09-23 08:00:00,4.407,4.429,4.369,4.426,3677413.4,1653183.3
2026-09-23 08:15:00,4.427,4.52,4.426,4.465,3195021.8,1565019.3
2026-09-23 08:30:00,4.464,4.574,4.464,4.567,3158539.8,1664106.8
2026-09-23 08:45:00,4.567,4.593,4.505,4.542,3639081.7,1799852.7
2026-09-23 09:00:00,4.541,4.641,4.532,4.623,4350165.4,2264698
2026-09-23 09:15:00,4.623,4.636,4.573,4.594,5473523.7,2775014.3
2026-09-23 09:30:00,4.595,4.653,4.591,4.605,4121377.4,2226185.9
2026-09-23 09:45:00,4.605,4.613,4.536,4.556,2535172.9,1307771.7
2026-09-23 10:00:00,4.555,4.64,4.51,4.523,1228017,613967.2
2026-09-23 10:15:00,4.522,4.584,4.506,4.562,607768,292900
2026-09-23 10:30:00,4.562,4.687,4.562,4.63,1261434.1,702768.7
2026-09-23 10:45:00,4.631,4.667,4.596,4.596,623114.1,290601.8
2026-09-23 11:00:00,4.596,4.626,4.561,4.567,420341.4,204050
2026-09-23 11:15:00,4.567,4.598,4.532,4.541,552047.4,251198.6
2026-09-23 11:30:00,4.541,4.577,4.522,4.572,517086,256728.1
2026-09-23 11:45:00,4.572,4.747,4.554,4.69,1804687.7,1068669.8
2026-09-23 12:00:00,4.691,4.785,4.648,4.754,2190998,1213159.4
2026-09-23 12:15:00,4.754,4.796,4.724,4.739,1080876.1,501367.9
2026-09-23 12:30:00,4.738,4.805,4.712,4.736,1079037.4,564892.7
2026-09-23 12:45:00,4.737,4.746,4.679,4.729,771883.4,438661.4
2026-09-23 13:00:00,4.729,4.739,4.635,4.644,1116429.1,603006.7
2026-09-23 13:15:00,4.644,4.675,4.629,4.653,465425.1,204748.3
2026-09-23 13:30:00,4.654,4.747,4.625,4.735,788423.6,435358.9
2026-09-23 13:45:00,4.734,4.756,4.702,4.743,510784.8,256774.7
2026-09-23 14:00:00,4.744,4.775,4.415,4.582,3741185.7,1736253.7
2026-09-23 14:15:00,4.582,4.597,4.409,4.435,3486360.6,1740800.5
2026-09-23 14:30:00,4.435,4.656,4.406,4.634,2838395.5,1619532.5
2026-09-23 14:45:00,4.634,4.67,4.535,4.65,1696362.9,1023633.1
2026-09-23 15:00:00,4.65,4.733,4.62,4.726,1441041,830266.3
2026-09-23 15:15:00,4.726,4.74,4.567,4.579,1293180.9,565908.5
2026-09-23 15:30:00,4.58,4.59,4.45,4.465,1712564.9,881155
2026-09-23 15:45:00,4.465,4.502,4.15,4.216,3998163.3,1814995
2026-09-23 16:00:00,4.217,4.332,4.03,4.259,4599558,2394006.7
2026-09-23 16:15:00,4.258,4.28,4.202,4.231,1291099.9,621267.5
2026-09-23 16:30:00,4.232,4.289,4.19,4.259,1102406.1,515501
2026-09-23 16:45:00,4.259,4.329,4.243,4.318,1305551.1,660188.9
2026-09-23 17:00:00,4.317,4.334,4.226,4.308,1337723.1,593518.8
2026-09-23 17:15:00,4.307,4.383,4.305,4.352,1188560.6,585256.7
2026-09-23 17:30:00,4.351,4.421,4.341,4.414,1139939.6,634611.8
2026-09-23 17:45:00,4.413,4.429,4.366,4.386,743366.8,403204.4
2026-09-23 18:00:00,4.385,4.386,4.282,4.285,878616.3,410464.5
2026-09-23 18:15:00,4.285,4.321,4.265,4.316,419348.7,204472.1
2026-09-23 18:30:00,4.316,4.369,4.294,4.367,389764.8,187597.1
2026-09-23 18:45:00,4.366,4.484,4.366,4.408,1022232.3,510450.5
2026-09-23 19:00:00,4.409,4.437,4.342,4.361,615641.1,275640.5
2026-09-23 19:15:00,4.362,4.409,4.323,4.391,503040.4,254392.7
2026-09-23 19:30:00,4.391,4.422,4.361,4.375,285060.6,164509.7
2026-09-23 19:45:00,4.375,4.439,4.373,4.405,376519.8,215591.1
2026-09-23 20:00:00,4.405,4.45,4.38,4.41,554357.9,265274.1
2026-09-23 20:15:00,4.409,4.443,4.33,4.338,410777.6,192651.8
2026-09-23 20:30:00,4.339,4.365,4.301,4.352,597772.7,305915.9
2026-09-23 20:45:00,4.352,4.4,4.332,4.39,251359,136276.5
2026-09-23 21:00:00,4.389,4.392,4.296,4.311,438860.4,208717.4
2026-09-23 21:15:00,4.311,4.342,4.292,4.336,195411.7,93174.3
2026-09-23 21:30:00,4.335,4.406,4.308,4.377,278913.8,149207
2026-09-23 21:45:00,4.376,4.388,4.329,4.371,143444.8,69468.4
2026-09-23 22:00:00,4.371,4.438,4.344,4.38,376466,217672.5
2026-09-23 22:15:00,4.381,4.403,4.329,4.329,375932.3,225061.3
2026-09-23 22:30:00,4.329,4.329,4.27,4.278,887732.4,533371
2026-09-23 22:45:00,4.278,4.361,4.276,4.326,322558.5,182415.9
2026-09-23 23:00:00,4.326,4.356,4.307,4.347,379304.4,226867.9
2026-09-23 23:15:00,4.346,4.356,4.294,4.295,296438.4,183101.9
2026-09-23 23:30:00,4.295,4.299,4.241,4.276,283608.8,137677.6
2026-09-23 23:45:00,4.275,4.336,4.275,4.332,134294,68149.1
2026-09-24 00:00:00,4.332,4.359,4.291,4.302,287952.4,134926
2026-09-24 00:15:00,4.302,4.345,4.287,4.315,256690.6,141428.6
2026-09-24 00:30:00,4.316,4.355,4.298,4.308,222270.5,116308.7
2026-09-24 00:45:00,4.308,4.315,4.271,4.292,213256.6,114010
2026-09-24 01:00:00,4.293,4.302,4.251,4.258,275586.3,105188.6
2026-09-24 01:15:00,4.258,4.274,4.213,4.248,434180.3,202779.5
2026-09-24 01:30:00,4.247,4.336,4.24,4.271,375578.5,204938.5
2026-09-24 01:45:00,4.271,4.323,4.268,4.308,253646.6,134200.1
2026-09-24 02:00:00,4.308,4.388,4.271,4.387,390451.1,215068.9
2026-09-24 02:15:00,4.386,4.418,4.345,4.36,698363.4,342256.2
2026-09-24 02:30:00,4.359,4.381,4.333,4.363,329438.5,170015.9
2026-09-24 02:45:00,4.363,4.4,4.342,4.363,439758.5,265776
2026-09-24 03:00:00,4.363,4.404,4.362,4.395,401750,209799.9
2026-09-24 03:15:00,4.395,4.438,4.332,4.343,790575.5,337738.9
2026-09-24 03:30:00,4.342,4.356,4.315,4.337,258662.3,134092.2
2026-09-24 03:45:00,4.337,4.397,4.332,4.369,292024.2,138400.4
2026-09-24 04:00:00,4.37,4.42,4.347,4.39,673536.4,353546.2
2026-09-24 04:15:00,4.389,4.401,4.328,4.399,347880.5,191804.4
2026-09-24 04:30:00,4.4,4.445,4.395,4.441,501157.6,338371.9
2026-09-24 04:45:00,4.441,4.541,4.416,4.496,799236.4,498781.2
2026-09-24 05:00:00,4.495,4.552,4.472,4.509,846402,426173.8
2026-09-24 05:15:00,4.509,4.521,4.44,4.441,538238.7,332377.3
2026-09-24 05:30:00,4.441,4.45,4.394,4.449,747848.1,497323.7
2026-09-24 05:45:00,4.448,4.458,4.316,4.316,797917.6,417355.2
2026-09-24 06:00:00,4.316,4.316,4.25,4.271,962385.7,500259.2
2026-09-24 06:15:00,4.27,4.297,4.265,4.289,235242.8,136314
2026-09-24 06:30:00,4.289,4.298,4.268,4.287,248044.7,142313
2026-09-24 06:45:00,4.287,4.343,4.283,4.335,312562.2,205072
2026-09-24 07:00:00,4.334,4.337,4.25,4.272,543052.1,278883.6
2026-09-24 07:15:00,4.271,4.296,4.259,4.287,247025.9,159062.5
2026-09-24 07:30:00,4.288,4.316,4.276,4.276,414130.6,249225
2026-09-24 07:45:00,4.276,4.386,4.266,4.359,899547.9,560083.7
2026-09-24 08:00:00,4.359,4.368,4.309,4.324,579102.8,384700.7
2026-09-24 08:15:00,4.325,4.327,4.252,4.255,398472,219674.4
2026-09-24 08:30:00,4.255,4.287,4.218,4.227,630372.1,302280.6
2026-09-24 08:45:00,4.225,4.263,4.18,4.251,797515.3,334544.1
2026-09-24 09:00:00,4.252,4.262,4.18,4.184,559797.8,248990.4
2026-09-24 09:15:00,4.185,4.197,4.1,4.167,1331638.4,623396.4
2026-09-24 09:30:00,4.168,4.242,4.143,4.205,830807.8,502065.7
2026-09-24 09:45:00,4.204,4.224,4.176,4.193,278131.1,160996.9
2026-09-24 10:00:00,4.192,4.208,4.158,4.198,336520.8,168807.9
2026-09-24 10:15:00,4.197,4.208,4.178,4.18,256719,158893.9
2026-09-24 10:30:00,4.179,4.2,4.166,4.173,295873.7,140963.7
2026-09-24 10:45:00,4.173,4.203,4.171,4.192,225945.7,153781.1
2026-09-24 11:00:00,4.191,4.286,4.191,4.273,372051.4,213952.7
2026-09-24 11:15:00,4.274,4.299,4.249,4.258,354086.6,203957.8
2026-09-24 11:30:00,4.258,4.329,4.25,4.29,518572.7,310781.3
2026-09-24 11:45:00,4.29,4.337,4.279,4.327,370928.2,220320.3
2026-09-24 12:00:00,4.326,4.385,4.309,4.366,575645.2,346728.2
2026-09-24 12:15:00,4.366,4.435,4.347,4.403,860716.9,509730.8
2026-09-24 12:30:00,4.404,4.413,4.361,4.378,488910.8,272102
2026-09-24 12:45:00,4.378,4.439,4.371,4.414,404480.8,225245.2
2026-09-24 13:00:00,4.415,4.454,4.395,4.437,637266,397725.8
2026-09-24 13:15:00,4.436,4.548,4.434,4.49,1375940.2,719210.8
2026-09-24 13:30:00,4.489,4.541,4.476,4.497,850321.3,438963.6
2026-09-24 13:45:00,4.497,4.516,4.476,4.504,389274,210653.3
2026-09-24 14:00:00,4.503,4.548,4.476,4.481,761912.4,360749.4
2026-09-24 14:15:00,4.48,4.72,4.459,4.612,2028510.5,1169269.9
2026-09-24 14:30:00,4.612,4.754,4.593,4.659,2163650.9,1008267.5
2026-09-24 14:45:00,4.659,4.667,4.458,4.5,2299568.7,1256674.9
2026-09-24 15:00:00,4.499,4.55,4.453,4.472,779436.9,412314.6
2026-09-24 15:15:00,4.471,4.524,4.448,4.499,605993.2,299502.2
2026-09-24 15:30:00,4.499,4.601,4.492,4.571,974062.9,418383.4
2026-09-24 15:45:00,4.571,4.608,4.541,4.581,527292.4,252306.2
2026-09-24 16:00:00,4.582,4.599,4.523,4.556,765750.3,459421
2026-09-24 16:15:00,4.557,4.743,4.557,4.71,1920323.1,1047675.9
2026-09-24 16:30:00,4.71,4.753,4.658,4.662,996306.7,552297.8
2026-09-24 16:45:00,4.661,4.72,4.653,4.708,565090.4,302963.6
2026-09-24 17:00:00,4.707,4.743,4.675,4.693,623972.4,326643.9
2026-09-24 17:15:00,4.692,4.721,4.67,4.691,527890.6,278098.1
2026-09-24 17:30:00,4.691,4.695,4.589,4.608,627012.9,296424.4
2026-09-24 17:45:00,4.609,4.687,4.602,4.685,545945.4,274783.2
2026-09-24 18:00:00,4.685,4.703,4.622,4.66,842450.5,440848.1
2026-09-24 18:15:00,4.659,4.69,4.634,4.659,348982,183149.7
2026-09-24 18:30:00,4.659,4.672,4.596,4.602,329511.2,162042.9
2026-09-24 18:45:00,4.603,4.654,4.59,4.635,194371.3,107845.5
2026-09-24 19:00:00,4.635,4.658,4.605,4.638,253853.3,123441.4
2026-09-24 19:15:00,4.639,4.827,4.637,4.8,1550745.6,971797.6
2026-09-24 19:30:00,4.799,4.818,4.694,4.708,812845.1,414215.6
2026-09-24 19:45:00,4.709,4.775,4.69,4.763,368551.4,195863
2026-09-24 20:00:00,4.764,4.817,4.717,4.736,546771.2,302444.4
2026-09-24 20:15:00,4.737,4.763,4.65,4.654,474990.4,213312.9
2026-09-24 20:30:00,4.655,4.66,4.595,4.633,575849,319026.1
2026-09-24 20:45:00,4.634,4.706,4.622,4.67,340193.6,181212.9
2026-09-24 21:00:00,4.669,4.697,4.651,4.679,193163.3,91602.9
2026-09-24 21:15:00,4.678,4.756,4.673,4.736,303176.5,172133.1
2026-09-24 21:30:00,4.737,4.751,4.673,4.692,252645.3,109909.5
2026-09-24 21:45:00,4.692,4.7,4.598,4.601,319813,156848.8
2026-09-24 22:00:00,4.602,4.608,4.56,4.564,492759.2,214602.2
2026-09-24 22:15:00,4.563,4.587,4.544,4.555,334738.8,160969.9
2026-09-24 22:30:00,4.555,4.638,4.55,4.615,323318.9,160965.6
2026-09-24 22:45:00,4.615,4.63,4.573,4.582,224625,103612.3
2026-09-24 23:00:00,4.583,4.625,4.575,4.597,187979.4,81965.2
2026-09-24 23:15:00,4.597,4.611,4.577,4.602,163507.6,70357.6
2026-09-24 23:30:00,4.602,4.652,4.602,4.642,301227.4,156052.1
2026-09-24 23:45:00,4.643,4.645,4.578,4.591,329769.4,175399.9
2026-09-25 00:00:00,4.59,4.696,4.587,4.67,365954,221321.8
2026-09-25 00:15:00,4.671,4.671,4.596,4.611,241458.3,100594.6
2026-09-25 00:30:00,4.612,4.643,4.595,4.596,118386.4,60318.5
2026-09-25 00:45:00,4.597,4.619,4.582,4.593,168128.4,80082.6
2026-09-25 01:00:00,4.594,4.626,4.586,4.595,195490.1,88220.9
2026-09-25 01:15:00,4.595,4.608,4.554,4.565,253130.1,110843.2
2026-09-25 01:30:00,4.566,4.57,4.521,4.548,290790.3,127155.6
2026-09-25 01:45:00,4.547,4.562,4.54,4.56,144189.7,64508.1
2026-09-25 02:00:00,4.559,4.644,4.552,4.64,279292.4,127767.4
2026-09-25 02:15:00,4.639,4.65,4.604,4.611,170111,92016.3
2026-09-25 02:30:00,4.612,4.629,4.473,4.489,900332.4,378650.7
2026-09-25 02:45:00,4.49,4.502,4.439,4.49,541307.9,275202.7
2026-09-25 03:00:00,4.49,4.53,4.481,4.487,327150.1,175774.2
2026-09-25 03:15:00,4.487,4.495,4.466,4.486,202855.7,106462.8
2026-09-25 03:30:00,4.487,4.488,4.453,4.463,331381.1,195056.7
2026-09-25 03:45:00,4.463,4.475,4.448,4.466,167903,90253.5
2026-09-25 04:00:00,4.466,4.48,4.445,4.452,313690.7,192573.7
2026-09-25 04:15:00,4.453,4.498,4.444,4.489,253988.8,184249.9
2026-09-25 04:30:00,4.489,4.505,4.479,4.487,269064.2,170083.4
2026-09-25 04:45:00,4.487,4.513,4.466,4.5,180748.9,128263.2
2026-09-25 05:00:00,4.5,4.518,4.49,4.491,319370.2,206247.2
2026-09-25 05:15:00,4.492,4.521,4.472,4.506,234158.5,162175.2
2026-09-25 05:30:00,4.506,4.518,4.478,4.493,260481.5,136033.3
2026-09-25 05:45:00,4.494,4.516,4.486,4.505,217045.2,150117.4
2026-09-25 06:00:00,4.506,4.533,4.484,4.531,225716.8,132170.1
2026-09-25 06:15:00,4.531,4.546,4.509,4.509,268845.8,177839.6
2026-09-25 06:30:00,4.509,4.522,4.469,4.503,228142.4,124434.8
2026-09-25 06:45:00,4.502,4.521,4.493,4.497,185887,83533.3
2026-09-25 07:00:00,4.497,4.498,4.457,4.47,343466.9,199919.6
2026-09-25 07:15:00,4.471,4.519,4.471,4.503,315000.5,193641.6
2026-09-25 07:30:00,4.503,4.529,4.489,4.497,302151.8,182798.9
2026-09-25 07:45:00,4.497,4.527,4.494,4.524,157950,73859.9
2026-09-25 08:00:00,4.524,4.576,4.519,4.566,258898.8,152394.3
2026-09-25 08:15:00,4.567,4.669,4.561,4.642,613721.1,388798.3
2026-09-25 08:30:00,4.641,4.654,4.61,4.618,302001.1,139926.2
2026-09-25 08:45:00,4.619,4.715,4.615,4.708,467649.9,315855
2026-09-25 09:00:00,4.707,4.754,4.697,4.728,986284.4,493989.8
2026-09-25 09:15:00,4.728,4.938,4.723,4.934,2317188.8,1404889
2026-09-25 09:30:00,4.933,5.013,4.912,4.989,2877692.9,1688793.8
2026-09-25 09:45:00,4.99,5.053,4.864,4.914,1929953.8,984493.3
2026-09-25 10:00:00,4.914,4.962,4.893,4.936,863732,416952.2
2026-09-25 10:15:00,4.935,5.013,4.93,4.993,980839.4,575231.3
2026-09-25 10:30:00,4.992,4.999,4.945,4.987,680204,375137.5
2026-09-25 10:45:00,4.986,5,4.933,4.959,566214.6,260313.7
2026-09-25 11:00:00,4.959,5.056,4.959,5.024,985779.2,573443
2026-09-25 11:15:00,5.025,5.045,4.986,5.04,669435.1,356879.6
2026-09-25 11:30:00,5.04,5.061,4.993,5.008,695349.3,352046.9
2026-09-25 11:45:00,5.008,5.03,4.976,5.026,855615,475723.9
2026-09-25 12:00:00,5.026,5.09,5.013,5.036,803745.9,431557.9
2026-09-25 12:15:00,5.035,5.056,4.889,5.048,2246291.1,962101.1
2026-09-25 12:30:00,5.048,5.114,5.026,5.046,1352902.5,644367.4
2026-09-25 12:45:00,5.045,5.069,4.988,5.053,621731.5,290628
2026-09-25 13:00:00,5.054,5.146,5.035,5.094,947927.3,475941.9
2026-09-25 13:15:00,5.095,5.136,5.069,5.081,593735.6,268494.8
2026-09-25 13:30:00,5.08,5.158,5.043,5.107,910538.2,456055.1
2026-09-25 13:45:00,5.107,5.188,5.034,5.173,1383408.8,682350.7
2026-09-25 14:00:00,5.174,5.183,5.007,5.053,1673841.2,716663.3
2026-09-25 14:15:00,5.052,5.098,5.009,5.064,774704.3,356399.1
2026-09-25 14:30:00,5.065,5.15,5.043,5.066,892708.3,453425.3
2026-09-25 14:45:00,5.066,5.124,5.009,5.119,601601.5,247618.3
2026-09-25 15:00:00,5.12,5.151,5.079,5.118,553261.1,297157.7
2026-09-25 15:15:00,5.118,5.144,5.079,5.082,854063,433401.5
2026-09-25 15:30:00,5.082,5.123,5.049,5.077,927149.7,434905.3
2026-09-25 15:45:00,5.077,5.122,5.034,5.098,838124.2,369029.8
2026-09-25 16:00:00,5.098,5.211,5.092,5.164,1525736,839316.2
2026-09-25 16:15:00,5.164,5.192,5.1,5.168,636047.6,370367.2
2026-09-25 16:30:00,5.169,5.195,5.1,5.125,547129.8,242465.4
2026-09-25 16:45:00,5.125,5.137,5.021,5.033,683840.7,241956.1
2026-09-25 17:00:00,5.033,5.133,5.024,5.081,470348.5,225991.3
2026-09-25 17:15:00,5.08,5.084,4.922,4.924,709207.5,290638
2026-09-25 17:30:00,4.924,5.012,4.917,4.991,540768.3,296534.3
2026-09-25 17:45:00,4.99,5.013,4.95,4.981,352717.3,190926.9
2026-09-25 18:00:00,4.981,4.989,4.946,4.964,176495.9,88148.1
2026-09-25 18:15:00,4.963,5.009,4.956,4.97,304585.6,150625.3
2026-09-25 18:30:00,4.969,5.004,4.961,5.004,130979.5,76469.8
2026-09-25 18:45:00,5.004,5.033,4.99,5.022,210508.5,112017.2
2026-09-25 19:00:00,5.022,5.077,4.992,5.072,272239.9,168007.2
2026-09-25 19:15:00,5.073,5.121,5.054,5.112,324990.5,169202.2
2026-09-25 19:30:00,5.112,5.137,5.086,5.1,314837.7,181557
2026-09-25 19:45:00,5.1,5.132,5.034,5.036,462436.1,256353.8
2026-09-25 20:00:00,5.036,5.076,5.034,5.059,285873.1,176025.3
2026-09-25 20:15:00,5.058,5.147,5.056,5.112,237421.8,135414.3
2026-09-25 20:30:00,5.113,5.148,5.084,5.12,225806.9,134243
2026-09-25 20:45:00,5.121,5.129,5.067,5.072,173443.4,93418.5
2026-09-25 21:00:00,5.072,5.119,5.061,5.084,222758.2,96364.1
2026-09-25 21:15:00,5.084,5.084,4.956,4.985,452516.2,180319.7
2026-09-25 21:30:00,4.985,5.004,4.877,4.897,592032.8,280272
2026-09-25 21:45:00,4.896,4.934,4.854,4.928,434863.2,249626.7
2026-09-25 22:00:00,4.928,4.99,4.909,4.973,306812.3,161387.9
2026-09-25 22:15:00,4.973,4.986,4.925,4.94,279797.3,119633.8
2026-09-25 22:30:00,4.94,4.976,4.94,4.963,218165.4,116274.3
2026-09-25 22:45:00,4.963,4.976,4.936,4.963,211897,143195.4
2026-09-25 23:00:00,4.963,4.997,4.953,4.976,223241.1,109324.9
2026-09-25 23:15:00,4.976,4.985,4.948,4.965,125206.1,66670.2
2026-09-25 23:30:00,4.966,4.988,4.954,4.965,149217.1,71441.2
2026-09-25 23:45:00,4.964,4.976,4.945,4.95,135558.9,66703.7
2026-09-26 00:00:00,4.95,4.978,4.934,4.945,302291.3,157671.1
2026-09-26 00:15:00,4.945,4.96,4.924,4.928,187030.5,99783
2026-09-26 00:30:00,4.928,4.938,4.889,4.922,407779.3,220689.5
2026-09-26 00:45:00,4.922,4.967,4.884,4.9,289787.6,155502.8
2026-09-26 01:00:00,4.9,4.923,4.881,4.913,289676.2,186456.2
2026-09-26 01:15:00,4.912,4.95,4.903,4.938,160916.8,84295.5
2026-09-26 01:30:00,4.938,4.999,4.931,4.959,450471.1,265754.9
2026-09-26 01:45:00,4.959,4.971,4.928,4.938,241780.9,133961.3
2026-09-26 02:00:00,4.937,4.942,4.871,4.896,577648.2,253938.9
2026-09-26 02:15:00,4.896,4.923,4.885,4.885,266187.3,105173.1
2026-09-26 02:30:00,4.886,4.915,4.876,4.902,209704,103922.9
2026-09-26 02:45:00,4.902,4.919,4.874,4.888,155292.8,76408.8
2026-09-26 03:00:00,4.888,4.927,4.848,4.877,362293.8,185679.9
2026-09-26 03:15:00,4.878,4.911,4.85,4.909,248540.9,126586.9
2026-09-26 03:30:00,4.908,4.921,4.869,4.87,270245.7,122107.1
2026-09-26 03:45:00,4.869,4.884,4.868,4.882,128973.9,84384.5
2026-09-26 04:00:00,4.881,4.915,4.874,4.894,171264.7,98070.3
2026-09-26 04:15:00,4.894,4.906,4.863,4.889,234607.1,148373.9
2026-09-26 04:30:00,4.889,4.92,4.881,4.915,206295.3,102809.1
2026-09-26 04:45:00,4.916,4.925,4.888,4.889,138798.4,84487.2
2026-09-26 05:00:00,4.89,4.89,4.857,4.885,170127,90039.3
2026-09-26 05:15:00,4.885,4.908,4.872,4.898,153638.4,70116.6
2026-09-26 05:30:00,4.898,4.926,4.883,4.922,183520.1,99832.5
2026-09-26 05:45:00,4.921,4.932,4.884,4.899,174607.8,73319.7
2026-09-26 06:00:00,4.899,4.923,4.884,4.894,164911.3,77475.6
2026-09-26 06:15:00,4.893,4.954,4.885,4.931,215019,112582.9
2026-09-26 06:30:00,4.931,4.969,4.914,4.947,431133.7,201829.4
2026-09-26 06:45:00,4.947,4.95,4.92,4.927,143070.8,67510.7
2026-09-26 07:00:00,4.928,4.95,4.913,4.95,151449,79657.9
2026-09-26 07:15:00,4.949,4.95,4.905,4.913,323319.9,181749
2026-09-26 07:30:00,4.914,4.919,4.887,4.891,302071,152583.6
2026-09-26 07:45:00,4.892,4.897,4.832,4.859,445728.7,222154.2
2026-09-26 08:00:00,4.859,4.863,4.833,4.842,316456.8,156856.8
2026-09-26 08:15:00,4.841,4.868,4.825,4.863,295385.4,196989.7
2026-09-26 08:30:00,4.863,4.894,4.856,4.88,377316.4,214308.8
2026-09-26 08:45:00,4.879,4.88,4.829,4.833,238020,116843
2026-09-26 09:00:00,4.834,4.914,4.802,4.887,1603648.8,868368.8
2026-09-26 09:15:00,4.887,4.891,4.854,4.857,249725.4,110464.5
2026-09-26 09:30:00,4.856,4.864,4.797,4.836,494704.5,220170.6
2026-09-26 09:45:00,4.836,4.872,4.799,4.872,641634.2,268920.1
2026-09-26 10:00:00,4.871,4.946,4.861,4.942,450786.6,253025
2026-09-26 10:15:00,4.942,4.974,4.918,4.921,511432.9,256322.5
2026-09-26 10:30:00,4.921,4.927,4.886,4.888,210601.5,81280.8
2026-09-26 10:45:00,4.889,4.913,4.879,4.901,192481.5,105709.6
2026-09-26 11:00:00,4.901,4.935,4.888,4.935,280115.6,141233.1
2026-09-26 11:15:00,4.935,4.968,4.928,4.964,173323,100276
2026-09-26 11:30:00,4.962,4.964,4.931,4.943,250017.9,94498.7
2026-09-26 11:45:00,4.944,4.944,4.894,4.896,271997.2,73771
2026-09-26 12:00:00,4.896,4.944,4.882,4.943,365328.2,200562.6
2026-09-26 12:15:00,4.942,4.945,4.856,4.859,321852.9,130746.4
2026-09-26 12:30:00,4.859,4.872,4.803,4.813,668797.9,244776.5
2026-09-26 12:45:00,4.813,4.853,4.807,4.85,292853.8,140595.8
2026-09-26 13:00:00,4.851,4.858,4.814,4.815,200076.5,90957.2
2026-09-26 13:15:00,4.816,4.833,4.781,4.804,476048.2,176249.9
2026-09-26 13:30:00,4.805,4.813,4.763,4.807,310840.4,118966.5
2026-09-26 13:45:00,4.806,4.834,4.8,4.822,212894.8,79074.5
2026-09-26 14:00:00,4.822,4.838,4.812,4.833,145638.7,59838.7
2026-09-26 14:15:00,4.834,4.84,4.819,4.838,95786.7,50793.4
2026-09-26 14:30:00,4.837,4.849,4.83,4.844,147584.9,77038.5
2026-09-26 14:45:00,4.844,4.848,4.829,4.845,157072.8,63511
2026-09-26 15:00:00,4.846,4.847,4.818,4.837,211986,91150.8
2026-09-26 15:15:00,4.837,4.87,4.835,4.85,252013.9,120762.6
2026-09-26 15:30:00,4.851,4.872,4.82,4.83,378880.3,122174.6
2026-09-26 15:45:00,4.83,4.855,4.818,4.846,181026,82705.8
2026-09-26 16:00:00,4.846,4.87,4.813,4.824,207925.9,92529.1
2026-09-26 16:15:00,4.824,4.838,4.804,4.819,141273.3,66039.9
2026-09-26 16:30:00,4.819,4.84,4.818,4.825,121736.6,52982.3
2026-09-26 16:45:00,4.825,4.83,4.81,4.82,142564.3,66028.5
2026-09-26 17:00:00,4.82,4.838,4.801,4.837,209438.3,111414.8
2026-09-26 17:15:00,4.838,4.906,4.822,4.894,398066.6,199829.2
2026-09-26 17:30:00,4.894,4.913,4.84,4.848,241262.7,104343.7
2026-09-26 17:45:00,4.847,4.88,4.828,4.879,162960.1,77660.4
2026-09-26 18:00:00,4.878,4.878,4.84,4.855,168385.5,98928.1
2026-09-26 18:15:00,4.856,4.864,4.836,4.838,65841.1,31600.5
2026-09-26 18:30:00,4.838,4.849,4.808,4.81,108855,50155.9
2026-09-26 18:45:00,4.811,4.827,4.803,4.819,97751.3,44403.9
2026-09-26 19:00:00,4.819,4.838,4.819,4.833,72427.1,38883.2
2026-09-26 19:15:00,4.833,4.833,4.818,4.818,54123.6,26571.3
2026-09-26 19:30:00,4.818,4.832,4.797,4.832,118071.5,40537.4
2026-09-26 19:45:00,4.832,4.842,4.825,4.836,84573.3,49890.4
2026-09-26 20:00:00,4.835,4.863,4.831,4.852,163697.4,80626.6
2026-09-26 20:15:00,4.851,4.856,4.824,4.824,74472.1,38232.6
2026-09-26 20:30:00,4.823,4.824,4.732,4.767,389965.3,152165.1
2026-09-26 20:45:00,4.767,4.796,4.752,4.791,181717.1,79056.2
2026-09-26 21:00:00,4.79,4.816,4.784,4.811,80726.5,37172.4
2026-09-26 21:15:00,4.811,4.903,4.809,4.895,370892.3,227516.8
2026-09-26 21:30:00,4.894,4.944,4.894,4.908,518422.3,322982.1
2026-09-26 21:45:00,4.908,5.05,4.886,5.041,784158.5,508523.1
2026-09-26 22:00:00,5.041,5.046,4.991,5.019,423254.7,216954.5
2026-09-26 22:15:00,5.02,5.04,4.954,4.957,387397.5,190759.6
2026-09-26 22:30:00,4.957,4.985,4.924,4.936,260847.8,132707
2026-09-26 22:45:00,4.936,4.987,4.934,4.968,224855.2,133965.4
2026-09-26 23:00:00,4.967,5.019,4.967,4.991,223112.1,118753.8
2026-09-26 23:15:00,4.99,4.996,4.942,4.955,185023.8,99340.4
2026-09-26 23:30:00,4.954,4.997,4.941,4.983,172838.4,90714.5
2026-09-26 23:45:00,4.983,5.042,4.983,5.038,386292.7,203381.1
2026-09-27 00:00:00,5.037,5.054,5.009,5.022,354364.5,202829.8
2026-09-27 00:15:00,5.022,5.136,5.006,5.124,527965.3,317657.9
2026-09-27 00:30:00,5.124,5.157,5.076,5.077,592772.8,282076.6
2026-09-27 00:45:00,5.078,5.082,5.038,5.055,231362,110434.5
2026-09-27 01:00:00,5.055,5.107,5.023,5.089,309157,160400.8
2026-09-27 01:15:00,5.089,5.1,5.03,5.056,238266.7,115214.3
2026-09-27 01:30:00,5.057,5.107,5.051,5.099,286424.3,153828.5
2026-09-27 01:45:00,5.1,5.116,5.075,5.112,257505.7,165283.5
2026-09-27 02:00:00,5.112,5.17,5.103,5.12,603418.3,345800.4
2026-09-27 02:15:00,5.12,5.129,5.079,5.092,337224.6,147816.5
2026-09-27 02:30:00,5.092,5.113,5.057,5.059,324547,113338.5
2026-09-27 02:45:00,5.06,5.086,5.048,5.059,150640.3,63450.4
2026-09-27 03:00:00,5.06,5.11,5.052,5.076,279408,139648.6
2026-09-27 03:15:00,5.076,5.119,5.062,5.113,141106.8,72415.5
2026-09-27 03:30:00,5.114,5.116,5.066,5.083,167443.4,79489.3
2026-09-27 03:45:00,5.082,5.082,5.031,5.037,186165.9,101225.4
2026-09-27 04:00:00,5.037,5.049,5.006,5.026,304975.7,147708.8
2026-09-27 04:15:00,5.027,5.034,5.01,5.018,114878.2,64661.6
2026-09-27 04:30:00,5.019,5.09,5.016,5.075,167238.4,83164.9
2026-09-27 04:45:00,5.075,5.104,5.058,5.063,207057.9,101676.8
2026-09-27 05:00:00,5.063,5.134,5.038,5.088,592314.8,343508.2
2026-09-27 05:15:00,5.088,5.151,5.074,5.099,549179.3,322749.3
2026-09-27 05:30:00,5.1,5.247,5.093,5.213,1269478.9,728130.3
2026-09-27 05:45:00,5.212,5.482,5.211,5.394,2585771.1,1384735.6
2026-09-27 06:00:00,5.394,5.463,5.364,5.372,1581089.6,757032.8
2026-09-27 06:15:00,5.372,5.446,5.362,5.436,898258.2,526048.3
2026-09-27 06:30:00,5.437,5.479,5.43,5.459,610441.4,306604.1
2026-09-27 06:45:00,5.46,5.478,5.394,5.412,578699.8,268198.7
2026-09-27 07:00:00,5.412,5.49,5.403,5.458,697691.5,414056.4
2026-09-27 07:15:00,5.458,5.499,5.441,5.456,533807.9,268173.8
2026-09-27 07:30:00,5.456,5.459,5.42,5.432,349535.6,172852.5
2026-09-27 07:45:00,5.433,5.439,5.374,5.412,510790.5,239016.4
2026-09-27 08:00:00,5.412,5.423,5.352,5.359,334974.5,133846.2
2026-09-27 08:15:00,5.358,5.437,5.338,5.432,630928,306946.6
2026-09-27 08:30:00,5.431,5.438,5.332,5.34,428628.5,171553.1
2026-09-27 08:45:00,5.339,5.374,5.315,5.333,460079.4,157385.6
2026-09-27 09:00:00,5.334,5.354,5.204,5.235,1007948.5,429271.8
2026-09-27 09:15:00,5.235,5.272,5.213,5.272,313213.7,157266.3
2026-09-27 09:30:00,5.273,5.299,5.242,5.29,370014.5,175985.9
2026-09-27 09:45:00,5.29,5.303,5.273,5.276,392034.5,244218.2
2026-09-27 10:00:00,5.276,5.28,5.247,5.263,224035.4,103248.2
2026-09-27 10:15:00,5.262,5.262,5.215,5.223,359797.7,176728.8
2026-09-27 10:30:00,5.223,5.241,5.214,5.223,121277.9,67608.9
2026-09-27 10:45:00,5.223,5.237,5.202,5.208,234213.1,143695.3
2026-09-27 11:00:00,5.208,5.219,5.182,5.209,383742.4,230242.7
2026-09-27 11:15:00,5.208,5.209,5.176,5.194,212125.5,111105.3
2026-09-27 11:30:00,5.193,5.193,5.13,5.155,440037.6,202190.2
2026-09-27 11:45:00,5.155,5.2,5.152,5.178,192043.8,99268.2
2026-09-27 12:00:00,5.177,5.21,5.173,5.205,493749.6,299038.9
2026-09-27 12:15:00,5.205,5.214,5.179,5.197,336827.7,222949.8
2026-09-27 12:30:00,5.197,5.202,5.187,5.197,136057.3,89563.9
2026-09-27 12:45:00,5.197,5.206,5.175,5.182,260820.2,149223.6
2026-09-27 13:00:00,5.183,5.185,5.109,5.124,635528.4,291475.6
2026-09-27 13:15:00,5.124,5.159,5.112,5.155,227306,135284.4
2026-09-27 13:30:00,5.155,5.175,5.135,5.142,202475.8,111805.4
2026-09-27 13:45:00,5.142,5.258,5.136,5.254,507908,311858.9
2026-09-27 14:00:00,5.254,5.276,5.215,5.229,398931.6,206132
2026-09-27 14:15:00,5.228,5.232,5.164,5.172,308491.1,115263.5
2026-09-27 14:30:00,5.172,5.251,5.172,5.234,393623,238615
2026-09-27 14:45:00,5.233,5.255,5.205,5.234,502099.5,266036.1
2026-09-27 15:00:00,5.234,5.279,5.166,5.188,464081.6,213221.6
2026-09-27 15:15:00,5.187,5.261,5.175,5.252,291732.1,158849.7
2026-09-27 15:30:00,5.253,5.267,5.195,5.2,271790.2,121804.7
2026-09-27 15:45:00,5.199,5.229,5.178,5.197,166165.6,82870.9
2026-09-27 16:00:00,5.198,5.214,5.176,5.186,170223,69112.9
2026-09-27 16:15:00,5.187,5.221,5.18,5.207,191531,117538.4
2026-09-27 16:30:00,5.208,5.235,5.164,5.174,218149.4,94406.1
2026-09-27 16:45:00,5.174,5.195,5.143,5.17,212597.2,91031.9
2026-09-27 17:00:00,5.169,5.193,5.161,5.188,148641.3,75201.5
2026-09-27 17:15:00,5.189,5.217,5.188,5.208,149875.7,82247.3
2026-09-27 17:30:00,5.209,5.227,5.198,5.211,107825.8,52339.9
2026-09-27 17:45:00,5.211,5.257,5.211,5.244,166175.8,102560.1
2026-09-27 18:00:00,5.243,5.338,5.242,5.299,362087.9,216297.4
2026-09-27 18:15:00,5.299,5.35,5.283,5.346,431225.6,235439.1
2026-09-27 18:30:00,5.345,5.393,5.337,5.389,423596,253661.2
2026-09-27 18:45:00,5.389,5.472,5.373,5.446,724061.1,455294.5
2026-09-27 19:00:00,5.445,5.472,5.403,5.46,443683.4,235337.2
2026-09-27 19:15:00,5.461,5.486,5.396,5.436,518974.4,242324.1
2026-09-27 19:30:00,5.436,5.466,5.399,5.452,341712.4,185512.5
2026-09-27 19:45:00,5.452,5.461,5.41,5.431,237450.7,99139.4
2026-09-27 20:00:00,5.43,5.488,5.429,5.465,247163.7,141229.5
2026-09-27 20:15:00,5.465,5.466,5.425,5.443,293985.1,129868.5
2026-09-27 20:30:00,5.443,5.472,5.428,5.469,278620.9,127970.4
2026-09-27 20:45:00,5.469,5.484,5.44,5.462,250640,119687.1
2026-09-27 21:00:00,5.461,5.543,5.445,5.534,523435,301654.9
2026-09-27 21:15:00,5.533,5.56,5.506,5.538,592581.5,265598.2
2026-09-27 21:30:00,5.538,5.578,5.524,5.53,447748.8,211168.2
2026-09-27 21:45:00,5.53,5.563,5.486,5.55,521886.4,256894.9
2026-09-27 22:00:00,5.551,5.555,5.351,5.399,951304.4,421796
2026-09-27 22:15:00,5.399,5.463,5.38,5.459,440065.6,226659.9
2026-09-27 22:30:00,5.46,5.47,5.414,5.425,369478.3,193488.9
2026-09-27 22:45:00,5.425,5.46,5.413,5.449,283875,140046.7
2026-09-27 23:00:00,5.449,5.469,5.378,5.398,393336.7,168184.5
2026-09-27 23:15:00,5.399,5.446,5.394,5.417,211887.3,81459.7
2026-09-27 23:30:00,5.417,5.43,5.347,5.367,346100,150731
2026-09-27 23:45:00,5.367,5.394,5.345,5.387,315468.2,192995.4
2026-09-28 00:00:00,5.388,5.424,5.318,5.333,483935.3,243528.1
2026-09-28 00:15:00,5.333,5.414,5.333,5.388,248095,156836.8
2026-09-28 00:30:00,5.388,5.388,5.293,5.314,301262.8,151643.3
2026-09-28 00:45:00,5.314,5.38,5.31,5.312,171880.2,95266.4
2026-09-28 01:00:00,5.312,5.338,5.288,5.303,215689.3,86847.7
2026-09-28 01:15:00,5.303,5.37,5.294,5.332,187194,94037.5
2026-09-28 01:30:00,5.332,5.378,5.327,5.359,182955.5,95238.9
2026-09-28 01:45:00,5.36,5.37,5.292,5.306,262609.1,121744.4
2026-09-28 02:00:00,5.305,5.331,5.241,5.33,539425.9,205073
2026-09-28 02:15:00,5.331,5.346,5.291,5.298,209416.6,80141.3
2026-09-28 02:30:00,5.299,5.312,5.25,5.297,475118.6,246710
2026-09-28 02:45:00,5.298,5.312,5.238,5.249,388360.4,187613.7
2026-09-28 03:00:00,5.25,5.283,5.195,5.236,729079.6,273647.6
2026-09-28 03:15:00,5.236,5.276,5.212,5.23,531518.7,309589
2026-09-28 03:30:00,5.23,5.299,5.215,5.273,390600.1,228383.7
2026-09-28 03:45:00,5.272,5.275,5.208,5.221,257569.5,122210.6
2026-09-28 04:00:00,5.22,5.222,5.174,5.209,373206.6,160349.6
2026-09-28 04:15:00,5.208,5.242,5.191,5.236,204571.4,105001.5
2026-09-28 04:30:00,5.236,5.263,5.223,5.257,191050,86374.5
2026-09-28 04:45:00,5.257,5.294,5.245,5.276,255972.2,138403.5
2026-09-28 05:00:00,5.276,5.286,5.196,5.212,289829.6,135435.7
2026-09-28 05:15:00,5.213,5.244,5.162,5.179,466000.1,201508.6
2026-09-28 05:30:00,5.18,5.219,5.129,5.218,734429.9,321623.6
2026-09-28 05:45:00,5.218,5.226,5.157,5.161,311813.2,158538.5
2026-09-28 06:00:00,5.161,5.189,5.145,5.176,284335.3,151596.2
2026-09-28 06:15:00,5.175,5.175,5.124,5.134,391443.5,159189.2
2026-09-28 06:30:00,5.134,5.176,5.126,5.152,220654.3,92322.1
2026-09-28 06:45:00,5.152,5.17,5.124,5.162,396765.1,145127.3
2026-09-28 07:00:00,5.161,5.187,5.137,5.144,204780,98393.3
2026-09-28 07:15:00,5.144,5.168,5.138,5.153,279735.1,154881.8
2026-09-28 07:30:00,5.154,5.171,5.118,5.129,327323.2,159417.5
2026-09-28 07:45:00,5.13,5.144,5.071,5.121,625421.3,275488.8
2026-09-28 08:00:00,5.121,5.178,5.117,5.173,254490.1,136739.2
2026-09-28 08:15:00,5.174,5.189,5.145,5.171,201378.1,106276.8
2026-09-28 08:30:00,5.172,5.184,5.09,5.142,496483.5,207519.9
2026-09-28 08:45:00,5.142,5.165,5.126,5.162,161212.8,91023.1
2026-09-28 09:00:00,5.161,5.165,5.085,5.131,329479,164121.4
2026-09-28 09:15:00,5.132,5.171,5.106,5.107,211060.6,109949.3
2026-09-28 09:30:00,5.107,5.12,4.935,4.944,1722492.2,752801.8
2026-09-28 09:45:00,4.943,5.013,4.939,4.982,875318.7,435737.8
2026-09-28 10:00:00,4.982,5.036,4.947,4.978,648606.4,275086.6
2026-09-28 10:15:00,4.977,5.021,4.956,5,582005.2,305636.7
2026-09-28 10:30:00,5,5.076,4.995,5.072,802251.7,454719
2026-09-28 10:45:00,5.071,5.093,5.05,5.051,670200.9,330583.8
2026-09-28 11:00:00,5.052,5.098,5.046,5.077,433912.8,261991.8
2026-09-28 11:15:00,5.076,5.132,5.074,5.112,733797.8,395212.9
2026-09-28 11:30:00,5.112,5.117,5.071,5.087,520620.3,291793.5
2026-09-28 11:45:00,5.088,5.148,5.071,5.147,304566.7,197015.3
2026-09-28 12:00:00,5.147,5.228,5.11,5.191,989719.1,428940.5
2026-09-28 12:15:00,5.191,5.201,5.132,5.192,462510.7,284565.1
2026-09-28 12:30:00,5.192,5.204,5.157,5.163,387963.6,180226.4
2026-09-28 12:45:00,5.163,5.226,5.11,5.208,627505.6,349122.4
2026-09-28 13:00:00,5.208,5.245,5.172,5.209,465068.4,251471.5
2026-09-28 13:15:00,5.209,5.259,5.162,5.234,554072,264153.9
2026-09-28 13:30:00,5.234,5.256,5.199,5.243,513155.6,235015.8
2026-09-28 13:45:00,5.242,5.259,5.198,5.223,654869.7,269042
2026-09-28 14:00:00,5.224,5.227,5.152,5.166,538851.9,224792.1
2026-09-28 14:15:00,5.165,5.19,5.031,5.048,1011962.2,423530.7
2026-09-28 14:30:00,5.047,5.086,4.979,5.007,1318008.1,694845.3
2026-09-28 14:45:00,5.008,5.068,4.995,5.038,561070.7,281739
2026-09-28 15:00:00,5.039,5.053,4.865,4.888,1936012.7,652101.3
2026-09-28 15:15:00,4.887,4.924,4.826,4.917,1391505.6,573421.2
2026-09-28 15:30:00,4.917,4.945,4.887,4.892,599749.2,244991.3
2026-09-28 15:45:00,4.892,4.932,4.884,4.907,408885.6,245045.8
2026-09-28 16:00:00,4.907,4.93,4.832,4.903,620415.3,258216.1
2026-09-28 16:15:00,4.903,5.027,4.896,5,966183.9,515011.2
2026-09-28 16:30:00,4.999,5.017,4.92,4.939,566336.7,249109
2026-09-28 16:45:00,4.939,4.969,4.92,4.952,191945.9,102827.8
2026-09-28 17:00:00,4.952,5.047,4.913,5.044,792157.9,500572.1
2026-09-28 17:15:00,5.044,5.066,4.961,4.982,756992.5,368806.7
2026-09-28 17:30:00,4.982,5.01,4.957,4.976,196074.8,99691.4
2026-09-28 17:45:00,4.975,4.996,4.949,4.979,362623.6,125176.1
2026-09-28 18:00:00,4.979,4.999,4.95,4.97,183576.8,100219
2026-09-28 18:15:00,4.97,4.988,4.902,4.94,542800.4,304597.9
2026-09-28 18:30:00,4.939,4.942,4.89,4.898,407384.6,205338.8
2026-09-28 18:45:00,4.898,4.951,4.892,4.923,366293,231188.7
2026-09-28 19:00:00,4.923,4.928,4.794,4.829,844706.5,320887.8
2026-09-28 19:15:00,4.828,4.849,4.79,4.833,601103.8,347167.1
2026-09-28 19:30:00,4.833,4.839,4.661,4.713,1699604.6,701762.3
2026-09-28 19:45:00,4.713,4.752,4.706,4.728,315632,147698.2
2026-09-28 20:00:00,4.728,4.819,4.707,4.784,328208.2,175335
2026-09-28 20:15:00,4.785,4.814,4.764,4.801,158956.7,82885.2
2026-09-28 20:30:00,4.801,4.832,4.78,4.795,233033.6,96759.3
2026-09-28 20:45:00,4.795,4.809,4.754,4.774,289615.8,111889.8
2026-09-28 21:00:00,4.774,4.824,4.759,4.765,360766.9,188854.2
2026-09-28 21:15:00,4.766,4.772,4.715,4.722,472351.6,244230.3
2026-09-28 21:30:00,4.722,4.768,4.71,4.729,215132.7,109894.4
2026-09-28 21:45:00,4.729,4.733,4.698,4.714,370146.6,173664.5
2026-09-28 22:00:00,4.714,4.739,4.692,4.73,312184.8,160808.4
2026-09-28 22:15:00,4.73,4.745,4.722,4.734,149754.3,63980.1
2026-09-28 22:30:00,4.733,4.784,4.727,4.768,185966.9,110607.9
2026-09-28 22:45:00,4.767,4.799,4.76,4.796,136055.6,81247.1
2026-09-28 23:00:00,4.795,4.845,4.787,4.803,280601.8,148574
2026-09-28 23:15:00,4.803,4.836,4.803,4.83,264651.3,133909.5
2026-09-28 23:30:00,4.83,4.834,4.81,4.823,136481.8,74685.8
2026-09-28 23:45:00,4.823,4.836,4.805,4.823,126535.4,52195.8
2026-09-29 00:00:00,4.823,4.833,4.798,4.813,167282.3,77026.9
2026-09-29 00:15:00,4.814,4.83,4.781,4.819,232568.2,113767.8
2026-09-29 00:30:00,4.819,4.843,4.813,4.833,126319.1,71474.9
2026-09-29 00:45:00,4.833,4.833,4.758,4.758,211545.8,83267.1
2026-09-29 01:00:00,4.757,4.805,4.708,4.714,399536.5,182071.9
2026-09-29 01:15:00,4.713,4.75,4.642,4.65,819392.5,361116.7
2026-09-29 01:30:00,4.65,4.673,4.616,4.666,1143796.5,546494.4
2026-09-29 01:45:00,4.666,4.694,4.637,4.682,476614.6,270930.7
2026-09-29 02:00:00,4.682,4.701,4.62,4.633,309181.8,157332
2026-09-29 02:15:00,4.633,4.656,4.585,4.608,556006.4,268458.3
2026-09-29 02:30:00,4.608,4.612,4.559,4.602,630589.2,293979.8
2026-09-29 02:45:00,4.602,4.624,4.572,4.592,271210.1,108849.1
2026-09-29 03:00:00,4.591,4.607,4.548,4.568,590586,266518.9
2026-09-29 03:15:00,4.568,4.667,4.562,4.654,452400.1,289645.6
2026-09-29 03:30:00,4.653,4.685,4.627,4.666,371038.5,182707.3
2026-09-29 03:45:00,4.666,4.671,4.639,4.641,207327.7,96955.5
2026-09-29 04:00:00,4.641,4.659,4.612,4.627,273387.8,137649.4
2026-09-29 04:15:00,4.627,4.709,4.626,4.657,245572.1,141337.7
2026-09-29 04:30:00,4.656,4.669,4.638,4.649,194354.4,88570.4
2026-09-29 04:45:00,4.648,4.659,4.6,4.64,280828.6,134515.5
2026-09-29 05:00:00,4.639,4.672,4.632,4.664,266855.5,149410.4
2026-09-29 05:15:00,4.664,4.722,4.647,4.697,348866.7,199040.2
2026-09-29 05:30:00,4.696,4.702,4.634,4.694,225213.6,110486.9
2026-09-29 05:45:00,4.694,4.721,4.675,4.705,317138,156673.7
2026-09-29 06:00:00,4.704,4.745,4.688,4.741,623277.3,362857
2026-09-29 06:15:00,4.742,4.743,4.695,4.703,331620.3,177229.6
2026-09-29 06:30:00,4.703,4.727,4.691,4.698,241713.3,113647.4
2026-09-29 06:45:00,4.698,4.756,4.688,4.742,356273.1,178216.2
2026-09-29 07:00:00,4.741,4.806,4.717,4.75,962704,431749.7
2026-09-29 07:15:00,4.751,4.758,4.718,4.732,384516.5,150877.5
2026-09-29 07:30:00,4.732,4.762,4.713,4.741,375938.7,178513
2026-09-29 07:45:00,4.74,4.757,4.738,4.753,188234.5,102010.3
2026-09-29 08:00:00,4.754,4.757,4.719,4.732,244967.7,84462.6
2026-09-29 08:15:00,4.732,4.839,4.732,4.804,879377,527208.2
2026-09-29 08:30:00,4.803,4.804,4.734,4.748,525162.9,211987.6
2026-09-29 08:45:00,4.748,4.782,4.736,4.771,232665.6,102997.7
2026-09-29 09:00:00,4.771,4.789,4.754,4.787,195721.1,96102.5
2026-09-29 09:15:00,4.787,4.804,4.763,4.769,207994.8,120019.7
2026-09-29 09:30:00,4.769,4.813,4.768,4.804,239282.8,111942.9
2026-09-29 09:45:00,4.805,4.811,4.77,4.775,278511.5,102808.6
2026-09-29 10:00:00,4.775,4.786,4.753,4.77,570061.3,393149.8
2026-09-29 10:15:00,4.769,4.794,4.767,4.791,189922.6,94859
2026-09-29 10:30:00,4.792,4.795,4.737,4.742,256322.9,74172.9
2026-09-29 10:45:00,4.741,4.776,4.741,4.77,103339,49151
2026-09-29 11:00:00,4.769,4.8,4.764,4.778,150089,69214
2026-09-29 11:15:00,4.779,4.795,4.764,4.776,167333.1,61935.4
2026-09-29 11:30:00,4.776,4.87,4.769,4.867,683780.8,365792
2026-09-29 11:45:00,4.867,4.933,4.86,4.916,1029869.5,448464.1
2026-09-29 12:00:00,4.915,4.921,4.868,4.886,771083.3,337210.5
2026-09-29 12:15:00,4.886,4.912,4.849,4.861,434537.3,172405.4
2026-09-29 12:30:00,4.86,4.886,4.84,4.848,462346.1,268691
2026-09-29 12:45:00,4.849,4.873,4.828,4.857,276518.3,139934.4
2026-09-29 13:00:00,4.857,4.877,4.823,4.825,230254.9,100883.3
2026-09-29 13:15:00,4.825,4.869,4.813,4.86,192877.1,100404.2
2026-09-29 13:30:00,4.86,4.896,4.797,4.89,526216.8,287269.4
2026-09-29 13:45:00,4.891,5.026,4.88,5.001,1279355.6,666250.5
2026-09-29 14:00:00,5.002,5.032,4.912,4.929,617567.3,297631.1
2026-09-29 14:15:00,4.929,5.051,4.892,5.025,1235463.8,683078.1
2026-09-29 14:30:00,5.026,5.047,4.961,4.983,635877.2,255821.4
2026-09-29 14:45:00,4.982,5.041,4.981,5,816052.5,305017.8
2026-09-29 15:00:00,5,5.004,4.93,4.97,739487.2,310949.9
2026-09-29 15:15:00,4.969,5.049,4.86,4.905,1090757.2,426360.5
2026-09-29 15:30:00,4.905,5.002,4.904,4.963,557920,247080.7
2026-09-29 15:45:00,4.964,5.02,4.921,4.97,1282996.7,483015.8
2026-09-29 16:00:00,4.969,5,4.936,4.976,453088.1,233246.8
2026-09-29 16:15:00,4.977,5.005,4.946,4.956,369935.9,163768.7
2026-09-29 16:30:00,4.957,4.996,4.924,4.933,399233.3,152084.4
2026-09-29 16:45:00,4.932,4.952,4.887,4.934,648061.7,232866.5
2026-09-29 17:00:00,4.933,4.946,4.897,4.933,286154.6,121322.1
2026-09-29 17:15:00,4.934,4.939,4.871,4.914,517199.4,257898.1
2026-09-29 17:30:00,4.915,4.933,4.902,4.904,360532.4,152652.9
2026-09-29 17:45:00,4.905,4.922,4.754,4.822,1159216.6,383690.9
2026-09-29 18:00:00,4.821,4.899,4.813,4.881,401718,179801.9
2026-09-29 18:15:00,4.881,5.023,4.88,4.995,707125.4,355065.3
2026-09-29 18:30:00,4.995,5.124,4.992,5.102,824208.8,502969.7
2026-09-29 18:45:00,5.102,5.112,5.044,5.071,350076.3,165783
2026-09-29 19:00:00,5.072,5.18,5.071,5.112,802952.5,498373.8
2026-09-29 19:15:00,5.112,5.124,5.062,5.069,266395.2,113775
2026-09-29 19:30:00,5.068,5.096,5.044,5.045,190877.5,107609.6
2026-09-29 19:45:00,5.046,5.069,4.959,4.967,513690.4,247130
2026-09-29 20:00:00,4.967,4.99,4.914,4.934,484185.4,192869.1
2026-09-29 20:15:00,4.934,4.991,4.928,4.978,182624,95362.6
2026-09-29 20:30:00,4.979,4.993,4.951,4.971,130488.2,52133.6
2026-09-29 20:45:00,4.971,4.996,4.96,4.979,178052.2,87657.6
2026-09-29 21:00:00,4.979,4.985,4.912,4.959,605757.6,203930.3
2026-09-29 21:15:00,4.959,4.96,4.897,4.929,245915.3,122540.9
2026-09-29 21:30:00,4.93,4.939,4.903,4.931,100426.7,50336.1
2026-09-29 21:45:00,4.931,4.964,4.907,4.951,144901.6,73964.2
2026-09-29 22:00:00,4.951,4.99,4.94,4.963,155714.2,79268.4
2026-09-29 22:15:00,4.962,4.974,4.936,4.951,176643.1,80982
2026-09-29 22:30:00,4.951,4.979,4.926,4.976,164326.2,68539.1
2026-09-29 22:45:00,4.977,5.007,4.971,4.984,280871.7,198088.7
2026-09-29 23:00:00,4.984,5.027,4.976,4.999,267084.3,167781.3
2026-09-29 23:15:00,4.999,5.024,4.937,4.949,232462.5,131228.6
2026-09-29 23:30:00,4.95,4.954,4.845,4.861,372830.9,136902.1
2026-09-29 23:45:00,4.862,4.929,4.861,4.886,724304.9,407500.6
2026-09-30 00:00:00,4.887,4.937,4.885,4.913,354749.9,220654.6
2026-09-30 00:15:00,4.914,4.985,4.91,4.982,323287.3,180352.3
2026-09-30 00:30:00,4.981,5.089,4.969,5.028,725904.2,403258.5
2026-09-30 00:45:00,5.028,5.029,4.959,5.02,513791.8,159182.4
2026-09-30 01:00:00,5.02,5.067,5.002,5.048,379338,162451.6
2026-09-30 01:15:00,5.049,5.085,5.028,5.067,209953.1,119033
2026-09-30 01:30:00,5.067,5.083,5.001,5.027,309117.4,117105.2
2026-09-30 01:45:00,5.027,5.038,5,5.011,183892.1,57272.9
2026-09-30 02:00:00,5.012,5.038,4.962,4.992,302502.9,117760.5
2026-09-30 02:15:00,4.992,4.999,4.925,4.929,179505.7,72356.2
2026-09-30 02:30:00,4.929,4.959,4.91,4.942,175581.2,94244.7
2026-09-30 02:45:00,4.941,4.975,4.932,4.964,252067.7,104032.2
2026-09-30 03:00:00,4.965,4.986,4.932,4.968,126069.3,71571.5
2026-09-30 03:15:00,4.967,4.969,4.922,4.932,176861.8,74579.3
2026-09-30 03:30:00,4.932,4.943,4.894,4.917,162371.8,88204.2
2026-09-30 03:45:00,4.916,4.923,4.867,4.883,326437.6,158245.7
2026-09-30 04:00:00,4.882,4.979,4.866,4.964,459890,199093.8
2026-09-30 04:15:00,4.965,4.995,4.955,4.97,348294.6,135319.7
2026-09-30 04:30:00,4.97,4.99,4.957,4.976,132257.4,70207.6
2026-09-30 04:45:00,4.976,4.992,4.935,4.939,142695.7,60116.1
2026-09-30 05:00:00,4.94,4.98,4.899,4.9,255018.5,128585
2026-09-30 05:15:00,4.9,4.957,4.88,4.956,238738.5,121311.1
2026-09-30 05:30:00,4.956,4.99,4.944,4.975,241045.3,113116.4
2026-09-30 05:45:00,4.974,4.992,4.954,4.976,194746,91233.6
2026-09-30 06:00:00,4.975,4.995,4.906,4.919,210254.8,116922.2
2026-09-30 06:15:00,4.92,4.958,4.909,4.932,203403.5,82993.9
2026-09-30 06:30:00,4.931,4.935,4.904,4.933,140156.7,74759.2
2026-09-30 06:45:00,4.933,4.933,4.871,4.874,332944.2,161489.1
2026-09-30 07:00:00,4.873,4.909,4.831,4.857,489449.4,247905.7
2026-09-30 07:15:00,4.856,4.929,4.848,4.927,149657.8,74400.6
2026-09-30 07:30:00,4.927,5.07,4.92,5.066,571338.7,316775.4
2026-09-30 07:45:00,5.065,5.084,5.026,5.058,578076.6,283153.7
2026-09-30 08:00:00,5.057,5.088,4.995,5.007,411193.9,203521.6
2026-09-30 08:15:00,5.007,5.095,4.998,5.064,440566.4,237298.6
2026-09-30 08:30:00,5.064,5.077,5.029,5.069,664381.6,281347.6
2026-09-30 08:45:00,5.07,5.123,5.066,5.071,533103.3,248131.2
2026-09-30 09:00:00,5.071,5.114,5.061,5.097,223299.2,111855.6
2026-09-30 09:15:00,5.096,5.1,5.058,5.076,263907.6,114143.7
2026-09-30 09:30:00,5.077,5.122,5.063,5.104,397248,142724.2
2026-09-30 09:45:00,5.104,5.116,5.069,5.085,259204.9,118975.3
2026-09-30 10:00:00,5.086,5.135,5.08,5.119,281790.8,120877.2
2026-09-30 10:15:00,5.118,5.176,5.112,5.166,817455.6,362523.1
2026-09-30 10:30:00,5.167,5.25,5.166,5.21,863060.6,521068.9
2026-09-30 10:45:00,5.209,5.335,5.2,5.283,1200528.1,679242.5
2026-09-30 11:00:00,5.283,5.329,5.253,5.32,670309.8,301678.9
2026-09-30 11:15:00,5.32,5.337,5.276,5.3,559727.3,262455.1
2026-09-30 11:30:00,5.3,5.307,5.262,5.306,364980.8,165782.1
2026-09-30 11:45:00,5.306,5.35,5.295,5.3,816725,522087.2
2026-09-30 12:00:00,5.299,5.324,5.276,5.321,502113.7,309274.8
2026-09-30 12:15:00,5.321,5.324,5.253,5.289,645704.2,305151.7
2026-09-30 12:30:00,5.289,5.471,5.276,5.391,2328306.1,1164660.5
2026-09-30 12:45:00,5.392,5.405,5.319,5.33,1500078.2,811185.6
2026-09-30 13:00:00,5.331,5.388,5.295,5.348,748756.7,304987.7
2026-09-30 13:15:00,5.349,5.428,5.348,5.391,673552.8,317515.5
2026-09-30 13:30:00,5.392,5.393,5.26,5.347,1099471.8,509516
2026-09-30 13:45:00,5.348,5.365,5.308,5.342,530639,256110.5
2026-09-30 14:00:00,5.342,5.39,5.299,5.355,565295.6,278191.8
2026-09-30 14:15:00,5.354,5.359,5.217,5.24,880717.5,391872.4
2026-09-30 14:30:00,5.24,5.288,5.225,5.228,729149.7,324247.6
2026-09-30 14:45:00,5.228,5.3,5.226,5.26,413716.8,226070.2
2026-09-30 15:00:00,5.261,5.323,5.233,5.236,479279.1,273046.7
2026-09-30 15:15:00,5.235,5.239,5.144,5.161,698360.8,341715.2
2026-09-30 15:30:00,5.162,5.241,5.16,5.209,353205.5,228947.7
2026-09-30 15:45:00,5.209,5.309,5.207,5.309,261804.6,161770.5
2026-09-30 16:00:00,5.308,5.376,5.291,5.332,660420.9,338178.1
2026-09-30 16:15:00,5.332,5.423,5.319,5.397,722878.4,368482.7
2026-09-30 16:30:00,5.396,5.467,5.379,5.467,883578.8,468464.2
2026-09-30 16:45:00,5.467,5.506,5.421,5.421,1049717.5,569623.7
2026-09-30 17:00:00,5.421,5.422,5.353,5.366,620007.5,311588.5
2026-09-30 17:15:00,5.366,5.416,5.351,5.405,553616.5,358485.2
2026-09-30 17:30:00,5.405,5.405,5.341,5.383,353008.6,174243.4
2026-09-30 17:45:00,5.383,5.421,5.352,5.373,431224.7,216974.3
2026-09-30 18:00:00,5.372,5.388,5.322,5.341,403796.4,193310.4
2026-09-30 18:15:00,5.34,5.451,5.339,5.446,544871,273179.4
2026-09-30 18:30:00,5.446,5.48,5.376,5.399,706382.9,291039.7
2026-09-30 18:45:00,5.4,5.442,5.372,5.391,388322.6,179964.4
2026-09-30 19:00:00,5.392,5.413,5.358,5.365,327591.1,140501.9
2026-09-30 19:15:00,5.364,5.44,5.346,5.399,636989.5,304181.4
2026-09-30 19:30:00,5.399,5.436,5.395,5.402,394360.8,191125.8
2026-09-30 19:45:00,5.401,5.437,5.294,5.313,768273.5,359906.5
2026-09-30 20:00:00,5.313,5.347,5.292,5.34,733087.6,391465.4
2026-09-30 20:15:00,5.339,5.377,5.298,5.332,260257.3,139878.2
2026-09-30 20:30:00,5.331,5.343,5.265,5.333,327324.6,158002.5
2026-09-30 20:45:00,5.332,5.354,5.315,5.332,188472,85292.6
2026-09-30 21:00:00,5.333,5.396,5.32,5.323,378821.8,202055.2
2026-09-30 21:15:00,5.323,5.349,5.276,5.284,238901.8,110638.7
2026-09-30 21:30:00,5.284,5.304,5.269,5.283,177493,82948.3
2026-09-30 21:45:00,5.282,5.31,5.269,5.282,274980.7,136493.2
2026-09-30 22:00:00,5.283,5.305,5.234,5.274,558720.1,282839.8
2026-09-30 22:15:00,5.274,5.385,5.274,5.376,396160.3,241804.8
2026-09-30 22:30:00,5.375,5.4,5.37,5.4,174991.2,82445.7
2026-09-30 22:45:00,5.4,5.405,5.333,5.333,167422.1,76342.1
2026-09-30 23:00:00,5.334,5.406,5.332,5.371,240583.3,131435.4
2026-09-30 23:15:00,5.371,5.386,5.351,5.371,171658.5,81509.8
2026-09-30 23:30:00,5.37,5.392,5.346,5.368,134213.6,70442
2026-09-30 23:45:00,5.368,5.368,5.332,5.341,86547.3,33892.8
2026-10-01 00:00:00,5.34,5.344,5.278,5.287,257251.3,112804.8
2026-10-01 00:15:00,5.286,5.332,5.266,5.312,174727.3,98210.3
2026-10-01 00:30:00,5.312,5.326,5.289,5.301,132592.7,73948.5
2026-10-01 00:45:00,5.301,5.311,5.282,5.286,111444.3,63352.4
2026-10-01 01:00:00,5.286,5.334,5.28,5.288,214838.6,118557.4
2026-10-01 01:15:00,5.287,5.307,5.278,5.284,141127.8,70239.9
2026-10-01 01:30:00,5.284,5.285,5.245,5.25,220244.5,90086.3
2026-10-01 01:45:00,5.251,5.252,5.225,5.234,144032.7,66017.1
2026-10-01 02:00:00,5.234,5.247,5.194,5.213,404073.8,196455.1
2026-10-01 02:15:00,5.212,5.212,5.179,5.203,203760.2,80490.1
2026-10-01 02:30:00,5.203,5.222,5.174,5.213,233578.4,116370.4
2026-10-01 02:45:00,5.212,5.299,5.212,5.295,351416,201788.5
2026-10-01 03:00:00,5.294,5.315,5.266,5.312,293868.9,160850.8
2026-10-01 03:15:00,5.312,5.37,5.296,5.31,362337.6,176505.4
2026-10-01 03:30:00,5.309,5.384,5.286,5.379,296619.7,132326.5
2026-10-01 03:45:00,5.38,5.441,5.371,5.391,558249.1,240227.7
2026-10-01 04:00:00,5.392,5.421,5.358,5.37,557689.2,175882
2026-10-01 04:15:00,5.37,5.377,5.348,5.369,344557.3,107793.7
2026-10-01 04:30:00,5.37,5.425,5.37,5.406,482951,204762.6
2026-10-01 04:45:00,5.406,5.479,5.403,5.427,531958.3,287896.4
2026-10-01 05:00:00,5.428,5.473,5.419,5.446,365391.4,189084.4
2026-10-01 05:15:00,5.446,5.47,5.438,5.458,223285.4,107553.9
2026-10-01 05:30:00,5.458,5.495,5.458,5.477,253437,128423.7
2026-10-01 05:45:00,5.477,5.491,5.464,5.49,216772.8,97509.3
2026-10-01 06:00:00,5.49,5.527,5.479,5.511,528222.6,291429.8
2026-10-01 06:15:00,5.511,5.54,5.482,5.494,325029,149879.4
2026-10-01 06:30:00,5.493,5.501,5.438,5.454,553357.5,252250.3
2026-10-01 06:45:00,5.454,5.486,5.451,5.457,239312.4,111549.5
2026-10-01 07:00:00,5.457,5.489,5.438,5.459,302419.1,152479
2026-10-01 07:15:00,5.458,5.476,5.34,5.355,626718.9,278713.9
2026-10-01 07:30:00,5.355,5.401,5.306,5.317,417806,184672.9
2026-10-01 07:45:00,5.317,5.32,5.278,5.288,361126.5,147610.1
2026-10-01 08:00:00,5.287,5.307,5.24,5.255,366353,159037.5
2026-10-01 08:15:00,5.255,5.28,5.232,5.234,220557.5,118885.9
2026-10-01 08:30:00,5.233,5.253,5.213,5.229,324324.4,146587.6
2026-10-01 08:45:00,5.229,5.252,5.208,5.22,256625.5,119562.5
2026-10-01 09:00:00,5.219,5.259,5.195,5.24,455763.8,156829.9
2026-10-01 09:15:00,5.241,5.248,5.221,5.23,313496.7,147542.7
2026-10-01 09:30:00,5.23,5.251,5.206,5.218,294056.4,115883.1
2026-10-01 09:45:00,5.218,5.225,5.181,5.202,310779.4,147642.9
2026-10-01 10:00:00,5.201,5.204,5.108,5.164,650298.3,247359.3
2026-10-01 10:15:00,5.163,5.163,5.069,5.111,1043219.2,404273.2
2026-10-01 10:30:00,5.111,5.149,5.108,5.126,317157.7,166127.1
2026-10-01 10:45:00,5.126,5.157,5.121,5.138,412671.3,189255.8
2026-10-01 11:00:00,5.138,5.147,5.111,5.125,312470.7,115490.6
2026-10-01 11:15:00,5.124,5.133,5.097,5.106,442378.6,254269.6
2026-10-01 11:30:00,5.106,5.124,5.057,5.099,393554.8,161049.7
2026-10-01 11:45:00,5.099,5.128,5.09,5.113,344881.5,125608.9
2026-10-01 12:00:00,5.114,5.134,5.087,5.126,286794.1,115516.1
2026-10-01 12:15:00,5.126,5.127,5.099,5.112,240602.5,87289.3
2026-10-01 12:30:00,5.111,5.13,5.095,5.099,220399,81738.5
2026-10-01 12:45:00,5.1,5.106,5.073,5.093,223949.1,87683.3
2026-10-01 13:00:00,5.093,5.102,4.742,4.924,4726374.9,1986231.4
2026-10-01 13:15:00,4.924,4.941,4.87,4.902,1333200.8,653573.6
2026-10-01 13:30:00,4.903,4.987,4.901,4.956,1167113.1,574148.4
2026-10-01 13:45:00,4.957,5,4.944,4.959,1296108.6,640080.3
2026-10-01 14:00:00,4.958,4.997,4.925,4.942,1179298.2,626687.9
2026-10-01 14:15:00,4.943,4.985,4.929,4.949,1024623.3,590514.5
2026-10-01 14:30:00,4.949,4.964,4.881,4.897,926763,391200.8
2026-10-01 14:45:00,4.897,4.92,4.811,4.851,1150994.9,443948.3
2026-10-01 15:00:00,4.852,4.897,4.822,4.896,757716.9,376876.4
2026-10-01 15:15:00,4.896,4.937,4.875,4.887,523020.7,258270
2026-10-01 15:30:00,4.886,4.914,4.856,4.901,433807.1,200918.3
2026-10-01 15:45:00,4.901,4.946,4.894,4.918,441250.1,201587.9
2026-10-01 16:00:00,4.917,4.949,4.905,4.927,451839.1,246975.1
2026-10-01 16:15:00,4.927,4.938,4.869,4.909,774538.6,359793.4
2026-10-01 16:30:00,4.909,4.939,4.857,4.881,999081.8,413836.8
2026-10-01 16:45:00,4.881,4.899,4.813,4.828,488702.9,239510.8
2026-10-01 17:00:00,4.828,4.884,4.803,4.817,633689.8,221847.8
2026-10-01 17:15:00,4.817,4.906,4.815,4.905,498726,326807.9
2026-10-01 17:30:00,4.904,4.955,4.888,4.943,583484.9,359168.9
2026-10-01 17:45:00,4.943,4.954,4.876,4.9,469855.6,257480.3
2026-10-01 18:00:00,4.9,4.926,4.88,4.906,228198.4,120877.6
2026-10-01 18:15:00,4.905,4.93,4.901,4.907,204893.9,84822.5
2026-10-01 18:30:00,4.906,4.963,4.895,4.914,378243.3,166394.2
2026-10-01 18:45:00,4.913,4.916,4.865,4.894,321424.3,117507
2026-10-01 19:00:00,4.893,4.909,4.867,4.885,229662.9,86700.1
2026-10-01 19:15:00,4.886,4.892,4.75,4.758,1175554.1,383924.2
2026-10-01 19:30:00,4.758,4.847,4.758,4.823,632520.6,309589.2
2026-10-01 19:45:00,4.823,4.871,4.818,4.866,554751.2,214529.5
2026-10-01 20:00:00,4.867,4.889,4.838,4.846,568765.5,229667.9
2026-10-01 20:15:00,4.846,4.864,4.825,4.855,266853.7,109494.7
2026-10-01 20:30:00,4.856,4.872,4.828,4.846,195971.9,65440.4
2026-10-01 20:45:00,4.846,4.864,4.837,4.845,173198,61629.6
2026-10-01 21:00:00,4.845,4.855,4.795,4.806,268465.7,101863.9
2026-10-01 21:15:00,4.805,4.833,4.8,4.805,207321,80965.7
2026-10-01 21:30:00,4.804,4.804,4.761,4.768,363070.1,144377.2
2026-10-01 21:45:00,4.769,4.796,4.765,4.784,143380.7,56495.2
2026-10-01 22:00:00,4.783,4.825,4.776,4.789,217170.9,95604.3
2026-10-01 22:15:00,4.789,4.818,4.78,4.804,258911.5,94815.5
2026-10-01 22:30:00,4.803,4.809,4.763,4.767,241895.5,109133.8
2026-10-01 22:45:00,4.767,4.792,4.747,4.789,512497.3,181864
2026-10-01 23:00:00,4.788,4.788,4.762,4.778,244491.7,103682.8
2026-10-01 23:15:00,4.777,4.811,4.77,4.804,257437.8,158473.4
2026-10-01 23:30:00,4.804,4.815,4.788,4.789,197192.5,78385.9
2026-10-01 23:45:00,4.789,4.821,4.779,4.809,225635,129458.7
2026-10-02 00:00:00,4.809,4.833,4.797,4.825,303522.8,133006
2026-10-02 00:15:00,4.825,4.837,4.812,4.825,227911.4,94702
2026-10-02 00:30:00,4.825,4.849,4.812,4.838,269518.5,153896.2
2026-10-02 00:45:00,4.839,4.85,4.825,4.828,297934.6,103053.1
2026-10-02 01:00:00,4.828,4.856,4.816,4.822,329613.3,182429
2026-10-02 01:15:00,4.821,4.851,4.809,4.85,241405.1,90461.3
2026-10-02 01:30:00,4.85,4.86,4.836,4.842,236977.8,103586
2026-10-02 01:45:00,4.841,4.915,4.837,4.882,463581.4,285260.3
2026-10-02 02:00:00,4.881,4.954,4.878,4.925,741824.3,422347.8
2026-10-02 02:15:00,4.925,4.955,4.916,4.929,317690.4,181638.7
2026-10-02 02:30:00,4.93,4.945,4.919,4.936,185878,105696
2026-10-02 02:45:00,4.936,4.979,4.934,4.971,357992.2,205494
2026-10-02 03:00:00,4.971,5.035,4.961,4.962,869302.3,466285.5
2026-10-02 03:15:00,4.963,4.972,4.866,4.884,713945.9,239429.5
2026-10-02 03:30:00,4.883,4.961,4.841,4.906,790524,364314.2
2026-10-02 03:45:00,4.905,4.929,4.88,4.923,269306.6,116141
2026-10-02 04:00:00,4.923,4.945,4.884,4.894,248302.9,105580.9
2026-10-02 04:15:00,4.894,5.047,4.891,5.025,744425.6,389031
2026-10-02 04:30:00,5.025,5.052,4.989,5.049,753239.9,391177.3
2026-10-02 04:45:00,5.048,5.066,5.027,5.047,456035.5,212668.8
2026-10-02 05:00:00,5.046,5.046,4.988,5.005,385151.1,162699.7
2026-10-02 05:15:00,5.005,5.015,4.964,4.98,363152.2,143489.2
2026-10-02 05:30:00,4.98,5.006,4.93,4.981,457720.6,202397.1
2026-10-02 05:45:00,4.98,4.996,4.957,4.988,253957.5,129508.8
2026-10-02 06:00:00,4.989,5.049,4.972,5.027,476828.8,210522.3
2026-10-02 06:15:00,5.028,5.049,5.012,5.039,345415.4,111839.7
2026-10-02 06:30:00,5.039,5.048,5.01,5.02,232460.4,113970
2026-10-02 06:45:00,5.02,5.037,4.999,5.006,295667.6,165224
2026-10-02 07:00:00,5.006,5.02,4.973,4.979,288224.8,116072.9
2026-10-02 07:15:00,4.978,4.983,4.938,4.943,261898.2,103836.5
2026-10-02 07:30:00,4.944,4.963,4.925,4.952,160440.9,65295
2026-10-02 07:45:00,4.953,4.987,4.951,4.971,138165.2,68531.3
2026-10-02 08:00:00,4.97,5.007,4.96,4.967,420172.1,206942
2026-10-02 08:15:00,4.967,5.015,4.956,4.967,466230.2,209105.1
2026-10-02 08:30:00,4.968,4.984,4.945,4.96,234112.1,125040
2026-10-02 08:45:00,4.96,4.977,4.94,4.942,208224.6,99789.7
2026-10-02 09:00:00,4.941,4.944,4.906,4.917,488803.6,207960.2
2026-10-02 09:15:00,4.916,4.929,4.896,4.914,425141.9,182098.4
2026-10-02 09:30:00,4.915,4.941,4.891,4.895,337050.9,156797.7
2026-10-02 09:45:00,4.895,4.924,4.883,4.905,307029.9,90985.6
2026-10-02 10:00:00,4.906,4.933,4.9,4.915,142834.1,71262.5
2026-10-02 10:15:00,4.915,4.93,4.89,4.926,184991.8,74742.3
2026-10-02 10:30:00,4.925,4.94,4.913,4.922,110740.8,58329
2026-10-02 10:45:00,4.922,4.922,4.874,4.891,264712.1,119698.8
2026-10-02 11:00:00,4.891,4.9,4.859,4.88,300711,137453.8
2026-10-02 11:15:00,4.881,4.883,4.87,4.871,90828.8,38672
2026-10-02 11:30:00,4.871,4.887,4.867,4.878,98808.5,38760.1
2026-10-02 11:45:00,4.877,4.881,4.844,4.845,205792.6,77609.3
2026-10-02 12:00:00,4.844,4.856,4.817,4.853,295539.5,137919.3
2026-10-02 12:15:00,4.852,4.895,4.846,4.871,292376.2,142382.4
2026-10-02 12:30:00,4.871,4.925,4.85,4.853,823722.7,421977.9
2026-10-02 12:45:00,4.852,4.941,4.851,4.928,429958.9,320739.9
2026-10-02 13:00:00,4.929,4.957,4.92,4.928,840937,511037.3
2026-10-02 13:15:00,4.929,4.937,4.885,4.896,332778.4,130760.1
2026-10-02 13:30:00,4.896,4.991,4.894,4.948,550429.8,302195.6
2026-10-02 13:45:00,4.947,4.962,4.887,4.896,794524.5,302483.1
2026-10-02 14:00:00,4.896,4.918,4.84,4.86,355073.8,171983.1
2026-10-02 14:15:00,4.86,4.956,4.82,4.922,811320.3,390466.3
2026-10-02 14:30:00,4.922,4.926,4.874,4.905,537990.6,236290.4
2026-10-02 14:45:00,4.906,4.93,4.838,4.875,600760,384862.7
2026-10-02 15:00:00,4.875,4.883,4.785,4.828,824593.8,276153.6
2026-10-02 15:15:00,4.829,4.859,4.815,4.854,323356.2,163681.1
2026-10-02 15:30:00,4.854,4.859,4.804,4.831,334082.6,130968.8
2026-10-02 15:45:00,4.832,4.842,4.806,4.819,164496.2,65214.7
2026-10-02 16:00:00,4.819,4.845,4.811,4.822,258263.5,127263.6
2026-10-02 16:15:00,4.823,4.876,4.819,4.823,326022.1,153710.8
2026-10-02 16:30:00,4.822,4.837,4.794,4.822,152029.2,57838.2
2026-10-02 16:45:00,4.823,4.843,4.798,4.82,154555.3,83063.4
2026-10-02 17:00:00,4.82,4.858,4.819,4.834,232394.6,122727.9
2026-10-02 17:15:00,4.833,4.878,4.827,4.845,225327.8,93956.7
2026-10-02 17:30:00,4.845,4.851,4.751,4.784,587368.6,243556
2026-10-02 17:45:00,4.783,4.821,4.774,4.776,383090.1,180353
2026-10-02 18:00:00,4.775,4.788,4.683,4.73,1032815.5,396356.5
2026-10-02 18:15:00,4.73,4.74,4.632,4.647,872020.4,347467.9
2026-10-02 18:30:00,4.647,4.666,4.607,4.62,830858.1,355875.3
2026-10-02 18:45:00,4.62,4.648,4.605,4.642,425817,152901.2
2026-10-02 19:00:00,4.641,4.651,4.601,4.622,489424,178863.2
2026-10-02 19:15:00,4.622,4.651,4.606,4.645,328953.7,168361.5
2026-10-02 19:30:00,4.646,4.658,4.631,4.641,303808.8,162281.8
2026-10-02 19:45:00,4.641,4.646,4.601,4.614,319042.2,129978.1
2026-10-02 20:00:00,4.614,4.636,4.599,4.628,296798.3,114344.9
2026-10-02 20:15:00,4.628,4.653,4.59,4.642,560959.4,268147.6
2026-10-02 20:30:00,4.642,4.675,4.628,4.642,523535.6,153809.1
2026-10-02 20:45:00,4.641,4.655,4.629,4.629,187371.6,80624.3
2026-10-02 21:00:00,4.628,4.682,4.628,4.66,168497,63476.5
2026-10-02 21:15:00,4.661,4.683,4.628,4.637,264511.4,119058.7
2026-10-02 21:30:00,4.637,4.666,4.628,4.658,179025.1,91628.9
2026-10-02 21:45:00,4.659,4.672,4.644,4.662,174357,89949.7
2026-10-02 22:00:00,4.663,4.665,4.638,4.64,118399.3,56773.9
2026-10-02 22:15:00,4.64,4.651,4.632,4.649,219342.1,152950.7
2026-10-02 22:30:00,4.649,4.665,4.637,4.648,225275.6,125753.6
2026-10-02 22:45:00,4.648,4.666,4.646,4.659,120017.9,55233.5
2026-10-02 23:00:00,4.659,4.674,4.658,4.666,103439.8,43999.6
2026-10-02 23:15:00,4.666,4.685,4.661,4.681,118787.4,52307.7
2026-10-02 23:30:00,4.681,4.692,4.671,4.691,157783.7,75913.7
2026-10-02 23:45:00,4.69,4.711,4.689,4.692,215266.7,107064.5
2026-10-03 00:00:00,4.692,4.716,4.683,4.708,204224.9,96893.4
2026-10-03 00:15:00,4.709,4.725,4.691,4.718,156829.5,79208.1
2026-10-03 00:30:00,4.718,4.73,4.702,4.727,172171.4,62236.3
2026-10-03 00:45:00,4.727,4.737,4.705,4.71,227307.2,63529.9
2026-10-03 01:00:00,4.71,4.728,4.691,4.715,141314.9,79645.7
2026-10-03 01:15:00,4.716,4.74,4.696,4.698,170775.6,55992.9
2026-10-03 01:30:00,4.698,4.712,4.683,4.703,203446.4,83028.6
2026-10-03 01:45:00,4.702,4.703,4.687,4.696,116717.8,41631.1
2026-10-03 02:00:00,4.696,4.702,4.678,4.697,163869.7,67721.5
2026-10-03 02:15:00,4.696,4.735,4.69,4.728,233841.7,130264.3
2026-10-03 02:30:00,4.728,4.728,4.7,4.701,84658.7,39533.4
2026-10-03 02:45:00,4.7,4.701,4.675,4.682,257573.3,140716.1
2026-10-03 03:00:00,4.681,4.709,4.679,4.698,97781.9,66664
2026-10-03 03:15:00,4.698,4.711,4.68,4.683,110124.8,54722.2
2026-10-03 03:30:00,4.684,4.69,4.672,4.68,88990.4,40179.3
2026-10-03 03:45:00,4.68,4.697,4.678,4.695,58050.8,23185.6
2026-10-03 04:00:00,4.695,4.696,4.66,4.671,107649.8,49405.1
2026-10-03 04:15:00,4.671,4.672,4.627,4.634,215095.5,71060
2026-10-03 04:30:00,4.634,4.654,4.621,4.649,162176.4,60887.6
2026-10-03 04:45:00,4.649,4.663,4.627,4.638,356511.4,106189.9
2026-10-03 05:00:00,4.638,4.684,4.633,4.669,192644.3,96449.4
2026-10-03 05:15:00,4.669,4.718,4.668,4.708,145968.6,81350.6
2026-10-03 05:30:00,4.707,4.729,4.706,4.722,158406.8,76623.9
2026-10-03 05:45:00,4.722,4.731,4.698,4.707,85591.3,36538.4
2026-10-03 06:00:00,4.708,4.731,4.693,4.697,160818.8,93301.4
2026-10-03 06:15:00,4.698,4.712,4.698,4.699,48316.6,24173.2
2026-10-03 06:30:00,4.699,4.719,4.695,4.702,84519.6,43681
2026-10-03 06:45:00,4.702,4.72,4.698,4.718,94300.7,39534.4
2026-10-03 07:00:00,4.719,4.719,4.702,4.707,65897.6,32800.9
2026-10-03 07:15:00,4.706,4.713,4.687,4.704,74039.2,37073.7
2026-10-03 07:30:00,4.704,4.707,4.685,4.685,119798.6,61675.5
2026-10-03 07:45:00,4.686,4.712,4.671,4.681,158612,71072.3
2026-10-03 08:00:00,4.682,4.7,4.67,4.696,98675.6,40840.3
2026-10-03 08:15:00,4.695,4.699,4.682,4.693,82426.4,42347.4
2026-10-03 08:30:00,4.692,4.697,4.686,4.692,59936.6,24393.3
2026-10-03 08:45:00,4.692,4.694,4.669,4.671,63773.1,11814
2026-10-03 09:00:00,4.67,4.677,4.665,4.666,64070.6,29857.9
2026-10-03 09:15:00,4.665,4.668,4.647,4.647,241225.2,135657.7
2026-10-03 09:30:00,4.647,4.661,4.646,4.658,101670.9,68419.2
2026-10-03 09:45:00,4.657,4.684,4.657,4.672,75423.5,42195.8
2026-10-03 10:00:00,4.673,4.723,4.672,4.709,231691.5,125551.6
2026-10-03 10:15:00,4.708,4.719,4.678,4.698,178864.9,83704.6
2026-10-03 10:30:00,4.699,4.711,4.694,4.708,107465.7,54098.2
2026-10-03 10:45:00,4.709,4.71,4.695,4.695,70647.7,23133.7
2026-10-03 11:00:00,4.695,4.695,4.682,4.687,88442.1,49485.5
2026-10-03 11:15:00,4.687,4.693,4.677,4.687,61304.2,31873
2026-10-03 11:30:00,4.688,4.712,4.686,4.686,100701.4,51339.1
2026-10-03 11:45:00,4.685,4.69,4.668,4.67,113450.5,63257.7
2026-10-03 12:00:00,4.67,4.678,4.657,4.664,141969.7,57279.4
2026-10-03 12:15:00,4.664,4.668,4.637,4.647,220221.5,96136.2
2026-10-03 12:30:00,4.646,4.658,4.64,4.641,103919.7,56987.2
2026-10-03 12:45:00,4.641,4.674,4.636,4.664,160551.9,113072.3
2026-10-03 13:00:00,4.663,4.678,4.65,4.65,114356.9,63634
2026-10-03 13:15:00,4.65,4.657,4.644,4.656,46582.7,21534.9
2026-10-03 13:30:00,4.656,4.663,4.628,4.631,87484.1,44348.9
2026-10-03 13:45:00,4.63,4.649,4.628,4.641,110053.8,56649.5
2026-10-03 14:00:00,4.641,4.653,4.617,4.625,218178.7,102246.6
2026-10-03 14:15:00,4.626,4.648,4.622,4.641,106133.5,48482.9
2026-10-03 14:30:00,4.64,4.65,4.636,4.644,90530.7,47010.3
2026-10-03 14:45:00,4.644,4.683,4.644,4.67,218821.6,123762.2
2026-10-03 15:00:00,4.669,4.669,4.646,4.654,138318.2,86900.6
2026-10-03 15:15:00,4.654,4.658,4.632,4.633,119522.5,50802.6
2026-10-03 15:30:00,4.633,4.644,4.619,4.637,105939.9,63662.7
2026-10-03 15:45:00,4.637,4.652,4.636,4.646,56675.3,33336.6
2026-10-03 16:00:00,4.645,4.648,4.625,4.63,135166.6,45009.5
2026-10-03 16:15:00,4.629,4.632,4.604,4.626,235984.2,128758.4
2026-10-03 16:30:00,4.627,4.654,4.62,4.644,136354.4,90378.2
2026-10-03 16:45:00,4.645,4.659,4.634,4.653,102896,55896.7
2026-10-03 17:00:00,4.652,4.727,4.652,4.717,415560.1,269445.6
2026-10-03 17:15:00,4.717,4.73,4.702,4.709,273154.9,142451.3
2026-10-03 17:30:00,4.709,4.711,4.675,4.706,195864.8,101821.7
2026-10-03 17:45:00,4.706,4.706,4.677,4.688,166357.9,77777.6
2026-10-03 18:00:00,4.687,4.705,4.674,4.678,159049.3,70936
2026-10-03 18:15:00,4.679,4.685,4.64,4.655,166925.4,100227
2026-10-03 18:30:00,4.654,4.696,4.646,4.695,241992.8,193101.3
2026-10-03 18:45:00,4.694,4.717,4.669,4.714,143903.5,85735.1
2026-10-03 19:00:00,4.714,4.721,4.695,4.706,251541.1,148851.3
2026-10-03 19:15:00,4.707,4.747,4.707,4.721,311197.4,185190
2026-10-03 19:30:00,4.72,4.752,4.717,4.731,186791.5,111440.2
2026-10-03 19:45:00,4.73,4.736,4.717,4.726,110854.8,67451.9
2026-10-03 20:00:00,4.726,4.794,4.724,4.762,476288.4,317096
2026-10-03 20:15:00,4.762,4.819,4.761,4.798,263238.1,176066.8
2026-10-03 20:30:00,4.799,4.806,4.777,4.784,154877.8,70620.4
2026-10-03 20:45:00,4.784,4.784,4.736,4.741,194112.8,80199.8
2026-10-03 21:00:00,4.74,4.771,4.739,4.761,146162.9,81673.5
2026-10-03 21:15:00,4.761,4.762,4.732,4.733,57509.4,31128.5
2026-10-03 21:30:00,4.734,4.769,4.734,4.742,77070.3,35076.6
2026-10-03 21:45:00,4.742,4.771,4.742,4.753,97830.6,53153.6
2026-10-03 22:00:00,4.752,4.763,4.736,4.751,106596.6,62196.9
2026-10-03 22:15:00,4.751,4.78,4.746,4.766,112188.9,60977.8
2026-10-03 22:30:00,4.766,4.807,4.765,4.791,178434.5,108589
2026-10-03 22:45:00,4.791,4.792,4.785,4.788,22778.4,9781.1
