t,o,h,l,c,v,taker_buy_v
2026-09-13 22:45:00,99.93,100.12,99.72,99.74,12286.396,6270.287
2026-09-13 23:00:00,99.75,100.02,99.52,99.58,19164.347,7343.332
2026-09-13 23:15:00,99.59,99.75,99.39,99.61,14953.014,8909.179
2026-09-13 23:30:00,99.61,99.87,99.52,99.63,23083.756,12554.4
2026-09-13 23:45:00,99.63,99.68,99.19,99.3,22241.581,8821.565
2026-09-14 00:00:00,99.31,99.93,99.26,99.61,16522.5,9187.35
2026-09-14 00:15:00,99.61,99.71,99,99.12,20978.892,6105.324
2026-09-14 00:30:00,99.11,99.75,99.06,99.73,21050.371,9872.807
2026-09-14 00:45:00,99.72,99.81,99.59,99.66,8682.366,2835.878
2026-09-14 01:00:00,99.65,99.88,99.5,99.58,19477.244,8265.087
2026-09-14 01:15:00,99.58,99.76,99.34,99.67,12320.274,4833.52
2026-09-14 01:30:00,99.66,99.72,99.18,99.42,16055.991,7491.806
2026-09-14 01:45:00,99.43,100.22,99.38,100.18,17074.323,11942.431
2026-09-14 02:00:00,100.17,100.75,99.97,100.67,24061.898,13975.922
2026-09-14 02:15:00,100.67,101.02,100.45,100.85,18309.944,11498.548
2026-09-14 02:30:00,100.86,101.02,100.62,100.73,15667.748,5390.995
2026-09-14 02:45:00,100.73,101.07,100.73,101.01,23157.261,10393.759
2026-09-14 03:00:00,101.01,101.34,100.92,101.23,29009.578,9734.939
2026-09-14 03:15:00,101.24,101.34,101.08,101.17,21047.456,9192.786
2026-09-14 03:30:00,101.17,101.17,100.79,100.86,19424.38,7673.393
2026-09-14 03:45:00,100.86,101,100.8,100.98,8179.455,2087.563
2026-09-14 04:00:00,100.99,101.1,100.88,100.93,13577.653,3707.655
2026-09-14 04:15:00,100.93,101.21,100.89,101,18543.909,8332.094
2026-09-14 04:30:00,101,101.26,100.89,101.22,13884.408,7796.856
2026-09-14 04:45:00,101.21,101.38,101.06,101.17,20300.419,6316.105
2026-09-14 05:00:00,101.18,101.23,101.05,101.21,5647.529,3188.243
2026-09-14 05:15:00,101.21,101.21,100.99,101.03,5998.881,2255.94
2026-09-14 05:30:00,101.03,101.18,100.97,101.07,12190.393,6459.911
2026-09-14 05:45:00,101.07,101.12,100.93,101.12,5509.554,2163.814
2026-09-14 06:00:00,101.12,102,101.09,101.75,40045.631,25810.978
2026-09-14 06:15:00,101.75,101.75,101.4,101.4,11107.974,3712.301
2026-09-14 06:30:00,101.4,101.77,101.1,101.67,26562.599,12257.666
2026-09-14 06:45:00,101.67,101.68,101.49,101.55,14424.846,8737.069
2026-09-14 07:00:00,101.55,101.71,101.45,101.58,7092.941,3469.409
2026-09-14 07:15:00,101.59,101.74,101.5,101.52,13826.929,7310.409
2026-09-14 07:30:00,101.51,101.72,101.43,101.68,11086.642,6994.096
2026-09-14 07:45:00,101.67,101.67,101.51,101.61,18497.179,10325.807
2026-09-14 08:00:00,101.61,101.72,101.39,101.54,30253.675,15836.794
2026-09-14 08:15:00,101.54,101.83,101.39,101.48,19843.919,9111.578
2026-09-14 08:30:00,101.47,101.64,101.41,101.51,11698.449,6935.923
2026-09-14 08:45:00,101.5,101.52,101.32,101.49,12224.284,6100.814
2026-09-14 09:00:00,101.49,101.62,101.37,101.38,16196.931,8373.725
2026-09-14 09:15:00,101.39,101.61,101.24,101.42,28460.965,14928.534
2026-09-14 09:30:00,101.41,101.62,101.38,101.55,17431.399,8830.451
2026-09-14 09:45:00,101.55,102.34,101.55,101.94,47666.893,30240.586
2026-09-14 10:00:00,101.95,102.01,101.69,101.81,20440.152,8888.999
2026-09-14 10:15:00,101.82,101.89,101.73,101.78,17983.611,3969.2
2026-09-14 10:30:00,101.78,101.98,101.74,101.93,11968.337,8496.955
2026-09-14 10:45:00,101.93,102.02,101.77,101.78,14791.616,5408.972
2026-09-14 11:00:00,101.79,101.9,101.44,101.6,33030.449,15513.691
2026-09-14 11:15:00,101.61,101.88,101.6,101.86,7683.724,5036.513
2026-09-14 11:30:00,101.85,101.92,101.52,101.55,22486.65,9882.613
2026-09-14 11:45:00,101.55,101.58,101.31,101.38,17848.67,7126.585
2026-09-14 12:00:00,101.38,101.57,101.29,101.56,11747.985,7063.807
2026-09-14 12:15:00,101.57,101.82,101.52,101.81,19262.422,10954.165
2026-09-14 12:30:00,101.82,101.99,101.41,101.72,24671.924,12182.257
2026-09-14 12:45:00,101.71,101.79,101.21,101.39,12489.401,5017.219
2026-09-14 13:00:00,101.38,101.41,100.67,101.17,43607.956,17740.216
2026-09-14 13:15:00,101.16,101.46,101.05,101.21,21647.074,12242.796
2026-09-14 13:30:00,101.21,101.87,101,101.47,41095.891,21437.084
2026-09-14 13:45:00,101.47,101.91,101.23,101.37,33247.777,19252.883
2026-09-14 14:00:00,101.36,101.99,101.35,101.84,35447.625,19599.316
2026-09-14 14:15:00,101.84,102,101.19,101.54,27216.169,12741.434
2026-09-14 14:30:00,101.54,101.95,101.4,101.54,23611.261,10289.862
2026-09-14 14:45:00,101.55,101.82,101.5,101.63,24001.54,12271.735
2026-09-14 15:00:00,101.64,101.82,101.35,101.77,28352.702,13514.091
2026-09-14 15:15:00,101.77,101.94,101.69,101.79,17316.912,6595.461
2026-09-14 15:30:00,101.79,102.28,101.77,102.18,47629.702,28248.037
2026-09-14 15:45:00,102.19,102.27,101.84,101.97,35409.71,15459.344
2026-09-14 16:00:00,101.96,102.19,101.86,101.89,17974.008,9602.081
2026-09-14 16:15:00,101.89,102.87,101.89,102.43,70066.309,38110.66
2026-09-14 16:30:00,102.44,102.69,102.35,102.43,25633.74,11420.453
2026-09-14 16:45:00,102.43,102.85,102.4,102.6,19598.924,10408.686
2026-09-14 17:00:00,102.6,102.98,102.52,102.96,16965.057,7761.347
2026-09-14 17:15:00,102.96,103.11,102.76,102.96,31192.309,14693.412
2026-09-14 17:30:00,102.97,102.99,102.57,102.9,19520.72,7855.487
2026-09-14 17:45:00,102.91,103.3,102.9,103.06,30696.386,18890.032
2026-09-14 18:00:00,103.06,103.32,102.92,103.02,41674.11,18841.295
2026-09-14 18:15:00,103.02,103.54,102.98,103.44,37293.325,24756.161
2026-09-14 18:30:00,103.44,103.85,103.36,103.57,39398.588,19902.093
2026-09-14 18:45:00,103.57,103.85,103.57,103.62,29468.396,17461.006
2026-09-14 19:00:00,103.63,103.63,103.15,103.4,27801.89,12535.599
2026-09-14 19:15:00,103.41,103.62,103.39,103.39,14927.866,7750.85
2026-09-14 19:30:00,103.39,103.44,102.95,103.31,22872.049,9985.222
2026-09-14 19:45:00,103.31,103.35,103.03,103.25,19909.062,10449.904
2026-09-14 20:00:00,103.26,104.11,103.19,103.89,29123.28,22121.857
2026-09-14 20:15:00,103.9,104.65,103.89,104.56,67432.909,38899.291
2026-09-14 20:30:00,104.57,104.81,104.42,104.63,54512.982,19738.314
2026-09-14 20:45:00,104.64,104.82,103.96,103.98,28583.087,11087.324
2026-09-14 21:00:00,103.99,104.03,103.27,103.58,51111.706,20285.215
2026-09-14 21:15:00,103.59,103.87,103.48,103.61,26944.848,13704.856
2026-09-14 21:30:00,103.6,103.73,103.07,103.31,39258.637,15083.377
2026-09-14 21:45:00,103.31,103.34,103.19,103.21,8721.144,2873.954
2026-09-14 22:00:00,103.21,103.58,103.09,103.52,20076.668,10181.605
2026-09-14 22:15:00,103.51,103.52,103.05,103.23,21540.951,8451.037
2026-09-14 22:30:00,103.23,103.23,102.97,103.09,19499.499,6235.644
2026-09-14 22:45:00,103.1,103.1,102.79,102.88,22251.667,9613.496
2026-09-14 23:00:00,102.88,102.95,102.6,102.76,15944.552,7140.158
2026-09-14 23:15:00,102.77,103.01,102.76,102.89,9231.463,4502.688
2026-09-14 23:30:00,102.89,102.89,102.6,102.63,5029.906,1626.883
2026-09-14 23:45:00,102.63,102.63,102.43,102.53,12339.515,7650.973
2026-09-15 00:00:00,102.54,102.67,102.46,102.56,12716.405,5044.11
2026-09-15 00:15:00,102.56,102.69,102.41,102.64,15721.145,8108.462
2026-09-15 00:30:00,102.64,102.86,102.37,102.47,20422.312,10976.732
2026-09-15 00:45:00,102.48,102.68,102.44,102.46,15073.084,8335.296
2026-09-15 01:00:00,102.47,102.51,102.36,102.42,15592.865,11278.415
2026-09-15 01:15:00,102.41,102.6,102.18,102.2,26573.027,12279.652
2026-09-15 01:30:00,102.2,102.47,102.15,102.43,11835.739,6901.029
2026-09-15 01:45:00,102.42,102.52,102.26,102.27,12677.179,5114.615
2026-09-15 02:00:00,102.27,102.41,102.2,102.28,9239.122,4626.507
2026-09-15 02:15:00,102.27,102.37,102.22,102.31,4160.65,1947.07
2026-09-15 02:30:00,102.31,102.33,102.02,102.09,17177.918,5688.873
2026-09-15 02:45:00,102.09,102.15,101.98,101.98,15246.093,5363.383
2026-09-15 03:00:00,101.98,101.99,101.36,101.39,24004.873,10109.595
2026-09-15 03:15:00,101.4,101.55,101.19,101.52,26567.189,10687.155
2026-09-15 03:30:00,101.52,101.85,101.5,101.73,14251.436,8133.057
2026-09-15 03:45:00,101.72,101.75,101.5,101.55,15057.975,8865.952
2026-09-15 04:00:00,101.55,101.72,101.43,101.44,18784.182,6585.19
2026-09-15 04:15:00,101.45,101.65,101.34,101.41,11137.935,3429.206
2026-09-15 04:30:00,101.4,101.51,101.17,101.31,22403.169,9469.932
2026-09-15 04:45:00,101.31,101.37,101.25,101.28,15053.381,9322.218
2026-09-15 05:00:00,101.28,101.33,100.82,100.92,34285.548,13285.745
2026-09-15 05:15:00,100.92,100.95,100.57,100.91,28491.805,12581.709
2026-09-15 05:30:00,100.91,101.12,100.8,101.07,26259.635,21847.003
2026-09-15 05:45:00,101.07,101.4,100.97,101.33,23328.053,8293.705
2026-09-15 06:00:00,101.34,101.59,101.33,101.35,12979.683,7326.15
2026-09-15 06:15:00,101.35,101.38,101.01,101.06,9185.185,2588.341
2026-09-15 06:30:00,101.06,101.15,101,101.07,18215.587,9981.627
2026-09-15 06:45:00,101.08,101.1,100.74,100.9,22443.992,8160.759
2026-09-15 07:00:00,100.9,100.93,100.71,100.82,17876.604,7119.538
2026-09-15 07:15:00,100.82,101.05,100.79,100.84,19763.125,7187.105
2026-09-15 07:30:00,100.83,100.85,100.52,100.67,21411.668,10086.037
2026-09-15 07:45:00,100.67,100.7,100.35,100.44,19012.306,5058.464
2026-09-15 08:00:00,100.44,100.46,100.08,100.32,32467.527,18132.513
2026-09-15 08:15:00,100.33,100.45,100.19,100.31,17915.667,10202.943
2026-09-15 08:30:00,100.3,100.63,100.22,100.45,28819.118,21437.668
2026-09-15 08:45:00,100.44,100.73,100.4,100.65,33234.396,23343.776
2026-09-15 09:00:00,100.66,100.75,100.55,100.6,18655.36,10443.148
2026-09-15 09:15:00,100.6,100.66,100.52,100.63,8232.193,4182.689
2026-09-15 09:30:00,100.64,100.89,100.63,100.88,14706.469,7623.815
2026-09-15 09:45:00,100.88,101.1,100.8,100.82,17179.029,7629.241
2026-09-15 10:00:00,100.82,100.96,100.76,100.89,13879.183,7395.808
2026-09-15 10:15:00,100.89,100.95,100.71,100.71,11816.684,5362.005
2026-09-15 10:30:00,100.71,100.99,100.68,100.95,14626.861,8664.13
2026-09-15 10:45:00,100.95,101.11,100.95,100.98,28245.894,17266.366
2026-09-15 11:00:00,100.98,101.03,100.83,100.85,16449.512,8156.881
2026-09-15 11:15:00,100.85,100.93,100.66,100.68,15600.165,5599.908
2026-09-15 11:30:00,100.68,100.72,100.43,100.63,25027.854,12808.502
2026-09-15 11:45:00,100.62,100.88,100.6,100.86,14301.288,5667.793
2026-09-15 12:00:00,100.86,101.03,100.82,100.97,27012.328,12556.782
2026-09-15 12:15:00,100.97,101.15,100.91,101.08,26976.578,10935.033
2026-09-15 12:30:00,101.07,101.09,100.89,100.97,25261.849,12109.869
2026-09-15 12:45:00,100.98,101.21,100.92,101,42226.177,24939.893
2026-09-15 13:00:00,101,101.39,101,101.11,30615.607,15368.854
2026-09-15 13:15:00,101.11,101.14,100.95,100.95,20417.09,10915.998
2026-09-15 13:30:00,100.95,100.95,99.74,100.23,82313.727,35258.165
2026-09-15 13:45:00,100.24,100.58,99.91,100.58,42686.026,19019.253
2026-09-15 14:00:00,100.57,100.76,100.22,100.32,23172.13,12715.797
2026-09-15 14:15:00,100.31,100.39,99.93,99.95,19410.757,7020.472
2026-09-15 14:30:00,99.94,100,98.51,98.94,118047.961,40122.524
2026-09-15 14:45:00,98.95,98.98,98.02,98.87,81666.825,35125.353
2026-09-15 15:00:00,98.88,99.22,98.56,99.14,48630.068,22274.345
2026-09-15 15:15:00,99.13,99.77,98.96,99.52,40489.652,19611.452
2026-09-15 15:30:00,99.52,99.6,99.27,99.4,30864.327,16829.712
2026-09-15 15:45:00,99.4,99.6,99.26,99.36,24843.957,13042.23
2026-09-15 16:00:00,99.37,99.46,98.9,98.91,15480.058,5342.939
2026-09-15 16:15:00,98.91,99.38,98.91,99.29,10566.462,6784.222
2026-09-15 16:30:00,99.29,99.33,99.07,99.13,11662.516,4346.746
2026-09-15 16:45:00,99.12,99.37,99.07,99.11,11669.677,6140.016
2026-09-15 17:00:00,99.1,99.16,98.69,98.97,16259.006,7849.375
2026-09-15 17:15:00,98.97,99.44,98.89,99.42,14624.367,10667.966
2026-09-15 17:30:00,99.42,100.41,99.41,99.79,43570.626,28349.748
2026-09-15 17:45:00,99.8,100.71,99.8,100.21,36665.174,23017.208
2026-09-15 18:00:00,100.21,100.32,99.79,99.87,23079.328,11579.355
2026-09-15 18:15:00,99.86,100.34,99.38,99.95,33787.304,15761.664
2026-09-15 18:30:00,99.94,99.97,98.03,98.06,115348.829,50483.86
2026-09-15 18:45:00,98.06,98.41,95.82,98.2,296663.481,121624.407
2026-09-15 19:00:00,98.19,98.62,97.67,98.04,81481.82,42020.696
2026-09-15 19:15:00,98.05,98.67,97.62,97.65,53571.441,24538.057
2026-09-15 19:30:00,97.66,98.02,97.51,97.63,50814.403,26501.248
2026-09-15 19:45:00,97.62,98.08,97.57,97.9,26854.824,17122.66
2026-09-15 20:00:00,97.9,98.09,97.21,97.56,29395.69,14822.856
2026-09-15 20:15:00,97.57,97.6,96.88,96.88,29044.699,11984.904
2026-09-15 20:30:00,96.88,97.23,96.67,97.18,35427.458,16955.805
2026-09-15 20:45:00,97.18,97.67,97.16,97.45,21628.551,10301.251
2026-09-15 21:00:00,97.44,97.44,97.01,97.23,21907.539,11289.707
2026-09-15 21:15:00,97.22,97.32,96.7,96.8,22203.401,9590.38
2026-09-15 21:30:00,96.8,97.04,96.73,97.03,18542.325,11182.272
2026-09-15 21:45:00,97.03,97.05,96.54,96.55,15404.136,4456.329
2026-09-15 22:00:00,96.55,97.02,96.4,96.8,26523.439,13094.002
2026-09-15 22:15:00,96.8,97.05,96.31,96.83,56844.188,29907.168
2026-09-15 22:30:00,96.83,97.03,96.73,96.97,19776.473,11290.502
2026-09-15 22:45:00,96.96,97.31,96.95,97.16,17319.168,11746.42
2026-09-15 23:00:00,97.16,97.53,97.13,97.52,18498.401,11607.673
2026-09-15 23:15:00,97.53,97.68,97.49,97.52,22186.693,10632.137
2026-09-15 23:30:00,97.51,97.51,96.89,97.14,36906.522,16236.426
2026-09-15 23:45:00,97.15,97.17,96.87,96.88,17057.174,4028.293
2026-09-16 00:00:00,96.88,97.19,96.84,96.94,19849.297,7318.062
2026-09-16 00:15:00,96.93,97.23,96.88,97.21,20974.308,12639.91
2026-09-16 00:30:00,97.21,97.31,97.09,97.2,19374.054,8171.501
2026-09-16 00:45:00,97.21,97.32,96.96,97.08,25901.942,12288.484
2026-09-16 01:00:00,97.08,97.21,96.81,97.1,19952.838,11026.254
2026-09-16 01:15:00,97.09,97.31,97.01,97.1,12469.455,6284.993
2026-09-16 01:30:00,97.1,97.1,96.63,96.79,23091.67,12257.833
2026-09-16 01:45:00,96.8,96.89,96.38,96.49,22517.289,9561.689
2026-09-16 02:00:00,96.5,96.79,96.45,96.75,26257.26,16518.118
2026-09-16 02:15:00,96.75,97.25,96.74,97.25,21646.762,12047.075
2026-09-16 02:30:00,97.25,97.6,97.25,97.38,16190.413,8564.523
2026-09-16 02:45:00,97.38,97.43,97.1,97.25,16286.873,9556.961
2026-09-16 03:00:00,97.25,97.41,97.08,97.4,21207.126,12522.338
2026-09-16 03:15:00,97.4,97.59,97.2,97.22,19585.459,8660.816
2026-09-16 03:30:00,97.23,97.36,97.04,97.12,16429.814,9713.386
2026-09-16 03:45:00,97.13,97.28,97.09,97.25,7026.179,4770.665
2026-09-16 04:00:00,97.26,97.45,97.18,97.44,10294.5,6176.127
2026-09-16 04:15:00,97.43,97.73,97.32,97.44,34371.991,19953.534
2026-09-16 04:30:00,97.43,97.65,97.29,97.43,19481.996,8899.79
2026-09-16 04:45:00,97.42,97.5,97.16,97.27,13583.475,8975.537
2026-09-16 05:00:00,97.27,97.32,96.87,97.02,25480.642,9885.677
2026-09-16 05:15:00,97.02,97.3,96.97,97.18,11932.454,7792.99
2026-09-16 05:30:00,97.17,97.31,97.1,97.28,14108.322,7741.317
2026-09-16 05:45:00,97.27,97.31,97,97.23,24139.21,13522.271
2026-09-16 06:00:00,97.23,97.34,97.11,97.23,12789.573,5483.115
2026-09-16 06:15:00,97.22,97.33,97.13,97.15,6576.025,3065.359
2026-09-16 06:30:00,97.15,97.15,96.89,97.08,14430.55,10062.069
2026-09-16 06:45:00,97.08,97.43,97.07,97.41,8593.303,6090.513
2026-09-16 07:00:00,97.41,97.54,97.07,97.27,30753.967,18088.364
2026-09-16 07:15:00,97.26,97.37,97.06,97.1,19079.408,8086.89
2026-09-16 07:30:00,97.09,97.15,97,97.04,12482.197,6683.854
2026-09-16 07:45:00,97.04,97.1,96.93,96.98,7066.305,3432.476
2026-09-16 08:00:00,96.97,96.97,96.41,96.62,27442.8,9889.885
2026-09-16 08:15:00,96.62,96.94,96.59,96.62,39923.145,17055.613
2026-09-16 08:30:00,96.62,96.8,96.6,96.77,6950.297,3255.004
2026-09-16 08:45:00,96.77,97.03,96.74,97.02,9036.138,6242.612
2026-09-16 09:00:00,97.02,97.25,97.02,97.12,31464.313,13357.56
2026-09-16 09:15:00,97.13,97.3,97.08,97.15,25112.592,13662.028
2026-09-16 09:30:00,97.15,97.35,97.14,97.28,10669.798,4748.059
2026-09-16 09:45:00,97.29,97.34,97.17,97.32,3446.862,1565.265
2026-09-16 10:00:00,97.31,97.36,97.13,97.17,18906.249,10899.366
2026-09-16 10:15:00,97.16,97.38,97.16,97.33,11913.408,6858.987
2026-09-16 10:30:00,97.33,97.37,97.28,97.35,14506.11,7293.424
2026-09-16 10:45:00,97.34,97.38,97.14,97.31,11829.693,5919.561
2026-09-16 11:00:00,97.31,97.45,97.16,97.18,12247.723,6522.737
2026-09-16 11:15:00,97.17,97.43,97.04,97.35,22388.986,11655.073
2026-09-16 11:30:00,97.36,98.27,97.33,98.18,47853.191,34070.303
2026-09-16 11:45:00,98.18,98.32,97.96,98.02,18454.458,10452.446
2026-09-16 12:00:00,98.02,98.12,97.72,97.74,26280.317,10651.18
2026-09-16 12:15:00,97.73,97.94,97.51,97.55,21499.141,10803.923
2026-09-16 12:30:00,97.54,97.61,97.19,97.47,15564.763,6766.224
2026-09-16 12:45:00,97.46,97.67,97.4,97.59,12667.289,5186.533
2026-09-16 13:00:00,97.58,97.58,96.97,97.27,23477.799,9799.478
2026-09-16 13:15:00,97.27,97.45,97.15,97.29,29229.03,14353.741
2026-09-16 13:30:00,97.29,97.36,96.87,97.26,38053.597,16793.054
2026-09-16 13:45:00,97.26,97.65,97.1,97.18,26711.277,15331.054
2026-09-16 14:00:00,97.18,97.2,96.65,96.87,35846.04,14519.821
2026-09-16 14:15:00,96.86,97.28,96.86,97.27,32915.241,18471.79
2026-09-16 14:30:00,97.28,97.29,96.82,97.08,34144.491,14882.831
2026-09-16 14:45:00,97.07,97.09,96.66,97.04,24344.579,13776.887
2026-09-16 15:00:00,97.05,97.45,97.01,97.29,19581.673,9208.811
2026-09-16 15:15:00,97.28,97.28,96.96,96.99,17478.297,8683.504
2026-09-16 15:30:00,97,97.27,96.85,97.11,9916.848,4843.115
2026-09-16 15:45:00,97.11,97.6,97,97.1,22777.096,12591.805
2026-09-16 16:00:00,97.11,97.35,96.96,97.3,16628.189,6341.099
2026-09-16 16:15:00,97.31,97.52,97.17,97.29,9871.462,5715.781
2026-09-16 16:30:00,97.28,97.37,97.05,97.08,6889.535,2111.139
2026-09-16 16:45:00,97.07,97.34,97.07,97.24,11072.685,8145.491
2026-09-16 17:00:00,97.23,97.28,97.03,97.24,15680.21,7400.515
2026-09-16 17:15:00,97.23,97.32,96.92,97.02,15312.491,7630.568
2026-09-16 17:30:00,97.02,97.06,96.13,96.29,28901.304,11808.51
2026-09-16 17:45:00,96.29,97.38,96.09,97.03,53591.888,24611.428
2026-09-16 18:00:00,97.03,98.94,96.28,97.85,208426.717,106730.722
2026-09-16 18:15:00,97.85,98.43,97.64,98.38,64679.692,34806.774
2026-09-16 18:30:00,98.39,98.72,96.59,98.2,93501.141,46236.732
2026-09-16 18:45:00,98.19,98.4,97.56,97.84,62601.996,21380.157
2026-09-16 19:00:00,97.84,98.74,97.84,98.2,61577.793,34775.377
2026-09-16 19:15:00,98.21,98.35,96.91,97.45,60839.005,22927.429
2026-09-16 19:30:00,97.45,98.12,97.23,98.08,29738.967,18618.419
2026-09-16 19:45:00,98.07,98.42,98.05,98.08,21853.791,10325.786
2026-09-16 20:00:00,98.08,98.8,98.02,98.5,29143.741,14176.582
2026-09-16 20:15:00,98.51,98.9,98.33,98.57,28051.192,15138.365
2026-09-16 20:30:00,98.58,98.76,98.2,98.43,21326.709,10501.271
2026-09-16 20:45:00,98.43,98.75,98.36,98.71,22976.644,9221.676
2026-09-16 21:00:00,98.71,98.81,98.39,98.41,8397.561,4091.823
2026-09-16 21:15:00,98.42,98.56,98.32,98.39,9036.12,5430.942
2026-09-16 21:30:00,98.39,98.5,98.12,98.22,9727.046,4854.378
2026-09-16 21:45:00,98.23,98.5,98.2,98.39,11840.003,7905.873
2026-09-16 22:00:00,98.4,98.44,97.49,98.08,37308.113,18355.654
2026-09-16 22:15:00,98.08,98.26,97.73,97.8,11506.961,4572.176
2026-09-16 22:30:00,97.8,97.8,97.55,97.64,9833.883,4746.356
2026-09-16 22:45:00,97.65,97.71,97.38,97.49,12431.073,8422.272
2026-09-16 23:00:00,97.49,97.79,97.39,97.78,18284.544,12739.005
2026-09-16 23:15:00,97.79,98.51,97.79,98.42,23384.006,14427.586
2026-09-16 23:30:00,98.43,98.8,98.37,98.71,27677.812,16020.019
2026-09-16 23:45:00,98.72,98.85,98.59,98.66,23623.222,12620.138
2026-09-17 00:00:00,98.66,99,98.47,98.9,15074.831,9098.373
2026-09-17 00:15:00,98.89,99.1,98.79,98.81,19977.628,12311.605
2026-09-17 00:30:00,98.82,99.2,98.81,98.95,19404.85,11974.357
2026-09-17 00:45:00,98.95,99,98.7,98.71,12786.567,5647.734
2026-09-17 01:00:00,98.71,98.85,98.47,98.7,10703.943,5052.715
2026-09-17 01:15:00,98.7,99.49,98.61,99.4,29376.668,21469.893
2026-09-17 01:30:00,99.4,99.64,99.08,99.43,36431.639,20449.611
2026-09-17 01:45:00,99.44,99.5,99.14,99.25,14789.452,6665.68
2026-09-17 02:00:00,99.26,99.35,98.86,99.09,13211.787,6173.213
2026-09-17 02:15:00,99.08,99.28,98.83,99.12,13120.523,4810.024
2026-09-17 02:30:00,99.12,99.72,98.99,99.67,22401.401,13351.701
2026-09-17 02:45:00,99.67,99.74,99.35,99.37,16903.577,9850.884
2026-09-17 03:00:00,99.37,99.67,99.37,99.54,9293.87,4898.938
2026-09-17 03:15:00,99.53,99.79,99.5,99.7,17955.273,12346.267
2026-09-17 03:30:00,99.7,100.04,99.69,99.86,21173.717,12817.833
2026-09-17 03:45:00,99.86,100.04,99.78,99.95,34604.644,23298.549
2026-09-17 04:00:00,99.96,99.99,99.62,99.66,8438.82,2927.17
2026-09-17 04:15:00,99.67,99.67,99.18,99.23,20227.264,6861.224
2026-09-17 04:30:00,99.23,99.61,99.11,99.5,23281.809,9147.351
2026-09-17 04:45:00,99.5,100,99.45,99.92,21024.153,13745.204
2026-09-17 05:00:00,99.91,100.11,99.59,99.7,18449.492,7810.425
2026-09-17 05:15:00,99.7,99.9,99.56,99.71,14959.313,6498.885
2026-09-17 05:30:00,99.71,99.83,99.57,99.6,15433.288,8250.876
2026-09-17 05:45:00,99.6,99.72,99.5,99.56,27578.628,7135.203
2026-09-17 06:00:00,99.56,99.76,99.52,99.66,14586.972,6887.773
2026-09-17 06:15:00,99.66,99.66,99.48,99.62,10791.754,3680.864
2026-09-17 06:30:00,99.63,99.95,99.62,99.93,14071.958,5818.756
2026-09-17 06:45:00,99.93,99.99,99.69,99.74,12664.334,6637.874
2026-09-17 07:00:00,99.75,100.36,99.72,100.06,32882.676,15927.636
2026-09-17 07:15:00,100.07,100.33,100.03,100.11,17199.858,8405.969
2026-09-17 07:30:00,100.11,100.25,100.07,100.08,11263.19,6079.491
2026-09-17 07:45:00,100.08,100.17,99.89,100.03,22605.055,6992.48
2026-09-17 08:00:00,100.03,100.18,99.92,99.94,12490.973,5763.177
2026-09-17 08:15:00,99.94,100.25,99.88,100.06,19812.764,10632.462
2026-09-17 08:30:00,100.07,100.34,100,100.21,17972.276,9346.809
2026-09-17 08:45:00,100.21,100.34,100.19,100.33,8620.459,4186.652
2026-09-17 09:00:00,100.34,100.78,100.33,100.64,35803.971,18504.701
2026-09-17 09:15:00,100.64,100.86,100.54,100.64,18885.651,8873.168
2026-09-17 09:30:00,100.64,100.89,100.5,100.5,21935.282,10282.717
2026-09-17 09:45:00,100.5,100.68,100.17,100.24,22924.267,11732.518
2026-09-17 10:00:00,100.24,100.26,99.78,99.88,27174.541,7356.46
2026-09-17 10:15:00,99.87,99.89,99.57,99.72,28197.116,10223.584
2026-09-17 10:30:00,99.71,99.93,99.68,99.7,17610.008,8714.596
2026-09-17 10:45:00,99.69,99.87,99.64,99.85,14601.62,6973.565
2026-09-17 11:00:00,99.86,100.2,99.82,100.19,22166.132,12070.407
2026-09-17 11:15:00,100.19,100.25,100.01,100.03,15367.972,7460.986
2026-09-17 11:30:00,100.03,100.03,99.53,99.57,11702.915,3937.476
2026-09-17 11:45:00,99.57,100.2,99.57,100.13,18740.657,10743.399
2026-09-17 12:00:00,100.13,100.85,100.07,100.84,36023.377,19257.813
2026-09-17 12:15:00,100.84,101.21,100.78,101.18,62530.312,39831.984
2026-09-17 12:30:00,101.18,101.45,100.87,100.87,31605.909,16779.402
2026-09-17 12:45:00,100.88,100.96,100.65,100.74,22606.031,11497.49
2026-09-17 13:00:00,100.74,101,100.41,100.53,34874.661,18690.325
2026-09-17 13:15:00,100.53,100.65,100.3,100.35,25422.987,7618.368
2026-09-17 13:30:00,100.36,100.52,99.68,99.84,47757.903,17339.406
2026-09-17 13:45:00,99.84,100.79,99.66,100.75,33261.504,21035.604
2026-09-17 14:00:00,100.75,101.49,100.08,101.43,73916.467,44774.239
2026-09-17 14:15:00,101.43,101.69,100.98,101.57,47124.403,27363.272
2026-09-17 14:30:00,101.56,101.8,101.21,101.23,38411.986,14241.973
2026-09-17 14:45:00,101.24,101.51,101.07,101.07,20026.989,9684.116
2026-09-17 15:00:00,101.08,101.13,100.38,100.53,30766.964,10768.881
2026-09-17 15:15:00,100.53,100.72,100.25,100.46,16632.835,8708.297
2026-09-17 15:30:00,100.47,101.34,100.45,101.15,29213.37,19860.693
2026-09-17 15:45:00,101.14,101.33,100.94,101.29,30628.842,19883.702
2026-09-17 16:00:00,101.28,101.51,101.17,101.32,25071.238,13371.102
2026-09-17 16:15:00,101.31,101.34,101.01,101.2,15440.058,6741.049
2026-09-17 16:30:00,101.19,101.21,100.71,101.19,25655.639,11440.844
2026-09-17 16:45:00,101.19,101.46,100.85,101.39,33225.23,19863.447
2026-09-17 17:00:00,101.4,101.66,101.26,101.26,26532.965,10749.188
2026-09-17 17:15:00,101.27,101.88,101.2,101.88,51616.171,34703.659
2026-09-17 17:30:00,101.87,102.05,101.66,101.67,45188.1,25978.229
2026-09-17 17:45:00,101.66,101.67,101.4,101.52,26298.443,10261.186
2026-09-17 18:00:00,101.52,101.57,101.36,101.52,11104.7,5429.006
2026-09-17 18:15:00,101.51,101.63,101.31,101.33,10015.685,3488.147
2026-09-17 18:30:00,101.33,101.41,100.85,101.18,17037.223,7544.805
2026-09-17 18:45:00,101.18,101.27,100.84,100.85,15576.825,7198.61
2026-09-17 19:00:00,100.84,100.98,100.77,100.81,7842.064,4695.796
2026-09-17 19:15:00,100.82,101.08,100.74,101.02,14019.333,9031.45
2026-09-17 19:30:00,101.02,101.09,100.84,100.94,9222.414,4566.713
2026-09-17 19:45:00,100.93,101.1,100.69,100.96,18773.949,7895.621
2026-09-17 20:00:00,100.97,101.26,100.89,101.21,9218.957,5062.444
2026-09-17 20:15:00,101.22,101.38,101.13,101.29,11511.8,6295.623
2026-09-17 20:30:00,101.29,101.29,100.97,101.05,11125.111,6352.95
2026-09-17 20:45:00,101.05,101.31,101.03,101.29,15158.134,9704.749
2026-09-17 21:00:00,101.3,101.44,101.09,101.15,29249.859,9524.474
2026-09-17 21:15:00,101.16,101.37,101.16,101.27,10266.911,6328.342
2026-09-17 21:30:00,101.28,101.46,101.24,101.36,12797.004,8198.531
2026-09-17 21:45:00,101.36,101.39,101.12,101.14,13106.412,5816.095
2026-09-17 22:00:00,101.14,101.33,100.97,101.11,31149.166,16257.619
2026-09-17 22:15:00,101.11,101.13,100.77,100.93,17392.364,6903.946
2026-09-17 22:30:00,100.92,101.45,100.82,101.43,20897.294,9102.143
2026-09-17 22:45:00,101.44,101.53,101.16,101.44,29358.335,16382.62
2026-09-17 23:00:00,101.44,101.7,101.34,101.57,20823.446,12730.398
2026-09-17 23:15:00,101.58,101.67,101.49,101.52,13278.544,7919.176
2026-09-17 23:30:00,101.52,101.68,101.37,101.55,23925.543,11975.85
2026-09-17 23:45:00,101.55,101.76,101.52,101.64,29793.111,16398.451
2026-09-18 00:00:00,101.63,101.71,101.4,101.48,23572.413,12299.687
2026-09-18 00:15:00,101.48,101.48,100.9,101.01,34157.363,17397.213
2026-09-18 00:30:00,101,101.37,101,101.31,15449.681,9801.514
2026-09-18 00:45:00,101.31,101.54,101.2,101.42,19555.506,12891.831
2026-09-18 01:00:00,101.41,101.64,101.4,101.56,16293.265,10257.555
2026-09-18 01:15:00,101.56,101.9,101.49,101.82,23836.94,16111.202
2026-09-18 01:30:00,101.83,102.3,101.82,102.21,51597.612,25166.798
2026-09-18 01:45:00,102.21,102.88,102.2,102.48,47590.371,27076.884
2026-09-18 02:00:00,102.49,102.75,102.18,102.49,36159.146,20338.152
2026-09-18 02:15:00,102.49,102.7,102.32,102.58,29958.91,12486.713
2026-09-18 02:30:00,102.58,102.91,102.52,102.62,32666.828,15084.484
2026-09-18 02:45:00,102.62,102.82,102.54,102.76,10571.013,5338.169
2026-09-18 03:00:00,102.76,103.72,102.67,103.71,60276.544,44313.133
2026-09-18 03:15:00,103.71,104.3,103.58,104.01,89620.766,51926.065
2026-09-18 03:30:00,104.02,104.57,103.99,104.05,60578.074,35579.685
2026-09-18 03:45:00,104.05,105.09,104.04,104.59,102640.742,59659.267
2026-09-18 04:00:00,104.6,105.12,104.42,104.71,68548.133,37518.993
2026-09-18 04:15:00,104.72,105.54,104.66,104.77,69513.636,40987.777
2026-09-18 04:30:00,104.77,105.05,104.49,105.05,34929.015,19023.348
2026-09-18 04:45:00,105.05,105.92,105.03,105.82,63782.841,36951.171
2026-09-18 05:00:00,105.82,106.12,105.39,105.55,98076.068,57145.306
2026-09-18 05:15:00,105.55,105.87,105.33,105.6,64941.285,31898.856
2026-09-18 05:30:00,105.59,105.92,105.49,105.57,45646.702,22558.215
2026-09-18 05:45:00,105.57,105.58,105.34,105.37,28352.055,11638.511
2026-09-18 06:00:00,105.36,105.78,105.36,105.55,36069.064,20928.313
2026-09-18 06:15:00,105.55,105.84,105.47,105.59,44278.322,20974.272
2026-09-18 06:30:00,105.59,105.74,105.49,105.58,23968.976,14271.182
2026-09-18 06:45:00,105.58,105.63,105.32,105.57,31445.103,15121.237
2026-09-18 07:00:00,105.57,106,105.45,105.84,48785.166,21286.011
2026-09-18 07:15:00,105.84,106.02,105.75,105.83,32406.441,15927.883
2026-09-18 07:30:00,105.83,106.04,105.77,106,26762.733,12883.689
2026-09-18 07:45:00,106,106.1,105.66,105.78,41827.606,21302.294
2026-09-18 08:00:00,105.78,106.27,105.29,105.6,55130.737,26248.51
2026-09-18 08:15:00,105.6,106.38,105.57,105.93,47523.097,26887.994
2026-09-18 08:30:00,105.93,106.02,105.7,105.82,32185.665,15189.844
2026-09-18 08:45:00,105.81,106.31,105.78,106.31,25770.044,15156.463
2026-09-18 09:00:00,106.3,106.4,106.01,106.21,33923.35,16369.837
2026-09-18 09:15:00,106.21,106.43,106.03,106.06,37515.979,19630.856
2026-09-18 09:30:00,106.07,106.2,105.93,106.2,19767.108,11737.853
2026-09-18 09:45:00,106.19,106.6,106.15,106.42,36323.828,22654.86
2026-09-18 10:00:00,106.42,106.62,106.26,106.49,36780.41,21331.366
2026-09-18 10:15:00,106.49,106.66,106.4,106.63,21355.309,9956.761
2026-09-18 10:30:00,106.63,106.67,106.49,106.57,17732.994,8125.617
2026-09-18 10:45:00,106.56,106.63,106.26,106.28,19162.017,8798.461
2026-09-18 11:00:00,106.27,106.4,105.51,105.56,63105.73,31267.725
2026-09-18 11:15:00,105.56,105.74,105.36,105.45,44570.801,13533.377
2026-09-18 11:30:00,105.44,105.93,105.42,105.6,48619.127,17824.905
2026-09-18 11:45:00,105.61,105.91,105.59,105.74,20201.777,9977.848
2026-09-18 12:00:00,105.74,105.91,105.44,105.52,25148.779,10509.104
2026-09-18 12:15:00,105.52,105.74,105.36,105.69,25463.923,11791.314
2026-09-18 12:30:00,105.69,106.13,105.53,105.92,30883.189,18444.984
2026-09-18 12:45:00,105.92,106.07,105.64,105.79,32393.671,11718.629
2026-09-18 13:00:00,105.78,105.8,105.45,105.63,31187.88,15828.256
2026-09-18 13:15:00,105.63,106.06,105.62,105.99,21933.237,13385.604
2026-09-18 13:30:00,105.99,108.09,105.87,107.73,158865.22,107079.387
2026-09-18 13:45:00,107.73,109.39,107.5,108.54,208818.629,110657.17
2026-09-18 14:00:00,108.53,109.06,108.39,109.01,123236.169,54207.603
2026-09-18 14:15:00,109.01,109.97,108.79,109.35,136441.715,59898.731
2026-09-18 14:30:00,109.36,110.17,108.96,110.17,134596.862,88581.244
2026-09-18 14:45:00,110.17,110.99,110.13,110.76,153845.795,83370.116
2026-09-18 15:00:00,110.76,110.93,109.28,110.07,187045.151,72532.052
2026-09-18 15:15:00,110.07,110.96,110.06,110.56,65938.61,32102.005
2026-09-18 15:30:00,110.55,111.09,110.22,110.23,80074.876,43697.64
2026-09-18 15:45:00,110.23,111.59,110.06,111.15,79025.289,41375.398
2026-09-18 16:00:00,111.15,111.68,111.01,111.52,69428.88,34811.494
2026-09-18 16:15:00,111.53,111.93,111.37,111.76,71158.527,37208.027
2026-09-18 16:30:00,111.76,112.3,111.69,111.96,79950.803,44646.757
2026-09-18 16:45:00,111.95,111.96,111.29,111.7,46024.69,19704.458
2026-09-18 17:00:00,111.7,112.05,111.39,111.86,49535.817,20991.083
2026-09-18 17:15:00,111.86,112.5,111.63,112.47,52346.271,31134.635
2026-09-18 17:30:00,112.47,112.64,111.89,112.57,34760.505,14858.892
2026-09-18 17:45:00,112.57,112.74,112.26,112.62,42332.746,23881.037
2026-09-18 18:00:00,112.62,112.62,112.16,112.43,33212.441,17852.571
2026-09-18 18:15:00,112.43,112.8,112.36,112.78,21458.954,10303.134
2026-09-18 18:30:00,112.78,112.9,112.38,112.41,37229.983,17105.861
2026-09-18 18:45:00,112.41,112.61,112.04,112.18,35164.15,16460.05
2026-09-18 19:00:00,112.18,112.99,112.18,112.93,33219.281,15167.819
2026-09-18 19:15:00,112.92,114.17,112.91,113.9,91898.046,50629.984
2026-09-18 19:30:00,113.9,114.14,113.53,114.1,40722.854,21178.923
2026-09-18 19:45:00,114.1,114.32,113.74,114.23,55577.049,27608.428
2026-09-18 20:00:00,114.22,114.23,113.64,113.89,27150.583,10229.353
2026-09-18 20:15:00,113.88,113.98,113.43,113.49,32367.027,13014.508
2026-09-18 20:30:00,113.49,113.74,113.12,113.74,36216.526,19095.471
2026-09-18 20:45:00,113.73,113.79,113.29,113.5,48453.953,23067.085
2026-09-18 21:00:00,113.51,113.79,113.47,113.74,23017.433,12498.505
2026-09-18 21:15:00,113.75,113.75,113.17,113.53,23098.701,11603.045
2026-09-18 21:30:00,113.54,113.58,113.15,113.19,20330.04,7409.866
2026-09-18 21:45:00,113.19,113.4,113.06,113.19,19206.745,10574.052
2026-09-18 22:00:00,113.19,113.5,112.96,113.42,27299.21,13206.378
2026-09-18 22:15:00,113.41,113.6,113.17,113.23,31594.027,9641.175
2026-09-18 22:30:00,113.22,113.27,112.76,112.89,37737.402,15608.916
2026-09-18 22:45:00,112.9,113.3,112.87,113.19,18660.558,8319.283
2026-09-18 23:00:00,113.18,113.42,113.09,113.37,18831.355,8826.5
2026-09-18 23:15:00,113.37,113.48,113.05,113.12,18015.256,6957.25
2026-09-18 23:30:00,113.12,113.15,112.82,112.83,35357.849,22263.534
2026-09-18 23:45:00,112.83,112.93,112.51,112.72,31211.218,9468.453
2026-09-19 00:00:00,112.72,112.92,112.33,112.89,35764.508,18110.444
2026-09-19 00:15:00,112.88,113.29,112.87,113.15,33341.623,15648.668
2026-09-19 00:30:00,113.15,113.52,113.13,113.41,19791.777,10595.853
2026-09-19 00:45:00,113.42,113.78,113.2,113.66,29697.68,18482.698
2026-09-19 01:00:00,113.67,113.82,113.37,113.38,27279.902,13403.316
2026-09-19 01:15:00,113.37,113.55,112.96,113.39,19849.347,7903.979
2026-09-19 01:30:00,113.39,113.46,112.88,113.46,19626.025,8319.831
2026-09-19 01:45:00,113.46,114.09,113.4,113.43,38892.006,17742.718
2026-09-19 02:00:00,113.43,113.7,113.34,113.63,21200.51,7200.503
2026-09-19 02:15:00,113.62,113.82,113.36,113.36,17465.267,8844.736
2026-09-19 02:30:00,113.37,113.85,113.33,113.49,17717.401,7949.739
2026-09-19 02:45:00,113.49,113.76,113.4,113.62,15570.16,7409.156
2026-09-19 03:00:00,113.61,113.84,113.56,113.72,16231.459,8634.312
2026-09-19 03:15:00,113.71,113.72,113.25,113.3,13568.229,5039.748
2026-09-19 03:30:00,113.3,113.47,113.12,113.44,12392.597,4465.01
2026-09-19 03:45:00,113.44,113.47,113.24,113.25,7493.434,2558.353
2026-09-19 04:00:00,113.24,113.44,113.2,113.37,10218.799,5610.247
2026-09-19 04:15:00,113.37,113.42,113.03,113.04,16640.165,9956.785
2026-09-19 04:30:00,113.04,113.04,112,112.32,52865.291,18663.377
2026-09-19 04:45:00,112.32,112.43,112.09,112.37,29129.738,12777.853
2026-09-19 05:00:00,112.36,112.79,112.34,112.56,16656.663,7743.025
2026-09-19 05:15:00,112.57,112.98,112.49,112.75,13103.528,6575.8
2026-09-19 05:30:00,112.76,112.94,112.62,112.63,8409.718,4135.078
2026-09-19 05:45:00,112.63,112.68,111.83,111.92,30547.023,9273.533
2026-09-19 06:00:00,111.92,112.06,111.66,111.74,29330.25,10296.549
2026-09-19 06:15:00,111.74,111.93,111.18,111.56,39940.171,14478.674
2026-09-19 06:30:00,111.55,111.99,111.49,111.8,11067.227,7185.337
2026-09-19 06:45:00,111.79,111.92,111.62,111.86,16506.332,7458.826
2026-09-19 07:00:00,111.86,112.17,111.79,112.16,24937.929,15970.519
2026-09-19 07:15:00,112.16,112.24,111.8,111.9,14490.229,6536.002
2026-09-19 07:30:00,111.9,112,111.65,111.74,7402.514,2894.32
2026-09-19 07:45:00,111.75,111.8,111.59,111.61,14181.276,6246.124
2026-09-19 08:00:00,111.61,112,111.53,111.98,17060.732,11851.39
2026-09-19 08:15:00,111.98,112.38,111.95,112.16,26561.803,15538.291
2026-09-19 08:30:00,112.16,112.48,112.13,112.35,17921.237,10191.15
2026-09-19 08:45:00,112.34,112.43,112.21,112.26,12091.097,6916.734
2026-09-19 09:00:00,112.27,112.5,112.15,112.2,19354.355,10373.331
2026-09-19 09:15:00,112.21,112.27,111.86,111.89,10431.632,4477.044
2026-09-19 09:30:00,111.9,111.96,111.47,111.86,24254.659,10548.448
2026-09-19 09:45:00,111.86,112.05,111.81,111.84,10036.644,4657.097
2026-09-19 10:00:00,111.84,111.94,111.74,111.88,15476.244,8660.332
2026-09-19 10:15:00,111.88,112.08,111.8,112.07,10091.128,5618.296
2026-09-19 10:30:00,112.07,112.14,111.9,111.97,17119.89,8353.131
2026-09-19 10:45:00,111.97,112,111.63,111.63,19031.608,6857.699
2026-09-19 11:00:00,111.64,112,111.61,111.75,13638.725,7333.3
2026-09-19 11:15:00,111.75,112.09,111.69,111.93,19150.218,10389.332
2026-09-19 11:30:00,111.93,111.98,111.75,111.9,15324.632,8630.112
2026-09-19 11:45:00,111.89,112.02,111.84,111.9,10210.58,6967.055
2026-09-19 12:00:00,111.89,112.06,111.74,111.83,26246.105,13343.704
2026-09-19 12:15:00,111.83,111.92,111.63,111.76,20001.441,9437.209
2026-09-19 12:30:00,111.76,111.85,111.71,111.75,15821.125,6691.553
2026-09-19 12:45:00,111.76,111.93,111.64,111.79,20265.361,11363.143
2026-09-19 13:00:00,111.79,111.85,111.36,111.54,28261.18,15900.535
2026-09-19 13:15:00,111.53,111.85,111.36,111.39,18166.956,7175.186
2026-09-19 13:30:00,111.38,111.67,111.29,111.5,15239.526,8946.854
2026-09-19 13:45:00,111.49,111.71,111.38,111.62,28677.886,12465.099
2026-09-19 14:00:00,111.63,111.79,111.47,111.59,18742.839,9731.905
2026-09-19 14:15:00,111.59,112.14,111.59,112.11,26002.769,15141.506
2026-09-19 14:30:00,112.11,112.21,111.65,111.86,25688.777,10529.724
2026-09-19 14:45:00,111.85,112,111.7,111.79,24650.031,15880.813
2026-09-19 15:00:00,111.79,112.15,111.77,111.93,27268.717,16284.035
2026-09-19 15:15:00,111.93,111.99,111.52,111.52,17721.248,7383.64
2026-09-19 15:30:00,111.52,112.03,111.5,111.92,31538.891,16858.319
2026-09-19 15:45:00,111.91,111.92,111.53,111.64,21015.806,8312.137
2026-09-19 16:00:00,111.65,111.78,111.23,111.66,36317.52,14531.8
2026-09-19 16:15:00,111.66,111.78,111.58,111.67,20008.551,12713.858
2026-09-19 16:30:00,111.68,111.9,111.61,111.77,15957.669,8246.375
2026-09-19 16:45:00,111.78,112.02,111.73,112,14346.621,10273.516
2026-09-19 17:00:00,112,112.28,111.9,112.2,26317.545,14649.423
2026-09-19 17:15:00,112.2,112.46,111.41,111.55,35658.11,15641.145
2026-09-19 17:30:00,111.55,111.8,111.35,111.59,17403.207,6934.574
2026-09-19 17:45:00,111.58,111.67,111.39,111.4,9043.177,4298.575
2026-09-19 18:00:00,111.4,111.65,110.83,110.87,50053.375,20079.441
2026-09-19 18:15:00,110.87,111.14,110.7,110.97,28607.749,13815.31
2026-09-19 18:30:00,110.97,111.3,110.68,111.02,27789.681,13551.446
2026-09-19 18:45:00,111.03,111.15,110.85,111.15,23145.511,9752.878
2026-09-19 19:00:00,111.15,111.3,110.96,110.97,11952.147,5364.226
2026-09-19 19:15:00,110.97,111.61,110.76,111.42,67655.677,28828.323
2026-09-19 19:30:00,111.42,111.47,111.19,111.21,13406.388,5223.31
2026-09-19 19:45:00,111.21,111.41,111,111.18,11450.519,6518.433
2026-09-19 20:00:00,111.17,111.24,111.03,111.22,9288.64,4870.287
2026-09-19 20:15:00,111.22,111.37,111,111.02,17035.492,6768.737
2026-09-19 20:30:00,111.02,111.3,110.99,111.29,12825.016,6520.591
2026-09-19 20:45:00,111.3,111.31,110.97,111.12,19718.704,7062.466
2026-09-19 21:00:00,111.12,111.3,110.62,110.67,20039.475,7198.203
2026-09-19 21:15:00,110.67,110.89,110.36,110.82,35614.293,16272.213
2026-09-19 21:30:00,110.83,110.84,110.16,110.33,30890.82,13276.375
2026-09-19 21:45:00,110.33,110.85,110.32,110.54,18506.181,7674.495
2026-09-19 22:00:00,110.54,110.55,110.08,110.18,34589.243,16125.478
2026-09-19 22:15:00,110.19,110.37,110.08,110.21,16377.934,6756.956
2026-09-19 22:30:00,110.22,110.66,110.18,110.65,13354.331,8599.579
2026-09-19 22:45:00,110.66,110.78,110.62,110.67,12545.692,5940.019
2026-09-19 23:00:00,110.67,110.91,110.63,110.88,10172.214,6833.082
2026-09-19 23:15:00,110.88,111.04,110.69,110.92,14371.585,6300.331
2026-09-19 23:30:00,110.93,111.22,110.91,111.08,19819.906,9183.356
2026-09-19 23:45:00,111.09,111.16,111,111.06,10922.989,5628.011
2026-09-20 00:00:00,111.06,111.11,110.86,110.91,11045.071,3949.098
2026-09-20 00:15:00,110.91,110.99,110.62,110.87,14889.077,6615.602
2026-09-20 00:30:00,110.88,111.17,110.81,111.1,15218.806,9400.895
2026-09-20 00:45:00,111.11,111.11,110.83,110.95,9757.131,4289.309
2026-09-20 01:00:00,110.95,110.98,110.38,110.38,10710.525,3544.791
2026-09-20 01:15:00,110.38,110.61,110.25,110.26,15067.602,8815.124
2026-09-20 01:30:00,110.25,110.33,110.03,110.19,25563.3,10267.328
2026-09-20 01:45:00,110.19,110.25,109.72,110.16,37278.361,18271.206
2026-09-20 02:00:00,110.17,110.49,110.11,110.47,12157.46,6474.064
2026-09-20 02:15:00,110.47,110.52,109.74,109.74,17806.223,4820.121
2026-09-20 02:30:00,109.75,109.81,108.22,108.28,91909.423,26388.154
2026-09-20 02:45:00,108.28,108.75,107.4,107.67,101964.766,42035.392
2026-09-20 03:00:00,107.66,108.54,107.4,107.89,57654.099,33510.401
2026-09-20 03:15:00,107.89,108.87,107.62,108.46,41559.762,24040.281
2026-09-20 03:30:00,108.46,108.57,108.07,108.49,24280.63,6495.493
2026-09-20 03:45:00,108.5,109.11,108.44,108.89,15933.312,8671.328
2026-09-20 04:00:00,108.9,109.02,108.65,108.9,13116.573,6341.989
2026-09-20 04:15:00,108.9,109.08,108.69,109.01,7777.579,3963.126
2026-09-20 04:30:00,109.02,109.23,108.85,108.88,14268.478,8702.901
2026-09-20 04:45:00,108.87,109.19,108.68,109.03,23841.475,13287.747
2026-09-20 05:00:00,109.04,109.26,108.91,109.07,11808.762,7515.954
2026-09-20 05:15:00,109.07,109.08,108.7,108.94,24020.194,13843.486
2026-09-20 05:30:00,108.94,109.14,108.61,108.62,22868.234,15248.954
2026-09-20 05:45:00,108.63,108.87,108.61,108.77,13595.421,8639.163
2026-09-20 06:00:00,108.76,108.82,108.54,108.67,16144.318,8644.3
2026-09-20 06:15:00,108.68,108.91,108.52,108.54,26965.225,16338.891
2026-09-20 06:30:00,108.53,108.58,108.1,108.36,25240.356,11993.016
2026-09-20 06:45:00,108.37,108.53,108.23,108.46,16586.184,9349.854
2026-09-20 07:00:00,108.46,108.81,108.46,108.75,12841.164,7952.163
2026-09-20 07:15:00,108.74,108.8,108.55,108.76,15368.898,8957.16
2026-09-20 07:30:00,108.77,108.82,108.49,108.63,10285.386,5565.485
2026-09-20 07:45:00,108.63,108.64,108.46,108.47,13791.319,8370.016
2026-09-20 08:00:00,108.47,108.71,108.41,108.66,23900.664,17163.202
2026-09-20 08:15:00,108.65,108.68,108.23,108.29,14084.402,9290.119
2026-09-20 08:30:00,108.29,108.38,107.96,107.97,44619.772,8906.726
2026-09-20 08:45:00,107.96,108.12,107.71,108.08,18859.799,10680.993
2026-09-20 09:00:00,108.08,108.34,108.06,108.15,10063.461,6261.042
2026-09-20 09:15:00,108.14,108.43,108.12,108.36,12176.818,5434.976
2026-09-20 09:30:00,108.35,108.85,108.35,108.67,18996.6,11207.929
2026-09-20 09:45:00,108.68,108.68,108.29,108.31,9665.688,3512.805
2026-09-20 10:00:00,108.31,108.43,107.91,108.16,18198.854,8514.916
2026-09-20 10:15:00,108.16,108.27,107.97,108.14,9905.285,6125.412
2026-09-20 10:30:00,108.14,108.34,107.96,108.1,12656.051,7939.984
2026-09-20 10:45:00,108.1,108.26,108.03,108.04,10303.049,5651.426
2026-09-20 11:00:00,108.03,108.36,107.96,108.03,21428.781,15031.124
2026-09-20 11:15:00,108.04,108.22,107.93,108.18,13955.009,8506.903
2026-09-20 11:30:00,108.18,108.43,108.16,108.39,20435.915,13062.406
2026-09-20 11:45:00,108.39,108.68,108.35,108.48,17420.522,12344.641
2026-09-20 12:00:00,108.48,108.86,108.32,108.64,24008.252,17133.727
2026-09-20 12:15:00,108.65,108.65,108.2,108.23,13665.396,8242.898
2026-09-20 12:30:00,108.22,108.33,108.14,108.23,11111.019,7178.277
2026-09-20 12:45:00,108.23,108.49,108.22,108.41,16164.163,10743.865
2026-09-20 13:00:00,108.41,108.6,108.28,108.32,14832.288,8990.725
2026-09-20 13:15:00,108.32,108.36,108.15,108.2,17630.59,7519.721
2026-09-20 13:30:00,108.21,108.29,107.94,108.2,17756.54,8655.38
2026-09-20 13:45:00,108.19,108.27,108.05,108.23,11934.45,6281.525
2026-09-20 14:00:00,108.22,108.65,108.19,108.19,16581.293,8858.426
2026-09-20 14:15:00,108.19,108.31,107.95,108.18,20108.356,12027.134
2026-09-20 14:30:00,108.17,108.45,108.12,108.27,16650.338,10709.865
2026-09-20 14:45:00,108.27,108.42,108.06,108.14,19450.859,7940.559
2026-09-20 15:00:00,108.14,108.57,108.06,108.14,52522.465,27645.707
2026-09-20 15:15:00,108.14,108.5,108.07,108.08,35479.21,15990.26
2026-09-20 15:30:00,108.07,108.5,108.07,108.39,24295.186,13108.692
2026-09-20 15:45:00,108.4,108.85,108.35,108.82,40028.712,22258.698
2026-09-20 16:00:00,108.81,109.02,108.51,108.89,90364.949,39929.943
2026-09-20 16:15:00,108.89,109.5,108.86,109.37,48506.419,29524.126
2026-09-20 16:30:00,109.37,110.69,109.26,110.39,104195.107,58181.461
2026-09-20 16:45:00,110.39,110.48,109.93,110.33,43172.652,22989.188
2026-09-20 17:00:00,110.33,110.45,109.53,109.76,46277.838,20526.653
2026-09-20 17:15:00,109.76,110.02,109.5,109.62,38944.373,14700.94
2026-09-20 17:30:00,109.62,110.58,109.6,110.42,30297.213,18415.398
2026-09-20 17:45:00,110.43,110.53,109.7,109.92,23086.486,9495.951
2026-09-20 18:00:00,109.92,110,109.61,109.77,19384.318,11517.854
2026-09-20 18:15:00,109.77,110.34,109.75,110.28,18659.753,11580.035
2026-09-20 18:30:00,110.28,110.35,109.73,109.93,34934.541,16474.969
2026-09-20 18:45:00,109.92,109.95,109.14,109.4,35910.988,8606.01
2026-09-20 19:00:00,109.41,109.99,109.35,109.89,22351.386,15554.866
2026-09-20 19:15:00,109.9,110.02,109.77,110,12299.761,6153.779
2026-09-20 19:30:00,110,110.55,109.96,110.31,52315.687,31593.131
2026-09-20 19:45:00,110.31,110.85,110.29,110.45,30399.937,11247.682
2026-09-20 20:00:00,110.45,110.6,110.27,110.32,14693.203,7993.567
2026-09-20 20:15:00,110.33,110.54,110.19,110.4,21828.822,11805.736
2026-09-20 20:30:00,110.4,110.46,110.18,110.46,19239.094,8891.276
2026-09-20 20:45:00,110.45,110.65,110.09,110.13,14665.3,6243.33
2026-09-20 21:00:00,110.12,110.13,109.01,109.66,52270.864,22097.721
2026-09-20 21:15:00,109.67,110.1,109.57,109.93,30255.254,16314.259
2026-09-20 21:30:00,109.93,110.05,109.5,109.57,14782.357,8165.907
2026-09-20 21:45:00,109.57,110,109.56,109.88,13283.543,9440.799
2026-09-20 22:00:00,109.89,110.6,109.6,110.6,36363.755,24961.789
2026-09-20 22:15:00,110.59,110.59,110.17,110.53,15860.354,8594.722
2026-09-20 22:30:00,110.52,110.71,110.26,110.31,9527.407,6156.676
2026-09-20 22:45:00,110.32,111.06,110.28,111.03,20644.561,16303.961
2026-09-20 23:00:00,111.02,111.02,110.58,110.66,21963.278,12846.659
2026-09-20 23:15:00,110.66,111.1,110.58,110.73,11966.49,6984.471
2026-09-20 23:30:00,110.73,111.09,110.67,111.09,41367.574,16917.499
2026-09-20 23:45:00,111.09,111.46,110.87,111.17,35821.059,22166.179
2026-09-21 00:00:00,111.17,112.4,111.16,112.39,61341.016,39626.422
2026-09-21 00:15:00,112.39,112.82,111.98,112.38,57608.074,34954.788
2026-09-21 00:30:00,112.39,112.74,112.01,112.39,50204.215,27531.762
2026-09-21 00:45:00,112.39,112.92,112.23,112.32,41395.457,22166.454
2026-09-21 01:00:00,112.32,112.87,112.03,112.73,27267.164,16296.994
2026-09-21 01:15:00,112.74,113.42,112.15,112.34,52407.092,30566.089
2026-09-21 01:30:00,112.34,112.74,111.93,112.3,40266.217,19670.482
2026-09-21 01:45:00,112.3,112.46,110.74,110.96,64952.87,26459.912
2026-09-21 02:00:00,110.96,111.62,110.69,111.59,37201.73,21881.377
2026-09-21 02:15:00,111.58,112,111.47,111.74,21532.72,13450.996
2026-09-21 02:30:00,111.73,111.74,110.94,111.32,23375.292,9554.923
2026-09-21 02:45:00,111.32,111.53,111.06,111.22,29396.891,13734.511
2026-09-21 03:00:00,111.22,111.71,111.18,111.37,21177.677,9904.824
2026-09-21 03:15:00,111.37,111.86,111.35,111.72,17437.694,10870.502
2026-09-21 03:30:00,111.72,111.93,111.51,111.65,13758.06,7529.279
2026-09-21 03:45:00,111.65,111.82,111.48,111.58,18301.74,13628.213
2026-09-21 04:00:00,111.58,111.64,111.1,111.24,16585.672,6770.029
2026-09-21 04:15:00,111.24,111.42,111.09,111.2,24583.685,16303.3
2026-09-21 04:30:00,111.19,111.54,111.05,111.51,20870.198,15525.819
2026-09-21 04:45:00,111.51,111.83,111.41,111.48,24564.304,18328.071
2026-09-21 05:00:00,111.47,111.56,111.26,111.35,15761.508,6359.457
2026-09-21 05:15:00,111.35,112.02,111.34,111.88,31562.033,22694.67
2026-09-21 05:30:00,111.89,112.23,111.82,111.95,29691.811,15638.766
2026-09-21 05:45:00,111.95,112.12,111.66,111.76,24396.448,12226.036
2026-09-21 06:00:00,111.76,112,111.66,111.79,35703.995,24013.594
2026-09-21 06:15:00,111.79,112.57,111.79,112.41,45571.235,26222.348
2026-09-21 06:30:00,112.42,112.5,111.52,111.52,22819.112,13735.718
2026-09-21 06:45:00,111.53,112.2,111.52,112.19,24294.157,16601
2026-09-21 07:00:00,112.18,112.4,111.79,112,29356.09,17659.085
2026-09-21 07:15:00,112,112.03,111.7,111.75,17241.114,9035.597
2026-09-21 07:30:00,111.76,111.76,111.35,111.53,24532.983,8612.821
2026-09-21 07:45:00,111.52,112.12,111.45,112.11,26186.96,17234.975
2026-09-21 08:00:00,112.11,112.91,112.07,112.88,51527.929,33985.273
2026-09-21 08:15:00,112.87,113.59,112.69,113.51,53114.328,29499.881
2026-09-21 08:30:00,113.51,116.39,113.41,115.7,243211.483,148340.014
2026-09-21 08:45:00,115.71,116,115.14,115.32,108402.389,45529.908
2026-09-21 09:00:00,115.31,115.6,115,115.12,66427.455,27781.936
2026-09-21 09:15:00,115.13,116.14,114.95,115.94,86883.648,43661.401
2026-09-21 09:30:00,115.93,116.85,115.81,116.31,129602.944,63917.614
2026-09-21 09:45:00,116.32,116.51,115.36,115.93,77790.82,41002.921
2026-09-21 10:00:00,115.93,116.12,115.5,115.63,76887.354,30748.407
2026-09-21 10:15:00,115.63,115.99,115.6,115.75,45521.793,26540.099
2026-09-21 10:30:00,115.76,115.95,115.49,115.93,49036.509,27623.617
2026-09-21 10:45:00,115.92,116.05,115.66,116.01,30195.153,15455.035
2026-09-21 11:00:00,116.01,116.45,115.84,116.39,52818.526,24795.827
2026-09-21 11:15:00,116.39,116.55,116.17,116.34,35904.095,19796.793
2026-09-21 11:30:00,116.33,117.18,116.2,117.1,64657.562,42080.273
2026-09-21 11:45:00,117.09,117.1,116.51,116.8,38098.002,18906.662
2026-09-21 12:00:00,116.8,117.06,116.43,116.77,57965.623,33224.043
2026-09-21 12:15:00,116.76,117.13,116.2,116.35,66999.244,32808.52
2026-09-21 12:30:00,116.34,116.93,116.3,116.7,29796.333,17278.105
2026-09-21 12:45:00,116.7,116.95,116.52,116.82,33034.564,19835.145
2026-09-21 13:00:00,116.81,117.45,116.73,117.2,71544.923,41788.768
2026-09-21 13:15:00,117.21,118.18,117.04,117.39,130157.874,74819.789
2026-09-21 13:30:00,117.4,117.81,116.7,117.08,93154.013,45187.826
2026-09-21 13:45:00,117.07,118.41,117.01,118.06,90912.54,51615.885
2026-09-21 14:00:00,118.05,118.79,117.34,118.08,128294.662,66410.063
2026-09-21 14:15:00,118.07,118.9,117.9,118.52,91735.592,55914.013
2026-09-21 14:30:00,118.51,118.84,117.77,117.91,81824.723,33564.935
2026-09-21 14:45:00,117.92,118.82,117.75,118.05,64693.17,34197.504
2026-09-21 15:00:00,118.04,119.15,117.94,118.59,103910.25,65985.923
2026-09-21 15:15:00,118.59,118.59,117.36,117.48,123304.625,58902.941
2026-09-21 15:30:00,117.47,117.94,117.41,117.93,58731.257,30045.145
2026-09-21 15:45:00,117.92,118.5,117.8,117.94,61045.598,35125.902
2026-09-21 16:00:00,117.94,118.08,117.43,117.75,63088.177,32497.833
2026-09-21 16:15:00,117.75,118.33,117.52,117.65,42474.34,23963.018
2026-09-21 16:30:00,117.66,117.83,116.76,117.49,64280.302,31379.653
2026-09-21 16:45:00,117.5,117.87,117.46,117.51,42957.214,29893.259
2026-09-21 17:00:00,117.52,117.93,117.31,117.53,44188.788,25872.789
2026-09-21 17:15:00,117.53,117.69,117.19,117.52,29461.934,13949.44
2026-09-21 17:30:00,117.52,117.85,117.39,117.52,26502.912,16591.56
2026-09-21 17:45:00,117.51,117.53,116.68,117.2,39686.48,18644.178
2026-09-21 18:00:00,117.19,117.54,116.86,117.5,32469.221,18717.81
2026-09-21 18:15:00,117.51,117.65,117.31,117.42,20818.906,14254.441
2026-09-21 18:30:00,117.43,117.47,117.04,117.28,13783.692,7049.937
2026-09-21 18:45:00,117.29,117.86,117.26,117.73,21649.979,12276.009
2026-09-21 19:00:00,117.73,117.74,117.27,117.66,19574.865,10828.924
2026-09-21 19:15:00,117.66,118.05,117.58,117.94,30344.76,16059.146
2026-09-21 19:30:00,117.94,118.48,117.82,118.2,46437.381,24822.705
2026-09-21 19:45:00,118.19,118.42,117.88,118.36,28410.017,15981.308
2026-09-21 20:00:00,118.37,118.59,118.21,118.47,34655.22,18240.65
2026-09-21 20:15:00,118.48,119.5,118.44,119.07,83631.4,54074.639
2026-09-21 20:30:00,119.08,119.1,118.49,118.58,46044.973,25827.24
2026-09-21 20:45:00,118.58,119.34,118.41,119.19,35793.233,19767.851
2026-09-21 21:00:00,119.19,119.21,118.67,118.68,35831.173,15126.319
2026-09-21 21:15:00,118.68,119.24,118.67,119.06,26431.359,15190.11
2026-09-21 21:30:00,119.07,119.99,119.07,119.53,60749.971,35134.535
2026-09-21 21:45:00,119.53,119.59,119.07,119.12,31169.212,13682.894
2026-09-21 22:00:00,119.11,119.56,119.08,119.47,29624.414,11839.537
2026-09-21 22:15:00,119.47,119.84,119.08,119.29,37449.481,17848.765
2026-09-21 22:30:00,119.3,119.5,119.11,119.21,19423.594,11531.417
2026-09-21 22:45:00,119.22,119.52,118.79,119.45,26640.228,13880.026
2026-09-21 23:00:00,119.45,119.92,119.39,119.55,21860.091,11710.058
2026-09-21 23:15:00,119.54,119.68,118.87,118.9,18129.126,7110.651
2026-09-21 23:30:00,118.91,118.92,118.4,118.61,29103.661,12105.035
2026-09-21 23:45:00,118.62,119.01,118.47,118.9,21423.338,10125.59
2026-09-22 00:00:00,118.91,118.93,118.47,118.71,29481.656,11043.601
2026-09-22 00:15:00,118.7,119.09,118.63,118.97,30734.963,18251.571
2026-09-22 00:30:00,118.98,119.34,118.76,119.32,39561.628,19145.648
2026-09-22 00:45:00,119.33,119.48,118.04,118.33,44068.763,16743.429
2026-09-22 01:00:00,118.34,118.45,117.49,117.91,65569.534,30064.18
2026-09-22 01:15:00,117.91,118.09,117,117.94,47533.074,21813.637
2026-09-22 01:30:00,117.94,118.18,117.5,117.67,30656.33,13418.049
2026-09-22 01:45:00,117.67,117.74,117.34,117.59,19630.405,7726.971
2026-09-22 02:00:00,117.59,117.73,117.2,117.41,29151.077,10450.884
2026-09-22 02:15:00,117.42,117.83,117.12,117.64,26801.363,14616.222
2026-09-22 02:30:00,117.65,118.09,117.36,117.9,22321.35,13196.15
2026-09-22 02:45:00,117.91,118.02,116.51,116.9,53632.931,26203.217
2026-09-22 03:00:00,116.9,116.92,116.3,116.75,63796.464,37381.997
2026-09-22 03:15:00,116.75,117.07,116.3,116.98,37731.99,19953.297
2026-09-22 03:30:00,116.99,117.03,116.54,116.67,20285.819,8756.153
2026-09-22 03:45:00,116.68,117.03,116.62,116.8,24680.351,12725.149
2026-09-22 04:00:00,116.8,117.11,116.54,117.02,37836.452,23541.415
2026-09-22 04:15:00,117.01,117.1,116.71,116.81,33081.343,22046.913
2026-09-22 04:30:00,116.81,116.84,116.36,116.53,40254.324,28166.648
2026-09-22 04:45:00,116.53,116.6,116.24,116.4,37945.453,24835.549
2026-09-22 05:00:00,116.4,116.63,116.15,116.35,34249.827,19426.456
2026-09-22 05:15:00,116.36,116.39,115.68,115.85,35927.955,12011.306
2026-09-22 05:30:00,115.84,116.7,115.54,116.7,53140.132,30750.461
2026-09-22 05:45:00,116.7,117.18,116.7,116.86,52899.068,38366.234
2026-09-22 06:00:00,116.86,117.06,116.42,116.7,32735.746,19746.446
2026-09-22 06:15:00,116.7,116.76,116.39,116.6,18358.268,8178.937
2026-09-22 06:30:00,116.6,116.94,116.53,116.66,15970.029,8629.477
2026-09-22 06:45:00,116.67,116.84,116.52,116.53,10280.751,5636.564
2026-09-22 07:00:00,116.54,116.84,116.44,116.74,37092.11,25182.471
2026-09-22 07:15:00,116.74,116.81,116.19,116.38,36630.626,22836.603
2026-09-22 07:30:00,116.37,116.39,116.01,116.17,54061.943,38703.753
2026-09-22 07:45:00,116.18,116.39,116.18,116.32,29739.683,22072.33
2026-09-22 08:00:00,116.32,116.59,116.11,116.52,24544.417,14784.612
2026-09-22 08:15:00,116.52,116.52,115.9,115.99,33814.385,9475.448
2026-09-22 08:30:00,115.98,117.27,115.79,117.23,49401.557,32989.452
2026-09-22 08:45:00,117.24,118.03,117.17,117.52,52019.176,34749.983
2026-09-22 09:00:00,117.52,117.59,116.67,116.92,40322.467,19654.883
2026-09-22 09:15:00,116.93,117.2,116.88,117.12,27062.227,14635.057
2026-09-22 09:30:00,117.11,117.38,117.01,117.24,26505.098,12034.215
2026-09-22 09:45:00,117.23,117.55,117.2,117.46,33463.417,19314.377
2026-09-22 10:00:00,117.47,117.49,116.95,117.05,14171.802,5585.546
2026-09-22 10:15:00,117.06,117.24,116.4,116.64,24513.329,9998.736
2026-09-22 10:30:00,116.63,116.9,116.38,116.76,27341.887,15521.755
2026-09-22 10:45:00,116.76,116.97,116.61,116.85,20278.277,10573.657
2026-09-22 11:00:00,116.85,116.93,116.42,116.91,21688.649,11210.262
2026-09-22 11:15:00,116.9,117.32,116.72,116.85,24176.852,11421.507
2026-09-22 11:30:00,116.85,117.48,116.83,117.43,25050.076,7619.803
2026-09-22 11:45:00,117.43,117.5,117.2,117.34,26000.912,11010.356
2026-09-22 12:00:00,117.34,117.42,117.13,117.14,20712.629,7821.858
2026-09-22 12:15:00,117.13,117.46,116.87,117.45,30794.645,14387.263
2026-09-22 12:30:00,117.44,117.76,117.21,117.26,28440.336,11235.984
2026-09-22 12:45:00,117.26,117.58,117.24,117.47,36974.141,14518.637
2026-09-22 13:00:00,117.46,117.8,117.4,117.59,44097.625,22692.924
2026-09-22 13:15:00,117.59,117.63,116.89,117.06,35595.481,13488.025
2026-09-22 13:30:00,117.05,117.8,116.84,117.37,61393.903,27526.458
2026-09-22 13:45:00,117.36,118,117.14,117.98,59249.988,29301.678
2026-09-22 14:00:00,117.98,117.98,117.29,117.83,49007.733,20132.227
2026-09-22 14:15:00,117.84,117.84,117.1,117.1,32319.049,13726.588
2026-09-22 14:30:00,117.1,117.13,115.89,116.38,101464.24,35317.165
2026-09-22 14:45:00,116.38,116.92,116.37,116.89,44390.336,19100.241
2026-09-22 15:00:00,116.9,117.25,116.8,117.24,44714.612,22198.244
2026-09-22 15:15:00,117.23,117.6,116.95,117.38,38207.104,18741.575
2026-09-22 15:30:00,117.37,117.62,117.11,117.61,22333.943,10183.31
2026-09-22 15:45:00,117.61,117.93,117.33,117.38,24870.695,10727.387
2026-09-22 16:00:00,117.38,117.55,116.74,116.85,34590.729,10652.33
2026-09-22 16:15:00,116.85,117.14,116.7,116.88,30518.589,14071.722
2026-09-22 16:30:00,116.87,117.27,116.81,117.17,17883.672,10090.627
2026-09-22 16:45:00,117.17,117.82,117.05,117.48,28420.748,15461.456
2026-09-22 17:00:00,117.47,117.83,117.35,117.76,24452.2,11385.749
2026-09-22 17:15:00,117.76,118,117.49,118,30377.255,17473.583
2026-09-22 17:30:00,117.99,118.2,117.67,117.72,38246.37,17452.937
2026-09-22 17:45:00,117.73,118.08,117.66,117.97,19365.456,11088.835
2026-09-22 18:00:00,117.97,118.1,117.8,118.01,21680.007,10514.519
2026-09-22 18:15:00,118,118.46,117.62,117.74,27245.376,14495.172
2026-09-22 18:30:00,117.74,118.14,117.7,118.12,23773.938,8970.792
2026-09-22 18:45:00,118.12,118.29,118.02,118.13,23032.09,11184.937
2026-09-22 19:00:00,118.14,118.44,118.09,118.18,18661.935,8540.645
2026-09-22 19:15:00,118.18,118.7,118.17,118.69,21719.235,9315.857
2026-09-22 19:30:00,118.7,118.72,118.08,118.29,48750.107,20301.927
2026-09-22 19:45:00,118.28,118.39,117.8,118.26,25811.409,12664.389
2026-09-22 20:00:00,118.25,118.28,117.87,117.93,21193.61,8268.4
2026-09-22 20:15:00,117.93,118.35,117.87,118.26,23682.795,11198.581
2026-09-22 20:30:00,118.27,118.38,118.12,118.16,12541.373,5944.282
2026-09-22 20:45:00,118.16,118.18,117.81,117.98,20821.361,8590.471
2026-09-22 21:00:00,117.97,118.18,117.81,117.87,15241.526,4345.606
2026-09-22 21:15:00,117.86,118.04,117.7,117.94,31460.584,12611.127
2026-09-22 21:30:00,117.94,118.25,117.93,118.08,19047.728,10023.361
2026-09-22 21:45:00,118.07,118.28,118.06,118.08,10136.799,5167.514
2026-09-22 22:00:00,118.09,118.25,117.62,117.77,18471.615,7973.324
2026-09-22 22:15:00,117.78,118.16,117.69,118.15,15492.901,6365.92
2026-09-22 22:30:00,118.15,118.78,118.09,118.69,20223.386,11317.116
2026-09-22 22:45:00,118.7,118.78,118.46,118.48,23939.541,12842.414
2026-09-22 23:00:00,118.48,119.28,118.41,119.05,36241.814,23255.144
2026-09-22 23:15:00,119.05,119.16,118.43,118.62,17635.303,7347.747
2026-09-22 23:30:00,118.61,118.74,118.23,118.41,31709.98,12058.388
2026-09-22 23:45:00,118.41,118.6,118.28,118.57,18559.745,9537.839
2026-09-23 00:00:00,118.57,118.83,118.3,118.76,22599.627,12969.419
2026-09-23 00:15:00,118.76,119.15,118.7,118.96,23929.1,16817.466
2026-09-23 00:30:00,118.96,119.21,118.81,118.85,23127.697,12874.572
2026-09-23 00:45:00,118.85,118.98,118.76,118.82,12235.617,7475.601
2026-09-23 01:00:00,118.82,119.39,118.72,119.07,31866.355,17942.781
2026-09-23 01:15:00,119.08,119.15,118.86,118.93,17173.121,8824.115
2026-09-23 01:30:00,118.93,118.97,118.11,118.27,23130.318,11406.789
2026-09-23 01:45:00,118.27,118.36,117.85,118.35,27814.426,7352.094
2026-09-23 02:00:00,118.36,118.38,117.9,118.12,19765.171,8332.124
2026-09-23 02:15:00,118.11,118.53,118.04,118.45,10823.405,7450.266
2026-09-23 02:30:00,118.45,118.53,118.3,118.35,10406.941,6044.019
2026-09-23 02:45:00,118.35,118.51,118.19,118.49,10407.873,6273.881
2026-09-23 03:00:00,118.49,118.64,118.27,118.64,10854.406,6270.169
2026-09-23 03:15:00,118.63,119.35,118.59,119.03,32346.013,20042.081
2026-09-23 03:30:00,119.04,119.66,118.9,119.65,55993.193,32017.137
2026-09-23 03:45:00,119.66,119.66,119.1,119.12,15390.724,5695.137
2026-09-23 04:00:00,119.12,119.41,118.77,119.13,36094.344,14832.857
2026-09-23 04:15:00,119.12,119.77,118.98,119.5,65798.276,31535.275
2026-09-23 04:30:00,119.5,119.7,119.39,119.56,36016.041,16995.951
2026-09-23 04:45:00,119.56,119.72,119.46,119.53,28096.575,13186.71
2026-09-23 05:00:00,119.52,119.53,119.05,119.14,27089.829,11028.044
2026-09-23 05:15:00,119.14,119.28,118.95,119.01,23321.578,10497.194
2026-09-23 05:30:00,119.02,119.11,118.85,118.96,17049.216,6886.624
2026-09-23 05:45:00,118.96,119.1,118.27,118.42,32532.562,12302.701
2026-09-23 06:00:00,118.42,118.73,118.37,118.73,26036.39,14069.023
2026-09-23 06:15:00,118.72,118.93,118.71,118.73,30504.833,15594.585
2026-09-23 06:30:00,118.73,119.19,118.61,119.19,24193.633,14479.459
2026-09-23 06:45:00,119.18,119.29,118.87,118.96,35781.545,17529.858
2026-09-23 07:00:00,118.96,118.96,118.58,118.73,35038.722,17900.626
2026-09-23 07:15:00,118.72,119.1,118.7,118.83,22761.447,11523.137
2026-09-23 07:30:00,118.83,118.89,117.57,117.78,64249.837,22112.777
2026-09-23 07:45:00,117.79,118.17,117.56,117.9,102145.873,34939.351
2026-09-23 08:00:00,117.9,118.11,117.38,117.86,75332.372,23475.945
2026-09-23 08:15:00,117.86,118.34,117.86,117.94,42664.463,19781.623
2026-09-23 08:30:00,117.95,118.12,117.91,117.96,27951.764,14234.821
2026-09-23 08:45:00,117.95,117.96,117,117.39,92777.334,53871.472
2026-09-23 09:00:00,117.4,117.56,117.22,117.44,23500.564,14651.26
2026-09-23 09:15:00,117.43,117.74,117.4,117.5,37832.372,20303.676
2026-09-23 09:30:00,117.51,117.6,117.21,117.33,37677.728,16125.654
2026-09-23 09:45:00,117.33,117.55,117.08,117.39,64872.78,34099.372
2026-09-23 10:00:00,117.39,117.6,117.31,117.45,31949.847,16568.581
2026-09-23 10:15:00,117.45,117.47,116.82,117.25,43248.764,22774.804
2026-09-23 10:30:00,117.26,117.55,117.04,117.51,23799.913,13020.061
2026-09-23 10:45:00,117.5,117.63,117.33,117.63,27663.931,21398.087
2026-09-23 11:00:00,117.63,117.71,117.21,117.26,34287.424,15079.001
2026-09-23 11:15:00,117.25,117.32,116.53,116.69,31832.639,10501.497
2026-09-23 11:30:00,116.7,116.84,116.44,116.66,41544.824,13439.435
2026-09-23 11:45:00,116.65,117.22,116.65,117.1,16140.742,7869.628
2026-09-23 12:00:00,117.09,117.18,116.58,116.88,45028.151,22919.134
2026-09-23 12:15:00,116.88,117.15,116.58,116.95,25485.48,9256.521
2026-09-23 12:30:00,116.95,117.27,116.87,116.91,40595.702,16855.261
2026-09-23 12:45:00,116.91,117.03,116.69,116.92,26118.967,8322.701
2026-09-23 13:00:00,116.91,116.96,115.97,116.17,79047.156,28710.93
2026-09-23 13:15:00,116.17,116.85,116.16,116.71,24033.27,13771.844
2026-09-23 13:30:00,116.72,117.19,116.53,117.09,41501.944,26139.518
2026-09-23 13:45:00,117.08,117.1,116.42,116.8,25101.925,13981.86
2026-09-23 14:00:00,116.81,117.04,113,114.69,244525.158,89515.05
2026-09-23 14:15:00,114.68,114.74,113.23,113.43,210415.243,100533.369
2026-09-23 14:30:00,113.44,114.8,113.01,114.52,115742.924,53807.626
2026-09-23 14:45:00,114.52,115.25,114.17,115.15,86770.828,33488.823
2026-09-23 15:00:00,115.15,115.85,115.01,115.66,80667.709,37655.21
2026-09-23 15:15:00,115.66,115.93,115.07,115.07,60851.797,24986.595
2026-09-23 15:30:00,115.06,115.12,114.34,114.47,54918.335,20638.005
2026-09-23 15:45:00,114.47,114.59,113.8,113.86,52936.015,20229.977
2026-09-23 16:00:00,113.86,115.27,113.16,115.09,129168.355,62282.984
2026-09-23 16:15:00,115.08,115.09,114.61,114.73,28562.224,11910.632
2026-09-23 16:30:00,114.73,114.98,114.22,114.56,28292.579,11067.279
2026-09-23 16:45:00,114.55,114.77,113.86,114.4,35444.753,16649.049
2026-09-23 17:00:00,114.41,114.65,113.59,113.76,47342.823,15309.949
2026-09-23 17:15:00,113.77,114.53,113.73,114.21,28918.923,14788.593
2026-09-23 17:30:00,114.2,114.67,114.12,114.54,25608.141,11995.518
2026-09-23 17:45:00,114.54,114.82,114.45,114.56,22269.135,11201.066
2026-09-23 18:00:00,114.56,114.58,113.98,114.15,32981.025,14386.923
2026-09-23 18:15:00,114.14,114.3,113.98,114.13,17102.733,6748.462
2026-09-23 18:30:00,114.12,114.24,113.99,114.22,16411.398,5824.007
2026-09-23 18:45:00,114.22,114.6,114.14,114.29,19138.642,6938.556
2026-09-23 19:00:00,114.29,114.48,114,114.25,20820.906,7397.801
2026-09-23 19:15:00,114.25,114.6,114.2,114.49,20903.654,8969.465
2026-09-23 19:30:00,114.5,114.68,114.38,114.4,20161.886,8823.195
2026-09-23 19:45:00,114.41,114.9,114.39,114.52,23428.845,8882.728
2026-09-23 20:00:00,114.53,114.7,114.18,114.25,20669.02,6126.153
2026-09-23 20:15:00,114.25,114.52,114.04,114.11,13417.783,4285.081
2026-09-23 20:30:00,114.11,114.48,114.11,114.34,14015.118,6351.679
2026-09-23 20:45:00,114.34,114.4,114,114.04,17251.207,8283.96
2026-09-23 21:00:00,114.03,114.38,113.88,114.34,21444.577,7587.823
2026-09-23 21:15:00,114.33,114.41,114.09,114.34,22572.284,8279.28
2026-09-23 21:30:00,114.35,114.65,114.31,114.59,18011.867,8262.588
2026-09-23 21:45:00,114.6,114.74,114.48,114.71,13131.957,7468.331
2026-09-23 22:00:00,114.71,115.63,114.62,115.32,33723.932,22072.03
2026-09-23 22:15:00,115.32,115.39,114.87,114.88,17776.106,7048.213
2026-09-23 22:30:00,114.87,114.9,114.64,114.85,25212.683,18360.719
2026-09-23 22:45:00,114.86,115.27,114.84,115.15,17221.029,9457.142
2026-09-23 23:00:00,115.15,115.19,114.88,115,10888.6,4637.24
2026-09-23 23:15:00,115,115.1,114.86,114.94,10423.229,5670.886
2026-09-23 23:30:00,114.93,115,114.72,114.8,14336.94,6192.551
2026-09-23 23:45:00,114.8,115.04,114.8,114.99,10868.549,5549.356
2026-09-24 00:00:00,114.99,115.38,114.91,115.09,21827.344,12281.413
2026-09-24 00:15:00,115.1,115.5,115.1,115.33,16005.246,7081.798
2026-09-24 00:30:00,115.34,115.68,115.01,115.06,14967.078,6060.405
2026-09-24 00:45:00,115.06,115.26,114.87,115.13,16424.772,7794.647
2026-09-24 01:00:00,115.14,115.4,115.11,115.35,18159.541,6975.67
2026-09-24 01:15:00,115.34,115.4,114.9,115.03,15705.333,7113.315
2026-09-24 01:30:00,115.03,115.5,114.61,114.79,27136.666,13093.802
2026-09-24 01:45:00,114.78,114.96,114.56,114.7,14509.722,5344.007
2026-09-24 02:00:00,114.71,114.77,114.07,114.4,25909.699,10055.775
2026-09-24 02:15:00,114.4,115.12,114.4,114.92,14480.039,8340.362
2026-09-24 02:30:00,114.93,115.27,114.74,115.23,16687.097,7894.196
2026-09-24 02:45:00,115.22,115.44,115.15,115.29,18695.949,8637.402
2026-09-24 03:00:00,115.3,115.71,115.06,115.32,23912.395,13094.662
2026-09-24 03:15:00,115.32,115.41,114.69,114.8,19934.783,6999.949
2026-09-24 03:30:00,114.8,114.82,114.56,114.8,14587.761,6848.891
2026-09-24 03:45:00,114.8,114.86,114.54,114.7,15360.767,8109.746
2026-09-24 04:00:00,114.71,114.8,114.4,114.59,19978.502,7852.435
2026-09-24 04:15:00,114.59,114.94,114.45,114.9,17784.689,10697.5
2026-09-24 04:30:00,114.91,114.98,114.83,114.93,10751.895,5574.083
2026-09-24 04:45:00,114.94,115.49,114.81,115.4,18344.434,11003.15
2026-09-24 05:00:00,115.39,116.13,115.39,115.65,36651.585,25190.004
2026-09-24 05:15:00,115.64,115.75,115.45,115.47,11438.117,6718.248
2026-09-24 05:30:00,115.46,115.54,115.2,115.38,17869.886,11531.05
2026-09-24 05:45:00,115.37,115.49,114.86,114.87,22944.844,10216.648
2026-09-24 06:00:00,114.86,115.28,114.76,115.13,18992.403,8611.392
2026-09-24 06:15:00,115.13,115.23,114.94,115.12,11696.757,6048.913
2026-09-24 06:30:00,115.11,115.17,114.85,114.97,11843.266,5690.818
2026-09-24 06:45:00,114.97,115,114.74,114.85,9330.925,5507.636
2026-09-24 07:00:00,114.85,114.89,114.5,114.82,10462.258,5361.926
2026-09-24 07:15:00,114.83,115.21,114.72,115.21,13818.774,7482.175
2026-09-24 07:30:00,115.22,115.58,115.16,115.55,20695.218,12942.249
2026-09-24 07:45:00,115.55,115.67,115.38,115.52,13610.95,7621.144
2026-09-24 08:00:00,115.52,115.64,115.21,115.25,8868.629,4175.572
2026-09-24 08:15:00,115.25,115.31,114.3,114.35,17530.997,6348.848
2026-09-24 08:30:00,114.35,114.61,114,114.13,27200.142,13179.734
2026-09-24 08:45:00,114.12,114.21,113.34,114.14,83163.612,41192.452
2026-09-24 09:00:00,114.15,114.33,113.57,113.6,33899.053,16082.25
2026-09-24 09:15:00,113.59,113.64,113.24,113.43,33128.143,13638.012
2026-09-24 09:30:00,113.42,113.43,112.52,113.18,74936.333,29988.5
2026-09-24 09:45:00,113.17,113.47,113.1,113.15,31241.12,16138.253
2026-09-24 10:00:00,113.14,113.25,112.8,113.08,28127.974,14590.166
2026-09-24 10:15:00,113.07,113.29,112.93,113.06,34097.525,19977.375
2026-09-24 10:30:00,113.07,113.45,112.73,113.36,51845.372,21543.134
2026-09-24 10:45:00,113.37,113.58,113.22,113.37,19079.524,10867.004
2026-09-24 11:00:00,113.36,113.6,113.3,113.42,25593.337,14494.702
2026-09-24 11:15:00,113.41,113.54,113.33,113.34,14871.278,9422.329
2026-09-24 11:30:00,113.35,113.41,113.07,113.23,16708.307,10759.028
2026-09-24 11:45:00,113.23,113.44,113.06,113.35,23088.158,13224.053
2026-09-24 12:00:00,113.34,113.73,113.17,113.53,19114.307,12234.909
2026-09-24 12:15:00,113.52,113.75,113.43,113.49,16552.568,9715.908
2026-09-24 12:30:00,113.49,113.57,113.11,113.52,11761.548,6877.519
2026-09-24 12:45:00,113.51,113.92,113.38,113.84,29433.459,17661.503
2026-09-24 13:00:00,113.84,114.37,113.82,114.31,23612.444,15884.137
2026-09-24 13:15:00,114.3,114.84,114.25,114.51,32479.9,21870.187
2026-09-24 13:30:00,114.52,115.42,114.46,114.76,72430.87,35873.212
2026-09-24 13:45:00,114.76,115.04,114.48,114.97,37822.741,19608.266
2026-09-24 14:00:00,114.98,115.24,114.83,114.94,31998.958,17208.508
2026-09-24 14:15:00,114.95,116.44,114.85,116.33,65779.482,43709.239
2026-09-24 14:30:00,116.33,116.43,115.77,115.85,61663.734,31529.164
2026-09-24 14:45:00,115.85,115.85,114.07,114.6,84288.859,31363.084
2026-09-24 15:00:00,114.59,115.1,114.36,115.02,29305.068,16530.85
2026-09-24 15:15:00,115.01,115.93,114.96,115.67,30242.785,18058.43
2026-09-24 15:30:00,115.67,116.63,115.59,116.22,35675.738,24120.14
2026-09-24 15:45:00,116.23,116.42,115.91,116.33,24029.836,13994.944
2026-09-24 16:00:00,116.33,116.42,115.92,116.42,35428.992,19163.199
2026-09-24 16:15:00,116.42,117.52,116.42,117.3,119085.576,65989.519
2026-09-24 16:30:00,117.31,117.79,116.83,117.16,48414.292,23500.603
2026-09-24 16:45:00,117.16,117.5,116.83,117.09,40624.292,22724.671
2026-09-24 17:00:00,117.09,117.34,116.89,117.18,42641.789,21176.882
2026-09-24 17:15:00,117.18,117.34,116.76,117.14,24392.69,9933.931
2026-09-24 17:30:00,117.14,117.31,116.58,116.71,25400.331,10131.221
2026-09-24 17:45:00,116.7,116.86,116.48,116.77,37922.086,12100.578
2026-09-24 18:00:00,116.77,117.14,116.25,116.98,38367.743,21379.542
2026-09-24 18:15:00,116.98,117.46,116.88,117.27,18774.377,9928.241
2026-09-24 18:30:00,117.28,117.47,116.88,117.17,32923.059,12088.595
2026-09-24 18:45:00,117.17,117.56,117.11,117.38,16990.587,7596.392
2026-09-24 19:00:00,117.39,117.54,117.1,117.47,25381.628,11387.906
2026-09-24 19:15:00,117.48,117.69,117.41,117.67,18000.788,7255.711
2026-09-24 19:30:00,117.66,117.7,117.29,117.36,35387.53,13478.839
2026-09-24 19:45:00,117.37,117.56,117.12,117.3,25907.154,8067.778
2026-09-24 20:00:00,117.29,117.45,116.88,116.9,21638.708,7577.271
2026-09-24 20:15:00,116.91,117.01,116.66,116.87,31409.033,16694.05
2026-09-24 20:30:00,116.88,117.06,116.67,116.91,11824.041,3733.473
2026-09-24 20:45:00,116.91,117.04,116.7,116.83,11307.198,4670.026
2026-09-24 21:00:00,116.84,116.94,116.64,116.73,18447.266,7602.601
2026-09-24 21:15:00,116.73,116.99,116.69,116.89,14592.673,4400.941
2026-09-24 21:30:00,116.89,117.3,116.78,117.12,36901.936,20144.921
2026-09-24 21:45:00,117.12,117.14,116.83,116.86,8038.136,1768.878
2026-09-24 22:00:00,116.85,116.96,116.51,116.55,25004.945,10238.437
2026-09-24 22:15:00,116.55,116.61,116.12,116.35,29609.439,10883.205
2026-09-24 22:30:00,116.35,116.58,116.23,116.39,19236.155,5617.029
2026-09-24 22:45:00,116.4,116.61,116.38,116.6,12097.213,5710.463
2026-09-24 23:00:00,116.61,116.84,116.55,116.63,14193.082,4569.112
2026-09-24 23:15:00,116.64,117,116.55,116.98,14316.363,8523.599
2026-09-24 23:30:00,116.97,117.22,116.97,117.06,35014.131,22663.969
2026-09-24 23:45:00,117.05,117.16,117,117.04,12037.676,4685.677
2026-09-25 00:00:00,117.04,117.68,117.04,117.64,24391.28,14154.553
2026-09-25 00:15:00,117.63,117.64,117.31,117.43,16168.848,6215.059
2026-09-25 00:30:00,117.44,117.68,117.21,117.29,26124.631,11049.757
2026-09-25 00:45:00,117.29,117.51,117.28,117.43,11539.011,4108.457
2026-09-25 01:00:00,117.44,117.94,117.35,117.55,40680.024,24210.897
2026-09-25 01:15:00,117.56,117.82,117.36,117.49,17921.333,8525.863
2026-09-25 01:30:00,117.49,117.49,117.15,117.38,16257.519,9114.203
2026-09-25 01:45:00,117.38,117.58,117.32,117.47,10884.557,6834.66
2026-09-25 02:00:00,117.48,118.3,117.45,118.17,46259.064,38413.277
2026-09-25 02:15:00,118.18,118.44,117.83,117.97,29201.244,18460.03
2026-09-25 02:30:00,117.97,118.14,117.31,117.47,17417.287,7045.901
2026-09-25 02:45:00,117.47,117.5,116.84,116.91,25250.512,10306.323
2026-09-25 03:00:00,116.91,117.32,116.75,116.93,25382.158,12314.208
2026-09-25 03:15:00,116.93,117.16,116.7,116.71,18772.07,6973.476
2026-09-25 03:30:00,116.7,117.14,116.56,116.67,20314.445,9348.844
2026-09-25 03:45:00,116.68,116.92,116.5,116.9,12892.452,7590.894
2026-09-25 04:00:00,116.9,117.06,116.39,116.4,24235.058,8639.453
2026-09-25 04:15:00,116.39,116.66,116.27,116.6,21645.862,12440.555
2026-09-25 04:30:00,116.6,117.34,116.58,117.22,18588.291,15298.145
2026-09-25 04:45:00,117.23,117.26,116.39,116.4,37038.401,9664.56
2026-09-25 05:00:00,116.4,116.6,116.25,116.27,25160.23,15391.053
2026-09-25 05:15:00,116.27,116.64,116.27,116.48,17865.948,9693.532
2026-09-25 05:30:00,116.48,116.67,116.16,116.52,22870.104,10688.41
2026-09-25 05:45:00,116.52,116.57,116.36,116.44,13906.97,7818.903
2026-09-25 06:00:00,116.45,116.53,116.1,116.34,21309.009,11521.208
2026-09-25 06:15:00,116.34,116.74,116.17,116.44,20785.749,14388.912
2026-09-25 06:30:00,116.43,116.45,116.09,116.32,10549.881,6219.421
2026-09-25 06:45:00,116.32,116.34,116.17,116.28,12997.493,7743.435
2026-09-25 07:00:00,116.28,116.33,115.86,115.99,19014.637,10426.931
2026-09-25 07:15:00,116,116.58,116,116.57,15119.949,11381.763
2026-09-25 07:30:00,116.57,116.62,115.9,116.15,25014.522,14752.351
2026-09-25 07:45:00,116.15,116.45,116.1,116.38,11191.791,6543.424
2026-09-25 08:00:00,116.38,116.66,116.34,116.58,17109.617,11984.468
2026-09-25 08:15:00,116.58,117.56,116.58,117.38,30284.149,22939.33
2026-09-25 08:30:00,117.37,117.46,117,117.01,23002.995,11139.697
2026-09-25 08:45:00,117,117.38,116.96,117.32,16513.518,9473.24
2026-09-25 09:00:00,117.32,117.8,117.3,117.5,30475.861,21586.58
2026-09-25 09:15:00,117.5,118.08,117.41,118.06,30031.449,20161.913
2026-09-25 09:30:00,118.06,118.9,117.95,118.41,81962.759,43208.912
2026-09-25 09:45:00,118.41,118.51,118.08,118.37,81879.873,30861.453
2026-09-25 10:00:00,118.37,118.38,117.9,118.14,40346.023,21262.023
2026-09-25 10:15:00,118.14,119,117.99,118.97,76286.992,55683.349
2026-09-25 10:30:00,118.97,119.02,118.67,118.95,59049.212,27987.284
2026-09-25 10:45:00,118.95,119.57,118.86,119.18,57465.295,36468.458
2026-09-25 11:00:00,119.18,122.33,119.14,121.6,296695.258,192966.839
2026-09-25 11:15:00,121.6,121.93,120.33,121.07,136939.428,56847.625
2026-09-25 11:30:00,121.08,121.69,120.81,120.92,63747.027,34933.297
2026-09-25 11:45:00,120.93,121.25,120.51,120.82,57592.349,34660.645
2026-09-25 12:00:00,120.83,121.17,119.67,119.89,81899.657,43849.454
2026-09-25 12:15:00,119.89,120.25,118.62,120.17,130251.652,80350.535
2026-09-25 12:30:00,120.18,121.05,120.1,120.71,71552.893,44753.75
2026-09-25 12:45:00,120.72,120.92,120.26,120.74,51835.312,33505.9
2026-09-25 13:00:00,120.73,120.97,120.33,120.71,30753.733,19552.348
2026-09-25 13:15:00,120.71,121.1,119.54,119.77,83407.182,44586.078
2026-09-25 13:30:00,119.77,120.41,119.13,119.46,77295.867,39682.931
2026-09-25 13:45:00,119.46,119.89,118.5,119.5,138164.168,75096.007
2026-09-25 14:00:00,119.51,119.8,118.27,119.46,134337.215,56688.361
2026-09-25 14:15:00,119.47,120.4,119.08,119.71,98382.639,51716.83
2026-09-25 14:30:00,119.72,120.52,119.55,119.67,57013.269,33746.739
2026-09-25 14:45:00,119.67,120.47,119.33,120.44,58180.821,35386.737
2026-09-25 15:00:00,120.44,121.18,120.16,121.17,56332.208,35029.303
2026-09-25 15:15:00,121.18,121.48,120.13,120.15,64732.782,37930.688
2026-09-25 15:30:00,120.15,120.43,119.2,119.38,60127.099,27317.883
2026-09-25 15:45:00,119.38,120.14,119.03,120.13,49751.737,27809.677
2026-09-25 16:00:00,120.14,120.97,120.09,120.8,58483.445,36568.882
2026-09-25 16:15:00,120.79,121.6,120.79,121.3,74416.565,44916.942
2026-09-25 16:30:00,121.3,121.89,120.99,121.52,69715.474,38717.686
2026-09-25 16:45:00,121.53,121.63,120.69,120.89,60064.836,31861.79
2026-09-25 17:00:00,120.89,121.64,120.88,121.37,43137.195,23004.243
2026-09-25 17:15:00,121.38,121.57,120.35,120.39,33804.346,15359.634
2026-09-25 17:30:00,120.39,121.28,120.26,121.02,40260.963,21646.993
2026-09-25 17:45:00,121.02,121.05,120.62,121,21353.952,12313.806
2026-09-25 18:00:00,121.01,122.1,120.95,121.97,59981.927,40258.105
2026-09-25 18:15:00,121.98,122.78,121.68,121.82,77542.861,42389.223
2026-09-25 18:30:00,121.82,122.38,121.79,122.17,31448.439,19878.243
2026-09-25 18:45:00,122.16,122.37,121.8,121.95,26100.349,12314.994
2026-09-25 19:00:00,121.95,122.19,121.72,122.12,33141.265,18501.178
2026-09-25 19:15:00,122.12,122.16,121.68,121.85,19046.499,9177.097
2026-09-25 19:30:00,121.85,122.03,121.46,121.61,25258.57,10130.021
2026-09-25 19:45:00,121.61,122.08,121.61,121.91,22631.078,12321.131
2026-09-25 20:00:00,121.92,122.05,121.51,121.52,23001.991,10825.715
2026-09-25 20:15:00,121.52,122.34,121.48,122.3,31405.291,17161.431
2026-09-25 20:30:00,122.3,122.94,122.2,122.6,42046.266,22421.437
2026-09-25 20:45:00,122.61,122.61,121.58,121.59,29088.473,11439.37
2026-09-25 21:00:00,121.58,121.76,121,121.16,31380.865,14481.091
2026-09-25 21:15:00,121.16,121.26,120.82,121.1,22293.041,10903.251
2026-09-25 21:30:00,121.09,121.3,120.92,121.01,15221.806,8870.487
2026-09-25 21:45:00,121,121.15,120.92,121,10817.216,7381.635
2026-09-25 22:00:00,121,121.68,120.87,121.66,16779.01,11862.195
2026-09-25 22:15:00,121.65,122.05,121.65,121.78,19343.881,11262.652
2026-09-25 22:30:00,121.78,122.43,121.78,122.43,20077.842,11438.919
2026-09-25 22:45:00,122.42,122.44,122.18,122.19,9751.632,5516.141
2026-09-25 23:00:00,122.19,122.38,122.09,122.13,11069.413,5081.458
2026-09-25 23:15:00,122.13,122.21,121.89,122,11217.527,5353.116
2026-09-25 23:30:00,122.01,122.16,121.93,122.03,5754.761,2412.418
2026-09-25 23:45:00,122.04,122.17,122,122.15,7082.054,4226.484
2026-09-26 00:00:00,122.15,122.18,121.93,122.01,8884.326,4678.731
2026-09-26 00:15:00,122.01,122.44,121.91,121.92,14271.971,7929.186
2026-09-26 00:30:00,121.92,121.96,121.22,121.52,26466.806,10596.907
2026-09-26 00:45:00,121.53,121.87,121.45,121.55,12290.275,7380.742
2026-09-26 01:00:00,121.54,121.9,121.48,121.72,15927.503,7497.976
2026-09-26 01:15:00,121.71,122.04,121.57,121.61,20546.537,8324.982
2026-09-26 01:30:00,121.61,122.18,121.57,122.09,15834.906,8852.891
2026-09-26 01:45:00,122.1,122.28,121.86,122.05,15943.395,6570.554
2026-09-26 02:00:00,122.05,122.28,121.79,122.27,14688.566,8185.955
2026-09-26 02:15:00,122.26,122.3,121.67,121.68,11136.946,3576.539
2026-09-26 02:30:00,121.68,121.85,121.57,121.69,17301.739,9134.366
2026-09-26 02:45:00,121.68,121.85,121.57,121.59,10809.161,4647.041
2026-09-26 03:00:00,121.59,121.61,120.63,120.75,36959.414,12741.636
2026-09-26 03:15:00,120.75,121.02,120.57,120.97,13205.958,6831.515
2026-09-26 03:30:00,120.97,121,120.61,120.75,20307.405,8947.184
2026-09-26 03:45:00,120.75,120.82,120.53,120.64,32554.695,20153.612
2026-09-26 04:00:00,120.64,120.97,120.63,120.73,11713.213,6369.773
2026-09-26 04:15:00,120.74,120.92,120.39,120.39,17775.585,10064.946
2026-09-26 04:30:00,120.4,120.59,120.26,120.58,11519.233,5487.278
2026-09-26 04:45:00,120.58,120.7,120.55,120.68,6379.741,3031.551
2026-09-26 05:00:00,120.68,120.72,120.47,120.49,8512.012,4206.98
2026-09-26 05:15:00,120.48,120.6,120.21,120.41,13284.534,5164.194
2026-09-26 05:30:00,120.41,120.72,120.3,120.65,16395.572,9173.991
2026-09-26 05:45:00,120.66,120.76,120.51,120.52,9670.665,3944.884
2026-09-26 06:00:00,120.52,120.53,120.25,120.27,23728.932,9364.245
2026-09-26 06:15:00,120.27,120.44,120.22,120.31,14529.772,4862.823
2026-09-26 06:30:00,120.3,120.5,120.29,120.41,10471.104,3116.768
2026-09-26 06:45:00,120.41,120.51,120.14,120.21,18154.289,8450.123
2026-09-26 07:00:00,120.22,120.62,120.16,120.6,17484.468,8431.114
2026-09-26 07:15:00,120.6,120.66,120.52,120.55,11660.971,3734.354
2026-09-26 07:30:00,120.55,120.66,120.46,120.59,14827.235,6097.167
2026-09-26 07:45:00,120.6,120.82,120.59,120.76,23084.176,9446.239
2026-09-26 08:00:00,120.76,120.83,120.39,120.51,25861.736,10755.453
2026-09-26 08:15:00,120.51,120.57,120.26,120.57,14487.007,5742.497
2026-09-26 08:30:00,120.57,121.27,120.57,121.04,36455.107,18303.03
2026-09-26 08:45:00,121.03,121.03,120.69,120.69,11194.48,3305.207
2026-09-26 09:00:00,120.7,120.71,120,120.16,26373.378,9933.764
2026-09-26 09:15:00,120.17,120.17,119.82,120.02,27759.379,9997.066
2026-09-26 09:30:00,120.03,120.05,119.83,119.97,28232.091,5810.298
2026-09-26 09:45:00,119.96,120.04,119.87,119.99,56514.878,37588.56
2026-09-26 10:00:00,119.99,120.33,119.95,120.3,16855.838,9282.237
2026-09-26 10:15:00,120.3,120.68,120.28,120.41,16028.703,8646.214
2026-09-26 10:30:00,120.41,120.62,120.39,120.56,14263.953,6924.611
2026-09-26 10:45:00,120.56,120.74,120.46,120.63,15165.43,7130.066
2026-09-26 11:00:00,120.62,120.63,120.26,120.4,19502.672,7584.16
2026-09-26 11:15:00,120.41,120.67,120.4,120.66,10056.141,5943.398
2026-09-26 11:30:00,120.66,121.35,120.63,121.16,55155.035,37159.445
2026-09-26 11:45:00,121.17,121.45,121.17,121.28,21065.991,15580.829
2026-09-26 12:00:00,121.29,121.35,121.04,121.23,22132.067,10965.576
2026-09-26 12:15:00,121.23,121.58,121.04,121.11,16332.745,7202.673
2026-09-26 12:30:00,121.11,121.29,120.93,120.93,17854.034,4716.709
2026-09-26 12:45:00,120.93,121.13,120.93,121.08,12605.549,6693.531
2026-09-26 13:00:00,121.08,121.33,120.64,120.77,25317.352,11996.962
2026-09-26 13:15:00,120.78,120.9,120.22,120.44,93029.164,61921.747
2026-09-26 13:30:00,120.44,120.68,120.42,120.61,12016.572,7134.634
2026-09-26 13:45:00,120.61,120.88,120.58,120.78,21486.072,14852.298
2026-09-26 14:00:00,120.77,121.2,120.62,121.04,39587.899,28438.804
2026-09-26 14:15:00,121.04,121.13,120.94,120.98,12366.787,8169.157
2026-09-26 14:30:00,120.99,121.1,120.86,120.92,15025.958,8456.351
2026-09-26 14:45:00,120.93,121.01,120.83,120.95,10296.354,6740.548
2026-09-26 15:00:00,120.94,121.08,120.8,121.06,10591.623,6598.998
2026-09-26 15:15:00,121.05,121.58,121.04,121.53,17296.836,13279.579
2026-09-26 15:30:00,121.53,122.1,121.47,121.81,80884.484,55478.569
2026-09-26 15:45:00,121.8,121.99,121.61,121.88,18101.698,12342.586
2026-09-26 16:00:00,121.89,121.9,121.67,121.76,10004.57,6852.363
2026-09-26 16:15:00,121.76,121.77,121.38,121.48,23538.824,9465.013
2026-09-26 16:30:00,121.48,121.79,121.48,121.52,11081.544,8036.594
2026-09-26 16:45:00,121.52,121.64,121.44,121.64,11108.545,7374.158
2026-09-26 17:00:00,121.64,121.64,120.96,121.13,79460.378,47484.092
2026-09-26 17:15:00,121.13,121.33,120.99,121.27,16673.468,9015.116
2026-09-26 17:30:00,121.27,121.4,121.06,121.4,12518.654,6736.702
2026-09-26 17:45:00,121.4,121.58,121.33,121.5,8822.98,5673.469
2026-09-26 18:00:00,121.5,121.68,121.34,121.42,10604.158,5845.172
2026-09-26 18:15:00,121.41,121.45,121.25,121.34,9231.586,5346.554
2026-09-26 18:30:00,121.34,121.38,121.04,121.08,16199.836,6851.567
2026-09-26 18:45:00,121.08,121.12,120.81,121.06,25670.815,8913.308
2026-09-26 19:00:00,121.06,121.31,121.05,121.24,6931.021,5032.703
2026-09-26 19:15:00,121.24,121.3,121.15,121.23,5967.131,3811.83
2026-09-26 19:30:00,121.23,121.23,120.82,121.13,12194.617,6873.101
2026-09-26 19:45:00,121.13,121.16,121.02,121.14,6009.632,4433.958
2026-09-26 20:00:00,121.15,121.18,120.74,121,10707.015,6120.074
2026-09-26 20:15:00,121,121.56,120.91,121.41,18469.267,10722.367
2026-09-26 20:30:00,121.42,121.49,120.28,120.52,31568.483,11094.816
2026-09-26 20:45:00,120.53,120.73,120.07,120.35,25618.275,8616.934
2026-09-26 21:00:00,120.36,120.87,120.29,120.75,19280.682,9148.376
2026-09-26 21:15:00,120.75,121.57,120.75,121.55,19827.87,13711.05
2026-09-26 21:30:00,121.54,121.72,121.28,121.42,15538.708,8568.117
2026-09-26 21:45:00,121.42,121.42,121.13,121.32,6790.642,2102.93
2026-09-26 22:00:00,121.32,121.83,121.22,121.73,27028.899,18403.744
2026-09-26 22:15:00,121.74,121.77,121.45,121.49,7185.01,3421.598
2026-09-26 22:30:00,121.48,121.51,121.09,121.1,6275.696,1209.725
2026-09-26 22:45:00,121.1,121.33,121.09,121.14,9783.185,7287.737
2026-09-26 23:00:00,121.14,121.67,121.14,121.65,5947.88,3726.529
2026-09-26 23:15:00,121.65,121.83,121.49,121.51,9253.605,5406.085
2026-09-26 23:30:00,121.52,121.53,121.15,121.26,8216.476,3102.576
2026-09-26 23:45:00,121.26,121.49,121.22,121.41,5985.229,3473.681
2026-09-27 00:00:00,121.41,121.44,121.1,121.1,6555.684,3514.898
2026-09-27 00:15:00,121.1,121.11,120.77,120.89,9326.139,4276.233
2026-09-27 00:30:00,120.9,121.18,120.89,121.02,11932.79,8561.747
2026-09-27 00:45:00,121.02,121.08,120.72,120.83,13897.438,3537.903
2026-09-27 01:00:00,120.83,121.1,120.66,121.09,12714.381,7352.34
2026-09-27 01:15:00,121.09,121.15,120.77,120.85,7427.148,3767.552
2026-09-27 01:30:00,120.85,121.07,120.78,121.07,4582.937,3011.293
2026-09-27 01:45:00,121.07,121.59,121.06,121.43,12454.363,7207.474
2026-09-27 02:00:00,121.43,121.68,121.3,121.52,14961.336,8420.905
2026-09-27 02:15:00,121.52,121.68,121.44,121.62,9231.623,3845.607
2026-09-27 02:30:00,121.62,121.69,121.36,121.4,12786.688,2464.808
2026-09-27 02:45:00,121.39,121.46,121.09,121.15,11820.477,4150.009
2026-09-27 03:00:00,121.15,121.38,121.04,121.15,7672.935,4684.854
2026-09-27 03:15:00,121.15,121.15,120.57,120.63,36604.478,16896.208
2026-09-27 03:30:00,120.62,120.8,120.57,120.67,38246.284,31726.6
2026-09-27 03:45:00,120.67,120.68,120.56,120.61,8064.802,3242.575
2026-09-27 04:00:00,120.61,120.86,120.46,120.78,15225.948,5381.302
2026-09-27 04:15:00,120.77,120.81,120.43,120.43,9148.608,3673.603
2026-09-27 04:30:00,120.43,120.44,120.13,120.14,39200.011,24411.881
2026-09-27 04:45:00,120.14,120.37,120.1,120.15,17926.827,7583.877
2026-09-27 05:00:00,120.15,120.57,120.12,120.54,12916.819,6502.34
2026-09-27 05:15:00,120.55,120.72,120.53,120.71,6310.229,3422.503
2026-09-27 05:30:00,120.71,121.48,120.64,121.13,53797.875,22303.856
2026-09-27 05:45:00,121.14,121.33,121.08,121.1,8958.293,4578.954
2026-09-27 06:00:00,121.11,121.53,121.1,121.51,11269.648,6105.921
2026-09-27 06:15:00,121.51,121.58,121.31,121.48,14404.624,9020.288
2026-09-27 06:30:00,121.48,121.55,121.26,121.37,14591.36,10811.305
2026-09-27 06:45:00,121.36,121.47,121.29,121.33,12100.753,7783.695
2026-09-27 07:00:00,121.33,121.53,121.32,121.41,14340.427,9541.528
2026-09-27 07:15:00,121.4,121.65,121.35,121.64,10215.163,4753.888
2026-09-27 07:30:00,121.64,122.36,121.64,122.29,33921.767,24227.934
2026-09-27 07:45:00,122.29,124.4,122.13,124.12,130896.403,83133.633
2026-09-27 08:00:00,124.13,124.63,123.96,124.25,101547.48,49892.85
2026-09-27 08:15:00,124.24,124.95,124.22,124.42,115862.669,47997.037
2026-09-27 08:30:00,124.42,124.59,124.11,124.2,43189.996,30088.015
2026-09-27 08:45:00,124.19,124.45,124,124.12,76568.312,40164.449
2026-09-27 09:00:00,124.13,124.26,123.37,123.84,118261.803,38290.96
2026-09-27 09:15:00,123.85,124.11,123.57,123.97,27825.325,14981.864
2026-09-27 09:30:00,123.98,124.32,123.89,124.23,17677.601,10479.455
2026-09-27 09:45:00,124.24,124.57,124.16,124.47,38155.922,21244.614
2026-09-27 10:00:00,124.46,124.65,124.21,124.59,34225.159,14481.917
2026-09-27 10:15:00,124.59,124.82,124.1,124.14,27793.69,15964.439
2026-09-27 10:30:00,124.14,124.14,123.93,124,21891.276,14309.933
2026-09-27 10:45:00,124.01,124.21,123.89,124.04,26097.378,18689.401
2026-09-27 11:00:00,124.03,124.22,123.86,123.97,18866.698,11746.391
2026-09-27 11:15:00,123.98,124.21,123.75,123.98,20495.752,10481.716
2026-09-27 11:30:00,123.98,124.02,123.68,123.93,21334.249,13141.377
2026-09-27 11:45:00,123.93,124.16,123.64,123.94,20038.539,11749.6
2026-09-27 12:00:00,123.94,124.42,123.94,124.25,16966.941,10944.754
2026-09-27 12:15:00,124.24,124.27,123.92,123.98,8168.022,3176.9
2026-09-27 12:30:00,123.99,124.24,123.91,124.06,7102.526,3984.658
2026-09-27 12:45:00,124.05,124.11,123.36,123.37,12181.43,2831.08
2026-09-27 13:00:00,123.36,123.36,122.59,122.68,87647.069,37497.641
2026-09-27 13:15:00,122.69,123.08,122.34,123.06,128000.707,102970.839
2026-09-27 13:30:00,123.06,123.69,122.78,122.83,46007.839,21848.637
2026-09-27 13:45:00,122.84,123.18,122.69,123.16,45946.73,30250.743
2026-09-27 14:00:00,123.16,123.21,122.86,123,16316.625,7641.28
2026-09-27 14:15:00,123,123.1,121.79,121.98,56280.766,18185.565
2026-09-27 14:30:00,121.99,122.19,121.42,121.9,66422.045,33175.589
2026-09-27 14:45:00,121.89,121.98,121.4,121.7,38782.927,16490.059
2026-09-27 15:00:00,121.7,121.8,121.28,121.51,45696.641,23556.473
2026-09-27 15:15:00,121.51,121.86,121.46,121.81,25814.261,13921
2026-09-27 15:30:00,121.82,121.9,121.5,121.5,25091.633,9096.84
2026-09-27 15:45:00,121.51,121.88,121.51,121.75,41764.507,19885.16
2026-09-27 16:00:00,121.76,122.21,121.71,122.12,14830.65,8349.498
2026-09-27 16:15:00,122.11,122.35,121.93,121.94,16242.846,6701.04
2026-09-27 16:30:00,121.94,122.04,121.71,121.83,18965.479,7467.4
2026-09-27 16:45:00,121.82,122.01,121.69,121.83,14202.595,7025.215
2026-09-27 17:00:00,121.82,122.03,121.72,121.97,14818.65,7052.778
2026-09-27 17:15:00,121.98,122.12,121.88,121.89,9314.981,4873.914
2026-09-27 17:30:00,121.89,122.14,121.85,121.99,15455.464,8487.611
2026-09-27 17:45:00,121.99,122.19,121.98,122.07,9573.708,6754.191
2026-09-27 18:00:00,122.06,122.44,121.94,122.38,10646.941,6808.56
2026-09-27 18:15:00,122.38,122.95,122.38,122.95,23914.489,12058.05
2026-09-27 18:30:00,122.94,123.03,122.8,123.01,19012.621,11019.853
2026-09-27 18:45:00,123,123.3,122.99,123.28,26382.946,9973.897
2026-09-27 19:00:00,123.29,123.32,122.88,123.18,17121.707,9393.786
2026-09-27 19:15:00,123.19,123.43,122.96,123.07,15733.998,8048.471
2026-09-27 19:30:00,123.06,123.25,122.9,123.13,14894.665,8115.896
2026-09-27 19:45:00,123.12,123.35,123.03,123.03,13374.837,5849.065
2026-09-27 20:00:00,123.04,123.45,122.96,123.4,14828.677,8235.128
2026-09-27 20:15:00,123.4,123.44,122.71,122.8,18849.862,6631.604
2026-09-27 20:30:00,122.79,122.96,122.76,122.95,10411.607,5400.661
2026-09-27 20:45:00,122.95,123.05,122.55,122.71,16124.144,5939.931
2026-09-27 21:00:00,122.71,123.16,122.66,123.16,9988.466,6580.113
2026-09-27 21:15:00,123.15,123.29,122.84,122.86,12789.603,4143.549
2026-09-27 21:30:00,122.87,123,122.19,122.7,19112.521,7790.835
2026-09-27 21:45:00,122.7,123,122.7,122.85,14088.208,9333.85
2026-09-27 22:00:00,122.85,123,121.42,121.54,60932.871,18690.691
2026-09-27 22:15:00,121.54,122.16,121.31,122.05,32843.505,21507.458
2026-09-27 22:30:00,122.04,122.04,121.12,121.15,25242.974,9534.479
2026-09-27 22:45:00,121.15,121.5,120.96,121.41,18762.242,9220.662
2026-09-27 23:00:00,121.42,121.82,121.35,121.48,17378.732,8693.296
2026-09-27 23:15:00,121.48,122.08,121.44,121.91,14061.887,7948.969
2026-09-27 23:30:00,121.91,122.12,121.74,121.76,12397.94,6234.431
2026-09-27 23:45:00,121.77,122.2,121.75,121.99,25229.302,15062.778
2026-09-28 00:00:00,122,122.21,121.61,121.81,11752.325,6537.923
2026-09-28 00:15:00,121.81,122.93,121.79,122.71,28347.893,14803.243
2026-09-28 00:30:00,122.72,122.72,121.44,121.69,23589.569,10382.984
2026-09-28 00:45:00,121.7,122.73,121.66,121.66,20719.333,11059.977
2026-09-28 01:00:00,121.66,122.25,121.41,121.47,33500.48,14993.327
2026-09-28 01:15:00,121.46,122.21,121.29,122.01,29931.922,15150.52
2026-09-28 01:30:00,122,122.19,121.01,121.05,25385.481,9497.485
2026-09-28 01:45:00,121.06,121.31,120.33,120.72,46969.702,20023.028
2026-09-28 02:00:00,120.71,121.45,120.3,121.25,49018.362,28484.736
2026-09-28 02:15:00,121.25,121.26,120.61,120.77,30735.912,15161.374
2026-09-28 02:30:00,120.77,120.79,120.17,120.26,37511.786,14625.838
2026-09-28 02:45:00,120.25,120.37,119.88,120.05,47515.927,24808.496
2026-09-28 03:00:00,120.05,120.41,120.05,120.16,18080.974,8581.9
2026-09-28 03:15:00,120.16,120.43,119.72,119.85,25509.733,10849.176
2026-09-28 03:30:00,119.85,120.4,119.45,120.29,27634.664,14471.216
2026-09-28 03:45:00,120.28,120.29,119.83,119.85,12008.045,4744.589
2026-09-28 04:00:00,119.86,119.89,119.21,119.86,35828.826,17986.043
2026-09-28 04:15:00,119.85,120.2,119.58,120.02,15436.46,11089.667
2026-09-28 04:30:00,120.01,120.23,119.83,120.11,12326.446,7283.431
2026-09-28 04:45:00,120.1,120.14,119.84,119.96,8851.409,5109.052
2026-09-28 05:00:00,119.96,120.18,119.25,119.49,18621.531,8352.112
2026-09-28 05:15:00,119.5,119.63,119.09,119.12,23988.684,10292.695
2026-09-28 05:30:00,119.12,119.2,118.14,119.19,65802.658,34440.9
2026-09-28 05:45:00,119.2,119.3,118.81,119.16,22441.452,12659.579
2026-09-28 06:00:00,119.16,119.48,118.97,119.3,18535.649,11087.044
2026-09-28 06:15:00,119.29,119.3,118.35,118.37,22848.377,9621.775
2026-09-28 06:30:00,118.37,118.97,118.21,118.78,21044.45,12936.294
2026-09-28 06:45:00,118.77,118.93,118.6,118.75,12416.501,7405.829
2026-09-28 07:00:00,118.75,119.15,118.55,118.62,23696.451,13143.256
2026-09-28 07:15:00,118.63,118.72,118.2,118.27,32569.537,13224.198
2026-09-28 07:30:00,118.27,118.5,117.9,118.21,30255.878,15337.309
2026-09-28 07:45:00,118.2,118.41,118.02,118.06,26814.175,16405.308
2026-09-28 08:00:00,118.05,118.59,118.02,118.58,20741.59,12208.514
2026-09-28 08:15:00,118.59,118.61,118.16,118.33,21064.742,9471.758
2026-09-28 08:30:00,118.33,118.43,118.05,118.16,15432.169,6551.342
2026-09-28 08:45:00,118.17,118.51,118.12,118.36,18787.409,8971.492
2026-09-28 09:00:00,118.36,118.48,117.67,118.41,57079.054,20756.256
2026-09-28 09:15:00,118.42,118.71,118.09,118.2,19594.663,11157.83
2026-09-28 09:30:00,118.21,118.23,117.71,117.73,19132.718,8471.956
2026-09-28 09:45:00,117.74,117.9,117.58,117.76,21602.497,10359.807
2026-09-28 10:00:00,117.77,118.35,117.77,117.98,17979.512,9498.008
2026-09-28 10:15:00,117.99,118.39,117.95,118.19,16142.523,9775.23
2026-09-28 10:30:00,118.19,118.64,118.08,118.62,30249.727,23199.055
2026-09-28 10:45:00,118.62,118.78,118.46,118.46,22094.664,13630.905
2026-09-28 11:00:00,118.47,118.76,118.45,118.53,27915.988,16808.157
2026-09-28 11:15:00,118.52,118.84,118.38,118.65,30676.09,12504.512
2026-09-28 11:30:00,118.64,118.79,118.53,118.69,26031.224,10896.317
2026-09-28 11:45:00,118.69,118.73,118.39,118.73,14016.54,6227.249
2026-09-28 12:00:00,118.72,119.97,118.52,119.54,72923.587,49267.711
2026-09-28 12:15:00,119.53,119.8,119.31,119.45,27687,14795.398
2026-09-28 12:30:00,119.44,119.8,119.37,119.65,29280.138,14817.4
2026-09-28 12:45:00,119.64,120.25,119.64,120.03,35701.397,22761.553
2026-09-28 13:00:00,120.04,120.04,119.4,119.63,18766.514,8789.435
2026-09-28 13:15:00,119.63,119.94,119.47,119.93,15039.03,8496.78
2026-09-28 13:30:00,119.93,120.39,119.47,120.1,60112.233,37186
2026-09-28 13:45:00,120.09,120.3,119.57,119.84,30145.725,17268.551
2026-09-28 14:00:00,119.84,119.84,119.26,119.34,44041.072,13040.614
2026-09-28 14:15:00,119.34,119.53,118.24,118.59,49525.143,19556.561
2026-09-28 14:30:00,118.59,119.18,117.94,118.24,53361.464,19527.905
2026-09-28 14:45:00,118.25,118.41,117.36,118.07,84842.445,34079.308
2026-09-28 15:00:00,118.08,118.68,117.81,117.88,32046.652,15609.3
2026-09-28 15:15:00,117.87,118.42,117.47,118.28,35835.353,16564.119
2026-09-28 15:30:00,118.29,118.79,118.1,118.35,24233.975,11595.73
2026-09-28 15:45:00,118.35,118.84,118.34,118.71,21601.04,16224.768
2026-09-28 16:00:00,118.71,118.89,118.27,118.71,23498.325,15213.893
2026-09-28 16:15:00,118.7,120.37,118.58,119.98,66311.667,47888.234
2026-09-28 16:30:00,119.98,120.26,119.07,119.24,41401.091,21782.178
2026-09-28 16:45:00,119.24,119.37,118.92,119.28,27561.532,16209.519
2026-09-28 17:00:00,119.29,120.52,118.58,120.52,61710.689,36539.643
2026-09-28 17:15:00,120.53,120.73,119.57,119.66,33476.489,18230.34
2026-09-28 17:30:00,119.66,119.96,119.54,119.94,26054.387,10699.884
2026-09-28 17:45:00,119.95,120.01,119.55,119.74,12497.573,6719.825
2026-09-28 18:00:00,119.73,119.94,119.55,119.9,10731.485,6355.045
2026-09-28 18:15:00,119.89,119.98,119.71,119.76,11403.105,6779.688
2026-09-28 18:30:00,119.77,119.77,119.36,119.67,10863.653,6008.028
2026-09-28 18:45:00,119.66,120.14,119.49,119.99,10774.182,6670.471
2026-09-28 19:00:00,119.98,120.01,119.05,119.22,19809.617,10217.806
2026-09-28 19:15:00,119.23,119.27,118.87,118.88,16736.362,6663.368
2026-09-28 19:30:00,118.88,118.95,118.01,118.34,36355.416,15124.347
2026-09-28 19:45:00,118.34,118.6,118.23,118.37,14918.649,8848.962
2026-09-28 20:00:00,118.37,119.08,118.15,118.94,13366.84,6806.446
2026-09-28 20:15:00,118.93,119.01,118.71,118.83,10617.463,4573.965
2026-09-28 20:30:00,118.82,119.04,118.7,118.79,9250.732,4009.766
2026-09-28 20:45:00,118.79,118.95,118.59,118.84,13563.769,5718.582
2026-09-28 21:00:00,118.84,119.15,118.74,118.75,12174.873,5883.636
2026-09-28 21:15:00,118.74,118.78,118.24,118.29,29940.501,3964.751
2026-09-28 21:30:00,118.3,118.36,118.05,118.15,13426.127,4275.611
2026-09-28 21:45:00,118.16,118.21,117.69,117.73,27900,6651.624
2026-09-28 22:00:00,117.73,117.82,117.26,117.48,34064.743,11779.662
2026-09-28 22:15:00,117.48,117.78,117.43,117.71,12793.869,3504.705
2026-09-28 22:30:00,117.71,118.42,117.61,118.42,14504.959,7607.872
2026-09-28 22:45:00,118.41,118.63,118.37,118.61,8173.124,4389.746
2026-09-28 23:00:00,118.6,119,118.55,118.59,13419.431,6408.235
2026-09-28 23:15:00,118.59,118.97,118.59,118.97,9876.145,6712.051
2026-09-28 23:30:00,118.97,118.99,118.72,118.8,8930.255,4161.418
2026-09-28 23:45:00,118.81,118.94,118.64,118.89,11261.225,6723.907
2026-09-29 00:00:00,118.89,118.92,118.62,118.84,10980.995,4359.416
2026-09-29 00:15:00,118.83,118.85,118.41,118.79,12897.053,6037.629
2026-09-29 00:30:00,118.79,119.13,118.66,118.99,12357.281,6339.834
2026-09-29 00:45:00,118.99,118.99,118.06,118.1,14535.57,3649.463
2026-09-29 01:00:00,118.09,118.44,117.54,117.63,32099.095,8653.469
2026-09-29 01:15:00,117.62,117.66,116.72,116.73,63775.536,14875.185
2026-09-29 01:30:00,116.73,117.06,116.32,116.93,37766.459,14839.447
2026-09-29 01:45:00,116.93,117.35,116.78,117.14,24392.868,15702.504
2026-09-29 02:00:00,117.14,117.33,116.58,116.99,22549.18,10179.281
2026-09-29 02:15:00,116.99,117.29,116.52,116.67,15593.809,6041.977
2026-09-29 02:30:00,116.67,117.04,116.44,116.96,14279.935,8040.717
2026-09-29 02:45:00,116.97,117.15,116.68,116.95,8132.619,3828.327
2026-09-29 03:00:00,116.96,117.4,116.92,117.05,11606.457,5789.327
2026-09-29 03:15:00,117.06,117.94,116.95,117.87,16048.433,10392.329
2026-09-29 03:30:00,117.87,118,117.56,117.88,13649.681,9501.952
2026-09-29 03:45:00,117.88,118.06,117.7,117.86,15460.861,10849.01
2026-09-29 04:00:00,117.86,117.88,117.35,117.73,21484.216,11099.665
2026-09-29 04:15:00,117.73,118.1,117.71,117.83,8779.954,4888.56
2026-09-29 04:30:00,117.83,117.84,117.48,117.61,5507.604,2417.249
2026-09-29 04:45:00,117.61,117.74,117.27,117.7,7313.748,3317.9
2026-09-29 05:00:00,117.69,117.94,117.51,117.89,9269.274,4257.108
2026-09-29 05:15:00,117.89,118.21,117.7,118.05,14407.437,7870.9
2026-09-29 05:30:00,118.04,118.05,117.11,117.94,25358.224,15371.037
2026-09-29 05:45:00,117.93,118.27,117.67,118.27,14472.472,7323.554
2026-09-29 06:00:00,118.26,119.14,118.23,119.14,29195.823,19093.93
2026-09-29 06:15:00,119.13,119.18,118.62,119.04,18058.031,10654.389
2026-09-29 06:30:00,119.04,119.22,118.88,118.99,25948.691,19691.641
2026-09-29 06:45:00,118.99,119.29,118.89,119.26,26597.238,19028.762
2026-09-29 07:00:00,119.26,119.6,119,119.41,19593.435,12242.833
2026-09-29 07:15:00,119.41,119.54,119.23,119.38,29172.772,14646.206
2026-09-29 07:30:00,119.38,119.92,119.25,119.61,25219.686,19166.534
2026-09-29 07:45:00,119.62,119.69,119.51,119.54,15733.042,10590.272
2026-09-29 08:00:00,119.55,119.62,119.21,119.39,17200.439,11183.488
2026-09-29 08:15:00,119.39,120,119.39,119.6,27282.136,16388.299
2026-09-29 08:30:00,119.61,119.65,118.9,119.09,25365.765,9122.023
2026-09-29 08:45:00,119.1,119.23,118.94,119.18,9640.818,3567.924
2026-09-29 09:00:00,119.19,119.22,118.88,118.98,11042.02,5184.056
2026-09-29 09:15:00,118.98,119.43,118.9,119.31,13287.964,9490.376
2026-09-29 09:30:00,119.31,119.72,119.27,119.65,15513.941,9053.256
2026-09-29 09:45:00,119.65,120.1,119.58,119.92,37106.457,26333.13
2026-09-29 10:00:00,119.93,120.04,119.7,119.9,18472.378,8360.442
2026-09-29 10:15:00,119.91,119.93,119.55,119.66,15256.47,6647.097
2026-09-29 10:30:00,119.67,119.69,119.21,119.3,15015.511,7257.257
2026-09-29 10:45:00,119.3,119.52,119.3,119.44,18458.351,15132.521
2026-09-29 11:00:00,119.44,119.55,119.23,119.3,12374.826,4877.067
2026-09-29 11:15:00,119.31,119.43,119.22,119.32,8087.316,4217.903
2026-09-29 11:30:00,119.31,119.98,119.31,119.81,20479.19,12780.922
2026-09-29 11:45:00,119.81,120.4,119.81,120.14,40136.659,26076.079
2026-09-29 12:00:00,120.15,120.26,120,120.08,25725.719,12619.623
2026-09-29 12:15:00,120.07,120.59,119.95,120.17,70267.633,30055.057
2026-09-29 12:30:00,120.18,121.05,120.11,120.73,86636.668,39114.617
2026-09-29 12:45:00,120.73,120.92,120.45,120.87,77871.893,27008.881
2026-09-29 13:00:00,120.88,121.34,120.71,121.01,38373.846,18731.749
2026-09-29 13:15:00,121.01,121.42,120.81,121.2,35984.576,19353.789
2026-09-29 13:30:00,121.21,121.41,120.67,121.16,40785.47,21009.666
2026-09-29 13:45:00,121.16,121.69,120.94,121.02,61930.898,32368.953
2026-09-29 14:00:00,121.02,121.31,120.36,120.47,45419.534,18494.859
2026-09-29 14:15:00,120.46,121.06,120.28,120.55,56495.232,39811.108
2026-09-29 14:30:00,120.55,120.93,120.34,120.64,32585.043,16461.669
2026-09-29 14:45:00,120.64,120.92,120.16,120.21,59255.667,33802.76
2026-09-29 15:00:00,120.21,120.29,119.14,119.39,114944.626,73821.88
2026-09-29 15:15:00,119.39,119.59,117.95,118.29,120430.538,59867.006
2026-09-29 15:30:00,118.29,118.76,118.26,118.5,39596.42,21463.118
2026-09-29 15:45:00,118.51,118.86,117.95,118.22,53075.532,31586.525
2026-09-29 16:00:00,118.22,118.47,118.08,118.31,34677.637,12751.547
2026-09-29 16:15:00,118.31,118.7,118.24,118.54,24808.804,12063.764
2026-09-29 16:30:00,118.53,118.72,118.04,118.04,28879.083,8063.774
2026-09-29 16:45:00,118.05,118.13,117.53,118.06,48503.675,19073.431
2026-09-29 17:00:00,118.05,118.35,117.92,118.18,21960.702,8014.599
2026-09-29 17:15:00,118.19,118.22,117.75,118.01,19035.084,7613.959
2026-09-29 17:30:00,118.01,118.09,117.8,117.83,13080.658,4022.562
2026-09-29 17:45:00,117.83,117.93,117.36,117.71,26198.349,12774.06
2026-09-29 18:00:00,117.71,118.51,117.71,118.48,26338.196,14975.178
2026-09-29 18:15:00,118.47,118.85,118.47,118.65,18008.47,6557.578
2026-09-29 18:30:00,118.64,119.29,118.58,119.16,24036.671,13942.956
2026-09-29 18:45:00,119.16,119.29,119.01,119.17,10836.763,3405.332
2026-09-29 19:00:00,119.16,119.53,119.15,119.34,17040.922,10342.944
2026-09-29 19:15:00,119.33,119.45,119.19,119.25,10846.369,5338.457
2026-09-29 19:30:00,119.24,119.4,118.77,118.77,14967.687,4831.571
2026-09-29 19:45:00,118.76,118.93,118.58,118.8,14280.084,7400.265
2026-09-29 20:00:00,118.81,119.02,118.61,118.83,8654.507,3841.949
2026-09-29 20:15:00,118.83,119.25,118.83,119.1,9963.511,5190.679
2026-09-29 20:30:00,119.09,119.13,118.97,119.05,4259.337,1883.055
2026-09-29 20:45:00,119.06,119.2,118.95,119.05,8185.131,2658.652
2026-09-29 21:00:00,119.04,119.19,118.73,119.16,12502.545,7483.036
2026-09-29 21:15:00,119.15,119.16,118.52,118.72,18489.73,7251.765
2026-09-29 21:30:00,118.72,118.79,118.61,118.67,11512.719,4160.593
2026-09-29 21:45:00,118.66,118.95,118.55,118.94,6725.523,3121.539
2026-09-29 22:00:00,118.94,119.6,118.86,119.41,21516.558,13139.737
2026-09-29 22:15:00,119.41,119.42,119.01,119.15,29024.12,15716.322
2026-09-29 22:30:00,119.14,119.2,118.9,119.19,8389.97,3269.62
2026-09-29 22:45:00,119.18,119.26,119.07,119.12,6417.195,2622.62
2026-09-29 23:00:00,119.11,119.68,119.08,119.64,14660.913,7887.835
2026-09-29 23:15:00,119.64,119.67,119.29,119.37,7017.707,3092.182
2026-09-29 23:30:00,119.38,119.38,118.88,119.03,10551.711,4669.951
2026-09-29 23:45:00,119.03,119.17,119,119.15,5424.419,2479.072
2026-09-30 00:00:00,119.15,119.3,118.78,118.85,10831.158,4672.9
2026-09-30 00:15:00,118.86,118.95,118.51,118.93,10983.273,5255.243
2026-09-30 00:30:00,118.92,119.2,118.75,118.79,8710.819,3844.26
2026-09-30 00:45:00,118.79,118.97,118.6,118.95,9253.926,4351.58
2026-09-30 01:00:00,118.94,119.26,118.82,119.26,10978.25,6224.581
2026-09-30 01:15:00,119.26,119.65,119.19,119.21,24304.366,16972.511
2026-09-30 01:30:00,119.22,119.52,119.01,119.49,15426.908,6868.94
2026-09-30 01:45:00,119.48,119.67,119.37,119.46,13279.217,6978.111
2026-09-30 02:00:00,119.46,120.07,119.46,119.78,24724.213,14110.074
2026-09-30 02:15:00,119.79,119.84,119.33,119.38,15916.176,7709.339
2026-09-30 02:30:00,119.39,119.74,119.15,119.54,12729.397,6509.766
2026-09-30 02:45:00,119.54,119.83,119.47,119.7,9967.582,6195.291
2026-09-30 03:00:00,119.71,119.89,119.47,119.58,10285.886,5193.666
2026-09-30 03:15:00,119.59,119.61,118.94,119.45,16655.961,5990.006
2026-09-30 03:30:00,119.46,119.74,119.2,119.55,10892.599,4998.672
2026-09-30 03:45:00,119.56,119.57,119.06,119.14,15096.625,4980.331
2026-09-30 04:00:00,119.13,119.64,119.11,119.4,19584.814,9476.431
2026-09-30 04:15:00,119.41,119.69,119.31,119.35,16097.431,6541.07
2026-09-30 04:30:00,119.36,119.42,119.06,119.09,13090.608,5176.952
2026-09-30 04:45:00,119.08,119.16,118.75,118.78,12433.024,2963.731
2026-09-30 05:00:00,118.77,119.22,118.6,118.6,13279.228,5249.407
2026-09-30 05:15:00,118.6,119.2,118.5,119.15,15982.427,7196.916
2026-09-30 05:30:00,119.16,119.65,119.15,119.57,26550.231,15537.385
2026-09-30 05:45:00,119.57,119.65,119.01,119.09,26713.577,10889.959
2026-09-30 06:00:00,119.09,119.23,118.53,118.58,24566.641,9425.568
2026-09-30 06:15:00,118.59,118.79,118.3,118.61,20292.366,10972.818
2026-09-30 06:30:00,118.6,118.63,118.18,118.38,13317.172,8585.765
2026-09-30 06:45:00,118.38,118.56,118.07,118.12,18571.629,9741.235
2026-09-30 07:00:00,118.12,118.34,117.91,117.97,17738.878,7532.073
2026-09-30 07:15:00,117.98,118.89,117.98,118.53,58102.672,23477.316
2026-09-30 07:30:00,118.53,118.9,118.4,118.86,17686.979,9155.364
2026-09-30 07:45:00,118.86,118.93,118.44,118.48,14730.068,6136.479
2026-09-30 08:00:00,118.47,118.53,117.98,117.99,22076.137,12043.964
2026-09-30 08:15:00,118,118.37,117.92,118.13,17581.648,8732.316
2026-09-30 08:30:00,118.13,118.13,117.81,117.94,26002.868,6594.715
2026-09-30 08:45:00,117.95,118.36,117.94,118.22,13947.625,8729.444
2026-09-30 09:00:00,118.23,118.7,118.19,118.7,11877.182,7132.908
2026-09-30 09:15:00,118.7,119.08,118.59,119.04,19943.782,11674.199
2026-09-30 09:30:00,119.04,119.8,118.98,119.2,46255.534,25834.067
2026-09-30 09:45:00,119.2,119.48,119.13,119.34,22747.083,13625.697
2026-09-30 10:00:00,119.33,119.56,119.27,119.31,27750.378,13450.662
2026-09-30 10:15:00,119.31,119.82,119.26,119.6,33847.659,23630.192
2026-09-30 10:30:00,119.6,119.92,119.59,119.8,26922.852,15735.171
2026-09-30 10:45:00,119.79,119.9,119.65,119.88,22366.662,13101.566
2026-09-30 11:00:00,119.87,119.87,119.2,119.5,52735.519,21826.615
2026-09-30 11:15:00,119.49,119.7,119.24,119.56,26615.088,7949.253
2026-09-30 11:30:00,119.56,119.86,119.36,119.8,31319.411,13025.744
2026-09-30 11:45:00,119.8,119.84,119.32,119.5,63830.888,28047.47
2026-09-30 12:00:00,119.51,119.77,119.38,119.76,28539.339,9296.664
2026-09-30 12:15:00,119.76,119.96,119.49,119.8,34831.214,16932.829
2026-09-30 12:30:00,119.8,121.96,119.61,121.47,210165.103,122284.911
2026-09-30 12:45:00,121.47,122.54,121.21,121.9,113044.446,52532.273
2026-09-30 13:00:00,121.9,122.75,121.66,122.39,79449.13,44389.747
2026-09-30 13:15:00,122.39,122.58,122.04,122.22,45594.323,20122.851
2026-09-30 13:30:00,122.23,122.83,119.86,121.11,118105.325,54999.553
2026-09-30 13:45:00,121.11,121.35,120.69,121.04,56820.256,31019.263
2026-09-30 14:00:00,121.04,121.32,120.27,120.51,45500.556,24535.936
2026-09-30 14:15:00,120.5,120.51,118.63,118.91,130818.421,61651.17
2026-09-30 14:30:00,118.92,119.15,118.47,118.73,77418.802,46723.442
2026-09-30 14:45:00,118.74,119.16,118.64,118.82,50452.864,26301.636
2026-09-30 15:00:00,118.82,119.21,118.72,118.86,33447.339,18504.999
2026-09-30 15:15:00,118.86,118.97,118.02,118.63,39430.912,22176.838
2026-09-30 15:30:00,118.64,119.31,118.6,119.06,26131.005,16450.757
2026-09-30 15:45:00,119.06,119.55,118.97,119.32,20342.948,12427.558
2026-09-30 16:00:00,119.33,119.77,119.22,119.72,21528.991,9647.096
2026-09-30 16:15:00,119.73,119.97,119.61,119.66,25334.97,12089.94
2026-09-30 16:30:00,119.67,120.19,119.52,120.16,18227.922,10958.531
2026-09-30 16:45:00,120.16,120.45,120.01,120.34,30030.266,19517.956
2026-09-30 17:00:00,120.34,120.59,120.17,120.29,29627.354,14257.76
2026-09-30 17:15:00,120.28,120.28,119.4,119.8,37517.319,18209.065
2026-09-30 17:30:00,119.79,119.79,118.88,119.02,29355.634,14099.867
2026-09-30 17:45:00,119.02,119.53,118.97,119.18,13790.806,9513.535
2026-09-30 18:00:00,119.17,119.35,118.77,118.9,25324.299,14062.784
2026-09-30 18:15:00,118.9,119,118.63,118.79,18228.466,10584.401
2026-09-30 18:30:00,118.8,118.98,118.4,118.43,25148.42,15870.42
2026-09-30 18:45:00,118.44,118.81,118.26,118.72,18495.265,10485.386
2026-09-30 19:00:00,118.71,118.79,118.06,118.24,32830.806,17926.602
2026-09-30 19:15:00,118.24,118.24,117.4,117.85,72336.756,30824.08
2026-09-30 19:30:00,117.85,118.25,117.82,117.93,26281.879,12578.202
2026-09-30 19:45:00,117.92,117.93,117.06,117.24,64810.525,20950.099
2026-09-30 20:00:00,117.23,117.67,117.2,117.61,37025.505,20601.129
2026-09-30 20:15:00,117.62,118.15,117.59,118.04,17868.508,9903.255
2026-09-30 20:30:00,118.04,118.27,117.88,118.11,31766.449,20096.824
2026-09-30 20:45:00,118.11,118.18,117.81,118.05,15165.231,6208.123
2026-09-30 21:00:00,118.06,118.3,118.02,118.08,16749.535,6342.548
2026-09-30 21:15:00,118.08,118.19,117.87,118.05,14906.913,4773.569
2026-09-30 21:30:00,118.04,118.17,117.95,118.08,12943.33,4617.981
2026-09-30 21:45:00,118.08,118.09,117.83,118.04,19115.615,5773.335
2026-09-30 22:00:00,118.05,118.09,117.64,117.94,21529.497,7222.662
2026-09-30 22:15:00,117.94,118.33,117.94,118.33,11994.179,5267.055
2026-09-30 22:30:00,118.32,118.54,118.25,118.5,16077.904,7369.446
2026-09-30 22:45:00,118.5,118.5,118.15,118.15,22953.366,11698.492
2026-09-30 23:00:00,118.15,118.57,118.15,118.26,19862.679,10951.56
2026-09-30 23:15:00,118.27,118.52,118.16,118.19,17134.627,6923.355
2026-09-30 23:30:00,118.18,118.33,118,118.21,12588.418,6763.404
2026-09-30 23:45:00,118.21,118.22,118.04,118.12,11352.848,4443.93
2026-10-01 00:00:00,118.12,118.16,117.92,118.03,16079.11,4844.71
2026-10-01 00:15:00,118.02,118.25,117.9,118.11,16605.32,6839.122
2026-10-01 00:30:00,118.11,118.16,117.91,118.13,13553.079,5168.56
2026-10-01 00:45:00,118.14,118.18,117.96,118,10572.564,3778.568
2026-10-01 01:00:00,117.99,118.15,117.97,118.06,17540.503,7517.028
2026-10-01 01:15:00,118.05,118.49,117.97,118.41,20858.205,10790.407
2026-10-01 01:30:00,118.4,118.4,118,118.25,11891.494,5267.065
2026-10-01 01:45:00,118.26,118.37,118.11,118.12,9483.811,5115.779
2026-10-01 02:00:00,118.12,118.4,118.06,118.23,9240.208,3769.786
2026-10-01 02:15:00,118.24,118.26,117.77,118.12,13366.134,6075.185
2026-10-01 02:30:00,118.11,118.3,117.96,118.02,11879.404,5391.333
2026-10-01 02:45:00,118.01,118.27,117.92,118.2,10483.576,4164.063
2026-10-01 03:00:00,118.2,118.34,117.97,118.07,12601.863,4039.503
2026-10-01 03:15:00,118.07,118.2,117.96,118.09,10726.421,3447.627
2026-10-01 03:30:00,118.08,118.47,117.95,118.4,14337.848,6346.881
2026-10-01 03:45:00,118.4,118.73,118.23,118.7,22340.251,12218.705
2026-10-01 04:00:00,118.7,118.82,118.58,118.64,18872.18,6100.669
2026-10-01 04:15:00,118.65,118.67,118.36,118.55,13667.023,5095.692
2026-10-01 04:30:00,118.54,118.74,118.45,118.74,14868.38,6778.788
2026-10-01 04:45:00,118.73,119.42,118.69,119.12,31814.518,22371.817
2026-10-01 05:00:00,119.11,119.32,118.96,119.22,13935.516,8468.251
2026-10-01 05:15:00,119.22,119.34,119.12,119.23,8745.947,3654.119
2026-10-01 05:30:00,119.23,119.54,119.22,119.33,17203.632,10306.441
2026-10-01 05:45:00,119.33,119.57,119.28,119.42,15745.848,10005.694
2026-10-01 06:00:00,119.42,119.62,119.33,119.52,14587.002,9856.981
2026-10-01 06:15:00,119.51,119.62,119.37,119.59,11683.975,5808.942
2026-10-01 06:30:00,119.58,119.63,119.06,119.19,17095.642,6743.685
2026-10-01 06:45:00,119.19,119.38,119.12,119.24,11323.158,6731.591
2026-10-01 07:00:00,119.25,119.41,119.01,119.02,15553.822,5878.702
2026-10-01 07:15:00,119.02,119.1,117.3,117.59,56705.827,16535.71
2026-10-01 07:30:00,117.59,118.21,117.42,117.6,36898.991,18273.168
2026-10-01 07:45:00,117.6,117.84,117.42,117.49,29060.017,13935.734
2026-10-01 08:00:00,117.5,117.65,117.29,117.4,29624.45,15943.015
2026-10-01 08:15:00,117.4,117.78,117.34,117.66,18632.478,9628.382
2026-10-01 08:30:00,117.66,117.88,117.26,117.75,26385.102,13472.794
2026-10-01 08:45:00,117.75,117.97,117.6,117.91,15981.819,7357.014
2026-10-01 09:00:00,117.92,118.03,117.82,117.86,21806.241,13604.787
2026-10-01 09:15:00,117.86,118.07,117.76,117.96,14810.688,6984.707
2026-10-01 09:30:00,117.97,118.25,117.95,118.06,13514.171,4891.584
2026-10-01 09:45:00,118.06,118.07,117.58,117.7,16871.71,5869.68
2026-10-01 10:00:00,117.7,117.76,117.03,117.54,30612.326,9314.101
2026-10-01 10:15:00,117.53,117.57,117.14,117.32,27508.087,12984.326
2026-10-01 10:30:00,117.33,117.87,117.32,117.86,13494.282,6316.163
2026-10-01 10:45:00,117.87,118.23,117.83,118.01,21651.326,9034.384
2026-10-01 11:00:00,118.02,118.02,117.65,117.83,17840.29,7966.957
2026-10-01 11:15:00,117.82,117.82,117.62,117.77,10591.776,4596.819
2026-10-01 11:30:00,117.78,117.99,117.52,117.95,15928.107,8912.649
2026-10-01 11:45:00,117.95,118.16,117.91,117.96,17742.25,8531.104
2026-10-01 12:00:00,117.97,118.06,117.8,117.81,15866.166,6088.205
2026-10-01 12:15:00,117.82,117.87,117.64,117.71,29557.071,10664.092
2026-10-01 12:30:00,117.71,118.01,117.6,117.63,21833.477,7501.299
2026-10-01 12:45:00,117.62,117.73,117.19,117.36,27637.199,8458.073
2026-10-01 13:00:00,117.37,117.38,116.73,116.89,53673.579,20799.698
2026-10-01 13:15:00,116.9,117.22,116.73,117.01,26252.12,11938.108
2026-10-01 13:30:00,117.01,117.91,117.01,117.89,54529.56,35221.12
2026-10-01 13:45:00,117.89,118.12,117.65,117.97,39434.663,19976.521
2026-10-01 14:00:00,117.96,118.08,117.32,117.65,50716.835,25579.587
2026-10-01 14:15:00,117.64,118.09,117.55,117.88,35829.545,20915.277
2026-10-01 14:30:00,117.87,118.23,117.59,117.66,28866.869,15829.846
2026-10-01 14:45:00,117.67,117.78,116.91,117.38,44051.007,11222.067
2026-10-01 15:00:00,117.39,117.65,116.76,117.47,39626.05,16785.678
2026-10-01 15:15:00,117.48,117.91,117.4,117.45,24975.572,10509.991
2026-10-01 15:30:00,117.46,117.46,116.94,117.07,40672.781,13546.587
2026-10-01 15:45:00,117.06,117.6,117.06,117.38,24010.995,11425.284
2026-10-01 16:00:00,117.38,117.7,117.27,117.49,18310.241,8521.057
2026-10-01 16:15:00,117.5,117.65,117.26,117.48,23981.053,11848.278
2026-10-01 16:30:00,117.49,118.03,117.12,117.31,44492.505,26189.579
2026-10-01 16:45:00,117.32,117.54,116.91,117.14,29976.548,10621.786
2026-10-01 17:00:00,117.14,117.78,117.14,117.73,18552.113,10556.109
2026-10-01 17:15:00,117.74,118.7,117.74,118.69,52994.371,35698.928
2026-10-01 17:30:00,118.68,119.16,118.26,118.93,84205.154,39961.338
2026-10-01 17:45:00,118.94,119.02,118.14,118.36,43227.316,21191.439
2026-10-01 18:00:00,118.36,118.65,118.11,118.49,30407.157,13711.1
2026-10-01 18:15:00,118.48,118.64,118.35,118.36,13350.722,5032.693
2026-10-01 18:30:00,118.36,119.1,118.32,118.68,28971.708,17324.868
2026-10-01 18:45:00,118.69,118.71,118.14,118.39,11555.353,3727.842
2026-10-01 19:00:00,118.39,118.65,118.23,118.47,16685.396,11389.913
2026-10-01 19:15:00,118.48,118.56,117.58,117.63,28196.575,9508.742
2026-10-01 19:30:00,117.64,118.07,117.56,118.03,29449.845,14524.565
2026-10-01 19:45:00,118.03,118.37,117.94,118.31,27604.949,19047.89
2026-10-01 20:00:00,118.3,118.58,118.29,118.41,18762.376,13957.372
2026-10-01 20:15:00,118.41,118.5,118.23,118.25,14061.683,4894.132
2026-10-01 20:30:00,118.25,118.29,117.9,118.04,7986.755,3894.387
2026-10-01 20:45:00,118.03,118.27,117.9,118.14,8754.516,5332.769
2026-10-01 21:00:00,118.14,118.18,117.9,117.91,7574.005,5377.231
2026-10-01 21:15:00,117.91,118.18,117.8,117.81,13148.148,8068.375
2026-10-01 21:30:00,117.81,117.82,117.41,117.43,25989.772,13231.165
2026-10-01 21:45:00,117.43,117.73,117.42,117.66,22094.049,12214.778
2026-10-01 22:00:00,117.66,118.23,117.62,118.04,28771.177,18078.926
2026-10-01 22:15:00,118.03,118.2,117.97,118.16,14751.128,8708.181
2026-10-01 22:30:00,118.16,118.33,118.08,118.14,12723.408,7556.644
2026-10-01 22:45:00,118.15,118.34,117.87,118.32,10862.78,6557.081
2026-10-01 23:00:00,118.32,118.35,118.13,118.29,11297.395,6175.014
2026-10-01 23:15:00,118.29,118.44,118.19,118.39,10677.441,6513.719
2026-10-01 23:30:00,118.39,118.47,118.32,118.39,7245.484,3878.508
2026-10-01 23:45:00,118.39,118.49,118.28,118.41,8289.241,2360.236
2026-10-02 00:00:00,118.41,118.56,118.28,118.45,10039.256,4662.598
2026-10-02 00:15:00,118.45,118.84,118.42,118.73,10974.438,6859.438
2026-10-02 00:30:00,118.73,119.1,118.48,118.98,22199.502,15359.359
2026-10-02 00:45:00,118.98,119.14,118.77,118.9,19632.37,11647.183
2026-10-02 01:00:00,118.89,118.89,118.74,118.78,7578.118,2627.276
2026-10-02 01:15:00,118.78,118.96,118.37,118.78,14029.163,4635.934
2026-10-02 01:30:00,118.78,118.87,118.58,118.64,6725.009,2873.053
2026-10-02 01:45:00,118.63,119.79,118.63,119.51,38130.154,27193.601
2026-10-02 02:00:00,119.51,120.4,119.37,119.96,53066.899,35235.788
2026-10-02 02:15:00,119.97,119.97,119.55,119.73,19457.341,7730.398
2026-10-02 02:30:00,119.73,119.81,119.5,119.69,13261.601,6189.123
2026-10-02 02:45:00,119.69,120.25,119.69,120.07,27924.159,19486.755
2026-10-02 03:00:00,120.08,120.49,119.91,120.06,35180.856,17879.27
2026-10-02 03:15:00,120.06,120.15,119.93,120.01,29326.615,20472.249
2026-10-02 03:30:00,120.02,120.33,119.99,120.32,23749.354,12924.437
2026-10-02 03:45:00,120.33,121.29,120.23,121.24,81390.368,54253.533
2026-10-02 04:00:00,121.24,121.47,120.69,120.71,43896.574,22431.329
2026-10-02 04:15:00,120.71,122.36,120.7,122.3,149847.348,89878.536
2026-10-02 04:30:00,122.29,122.62,121.91,122.5,80896.198,45775.659
2026-10-02 04:45:00,122.5,123.7,122.3,123.49,178069.522,100473.713
2026-10-02 05:00:00,123.49,123.76,123.1,123.36,89679.87,39872.376
2026-10-02 05:15:00,123.37,123.43,122.55,122.66,52687.317,23819.853
2026-10-02 05:30:00,122.67,122.93,121.68,122.15,76602.911,29598.143
2026-10-02 05:45:00,122.15,122.21,121.85,121.9,24741.428,11881.426
2026-10-02 06:00:00,121.9,122.1,121.49,121.64,49220.632,27316.968
2026-10-02 06:15:00,121.65,122,121.54,121.93,40057.024,25831.992
2026-10-02 06:30:00,121.92,122.1,121.67,121.91,20104.067,10387.971
2026-10-02 06:45:00,121.9,122.11,121.68,121.76,18475.735,9066.222
2026-10-02 07:00:00,121.76,121.8,121.36,121.52,17779.635,8821.26
2026-10-02 07:15:00,121.52,121.53,121.14,121.25,24716.164,12227.329
2026-10-02 07:30:00,121.24,121.26,121.04,121.11,22410.689,11330.198
2026-10-02 07:45:00,121.11,121.88,121.11,121.72,21059.926,13481.37
2026-10-02 08:00:00,121.72,122.14,121.7,122.01,25811.48,16023.034
2026-10-02 08:15:00,122.02,122.99,122.01,122.33,53892.788,27930.695
2026-10-02 08:30:00,122.32,122.65,122.21,122.25,29006.291,13325.985
2026-10-02 08:45:00,122.24,122.24,122,122.05,18143.541,7925.705
2026-10-02 09:00:00,122.05,122.09,121.58,122.04,15434.892,6539.545
2026-10-02 09:15:00,122.04,122.16,121.66,121.83,20676.063,9170.797
2026-10-02 09:30:00,121.82,122.07,121.68,121.88,18398.338,11253.937
2026-10-02 09:45:00,121.88,121.97,121.68,121.77,17098.407,10004.522
2026-10-02 10:00:00,121.78,121.9,121.61,121.61,12716.251,4683.059
2026-10-02 10:15:00,121.61,121.84,121.35,121.79,15728.412,6074.802
2026-10-02 10:30:00,121.79,122.21,121.69,122.08,14476.271,7621.361
2026-10-02 10:45:00,122.09,122.1,121.7,121.92,19047.313,8812.302
2026-10-02 11:00:00,121.92,122.47,121.84,122.24,15599.059,9632.406
2026-10-02 11:15:00,122.24,122.32,122.04,122.06,11940.238,6575.588
2026-10-02 11:30:00,122.07,122.25,121.94,122.08,28480.851,13584.805
2026-10-02 11:45:00,122.09,122.15,121.81,121.82,21122.758,11083.011
2026-10-02 12:00:00,121.82,121.97,121.62,121.77,16625.961,8818.104
2026-10-02 12:15:00,121.77,122.25,121.75,122.12,27124.852,15045.416
2026-10-02 12:30:00,122.12,123.21,121.61,121.77,128973.833,67892.096
2026-10-02 12:45:00,121.77,122.63,121.74,122.56,28823.663,14484.506
2026-10-02 13:00:00,122.56,122.97,122.36,122.38,30085.652,14036.311
2026-10-02 13:15:00,122.39,122.62,122.28,122.3,16764.505,8697.361
2026-10-02 13:30:00,122.31,123.37,122.23,122.92,49300.44,25426.034
2026-10-02 13:45:00,122.92,123.07,121.9,122.06,53294.727,19607.304
2026-10-02 14:00:00,122.07,122.44,121.72,121.82,39210.105,21704.493
2026-10-02 14:15:00,121.82,122.33,121.63,121.69,35885.058,20624.068
2026-10-02 14:30:00,121.69,121.73,121.05,121.42,72977.116,30843.396
2026-10-02 14:45:00,121.42,121.6,120.09,120.64,48011.341,16327.613
2026-10-02 15:00:00,120.65,120.75,119.67,120.22,71860.579,27295.163
2026-10-02 15:15:00,120.21,120.34,119.69,120.09,34768.682,15521.619
2026-10-02 15:30:00,120.08,120.2,119.72,119.9,39370.631,24664.846
2026-10-02 15:45:00,119.91,120.26,119.73,119.98,23406.769,11802.232
2026-10-02 16:00:00,119.98,120.27,119.77,120.04,26651.111,12197.068
2026-10-02 16:15:00,120.04,120.44,119.91,119.95,30471.612,16516.46
2026-10-02 16:30:00,119.95,120.02,119.47,119.82,32546.127,14908.856
2026-10-02 16:45:00,119.81,120.15,119.77,119.96,30267.157,14127.371
2026-10-02 17:00:00,119.96,120.17,119.65,119.7,19893.862,9101.357
2026-10-02 17:15:00,119.71,120,119.45,119.67,39075.397,21652.895
2026-10-02 17:30:00,119.68,119.84,119.22,119.37,31952.345,16712.146
2026-10-02 17:45:00,119.37,119.8,119.25,119.69,15751.323,8424.42
2026-10-02 18:00:00,119.68,119.87,119.57,119.75,13605.953,5850.435
2026-10-02 18:15:00,119.75,119.75,118.82,118.99,28206.512,8153.908
2026-10-02 18:30:00,119,119.01,117.11,117.65,135869.354,42421.936
2026-10-02 18:45:00,117.65,118.19,117.24,118.14,64195.735,28774.855
2026-10-02 19:00:00,118.14,118.51,117.76,117.87,63159.51,32490.071
2026-10-02 19:15:00,117.87,118,117.45,117.91,33401.492,17503.523
2026-10-02 19:30:00,117.91,118.15,117.84,118.09,18964.368,11667.209
2026-10-02 19:45:00,118.09,118.17,117.84,118,27246.203,13869.887
2026-10-02 20:00:00,118,118.17,117.9,118.1,15326.19,8643.841
2026-10-02 20:15:00,118.09,118.29,117.95,118.04,13651.643,8375.613
2026-10-02 20:30:00,118.04,118.26,117.74,117.76,20207.021,9413.088
2026-10-02 20:45:00,117.75,118.06,117.7,117.77,18218.379,10768.191
2026-10-02 21:00:00,117.77,118.14,117.74,118.06,12198.998,6162.126
2026-10-02 21:15:00,118.06,118.11,117.7,117.73,16364.156,6288.55
2026-10-02 21:30:00,117.72,118.13,117.72,118.1,15172.858,11057.03
2026-10-02 21:45:00,118.11,118.25,118.04,118.22,11774.17,9252.088
2026-10-02 22:00:00,118.22,118.27,118.04,118.09,14487.139,6900.042
2026-10-02 22:15:00,118.1,118.29,118.01,118.29,14418.301,7370.81
2026-10-02 22:30:00,118.29,118.47,118.29,118.44,11618.847,5669.71
2026-10-02 22:45:00,118.45,118.59,118.45,118.52,14676.821,6006.1
2026-10-02 23:00:00,118.52,118.53,118.31,118.4,12803.467,5204.691
2026-10-02 23:15:00,118.41,118.61,118.4,118.51,6933.438,4226.243
2026-10-02 23:30:00,118.51,118.76,118.49,118.7,13532.283,9548.607
2026-10-02 23:45:00,118.7,118.74,118.58,118.65,13156.656,6877.244
2026-10-03 00:00:00,118.65,118.77,118.52,118.74,18036.758,9712.256
2026-10-03 00:15:00,118.74,119.05,118.67,119.01,12777.615,6344.978
2026-10-03 00:30:00,119.01,119.26,119.01,119.11,15053.77,8078.156
2026-10-03 00:45:00,119.12,119.16,118.96,119.03,8958.938,4210.578
2026-10-03 01:00:00,119.03,119.33,118.84,119.32,11493.057,6754.116
2026-10-03 01:15:00,119.32,119.71,119.16,119.34,25311.521,16841.199
2026-10-03 01:30:00,119.35,119.48,119.24,119.34,10843.766,5581.412
2026-10-03 01:45:00,119.34,119.36,119.09,119.1,11785.861,6770.604
2026-10-03 02:00:00,119.1,119.22,119,119.22,6260.952,3699.073
2026-10-03 02:15:00,119.22,119.29,119.1,119.11,4287.115,1847.105
2026-10-03 02:30:00,119.11,119.24,119.1,119.16,5871.239,3614.177
2026-10-03 02:45:00,119.15,119.15,118.86,118.9,13490.672,3509.936
2026-10-03 03:00:00,118.9,119.07,118.82,118.92,8016.43,4245.365
2026-10-03 03:15:00,118.93,119.18,118.92,119.08,5998.238,3434.567
2026-10-03 03:30:00,119.08,119.29,119.06,119.28,2774.272,1282.066
2026-10-03 03:45:00,119.27,119.4,119.25,119.4,7006.638,4885.663
2026-10-03 04:00:00,119.39,119.53,119.22,119.28,12252.408,7481.773
2026-10-03 04:15:00,119.29,119.29,119,119,5997.626,1453.038
2026-10-03 04:30:00,119,119.12,118.94,119.1,5493.556,2634.685
2026-10-03 04:45:00,119.1,119.33,119.1,119.18,2931.42,1554.443
2026-10-03 05:00:00,119.19,119.32,119.08,119.28,4638.179,2152.394
2026-10-03 05:15:00,119.27,119.59,119.27,119.56,9781.359,4722.738
2026-10-03 05:30:00,119.56,119.71,119.45,119.5,8857.608,4172.665
2026-10-03 05:45:00,119.51,119.67,119.47,119.63,9029.762,4380.863
2026-10-03 06:00:00,119.64,119.76,119.46,119.46,9225.438,4270.973
2026-10-03 06:15:00,119.46,119.73,119.46,119.67,6682.097,2810.656
2026-10-03 06:30:00,119.67,119.84,119.48,119.56,12494.438,5650.106
2026-10-03 06:45:00,119.55,119.62,119.4,119.45,9786.321,3850.136
2026-10-03 07:00:00,119.46,119.57,119.31,119.5,7748.157,3868.777
2026-10-03 07:15:00,119.49,119.55,119.3,119.32,4867.5,1768.781
2026-10-03 07:30:00,119.31,119.37,119.17,119.2,5944.285,3333.371
2026-10-03 07:45:00,119.19,119.48,119.18,119.34,8562.828,5236.586
2026-10-03 08:00:00,119.34,119.43,119.22,119.42,5451.394,2298.242
2026-10-03 08:15:00,119.42,119.44,119.16,119.21,7180.655,3001.417
2026-10-03 08:30:00,119.22,119.22,119.05,119.22,5174.875,2259.748
2026-10-03 08:45:00,119.22,119.34,119.21,119.24,7598.238,3312.613
2026-10-03 09:00:00,119.25,119.49,119.25,119.39,8350.422,5734.411
2026-10-03 09:15:00,119.38,119.43,119.22,119.23,10514.36,3320.616
2026-10-03 09:30:00,119.23,119.37,119.2,119.35,5616.457,3240.871
2026-10-03 09:45:00,119.34,119.37,119.28,119.34,5246.687,1090.88
2026-10-03 10:00:00,119.34,119.4,119.26,119.39,5632.34,1407.099
2026-10-03 10:15:00,119.39,119.54,119.34,119.51,4379.562,2648.088
2026-10-03 10:30:00,119.5,119.51,119.39,119.47,6249.389,4164.233
2026-10-03 10:45:00,119.47,119.65,119.43,119.5,7193.307,5243.557
2026-10-03 11:00:00,119.49,119.5,119.28,119.29,7896.095,2928.94
2026-10-03 11:15:00,119.28,119.4,119.24,119.33,7718.379,4820.795
2026-10-03 11:30:00,119.34,119.47,119.29,119.35,5098.737,1389.747
2026-10-03 11:45:00,119.36,119.47,119.31,119.31,5887.757,2611.506
2026-10-03 12:00:00,119.32,119.49,119.31,119.45,5856.783,3161.89
2026-10-03 12:15:00,119.45,119.75,119.34,119.46,18854.812,10417.794
2026-10-03 12:30:00,119.45,119.48,119.25,119.32,12777.998,5877.209
2026-10-03 12:45:00,119.32,119.58,119.31,119.48,4139.181,2702.998
2026-10-03 13:00:00,119.48,119.6,119.45,119.51,7728.093,4305.905
2026-10-03 13:15:00,119.51,119.52,119.33,119.45,7408.493,2113.193
2026-10-03 13:30:00,119.46,119.6,119.35,119.38,12024.875,4365.525
2026-10-03 13:45:00,119.37,119.48,119.37,119.43,5920.28,2057.145
2026-10-03 14:00:00,119.44,119.44,119.16,119.17,5692.255,1295.376
2026-10-03 14:15:00,119.16,119.5,119.16,119.48,8705.697,4203.631
2026-10-03 14:30:00,119.49,119.51,119.33,119.5,8532.093,4348.569
2026-10-03 14:45:00,119.5,119.86,119.5,119.78,22137.601,10111.529
2026-10-03 15:00:00,119.78,119.79,119.55,119.68,17303.852,6760.57
2026-10-03 15:15:00,119.68,119.68,119.51,119.53,11151.214,2314.817
2026-10-03 15:30:00,119.53,119.63,119.46,119.59,8708.967,2767.109
2026-10-03 15:45:00,119.59,119.78,119.59,119.71,9000.085,3179.625
2026-10-03 16:00:00,119.71,119.72,119.55,119.6,13503.828,5583.409
2026-10-03 16:15:00,119.59,119.65,119.54,119.61,8666.969,2758.345
2026-10-03 16:30:00,119.6,119.83,119.59,119.8,12333.719,7051.518
2026-10-03 16:45:00,119.8,119.84,119.63,119.71,10794.324,4110.668
2026-10-03 17:00:00,119.72,119.9,119.68,119.82,16764.972,5257.921
2026-10-03 17:15:00,119.82,119.97,119.73,119.74,10312.284,4556.874
2026-10-03 17:30:00,119.74,120.09,119.66,120.02,13162.379,8049.062
2026-10-03 17:45:00,120.02,120.04,119.88,119.98,12768.919,5915.695
2026-10-03 18:00:00,119.99,120.04,119.79,119.92,12901.447,6242.475
2026-10-03 18:15:00,119.92,119.99,119.77,119.87,12046.771,4682.964
2026-10-03 18:30:00,119.87,119.96,119.74,119.95,7623.51,3508.574
2026-10-03 18:45:00,119.96,119.98,119.82,119.97,6948.155,3913.246
2026-10-03 19:00:00,119.97,119.97,119.73,119.8,4050.173,1481.571
2026-10-03 19:15:00,119.79,119.93,119.77,119.77,6352.081,2110.423
2026-10-03 19:30:00,119.78,119.81,119.64,119.66,12984.398,3954.987
2026-10-03 19:45:00,119.67,119.8,119.62,119.78,7808.404,3815.948
2026-10-03 20:00:00,119.79,120,119.78,119.93,6228.932,3733.435
2026-10-03 20:15:00,119.92,120.07,119.9,120.05,14020.151,7852.045
2026-10-03 20:30:00,120.06,120.07,119.87,119.94,8057.905,3541.551
2026-10-03 20:45:00,119.93,119.98,119.71,119.81,10581.317,3382.817
2026-10-03 21:00:00,119.82,119.92,119.52,119.7,11352.385,3787.531
2026-10-03 21:15:00,119.71,119.77,119.59,119.62,5195.784,2695.82
2026-10-03 21:30:00,119.62,119.67,119.58,119.62,5934.849,2704.457
2026-10-03 21:45:00,119.62,119.73,119.57,119.63,16511.534,5468.015
2026-10-03 22:00:00,119.63,119.87,119.49,119.85,26352.657,13486.31
2026-10-03 22:15:00,119.84,119.87,119.7,119.83,5133.998,1682.246
2026-10-03 22:30:00,119.83,119.91,119.8,119.85,5676.363,3647.404
2026-10-03 22:45:00,119.85,119.85,119.8,119.83,1119.134,131.039
