t,o,h,l,c,v,taker_buy_v
2026-09-13 22:45:00,0.6994,0.7019,0.6989,0.7002,803152.4,366923.2
2026-09-13 23:00:00,0.7002,0.703,0.6996,0.7004,852189.2,426485.5
2026-09-13 23:15:00,0.7004,0.7035,0.6977,0.7011,973813.1,502491.5
2026-09-13 23:30:00,0.7011,0.7037,0.7007,0.7022,1123569,568966.2
2026-09-13 23:45:00,0.7023,0.7033,0.7005,0.7018,281539.2,176555.4
2026-09-14 00:00:00,0.7017,0.707,0.701,0.7033,679835,340499.6
2026-09-14 00:15:00,0.7033,0.7039,0.6926,0.6956,1714722.6,682491.7
2026-09-14 00:30:00,0.6957,0.7034,0.6951,0.7034,814603.2,447846.1
2026-09-14 00:45:00,0.7035,0.705,0.7028,0.7036,387048.9,210199.7
2026-09-14 01:00:00,0.7036,0.706,0.7021,0.703,448867.3,222320.9
2026-09-14 01:15:00,0.7029,0.705,0.7004,0.704,362711.5,174127
2026-09-14 01:30:00,0.7039,0.7051,0.699,0.7015,492438.1,205232
2026-09-14 01:45:00,0.7015,0.7092,0.7011,0.7085,671411.5,266596.4
2026-09-14 02:00:00,0.7085,0.7131,0.7065,0.7129,803206,422813.2
2026-09-14 02:15:00,0.713,0.7175,0.7114,0.7151,877227.4,515955
2026-09-14 02:30:00,0.7151,0.7169,0.7121,0.7128,326636,170090.9
2026-09-14 02:45:00,0.7128,0.7162,0.7128,0.7142,620105.3,380929.8
2026-09-14 03:00:00,0.7143,0.7178,0.7136,0.7175,367490.7,182302.4
2026-09-14 03:15:00,0.7175,0.7189,0.7158,0.7177,911750.2,496059.9
2026-09-14 03:30:00,0.7177,0.718,0.7144,0.7152,590681.1,323809.9
2026-09-14 03:45:00,0.7152,0.7172,0.714,0.7168,384572.3,252666.4
2026-09-14 04:00:00,0.7167,0.7185,0.7155,0.717,430314.6,195851.1
2026-09-14 04:15:00,0.717,0.7204,0.7167,0.7171,384310.2,222287.9
2026-09-14 04:30:00,0.7171,0.7184,0.7161,0.7181,300445.7,204233.3
2026-09-14 04:45:00,0.7181,0.7194,0.717,0.7184,216742,83023
2026-09-14 05:00:00,0.7183,0.7187,0.717,0.7179,350518.8,119398.7
2026-09-14 05:15:00,0.7179,0.7181,0.7165,0.7165,210159.6,103202.1
2026-09-14 05:30:00,0.7165,0.7182,0.7157,0.7172,266978.4,160816.4
2026-09-14 05:45:00,0.7172,0.7179,0.7151,0.7179,381061,171781.8
2026-09-14 06:00:00,0.718,0.728,0.7178,0.726,4852645.4,2181355.3
2026-09-14 06:15:00,0.726,0.7261,0.7241,0.7241,514220.1,217875.9
2026-09-14 06:30:00,0.7241,0.7276,0.7222,0.7251,887460.3,449416.5
2026-09-14 06:45:00,0.7251,0.7256,0.7235,0.7236,321153,162224.9
2026-09-14 07:00:00,0.7237,0.7255,0.7224,0.724,284227,192662
2026-09-14 07:15:00,0.724,0.7257,0.7226,0.7227,266489.7,148394.8
2026-09-14 07:30:00,0.7226,0.7249,0.721,0.7245,491421.4,283837.1
2026-09-14 07:45:00,0.7245,0.7246,0.7227,0.7246,479002.6,275719.5
2026-09-14 08:00:00,0.7246,0.7288,0.7203,0.7256,1482993.4,963348.2
2026-09-14 08:15:00,0.7255,0.729,0.724,0.7246,1076825.6,669524.4
2026-09-14 08:30:00,0.7245,0.7268,0.7225,0.7249,1031139.1,734480.6
2026-09-14 08:45:00,0.7249,0.7251,0.7233,0.7245,318032.6,197449.9
2026-09-14 09:00:00,0.7245,0.7256,0.7225,0.7235,1203076,484433.4
2026-09-14 09:15:00,0.7235,0.7246,0.7208,0.724,923232.6,491104.4
2026-09-14 09:30:00,0.724,0.7261,0.7232,0.7245,696580.7,401025.3
2026-09-14 09:45:00,0.7244,0.73,0.7244,0.7266,1351587.7,911526.6
2026-09-14 10:00:00,0.7266,0.7279,0.7252,0.7255,609419.5,367428.6
2026-09-14 10:15:00,0.7255,0.7258,0.724,0.7245,400082.5,186627.3
2026-09-14 10:30:00,0.7245,0.7256,0.7229,0.7253,1226301.2,686552.8
2026-09-14 10:45:00,0.7253,0.7266,0.7231,0.7237,659740.9,248328.9
2026-09-14 11:00:00,0.7237,0.725,0.7196,0.7221,2235495.4,1096845.2
2026-09-14 11:15:00,0.7222,0.727,0.7222,0.7262,419665.7,252450.4
2026-09-14 11:30:00,0.7263,0.7277,0.7238,0.7247,868308.9,301510
2026-09-14 11:45:00,0.7248,0.7251,0.7237,0.7245,351437.4,146155.7
2026-09-14 12:00:00,0.7245,0.726,0.7238,0.7256,146666.6,92052.1
2026-09-14 12:15:00,0.7257,0.7267,0.7246,0.726,441878,221624.1
2026-09-14 12:30:00,0.7261,0.7283,0.7218,0.725,914874.2,441151.4
2026-09-14 12:45:00,0.7249,0.7255,0.7201,0.7213,425573.7,175111.2
2026-09-14 13:00:00,0.7213,0.7216,0.7153,0.7191,955125.4,390703.5
2026-09-14 13:15:00,0.7192,0.723,0.7192,0.7203,570656.9,283427.9
2026-09-14 13:30:00,0.7203,0.7257,0.7181,0.7235,921744.7,470443
2026-09-14 13:45:00,0.7237,0.7269,0.7215,0.722,763682,349177.3
2026-09-14 14:00:00,0.722,0.7275,0.7218,0.7262,899542.4,423194.4
2026-09-14 14:15:00,0.7262,0.7265,0.7179,0.7223,922893.4,460749.5
2026-09-14 14:30:00,0.7223,0.7256,0.7193,0.7207,803792.4,341456.5
2026-09-14 14:45:00,0.7208,0.7234,0.7192,0.7203,986927.3,458031.4
2026-09-14 15:00:00,0.7202,0.7218,0.7171,0.7215,1018421,476199.8
2026-09-14 15:15:00,0.7215,0.7242,0.721,0.7217,733762.4,271659
2026-09-14 15:30:00,0.7217,0.7278,0.7216,0.727,1383386.2,697197.2
2026-09-14 15:45:00,0.7271,0.7273,0.7229,0.7247,1023436.3,539095.6
2026-09-14 16:00:00,0.7247,0.7254,0.7234,0.7245,176958.9,97777
2026-09-14 16:15:00,0.7245,0.7328,0.7245,0.7293,2264703.8,1650515.5
2026-09-14 16:30:00,0.7292,0.7304,0.7276,0.7289,655809.4,394887.2
2026-09-14 16:45:00,0.7289,0.7356,0.7288,0.7316,995821.6,363278.5
2026-09-14 17:00:00,0.7317,0.7337,0.7303,0.7331,728520.1,396931.2
2026-09-14 17:15:00,0.7331,0.7341,0.7304,0.7327,1311565.2,795928.6
2026-09-14 17:30:00,0.7328,0.7342,0.7295,0.7336,854316.7,437797.7
2026-09-14 17:45:00,0.7337,0.7372,0.7337,0.7351,1042092.6,514278.5
2026-09-14 18:00:00,0.7351,0.7375,0.7333,0.7356,1831714.2,1138523.7
2026-09-14 18:15:00,0.7355,0.7393,0.7351,0.7378,1030146,517905.7
2026-09-14 18:30:00,0.7379,0.742,0.7377,0.7414,892531.5,505940.7
2026-09-14 18:45:00,0.7414,0.7451,0.7412,0.7429,1609144.5,753460.9
2026-09-14 19:00:00,0.743,0.743,0.7377,0.7382,1109436.5,518379.6
2026-09-14 19:15:00,0.7383,0.7396,0.7381,0.7384,621463.6,298420.4
2026-09-14 19:30:00,0.7383,0.7384,0.7343,0.7374,752718.3,379673.7
2026-09-14 19:45:00,0.7373,0.7374,0.7344,0.7356,544862.2,292258.4
2026-09-14 20:00:00,0.7357,0.7427,0.7354,0.7414,1561368.3,1272964
2026-09-14 20:15:00,0.7414,0.748,0.7414,0.7457,1866930.8,1121365.1
2026-09-14 20:30:00,0.7458,0.7473,0.7437,0.744,1018335.3,501475.8
2026-09-14 20:45:00,0.744,0.7454,0.7409,0.7414,551938.7,286863.9
2026-09-14 21:00:00,0.7415,0.7417,0.7332,0.7339,1967323.2,787639
2026-09-14 21:15:00,0.734,0.7368,0.7332,0.7351,689876.5,362359.5
2026-09-14 21:30:00,0.735,0.7363,0.7292,0.7328,1317775.9,445752.2
2026-09-14 21:45:00,0.7328,0.7333,0.7303,0.7307,238060,98088.2
2026-09-14 22:00:00,0.7308,0.7337,0.7289,0.7326,737870.2,448093.4
2026-09-14 22:15:00,0.7326,0.7326,0.7261,0.7276,593451.2,349363.6
2026-09-14 22:30:00,0.7277,0.729,0.7251,0.7262,582781.5,319714.5
2026-09-14 22:45:00,0.7262,0.7262,0.7242,0.7256,454189.2,229604.5
2026-09-14 23:00:00,0.7257,0.7266,0.7225,0.7235,626485.4,304506.2
2026-09-14 23:15:00,0.7235,0.726,0.723,0.7232,304916.7,173229.2
2026-09-14 23:30:00,0.7232,0.7233,0.7213,0.7224,234247.6,114953.8
2026-09-14 23:45:00,0.7223,0.7225,0.7202,0.7209,324479.8,169685.4
2026-09-15 00:00:00,0.7209,0.7216,0.7192,0.7193,366159.4,150746.4
2026-09-15 00:15:00,0.7193,0.72,0.7172,0.7195,463338.8,246586.4
2026-09-15 00:30:00,0.7195,0.7224,0.7189,0.7197,405247.7,228407.2
2026-09-15 00:45:00,0.7197,0.7204,0.718,0.7192,362690,202697.2
2026-09-15 01:00:00,0.7192,0.7194,0.7167,0.7179,597377.7,413889.3
2026-09-15 01:15:00,0.7179,0.7216,0.7175,0.7182,508795.2,313758.4
2026-09-15 01:30:00,0.7181,0.7213,0.7177,0.7207,422817.6,276025.5
2026-09-15 01:45:00,0.7207,0.7213,0.7187,0.7191,248187.5,123799.6
2026-09-15 02:00:00,0.7191,0.721,0.7183,0.7209,212495.4,145247.8
2026-09-15 02:15:00,0.7209,0.7216,0.7202,0.721,196512,104290.3
2026-09-15 02:30:00,0.7209,0.722,0.7204,0.7211,402774,150860.3
2026-09-15 02:45:00,0.721,0.723,0.7206,0.7213,427197.9,250928.1
2026-09-15 03:00:00,0.7213,0.7213,0.7164,0.7167,502119.2,235896.2
2026-09-15 03:15:00,0.7167,0.7177,0.7151,0.7168,440622.7,226540.8
2026-09-15 03:30:00,0.7168,0.7194,0.7165,0.7184,597821.2,365157.9
2026-09-15 03:45:00,0.7183,0.7183,0.7158,0.7163,250663.1,130143.5
2026-09-15 04:00:00,0.7163,0.718,0.7124,0.7142,702061.8,285366.8
2026-09-15 04:15:00,0.7142,0.7151,0.7126,0.713,512718.3,263465.2
2026-09-15 04:30:00,0.713,0.7145,0.7111,0.7142,571744,294650.8
2026-09-15 04:45:00,0.7142,0.7153,0.7127,0.7128,319831.6,204357.3
2026-09-15 05:00:00,0.7127,0.7132,0.7082,0.7094,694962.5,386186.4
2026-09-15 05:15:00,0.7094,0.7096,0.7057,0.7078,760032.7,369352
2026-09-15 05:30:00,0.7077,0.7084,0.7069,0.7083,344240,179442.5
2026-09-15 05:45:00,0.7083,0.7127,0.7083,0.7118,290435.3,194066.2
2026-09-15 06:00:00,0.7118,0.7131,0.7109,0.7111,267827.3,115524.3
2026-09-15 06:15:00,0.7111,0.7116,0.708,0.7085,348509.1,154757.2
2026-09-15 06:30:00,0.7085,0.7099,0.7079,0.7091,340447.9,242114.3
2026-09-15 06:45:00,0.7091,0.7096,0.7061,0.7084,401043.2,213977
2026-09-15 07:00:00,0.7085,0.7093,0.7059,0.708,1240510.9,665894.9
2026-09-15 07:15:00,0.708,0.7109,0.7077,0.7102,703988.4,244515
2026-09-15 07:30:00,0.7103,0.7106,0.7059,0.7066,704223.4,303683
2026-09-15 07:45:00,0.7065,0.7077,0.7044,0.7051,759326.3,311523.5
2026-09-15 08:00:00,0.7052,0.7053,0.7025,0.7053,712274.4,378661.7
2026-09-15 08:15:00,0.7054,0.7065,0.7039,0.7056,490879.1,232698.4
2026-09-15 08:30:00,0.7056,0.7077,0.7053,0.707,394807.9,231304.5
2026-09-15 08:45:00,0.707,0.7094,0.7069,0.7092,586870.9,368778
2026-09-15 09:00:00,0.7091,0.7093,0.7082,0.7088,232765.2,126139.4
2026-09-15 09:15:00,0.7088,0.7105,0.7083,0.7104,322113.3,180589.2
2026-09-15 09:30:00,0.7103,0.7124,0.71,0.7115,574257.7,214445.7
2026-09-15 09:45:00,0.7115,0.7141,0.7105,0.7109,480221.1,267735.8
2026-09-15 10:00:00,0.7108,0.713,0.7101,0.7109,346724.1,217839.9
2026-09-15 10:15:00,0.7109,0.7116,0.7095,0.7095,182605.8,56894.7
2026-09-15 10:30:00,0.7095,0.7114,0.709,0.7107,366692.1,143029.9
2026-09-15 10:45:00,0.7108,0.7119,0.7104,0.7108,240944.5,129083.8
2026-09-15 11:00:00,0.7109,0.7145,0.7105,0.711,1008145.3,813676.2
2026-09-15 11:15:00,0.711,0.7118,0.7074,0.7079,373156.2,139140.6
2026-09-15 11:30:00,0.7078,0.7079,0.705,0.7063,520740.6,235474
2026-09-15 11:45:00,0.7064,0.7079,0.7053,0.7075,202877,129136.8
2026-09-15 12:00:00,0.7075,0.7104,0.7074,0.71,546769.8,258619.2
2026-09-15 12:15:00,0.71,0.7108,0.709,0.7099,553439.3,285972.1
2026-09-15 12:30:00,0.7098,0.7107,0.708,0.7096,530949.1,273588.8
2026-09-15 12:45:00,0.7096,0.7136,0.709,0.7106,537181.4,292504.1
2026-09-15 13:00:00,0.7107,0.717,0.7107,0.7136,813189.3,504092
2026-09-15 13:15:00,0.7136,0.7141,0.7125,0.7136,351375.8,239009.7
2026-09-15 13:30:00,0.7135,0.7135,0.7033,0.7085,1452989.8,542254.4
2026-09-15 13:45:00,0.7086,0.7107,0.7047,0.7107,770942,311425.3
2026-09-15 14:00:00,0.7108,0.7121,0.7081,0.7091,422094.6,192413.2
2026-09-15 14:15:00,0.7091,0.7103,0.7073,0.7073,486374.8,226735.5
2026-09-15 14:30:00,0.7072,0.7073,0.6961,0.6996,4536052.9,1199019.2
2026-09-15 14:45:00,0.6995,0.7,0.6873,0.6967,4440650.2,2051313
2026-09-15 15:00:00,0.6967,0.7021,0.6953,0.7017,1219822,775729.1
2026-09-15 15:15:00,0.7018,0.7066,0.7004,0.7042,1634953.5,930211.8
2026-09-15 15:30:00,0.704,0.7045,0.7011,0.7024,733428.9,416440
2026-09-15 15:45:00,0.7026,0.7038,0.7005,0.702,835338.9,390021
2026-09-15 16:00:00,0.702,0.7025,0.6977,0.698,447692.3,150613.2
2026-09-15 16:15:00,0.698,0.7045,0.698,0.704,933960.3,424603.7
2026-09-15 16:30:00,0.704,0.7044,0.701,0.7019,417394.9,118629.1
2026-09-15 16:45:00,0.7018,0.7042,0.7013,0.7016,338750,170035.6
2026-09-15 17:00:00,0.7016,0.7025,0.6988,0.7006,404718.9,293007.9
2026-09-15 17:15:00,0.7005,0.7041,0.7,0.7039,127895.2,78102.2
2026-09-15 17:30:00,0.7039,0.712,0.7039,0.7058,1912851.2,708656.8
2026-09-15 17:45:00,0.7057,0.7111,0.7057,0.7101,1309989.5,261950.2
2026-09-15 18:00:00,0.7101,0.711,0.7074,0.7087,947089.6,504935.4
2026-09-15 18:15:00,0.7087,0.7112,0.7029,0.7076,992029.3,456859.1
2026-09-15 18:30:00,0.7075,0.7079,0.6882,0.6893,3722194.1,1521524.3
2026-09-15 18:45:00,0.6893,0.6954,0.673,0.6941,7718494.2,3510134.8
2026-09-15 19:00:00,0.6941,0.6971,0.69,0.6914,1421937.2,743315.3
2026-09-15 19:15:00,0.6915,0.6962,0.6882,0.6887,1431996.6,689115.1
2026-09-15 19:30:00,0.6886,0.691,0.6844,0.6847,1386606,612563.8
2026-09-15 19:45:00,0.6848,0.6921,0.6847,0.6912,582888.6,337867.3
2026-09-15 20:00:00,0.6912,0.6925,0.6853,0.6884,806243.3,415459.2
2026-09-15 20:15:00,0.6885,0.6885,0.6821,0.6822,877333,381148.5
2026-09-15 20:30:00,0.6821,0.6878,0.6812,0.6863,882565.9,406752.2
2026-09-15 20:45:00,0.6864,0.6905,0.6862,0.6889,402755,188448.1
2026-09-15 21:00:00,0.6889,0.689,0.6851,0.6867,474488.7,229577.5
2026-09-15 21:15:00,0.6866,0.6883,0.682,0.6835,714784.7,363516.5
2026-09-15 21:30:00,0.6835,0.6852,0.6814,0.6849,771777.9,315853.8
2026-09-15 21:45:00,0.685,0.6851,0.6767,0.6781,1087865,407689.2
2026-09-15 22:00:00,0.6782,0.6827,0.6777,0.6803,815568.1,447519.9
2026-09-15 22:15:00,0.6803,0.6829,0.6765,0.6815,989150.8,303559.6
2026-09-15 22:30:00,0.6814,0.6851,0.6813,0.6838,637821,273872.7
2026-09-15 22:45:00,0.6837,0.6869,0.6834,0.6855,491742.1,234469.9
2026-09-15 23:00:00,0.6855,0.69,0.6852,0.69,483212.3,355084.8
2026-09-15 23:15:00,0.69,0.6909,0.689,0.6895,502512.4,256659.4
2026-09-15 23:30:00,0.6894,0.6901,0.6857,0.6891,477898.9,223005.3
2026-09-15 23:45:00,0.6891,0.6894,0.6866,0.6869,300948.2,115659.5
2026-09-16 00:00:00,0.6869,0.6892,0.685,0.6858,368366.2,182627.3
2026-09-16 00:15:00,0.6857,0.6899,0.6853,0.6887,810306.1,555439
2026-09-16 00:30:00,0.6887,0.6906,0.6871,0.6877,618522.1,384922.3
2026-09-16 00:45:00,0.6877,0.6889,0.6858,0.6864,630587.9,218773.4
2026-09-16 01:00:00,0.6863,0.6877,0.6837,0.6865,327992.6,134016.4
2026-09-16 01:15:00,0.6865,0.6894,0.6856,0.6875,277670.2,128006.3
2026-09-16 01:30:00,0.6875,0.6877,0.6836,0.685,607230.9,277120.7
2026-09-16 01:45:00,0.685,0.6858,0.6811,0.6816,386215.1,164835.8
2026-09-16 02:00:00,0.6817,0.685,0.6808,0.6833,419323.1,242693.5
2026-09-16 02:15:00,0.6832,0.6872,0.6831,0.6872,355652.1,166186.4
2026-09-16 02:30:00,0.6873,0.6908,0.6871,0.6884,375188.3,244467.6
2026-09-16 02:45:00,0.6884,0.6905,0.6872,0.689,873359,721055.8
2026-09-16 03:00:00,0.6891,0.6915,0.6877,0.6914,547701.9,227852.3
2026-09-16 03:15:00,0.6913,0.6941,0.6903,0.6903,548579,292118.4
2026-09-16 03:30:00,0.6902,0.6915,0.6883,0.6888,344216.1,174516.3
2026-09-16 03:45:00,0.6889,0.6901,0.688,0.69,137793.9,56865.7
2026-09-16 04:00:00,0.69,0.6928,0.6899,0.692,302485.5,96901.6
2026-09-16 04:15:00,0.6919,0.6973,0.6906,0.6934,724816.2,477902.4
2026-09-16 04:30:00,0.6933,0.6958,0.6921,0.6932,516243.7,275478.4
2026-09-16 04:45:00,0.6933,0.6941,0.6911,0.692,415418,288782.5
2026-09-16 05:00:00,0.692,0.6927,0.6885,0.6908,307352.3,146760.3
2026-09-16 05:15:00,0.6907,0.6923,0.6904,0.6911,275793.1,64351.5
2026-09-16 05:30:00,0.691,0.6923,0.6899,0.692,397788.8,188605.4
2026-09-16 05:45:00,0.6921,0.6925,0.6897,0.6917,444727.3,243514.3
2026-09-16 06:00:00,0.6917,0.6932,0.69,0.6907,374685.7,126420.4
2026-09-16 06:15:00,0.6906,0.6918,0.6888,0.6891,166931.4,69992.6
2026-09-16 06:30:00,0.6891,0.6893,0.6859,0.689,401813.4,138761
2026-09-16 06:45:00,0.6889,0.6928,0.6889,0.6926,228401.9,169690.9
2026-09-16 07:00:00,0.6927,0.6958,0.6902,0.6916,647344.4,302942
2026-09-16 07:15:00,0.6917,0.6925,0.6882,0.6889,619791.8,271998.9
2026-09-16 07:30:00,0.6889,0.6892,0.6866,0.6869,745866.9,279933.1
2026-09-16 07:45:00,0.6869,0.687,0.6853,0.6858,476632.6,198400.2
2026-09-16 08:00:00,0.6857,0.686,0.6814,0.6836,898108.5,405054.2
2026-09-16 08:15:00,0.6835,0.6855,0.6821,0.6823,738608.6,400971.9
2026-09-16 08:30:00,0.6823,0.683,0.6819,0.6829,165695.3,107230.5
2026-09-16 08:45:00,0.6828,0.6861,0.6827,0.6859,208513.2,87377.3
2026-09-16 09:00:00,0.6858,0.6883,0.6858,0.6861,513994.1,206753.1
2026-09-16 09:15:00,0.6862,0.6886,0.6856,0.6874,655655,293093.4
2026-09-16 09:30:00,0.6875,0.6893,0.6871,0.6884,114115.5,53956.4
2026-09-16 09:45:00,0.6885,0.6905,0.6878,0.6897,302904.7,163564.1
2026-09-16 10:00:00,0.6897,0.6904,0.6879,0.6883,366257.4,205685
2026-09-16 10:15:00,0.6883,0.6901,0.6879,0.6897,305608.1,199487.8
2026-09-16 10:30:00,0.6898,0.6907,0.6893,0.6905,186853.7,115302.2
2026-09-16 10:45:00,0.6906,0.6908,0.6889,0.6902,152733.4,80498.6
2026-09-16 11:00:00,0.6902,0.6924,0.6889,0.689,225141,122249.9
2026-09-16 11:15:00,0.6891,0.691,0.6884,0.6902,306850.8,130507.2
2026-09-16 11:30:00,0.6903,0.6941,0.6903,0.6934,594530.5,254417.5
2026-09-16 11:45:00,0.6933,0.6938,0.6913,0.6919,560109.8,162900.7
2026-09-16 12:00:00,0.6919,0.6937,0.69,0.6905,610105.5,170705.3
2026-09-16 12:15:00,0.6904,0.6918,0.6882,0.6886,428457.4,228510.4
2026-09-16 12:30:00,0.6887,0.6909,0.6864,0.6883,375002.6,159422.6
2026-09-16 12:45:00,0.6882,0.6904,0.6877,0.6899,257738.3,111096.2
2026-09-16 13:00:00,0.6899,0.69,0.683,0.6864,1363077.5,356552.2
2026-09-16 13:15:00,0.6864,0.6887,0.6846,0.6868,799469.6,376474.9
2026-09-16 13:30:00,0.6869,0.6905,0.6859,0.6903,1350209.9,588691.5
2026-09-16 13:45:00,0.6902,0.6937,0.6894,0.6898,605520.2,318161.2
2026-09-16 14:00:00,0.6898,0.6901,0.6838,0.6863,568722.9,295973.9
2026-09-16 14:15:00,0.6863,0.6887,0.6853,0.6886,818962.3,469797.7
2026-09-16 14:30:00,0.6886,0.6886,0.6847,0.6873,997417.1,498964.5
2026-09-16 14:45:00,0.6872,0.6873,0.6832,0.6854,676259.2,347374.7
2026-09-16 15:00:00,0.6855,0.689,0.685,0.6881,305323.2,161382
2026-09-16 15:15:00,0.688,0.688,0.6839,0.6839,300493.3,129702.1
2026-09-16 15:30:00,0.684,0.6863,0.6821,0.6847,216866.5,113136.1
2026-09-16 15:45:00,0.6846,0.6891,0.6831,0.6839,841634,463304.8
2026-09-16 16:00:00,0.684,0.6865,0.6828,0.6864,563960.6,254793.4
2026-09-16 16:15:00,0.6865,0.6888,0.6858,0.6877,344132.2,150686.5
2026-09-16 16:30:00,0.6878,0.6884,0.6838,0.684,1010691,382919
2026-09-16 16:45:00,0.6839,0.6883,0.6839,0.6872,261053.5,119409.6
2026-09-16 17:00:00,0.6872,0.6877,0.684,0.6864,422613.1,249105.5
2026-09-16 17:15:00,0.6864,0.6877,0.6833,0.6855,652695.7,298960.5
2026-09-16 17:30:00,0.6855,0.6858,0.6794,0.6803,881202.4,346957.3
2026-09-16 17:45:00,0.6803,0.6892,0.678,0.6859,1399068.5,614581.3
2026-09-16 18:00:00,0.6859,0.7042,0.681,0.6945,4197474.2,2135251.4
2026-09-16 18:15:00,0.6943,0.6986,0.6912,0.698,1249284.5,593091
2026-09-16 18:30:00,0.6981,0.7026,0.6825,0.6982,2790666.1,1423771.4
2026-09-16 18:45:00,0.6982,0.7002,0.6916,0.6947,1022858.3,479012.2
2026-09-16 19:00:00,0.6948,0.7048,0.6947,0.7017,1054043.2,538035.1
2026-09-16 19:15:00,0.7018,0.7029,0.6916,0.696,1000689.4,453477.2
2026-09-16 19:30:00,0.6959,0.7027,0.6953,0.7025,899922.6,541712
2026-09-16 19:45:00,0.7024,0.7082,0.7022,0.7079,1538986.2,1065213.1
2026-09-16 20:00:00,0.7079,0.7174,0.7063,0.7136,2706518.8,1737836.3
2026-09-16 20:15:00,0.7136,0.7185,0.7106,0.7135,1794773.8,1057292.7
2026-09-16 20:30:00,0.7136,0.7143,0.7071,0.7103,1237677.2,522512.5
2026-09-16 20:45:00,0.7102,0.7132,0.7091,0.7114,1421323.2,958111.8
2026-09-16 21:00:00,0.7115,0.7115,0.7069,0.7072,467967,219719.9
2026-09-16 21:15:00,0.7073,0.7091,0.7063,0.7066,293776,143422.2
2026-09-16 21:30:00,0.7066,0.7079,0.701,0.7042,1539146.7,422888.2
2026-09-16 21:45:00,0.7041,0.7064,0.7038,0.7057,231268.6,102585.9
2026-09-16 22:00:00,0.7057,0.7061,0.6993,0.705,990728.7,418202.3
2026-09-16 22:15:00,0.7049,0.7061,0.6987,0.7009,436670.7,145737.1
2026-09-16 22:30:00,0.7009,0.7034,0.7002,0.7032,226106.2,102521.1
2026-09-16 22:45:00,0.7032,0.7034,0.7005,0.7008,101172.8,43568.9
2026-09-16 23:00:00,0.7008,0.7031,0.6993,0.703,483973.2,111110.4
2026-09-16 23:15:00,0.703,0.712,0.703,0.7117,582812.7,291475.2
2026-09-16 23:30:00,0.7116,0.716,0.7099,0.715,1228450.7,666106.7
2026-09-16 23:45:00,0.715,0.7158,0.7134,0.7135,724858.2,368024.5
2026-09-17 00:00:00,0.7136,0.7175,0.713,0.7151,358777.6,226668.4
2026-09-17 00:15:00,0.7151,0.7175,0.713,0.7134,432688.5,283129.7
2026-09-17 00:30:00,0.7133,0.7155,0.7121,0.7136,874001.1,420252
2026-09-17 00:45:00,0.7136,0.7139,0.7106,0.7108,163334,54159.2
2026-09-17 01:00:00,0.7107,0.7131,0.709,0.7121,202685.9,118484.5
2026-09-17 01:15:00,0.7121,0.7182,0.7108,0.7181,499300.2,264331.7
2026-09-17 01:30:00,0.718,0.7236,0.7176,0.7203,1748762.7,1100071.1
2026-09-17 01:45:00,0.7203,0.7215,0.7175,0.7187,616479.9,321667.9
2026-09-17 02:00:00,0.7188,0.7192,0.7146,0.7166,340257.4,158622.9
2026-09-17 02:15:00,0.7166,0.7181,0.7139,0.7161,351813.7,161916.8
2026-09-17 02:30:00,0.7161,0.7213,0.7151,0.7197,618740.6,311388.7
2026-09-17 02:45:00,0.7198,0.721,0.7179,0.7181,378357,197156.6
2026-09-17 03:00:00,0.7181,0.7198,0.7178,0.7184,184592.4,89416.6
2026-09-17 03:15:00,0.7185,0.7202,0.7177,0.7202,196854.2,97540.2
2026-09-17 03:30:00,0.7202,0.7222,0.7197,0.7212,319011.5,119221
2026-09-17 03:45:00,0.7211,0.7216,0.719,0.7209,465144.1,197790.2
2026-09-17 04:00:00,0.721,0.721,0.7175,0.7182,223114.1,83591.4
2026-09-17 04:15:00,0.7182,0.7186,0.715,0.7159,308543.7,137130.3
2026-09-17 04:30:00,0.7159,0.7205,0.7144,0.7191,561036.1,281569.1
2026-09-17 04:45:00,0.719,0.7233,0.7183,0.7227,517101.6,288934.5
2026-09-17 05:00:00,0.7228,0.7266,0.7215,0.7221,863330.4,427795.8
2026-09-17 05:15:00,0.722,0.724,0.7208,0.7218,408624.5,193493.2
2026-09-17 05:30:00,0.7219,0.7224,0.719,0.7198,291903.7,127393.5
2026-09-17 05:45:00,0.7197,0.7225,0.7178,0.7196,595229.5,270943.5
2026-09-17 06:00:00,0.7195,0.723,0.7193,0.7209,373538.3,136145.3
2026-09-17 06:15:00,0.721,0.721,0.7189,0.7208,181571.1,79262.6
2026-09-17 06:30:00,0.7209,0.724,0.7208,0.7235,305128.6,127565.3
2026-09-17 06:45:00,0.7235,0.7241,0.7223,0.723,167359.4,85617.5
2026-09-17 07:00:00,0.7231,0.7263,0.7222,0.7237,1412192.6,916012.2
2026-09-17 07:15:00,0.7236,0.7256,0.7232,0.7238,609556.6,288819
2026-09-17 07:30:00,0.7238,0.7253,0.7225,0.7231,761113.1,397413.1
2026-09-17 07:45:00,0.723,0.7248,0.7221,0.7226,410555.1,253553.1
2026-09-17 08:00:00,0.7226,0.7238,0.7206,0.7213,679551,303238.8
2026-09-17 08:15:00,0.7214,0.7247,0.7211,0.7228,557450.9,351442.7
2026-09-17 08:30:00,0.7229,0.7256,0.7222,0.7249,648077.5,373714.3
2026-09-17 08:45:00,0.7249,0.7255,0.7242,0.7242,290116.5,165913.8
2026-09-17 09:00:00,0.7242,0.725,0.7231,0.7233,369478.5,189222.5
2026-09-17 09:15:00,0.7233,0.7244,0.7226,0.7227,327835.3,201260.7
2026-09-17 09:30:00,0.7228,0.7242,0.7209,0.7213,1128185.4,371787.1
2026-09-17 09:45:00,0.7212,0.7228,0.7203,0.7219,712280.2,400393.3
2026-09-17 10:00:00,0.7219,0.7224,0.7169,0.7198,2019189,595803.2
2026-09-17 10:15:00,0.7198,0.7198,0.7164,0.7165,1086544.8,699079.9
2026-09-17 10:30:00,0.7164,0.7186,0.7159,0.7171,804820.1,587413.2
2026-09-17 10:45:00,0.7171,0.7191,0.7168,0.7191,407845.9,160654.5
2026-09-17 11:00:00,0.719,0.7214,0.7187,0.7212,389457.9,224260.1
2026-09-17 11:15:00,0.7212,0.7215,0.7193,0.7201,285564.4,110220.3
2026-09-17 11:30:00,0.7201,0.7201,0.7162,0.7162,185580,89145.9
2026-09-17 11:45:00,0.7163,0.7225,0.7163,0.7218,535953.4,313745.6
2026-09-17 12:00:00,0.7218,0.7249,0.7199,0.7247,560881.6,318066.8
2026-09-17 12:15:00,0.7248,0.7298,0.7247,0.7288,854920,525039.5
2026-09-17 12:30:00,0.7288,0.7312,0.7252,0.7253,1867669,1359699.8
2026-09-17 12:45:00,0.7253,0.7259,0.7231,0.7243,561345.1,220150.9
2026-09-17 13:00:00,0.7244,0.7269,0.723,0.7257,619735.7,346716.6
2026-09-17 13:15:00,0.7256,0.7285,0.7252,0.727,342204.6,162196.1
2026-09-17 13:30:00,0.7271,0.7284,0.722,0.724,694209.1,405255.5
2026-09-17 13:45:00,0.7241,0.7283,0.7223,0.7281,383155.8,169039
2026-09-17 14:00:00,0.7282,0.7338,0.7255,0.7333,978231.2,543619.2
2026-09-17 14:15:00,0.7332,0.7352,0.7306,0.734,835216.1,470922.6
2026-09-17 14:30:00,0.7341,0.7348,0.7306,0.7308,578167.5,330482.6
2026-09-17 14:45:00,0.7308,0.7324,0.7263,0.7266,1142825.1,686049.7
2026-09-17 15:00:00,0.7266,0.7272,0.7232,0.7241,1195381,392860.7
2026-09-17 15:15:00,0.7242,0.7287,0.7228,0.7278,328326.7,206301.6
2026-09-17 15:30:00,0.7279,0.7346,0.7277,0.733,519827.7,314228.6
2026-09-17 15:45:00,0.733,0.7349,0.7317,0.7336,469518.6,161088.3
2026-09-17 16:00:00,0.7337,0.7375,0.7333,0.7343,890987.2,625287.2
2026-09-17 16:15:00,0.7343,0.7348,0.7317,0.733,441963.5,138708.6
2026-09-17 16:30:00,0.733,0.7334,0.7296,0.7323,830868.4,316807
2026-09-17 16:45:00,0.7323,0.7338,0.7297,0.7338,825040.8,531566.2
2026-09-17 17:00:00,0.7339,0.7388,0.7332,0.7346,1244105.1,760676.1
2026-09-17 17:15:00,0.7346,0.7385,0.7341,0.7375,473372.4,201352.4
2026-09-17 17:30:00,0.7376,0.7377,0.7336,0.7337,441749.9,189729.6
2026-09-17 17:45:00,0.7337,0.7349,0.7324,0.7333,468721.6,243484
2026-09-17 18:00:00,0.7333,0.7339,0.7326,0.7339,124764.8,54468.5
2026-09-17 18:15:00,0.7338,0.7346,0.7331,0.7338,172285.2,118866.8
2026-09-17 18:30:00,0.7338,0.7356,0.7291,0.7323,831994.7,387249.7
2026-09-17 18:45:00,0.7324,0.7339,0.7315,0.7317,342596.5,194094.6
2026-09-17 19:00:00,0.7316,0.7318,0.7302,0.7302,149597.6,53666.8
2026-09-17 19:15:00,0.7302,0.7329,0.7297,0.732,327224.9,119810.5
2026-09-17 19:30:00,0.7319,0.7332,0.7308,0.7321,213842.4,114883.1
2026-09-17 19:45:00,0.7321,0.7349,0.73,0.7322,384166.6,203816.7
2026-09-17 20:00:00,0.7322,0.7339,0.7316,0.7337,227938.8,99173.8
2026-09-17 20:15:00,0.7336,0.7358,0.7334,0.7349,167310.8,71974
2026-09-17 20:30:00,0.735,0.7357,0.7343,0.7352,350528,156347.4
2026-09-17 20:45:00,0.7353,0.737,0.7345,0.7368,239036.2,165157.7
2026-09-17 21:00:00,0.7368,0.7379,0.735,0.7355,446475.8,180861.1
2026-09-17 21:15:00,0.7356,0.7363,0.7347,0.7355,154465.3,67796.5
2026-09-17 21:30:00,0.7354,0.7366,0.7351,0.7353,293628.2,163440.9
2026-09-17 21:45:00,0.7353,0.7353,0.7314,0.7324,743501.8,321468.5
2026-09-17 22:00:00,0.7324,0.7359,0.7314,0.7322,1020409.6,452125.1
2026-09-17 22:15:00,0.7322,0.7332,0.7293,0.7296,826535.1,304661.8
2026-09-17 22:30:00,0.7297,0.7352,0.7295,0.7339,742895.9,405659.9
2026-09-17 22:45:00,0.7339,0.7351,0.7317,0.7351,1186468,844259.6
2026-09-17 23:00:00,0.7351,0.7375,0.7343,0.7374,686652.2,326386
2026-09-17 23:15:00,0.7374,0.7393,0.7366,0.739,398922.2,193837.2
2026-09-17 23:30:00,0.739,0.7415,0.7376,0.7402,599194.8,368455.8
2026-09-17 23:45:00,0.7401,0.7428,0.7396,0.7413,744774.7,351832.9
2026-09-18 00:00:00,0.7413,0.7434,0.7408,0.7416,613051.2,285217.9
2026-09-18 00:15:00,0.7416,0.7417,0.737,0.7384,516475.9,276708.7
2026-09-18 00:30:00,0.7385,0.7419,0.7381,0.7416,337714.6,162333.1
2026-09-18 00:45:00,0.7416,0.7542,0.7404,0.7506,1073303.7,663927
2026-09-18 01:00:00,0.7506,0.756,0.7483,0.7537,1501858.6,885510.5
2026-09-18 01:15:00,0.7536,0.756,0.7524,0.7529,513371.3,222167.6
2026-09-18 01:30:00,0.7529,0.7569,0.7515,0.756,343518,191712.8
2026-09-18 01:45:00,0.756,0.7657,0.7554,0.762,2012130.7,1039692.7
2026-09-18 02:00:00,0.762,0.7672,0.7604,0.7662,1093489.3,594746.3
2026-09-18 02:15:00,0.7661,0.7714,0.7634,0.7658,1521495.3,781036.1
2026-09-18 02:30:00,0.7659,0.7709,0.7659,0.7688,1304939.9,686360.1
2026-09-18 02:45:00,0.7689,0.7692,0.7644,0.7666,875992.1,359424.7
2026-09-18 03:00:00,0.7666,0.7738,0.7659,0.7734,1047723.6,587376.5
2026-09-18 03:15:00,0.7734,0.7828,0.7727,0.7824,2248471.2,1107286.3
2026-09-18 03:30:00,0.7825,0.7847,0.7777,0.7804,1766452.8,828025
2026-09-18 03:45:00,0.7804,0.7886,0.7804,0.7884,1468154.5,677699.4
2026-09-18 04:00:00,0.7884,0.7895,0.7785,0.779,1607261,673058.6
2026-09-18 04:15:00,0.7791,0.7827,0.7772,0.7777,1314969.9,616859.4
2026-09-18 04:30:00,0.7776,0.7796,0.7723,0.7796,1131025.2,553798.1
2026-09-18 04:45:00,0.7797,0.7846,0.7796,0.784,785748,375397.2
2026-09-18 05:00:00,0.7841,0.7844,0.7788,0.7796,1485335.8,678837.1
2026-09-18 05:15:00,0.7795,0.7822,0.7751,0.7778,1254589.9,622173.1
2026-09-18 05:30:00,0.7778,0.7787,0.7751,0.777,976568.5,454992.9
2026-09-18 05:45:00,0.7771,0.7772,0.7733,0.7743,765637,304238.4
2026-09-18 06:00:00,0.7743,0.7778,0.7743,0.7754,652602,344649.9
2026-09-18 06:15:00,0.7754,0.7783,0.7739,0.7755,879476.3,472169.9
2026-09-18 06:30:00,0.7756,0.7795,0.7754,0.7789,657401.4,361446.3
2026-09-18 06:45:00,0.7789,0.7793,0.7767,0.7787,476747.9,227614.5
2026-09-18 07:00:00,0.7787,0.7837,0.7772,0.7806,1091848.2,563526.1
2026-09-18 07:15:00,0.7807,0.7828,0.7794,0.7802,837638.8,384328.3
2026-09-18 07:30:00,0.7802,0.7827,0.7799,0.7821,594767.6,287165.9
2026-09-18 07:45:00,0.782,0.7838,0.78,0.7827,745584.4,359515.9
2026-09-18 08:00:00,0.7826,0.7852,0.7758,0.7786,1359819.6,513387.7
2026-09-18 08:15:00,0.7785,0.7825,0.7781,0.781,780053.5,310251.9
2026-09-18 08:30:00,0.781,0.7842,0.7802,0.7832,638635.4,333821.8
2026-09-18 08:45:00,0.7833,0.7878,0.7831,0.7863,1147348.3,621225.2
2026-09-18 09:00:00,0.7864,0.7893,0.7849,0.7869,919643.7,512139.1
2026-09-18 09:15:00,0.7868,0.7891,0.7851,0.7885,1177901.8,596759.9
2026-09-18 09:30:00,0.7884,0.7936,0.7875,0.7932,1363389.3,668314.3
2026-09-18 09:45:00,0.7931,0.7981,0.7924,0.7977,2052422.3,1068288
2026-09-18 10:00:00,0.7976,0.7996,0.7959,0.7985,1292157.7,652981.5
2026-09-18 10:15:00,0.7985,0.8018,0.7971,0.8013,1881615.3,1261811.7
2026-09-18 10:30:00,0.8012,0.802,0.7995,0.8008,850657.8,463692.8
2026-09-18 10:45:00,0.8008,0.8009,0.792,0.7934,1333327.3,460994.6
2026-09-18 11:00:00,0.7935,0.7956,0.7812,0.7851,2909475.5,1039403.7
2026-09-18 11:15:00,0.785,0.7886,0.7838,0.7871,1089195.1,589468.3
2026-09-18 11:30:00,0.787,0.7921,0.7868,0.7882,1206778.4,581270.8
2026-09-18 11:45:00,0.7882,0.796,0.7873,0.792,936371.3,576530.5
2026-09-18 12:00:00,0.7921,0.7928,0.7893,0.7908,843029.5,336038.2
2026-09-18 12:15:00,0.7908,0.7951,0.7893,0.7936,975044.8,412703.5
2026-09-18 12:30:00,0.7936,0.7986,0.7916,0.7971,1051641.8,507259.7
2026-09-18 12:45:00,0.797,0.8012,0.7965,0.8002,1209913.6,633278.1
2026-09-18 13:00:00,0.8002,0.8002,0.7913,0.7945,1471625,429041.3
2026-09-18 13:15:00,0.7945,0.8017,0.7941,0.7995,1017342.8,461542.5
2026-09-18 13:30:00,0.7995,0.8116,0.7986,0.8108,2932973.6,1624283
2026-09-18 13:45:00,0.8108,0.8155,0.7989,0.8057,5468381.3,2263508.6
2026-09-18 14:00:00,0.8058,0.81,0.7989,0.8028,6087760.4,3902774.8
2026-09-18 14:15:00,0.8028,0.8099,0.8016,0.802,2984511.1,1683025.5
2026-09-18 14:30:00,0.8019,0.8031,0.7966,0.8022,4762667.6,2433334.8
2026-09-18 14:45:00,0.8023,0.8066,0.8013,0.8054,2278060.2,1056001.6
2026-09-18 15:00:00,0.8054,0.8065,0.7987,0.803,3059485.7,1306166.8
2026-09-18 15:15:00,0.8031,0.8054,0.8011,0.8032,1418670,506853
2026-09-18 15:30:00,0.8032,0.8033,0.7978,0.7981,1256233.4,471137.3
2026-09-18 15:45:00,0.7981,0.805,0.7958,0.8037,1483689.6,726149.2
2026-09-18 16:00:00,0.8038,0.808,0.8026,0.8063,1557118.8,678147.2
2026-09-18 16:15:00,0.8063,0.8076,0.8037,0.8059,1172331.1,498518.8
2026-09-18 16:30:00,0.806,0.8076,0.7997,0.8021,1914955.7,858163.1
2026-09-18 16:45:00,0.802,0.802,0.7975,0.8001,1315565.9,540457.3
2026-09-18 17:00:00,0.8002,0.8005,0.7959,0.7985,1288146.2,548743.5
2026-09-18 17:15:00,0.7986,0.8002,0.7958,0.7991,1230803.9,516569.5
2026-09-18 17:30:00,0.7992,0.801,0.7982,0.8009,629712,236184.4
2026-09-18 17:45:00,0.8009,0.8048,0.8004,0.8048,909017.7,551325.6
2026-09-18 18:00:00,0.8048,0.8048,0.7994,0.8013,862830.9,299021.4
2026-09-18 18:15:00,0.8014,0.8036,0.8007,0.8023,407182.5,165463.6
2026-09-18 18:30:00,0.8024,0.8035,0.8006,0.8023,525445.8,263399.9
2026-09-18 18:45:00,0.8023,0.8038,0.7989,0.801,730143.7,296440.9
2026-09-18 19:00:00,0.8011,0.8068,0.8007,0.8068,854290,340932.3
2026-09-18 19:15:00,0.8068,0.8103,0.8057,0.808,1339135.7,569527
2026-09-18 19:30:00,0.808,0.8102,0.8069,0.8096,539765.7,273340.4
2026-09-18 19:45:00,0.8096,0.8135,0.8086,0.8134,1106169.3,624436.8
2026-09-18 20:00:00,0.8133,0.8133,0.8071,0.8082,982291.7,448992
2026-09-18 20:15:00,0.8081,0.8115,0.8068,0.8093,754954.5,369712.8
2026-09-18 20:30:00,0.8093,0.8154,0.8091,0.8151,773678,457417.2
2026-09-18 20:45:00,0.815,0.8163,0.8117,0.8133,1233881.7,462254.7
2026-09-18 21:00:00,0.8132,0.8195,0.813,0.8185,967332.4,446413.8
2026-09-18 21:15:00,0.8185,0.8187,0.8145,0.8159,977966.9,448949.6
2026-09-18 21:30:00,0.816,0.819,0.8139,0.8147,994916.3,490168.7
2026-09-18 21:45:00,0.8148,0.8211,0.8142,0.8198,856190.6,542601.8
2026-09-18 22:00:00,0.8199,0.8216,0.8173,0.8194,1314984.7,690370.6
2026-09-18 22:15:00,0.8195,0.8228,0.8161,0.8166,1020266.4,439135.7
2026-09-18 22:30:00,0.8166,0.8171,0.8116,0.8165,654700.3,334691.9
2026-09-18 22:45:00,0.8165,0.8184,0.8152,0.817,546104.1,269559.8
2026-09-18 23:00:00,0.817,0.8177,0.8125,0.8157,625497.9,185982.5
2026-09-18 23:15:00,0.8158,0.8179,0.8153,0.8166,385598.4,204203.9
2026-09-18 23:30:00,0.8166,0.8174,0.814,0.8145,689072.1,254285.7
2026-09-18 23:45:00,0.8146,0.8165,0.8137,0.8144,383084.2,162850.8
2026-09-19 00:00:00,0.8144,0.824,0.8144,0.8236,973608,486410.5
2026-09-19 00:15:00,0.8236,0.8279,0.8218,0.8258,1902274.3,896124.1
2026-09-19 00:30:00,0.8259,0.8329,0.8258,0.8288,1489536.3,661530.2
2026-09-19 00:45:00,0.8289,0.8289,0.8198,0.8221,1241355.1,683910.9
2026-09-19 01:00:00,0.8221,0.8231,0.8163,0.8165,1049848.6,441541.6
2026-09-19 01:15:00,0.8165,0.8173,0.8083,0.8139,1421407.9,779548.6
2026-09-19 01:30:00,0.814,0.8188,0.8094,0.8187,797977.5,362144.6
2026-09-19 01:45:00,0.8188,0.8252,0.8188,0.8208,966204,450298.8
2026-09-19 02:00:00,0.8209,0.8246,0.8178,0.8234,753624.6,358133.2
2026-09-19 02:15:00,0.8234,0.8291,0.8217,0.8251,833394.9,456521.6
2026-09-19 02:30:00,0.825,0.8308,0.8249,0.8284,819986.7,390786
2026-09-19 02:45:00,0.8284,0.8334,0.8271,0.8283,1310918.4,507218.2
2026-09-19 03:00:00,0.8284,0.8288,0.8254,0.8282,562250.4,307439.1
2026-09-19 03:15:00,0.8282,0.8282,0.8209,0.8218,681605.1,243361.2
2026-09-19 03:30:00,0.8218,0.8268,0.8208,0.8256,520859.2,210596.5
2026-09-19 03:45:00,0.8255,0.83,0.8251,0.8296,494574,308214.9
2026-09-19 04:00:00,0.8295,0.834,0.8295,0.8308,900326.5,411422
2026-09-19 04:15:00,0.8308,0.8323,0.8268,0.827,1112529.6,429316.7
2026-09-19 04:30:00,0.827,0.827,0.8192,0.8218,1266309.4,364348.6
2026-09-19 04:45:00,0.8217,0.825,0.8192,0.824,656942.5,251209.8
2026-09-19 05:00:00,0.824,0.8281,0.8237,0.8268,477092.5,260303.6
2026-09-19 05:15:00,0.8268,0.8308,0.8242,0.8242,934242.1,365763.4
2026-09-19 05:30:00,0.8243,0.828,0.8211,0.8212,762924.2,392919.6
2026-09-19 05:45:00,0.8213,0.8223,0.8162,0.8175,907187.5,365284.4
2026-09-19 06:00:00,0.8176,0.8188,0.8128,0.8143,761066.7,259987.2
2026-09-19 06:15:00,0.8143,0.8174,0.8115,0.8147,751741.8,288084.1
2026-09-19 06:30:00,0.8147,0.8207,0.8125,0.8203,857334.6,418577.5
2026-09-19 06:45:00,0.8202,0.8202,0.8162,0.8163,321392.5,105926.7
2026-09-19 07:00:00,0.8163,0.8192,0.8158,0.8167,367163.2,129176.8
2026-09-19 07:15:00,0.8166,0.8175,0.813,0.814,344815.5,124566.1
2026-09-19 07:30:00,0.8141,0.815,0.8073,0.8095,1017568.4,283022.4
2026-09-19 07:45:00,0.8094,0.8115,0.807,0.8087,870646.7,322902.3
2026-09-19 08:00:00,0.8088,0.8144,0.8075,0.814,690588.1,419742
2026-09-19 08:15:00,0.8139,0.8203,0.8139,0.8161,932374.4,383365.8
2026-09-19 08:30:00,0.8161,0.8238,0.8159,0.8236,746617.3,383995.2
2026-09-19 08:45:00,0.8236,0.8266,0.8225,0.8245,1075340.8,500821.7
2026-09-19 09:00:00,0.8245,0.8304,0.8245,0.829,1421512.6,771320
2026-09-19 09:15:00,0.829,0.8325,0.8271,0.829,1173369.3,561743.5
2026-09-19 09:30:00,0.829,0.8317,0.8251,0.8313,1203765.5,474800.1
2026-09-19 09:45:00,0.8312,0.8369,0.8312,0.8368,2096973.5,1031922.5
2026-09-19 10:00:00,0.8367,0.8379,0.8328,0.8362,1191794.9,596177.1
2026-09-19 10:15:00,0.8361,0.8458,0.8353,0.8455,2472538.6,1315012.9
2026-09-19 10:30:00,0.8455,0.8559,0.8449,0.853,7211224,3559981.1
2026-09-19 10:45:00,0.8531,0.8574,0.851,0.8538,2037788.3,936063
2026-09-19 11:00:00,0.8539,0.8698,0.8537,0.8578,5680968.6,2936348.6
2026-09-19 11:15:00,0.8579,0.8672,0.8576,0.8628,2743583.7,1209932
2026-09-19 11:30:00,0.8628,0.8665,0.859,0.865,1534557.7,593711.1
2026-09-19 11:45:00,0.8651,0.866,0.8591,0.8633,2036173.2,796107.5
2026-09-19 12:00:00,0.8633,0.8656,0.8569,0.8569,2409740.7,1060772.6
2026-09-19 12:15:00,0.8569,0.8603,0.85,0.8516,2714728.1,1039913.3
2026-09-19 12:30:00,0.8516,0.8552,0.85,0.8503,1220669.6,462044.4
2026-09-19 12:45:00,0.8504,0.8543,0.848,0.8511,1373963.1,720240.1
2026-09-19 13:00:00,0.8511,0.8535,0.845,0.8494,1830178.1,755271.9
2026-09-19 13:15:00,0.8495,0.8524,0.8459,0.8472,1477848.2,648961.1
2026-09-19 13:30:00,0.8471,0.8515,0.8452,0.8485,2434313.1,1196877.9
2026-09-19 13:45:00,0.8485,0.8524,0.8475,0.8507,1091901.8,470819.7
2026-09-19 14:00:00,0.8507,0.8519,0.8472,0.8484,1098726.3,400241.2
2026-09-19 14:15:00,0.8485,0.8548,0.8485,0.8537,1620345.4,833463.8
2026-09-19 14:30:00,0.8538,0.8538,0.8461,0.8485,1183936.7,495024.9
2026-09-19 14:45:00,0.8484,0.8503,0.8435,0.8454,1734024.8,777955.5
2026-09-19 15:00:00,0.8453,0.8509,0.8432,0.8443,1327969.9,729908.5
2026-09-19 15:15:00,0.8443,0.8456,0.8394,0.8406,1469469.1,614586.7
2026-09-19 15:30:00,0.8407,0.8433,0.8379,0.8416,2173811,971225.4
2026-09-19 15:45:00,0.8415,0.8436,0.8393,0.8435,943930.9,422641.7
2026-09-19 16:00:00,0.8435,0.8492,0.8378,0.8486,1347318.1,697759.3
2026-09-19 16:15:00,0.8486,0.8502,0.8461,0.8475,1183207,557815.7
2026-09-19 16:30:00,0.8474,0.8553,0.8461,0.8553,837361.1,460485.4
2026-09-19 16:45:00,0.8552,0.8581,0.8528,0.8572,833154.4,420876.5
2026-09-19 17:00:00,0.8571,0.8658,0.8563,0.8656,1768238.8,835175.3
2026-09-19 17:15:00,0.8657,0.8703,0.8594,0.8601,2566312,1082407.6
2026-09-19 17:30:00,0.8602,0.8635,0.8544,0.8571,905112,367879.4
2026-09-19 17:45:00,0.8571,0.8627,0.8571,0.8601,640571.1,352805.4
2026-09-19 18:00:00,0.8601,0.8673,0.86,0.8619,1092383.4,577388.7
2026-09-19 18:15:00,0.862,0.866,0.8562,0.8588,1364166.9,493148
2026-09-19 18:30:00,0.8588,0.8635,0.8539,0.8606,1183632.6,500403.1
2026-09-19 18:45:00,0.8607,0.8632,0.8566,0.8623,776617.2,371722.3
2026-09-19 19:00:00,0.8623,0.868,0.8603,0.8617,2286335,1211946.8
2026-09-19 19:15:00,0.8616,0.8695,0.8611,0.8678,917360.6,468743.4
2026-09-19 19:30:00,0.8679,0.8783,0.8658,0.8778,2121411.2,1165510.7
2026-09-19 19:45:00,0.8778,0.8872,0.873,0.8749,3356957.8,1816191.1
2026-09-19 20:00:00,0.875,0.8794,0.8685,0.8714,2175319.3,763422.4
2026-09-19 20:15:00,0.8714,0.8804,0.8665,0.8727,1923794.1,775005.4
2026-09-19 20:30:00,0.8728,0.8768,0.8686,0.8728,1321085.5,689149.2
2026-09-19 20:45:00,0.8727,0.8727,0.8671,0.8717,1311289.1,508619.8
2026-09-19 21:00:00,0.8718,0.8754,0.858,0.8609,1855995.5,679938.1
2026-09-19 21:15:00,0.8608,0.8627,0.8484,0.8587,2564299,1185791.3
2026-09-19 21:30:00,0.8586,0.8596,0.8503,0.8547,1279457.8,476113.2
2026-09-19 21:45:00,0.8547,0.8581,0.8543,0.8553,386866,212327.4
2026-09-19 22:00:00,0.8552,0.8552,0.8461,0.85,1549638,614392.1
2026-09-19 22:15:00,0.85,0.8519,0.8467,0.851,767703.7,357905.5
2026-09-19 22:30:00,0.851,0.8587,0.8504,0.858,851599.3,413195.5
2026-09-19 22:45:00,0.8579,0.8648,0.8575,0.8636,761809.3,514113.1
2026-09-19 23:00:00,0.8636,0.8687,0.8634,0.8675,684718.6,358644.2
2026-09-19 23:15:00,0.8674,0.8703,0.858,0.8613,2342129.2,675094.4
2026-09-19 23:30:00,0.8613,0.8663,0.859,0.8629,783268.3,309803.8
2026-09-19 23:45:00,0.8628,0.864,0.8573,0.8575,573491.8,207049.7
2026-09-20 00:00:00,0.8574,0.8602,0.8539,0.8582,844049.5,382677.5
2026-09-20 00:15:00,0.8582,0.8689,0.8582,0.862,1501652.5,729653.4
2026-09-20 00:30:00,0.8619,0.8712,0.8593,0.8706,1176692,503755.5
2026-09-20 00:45:00,0.8705,0.8705,0.8635,0.8656,929810.9,437982.9
2026-09-20 01:00:00,0.8656,0.8679,0.856,0.8566,798932.6,318240.4
2026-09-20 01:15:00,0.8566,0.8671,0.853,0.8532,1002706.3,456341.3
2026-09-20 01:30:00,0.8533,0.8579,0.8519,0.8558,1081320.2,465569.9
2026-09-20 01:45:00,0.8559,0.8624,0.8522,0.86,661371.8,296858.2
2026-09-20 02:00:00,0.8601,0.8685,0.8592,0.8663,779856.4,393099.8
2026-09-20 02:15:00,0.8663,0.8671,0.8545,0.8548,1173018.2,537420.7
2026-09-20 02:30:00,0.8548,0.8554,0.829,0.833,3896335.1,1418512.9
2026-09-20 02:45:00,0.8331,0.8403,0.8165,0.8198,5306484.5,1821932.1
2026-09-20 03:00:00,0.8198,0.8292,0.8179,0.819,1990266.8,862492.7
2026-09-20 03:15:00,0.819,0.8321,0.8127,0.8246,3283839.9,1338968.2
2026-09-20 03:30:00,0.8245,0.8262,0.8208,0.8237,573897.3,233290.2
2026-09-20 03:45:00,0.8237,0.8299,0.8224,0.8264,796978.6,370960.7
2026-09-20 04:00:00,0.8265,0.8273,0.821,0.8251,944691.3,289635.4
2026-09-20 04:15:00,0.8252,0.8288,0.823,0.8274,825167.1,418054.6
2026-09-20 04:30:00,0.8273,0.829,0.8245,0.8248,463422.6,206523.4
2026-09-20 04:45:00,0.8249,0.8276,0.8216,0.8252,752504.1,350098.7
2026-09-20 05:00:00,0.8254,0.826,0.8202,0.8233,764807.4,313537.7
2026-09-20 05:15:00,0.8232,0.8234,0.8171,0.8189,913949.5,392331.4
2026-09-20 05:30:00,0.8189,0.8226,0.8186,0.8196,511523.1,234747.5
2026-09-20 05:45:00,0.8197,0.8254,0.8192,0.8241,510014.9,268362.7
2026-09-20 06:00:00,0.8241,0.8256,0.8201,0.8239,618373.5,362601
2026-09-20 06:15:00,0.8239,0.827,0.821,0.8247,866642.3,360181.8
2026-09-20 06:30:00,0.8246,0.8252,0.8186,0.8215,868307.3,405341.4
2026-09-20 06:45:00,0.8216,0.8246,0.82,0.8218,580564.4,274534.5
2026-09-20 07:00:00,0.8219,0.824,0.8214,0.8215,375022.6,152916.1
2026-09-20 07:15:00,0.8214,0.8224,0.8175,0.8204,1034757.7,300639.1
2026-09-20 07:30:00,0.8204,0.8217,0.8166,0.8181,541718.1,202926.3
2026-09-20 07:45:00,0.818,0.8191,0.8159,0.816,446842.1,264144.4
2026-09-20 08:00:00,0.816,0.8232,0.8153,0.8205,1097385.6,542442.3
2026-09-20 08:15:00,0.8205,0.8217,0.8168,0.8174,457468.9,234598.8
2026-09-20 08:30:00,0.8173,0.819,0.8107,0.8132,559474.5,244442.9
2026-09-20 08:45:00,0.8132,0.8148,0.8106,0.8138,896440,452583.2
2026-09-20 09:00:00,0.8137,0.8185,0.8136,0.8167,422057,176514.1
2026-09-20 09:15:00,0.8166,0.8245,0.8164,0.8234,795545,499715.5
2026-09-20 09:30:00,0.8234,0.8325,0.8229,0.8277,1287616,732084.1
2026-09-20 09:45:00,0.8277,0.8278,0.8192,0.8193,698845.8,219659.6
2026-09-20 10:00:00,0.8194,0.8211,0.813,0.8163,879455.7,338674.3
2026-09-20 10:15:00,0.8162,0.8181,0.8125,0.8146,562881.4,250579.3
2026-09-20 10:30:00,0.8146,0.8164,0.8088,0.8132,1026972.3,609762.1
2026-09-20 10:45:00,0.8131,0.8176,0.8115,0.8133,907022.5,573551.3
2026-09-20 11:00:00,0.8133,0.8192,0.813,0.8149,884498.4,499035.7
2026-09-20 11:15:00,0.8149,0.8183,0.8136,0.8174,557335.6,365695.2
2026-09-20 11:30:00,0.8175,0.82,0.8154,0.8183,634289.7,301046.4
2026-09-20 11:45:00,0.8184,0.8233,0.8178,0.8227,800943.1,454702.7
2026-09-20 12:00:00,0.8227,0.8307,0.8179,0.8268,1553022.7,842051.9
2026-09-20 12:15:00,0.8269,0.8294,0.8193,0.8199,885807,394487.1
2026-09-20 12:30:00,0.8198,0.8218,0.8161,0.821,615384,323539.8
2026-09-20 12:45:00,0.8211,0.8258,0.8207,0.8237,805279.8,402381.6
2026-09-20 13:00:00,0.8236,0.825,0.8187,0.8189,499250,225836.7
2026-09-20 13:15:00,0.8189,0.821,0.8172,0.819,549354.7,261483.8
2026-09-20 13:30:00,0.8191,0.8197,0.8145,0.8181,460849.2,191573
2026-09-20 13:45:00,0.8182,0.8217,0.817,0.8207,622041.3,388278.5
2026-09-20 14:00:00,0.8206,0.8294,0.8203,0.8213,1091889.8,547871.7
2026-09-20 14:15:00,0.8213,0.8222,0.8182,0.8206,551770.4,267888.5
2026-09-20 14:30:00,0.8206,0.8269,0.8195,0.8258,743874.2,423941.5
2026-09-20 14:45:00,0.8258,0.8274,0.8212,0.8215,850751.9,568341.7
2026-09-20 15:00:00,0.8215,0.839,0.8215,0.8326,2490901,1346564.5
2026-09-20 15:15:00,0.8326,0.8377,0.8272,0.8281,1535924.4,756600.5
2026-09-20 15:30:00,0.8282,0.8414,0.8281,0.8403,1837276.8,991877.3
2026-09-20 15:45:00,0.8403,0.8463,0.8369,0.8455,1068677.5,479121.4
2026-09-20 16:00:00,0.8455,0.8549,0.843,0.8522,3129152.3,1491522.2
2026-09-20 16:15:00,0.8522,0.8573,0.8493,0.8558,1925862.4,1022010.3
2026-09-20 16:30:00,0.8558,0.9101,0.8555,0.9071,10099523.6,6329542.8
2026-09-20 16:45:00,0.907,0.92,0.8978,0.9128,9642052.4,5131455.5
2026-09-20 17:00:00,0.9127,0.9209,0.8982,0.9016,4907287.7,2402970.7
2026-09-20 17:15:00,0.9015,0.9095,0.887,0.8902,4640450.3,2134869.2
2026-09-20 17:30:00,0.8903,0.9082,0.8859,0.9064,2803358.7,1439953.8
2026-09-20 17:45:00,0.9064,0.9076,0.8921,0.8953,1963698.9,833750.8
2026-09-20 18:00:00,0.8953,0.8984,0.8823,0.8941,2931053.9,1464147.4
2026-09-20 18:15:00,0.8942,0.904,0.8922,0.8983,1359178.3,782196.3
2026-09-20 18:30:00,0.8983,0.8993,0.8831,0.8886,1974542.7,953130.7
2026-09-20 18:45:00,0.8885,0.8892,0.876,0.8791,1668781.7,775086.2
2026-09-20 19:00:00,0.8791,0.8848,0.8785,0.8832,778918.3,404350.1
2026-09-20 19:15:00,0.8833,0.8846,0.8724,0.8752,1143927.8,589286.6
2026-09-20 19:30:00,0.8751,0.8818,0.8739,0.8787,1146006.6,700769
2026-09-20 19:45:00,0.8786,0.8852,0.8777,0.8806,864265.5,423168
2026-09-20 20:00:00,0.8805,0.885,0.8785,0.885,639543.8,384283.4
2026-09-20 20:15:00,0.8849,0.888,0.8775,0.8842,1585443.3,825307.4
2026-09-20 20:30:00,0.8842,0.8906,0.88,0.8891,1530575.9,819430
2026-09-20 20:45:00,0.889,0.8948,0.885,0.8904,1614540.6,780917.7
2026-09-20 21:00:00,0.8903,0.8916,0.8711,0.8764,2947874.2,1309183.8
2026-09-20 21:15:00,0.8764,0.8856,0.8754,0.8824,927744.7,482365.7
2026-09-20 21:30:00,0.8823,0.8879,0.878,0.878,659063,333071.6
2026-09-20 21:45:00,0.8781,0.8886,0.8779,0.8848,456233.1,234293.2
2026-09-20 22:00:00,0.8849,0.8962,0.8805,0.8957,1651111.2,768141.1
2026-09-20 22:15:00,0.8957,0.9019,0.8923,0.9014,1127526.8,653082.3
2026-09-20 22:30:00,0.9014,0.9048,0.899,0.8993,1075879.6,503234
2026-09-20 22:45:00,0.8993,0.9035,0.893,0.8957,926230.9,461205.3
2026-09-20 23:00:00,0.8957,0.8963,0.888,0.8885,788305.2,356054.7
2026-09-20 23:15:00,0.8886,0.895,0.8876,0.8905,672051,454829.4
2026-09-20 23:30:00,0.8906,0.8978,0.8902,0.8967,574667.9,336199.3
2026-09-20 23:45:00,0.8968,0.9022,0.8928,0.8974,1149573,597732
2026-09-21 00:00:00,0.8975,0.9197,0.8959,0.919,4442195.8,2387303.9
2026-09-21 00:15:00,0.9189,0.9457,0.9148,0.9436,6063210.2,3253520.1
2026-09-21 00:30:00,0.9435,0.9495,0.9323,0.9368,4151302.4,2214533.3
2026-09-21 00:45:00,0.9367,0.9389,0.9266,0.932,3036541.9,1592698.3
2026-09-21 01:00:00,0.9319,0.9404,0.9245,0.9398,3380276.5,1887269.6
2026-09-21 01:15:00,0.9399,0.955,0.9352,0.9429,4344501.9,2735445.8
2026-09-21 01:30:00,0.9428,0.9504,0.9376,0.9486,2435120.1,1192558.5
2026-09-21 01:45:00,0.9486,0.9512,0.9182,0.9226,5145093.1,2640920.1
2026-09-21 02:00:00,0.9226,0.9338,0.9142,0.931,2410650.8,1102031.4
2026-09-21 02:15:00,0.931,0.9418,0.9292,0.9345,2278334.2,1114051.6
2026-09-21 02:30:00,0.9345,0.9356,0.9213,0.9307,2133810.4,917514.9
2026-09-21 02:45:00,0.9306,0.9317,0.9236,0.926,1424862.3,685171
2026-09-21 03:00:00,0.9259,0.9398,0.9252,0.9322,1463217.1,833337.2
2026-09-21 03:15:00,0.9321,0.9424,0.9313,0.9405,1274404,700488.9
2026-09-21 03:30:00,0.9406,0.9514,0.9392,0.9472,1854144.7,1029158.8
2026-09-21 03:45:00,0.9472,0.9518,0.9433,0.9499,2020175.6,1009831.7
2026-09-21 04:00:00,0.95,0.9516,0.9427,0.9454,2435180.7,1306452
2026-09-21 04:15:00,0.9455,0.954,0.9373,0.9435,2409689.7,1138804.2
2026-09-21 04:30:00,0.9434,0.9485,0.9397,0.9433,1250772.5,604112.5
2026-09-21 04:45:00,0.9433,0.9453,0.9328,0.9338,1161863.4,539174.3
2026-09-21 05:00:00,0.9337,0.9373,0.9284,0.9325,1403554.8,599659.4
2026-09-21 05:15:00,0.9325,0.9445,0.9322,0.9409,1385739.9,658249.4
2026-09-21 05:30:00,0.9409,0.9509,0.9316,0.9356,3011042.5,1831311.3
2026-09-21 05:45:00,0.9356,0.9424,0.932,0.938,1711427.7,829073.2
2026-09-21 06:00:00,0.938,0.9626,0.9364,0.9592,3603632.3,2197719
2026-09-21 06:15:00,0.9594,0.9784,0.9566,0.9711,7082475.6,3333092.5
2026-09-21 06:30:00,0.9712,0.975,0.9569,0.9571,4702468.3,2157687.9
2026-09-21 06:45:00,0.957,0.9652,0.9544,0.9619,2233619,1471228.8
2026-09-21 07:00:00,0.9619,0.9693,0.955,0.958,3145645.8,1438249.8
2026-09-21 07:15:00,0.9579,0.9592,0.9475,0.9559,2933657.5,1404299.7
2026-09-21 07:30:00,0.9557,0.9558,0.9467,0.948,1490639.5,670810
2026-09-21 07:45:00,0.948,0.968,0.9472,0.9667,3247394.6,2389715.7
2026-09-21 08:00:00,0.9666,0.9713,0.9587,0.9617,2559420,1385028
2026-09-21 08:15:00,0.9616,0.9742,0.9591,0.971,3187539.6,1656197.9
2026-09-21 08:30:00,0.971,0.99,0.9689,0.9795,6417060,4133274.8
2026-09-21 08:45:00,0.9794,1.0005,0.9752,0.9951,7290738.9,4378765.4
2026-09-21 09:00:00,0.995,1.0011,0.9855,0.9988,4288165.8,2338201.2
2026-09-21 09:15:00,0.9988,1.0123,0.9973,1.0105,4295370.8,2724485.7
2026-09-21 09:30:00,1.0104,1.0215,1.003,1.0042,5069675.2,2889635
2026-09-21 09:45:00,1.0042,1.0068,0.98,0.9839,5095469.2,2139326.2
2026-09-21 10:00:00,0.9839,0.993,0.9769,0.99,2737051.7,1412123.1
2026-09-21 10:15:00,0.9899,0.9998,0.9897,0.9967,1899658.7,1007878.4
2026-09-21 10:30:00,0.9967,1.0036,0.9933,0.9979,2333952.3,1150500.6
2026-09-21 10:45:00,0.9979,1.0055,0.9951,1.0023,2125029.2,1024664.5
2026-09-21 11:00:00,1.0023,1.0253,0.9994,1.0246,3025442.5,1823109.9
2026-09-21 11:15:00,1.0246,1.0298,1.0175,1.0238,3671627.8,1938077.9
2026-09-21 11:30:00,1.0238,1.0345,1.0199,1.0281,2474623.8,1195863.7
2026-09-21 11:45:00,1.028,1.0298,1.0134,1.0155,2610774,1062082.2
2026-09-21 12:00:00,1.0156,1.0247,1.0153,1.0193,1535009.8,650682.5
2026-09-21 12:15:00,1.0193,1.0293,1.014,1.0218,1983591.3,982601
2026-09-21 12:30:00,1.0218,1.0418,1.0204,1.0415,2721342.4,1533852.9
2026-09-21 12:45:00,1.0414,1.0438,1.034,1.0374,2209409.5,1132824.7
2026-09-21 13:00:00,1.0372,1.0549,1.0357,1.051,4013286.5,2238548.7
2026-09-21 13:15:00,1.051,1.0566,1.0389,1.0422,3911918.2,2058161.8
2026-09-21 13:30:00,1.0423,1.0493,1.0288,1.0467,3838432.4,1843578.9
2026-09-21 13:45:00,1.0466,1.0554,1.0355,1.0376,3408378.9,1971312.3
2026-09-21 14:00:00,1.0376,1.0384,1.018,1.0324,4008261.1,2247191.2
2026-09-21 14:15:00,1.0324,1.0494,1.0315,1.0444,2139093.4,1181480.9
2026-09-21 14:30:00,1.0444,1.0566,1.0308,1.0311,2460198.2,1100346.2
2026-09-21 14:45:00,1.031,1.0443,1.0302,1.0336,1721867.5,817139.7
2026-09-21 15:00:00,1.0335,1.043,1.0242,1.0261,2357561.7,962602.6
2026-09-21 15:15:00,1.0261,1.0267,1.005,1.0096,4375359.6,2071289.6
2026-09-21 15:30:00,1.0096,1.025,1.0075,1.0243,2351948.7,1139936.9
2026-09-21 15:45:00,1.0243,1.0255,1.0157,1.0183,1652114.6,692288
2026-09-21 16:00:00,1.0183,1.0345,1.0146,1.0341,2067845.6,1157926.9
2026-09-21 16:15:00,1.034,1.0435,1.0225,1.0274,2957715.6,1569593.1
2026-09-21 16:30:00,1.0275,1.03,1.0148,1.019,1788446.1,679489.2
2026-09-21 16:45:00,1.019,1.023,1.0143,1.0143,1431370.5,743719.5
2026-09-21 17:00:00,1.0144,1.0238,1.0115,1.0135,1136126,601487.1
2026-09-21 17:15:00,1.0134,1.0144,1.0025,1.0062,3684057.2,1879766
2026-09-21 17:30:00,1.0062,1.0115,1.003,1.0066,1237339.4,640099.1
2026-09-21 17:45:00,1.0065,1.0071,0.9894,0.9952,3484374,1528080.9
2026-09-21 18:00:00,0.9952,1.0092,0.9946,1.0069,1768764.2,879115.7
2026-09-21 18:15:00,1.0069,1.0076,1.0007,1.0026,1077974,660302.3
2026-09-21 18:30:00,1.0026,1.0056,1.0003,1.0035,726846.7,323568.2
2026-09-21 18:45:00,1.0035,1.0129,1.0034,1.0127,1006835.3,545664.7
2026-09-21 19:00:00,1.0127,1.0145,1.007,1.013,1274899,431539.6
2026-09-21 19:15:00,1.013,1.0223,1.0108,1.0165,1503621.1,1107576.5
2026-09-21 19:30:00,1.0165,1.0245,1.013,1.0189,2117566.7,1351288.3
2026-09-21 19:45:00,1.0189,1.0375,1.0183,1.0364,1517739.6,1147220.7
2026-09-21 20:00:00,1.0363,1.038,1.0247,1.0264,1848976.8,684893.1
2026-09-21 20:15:00,1.0264,1.0328,1.0247,1.0247,1467852.5,694818.1
2026-09-21 20:30:00,1.0247,1.0248,1.0162,1.0188,1513166.5,659487.9
2026-09-21 20:45:00,1.0188,1.0241,1.0166,1.0202,958157.2,511010.1
2026-09-21 21:00:00,1.0201,1.0202,1.012,1.0136,993081.6,425567.9
2026-09-21 21:15:00,1.0137,1.017,1.012,1.0134,832574.9,292035.7
2026-09-21 21:30:00,1.0134,1.0203,1.0134,1.0201,757506.7,450306.2
2026-09-21 21:45:00,1.02,1.0206,1.015,1.0175,465384.6,199252.8
2026-09-21 22:00:00,1.0175,1.0304,1.0175,1.0302,1061287.2,603627.4
2026-09-21 22:15:00,1.0301,1.0318,1.0237,1.0256,938250.7,411045.8
2026-09-21 22:30:00,1.0257,1.0272,1.0232,1.0264,518619.7,273153.6
2026-09-21 22:45:00,1.0264,1.0276,1.0225,1.0273,655006.3,397872.8
2026-09-21 23:00:00,1.0273,1.0386,1.0264,1.0356,1011238.6,549798.7
2026-09-21 23:15:00,1.0355,1.0378,1.0323,1.0347,716672.9,356061.4
2026-09-21 23:30:00,1.0348,1.0412,1.031,1.0374,1146004.3,661568
2026-09-21 23:45:00,1.0374,1.0473,1.0336,1.0427,1181367.6,569929.1
2026-09-22 00:00:00,1.0427,1.0494,1.0355,1.039,2082872.5,1106567.1
2026-09-22 00:15:00,1.0391,1.0554,1.0363,1.0548,1902085.9,1099871.4
2026-09-22 00:30:00,1.0548,1.0739,1.0544,1.0719,5070549.7,2827467.9
2026-09-22 00:45:00,1.0718,1.0815,1.0485,1.0508,4012349.7,1962895.9
2026-09-22 01:00:00,1.0509,1.0577,1.0404,1.0431,3061261.1,1540508.3
2026-09-22 01:15:00,1.0431,1.0463,1.0262,1.0371,2876996.2,1443684.6
2026-09-22 01:30:00,1.0371,1.043,1.0323,1.0376,1500093.8,803561.2
2026-09-22 01:45:00,1.0376,1.0427,1.034,1.0378,1573177.5,835764.8
2026-09-22 02:00:00,1.0377,1.049,1.0344,1.0415,1729939.1,859293.6
2026-09-22 02:15:00,1.0415,1.0603,1.0362,1.0579,1924076.7,1113802.3
2026-09-22 02:30:00,1.0579,1.0664,1.0503,1.0552,2517089.4,1202816.6
2026-09-22 02:45:00,1.0552,1.0608,1.0428,1.0443,1894717.6,953114.4
2026-09-22 03:00:00,1.0443,1.0485,1.0377,1.0386,2249324.4,1110598.5
2026-09-22 03:15:00,1.0386,1.0506,1.0319,1.0495,1531148.2,931534.7
2026-09-22 03:30:00,1.0495,1.0497,1.0348,1.0383,957595.4,467286.7
2026-09-22 03:45:00,1.0382,1.0407,1.0326,1.0372,896657.3,434438.7
2026-09-22 04:00:00,1.037,1.0403,1.0302,1.0333,1342217.3,728420.7
2026-09-22 04:15:00,1.0333,1.0366,1.0287,1.0301,1398586.6,636699.6
2026-09-22 04:30:00,1.0301,1.0306,1.0203,1.0244,1759585.8,830696.7
2026-09-22 04:45:00,1.0244,1.0252,1.0143,1.0196,1907982.6,1081322.9
2026-09-22 05:00:00,1.0197,1.0249,1.0173,1.0218,1191508.8,563184.6
2026-09-22 05:15:00,1.0217,1.0221,1.0024,1.0037,2919560.7,1346626.1
2026-09-22 05:30:00,1.0036,1.0145,0.9981,1.0134,2472523.6,1133137.6
2026-09-22 05:45:00,1.0133,1.0237,1.0131,1.0201,2125939.3,1266196.8
2026-09-22 06:00:00,1.0202,1.0244,1.0127,1.0159,1095027.4,580339.8
2026-09-22 06:15:00,1.016,1.0169,1.0088,1.0155,626145.9,345901.5
2026-09-22 06:30:00,1.0153,1.022,1.0136,1.0188,573251.3,302566.9
2026-09-22 06:45:00,1.0189,1.0204,1.0161,1.0167,739007.3,435624.1
2026-09-22 07:00:00,1.017,1.0215,1.0142,1.019,741661.1,345456.5
2026-09-22 07:15:00,1.0189,1.0205,1.008,1.0091,880331.7,465342.3
2026-09-22 07:30:00,1.009,1.0163,1.0077,1.0152,591664.3,327867
2026-09-22 07:45:00,1.0153,1.0179,1.0127,1.0134,576105,271934.2
2026-09-22 08:00:00,1.0134,1.0165,1.0088,1.0163,566913.6,329327.4
2026-09-22 08:15:00,1.0162,1.0173,1.0084,1.0108,709024.8,270648.6
2026-09-22 08:30:00,1.0109,1.0274,1.0086,1.0256,1001121.3,617275.5
2026-09-22 08:45:00,1.0256,1.0295,1.0234,1.0247,1624833.7,947548.3
2026-09-22 09:00:00,1.0247,1.0248,1.0099,1.0137,1476660,789582.5
2026-09-22 09:15:00,1.0138,1.0179,1.0129,1.017,810445.1,453582
2026-09-22 09:30:00,1.0169,1.0221,1.0146,1.0208,633507.9,357448.1
2026-09-22 09:45:00,1.0208,1.024,1.0188,1.022,651773.4,318076
2026-09-22 10:00:00,1.022,1.022,1.0132,1.0134,587329.5,316460.5
2026-09-22 10:15:00,1.0135,1.0157,1.0025,1.0069,1103908.7,518878.7
2026-09-22 10:30:00,1.0069,1.013,1.0062,1.01,971253.7,582970.5
2026-09-22 10:45:00,1.0101,1.0126,1.0075,1.0095,498956,193257.3
2026-09-22 11:00:00,1.0095,1.0122,1.0037,1.0119,808079.8,408384.7
2026-09-22 11:15:00,1.0119,1.0189,1.0117,1.0153,694759.5,361364.4
2026-09-22 11:30:00,1.0154,1.02,1.0138,1.0186,510973.6,297428.1
2026-09-22 11:45:00,1.0186,1.0212,1.014,1.0144,798840.1,522491.8
2026-09-22 12:00:00,1.0145,1.0193,1.0113,1.0123,1450123.3,855220.1
2026-09-22 12:15:00,1.0123,1.0193,1.0088,1.0188,898592.2,535485.9
2026-09-22 12:30:00,1.0187,1.021,1.0151,1.0169,793909.7,433430.4
2026-09-22 12:45:00,1.0169,1.028,1.0166,1.0259,1000569.6,552506.9
2026-09-22 13:00:00,1.0259,1.0308,1.0205,1.0267,2217108.2,995866.5
2026-09-22 13:15:00,1.0266,1.0266,1.0138,1.0165,1223929.8,505245.7
2026-09-22 13:30:00,1.0165,1.022,1.01,1.0149,1487911.3,821074.6
2026-09-22 13:45:00,1.0149,1.0199,1.0086,1.0186,1740518.5,860538.6
2026-09-22 14:00:00,1.0186,1.0186,1.0077,1.0137,1792498,816123.9
2026-09-22 14:15:00,1.0137,1.0152,1.0047,1.0066,999761.8,470257
2026-09-22 14:30:00,1.0065,1.0073,0.9866,0.9923,4264651.2,1801237.3
2026-09-22 14:45:00,0.9924,1.0015,0.9924,1.0012,1138496.7,701488
2026-09-22 15:00:00,1.0012,1.0096,1.0008,1.0081,1417701.8,799136.3
2026-09-22 15:15:00,1.0081,1.0115,1.0026,1.0097,1032091.4,536399.6
2026-09-22 15:30:00,1.0096,1.0118,1.0054,1.0114,1241324.8,658615.6
2026-09-22 15:45:00,1.0114,1.0155,1.0043,1.0069,882131.2,447283.7
2026-09-22 16:00:00,1.0069,1.0082,0.997,0.998,1570640.3,660507.3
2026-09-22 16:15:00,0.998,1.0031,0.9951,0.9988,1256806.5,646102.3
2026-09-22 16:30:00,0.9988,1.0037,0.9978,1.002,558406.1,287962.1
2026-09-22 16:45:00,1.002,1.007,0.9965,1.0017,1095734.1,673611.4
2026-09-22 17:00:00,1.0017,1.0066,1.001,1.0044,886980.8,426490.3
2026-09-22 17:15:00,1.0044,1.0084,1.002,1.0074,872461.4,550122.8
2026-09-22 17:30:00,1.0075,1.01,1.0034,1.004,1180150,637697.7
2026-09-22 17:45:00,1.0039,1.0096,1.0023,1.0073,970619.5,558926
2026-09-22 18:00:00,1.0072,1.0077,1.003,1.0058,762917.8,434441.2
2026-09-22 18:15:00,1.0057,1.0107,1.0052,1.0062,855054.6,486383.1
2026-09-22 18:30:00,1.0062,1.0114,1.0053,1.0068,1063182.1,545602.7
2026-09-22 18:45:00,1.0067,1.01,1.0059,1.007,582910.5,365446.8
2026-09-22 19:00:00,1.007,1.0146,1.0062,1.0124,746201,441075.8
2026-09-22 19:15:00,1.0125,1.0152,1.0122,1.0151,849547.1,376865.7
2026-09-22 19:30:00,1.0152,1.0155,1.0044,1.0072,1651393,682519.5
2026-09-22 19:45:00,1.0072,1.0075,1.0017,1.0049,711954.8,384254
2026-09-22 20:00:00,1.005,1.0091,1.0005,1.0022,797666.6,381143
2026-09-22 20:15:00,1.0023,1.0121,1.0021,1.0109,659719.6,430572.7
2026-09-22 20:30:00,1.0109,1.012,1.0071,1.0091,366802.1,229573.8
2026-09-22 20:45:00,1.009,1.0119,1.0061,1.0083,778846,437642.7
2026-09-22 21:00:00,1.0084,1.0126,1.0049,1.0062,696341.7,298927.1
2026-09-22 21:15:00,1.0061,1.0203,1.0034,1.0047,1589017.5,1015486.6
2026-09-22 21:30:00,1.0047,1.0108,1.0044,1.0092,903516.6,560563.1
2026-09-22 21:45:00,1.0092,1.0169,1.0091,1.01,1009225.6,473146.3
2026-09-22 22:00:00,1.01,1.013,1.0033,1.009,1115172.2,612843.8
2026-09-22 22:15:00,1.009,1.0203,1.0084,1.0184,1887510.8,1114827
2026-09-22 22:30:00,1.0185,1.0249,1.0178,1.0244,1057625.2,602201
2026-09-22 22:45:00,1.0245,1.0274,1.0199,1.0203,950660.4,366338.2
2026-09-22 23:00:00,1.0203,1.0361,1.0191,1.0314,1465544,861051.1
2026-09-22 23:15:00,1.0313,1.0359,1.0281,1.0309,1083667.2,693498.5
2026-09-22 23:30:00,1.0308,1.0326,1.0198,1.0254,1146155.7,559237.9
2026-09-22 23:45:00,1.0254,1.0271,1.0197,1.0236,974000.2,571587.1
2026-09-23 00:00:00,1.0237,1.03,1.0192,1.0296,924464.6,500889.7
2026-09-23 00:15:00,1.0296,1.037,1.0258,1.0272,1870972,961588.3
2026-09-23 00:30:00,1.0273,1.0312,1.0216,1.022,861969,485723.3
2026-09-23 00:45:00,1.0219,1.025,1.0198,1.0234,646877.6,308263.4
2026-09-23 01:00:00,1.0235,1.0313,1.0222,1.0305,516500.4,324812.9
2026-09-23 01:15:00,1.0306,1.0342,1.0269,1.0293,873659.6,459479.8
2026-09-23 01:30:00,1.0293,1.0293,1.0193,1.0212,1143025.2,617434.6
2026-09-23 01:45:00,1.0212,1.0225,1.0139,1.0197,1150999.5,606359
2026-09-23 02:00:00,1.0196,1.0198,1.0122,1.0175,1854276.6,1163897
2026-09-23 02:15:00,1.0176,1.0251,1.0176,1.0191,643075.1,332019.8
2026-09-23 02:30:00,1.019,1.0245,1.0179,1.0235,439772.5,265581.1
2026-09-23 02:45:00,1.0236,1.0276,1.0226,1.0266,466246.2,258267.8
2026-09-23 03:00:00,1.0266,1.0331,1.0239,1.0301,1036355.3,535190.7
2026-09-23 03:15:00,1.0301,1.0324,1.0272,1.0284,610154.3,323894.5
2026-09-23 03:30:00,1.0284,1.0357,1.0241,1.0353,1316357.6,719836.9
2026-09-23 03:45:00,1.0352,1.0354,1.0243,1.0246,693012.7,300231.5
2026-09-23 04:00:00,1.0247,1.027,1.0191,1.0238,886673.4,502933.7
2026-09-23 04:15:00,1.0237,1.0316,1.0206,1.0289,1206457.8,574909.6
2026-09-23 04:30:00,1.029,1.032,1.0254,1.0271,896604.1,528343
2026-09-23 04:45:00,1.027,1.0309,1.0268,1.0302,715821.3,519781.5
2026-09-23 05:00:00,1.0302,1.0306,1.0191,1.0249,1053829,424817.1
2026-09-23 05:15:00,1.025,1.0311,1.0249,1.0296,599227.7,372943.6
2026-09-23 05:30:00,1.0295,1.033,1.028,1.0296,848449.9,480899.3
2026-09-23 05:45:00,1.0295,1.0319,1.0155,1.0198,1469837.1,642169.4
2026-09-23 06:00:00,1.0198,1.0272,1.0183,1.0252,725255.6,368723
2026-09-23 06:15:00,1.0251,1.0319,1.0251,1.0272,764310.7,462035.5
2026-09-23 06:30:00,1.0271,1.0379,1.0253,1.0331,1468284.5,802598.5
2026-09-23 06:45:00,1.0331,1.035,1.0272,1.0276,710196,382278
2026-09-23 07:00:00,1.0276,1.0306,1.0225,1.0239,1285576.2,685733.4
2026-09-23 07:15:00,1.024,1.032,1.0239,1.0302,1165168.8,592117.7
2026-09-23 07:30:00,1.0303,1.0324,1.0195,1.0231,1038766.4,532944.8
2026-09-23 07:45:00,1.0232,1.0288,1.0224,1.0255,1137048.6,564117.6
2026-09-23 08:00:00,1.0256,1.0277,1.0147,1.0215,1213231.1,573567.7
2026-09-23 08:15:00,1.0216,1.0317,1.0216,1.0236,1129007.4,657105.1
2026-09-23 08:30:00,1.0236,1.0284,1.0218,1.0228,526638.1,303710.9
2026-09-23 08:45:00,1.0228,1.0235,1.0057,1.0117,2410237,1010805.4
2026-09-23 09:00:00,1.0117,1.0211,1.0109,1.0186,749740.9,388454.5
2026-09-23 09:15:00,1.0186,1.0254,1.0158,1.0225,1172660.4,619756.8
2026-09-23 09:30:00,1.0226,1.0258,1.0153,1.0155,650143.1,318450
2026-09-23 09:45:00,1.0156,1.0193,1.0112,1.0146,1209940.1,631413.8
2026-09-23 10:00:00,1.0145,1.0177,1.0087,1.0119,967967.6,518682.3
2026-09-23 10:15:00,1.0118,1.0149,1.0073,1.0141,805108.8,409701.2
2026-09-23 10:30:00,1.0142,1.0185,1.0081,1.0157,1422421.5,670870.1
2026-09-23 10:45:00,1.0157,1.0204,1.0127,1.0193,998189.6,610542.8
2026-09-23 11:00:00,1.0193,1.0206,1.0145,1.0158,1088548.5,597737.6
2026-09-23 11:15:00,1.0158,1.0166,1.0037,1.0076,1029916.7,435212.8
2026-09-23 11:30:00,1.0076,1.0092,1,1.0072,1358910.5,472791.1
2026-09-23 11:45:00,1.0071,1.015,1.007,1.0148,678923.2,497578.2
2026-09-23 12:00:00,1.0147,1.0176,1.0071,1.0125,1593610.8,849506.9
2026-09-23 12:15:00,1.0126,1.0175,1.0088,1.0114,1192150.1,705792.8
2026-09-23 12:30:00,1.0114,1.0185,1.011,1.0124,1140699.2,619791.3
2026-09-23 12:45:00,1.0124,1.0152,1.0087,1.0116,647503.6,391566.1
2026-09-23 13:00:00,1.0115,1.012,0.9969,1.0001,3108800.3,1713841.2
2026-09-23 13:15:00,1.0002,1.0128,1.0002,1.0091,1391280.4,870026.2
2026-09-23 13:30:00,1.0091,1.0151,1.0066,1.0109,1528984.5,926233.3
2026-09-23 13:45:00,1.0108,1.0112,1.0034,1.007,567840,298538.4
2026-09-23 14:00:00,1.007,1.0132,0.9449,0.9744,9596019.6,4173171.1
2026-09-23 14:15:00,0.9743,0.9763,0.9515,0.9536,7024957.6,3135609.5
2026-09-23 14:30:00,0.9536,0.9748,0.9486,0.9702,4528774.9,2319523.1
2026-09-23 14:45:00,0.9702,0.9819,0.9658,0.9807,2523797.1,1563474.1
2026-09-23 15:00:00,0.9808,0.9878,0.9787,0.98,1861393.3,904910.7
2026-09-23 15:15:00,0.9801,0.985,0.9698,0.9713,1118068.4,409461.1
2026-09-23 15:30:00,0.9714,0.9724,0.9584,0.9613,1552178.3,622047.4
2026-09-23 15:45:00,0.9615,0.9629,0.9534,0.9554,2727577,1070101
2026-09-23 16:00:00,0.9553,0.9656,0.9324,0.9634,5354760,2546796.8
2026-09-23 16:15:00,0.9634,0.9652,0.9582,0.9593,957479.8,347351.9
2026-09-23 16:30:00,0.9594,0.9628,0.9548,0.9595,666866.7,299683.8
2026-09-23 16:45:00,0.9595,0.9632,0.9541,0.9623,752377.1,418139.6
2026-09-23 17:00:00,0.9623,0.9646,0.9498,0.9542,1251584.7,541481.6
2026-09-23 17:15:00,0.9541,0.9675,0.9538,0.9648,976171.4,508929
2026-09-23 17:30:00,0.9648,0.9687,0.9618,0.9673,617382.4,366229.6
2026-09-23 17:45:00,0.9673,0.9711,0.9666,0.969,728380.6,459209.3
2026-09-23 18:00:00,0.969,0.9722,0.9631,0.9682,1566823.4,953901.2
2026-09-23 18:15:00,0.9681,0.9714,0.9638,0.9644,1183689.2,665702.5
2026-09-23 18:30:00,0.9643,0.969,0.9632,0.9681,688467.3,405431.6
2026-09-23 18:45:00,0.9681,0.9745,0.9658,0.9675,564861.2,260065.7
2026-09-23 19:00:00,0.9675,0.9702,0.9635,0.9649,614363.6,242402.6
2026-09-23 19:15:00,0.9649,0.9693,0.9622,0.9665,626895.5,342742.5
2026-09-23 19:30:00,0.9666,0.9686,0.9628,0.963,283947.7,168355.9
2026-09-23 19:45:00,0.9628,0.9687,0.9599,0.9605,463466.5,242038.8
2026-09-23 20:00:00,0.9606,0.9642,0.9576,0.9608,387302.3,215492.2
2026-09-23 20:15:00,0.9606,0.9651,0.9558,0.958,503269,198441
2026-09-23 20:30:00,0.958,0.9616,0.9576,0.9593,276542.8,186667.1
2026-09-23 20:45:00,0.9594,0.9599,0.9544,0.9552,782404.2,464664.8
2026-09-23 21:00:00,0.9552,0.9601,0.9541,0.9598,714109,399808.6
2026-09-23 21:15:00,0.9599,0.9617,0.9565,0.9613,457041.4,220056.9
2026-09-23 21:30:00,0.9613,0.968,0.9605,0.9667,533758.2,260718.7
2026-09-23 21:45:00,0.9667,0.9691,0.9631,0.9631,316562.9,195746
2026-09-23 22:00:00,0.9631,0.9722,0.9625,0.9662,584119.7,317946.5
2026-09-23 22:15:00,0.9663,0.9672,0.9593,0.9593,377326.2,147099.7
2026-09-23 22:30:00,0.9592,0.9613,0.9575,0.9613,983634.3,559098.4
2026-09-23 22:45:00,0.9613,0.9646,0.9606,0.9615,195396.6,93286.8
2026-09-23 23:00:00,0.9615,0.964,0.9592,0.9625,297596.2,204003.2
2026-09-23 23:15:00,0.9624,0.9639,0.9602,0.9613,160757.6,101494.9
2026-09-23 23:30:00,0.9612,0.9614,0.954,0.9559,280108.5,132952.4
2026-09-23 23:45:00,0.9559,0.9601,0.9548,0.9601,203747.8,121418.1
2026-09-24 00:00:00,0.9601,0.9634,0.9563,0.957,302887.6,164365.8
2026-09-24 00:15:00,0.957,0.9624,0.957,0.9617,419855.1,195268.2
2026-09-24 00:30:00,0.9618,0.9634,0.9563,0.9567,237920.9,118586.3
2026-09-24 00:45:00,0.9567,0.9573,0.9515,0.9553,513875.6,168888.4
2026-09-24 01:00:00,0.9554,0.9581,0.9543,0.9567,531129.7,372924.3
2026-09-24 01:15:00,0.9568,0.9588,0.9533,0.9573,698204.7,201584.4
2026-09-24 01:30:00,0.9572,0.9638,0.9542,0.9557,780114.4,455187
2026-09-24 01:45:00,0.9556,0.9572,0.9527,0.9543,363281.4,176926
2026-09-24 02:00:00,0.9543,0.9554,0.9456,0.9512,841236.4,371572.4
2026-09-24 02:15:00,0.9513,0.9592,0.9509,0.9581,556116.4,271396.2
2026-09-24 02:30:00,0.9581,0.9666,0.9563,0.9663,433848.6,260626.4
2026-09-24 02:45:00,0.9663,0.9728,0.9661,0.9677,744052.9,470755
2026-09-24 03:00:00,0.9678,0.9743,0.9651,0.9698,785369.9,497198
2026-09-24 03:15:00,0.9698,0.9714,0.9628,0.9643,408099.5,196300.2
2026-09-24 03:30:00,0.9643,0.9648,0.9582,0.962,408462.5,147294.4
2026-09-24 03:45:00,0.962,0.9655,0.959,0.9612,314721.6,128877
2026-09-24 04:00:00,0.9613,0.9656,0.9579,0.9599,362764.5,153408.5
2026-09-24 04:15:00,0.9599,0.9629,0.9572,0.9629,421335,246684.5
2026-09-24 04:30:00,0.963,0.9633,0.9592,0.9596,246374.9,84906
2026-09-24 04:45:00,0.9597,0.966,0.9568,0.9654,334930.3,207114.3
2026-09-24 05:00:00,0.9654,0.9786,0.9652,0.9719,651865.9,378122.8
2026-09-24 05:15:00,0.972,0.973,0.9672,0.9685,240197.2,161085.6
2026-09-24 05:30:00,0.9685,0.9703,0.9641,0.968,275581.7,140535.4
2026-09-24 05:45:00,0.9679,0.9705,0.9613,0.9618,501591.3,319947.3
2026-09-24 06:00:00,0.9618,0.9642,0.9593,0.9618,340970.2,184620.5
2026-09-24 06:15:00,0.9619,0.9631,0.959,0.9628,336611.5,238785.5
2026-09-24 06:30:00,0.9627,0.9652,0.9625,0.9648,352006.7,219133.8
2026-09-24 06:45:00,0.9648,0.9662,0.9626,0.9637,437348.6,136509.7
2026-09-24 07:00:00,0.9637,0.9641,0.9579,0.962,358066.2,171299
2026-09-24 07:15:00,0.962,0.9656,0.9608,0.9652,180509.5,109666.2
2026-09-24 07:30:00,0.9653,0.9696,0.9635,0.9677,763561.7,295419.4
2026-09-24 07:45:00,0.9676,0.9722,0.9669,0.9696,540204.3,306399.5
2026-09-24 08:00:00,0.9696,0.9727,0.9667,0.9668,756769.5,395398.9
2026-09-24 08:15:00,0.9669,0.9693,0.9577,0.9578,890257.2,510084.8
2026-09-24 08:30:00,0.9578,0.9609,0.9545,0.9548,924245.5,359964.2
2026-09-24 08:45:00,0.9549,0.9572,0.9488,0.9572,724913.6,277697.2
2026-09-24 09:00:00,0.9573,0.9595,0.9478,0.9481,566452.9,193542.1
2026-09-24 09:15:00,0.9482,0.9496,0.9422,0.9437,1201873.3,616041.6
2026-09-24 09:30:00,0.9436,0.9456,0.9357,0.9401,1686146.3,786766.5
2026-09-24 09:45:00,0.94,0.9445,0.9395,0.9414,655652,299944.6
2026-09-24 10:00:00,0.9414,0.9449,0.9398,0.9424,586083.7,286499.2
2026-09-24 10:15:00,0.9424,0.9454,0.9391,0.9414,874628.3,392368.2
2026-09-24 10:30:00,0.9414,0.942,0.9375,0.9407,465250.4,253440
2026-09-24 10:45:00,0.9407,0.9468,0.9399,0.9466,458173.6,240873.4
2026-09-24 11:00:00,0.9465,0.9506,0.9465,0.9503,417405.9,266255
2026-09-24 11:15:00,0.9503,0.9527,0.9493,0.9497,320994.5,178699.5
2026-09-24 11:30:00,0.9497,0.9521,0.9486,0.9507,431429.8,235881.1
2026-09-24 11:45:00,0.9507,0.9535,0.9475,0.9524,626917,272246.9
2026-09-24 12:00:00,0.9524,0.9584,0.9486,0.9557,559688.8,273640.9
2026-09-24 12:15:00,0.9556,0.9578,0.9518,0.9555,329053.4,170167.8
2026-09-24 12:30:00,0.9556,0.9565,0.9491,0.9549,405311.5,186753.9
2026-09-24 12:45:00,0.9548,0.961,0.9529,0.9601,515554.3,315364.2
2026-09-24 13:00:00,0.9601,0.9689,0.96,0.968,598099.5,383627.5
2026-09-24 13:15:00,0.968,0.978,0.9669,0.9775,1214881.4,705181.9
2026-09-24 13:30:00,0.9775,0.9917,0.9757,0.9816,2856423,1598548.8
2026-09-24 13:45:00,0.9817,0.9891,0.9806,0.9888,1336271.4,777907.4
2026-09-24 14:00:00,0.9888,1.0065,0.9871,1.0009,2171538.3,1156654.4
2026-09-24 14:15:00,1.0009,1.0197,0.9975,1.0192,2632474,1425654.6
2026-09-24 14:30:00,1.0191,1.0236,1.0101,1.0117,3487799.6,1973187.3
2026-09-24 14:45:00,1.0118,1.0118,0.9797,0.9897,4749313.2,2281455.7
2026-09-24 15:00:00,0.9897,1.0005,0.9858,0.9924,2584143.2,1768283.8
2026-09-24 15:15:00,0.9923,1.0051,0.9906,1.001,2011472.6,1421497.4
2026-09-24 15:30:00,1.0012,1.0125,1.0003,1.0103,1367137.4,873402.3
2026-09-24 15:45:00,1.0103,1.0109,1.0019,1.0025,1286169.1,745212
2026-09-24 16:00:00,1.0026,1.0034,0.994,1.0019,1120772,688604.4
2026-09-24 16:15:00,1.0019,1.0157,1.0019,1.0124,1541085.6,985792.8
2026-09-24 16:30:00,1.0124,1.0199,1.0075,1.0128,888202.2,602688.2
2026-09-24 16:45:00,1.0129,1.0179,1.0107,1.0161,574890.7,273468.5
2026-09-24 17:00:00,1.016,1.0177,1.0089,1.0161,694407,377566.2
2026-09-24 17:15:00,1.0162,1.0208,1.0135,1.0196,640717.7,338331.1
2026-09-24 17:30:00,1.0197,1.0215,1.0043,1.0062,707786.7,362722.2
2026-09-24 17:45:00,1.0063,1.0097,1.0019,1.0052,592550.4,279587.5
2026-09-24 18:00:00,1.0052,1.0098,0.9965,1.0057,972841.2,566917.3
2026-09-24 18:15:00,1.0057,1.01,1.0021,1.0084,560795,382249.1
2026-09-24 18:30:00,1.0085,1.0105,0.9979,0.9997,705818.3,387236.2
2026-09-24 18:45:00,0.9998,1.0085,0.9995,1.0059,413052.5,252152.5
2026-09-24 19:00:00,1.006,1.0073,1.0002,1.0065,455765.3,298824.9
2026-09-24 19:15:00,1.0066,1.0166,1.0066,1.0166,585932.1,394951.4
2026-09-24 19:30:00,1.0167,1.0196,1.0107,1.0163,863876.4,443320.8
2026-09-24 19:45:00,1.0164,1.0293,1.0138,1.029,1550948.4,990507.9
2026-09-24 20:00:00,1.0289,1.0315,1.0195,1.0199,1573779.1,846059.2
2026-09-24 20:15:00,1.0199,1.0285,1.019,1.023,812730.9,421702.3
2026-09-24 20:30:00,1.0231,1.0237,1.0172,1.0183,625745.5,222516.5
2026-09-24 20:45:00,1.0183,1.0236,1.0168,1.0201,823918,588041.4
2026-09-24 21:00:00,1.0201,1.0235,1.0159,1.0223,583426.6,362102.9
2026-09-24 21:15:00,1.0222,1.0265,1.0204,1.0231,361187.5,178138.1
2026-09-24 21:30:00,1.0231,1.0287,1.0218,1.0231,420239.5,280990.9
2026-09-24 21:45:00,1.023,1.0233,1.0123,1.013,396313,198775.3
2026-09-24 22:00:00,1.013,1.013,1.0051,1.008,417109.5,199595.6
2026-09-24 22:15:00,1.008,1.0091,1,1.0049,556070.7,179116.6
2026-09-24 22:30:00,1.005,1.0086,1.0029,1.0038,281308.2,156835.3
2026-09-24 22:45:00,1.0038,1.0064,1.0021,1.0051,225101.7,123005.2
2026-09-24 23:00:00,1.0051,1.0145,1.005,1.0096,397969.5,160856.9
2026-09-24 23:15:00,1.0096,1.0134,1.0082,1.0118,351925.1,243881
2026-09-24 23:30:00,1.0118,1.0139,1.0095,1.0103,212165.6,114149.1
2026-09-24 23:45:00,1.0103,1.0145,1.0103,1.0141,247739.1,157046.4
2026-09-25 00:00:00,1.014,1.0274,1.0132,1.0274,552020.2,288348.6
2026-09-25 00:15:00,1.0275,1.0361,1.023,1.025,1653701.3,851721
2026-09-25 00:30:00,1.0249,1.0346,1.0231,1.0296,922286.8,537223.8
2026-09-25 00:45:00,1.0294,1.0556,1.0274,1.0553,1897326.7,1175085.6
2026-09-25 01:00:00,1.0554,1.0598,1.0435,1.0437,2239835.3,1201753.3
2026-09-25 01:15:00,1.0437,1.0496,1.0327,1.0331,1268739.6,549366.6
2026-09-25 01:30:00,1.0332,1.0341,1.0209,1.0244,1496192.6,689328.9
2026-09-25 01:45:00,1.0244,1.0279,1.0215,1.0274,947955,543881.1
2026-09-25 02:00:00,1.0275,1.0341,1.0259,1.0293,1309945.4,645177.6
2026-09-25 02:15:00,1.0293,1.0317,1.0192,1.0215,1154493.2,492780
2026-09-25 02:30:00,1.0215,1.0217,1.0076,1.0107,1636136.2,578803.5
2026-09-25 02:45:00,1.0107,1.0125,1.005,1.0075,1054841.9,551801
2026-09-25 03:00:00,1.0074,1.0145,1.0053,1.0086,1620647.3,1107706.6
2026-09-25 03:15:00,1.0087,1.0123,1.0076,1.0081,669815,314159.2
2026-09-25 03:30:00,1.0081,1.0118,1.0058,1.0093,702369,318409.3
2026-09-25 03:45:00,1.0094,1.0126,1.008,1.0119,389233,244328
2026-09-25 04:00:00,1.0119,1.0155,1.0091,1.0114,478133.4,268120.7
2026-09-25 04:15:00,1.0114,1.0169,1.0111,1.0144,364959.5,212873.5
2026-09-25 04:30:00,1.0144,1.0203,1.0133,1.0179,370529.7,211399.1
2026-09-25 04:45:00,1.018,1.0181,1.011,1.0131,1065664.1,363395.3
2026-09-25 05:00:00,1.0131,1.0158,1.0087,1.0089,598526.1,355719.8
2026-09-25 05:15:00,1.009,1.0146,1.0084,1.0106,396726.6,208158.9
2026-09-25 05:30:00,1.0106,1.015,1.0074,1.0129,378361.2,203997.2
2026-09-25 05:45:00,1.013,1.0172,1.0127,1.0172,282079.5,107528.3
2026-09-25 06:00:00,1.0171,1.0188,1.0094,1.0121,679117.8,289977
2026-09-25 06:15:00,1.0122,1.0225,1.0111,1.0159,524645.1,336782.9
2026-09-25 06:30:00,1.0159,1.0186,1.0097,1.0113,534033.2,243845.2
2026-09-25 06:45:00,1.0114,1.0126,1.0087,1.0108,515938.8,348440.2
2026-09-25 07:00:00,1.0109,1.0154,1.0078,1.0098,1086283.6,873762
2026-09-25 07:15:00,1.0099,1.0184,1.0099,1.0151,913832.6,645456.3
2026-09-25 07:30:00,1.0151,1.0157,1.0056,1.0095,552462.1,256177.8
2026-09-25 07:45:00,1.0094,1.0138,1.0079,1.0137,489905.6,247469
2026-09-25 08:00:00,1.0136,1.02,1.0133,1.0188,472023.1,286519.9
2026-09-25 08:15:00,1.0189,1.0335,1.0189,1.0303,1438177.8,932848.9
2026-09-25 08:30:00,1.0304,1.0341,1.0245,1.0266,1120913.7,365082.4
2026-09-25 08:45:00,1.0267,1.031,1.0223,1.0303,484193.6,313347.3
2026-09-25 09:00:00,1.0302,1.0429,1.0282,1.0402,1048864.3,559145.7
2026-09-25 09:15:00,1.0403,1.0434,1.0339,1.043,867506.9,417909.8
2026-09-25 09:30:00,1.043,1.0443,1.04,1.0436,958206.2,602424.6
2026-09-25 09:45:00,1.0435,1.0452,1.0368,1.0436,2292835.8,1345294.9
2026-09-25 10:00:00,1.0436,1.0471,1.0361,1.0365,1388522.5,809372.6
2026-09-25 10:15:00,1.0365,1.049,1.0352,1.0487,980502.6,706308.8
2026-09-25 10:30:00,1.0488,1.0579,1.0461,1.0546,2270754.3,1571885.6
2026-09-25 10:45:00,1.0547,1.0755,1.0528,1.0714,3206066.9,1912407.2
2026-09-25 11:00:00,1.0714,1.0977,1.0661,1.0977,3722285.9,2098359.4
2026-09-25 11:15:00,1.0976,1.1458,1.0969,1.142,8721341.3,4939456.7
2026-09-25 11:30:00,1.1419,1.1517,1.1269,1.1336,7971241,4440746.3
2026-09-25 11:45:00,1.1335,1.1434,1.1292,1.1395,3193069.6,1818131.9
2026-09-25 12:00:00,1.1395,1.1615,1.1281,1.1361,5747259.4,3063378
2026-09-25 12:15:00,1.1364,1.1386,1.1095,1.1385,4106978.3,2115337.4
2026-09-25 12:30:00,1.1385,1.1485,1.1333,1.1421,3334410.2,1962766.1
2026-09-25 12:45:00,1.1423,1.1518,1.1347,1.1467,2314460.7,1201355.5
2026-09-25 13:00:00,1.1467,1.1468,1.1307,1.1337,2244153.5,1165240.7
2026-09-25 13:15:00,1.1335,1.1417,1.124,1.1285,3209292.5,1436144.2
2026-09-25 13:30:00,1.1285,1.1382,1.1169,1.1282,3057054.8,1498944.1
2026-09-25 13:45:00,1.1282,1.1283,1.1121,1.121,3040436.9,1522620.5
2026-09-25 14:00:00,1.121,1.1242,1.0936,1.1072,4384182.6,1975232
2026-09-25 14:15:00,1.1073,1.1176,1.1041,1.1116,2313885.6,1108812.5
2026-09-25 14:30:00,1.1117,1.1249,1.1092,1.1108,1557362.5,799508.2
2026-09-25 14:45:00,1.1108,1.1296,1.1052,1.1287,1705037.4,927814.5
2026-09-25 15:00:00,1.1286,1.1356,1.1193,1.1213,1993612.4,1031829.4
2026-09-25 15:15:00,1.1214,1.1219,1.1079,1.1083,1580763.4,767099.1
2026-09-25 15:30:00,1.1084,1.1117,1.0922,1.0972,2525499,1494273.9
2026-09-25 15:45:00,1.0972,1.1027,1.0901,1.1019,1932023.9,1094183.4
2026-09-25 16:00:00,1.102,1.1162,1.101,1.1109,1651746,964058.1
2026-09-25 16:15:00,1.1109,1.1191,1.1049,1.1148,1059143.1,548624.8
2026-09-25 16:30:00,1.1149,1.1212,1.1114,1.1169,1526402.2,830728.1
2026-09-25 16:45:00,1.117,1.1177,1.1054,1.1064,1183532.5,572126.1
2026-09-25 17:00:00,1.1063,1.1198,1.106,1.119,981237.9,557190.9
2026-09-25 17:15:00,1.119,1.1291,1.1132,1.1138,1603000.1,889234.1
2026-09-25 17:30:00,1.1138,1.1264,1.1113,1.1237,1121906.6,520739.8
2026-09-25 17:45:00,1.1236,1.1243,1.118,1.1235,505919.6,265109.7
2026-09-25 18:00:00,1.1235,1.1356,1.1222,1.1321,1562525.1,939082.2
2026-09-25 18:15:00,1.132,1.1404,1.1235,1.1262,1964773.7,1067751.4
2026-09-25 18:30:00,1.1261,1.1373,1.1253,1.1352,812328.9,399169.2
2026-09-25 18:45:00,1.1353,1.1395,1.1332,1.1371,1193941.3,644086.9
2026-09-25 19:00:00,1.1371,1.1377,1.1323,1.137,881093.4,380956.3
2026-09-25 19:15:00,1.137,1.137,1.1292,1.1338,1041398,572982.5
2026-09-25 19:30:00,1.1339,1.1457,1.1327,1.138,1263330.6,790719.8
2026-09-25 19:45:00,1.138,1.1506,1.1377,1.1438,2126893.9,1160953
2026-09-25 20:00:00,1.1439,1.1648,1.1439,1.1521,2700169.9,1485885.1
2026-09-25 20:15:00,1.152,1.17,1.1507,1.1674,1935463.1,1159975.4
2026-09-25 20:30:00,1.1674,1.1857,1.1673,1.1856,2791371.2,1483467.4
2026-09-25 20:45:00,1.1855,1.1871,1.1666,1.1679,2018370.6,904983.7
2026-09-25 21:00:00,1.1679,1.174,1.1544,1.1593,2006690.8,940371.1
2026-09-25 21:15:00,1.1593,1.1611,1.1512,1.1565,998973.8,470625.5
2026-09-25 21:30:00,1.1566,1.1618,1.1501,1.1595,849353.9,426390.8
2026-09-25 21:45:00,1.1595,1.1656,1.1569,1.1584,669717.7,347922
2026-09-25 22:00:00,1.1583,1.1815,1.1542,1.1806,1901742.8,1250501
2026-09-25 22:15:00,1.1806,1.1976,1.1801,1.1922,3234509.7,1895295.4
2026-09-25 22:30:00,1.1922,1.1976,1.1873,1.1908,1714775.6,935478
2026-09-25 22:45:00,1.1908,1.192,1.1827,1.1852,1325801.5,668639.2
2026-09-25 23:00:00,1.1852,1.21,1.1818,1.2086,2988762.4,1848714.3
2026-09-25 23:15:00,1.2085,1.2179,1.1983,1.1994,2820156.1,1771929.2
2026-09-25 23:30:00,1.1995,1.2079,1.1958,1.2004,939805.3,436711.6
2026-09-25 23:45:00,1.2004,1.204,1.1913,1.1949,1540410.3,658442
2026-09-26 00:00:00,1.1949,1.198,1.1844,1.1881,2780523.1,1299983.4
2026-09-26 00:15:00,1.188,1.2049,1.1834,1.1965,2349015.5,1219837.2
2026-09-26 00:30:00,1.1967,1.2007,1.1777,1.1827,2410005.1,1266052.4
2026-09-26 00:45:00,1.1826,1.1847,1.1754,1.1789,1068726.9,607248.1
2026-09-26 01:00:00,1.1788,1.1832,1.1762,1.1766,979791.7,479671.9
2026-09-26 01:15:00,1.1766,1.1897,1.1724,1.1752,1099928,524025.7
2026-09-26 01:30:00,1.1753,1.1845,1.1739,1.1821,1026281,553929.2
2026-09-26 01:45:00,1.1822,1.1859,1.1783,1.1806,653701.8,327945.4
2026-09-26 02:00:00,1.1806,1.1869,1.1695,1.1864,1047645.4,558088.3
2026-09-26 02:15:00,1.1864,1.1864,1.1763,1.1784,483617.2,220179.6
2026-09-26 02:30:00,1.1783,1.1814,1.1704,1.1759,954761.5,492002.8
2026-09-26 02:45:00,1.1759,1.1783,1.1688,1.1731,811424.3,328216.8
2026-09-26 03:00:00,1.1731,1.1745,1.1655,1.1688,1025075.4,291814.5
2026-09-26 03:15:00,1.1688,1.1717,1.167,1.1706,366523.9,175608.9
2026-09-26 03:30:00,1.1705,1.1736,1.1682,1.1694,623060.3,302932.1
2026-09-26 03:45:00,1.1695,1.1704,1.1634,1.1692,867558.5,469954.4
2026-09-26 04:00:00,1.1691,1.1761,1.1683,1.1714,769770.7,421494.6
2026-09-26 04:15:00,1.1714,1.1758,1.1638,1.1649,1195630.9,758779.3
2026-09-26 04:30:00,1.1649,1.1685,1.1633,1.1668,673881.7,293869.2
2026-09-26 04:45:00,1.1669,1.1679,1.1648,1.1651,270674.5,134678.8
2026-09-26 05:00:00,1.1652,1.1652,1.1576,1.1584,630531.7,323401.6
2026-09-26 05:15:00,1.1584,1.1626,1.1557,1.1605,514784.5,245490.9
2026-09-26 05:30:00,1.1604,1.1631,1.1572,1.162,801192.5,451798.2
2026-09-26 05:45:00,1.1619,1.1626,1.1558,1.1565,403068.1,119197.1
2026-09-26 06:00:00,1.1565,1.1574,1.1528,1.1556,733675.6,306566.5
2026-09-26 06:15:00,1.1556,1.1574,1.1541,1.1541,466208,187400.9
2026-09-26 06:30:00,1.154,1.1587,1.1523,1.1534,546986.2,276647.5
2026-09-26 06:45:00,1.1535,1.1552,1.1508,1.1513,686052.6,279972.3
2026-09-26 07:00:00,1.1512,1.1603,1.1507,1.1593,837657.2,485789
2026-09-26 07:15:00,1.1593,1.1599,1.1568,1.1593,445500.9,247984.3
2026-09-26 07:30:00,1.1593,1.1646,1.1592,1.1633,777123,465641
2026-09-26 07:45:00,1.1632,1.1675,1.1606,1.1628,836649.5,535998.1
2026-09-26 08:00:00,1.1627,1.1639,1.1559,1.1576,816369.4,498351.5
2026-09-26 08:15:00,1.1575,1.1586,1.1535,1.1582,523401.4,289133
2026-09-26 08:30:00,1.1583,1.1669,1.1583,1.165,921454.2,481269.4
2026-09-26 08:45:00,1.1649,1.1678,1.1636,1.1638,583261.8,304462.2
2026-09-26 09:00:00,1.1638,1.1671,1.1542,1.1574,765907.9,468760.8
2026-09-26 09:15:00,1.1574,1.1612,1.1551,1.1574,791195.9,437659
2026-09-26 09:30:00,1.1574,1.1633,1.155,1.1603,442967.7,243194.3
2026-09-26 09:45:00,1.1603,1.1664,1.16,1.1638,1085850.5,410601.4
2026-09-26 10:00:00,1.1637,1.1749,1.1636,1.172,1166361.6,829535.2
2026-09-26 10:15:00,1.172,1.1907,1.1716,1.1869,3194290.6,2277172.4
2026-09-26 10:30:00,1.1869,1.1883,1.1789,1.1809,1847596.1,1187887
2026-09-26 10:45:00,1.181,1.1911,1.1797,1.1881,1192199.2,744705.7
2026-09-26 11:00:00,1.1881,1.1925,1.1818,1.1858,1169544.2,539217
2026-09-26 11:15:00,1.1859,1.1885,1.1829,1.1858,828255.6,390318.1
2026-09-26 11:30:00,1.1858,1.1862,1.1799,1.1821,1084392.8,311896.5
2026-09-26 11:45:00,1.1821,1.1825,1.178,1.1782,587020.4,186091
2026-09-26 12:00:00,1.1783,1.18,1.1736,1.1782,984754.4,358012.4
2026-09-26 12:15:00,1.1782,1.1842,1.1781,1.1794,1118747.3,480728.8
2026-09-26 12:30:00,1.1795,1.1807,1.1664,1.1691,1029338.1,367086.2
2026-09-26 12:45:00,1.1691,1.1725,1.1689,1.171,433122.1,190153.8
2026-09-26 13:00:00,1.171,1.1757,1.1642,1.1666,1099961,401953.9
2026-09-26 13:15:00,1.1666,1.1685,1.155,1.1655,1758867.5,725805.7
2026-09-26 13:30:00,1.1654,1.171,1.1643,1.17,966193.3,448768
2026-09-26 13:45:00,1.1701,1.1772,1.1698,1.1754,698247.1,453964.2
2026-09-26 14:00:00,1.1754,1.1805,1.1726,1.1799,703198.1,315225.1
2026-09-26 14:15:00,1.1798,1.1798,1.1733,1.1737,367769.8,127938.6
2026-09-26 14:30:00,1.1737,1.178,1.1699,1.1749,883030.9,347297.2
2026-09-26 14:45:00,1.1749,1.1789,1.174,1.1762,298441.8,171838
2026-09-26 15:00:00,1.1762,1.1782,1.1735,1.1752,399355,193485.6
2026-09-26 15:15:00,1.1751,1.1827,1.1749,1.1803,717459.7,475424.3
2026-09-26 15:30:00,1.1803,1.1845,1.1773,1.1793,795160,358287.8
2026-09-26 15:45:00,1.1793,1.185,1.1776,1.1838,783372.2,472069.8
2026-09-26 16:00:00,1.1838,1.1856,1.1777,1.1784,361320.3,163512.6
2026-09-26 16:15:00,1.1783,1.184,1.1781,1.1806,326514.1,193849.7
2026-09-26 16:30:00,1.1807,1.1857,1.1805,1.1822,404792.3,204512.8
2026-09-26 16:45:00,1.1822,1.1861,1.1817,1.1858,482919.1,260815.6
2026-09-26 17:00:00,1.1858,1.1866,1.1792,1.1801,400502.8,168585.4
2026-09-26 17:15:00,1.18,1.1806,1.1753,1.1799,535656.5,235090
2026-09-26 17:30:00,1.1799,1.1834,1.1763,1.1784,576534.8,312363.9
2026-09-26 17:45:00,1.1784,1.1791,1.1753,1.1778,428946,183237.5
2026-09-26 18:00:00,1.1778,1.1789,1.1729,1.1772,480232.9,234868.3
2026-09-26 18:15:00,1.1772,1.1775,1.1717,1.1744,345413.1,162504.9
2026-09-26 18:30:00,1.1745,1.1751,1.1639,1.1639,353675.8,120182.4
2026-09-26 18:45:00,1.164,1.1649,1.1565,1.1573,741078.7,206720.3
2026-09-26 19:00:00,1.1573,1.1658,1.1571,1.1648,555122.1,245874.2
2026-09-26 19:15:00,1.1648,1.1659,1.1623,1.1634,142479.2,79967.1
2026-09-26 19:30:00,1.1633,1.1633,1.1585,1.1614,303996.6,114563.3
2026-09-26 19:45:00,1.1613,1.1628,1.1597,1.1601,217535.8,115113.6
2026-09-26 20:00:00,1.1602,1.164,1.1541,1.1584,671029.2,222907.8
2026-09-26 20:15:00,1.1584,1.159,1.154,1.1584,518533.1,222838.2
2026-09-26 20:30:00,1.1583,1.1583,1.1332,1.1381,2460354.5,1036639.1
2026-09-26 20:45:00,1.1381,1.1444,1.1296,1.1434,1300887.8,670056.2
2026-09-26 21:00:00,1.1435,1.1488,1.1429,1.1466,710690.4,376590.1
2026-09-26 21:15:00,1.1465,1.1552,1.1463,1.1552,523106.3,383718.8
2026-09-26 21:30:00,1.1553,1.1583,1.1526,1.1535,505216.2,218623.7
2026-09-26 21:45:00,1.1534,1.1538,1.1495,1.1534,250929.2,129001.6
2026-09-26 22:00:00,1.1534,1.1616,1.1526,1.1597,804132.5,430742.5
2026-09-26 22:15:00,1.1598,1.1604,1.1563,1.1595,477068,289038.5
2026-09-26 22:30:00,1.1594,1.1595,1.1561,1.1563,201571.9,102444.4
2026-09-26 22:45:00,1.1563,1.1595,1.1543,1.1556,223670.5,104087
2026-09-26 23:00:00,1.1556,1.1624,1.1553,1.1612,246544.4,157047.9
2026-09-26 23:15:00,1.1613,1.1624,1.1572,1.1585,326757.9,181425
2026-09-26 23:30:00,1.1584,1.1618,1.1583,1.1604,175323.3,54998.8
2026-09-26 23:45:00,1.1605,1.166,1.1605,1.1632,366210,241986.2
2026-09-27 00:00:00,1.1633,1.1699,1.16,1.1653,866647.9,505199.8
2026-09-27 00:15:00,1.1654,1.1728,1.1629,1.1676,585328.8,337511.9
2026-09-27 00:30:00,1.1675,1.174,1.1662,1.1713,516457.5,319605.4
2026-09-27 00:45:00,1.1714,1.1723,1.1634,1.1646,571411.7,212374.7
2026-09-27 01:00:00,1.1646,1.1668,1.16,1.1667,481296.9,252435.6
2026-09-27 01:15:00,1.1666,1.1691,1.1613,1.1659,302542.3,178923.1
2026-09-27 01:30:00,1.166,1.1796,1.165,1.1773,832049.7,518951.9
2026-09-27 01:45:00,1.1772,1.182,1.1738,1.1805,908907.3,546331.1
2026-09-27 02:00:00,1.1805,1.1907,1.1804,1.1866,1269883.1,747171.9
2026-09-27 02:15:00,1.1867,1.1883,1.1771,1.1787,643704.5,231264.1
2026-09-27 02:30:00,1.1786,1.1792,1.1741,1.176,263713.4,138931.6
2026-09-27 02:45:00,1.1759,1.1788,1.1716,1.1734,255403.7,147025.7
2026-09-27 03:00:00,1.1733,1.1789,1.1719,1.1751,283178.4,131313.6
2026-09-27 03:15:00,1.175,1.175,1.169,1.171,252873.9,87923
2026-09-27 03:30:00,1.171,1.1718,1.1689,1.1701,247521.6,133908.1
2026-09-27 03:45:00,1.1701,1.173,1.1682,1.1705,201981.2,96993
2026-09-27 04:00:00,1.1705,1.1707,1.1638,1.1693,529306.8,202941.7
2026-09-27 04:15:00,1.1692,1.1701,1.162,1.1631,211559.6,86614.3
2026-09-27 04:30:00,1.1632,1.1641,1.1553,1.1559,495866.1,180714.9
2026-09-27 04:45:00,1.1559,1.1607,1.1543,1.1592,455770.4,240361.4
2026-09-27 05:00:00,1.1592,1.1685,1.1576,1.1661,275202.4,177889.2
2026-09-27 05:15:00,1.1662,1.1748,1.1658,1.1687,243006.2,156957.7
2026-09-27 05:30:00,1.1688,1.1832,1.1688,1.1777,936291.9,455041.6
2026-09-27 05:45:00,1.1777,1.1851,1.1769,1.1811,573674.5,304419.9
2026-09-27 06:00:00,1.1811,1.1885,1.1807,1.188,474980.4,290038.1
2026-09-27 06:15:00,1.188,1.215,1.1863,1.2003,2668678,1583562.3
2026-09-27 06:30:00,1.2002,1.2059,1.1932,1.1996,1188816.6,563360.2
2026-09-27 06:45:00,1.1995,1.2029,1.1932,1.1963,917517.6,469344.4
2026-09-27 07:00:00,1.1963,1.2013,1.1957,1.2001,622369.4,309356
2026-09-27 07:15:00,1.2002,1.2346,1.1983,1.2331,1866474,1067504.8
2026-09-27 07:30:00,1.233,1.2584,1.2278,1.2497,4916615.1,2548726.3
2026-09-27 07:45:00,1.2497,1.2694,1.2484,1.2645,3430433.7,2010263.9
2026-09-27 08:00:00,1.2644,1.2753,1.2606,1.2722,2909763.4,1429991.7
2026-09-27 08:15:00,1.2719,1.2836,1.2667,1.2808,3005697.8,1703338.8
2026-09-27 08:30:00,1.2809,1.2879,1.2689,1.2707,2742290.1,1258743.1
2026-09-27 08:45:00,1.2708,1.2771,1.2637,1.2658,1593635.1,813667.8
2026-09-27 09:00:00,1.2659,1.2673,1.2408,1.2579,3625181.8,1969121.8
2026-09-27 09:15:00,1.2579,1.2579,1.2461,1.2477,1381562.3,770264.4
2026-09-27 09:30:00,1.2478,1.2646,1.2473,1.2622,1888402,1160750.7
2026-09-27 09:45:00,1.2622,1.2631,1.2546,1.2546,1381877.3,549300.1
2026-09-27 10:00:00,1.2546,1.2556,1.2482,1.251,974389,484514.9
2026-09-27 10:15:00,1.2509,1.2592,1.248,1.2505,1320301.3,789477.2
2026-09-27 10:30:00,1.2506,1.2529,1.2463,1.2475,541504.2,227144.4
2026-09-27 10:45:00,1.2475,1.2535,1.245,1.2498,771957.5,343058.1
2026-09-27 11:00:00,1.2497,1.2506,1.2416,1.2482,644087.9,264584.9
2026-09-27 11:15:00,1.2482,1.2484,1.2417,1.2432,700678.6,289365
2026-09-27 11:30:00,1.2432,1.2463,1.238,1.2425,883632.5,442775.6
2026-09-27 11:45:00,1.2426,1.2504,1.241,1.2477,934569.4,535683.8
2026-09-27 12:00:00,1.2477,1.2613,1.2453,1.2589,1296236.7,876724.1
2026-09-27 12:15:00,1.2588,1.2655,1.2573,1.2632,1307521.6,681243.7
2026-09-27 12:30:00,1.2632,1.2671,1.2593,1.2638,944614.7,469560.5
2026-09-27 12:45:00,1.2637,1.2696,1.2568,1.2579,1071220.5,458385.2
2026-09-27 13:00:00,1.2579,1.2585,1.2392,1.2436,2520525.4,767435.1
2026-09-27 13:15:00,1.2438,1.2526,1.2428,1.2518,805289.3,371329.4
2026-09-27 13:30:00,1.2518,1.2618,1.2479,1.2502,980630.7,469454.8
2026-09-27 13:45:00,1.2502,1.2545,1.2464,1.2538,734905.2,293772
2026-09-27 14:00:00,1.2538,1.2602,1.248,1.2529,1175773.3,361402.2
2026-09-27 14:15:00,1.2529,1.2537,1.2317,1.2371,1825729.2,692742.5
2026-09-27 14:30:00,1.2372,1.2448,1.2343,1.2425,764758.7,389937.8
2026-09-27 14:45:00,1.2424,1.2458,1.2358,1.2408,839467,402339.4
2026-09-27 15:00:00,1.2408,1.2438,1.2247,1.2295,1325523.7,616825.2
2026-09-27 15:15:00,1.2296,1.2362,1.2274,1.2356,730644.9,426384.4
2026-09-27 15:30:00,1.2356,1.2389,1.2275,1.2299,651807.6,275345.8
2026-09-27 15:45:00,1.2299,1.2385,1.2295,1.238,352619.5,224738.6
2026-09-27 16:00:00,1.238,1.2448,1.2359,1.2397,695520.2,321215.1
2026-09-27 16:15:00,1.2396,1.2475,1.2374,1.2457,662565.6,379586.9
2026-09-27 16:30:00,1.2456,1.2501,1.239,1.2438,1168767.4,463158
2026-09-27 16:45:00,1.2438,1.2462,1.2381,1.2399,554121.8,230290
2026-09-27 17:00:00,1.2398,1.2499,1.239,1.2486,566197.2,321914
2026-09-27 17:15:00,1.2486,1.2497,1.2356,1.236,540605.1,234494.5
2026-09-27 17:30:00,1.236,1.2447,1.2357,1.243,587006.8,329432
2026-09-27 17:45:00,1.2431,1.2544,1.2425,1.2517,628036.7,441439.6
2026-09-27 18:00:00,1.2517,1.2675,1.2498,1.267,673595.9,358530.3
2026-09-27 18:15:00,1.267,1.28,1.2661,1.2686,1691190.4,949541.2
2026-09-27 18:30:00,1.2685,1.2685,1.2599,1.2679,846518.7,467156.8
2026-09-27 18:45:00,1.2678,1.2818,1.2649,1.278,1610255.3,1164121.2
2026-09-27 19:00:00,1.2779,1.2889,1.2662,1.2741,2294148.8,1566431.3
2026-09-27 19:15:00,1.274,1.2757,1.265,1.2693,981918.8,447531.3
2026-09-27 19:30:00,1.2694,1.2747,1.2659,1.2726,633443.5,318428.7
2026-09-27 19:45:00,1.2726,1.2746,1.2678,1.2705,474131.1,192260.8
2026-09-27 20:00:00,1.2706,1.2836,1.2704,1.2824,914974.1,485118.2
2026-09-27 20:15:00,1.2825,1.2874,1.2685,1.2716,1292152.5,619416.8
2026-09-27 20:30:00,1.2717,1.2733,1.2652,1.2725,821999.6,374141.9
2026-09-27 20:45:00,1.2725,1.2732,1.258,1.2665,1206770.7,380588.4
2026-09-27 21:00:00,1.2665,1.284,1.2625,1.2806,963439.5,447678.8
2026-09-27 21:15:00,1.2806,1.2947,1.2683,1.2686,1680330.3,903220.2
2026-09-27 21:30:00,1.2685,1.2713,1.2606,1.2674,690435.7,346176.4
2026-09-27 21:45:00,1.2674,1.2775,1.2674,1.2736,562492.6,365574.4
2026-09-27 22:00:00,1.2737,1.2794,1.2524,1.2536,1386665.1,674061.7
2026-09-27 22:15:00,1.2536,1.2664,1.2487,1.2635,771495.4,405005.3
2026-09-27 22:30:00,1.2635,1.2635,1.2492,1.2499,969768.7,509411.6
2026-09-27 22:45:00,1.2498,1.2582,1.2467,1.2574,485285.4,242030.3
2026-09-27 23:00:00,1.2574,1.2693,1.2543,1.2543,907536.6,485183.1
2026-09-27 23:15:00,1.2542,1.2662,1.2526,1.2632,948527.5,558697.8
2026-09-27 23:30:00,1.2632,1.2669,1.2558,1.2563,631152.9,333574.2
2026-09-27 23:45:00,1.2563,1.2765,1.2555,1.264,1225770.7,560834.3
2026-09-28 00:00:00,1.2639,1.28,1.2614,1.2674,3346465.8,1965767
2026-09-28 00:15:00,1.2674,1.2921,1.2668,1.2895,2151913.8,1371300.5
2026-09-28 00:30:00,1.2895,1.2903,1.267,1.2713,1734440.1,885291.6
2026-09-28 00:45:00,1.2714,1.287,1.267,1.2682,1366965,598051.7
2026-09-28 01:00:00,1.2681,1.2825,1.26,1.263,1784412.9,963486.9
2026-09-28 01:15:00,1.2631,1.28,1.2607,1.2744,1148588.6,555883.4
2026-09-28 01:30:00,1.2744,1.2785,1.2618,1.2623,1148735.8,645955.1
2026-09-28 01:45:00,1.2619,1.274,1.2557,1.2631,1871497.3,886585.8
2026-09-28 02:00:00,1.263,1.2733,1.2495,1.2693,2163757.8,1114011.2
2026-09-28 02:15:00,1.2694,1.274,1.2585,1.259,1241541.3,595970.6
2026-09-28 02:30:00,1.2589,1.2617,1.2473,1.2581,1619613.5,671260.9
2026-09-28 02:45:00,1.2581,1.2618,1.2431,1.2492,1867988.2,716784.9
2026-09-28 03:00:00,1.2492,1.2575,1.2436,1.2464,839573.6,446337.9
2026-09-28 03:15:00,1.2463,1.2537,1.2414,1.2442,1512642.9,962716.3
2026-09-28 03:30:00,1.2442,1.2515,1.2311,1.2475,2070097.6,857105.1
2026-09-28 03:45:00,1.2474,1.2474,1.2338,1.2362,1027628.9,415524
2026-09-28 04:00:00,1.2362,1.2367,1.2182,1.2277,2624753.6,876269.3
2026-09-28 04:15:00,1.2276,1.2472,1.2247,1.2378,950967.8,509692.6
2026-09-28 04:30:00,1.2378,1.238,1.231,1.2331,626287.8,285458.3
2026-09-28 04:45:00,1.2331,1.2368,1.2264,1.2325,845342.1,366193.7
2026-09-28 05:00:00,1.2325,1.2373,1.206,1.2098,2012306.1,1019160.9
2026-09-28 05:15:00,1.2099,1.2153,1.2064,1.2079,1632002.3,708635.5
2026-09-28 05:30:00,1.2078,1.2131,1.1942,1.2124,3332089.1,1345018
2026-09-28 05:45:00,1.2124,1.2152,1.2051,1.2112,1336635.7,577706.3
2026-09-28 06:00:00,1.2112,1.2202,1.2069,1.2133,1338498.9,627781.1
2026-09-28 06:15:00,1.2133,1.2151,1.1964,1.1991,1666834.8,711712.8
2026-09-28 06:30:00,1.1991,1.2025,1.1946,1.1984,1596184.9,792166.8
2026-09-28 06:45:00,1.1984,1.2012,1.193,1.1992,1098208.7,599074.4
2026-09-28 07:00:00,1.1992,1.2033,1.1902,1.1917,1892091,902848.2
2026-09-28 07:15:00,1.1918,1.1941,1.1774,1.1804,2522912.7,1084914.2
2026-09-28 07:30:00,1.1804,1.186,1.1757,1.1802,1718638.9,900201.3
2026-09-28 07:45:00,1.1802,1.1854,1.1782,1.1787,1564429.9,838779.4
2026-09-28 08:00:00,1.1787,1.1951,1.1778,1.1945,1761628.2,983502.1
2026-09-28 08:15:00,1.1944,1.1995,1.1846,1.1856,1156304.8,553831.8
2026-09-28 08:30:00,1.1857,1.1892,1.1804,1.1816,1136646.2,530576.1
2026-09-28 08:45:00,1.1816,1.1906,1.1805,1.1837,1292498.3,612982.1
2026-09-28 09:00:00,1.1836,1.186,1.1679,1.1856,3238932.6,1298320.2
2026-09-28 09:15:00,1.1856,1.1937,1.1789,1.1793,1867587.6,895954.5
2026-09-28 09:30:00,1.1792,1.1824,1.1592,1.1625,4885961.9,2565448.6
2026-09-28 09:45:00,1.1625,1.1686,1.1602,1.165,2539980,1217239.4
2026-09-28 10:00:00,1.1649,1.1721,1.1613,1.1635,1796435.7,828578.2
2026-09-28 10:15:00,1.1634,1.1698,1.1629,1.1659,895446.9,437540.1
2026-09-28 10:30:00,1.166,1.1767,1.1651,1.1762,2547353,1026173.4
2026-09-28 10:45:00,1.1761,1.1761,1.168,1.1686,1344242.8,438570.9
2026-09-28 11:00:00,1.1687,1.1795,1.1687,1.1746,2983484.1,1706126.7
2026-09-28 11:15:00,1.1745,1.1904,1.1738,1.1786,2482547.8,1467620.7
2026-09-28 11:30:00,1.1786,1.1876,1.178,1.1832,2093947.8,1267339.9
2026-09-28 11:45:00,1.1832,1.1867,1.1779,1.1857,1810190.5,1037056.4
2026-09-28 12:00:00,1.1857,1.2016,1.178,1.1931,3713492.1,1994024.4
2026-09-28 12:15:00,1.1931,1.2051,1.1903,1.1906,3284193.3,1993927.1
2026-09-28 12:30:00,1.1905,1.1957,1.186,1.1892,1859296.2,804159.2
2026-09-28 12:45:00,1.1891,1.1989,1.1873,1.1929,1850936.8,935598
2026-09-28 13:00:00,1.1929,1.1929,1.18,1.1867,1610163.8,743961.6
2026-09-28 13:15:00,1.1867,1.1928,1.1832,1.1904,1177913.8,521789.7
2026-09-28 13:30:00,1.1905,1.1971,1.1823,1.1915,2885164.2,1470423.7
2026-09-28 13:45:00,1.1915,1.1934,1.1776,1.1812,2415023.5,1035056.6
2026-09-28 14:00:00,1.1811,1.1811,1.1676,1.1694,2981506,1186330.5
2026-09-28 14:15:00,1.1693,1.1793,1.1568,1.1624,2789511.3,1016684.9
2026-09-28 14:30:00,1.1624,1.1745,1.156,1.1585,2971478.4,1087584.2
2026-09-28 14:45:00,1.1586,1.1622,1.1459,1.1519,5552796.5,2507554.3
2026-09-28 15:00:00,1.152,1.1602,1.14,1.1427,7115761.9,4029569
2026-09-28 15:15:00,1.1427,1.1511,1.133,1.1456,6323758.4,3240462.6
2026-09-28 15:30:00,1.1455,1.1525,1.1406,1.1444,2993583.6,1089745.6
2026-09-28 15:45:00,1.1445,1.1525,1.1432,1.15,2330839.7,1327271.3
2026-09-28 16:00:00,1.1499,1.1644,1.1453,1.1574,2296262.6,997044.8
2026-09-28 16:15:00,1.1573,1.1795,1.1543,1.1739,3499695.2,1801769.4
2026-09-28 16:30:00,1.1739,1.1779,1.161,1.1617,2565280.1,960780.9
2026-09-28 16:45:00,1.1616,1.164,1.1575,1.1633,1323821.1,573980
2026-09-28 17:00:00,1.1633,1.1802,1.1512,1.1788,2715223.4,1423154.6
2026-09-28 17:15:00,1.1787,1.1796,1.1641,1.1664,2000073.1,947393.5
2026-09-28 17:30:00,1.1664,1.1738,1.1647,1.1681,1445939.9,629700.5
2026-09-28 17:45:00,1.1682,1.1695,1.1616,1.167,1643016.3,784054.7
2026-09-28 18:00:00,1.1669,1.1709,1.1622,1.1695,869295.3,321989.3
2026-09-28 18:15:00,1.1695,1.172,1.164,1.1642,631178.3,263298.6
2026-09-28 18:30:00,1.1642,1.1652,1.1585,1.1621,811774.8,305639.1
2026-09-28 18:45:00,1.1621,1.1708,1.1599,1.17,974627.4,446522.9
2026-09-28 19:00:00,1.1701,1.1713,1.1554,1.1579,967460.1,383928.7
2026-09-28 19:15:00,1.1578,1.1617,1.1548,1.1603,727443.6,278328.4
2026-09-28 19:30:00,1.1603,1.1608,1.1406,1.1459,1893657.5,524467.9
2026-09-28 19:45:00,1.1459,1.151,1.1442,1.1465,1038254.5,341112.1
2026-09-28 20:00:00,1.1465,1.1563,1.1417,1.1525,1354068.5,518766.7
2026-09-28 20:15:00,1.1525,1.162,1.1486,1.1599,902899.7,446946.7
2026-09-28 20:30:00,1.1597,1.1621,1.1554,1.1577,673985.7,289493.8
2026-09-28 20:45:00,1.1577,1.1599,1.1549,1.1594,879996.1,491245.2
2026-09-28 21:00:00,1.1595,1.1677,1.1595,1.1596,800772.2,514190.5
2026-09-28 21:15:00,1.1596,1.1606,1.1542,1.1547,400932.3,163812.8
2026-09-28 21:30:00,1.1548,1.1581,1.1485,1.1495,1316953.6,277421.7
2026-09-28 21:45:00,1.1495,1.1507,1.1435,1.1466,388396,120936.9
2026-09-28 22:00:00,1.1466,1.1515,1.1408,1.145,890580.4,353529.4
2026-09-28 22:15:00,1.1449,1.1529,1.1446,1.1495,447485.1,191094.5
2026-09-28 22:30:00,1.1495,1.1611,1.1486,1.1597,320538.8,139604.8
2026-09-28 22:45:00,1.1598,1.1656,1.1591,1.1616,244403.9,114413.2
2026-09-28 23:00:00,1.1616,1.17,1.1611,1.1615,391996.6,212859.6
2026-09-28 23:15:00,1.1616,1.1699,1.1616,1.1684,337372.3,148648
2026-09-28 23:30:00,1.1685,1.1688,1.164,1.1648,199720.8,97870.5
2026-09-28 23:45:00,1.1648,1.1688,1.163,1.1677,215397,67928.9
2026-09-29 00:00:00,1.1678,1.1696,1.1596,1.1649,861004.7,249674.1
2026-09-29 00:15:00,1.1648,1.1649,1.1532,1.1601,681977.1,367881.3
2026-09-29 00:30:00,1.1601,1.1643,1.1579,1.1609,569039.2,214205.7
2026-09-29 00:45:00,1.161,1.161,1.1427,1.1448,1332436.5,350532.6
2026-09-29 01:00:00,1.1448,1.1544,1.1369,1.1379,1336259.2,608173.9
2026-09-29 01:15:00,1.1378,1.1405,1.1215,1.1222,3167869.2,1237480.8
2026-09-29 01:30:00,1.1222,1.1275,1.1067,1.1237,3373091.3,1468913
2026-09-29 01:45:00,1.1237,1.1319,1.1213,1.1263,896790.1,385227.3
2026-09-29 02:00:00,1.1264,1.1296,1.1073,1.1143,2057315.4,818211.2
2026-09-29 02:15:00,1.1144,1.1203,1.1027,1.1072,1874579.5,842745.7
2026-09-29 02:30:00,1.1072,1.1128,1.0922,1.1117,3101946.7,1339514.9
2026-09-29 02:45:00,1.1117,1.1162,1.1058,1.1118,935752.9,444506.5
2026-09-29 03:00:00,1.1118,1.1202,1.1056,1.1094,1194861.4,635784.2
2026-09-29 03:15:00,1.1093,1.1244,1.1063,1.1229,1306178,747769.5
2026-09-29 03:30:00,1.1228,1.1278,1.1183,1.1195,1744623.2,961260.6
2026-09-29 03:45:00,1.1195,1.1209,1.1136,1.1154,679224.6,307843.5
2026-09-29 04:00:00,1.1154,1.1191,1.1101,1.1171,849582.4,379032.6
2026-09-29 04:15:00,1.1172,1.1267,1.1167,1.1214,947893.5,638446.2
2026-09-29 04:30:00,1.1213,1.1233,1.117,1.1206,357458.5,130776.7
2026-09-29 04:45:00,1.1205,1.1226,1.1142,1.1202,372237.1,182115.4
2026-09-29 05:00:00,1.1202,1.1244,1.1125,1.1186,685951.7,273245.9
2026-09-29 05:15:00,1.1187,1.1258,1.1154,1.1225,558620.6,319300.7
2026-09-29 05:30:00,1.1224,1.124,1.1093,1.1222,862250.4,437510.5
2026-09-29 05:45:00,1.1221,1.127,1.1177,1.1226,629698.7,347783.7
2026-09-29 06:00:00,1.1225,1.1329,1.1165,1.1326,1355137.1,697849
2026-09-29 06:15:00,1.1325,1.1327,1.1245,1.1297,949371.2,510521.6
2026-09-29 06:30:00,1.1297,1.1367,1.1291,1.1322,978774.6,561416.7
2026-09-29 06:45:00,1.1321,1.1402,1.1303,1.1375,1171989.9,611870.8
2026-09-29 07:00:00,1.1375,1.1438,1.1339,1.1411,1525815,762173.6
2026-09-29 07:15:00,1.1411,1.1458,1.1395,1.1439,1821786.2,1123533.5
2026-09-29 07:30:00,1.1438,1.1561,1.142,1.1517,2992414,1692617
2026-09-29 07:45:00,1.1516,1.1549,1.1509,1.1537,1095493.2,734256.8
2026-09-29 08:00:00,1.1536,1.1562,1.1471,1.1504,990139.4,506640.9
2026-09-29 08:15:00,1.1504,1.1607,1.1501,1.1526,962980.1,614948.7
2026-09-29 08:30:00,1.1527,1.1534,1.1405,1.143,1085793.1,558527.2
2026-09-29 08:45:00,1.143,1.1447,1.1394,1.144,559858.9,215844.5
2026-09-29 09:00:00,1.144,1.1471,1.1412,1.1457,741394.3,400853.7
2026-09-29 09:15:00,1.1457,1.1533,1.1444,1.1504,675713.4,268360.1
2026-09-29 09:30:00,1.1504,1.1665,1.1498,1.1626,1465009,794775.2
2026-09-29 09:45:00,1.1625,1.1722,1.1625,1.1678,1924103.8,867544.5
2026-09-29 10:00:00,1.1678,1.171,1.1641,1.1679,1249677.9,505909.1
2026-09-29 10:15:00,1.168,1.1704,1.1642,1.1693,960871.6,376020.3
2026-09-29 10:30:00,1.1692,1.1748,1.1622,1.1645,1338744.6,646412.9
2026-09-29 10:45:00,1.1646,1.1717,1.164,1.1704,530093.6,214899.9
2026-09-29 11:00:00,1.1703,1.1761,1.1629,1.1674,1250278.2,524936.8
2026-09-29 11:15:00,1.1674,1.1703,1.1642,1.1676,389735.3,196459.8
2026-09-29 11:30:00,1.1675,1.1876,1.1668,1.1831,1802633.3,1042761.1
2026-09-29 11:45:00,1.1831,1.1904,1.1781,1.181,3216946.7,1664839
2026-09-29 12:00:00,1.181,1.1824,1.1764,1.1768,1299633,449455.4
2026-09-29 12:15:00,1.1769,1.1842,1.1711,1.1747,1529287.3,668984.4
2026-09-29 12:30:00,1.1747,1.1832,1.1744,1.178,1038014.9,407812.8
2026-09-29 12:45:00,1.178,1.1796,1.172,1.176,970887,293105
2026-09-29 13:00:00,1.176,1.1781,1.1709,1.172,831572.8,264486.9
2026-09-29 13:15:00,1.1719,1.1764,1.1695,1.1727,1010375.5,424070.3
2026-09-29 13:30:00,1.1728,1.1729,1.1583,1.1612,2026194,686230.7
2026-09-29 13:45:00,1.1613,1.1662,1.154,1.1627,1362350.3,571888
2026-09-29 14:00:00,1.1625,1.1663,1.1516,1.153,1119562.9,462737.6
2026-09-29 14:15:00,1.153,1.1687,1.1508,1.1669,890745.5,440465.5
2026-09-29 14:30:00,1.1668,1.1753,1.1606,1.1704,1154296.4,564719.6
2026-09-29 14:45:00,1.1705,1.1763,1.1638,1.164,1080968.4,587670.5
2026-09-29 15:00:00,1.1641,1.1646,1.1465,1.151,1854188.6,590394
2026-09-29 15:15:00,1.1509,1.157,1.1288,1.1375,3790965.1,1265818.8
2026-09-29 15:30:00,1.1376,1.1473,1.1368,1.1448,1335894,517367.1
2026-09-29 15:45:00,1.1449,1.1493,1.133,1.138,2678133.3,1410333.7
2026-09-29 16:00:00,1.1379,1.1462,1.1369,1.1421,1090997.8,586481.3
2026-09-29 16:15:00,1.1421,1.1466,1.1406,1.1439,963272.3,393593.8
2026-09-29 16:30:00,1.1439,1.144,1.1324,1.1324,1140278.9,534614
2026-09-29 16:45:00,1.1323,1.1376,1.128,1.1368,1026143.1,431169.6
2026-09-29 17:00:00,1.1367,1.1394,1.1329,1.1385,404558.9,192161.4
2026-09-29 17:15:00,1.1386,1.1394,1.1309,1.1357,960776.4,455186.3
2026-09-29 17:30:00,1.1358,1.1397,1.1328,1.1377,424359.8,170369
2026-09-29 17:45:00,1.1377,1.14,1.127,1.1329,764453.5,379526.4
2026-09-29 18:00:00,1.1329,1.1418,1.1329,1.1415,624391.7,321115.2
2026-09-29 18:15:00,1.1415,1.1482,1.1415,1.1431,697883.1,402874.2
2026-09-29 18:30:00,1.143,1.1531,1.141,1.1517,462534.6,276398.3
2026-09-29 18:45:00,1.1516,1.1528,1.1454,1.1481,528403.1,336444.6
2026-09-29 19:00:00,1.148,1.1578,1.1477,1.1533,589960.5,324821.1
2026-09-29 19:15:00,1.1533,1.1585,1.1526,1.1536,205226.5,114145.4
2026-09-29 19:30:00,1.1536,1.1562,1.1481,1.1482,714280.2,500021.8
2026-09-29 19:45:00,1.1482,1.1514,1.1453,1.1461,693007.3,270239.9
2026-09-29 20:00:00,1.1461,1.1508,1.1435,1.1476,319273.5,132148.6
2026-09-29 20:15:00,1.1477,1.1603,1.1476,1.1573,292041.8,149747.6
2026-09-29 20:30:00,1.1572,1.1603,1.1538,1.1603,425982.7,185073.5
2026-09-29 20:45:00,1.1603,1.1622,1.1575,1.1576,472927.3,184107.4
2026-09-29 21:00:00,1.1575,1.1597,1.1536,1.1593,368199.1,202394.1
2026-09-29 21:15:00,1.1592,1.1596,1.1476,1.1522,499780.3,197706.5
2026-09-29 21:30:00,1.1522,1.1543,1.1497,1.1507,238056,133820.5
2026-09-29 21:45:00,1.1505,1.1564,1.148,1.1521,135987.8,60189.1
2026-09-29 22:00:00,1.1521,1.1551,1.1492,1.1524,550647.7,334588.3
2026-09-29 22:15:00,1.1523,1.1524,1.1465,1.1484,593424.7,346346.5
2026-09-29 22:30:00,1.1483,1.1515,1.1453,1.1513,318210,120297.7
2026-09-29 22:45:00,1.1512,1.1519,1.1492,1.1499,263161.3,126206.3
2026-09-29 23:00:00,1.1498,1.161,1.1493,1.158,640221.2,373394.1
2026-09-29 23:15:00,1.1579,1.1583,1.1509,1.1511,199557.3,123821.4
2026-09-29 23:30:00,1.151,1.1529,1.1446,1.1466,967636.3,240941.2
2026-09-29 23:45:00,1.1465,1.1531,1.146,1.1525,223914.8,105188.2
2026-09-30 00:00:00,1.1526,1.1547,1.147,1.1481,504751,231687.2
2026-09-30 00:15:00,1.1482,1.15,1.1437,1.1495,561604.4,314299.8
2026-09-30 00:30:00,1.1494,1.1517,1.1461,1.1476,297528.3,137257.2
2026-09-30 00:45:00,1.1475,1.148,1.1415,1.1468,529842.7,329308.6
2026-09-30 01:00:00,1.1468,1.1682,1.1454,1.1681,729152.3,453671.6
2026-09-30 01:15:00,1.1681,1.1778,1.165,1.17,1158540.2,569038.2
2026-09-30 01:30:00,1.1701,1.1736,1.1623,1.166,1332366.3,541933.7
2026-09-30 01:45:00,1.166,1.1719,1.161,1.1615,485391.1,232286.8
2026-09-30 02:00:00,1.1615,1.1679,1.1582,1.1605,679841.5,346171.6
2026-09-30 02:15:00,1.1606,1.1642,1.1552,1.1566,553205.9,310434
2026-09-30 02:30:00,1.1566,1.1656,1.1551,1.1615,445787.6,248421.2
2026-09-30 02:45:00,1.1614,1.1662,1.1588,1.1621,429697.1,249081.3
2026-09-30 03:00:00,1.1622,1.1639,1.156,1.1561,315991,149762.9
2026-09-30 03:15:00,1.1562,1.1565,1.148,1.1525,457709.7,227469.2
2026-09-30 03:30:00,1.1526,1.1573,1.1497,1.1528,268065.8,167004.4
2026-09-30 03:45:00,1.1528,1.1539,1.1465,1.1478,383064.6,168058
2026-09-30 04:00:00,1.1477,1.1573,1.1476,1.1555,745358.9,556566
2026-09-30 04:15:00,1.1556,1.1634,1.1551,1.1587,615440,334965
2026-09-30 04:30:00,1.1587,1.1604,1.154,1.1571,516230.9,348043.7
2026-09-30 04:45:00,1.1571,1.1601,1.1544,1.155,236722.1,143052.1
2026-09-30 05:00:00,1.155,1.1644,1.1534,1.1534,449657.2,212890.6
2026-09-30 05:15:00,1.1533,1.1592,1.1509,1.1587,534414,331537.1
2026-09-30 05:30:00,1.1586,1.1667,1.1579,1.1641,1021529.8,498893.5
2026-09-30 05:45:00,1.1642,1.1679,1.1597,1.1633,623563.4,225972.9
2026-09-30 06:00:00,1.1632,1.1734,1.1618,1.1685,3152337.1,1008710
2026-09-30 06:15:00,1.1686,1.1723,1.1628,1.1658,1723661.5,712978.6
2026-09-30 06:30:00,1.1658,1.1705,1.1626,1.1684,775173.9,395861.9
2026-09-30 06:45:00,1.1683,1.1683,1.1582,1.1584,1462822.2,501906
2026-09-30 07:00:00,1.1584,1.1631,1.15,1.151,787135.2,394195.2
2026-09-30 07:15:00,1.1508,1.1692,1.1503,1.1614,1342636.3,919217.9
2026-09-30 07:30:00,1.1614,1.1694,1.1573,1.1692,680475.3,459457.6
2026-09-30 07:45:00,1.1691,1.1738,1.1643,1.166,1065274.1,596148.4
2026-09-30 08:00:00,1.1659,1.1682,1.1566,1.1576,604017.8,310571.4
2026-09-30 08:15:00,1.1576,1.1683,1.1562,1.1604,925778,537005.7
2026-09-30 08:30:00,1.1603,1.1603,1.152,1.1531,584179.1,242964.6
2026-09-30 08:45:00,1.1531,1.1622,1.153,1.1585,577420.2,308073.4
2026-09-30 09:00:00,1.1584,1.1673,1.1566,1.1657,360141.1,196903.7
2026-09-30 09:15:00,1.1656,1.1693,1.1622,1.1678,644763.5,239957.4
2026-09-30 09:30:00,1.1679,1.1767,1.1642,1.1661,1555937.2,717025.7
2026-09-30 09:45:00,1.166,1.1685,1.1603,1.1607,478918.8,248547.5
2026-09-30 10:00:00,1.1607,1.1638,1.1575,1.1579,924771.8,405573.2
2026-09-30 10:15:00,1.1579,1.1639,1.1561,1.1587,625916.7,316954.1
2026-09-30 10:30:00,1.1587,1.1663,1.158,1.1595,729896,375577.7
2026-09-30 10:45:00,1.1594,1.1606,1.156,1.157,751039.3,430177.7
2026-09-30 11:00:00,1.157,1.157,1.1469,1.1514,1347511.2,649689
2026-09-30 11:15:00,1.1513,1.1565,1.1484,1.1548,493448.8,274161.8
2026-09-30 11:30:00,1.1548,1.1599,1.15,1.1583,706831.5,386418.7
2026-09-30 11:45:00,1.1582,1.1588,1.1485,1.1508,855610.2,371973.5
2026-09-30 12:00:00,1.1507,1.1543,1.1476,1.1504,722023.3,317172.1
2026-09-30 12:15:00,1.1503,1.1507,1.1383,1.1487,1846804.7,589820.4
2026-09-30 12:30:00,1.1486,1.1808,1.1448,1.1782,5173498.8,2577015.7
2026-09-30 12:45:00,1.1782,1.1932,1.1736,1.1885,4069274.7,1951659.9
2026-09-30 13:00:00,1.1886,1.2124,1.1852,1.1976,6475994,3256256.6
2026-09-30 13:15:00,1.1976,1.2042,1.1933,1.202,3420497.2,1439650.5
2026-09-30 13:30:00,1.2019,1.2084,1.1657,1.181,5422651.7,1906165.2
2026-09-30 13:45:00,1.1809,1.1865,1.1737,1.1809,2164040.1,930552.6
2026-09-30 14:00:00,1.181,1.1908,1.1717,1.1782,2590176.5,1274223.6
2026-09-30 14:15:00,1.1781,1.1789,1.1533,1.1566,3452789.1,1292387.7
2026-09-30 14:30:00,1.1566,1.1612,1.1468,1.1493,2424000.1,1064311.5
2026-09-30 14:45:00,1.1493,1.1652,1.1476,1.1606,2093317.7,1146965.4
2026-09-30 15:00:00,1.1607,1.1657,1.1582,1.1595,1468992.9,707551.5
2026-09-30 15:15:00,1.1595,1.1598,1.1476,1.1555,1494463.3,517237
2026-09-30 15:30:00,1.1555,1.1715,1.1555,1.1655,1817941.6,801921.8
2026-09-30 15:45:00,1.1655,1.1866,1.1648,1.1857,1637508.8,841875
2026-09-30 16:00:00,1.1857,1.2073,1.1835,1.2044,3000483.7,1699758.1
2026-09-30 16:15:00,1.2044,1.2074,1.188,1.1893,2167773.8,943112
2026-09-30 16:30:00,1.1894,1.1975,1.1813,1.1939,1914160.6,728882.6
2026-09-30 16:45:00,1.194,1.2049,1.193,1.196,1526441.1,825594
2026-09-30 17:00:00,1.196,1.2012,1.1909,1.1941,852922,447437.6
2026-09-30 17:15:00,1.194,1.194,1.1777,1.1813,1520225.2,553215.6
2026-09-30 17:30:00,1.1812,1.1816,1.1713,1.1746,871266,358582.4
2026-09-30 17:45:00,1.1746,1.1809,1.17,1.1736,548204.4,199122.6
2026-09-30 18:00:00,1.1737,1.1773,1.164,1.1652,947627.6,415593.1
2026-09-30 18:15:00,1.1652,1.1676,1.1616,1.1634,615876.7,255371.5
2026-09-30 18:30:00,1.1634,1.1667,1.1555,1.1574,961771.7,481509.9
2026-09-30 18:45:00,1.1574,1.1643,1.1549,1.1621,919347.4,437532.7
2026-09-30 19:00:00,1.1621,1.1651,1.1557,1.1562,1165005.8,330521.3
2026-09-30 19:15:00,1.1562,1.1582,1.151,1.1531,613809.8,275098.1
2026-09-30 19:30:00,1.153,1.1596,1.1521,1.1568,808006.4,266642.5
2026-09-30 19:45:00,1.1567,1.1568,1.1431,1.1476,1395163.9,498347
2026-09-30 20:00:00,1.1476,1.1595,1.1474,1.1595,1986182,978275.7
2026-09-30 20:15:00,1.1595,1.1695,1.1553,1.168,1785917.8,597651.9
2026-09-30 20:30:00,1.1679,1.1679,1.1596,1.1615,795311.8,418978.9
2026-09-30 20:45:00,1.1616,1.1642,1.1586,1.1636,363648.9,163901.4
2026-09-30 21:00:00,1.1637,1.168,1.158,1.1597,674082.3,282016
2026-09-30 21:15:00,1.1596,1.1633,1.156,1.1604,467264.4,208860
2026-09-30 21:30:00,1.1604,1.164,1.1572,1.1621,238827,103498.1
2026-09-30 21:45:00,1.1621,1.1629,1.1551,1.1588,288237.7,128453.8
2026-09-30 22:00:00,1.1589,1.1594,1.1498,1.156,450050.3,132856.8
2026-09-30 22:15:00,1.156,1.1683,1.156,1.1682,206180.2,113623.2
2026-09-30 22:30:00,1.1682,1.1768,1.1677,1.1747,398485.9,229134.5
2026-09-30 22:45:00,1.1746,1.1751,1.1646,1.1647,243313.6,105443.7
2026-09-30 23:00:00,1.1646,1.1723,1.1626,1.1644,439297.2,216964.1
2026-09-30 23:15:00,1.1644,1.1717,1.1632,1.1663,524504.5,291830.9
2026-09-30 23:30:00,1.1662,1.1686,1.1624,1.1662,463243.3,258497.6
2026-09-30 23:45:00,1.1662,1.1664,1.1624,1.1643,293528.5,147873.7
2026-10-01 00:00:00,1.1643,1.1644,1.1571,1.1581,587703.6,293380.7
2026-10-01 00:15:00,1.1581,1.1657,1.1552,1.1632,351643.8,157195.7
2026-10-01 00:30:00,1.1631,1.178,1.1598,1.1775,643035.8,334062
2026-10-01 00:45:00,1.1774,1.1804,1.1725,1.1744,582469.8,294177.7
2026-10-01 01:00:00,1.1743,1.1835,1.1731,1.1813,657963.7,244864.9
2026-10-01 01:15:00,1.1812,1.1911,1.1791,1.1862,842091.7,472484.5
2026-10-01 01:30:00,1.1862,1.1884,1.1798,1.18,731689.3,405126.5
2026-10-01 01:45:00,1.18,1.1809,1.1718,1.1727,555188.6,286335
2026-10-01 02:00:00,1.1727,1.1825,1.1695,1.1755,390485.2,223129.6
2026-10-01 02:15:00,1.1755,1.1764,1.1673,1.1732,471341.5,280952.1
2026-10-01 02:30:00,1.1733,1.1796,1.1733,1.1763,382067.5,219485.8
2026-10-01 02:45:00,1.1762,1.1844,1.1735,1.183,352784.7,170021.5
2026-10-01 03:00:00,1.183,1.1886,1.1745,1.1745,638639.3,366628.9
2026-10-01 03:15:00,1.1746,1.1783,1.1678,1.1699,886301.5,467367.8
2026-10-01 03:30:00,1.1699,1.1802,1.1662,1.1768,598790.5,277554.6
2026-10-01 03:45:00,1.1768,1.1792,1.1723,1.1767,686072.4,323516.6
2026-10-01 04:00:00,1.1768,1.1778,1.1701,1.1703,418439.6,232183.8
2026-10-01 04:15:00,1.1702,1.1752,1.1674,1.1736,376238.2,206955.8
2026-10-01 04:30:00,1.1736,1.1741,1.1691,1.1695,597524.8,261175.3
2026-10-01 04:45:00,1.1694,1.1797,1.1692,1.1715,464732.5,303851.7
2026-10-01 05:00:00,1.1716,1.1756,1.1699,1.1718,332027.7,183766.9
2026-10-01 05:15:00,1.1717,1.1721,1.1673,1.1706,362606.7,210462.2
2026-10-01 05:30:00,1.1707,1.1768,1.1705,1.1713,262590.2,104309.1
2026-10-01 05:45:00,1.1713,1.1764,1.1707,1.1763,271876.5,143801.1
2026-10-01 06:00:00,1.1763,1.1806,1.1728,1.1738,628846.2,335807.5
2026-10-01 06:15:00,1.1737,1.1786,1.1729,1.1784,369874.3,178855
2026-10-01 06:30:00,1.1783,1.1796,1.1675,1.1695,1496658.1,694746.4
2026-10-01 06:45:00,1.1694,1.1808,1.1691,1.1763,463310.9,288735.8
2026-10-01 07:00:00,1.1762,1.1821,1.1696,1.1711,897532.2,370383.8
2026-10-01 07:15:00,1.1711,1.1733,1.1444,1.1463,2595596.1,889274.2
2026-10-01 07:30:00,1.1463,1.1595,1.1441,1.1462,1973215.8,1232764.6
2026-10-01 07:45:00,1.1461,1.1511,1.1422,1.1447,820757.7,427567.7
2026-10-01 08:00:00,1.1448,1.1485,1.1394,1.1411,1420375,631601.2
2026-10-01 08:15:00,1.141,1.151,1.139,1.1484,1307522.5,781233.4
2026-10-01 08:30:00,1.1483,1.1548,1.1429,1.1519,686141,418551.3
2026-10-01 08:45:00,1.1519,1.1575,1.1499,1.1569,665985.7,446302.2
2026-10-01 09:00:00,1.1569,1.1649,1.1532,1.1625,523136.4,213298
2026-10-01 09:15:00,1.1626,1.1635,1.1571,1.1608,385953.2,130419.5
2026-10-01 09:30:00,1.1609,1.1653,1.1586,1.1633,317516.1,137969.3
2026-10-01 09:45:00,1.1633,1.1643,1.1542,1.1571,322769.4,122325.2
2026-10-01 10:00:00,1.1571,1.1579,1.1429,1.1503,784862.5,306723.6
2026-10-01 10:15:00,1.1502,1.1507,1.1442,1.1478,729235.5,453536.1
2026-10-01 10:30:00,1.1479,1.1582,1.1476,1.1581,519776.2,249338.9
2026-10-01 10:45:00,1.158,1.168,1.1567,1.1642,829111.3,332329.9
2026-10-01 11:00:00,1.1641,1.1641,1.1563,1.1604,512726.5,244312.1
2026-10-01 11:15:00,1.1604,1.1646,1.1587,1.1619,437266.2,160891.4
2026-10-01 11:30:00,1.1618,1.1665,1.1573,1.1648,557624.4,313599.5
2026-10-01 11:45:00,1.1647,1.1705,1.1627,1.1684,687787.1,335066.2
2026-10-01 12:00:00,1.1684,1.1762,1.1671,1.1751,1108613.3,649632
2026-10-01 12:15:00,1.1751,1.1787,1.1673,1.1699,897911.8,412180.5
2026-10-01 12:30:00,1.1699,1.1703,1.1598,1.1601,456662.2,210966.7
2026-10-01 12:45:00,1.16,1.1635,1.1548,1.1583,527695.8,269654.5
2026-10-01 13:00:00,1.1583,1.159,1.1475,1.1489,1072494.3,304941.1
2026-10-01 13:15:00,1.1489,1.1552,1.1472,1.1521,652468,242760.7
2026-10-01 13:30:00,1.1522,1.1657,1.1522,1.1604,1440393.8,628969.6
2026-10-01 13:45:00,1.1604,1.1633,1.1557,1.1596,950958.8,345849
2026-10-01 14:00:00,1.1595,1.162,1.149,1.1516,1566618.2,514996
2026-10-01 14:15:00,1.1517,1.1584,1.1487,1.1533,1173316.1,326203.5
2026-10-01 14:30:00,1.1532,1.1594,1.1454,1.1476,868444.2,325851.6
2026-10-01 14:45:00,1.1477,1.1492,1.1283,1.1372,3430793.3,1425772.1
2026-10-01 15:00:00,1.1371,1.1443,1.1271,1.1407,1331071.4,624461.3
2026-10-01 15:15:00,1.1407,1.1486,1.1405,1.1424,672641.1,356825.6
2026-10-01 15:30:00,1.1423,1.1423,1.1317,1.1354,750644.6,333318.6
2026-10-01 15:45:00,1.1353,1.1534,1.1353,1.1497,1721533.3,905012.8
2026-10-01 16:00:00,1.1497,1.1556,1.149,1.1549,603645,373131.4
2026-10-01 16:15:00,1.155,1.1612,1.153,1.161,647856.9,362798.3
2026-10-01 16:30:00,1.161,1.1689,1.1498,1.1538,1072898.5,600237.1
2026-10-01 16:45:00,1.1538,1.1595,1.145,1.1467,602326.7,342543
2026-10-01 17:00:00,1.1466,1.1634,1.1463,1.1625,661675,430145.2
2026-10-01 17:15:00,1.1624,1.18,1.1623,1.1799,2013962.1,1354082.2
2026-10-01 17:30:00,1.1798,1.195,1.176,1.1943,2957399.8,1654970.4
2026-10-01 17:45:00,1.1944,1.1986,1.1826,1.189,2272820,1155232.7
2026-10-01 18:00:00,1.1891,1.1944,1.1816,1.1921,1114817.4,753573.3
2026-10-01 18:15:00,1.1921,1.1949,1.1776,1.1778,1002837.3,444718.2
2026-10-01 18:30:00,1.1777,1.1878,1.1744,1.1788,804470.4,430576.8
2026-10-01 18:45:00,1.1788,1.1798,1.169,1.1745,1232431.7,514073.5
2026-10-01 19:00:00,1.1745,1.1782,1.1699,1.1733,512075.3,267969.8
2026-10-01 19:15:00,1.1734,1.1762,1.1629,1.1631,551145.6,325455.9
2026-10-01 19:30:00,1.1632,1.172,1.1632,1.1706,300611.7,170920.3
2026-10-01 19:45:00,1.1706,1.1908,1.1702,1.189,1145890.1,715658
2026-10-01 20:00:00,1.189,1.1938,1.1805,1.182,1147655.3,558385.2
2026-10-01 20:15:00,1.182,1.1888,1.182,1.1865,362215.1,240232.9
2026-10-01 20:30:00,1.1865,1.1893,1.1779,1.1811,403897.4,205429.9
2026-10-01 20:45:00,1.1811,1.1852,1.1786,1.1803,258475.5,129308
2026-10-01 21:00:00,1.1803,1.1809,1.1719,1.172,372269.7,183694.2
2026-10-01 21:15:00,1.1719,1.179,1.1692,1.1698,726600.9,243363.5
2026-10-01 21:30:00,1.1697,1.1726,1.1611,1.1627,624630.1,267293.8
2026-10-01 21:45:00,1.1627,1.1686,1.1619,1.165,254948.1,99966.3
2026-10-01 22:00:00,1.1649,1.1764,1.1648,1.1707,347859.8,179483.7
2026-10-01 22:15:00,1.1706,1.1801,1.1694,1.179,366033.4,249375.2
2026-10-01 22:30:00,1.1789,1.1802,1.1722,1.1722,269596.9,125115.5
2026-10-01 22:45:00,1.1722,1.1777,1.1686,1.177,211492.3,143591
2026-10-01 23:00:00,1.1771,1.1777,1.1688,1.169,270703.8,136446.7
2026-10-01 23:15:00,1.169,1.1734,1.1678,1.172,239969.2,150372.9
2026-10-01 23:30:00,1.1719,1.1753,1.1698,1.171,273212.3,155755.6
2026-10-01 23:45:00,1.171,1.1782,1.1693,1.1773,307040,147170.8
2026-10-02 00:00:00,1.1772,1.1875,1.1747,1.1829,441037.5,251184.2
2026-10-02 00:15:00,1.1828,1.1891,1.1787,1.1801,551763.3,336260.4
2026-10-02 00:30:00,1.1801,1.1822,1.1756,1.1806,418316.6,271005.9
2026-10-02 00:45:00,1.1805,1.1852,1.1749,1.1754,277656.1,159142.6
2026-10-02 01:00:00,1.1754,1.1758,1.1673,1.1681,501989.1,236732.4
2026-10-02 01:15:00,1.168,1.1722,1.163,1.1684,522458.7,218098
2026-10-02 01:30:00,1.1684,1.1713,1.1654,1.1655,336300.9,159935.3
2026-10-02 01:45:00,1.1655,1.185,1.1652,1.1827,688933.8,442144.3
2026-10-02 02:00:00,1.1827,1.192,1.1792,1.1881,1213676.2,806329.3
2026-10-02 02:15:00,1.1881,1.1922,1.1785,1.18,816514.1,480137.8
2026-10-02 02:30:00,1.1801,1.182,1.1768,1.1815,286577.9,170852
2026-10-02 02:45:00,1.1815,1.1886,1.1815,1.1872,475031.2,260810.7
2026-10-02 03:00:00,1.1873,1.1957,1.1792,1.1825,1050028.3,581372
2026-10-02 03:15:00,1.1825,1.1852,1.1767,1.1778,455513.3,254381.3
2026-10-02 03:30:00,1.1776,1.1883,1.1768,1.1826,631583.6,386614.8
2026-10-02 03:45:00,1.1827,1.1878,1.1796,1.1852,597772.7,398755.2
2026-10-02 04:00:00,1.1852,1.1896,1.1764,1.1765,602821.8,375582.2
2026-10-02 04:15:00,1.1766,1.2056,1.1766,1.2032,1976851.9,1249022.9
2026-10-02 04:30:00,1.2033,1.2098,1.1939,1.2066,2927693.2,1671839.6
2026-10-02 04:45:00,1.2066,1.2186,1.203,1.2078,2080754.2,1156440.3
2026-10-02 05:00:00,1.2077,1.2083,1.1962,1.1987,1189868.9,524773.9
2026-10-02 05:15:00,1.1986,1.2002,1.1931,1.1955,744091.2,468947
2026-10-02 05:30:00,1.1954,1.1985,1.181,1.1873,1387729.6,675419.7
2026-10-02 05:45:00,1.1873,1.188,1.1815,1.1835,497018.8,228631.1
2026-10-02 06:00:00,1.1835,1.1898,1.1817,1.1834,720382.4,482694.6
2026-10-02 06:15:00,1.1833,1.1902,1.1822,1.1893,379055.8,167321.1
2026-10-02 06:30:00,1.1893,1.1926,1.1859,1.1896,698316.5,254635.3
2026-10-02 06:45:00,1.1895,1.1924,1.1847,1.1848,320023.6,129412.4
2026-10-02 07:00:00,1.1847,1.1858,1.179,1.1808,529713.3,257364.1
2026-10-02 07:15:00,1.1807,1.1831,1.1758,1.1764,803286.6,263146.5
2026-10-02 07:30:00,1.1764,1.178,1.1723,1.1764,833857.7,400675.4
2026-10-02 07:45:00,1.1764,1.1868,1.1764,1.1844,808245,401747.7
2026-10-02 08:00:00,1.1843,1.1918,1.1819,1.1892,833257.4,538929
2026-10-02 08:15:00,1.1892,1.2023,1.1888,1.1927,1929336.2,1160547.4
2026-10-02 08:30:00,1.1927,1.1946,1.1857,1.1888,1001741.9,526404.9
2026-10-02 08:45:00,1.1887,1.1901,1.1825,1.183,436936.7,246260.6
2026-10-02 09:00:00,1.183,1.1865,1.1797,1.1839,417282.4,191902.6
2026-10-02 09:15:00,1.1838,1.1857,1.1791,1.1808,579939.9,303810.5
2026-10-02 09:30:00,1.1809,1.1856,1.1794,1.1811,565137.1,351259.6
2026-10-02 09:45:00,1.1811,1.1902,1.179,1.1862,747993,387578.4
2026-10-02 10:00:00,1.1862,1.1887,1.1811,1.1816,574117,347206.4
2026-10-02 10:15:00,1.1817,1.1837,1.175,1.1812,1521597,961956.5
2026-10-02 10:30:00,1.1813,1.1838,1.1782,1.1827,715257.3,435728
2026-10-02 10:45:00,1.1827,1.1834,1.1754,1.1766,636251.2,317126.3
2026-10-02 11:00:00,1.1767,1.1818,1.175,1.1816,495629.9,156220.1
2026-10-02 11:15:00,1.1816,1.1829,1.1791,1.1798,522654.7,152194
2026-10-02 11:30:00,1.1798,1.1818,1.175,1.1772,783560.7,310465.9
2026-10-02 11:45:00,1.1772,1.1786,1.1727,1.1734,763610.1,189443.8
2026-10-02 12:00:00,1.1734,1.1769,1.1677,1.1743,1289823.4,405100.6
2026-10-02 12:15:00,1.1743,1.184,1.1735,1.1813,997027,464355.5
2026-10-02 12:30:00,1.1816,1.1969,1.1745,1.1782,3511216.6,1804716
2026-10-02 12:45:00,1.1781,1.1961,1.1765,1.195,1951976.5,1207197.3
2026-10-02 13:00:00,1.1949,1.2066,1.1921,1.2024,1972936.3,1053235
2026-10-02 13:15:00,1.2025,1.2049,1.1982,1.2006,1138754.2,404333.4
2026-10-02 13:30:00,1.2006,1.215,1.1997,1.2105,1891841.5,1047694.7
2026-10-02 13:45:00,1.2105,1.2128,1.1954,1.1971,1332263.2,616386.6
2026-10-02 14:00:00,1.1971,1.2052,1.1844,1.1874,1526654.1,657916.3
2026-10-02 14:15:00,1.1873,1.1966,1.1825,1.1854,1042099.8,449210.1
2026-10-02 14:30:00,1.1854,1.1869,1.1773,1.1836,1566757.9,569131.4
2026-10-02 14:45:00,1.1836,1.189,1.1661,1.1737,2479502.4,897337.3
2026-10-02 15:00:00,1.1738,1.1764,1.1641,1.1723,2072845.5,690053.9
2026-10-02 15:15:00,1.1723,1.1751,1.1664,1.1707,1057265.1,581033.5
2026-10-02 15:30:00,1.1708,1.1736,1.1659,1.1681,684992.7,439940.6
2026-10-02 15:45:00,1.1681,1.1703,1.1641,1.1671,671135.4,340775.2
2026-10-02 16:00:00,1.1672,1.1741,1.1669,1.17,1196746.4,568330
2026-10-02 16:15:00,1.1699,1.18,1.1693,1.1702,571304.5,301224.5
2026-10-02 16:30:00,1.1702,1.1727,1.1648,1.1719,640881.9,433204.3
2026-10-02 16:45:00,1.172,1.176,1.1666,1.1703,718249.3,542106.1
2026-10-02 17:00:00,1.1703,1.1755,1.1675,1.168,352228.7,171615.8
2026-10-02 17:15:00,1.1679,1.1713,1.1616,1.1628,607760.4,225347
2026-10-02 17:30:00,1.1628,1.1643,1.1514,1.1546,1371222.4,521211.3
2026-10-02 17:45:00,1.1545,1.1649,1.1528,1.1631,620449.5,389786.2
2026-10-02 18:00:00,1.1631,1.1662,1.1582,1.1632,506321.1,242578.5
2026-10-02 18:15:00,1.1632,1.1633,1.1435,1.1463,1524889.8,687778.9
2026-10-02 18:30:00,1.1463,1.1467,1.109,1.1158,5619673,2314372.2
2026-10-02 18:45:00,1.1159,1.1221,1.1032,1.1212,2588230.9,1323853.3
2026-10-02 19:00:00,1.1212,1.128,1.116,1.1178,1394900.3,748128.2
2026-10-02 19:15:00,1.1179,1.1236,1.1113,1.1217,994643,409557.2
2026-10-02 19:30:00,1.1217,1.1283,1.1211,1.1244,860072.8,464743.3
2026-10-02 19:45:00,1.1244,1.1263,1.1206,1.1213,850223.1,467251.4
2026-10-02 20:00:00,1.1214,1.1262,1.12,1.1241,805572.7,420996.1
2026-10-02 20:15:00,1.124,1.1269,1.1186,1.1247,557431.7,339463.4
2026-10-02 20:30:00,1.1247,1.1285,1.1212,1.1215,578362,279946.7
2026-10-02 20:45:00,1.1216,1.1279,1.1195,1.1195,1072607.5,658351.5
2026-10-02 21:00:00,1.1195,1.1274,1.1192,1.1233,366073.5,194892.5
2026-10-02 21:15:00,1.1234,1.1263,1.1181,1.1186,741146.7,271770.9
2026-10-02 21:30:00,1.1186,1.1269,1.1177,1.1263,897420.5,340931.6
2026-10-02 21:45:00,1.1264,1.1275,1.1231,1.1269,289718.4,140664.4
2026-10-02 22:00:00,1.1269,1.1279,1.1197,1.1208,552394.6,228443.5
2026-10-02 22:15:00,1.1208,1.1256,1.119,1.1255,268391.1,170560.7
2026-10-02 22:30:00,1.1254,1.1276,1.1235,1.1251,440079.1,261792.3
2026-10-02 22:45:00,1.1252,1.1272,1.125,1.1266,253780.6,145951.7
2026-10-02 23:00:00,1.1267,1.1274,1.1236,1.1247,187291,91217.1
2026-10-02 23:15:00,1.1248,1.1327,1.1247,1.1319,498685.7,352852.6
2026-10-02 23:30:00,1.1319,1.1439,1.1319,1.1429,724751.9,450549.5
2026-10-02 23:45:00,1.1428,1.1495,1.1421,1.1461,729730.2,386146.8
2026-10-03 00:00:00,1.1462,1.1613,1.1445,1.1575,1290917.2,658936.3
2026-10-03 00:15:00,1.1575,1.178,1.1562,1.1772,1500483.3,788088.1
2026-10-03 00:30:00,1.1772,1.1856,1.1751,1.1852,2221554.4,952732.4
2026-10-03 00:45:00,1.1853,1.1905,1.1846,1.1868,1934658.3,726146.2
2026-10-03 01:00:00,1.1868,1.1959,1.1756,1.1902,2394056.7,988344
2026-10-03 01:15:00,1.1902,1.1981,1.1827,1.1872,1843026.3,825079.5
2026-10-03 01:30:00,1.1873,1.1896,1.1808,1.1827,880756.7,417408.4
2026-10-03 01:45:00,1.1827,1.1829,1.1711,1.1727,1507880.3,423704.6
2026-10-03 02:00:00,1.1727,1.1786,1.1703,1.1767,882244.4,447771.4
2026-10-03 02:15:00,1.1768,1.1823,1.1736,1.1741,456819.4,232388.2
2026-10-03 02:30:00,1.1742,1.1744,1.1694,1.1703,661719.6,320624.2
2026-10-03 02:45:00,1.1702,1.1712,1.1638,1.1643,533393.5,188430.3
2026-10-03 03:00:00,1.1642,1.1685,1.16,1.162,685189.9,408179.2
2026-10-03 03:15:00,1.1619,1.1667,1.1594,1.1604,610738.3,332676
2026-10-03 03:30:00,1.1603,1.1621,1.158,1.1601,498609.2,311217.6
2026-10-03 03:45:00,1.16,1.1675,1.1596,1.1629,434064.3,283008.8
2026-10-03 04:00:00,1.1629,1.1644,1.152,1.1571,672628.3,324964.8
2026-10-03 04:15:00,1.1572,1.1574,1.1463,1.1481,743580.6,304637.6
2026-10-03 04:30:00,1.1481,1.1538,1.1444,1.1515,1126386,784469.4
2026-10-03 04:45:00,1.1516,1.1569,1.1516,1.1538,266264.5,140252.1
2026-10-03 05:00:00,1.1538,1.1584,1.1512,1.1541,266827.7,161200
2026-10-03 05:15:00,1.1542,1.1589,1.1541,1.1563,219046,93331.8
2026-10-03 05:30:00,1.1564,1.1611,1.1552,1.1559,255249.8,102322.5
2026-10-03 05:45:00,1.1559,1.1588,1.1534,1.1544,270796.6,145220.3
2026-10-03 06:00:00,1.1544,1.1584,1.1534,1.1544,237560.8,125289
2026-10-03 06:15:00,1.1546,1.1573,1.1537,1.1549,340464.7,162737.2
2026-10-03 06:30:00,1.155,1.1582,1.1527,1.1528,372741.5,184380.8
2026-10-03 06:45:00,1.1528,1.1565,1.1518,1.1553,234037.1,81207.8
2026-10-03 07:00:00,1.1552,1.1604,1.1538,1.1592,222474.1,135918.3
2026-10-03 07:15:00,1.1591,1.161,1.1541,1.1554,292869.4,155966.5
2026-10-03 07:30:00,1.1554,1.1565,1.1498,1.1499,328015.6,132901.5
2026-10-03 07:45:00,1.1499,1.1581,1.1498,1.1552,248218,134007.4
2026-10-03 08:00:00,1.155,1.1606,1.1522,1.1601,372034.9,218018.8
2026-10-03 08:15:00,1.1601,1.1601,1.1535,1.1574,393691.3,179394.7
2026-10-03 08:30:00,1.1575,1.1594,1.1561,1.1588,176528.9,83132.5
2026-10-03 08:45:00,1.1588,1.1595,1.1535,1.1538,131282.4,53467.3
2026-10-03 09:00:00,1.1539,1.1645,1.1539,1.1631,195420.3,119232.5
2026-10-03 09:15:00,1.1631,1.1719,1.1607,1.1711,590510.5,246343.4
2026-10-03 09:30:00,1.171,1.1768,1.1698,1.1762,931396.3,660731.2
2026-10-03 09:45:00,1.1762,1.1915,1.1762,1.1828,2959939.4,1910404.4
2026-10-03 10:00:00,1.1827,1.1834,1.1737,1.1797,1318261.4,696294
2026-10-03 10:15:00,1.1797,1.189,1.1733,1.1761,1752979.8,683442.5
2026-10-03 10:30:00,1.1761,1.1829,1.176,1.1797,692786.3,441765.1
2026-10-03 10:45:00,1.1797,1.1878,1.1784,1.1825,517975.4,313631.4
2026-10-03 11:00:00,1.1824,1.1847,1.1764,1.1805,910748.9,545949
2026-10-03 11:15:00,1.1805,1.1824,1.1781,1.182,354111.2,212169
2026-10-03 11:30:00,1.1821,1.1865,1.1788,1.1796,961125.8,496311.9
2026-10-03 11:45:00,1.1796,1.1901,1.1796,1.1862,1202135.8,769617.2
2026-10-03 12:00:00,1.1862,1.1934,1.1862,1.1886,1405561.6,723439.1
2026-10-03 12:15:00,1.1885,1.1948,1.1847,1.1854,959430.4,570520.8
2026-10-03 12:30:00,1.1854,1.187,1.1781,1.1803,681290.1,366933.5
2026-10-03 12:45:00,1.1803,1.1865,1.1803,1.1846,359525.7,215343.6
2026-10-03 13:00:00,1.1845,1.1852,1.1795,1.1817,450380.7,223824.4
2026-10-03 13:15:00,1.1818,1.1818,1.1756,1.1772,725290.8,268167.5
2026-10-03 13:30:00,1.1772,1.18,1.1745,1.1746,466262.8,212192.2
2026-10-03 13:45:00,1.1745,1.182,1.1744,1.1811,355415.5,165834.6
2026-10-03 14:00:00,1.1811,1.1848,1.1748,1.1754,431440.4,242812.8
2026-10-03 14:15:00,1.1754,1.183,1.1754,1.181,305398,195974.2
2026-10-03 14:30:00,1.181,1.183,1.1787,1.1801,395435.1,234203
2026-10-03 14:45:00,1.18,1.1868,1.1797,1.1847,1099338.7,911393.2
2026-10-03 15:00:00,1.1847,1.1853,1.1757,1.1786,615264.3,354964.2
2026-10-03 15:15:00,1.1786,1.1807,1.1756,1.1785,377942,220327.7
2026-10-03 15:30:00,1.1786,1.181,1.1776,1.1794,657815.3,186915.9
2026-10-03 15:45:00,1.1795,1.1818,1.1759,1.177,647331.9,237666
2026-10-03 16:00:00,1.177,1.1776,1.1723,1.1743,576764.3,167384.7
2026-10-03 16:15:00,1.1742,1.1746,1.1674,1.1716,557351,319513.9
2026-10-03 16:30:00,1.1716,1.1751,1.1713,1.1733,309353.9,128726.5
2026-10-03 16:45:00,1.1732,1.1736,1.17,1.1715,193250.8,110162.1
2026-10-03 17:00:00,1.1715,1.1789,1.1712,1.1776,280131,178195.5
2026-10-03 17:15:00,1.1775,1.1796,1.1745,1.1752,292629.5,175133.8
2026-10-03 17:30:00,1.1753,1.1755,1.1724,1.1744,186813.8,109389.9
2026-10-03 17:45:00,1.1743,1.1758,1.1722,1.1757,322742.6,181596.4
2026-10-03 18:00:00,1.1756,1.1759,1.1707,1.1718,203274.8,93461.1
2026-10-03 18:15:00,1.1717,1.1724,1.1694,1.1715,200768,103026.1
2026-10-03 18:30:00,1.1714,1.174,1.1702,1.1739,86366,54158.5
2026-10-03 18:45:00,1.174,1.1743,1.1702,1.1736,149504.9,91314.6
2026-10-03 19:00:00,1.1735,1.1736,1.17,1.1728,165700.1,102674.9
2026-10-03 19:15:00,1.1728,1.1757,1.1711,1.1712,173142,110292
2026-10-03 19:30:00,1.1711,1.1737,1.1699,1.1718,270120.4,155466.9
2026-10-03 19:45:00,1.1717,1.1749,1.1698,1.1745,282920.8,196127.2
2026-10-03 20:00:00,1.1745,1.1793,1.1742,1.177,223165.3,100887.3
2026-10-03 20:15:00,1.1769,1.1793,1.1758,1.1785,310748.3,154004.8
2026-10-03 20:30:00,1.1786,1.1823,1.1771,1.1809,312574,205244.3
2026-10-03 20:45:00,1.181,1.1815,1.1773,1.1788,234461.3,109950.3
2026-10-03 21:00:00,1.1788,1.182,1.1749,1.1765,331177.3,194702
2026-10-03 21:15:00,1.1766,1.1779,1.1752,1.1755,100038.9,72370.4
2026-10-03 21:30:00,1.1755,1.178,1.1749,1.1749,211474.9,111237.2
2026-10-03 21:45:00,1.1749,1.1763,1.1743,1.1752,174138.9,109570.4
2026-10-03 22:00:00,1.1751,1.1817,1.1741,1.1795,445708.7,241856.2
2026-10-03 22:15:00,1.1795,1.1798,1.1771,1.1781,137282.8,67598.1
2026-10-03 22:30:00,1.178,1.1819,1.178,1.1796,120880.3,65554.3
2026-10-03 22:45:00,1.1795,1.1808,1.1795,1.1806,41007.9,32282.6
