t,o,h,l,c,v,taker_buy_v
2025-08-22 12:00:00,3.3561,3.6636,3.3047,3.6173,41099509.5,20884424.1
2025-08-22 16:00:00,3.6172,3.7427,3.6158,3.7309,15841174.8,7482587.3
2025-08-22 20:00:00,3.7309,3.7796,3.7203,3.7603,9387883.7,4310389.7
2025-08-23 00:00:00,3.7602,3.7654,3.6058,3.6305,9453242.1,3580812
2025-08-23 04:00:00,3.6305,3.805,3.6286,3.7585,10257561.1,4913145.8
2025-08-23 08:00:00,3.7586,3.7796,3.711,3.7383,6014536.8,2706780.6
2025-08-23 12:00:00,3.7384,3.7635,3.703,3.7086,4418549.2,2018277.6
2025-08-23 16:00:00,3.7087,3.7268,3.6756,3.7214,4287640.8,2299261.1
2025-08-23 20:00:00,3.7215,3.7426,3.7114,3.7367,3757814.4,1827152.9
2025-08-24 00:00:00,3.7368,3.7515,3.6964,3.7235,3747476.1,1867994.6
2025-08-24 04:00:00,3.7236,3.7466,3.6698,3.6699,4476710,2233289.2
2025-08-24 08:00:00,3.6698,3.6949,3.6014,3.6197,7728522,4011775.6
2025-08-24 12:00:00,3.6196,3.6797,3.611,3.6322,4914695.4,2594975.4
2025-08-24 16:00:00,3.6323,3.8498,3.6286,3.7034,26105676.1,12180543.4
2025-08-24 20:00:00,3.7034,3.731,3.6222,3.6806,11803882.2,5799645.7
2025-08-25 00:00:00,3.6806,3.7378,3.5836,3.6894,8851794.2,4136162.3
2025-08-25 04:00:00,3.6895,3.6963,3.4811,3.4991,11612479.2,5739355.6
2025-08-25 08:00:00,3.4991,3.5103,3.4397,3.4667,10886897.6,6273873.2
2025-08-25 12:00:00,3.4666,3.5093,3.4413,3.462,11462551.6,6676615.2
2025-08-25 16:00:00,3.462,3.493,3.3674,3.3728,9385004.4,4542876
2025-08-25 20:00:00,3.3728,3.3927,3.3122,3.3404,15715241.8,8323728.9
2025-08-26 00:00:00,3.3405,3.3963,3.3233,3.3657,6844232.2,3488021
2025-08-26 04:00:00,3.366,3.4478,3.366,3.4359,6800784.6,3093548.6
2025-08-26 08:00:00,3.4358,3.4414,3.3651,3.3846,8010958.4,4747091
2025-08-26 12:00:00,3.3847,3.451,3.3509,3.4028,13022841,6387852.8
2025-08-26 16:00:00,3.4028,3.4908,3.3857,3.483,6017149.9,2895679.4
2025-08-26 20:00:00,3.4827,3.4912,3.4394,3.453,4844070.7,2397491.5
2025-08-27 00:00:00,3.4531,3.5054,3.4112,3.4723,4601493.9,2287977.5
2025-08-27 04:00:00,3.4724,3.5064,3.4156,3.4314,5369582.6,2643474.8
2025-08-27 08:00:00,3.4315,3.4538,3.4134,3.4477,4011339.1,2033163.4
2025-08-27 12:00:00,3.4476,3.5171,3.4273,3.4984,9360344.9,4848504.3
2025-08-27 16:00:00,3.4985,3.5204,3.4487,3.4671,5217131.3,2333129.6
2025-08-27 20:00:00,3.4671,3.5108,3.4268,3.437,10811656.6,5062365.2
2025-08-28 00:00:00,3.4371,3.4839,3.4181,3.48,4042264.7,2001577.3
2025-08-28 04:00:00,3.48,3.5122,3.4726,3.4999,5164437.3,2191748
2025-08-28 08:00:00,3.4999,3.5294,3.4729,3.5008,4456255.3,2193269.6
2025-08-28 12:00:00,3.5008,3.5265,3.4491,3.467,8387012.5,4225390.1
2025-08-28 16:00:00,3.4671,3.4845,3.4172,3.4179,4473444.6,2105878.2
2025-08-28 20:00:00,3.4179,3.5,3.4125,3.4914,3506877,1707734.1
2025-08-29 00:00:00,3.4913,3.4994,3.4212,3.459,5247784.1,2596882.6
2025-08-29 04:00:00,3.4591,3.4663,3.3472,3.3567,9572033.2,4427367.4
2025-08-29 08:00:00,3.3564,3.3694,3.287,3.3086,9277700.2,4780669.1
2025-08-29 12:00:00,3.3085,3.4008,3.2767,3.3029,18168392.2,9224277.8
2025-08-29 16:00:00,3.3026,3.3155,3.2106,3.2564,9665997.9,4508083.7
2025-08-29 20:00:00,3.2565,3.3183,3.2175,3.2822,5707023.6,3378241
2025-08-30 00:00:00,3.2823,3.3167,3.2236,3.3053,4950975.7,2272903.8
2025-08-30 04:00:00,3.3053,3.3445,3.2931,3.343,3116879.8,1530112.9
2025-08-30 08:00:00,3.343,3.343,3.3127,3.3196,3823524.4,1491840.7
2025-08-30 12:00:00,3.3196,3.3222,3.2472,3.3146,6759064.7,3899142.6
2025-08-30 16:00:00,3.3146,3.3146,3.277,3.2923,3071491.3,1348296.6
2025-08-30 20:00:00,3.2923,3.3099,3.2754,3.3065,1549610.1,872817.1
2025-08-31 00:00:00,3.3066,3.3505,3.3032,3.3474,3152509.8,1612904.4
2025-08-31 04:00:00,3.3474,3.3493,3.3024,3.3131,2372516.9,921541.5
2025-08-31 08:00:00,3.3131,3.3355,3.2897,3.3121,2367022.1,1161730.9
2025-08-31 12:00:00,3.3121,3.3168,3.2802,3.3057,2969851,1587925
2025-08-31 16:00:00,3.3057,3.315,3.2822,3.2919,1998320.3,1114674.6
2025-08-31 20:00:00,3.2919,3.3104,3.2454,3.2494,3447358.1,1636749.2
2025-09-01 00:00:00,3.2494,3.2557,3.1595,3.1856,7655427.1,3467195.8
2025-09-01 04:00:00,3.1856,3.29,3.1458,3.288,8650199.1,3638816.1
2025-09-01 08:00:00,3.2879,3.339,3.2532,3.2594,10613451.3,5286544.9
2025-09-01 12:00:00,3.2595,3.2797,3.2136,3.2215,5236367.6,2781202.8
2025-09-01 16:00:00,3.2214,3.2282,3.1939,3.2155,5308856.1,2270500.1
2025-09-01 20:00:00,3.216,3.2189,3.1101,3.2042,8728661.7,4247999.6
2025-09-02 00:00:00,3.2043,3.2996,3.1963,3.2766,5139910.6,2754958.6
2025-09-02 04:00:00,3.2766,3.3024,3.269,3.2773,3069765.6,1357135.4
2025-09-02 08:00:00,3.2773,3.2972,3.2494,3.2544,2575459.7,1103513.7
2025-09-02 12:00:00,3.2544,3.3082,3.1908,3.22,10171580.3,4619523.3
2025-09-02 16:00:00,3.22,3.2749,3.2177,3.2581,3313301.6,1754009.5
2025-09-02 20:00:00,3.2583,3.3215,3.251,3.3168,5318404.8,2602931
2025-09-03 00:00:00,3.3169,3.3582,3.3105,3.3276,3209970.9,1607945.5
2025-09-03 04:00:00,3.3276,3.3317,3.2671,3.3001,4051543.3,2007241
2025-09-03 08:00:00,3.3001,3.3612,3.2973,3.3473,4899916.2,2880051.2
2025-09-03 12:00:00,3.3473,3.4013,3.3416,3.387,6565005.7,3448339.6
2025-09-03 16:00:00,3.3869,3.4045,3.3504,3.3978,3700646.2,1961042.6
2025-09-03 20:00:00,3.3977,3.4065,3.377,3.3876,1910156.5,884060
2025-09-04 00:00:00,3.3876,3.4005,3.333,3.338,2946492.7,1560035.7
2025-09-04 04:00:00,3.3381,3.3469,3.2892,3.31,3311073,1441586.1
2025-09-04 08:00:00,3.31,3.3347,3.3066,3.3113,3310011,1847423.5
2025-09-04 12:00:00,3.3114,3.3308,3.2534,3.2652,4716220.5,2223562
2025-09-04 16:00:00,3.2653,3.2754,3.2329,3.2461,3120988.4,1370413.2
2025-09-04 20:00:00,3.2458,3.3194,3.2426,3.2857,3007276.1,1699682.8
2025-09-05 00:00:00,3.2854,3.3394,3.2742,3.3365,2893589.4,1559090.4
2025-09-05 04:00:00,3.3365,3.3991,3.3301,3.3945,3853561.7,2167562.6
2025-09-05 08:00:00,3.3946,3.3961,3.3613,3.3904,3972697.4,1697247.5
2025-09-05 12:00:00,3.3904,3.4562,3.3321,3.3807,15596927.8,7955834.2
2025-09-05 16:00:00,3.3807,3.4176,3.3567,3.4173,4523520.9,2384476.2
2025-09-05 20:00:00,3.4173,3.4258,3.369,3.3743,3066761.1,1535201.5
2025-09-06 00:00:00,3.3743,3.408,3.3724,3.405,1690523,1034442.1
2025-09-06 04:00:00,3.405,3.405,3.3637,3.3779,2485153.5,1193885.8
2025-09-06 08:00:00,3.378,3.3817,3.3381,3.3525,2363008.9,922985.3
2025-09-06 12:00:00,3.3523,3.3696,3.3382,3.3382,2135444.8,1024184.4
2025-09-06 16:00:00,3.3381,3.3533,3.3135,3.3164,2255768.7,1159201.8
2025-09-06 20:00:00,3.3164,3.3416,3.3151,3.3356,1199289.6,655693.9
2025-09-07 00:00:00,3.3357,3.3833,3.3342,3.371,1830476.1,948701.6
2025-09-07 04:00:00,3.371,3.3849,3.3629,3.3717,1585960.7,795118.5
2025-09-07 08:00:00,3.3718,3.4212,3.3718,3.4212,2961375.2,1751203.3
2025-09-07 12:00:00,3.4212,3.422,3.3924,3.4083,4579172.6,2168558.5
2025-09-07 16:00:00,3.4083,3.4122,3.3561,3.3797,4395856.4,2031132.3
2025-09-07 20:00:00,3.3798,3.4185,3.3739,3.3966,3858798.9,1863278.3
2025-09-08 00:00:00,3.3965,3.4353,3.3636,3.409,3246436.7,1674046.4
2025-09-08 04:00:00,3.409,3.42,3.3813,3.4084,3444550.4,1668939.7
2025-09-08 08:00:00,3.4085,3.4867,3.4057,3.4737,6507434.7,3339593.4
2025-09-08 12:00:00,3.4738,3.5137,3.4611,3.5038,6931253.5,3746370.3
2025-09-08 16:00:00,3.5038,3.5059,3.4427,3.4523,5951040.2,2304767.2
2025-09-08 20:00:00,3.4524,3.5022,3.4411,3.4997,3134378.9,1401856.4
2025-09-09 00:00:00,3.4997,3.5185,3.4253,3.4628,6966809.6,2545231.3
2025-09-09 04:00:00,3.4627,3.6143,3.4554,3.6094,10614384.1,4703797.2
2025-09-09 08:00:00,3.6095,3.6169,3.5685,3.5685,6195196.4,2550422.6
2025-09-09 12:00:00,3.5687,3.5902,3.4289,3.4492,11827246.6,5391561.7
2025-09-09 16:00:00,3.4493,3.4761,3.4289,3.4709,4974712,2810272.4
2025-09-09 20:00:00,3.4709,3.4865,3.4542,3.4698,2984753.2,1681387
2025-09-10 00:00:00,3.4698,3.562,3.4557,3.5415,4380838.5,2292968.7
2025-09-10 04:00:00,3.5415,3.5578,3.5011,3.5446,3991281.3,1927894.7
2025-09-10 08:00:00,3.5446,3.5585,3.5088,3.5144,4142386.1,1862081.3
2025-09-10 12:00:00,3.5143,3.6272,3.5137,3.6126,9757760.5,5183654.4
2025-09-10 16:00:00,3.6127,3.6159,3.5404,3.5538,5072779.8,2182368.6
2025-09-10 20:00:00,3.5539,3.626,3.5523,3.6197,3001065.1,1548188.5
2025-09-11 00:00:00,3.6196,3.6411,3.5927,3.6345,3301273,1754388.5
2025-09-11 04:00:00,3.6345,3.6379,3.604,3.622,3602025.7,1863639
2025-09-11 08:00:00,3.6221,3.6477,3.6046,3.6126,3176741.5,1507244.8
2025-09-11 12:00:00,3.6127,3.71,3.5534,3.5897,12324601.1,6469076.3
2025-09-11 16:00:00,3.5897,3.62,3.5897,3.6149,1976349.8,1120743.3
2025-09-11 20:00:00,3.615,3.6746,3.6094,3.6669,4878594,2884677
2025-09-12 00:00:00,3.6667,3.7002,3.6451,3.6562,4538287.3,2011675.6
2025-09-12 04:00:00,3.6562,3.6868,3.6417,3.6744,4545488.2,2247820.9
2025-09-12 08:00:00,3.6744,3.6882,3.6037,3.607,6551658.5,3365106.4
2025-09-12 12:00:00,3.607,3.6512,3.5844,3.6326,7048325.9,3442378.3
2025-09-12 16:00:00,3.6326,3.7083,3.6241,3.7072,5917935.9,3343612.5
2025-09-12 20:00:00,3.7072,3.7276,3.6696,3.7199,6779802.3,3634767
2025-09-13 00:00:00,3.72,3.7593,3.7052,3.7383,5113833.9,2867805.8
2025-09-13 04:00:00,3.7382,3.7455,3.7086,3.7299,3206541.7,1474298.5
2025-09-13 08:00:00,3.7299,3.8349,3.7282,3.8332,11424119.3,6652742.8
2025-09-13 12:00:00,3.8333,3.8866,3.7491,3.7852,14471233.6,7436812.8
2025-09-13 16:00:00,3.7852,3.8056,3.7329,3.792,7324807.2,3228612.8
2025-09-13 20:00:00,3.792,3.8481,3.7867,3.8146,4317241.7,1981481.5
2025-09-14 00:00:00,3.8146,3.8238,3.7454,3.7584,4977744.7,2472695.6
2025-09-14 04:00:00,3.7585,3.7898,3.735,3.761,4415930.6,2526054.1
2025-09-14 08:00:00,3.761,3.805,3.7178,3.724,5456012,2878025.6
2025-09-14 12:00:00,3.7241,3.7383,3.6399,3.6672,8659575.4,3580870.8
2025-09-14 16:00:00,3.6672,3.7295,3.6546,3.7008,3063596.5,1669187.1
2025-09-14 20:00:00,3.7007,3.7344,3.6823,3.6861,2641520.8,1201840
2025-09-15 00:00:00,3.6861,3.7105,3.6485,3.706,2527938.7,1229981.7
2025-09-15 04:00:00,3.706,3.7221,3.5867,3.6028,7368523,3709021.9
2025-09-15 08:00:00,3.6028,3.6029,3.51,3.5354,13576082.6,7738795.5
2025-09-15 12:00:00,3.5353,3.545,3.4786,3.4991,8433852.1,3979418.7
2025-09-15 16:00:00,3.4991,3.5065,3.4599,3.4936,5712747.5,2513672.1
2025-09-15 20:00:00,3.4936,3.5258,3.4909,3.521,3389671.5,1462321.5
2025-09-16 00:00:00,3.5211,3.5427,3.4976,3.4995,2269181.8,990805.1
2025-09-16 04:00:00,3.4996,3.5354,3.4669,3.5331,3692905,1960022.9
2025-09-16 08:00:00,3.5331,3.578,3.5331,3.5726,4531845.5,2060360
2025-09-16 12:00:00,3.5725,3.6546,3.5483,3.6172,13345392.4,6607195.2
2025-09-16 16:00:00,3.6177,3.65,3.5996,3.6286,5610593,3007810
2025-09-16 20:00:00,3.6285,3.643,3.596,3.6003,3281525.5,1358613.1
2025-09-17 00:00:00,3.6003,3.642,3.5819,3.5969,3508076.1,1679787.3
2025-09-17 04:00:00,3.5969,3.6259,3.5699,3.6123,4117673.6,1748490.7
2025-09-17 08:00:00,3.6122,3.6134,3.5572,3.5957,3633015.2,1891575.8
2025-09-17 12:00:00,3.5958,3.6053,3.5479,3.5602,3398340.4,1715243.9
2025-09-17 16:00:00,3.5601,3.689,3.5232,3.6745,15388269.5,8025786.1
2025-09-17 20:00:00,3.6744,3.8011,3.6229,3.7716,14634773.4,8235863
2025-09-18 00:00:00,3.7718,3.8309,3.7672,3.82,9793782.2,5514885.1
2025-09-18 04:00:00,3.8201,3.8309,3.7521,3.7917,8135429.6,4538083.6
2025-09-18 08:00:00,3.7916,3.908,3.7855,3.8774,11957395,6868985.6
2025-09-18 12:00:00,3.8775,3.9705,3.8558,3.9549,14104282.3,7407498.2
2025-09-18 16:00:00,3.9548,3.9765,3.9275,3.9514,9053206.8,4915339.1
2025-09-18 20:00:00,3.9511,3.9604,3.8621,3.8889,12269107.7,4128128.9
2025-09-19 00:00:00,3.8888,3.9159,3.8318,3.8379,12264407.8,4542172.5
2025-09-19 04:00:00,3.8379,3.8648,3.7771,3.7994,12365146.8,5056969
2025-09-19 08:00:00,3.7994,3.823,3.7059,3.7157,11514169.6,4541093
2025-09-19 12:00:00,3.7159,3.7556,3.6416,3.6621,14265295.4,6457062.9
2025-09-19 16:00:00,3.6621,3.681,3.6327,3.6476,8369588.4,3668224.4
2025-09-19 20:00:00,3.6479,3.6858,3.6118,3.6367,7123775.5,3058920
2025-09-20 00:00:00,3.6368,3.6946,3.6323,3.6873,3770364.9,2146322.3
2025-09-20 04:00:00,3.6874,3.7,3.6633,3.6878,3359416.2,1754941.9
2025-09-20 08:00:00,3.6877,3.6882,3.6189,3.6435,4239156.5,1693928.1
2025-09-20 12:00:00,3.6434,3.7035,3.6347,3.6935,6818020,2940081.6
2025-09-20 16:00:00,3.6936,3.7096,3.645,3.6555,3802376.7,1693416.1
2025-09-20 20:00:00,3.6554,3.6851,3.6496,3.6572,1356266.9,612409.8
2025-09-21 00:00:00,3.6572,3.6756,3.6374,3.6685,3364918.9,1515169.8
2025-09-21 04:00:00,3.6685,3.6839,3.6495,3.664,2787222.3,1354180
2025-09-21 08:00:00,3.6638,3.666,3.588,3.6196,4612957.3,1898712.8
2025-09-21 12:00:00,3.6195,3.672,3.6185,3.6298,2994298.4,1589881.7
2025-09-21 16:00:00,3.63,3.6446,3.5955,3.6373,2622108.1,1341552.6
2025-09-21 20:00:00,3.6372,3.6403,3.6002,3.6091,1716502.4,824031.9
2025-09-22 00:00:00,3.6089,3.6296,3.467,3.5144,12730065,5475163.4
2025-09-22 04:00:00,3.5145,3.5213,3.235,3.3458,25313649.3,11906918.5
2025-09-22 08:00:00,3.3459,3.3836,3.3241,3.359,9715389.4,4526648.9
2025-09-22 12:00:00,3.359,3.4072,3.3452,3.3614,10765090.5,5118637.9
2025-09-22 16:00:00,3.3614,3.3771,3.3103,3.3171,5595407,2879440.9
2025-09-22 20:00:00,3.3173,3.3685,3.3123,3.3633,4124958.8,2481306.8
2025-09-23 00:00:00,3.3633,3.3851,3.2782,3.369,6148307.2,3030033
2025-09-23 04:00:00,3.3691,3.404,3.3411,3.3759,4820429.6,2761611.4
2025-09-23 08:00:00,3.376,3.4017,3.3586,3.3696,4053097.2,2212866.9
2025-09-23 12:00:00,3.3696,3.3979,3.3424,3.3787,6683334.7,3260499.5
2025-09-23 16:00:00,3.3788,3.4192,3.3165,3.325,6807506.5,3271832.1
2025-09-23 20:00:00,3.3249,3.3627,3.309,3.3199,2949391.1,1254684
2025-09-24 00:00:00,3.3199,3.3671,3.275,3.2765,4913187.5,2419408
2025-09-24 04:00:00,3.2765,3.3764,3.2341,3.3671,7284808,3623059.5
2025-09-24 08:00:00,3.3672,3.4017,3.366,3.3944,3381455.4,1712286.4
2025-09-24 12:00:00,3.3942,3.4402,3.3728,3.4,5108035,2257925.6
2025-09-24 16:00:00,3.4,3.4048,3.3765,3.3917,3485365.2,1829494.6
2025-09-24 20:00:00,3.3919,3.4004,3.3479,3.3633,6050624.7,2874868.7
2025-09-25 00:00:00,3.3633,3.3699,3.2877,3.3112,9853387.5,4785328.9
2025-09-25 04:00:00,3.3112,3.3202,3.2375,3.2424,9762768.6,4753730
2025-09-25 08:00:00,3.2425,3.2626,3.1467,3.1709,11468558.6,4901883.5
2025-09-25 12:00:00,3.1708,3.2502,3.1235,3.211,16575534.9,7766820.2
2025-09-25 16:00:00,3.2112,3.217,3.0685,3.1725,17375269.3,8095727.4
2025-09-25 20:00:00,3.1725,3.178,3.0961,3.1112,7368564.3,3324983.9
2025-09-26 00:00:00,3.1111,3.1784,3.1099,3.16,5954200.8,3087299.4
2025-09-26 04:00:00,3.16,3.1647,3.1068,3.1543,7891239.4,3612518
2025-09-26 08:00:00,3.1543,3.189,3.0806,3.1095,7055555.1,3408711.9
2025-09-26 12:00:00,3.1094,3.1684,3.0719,3.1519,13325497,6603053.2
2025-09-26 16:00:00,3.1519,3.2555,3.1489,3.205,10787932,5168758.7
2025-09-26 20:00:00,3.205,3.2314,3.1972,3.2219,2777401.7,1417133.8
2025-09-27 00:00:00,3.2219,3.222,3.1955,3.2023,1813920.9,812500.6
2025-09-27 04:00:00,3.2023,3.2216,3.1931,3.2029,1635555.4,813371.6
2025-09-27 08:00:00,3.2028,3.2306,3.1686,3.2115,3942022.7,1969018.4
2025-09-27 12:00:00,3.2115,3.2255,3.1885,3.2071,2360763.8,1270033.7
2025-09-27 16:00:00,3.2072,3.2086,3.15,3.1794,3107245.5,1408490.8
2025-09-27 20:00:00,3.1795,3.2068,3.1716,3.1781,1858196,925229.6
2025-09-28 00:00:00,3.1781,3.1885,3.1377,3.1501,3382389.2,1797125.5
2025-09-28 04:00:00,3.15,3.1526,3.1196,3.138,2253001,1087892
2025-09-28 08:00:00,3.1381,3.1448,3.1079,3.117,2807673.9,1415380.9
2025-09-28 12:00:00,3.117,3.1838,3.095,3.181,6445928.8,3512910.2
2025-09-28 16:00:00,3.181,3.2105,3.181,3.2094,3075749.9,1364481.3
2025-09-28 20:00:00,3.2094,3.2852,3.2094,3.2775,4096121.9,2134323.7
2025-09-29 00:00:00,3.2775,3.2973,3.2581,3.2819,4150852,1817843.6
2025-09-29 04:00:00,3.282,3.3129,3.2603,3.3082,3828230.9,1781337.8
2025-09-29 08:00:00,3.3081,3.3256,3.2172,3.238,8093423.2,3198850.9
2025-09-29 12:00:00,3.2379,3.3294,3.2054,3.2807,11028174.1,5424508
2025-09-29 16:00:00,3.2807,3.3021,3.252,3.2902,3914870.8,2042970
2025-09-29 20:00:00,3.2903,3.3224,3.2782,3.2804,2797683.3,1295712.4
2025-09-30 00:00:00,3.2803,3.2917,3.2385,3.2597,5051203.8,2217548.6
2025-09-30 04:00:00,3.2597,3.2776,3.2275,3.2382,2770724.5,1359221.6
2025-09-30 08:00:00,3.2381,3.2435,3.1967,3.2252,3697459.9,1697200.8
2025-09-30 12:00:00,3.2251,3.2451,3.1586,3.1643,5273918.5,2489580.1
2025-09-30 16:00:00,3.1642,3.2781,3.1524,3.259,7664877.2,4300447.8
2025-09-30 20:00:00,3.2592,3.312,3.2414,3.2603,6431731.8,2864406.8
2025-10-01 00:00:00,3.2603,3.2794,3.2167,3.2191,3127872.5,1485552.5
2025-10-01 04:00:00,3.2191,3.2639,3.2156,3.256,3546967,1693698.7
2025-10-01 08:00:00,3.2559,3.4202,3.2534,3.4194,15739807.1,8291939.2
2025-10-01 12:00:00,3.4194,3.4909,3.3917,3.4895,10468089.2,5641630.2
2025-10-01 16:00:00,3.4896,3.5325,3.4377,3.5163,8504875,4119918.8
2025-10-01 20:00:00,3.5162,3.536,3.488,3.5217,7344995.6,4082284.9
2025-10-02 00:00:00,3.5218,3.5794,3.5091,3.568,6473528.7,3416748.4
2025-10-02 04:00:00,3.568,3.5935,3.5387,3.555,5433643.3,2340266.1
2025-10-02 08:00:00,3.5551,3.5781,3.544,3.5573,3564117.3,1797110
2025-10-02 12:00:00,3.5573,3.5924,3.4815,3.5525,8560896.6,4251869.9
2025-10-02 16:00:00,3.5526,3.6435,3.5245,3.6142,10029338.6,5586680.9
2025-10-02 20:00:00,3.6142,3.6169,3.5616,3.5869,3625833.2,1450252.6
2025-10-03 00:00:00,3.5869,3.5877,3.5224,3.5634,4861770,2351009.3
2025-10-03 04:00:00,3.5635,3.6195,3.5597,3.589,5332444.5,2736574.4
2025-10-03 08:00:00,3.589,3.6299,3.5572,3.5773,4088244.5,1926064.3
2025-10-03 12:00:00,3.5774,3.6417,3.5432,3.6373,7086320.4,3820815.4
2025-10-03 16:00:00,3.6375,3.669,3.5476,3.586,12603458,6436616.2
2025-10-03 20:00:00,3.586,3.5981,3.5693,3.5792,2349963.8,1216153.2
2025-10-04 00:00:00,3.5793,3.5868,3.5237,3.5449,4102998.6,2079383.7
2025-10-04 04:00:00,3.545,3.5643,3.5368,3.5428,2159315.5,1211772.8
2025-10-04 08:00:00,3.5428,3.5512,3.4921,3.5017,3881361.6,1839751.1
2025-10-04 12:00:00,3.5016,3.5799,3.5005,3.5108,5989910.7,3100415.1
2025-10-04 16:00:00,3.5109,3.5546,3.506,3.541,2679759.2,1325345.5
2025-10-04 20:00:00,3.541,3.6297,3.541,3.6229,4976392.9,2665234.3
2025-10-05 00:00:00,3.6229,3.6888,3.5759,3.6438,10575420.5,5121848.5
2025-10-05 04:00:00,3.6439,3.6901,3.6294,3.6838,7910160.3,3897667.1
2025-10-05 08:00:00,3.6838,3.6915,3.5811,3.6136,8086322.4,3700918.6
2025-10-05 12:00:00,3.6136,3.6237,3.5792,3.5932,3241623.4,1621716.6
2025-10-05 16:00:00,3.5932,3.6047,3.5219,3.5339,4617292.2,2169607.7
2025-10-05 20:00:00,3.534,3.5729,3.5278,3.5647,3020103.6,1677972.3
2025-10-06 00:00:00,3.5647,3.5915,3.5388,3.5707,5735585.9,3002415.5
2025-10-06 04:00:00,3.5707,3.665,3.552,3.6214,7362646.2,3273497.8
2025-10-06 08:00:00,3.6215,3.6608,3.6099,3.6117,5513637.5,2188783.9
2025-10-06 12:00:00,3.6117,3.6818,3.605,3.6725,7927172.2,4273835.4
2025-10-06 16:00:00,3.6724,3.71,3.6409,3.6691,6621147.2,2999714.3
2025-10-06 20:00:00,3.6692,3.6774,3.6223,3.623,3977394.6,1748965.8
2025-10-07 00:00:00,3.623,3.6349,3.5966,3.6284,2847921,1416562.7
2025-10-07 04:00:00,3.6283,3.6675,3.5871,3.6002,5214902.6,2471982.3
2025-10-07 08:00:00,3.6002,3.6033,3.5614,3.5919,5215850.1,2384239.7
2025-10-07 12:00:00,3.5918,3.6212,3.4742,3.489,12924039.9,6251661.2
2025-10-07 16:00:00,3.489,3.5171,3.4453,3.4522,7504632.8,3902749.7
2025-10-07 20:00:00,3.4524,3.4885,3.4403,3.4499,4108655.1,2241613
2025-10-08 00:00:00,3.45,3.4863,3.4275,3.4387,4121491.1,2133709.8
2025-10-08 04:00:00,3.4387,3.4876,3.4245,3.4737,4568421.7,2473315.1
2025-10-08 08:00:00,3.4737,3.4994,3.4564,3.4622,3806475.6,2028765.6
2025-10-08 12:00:00,3.4622,3.4935,3.4292,3.458,6523860.8,3376814.9
2025-10-08 16:00:00,3.458,3.5649,3.4526,3.5387,6923271.1,3466239.9
2025-10-08 20:00:00,3.5386,3.5469,3.5133,3.5353,2427135.1,955887.5
2025-10-09 00:00:00,3.5352,3.5405,3.4351,3.4839,4363548.8,1929554.5
2025-10-09 04:00:00,3.4839,3.4976,3.4369,3.441,3053736,1453009.2
2025-10-09 08:00:00,3.441,3.446,3.3747,3.398,11212106.7,5443952
2025-10-09 12:00:00,3.398,3.4525,3.3425,3.3648,7661347.4,3861572.9
2025-10-09 16:00:00,3.3648,3.4012,3.3267,3.398,3898675.4,2013917.2
2025-10-09 20:00:00,3.3979,3.4135,3.3778,3.4075,2261425.2,1059494.7
2025-10-10 00:00:00,3.4074,3.4696,3.4045,3.4428,4002845.9,2169323.1
2025-10-10 04:00:00,3.4428,3.479,3.4155,3.4182,4506095.1,2526425.1
2025-10-10 08:00:00,3.4183,3.47,3.4131,3.4675,3637613.6,2159364.3
2025-10-10 12:00:00,3.4676,3.4786,3.25,3.3028,16276832.2,8461509.5
2025-10-10 16:00:00,3.3028,3.3415,3.202,3.239,11506386.5,5537854.7
2025-10-10 20:00:00,3.2391,3.2645,0.5597,2.6047,140310217.7,68456052.6
2025-10-11 00:00:00,2.6052,2.7905,2.5347,2.7077,44217475.8,21023330.5
2025-10-11 04:00:00,2.7076,2.7774,2.6767,2.7046,23108360.8,11437238
2025-10-11 08:00:00,2.7045,2.8177,2.6828,2.715,14953684.7,7277290.9
2025-10-11 12:00:00,2.7149,2.7187,2.6175,2.6632,13886743.9,6888451.1
2025-10-11 16:00:00,2.6631,2.6913,2.5478,2.5762,10775330,5278252.4
2025-10-11 20:00:00,2.576,2.586,2.4808,2.5412,16944045.3,8713272.2
2025-10-12 00:00:00,2.5413,2.5462,2.4368,2.4844,16127333.6,7954767.3
2025-10-12 04:00:00,2.4844,2.5641,2.4778,2.5372,9129938.6,4671278.7
2025-10-12 08:00:00,2.5371,2.542,2.4679,2.5197,8914657.2,4838932.3
2025-10-12 12:00:00,2.5197,2.7537,2.485,2.735,31146541.7,15827312.4
2025-10-12 16:00:00,2.735,2.8514,2.7079,2.8473,25788776.7,14081020.7
2025-10-12 20:00:00,2.8473,2.8751,2.7397,2.8083,15124099,7603601.4
2025-10-13 00:00:00,2.8084,2.8362,2.7582,2.772,12412645.1,6387864.7
2025-10-13 04:00:00,2.772,2.8736,2.7459,2.8411,14359819.6,7771681.8
2025-10-13 08:00:00,2.8411,2.9079,2.773,2.809,21157995.4,10702830.5
2025-10-13 12:00:00,2.8089,2.9221,2.7873,2.8665,29063226.8,14839730.6
2025-10-13 16:00:00,2.8665,2.9763,2.84,2.9671,17190252.5,8539983.3
2025-10-13 20:00:00,2.9672,3.0141,2.9523,2.9907,8799871.5,4864555.3
2025-10-14 00:00:00,2.9907,2.999,2.8512,2.864,9673148.9,4314623.7
2025-10-14 04:00:00,2.864,2.8729,2.6722,2.7183,28642569.7,14160944.6
2025-10-14 08:00:00,2.7182,2.7577,2.6616,2.7228,14845815.1,7307879.4
2025-10-14 12:00:00,2.7228,2.82,2.6513,2.819,18056779.6,8818032
2025-10-14 16:00:00,2.8191,2.8742,2.7632,2.8042,19302691.9,9793291.5
2025-10-14 20:00:00,2.8042,2.8431,2.7878,2.8205,3383507,1613057
2025-10-15 00:00:00,2.8204,2.8577,2.7843,2.8008,6922960.7,3105684.1
2025-10-15 04:00:00,2.8009,2.8473,2.7863,2.839,5094163.3,2591870.8
2025-10-15 08:00:00,2.8389,2.8909,2.7865,2.8065,8718908.1,4010397.4
2025-10-15 12:00:00,2.8065,2.8175,2.6907,2.7137,16768411.6,8208577.6
2025-10-15 16:00:00,2.7138,2.7274,2.6817,2.696,7471920.9,3719010.3
2025-10-15 20:00:00,2.6959,2.712,2.646,2.6799,6958156.8,3296502.1
2025-10-16 00:00:00,2.6799,2.7183,2.6644,2.6846,3508098.9,1815015.1
2025-10-16 04:00:00,2.6845,2.7077,2.6572,2.6697,4141669,2116263
2025-10-16 08:00:00,2.6698,2.7249,2.5703,2.7163,11825355.1,5917052
2025-10-16 12:00:00,2.7164,2.7424,2.5774,2.5907,16612589.7,7720194.6
2025-10-16 16:00:00,2.5906,2.6472,2.525,2.5499,18122532.8,8562541
2025-10-16 20:00:00,2.5499,2.5644,2.4976,2.5161,8343065.3,3859981.8
2025-10-17 00:00:00,2.5161,2.545,2.4769,2.529,8826846.8,4365320.3
2025-10-17 04:00:00,2.529,2.5396,2.3583,2.3647,22414428.4,10901197.1
2025-10-17 08:00:00,2.3648,2.4073,2.2804,2.3925,34521874.8,17632907.2
2025-10-17 12:00:00,2.3925,2.4342,2.3469,2.4323,20915283.1,10831764.7
2025-10-17 16:00:00,2.4322,2.4734,2.3904,2.4229,11971998.3,6028653.8
2025-10-17 20:00:00,2.423,2.4694,2.4121,2.4367,5270623,2709617.1
2025-10-18 00:00:00,2.4367,2.4872,2.4314,2.4578,4496310.5,2214041.8
2025-10-18 04:00:00,2.4578,2.491,2.4175,2.444,5342521.7,2864192.8
2025-10-18 08:00:00,2.444,2.4877,2.4392,2.4871,4172887.7,2163260.6
2025-10-18 12:00:00,2.4872,2.5028,2.4463,2.4737,4359162.7,2165859.3
2025-10-18 16:00:00,2.4738,2.5251,2.4511,2.497,4013189.4,2053006.5
2025-10-18 20:00:00,2.497,2.5143,2.4862,2.5012,2134382.5,1059291.6
2025-10-19 00:00:00,2.5012,2.5174,2.4727,2.5087,2395530.8,1266197.7
2025-10-19 04:00:00,2.5087,2.5114,2.4722,2.4865,2186740.3,960943.2
2025-10-19 08:00:00,2.4866,2.6486,2.4418,2.6137,22364490.3,11240904.6
2025-10-19 12:00:00,2.6137,2.6594,2.5814,2.6269,9229151.6,4715819.8
2025-10-19 16:00:00,2.6268,2.6424,2.5976,2.6051,7673307.2,3398697.2
2025-10-19 20:00:00,2.6051,2.6189,2.5734,2.5818,3475960,1554225.8
2025-10-20 00:00:00,2.5817,2.6356,2.521,2.627,6944433.8,3554895.6
2025-10-20 04:00:00,2.627,2.6796,2.6151,2.6475,7859290.6,4319703.5
2025-10-20 08:00:00,2.6475,2.666,2.6048,2.6199,5511503.4,2561971.3
2025-10-20 12:00:00,2.6199,2.6425,2.5968,2.5981,5337109.4,2623771.6
2025-10-20 16:00:00,2.5981,2.6036,2.5471,2.5885,7784549.1,4092056.6
2025-10-20 20:00:00,2.5885,2.6045,2.565,2.5747,3012991.9,1558252.9
2025-10-21 00:00:00,2.5746,2.5764,2.523,2.5288,3719441.1,1785583.9
2025-10-21 04:00:00,2.5288,2.5288,2.4721,2.5046,8570880.3,4141692.9
2025-10-21 08:00:00,2.5046,2.5051,2.468,2.4976,4900185.9,2400930.7
2025-10-21 12:00:00,2.4976,2.6796,2.4864,2.6682,17306260,8902626.9
2025-10-21 16:00:00,2.6681,2.685,2.585,2.5973,13149294.1,6416543.4
2025-10-21 20:00:00,2.5974,2.6033,2.4789,2.4889,9343844.5,4305861.7
2025-10-22 00:00:00,2.4888,2.5011,2.4592,2.4724,5854896.5,3261792.1
2025-10-22 04:00:00,2.4724,2.49,2.3474,2.414,11887157.7,6182014.9
2025-10-22 08:00:00,2.4139,2.4412,2.3729,2.422,8072339.9,3970079.5
2025-10-22 12:00:00,2.4221,2.4745,2.3968,2.4433,12712157,6654511.5
2025-10-22 16:00:00,2.4434,2.4577,2.4022,2.4258,8312537.6,3985321.3
2025-10-22 20:00:00,2.4258,2.4344,2.3383,2.3818,12119300.7,5929222.9
2025-10-23 00:00:00,2.3819,2.4143,2.3719,2.4027,4405102,2276044.6
2025-10-23 04:00:00,2.4026,2.4723,2.3962,2.4509,5237830.8,2948075.1
2025-10-23 08:00:00,2.451,2.4749,2.4372,2.4432,4325260.5,1999439.4
2025-10-23 12:00:00,2.4431,2.48,2.4229,2.4593,7470840.4,3587415
2025-10-23 16:00:00,2.4592,2.5052,2.4499,2.4633,6561923.5,3394742.7
2025-10-23 20:00:00,2.4632,2.4636,2.4054,2.4296,4967191.9,2437727
2025-10-24 00:00:00,2.4296,2.4396,2.4006,2.4128,4993651.8,2468240.4
2025-10-24 04:00:00,2.4127,2.491,2.4075,2.4611,7943288.8,4220253.3
2025-10-24 08:00:00,2.4611,2.4906,2.4465,2.4807,4271385,2281798.6
2025-10-24 12:00:00,2.4808,2.535,2.4423,2.4683,11447731.2,5590179.6
2025-10-24 16:00:00,2.4683,2.5284,2.4467,2.5105,4401264.7,2340195.9
2025-10-24 20:00:00,2.5105,2.5255,2.5061,2.5236,2471538,1285003.8
2025-10-25 00:00:00,2.5235,2.5386,2.5124,2.52,3212642.3,1756505.2
2025-10-25 04:00:00,2.52,2.5393,2.4849,2.4938,3359967.1,1525629.2
2025-10-25 08:00:00,2.4938,2.5011,2.4662,2.484,3987613,1857436.4
2025-10-25 12:00:00,2.4841,2.5264,2.4825,2.5178,4553352.1,2189966.2
2025-10-25 16:00:00,2.5178,2.5659,2.5112,2.552,4104179.5,2010170.8
2025-10-25 20:00:00,2.552,2.5569,2.5271,2.5336,2959128.5,1459135.7
2025-10-26 00:00:00,2.5336,2.5387,2.4969,2.5084,6054461.1,2004974
2025-10-26 04:00:00,2.5083,2.5392,2.5058,2.5362,2751530.6,1477758.1
2025-10-26 08:00:00,2.5363,2.6099,2.5363,2.6027,5929300.5,3227365.3
2025-10-26 12:00:00,2.6027,2.6611,2.5984,2.6404,7472831.8,4086654
2025-10-26 16:00:00,2.6404,2.6433,2.6172,2.632,2989081.3,1441474.2
2025-10-26 20:00:00,2.6319,2.6833,2.6056,2.6761,5924793.8,3052393.2
2025-10-27 00:00:00,2.6763,2.7053,2.66,2.6695,6772710.3,2797687.1
2025-10-27 04:00:00,2.6695,2.7195,2.6378,2.6563,9424056.8,4556563.6
2025-10-27 08:00:00,2.6562,2.6634,2.6073,2.6358,6759695.7,3204875.2
2025-10-27 12:00:00,2.6357,2.6365,2.5754,2.6227,6798130.8,3443433
2025-10-27 16:00:00,2.6227,2.6859,2.6227,2.638,6104389.8,3247785.4
2025-10-27 20:00:00,2.638,2.6388,2.5877,2.6107,5275600.8,2651785.4
2025-10-28 00:00:00,2.6108,2.633,2.5862,2.5994,3757702.3,1876159.3
2025-10-28 04:00:00,2.5993,2.643,2.5481,2.6083,7223741.4,3074568.6
2025-10-28 08:00:00,2.6083,2.6425,2.6077,2.6121,4565375.8,2177327.4
2025-10-28 12:00:00,2.6121,2.6574,2.5595,2.5949,9581684,5039164.1
2025-10-28 16:00:00,2.5949,2.6189,2.5275,2.5429,7603434.4,3462662.8
2025-10-28 20:00:00,2.543,2.543,2.4615,2.5055,13045315.5,6527688
2025-10-29 00:00:00,2.5054,2.5151,2.4907,2.4988,3032150.1,1472368.2
2025-10-29 04:00:00,2.4987,2.5119,2.4919,2.5036,3606871.2,1842649.8
2025-10-29 08:00:00,2.5036,2.5399,2.479,2.5343,4302200.8,1967976.7
2025-10-29 12:00:00,2.5343,2.5573,2.4836,2.4945,6408191,2793446.3
2025-10-29 16:00:00,2.4945,2.5807,2.434,2.5493,20206084.2,10204005.5
2025-10-29 20:00:00,2.5493,2.5922,2.495,2.5119,6953060.7,3113648.2
2025-10-30 00:00:00,2.512,2.541,2.4835,2.5162,4523509.4,2230417
2025-10-30 04:00:00,2.5162,2.5233,2.4042,2.5114,12091410.5,6153257.2
2025-10-30 08:00:00,2.5113,2.5127,2.4301,2.4322,5712450.1,2853852.4
2025-10-30 12:00:00,2.4322,2.4349,2.2811,2.2868,24986168.8,12130982.4
2025-10-30 16:00:00,2.2868,2.3027,2.2088,2.2146,14960615.6,7405353.9
2025-10-30 20:00:00,2.2145,2.294,2.2078,2.2907,11431765.2,5998400.5
2025-10-31 00:00:00,2.2908,2.3457,2.2872,2.3307,8027198.3,4279754.8
2025-10-31 04:00:00,2.3308,2.3582,2.328,2.338,4951591.7,2461964.1
2025-10-31 08:00:00,2.338,2.3767,2.3239,2.3736,4275815.2,2300856.1
2025-10-31 12:00:00,2.3736,2.4006,2.3471,2.3717,6605879.7,3445461.3
2025-10-31 16:00:00,2.3717,2.3961,2.2989,2.3897,7704622.5,3822053.8
2025-10-31 20:00:00,2.3896,2.3896,2.3515,2.3636,3191318.2,1513485.8
2025-11-01 00:00:00,2.3636,2.3847,2.3318,2.3791,3602578.6,1740910.7
2025-11-01 04:00:00,2.3792,2.3937,2.3485,2.3811,3653513.4,2096273.7
2025-11-01 08:00:00,2.381,2.3967,2.372,2.3813,2858605.7,1455410.8
2025-11-01 12:00:00,2.3813,2.3887,2.3428,2.3761,4500113.4,2178212.7
2025-11-01 16:00:00,2.3761,2.3959,2.3706,2.3855,3463313.1,1728900.8
2025-11-01 20:00:00,2.3856,2.4034,2.3615,2.3795,2271049,1142670.8
2025-11-02 00:00:00,2.3795,2.3797,2.3461,2.3546,2641119.2,1130317.9
2025-11-02 04:00:00,2.3546,2.3958,2.3507,2.3926,3546814.5,1786353.5
2025-11-02 08:00:00,2.3926,2.3967,2.3338,2.3727,4270806,2024890.7
2025-11-02 12:00:00,2.3727,2.3735,2.3025,2.3141,4644365,2134395.2
2025-11-02 16:00:00,2.3141,2.3276,2.283,2.3068,4367929.5,2141183.4
2025-11-02 20:00:00,2.3068,2.3609,2.2957,2.354,3399330.8,1743850.4
2025-11-03 00:00:00,2.354,2.3629,2.2017,2.2082,9531733.6,4179012.3
2025-11-03 04:00:00,2.2081,2.2301,2.1556,2.1943,10150372.3,5177598
2025-11-03 08:00:00,2.1943,2.2259,2.1535,2.1774,6743739.5,3308318.3
2025-11-03 12:00:00,2.1774,2.1925,1.994,2.0428,28235794.2,14173530.8
2025-11-03 16:00:00,2.0428,2.1377,2.0327,2.0843,14415049.6,7059258.6
2025-11-03 20:00:00,2.0844,2.089,2.031,2.0698,9251009.6,4418542.1
2025-11-04 00:00:00,2.0698,2.1075,2.0421,2.0872,8444270.9,4404962.2
2025-11-04 04:00:00,2.0872,2.0944,1.9756,1.9903,23095919.7,10621921.3
2025-11-04 08:00:00,1.9903,2.0764,1.9896,2.0714,16652256.5,8791079.4
2025-11-04 12:00:00,2.0715,2.0862,2.004,2.0233,14553033.4,7342435.2
2025-11-04 16:00:00,2.0233,2.0479,1.8886,1.9276,31791912,14751413.6
2025-11-04 20:00:00,1.9277,2.0035,1.8202,1.9754,39336654.3,19831175
2025-11-05 00:00:00,1.9754,2.0328,1.8797,2.0277,20060553.7,10021864.5
2025-11-05 04:00:00,2.0276,2.0365,2.0048,2.0285,7407139.5,3953531.8
2025-11-05 08:00:00,2.0285,2.0559,1.9843,2.0495,9240664.5,4944011.1
2025-11-05 12:00:00,2.0495,2.0698,2.0176,2.0418,11533897.6,5983967
2025-11-05 16:00:00,2.0419,2.0592,2.013,2.0301,11612699.7,6381915.9
2025-11-05 20:00:00,2.0301,2.0456,2.0141,2.0322,5585683,2675500.1
2025-11-06 00:00:00,2.0321,2.057,1.9948,2.0449,7440386.3,3574369.4
2025-11-06 04:00:00,2.0449,2.052,1.9833,1.9925,6417221.8,3047961.5
2025-11-06 08:00:00,1.9925,2.0094,1.9752,1.9928,5552376.5,2670421.6
2025-11-06 12:00:00,1.9927,2.0117,1.9303,1.9372,15836168.6,8284381.6
2025-11-06 16:00:00,1.9372,1.976,1.9023,1.9644,10040820.5,4977352
2025-11-06 20:00:00,1.9644,1.9869,1.9397,1.9677,5657633.8,2766988
2025-11-07 00:00:00,1.9677,2.0117,1.9528,2.0061,8273131.5,4169458.3
2025-11-07 04:00:00,2.0062,2.0286,1.9854,2.021,5163284.9,2583423.3
2025-11-07 08:00:00,2.021,2.0293,1.948,1.9729,8978598.8,4270153.9
2025-11-07 12:00:00,1.9729,2.0704,1.9293,2.06,18119820.3,9782746.9
2025-11-07 16:00:00,2.06,2.1943,2.026,2.1713,21318986.2,11430493.2
2025-11-07 20:00:00,2.1713,2.1919,2.1351,2.1449,6647288.9,3611065.1
2025-11-08 00:00:00,2.1449,2.2003,2.1338,2.1427,9275437.6,4550833.4
2025-11-08 04:00:00,2.1427,2.1786,2.1163,2.1613,10294160.9,4519892.4
2025-11-08 08:00:00,2.1614,2.167,2.1194,2.1282,5751317.5,3009150.2
2025-11-08 12:00:00,2.1282,2.1374,2.0613,2.0713,8166646.7,3758195.4
2025-11-08 16:00:00,2.0714,2.1139,2.0608,2.0999,5271909,2670830.7
2025-11-08 20:00:00,2.0998,2.1261,2.0913,2.1224,2661387,1456846.7
2025-11-09 00:00:00,2.1224,2.1233,2.05,2.0602,4471403,1850578.2
2025-11-09 04:00:00,2.0603,2.113,2.0572,2.1046,3782779.1,2022919.2
2025-11-09 08:00:00,2.1046,2.1085,2.058,2.0918,5524143,2870923.7
2025-11-09 12:00:00,2.0918,2.1403,2.0871,2.123,9224236.4,4969786.5
2025-11-09 16:00:00,2.1231,2.167,2.1067,2.1653,6760469.4,3604573.5
2025-11-09 20:00:00,2.1652,2.1716,2.132,2.1447,5892265.9,2786464.3
2025-11-10 00:00:00,2.1446,2.1909,2.1276,2.1761,8833805.8,4503678.2
2025-11-10 04:00:00,2.176,2.1946,2.164,2.1759,5129979.3,2505752.8
2025-11-10 08:00:00,2.1758,2.231,2.1452,2.1959,7276335.8,3581543.6
2025-11-10 12:00:00,2.1958,2.2213,2.1357,2.1493,9006140.3,4096216.7
2025-11-10 16:00:00,2.1492,2.1698,2.1234,2.1499,5523834.9,2735273.9
2025-11-10 20:00:00,2.1498,2.18,2.1131,2.1631,5271256.2,2354003.1
2025-11-11 00:00:00,2.1631,2.2064,2.117,2.1927,9261494,4847407
2025-11-11 04:00:00,2.1926,2.1956,2.0351,2.0843,9190645.8,3774990.7
2025-11-11 08:00:00,2.0844,2.1059,2.0715,2.0934,5623949.3,2787503.2
2025-11-11 12:00:00,2.0935,2.1089,2.0678,2.0788,6906144.6,3405238.8
2025-11-11 16:00:00,2.0788,2.0951,2.0368,2.0415,5630377.3,2664260.7
2025-11-11 20:00:00,2.0416,2.0457,2.002,2.0079,5122982.6,2526365.7
2025-11-12 00:00:00,2.008,2.0345,1.9944,2.0233,4120690.6,2121793.9
2025-11-12 04:00:00,2.0233,2.0462,2.01,2.0121,3695908.2,2107310.4
2025-11-12 08:00:00,2.0121,2.0828,2.0121,2.0693,5323288.5,2780244.8
2025-11-12 12:00:00,2.0693,2.0987,1.9893,1.9974,8361010,3951965.3
2025-11-12 16:00:00,1.9975,2.0051,1.9492,1.9641,9368470.6,4478134.7
2025-11-12 20:00:00,1.964,1.9891,1.9581,1.9676,3059974.4,1611999.7
2025-11-13 00:00:00,1.9675,2.0253,1.9497,2.0049,5101555.8,2582599.4
2025-11-13 04:00:00,2.005,2.0393,1.9898,2.0232,5488676.1,2804438.6
2025-11-13 08:00:00,2.0232,2.0361,2.005,2.0196,4840974.6,2117703.6
2025-11-13 12:00:00,2.0196,2.0543,1.9856,1.995,10394268.3,4535473.6
2025-11-13 16:00:00,1.9949,1.9993,1.8352,1.8435,16527774.6,7897656.9
2025-11-13 20:00:00,1.8435,1.8907,1.8208,1.8725,11734416.7,5755631.1
2025-11-14 00:00:00,1.8725,1.8789,1.8349,1.8429,8385763.1,4116735.7
2025-11-14 04:00:00,1.8429,1.8549,1.7626,1.8433,16947521.1,9341778.2
2025-11-14 08:00:00,1.8433,1.8437,1.7725,1.79,13150911.1,5648772.3
2025-11-14 12:00:00,1.79,1.8213,1.7422,1.8006,21011209.5,10406300.4
2025-11-14 16:00:00,1.8007,1.8208,1.7733,1.8085,8936484.6,4389077.1
2025-11-14 20:00:00,1.8084,1.8098,1.7054,1.7406,8341595,4232469.8
2025-11-15 00:00:00,1.7407,1.7985,1.7373,1.7918,5228347.4,2588994.7
2025-11-15 04:00:00,1.7919,1.8071,1.7796,1.7832,3358233.7,1611858.7
2025-11-15 08:00:00,1.7832,1.7847,1.7434,1.7563,3993339.5,1858657.7
2025-11-15 12:00:00,1.7563,1.7949,1.7528,1.7847,4068932.7,2187912
2025-11-15 16:00:00,1.7846,1.7962,1.7679,1.7861,3779348.8,1788774.4
2025-11-15 20:00:00,1.7862,1.7868,1.7536,1.7696,3025751.7,1389068.5
2025-11-16 00:00:00,1.7697,1.7731,1.7167,1.765,5131810.8,2498844.8
2025-11-16 04:00:00,1.7651,1.7747,1.7483,1.7658,2464954.1,1250887.8
2025-11-16 08:00:00,1.7658,1.781,1.709,1.7195,6875944.3,3462865.3
2025-11-16 12:00:00,1.7194,1.7287,1.667,1.6702,12626467.8,6650676.8
2025-11-16 16:00:00,1.6701,1.6988,1.642,1.6633,15724752.9,7448567
2025-11-16 20:00:00,1.6633,1.6955,1.6427,1.6792,10034748.1,4278411.4
2025-11-17 00:00:00,1.6792,1.7058,1.6548,1.7052,8085942.9,4277783.1
2025-11-17 04:00:00,1.7052,1.7289,1.7021,1.7229,5946178.5,3274029.3
2025-11-17 08:00:00,1.7229,1.7346,1.7098,1.7233,5569716.1,2851371.2
2025-11-17 12:00:00,1.7233,1.7353,1.6259,1.6541,22223922.3,10436891
2025-11-17 16:00:00,1.6541,1.6971,1.5861,1.5964,17703740.5,8251304.1
2025-11-17 20:00:00,1.5964,1.6237,1.5804,1.6181,9804650.1,4983273.4
2025-11-18 00:00:00,1.6181,1.6564,1.5789,1.6434,14295093.1,6670904.5
2025-11-18 04:00:00,1.6435,1.6599,1.6147,1.6424,12154858.1,5540112.7
2025-11-18 08:00:00,1.6424,1.6625,1.6403,1.6504,5313422.9,2851521.1
2025-11-18 12:00:00,1.6505,1.6788,1.6182,1.6674,10507557,5700068.2
2025-11-18 16:00:00,1.6675,1.6993,1.6618,1.6888,6814705.3,3468962.8
2025-11-18 20:00:00,1.6887,1.6932,1.6592,1.6686,4739851.5,2718271.6
2025-11-19 00:00:00,1.6686,1.6793,1.6438,1.649,4504004.8,2137999.3
2025-11-19 04:00:00,1.6489,1.6611,1.6098,1.6561,6664685.8,3294911.6
2025-11-19 08:00:00,1.6559,1.6651,1.6415,1.6453,3482015.2,1752697.2
2025-11-19 12:00:00,1.6454,1.6563,1.5822,1.5837,11264592,5188498
2025-11-19 16:00:00,1.5836,1.5915,1.5088,1.5182,15219504.5,7154999.8
2025-11-19 20:00:00,1.5182,1.6105,1.5113,1.6069,11819632,5423010.1
2025-11-20 00:00:00,1.6068,1.6441,1.5969,1.6302,7533119.3,3781775.6
2025-11-20 04:00:00,1.6302,1.6455,1.6182,1.6411,4378080.9,2120858.1
2025-11-20 08:00:00,1.6412,1.6439,1.6147,1.6321,4479508.9,2061838.1
2025-11-20 12:00:00,1.6321,1.661,1.5792,1.5813,13391534.2,6692437
2025-11-20 16:00:00,1.5813,1.5833,1.4812,1.4984,24811300.9,11523609.3
2025-11-20 20:00:00,1.4983,1.5507,1.4863,1.4968,7942079.1,3697035.8
2025-11-21 00:00:00,1.4969,1.5194,1.4688,1.4809,11214155.5,5235615.5
2025-11-21 04:00:00,1.4808,1.4961,1.3221,1.3912,31014595.1,14064669.6
2025-11-21 08:00:00,1.3913,1.4129,1.3265,1.337,23534923.7,11921680.5
2025-11-21 12:00:00,1.3371,1.4144,1.3156,1.3606,36199011.5,18673723.8
2025-11-21 16:00:00,1.3606,1.4196,1.3378,1.3879,20392307.5,10660351.9
2025-11-21 20:00:00,1.3878,1.4016,1.343,1.3908,10117399.4,5328901.8
2025-11-22 00:00:00,1.3908,1.3994,1.3734,1.3781,6134877.3,2431994.8
2025-11-22 04:00:00,1.3781,1.3794,1.3437,1.3733,7762574.6,4259282.2
2025-11-22 08:00:00,1.3733,1.3734,1.3302,1.3497,7500745.8,3912562.7
2025-11-22 12:00:00,1.3498,1.3543,1.3111,1.3233,10427930.4,5391541.1
2025-11-22 16:00:00,1.3234,1.3501,1.3191,1.3364,6528683.2,3389459.4
2025-11-22 20:00:00,1.3364,1.3682,1.3182,1.3451,5148660.2,2672562.5
2025-11-23 00:00:00,1.345,1.3956,1.3415,1.3906,9964756.2,5743767.3
2025-11-23 04:00:00,1.3907,1.408,1.3469,1.3596,10706331.4,4752072.9
2025-11-23 08:00:00,1.3596,1.3783,1.3567,1.372,4982730.9,2759932.8
2025-11-23 12:00:00,1.372,1.3887,1.3516,1.3754,8866393.3,4720853.5
2025-11-23 16:00:00,1.3754,1.3889,1.3582,1.3818,6634561.9,3446707
2025-11-23 20:00:00,1.3818,1.3975,1.3637,1.3685,7132925.4,2982143.4
2025-11-24 00:00:00,1.3684,1.4022,1.342,1.3912,10837551.4,5684167.6
2025-11-24 04:00:00,1.3912,1.4187,1.3675,1.3943,9647612.9,5265640.2
2025-11-24 08:00:00,1.3942,1.3953,1.355,1.3835,6496093.5,3209727.3
2025-11-24 12:00:00,1.3835,1.4049,1.3555,1.3993,12754553.9,6720654.1
2025-11-24 16:00:00,1.3993,1.5672,1.399,1.5241,31116348.3,16078477.1
2025-11-24 20:00:00,1.5241,1.567,1.5233,1.5273,12618587.2,6857930.7
2025-11-25 00:00:00,1.5273,1.5555,1.5212,1.5356,7911984.4,3950520.7
2025-11-25 04:00:00,1.5355,1.5727,1.5236,1.5261,9694032.2,4822229.9
2025-11-25 08:00:00,1.5262,1.5477,1.4963,1.529,9671131.3,4649218.1
2025-11-25 12:00:00,1.5291,1.5422,1.4634,1.4868,17112601,8313104.9
2025-11-25 16:00:00,1.4868,1.5132,1.4593,1.4833,11751393,6132271.8
2025-11-25 20:00:00,1.4833,1.6181,1.4833,1.5636,15851147.7,8317390.4
2025-11-26 00:00:00,1.5637,1.5663,1.5184,1.5211,8098385.9,4300682.5
2025-11-26 04:00:00,1.5212,1.5421,1.514,1.5417,3987729.4,1997573.7
2025-11-26 08:00:00,1.5417,1.5424,1.4992,1.5016,6790146.4,3425917
2025-11-26 12:00:00,1.5015,1.5094,1.4698,1.4808,10838047.8,5320133.9
2025-11-26 16:00:00,1.4808,1.5565,1.4805,1.5452,13202159.7,6914433.5
2025-11-26 20:00:00,1.5452,1.564,1.5346,1.5434,5087434.8,2527808.5
2025-11-27 00:00:00,1.5433,1.5784,1.5346,1.548,6616068.5,3418948.7
2025-11-27 04:00:00,1.548,1.5657,1.5351,1.5436,5257214.4,2425943.8
2025-11-27 08:00:00,1.5436,1.5543,1.5225,1.5322,5013246.1,2508196.7
2025-11-27 12:00:00,1.5322,1.5508,1.5174,1.5462,4842955.3,2413601.3
2025-11-27 16:00:00,1.5461,1.581,1.5451,1.5724,4852557.2,2404382.7
2025-11-27 20:00:00,1.5725,1.5845,1.5351,1.5431,5081374.6,2318773.4
2025-11-28 00:00:00,1.5432,1.5504,1.5129,1.5386,4348651.3,2083556
2025-11-28 04:00:00,1.5386,1.5421,1.5107,1.5194,5999084.2,2533297.1
2025-11-28 08:00:00,1.5194,1.5783,1.5192,1.5408,6509054.3,3303453.1
2025-11-28 12:00:00,1.5407,1.6002,1.5396,1.5838,10389230,4980408
2025-11-28 16:00:00,1.5837,1.584,1.5041,1.5325,9385050.6,4558760.4
2025-11-28 20:00:00,1.5325,1.5363,1.5122,1.5212,3670291.8,1704880.9
2025-11-29 00:00:00,1.5213,1.5309,1.5113,1.5134,2135516.6,1019831.7
2025-11-29 04:00:00,1.5135,1.5254,1.4951,1.5058,2975656.9,1332706.2
2025-11-29 08:00:00,1.5058,1.5203,1.4927,1.5131,2603420.1,1404608.2
2025-11-29 12:00:00,1.5131,1.5155,1.4971,1.5123,2626960.6,1226517.6
2025-11-29 16:00:00,1.5123,1.5126,1.4858,1.494,3528545.2,1356410.4
2025-11-29 20:00:00,1.494,1.5038,1.4889,1.4989,1656888.2,753360.8
2025-11-30 00:00:00,1.4988,1.5187,1.4949,1.5162,2361670.7,1273367.2
2025-11-30 04:00:00,1.5162,1.5236,1.4974,1.5233,2076144.1,945208.5
2025-11-30 08:00:00,1.5232,1.5496,1.519,1.5263,6356934.6,3021135.1
2025-11-30 12:00:00,1.5264,1.5704,1.5234,1.5444,6476290.7,3452647
2025-11-30 16:00:00,1.5444,1.5553,1.5366,1.5432,2431783.6,1184194.9
2025-11-30 20:00:00,1.5431,1.5492,1.4951,1.4969,4095539.1,1888027.6
2025-12-01 00:00:00,1.4968,1.5013,1.3697,1.3742,21095918.8,10536389.2
2025-12-01 04:00:00,1.3742,1.3819,1.3582,1.3712,9495366.6,4560364.4
2025-12-01 08:00:00,1.3713,1.388,1.3475,1.3502,6984870.2,2931232.7
2025-12-01 12:00:00,1.3503,1.3646,1.3039,1.3287,13545680.3,6698231.2
2025-12-01 16:00:00,1.3288,1.3296,1.3072,1.3166,6169464.3,3313436.5
2025-12-01 20:00:00,1.3166,1.3577,1.3161,1.3453,7912005.2,4076987.2
2025-12-02 00:00:00,1.3452,1.368,1.3357,1.3517,3633103.1,1813224.5
2025-12-02 04:00:00,1.3519,1.3646,1.3453,1.3477,2956229,1374437.2
2025-12-02 08:00:00,1.3476,1.3857,1.3318,1.3837,4817489.6,2494549.9
2025-12-02 12:00:00,1.3838,1.6264,1.3759,1.6047,24906427,13435058
2025-12-02 16:00:00,1.6048,1.625,1.5766,1.6043,19482420.7,10237290
2025-12-02 20:00:00,1.6044,1.651,1.5844,1.6279,14240820,8112234
2025-12-03 00:00:00,1.6279,1.6899,1.6165,1.6354,12884327.4,7614603.1
2025-12-03 04:00:00,1.6353,1.7807,1.6345,1.753,25945086.7,13522200.1
2025-12-03 08:00:00,1.7531,1.7911,1.6942,1.7137,17452026.4,8875144.1
2025-12-03 12:00:00,1.7136,1.7295,1.6621,1.6944,17363472.1,8488302.5
2025-12-03 16:00:00,1.6943,1.7081,1.6572,1.6722,9423312.1,4724593.9
2025-12-03 20:00:00,1.6722,1.7249,1.6678,1.6901,12223692.8,6551058.9
2025-12-04 00:00:00,1.6901,1.72,1.6653,1.674,7794784.7,3568417.6
2025-12-04 04:00:00,1.674,1.6797,1.6524,1.6686,5940219.7,2787468.5
2025-12-04 08:00:00,1.6687,1.685,1.6591,1.6714,4223870.4,2213889.3
2025-12-04 12:00:00,1.6715,1.7129,1.6421,1.6967,10926388.4,5498200.4
2025-12-04 16:00:00,1.6967,1.6973,1.6121,1.6439,11808930,5221862.7
2025-12-04 20:00:00,1.6439,1.6708,1.636,1.6585,4374472,2251197.5
2025-12-05 00:00:00,1.6584,1.6772,1.6448,1.6507,4961243.6,2575880.1
2025-12-05 04:00:00,1.6507,1.6549,1.627,1.6445,5373238.6,2539285
2025-12-05 08:00:00,1.6445,1.6445,1.6062,1.6222,6165899.3,2874910.2
2025-12-05 12:00:00,1.622,1.6691,1.602,1.6362,13411816.6,6649892.7
2025-12-05 16:00:00,1.6363,1.6383,1.5372,1.568,17333082.8,8207516.6
2025-12-05 20:00:00,1.568,1.5715,1.5326,1.5558,5930204.3,2905975.7
2025-12-06 00:00:00,1.5557,1.5641,1.5432,1.5557,3292191.7,1564980.1
2025-12-06 04:00:00,1.5557,1.5557,1.5215,1.5244,3991358.4,1566518.2
2025-12-06 08:00:00,1.5245,1.5367,1.5105,1.5232,6197032.2,3370329.5
2025-12-06 12:00:00,1.5232,1.5398,1.5114,1.5241,6694519.3,3158165.1
2025-12-06 16:00:00,1.5241,1.5619,1.5224,1.541,7066885.7,3326912.2
2025-12-06 20:00:00,1.541,1.5656,1.5402,1.5638,3573223.6,1894978.5
2025-12-07 00:00:00,1.5637,1.5979,1.5597,1.5934,5796554.6,3027344.6
2025-12-07 04:00:00,1.5934,1.5952,1.5689,1.573,4613709.6,2211390.2
2025-12-07 08:00:00,1.573,1.5882,1.5557,1.5682,4275988.3,2006290.7
2025-12-07 12:00:00,1.5682,1.5995,1.5123,1.5839,14170105.7,7032381.9
2025-12-07 16:00:00,1.5839,1.6606,1.549,1.6503,18257087.5,9856613.8
2025-12-07 20:00:00,1.6503,1.6549,1.5441,1.5839,13332960.1,6565416.8
2025-12-08 00:00:00,1.5841,1.6382,1.5719,1.6082,9403342.2,4915749.7
2025-12-08 04:00:00,1.6083,1.6358,1.6057,1.6219,5818577.5,2877809.8
2025-12-08 08:00:00,1.6219,1.6593,1.6151,1.6268,7978108,4231505
2025-12-08 12:00:00,1.6268,1.6428,1.5862,1.6106,13258322.5,6124998.6
2025-12-08 16:00:00,1.6106,1.6302,1.5935,1.6052,8498142,4036005.6
2025-12-08 20:00:00,1.6052,1.6378,1.6048,1.6103,4394123.2,2247278.7
2025-12-09 00:00:00,1.6104,1.6149,1.5771,1.5969,4643535.6,2260721.3
2025-12-09 04:00:00,1.597,1.6148,1.5722,1.6133,4103154.5,1838523.9
2025-12-09 08:00:00,1.6133,1.625,1.5927,1.6048,4423624.8,2088983.7
2025-12-09 12:00:00,1.6048,1.6614,1.5896,1.658,11443495.3,5814393
2025-12-09 16:00:00,1.658,1.7281,1.658,1.6873,18463275.6,9461715.8
2025-12-09 20:00:00,1.6872,1.6925,1.6308,1.6595,8182948.8,3811234.2
2025-12-10 00:00:00,1.6595,1.6731,1.6317,1.6344,5020337.8,2152647.8
2025-12-10 04:00:00,1.6344,1.6449,1.6168,1.6266,5555830.2,2798130.4
2025-12-10 08:00:00,1.6267,1.6512,1.5996,1.6125,7955162.8,3669348.5
2025-12-10 12:00:00,1.6124,1.6208,1.6007,1.6106,5150259,2394974.6
2025-12-10 16:00:00,1.6107,1.6894,1.6064,1.6682,20167336.7,9666567
2025-12-10 20:00:00,1.6683,1.7173,1.6027,1.6147,17421302.9,8255096.9
2025-12-11 00:00:00,1.6146,1.6203,1.5329,1.5365,11932766.9,5389529.1
2025-12-11 04:00:00,1.5366,1.5649,1.5294,1.5489,6442067.3,3389216.4
2025-12-11 08:00:00,1.5489,1.5511,1.5352,1.5451,3799194.2,2016312.3
2025-12-11 12:00:00,1.5451,1.5614,1.52,1.5417,9168506.4,4443777.7
2025-12-11 16:00:00,1.5416,1.5807,1.5268,1.5608,8359203.8,4576236.1
2025-12-11 20:00:00,1.561,1.6355,1.5589,1.6121,13166994.7,6883965
2025-12-12 00:00:00,1.612,1.6452,1.5944,1.628,7101695.3,3833829.1
2025-12-12 04:00:00,1.6279,1.6648,1.6218,1.6593,6426645.1,3422264.1
2025-12-12 08:00:00,1.6593,1.6596,1.6264,1.6445,5059690.2,2453941
2025-12-12 12:00:00,1.6444,1.6613,1.5605,1.5655,13515469.5,6339882.9
2025-12-12 16:00:00,1.5654,1.5779,1.5376,1.5585,12245956.7,6287814.8
2025-12-12 20:00:00,1.5585,1.5711,1.5522,1.5594,3119329,1482419.7
2025-12-13 00:00:00,1.5595,1.5873,1.5562,1.5789,2723552.1,1384633
2025-12-13 04:00:00,1.5789,1.5907,1.574,1.5854,2531400.2,1204952.8
2025-12-13 08:00:00,1.5854,1.619,1.5842,1.607,4863604.9,2252543.3
2025-12-13 12:00:00,1.607,1.6176,1.5953,1.6039,5029122.4,2283443.3
2025-12-13 16:00:00,1.6039,1.6145,1.5978,1.6122,2849929,1410016.2
2025-12-13 20:00:00,1.6123,1.6134,1.5863,1.6051,3295108.8,1550528.8
2025-12-14 00:00:00,1.6052,1.63,1.5959,1.606,3458961.3,1834469.8
2025-12-14 04:00:00,1.6059,1.6121,1.5876,1.5998,2951591.1,1360008
2025-12-14 08:00:00,1.5998,1.6133,1.5704,1.6,6019625.3,2703047.9
2025-12-14 12:00:00,1.6,1.6431,1.5817,1.5862,12435241,6303542.3
2025-12-14 16:00:00,1.5861,1.6046,1.5564,1.5629,6481840.9,3324983.1
2025-12-14 20:00:00,1.5629,1.5734,1.5248,1.5535,7581143.4,3860155.6
2025-12-15 00:00:00,1.5534,1.6046,1.5478,1.5696,6743881.5,3697875.4
2025-12-15 04:00:00,1.5696,1.5859,1.5577,1.5657,7433687.6,3897537.4
2025-12-15 08:00:00,1.5657,1.5792,1.5595,1.5655,3045919.1,1568597.1
2025-12-15 12:00:00,1.5654,1.5803,1.4657,1.4865,20309907.3,9120954.8
2025-12-15 16:00:00,1.4866,1.4932,1.4305,1.4607,11916081.9,5953463.7
2025-12-15 20:00:00,1.4606,1.4726,1.4417,1.4708,7331009.2,4136780.3
2025-12-16 00:00:00,1.4708,1.4775,1.4403,1.4563,5773452.4,2639079.9
2025-12-16 04:00:00,1.4563,1.482,1.4383,1.4542,4987314.4,2570974.8
2025-12-16 08:00:00,1.4542,1.5178,1.4535,1.5148,6022339.6,3197500.3
2025-12-16 12:00:00,1.5147,1.5345,1.4783,1.526,17785203.6,8604208.9
2025-12-16 16:00:00,1.526,1.5272,1.4978,1.5101,7350130.9,3829454.5
2025-12-16 20:00:00,1.51,1.5264,1.5023,1.5114,3652471.1,1843445.7
2025-12-17 00:00:00,1.5113,1.5154,1.4801,1.4904,4918453,2349248
2025-12-17 04:00:00,1.4904,1.4937,1.468,1.4853,5490020.5,2654278.6
2025-12-17 08:00:00,1.4853,1.4853,1.4613,1.4783,3879142.6,2083787.4
2025-12-17 12:00:00,1.4783,1.5465,1.462,1.474,20073255.7,9807145.3
2025-12-17 16:00:00,1.4739,1.4849,1.4021,1.4248,19574960.1,9528265.9
2025-12-17 20:00:00,1.4248,1.4414,1.4108,1.4236,4889975,2568727.3
2025-12-18 00:00:00,1.4237,1.4256,1.3972,1.4086,4778701.9,2241886.1
2025-12-18 04:00:00,1.4087,1.415,1.3918,1.3978,5084172,2532472.6
2025-12-18 08:00:00,1.3978,1.411,1.3941,1.4014,4874058.2,2722450.7
2025-12-18 12:00:00,1.4015,1.4748,1.3987,1.4364,19362256.8,9842237.1
2025-12-18 16:00:00,1.4362,1.4411,1.3268,1.3309,22793698.8,10414716.6
2025-12-18 20:00:00,1.3308,1.3623,1.3294,1.3466,7035550.4,3720896.2
2025-12-19 00:00:00,1.3467,1.3967,1.3283,1.3786,10877625.3,5645541.4
2025-12-19 04:00:00,1.3786,1.4635,1.375,1.4351,10469013,5486979.9
2025-12-19 08:00:00,1.435,1.4406,1.4162,1.429,6286088,3049630.4
2025-12-19 12:00:00,1.4291,1.4798,1.422,1.4359,11412208.5,5592430.6
2025-12-19 16:00:00,1.4358,1.4904,1.4327,1.4791,10607821,5554122.2
2025-12-19 20:00:00,1.4792,1.4979,1.4657,1.4821,5380665.5,2700328.7
2025-12-20 00:00:00,1.4821,1.4824,1.4631,1.4732,2633428.3,1244872.2
2025-12-20 04:00:00,1.4731,1.4747,1.4577,1.4735,3803510.6,2180822.5
2025-12-20 08:00:00,1.4735,1.4854,1.4635,1.4739,2766811.2,1495739.6
2025-12-20 12:00:00,1.4739,1.4752,1.4535,1.4626,3342794.3,1398795.2
2025-12-20 16:00:00,1.4627,1.4649,1.4512,1.4558,1906609.1,883267.8
2025-12-20 20:00:00,1.4557,1.4611,1.452,1.4545,1682148.4,918796
2025-12-21 00:00:00,1.4544,1.4607,1.4354,1.4452,2497887.1,1200490.9
2025-12-21 04:00:00,1.4452,1.448,1.4393,1.4432,1648842.1,905095.1
2025-12-21 08:00:00,1.4431,1.4774,1.4385,1.4593,5306290.9,3002490.6
2025-12-21 12:00:00,1.4593,1.4686,1.4139,1.4306,8457546.9,4110794.9
2025-12-21 16:00:00,1.4306,1.4504,1.4236,1.4458,3863258.1,2034728.3
2025-12-21 20:00:00,1.4458,1.4583,1.4284,1.4453,2768315.4,1308604.9
2025-12-22 00:00:00,1.4453,1.4832,1.4295,1.4532,7853270.4,4146174.6
2025-12-22 04:00:00,1.4533,1.4645,1.4451,1.4548,2868353.9,1552715.5
2025-12-22 08:00:00,1.4548,1.4764,1.453,1.4693,5539014,3048014.6
2025-12-22 12:00:00,1.4694,1.4918,1.4636,1.4819,8024068.1,3684181.9
2025-12-22 16:00:00,1.4818,1.4899,1.4349,1.4387,5749495.5,2319263.1
2025-12-22 20:00:00,1.4387,1.4637,1.4317,1.4626,3725993.6,2096197
2025-12-23 00:00:00,1.4626,1.4709,1.4362,1.4482,3275804.7,1660793.5
2025-12-23 04:00:00,1.4481,1.4535,1.4248,1.4275,3936057.6,1602336
2025-12-23 08:00:00,1.4275,1.4455,1.4259,1.4439,2225785.3,1190464.2
2025-12-23 12:00:00,1.4439,1.4447,1.4052,1.4319,6832305.8,3357492
2025-12-23 16:00:00,1.4319,1.448,1.42,1.442,5028918.4,2738516
2025-12-23 20:00:00,1.4421,1.4577,1.4262,1.4362,2919201.8,1440422.1
2025-12-24 00:00:00,1.4363,1.4398,1.3949,1.4144,4784214.3,1931098.8
2025-12-24 04:00:00,1.4143,1.4183,1.3961,1.4033,4641526.1,2485396
2025-12-24 08:00:00,1.4034,1.417,1.396,1.4123,2738358.3,1424738.4
2025-12-24 12:00:00,1.4124,1.4235,1.3884,1.4148,5161478.1,2420137.2
2025-12-24 16:00:00,1.4147,1.4295,1.4075,1.4168,4521904.1,2051181.6
2025-12-24 20:00:00,1.4169,1.4286,1.4129,1.4155,3259671.1,1525393.5
2025-12-25 00:00:00,1.4155,1.4223,1.4085,1.4174,1782722.8,850301.2
2025-12-25 04:00:00,1.4175,1.4205,1.407,1.4118,1820941.2,763637.6
2025-12-25 08:00:00,1.4117,1.4194,1.3902,1.3993,3828389.7,1545523.4
2025-12-25 12:00:00,1.3992,1.4262,1.394,1.4161,4925560.5,2274213.4
2025-12-25 16:00:00,1.4161,1.4237,1.4037,1.4115,4036030.1,1832100
2025-12-25 20:00:00,1.4115,1.4129,1.3537,1.3631,6990550.6,2742894.1
2025-12-26 00:00:00,1.363,1.4194,1.3569,1.4034,8742963.1,4388253.4
2025-12-26 04:00:00,1.4035,1.4135,1.3927,1.3987,3251858.6,1599295.3
2025-12-26 08:00:00,1.3986,1.4148,1.398,1.4061,2094527.8,1078228.4
2025-12-26 12:00:00,1.406,1.4133,1.3702,1.3884,6393292.7,2972986.2
2025-12-26 16:00:00,1.3885,1.3944,1.3751,1.393,3515681,1580707.6
2025-12-26 20:00:00,1.3929,1.4034,1.39,1.3982,2219658.1,1163226.2
2025-12-27 00:00:00,1.3983,1.4086,1.3959,1.408,1628508.6,738390.7
2025-12-27 04:00:00,1.4079,1.4106,1.3999,1.4016,1890162.1,1092419.4
2025-12-27 08:00:00,1.4016,1.4164,1.3939,1.4118,2908897.5,1459303.8
2025-12-27 12:00:00,1.4119,1.4286,1.4094,1.4257,3080269.7,1750722.1
2025-12-27 16:00:00,1.4258,1.4302,1.4192,1.4218,2603376.1,1292421.9
2025-12-27 20:00:00,1.4218,1.4584,1.4178,1.4514,4351430.6,2513092.7
2025-12-28 00:00:00,1.4513,1.4567,1.441,1.4521,2301231.8,1184432.4
2025-12-28 04:00:00,1.4521,1.4564,1.4452,1.4516,1506830.5,760120.9
2025-12-28 08:00:00,1.4516,1.4591,1.4459,1.4559,2831600,1311540.3
2025-12-28 12:00:00,1.4559,1.4683,1.4532,1.4547,3776623.2,1815250.6
2025-12-28 16:00:00,1.4547,1.4712,1.434,1.437,5091579.5,2307993.1
2025-12-28 20:00:00,1.4369,1.4491,1.427,1.4466,2806411.6,1271444.7
2025-12-29 00:00:00,1.4466,1.5032,1.4432,1.498,9075408.2,4870916.2
2025-12-29 04:00:00,1.4979,1.5165,1.4862,1.4949,8177169,4083320
2025-12-29 08:00:00,1.495,1.4988,1.4506,1.4572,7795663.9,3449579.6
2025-12-29 12:00:00,1.4573,1.4631,1.4342,1.4487,11283463.1,5225276.1
2025-12-29 16:00:00,1.4487,1.4511,1.4314,1.4417,5044060,2411258.8
2025-12-29 20:00:00,1.4416,1.449,1.4347,1.4398,1907978.8,899047.2
2025-12-30 00:00:00,1.4399,1.4413,1.4172,1.4343,3359979.3,1720189.4
2025-12-30 04:00:00,1.4344,1.4366,1.4194,1.4277,3801234,1905703.7
2025-12-30 08:00:00,1.4278,1.4461,1.4272,1.4375,4243547.9,2080333.1
2025-12-30 12:00:00,1.4376,1.452,1.4275,1.4459,6517574.4,3143300.9
2025-12-30 16:00:00,1.446,1.453,1.4248,1.4318,5557794.5,2693068.5
2025-12-30 20:00:00,1.4317,1.4375,1.4263,1.4343,2367886.4,1157493.3
2025-12-31 00:00:00,1.4342,1.454,1.4275,1.4447,2765559.7,1373183.2
2025-12-31 04:00:00,1.4447,1.4471,1.4356,1.446,1893047.5,892475.3
2025-12-31 08:00:00,1.4459,1.4518,1.4389,1.4508,2829630.2,1437459.5
2025-12-31 12:00:00,1.4508,1.4591,1.4257,1.434,5834029,2637112
2025-12-31 16:00:00,1.4341,1.4366,1.3955,1.3961,6888750.4,3311605
2025-12-31 20:00:00,1.3961,1.4097,1.388,1.4043,5460071.5,2871484.5
2026-01-01 00:00:00,1.4044,1.4169,1.4015,1.4022,2517740,1185289.8
2026-01-01 04:00:00,1.4023,1.407,1.3947,1.4031,1944861.6,859251.2
2026-01-01 08:00:00,1.403,1.4164,1.4025,1.4133,2194087.9,1121331.9
2026-01-01 12:00:00,1.4133,1.438,1.4057,1.4311,3070988.1,1850137.7
2026-01-01 16:00:00,1.431,1.4506,1.4247,1.4505,5321438.7,2909501.6
2026-01-01 20:00:00,1.4506,1.4766,1.4456,1.4721,4295786.1,2078970
2026-01-02 00:00:00,1.4721,1.502,1.4612,1.4983,6106849.9,3073269
2026-01-02 04:00:00,1.4982,1.5016,1.4821,1.487,4316627.3,2326310.5
2026-01-02 08:00:00,1.487,1.5292,1.4859,1.5085,8383896.5,4723734.2
2026-01-02 12:00:00,1.5085,1.5455,1.5029,1.5341,10844694,5603147.1
2026-01-02 16:00:00,1.534,1.5917,1.531,1.5882,13430262.4,7095940.6
2026-01-02 20:00:00,1.5883,1.6419,1.5883,1.6078,10127018.7,4969092.9
2026-01-03 00:00:00,1.6079,1.6801,1.6079,1.6744,10680806.3,5465374.8
2026-01-03 04:00:00,1.6744,1.6919,1.6141,1.6245,9876319.2,4438987.4
2026-01-03 08:00:00,1.6244,1.655,1.6188,1.641,6728700.9,3460764.4
2026-01-03 12:00:00,1.641,1.6706,1.627,1.6501,5515117.2,3086324.8
2026-01-03 16:00:00,1.6502,1.6653,1.6476,1.6525,3066772,1424369.3
2026-01-03 20:00:00,1.6524,1.6699,1.6375,1.666,3985134.2,1981679
2026-01-04 00:00:00,1.666,1.715,1.6635,1.7044,9160995.1,4956884.4
2026-01-04 04:00:00,1.7043,1.7127,1.6811,1.6931,5375477.1,2458283.4
2026-01-04 08:00:00,1.6931,1.7179,1.6783,1.698,7121870.9,3424517.1
2026-01-04 12:00:00,1.698,1.7074,1.6835,1.7028,7458563.7,2922910.4
2026-01-04 16:00:00,1.7029,1.7525,1.6936,1.7076,10041693.3,4903021.1
2026-01-04 20:00:00,1.7077,1.7313,1.68,1.6923,7899401.4,3620642.8
2026-01-05 00:00:00,1.6922,1.7447,1.688,1.7041,13230697.7,5898174.9
2026-01-05 04:00:00,1.704,1.7057,1.6603,1.687,9013413.8,3955889.5
2026-01-05 08:00:00,1.687,1.7008,1.6732,1.6854,4111350.5,1949092.5
2026-01-05 12:00:00,1.6853,1.7125,1.6623,1.7103,8347320.9,3917494.8
2026-01-05 16:00:00,1.7103,1.8384,1.6978,1.8368,20405454.5,12407256.3
2026-01-05 20:00:00,1.8368,1.9492,1.8352,1.8999,29095990.7,16734799.4
2026-01-06 00:00:00,1.9,1.9936,1.899,1.9413,21254412.8,11240838.6
2026-01-06 04:00:00,1.9413,1.99,1.9301,1.9554,11967338.7,6263878.6
2026-01-06 08:00:00,1.9555,1.9915,1.9462,1.9795,10313609.7,5282484.2
2026-01-06 12:00:00,1.9796,2.0244,1.9458,1.957,20751923.5,10150804.4
2026-01-06 16:00:00,1.957,1.96,1.8104,1.8501,25943105.3,11487879.7
2026-01-06 20:00:00,1.8501,1.911,1.8501,1.9039,12953630.3,6386674.9
2026-01-07 00:00:00,1.9039,1.9051,1.8516,1.8723,8393472.4,3928428
2026-01-07 04:00:00,1.8723,1.9331,1.8632,1.9331,5154566.2,2825445.1
2026-01-07 08:00:00,1.9331,1.982,1.9031,1.9099,19379806.5,10272013.9
2026-01-07 12:00:00,1.9099,1.915,1.8452,1.8507,10166643.4,4972208.4
2026-01-07 16:00:00,1.8506,1.8717,1.8226,1.8391,6599777.7,3385384.3
2026-01-07 20:00:00,1.8392,1.8421,1.8031,1.8208,5944062.9,2920065.5
2026-01-08 00:00:00,1.8209,1.8417,1.7866,1.7956,7610262,3620896.3
2026-01-08 04:00:00,1.7955,1.8175,1.7646,1.8131,8280083.8,3854464.8
2026-01-08 08:00:00,1.8131,1.8327,1.7655,1.7853,8364063,3784081.4
2026-01-08 12:00:00,1.7854,1.8415,1.7411,1.8382,16801124.9,8157845.4
2026-01-08 16:00:00,1.8382,1.8563,1.8095,1.8339,10195845.7,4877755.6
2026-01-08 20:00:00,1.8339,1.8513,1.8025,1.8166,5918495.4,3048928.5
2026-01-09 00:00:00,1.8166,1.8379,1.794,1.8235,5536329.7,2814987.4
2026-01-09 04:00:00,1.8236,1.8266,1.7996,1.8022,4612074,2271829.4
2026-01-09 08:00:00,1.8023,1.8062,1.7686,1.7963,9037508,4855742.2
2026-01-09 12:00:00,1.7963,1.8475,1.7516,1.8185,16679030,8403819.9
2026-01-09 16:00:00,1.8184,1.8512,1.7876,1.7969,8556459.1,4376888.1
2026-01-09 20:00:00,1.7968,1.8262,1.792,1.8117,3285946.2,1602769.5
2026-01-10 00:00:00,1.8116,1.822,1.785,1.7953,2586794.4,1282411.7
2026-01-10 04:00:00,1.7953,1.8086,1.7847,1.8022,1845235.5,916087.5
2026-01-10 08:00:00,1.8021,1.8481,1.7947,1.8294,5534251.2,3212578.9
2026-01-10 12:00:00,1.8294,1.8361,1.8017,1.8161,3954494.1,1826525.9
2026-01-10 16:00:00,1.816,1.8198,1.7937,1.8076,3273070.2,1535487.2
2026-01-10 20:00:00,1.8076,1.8084,1.7782,1.7948,2609491.9,1105813.6
2026-01-11 00:00:00,1.7947,1.8074,1.7902,1.8027,2001886,1150019.3
2026-01-11 04:00:00,1.8027,1.8213,1.7969,1.8165,3193885,1973341.4
2026-01-11 08:00:00,1.8165,1.8214,1.8085,1.8134,2425419.5,1218435.7
2026-01-11 12:00:00,1.8135,1.8344,1.7917,1.7996,4311433.5,2261565.9
2026-01-11 16:00:00,1.7997,1.8253,1.797,1.8153,4410818.3,1898004.2
2026-01-11 20:00:00,1.8153,1.8153,1.7677,1.7966,6359134.4,2884611.4
2026-01-12 00:00:00,1.7965,1.8519,1.7634,1.8165,11186603,5731817.1
2026-01-12 04:00:00,1.8166,1.8457,1.7864,1.789,4637170.7,2015333.1
2026-01-12 08:00:00,1.7889,1.8038,1.7701,1.7855,6177404.7,2863526.1
2026-01-12 12:00:00,1.7855,1.8101,1.7461,1.8038,8697588.5,4458970.1
2026-01-12 16:00:00,1.8037,1.8248,1.7774,1.7996,5830025.7,2796453.1
2026-01-12 20:00:00,1.7996,1.8082,1.7533,1.7624,4777420.8,1927373.7
2026-01-13 00:00:00,1.7623,1.7745,1.7535,1.7648,2961556.3,1537779.2
2026-01-13 04:00:00,1.7648,1.8081,1.7642,1.7941,4739224.6,2550107.4
2026-01-13 08:00:00,1.794,1.8086,1.787,1.7953,4754821,2480565.6
2026-01-13 12:00:00,1.7953,1.8395,1.786,1.8387,12532672.3,6446223.8
2026-01-13 16:00:00,1.8386,1.8501,1.816,1.8438,10586818.5,5554211.9
2026-01-13 20:00:00,1.8437,1.943,1.8284,1.8813,17514705.6,8357315.7
2026-01-14 00:00:00,1.8814,1.8973,1.8584,1.8816,7515780.3,3664781.8
2026-01-14 04:00:00,1.8816,1.8849,1.8271,1.8467,8083336.9,4019819.5
2026-01-14 08:00:00,1.8467,1.8514,1.811,1.8192,6546187.5,3160608.6
2026-01-14 12:00:00,1.8192,1.8577,1.8115,1.8408,11127863.1,5561694.2
2026-01-14 16:00:00,1.8409,1.938,1.8163,1.8415,27216969.5,12218418.4
2026-01-14 20:00:00,1.8415,1.8701,1.8344,1.853,7484571.5,3498275.8
2026-01-15 00:00:00,1.8531,1.8561,1.7786,1.7851,9070763.2,3713480.7
2026-01-15 04:00:00,1.785,1.8198,1.7824,1.8162,4230021.5,2318946.8
2026-01-15 08:00:00,1.8162,1.8536,1.8035,1.8388,5194880.1,2926707
2026-01-15 12:00:00,1.8388,1.8491,1.7694,1.8033,14288012.8,6508225.2
2026-01-15 16:00:00,1.8031,1.8132,1.7559,1.773,10712940.7,5196685.3
2026-01-15 20:00:00,1.773,1.7954,1.7698,1.7809,4771037.3,2367894.6
2026-01-16 00:00:00,1.781,1.7981,1.773,1.7748,3051375.1,1422149.3
2026-01-16 04:00:00,1.7747,1.7929,1.7646,1.7802,4384845.7,2210549.8
2026-01-16 08:00:00,1.7803,1.7931,1.775,1.7818,3124586.8,1633532.4
2026-01-16 12:00:00,1.7818,1.7849,1.7087,1.7229,11071768.4,5517539.3
2026-01-16 16:00:00,1.7228,1.7685,1.7194,1.7657,7891435.9,4155196.3
2026-01-16 20:00:00,1.7658,1.7955,1.7538,1.7888,4957133.2,2472859.2
2026-01-17 00:00:00,1.7888,1.7899,1.7789,1.7845,2399992.5,1047127.5
2026-01-17 04:00:00,1.7845,1.8046,1.784,1.7948,2580017,1207568.8
2026-01-17 08:00:00,1.7948,1.8088,1.7868,1.7931,2111300.3,891257.5
2026-01-17 12:00:00,1.793,1.8172,1.7916,1.8106,3906196.5,2012704.5
2026-01-17 16:00:00,1.8105,1.8125,1.7901,1.7939,2769266.8,1286856
2026-01-17 20:00:00,1.794,1.7965,1.7755,1.7864,2117367.2,899261.7
2026-01-18 00:00:00,1.7864,1.7946,1.7674,1.7802,2207301.5,840504.8
2026-01-18 04:00:00,1.7801,1.7844,1.7728,1.7753,1263911,513878.6
2026-01-18 08:00:00,1.7754,1.7815,1.7685,1.7743,1309689.1,500760.7
2026-01-18 12:00:00,1.7743,1.7842,1.7609,1.7742,1882530.5,930920.8
2026-01-18 16:00:00,1.7741,1.7974,1.7665,1.7745,2820532.5,1637487.4
2026-01-18 20:00:00,1.7745,1.7902,1.6936,1.6962,7304504.3,3463371.4
2026-01-19 00:00:00,1.6961,1.6961,1.517,1.591,38854226.4,19214350.4
2026-01-19 04:00:00,1.5909,1.5942,1.5543,1.5632,8079542.5,4103632.2
2026-01-19 08:00:00,1.5633,1.5808,1.5571,1.5611,7871189.7,4635204.9
2026-01-19 12:00:00,1.5611,1.5611,1.5418,1.5554,7137330.7,3774763.2
2026-01-19 16:00:00,1.5553,1.5843,1.5542,1.58,7615769.1,3446241.1
2026-01-19 20:00:00,1.5799,1.5846,1.5586,1.5682,3905746.6,1884185.3
2026-01-20 00:00:00,1.5681,1.5741,1.5473,1.5609,5466324.2,2466222.9
2026-01-20 04:00:00,1.5608,1.5668,1.5327,1.5346,6198058,2900961.3
2026-01-20 08:00:00,1.5345,1.541,1.5109,1.5139,7210663.6,3182960.6
2026-01-20 12:00:00,1.5139,1.5376,1.5023,1.5163,11613520.7,5835139.4
2026-01-20 16:00:00,1.5163,1.526,1.484,1.4992,6823504.3,3351636.5
2026-01-20 20:00:00,1.4991,1.5075,1.4473,1.4697,8557659.5,4241218
2026-01-21 00:00:00,1.4698,1.5175,1.4696,1.5059,7765229.4,4546330.9
2026-01-21 04:00:00,1.506,1.5256,1.5028,1.5061,3804454.8,2023615.3
2026-01-21 08:00:00,1.506,1.5066,1.4698,1.4719,5635939.7,2690895
2026-01-21 12:00:00,1.4718,1.5329,1.4549,1.5151,16167346.8,8048859.6
2026-01-21 16:00:00,1.5152,1.5448,1.4403,1.5409,19344750.4,9600676
2026-01-21 20:00:00,1.5409,1.5484,1.504,1.5109,9501777.8,4572484.1
2026-01-22 00:00:00,1.5108,1.5374,1.5108,1.521,3707609.5,1925286.8
2026-01-22 04:00:00,1.5209,1.5333,1.516,1.5209,2598862.2,1321603.2
2026-01-22 08:00:00,1.5208,1.5367,1.5183,1.5231,3187480.7,1482329.8
2026-01-22 12:00:00,1.5231,1.5314,1.4817,1.4961,8371630.2,3702970.6
2026-01-22 16:00:00,1.4961,1.5135,1.4937,1.5072,5116609.5,2807769.8
2026-01-22 20:00:00,1.5071,1.5096,1.4865,1.4958,3342964.7,1591601.2
2026-01-23 00:00:00,1.4958,1.5113,1.4894,1.5068,3844132.8,1901336.2
2026-01-23 04:00:00,1.5068,1.5115,1.4943,1.5009,2144904.7,999945
2026-01-23 08:00:00,1.5008,1.5031,1.4841,1.4943,3314587.8,1691815.3
2026-01-23 12:00:00,1.4943,1.5066,1.4623,1.5026,7977751.8,4008493.8
2026-01-23 16:00:00,1.5026,1.5354,1.4874,1.4952,8962792.5,4411299.7
2026-01-23 20:00:00,1.4953,1.4985,1.4743,1.4886,4934152.1,2463781.7
2026-01-24 00:00:00,1.4886,1.498,1.4789,1.494,2421584.1,1386713
2026-01-24 04:00:00,1.494,1.4948,1.4836,1.4845,1331930.3,668177.9
2026-01-24 08:00:00,1.4845,1.4952,1.482,1.4887,1519614.3,829191.1
2026-01-24 12:00:00,1.4887,1.4942,1.4801,1.4825,1649153.5,841638.8
2026-01-24 16:00:00,1.4825,1.4879,1.4753,1.4798,1772565.7,852013.5
2026-01-24 20:00:00,1.4798,1.4906,1.4791,1.4847,1042875.4,550288.8
2026-01-25 00:00:00,1.4847,1.4939,1.4717,1.4747,2284321,979495.1
2026-01-25 04:00:00,1.4746,1.4842,1.4644,1.4712,2103227.8,999931.4
2026-01-25 08:00:00,1.4712,1.4839,1.4621,1.4743,2702429.5,1334506.7
2026-01-25 12:00:00,1.4742,1.4749,1.4512,1.4555,3424455.1,1294698.7
2026-01-25 16:00:00,1.4555,1.4558,1.3695,1.3776,20864795.8,9741592.7
2026-01-25 20:00:00,1.3777,1.4038,1.3728,1.4003,8567058.3,4306130.4
2026-01-26 00:00:00,1.4004,1.4419,1.3966,1.4295,6517282.7,3470073.4
2026-01-26 04:00:00,1.4295,1.452,1.4287,1.4454,4537194,2502943
2026-01-26 08:00:00,1.4455,1.4621,1.4296,1.4343,3547491.9,1696274.4
2026-01-26 12:00:00,1.4343,1.4684,1.4292,1.4412,9518500.2,5077464
2026-01-26 16:00:00,1.4414,1.4599,1.4318,1.445,8186655.5,4171862.5
2026-01-26 20:00:00,1.445,1.4611,1.4351,1.4438,4253984.9,2167720.5
2026-01-27 00:00:00,1.4438,1.4554,1.438,1.4476,2385288.1,1235213.7
2026-01-27 04:00:00,1.4475,1.4556,1.4309,1.4389,2413490.9,1055007
2026-01-27 08:00:00,1.4389,1.4446,1.4324,1.4383,1873479.6,890705.6
2026-01-27 12:00:00,1.4382,1.4464,1.419,1.4454,5534716.1,2580342.8
2026-01-27 16:00:00,1.4454,1.4639,1.4244,1.4343,9423741.1,4765745.9
2026-01-27 20:00:00,1.4343,1.4617,1.4327,1.4403,10707131.9,5358415.3
2026-01-28 00:00:00,1.4403,1.4427,1.4272,1.432,3603259.3,1706378.8
2026-01-28 04:00:00,1.432,1.4412,1.4232,1.4285,4683227.8,2191674.2
2026-01-28 08:00:00,1.4284,1.4476,1.4178,1.445,5445888.5,2753353
2026-01-28 12:00:00,1.445,1.445,1.3949,1.4043,8416715.1,4068941.6
2026-01-28 16:00:00,1.4043,1.4215,1.3966,1.414,6157886.6,3137545.5
2026-01-28 20:00:00,1.4139,1.4261,1.393,1.4074,5125497.8,2819560.4
2026-01-29 00:00:00,1.4075,1.411,1.3471,1.3665,10271502.2,5307829.5
2026-01-29 04:00:00,1.3663,1.3718,1.3548,1.3688,3524967.4,2045089.3
2026-01-29 08:00:00,1.3688,1.3754,1.3485,1.3527,4228430.5,2098958
2026-01-29 12:00:00,1.3527,1.3662,1.2758,1.2967,20885863.1,9846786.7
2026-01-29 16:00:00,1.2966,1.3387,1.2839,1.3027,17842898.5,9558192.8
2026-01-29 20:00:00,1.3028,1.3245,1.2981,1.3209,6537916.9,3525285.5
2026-01-30 00:00:00,1.3209,1.3371,1.257,1.2849,28270968.1,14745303.4
2026-01-30 04:00:00,1.285,1.3075,1.265,1.2922,7292524.6,3450326.6
2026-01-30 08:00:00,1.2923,1.3061,1.2752,1.3,6216915.2,3257599.8
2026-01-30 12:00:00,1.2999,1.303,1.255,1.2775,11710217.1,5628023
2026-01-30 16:00:00,1.2775,1.3104,1.2338,1.296,18424203,9703735.1
2026-01-30 20:00:00,1.296,1.296,1.2654,1.2736,8413299.6,3853829.3
2026-01-31 00:00:00,1.2737,1.2786,1.2514,1.2561,3114734.4,1386110.2
2026-01-31 04:00:00,1.2561,1.2619,1.2323,1.2386,4935682.9,2135783.1
2026-01-31 08:00:00,1.2386,1.241,1.2098,1.2243,12030741.5,6220625.9
2026-01-31 12:00:00,1.2242,1.2284,1.1432,1.1692,29096992.9,12831395.4
2026-01-31 16:00:00,1.1693,1.1909,1.0328,1.1091,84561510.7,40003927.7
2026-01-31 20:00:00,1.1091,1.1601,1.0938,1.1534,13170524.7,6614712.1
2026-02-01 00:00:00,1.1534,1.1665,1.1422,1.1539,8673326,3697481.4
2026-02-01 04:00:00,1.154,1.1551,1.1337,1.1486,7477710.2,3270096.3
2026-02-01 08:00:00,1.1485,1.161,1.1337,1.1488,7557191.8,3501561
2026-02-01 12:00:00,1.1489,1.1498,1.0854,1.1007,21590561.7,7888352.6
2026-02-01 16:00:00,1.1008,1.1334,1.0892,1.1127,12182064.5,6319614.1
2026-02-01 20:00:00,1.1126,1.1275,1.0733,1.1015,15573896.5,7376220.5
2026-02-02 00:00:00,1.1014,1.1319,1.0612,1.1095,18413966.2,9057527.7
2026-02-02 04:00:00,1.1096,1.1215,1.0671,1.1039,17396440.4,9108429.8
2026-02-02 08:00:00,1.1039,1.131,1.1036,1.1205,8603894.7,4500903.8
2026-02-02 12:00:00,1.1206,1.1648,1.1206,1.1542,13536827.4,7518796.8
2026-02-02 16:00:00,1.1542,1.1602,1.1415,1.1443,5660810.2,3081064.9
2026-02-02 20:00:00,1.1443,1.1544,1.1358,1.1493,3351286.4,1670898.3
2026-02-03 00:00:00,1.1493,1.153,1.118,1.1423,7023572.4,3286152
2026-02-03 04:00:00,1.1424,1.153,1.1314,1.1478,4225590.2,2090208.1
2026-02-03 08:00:00,1.1479,1.1536,1.1222,1.1347,5817722.5,2824640.3
2026-02-03 12:00:00,1.1347,1.1572,1.119,1.1537,11215711.6,5843511.3
2026-02-03 16:00:00,1.1538,1.154,1.0729,1.128,23765593.4,11021296.8
2026-02-03 20:00:00,1.1279,1.1684,1.103,1.1125,14646425.1,7821695.6
2026-02-04 00:00:00,1.1125,1.1367,1.1039,1.1313,4958700.1,2793313.5
2026-02-04 04:00:00,1.1312,1.1368,1.1166,1.1328,3731741.8,1914704.2
2026-02-04 08:00:00,1.1328,1.1407,1.1044,1.1197,9239125.2,4403088.2
2026-02-04 12:00:00,1.1198,1.123,1.0581,1.0765,15661519.3,7352475.5
2026-02-04 16:00:00,1.0766,1.1092,1.0524,1.1073,20846124.4,10930555.7
2026-02-04 20:00:00,1.1074,1.1092,1.0599,1.0844,8794031.8,4633100.6
2026-02-05 00:00:00,1.0843,1.0936,1.0616,1.0637,10675466.6,5307284
2026-02-05 04:00:00,1.0637,1.0721,1.0368,1.044,16447417.8,8140162.8
2026-02-05 08:00:00,1.0441,1.0562,0.9907,1.0095,17014180.4,8470154.4
2026-02-05 12:00:00,1.0096,1.0193,0.936,0.96,34882623.2,17262674.2
2026-02-05 16:00:00,0.9599,0.9812,0.9187,0.9245,27102006.3,13352557.4
2026-02-05 20:00:00,0.9245,0.9317,0.876,0.8829,39916238.6,20045777.8
2026-02-06 00:00:00,0.8828,0.9156,0.7881,0.8898,65684694.5,31775860.5
2026-02-06 04:00:00,0.8899,0.9391,0.8771,0.9165,19353051.6,10778229.4
2026-02-06 08:00:00,0.9166,0.9547,0.9076,0.9492,15635877.2,8638219.2
2026-02-06 12:00:00,0.9491,0.9885,0.9405,0.9793,24007582.8,12969715.9
2026-02-06 16:00:00,0.9793,1.0299,0.9749,1.0085,24679019.7,12168401.7
2026-02-06 20:00:00,1.0085,1.0278,0.9947,1.015,9605478,5097055.2
2026-02-07 00:00:00,1.0149,1.0154,0.996,1.0098,6712669.9,3150116.7
2026-02-07 04:00:00,1.0097,1.0165,0.9614,0.9713,12881105.3,6169136.7
2026-02-07 08:00:00,0.9712,0.9865,0.9675,0.9747,5099663.5,2343078.3
2026-02-07 12:00:00,0.9746,1.0078,0.9736,0.995,8643239.4,4580448.5
2026-02-07 16:00:00,0.995,1.0217,0.9911,1.008,22143818,11159170.9
2026-02-07 20:00:00,1.0079,1.0202,1.0003,1.0051,5303409.7,2941650.1
2026-02-08 00:00:00,1.0051,1.0055,0.9863,0.9875,2823483.9,1375416.7
2026-02-08 04:00:00,0.9874,0.9929,0.9821,0.991,2493799.4,1399248.6
2026-02-08 08:00:00,0.991,1.009,0.9831,1.002,7812042.5,4454869
2026-02-08 12:00:00,1.002,1.0074,0.984,0.9902,7482641.3,3898874.2
2026-02-08 16:00:00,0.9902,0.9945,0.9642,0.9932,5337863.9,2808044.6
2026-02-08 20:00:00,0.9932,0.9989,0.9652,0.9723,5601814.3,2591617.6
2026-02-09 00:00:00,0.9722,0.9888,0.9641,0.9873,5687553.3,2647335.3
2026-02-09 04:00:00,0.9872,0.9874,0.9673,0.9694,3785228.3,1732251.8
2026-02-09 08:00:00,0.9693,0.971,0.9258,0.9396,10675919.2,4975957.7
2026-02-09 12:00:00,0.9397,0.9603,0.9275,0.9568,9952468.7,5050967.5
2026-02-09 16:00:00,0.9567,0.9785,0.9472,0.9689,10655599.3,5646666
2026-02-09 20:00:00,0.9688,0.9738,0.9543,0.9627,5564580.8,2630224.8
2026-02-10 00:00:00,0.9628,0.9744,0.9439,0.9518,4519658.4,2194989.4
2026-02-10 04:00:00,0.9517,0.9623,0.9305,0.9396,7585040.4,3288131.7
2026-02-10 08:00:00,0.9396,0.9528,0.9348,0.9368,5261372.5,2569491.9
2026-02-10 12:00:00,0.9368,0.9405,0.9219,0.9337,8331181.5,4086243.2
2026-02-10 16:00:00,0.9338,0.9414,0.9146,0.9218,5393724.1,3029072.6
2026-02-10 20:00:00,0.9217,0.9323,0.9186,0.9302,2651746.2,1359644.8
2026-02-11 00:00:00,0.9301,0.9378,0.9194,0.9281,2369659.6,1121342.7
2026-02-11 04:00:00,0.9281,0.929,0.8931,0.8965,7274308.1,3039163.1
2026-02-11 08:00:00,0.8965,0.8992,0.8837,0.8939,4713751.1,2574964.2
2026-02-11 12:00:00,0.8938,0.9322,0.875,0.884,15826908.3,8200173.1
2026-02-11 16:00:00,0.8839,0.8988,0.8753,0.8941,7450142.8,4020207.8
2026-02-11 20:00:00,0.8941,0.9191,0.8862,0.8942,7372912.6,3588793.2
2026-02-12 00:00:00,0.8943,0.9145,0.8943,0.9125,3905035,2014419.7
2026-02-12 04:00:00,0.9125,0.9348,0.9046,0.9341,5125442.5,2638050.5
2026-02-12 08:00:00,0.9341,0.9589,0.9258,0.9482,8331923,4549947.3
2026-02-12 12:00:00,0.9481,0.9492,0.9132,0.9145,9464892.3,4736248.8
2026-02-12 16:00:00,0.9146,0.926,0.8928,0.9127,10638769.2,5216240.5
2026-02-12 20:00:00,0.9128,0.9283,0.9015,0.9224,4208277.1,1941431.7
2026-02-13 00:00:00,0.9224,0.9276,0.9142,0.9152,3728648,1907822
2026-02-13 04:00:00,0.9151,0.9204,0.9019,0.9157,3504674.6,1638524.3
2026-02-13 08:00:00,0.9157,0.9355,0.9136,0.9246,5976807.8,3760050.4
2026-02-13 12:00:00,0.9246,0.964,0.9175,0.9527,12415496.4,6511662.2
2026-02-13 16:00:00,0.9528,0.9855,0.9523,0.9742,12278942.1,6278707
2026-02-13 20:00:00,0.9743,0.9798,0.9598,0.9612,3486154.7,1623413.4
2026-02-14 00:00:00,0.9613,0.9718,0.9583,0.9692,4197772.9,2464136.6
2026-02-14 04:00:00,0.9691,0.9693,0.9552,0.9666,3188092.2,1372730
2026-02-14 08:00:00,0.9666,1.0077,0.9662,1.0061,7484322.6,4363820.8
2026-02-14 12:00:00,1.006,1.0126,0.9781,0.9993,8966863.8,4333219.1
2026-02-14 16:00:00,0.9993,1.0443,0.9897,1.0353,9048347.2,4720642.5
2026-02-14 20:00:00,1.0353,1.042,1.0188,1.0293,7063564.5,3501913
2026-02-15 00:00:00,1.0293,1.0373,1.003,1.0212,7889991.8,3632830.4
2026-02-15 04:00:00,1.0212,1.0498,1.0206,1.043,7253301.2,4087620.8
2026-02-15 08:00:00,1.043,1.049,1.0054,1.007,7318726.7,3295478
2026-02-15 12:00:00,1.007,1.0088,0.9706,0.9885,11805362,5020425.2
2026-02-15 16:00:00,0.9885,0.9903,0.9581,0.9635,10509038,4618679.1
2026-02-15 20:00:00,0.9636,0.9782,0.959,0.9742,4011513,2233432.6
2026-02-16 00:00:00,0.9742,0.9798,0.9611,0.9662,2808968.3,1410381.9
2026-02-16 04:00:00,0.9662,0.9792,0.9587,0.9623,3411066.5,1753657.2
2026-02-16 08:00:00,0.9624,0.9736,0.9475,0.9621,3929291,1931563.9
2026-02-16 12:00:00,0.9621,0.9953,0.9542,0.9598,11141540.6,5697702.8
2026-02-16 16:00:00,0.9599,0.9728,0.9591,0.9677,3756831.3,1943096.8
2026-02-16 20:00:00,0.9678,1.005,0.9645,0.9926,6793815.6,3395468.3
2026-02-17 00:00:00,0.9926,0.9992,0.9797,0.9831,3563244.4,1816489.6
2026-02-17 04:00:00,0.9832,0.9896,0.9668,0.9716,3487892.2,1896664.3
2026-02-17 08:00:00,0.9715,0.9793,0.9612,0.9688,3797619,1742509.6
2026-02-17 12:00:00,0.9687,0.9825,0.954,0.969,6343573.5,3226855.5
2026-02-17 16:00:00,0.9691,0.9909,0.9527,0.9686,7919529.2,3628538
2026-02-17 20:00:00,0.9685,0.9749,0.9614,0.9681,2226765.7,1032762.2
2026-02-18 00:00:00,0.9681,0.9735,0.9581,0.9716,1652195.6,907699.6
2026-02-18 04:00:00,0.9716,0.9798,0.9639,0.9765,2963892.5,1238461.5
2026-02-18 08:00:00,0.9765,0.9863,0.9596,0.9606,6027093.4,2936262.9
2026-02-18 12:00:00,0.9606,0.9758,0.9445,0.9613,8600508.7,4582803.3
2026-02-18 16:00:00,0.9613,0.9615,0.9252,0.9328,7697619,3602247.2
2026-02-18 20:00:00,0.9328,0.9376,0.9232,0.9303,4136617.2,2142434
2026-02-19 00:00:00,0.9304,0.9399,0.9266,0.9363,2594662.8,1451801
2026-02-19 04:00:00,0.9363,0.9404,0.9293,0.9333,2750135.3,1410528.2
2026-02-19 08:00:00,0.9333,0.9333,0.9034,0.9154,8391405.9,3956944.3
2026-02-19 12:00:00,0.9154,0.9177,0.8958,0.9049,8487412.4,4130790.8
2026-02-19 16:00:00,0.9048,0.9196,0.8968,0.9165,6026868.3,3105299.3
2026-02-19 20:00:00,0.9165,0.9294,0.9128,0.9284,4819298.4,2431883.3
2026-02-20 00:00:00,0.9283,0.9432,0.9244,0.9373,3227544.6,1580518.7
2026-02-20 04:00:00,0.9373,0.9456,0.9287,0.9399,3599172.7,1611074.2
2026-02-20 08:00:00,0.9399,0.9593,0.9393,0.9453,4459170.7,2021959.5
2026-02-20 12:00:00,0.9454,0.9672,0.9158,0.967,12821677.8,6475992.4
2026-02-20 16:00:00,0.967,0.978,0.9414,0.9556,13631493,7058263.4
2026-02-20 20:00:00,0.9556,0.9594,0.9479,0.9541,2928900.2,1439000.3
2026-02-21 00:00:00,0.9541,0.955,0.9455,0.9498,2362674.1,1312860
2026-02-21 04:00:00,0.9498,0.9566,0.9448,0.9506,1507924.8,663132.2
2026-02-21 08:00:00,0.9506,0.965,0.9479,0.9606,3392713.1,1957933.5
2026-02-21 12:00:00,0.9607,0.9695,0.9523,0.958,3841513.6,1903223.2
2026-02-21 16:00:00,0.958,0.9615,0.9441,0.9554,4775087.3,2229141.9
2026-02-21 20:00:00,0.9553,0.9557,0.9465,0.9496,4551182.6,2001051.4
2026-02-22 00:00:00,0.9495,0.9495,0.9316,0.938,2986602.1,1483309.5
2026-02-22 04:00:00,0.9379,0.9408,0.9331,0.9344,2028490.2,764807.4
2026-02-22 08:00:00,0.9344,0.9391,0.93,0.9363,2003543.1,1028126.7
2026-02-22 12:00:00,0.9362,0.9363,0.9165,0.9253,3900188.2,1847708.4
2026-02-22 16:00:00,0.9252,0.9278,0.9182,0.9205,1834697.2,1057842.6
2026-02-22 20:00:00,0.9205,0.9269,0.9139,0.9254,1655770.6,807030.7
2026-02-23 00:00:00,0.9254,0.9266,0.8613,0.8773,21363634.2,10590831.5
2026-02-23 04:00:00,0.8773,0.8981,0.868,0.8929,6554603.1,3775087.7
2026-02-23 08:00:00,0.8928,0.9117,0.8858,0.9041,4163329.6,2284258.1
2026-02-23 12:00:00,0.9042,0.9157,0.8843,0.8864,6415526.1,2728926.4
2026-02-23 16:00:00,0.8863,0.8912,0.8654,0.8703,7537547.8,3678786.4
2026-02-23 20:00:00,0.8703,0.889,0.8669,0.8798,4681835.1,2383442.1
2026-02-24 00:00:00,0.8798,0.8892,0.8522,0.8582,8320040.2,3795993.8
2026-02-24 04:00:00,0.8582,0.864,0.85,0.858,4954356.3,2443889.8
2026-02-24 08:00:00,0.8581,0.8631,0.8526,0.8587,2565235.2,1308385.2
2026-02-24 12:00:00,0.8586,0.8713,0.8412,0.8666,9219299.6,5078187.5
2026-02-24 16:00:00,0.8666,0.8755,0.861,0.868,5832982.3,3046452.1
2026-02-24 20:00:00,0.8679,0.8711,0.8579,0.8597,3512033.1,1510972
2026-02-25 00:00:00,0.8597,0.9056,0.8572,0.881,11881254.7,5893032.9
2026-02-25 04:00:00,0.881,0.8852,0.8647,0.8775,6004209.6,3038383.4
2026-02-25 08:00:00,0.8776,0.8982,0.8761,0.8968,4337287.4,2337290.7
2026-02-25 12:00:00,0.8967,0.9511,0.8953,0.9473,16273961,8871967.9
2026-02-25 16:00:00,0.9473,1.0015,0.9473,0.9991,19134456.6,9444969.4
2026-02-25 20:00:00,0.9991,1.0259,0.9582,0.9688,21525779,9920904.4
2026-02-26 00:00:00,0.9687,0.9777,0.9497,0.9643,8460754.7,4439891.2
2026-02-26 04:00:00,0.9642,0.9764,0.9498,0.952,5728227.2,2886686
2026-02-26 08:00:00,0.952,0.9687,0.94,0.9422,7690023.4,3917357.2
2026-02-26 12:00:00,0.9422,0.9518,0.9325,0.9426,10077086.5,4840091.5
2026-02-26 16:00:00,0.9427,0.9445,0.9072,0.9324,14244156.5,7117198.6
2026-02-26 20:00:00,0.9323,0.941,0.9248,0.9375,3560930.6,1679341.5
2026-02-27 00:00:00,0.9375,0.948,0.9273,0.9446,3632225.3,1757884.9
2026-02-27 04:00:00,0.9446,0.9588,0.9422,0.9518,4872335.5,2228428.6
2026-02-27 08:00:00,0.9517,0.9605,0.9128,0.9168,9816985.3,4392062
2026-02-27 12:00:00,0.9168,0.9199,0.9014,0.9143,13423914.9,6412775.3
2026-02-27 16:00:00,0.9143,0.9155,0.891,0.8941,8340126.6,3968606.6
2026-02-27 20:00:00,0.894,0.9015,0.8823,0.9,6002668.4,2956701.9
2026-02-28 00:00:00,0.8999,0.9058,0.89,0.8928,3667821,1752597.5
2026-02-28 04:00:00,0.8928,0.8941,0.8368,0.85,19546454.5,9752464.9
2026-02-28 08:00:00,0.85,0.85,0.8262,0.8327,16120919.2,7143160.3
2026-02-28 12:00:00,0.8328,0.8737,0.8323,0.8578,21614284.2,10642760.1
2026-02-28 16:00:00,0.8578,0.8934,0.8514,0.886,11986611.8,6441540.9
2026-02-28 20:00:00,0.886,0.9184,0.8831,0.904,12456206.7,6352407.6
2026-03-01 00:00:00,0.9039,0.9494,0.8896,0.9314,12907700,6740901.6
2026-03-01 04:00:00,0.9314,0.9364,0.9152,0.9244,7093609.8,3004140.3
2026-03-01 08:00:00,0.9245,0.9286,0.8978,0.9028,5654744.2,2327165.1
2026-03-01 12:00:00,0.9029,0.925,0.8878,0.9109,11427708.7,5425894.1
2026-03-01 16:00:00,0.911,0.9182,0.8781,0.8799,16935240.6,7953167.3
2026-03-01 20:00:00,0.8798,0.8999,0.8663,0.8876,10311429.4,4884852.1
2026-03-02 00:00:00,0.8877,0.9165,0.8862,0.9098,7014869.8,3556751.9
2026-03-02 04:00:00,0.9099,0.9134,0.8811,0.8885,5047025.4,2271370.1
2026-03-02 08:00:00,0.8885,0.9018,0.8799,0.8938,5802001.1,3108878.9
2026-03-02 12:00:00,0.8939,0.96,0.8827,0.9451,16016854.8,8277386
2026-03-02 16:00:00,0.9452,0.9676,0.9278,0.9371,17058715.3,8093901.6
2026-03-02 20:00:00,0.937,0.9446,0.9194,0.9233,8005942.3,4053992.8
2026-03-03 00:00:00,0.9233,0.9283,0.9132,0.9214,5774843.2,2713524.6
2026-03-03 04:00:00,0.9215,0.9276,0.9093,0.9156,4725875.3,2352144.1
2026-03-03 08:00:00,0.9156,0.9197,0.8941,0.9003,7048419.9,3482677.2
2026-03-03 12:00:00,0.9002,0.9137,0.8846,0.9033,9051442,4777043.6
2026-03-03 16:00:00,0.9033,0.9261,0.8986,0.9096,9278804.6,4651427.6
2026-03-03 20:00:00,0.9097,0.9188,0.894,0.9089,4485338,2243315.1
2026-03-04 00:00:00,0.9089,0.9165,0.8924,0.9026,4553421.1,2227870.2
2026-03-04 04:00:00,0.9025,0.918,0.8945,0.9153,5173158.2,2623772.5
2026-03-04 08:00:00,0.9153,0.9582,0.913,0.9335,14409763.6,7811057.5
2026-03-04 12:00:00,0.9335,0.9789,0.9219,0.9778,15548421.2,8138577.1
2026-03-04 16:00:00,0.9779,0.9931,0.9562,0.9809,12712500.1,6673198.3
2026-03-04 20:00:00,0.9808,0.9832,0.9514,0.9571,6658790,3010600.4
2026-03-05 00:00:00,0.9571,0.9591,0.9442,0.9492,5956565.1,3059711.3
2026-03-05 04:00:00,0.9492,0.959,0.9427,0.9462,5447600.1,2554602.8
2026-03-05 08:00:00,0.9462,0.976,0.9426,0.9691,6124261.3,3334173.6
2026-03-05 12:00:00,0.9691,0.9864,0.9441,0.9514,11018462.7,5277131.2
2026-03-05 16:00:00,0.9513,0.9665,0.924,0.956,10946547.2,5653958.3
2026-03-05 20:00:00,0.9561,0.9661,0.9519,0.9535,4557705.2,1963371.4
2026-03-06 00:00:00,0.9536,0.9635,0.9502,0.963,4086785.1,2063979.1
2026-03-06 04:00:00,0.9629,0.9764,0.9459,0.9744,5090586.9,2739138.4
2026-03-06 08:00:00,0.9744,0.9744,0.938,0.9403,6054486.4,3039291.9
2026-03-06 12:00:00,0.9402,0.9426,0.8955,0.8998,18165480.7,8748840.6
2026-03-06 16:00:00,0.8998,0.9077,0.8909,0.9044,8378198,3763381.8
2026-03-06 20:00:00,0.9044,0.9065,0.8967,0.9017,3281189.2,1743507.9
2026-03-07 00:00:00,0.9017,0.9093,0.8975,0.9,3578086.4,1316188
2026-03-07 04:00:00,0.9001,0.9048,0.8936,0.9017,8756305.2,4477356.9
2026-03-07 08:00:00,0.9017,0.9139,0.9011,0.9062,3152804.4,1636629
2026-03-07 12:00:00,0.9062,0.9073,0.8942,0.8985,2515854.7,1178132.7
2026-03-07 16:00:00,0.8984,0.9059,0.888,0.8911,3126534.7,1181461.1
2026-03-07 20:00:00,0.891,0.9,0.8887,0.895,1635268.8,859569
2026-03-08 00:00:00,0.8949,0.8961,0.8756,0.8808,3459717.2,1631157.3
2026-03-08 04:00:00,0.8809,0.8959,0.8741,0.8933,2701889.6,1427133.4
2026-03-08 08:00:00,0.8932,0.9106,0.8883,0.9,4128488.6,2114590.8
2026-03-08 12:00:00,0.8999,0.9046,0.8811,0.8843,4532461.1,2175796.5
2026-03-08 16:00:00,0.8843,0.8958,0.8768,0.8918,3359760.6,1663523.2
2026-03-08 20:00:00,0.8919,0.8985,0.8654,0.88,6291663.9,2996710.8
2026-03-09 00:00:00,0.8799,0.9081,0.8794,0.8956,6052744.1,3255437.2
2026-03-09 04:00:00,0.8955,0.9192,0.8936,0.9025,7000947.6,3233769.8
2026-03-09 08:00:00,0.9026,0.9179,0.8971,0.9045,4538395.6,2294702.9
2026-03-09 12:00:00,0.9047,0.9349,0.9045,0.9313,12537686.8,6328679.2
2026-03-09 16:00:00,0.9314,0.9881,0.9279,0.9722,15169303.6,7899440.3
2026-03-09 20:00:00,0.9722,0.9746,0.9389,0.9425,11027583.6,4810671.4
2026-03-10 00:00:00,0.9424,0.9617,0.9363,0.9418,8109264.5,3919121.2
2026-03-10 04:00:00,0.9419,0.9555,0.9389,0.9539,7350984.1,4000153
2026-03-10 08:00:00,0.954,0.9791,0.952,0.9697,8102544.8,4703987.2
2026-03-10 12:00:00,0.9698,1.0103,0.9582,0.9978,17071598.7,8474898.2
2026-03-10 16:00:00,0.9979,1.0061,0.9577,0.9615,11515276,5249658.1
2026-03-10 20:00:00,0.9614,0.9664,0.9486,0.9573,6714681.9,2863254.8
2026-03-11 00:00:00,0.9572,0.9622,0.9435,0.9499,6795133.3,3277197.1
2026-03-11 04:00:00,0.9499,0.9589,0.9436,0.949,4722248.5,2135038.6
2026-03-11 08:00:00,0.949,0.958,0.9449,0.951,3701973.1,1931885.2
2026-03-11 12:00:00,0.951,0.9891,0.948,0.9728,13405834.2,7206898.6
2026-03-11 16:00:00,0.973,0.9984,0.9689,0.9921,8441249.5,4372551.2
2026-03-11 20:00:00,0.9921,0.9952,0.9767,0.9784,5107230.2,2291103.1
2026-03-12 00:00:00,0.9784,0.9815,0.9618,0.9651,5064317.7,2401326
2026-03-12 04:00:00,0.9651,0.9799,0.9615,0.9799,3071276.9,1795878.7
2026-03-12 08:00:00,0.9799,0.987,0.9715,0.9773,5186425.8,2579349.4
2026-03-12 12:00:00,0.9773,0.9928,0.9589,0.9698,9652054.6,4642140.3
2026-03-12 16:00:00,0.9697,0.9833,0.9627,0.9793,3234093.1,1499488.9
2026-03-12 20:00:00,0.9792,0.996,0.9711,0.9909,4301612.4,2359351.9
2026-03-13 00:00:00,0.9908,1.0306,0.9866,1.0251,14142792.8,7897733.5
2026-03-13 04:00:00,1.0251,1.0449,1.0227,1.0282,9338698,4945660
2026-03-13 08:00:00,1.0282,1.0526,1.0242,1.0406,9944676.7,5416303.3
2026-03-13 12:00:00,1.0406,1.0565,1.0098,1.0141,17905911.3,9381564.1
2026-03-13 16:00:00,1.0141,1.0184,0.9936,1.0015,10515092.3,5422406.3
2026-03-13 20:00:00,1.0015,1.0093,0.9874,0.996,4621707.5,2402068.6
2026-03-14 00:00:00,0.9959,0.9994,0.9885,0.9982,3423136,1776019.9
2026-03-14 04:00:00,0.9982,1.0035,0.9812,0.9867,5785946.1,2544268.8
2026-03-14 08:00:00,0.9867,0.9884,0.9791,0.9866,2155473.2,998897.5
2026-03-14 12:00:00,0.9866,0.9942,0.9791,0.9875,4943021.4,2855492.8
2026-03-14 16:00:00,0.9874,0.9969,0.9849,0.9871,2024526.3,915272.1
2026-03-14 20:00:00,0.9871,1.003,0.9855,1.0012,2713722,1526329.8
2026-03-15 00:00:00,1.0012,1.0182,0.9953,1.012,4026440.3,1955076.7
2026-03-15 04:00:00,1.012,1.0173,0.9983,1.0026,3750319.6,1794313.1
2026-03-15 08:00:00,1.0027,1.0086,1.0006,1.0043,2421612.6,1391093.8
2026-03-15 12:00:00,1.0044,1.0069,0.9928,1.0005,3586355.2,1668747.7
2026-03-15 16:00:00,1.0005,1.0139,0.9978,1.0061,3727703.1,2183195.4
2026-03-15 20:00:00,1.0062,1.0338,1.0011,1.024,8582936.9,4663669.2
2026-03-16 00:00:00,1.024,1.0499,1.0133,1.0413,9594663.8,4630903.5
2026-03-16 04:00:00,1.0412,1.0719,1.0407,1.0678,14353126.6,8318089.3
2026-03-16 08:00:00,1.0677,1.0787,1.0461,1.0491,10364678.2,5781282.8
2026-03-16 12:00:00,1.0491,1.0583,1.0333,1.0464,13087960.5,7082724.8
2026-03-16 16:00:00,1.0464,1.0655,1.0458,1.0611,9183378.4,4429124.7
2026-03-16 20:00:00,1.0611,1.0846,1.0565,1.0734,8014718.6,4477182.3
2026-03-17 00:00:00,1.0735,1.0836,1.0347,1.0399,15821565.8,7856372.1
2026-03-17 04:00:00,1.0399,1.0427,1.0212,1.0318,8579081.3,4129914.8
2026-03-17 08:00:00,1.0318,1.0347,1.0182,1.0254,6883790,3675785.6
2026-03-17 12:00:00,1.0254,1.0326,1.0101,1.0215,10356186.3,4795691.2
2026-03-17 16:00:00,1.0215,1.039,1.0209,1.0291,4593569.3,2454204.8
2026-03-17 20:00:00,1.0292,1.0438,1.0274,1.0292,3236682.7,1616368.9
2026-03-18 00:00:00,1.0293,1.049,1.02,1.046,4104787.7,2073246.2
2026-03-18 04:00:00,1.046,1.0495,1.0227,1.0282,5292613.5,2281363.6
2026-03-18 08:00:00,1.0282,1.0328,0.996,1.0029,7445160.1,3783792.9
2026-03-18 12:00:00,1.0028,1.0048,0.969,0.9782,12156098.8,5395082
2026-03-18 16:00:00,0.9781,0.9893,0.9715,0.9779,4825821,2337237.8
2026-03-18 20:00:00,0.978,0.9895,0.9664,0.9882,3442105,1736188.3
2026-03-19 00:00:00,0.9882,0.9949,0.9757,0.9882,3054634.1,1503890.2
2026-03-19 04:00:00,0.9881,0.9885,0.9533,0.9628,5852985.6,2603598.1
2026-03-19 08:00:00,0.9628,0.968,0.9562,0.9606,3631436.1,1926621.8
2026-03-19 12:00:00,0.9606,0.9606,0.9374,0.9486,6755685.8,3112578.1
2026-03-19 16:00:00,0.9487,0.9637,0.9378,0.9554,4001592.8,1777498.2
2026-03-19 20:00:00,0.9554,0.9629,0.9547,0.9585,2911657.6,1542956.3
2026-03-20 00:00:00,0.9585,0.9699,0.9583,0.9661,2631955.6,1341264
2026-03-20 04:00:00,0.966,0.9809,0.9615,0.9758,9251552.9,6205827.3
2026-03-20 08:00:00,0.9758,0.9855,0.9659,0.9712,5657304.4,2765138.8
2026-03-20 12:00:00,0.9713,0.9749,0.9543,0.9609,4025567.7,1722402.1
2026-03-20 16:00:00,0.9609,0.9653,0.9487,0.9583,2502174.7,1257988.7
2026-03-20 20:00:00,0.9583,0.9718,0.9518,0.9682,2419624.8,1261609.9
2026-03-21 00:00:00,0.9682,0.9715,0.9634,0.9666,1023173.1,479367.4
2026-03-21 04:00:00,0.9666,0.9717,0.9619,0.9633,1528956.9,825109.1
2026-03-21 08:00:00,0.9633,0.9682,0.9603,0.961,940340,465179.7
2026-03-21 12:00:00,0.961,0.9683,0.959,0.9665,1841615.1,960195.6
2026-03-21 16:00:00,0.9666,0.9666,0.9581,0.9618,1186979,663884.7
2026-03-21 20:00:00,0.9618,0.964,0.9249,0.9326,8121545.3,3319455.7
2026-03-22 00:00:00,0.9325,0.9464,0.9161,0.9389,7765102.7,4045495.5
2026-03-22 04:00:00,0.9389,0.9447,0.9288,0.9294,3317952.1,1501892.9
2026-03-22 08:00:00,0.9294,0.9299,0.9183,0.9188,5242829.7,2710353.6
2026-03-22 12:00:00,0.9188,0.9291,0.9188,0.9258,2709758.4,1357090.8
2026-03-22 16:00:00,0.9258,0.9259,0.9075,0.9107,4411510.4,2317812.8
2026-03-22 20:00:00,0.9107,0.9149,0.8935,0.9053,4635163.3,2158668.3
2026-03-23 00:00:00,0.9054,0.9189,0.8995,0.9092,3745216.3,1774389
2026-03-23 04:00:00,0.9093,0.9179,0.8907,0.8997,5304965.6,2736219
2026-03-23 08:00:00,0.8997,0.9666,0.8918,0.9409,17741439.8,8774089.4
2026-03-23 12:00:00,0.941,0.9714,0.9331,0.9522,12958186.8,6559287.6
2026-03-23 16:00:00,0.9522,0.9667,0.9432,0.956,4533301.3,2054616.2
2026-03-23 20:00:00,0.9559,0.9631,0.9463,0.953,2570860.5,1345238.3
2026-03-24 00:00:00,0.953,0.9557,0.9378,0.9419,3028421.8,1545937.1
2026-03-24 04:00:00,0.9418,0.9593,0.9361,0.9578,3973177.9,1947628.1
2026-03-24 08:00:00,0.9578,0.9616,0.9483,0.954,2502839.2,1236686.4
2026-03-24 12:00:00,0.954,0.9542,0.9297,0.9411,6259292.2,2767088.3
2026-03-24 16:00:00,0.9411,0.9447,0.9285,0.9316,4480063,2016168.4
2026-03-24 20:00:00,0.9315,0.9555,0.9313,0.9527,4548468.5,2330897.9
2026-03-25 00:00:00,0.9527,0.959,0.9442,0.9536,2861042.3,1522318.9
2026-03-25 04:00:00,0.9535,0.9651,0.9517,0.9596,3768794.4,1624092.3
2026-03-25 08:00:00,0.9597,0.9758,0.9587,0.9675,5687431.4,2932287.6
2026-03-25 12:00:00,0.9676,0.9745,0.9504,0.9557,6340086.3,2714726.4
2026-03-25 16:00:00,0.9557,0.968,0.9527,0.9667,3120784.7,1564082.6
2026-03-25 20:00:00,0.9667,0.9747,0.9582,0.9684,3098966.1,1760031.8
2026-03-26 00:00:00,0.9684,0.9702,0.9494,0.9534,2478147.4,1032622.4
2026-03-26 04:00:00,0.9533,0.9533,0.9365,0.9403,2871166,1236046.6
2026-03-26 08:00:00,0.9402,0.9418,0.9212,0.9245,5721346.6,2282001.7
2026-03-26 12:00:00,0.9246,0.9364,0.9103,0.9146,8002050.5,3416929.9
2026-03-26 16:00:00,0.9146,0.9191,0.909,0.915,5141058.4,2401410.3
2026-03-26 20:00:00,0.915,0.9335,0.9135,0.9253,5077847.1,2549174.7
2026-03-27 00:00:00,0.9254,0.933,0.9215,0.9262,2235227.8,1329738.7
2026-03-27 04:00:00,0.9263,0.93,0.9186,0.9221,2891281,1361755.6
2026-03-27 08:00:00,0.9221,0.9244,0.8867,0.895,6122162,2537988.9
2026-03-27 12:00:00,0.895,0.9009,0.8834,0.8904,6310915.7,2983961.2
2026-03-27 16:00:00,0.8904,0.8957,0.8718,0.8736,5729431.4,2787767.5
2026-03-27 20:00:00,0.8737,0.8809,0.87,0.8809,2960266.9,1608324.3
2026-03-28 00:00:00,0.8808,0.8826,0.8708,0.8765,3089280.6,1372710.9
2026-03-28 04:00:00,0.8765,0.8845,0.8739,0.8844,2845217.4,1320202.2
2026-03-28 08:00:00,0.8843,0.889,0.881,0.8836,1903745.4,890095.6
2026-03-28 12:00:00,0.8836,0.8993,0.8804,0.8858,11621688.1,4755770.8
2026-03-28 16:00:00,0.8859,0.8899,0.8815,0.8837,1757354.3,869997.7
2026-03-28 20:00:00,0.8838,0.8876,0.8347,0.8594,10605377.5,4749202.5
2026-03-29 00:00:00,0.8594,0.8714,0.8533,0.8702,3953260.5,1945212.1
2026-03-29 04:00:00,0.8702,0.8708,0.8634,0.8647,2087124.6,1169709.7
2026-03-29 08:00:00,0.8646,0.8656,0.8556,0.8608,2300680.1,1182749
2026-03-29 12:00:00,0.8608,0.8608,0.84,0.8459,5606215.2,2898935.5
2026-03-29 16:00:00,0.8458,0.85,0.8376,0.8387,3891315.7,1363432.8
2026-03-29 20:00:00,0.8387,0.8478,0.8197,0.8468,6581691.6,3270166.2
2026-03-30 00:00:00,0.8469,0.8775,0.8464,0.87,5506831.2,3002908.3
2026-03-30 04:00:00,0.8701,0.8843,0.8693,0.8824,3891073.7,2167339.2
2026-03-30 08:00:00,0.8824,0.8928,0.8757,0.8857,5382476.2,2914468.1
2026-03-30 12:00:00,0.8858,0.8911,0.876,0.8817,5012953,2090124.7
2026-03-30 16:00:00,0.8817,0.8839,0.8563,0.8614,4867521.9,2081825.9
2026-03-30 20:00:00,0.8613,0.872,0.8594,0.8638,2107795,1038108
2026-03-31 00:00:00,0.8639,0.8878,0.8609,0.8746,3199686.2,1714988.2
2026-03-31 04:00:00,0.8747,0.8779,0.867,0.8719,2894766.6,1418868.5
2026-03-31 08:00:00,0.872,0.8734,0.8527,0.8586,4388122.2,1899523.1
2026-03-31 12:00:00,0.8586,0.8778,0.8574,0.8586,4716085,2439724.9
2026-03-31 16:00:00,0.8585,0.889,0.8573,0.8779,5436173.3,2891163.7
2026-03-31 20:00:00,0.8778,0.8816,0.8703,0.8784,2282435,1080178
2026-04-01 00:00:00,0.8783,0.8841,0.872,0.8816,2443975.9,1294119.1
2026-04-01 04:00:00,0.8815,0.9056,0.8782,0.8978,4895376,2667488.8
2026-04-01 08:00:00,0.8979,0.9032,0.8867,0.8918,4648227.5,2014565.2
2026-04-01 12:00:00,0.8917,0.9017,0.8849,0.9015,6264490,2985294.8
2026-04-01 16:00:00,0.9015,0.9147,0.8918,0.8954,4979100.9,2346636.5
2026-04-01 20:00:00,0.8955,0.8971,0.8806,0.8821,2812076.4,1246297.3
2026-04-02 00:00:00,0.882,0.8939,0.8545,0.8589,7527359.1,3559798.3
2026-04-02 04:00:00,0.8588,0.8706,0.8535,0.8637,4053157.6,1997333
2026-04-02 08:00:00,0.8636,0.8636,0.8457,0.8507,4659724.4,2159490.1
2026-04-02 12:00:00,0.8506,0.8657,0.842,0.8585,5345400.4,2585838.9
2026-04-02 16:00:00,0.8584,0.8691,0.8513,0.8605,3896733.5,1948247.3
2026-04-02 20:00:00,0.8606,0.8671,0.8585,0.8611,1816717.3,1010975.9
2026-04-03 00:00:00,0.8612,0.868,0.8571,0.865,1573915.6,826891.3
2026-04-03 04:00:00,0.865,0.877,0.8628,0.8758,2124720,1180789.5
2026-04-03 08:00:00,0.8758,0.8803,0.8722,0.8779,3276957.4,1588720.5
2026-04-03 12:00:00,0.8779,0.8854,0.8654,0.8694,4846263.3,2342881.7
2026-04-03 16:00:00,0.8694,0.8788,0.8691,0.8738,2418682.5,1293315
2026-04-03 20:00:00,0.8737,0.8781,0.8707,0.8739,1611065.8,786003.7
2026-04-04 00:00:00,0.8738,0.8749,0.8644,0.8701,1597923.1,643594.4
2026-04-04 04:00:00,0.87,0.875,0.8689,0.8714,1283089.3,669656.5
2026-04-04 08:00:00,0.8715,0.872,0.8652,0.8719,1069129.9,562796.2
2026-04-04 12:00:00,0.872,0.8732,0.8616,0.8698,2192298.3,1076139.9
2026-04-04 16:00:00,0.8699,0.8762,0.8642,0.8703,2302363.5,1248833
2026-04-04 20:00:00,0.8703,0.8799,0.8665,0.8718,2107912.6,1067425.1
2026-04-05 00:00:00,0.8719,0.8724,0.863,0.8647,1132802.3,549025.8
2026-04-05 04:00:00,0.8647,0.8647,0.8466,0.8519,3778313.9,1409963.1
2026-04-05 08:00:00,0.8518,0.8574,0.849,0.8506,2113825.4,1199711.4
2026-04-05 12:00:00,0.8506,0.8592,0.8414,0.8497,3441469.5,1843811.4
2026-04-05 16:00:00,0.8498,0.8532,0.8456,0.8494,1294202.4,652098.5
2026-04-05 20:00:00,0.8494,0.8727,0.8368,0.8709,5454505.9,2823082.6
2026-04-06 00:00:00,0.871,0.8937,0.871,0.8868,5213995.5,2661181.3
2026-04-06 04:00:00,0.8869,0.8981,0.8796,0.8863,4386485.1,1871292.7
2026-04-06 08:00:00,0.8863,0.9232,0.8849,0.9047,10932536.9,5601771.1
2026-04-06 12:00:00,0.9048,0.9107,0.8946,0.9005,5710563.5,2786566.7
2026-04-06 16:00:00,0.9006,0.9029,0.8882,0.8942,4299979.5,2356368.3
2026-04-06 20:00:00,0.8942,0.8973,0.8692,0.8708,5101858.3,1901571.5
2026-04-07 00:00:00,0.8707,0.8756,0.8632,0.873,3890674.6,1897334.4
2026-04-07 04:00:00,0.8729,0.879,0.8657,0.8732,2980955.8,1721942
2026-04-07 08:00:00,0.8732,0.8863,0.8646,0.867,4095263.4,2034178.8
2026-04-07 12:00:00,0.867,0.8736,0.8588,0.8669,4117704.7,2045359.4
2026-04-07 16:00:00,0.8668,0.8917,0.8634,0.8913,4066503.9,2332631.3
2026-04-07 20:00:00,0.8913,0.9816,0.8905,0.9599,22717638.7,11370322.5
2026-04-08 00:00:00,0.9598,0.9785,0.9528,0.9589,8846206,4283950.5
2026-04-08 04:00:00,0.959,0.9674,0.9491,0.952,5777689.1,2646630
2026-04-08 08:00:00,0.9521,0.955,0.9378,0.9474,3697325,1811694.4
2026-04-08 12:00:00,0.9474,0.9538,0.9203,0.9347,10458398.6,5334863.1
2026-04-08 16:00:00,0.9346,0.9367,0.9165,0.9222,4967517.6,2191742.8
2026-04-08 20:00:00,0.9222,0.9293,0.9112,0.9136,3608182.7,1796008.9
2026-04-09 00:00:00,0.9136,0.914,0.9,0.9091,4233774.8,2212921
2026-04-09 04:00:00,0.909,0.9137,0.9066,0.9089,3024449.9,1743126
2026-04-09 08:00:00,0.9088,0.9165,0.9048,0.9073,2009351.8,820699.9
2026-04-09 12:00:00,0.9072,0.9382,0.9044,0.9323,5318495.5,2850437.6
2026-04-09 16:00:00,0.9324,0.9452,0.9261,0.9406,4991881.8,2384842.6
2026-04-09 20:00:00,0.9407,0.97,0.9274,0.9306,7356700.7,3663686.8
2026-04-10 00:00:00,0.9305,0.9374,0.9225,0.9292,3289571.9,1530028.5
2026-04-10 04:00:00,0.9293,0.9599,0.9273,0.9278,4454615.5,2564646
2026-04-10 08:00:00,0.9279,0.9386,0.9241,0.9349,2516261.6,1341290.7
2026-04-10 12:00:00,0.9348,0.9532,0.9318,0.9453,6127092,3366897.5
2026-04-10 16:00:00,0.9454,0.9625,0.942,0.9589,4426869.5,2396730.3
2026-04-10 20:00:00,0.9589,0.96,0.9425,0.9439,3821097.7,1944421.5
2026-04-11 00:00:00,0.944,0.9449,0.9351,0.937,2631367.4,1148233.1
2026-04-11 04:00:00,0.937,0.9396,0.9296,0.9333,2542081.5,1202592.8
2026-04-11 08:00:00,0.9333,0.9376,0.9319,0.9334,2489570.3,1363282.2
2026-04-11 12:00:00,0.9333,0.9368,0.9272,0.936,2116115.8,1033775.3
2026-04-11 16:00:00,0.9361,0.963,0.9359,0.9624,5749232.4,3055231.5
2026-04-11 20:00:00,0.9624,0.9638,0.9378,0.9415,5325319.5,2359081.7
2026-04-12 00:00:00,0.9416,0.9439,0.9056,0.9123,8969903.2,4127670.2
2026-04-12 04:00:00,0.9123,0.9167,0.9077,0.9126,2819764.1,1369371.7
2026-04-12 08:00:00,0.9126,0.9142,0.9062,0.9111,1646697,796749.2
2026-04-12 12:00:00,0.911,0.9139,0.8969,0.9,4763200.3,2100875.7
2026-04-12 16:00:00,0.9,0.9117,0.8998,0.9065,1906335.2,1169308.9
2026-04-12 20:00:00,0.9066,0.9136,0.8987,0.9012,2541538,1285832.5
2026-04-13 00:00:00,0.9013,0.9115,0.9,0.9067,1469705.5,757960.4
2026-04-13 04:00:00,0.9067,0.9123,0.8998,0.9017,1779136.6,871901.2
2026-04-13 08:00:00,0.9016,0.906,0.8982,0.9041,2075011.5,1101153.9
2026-04-13 12:00:00,0.9042,0.9234,0.9013,0.913,5062119.2,2751376.3
2026-04-13 16:00:00,0.9129,0.9382,0.9078,0.9357,4510674.5,2340522.8
2026-04-13 20:00:00,0.9358,0.9612,0.9266,0.9597,10350607.6,5441614.9
2026-04-14 00:00:00,0.9598,0.9616,0.9453,0.9493,4455668.2,2019325.6
2026-04-14 04:00:00,0.9493,0.9509,0.9391,0.9444,2987059.1,1382212.6
2026-04-14 08:00:00,0.9445,0.9536,0.942,0.9481,2761525.6,1443342.5
2026-04-14 12:00:00,0.9481,0.9632,0.9397,0.9435,7474911.9,3810413.2
2026-04-14 16:00:00,0.9435,0.9492,0.9244,0.9317,3912105.6,1670054.3
2026-04-14 20:00:00,0.9318,0.9347,0.9276,0.9326,2180012.1,1092503.7
2026-04-15 00:00:00,0.9326,0.9443,0.9326,0.9396,2344355.5,1246349
2026-04-15 04:00:00,0.9396,0.9442,0.9261,0.929,2388248,1133799.6
2026-04-15 08:00:00,0.929,0.9489,0.9279,0.9454,2486495.8,1345893.4
2026-04-15 12:00:00,0.9453,0.9545,0.9416,0.9467,4696249.2,2306854.7
2026-04-15 16:00:00,0.9466,0.974,0.9447,0.968,5510693.6,3328693.3
2026-04-15 20:00:00,0.968,0.9737,0.9553,0.9589,4388046.9,1955364.3
2026-04-16 00:00:00,0.959,0.9777,0.9532,0.975,3548989.4,1924104
2026-04-16 04:00:00,0.9749,0.99,0.963,0.9712,6975518,3424197.3
2026-04-16 08:00:00,0.9711,0.9845,0.9638,0.9698,6524549.1,3068499.9
2026-04-16 12:00:00,0.9697,0.9947,0.9527,0.9853,11840512.5,5827517.9
2026-04-16 16:00:00,0.9854,1.0047,0.9705,1.0034,11213181,6488839
2026-04-16 20:00:00,1.0033,1.0137,0.984,1.0006,9648707.4,5160549.9
2026-04-17 00:00:00,1.0005,1.0059,0.982,0.9883,5804051.2,2522849.2
2026-04-17 04:00:00,0.9884,0.9947,0.9744,0.9927,4719906.7,2131283.9
2026-04-17 08:00:00,0.9927,1.0058,0.9834,1.0004,8021957.7,4079171.8
2026-04-17 12:00:00,1.0005,1.0432,0.9963,1.025,17586522.4,8738147.7
2026-04-17 16:00:00,1.0249,1.0349,1.0093,1.0138,5757498.7,2892718.8
2026-04-17 20:00:00,1.0139,1.0177,0.9954,0.9968,3828701.9,1948202.4
2026-04-18 00:00:00,0.9967,1.0023,0.9907,0.9973,4052995,2011901.3
2026-04-18 04:00:00,0.9974,1.0095,0.9949,1.0053,3705827.2,1924524.9
2026-04-18 08:00:00,1.0053,1.0071,0.957,0.9615,11110096,5437474.7
2026-04-18 12:00:00,0.9614,0.972,0.9593,0.967,6185481.1,3396366.5
2026-04-18 16:00:00,0.9669,0.9685,0.9503,0.955,5026844.8,2493187.5
2026-04-18 20:00:00,0.955,0.9642,0.9527,0.9565,3191697.7,1925869.2
2026-04-19 00:00:00,0.9566,0.9582,0.9425,0.9478,4670090.4,2230046.3
2026-04-19 04:00:00,0.9478,0.9516,0.9367,0.9448,4723810,2178585.3
2026-04-19 08:00:00,0.9448,0.9557,0.9393,0.9545,3309295.7,1930043.2
2026-04-19 12:00:00,0.9544,0.9717,0.9465,0.959,7423686.9,4075247
2026-04-19 16:00:00,0.959,0.9601,0.9344,0.9443,5372576.7,2375061.7
2026-04-19 20:00:00,0.9443,0.9443,0.9167,0.9228,6399661.8,2876022.6
2026-04-20 00:00:00,0.9229,0.9406,0.9205,0.9388,4331024.7,2593761.1
2026-04-20 04:00:00,0.9388,0.9543,0.9279,0.9444,4443863.3,2276612.5
2026-04-20 08:00:00,0.9445,0.9468,0.9341,0.9421,6805080.6,3605542
2026-04-20 12:00:00,0.9421,0.9493,0.9305,0.9443,5940333.1,3329005.3
2026-04-20 16:00:00,0.9443,0.9538,0.9387,0.9477,4286976.4,2315513.2
2026-04-20 20:00:00,0.9477,0.9557,0.9415,0.9441,3547581,1903042.7
2026-04-21 00:00:00,0.9441,0.9515,0.9373,0.9419,2637064.8,1450045.7
2026-04-21 04:00:00,0.9418,0.9516,0.9406,0.9485,2491791.9,1339917.6
2026-04-21 08:00:00,0.9484,0.9626,0.9476,0.9555,6409677.2,3464293.8
2026-04-21 12:00:00,0.9556,0.9584,0.9407,0.9465,4790702.5,2536187
2026-04-21 16:00:00,0.9465,0.949,0.9263,0.9295,5693716.6,3022775.5
2026-04-21 20:00:00,0.9295,0.9504,0.9288,0.9494,3561195.9,2013956.3
2026-04-22 00:00:00,0.9495,0.9668,0.9438,0.9619,5581685.8,3346439.3
2026-04-22 04:00:00,0.9619,0.9764,0.956,0.9676,6467062.9,3309494.8
2026-04-22 08:00:00,0.9676,0.9758,0.9654,0.9709,2961443.6,1654317.5
2026-04-22 12:00:00,0.971,0.9759,0.9644,0.9706,5841547.4,3218547.7
2026-04-22 16:00:00,0.9706,0.973,0.953,0.9584,7468119.6,2858821.1
2026-04-22 20:00:00,0.9586,0.9607,0.9434,0.9445,3494336.9,1911907
2026-04-23 00:00:00,0.9445,0.947,0.928,0.9329,5471688.9,2378043.6
2026-04-23 04:00:00,0.9329,0.9453,0.9316,0.9392,3307965.6,1736042.6
2026-04-23 08:00:00,0.9391,0.9427,0.9305,0.9385,3806539.5,1873132.5
2026-04-23 12:00:00,0.9385,0.9544,0.9361,0.9492,4580665.7,2285470.4
2026-04-23 16:00:00,0.9493,0.9497,0.9235,0.9342,4969950.5,2281007.9
2026-04-23 20:00:00,0.9342,0.9477,0.9339,0.9457,2131208,1065837.9
2026-04-24 00:00:00,0.9458,0.9539,0.9384,0.9433,2714178.9,1278733.4
2026-04-24 04:00:00,0.9434,0.9471,0.9368,0.9428,2304926.7,1058679.8
2026-04-24 08:00:00,0.9428,0.952,0.9391,0.9499,2739241.4,1482221.9
2026-04-24 12:00:00,0.95,0.9535,0.9426,0.9527,3255880.9,1484305.8
2026-04-24 16:00:00,0.9529,0.9535,0.946,0.9508,1761688.7,901057.1
2026-04-24 20:00:00,0.9509,0.9558,0.943,0.9458,2072914.9,886161.7
2026-04-25 00:00:00,0.9458,0.9528,0.9435,0.9508,1482111.2,783348.9
2026-04-25 04:00:00,0.9509,0.9531,0.9418,0.9497,2080117.2,1047299.7
2026-04-25 08:00:00,0.9496,0.9546,0.9438,0.9458,1584356.3,769843.2
2026-04-25 12:00:00,0.9459,0.9481,0.9389,0.941,2885025.2,1269668.5
2026-04-25 16:00:00,0.941,0.9439,0.9314,0.9328,5103502.2,2804271.7
2026-04-25 20:00:00,0.9329,0.9395,0.9315,0.9387,1565067.4,737286.1
2026-04-26 00:00:00,0.9387,0.9387,0.9324,0.9352,1471169,676908.7
2026-04-26 04:00:00,0.9352,0.9479,0.9338,0.9479,1882428.4,1038853
2026-04-26 08:00:00,0.9479,0.95,0.9404,0.9481,2842622.3,1315759.4
2026-04-26 12:00:00,0.9481,0.9489,0.9403,0.9468,1788923.3,807853.8
2026-04-26 16:00:00,0.9468,0.95,0.9394,0.946,1565943.1,811236.9
2026-04-26 20:00:00,0.9461,0.9509,0.938,0.9456,2969965.9,1418623.9
2026-04-27 00:00:00,0.9456,0.9612,0.9421,0.9567,3503527.6,1829739.6
2026-04-27 04:00:00,0.9568,0.9637,0.924,0.925,9514924.9,4274562.6
2026-04-27 08:00:00,0.925,0.932,0.9222,0.9296,3632770.5,1659043.2
2026-04-27 12:00:00,0.9296,0.9397,0.9123,0.9212,10034155.1,4926572.7
2026-04-27 16:00:00,0.9211,0.928,0.9185,0.9231,2298878,1160564.2
2026-04-27 20:00:00,0.9231,0.9362,0.9225,0.9356,1922867.8,1058151.6
2026-04-28 00:00:00,0.9356,0.9356,0.9251,0.9301,1872575.6,840054.9
2026-04-28 04:00:00,0.9301,0.936,0.9207,0.9262,3168586.9,1681716.6
2026-04-28 08:00:00,0.9263,0.9325,0.9174,0.9188,2528707.7,1259925.5
2026-04-28 12:00:00,0.9189,0.9265,0.9131,0.9211,4279053,2198897.5
2026-04-28 16:00:00,0.9211,0.9287,0.917,0.9274,2637480.9,1483328.8
2026-04-28 20:00:00,0.9275,0.9292,0.9226,0.9254,1837454.6,809313.6
2026-04-29 00:00:00,0.9255,0.9329,0.9205,0.932,2903605.2,1268165.6
2026-04-29 04:00:00,0.932,0.9379,0.9278,0.9305,3582634.7,1698844.8
2026-04-29 08:00:00,0.9306,0.9373,0.9256,0.9298,3273132.3,1679314.1
2026-04-29 12:00:00,0.9299,0.9301,0.8989,0.902,6366383.9,2711691
2026-04-29 16:00:00,0.9019,0.9103,0.8815,0.8979,8696891.8,4523595.3
2026-04-29 20:00:00,0.898,0.9096,0.8973,0.907,2936311.4,1415735.6
2026-04-30 00:00:00,0.9071,0.9186,0.9057,0.9116,3283579.5,1609462
2026-04-30 04:00:00,0.9117,0.9118,0.8988,0.9099,2044107.5,837159.6
2026-04-30 08:00:00,0.91,0.9131,0.9029,0.9069,2035450,1031361.2
2026-04-30 12:00:00,0.907,0.9109,0.9014,0.9077,2081618.6,1055704.5
2026-04-30 16:00:00,0.9077,0.91,0.9045,0.9072,1591613.4,772918.4
2026-04-30 20:00:00,0.9071,0.909,0.9041,0.9082,1296350.6,657423.4
2026-05-01 00:00:00,0.9083,0.9208,0.9071,0.9163,2528069,1297763.3
2026-05-01 04:00:00,0.9164,0.9199,0.9125,0.9152,2118247.7,895305.9
2026-05-01 08:00:00,0.9152,0.9177,0.9094,0.9143,1361037.9,742019.4
2026-05-01 12:00:00,0.9143,0.9279,0.9129,0.9251,5950376.3,2936174.3
2026-05-01 16:00:00,0.9251,0.9273,0.9215,0.924,2343070.2,1062759
2026-05-01 20:00:00,0.9241,0.9251,0.9162,0.9189,2387929.5,1039105.8
2026-05-02 00:00:00,0.919,0.9234,0.916,0.92,2039089.3,1143751.8
2026-05-02 04:00:00,0.92,0.9207,0.9143,0.9174,1509458,618246.8
2026-05-02 08:00:00,0.9174,0.9206,0.9158,0.9166,1501622.4,633009.2
2026-05-02 12:00:00,0.9166,0.9289,0.9164,0.9269,3017299.6,1559548.5
2026-05-02 16:00:00,0.9269,0.9281,0.9208,0.9268,1712606.1,842315.9
2026-05-02 20:00:00,0.9269,0.934,0.9252,0.9276,2802349.1,1501022.4
2026-05-03 00:00:00,0.9277,0.9282,0.9134,0.9169,1839147.7,698392.7
2026-05-03 04:00:00,0.9168,0.919,0.9117,0.9172,1298346,592198.9
2026-05-03 08:00:00,0.9171,0.9249,0.9161,0.9213,1605608.3,876759.6
2026-05-03 12:00:00,0.9214,0.9306,0.9214,0.9254,3012837.5,1459967.3
2026-05-03 16:00:00,0.9255,0.9271,0.9204,0.9252,1099402.5,504658.4
2026-05-03 20:00:00,0.9251,0.9302,0.9185,0.9201,2315438.5,1099856.8
2026-05-04 00:00:00,0.9201,0.9429,0.9125,0.9414,7133552.8,3357280.5
2026-05-04 04:00:00,0.9415,0.9587,0.9353,0.9405,6642118.9,3252005.6
2026-05-04 08:00:00,0.9405,0.95,0.9194,0.9272,7937362.9,3966780.6
2026-05-04 12:00:00,0.9271,0.9414,0.9224,0.9293,6817313.4,3322814.5
2026-05-04 16:00:00,0.9293,0.9428,0.9241,0.9353,3977045.6,1874247.3
2026-05-04 20:00:00,0.9354,0.9384,0.9277,0.929,1655466.4,752791.8
2026-05-05 00:00:00,0.9291,0.9439,0.9279,0.9413,2683353,1192231.3
2026-05-05 04:00:00,0.9413,0.9504,0.9388,0.9457,2869551.5,1520787.7
2026-05-05 08:00:00,0.9457,0.9559,0.9451,0.9557,4082404.5,2222534.4
2026-05-05 12:00:00,0.9557,0.9823,0.9549,0.9628,10817020.7,5368512.5
2026-05-05 16:00:00,0.9629,0.9678,0.956,0.9622,3837581.5,1841902.6
2026-05-05 20:00:00,0.9621,0.979,0.9618,0.9664,4865515.5,2548865.9
2026-05-06 00:00:00,0.9663,0.9905,0.9627,0.9891,5211270.6,2736771.3
2026-05-06 04:00:00,0.9892,0.9976,0.9772,0.9931,6121231.4,2954689.6
2026-05-06 08:00:00,0.993,1.0341,0.9913,1.0301,13574761.7,7120835.7
2026-05-06 12:00:00,1.0301,1.0336,0.9768,0.9918,22838419.7,10605541
2026-05-06 16:00:00,0.9917,0.9997,0.9855,0.9924,6002965,2804170
2026-05-06 20:00:00,0.9924,1.0024,0.9854,0.9926,3770076.3,1973291.8
2026-05-07 00:00:00,0.9926,0.9944,0.9643,0.969,6604602.7,3165479.1
2026-05-07 04:00:00,0.9691,1.0133,0.9684,1.004,7481566.4,4008770
2026-05-07 08:00:00,1.0038,1.0049,0.9832,0.9932,6416374.8,3140467.5
2026-05-07 12:00:00,0.9932,1.0026,0.9647,0.9723,8818678.5,4349896.2
2026-05-07 16:00:00,0.9723,0.9791,0.9609,0.97,5072440.3,2712951.8
2026-05-07 20:00:00,0.9701,0.9768,0.957,0.9683,4461153.2,1975184.1
2026-05-08 00:00:00,0.9684,0.9708,0.9575,0.9639,3052318.3,1376665.6
2026-05-08 04:00:00,0.9638,0.969,0.958,0.9681,2511163.5,1249198.8
2026-05-08 08:00:00,0.9682,0.985,0.9676,0.9827,7323800,3930013.3
2026-05-08 12:00:00,0.9827,1.015,0.9723,1.0119,10261783.1,5470498.1
2026-05-08 16:00:00,1.0119,1.0365,1.0027,1.0243,12868111.5,7718998.3
2026-05-08 20:00:00,1.0243,1.0296,1.0147,1.0218,4475988,2354863.6
2026-05-09 00:00:00,1.0218,1.106,1.019,1.0832,30587037.6,17498575.3
2026-05-09 04:00:00,1.0832,1.0906,1.0638,1.072,8903816.3,4575648.4
2026-05-09 08:00:00,1.072,1.0791,1.0388,1.0536,13836054.6,7074361
2026-05-09 12:00:00,1.0537,1.0592,1.0436,1.0491,8408409.7,4402475.9
2026-05-09 16:00:00,1.0491,1.0723,1.0447,1.0698,7061201.2,4059120.7
2026-05-09 20:00:00,1.0699,1.0783,1.0636,1.0703,5005517.4,2620248.3
2026-05-10 00:00:00,1.0702,1.1148,1.0644,1.0881,22090812.6,12196485.2
2026-05-10 04:00:00,1.0882,1.0972,1.0716,1.0921,6323321.2,3309499.9
2026-05-10 08:00:00,1.0921,1.1519,1.0912,1.1491,23864203,13483605.6
2026-05-10 12:00:00,1.1492,1.23,1.1201,1.225,28331031.8,16005668.3
2026-05-10 16:00:00,1.225,1.4223,1.2169,1.3845,89336375.1,45730769
2026-05-10 20:00:00,1.3845,1.3898,1.3114,1.3325,53967130.1,25113426.6
2026-05-11 00:00:00,1.3325,1.3517,1.2846,1.3103,41059514.1,20671860.4
2026-05-11 04:00:00,1.3103,1.3197,1.2542,1.2839,33781475.9,15545964.2
2026-05-11 08:00:00,1.2839,1.2872,1.2461,1.2731,16338272,8068848.8
2026-05-11 12:00:00,1.273,1.2969,1.2531,1.2775,20446886.4,10064454.1
2026-05-11 16:00:00,1.2775,1.3285,1.2751,1.3097,18395570.3,8999805.3
2026-05-11 20:00:00,1.3097,1.3158,1.284,1.2909,7228321.6,3467999.9
2026-05-12 00:00:00,1.2909,1.3138,1.268,1.2877,11888298.7,5803983.9
2026-05-12 04:00:00,1.2877,1.31,1.2703,1.2772,11569276.6,5553204.6
2026-05-12 08:00:00,1.2772,1.2838,1.2301,1.2355,14575708.4,6332598.4
2026-05-12 12:00:00,1.2355,1.2794,1.2139,1.2269,17718822.7,8320589.7
2026-05-12 16:00:00,1.2269,1.273,1.2222,1.2564,10662623.4,5272262.9
2026-05-12 20:00:00,1.2563,1.258,1.2339,1.2384,4900996.7,2231512.4
2026-05-13 00:00:00,1.2383,1.259,1.2314,1.2521,6861945.3,3525155.7
2026-05-13 04:00:00,1.2521,1.2659,1.2241,1.2509,8805537.9,4431786.7
2026-05-13 08:00:00,1.251,1.2543,1.2258,1.229,7014638.8,3340775.8
2026-05-13 12:00:00,1.2289,1.2323,1.1776,1.1857,28800516.7,8985559.7
2026-05-13 16:00:00,1.1857,1.2284,1.1848,1.2092,9834617,3981740
2026-05-13 20:00:00,1.2091,1.2121,1.1903,1.2081,3091449.8,1405448.9
2026-05-14 00:00:00,1.2081,1.2183,1.1932,1.1959,4364255.3,2141700.1
2026-05-14 04:00:00,1.1959,1.2269,1.1884,1.1903,7507735.7,3394486.3
2026-05-14 08:00:00,1.1902,1.2091,1.1849,1.1902,5034420.3,2342736.3
2026-05-14 12:00:00,1.1902,1.2305,1.1893,1.2164,12858662.5,6543075.9
2026-05-14 16:00:00,1.2165,1.2256,1.1938,1.2054,10729538.1,5707631.1
2026-05-14 20:00:00,1.2054,1.2076,1.1862,1.1881,6672960,3468316.7
2026-05-15 00:00:00,1.1881,1.1991,1.1633,1.1769,11266554.3,5653126.6
2026-05-15 04:00:00,1.177,1.1802,1.1449,1.1547,20195516.8,10811487.1
2026-05-15 08:00:00,1.1547,1.155,1.1285,1.1321,15906892.6,8821105.4
2026-05-15 12:00:00,1.1321,1.1344,1.06,1.0884,32388434.2,13575176.9
2026-05-15 16:00:00,1.0885,1.11,1.0826,1.1014,8659591.2,4396604.3
2026-05-15 20:00:00,1.1013,1.102,1.0922,1.0997,3203858.5,1522687
2026-05-16 00:00:00,1.0996,1.1073,1.085,1.0933,5527616.7,2227911.6
2026-05-16 04:00:00,1.0934,1.0956,1.0528,1.07,12270182.1,5195051.6
2026-05-16 08:00:00,1.0701,1.0734,1.0364,1.0453,10995659.8,5011161.2
2026-05-16 12:00:00,1.0452,1.0721,1.0429,1.0669,7234624.2,3997669.2
2026-05-16 16:00:00,1.0668,1.072,1.0612,1.064,2316126.8,1126945.6
2026-05-16 20:00:00,1.064,1.0717,1.0603,1.061,1553165.7,722446.1
2026-05-17 00:00:00,1.061,1.0655,1.0466,1.0591,4371387.7,1929902.6
2026-05-17 04:00:00,1.059,1.0858,1.0547,1.0731,9724207.4,5124122.9
2026-05-17 08:00:00,1.0731,1.0897,1.0665,1.0725,8965765.7,5165648.6
2026-05-17 12:00:00,1.0725,1.0738,1.0561,1.066,4662259.6,2371023.6
2026-05-17 16:00:00,1.066,1.0746,1.0566,1.0736,3168787.4,1496238.7
2026-05-17 20:00:00,1.0736,1.0746,1.0108,1.0439,12178528,6495400.7
2026-05-18 00:00:00,1.0438,1.0565,1.0297,1.0435,8237129.5,3779469.9
2026-05-18 04:00:00,1.0434,1.0517,1.0244,1.0357,6912792.9,3141594.5
2026-05-18 08:00:00,1.0357,1.0523,1.0264,1.0442,6031365.1,3211170.6
2026-05-18 12:00:00,1.0442,1.0612,1.0226,1.0318,13852144.5,6961366.6
2026-05-18 16:00:00,1.0319,1.0531,1.0264,1.0518,5390738.2,2657046.8
2026-05-18 20:00:00,1.0518,1.0659,1.0471,1.0645,5171269.4,2682334.5
2026-05-19 00:00:00,1.0646,1.0752,1.0474,1.0595,6342875.1,3083662.7
2026-05-19 04:00:00,1.0595,1.1026,1.0562,1.087,8676079.6,4907047.7
2026-05-19 08:00:00,1.087,1.0872,1.0543,1.0578,7091895.2,3283378
2026-05-19 12:00:00,1.0578,1.0831,1.0475,1.0608,9372335.7,4735780.9
2026-05-19 16:00:00,1.0609,1.0694,1.0541,1.0576,4407357.1,2106101.6
2026-05-19 20:00:00,1.0577,1.0664,1.0486,1.0521,2904067.4,1502907.4
2026-05-20 00:00:00,1.0522,1.0534,1.0288,1.0376,8492330.2,4337254.5
2026-05-20 04:00:00,1.0377,1.0625,1.0329,1.0546,5495443.1,3189549
2026-05-20 08:00:00,1.0546,1.065,1.0473,1.0527,4608186.2,2179459.4
2026-05-20 12:00:00,1.0526,1.08,1.0376,1.0738,12456688,6445714.9
2026-05-20 16:00:00,1.0739,1.0832,1.0642,1.0746,7997176.7,4064294.6
2026-05-20 20:00:00,1.0745,1.08,1.0625,1.08,4567459.3,2472218.9
2026-05-21 00:00:00,1.08,1.1453,1.078,1.1421,27241544,13659543.8
2026-05-21 04:00:00,1.1421,1.1507,1.0985,1.1127,14796340.6,6921565.5
2026-05-21 08:00:00,1.1128,1.1335,1.0861,1.0862,16409697.8,7716538.6
2026-05-21 12:00:00,1.0863,1.1289,1.0781,1.1091,17493041.9,9017557
2026-05-21 16:00:00,1.1091,1.165,1.1044,1.1481,22331746.9,11145426.1
2026-05-21 20:00:00,1.1482,1.1508,1.1096,1.1243,10438076.6,5033256.7
2026-05-22 00:00:00,1.1244,1.1256,1.0878,1.1088,13936993.2,6834679.3
2026-05-22 04:00:00,1.1089,1.1245,1.0946,1.103,11279520.9,5495074.8
2026-05-22 08:00:00,1.103,1.1268,1.0961,1.1101,15269875.6,7379552.3
2026-05-22 12:00:00,1.1101,1.1329,1.0863,1.0984,20715755.4,10496176.6
2026-05-22 16:00:00,1.0983,1.1031,1.0517,1.0565,21294984.3,10015985.4
2026-05-22 20:00:00,1.0565,1.0671,1.0411,1.0484,10290100.5,5226706.7
2026-05-23 00:00:00,1.0485,1.0509,1.035,1.0444,11365513,5031712.8
2026-05-23 04:00:00,1.0443,1.0444,0.9817,0.9959,17660428.9,7323077.9
2026-05-23 08:00:00,0.9958,1.0083,0.9929,1.0031,13499972.2,6235334
2026-05-23 12:00:00,1.003,1.0492,1.0002,1.0393,16054541.4,9012441.4
2026-05-23 16:00:00,1.0393,1.0616,1.0341,1.0551,11419206.1,5703467.7
2026-05-23 20:00:00,1.0552,1.102,1.0509,1.0673,28665615,11507264.1
2026-05-24 00:00:00,1.0673,1.0749,1.0581,1.0626,6948733.2,3301824.8
2026-05-24 04:00:00,1.0627,1.0691,1.0529,1.0572,6752577.3,3319424.8
2026-05-24 08:00:00,1.0572,1.0709,1.0552,1.0654,8076960.8,4111090.7
2026-05-24 12:00:00,1.0654,1.0656,1.0312,1.0437,11894282.1,5079604.7
2026-05-24 16:00:00,1.0437,1.0498,1.0369,1.0395,5957438.9,2616696.5
2026-05-24 20:00:00,1.0395,1.0407,1.0042,1.0328,21875075.5,11901791.2
2026-05-25 00:00:00,1.0329,1.0386,1.0198,1.0225,5784377.5,2475087.3
2026-05-25 04:00:00,1.0225,1.0504,1.0208,1.0404,7762909.1,4031973.8
2026-05-25 08:00:00,1.0403,1.0499,1.0367,1.0441,7127405.3,3257329.1
2026-05-25 12:00:00,1.0442,1.0601,1.0416,1.0501,9707723.7,4485468
2026-05-25 16:00:00,1.0501,1.064,1.0475,1.0542,6351020.3,2868459
2026-05-25 20:00:00,1.0541,1.0593,1.033,1.043,8623014.5,3813220.3
2026-05-26 00:00:00,1.043,1.0452,1.0167,1.0249,9203934.7,4008631.2
2026-05-26 04:00:00,1.0249,1.0472,1.0229,1.0325,8573079.3,3959912.3
2026-05-26 08:00:00,1.0325,1.0539,1.0294,1.0435,10406229.7,5257058.3
2026-05-26 12:00:00,1.0436,1.058,1.0188,1.0287,19697328,9594019.5
2026-05-26 16:00:00,1.0287,1.0291,1.0016,1.007,15503962,7149920.4
2026-05-26 20:00:00,1.007,1.0105,0.9982,1.0007,7990200.5,3559099.1
2026-05-27 00:00:00,1.0008,1.0145,0.9937,0.9985,9004354.5,3833273.7
2026-05-27 04:00:00,0.9985,1.0082,0.9844,1.0049,8788490.1,4031660.3
2026-05-27 08:00:00,1.0049,1.0077,0.9921,0.9994,6716478.1,2830581.5
2026-05-27 12:00:00,0.9995,1.0158,0.9858,1.005,15993408.1,7694699.7
2026-05-27 16:00:00,1.005,1.0087,0.9688,0.9821,17250662.4,7742158.8
2026-05-27 20:00:00,0.9821,0.9879,0.9539,0.96,11286724.6,5078833.9
2026-05-28 00:00:00,0.9599,0.9627,0.9204,0.9221,17460537.7,7999945.6
2026-05-28 04:00:00,0.9221,0.9274,0.9068,0.9247,18050664.3,9203323.8
2026-05-28 08:00:00,0.9248,0.9252,0.9104,0.9128,8587004.2,3715311.1
2026-05-28 12:00:00,0.9128,0.9252,0.9027,0.9179,13358761.7,6727111.4
2026-05-28 16:00:00,0.9178,0.9463,0.9129,0.9272,8492758.7,4244992
2026-05-28 20:00:00,0.9272,0.9374,0.9223,0.9295,7414036.8,3847137.4
2026-05-29 00:00:00,0.9295,0.9361,0.9189,0.9195,6894449.5,3286701.5
2026-05-29 04:00:00,0.9195,0.9331,0.9139,0.9208,7833532,4035664.7
2026-05-29 08:00:00,0.9207,0.9291,0.8968,0.9103,8412190.7,3882238.6
2026-05-29 12:00:00,0.9103,0.9387,0.8922,0.9239,17562523.5,9317961
2026-05-29 16:00:00,0.924,0.93,0.8948,0.9047,11590787.8,5388093
2026-05-29 20:00:00,0.9047,0.9084,0.8947,0.905,7436330.5,3044406.5
2026-05-30 00:00:00,0.9051,0.9199,0.9028,0.9063,4958552.7,2442906
2026-05-30 04:00:00,0.9063,0.9095,0.8919,0.9017,4122295.1,1696362.9
2026-05-30 08:00:00,0.9017,0.9037,0.895,0.8993,3323372.2,1583640.3
2026-05-30 12:00:00,0.8993,0.9138,0.8964,0.9096,4328542.4,2277345.8
2026-05-30 16:00:00,0.9096,0.9158,0.9043,0.91,2750693.8,1463329.4
2026-05-30 20:00:00,0.91,0.9162,0.9012,0.9084,2681287.4,1225456.1
2026-05-31 00:00:00,0.9085,0.9254,0.9085,0.9155,4264255.8,2171279.6
2026-05-31 04:00:00,0.9154,0.9211,0.8989,0.9039,3138603.9,1348100.2
2026-05-31 08:00:00,0.9039,0.9099,0.8997,0.9013,3703787.3,1790959
2026-05-31 12:00:00,0.9012,0.9068,0.85,0.8794,18774823.4,7996753.3
2026-05-31 16:00:00,0.8794,0.8805,0.8668,0.8767,7670972.6,3363106.3
2026-05-31 20:00:00,0.8768,0.9035,0.8768,0.8954,4671847.7,2449652.9
2026-06-01 00:00:00,0.8954,0.9024,0.8798,0.8991,5696107.6,2901889.8
2026-06-01 04:00:00,0.8991,0.9036,0.8719,0.8746,7748445.2,3538112.8
2026-06-01 08:00:00,0.8746,0.8841,0.8718,0.8775,7361134.5,3432156.8
2026-06-01 12:00:00,0.8775,0.897,0.8568,0.8629,20567810.2,10063429.5
2026-06-01 16:00:00,0.8628,0.8865,0.8584,0.8783,11383376.8,6568775.3
2026-06-01 20:00:00,0.8783,0.8832,0.8652,0.8794,7434574,3995588.7
2026-06-02 00:00:00,0.8795,0.8805,0.8527,0.8756,10971464.7,5734788.8
2026-06-02 04:00:00,0.8756,0.878,0.8463,0.8526,14810339.5,7878473.9
2026-06-02 08:00:00,0.8526,0.8543,0.8365,0.8462,8762670.2,4363534.9
2026-06-02 12:00:00,0.8462,0.8552,0.81,0.8222,26290677.7,13596474.9
2026-06-02 16:00:00,0.8222,0.8409,0.8076,0.8251,14572558.7,7418625.1
2026-06-02 20:00:00,0.8252,0.8363,0.7904,0.8085,20329109.2,9785281.6
2026-06-03 00:00:00,0.8085,0.8212,0.791,0.7964,14685043.7,6598132.1
2026-06-03 04:00:00,0.7964,0.8423,0.7961,0.8371,14537525.5,7834488.8
2026-06-03 08:00:00,0.8371,0.8411,0.8271,0.8293,8990665.5,4753221.7
2026-06-03 12:00:00,0.8294,0.8377,0.8182,0.826,12557497.3,6220839.1
2026-06-03 16:00:00,0.8261,0.8322,0.8078,0.8134,14386825.2,6905920.9
2026-06-03 20:00:00,0.8133,0.844,0.8002,0.8247,27896312.3,11954716
2026-06-04 00:00:00,0.8246,0.8307,0.7477,0.8138,43850640.9,21480993.9
2026-06-04 04:00:00,0.8138,0.8204,0.7848,0.7856,15271582.1,7473961.8
2026-06-04 08:00:00,0.7856,0.7912,0.758,0.7678,28952937.3,13793777.2
2026-06-04 12:00:00,0.7678,0.8071,0.7617,0.7938,22686274.7,13054178.9
2026-06-04 16:00:00,0.7937,0.7943,0.7719,0.7819,11904348.2,6142460.2
2026-06-04 20:00:00,0.7818,0.7841,0.758,0.7666,18077837.9,8918752.4
2026-06-05 00:00:00,0.7666,0.7687,0.7289,0.7307,20816692,9737172.1
2026-06-05 04:00:00,0.7307,0.748,0.6799,0.7126,54767816.6,30876866.8
2026-06-05 08:00:00,0.7126,0.7232,0.6957,0.7096,13968457.9,6827853
2026-06-05 12:00:00,0.7096,0.7281,0.6881,0.6941,25071027.8,12038255.6
2026-06-05 16:00:00,0.694,0.7217,0.6706,0.6953,29474365.1,14529452
2026-06-05 20:00:00,0.6953,0.72,0.687,0.7033,15709057.9,7760541.9
2026-06-06 00:00:00,0.7033,0.7307,0.6914,0.696,12431274.8,6136607.3
2026-06-06 04:00:00,0.696,0.7079,0.6618,0.7032,20248790.5,10210780
2026-06-06 08:00:00,0.7032,0.7195,0.6869,0.7023,11382689.2,5807630.8
2026-06-06 12:00:00,0.7024,0.731,0.697,0.7157,14321326.9,7624748.9
2026-06-06 16:00:00,0.7156,0.7211,0.703,0.7048,6762615.2,3232313.9
2026-06-06 20:00:00,0.7048,0.7211,0.701,0.7181,4978921.2,2584218.9
2026-06-07 00:00:00,0.7182,0.758,0.7166,0.753,16582454.9,9300500
2026-06-07 04:00:00,0.7529,0.758,0.7425,0.7529,16114952.1,7968825.3
2026-06-07 08:00:00,0.7528,0.7657,0.7459,0.7507,17904571.1,9267744.4
2026-06-07 12:00:00,0.7508,0.7563,0.729,0.7452,12357368.1,5597854.8
2026-06-07 16:00:00,0.7452,0.752,0.728,0.7314,8796355.2,3709135.4
2026-06-07 20:00:00,0.7314,0.7807,0.7287,0.7587,15845729.9,8536071.6
2026-06-08 00:00:00,0.7586,0.767,0.7474,0.7518,10745435.6,5305794.7
2026-06-08 04:00:00,0.7519,0.7611,0.7286,0.7608,12685570.4,5229053.6
2026-06-08 08:00:00,0.7608,0.7646,0.7462,0.758,10160601.4,4869215.2
2026-06-08 12:00:00,0.7581,0.7736,0.7502,0.7629,11874013.6,5862375
2026-06-08 16:00:00,0.763,0.7713,0.7571,0.7597,7195866.6,2817224.8
2026-06-08 20:00:00,0.7598,0.7692,0.7527,0.7555,5755970.8,2199058.8
2026-06-09 00:00:00,0.7553,0.7568,0.7291,0.7457,8520930.6,3820306.6
2026-06-09 04:00:00,0.7456,0.7625,0.7428,0.7545,7002115.2,3492019.8
2026-06-09 08:00:00,0.7546,0.7551,0.7413,0.7538,5681175.5,2711362.4
2026-06-09 12:00:00,0.7537,0.7601,0.7327,0.7358,9352788.9,4385783.3
2026-06-09 16:00:00,0.7357,0.7573,0.7309,0.7535,12709796,4936693.5
2026-06-09 20:00:00,0.7535,0.76,0.7444,0.7495,3403682.4,1632506
2026-06-10 00:00:00,0.7495,0.7573,0.7388,0.7446,3303878,1360734.8
2026-06-10 04:00:00,0.7445,0.753,0.7355,0.7491,3815888.1,1521733.7
2026-06-10 08:00:00,0.7492,0.7492,0.7319,0.7382,5573902.1,2685063.1
2026-06-10 12:00:00,0.7383,0.7618,0.7357,0.7556,9496672.8,4783755
2026-06-10 16:00:00,0.7557,0.7582,0.7313,0.7333,6658467.4,3055912.6
2026-06-10 20:00:00,0.7332,0.737,0.7141,0.7266,7591986.2,3465768.7
2026-06-11 00:00:00,0.7266,0.7617,0.7266,0.7554,5545913.7,3089638.7
2026-06-11 04:00:00,0.7554,0.7585,0.7457,0.7486,4890949.3,2612430.2
2026-06-11 08:00:00,0.7487,0.7566,0.7461,0.7536,5406656.5,2851311.8
2026-06-11 12:00:00,0.7535,0.7539,0.7422,0.7511,6412251.9,3191043.8
2026-06-11 16:00:00,0.7512,0.7699,0.7437,0.7633,10938339.7,4956570.9
2026-06-11 20:00:00,0.7633,0.7662,0.7536,0.7551,5423878.4,2624487.7
2026-06-12 00:00:00,0.755,0.7598,0.7476,0.7577,4119004.7,2248415.9
2026-06-12 04:00:00,0.7578,0.7615,0.7453,0.7515,4617972.7,1820490.9
2026-06-12 08:00:00,0.7516,0.7631,0.7516,0.7574,7811210.9,2595403.8
2026-06-12 12:00:00,0.7574,0.7708,0.7473,0.7477,10748441.8,5021739.1
2026-06-12 16:00:00,0.7477,0.7597,0.7454,0.7485,4483196.2,2098566.1
2026-06-12 20:00:00,0.7485,0.7518,0.746,0.7511,2348619.8,1064698.4
2026-06-13 00:00:00,0.7511,0.7584,0.7484,0.7509,1977851.6,1009115.6
2026-06-13 04:00:00,0.7509,0.767,0.7477,0.7622,4153421.9,1957309.8
2026-06-13 08:00:00,0.7621,0.7704,0.7605,0.7694,6058996.1,3065483.6
2026-06-13 12:00:00,0.7694,0.7771,0.7662,0.774,7146895.7,3673815.3
2026-06-13 16:00:00,0.774,0.7744,0.763,0.7659,5010773.3,1973393.6
2026-06-13 20:00:00,0.7658,0.7748,0.7625,0.7684,3263695.1,1647318.3
2026-06-14 00:00:00,0.7683,0.7707,0.7635,0.7688,3695646.9,2143173.9
2026-06-14 04:00:00,0.7688,0.7695,0.7566,0.759,2703690,1087705.1
2026-06-14 08:00:00,0.7591,0.762,0.7553,0.7592,2265314.6,881169.6
2026-06-14 12:00:00,0.7593,0.7608,0.7447,0.7486,4051034.5,1817022.6
2026-06-14 16:00:00,0.7485,0.7528,0.7467,0.7495,1913333.6,996286.7
2026-06-14 20:00:00,0.7496,0.8035,0.7478,0.8031,13688970.4,8098303.4
2026-06-15 00:00:00,0.8031,0.8046,0.7852,0.7997,8303978.9,3958593.5
2026-06-15 04:00:00,0.7996,0.8049,0.7933,0.7941,6408459.5,3019799.6
2026-06-15 08:00:00,0.7942,0.8169,0.7888,0.8088,10215910,5298214.2
2026-06-15 12:00:00,0.8089,0.8287,0.8071,0.8246,13825634.3,7272246.7
2026-06-15 16:00:00,0.8245,0.8277,0.7956,0.8035,9353749.5,5142989.5
2026-06-15 20:00:00,0.8034,0.806,0.7876,0.7936,5169836.5,2227240.3
2026-06-16 00:00:00,0.7936,0.7965,0.7771,0.7877,4750553.5,2241894.6
2026-06-16 04:00:00,0.7877,0.7924,0.7804,0.7909,4787322.7,2031816.2
2026-06-16 08:00:00,0.7909,0.8104,0.7906,0.7953,6321703.9,3106606.3
2026-06-16 12:00:00,0.7954,0.8047,0.7722,0.7841,8532136.5,3574937.7
2026-06-16 16:00:00,0.7841,0.7987,0.7814,0.793,5599733.4,2491656.7
2026-06-16 20:00:00,0.793,0.8068,0.7911,0.7966,4468698.6,2088211.5
2026-06-17 00:00:00,0.7966,0.8195,0.7966,0.8073,4554506.1,2408407.2
2026-06-17 04:00:00,0.8073,0.8132,0.797,0.8001,4428267.4,2338071.3
2026-06-17 08:00:00,0.8002,0.8007,0.7835,0.7863,4057690.7,2029473.3
2026-06-17 12:00:00,0.7863,0.8057,0.7813,0.8054,5962319.7,3011244.9
2026-06-17 16:00:00,0.8053,0.8111,0.7711,0.7738,12438656.7,5775255.6
2026-06-17 20:00:00,0.7738,0.7806,0.757,0.7673,6841594.8,3318301.5
2026-06-18 00:00:00,0.7673,0.7726,0.7584,0.7632,5046809.6,2514349.8
2026-06-18 04:00:00,0.7633,0.7638,0.7386,0.7526,8775798.2,4145112.3
2026-06-18 08:00:00,0.7527,0.7563,0.7447,0.7466,3456264.7,1692859.5
2026-06-18 12:00:00,0.7467,0.7518,0.7094,0.7094,13683665.4,7770465.2
2026-06-18 16:00:00,0.7093,0.7236,0.7074,0.7203,10424546,6285985.7
2026-06-18 20:00:00,0.7203,0.73,0.7193,0.7296,5074241.5,2656546.8
2026-06-19 00:00:00,0.7297,0.7326,0.7118,0.719,4924446.5,2187488.5
2026-06-19 04:00:00,0.7191,0.7215,0.707,0.7116,4323944.9,2237513.2
2026-06-19 08:00:00,0.7116,0.7163,0.7078,0.7108,4353664.9,1897876
2026-06-19 12:00:00,0.7108,0.7208,0.7015,0.7139,6258247.1,3196251.8
2026-06-19 16:00:00,0.7139,0.717,0.7067,0.7091,3671279.9,1593834.8
2026-06-19 20:00:00,0.7092,0.7185,0.7071,0.7166,2738488.6,1711810.9
2026-06-20 00:00:00,0.7165,0.7196,0.7077,0.7105,2068001.9,1024581.9
2026-06-20 04:00:00,0.7106,0.7218,0.7095,0.7178,3650136.2,1916266.2
2026-06-20 08:00:00,0.7179,0.7227,0.7148,0.7174,2979150.4,1433202.3
2026-06-20 12:00:00,0.7174,0.7204,0.6969,0.7102,12813271.3,6055401.3
2026-06-20 16:00:00,0.7103,0.7105,0.6992,0.7053,5206650.4,2198079.1
2026-06-20 20:00:00,0.7054,0.7166,0.7034,0.714,4136063.8,2390075.6
2026-06-21 00:00:00,0.7141,0.7144,0.7085,0.7118,2241249,1254730.4
2026-06-21 04:00:00,0.7119,0.7133,0.7047,0.7109,4014737.6,1997316.9
2026-06-21 08:00:00,0.7109,0.7138,0.7032,0.7052,4119547.9,2117864.3
2026-06-21 12:00:00,0.7053,0.715,0.7034,0.7137,4212510.3,2430346.4
2026-06-21 16:00:00,0.7136,0.7144,0.7056,0.7116,2546215.1,1176273.2
2026-06-21 20:00:00,0.7116,0.7125,0.6888,0.6934,9071433.1,4215047.1
2026-06-22 00:00:00,0.6935,0.7146,0.6935,0.6997,7925221.8,4536653.7
2026-06-22 04:00:00,0.6998,0.7126,0.6981,0.7106,2598497.2,1415195.6
2026-06-22 08:00:00,0.7107,0.7391,0.7087,0.7387,7512836.5,3947098.1
2026-06-22 12:00:00,0.7388,0.7449,0.7213,0.723,13587056.7,7250810.1
2026-06-22 16:00:00,0.723,0.7246,0.7122,0.7195,5722416.7,2518369.7
2026-06-22 20:00:00,0.7194,0.7297,0.7129,0.7198,3232625.2,1528234.1
2026-06-23 00:00:00,0.7197,0.7289,0.7123,0.7288,4006049.1,2165288.2
2026-06-23 04:00:00,0.7287,0.7294,0.677,0.6868,14931837.7,6820007.7
2026-06-23 08:00:00,0.6869,0.7118,0.673,0.7106,12356635.6,6378502.7
2026-06-23 12:00:00,0.7106,0.7129,0.6979,0.7035,8066188.1,3503427.3
2026-06-23 16:00:00,0.7036,0.7111,0.6935,0.6981,3703456.9,1877005.1
2026-06-23 20:00:00,0.6981,0.7069,0.6973,0.7042,2390155.3,1343868.6
2026-06-24 00:00:00,0.7043,0.7112,0.6953,0.6983,3615411,1847624.4
2026-06-24 04:00:00,0.6983,0.7098,0.6923,0.7009,3562343.4,1882229.7
2026-06-24 08:00:00,0.701,0.7105,0.6951,0.7015,3745362.8,1730947
2026-06-24 12:00:00,0.7015,0.7034,0.6721,0.6747,11431039.1,5655990.1
2026-06-24 16:00:00,0.6746,0.6822,0.6526,0.6739,19906100,8965638.9
2026-06-24 20:00:00,0.6739,0.6914,0.6735,0.6856,5740028.4,3106075.8
2026-06-25 00:00:00,0.6857,0.687,0.6762,0.6803,2157473.2,1133603.8
2026-06-25 04:00:00,0.6803,0.7019,0.6786,0.7012,5449432.7,2978445.2
2026-06-25 08:00:00,0.7012,0.7014,0.6871,0.6892,4926106.4,2166668.4
2026-06-25 12:00:00,0.6892,0.6995,0.6514,0.6769,23951862,11846937.4
2026-06-25 16:00:00,0.6769,0.6924,0.669,0.6733,8228334.8,4136100.8
2026-06-25 20:00:00,0.6733,0.6856,0.6713,0.6839,3763507,2130641.2
2026-06-26 00:00:00,0.684,0.6875,0.6586,0.6789,7678669.5,3717948.7
2026-06-26 04:00:00,0.6788,0.6998,0.6759,0.6961,5497331.1,2924652.7
2026-06-26 08:00:00,0.6962,0.6977,0.6726,0.6755,6435236.1,2940610.1
2026-06-26 12:00:00,0.6756,0.6967,0.6678,0.692,10245785.8,5348006.8
2026-06-26 16:00:00,0.6921,0.7034,0.6868,0.696,7149076.6,3750253.7
2026-06-26 20:00:00,0.696,0.7042,0.6932,0.6982,3370427.2,1479246.7
2026-06-27 00:00:00,0.6983,0.7104,0.6949,0.708,4743829.2,2400763.9
2026-06-27 04:00:00,0.708,0.7179,0.7064,0.71,6904314.6,3262222.7
2026-06-27 08:00:00,0.71,0.7101,0.6953,0.7005,4735647.9,2140099.4
2026-06-27 12:00:00,0.7004,0.715,0.6984,0.7106,4220987.3,2289378.2
2026-06-27 16:00:00,0.7106,0.7123,0.6842,0.6856,6456348.7,2861964
2026-06-27 20:00:00,0.6856,0.6893,0.6783,0.6845,4405403.7,2241108.1
2026-06-28 00:00:00,0.6845,0.6877,0.6805,0.6842,1628113.4,767373.9
2026-06-28 04:00:00,0.6842,0.6862,0.6774,0.6855,2325387.7,1196619.9
2026-06-28 08:00:00,0.6855,0.6899,0.6818,0.6885,2770867.3,1427539.8
2026-06-28 12:00:00,0.6886,0.6917,0.683,0.6873,2601856.2,1152743.4
2026-06-28 16:00:00,0.6874,0.6877,0.676,0.6793,2806928,1166160.2
2026-06-28 20:00:00,0.6793,0.6869,0.6707,0.6814,3554895,1792700.2
2026-06-29 00:00:00,0.6814,0.6944,0.6723,0.6916,4548657.8,2395758.1
2026-06-29 04:00:00,0.6915,0.6972,0.6795,0.6962,2990763.7,1391381.9
2026-06-29 08:00:00,0.6961,0.6981,0.6864,0.6896,4590049.1,2253202.6
2026-06-29 12:00:00,0.6897,0.7015,0.6832,0.6934,7975883.5,4061209.8
2026-06-29 16:00:00,0.6935,0.7085,0.6894,0.7052,4647865.2,2610135.9
2026-06-29 20:00:00,0.7052,0.7071,0.6983,0.7027,2738449.8,1261290.2
2026-06-30 00:00:00,0.7027,0.7034,0.69,0.6954,4764328.8,2658986.9
2026-06-30 04:00:00,0.6954,0.6987,0.691,0.6974,6053311.3,2680201.5
2026-06-30 08:00:00,0.6974,0.6978,0.6878,0.6891,4828464.8,2104481.2
2026-06-30 12:00:00,0.6891,0.6957,0.6772,0.6904,7731842.5,3957744.5
2026-06-30 16:00:00,0.6905,0.6985,0.6857,0.6961,2404062.6,1221381
2026-06-30 20:00:00,0.6961,0.6972,0.6886,0.6906,1676477,777868.4
2026-07-01 00:00:00,0.6907,0.7086,0.6778,0.7078,9398789.8,5184159.9
2026-07-01 04:00:00,0.7078,0.7086,0.6933,0.6971,4322445.6,2044637.3
2026-07-01 08:00:00,0.697,0.7063,0.692,0.6993,3758696.3,1866355.9
2026-07-01 12:00:00,0.6993,0.7222,0.6941,0.7158,7005436.6,3864083.9
2026-07-01 16:00:00,0.7158,0.7218,0.7076,0.7122,3478764.4,1678843.6
2026-07-01 20:00:00,0.7123,0.7302,0.7099,0.7156,5548170.6,2675676.7
2026-07-02 00:00:00,0.7157,0.7327,0.7102,0.7322,4325955.8,2078727.9
2026-07-02 04:00:00,0.7321,0.7388,0.7234,0.7272,4344245.2,2073058.9
2026-07-02 08:00:00,0.7272,0.7466,0.726,0.7412,6153231.8,3497984.2
2026-07-02 12:00:00,0.7411,0.7536,0.7354,0.7405,8405085.4,4283377.7
2026-07-02 16:00:00,0.7405,0.7423,0.7336,0.7366,3980996.6,1637799.9
2026-07-02 20:00:00,0.7365,0.7376,0.7295,0.7354,3184085.8,1523645.6
2026-07-03 00:00:00,0.7354,0.7451,0.7288,0.7439,5542696.4,2496662.4
2026-07-03 04:00:00,0.744,0.7449,0.7374,0.7415,4365064.9,2123880.7
2026-07-03 08:00:00,0.7415,0.753,0.7387,0.7511,5537691.5,3000680.3
2026-07-03 12:00:00,0.7512,0.76,0.7479,0.7527,5709225.6,2707133.8
2026-07-03 16:00:00,0.7526,0.7744,0.7497,0.7691,5988199,3054402.5
2026-07-03 20:00:00,0.7691,0.7797,0.7665,0.7692,4535847.1,2197153.7
2026-07-04 00:00:00,0.7693,0.7736,0.7559,0.7605,3302556.2,1407531.5
2026-07-04 04:00:00,0.7604,0.7671,0.7536,0.7587,2504328.8,1083691.1
2026-07-04 08:00:00,0.7587,0.7602,0.7511,0.757,1941935.1,940817
2026-07-04 12:00:00,0.7569,0.7757,0.7568,0.7721,4578373.9,2765589.2
2026-07-04 16:00:00,0.7721,0.7828,0.7643,0.7709,4513389.5,2235435.5
2026-07-04 20:00:00,0.7709,0.7791,0.761,0.762,3194682.8,1603568.3
2026-07-05 00:00:00,0.7621,0.7625,0.7372,0.7422,6077402.9,2643167
2026-07-05 04:00:00,0.7422,0.7466,0.7412,0.7453,3809514.3,1957606.2
2026-07-05 08:00:00,0.7453,0.7475,0.7374,0.7431,2429371,1064579.2
2026-07-05 12:00:00,0.743,0.7595,0.7405,0.7532,3257528,1409204.1
2026-07-05 16:00:00,0.7532,0.759,0.7517,0.755,2356503.9,1278093.2
2026-07-05 20:00:00,0.755,0.7665,0.7515,0.7567,3672473.4,1963509.8
2026-07-06 00:00:00,0.7567,0.7618,0.7471,0.7489,2530774.8,1299679.3
2026-07-06 04:00:00,0.7489,0.7494,0.7339,0.7413,4351857,2223080.3
2026-07-06 08:00:00,0.7412,0.7448,0.7362,0.7379,2355025.1,990513
2026-07-06 12:00:00,0.738,0.7446,0.72,0.744,11971362.5,6081484.5
2026-07-06 16:00:00,0.7441,0.75,0.7406,0.7491,4613714.1,2278544.2
2026-07-06 20:00:00,0.7492,0.768,0.7463,0.7498,5573174.7,2691543.8
2026-07-07 00:00:00,0.7498,0.7546,0.7332,0.7353,2933650.1,1239086.7
2026-07-07 04:00:00,0.7353,0.7434,0.7294,0.7378,2398564.8,1250321.6
2026-07-07 08:00:00,0.7378,0.7468,0.7364,0.7401,3185829.3,2010038.9
2026-07-07 12:00:00,0.7401,0.7455,0.7293,0.7425,3923564.6,1872605.6
2026-07-07 16:00:00,0.7426,0.7512,0.7296,0.7377,4740199,2313431.3
2026-07-07 20:00:00,0.7378,0.7387,0.7195,0.7279,5029956.8,2146754.9
2026-07-08 00:00:00,0.728,0.7336,0.7091,0.7144,5813317.9,2381984.3
2026-07-08 04:00:00,0.7145,0.7192,0.7114,0.7181,2488550.2,1421156.2
2026-07-08 08:00:00,0.7183,0.7198,0.6993,0.7076,7941676,3617394.3
2026-07-08 12:00:00,0.7077,0.7096,0.6964,0.6994,5138703.1,2351587.5
2026-07-08 16:00:00,0.6994,0.7137,0.6988,0.7128,4341699.8,2524467.7
2026-07-08 20:00:00,0.7129,0.7136,0.7062,0.7111,1816852.9,873403.1
2026-07-09 00:00:00,0.7111,0.7223,0.7077,0.719,3785272.5,1856963.6
2026-07-09 04:00:00,0.7189,0.7326,0.7187,0.7248,3341484.3,1840286
2026-07-09 08:00:00,0.7248,0.7279,0.7192,0.7231,1625413.4,775615.2
2026-07-09 12:00:00,0.7231,0.7235,0.7151,0.717,4226644,2094571.8
2026-07-09 16:00:00,0.717,0.7236,0.7147,0.7192,1851183.6,1057856.4
2026-07-09 20:00:00,0.7191,0.7211,0.7149,0.7171,1117016.1,556779.6
2026-07-10 00:00:00,0.7172,0.7291,0.712,0.7257,3000835.8,1651761.9
2026-07-10 04:00:00,0.7257,0.7273,0.7217,0.7227,1360650.5,674622.6
2026-07-10 08:00:00,0.7227,0.75,0.7225,0.7381,7281032.1,3716218.2
2026-07-10 12:00:00,0.7381,0.7465,0.7294,0.7368,6547043.5,3172446.7
2026-07-10 16:00:00,0.7368,0.74,0.7306,0.7371,2473996.3,1162272.1
2026-07-10 20:00:00,0.7371,0.7421,0.7337,0.7389,1294982.2,759873.2
2026-07-11 00:00:00,0.739,0.7454,0.7318,0.7429,1917542.4,962168.8
2026-07-11 04:00:00,0.743,0.7548,0.739,0.7441,4327842.7,2623381.4
2026-07-11 08:00:00,0.744,0.7472,0.7379,0.743,3645992.5,1614652.2
2026-07-11 12:00:00,0.743,0.7521,0.7398,0.743,3381001,1777586.8
2026-07-11 16:00:00,0.743,0.7508,0.7401,0.7474,2738420.9,1649848.7
2026-07-11 20:00:00,0.7474,0.7505,0.7283,0.7291,3354781.9,1664096.2
2026-07-12 00:00:00,0.729,0.7321,0.7216,0.7318,3751370.3,1678000.3
2026-07-12 04:00:00,0.7317,0.739,0.727,0.7389,2736330.2,1501459.9
2026-07-12 08:00:00,0.7389,0.7468,0.7377,0.7409,3888336.7,1989238.8
2026-07-12 12:00:00,0.7408,0.7488,0.7405,0.7449,3679793.7,1953768.5
2026-07-12 16:00:00,0.745,0.746,0.7364,0.7418,1798060.6,974225.2
2026-07-12 20:00:00,0.7417,0.7435,0.7328,0.736,1883892.8,987180.4
2026-07-13 00:00:00,0.736,0.7471,0.7223,0.7269,4178216.9,1790796
2026-07-13 04:00:00,0.7269,0.7339,0.7252,0.7325,2005042.3,946231.5
2026-07-13 08:00:00,0.7325,0.7363,0.7304,0.7309,1317447.2,718074.9
2026-07-13 12:00:00,0.7309,0.7336,0.7226,0.7282,3063776.4,1578079.8
2026-07-13 16:00:00,0.7282,0.7293,0.7144,0.7215,2525585,1101507.7
2026-07-13 20:00:00,0.7215,0.7222,0.7074,0.722,1568400,800318.1
2026-07-14 00:00:00,0.722,0.7289,0.719,0.7243,2236696.3,1297797.2
2026-07-14 04:00:00,0.7244,0.7355,0.7229,0.731,3426213.6,1579453
2026-07-14 08:00:00,0.731,0.7347,0.7286,0.7302,1631721.9,805103.9
2026-07-14 12:00:00,0.7302,0.7677,0.7299,0.7592,17578070.8,9196764
2026-07-14 16:00:00,0.7593,0.764,0.7511,0.7621,5703227.6,2996238.2
2026-07-14 20:00:00,0.7622,0.7649,0.7563,0.7624,3027051.6,1545857.6
2026-07-15 00:00:00,0.7625,0.7639,0.7492,0.7533,2487836.7,1216794.5
2026-07-15 04:00:00,0.7533,0.7606,0.7501,0.7526,3217717,1623527.5
2026-07-15 08:00:00,0.7527,0.7568,0.7509,0.7545,1398002,699460.2
2026-07-15 12:00:00,0.7546,0.768,0.7526,0.7596,7104478.5,4060776.9
2026-07-15 16:00:00,0.7597,0.7606,0.7443,0.7494,4132521.2,1846600.6
2026-07-15 20:00:00,0.7495,0.7616,0.7482,0.7552,2077434,1060657.5
2026-07-16 00:00:00,0.7551,0.7658,0.7461,0.7603,4498096.2,1997395.1
2026-07-16 04:00:00,0.7603,0.7608,0.7397,0.7427,5617480.2,3151580.5
2026-07-16 08:00:00,0.7426,0.7439,0.733,0.7427,7511318.9,3935858.1
2026-07-16 12:00:00,0.7426,0.755,0.7379,0.751,6030424.7,2815996.1
2026-07-16 16:00:00,0.751,0.7535,0.7449,0.7486,2630520.7,1233950.5
2026-07-16 20:00:00,0.7485,0.7522,0.7353,0.739,3058644.2,1136847.2
2026-07-17 00:00:00,0.7389,0.7484,0.7351,0.7441,3357864.2,1606405.8
2026-07-17 04:00:00,0.7441,0.75,0.7296,0.7318,4791864.1,2328001.2
2026-07-17 08:00:00,0.7319,0.7397,0.7227,0.7365,4019291.6,1876005.1
2026-07-17 12:00:00,0.7365,0.7375,0.7214,0.7347,6708452.9,3008277.4
2026-07-17 16:00:00,0.7347,0.7448,0.7323,0.7386,2272631.6,1032223.6
2026-07-17 20:00:00,0.7385,0.7418,0.7364,0.74,1215494,697175.5
2026-07-18 00:00:00,0.7401,0.7425,0.7383,0.7424,1371626.8,582215.7
2026-07-18 04:00:00,0.7425,0.7426,0.7342,0.7365,1094437.6,556053.2
2026-07-18 08:00:00,0.7364,0.74,0.7332,0.7355,1457539.9,766032.9
2026-07-18 12:00:00,0.7356,0.7386,0.7316,0.7354,1504018.7,676886.3
2026-07-18 16:00:00,0.7353,0.7432,0.7344,0.7423,2663558.9,1012428.5
2026-07-18 20:00:00,0.7424,0.7465,0.7392,0.7434,1941687.7,967063.1
2026-07-19 00:00:00,0.7435,0.7478,0.741,0.7423,1436697.2,699610.2
2026-07-19 04:00:00,0.7423,0.7468,0.7406,0.745,2354073.3,761697.7
2026-07-19 08:00:00,0.7451,0.7577,0.7439,0.75,5037394.4,2048180
2026-07-19 12:00:00,0.7499,0.755,0.7478,0.7513,2307706.7,1064808.3
2026-07-19 16:00:00,0.7513,0.7528,0.7407,0.7494,1776789.9,745395.4
2026-07-19 20:00:00,0.7494,0.7537,0.7452,0.7496,1398181.6,807132.1
2026-07-20 00:00:00,0.7497,0.7588,0.7476,0.7505,2065324.1,1113311.2
2026-07-20 04:00:00,0.7505,0.7506,0.7396,0.7472,2513361.8,1119568.5
2026-07-20 08:00:00,0.7472,0.7557,0.7393,0.7547,4743087.5,2605190.9
2026-07-20 12:00:00,0.7548,0.7665,0.7476,0.7655,4914227.6,2421044.4
2026-07-20 16:00:00,0.7656,0.7744,0.759,0.7676,8273006.7,3969742.4
2026-07-20 20:00:00,0.7676,0.7711,0.7599,0.7648,1676646.5,685494.1
2026-07-21 00:00:00,0.7647,0.7711,0.7605,0.7687,1813567.5,888456.1
2026-07-21 04:00:00,0.7687,0.7783,0.7656,0.7775,4291190.1,2564542
2026-07-21 08:00:00,0.7775,0.7776,0.7651,0.7694,2813864.7,1294115
2026-07-21 12:00:00,0.7695,0.771,0.7623,0.7673,4801150.3,1772758
2026-07-21 16:00:00,0.7674,0.7702,0.7616,0.7663,3456413.1,1425603.2
2026-07-21 20:00:00,0.7663,0.7722,0.7659,0.7719,1460863.6,751389
2026-07-22 00:00:00,0.772,0.7754,0.7633,0.7642,2079992.8,958378.6
2026-07-22 04:00:00,0.7641,0.7676,0.7527,0.7559,11734595.8,5356987.9
2026-07-22 08:00:00,0.7559,0.7623,0.7546,0.7602,4949771.9,2730334.1
2026-07-22 12:00:00,0.7603,0.7752,0.7564,0.7707,5035652.3,2740887.3
2026-07-22 16:00:00,0.7706,0.7796,0.7635,0.7662,3655044.8,1778773.4
2026-07-22 20:00:00,0.7662,0.7676,0.7604,0.7648,1719091.3,838774.4
2026-07-23 00:00:00,0.7648,0.7677,0.7591,0.7628,3602891.2,1592473.2
2026-07-23 04:00:00,0.7628,0.7717,0.762,0.7702,2730332,1438650.7
2026-07-23 08:00:00,0.7703,0.7755,0.7665,0.7668,1964049.6,972759.9
2026-07-23 12:00:00,0.7668,0.7681,0.7407,0.7491,6353611.1,2893640.6
2026-07-23 16:00:00,0.7492,0.7492,0.74,0.7452,3000763.4,1413790
2026-07-23 20:00:00,0.7452,0.7507,0.7438,0.7443,2520271.4,1066688.2
2026-07-24 00:00:00,0.7444,0.7469,0.7378,0.7462,2176896.8,1047672.5
2026-07-24 04:00:00,0.7462,0.7487,0.7413,0.745,2825902.2,1669389.7
2026-07-24 08:00:00,0.7451,0.7452,0.7294,0.7311,9290604.7,5406693.5
2026-07-24 12:00:00,0.7311,0.7326,0.7126,0.718,6816544.6,3005275.4
2026-07-24 16:00:00,0.718,0.7181,0.7073,0.7103,3416619.1,1574832.2
2026-07-24 20:00:00,0.7103,0.7127,0.7081,0.711,2930372.2,1760194.5
2026-07-25 00:00:00,0.711,0.7144,0.7092,0.7119,1767920.6,949302.8
2026-07-25 04:00:00,0.7118,0.7154,0.7018,0.7033,3120350.6,1462742
2026-07-25 08:00:00,0.7033,0.7068,0.7021,0.705,2133263.1,912010.6
2026-07-25 12:00:00,0.705,0.7114,0.7042,0.7101,1904273,934866
2026-07-25 16:00:00,0.7102,0.7178,0.7101,0.7141,2331273.6,1323375.7
2026-07-25 20:00:00,0.7141,0.7145,0.7105,0.7111,1382643.9,653033.7
2026-07-26 00:00:00,0.7111,0.7182,0.7108,0.7178,1464804.2,908238.4
2026-07-26 04:00:00,0.7178,0.7269,0.7158,0.7204,2704326.7,1404656.6
2026-07-26 08:00:00,0.7204,0.7204,0.7162,0.7179,1274944.5,583472.3
2026-07-26 12:00:00,0.7179,0.7203,0.7147,0.7193,2030448.2,1153382.2
2026-07-26 16:00:00,0.7193,0.7225,0.7108,0.7119,2273724.1,954481.6
2026-07-26 20:00:00,0.712,0.726,0.7109,0.7233,2596694.6,1366158.5
2026-07-27 00:00:00,0.7234,0.7241,0.7135,0.7194,2468237.8,1155457.4
2026-07-27 04:00:00,0.7195,0.7247,0.7158,0.7172,2629688.7,1328592.3
2026-07-27 08:00:00,0.7172,0.7195,0.7126,0.7162,2174010.8,1206728.5
2026-07-27 12:00:00,0.7162,0.7205,0.6945,0.6993,7316824.2,3115387.5
2026-07-27 16:00:00,0.6992,0.7065,0.698,0.7044,3184799.2,1609757.1
2026-07-27 20:00:00,0.7044,0.705,0.6741,0.681,8542785.3,3349259.4
2026-07-28 00:00:00,0.6811,0.6854,0.6738,0.6839,3476196.3,1695727
2026-07-28 04:00:00,0.6839,0.6852,0.6786,0.681,3632031.8,1690080.5
2026-07-28 08:00:00,0.6809,0.6855,0.6796,0.6825,2858204.1,1172504.4
2026-07-28 12:00:00,0.6825,0.6927,0.6734,0.6904,6019320.8,3257336
2026-07-28 16:00:00,0.6905,0.6939,0.6861,0.6931,2543714.6,1197731.7
2026-07-28 20:00:00,0.6932,0.6968,0.6886,0.6926,1777042.6,907031.2
2026-07-29 00:00:00,0.6925,0.6969,0.6815,0.682,2547398.2,1244594.3
2026-07-29 04:00:00,0.6821,0.6888,0.6789,0.6879,2013784.5,967481.7
2026-07-29 08:00:00,0.688,0.6918,0.6851,0.6893,1736762.5,742879.1
2026-07-29 12:00:00,0.6893,0.6913,0.6806,0.6826,3082466.8,1195045.4
2026-07-29 16:00:00,0.6826,0.6976,0.6805,0.6821,3891203.8,1862021.8
2026-07-29 20:00:00,0.6821,0.6877,0.6766,0.6862,2577310.9,1150144.6
2026-07-30 00:00:00,0.6862,0.692,0.6817,0.688,1752361.8,829617.8
2026-07-30 04:00:00,0.6881,0.6897,0.6837,0.6867,1297667.5,620460.5
2026-07-30 08:00:00,0.6867,0.6954,0.686,0.6933,2303715.6,1213664.8
2026-07-30 12:00:00,0.6934,0.7015,0.6901,0.6997,3678681.1,1916308.7
2026-07-30 16:00:00,0.6998,0.7076,0.699,0.6994,3219071.3,1633507.3
2026-07-30 20:00:00,0.6995,0.702,0.6921,0.6922,2186989,1108823.6
2026-07-31 00:00:00,0.6923,0.6971,0.6855,0.6901,3395545.1,1391289.2
2026-07-31 04:00:00,0.6901,0.6917,0.6838,0.6904,1613083.6,691537
2026-07-31 08:00:00,0.6903,0.6919,0.683,0.6882,1808783.6,800894.8
2026-07-31 12:00:00,0.6882,0.6906,0.6783,0.6834,3770710.4,1740991.8
2026-07-31 16:00:00,0.6834,0.6864,0.6768,0.6794,2410688.5,1123061.9
2026-07-31 20:00:00,0.6795,0.684,0.6793,0.6821,1281775.7,633580.2
2026-08-01 00:00:00,0.6821,0.6868,0.6821,0.6861,1187629.4,605224.8
2026-08-01 04:00:00,0.6862,0.6905,0.6833,0.6848,1484096.6,869159.7
2026-08-01 08:00:00,0.6847,0.6854,0.6825,0.6847,775883.8,410192.5
2026-08-01 12:00:00,0.6848,0.6861,0.6826,0.6827,888517.9,424877
2026-08-01 16:00:00,0.6826,0.6847,0.663,0.6716,5096915.8,2160020.5
2026-08-01 20:00:00,0.6715,0.679,0.671,0.6758,1502585.4,839287.6
2026-08-02 00:00:00,0.6758,0.691,0.6758,0.6897,2774648.6,1571367.1
2026-08-02 04:00:00,0.6897,0.6942,0.6892,0.6914,2776204.1,1433052.5
2026-08-02 08:00:00,0.6914,0.6919,0.6832,0.6849,2365068.8,772638.7
2026-08-02 12:00:00,0.6849,0.6933,0.6849,0.6902,3076902.4,1640380
2026-08-02 16:00:00,0.6902,0.6952,0.6886,0.6928,1464217.1,686315.2
2026-08-02 20:00:00,0.6927,0.696,0.6877,0.6898,958813.4,473325.4
2026-08-03 00:00:00,0.6899,0.6902,0.6843,0.6864,1267807.6,533618
2026-08-03 04:00:00,0.6864,0.6901,0.6839,0.685,1602033.1,742399.3
2026-08-03 08:00:00,0.6849,0.6881,0.6792,0.6855,1670212.7,689422.8
2026-08-03 12:00:00,0.6856,0.6985,0.684,0.6942,4330709.9,2231065
2026-08-03 16:00:00,0.6943,0.6974,0.6922,0.6936,1752102.4,765955.7
2026-08-03 20:00:00,0.6936,0.6958,0.6888,0.6912,1472341.9,674199
2026-08-04 00:00:00,0.6912,0.6978,0.688,0.6958,1702496,984288.7
2026-08-04 04:00:00,0.6958,0.6989,0.6895,0.6933,1306362.8,637110
2026-08-04 08:00:00,0.6932,0.6952,0.6896,0.6944,962220.9,490533.7
2026-08-04 12:00:00,0.6944,0.6967,0.6869,0.6934,2279908.2,1174022.8
2026-08-04 16:00:00,0.6935,0.7003,0.6921,0.698,1639541.7,933615.6
2026-08-04 20:00:00,0.698,0.6991,0.6929,0.6931,1609084.7,930636.7
2026-08-05 00:00:00,0.6931,0.6959,0.6875,0.6889,2189829,919404.3
2026-08-05 04:00:00,0.6888,0.6943,0.6885,0.692,1498517.8,848413.1
2026-08-05 08:00:00,0.6922,0.6938,0.6898,0.6906,1874602.2,873680.2
2026-08-05 12:00:00,0.6906,0.6955,0.683,0.6873,3870401.5,1771609
2026-08-05 16:00:00,0.6873,0.696,0.6872,0.6921,1726944.2,916154.4
2026-08-05 20:00:00,0.6921,0.6958,0.6891,0.6903,1408716.5,612350
2026-08-06 00:00:00,0.6904,0.6926,0.6818,0.6843,2088591.1,958757.4
2026-08-06 04:00:00,0.6843,0.689,0.6818,0.6857,2688956.2,1590977
2026-08-06 08:00:00,0.6858,0.6882,0.6684,0.6764,6765900.6,3568186.8
2026-08-06 12:00:00,0.6765,0.6781,0.6711,0.6743,3533519.8,1579369.5
2026-08-06 16:00:00,0.6743,0.6815,0.6735,0.6744,1911060.5,876511
2026-08-06 20:00:00,0.6744,0.6767,0.671,0.6725,1903294.9,1033434.1
2026-08-07 00:00:00,0.6725,0.679,0.6715,0.6741,1916754.2,785904.7
2026-08-07 04:00:00,0.6741,0.6761,0.6696,0.6737,1621258.7,712362.4
2026-08-07 08:00:00,0.6737,0.678,0.6727,0.6749,2768320.5,1508443.6
2026-08-07 12:00:00,0.675,0.6797,0.6643,0.6727,15961759.5,8900198.5
2026-08-07 16:00:00,0.6728,0.6754,0.6658,0.6738,2448479.7,1204670.8
2026-08-07 20:00:00,0.6738,0.6744,0.6703,0.6722,1201448.6,655748.1
2026-08-08 00:00:00,0.6721,0.6805,0.671,0.6798,2070208.1,1120085.1
2026-08-08 04:00:00,0.6798,0.685,0.6798,0.684,3099845.9,1451876
2026-08-08 08:00:00,0.684,0.6968,0.6834,0.6898,4772401.8,2600761.1
2026-08-08 12:00:00,0.6897,0.7071,0.6888,0.7006,6680600.9,3763298
2026-08-08 16:00:00,0.7006,0.7012,0.6931,0.696,2966089.6,1548145.8
2026-08-08 20:00:00,0.696,0.6998,0.6882,0.6922,2549715,1392758.8
2026-08-09 00:00:00,0.6921,0.6931,0.6876,0.69,2026391.7,869880.3
2026-08-09 04:00:00,0.69,0.6946,0.6894,0.6925,1899751,990034
2026-08-09 08:00:00,0.6926,0.695,0.6909,0.6925,1158229,625710.3
2026-08-09 12:00:00,0.6925,0.7021,0.6904,0.7014,3205107.8,1804018.2
2026-08-09 16:00:00,0.7015,0.7054,0.6974,0.6977,3265120.4,1236342.5
2026-08-09 20:00:00,0.6977,0.7054,0.6835,0.6866,4028589.4,2068172.5
2026-08-10 00:00:00,0.6865,0.697,0.6845,0.6889,2897441,1481465.3
2026-08-10 04:00:00,0.6889,0.6981,0.6874,0.695,3018850.2,1486680
2026-08-10 08:00:00,0.695,0.6968,0.6912,0.696,1875176.4,912495.4
2026-08-10 12:00:00,0.696,0.6979,0.6873,0.6909,4068971.3,1891581.4
2026-08-10 16:00:00,0.6908,0.6974,0.6847,0.6927,3994050.2,1929171.7
2026-08-10 20:00:00,0.6928,0.6941,0.6821,0.6844,2607861.3,1022570.1
2026-08-11 00:00:00,0.6844,0.6903,0.6833,0.6876,1182567.6,646464.5
2026-08-11 04:00:00,0.6875,0.691,0.6842,0.6876,2224573.7,1137631.7
2026-08-11 08:00:00,0.6877,0.6936,0.6871,0.6924,3080457.5,1711713.8
2026-08-11 12:00:00,0.6925,0.6928,0.6722,0.6767,8220489.9,3974776.5
2026-08-11 16:00:00,0.6766,0.6835,0.6752,0.6832,2199131.9,1193887.5
2026-08-11 20:00:00,0.6833,0.6953,0.683,0.6931,2990867.1,1755025.7
2026-08-12 00:00:00,0.6931,0.6997,0.6919,0.6931,3019589.9,1661506
2026-08-12 04:00:00,0.6931,0.6938,0.688,0.6912,2097994.6,914163.3
2026-08-12 08:00:00,0.6912,0.6932,0.6862,0.6926,1984664.5,1111584.3
2026-08-12 12:00:00,0.6927,0.6972,0.6828,0.6854,6250451.3,3061981.8
2026-08-12 16:00:00,0.6853,0.6879,0.6825,0.6851,3271556.4,1712340.1
2026-08-12 20:00:00,0.6851,0.689,0.675,0.6814,2507554.4,1200985.9
2026-08-13 00:00:00,0.6814,0.692,0.6808,0.6894,2340583.7,1470539.9
2026-08-13 04:00:00,0.6893,0.6925,0.6867,0.6899,2087129.5,1114705
2026-08-13 08:00:00,0.69,0.6917,0.6857,0.6861,1488507,669084.9
2026-08-13 12:00:00,0.6861,0.6949,0.6852,0.6854,3055177.6,1552453.9
2026-08-13 16:00:00,0.6854,0.6881,0.6802,0.6862,5694191.6,3049704.4
2026-08-13 20:00:00,0.6862,0.6904,0.6846,0.6894,1206104.3,618256.8
2026-08-14 00:00:00,0.6895,0.6908,0.6831,0.6833,1189397.2,515493.2
2026-08-14 04:00:00,0.6833,0.6852,0.6779,0.6793,1762904.2,901778.4
2026-08-14 08:00:00,0.6793,0.6815,0.6744,0.675,2436625.8,1169196.6
2026-08-14 12:00:00,0.6751,0.6793,0.6712,0.6772,3263957.6,1541662.3
2026-08-14 16:00:00,0.6772,0.6811,0.6754,0.6792,8576617.5,4174898.6
2026-08-14 20:00:00,0.6791,0.6829,0.6753,0.6829,1275915.1,664881.5
2026-08-15 00:00:00,0.6829,0.6888,0.681,0.6856,2022201.5,958449.3
2026-08-15 04:00:00,0.6857,0.6877,0.682,0.6826,1453277.4,722999.3
2026-08-15 08:00:00,0.6827,0.6846,0.681,0.682,774006.6,419207
2026-08-15 12:00:00,0.682,0.6847,0.6816,0.6838,1136836.1,531723.2
2026-08-15 16:00:00,0.6838,0.6841,0.6782,0.6819,809770.3,356403.7
2026-08-15 20:00:00,0.6818,0.6818,0.6769,0.6775,996573.3,453379
2026-08-16 00:00:00,0.6774,0.6786,0.6742,0.6762,891270,461119.7
2026-08-16 04:00:00,0.6762,0.6777,0.6727,0.6776,1016200.8,415918.8
2026-08-16 08:00:00,0.6776,0.6788,0.6754,0.6767,1845331.1,1178906.9
2026-08-16 12:00:00,0.6767,0.681,0.6759,0.6805,823244.7,333122
2026-08-16 16:00:00,0.6804,0.6818,0.6755,0.6768,680443.4,313601.1
2026-08-16 20:00:00,0.6769,0.6781,0.6668,0.6712,1920794.4,836583.4
2026-08-17 00:00:00,0.6712,0.6801,0.6677,0.6773,1981030.8,1094854.3
2026-08-17 04:00:00,0.6773,0.6808,0.6753,0.6785,1644755.7,806886.7
2026-08-17 08:00:00,0.6785,0.6802,0.6736,0.6779,1754684.6,922810.9
2026-08-17 12:00:00,0.6779,0.6788,0.6742,0.6785,1443646.5,777851.5
2026-08-17 16:00:00,0.6786,0.6795,0.6755,0.6762,1430260.3,707388.3
2026-08-17 20:00:00,0.6763,0.6798,0.6719,0.6751,3533792.9,1247044.7
2026-08-18 00:00:00,0.6751,0.6763,0.6354,0.6461,13943970.1,6804987.5
2026-08-18 04:00:00,0.646,0.6507,0.639,0.6469,12951981.2,7230586.1
2026-08-18 08:00:00,0.6469,0.6534,0.643,0.6509,4471124.3,2536311.9
2026-08-18 12:00:00,0.6509,0.6602,0.6507,0.6552,6074319.9,2748528.8
2026-08-18 16:00:00,0.6552,0.659,0.6521,0.6557,2616842.5,1148710.7
2026-08-18 20:00:00,0.6557,0.6564,0.647,0.6517,4733898.8,2157128.3
2026-08-19 00:00:00,0.6518,0.6576,0.6483,0.6571,2346890.2,1061996.5
2026-08-19 04:00:00,0.6572,0.6587,0.6532,0.6572,2779205.5,1322675.5
2026-08-19 08:00:00,0.6571,0.6608,0.6557,0.658,3764682.8,1960393.2
2026-08-19 12:00:00,0.658,0.7025,0.6543,0.68,20503591.7,9840099.1
2026-08-19 16:00:00,0.6799,0.6967,0.6779,0.6961,9762537.2,5126574.1
2026-08-19 20:00:00,0.6961,0.7249,0.694,0.706,17965180.9,9085774
2026-08-20 00:00:00,0.706,0.7126,0.6905,0.6991,7201378.4,3675200.9
2026-08-20 04:00:00,0.6992,0.7066,0.6969,0.7023,4386696.3,2742008.9
2026-08-20 08:00:00,0.7024,0.735,0.7018,0.728,18579221.2,10032649.3
2026-08-20 12:00:00,0.7281,0.7419,0.7158,0.7394,11460706.3,6285263.9
2026-08-20 16:00:00,0.7394,0.7532,0.7217,0.7247,15618367.5,8229199.6
2026-08-20 20:00:00,0.7248,0.7385,0.7233,0.7335,7219446.7,4030828.2
2026-08-21 00:00:00,0.7336,0.7495,0.7329,0.7452,11107083.5,6239075.1
2026-08-21 04:00:00,0.7452,0.7819,0.745,0.7775,23425555.6,12844937.8
2026-08-21 08:00:00,0.7775,0.814,0.7765,0.7835,33407877.2,17284325.7
2026-08-21 12:00:00,0.7835,0.8235,0.7807,0.815,20512681.1,11354867.1
2026-08-21 16:00:00,0.8149,0.8228,0.7902,0.8026,15902787,8190768.2
2026-08-21 20:00:00,0.8025,0.8623,0.7981,0.8438,23657426.2,12652652.5
2026-08-22 00:00:00,0.8438,0.925,0.8341,0.9128,28057693.9,14681824.2
2026-08-22 04:00:00,0.9129,0.954,0.7722,0.863,64518619.1,31838635.5
2026-08-22 08:00:00,0.8631,0.8741,0.8076,0.8291,25066819.6,12072918.9
2026-08-22 12:00:00,0.829,0.8427,0.8088,0.8153,14391837.6,7530037.2
2026-08-22 16:00:00,0.8154,0.8412,0.8114,0.8331,14311156.2,7097450.6
2026-08-22 20:00:00,0.8332,0.8387,0.8036,0.8142,12109597.2,5489543.9
2026-08-23 00:00:00,0.8142,0.8331,0.7885,0.7928,14291151.8,6160255.2
2026-08-23 04:00:00,0.7927,0.799,0.7782,0.7918,17442094,8476277.4
2026-08-23 08:00:00,0.7919,0.8201,0.7901,0.8192,13196517.9,6432886.9
2026-08-23 12:00:00,0.8191,0.8387,0.7981,0.8227,17601639.4,9055224.2
2026-08-23 16:00:00,0.8228,0.8468,0.8163,0.8327,20769026.5,9237454.1
2026-08-23 20:00:00,0.8328,0.8575,0.8278,0.8504,19358623.9,8115648.3
2026-08-24 00:00:00,0.8503,0.8509,0.8143,0.8203,17616510.7,7857036.5
2026-08-24 04:00:00,0.8203,0.8359,0.8107,0.8161,11998272.9,6629955.9
2026-08-24 08:00:00,0.8162,0.8379,0.8041,0.8314,12165335.1,6223927.1
2026-08-24 12:00:00,0.8315,0.8422,0.8106,0.8229,21988222,11294176.5
2026-08-24 16:00:00,0.8229,0.834,0.7976,0.8027,21195504.3,10566286.9
2026-08-24 20:00:00,0.8028,0.8099,0.7901,0.7999,10175234.9,4694301.4
2026-08-25 00:00:00,0.7998,0.8349,0.7919,0.8193,23725808.6,10715046.2
2026-08-25 04:00:00,0.8193,0.8306,0.7978,0.8019,14088273.6,7414391.4
2026-08-25 08:00:00,0.8018,0.8095,0.795,0.7996,11108085.1,5392579.5
2026-08-25 12:00:00,0.7996,0.8033,0.7776,0.793,15273536.2,7239207.2
2026-08-25 16:00:00,0.7931,0.7945,0.7728,0.775,10102149,4683749.9
2026-08-25 20:00:00,0.7749,0.7761,0.7443,0.7574,16075463.9,7137690.3
2026-08-26 00:00:00,0.7574,0.7674,0.7526,0.7612,7219999.6,3397481.5
2026-08-26 04:00:00,0.7611,0.7696,0.7576,0.76,9177691.4,4185251.8
2026-08-26 08:00:00,0.7599,0.7645,0.7487,0.755,7220356.5,3156565.4
2026-08-26 12:00:00,0.755,0.762,0.7251,0.7357,15578108.7,7465032.1
2026-08-26 16:00:00,0.7357,0.7451,0.7281,0.7382,8073531.4,4170039.8
2026-08-26 20:00:00,0.7382,0.7686,0.733,0.7675,9469490.7,5298301.7
2026-08-27 00:00:00,0.7676,0.7677,0.7469,0.7493,6091729.6,2689823.8
2026-08-27 04:00:00,0.7494,0.7582,0.7436,0.7582,6524709.3,3894525.7
2026-08-27 08:00:00,0.7582,0.7826,0.7535,0.7631,21905479.1,10429898.3
2026-08-27 12:00:00,0.763,0.7939,0.7598,0.7868,20142553.3,11626404.5
2026-08-27 16:00:00,0.7869,0.7932,0.7687,0.7771,15233423.5,7849935.6
2026-08-27 20:00:00,0.7772,0.785,0.7715,0.7796,10935876.4,5459229.8
2026-08-28 00:00:00,0.7796,0.8052,0.7576,0.7635,15560323,7618548.5
2026-08-28 04:00:00,0.7635,0.7679,0.7554,0.7601,6590048,3716075.2
2026-08-28 08:00:00,0.7602,0.7659,0.7475,0.7605,7719472.8,3725078.7
2026-08-28 12:00:00,0.7604,0.7735,0.7488,0.753,13927541.3,6765922.6
2026-08-28 16:00:00,0.7529,0.7559,0.7291,0.7359,18130108.9,9311220.8
2026-08-28 20:00:00,0.7358,0.7439,0.7327,0.7438,3340213.7,1780342.5
2026-08-29 00:00:00,0.7437,0.7472,0.7362,0.7367,3885337.8,1971299.3
2026-08-29 04:00:00,0.7368,0.745,0.7343,0.7352,4649998,2163430.8
2026-08-29 08:00:00,0.7351,0.7402,0.7314,0.7343,4812325.8,2486578.1
2026-08-29 12:00:00,0.7345,0.749,0.734,0.7447,4968333.3,2780918.5
2026-08-29 16:00:00,0.7446,0.7493,0.74,0.7459,6535008.2,3096785
2026-08-29 20:00:00,0.7459,0.7476,0.7396,0.745,3294066.9,1705040.3
2026-08-30 00:00:00,0.745,0.7473,0.739,0.7407,3845327.7,1984592.5
2026-08-30 04:00:00,0.7407,0.747,0.7336,0.7401,3900736.9,1808780.1
2026-08-30 08:00:00,0.7401,0.7426,0.7351,0.7419,4865980.9,2636860.9
2026-08-30 12:00:00,0.7419,0.7538,0.7402,0.7462,8851760.6,3970047.1
2026-08-30 16:00:00,0.7463,0.7639,0.7454,0.7562,13228919,4905117.9
2026-08-30 20:00:00,0.7563,0.7578,0.6969,0.7111,24160793.3,11595737
2026-08-31 00:00:00,0.7111,0.7219,0.7063,0.7174,17167910.8,7740617.4
2026-08-31 04:00:00,0.7173,0.7265,0.7108,0.7237,9996655.7,5057497.6
2026-08-31 08:00:00,0.7237,0.7312,0.7148,0.7248,11793179.5,5194144.5
2026-08-31 12:00:00,0.7248,0.7289,0.7144,0.7209,10811691.5,5058740.5
2026-08-31 16:00:00,0.7208,0.7351,0.7176,0.7263,8945612.2,4657635.9
2026-08-31 20:00:00,0.7263,0.7311,0.7219,0.727,4650962.4,2292219.7
2026-09-01 00:00:00,0.7269,0.7374,0.726,0.7335,7107996.1,3844651.1
2026-09-01 04:00:00,0.7335,0.7366,0.7281,0.7301,7064482.8,3538872.5
2026-09-01 08:00:00,0.7301,0.7346,0.7169,0.7308,8647655.5,4259571.7
2026-09-01 12:00:00,0.7308,0.738,0.7189,0.7319,9003354.8,4632232.8
2026-09-01 16:00:00,0.732,0.7349,0.7129,0.7243,15129421.4,7780827.4
2026-09-01 20:00:00,0.7244,0.7262,0.7117,0.7218,9591891.5,4919689.5
2026-09-02 00:00:00,0.7218,0.7298,0.7076,0.7234,9268498.7,4545776.4
2026-09-02 04:00:00,0.7234,0.73,0.7187,0.7242,6547560.8,3471179.4
2026-09-02 08:00:00,0.7243,0.7268,0.7038,0.7145,8893224.1,4386805.2
2026-09-02 12:00:00,0.7144,0.7254,0.7101,0.7217,11619563.7,5229340.1
2026-09-02 16:00:00,0.7217,0.7336,0.717,0.7289,9859484.5,5817088.4
2026-09-02 20:00:00,0.729,0.7505,0.729,0.7462,12515078.9,6820634
2026-09-03 00:00:00,0.7462,0.7804,0.7384,0.7679,20437641,10914921.6
2026-09-03 04:00:00,0.768,0.7774,0.7569,0.7673,14987435.5,8031592.1
2026-09-03 08:00:00,0.7674,0.7789,0.7582,0.7681,12468508.1,6234780
2026-09-03 12:00:00,0.7681,0.7898,0.7633,0.789,20253181.1,10948622.4
2026-09-03 16:00:00,0.789,0.7968,0.7756,0.7895,14689507.8,6955888.6
2026-09-03 20:00:00,0.7894,0.796,0.7745,0.7833,11426070.7,5702741.8
2026-09-04 00:00:00,0.7832,0.7869,0.7685,0.7723,9806817.1,4738346.1
2026-09-04 04:00:00,0.7722,0.7777,0.7637,0.7699,8592789.1,4406130
2026-09-04 08:00:00,0.7699,0.783,0.7675,0.7766,9762994.5,5209418.1
2026-09-04 12:00:00,0.7766,0.7792,0.739,0.7492,22428452.6,10841255.1
2026-09-04 16:00:00,0.7492,0.7613,0.7475,0.7588,6155482.8,3263791.7
2026-09-04 20:00:00,0.7589,0.7601,0.7512,0.7555,4526963.1,2385140.4
2026-09-05 00:00:00,0.7555,0.771,0.7546,0.7657,10501823,5887164.6
2026-09-05 04:00:00,0.7658,0.7939,0.7617,0.7935,14587026.5,7727894.7
2026-09-05 08:00:00,0.7934,0.7939,0.7818,0.7848,12231176.8,6601439
2026-09-05 12:00:00,0.7847,0.8072,0.7845,0.7969,21885988.6,12878224.7
2026-09-05 16:00:00,0.7968,0.813,0.7917,0.8023,20637988.4,12300461
2026-09-05 20:00:00,0.8023,0.8086,0.7921,0.7951,10874105.3,5980826.6
2026-09-06 00:00:00,0.7952,0.813,0.7933,0.8016,17401637,10736728.1
2026-09-06 04:00:00,0.8016,0.8048,0.782,0.7944,10226404.9,5047295.1
2026-09-06 08:00:00,0.7944,0.805,0.7913,0.805,11042787.7,5849313.7
2026-09-06 12:00:00,0.805,0.8075,0.784,0.7923,13121811.8,6397800.2
2026-09-06 16:00:00,0.7922,0.8036,0.7897,0.7958,7044363.7,3806894.8
2026-09-06 20:00:00,0.7959,0.8193,0.7955,0.8118,13734987.9,7908483.1
2026-09-07 00:00:00,0.8119,0.8233,0.792,0.7945,18148841.6,9834024.7
2026-09-07 04:00:00,0.7945,0.8125,0.7863,0.7964,14400023.9,7237243.7
2026-09-07 08:00:00,0.7964,0.8175,0.7957,0.81,17466732.7,9578928.6
2026-09-07 12:00:00,0.81,0.8447,0.8,0.804,30256074.8,15666069.8
2026-09-07 16:00:00,0.804,0.8338,0.8031,0.8294,10494431.2,5439407.7
2026-09-07 20:00:00,0.8294,0.8355,0.8054,0.8185,13672211.2,6650573.2
2026-09-08 00:00:00,0.8186,0.8369,0.8164,0.8239,10870455.4,5574428.8
2026-09-08 04:00:00,0.8238,0.8261,0.8091,0.8195,13870555.9,6547732.1
2026-09-08 08:00:00,0.8195,0.8338,0.8055,0.8104,14788488.7,8124995
2026-09-08 12:00:00,0.8103,0.83,0.7955,0.8272,17472072.5,8688334.5
2026-09-08 16:00:00,0.8272,0.8339,0.8074,0.8122,12473897.5,6185900.2
2026-09-08 20:00:00,0.8121,0.8224,0.8071,0.8113,7670462.9,3906778.9
2026-09-09 00:00:00,0.8113,0.824,0.8052,0.8068,11063710.7,6005185.3
2026-09-09 04:00:00,0.8069,0.8294,0.8066,0.823,12308882.1,6279712.5
2026-09-09 08:00:00,0.8231,0.8287,0.8022,0.8128,14923603.6,7309772.2
2026-09-09 12:00:00,0.8129,0.8207,0.7833,0.7945,20314439.7,9770559.7
2026-09-09 16:00:00,0.7945,0.804,0.7812,0.7855,10976657.4,5446648.8
2026-09-09 20:00:00,0.7854,0.7888,0.7614,0.7722,12283376.4,5519633.3
2026-09-10 00:00:00,0.7722,0.7732,0.757,0.7701,11224953.5,5258329.5
2026-09-10 04:00:00,0.77,0.7732,0.7609,0.7641,5863109.1,2976479.8
2026-09-10 08:00:00,0.764,0.7668,0.754,0.7603,9161145.8,4589556.9
2026-09-10 12:00:00,0.7603,0.7663,0.7354,0.7449,19299351,8787420.5
2026-09-10 16:00:00,0.7448,0.7479,0.7325,0.7389,8550785.6,4269530.5
2026-09-10 20:00:00,0.7389,0.7432,0.7237,0.7276,8392301.9,3983164.2
2026-09-11 00:00:00,0.7275,0.7388,0.7273,0.7365,9195898.2,4109113.1
2026-09-11 04:00:00,0.7366,0.7429,0.7359,0.7373,7580308,4163013.4
2026-09-11 08:00:00,0.7373,0.741,0.7087,0.7188,15006076,5860284.4
2026-09-11 12:00:00,0.7188,0.766,0.7072,0.7373,43799155.6,20879487.2
2026-09-11 16:00:00,0.7373,0.7455,0.7195,0.7269,17977701.5,9652935.8
2026-09-11 20:00:00,0.7269,0.7323,0.7175,0.7257,8812952.7,4708020.4
2026-09-12 00:00:00,0.7257,0.7309,0.724,0.7275,6081274.4,3056971.9
2026-09-12 04:00:00,0.7275,0.7299,0.7204,0.7282,6099675.6,2891410.9
2026-09-12 08:00:00,0.7283,0.73,0.7245,0.729,6751921.9,3438381.3
2026-09-12 12:00:00,0.729,0.73,0.7244,0.7284,7316754.7,3336780.9
2026-09-12 16:00:00,0.7284,0.7299,0.7194,0.7213,6181038.2,2670338.4
2026-09-12 20:00:00,0.7213,0.7263,0.7199,0.725,4639678.1,1960011.3
2026-09-13 00:00:00,0.725,0.7312,0.721,0.7224,7142760.4,3377024.1
2026-09-13 04:00:00,0.7224,0.7262,0.7144,0.7167,6715263.4,3170764
2026-09-13 08:00:00,0.7167,0.7182,0.7049,0.711,13844560,6828449.1
2026-09-13 12:00:00,0.7111,0.718,0.7046,0.7111,5934070.1,2341726.5
2026-09-13 16:00:00,0.7112,0.7255,0.7111,0.7186,4927964.8,2611563.7
2026-09-13 20:00:00,0.7186,0.7222,0.6977,0.7018,13496361.7,5491705.6
2026-09-14 00:00:00,0.7017,0.7189,0.6926,0.7168,10453307.1,5293940.9
2026-09-14 04:00:00,0.7167,0.728,0.7151,0.7246,10637149.8,5172080.3
2026-09-14 08:00:00,0.7246,0.73,0.7196,0.7245,14853919.2,8138791.7
2026-09-14 12:00:00,0.7245,0.7283,0.7153,0.7247,12912362.9,6091273.9
2026-09-14 16:00:00,0.7247,0.7451,0.7234,0.7356,16421805.1,9055957.3
2026-09-14 20:00:00,0.7357,0.748,0.7202,0.7209,13070030.3,6985658.3
2026-09-15 00:00:00,0.7209,0.723,0.7151,0.7163,6404819.4,3564974.9
2026-09-15 04:00:00,0.7163,0.718,0.7044,0.7051,8961902.7,4428876.4
2026-09-15 08:00:00,0.7052,0.7145,0.7025,0.7075,7036075.2,3864628.6
2026-09-15 12:00:00,0.7075,0.717,0.6873,0.702,19865552.3,8889348.4
2026-09-15 16:00:00,0.702,0.712,0.673,0.6912,24096487.9,10581913.8
2026-09-15 20:00:00,0.6912,0.6925,0.6765,0.6869,10716667.3,4918276.1
2026-09-16 00:00:00,0.6869,0.6941,0.6808,0.69,7628704.5,4171497.2
2026-09-16 04:00:00,0.69,0.6973,0.6853,0.6858,7046093,3340435.5
2026-09-16 08:00:00,0.6857,0.6941,0.6814,0.6919,6295679.6,2989049.8
2026-09-16 12:00:00,0.6919,0.6937,0.6821,0.6839,10515259.5,4789250.1
2026-09-16 16:00:00,0.684,0.7082,0.678,0.7079,19289341.5,9646976.5
2026-09-16 20:00:00,0.7079,0.7185,0.6987,0.7135,14467224.5,7311115.7
2026-09-17 00:00:00,0.7136,0.7236,0.709,0.7209,7750800.8,4121817.5
2026-09-17 04:00:00,0.721,0.7266,0.7144,0.7226,7989898.4,4095239.4
2026-09-17 08:00:00,0.7226,0.7256,0.7159,0.7218,10427930.8,5137295.9
2026-09-17 12:00:00,0.7218,0.7352,0.7199,0.7336,11931614.8,6611717.5
2026-09-17 16:00:00,0.7337,0.7388,0.7291,0.7322,8163281.6,4254467.8
2026-09-17 20:00:00,0.7322,0.7428,0.7293,0.7413,8828737.4,4473438.2
2026-09-18 00:00:00,0.7413,0.7886,0.737,0.7884,18238142.7,9349224.7
2026-09-18 04:00:00,0.7884,0.7895,0.7723,0.7827,15257201.9,7279771.6
2026-09-18 08:00:00,0.7826,0.802,0.7758,0.792,20938792.3,10250341.8
2026-09-18 12:00:00,0.7921,0.8155,0.7893,0.8037,38301030.4,18753097.9
2026-09-18 16:00:00,0.8038,0.8135,0.7958,0.8134,16382614.9,7260671.7
2026-09-18 20:00:00,0.8133,0.8228,0.8068,0.8144,13160520.2,6207591.5
2026-09-19 00:00:00,0.8144,0.8334,0.8083,0.8296,15819425,7543780
2026-09-19 04:00:00,0.8295,0.834,0.807,0.8087,12309283.7,4772811.2
2026-09-19 08:00:00,0.8088,0.8698,0.8075,0.8633,34249170.5,16471044.1
2026-09-19 12:00:00,0.8633,0.8656,0.8379,0.8435,26105556.8,11599948.7
2026-09-19 16:00:00,0.8435,0.8872,0.8378,0.8749,23180139.2,11380258.7
2026-09-19 20:00:00,0.875,0.8804,0.8461,0.8575,21132464.5,8740565.1
2026-09-20 00:00:00,0.8574,0.8712,0.8127,0.8264,25797212.6,10567756.4
2026-09-20 04:00:00,0.8265,0.829,0.8159,0.816,11018308,4796576
2026-09-20 08:00:00,0.816,0.8325,0.8088,0.8227,12468231.5,6495087.5
2026-09-20 12:00:00,0.8227,0.8463,0.8145,0.8455,16162054.7,8411839.5
2026-09-20 16:00:00,0.8455,0.9209,0.843,0.8806,50978061.1,26878209.6
2026-09-20 20:00:00,0.8805,0.9048,0.8711,0.8974,18326364.2,9299330.9
2026-09-21 00:00:00,0.8975,0.955,0.8959,0.9499,47857841,25295835.1
2026-09-21 04:00:00,0.95,0.9784,0.9284,0.9667,43208803.8,22569639.7
2026-09-21 08:00:00,0.9666,1.0345,0.9587,1.0155,59081599.5,32259214.5
2026-09-21 12:00:00,1.0156,1.0566,1.005,1.0183,44687773.8,22623837.9
2026-09-21 16:00:00,1.0183,1.0435,0.9894,1.0364,28781521,15246437.8
2026-09-21 20:00:00,1.0363,1.0473,1.012,1.0427,16065148.1,7740428.6
2026-09-22 00:00:00,1.0427,1.0815,1.0262,1.0372,35779934.5,18693206.7
2026-09-22 04:00:00,1.037,1.0403,0.9981,1.0134,20941098.7,10661317.3
2026-09-22 08:00:00,1.0134,1.0295,1.0025,1.0144,13448380.7,7284724.4
2026-09-22 12:00:00,1.0145,1.0308,0.9866,1.0069,23581319.5,11789910.1
2026-09-22 16:00:00,1.0069,1.0155,0.9951,1.0049,15614959.6,8158008.7
2026-09-22 20:00:00,1.005,1.0361,1.0005,1.0236,16481471.4,9208639.9
2026-09-23 00:00:00,1.0237,1.037,1.0122,1.0246,15047718.2,8163470.3
2026-09-23 04:00:00,1.0247,1.0379,1.0155,1.0255,15971507.1,8437345.7
2026-09-23 08:00:00,1.0256,1.0317,1,1.0148,17411584.5,8716380.3
2026-09-23 12:00:00,1.0147,1.0185,0.9449,0.9554,42103635.1,20573594.2
2026-09-23 16:00:00,0.9553,0.9745,0.9324,0.9605,17297517.1,8768462.4
2026-09-23 20:00:00,0.9606,0.9722,0.954,0.9601,7053676.7,3818895.3
2026-09-24 00:00:00,0.9601,0.9743,0.9456,0.9612,8339177.2,4197750
2026-09-24 04:00:00,0.9613,0.9786,0.9568,0.9696,6343919.5,3353638
2026-09-24 08:00:00,0.9696,0.9727,0.9357,0.9524,11587193.5,5565703.2
2026-09-24 12:00:00,0.9524,1.0236,0.9486,1.0025,28105330.7,16056539.9
2026-09-24 16:00:00,1.0026,1.0293,0.994,1.029,12869441.5,7624921
2026-09-24 20:00:00,1.0289,1.0315,1,1.0141,8286729.5,4432812.7
2026-09-25 00:00:00,1.014,1.0598,1.005,1.0119,19515538.5,10089874.1
2026-09-25 04:00:00,1.0119,1.0225,1.0056,1.0137,9231198.9,5173103.2
2026-09-25 08:00:00,1.0136,1.1517,1.0133,1.1395,40136505.5,23119242
2026-09-25 12:00:00,1.1395,1.1615,1.0901,1.1019,45046413.1,23164539.5
2026-09-25 16:00:00,1.102,1.1506,1.101,1.1438,20479172.9,11103512.9
2026-09-25 20:00:00,1.1439,1.2179,1.1439,1.1949,30436074.7,16685331.7
2026-09-26 00:00:00,1.1949,1.2049,1.1634,1.1692,18547639.6,9117490.7
2026-09-26 04:00:00,1.1691,1.1761,1.1507,1.1628,10589387.6,5534709.3
2026-09-26 08:00:00,1.1627,1.1925,1.1535,1.1782,17000069.3,9600254.5
2026-09-26 12:00:00,1.1783,1.1842,1.155,1.165,6594545.4,2593265.6
