t,o,h,l,c,v,taker_buy_v
2026-03-10 13:00:00,0.9713,0.9843,0.9633,0.9719,3763149.8,1786409.9
2026-03-10 14:00:00,0.9719,1.004,0.9582,1.0036,6066802.7,3292594.2
2026-03-10 15:00:00,1.0036,1.0103,0.9851,0.9978,5424514.3,2548485.4
2026-03-10 16:00:00,0.9979,1.0061,0.9914,0.9974,2754639.7,1385077.6
2026-03-10 17:00:00,0.9973,0.9995,0.9776,0.9802,2990436,1335674.8
2026-03-10 18:00:00,0.9803,0.9807,0.9622,0.9676,3532501.8,1612105.5
2026-03-10 19:00:00,0.9676,0.971,0.9577,0.9615,2237698.5,916800.2
2026-03-10 20:00:00,0.9614,0.9664,0.9597,0.9635,2344763.4,1173008.7
2026-03-10 21:00:00,0.9635,0.9652,0.9488,0.9514,2350391.8,762025.9
2026-03-10 22:00:00,0.9513,0.9576,0.9486,0.9525,1341037.9,545464.8
2026-03-10 23:00:00,0.9525,0.9589,0.9524,0.9573,678488.8,382755.4
2026-03-11 00:00:00,0.9572,0.9622,0.9538,0.9595,1724670.6,777724.6
2026-03-11 01:00:00,0.9596,0.9612,0.9529,0.9569,1550450.3,718824.7
2026-03-11 02:00:00,0.9569,0.9586,0.9435,0.9511,1850920.5,827392.9
2026-03-11 03:00:00,0.9511,0.9588,0.9487,0.9499,1669091.9,953254.9
2026-03-11 04:00:00,0.9499,0.9589,0.9476,0.9576,1036584.4,606243.1
2026-03-11 05:00:00,0.9576,0.9589,0.9436,0.9479,1233110.7,544570.2
2026-03-11 06:00:00,0.9478,0.9552,0.9468,0.9513,1699009.6,677374.4
2026-03-11 07:00:00,0.9513,0.9556,0.946,0.949,753543.8,306850.9
2026-03-11 08:00:00,0.949,0.9515,0.946,0.9503,930492.2,460456.5
2026-03-11 09:00:00,0.9502,0.9516,0.9449,0.9466,961444.8,451989.4
2026-03-11 10:00:00,0.9466,0.958,0.9458,0.9534,838829.3,474428
2026-03-11 11:00:00,0.9534,0.957,0.9487,0.951,971206.8,545011.3
2026-03-11 12:00:00,0.951,0.9691,0.948,0.9609,2427603.6,1476396
2026-03-11 13:00:00,0.9609,0.9891,0.9601,0.9718,5626643.4,2946346
2026-03-11 14:00:00,0.9717,0.985,0.9695,0.975,3370783.5,1739188
2026-03-11 15:00:00,0.9751,0.9762,0.9604,0.9728,1980803.7,1044968.6
2026-03-11 16:00:00,0.973,0.9812,0.9689,0.9776,1547306.4,879550
2026-03-11 17:00:00,0.9776,0.9907,0.9762,0.9797,2835375.1,1600398.3
2026-03-11 18:00:00,0.9796,0.9919,0.9789,0.9914,1730292.6,836323.3
2026-03-11 19:00:00,0.9914,0.9984,0.9857,0.9921,2328275.4,1056279.6
2026-03-11 20:00:00,0.9921,0.9921,0.9813,0.9869,1439729,597365.5
2026-03-11 21:00:00,0.987,0.9931,0.985,0.9912,802519.5,474891.2
2026-03-11 22:00:00,0.9912,0.9952,0.9829,0.9868,1426825.7,667110.9
2026-03-11 23:00:00,0.9867,0.9893,0.9767,0.9784,1438156,551735.5
2026-03-12 00:00:00,0.9784,0.9815,0.9762,0.9793,1045554.4,623834.3
2026-03-12 01:00:00,0.9792,0.9796,0.9689,0.971,1169290.7,476300
2026-03-12 02:00:00,0.9709,0.9728,0.9618,0.9649,2080564,963467.2
2026-03-12 03:00:00,0.965,0.9722,0.9625,0.9651,768908.6,337724.5
2026-03-12 04:00:00,0.9651,0.9689,0.9643,0.9658,589006.6,269473.7
2026-03-12 05:00:00,0.9657,0.9697,0.9615,0.9665,396920.2,197300.4
2026-03-12 06:00:00,0.9665,0.97,0.9646,0.9689,510279.9,281095
2026-03-12 07:00:00,0.969,0.9799,0.9662,0.9799,1575070.2,1048009.6
2026-03-12 08:00:00,0.9799,0.987,0.9764,0.9799,1110738.5,546799.3
2026-03-12 09:00:00,0.9799,0.9858,0.9715,0.9779,1361306.6,607286.9
2026-03-12 10:00:00,0.9779,0.9854,0.9752,0.9795,1251244,742670.6
2026-03-12 11:00:00,0.9795,0.9849,0.9748,0.9773,1463136.7,682592.6
2026-03-12 12:00:00,0.9773,0.9928,0.975,0.988,1691928.3,1013266.9
2026-03-12 13:00:00,0.988,0.9898,0.9713,0.979,2504804.9,1174647
2026-03-12 14:00:00,0.9791,0.9856,0.9589,0.9672,3648407.2,1632868.1
2026-03-12 15:00:00,0.9672,0.9774,0.9633,0.9698,1806914.2,821358.3
2026-03-12 16:00:00,0.9697,0.9798,0.9627,0.9776,1107581.1,502782.3
2026-03-12 17:00:00,0.9776,0.9785,0.9712,0.9745,737440.9,348278.5
2026-03-12 18:00:00,0.9746,0.9771,0.9707,0.9719,605181.7,296319.5
2026-03-12 19:00:00,0.9717,0.9833,0.9695,0.9793,783889.4,352108.6
2026-03-12 20:00:00,0.9792,0.9804,0.9711,0.9725,493327.8,243881.8
2026-03-12 21:00:00,0.9726,0.9812,0.9726,0.9799,352129.3,214003.3
2026-03-12 22:00:00,0.9799,0.9813,0.9752,0.9805,762472.2,399620.2
2026-03-12 23:00:00,0.9804,0.996,0.9801,0.9909,2693683.1,1501846.6
2026-03-13 00:00:00,0.9908,1.022,0.9866,1.0062,6906104.9,3856550
2026-03-13 01:00:00,1.0061,1.0306,1.0059,1.0272,3204714.6,1887264.9
2026-03-13 02:00:00,1.0273,1.0301,1.0174,1.0213,2197711.2,1163770.8
2026-03-13 03:00:00,1.0214,1.0291,1.0151,1.0251,1834262.1,990147.8
2026-03-13 04:00:00,1.0251,1.0367,1.0227,1.0326,2130821.5,1207215.9
2026-03-13 05:00:00,1.0325,1.0449,1.0291,1.0364,2634823,1464658.3
2026-03-13 06:00:00,1.0365,1.0432,1.03,1.0328,2179461.6,1076490.9
2026-03-13 07:00:00,1.0328,1.038,1.0273,1.0282,2393591.9,1197294.9
2026-03-13 08:00:00,1.0282,1.0403,1.0242,1.0316,2219160.8,1114348.3
2026-03-13 09:00:00,1.0315,1.0526,1.0294,1.0469,3049819.6,1839454.2
2026-03-13 10:00:00,1.0469,1.0512,1.0393,1.0464,2969193.2,1640515.8
2026-03-13 11:00:00,1.0464,1.0486,1.0379,1.0406,1706503.1,821985
2026-03-13 12:00:00,1.0406,1.0503,1.0375,1.0417,2245833.6,1215580.6
2026-03-13 13:00:00,1.0418,1.0565,1.0381,1.0448,4680464,2941053
2026-03-13 14:00:00,1.0448,1.0511,1.0216,1.0253,6425147.5,2888214.6
2026-03-13 15:00:00,1.0254,1.034,1.0098,1.0141,4554466.2,2336715.9
2026-03-13 16:00:00,1.0141,1.0184,1.008,1.0124,3502770.3,1834979.6
2026-03-13 17:00:00,1.0123,1.0145,0.9936,1.0004,3946634.8,1918512
2026-03-13 18:00:00,1.0003,1.0055,0.9962,0.9997,1873587.8,984501.1
2026-03-13 19:00:00,0.9997,1.0037,0.9975,1.0015,1192099.4,684413.6
2026-03-13 20:00:00,1.0015,1.005,0.9993,1.0045,945498.9,563436.2
2026-03-13 21:00:00,1.0046,1.0093,0.9964,0.9982,1160818,601171.6
2026-03-13 22:00:00,0.9982,0.9992,0.9874,0.9936,1826157.5,847459.9
2026-03-13 23:00:00,0.9936,0.9966,0.9911,0.996,689233.1,390000.9
2026-03-14 00:00:00,0.9959,0.9983,0.9894,0.9902,803113.9,386069.5
2026-03-14 01:00:00,0.9902,0.9964,0.9885,0.9943,886032.8,513927.7
2026-03-14 02:00:00,0.9942,0.9949,0.9885,0.9934,861273.2,447249.9
2026-03-14 03:00:00,0.9935,0.9994,0.9923,0.9982,872716.1,428772.8
2026-03-14 04:00:00,0.9982,1.0035,0.9942,0.9947,2131549.2,867808.1
2026-03-14 05:00:00,0.9947,0.9966,0.9902,0.9933,986979.8,409077.4
2026-03-14 06:00:00,0.9933,0.9933,0.9812,0.9872,2036328.5,914076.7
2026-03-14 07:00:00,0.9873,0.9907,0.984,0.9867,631088.6,353306.6
2026-03-14 08:00:00,0.9867,0.9884,0.9848,0.9857,349063.3,166277.7
2026-03-14 09:00:00,0.9856,0.9882,0.982,0.9843,591196,230234.4
2026-03-14 10:00:00,0.9843,0.9847,0.9791,0.9816,761860,360213.9
2026-03-14 11:00:00,0.9815,0.9877,0.9813,0.9866,453353.9,242171.5
2026-03-14 12:00:00,0.9866,0.9872,0.9825,0.9853,509744.2,227881.1
2026-03-14 13:00:00,0.9852,0.9942,0.9836,0.9905,854308.4,523956.4
2026-03-14 14:00:00,0.9905,0.9935,0.9791,0.9842,3143279,1894780.5
2026-03-14 15:00:00,0.9843,0.9882,0.9822,0.9875,435689.8,208874.8
2026-03-14 16:00:00,0.9874,0.9969,0.9849,0.9962,927880.8,415550.2
2026-03-14 17:00:00,0.9961,0.9962,0.9899,0.9908,402469.1,169769.7
2026-03-14 18:00:00,0.9908,0.9923,0.988,0.9904,391018.5,214043.7
2026-03-14 19:00:00,0.9903,0.9904,0.9865,0.9871,303157.9,115908.5
2026-03-14 20:00:00,0.9871,0.9886,0.9855,0.9882,383551.8,212799.4
2026-03-14 21:00:00,0.9881,0.994,0.9867,0.9928,449122.2,221618.7
2026-03-14 22:00:00,0.9928,0.9944,0.9912,0.9928,582240.9,343225.9
2026-03-14 23:00:00,0.9928,1.003,0.9928,1.0012,1298807.1,748685.8
2026-03-15 00:00:00,1.0012,1.002,0.9953,0.9999,633940.1,313743
2026-03-15 01:00:00,0.9998,1.0048,0.9989,1.0006,794652.6,393742.8
2026-03-15 02:00:00,1.0006,1.0182,1.0006,1.0124,1508856.1,764176.2
2026-03-15 03:00:00,1.0125,1.0164,1.0069,1.012,1088991.5,483414.7
2026-03-15 04:00:00,1.012,1.0173,1.0038,1.008,1090397.2,551251.3
2026-03-15 05:00:00,1.0081,1.0151,1.0055,1.006,1351918.6,674669.5
2026-03-15 06:00:00,1.0062,1.0075,0.9983,1.0023,857993.8,326772.6
2026-03-15 07:00:00,1.0023,1.005,0.9994,1.0026,450010,241619.7
2026-03-15 08:00:00,1.0027,1.0056,1.0006,1.0056,672667.4,377059.6
2026-03-15 09:00:00,1.0055,1.0086,1.0008,1.0027,812744.4,448130.5
2026-03-15 10:00:00,1.0027,1.0082,1.0024,1.0038,453605.3,284602.4
2026-03-15 11:00:00,1.0038,1.0052,1.0011,1.0043,482595.5,281301.3
2026-03-15 12:00:00,1.0044,1.0069,1.0023,1.0042,504181.9,260711.9
2026-03-15 13:00:00,1.0042,1.0062,0.9928,1.002,1568565.1,684102.3
2026-03-15 14:00:00,1.002,1.005,0.9975,1.0043,807112.4,473598.8
2026-03-15 15:00:00,1.0043,1.0053,0.9956,1.0005,706495.8,250334.7
2026-03-15 16:00:00,1.0005,1.0048,0.9978,0.999,744192,405493.5
2026-03-15 17:00:00,0.9991,1.0139,0.9987,1.0094,1123051.7,815407.2
2026-03-15 18:00:00,1.0095,1.0108,0.9999,1.0014,869187,414184.8
2026-03-15 19:00:00,1.0014,1.007,1.0011,1.0061,991272.4,548109.9
2026-03-15 20:00:00,1.0062,1.0122,1.0011,1.0068,709344.6,440905.8
2026-03-15 21:00:00,1.0068,1.0168,1.0027,1.0154,1169119.9,666442.4
2026-03-15 22:00:00,1.0155,1.0338,1.0071,1.0294,3557940.5,1991493.2
2026-03-15 23:00:00,1.0293,1.0327,1.0135,1.024,3146531.9,1564827.8
2026-03-16 00:00:00,1.024,1.0301,1.016,1.0213,1476933.1,706270.9
2026-03-16 01:00:00,1.0213,1.028,1.0133,1.0235,1706763.9,629211.2
2026-03-16 02:00:00,1.0236,1.0253,1.0147,1.0222,718567.7,332920
2026-03-16 03:00:00,1.022,1.0499,1.0192,1.0413,5692399.1,2962501.4
2026-03-16 04:00:00,1.0412,1.0559,1.0407,1.0526,4291422.9,2527554.6
2026-03-16 05:00:00,1.0527,1.07,1.0506,1.0646,4117771.1,2525703.8
2026-03-16 06:00:00,1.0645,1.0655,1.0527,1.0601,2613194.6,1324340.5
2026-03-16 07:00:00,1.0601,1.0719,1.0601,1.0678,3330738,1940490.4
2026-03-16 08:00:00,1.0677,1.0787,1.0469,1.0497,4673934,2498653.1
2026-03-16 09:00:00,1.0497,1.062,1.0497,1.0583,2254552.8,1345586.4
2026-03-16 10:00:00,1.0584,1.0615,1.049,1.0592,2016503.9,1211376.2
2026-03-16 11:00:00,1.0592,1.062,1.0461,1.0491,1419687.5,725667.1
2026-03-16 12:00:00,1.0491,1.0534,1.0438,1.0476,2484717.8,1463836.6
2026-03-16 13:00:00,1.0475,1.0583,1.043,1.052,3291053.6,1686572.3
2026-03-16 14:00:00,1.0521,1.0577,1.0333,1.0481,5043745.5,2750238.4
2026-03-16 15:00:00,1.0482,1.0551,1.0438,1.0464,2268443.6,1182077.5
2026-03-16 16:00:00,1.0464,1.0601,1.0458,1.0568,1756719,990915.1
2026-03-16 17:00:00,1.0569,1.0599,1.0512,1.0554,2381544,1005100.5
2026-03-16 18:00:00,1.0553,1.0655,1.0527,1.055,3362097.6,1601062.6
2026-03-16 19:00:00,1.0551,1.0645,1.0527,1.0611,1683017.8,832046.5
2026-03-16 20:00:00,1.0611,1.0632,1.0565,1.0631,659578.3,407057.2
2026-03-16 21:00:00,1.0631,1.0756,1.0601,1.0686,2423851.8,1408843.7
2026-03-16 22:00:00,1.0687,1.0846,1.0687,1.0786,2347199.8,1239701.3
2026-03-16 23:00:00,1.0785,1.0785,1.061,1.0734,2584088.7,1421580.1
2026-03-17 00:00:00,1.0735,1.0836,1.0536,1.0601,5613953.6,2788111
2026-03-17 01:00:00,1.0601,1.0664,1.0496,1.0556,4012327.1,2230409.5
2026-03-17 02:00:00,1.0555,1.0601,1.0459,1.054,3077316.7,1404676.9
2026-03-17 03:00:00,1.054,1.054,1.0347,1.0399,3117968.4,1433174.7
2026-03-17 04:00:00,1.0399,1.0427,1.0242,1.0309,3049515.7,1333430.6
2026-03-17 05:00:00,1.0308,1.0347,1.0238,1.0283,1937324.1,865955.5
2026-03-17 06:00:00,1.0283,1.0329,1.0212,1.0277,1980119.9,1065915.1
2026-03-17 07:00:00,1.0278,1.0377,1.0277,1.0318,1612121.6,864613.6
2026-03-17 08:00:00,1.0318,1.0347,1.0265,1.0283,1405907.1,663763.3
2026-03-17 09:00:00,1.0283,1.0312,1.0223,1.0244,1411079.5,694814.6
2026-03-17 10:00:00,1.0243,1.0268,1.0182,1.0233,2249490.8,1410002.5
2026-03-17 11:00:00,1.0234,1.0289,1.0234,1.0254,1817312.6,907205.2
2026-03-17 12:00:00,1.0254,1.0254,1.0101,1.013,3297877.4,1705710.9
2026-03-17 13:00:00,1.0129,1.0243,1.0126,1.0182,3042662.8,1155403
2026-03-17 14:00:00,1.0183,1.0263,1.0133,1.026,2027276.9,943588.4
2026-03-17 15:00:00,1.0261,1.0326,1.0141,1.0215,1988369.2,990988.9
2026-03-17 16:00:00,1.0215,1.0291,1.0209,1.0249,1081955.8,644671.2
2026-03-17 17:00:00,1.025,1.0319,1.0232,1.0307,1045789.7,585424.1
2026-03-17 18:00:00,1.0307,1.038,1.0287,1.0365,963959.5,455869.3
2026-03-17 19:00:00,1.0364,1.039,1.0279,1.0291,1501864.3,768240.2
2026-03-17 20:00:00,1.0292,1.0356,1.0274,1.0336,558555.7,291428.1
2026-03-17 21:00:00,1.0338,1.0407,1.0332,1.0388,855625.5,468080.3
2026-03-17 22:00:00,1.0389,1.0438,1.0313,1.0375,1008718.4,430553.1
2026-03-17 23:00:00,1.0375,1.0378,1.0277,1.0292,813783.1,426307.4
2026-03-18 00:00:00,1.0293,1.034,1.02,1.0258,1681312.7,786468.4
2026-03-18 01:00:00,1.0259,1.0339,1.0255,1.031,684868.9,265267
2026-03-18 02:00:00,1.031,1.0414,1.0303,1.0362,799597.1,454072.7
2026-03-18 03:00:00,1.0362,1.049,1.0362,1.046,939009,567438.1
2026-03-18 04:00:00,1.046,1.046,1.0306,1.0378,2517434.7,1081399.4
2026-03-18 05:00:00,1.0378,1.0495,1.0324,1.0341,1116715.4,544111.8
2026-03-18 06:00:00,1.0341,1.0425,1.0331,1.0332,653554,317444.5
2026-03-18 07:00:00,1.0333,1.0333,1.0227,1.0282,1004909.4,338407.9
2026-03-18 08:00:00,1.0282,1.0328,1.0254,1.0266,738472.6,365978.1
2026-03-18 09:00:00,1.0266,1.0324,1.0253,1.0315,713273.5,414510
2026-03-18 10:00:00,1.0315,1.032,1.0195,1.0258,984658.8,440485.2
2026-03-18 11:00:00,1.0257,1.0286,0.996,1.0029,5008755.2,2562819.6
2026-03-18 12:00:00,1.0028,1.0048,0.9883,0.9905,3373058.6,1487479.2
2026-03-18 13:00:00,0.9906,0.999,0.9834,0.9925,3646191.2,1705541.2
2026-03-18 14:00:00,0.9926,0.9934,0.9723,0.9747,3045298.6,1091892.2
2026-03-18 15:00:00,0.9747,0.9831,0.969,0.9782,2091550.4,1110169.4
2026-03-18 16:00:00,0.9781,0.9791,0.9715,0.9753,974216.9,449288.1
2026-03-18 17:00:00,0.9752,0.9853,0.9723,0.9791,1390528.6,699894.5
2026-03-18 18:00:00,0.9792,0.9893,0.9727,0.9757,1841586.5,900378.8
2026-03-18 19:00:00,0.9756,0.9828,0.9756,0.9779,619489,287676.4
2026-03-18 20:00:00,0.978,0.9821,0.9664,0.9801,1569260.6,762074.8
2026-03-18 21:00:00,0.98,0.9895,0.9797,0.9877,664722.9,388292.3
2026-03-18 22:00:00,0.9877,0.9878,0.983,0.9857,617641.6,278034.6
2026-03-18 23:00:00,0.9857,0.9884,0.9833,0.9882,590479.9,307786.6
2026-03-19 00:00:00,0.9882,0.9892,0.9811,0.9822,849950.6,351514.9
2026-03-19 01:00:00,0.9822,0.985,0.9792,0.9793,646208.2,358519.1
2026-03-19 02:00:00,0.9794,0.9829,0.9757,0.9799,588021.5,321504.5
2026-03-19 03:00:00,0.9799,0.9949,0.9796,0.9882,970453.8,472351.7
2026-03-19 04:00:00,0.9881,0.9885,0.9805,0.9815,556319.7,222887.5
2026-03-19 05:00:00,0.9815,0.9828,0.9737,0.9777,542194.2,247879.1
2026-03-19 06:00:00,0.9777,0.9788,0.9704,0.9719,1020418.2,436762.5
2026-03-19 07:00:00,0.9718,0.9726,0.9533,0.9628,3734053.5,1696069
2026-03-19 08:00:00,0.9628,0.9645,0.9562,0.9594,1362126.7,692206.3
2026-03-19 09:00:00,0.9594,0.968,0.9572,0.9667,1398256.2,783789.4
2026-03-19 10:00:00,0.9667,0.9678,0.9617,0.9634,416397.3,177770.9
2026-03-19 11:00:00,0.9633,0.965,0.9602,0.9606,454655.9,272855.2
2026-03-19 12:00:00,0.9606,0.9606,0.9461,0.9472,1824158.7,581101.3
2026-03-19 13:00:00,0.9473,0.9576,0.9418,0.9546,2117508.7,1059867.4
2026-03-19 14:00:00,0.9547,0.9581,0.9467,0.9526,950983.8,502899.5
2026-03-19 15:00:00,0.9525,0.9565,0.9374,0.9486,1863034.6,968709.9
2026-03-19 16:00:00,0.9487,0.9496,0.9404,0.9429,1130027.6,436482.4
2026-03-19 17:00:00,0.9429,0.952,0.9378,0.9507,1164253.5,549987.3
2026-03-19 18:00:00,0.9507,0.9521,0.946,0.95,363921.6,192692.4
2026-03-19 19:00:00,0.9499,0.9637,0.9498,0.9554,1343390.1,598336.1
2026-03-19 20:00:00,0.9554,0.9598,0.9547,0.9575,511627.6,270387.9
2026-03-19 21:00:00,0.9574,0.9629,0.9574,0.9602,629208.6,332708.1
2026-03-19 22:00:00,0.9602,0.9612,0.9548,0.9587,747168.9,404412.4
2026-03-19 23:00:00,0.9588,0.9626,0.9547,0.9585,1023652.5,535447.9
2026-03-20 00:00:00,0.9585,0.9631,0.9583,0.9618,423994.3,193379.1
2026-03-20 01:00:00,0.9619,0.9672,0.9606,0.9642,669047.8,366488.4
2026-03-20 02:00:00,0.9643,0.9663,0.9592,0.9643,815815.2,318700.9
2026-03-20 03:00:00,0.9643,0.9699,0.9634,0.9661,723098.3,462695.6
2026-03-20 04:00:00,0.966,0.9726,0.9639,0.9718,570341.9,319662.6
2026-03-20 05:00:00,0.9717,0.9809,0.971,0.9769,2218192.8,1181538.1
2026-03-20 06:00:00,0.977,0.9771,0.9699,0.9713,744260.2,360170.8
2026-03-20 07:00:00,0.9714,0.9792,0.9615,0.9758,5718758,4344455.8
2026-03-20 08:00:00,0.9758,0.9855,0.9712,0.9739,3349398.7,1521515.8
2026-03-20 09:00:00,0.9739,0.9739,0.9659,0.9703,992866.9,545820.3
2026-03-20 10:00:00,0.9704,0.9754,0.9672,0.973,612769,319320.3
2026-03-20 11:00:00,0.973,0.9784,0.9685,0.9712,702269.8,378482.4
2026-03-20 12:00:00,0.9713,0.9749,0.9645,0.9655,522788.7,242904.3
2026-03-20 13:00:00,0.9655,0.9732,0.9617,0.9629,1041135.1,404953
2026-03-20 14:00:00,0.9629,0.9702,0.9582,0.961,1526241.4,647328.3
2026-03-20 15:00:00,0.961,0.9632,0.9543,0.9609,935402.5,427216.5
2026-03-20 16:00:00,0.9609,0.9653,0.9589,0.9631,608351.5,339553.6
2026-03-20 17:00:00,0.9631,0.9643,0.9555,0.9631,459556.7,211868.8
2026-03-20 18:00:00,0.9632,0.9638,0.9512,0.9561,588879.3,280694.4
2026-03-20 19:00:00,0.9561,0.959,0.9487,0.9583,845387.2,425871.9
2026-03-20 20:00:00,0.9583,0.9595,0.9518,0.9583,458885,227493.7
2026-03-20 21:00:00,0.9584,0.9686,0.9549,0.966,779539.4,443774.1
2026-03-20 22:00:00,0.9661,0.9718,0.9661,0.9683,848728.4,456026.1
2026-03-20 23:00:00,0.9682,0.9686,0.9618,0.9682,332472,134316
2026-03-21 00:00:00,0.9682,0.9713,0.9666,0.9687,275758.6,149118.7
2026-03-21 01:00:00,0.9686,0.9715,0.9638,0.9643,359091,153976.9
2026-03-21 02:00:00,0.9643,0.97,0.9634,0.9687,275061.9,117999.2
2026-03-21 03:00:00,0.9686,0.9687,0.9662,0.9666,113261.6,58272.6
2026-03-21 04:00:00,0.9666,0.9696,0.9643,0.9651,290755.1,190958.1
2026-03-21 05:00:00,0.9652,0.9717,0.9652,0.9683,311679.8,190999.6
2026-03-21 06:00:00,0.9683,0.9703,0.9671,0.9674,219868.2,80257
2026-03-21 07:00:00,0.9674,0.9683,0.9619,0.9633,706653.8,362894.4
2026-03-21 08:00:00,0.9633,0.9653,0.9627,0.9649,284413.1,148240.3
2026-03-21 09:00:00,0.9648,0.9682,0.9629,0.9642,268641.1,112285.7
2026-03-21 10:00:00,0.9642,0.9645,0.9603,0.9622,199937.8,107755.8
2026-03-21 11:00:00,0.9622,0.963,0.9604,0.961,187348,96897.9
2026-03-21 12:00:00,0.961,0.9625,0.9597,0.9615,272188.5,138532.6
2026-03-21 13:00:00,0.9616,0.9621,0.959,0.9605,262112.1,134917.2
2026-03-21 14:00:00,0.9606,0.9683,0.9601,0.9602,915138.4,443005.1
2026-03-21 15:00:00,0.9603,0.9667,0.9599,0.9665,392176.1,243740.7
2026-03-21 16:00:00,0.9666,0.9666,0.9597,0.9605,373472.3,166924.8
2026-03-21 17:00:00,0.9605,0.9617,0.9581,0.9599,301601,185100.5
2026-03-21 18:00:00,0.9599,0.9635,0.9597,0.9615,384649.5,259138.7
2026-03-21 19:00:00,0.9614,0.9623,0.9607,0.9618,127256.2,52720.7
2026-03-21 20:00:00,0.9618,0.964,0.9601,0.9632,375835.9,209947
2026-03-21 21:00:00,0.9632,0.964,0.9624,0.9628,731570.6,212766.9
2026-03-21 22:00:00,0.9628,0.963,0.9597,0.9603,1244189.7,455120.3
2026-03-21 23:00:00,0.9603,0.9604,0.9249,0.9326,5769949.1,2441621.5
2026-03-22 00:00:00,0.9325,0.9373,0.9161,0.9324,4876642.2,2576192.1
2026-03-22 01:00:00,0.9324,0.9366,0.9284,0.934,817536.5,418873.8
2026-03-22 02:00:00,0.9341,0.9413,0.9312,0.9376,900521.5,540829
2026-03-22 03:00:00,0.9376,0.9464,0.9344,0.9389,1170402.5,509600.6
2026-03-22 04:00:00,0.9389,0.9447,0.9375,0.9424,1143469,610729.4
2026-03-22 05:00:00,0.9424,0.9424,0.9366,0.9375,787929.5,310812.4
2026-03-22 06:00:00,0.9375,0.9375,0.9331,0.936,453026.5,157954.7
2026-03-22 07:00:00,0.9361,0.9391,0.9288,0.9294,933527.1,422396.4
2026-03-22 08:00:00,0.9294,0.9297,0.9202,0.9269,3185400.2,1872086.5
2026-03-22 09:00:00,0.9268,0.9299,0.9233,0.9262,611558.1,295652
2026-03-22 10:00:00,0.9262,0.9262,0.9206,0.9212,543392,158366.9
2026-03-22 11:00:00,0.9213,0.9231,0.9183,0.9188,902479.4,384248.2
2026-03-22 12:00:00,0.9188,0.9286,0.9188,0.924,747722.5,413504
2026-03-22 13:00:00,0.924,0.9291,0.9214,0.9236,547227.3,239668.7
2026-03-22 14:00:00,0.9237,0.9262,0.9206,0.9218,724875.4,340914.3
2026-03-22 15:00:00,0.9218,0.9259,0.9215,0.9258,689933.2,363003.8
2026-03-22 16:00:00,0.9258,0.9259,0.9224,0.9238,447022.2,236773.5
2026-03-22 17:00:00,0.9237,0.9237,0.9187,0.9209,507725.8,218060.2
2026-03-22 18:00:00,0.9208,0.9212,0.9104,0.9153,1290638.6,682148.9
2026-03-22 19:00:00,0.9153,0.9154,0.9075,0.9107,2166123.8,1180830.2
2026-03-22 20:00:00,0.9107,0.9149,0.9052,0.9056,627298,275758.1
2026-03-22 21:00:00,0.9057,0.9067,0.8935,0.9013,2085100.3,1007686.6
2026-03-22 22:00:00,0.9014,0.9119,0.8957,0.9113,1093680.7,602603.1
2026-03-22 23:00:00,0.9113,0.9142,0.9035,0.9053,829084.3,272620.5
2026-03-23 00:00:00,0.9054,0.9088,0.8995,0.9056,1335406.4,453443.8
2026-03-23 01:00:00,0.9056,0.9122,0.9037,0.9087,851236.4,500502.9
2026-03-23 02:00:00,0.9088,0.9171,0.9069,0.9132,887497.4,478057.4
2026-03-23 03:00:00,0.9132,0.9189,0.9089,0.9092,671076.1,342384.9
2026-03-23 04:00:00,0.9093,0.9161,0.9077,0.9152,479213,286230.9
2026-03-23 05:00:00,0.9152,0.9179,0.9121,0.9152,671025.4,376599.1
2026-03-23 06:00:00,0.9151,0.9151,0.8994,0.9014,2482647,1124414.5
2026-03-23 07:00:00,0.9015,0.9021,0.8907,0.8997,1672080.2,948974.5
2026-03-23 08:00:00,0.8997,0.9041,0.8941,0.896,1188732.4,689874.3
2026-03-23 09:00:00,0.896,0.9015,0.8918,0.901,988657,502490.3
2026-03-23 10:00:00,0.9011,0.9072,0.8992,0.9025,745248.4,331592.9
2026-03-23 11:00:00,0.9025,0.9666,0.902,0.9409,14818802,7250131.9
2026-03-23 12:00:00,0.941,0.9519,0.9331,0.9506,3811260.1,1950499
2026-03-23 13:00:00,0.9507,0.9596,0.9416,0.9585,3279739.3,1949319.2
2026-03-23 14:00:00,0.9586,0.9656,0.9545,0.964,2399287.9,1164376.2
2026-03-23 15:00:00,0.9639,0.9714,0.9511,0.9522,3467899.5,1495093.2
2026-03-23 16:00:00,0.9522,0.9564,0.9432,0.9547,1527251.6,604210.7
2026-03-23 17:00:00,0.9548,0.9649,0.9507,0.9611,1124660.2,635134.2
2026-03-23 18:00:00,0.9611,0.9637,0.9558,0.9629,1119336.7,448788.5
2026-03-23 19:00:00,0.963,0.9667,0.9554,0.956,762052.8,366482.8
2026-03-23 20:00:00,0.9559,0.9631,0.9517,0.9589,720925.3,347620.1
2026-03-23 21:00:00,0.9589,0.9604,0.9549,0.9554,691623.9,472783.9
2026-03-23 22:00:00,0.9555,0.9563,0.9502,0.9518,614200.3,318270.4
2026-03-23 23:00:00,0.9517,0.9551,0.9463,0.953,544111,206563.9
2026-03-24 00:00:00,0.953,0.9557,0.9415,0.945,875581.3,386305.2
2026-03-24 01:00:00,0.9449,0.9471,0.9378,0.9409,727418.7,319715.5
2026-03-24 02:00:00,0.9408,0.9467,0.9392,0.941,822614.9,486735.7
2026-03-24 03:00:00,0.941,0.9428,0.9384,0.9419,602806.9,353180.7
2026-03-24 04:00:00,0.9418,0.9449,0.9383,0.941,482063.2,205326.4
2026-03-24 05:00:00,0.9411,0.9424,0.9361,0.9394,527715.1,280840.6
2026-03-24 06:00:00,0.9394,0.9463,0.9388,0.9456,1340387.2,505090.9
2026-03-24 07:00:00,0.9455,0.9593,0.945,0.9578,1623012.4,956370.2
2026-03-24 08:00:00,0.9578,0.9616,0.9531,0.9577,837861.6,408216.2
2026-03-24 09:00:00,0.9577,0.9582,0.9514,0.9569,455157,259167
2026-03-24 10:00:00,0.9569,0.9569,0.9519,0.9546,565810.1,239176.9
2026-03-24 11:00:00,0.9546,0.956,0.9483,0.954,644010.5,330126.3
2026-03-24 12:00:00,0.954,0.9542,0.9466,0.9478,782986.3,380002.3
2026-03-24 13:00:00,0.9477,0.9511,0.9379,0.94,1764227.7,769601
2026-03-24 14:00:00,0.9401,0.9451,0.9297,0.9403,2634569.5,1028994.5
2026-03-24 15:00:00,0.9404,0.9463,0.9396,0.9411,1077508.7,588490.5
2026-03-24 16:00:00,0.9411,0.9447,0.9361,0.9376,935985.6,391325.1
2026-03-24 17:00:00,0.9378,0.9379,0.9285,0.9309,2241388.6,1030140.5
2026-03-24 18:00:00,0.931,0.9389,0.93,0.9351,766436.6,345738.6
2026-03-24 19:00:00,0.9351,0.9369,0.9316,0.9316,536252.2,248964.2
2026-03-24 20:00:00,0.9315,0.952,0.9313,0.9478,1566935.9,730762.6
2026-03-24 21:00:00,0.9478,0.949,0.943,0.9488,1009569.6,563057.1
2026-03-24 22:00:00,0.9488,0.9555,0.9471,0.95,958538.8,458075.9
2026-03-24 23:00:00,0.95,0.9555,0.9494,0.9527,1013424.2,579002.3
2026-03-25 00:00:00,0.9527,0.959,0.9485,0.9541,1058068.1,584390.3
2026-03-25 01:00:00,0.9541,0.9569,0.9517,0.9517,671485.9,332738.7
2026-03-25 02:00:00,0.9518,0.9528,0.9493,0.9496,507975.3,272359.1
2026-03-25 03:00:00,0.9497,0.9547,0.9442,0.9536,623513,332830.8
2026-03-25 04:00:00,0.9535,0.9574,0.9517,0.9571,467794.7,193480.8
2026-03-25 05:00:00,0.9572,0.9618,0.9522,0.9545,1459438.1,630919.9
2026-03-25 06:00:00,0.9544,0.9614,0.9525,0.958,780688.7,360341.2
2026-03-25 07:00:00,0.9581,0.9651,0.9573,0.9596,1060872.9,439350.4
2026-03-25 08:00:00,0.9597,0.9684,0.9597,0.9625,1056799.9,574411.4
2026-03-25 09:00:00,0.9625,0.9644,0.9587,0.963,772991.6,429588.9
2026-03-25 10:00:00,0.9631,0.9653,0.9608,0.9638,1460178.9,757179.5
2026-03-25 11:00:00,0.9637,0.9758,0.963,0.9675,2397461,1171107.8
2026-03-25 12:00:00,0.9676,0.9717,0.9595,0.9665,1856250.3,914865
2026-03-25 13:00:00,0.9666,0.9745,0.9648,0.9693,1734256,908977.8
2026-03-25 14:00:00,0.9694,0.9705,0.9623,0.9628,795383.8,337754.8
2026-03-25 15:00:00,0.9628,0.965,0.9504,0.9557,1954196.2,553128.8
2026-03-25 16:00:00,0.9557,0.9674,0.9527,0.9616,1469648.6,767135.5
2026-03-25 17:00:00,0.9617,0.9634,0.9575,0.959,584737.3,243072.9
2026-03-25 18:00:00,0.9591,0.9666,0.9591,0.9617,556661.9,316498.9
2026-03-25 19:00:00,0.9616,0.968,0.9606,0.9667,509736.9,237375.3
2026-03-25 20:00:00,0.9667,0.9672,0.9582,0.9649,768930.9,379567
2026-03-25 21:00:00,0.9649,0.9676,0.9617,0.966,635255.5,346873.1
2026-03-25 22:00:00,0.9661,0.9747,0.964,0.9714,1106305.5,734945.9
2026-03-25 23:00:00,0.9715,0.9719,0.966,0.9684,588474.2,298645.8
2026-03-26 00:00:00,0.9684,0.9702,0.965,0.9665,439158.9,197567.6
2026-03-26 01:00:00,0.9666,0.9698,0.9627,0.9627,451497.8,190536.7
2026-03-26 02:00:00,0.9627,0.9628,0.9527,0.9567,923952.3,383187.7
2026-03-26 03:00:00,0.9566,0.957,0.9494,0.9534,663538.4,261330.4
2026-03-26 04:00:00,0.9533,0.9533,0.9497,0.9511,380866.4,126595.7
2026-03-26 05:00:00,0.951,0.951,0.939,0.9403,1247347.8,542949.1
2026-03-26 06:00:00,0.9403,0.9423,0.9376,0.9397,702722.5,315958.3
2026-03-26 07:00:00,0.9397,0.9416,0.9365,0.9403,540229.3,250543.5
2026-03-26 08:00:00,0.9402,0.9418,0.9353,0.9381,801704.8,341805.2
2026-03-26 09:00:00,0.938,0.9399,0.9241,0.9289,2412143.4,853322.7
2026-03-26 10:00:00,0.9288,0.9289,0.9228,0.9252,1463908.9,661031.3
2026-03-26 11:00:00,0.9253,0.928,0.9212,0.9245,1043589.5,425842.5
2026-03-26 12:00:00,0.9246,0.9285,0.9231,0.9262,1525503.8,695488
2026-03-26 13:00:00,0.9262,0.9364,0.926,0.9307,2492767.2,1196818.4
2026-03-26 14:00:00,0.9306,0.9327,0.9228,0.9248,1400647.1,556835.3
2026-03-26 15:00:00,0.9247,0.925,0.9103,0.9146,2583132.4,967788.2
2026-03-26 16:00:00,0.9146,0.9172,0.9125,0.9129,1044990.1,400905.5
2026-03-26 17:00:00,0.9128,0.9191,0.9099,0.9133,1271532,569688.3
2026-03-26 18:00:00,0.9132,0.9165,0.909,0.915,1322406,673801.2
2026-03-26 19:00:00,0.9151,0.9176,0.9129,0.915,1502130.3,757015.3
2026-03-26 20:00:00,0.915,0.9322,0.9135,0.9254,2524282.4,1287836.3
2026-03-26 21:00:00,0.9253,0.9335,0.9235,0.9286,1079638.3,556919.2
2026-03-26 22:00:00,0.9286,0.9293,0.9228,0.9261,916776.9,425140.8
2026-03-26 23:00:00,0.9262,0.9282,0.9242,0.9253,557149.5,279278.4
2026-03-27 00:00:00,0.9254,0.9289,0.9215,0.9257,628902,382121.4
2026-03-27 01:00:00,0.9257,0.929,0.9228,0.9285,675071.3,425436.8
2026-03-27 02:00:00,0.9285,0.933,0.928,0.9287,540430.6,361542.7
2026-03-27 03:00:00,0.9288,0.9296,0.9241,0.9262,390823.9,160637.8
2026-03-27 04:00:00,0.9263,0.9274,0.9196,0.9258,773005.6,348214.6
2026-03-27 05:00:00,0.9258,0.93,0.9236,0.9239,919015.6,525621.2
2026-03-27 06:00:00,0.924,0.9242,0.9186,0.9211,684622,200837.8
2026-03-27 07:00:00,0.9211,0.9248,0.9193,0.9221,514637.8,287082
2026-03-27 08:00:00,0.9221,0.9244,0.9115,0.917,932317,424224.6
2026-03-27 09:00:00,0.9169,0.9169,0.9069,0.9099,976040.8,321843.9
2026-03-27 10:00:00,0.9099,0.9118,0.8867,0.8897,2905885.3,1171615.7
2026-03-27 11:00:00,0.8898,0.897,0.8867,0.895,1307918.9,620304.7
2026-03-27 12:00:00,0.895,0.895,0.888,0.8911,1064384.9,388161.4
2026-03-27 13:00:00,0.8911,0.8949,0.8834,0.887,1642204.6,767354.3
2026-03-27 14:00:00,0.887,0.8931,0.8844,0.8924,1835468.4,870422.1
2026-03-27 15:00:00,0.8924,0.9009,0.8894,0.8904,1768857.8,958023.4
2026-03-27 16:00:00,0.8904,0.8931,0.8861,0.8899,1144696.7,498623.2
2026-03-27 17:00:00,0.8899,0.8957,0.8846,0.8852,1516595.2,774273
2026-03-27 18:00:00,0.8851,0.8869,0.8756,0.8756,1678639.1,720226.6
2026-03-27 19:00:00,0.8756,0.8797,0.8718,0.8736,1389500.4,794644.7
2026-03-27 20:00:00,0.8737,0.8777,0.87,0.8769,794280.6,419098.7
2026-03-27 21:00:00,0.8769,0.8798,0.8766,0.8779,536427.4,271858
2026-03-27 22:00:00,0.8779,0.8803,0.8755,0.8798,1077108.8,686728.2
2026-03-27 23:00:00,0.8798,0.8809,0.877,0.8809,552450.1,230639.4
2026-03-28 00:00:00,0.8808,0.8826,0.8787,0.8796,696877.9,289428.1
2026-03-28 01:00:00,0.8795,0.8795,0.8708,0.8762,876400.7,420617.8
2026-03-28 02:00:00,0.8763,0.8799,0.8739,0.8754,854410.7,258898.3
2026-03-28 03:00:00,0.8755,0.8777,0.8746,0.8765,661591.3,403766.7
2026-03-28 04:00:00,0.8765,0.878,0.8746,0.877,868144.8,234854.9
2026-03-28 05:00:00,0.8771,0.8776,0.8739,0.8758,404314.2,184450.6
2026-03-28 06:00:00,0.8758,0.8791,0.8741,0.8778,840076.5,444870.9
2026-03-28 07:00:00,0.8778,0.8845,0.8775,0.8844,732681.9,456025.8
2026-03-28 08:00:00,0.8843,0.8884,0.8834,0.8841,613668,338635.8
2026-03-28 09:00:00,0.8842,0.8848,0.881,0.8825,352382,120880.5
2026-03-28 10:00:00,0.8825,0.889,0.8815,0.8828,493310.2,233636.5
2026-03-28 11:00:00,0.8829,0.885,0.8822,0.8836,444385.2,196942.8
2026-03-28 12:00:00,0.8836,0.8878,0.8804,0.8845,1405308.8,719741.9
2026-03-28 13:00:00,0.8845,0.8993,0.8826,0.8935,2797240.3,1608625.9
2026-03-28 14:00:00,0.8935,0.8938,0.8809,0.8843,5925486.9,1609074
2026-03-28 15:00:00,0.8843,0.8941,0.883,0.8858,1493652.1,818329
2026-03-28 16:00:00,0.8859,0.8884,0.8851,0.8879,670520,392156.7
2026-03-28 17:00:00,0.888,0.8899,0.8828,0.8849,533598,207975.8
2026-03-28 18:00:00,0.885,0.8866,0.8841,0.8852,315220.9,193197.5
2026-03-28 19:00:00,0.8852,0.8852,0.8815,0.8837,238015.4,76667.7
2026-03-28 20:00:00,0.8838,0.8876,0.8838,0.8846,427551.1,262864.5
2026-03-28 21:00:00,0.8847,0.8848,0.8761,0.877,985534.4,417723
2026-03-28 22:00:00,0.877,0.8798,0.8757,0.8778,525744.6,279873.2
2026-03-28 23:00:00,0.8777,0.8777,0.8347,0.8594,8666547.4,3788741.8
2026-03-29 00:00:00,0.8594,0.8624,0.8533,0.8605,882205.6,437921.6
2026-03-29 01:00:00,0.8605,0.8655,0.8604,0.864,2121093.2,974910.5
2026-03-29 02:00:00,0.864,0.8678,0.8623,0.866,272972.6,157582.4
2026-03-29 03:00:00,0.8661,0.8714,0.8652,0.8702,676989.1,374797.6
2026-03-29 04:00:00,0.8702,0.8708,0.8679,0.8693,299014.4,117622.6
2026-03-29 05:00:00,0.8693,0.8693,0.8654,0.8666,523627.6,274941.7
2026-03-29 06:00:00,0.8665,0.8694,0.8665,0.8672,338757.5,119281.1
2026-03-29 07:00:00,0.8673,0.8673,0.8634,0.8647,925725.1,657864.3
2026-03-29 08:00:00,0.8646,0.8656,0.8616,0.8641,590040.6,335164
2026-03-29 09:00:00,0.864,0.8644,0.8592,0.8606,676520.4,271501.9
2026-03-29 10:00:00,0.8605,0.8605,0.8556,0.8595,488106.5,216357.8
2026-03-29 11:00:00,0.8595,0.8645,0.8589,0.8608,546012.6,359725.3
2026-03-29 12:00:00,0.8608,0.8608,0.855,0.8569,612741.8,272141
2026-03-29 13:00:00,0.8569,0.8569,0.84,0.8485,3287417.6,1687994.1
2026-03-29 14:00:00,0.8486,0.8545,0.8451,0.8461,951291.2,575862
2026-03-29 15:00:00,0.8461,0.85,0.8443,0.8459,754764.6,362938.4
2026-03-29 16:00:00,0.8458,0.85,0.8422,0.8463,649767.8,278823.8
2026-03-29 17:00:00,0.8464,0.8493,0.8421,0.846,617720.6,251617.5
2026-03-29 18:00:00,0.846,0.8481,0.843,0.8444,947218.6,257336.5
2026-03-29 19:00:00,0.8445,0.8446,0.8376,0.8387,1676608.7,575655
2026-03-29 20:00:00,0.8387,0.8478,0.8382,0.8435,609457.2,314825.2
2026-03-29 21:00:00,0.8435,0.8477,0.8411,0.8474,436946.7,250182.9
2026-03-29 22:00:00,0.8473,0.8473,0.8197,0.8411,3770752.4,1766389
2026-03-29 23:00:00,0.8411,0.8478,0.8403,0.8468,1764535.3,938769.1
2026-03-30 00:00:00,0.8469,0.8637,0.8464,0.8553,1859561.9,1120989.6
2026-03-30 01:00:00,0.8553,0.8637,0.8553,0.8634,1096163,568089.1
2026-03-30 02:00:00,0.8634,0.8775,0.862,0.8699,1780537.1,951990.7
2026-03-30 03:00:00,0.8698,0.8723,0.8654,0.87,770569.2,361838.9
2026-03-30 04:00:00,0.8701,0.8734,0.8693,0.8709,722163.4,415909.8
2026-03-30 05:00:00,0.8709,0.8751,0.8698,0.8718,919437,457937
2026-03-30 06:00:00,0.8718,0.8762,0.8712,0.8728,872085.8,420650.6
2026-03-30 07:00:00,0.8729,0.8843,0.8717,0.8824,1377387.5,872841.8
2026-03-30 08:00:00,0.8824,0.8858,0.8789,0.8829,2341686.2,1534857.5
2026-03-30 09:00:00,0.8828,0.8831,0.8766,0.8771,1030500.6,429261.9
2026-03-30 10:00:00,0.8771,0.882,0.8757,0.8813,631218.5,271945.1
2026-03-30 11:00:00,0.8813,0.8928,0.8811,0.8857,1379070.9,678403.6
2026-03-30 12:00:00,0.8858,0.8906,0.8847,0.8886,1285801,506966.8
2026-03-30 13:00:00,0.8887,0.8911,0.8835,0.8846,1258574.6,606205.1
2026-03-30 14:00:00,0.8847,0.8871,0.876,0.8851,1721078.3,587509.8
2026-03-30 15:00:00,0.8851,0.8869,0.8779,0.8817,747499.1,389443
2026-03-30 16:00:00,0.8817,0.8839,0.8762,0.8791,571068.7,229608.9
2026-03-30 17:00:00,0.8792,0.8802,0.8672,0.8705,1321317.1,464732.2
2026-03-30 18:00:00,0.8704,0.8715,0.8606,0.8627,1409561.9,648165.6
2026-03-30 19:00:00,0.8627,0.8631,0.8563,0.8614,1565574.2,739319.2
2026-03-30 20:00:00,0.8613,0.8643,0.8609,0.8622,382471.8,190130.9
2026-03-30 21:00:00,0.8621,0.872,0.8612,0.8677,845247.3,515003.1
2026-03-30 22:00:00,0.8677,0.8705,0.865,0.8668,356800.8,133099
2026-03-30 23:00:00,0.8667,0.8667,0.8594,0.8638,523275.1,199875
2026-03-31 00:00:00,0.8639,0.8707,0.8609,0.8684,749457.5,391536
2026-03-31 01:00:00,0.8685,0.8878,0.8668,0.8802,1389648.2,792028.2
2026-03-31 02:00:00,0.8802,0.8838,0.8776,0.8791,649106.5,321666.3
2026-03-31 03:00:00,0.879,0.88,0.8734,0.8746,411474,209757.7
2026-03-31 04:00:00,0.8747,0.8779,0.8696,0.8704,742971.5,275476.9
2026-03-31 05:00:00,0.8704,0.8754,0.867,0.8747,796544,446000
2026-03-31 06:00:00,0.8747,0.8752,0.8708,0.874,623113.1,297025.4
2026-03-31 07:00:00,0.874,0.8756,0.8677,0.8719,732138,400366.2
2026-03-31 08:00:00,0.872,0.8734,0.862,0.8635,976974.7,382271.2
2026-03-31 09:00:00,0.8636,0.865,0.8527,0.8556,1351716.4,481174.8
2026-03-31 10:00:00,0.8557,0.8603,0.8545,0.8566,794436.1,378517.1
2026-03-31 11:00:00,0.8567,0.8613,0.8535,0.8586,1264995,657560
2026-03-31 12:00:00,0.8586,0.863,0.8574,0.8593,700040.6,381317.2
2026-03-31 13:00:00,0.8593,0.8742,0.8587,0.871,1134180.1,622531.2
2026-03-31 14:00:00,0.871,0.8778,0.8574,0.8602,1655698.3,804938.1
2026-03-31 15:00:00,0.8601,0.8704,0.8583,0.8586,1226166,630938.4
2026-03-31 16:00:00,0.8585,0.8778,0.8573,0.8752,1532955.9,852770.2
2026-03-31 17:00:00,0.8751,0.889,0.8728,0.8749,2594574.4,1390699.9
2026-03-31 18:00:00,0.8748,0.8808,0.8741,0.8777,683593,288495.7
2026-03-31 19:00:00,0.8776,0.8798,0.8717,0.8779,625050,359197.9
2026-03-31 20:00:00,0.8778,0.8816,0.8778,0.8812,490331.1,260420.6
2026-03-31 21:00:00,0.8811,0.8816,0.8744,0.8764,420225.6,191297.3
2026-03-31 22:00:00,0.8764,0.8771,0.8703,0.8738,866173.4,284920.1
2026-03-31 23:00:00,0.8738,0.8797,0.8721,0.8784,505704.9,343540
2026-04-01 00:00:00,0.8783,0.8833,0.8754,0.8826,583335,254022.8
2026-04-01 01:00:00,0.8827,0.8841,0.8748,0.8752,722291.6,364781.3
2026-04-01 02:00:00,0.8752,0.8775,0.872,0.8737,533557.6,272198.6
2026-04-01 03:00:00,0.8738,0.8832,0.8738,0.8816,604791.7,403116.4
2026-04-01 04:00:00,0.8815,0.8836,0.8794,0.8818,604526.4,282555.9
2026-04-01 05:00:00,0.8819,0.8921,0.8782,0.8914,1122360.3,606767.8
2026-04-01 06:00:00,0.8915,0.9036,0.8905,0.9014,1998756.7,1252285.8
2026-04-01 07:00:00,0.9015,0.9056,0.8968,0.8978,1169732.6,525879.3
2026-04-01 08:00:00,0.8979,0.9032,0.8949,0.8981,1537203.9,584242.7
2026-04-01 09:00:00,0.898,0.9019,0.8904,0.8913,1604533.9,663271.8
2026-04-01 10:00:00,0.8912,0.8923,0.8867,0.8902,683522.3,413967.2
2026-04-01 11:00:00,0.8901,0.8941,0.8896,0.8918,822967.4,353083.5
2026-04-01 12:00:00,0.8917,0.9009,0.8868,0.895,2684608.6,1346478.2
2026-04-01 13:00:00,0.8951,0.8991,0.8849,0.8904,1490690.2,670026.3
2026-04-01 14:00:00,0.8903,0.9004,0.8898,0.8991,1207283.2,503886
2026-04-01 15:00:00,0.899,0.9017,0.8952,0.9015,881908,464904.3
2026-04-01 16:00:00,0.9015,0.9087,0.8959,0.9055,1124392.4,554812.2
2026-04-01 17:00:00,0.9055,0.9147,0.8987,0.9009,1783886.8,735301.2
2026-04-01 18:00:00,0.9008,0.9016,0.8918,0.8934,1658588.7,813282
2026-04-01 19:00:00,0.8935,0.8988,0.8933,0.8954,412233,243241.1
2026-04-01 20:00:00,0.8955,0.8958,0.8853,0.8905,930460.5,338488.3
2026-04-01 21:00:00,0.8904,0.8971,0.8893,0.8934,524481.8,280625.4
2026-04-01 22:00:00,0.8933,0.8934,0.8832,0.8838,650787.1,290953.9
2026-04-01 23:00:00,0.8838,0.8853,0.8806,0.8821,706347,336229.7
2026-04-02 00:00:00,0.882,0.8939,0.8793,0.8923,1186701.7,679139.1
2026-04-02 01:00:00,0.8922,0.8932,0.8642,0.8697,3502261.8,1714792.5
2026-04-02 02:00:00,0.8696,0.87,0.8572,0.8615,1659250.9,706818.9
2026-04-02 03:00:00,0.8614,0.8657,0.8545,0.8589,1179144.7,459047.8
2026-04-02 04:00:00,0.8588,0.8617,0.8557,0.8566,1038368.2,444499.6
2026-04-02 05:00:00,0.8566,0.8626,0.8535,0.8617,945674.9,480235.6
2026-04-02 06:00:00,0.8617,0.866,0.8605,0.8629,717842.5,320381.4
2026-04-02 07:00:00,0.8629,0.8706,0.862,0.8637,1351272,752216.4
2026-04-02 08:00:00,0.8636,0.8636,0.8503,0.8533,1640443.9,743331.8
2026-04-02 09:00:00,0.8532,0.8584,0.853,0.8551,973962.4,508456.5
2026-04-02 10:00:00,0.8551,0.8563,0.8527,0.8537,568275.5,280019.2
2026-04-02 11:00:00,0.8538,0.8544,0.8457,0.8507,1477042.6,627682.6
2026-04-02 12:00:00,0.8506,0.8518,0.8483,0.8492,737873.1,325070.4
2026-04-02 13:00:00,0.8492,0.8506,0.842,0.8496,1763851.4,864384.2
2026-04-02 14:00:00,0.8497,0.8657,0.8475,0.8634,2111555,1084181.2
2026-04-02 15:00:00,0.8634,0.8634,0.8531,0.8585,732120.9,312203.1
2026-04-02 16:00:00,0.8584,0.8647,0.8545,0.8619,716486.1,374399
2026-04-02 17:00:00,0.8618,0.8691,0.8518,0.853,1569233.2,701841.9
2026-04-02 18:00:00,0.8531,0.8615,0.8513,0.8593,1020491.7,614356.6
2026-04-02 19:00:00,0.8594,0.8617,0.8558,0.8605,590522.5,257649.8
2026-04-02 20:00:00,0.8606,0.8671,0.8585,0.8631,765265.7,501404.9
2026-04-02 21:00:00,0.8631,0.8644,0.8599,0.8627,363966.7,135544.8
2026-04-02 22:00:00,0.8627,0.865,0.8592,0.8615,382871.7,198352.2
2026-04-02 23:00:00,0.8615,0.8632,0.8595,0.8611,304613.2,175674
2026-04-03 00:00:00,0.8612,0.863,0.8586,0.8599,189703.6,107553.4
2026-04-03 01:00:00,0.8599,0.8635,0.8571,0.8601,314342.4,170617.9
2026-04-03 02:00:00,0.8601,0.8646,0.8571,0.8631,444898.8,240050.6
2026-04-03 03:00:00,0.8632,0.868,0.8612,0.865,624970.8,308669.4
2026-04-03 04:00:00,0.865,0.8689,0.8628,0.8674,615959.4,336971.4
2026-04-03 05:00:00,0.8674,0.8741,0.8638,0.8682,656384.2,434296.2
2026-04-03 06:00:00,0.8682,0.8732,0.8653,0.8713,418002.2,198493.4
2026-04-03 07:00:00,0.8713,0.877,0.8702,0.8758,434374.2,211028.5
2026-04-03 08:00:00,0.8758,0.8803,0.8739,0.8769,1855351.8,955764.7
2026-04-03 09:00:00,0.877,0.8779,0.8727,0.8766,427353.4,195669.3
2026-04-03 10:00:00,0.8766,0.8791,0.8722,0.8765,494192.6,189210.9
2026-04-03 11:00:00,0.8766,0.8793,0.8749,0.8779,500059.6,248075.6
2026-04-03 12:00:00,0.8779,0.8854,0.8708,0.8729,1175480.1,553756.2
2026-04-03 13:00:00,0.8729,0.8734,0.8675,0.8712,818041.2,439052.6
2026-04-03 14:00:00,0.8711,0.8739,0.8681,0.8681,778346.5,322960
2026-04-03 15:00:00,0.868,0.8746,0.8654,0.8694,2074395.5,1027112.9
2026-04-03 16:00:00,0.8694,0.8777,0.8691,0.8774,891919.7,478028.3
2026-04-03 17:00:00,0.8774,0.8788,0.8735,0.8757,422914.5,238992.5
2026-04-03 18:00:00,0.8756,0.878,0.8735,0.8745,315424.1,132610.8
2026-04-03 19:00:00,0.8745,0.8748,0.8696,0.8738,788424.2,443683.4
2026-04-03 20:00:00,0.8737,0.8781,0.8732,0.8741,485090.2,235749.8
2026-04-03 21:00:00,0.8742,0.8778,0.8738,0.8765,398775.6,197140.4
2026-04-03 22:00:00,0.8765,0.877,0.8708,0.8716,389236.4,177067.8
2026-04-03 23:00:00,0.8716,0.8749,0.8707,0.8739,337963.6,176045.7
2026-04-04 00:00:00,0.8738,0.8749,0.871,0.8718,228182.5,106008.1
2026-04-04 01:00:00,0.8717,0.8724,0.8686,0.8702,538858.2,109325.6
2026-04-04 02:00:00,0.8701,0.8716,0.868,0.8688,209649,105569.3
2026-04-04 03:00:00,0.8687,0.8714,0.8644,0.8701,621233.4,322691.4
2026-04-04 04:00:00,0.87,0.8731,0.8689,0.8721,381541.1,187655.4
2026-04-04 05:00:00,0.872,0.8737,0.8702,0.8703,245532.1,117795.1
2026-04-04 06:00:00,0.8704,0.875,0.8699,0.8744,349992.7,232134.4
2026-04-04 07:00:00,0.8745,0.8748,0.8702,0.8714,306023.4,132071.6
2026-04-04 08:00:00,0.8715,0.872,0.866,0.867,310090.7,155115.1
2026-04-04 09:00:00,0.8671,0.8676,0.8654,0.8654,199047.9,93494.2
2026-04-04 10:00:00,0.8654,0.8706,0.8652,0.8702,384061.6,232487.3
2026-04-04 11:00:00,0.8701,0.8719,0.8683,0.8719,175929.7,81699.6
2026-04-04 12:00:00,0.872,0.873,0.868,0.8686,502963.4,221242.2
2026-04-04 13:00:00,0.8686,0.8693,0.8665,0.8671,513764.3,269113.3
2026-04-04 14:00:00,0.867,0.8675,0.8616,0.8669,602402.9,302939
2026-04-04 15:00:00,0.867,0.8732,0.8662,0.8698,573167.7,282845.4
2026-04-04 16:00:00,0.8699,0.8722,0.8649,0.8652,556649.9,288432.1
2026-04-04 17:00:00,0.8652,0.8712,0.8642,0.8701,325064.3,161578.7
2026-04-04 18:00:00,0.8702,0.8713,0.868,0.8689,337269.8,101883.8
2026-04-04 19:00:00,0.869,0.8762,0.8688,0.8703,1083379.5,696938.4
2026-04-04 20:00:00,0.8703,0.8711,0.8676,0.8683,194089.2,94376.2
2026-04-04 21:00:00,0.8684,0.8734,0.8679,0.8718,465196.3,208426.4
2026-04-04 22:00:00,0.8719,0.8799,0.8712,0.8716,1005722.2,530956.9
2026-04-04 23:00:00,0.8717,0.8721,0.8665,0.8718,442904.9,233665.6
2026-04-05 00:00:00,0.8719,0.8724,0.8683,0.8701,195914.4,110918.1
2026-04-05 01:00:00,0.8701,0.8718,0.8662,0.8663,437922.4,202650.5
2026-04-05 02:00:00,0.8663,0.8663,0.8633,0.8657,375933,163568
2026-04-05 03:00:00,0.8657,0.8672,0.863,0.8647,123032.5,71889.2
2026-04-05 04:00:00,0.8647,0.8647,0.8619,0.8622,244104.4,122929.8
2026-04-05 05:00:00,0.8622,0.8639,0.8555,0.8573,638760.6,291077.5
2026-04-05 06:00:00,0.8574,0.8574,0.8466,0.8542,2377620.3,693845.4
2026-04-05 07:00:00,0.8543,0.8556,0.8508,0.8519,517828.6,302110.4
2026-04-05 08:00:00,0.8518,0.8538,0.8507,0.8532,300474.9,181126.8
2026-04-05 09:00:00,0.8531,0.8553,0.8531,0.8543,323936.4,186701.5
2026-04-05 10:00:00,0.8543,0.8574,0.8531,0.8546,306394.3,168038.2
2026-04-05 11:00:00,0.8546,0.8563,0.849,0.8506,1183019.8,663844.9
2026-04-05 12:00:00,0.8506,0.8506,0.8414,0.8443,1303602.1,556992.5
2026-04-05 13:00:00,0.8443,0.8489,0.8421,0.8481,657086.1,447756.4
2026-04-05 14:00:00,0.8481,0.8498,0.8451,0.846,458605.5,254305.1
2026-04-05 15:00:00,0.8459,0.8592,0.8436,0.8497,1022175.8,584757.4
2026-04-05 16:00:00,0.8498,0.8528,0.8468,0.8472,390112.5,172914.3
2026-04-05 17:00:00,0.8473,0.8515,0.8456,0.851,286223.3,166176
2026-04-05 18:00:00,0.851,0.8523,0.8479,0.8507,285387.9,180480.2
2026-04-05 19:00:00,0.8508,0.8532,0.8467,0.8494,332478.7,132528
2026-04-05 20:00:00,0.8494,0.853,0.8484,0.8514,395409.3,256961.2
2026-04-05 21:00:00,0.8514,0.8514,0.8452,0.8462,662419.8,295825.5
2026-04-05 22:00:00,0.8463,0.858,0.8368,0.8566,2394036.3,1140465.5
2026-04-05 23:00:00,0.8567,0.8727,0.856,0.8709,2002640.5,1129830.4
2026-04-06 00:00:00,0.871,0.884,0.871,0.879,1615757.7,885403.6
2026-04-06 01:00:00,0.879,0.881,0.8735,0.8768,1248844.3,619088.7
2026-04-06 02:00:00,0.8768,0.8937,0.8767,0.8894,1511121.2,834243.1
2026-04-06 03:00:00,0.8893,0.8908,0.8833,0.8868,838272.3,322445.9
2026-04-06 04:00:00,0.8869,0.8981,0.8868,0.8913,1228854.4,555284.6
2026-04-06 05:00:00,0.8912,0.8922,0.886,0.8862,611622.4,259605.7
2026-04-06 06:00:00,0.8861,0.8891,0.8796,0.8841,2010936.8,746693.6
2026-04-06 07:00:00,0.8842,0.8878,0.8813,0.8863,535071.5,309708.8
2026-04-06 08:00:00,0.8863,0.8947,0.8849,0.8911,922282.7,547514.4
2026-04-06 09:00:00,0.8911,0.905,0.8909,0.9005,2170527.1,1245513.9
2026-04-06 10:00:00,0.9006,0.9232,0.9006,0.91,5204588,2866045.4
2026-04-06 11:00:00,0.9099,0.9105,0.9024,0.9047,2635139.1,942697.4
2026-04-06 12:00:00,0.9048,0.9107,0.9032,0.9061,1436439.8,595601.9
2026-04-06 13:00:00,0.9062,0.9079,0.9006,0.9034,976463.1,454785
2026-04-06 14:00:00,0.9034,0.9078,0.8946,0.9017,2124630,1061914.2
2026-04-06 15:00:00,0.9016,0.9037,0.898,0.9005,1173030.6,674265.6
2026-04-06 16:00:00,0.9006,0.9029,0.8956,0.897,808628.2,390426.1
2026-04-06 17:00:00,0.8969,0.8976,0.8882,0.8943,1758033.9,903471
2026-04-06 18:00:00,0.8942,0.8997,0.8934,0.8967,1110796.2,778594.3
2026-04-06 19:00:00,0.8966,0.8966,0.8906,0.8942,622521.2,283876.9
2026-04-06 20:00:00,0.8942,0.8972,0.893,0.8959,377910.5,181338.9
2026-04-06 21:00:00,0.8958,0.8973,0.8905,0.8914,520189.4,212230.8
2026-04-06 22:00:00,0.8913,0.8924,0.8759,0.8759,1543646.4,559898
2026-04-06 23:00:00,0.8759,0.8767,0.8692,0.8708,2660112,948103.8
2026-04-07 00:00:00,0.8707,0.8756,0.8704,0.8734,946713.3,352964.6
2026-04-07 01:00:00,0.8735,0.8755,0.8657,0.8673,861973.4,453400.8
2026-04-07 02:00:00,0.8672,0.8701,0.8632,0.8689,1612909.1,804153.9
2026-04-07 03:00:00,0.8688,0.8734,0.8688,0.873,469078.8,286815.1
2026-04-07 04:00:00,0.8729,0.879,0.8704,0.8745,749845.4,436979.1
2026-04-07 05:00:00,0.8745,0.8745,0.8698,0.8713,541407.5,278966
2026-04-07 06:00:00,0.8712,0.8712,0.8657,0.8696,422879.7,176785
2026-04-07 07:00:00,0.8697,0.8758,0.8692,0.8732,1266823.2,829211.9
2026-04-07 08:00:00,0.8732,0.8782,0.8732,0.8764,767981.6,417268.1
2026-04-07 09:00:00,0.8764,0.8863,0.8764,0.8835,1209670.5,713423.8
2026-04-07 10:00:00,0.8835,0.8861,0.8681,0.8696,1354602.3,486423.3
2026-04-07 11:00:00,0.8697,0.8716,0.8646,0.867,763009,417063.6
2026-04-07 12:00:00,0.867,0.8705,0.8588,0.8676,1219333.1,615120.5
2026-04-07 13:00:00,0.8677,0.8719,0.8667,0.8668,747558.9,354974.3
2026-04-07 14:00:00,0.8669,0.8718,0.8621,0.8662,1062542.9,515927.9
2026-04-07 15:00:00,0.8661,0.8736,0.8644,0.8669,1088269.8,559336.7
2026-04-07 16:00:00,0.8668,0.8699,0.8634,0.866,628350.8,345769.8
2026-04-07 17:00:00,0.866,0.8812,0.8651,0.8757,978394.4,575346.7
2026-04-07 18:00:00,0.8758,0.8772,0.8708,0.8728,533233.8,213191.7
2026-04-07 19:00:00,0.8728,0.8917,0.8722,0.8913,1926524.9,1198323.1
2026-04-07 20:00:00,0.8913,0.8978,0.8905,0.8929,2262106.9,1105742.3
2026-04-07 21:00:00,0.893,0.9174,0.893,0.9137,2800456,1662067.5
2026-04-07 22:00:00,0.9138,0.9529,0.9125,0.9529,6044126.9,3202735.5
2026-04-07 23:00:00,0.9529,0.9816,0.951,0.9599,11610948.9,5399777.2
2026-04-08 00:00:00,0.9598,0.9649,0.953,0.9563,3021354,1505462.7
2026-04-08 01:00:00,0.9563,0.9733,0.9528,0.9729,2246595.6,1230983.4
2026-04-08 02:00:00,0.9729,0.9785,0.9645,0.9659,2206722.3,913675.4
2026-04-08 03:00:00,0.9658,0.9681,0.9582,0.9589,1371534.1,633829
2026-04-08 04:00:00,0.959,0.9674,0.9588,0.9606,1684221.1,810863.7
2026-04-08 05:00:00,0.9606,0.9633,0.958,0.9618,1026497.4,487819.3
2026-04-08 06:00:00,0.9618,0.9618,0.9491,0.9517,1661588.9,699574.6
2026-04-08 07:00:00,0.9517,0.9578,0.9504,0.952,1405381.7,648372.4
2026-04-08 08:00:00,0.9521,0.9549,0.9505,0.9538,617555,326541.8
2026-04-08 09:00:00,0.9538,0.955,0.9459,0.9478,845508.9,275407.9
2026-04-08 10:00:00,0.9478,0.9517,0.9457,0.9458,690295.4,376196.3
2026-04-08 11:00:00,0.9458,0.95,0.9378,0.9474,1543965.7,833548.4
2026-04-08 12:00:00,0.9474,0.9488,0.9425,0.9469,1576365.7,812449.8
2026-04-08 13:00:00,0.9469,0.9538,0.9445,0.9467,3044791.7,1546607.8
2026-04-08 14:00:00,0.9467,0.9474,0.9203,0.9224,3654356.1,1627817.3
2026-04-08 15:00:00,0.9224,0.9353,0.921,0.9347,2182885.1,1347988.2
2026-04-08 16:00:00,0.9346,0.9361,0.9294,0.9315,880340.9,367619.6
2026-04-08 17:00:00,0.9314,0.9367,0.9268,0.9354,1686520.5,863032.3
2026-04-08 18:00:00,0.9355,0.9355,0.9207,0.921,1153464.8,302027.7
2026-04-08 19:00:00,0.9211,0.924,0.9165,0.9222,1247191.4,659063.2
2026-04-08 20:00:00,0.9222,0.9246,0.918,0.921,486939.7,186463.5
2026-04-08 21:00:00,0.9211,0.9293,0.9206,0.9285,835573,516235.5
2026-04-08 22:00:00,0.9286,0.9292,0.9174,0.9176,1068834.7,485607.4
2026-04-08 23:00:00,0.9176,0.9183,0.9112,0.9136,1216835.3,607702.5
2026-04-09 00:00:00,0.9136,0.914,0.9059,0.9084,865277.3,315456
2026-04-09 01:00:00,0.9083,0.9089,0.9,0.9059,1526368.9,753887.9
2026-04-09 02:00:00,0.9058,0.9108,0.9056,0.9087,1302578.2,842720.9
2026-04-09 03:00:00,0.9088,0.9105,0.9057,0.9091,539550.4,300856.2
2026-04-09 04:00:00,0.909,0.9128,0.9066,0.9088,1242983.8,763158.9
2026-04-09 05:00:00,0.9088,0.9137,0.9074,0.9087,944600.9,482648.2
2026-04-09 06:00:00,0.9087,0.9115,0.9079,0.91,524411.9,364048.6
2026-04-09 07:00:00,0.91,0.9111,0.9088,0.9089,312453.3,133270.3
2026-04-09 08:00:00,0.9088,0.912,0.9064,0.91,552398.4,188269.2
2026-04-09 09:00:00,0.9099,0.9165,0.9081,0.9143,616494.7,298634.5
2026-04-09 10:00:00,0.9142,0.9142,0.9108,0.9119,289001.3,137496.2
2026-04-09 11:00:00,0.912,0.9126,0.9048,0.9073,551457.4,196300
2026-04-09 12:00:00,0.9072,0.911,0.9053,0.9096,397364.6,238205.7
2026-04-09 13:00:00,0.9096,0.9121,0.9065,0.909,939504,470289.4
2026-04-09 14:00:00,0.909,0.9157,0.9044,0.9139,736660.2,341653
2026-04-09 15:00:00,0.9139,0.9382,0.9114,0.9323,3244966.7,1800289.5
2026-04-09 16:00:00,0.9324,0.9392,0.9261,0.9325,1771534.1,693811.8
2026-04-09 17:00:00,0.9324,0.9404,0.9319,0.9395,1057387.2,523978.1
2026-04-09 18:00:00,0.9395,0.9405,0.9288,0.9378,952255.7,432707.6
2026-04-09 19:00:00,0.9377,0.9452,0.9356,0.9406,1210704.8,734345.1
2026-04-09 20:00:00,0.9407,0.9449,0.9396,0.9421,769317.6,474182.3
2026-04-09 21:00:00,0.9422,0.948,0.9399,0.9438,1196155.8,578789.3
2026-04-09 22:00:00,0.9438,0.97,0.9356,0.9383,3911191.8,1977327.1
2026-04-09 23:00:00,0.9384,0.9404,0.9274,0.9306,1480035.5,633388.1
2026-04-10 00:00:00,0.9305,0.9313,0.9242,0.9297,992990.2,464262.4
2026-04-10 01:00:00,0.9296,0.9374,0.9225,0.9285,1180960.2,574572.4
2026-04-10 02:00:00,0.9284,0.9357,0.9283,0.931,524012.6,289901.5
2026-04-10 03:00:00,0.931,0.9346,0.9277,0.9292,591608.9,201292.2
2026-04-10 04:00:00,0.9293,0.9391,0.9275,0.9357,773530.2,525257.7
2026-04-10 05:00:00,0.9358,0.9409,0.9326,0.9375,1078396.4,562033.9
2026-04-10 06:00:00,0.9375,0.9599,0.9284,0.932,1995083.6,1211663.6
2026-04-10 07:00:00,0.9321,0.9351,0.9273,0.9278,607605.3,265690.8
2026-04-10 08:00:00,0.9279,0.9358,0.9241,0.9297,815321.2,398960.1
2026-04-10 09:00:00,0.9296,0.9381,0.9296,0.9371,726849.7,403724.2
2026-04-10 10:00:00,0.937,0.937,0.9314,0.9322,314168.6,157825.7
2026-04-10 11:00:00,0.9322,0.9386,0.9318,0.9349,659922.1,380780.7
2026-04-10 12:00:00,0.9348,0.9402,0.9324,0.9371,1457331.4,813466.7
2026-04-10 13:00:00,0.9372,0.9399,0.9318,0.9376,710814.4,395245.9
2026-04-10 14:00:00,0.9375,0.9491,0.934,0.9479,2210719.2,1224354.9
2026-04-10 15:00:00,0.9481,0.9532,0.9429,0.9453,1748227,933830
2026-04-10 16:00:00,0.9454,0.951,0.9434,0.9474,888559.9,470671.4
2026-04-10 17:00:00,0.9475,0.9476,0.942,0.9465,322339.7,158357.3
2026-04-10 18:00:00,0.9465,0.9613,0.9448,0.959,1505616,777310.4
2026-04-10 19:00:00,0.959,0.9625,0.9532,0.9589,1710353.9,990391.2
2026-04-10 20:00:00,0.9589,0.96,0.948,0.9539,1234542,596557.9
2026-04-10 21:00:00,0.9538,0.9541,0.9449,0.9494,951004.1,515531.3
2026-04-10 22:00:00,0.9495,0.9521,0.9425,0.9457,915026.8,414544.7
2026-04-10 23:00:00,0.9458,0.946,0.943,0.9439,720524.8,417787.6
2026-04-11 00:00:00,0.944,0.9441,0.939,0.9391,1065440.6,391650.7
2026-04-11 01:00:00,0.939,0.9402,0.9351,0.9386,505329.9,247968.7
2026-04-11 02:00:00,0.9386,0.9431,0.9376,0.9406,426859.2,258955.9
2026-04-11 03:00:00,0.9407,0.9449,0.9365,0.937,633737.7,249657.8
2026-04-11 04:00:00,0.937,0.9396,0.9356,0.9377,402434.3,222201.1
2026-04-11 05:00:00,0.9377,0.9383,0.9323,0.9332,646406.5,299355.6
2026-04-11 06:00:00,0.9332,0.9334,0.9296,0.9318,798233.8,375920
2026-04-11 07:00:00,0.9319,0.9343,0.9309,0.9333,695006.9,305116.1
2026-04-11 08:00:00,0.9333,0.9375,0.932,0.933,443787.2,204306.8
2026-04-11 09:00:00,0.9329,0.9376,0.9319,0.9365,718747.1,447339.7
2026-04-11 10:00:00,0.9364,0.9372,0.9333,0.9348,769415.2,370090.6
2026-04-11 11:00:00,0.9347,0.936,0.933,0.9334,557620.8,341545.1
2026-04-11 12:00:00,0.9333,0.9356,0.9309,0.9334,475426,247740.9
2026-04-11 13:00:00,0.9334,0.9334,0.9272,0.9323,879527.4,361607.6
2026-04-11 14:00:00,0.9323,0.9345,0.9304,0.9315,383126.2,197384.4
2026-04-11 15:00:00,0.9315,0.9368,0.931,0.936,378036.2,227042.4
2026-04-11 16:00:00,0.9361,0.9514,0.9359,0.9465,1564984.2,874927.5
2026-04-11 17:00:00,0.9465,0.9473,0.9432,0.9448,677630.1,198254.8
2026-04-11 18:00:00,0.9449,0.9591,0.9417,0.9535,1683607.1,857225.8
2026-04-11 19:00:00,0.9535,0.963,0.9524,0.9624,1823011,1124823.4
2026-04-11 20:00:00,0.9624,0.9638,0.9507,0.9528,1869808.5,761749.1
2026-04-11 21:00:00,0.9528,0.9574,0.9489,0.9537,708681,295492
2026-04-11 22:00:00,0.9537,0.9585,0.9463,0.9484,1990272.8,895125.2
2026-04-11 23:00:00,0.9483,0.9483,0.9378,0.9415,756557.2,406715.4
2026-04-12 00:00:00,0.9416,0.9416,0.9369,0.9413,818554.6,385755.7
2026-04-12 01:00:00,0.9412,0.9439,0.9062,0.9117,4684122.1,2059498.6
2026-04-12 02:00:00,0.9116,0.9173,0.9056,0.9145,2493095.6,1203785.4
2026-04-12 03:00:00,0.9145,0.917,0.9105,0.9123,974130.9,478630.5
2026-04-12 04:00:00,0.9123,0.9131,0.9098,0.9114,640442.9,255636.3
2026-04-12 05:00:00,0.9114,0.9156,0.9077,0.9149,775762.7,342196.1
2026-04-12 06:00:00,0.9148,0.9167,0.9121,0.9129,623110.7,372498.5
2026-04-12 07:00:00,0.9129,0.914,0.9106,0.9126,780447.8,399040.8
2026-04-12 08:00:00,0.9126,0.9142,0.911,0.9123,363969.7,112571.9
2026-04-12 09:00:00,0.9124,0.9133,0.911,0.9121,336292.1,195157.6
2026-04-12 10:00:00,0.9121,0.913,0.9062,0.9076,518943.7,245286.9
2026-04-12 11:00:00,0.9075,0.9122,0.9066,0.9111,427491.5,243732.8
2026-04-12 12:00:00,0.911,0.9139,0.9065,0.9074,835524.5,293168.2
2026-04-12 13:00:00,0.9073,0.9105,0.9005,0.9013,1442724.2,673853.2
2026-04-12 14:00:00,0.9014,0.9059,0.8973,0.9007,1838172.6,870676
2026-04-12 15:00:00,0.9007,0.9025,0.8969,0.9,646779,263178.3
2026-04-12 16:00:00,0.9,0.9037,0.8998,0.9031,483315,310089.9
2026-04-12 17:00:00,0.903,0.9113,0.903,0.9102,664445.4,374871.7
2026-04-12 18:00:00,0.9103,0.9117,0.9069,0.907,453302.9,331009.2
2026-04-12 19:00:00,0.9071,0.9093,0.9059,0.9065,305271.9,153338.1
2026-04-12 20:00:00,0.9066,0.9136,0.9048,0.9108,509974.4,309195.2
2026-04-12 21:00:00,0.9108,0.9123,0.9066,0.9097,458556.6,224868.2
2026-04-12 22:00:00,0.9097,0.9097,0.8999,0.9042,941432.4,420614.2
2026-04-12 23:00:00,0.9041,0.9041,0.8987,0.9012,631574.6,331154.9
2026-04-13 00:00:00,0.9013,0.9082,0.9,0.9065,396341,244965.4
2026-04-13 01:00:00,0.9065,0.9115,0.9056,0.9106,413744.9,215701.2
2026-04-13 02:00:00,0.9107,0.9107,0.9049,0.906,364762.8,158193.1
2026-04-13 03:00:00,0.906,0.9074,0.9048,0.9067,294856.8,139100.7
2026-04-13 04:00:00,0.9067,0.9083,0.9018,0.9028,325843.4,119153.3
2026-04-13 05:00:00,0.9027,0.904,0.8998,0.904,331795.1,167402.3
2026-04-13 06:00:00,0.904,0.9123,0.9034,0.9081,559451.2,354283.2
2026-04-13 07:00:00,0.9082,0.9089,0.9011,0.9017,562046.9,231062.4
2026-04-13 08:00:00,0.9016,0.9026,0.8982,0.9012,608647.2,245882.3
2026-04-13 09:00:00,0.9012,0.906,0.9012,0.9034,527559.3,281996.5
2026-04-13 10:00:00,0.9034,0.9037,0.8988,0.9,471702.8,280958.1
2026-04-13 11:00:00,0.9,0.9046,0.9,0.9041,467102.2,292317
2026-04-13 12:00:00,0.9042,0.9123,0.9013,0.9094,808807.9,466899.6
2026-04-13 13:00:00,0.9094,0.9203,0.9019,0.9199,1554785,974213.8
2026-04-13 14:00:00,0.9199,0.9228,0.909,0.9228,1492478.3,754816.3
2026-04-13 15:00:00,0.9228,0.9234,0.9101,0.913,1206048,555446.6
2026-04-13 16:00:00,0.9129,0.9218,0.9078,0.9198,838305.3,414825.6
2026-04-13 17:00:00,0.9198,0.9281,0.9164,0.9165,997344.6,504915.8
2026-04-13 18:00:00,0.9164,0.9211,0.9128,0.9211,559357.8,301026.5
2026-04-13 19:00:00,0.9211,0.9382,0.9189,0.9357,2115666.8,1119754.9
2026-04-13 20:00:00,0.9358,0.9362,0.9266,0.9286,1243342.7,507890.5
2026-04-13 21:00:00,0.9287,0.9315,0.9267,0.9299,619276.7,294913.3
2026-04-13 22:00:00,0.9298,0.9612,0.9285,0.9578,5259607.8,2907005.3
2026-04-13 23:00:00,0.9579,0.961,0.9536,0.9597,3228380.4,1731805.8
2026-04-14 00:00:00,0.9598,0.9616,0.9485,0.9492,1903143,816503.9
2026-04-14 01:00:00,0.9492,0.9554,0.9453,0.9546,1191903.5,633092.6
2026-04-14 02:00:00,0.9547,0.9566,0.952,0.9527,599274.5,259284.6
2026-04-14 03:00:00,0.9526,0.9526,0.9479,0.9493,761347.2,310444.5
2026-04-14 04:00:00,0.9493,0.9509,0.9449,0.9475,464619.9,244619.1
2026-04-14 05:00:00,0.9475,0.9475,0.9391,0.9403,751475.3,291598.3
2026-04-14 06:00:00,0.9403,0.9463,0.9403,0.9448,898791.2,426645.4
2026-04-14 07:00:00,0.9448,0.9494,0.9421,0.9444,872172.7,419349.8
2026-04-14 08:00:00,0.9445,0.9518,0.942,0.9497,922392.6,572631.1
2026-04-14 09:00:00,0.9497,0.9524,0.948,0.9512,504443,247597.2
2026-04-14 10:00:00,0.9511,0.9536,0.9496,0.9502,605054.3,282433.4
2026-04-14 11:00:00,0.9501,0.9527,0.9472,0.9481,729635.7,340680.8
2026-04-14 12:00:00,0.9481,0.9504,0.9422,0.9442,1028304.7,350063.6
2026-04-14 13:00:00,0.9443,0.961,0.9438,0.9605,1837611.8,1230902.3
2026-04-14 14:00:00,0.9606,0.9632,0.9485,0.9487,2437324.6,1169992.8
2026-04-14 15:00:00,0.9487,0.9511,0.9397,0.9435,2171670.8,1059454.5
2026-04-14 16:00:00,0.9435,0.9492,0.9379,0.9408,786474.8,297386.2
2026-04-14 17:00:00,0.9407,0.9455,0.936,0.942,836592.7,373017.6
2026-04-14 18:00:00,0.9421,0.9434,0.9244,0.9267,1509460.3,622961.4
2026-04-14 19:00:00,0.9266,0.9325,0.9245,0.9317,779577.8,376689.1
2026-04-14 20:00:00,0.9318,0.9345,0.9276,0.9293,597107.1,268992.7
2026-04-14 21:00:00,0.9294,0.9345,0.9287,0.9327,502257.6,254569.8
2026-04-14 22:00:00,0.9326,0.9347,0.9277,0.9295,487260.2,244288.4
2026-04-14 23:00:00,0.9294,0.9339,0.9283,0.9326,593387.2,324652.8
2026-04-15 00:00:00,0.9326,0.9418,0.9326,0.9379,960533.3,499718.7
2026-04-15 01:00:00,0.9379,0.9443,0.9356,0.9415,633253.4,351180.4
2026-04-15 02:00:00,0.9414,0.9438,0.9367,0.94,410885.5,159274.8
2026-04-15 03:00:00,0.94,0.9419,0.9378,0.9396,339683.3,236175.1
2026-04-15 04:00:00,0.9396,0.9433,0.938,0.9419,563881.1,303171.1
2026-04-15 05:00:00,0.9419,0.9442,0.9319,0.9349,685474.6,267046.8
2026-04-15 06:00:00,0.9349,0.935,0.9303,0.9317,387953.3,193793.1
2026-04-15 07:00:00,0.9317,0.9333,0.9261,0.929,750939,369788.6
2026-04-15 08:00:00,0.929,0.9395,0.9279,0.9388,502298.8,315001.4
2026-04-15 09:00:00,0.9389,0.9406,0.9348,0.9369,345175.9,161376.4
2026-04-15 10:00:00,0.9369,0.9425,0.9322,0.9383,671642.7,327930
2026-04-15 11:00:00,0.9384,0.9489,0.9379,0.9454,967378.4,541585.6
2026-04-15 12:00:00,0.9453,0.9536,0.9426,0.9508,902288.9,487395.9
2026-04-15 13:00:00,0.9508,0.9526,0.9431,0.9469,1084243.9,514728
2026-04-15 14:00:00,0.947,0.9541,0.9454,0.9531,1193589.2,714082
2026-04-15 15:00:00,0.9532,0.9545,0.9416,0.9467,1516127.2,590648.8
2026-04-15 16:00:00,0.9466,0.9536,0.9447,0.9514,1066005.7,632091.6
2026-04-15 17:00:00,0.9515,0.9564,0.9491,0.9527,768626.9,435470
2026-04-15 18:00:00,0.9527,0.9596,0.9513,0.9594,1000868.1,633651.5
2026-04-15 19:00:00,0.9593,0.974,0.9572,0.968,2675192.9,1627480.2
2026-04-15 20:00:00,0.968,0.9691,0.9613,0.9653,1470746.6,603243.9
2026-04-15 21:00:00,0.9652,0.971,0.9597,0.9685,946591.3,451498.3
2026-04-15 22:00:00,0.9685,0.9737,0.964,0.9641,1116499,595872
2026-04-15 23:00:00,0.9642,0.9643,0.9553,0.9589,854210,304750.1
2026-04-16 00:00:00,0.959,0.961,0.9551,0.9596,453776.9,234865.6
2026-04-16 01:00:00,0.9596,0.9605,0.9532,0.9593,543822.3,221669.7
2026-04-16 02:00:00,0.9593,0.9726,0.9591,0.968,1188920.1,675070.1
2026-04-16 03:00:00,0.9679,0.9777,0.9672,0.975,1362470.1,792498.6
2026-04-16 04:00:00,0.9749,0.9808,0.9691,0.9704,1480560.2,798112.9
2026-04-16 05:00:00,0.9704,0.973,0.963,0.9713,1128334.5,569322.7
2026-04-16 06:00:00,0.9714,0.983,0.97,0.9823,1376038.1,796556.5
2026-04-16 07:00:00,0.9824,0.99,0.9674,0.9712,2990585.2,1260205.2
2026-04-16 08:00:00,0.9711,0.9798,0.9677,0.9723,2106275.4,951804.7
2026-04-16 09:00:00,0.9723,0.9845,0.9702,0.973,1843542.2,930668.9
2026-04-16 10:00:00,0.9731,0.9748,0.9638,0.9675,1800250.4,816237.7
2026-04-16 11:00:00,0.9676,0.9717,0.9651,0.9698,774481.1,369788.6
2026-04-16 12:00:00,0.9697,0.9793,0.9696,0.9773,1439119,652260
2026-04-16 13:00:00,0.9773,0.9947,0.9588,0.9687,4451698.1,2075050
2026-04-16 14:00:00,0.9686,0.9705,0.9527,0.9667,3528717.8,1783391.2
2026-04-16 15:00:00,0.9666,0.988,0.9655,0.9853,2420977.6,1316816.7
2026-04-16 16:00:00,0.9854,0.9924,0.9705,0.9744,2817236.4,1536292.8
2026-04-16 17:00:00,0.9744,0.9805,0.9708,0.9782,1583201.7,872599
2026-04-16 18:00:00,0.9783,1.0015,0.9754,0.9956,3860050.1,2297303
2026-04-16 19:00:00,0.9957,1.0047,0.9909,1.0034,2952692.8,1782644.2
2026-04-16 20:00:00,1.0033,1.007,0.984,0.9914,2654453,1349946.2
2026-04-16 21:00:00,0.9915,1,0.9858,0.9985,1477217.5,814674.7
2026-04-16 22:00:00,0.9985,1.0137,0.9982,1.0043,3728194.3,2094490.2
2026-04-16 23:00:00,1.0043,1.0101,0.9999,1.0006,1788842.6,901438.8
2026-04-17 00:00:00,1.0005,1.005,0.9957,1.0015,1993148.7,869195.5
2026-04-17 01:00:00,1.0015,1.0059,0.9894,0.9924,1616737,714665.6
2026-04-17 02:00:00,0.9924,0.9947,0.982,0.987,1141547.7,455780.7
2026-04-17 03:00:00,0.987,0.9921,0.9831,0.9883,1052617.8,483207.4
2026-04-17 04:00:00,0.9884,0.9916,0.9863,0.9873,640828.3,320487.7
2026-04-17 05:00:00,0.9874,0.9876,0.9744,0.9759,1190507.3,508953.1
2026-04-17 06:00:00,0.976,0.9846,0.9751,0.9826,1145354.8,609115.2
2026-04-17 07:00:00,0.9826,0.9947,0.9826,0.9927,1743216.3,692727.9
2026-04-17 08:00:00,0.9927,1.0031,0.992,0.9996,1921461,1070243
2026-04-17 09:00:00,0.9995,1.0058,0.9938,0.9993,2994873.2,1247459.8
2026-04-17 10:00:00,0.9993,1.002,0.9834,0.9873,1796201.9,930482
2026-04-17 11:00:00,0.9873,1.0013,0.9872,1.0004,1309421.6,830987
2026-04-17 12:00:00,1.0005,1.012,0.9963,1.0103,3390769.6,1998458.2
2026-04-17 13:00:00,1.0102,1.0432,1.0056,1.0378,8515462.5,3771042.8
2026-04-17 14:00:00,1.0378,1.0421,1.03,1.0358,3467800.1,1825857.4
2026-04-17 15:00:00,1.0358,1.0367,1.0189,1.025,2212490.2,1142789.3
2026-04-17 16:00:00,1.0249,1.0348,1.0225,1.0345,1770417.7,1002828.4
2026-04-17 17:00:00,1.0346,1.0349,1.0134,1.02,2099724.7,885943.1
2026-04-17 18:00:00,1.0201,1.0216,1.0093,1.0138,1193151.8,630031.5
2026-04-17 19:00:00,1.0138,1.0188,1.0102,1.0138,694204.5,373915.8
2026-04-17 20:00:00,1.0139,1.0177,1.0065,1.0122,857914.3,456912.4
2026-04-17 21:00:00,1.0122,1.0175,1.007,1.0117,728714.5,382313.3
2026-04-17 22:00:00,1.0117,1.0148,1.0089,1.0096,555716.4,355067.8
2026-04-17 23:00:00,1.0095,1.0095,0.9954,0.9968,1686356.7,753908.9
2026-04-18 00:00:00,0.9967,1.0023,0.9923,0.9959,1574542.1,857757.6
2026-04-18 01:00:00,0.996,1.0007,0.9918,0.9949,790743.8,453949.7
2026-04-18 02:00:00,0.9949,1.0002,0.9907,0.998,849013.2,355891.9
2026-04-18 03:00:00,0.998,1.0014,0.994,0.9973,838695.9,344302.1
2026-04-18 04:00:00,0.9974,1.0015,0.9949,1.0001,893394.1,442511.4
2026-04-18 05:00:00,1.0001,1.0047,0.9992,1.0046,862516.1,487692.3
2026-04-18 06:00:00,1.0045,1.0045,0.9983,1.0004,724142.8,372688.1
2026-04-18 07:00:00,1.0004,1.0095,0.9998,1.0053,1225774.2,621633.1
2026-04-18 08:00:00,1.0053,1.0071,0.9839,0.9902,3371856.5,1717758.2
2026-04-18 09:00:00,0.9902,0.9911,0.9817,0.9846,1826616.8,827636.8
2026-04-18 10:00:00,0.9847,0.9848,0.9721,0.976,2532373.4,1217746
2026-04-18 11:00:00,0.9759,0.9759,0.957,0.9615,3379249.3,1674333.7
2026-04-18 12:00:00,0.9614,0.969,0.9593,0.9687,2180819.2,1193510.5
2026-04-18 13:00:00,0.9687,0.9701,0.9597,0.9657,2231584.2,1192217.1
2026-04-18 14:00:00,0.9658,0.9697,0.9631,0.9685,991301.4,602563.3
2026-04-18 15:00:00,0.9684,0.972,0.9638,0.967,781776.3,408075.6
2026-04-18 16:00:00,0.9669,0.9685,0.9596,0.962,1515491.2,749554.9
2026-04-18 17:00:00,0.962,0.9627,0.9561,0.9603,933390.9,491872.2
2026-04-18 18:00:00,0.9603,0.9625,0.9503,0.9531,1864601.9,868904.9
2026-04-18 19:00:00,0.9531,0.96,0.953,0.955,713360.8,382855.5
2026-04-18 20:00:00,0.955,0.9601,0.9527,0.9575,862571.7,506418.5
2026-04-18 21:00:00,0.9575,0.9612,0.9568,0.9604,606777.4,396166
2026-04-18 22:00:00,0.9604,0.962,0.9573,0.9609,969484.4,680693.5
2026-04-18 23:00:00,0.9608,0.9642,0.9562,0.9565,752864.2,342591.2
2026-04-19 00:00:00,0.9566,0.9581,0.9513,0.955,1506627.4,676472.4
2026-04-19 01:00:00,0.955,0.9582,0.9479,0.9513,932337.6,417912.4
2026-04-19 02:00:00,0.9512,0.9525,0.9425,0.9477,1343742.6,666179.4
2026-04-19 03:00:00,0.9477,0.9526,0.943,0.9478,887382.8,469482.1
2026-04-19 04:00:00,0.9478,0.9514,0.9416,0.9487,1388465.8,581101.5
2026-04-19 05:00:00,0.9486,0.9516,0.9457,0.9458,632660.8,304723.5
2026-04-19 06:00:00,0.9457,0.9485,0.9404,0.9472,1066119.9,518102.7
2026-04-19 07:00:00,0.9473,0.9477,0.9367,0.9448,1636563.5,774657.6
2026-04-19 08:00:00,0.9448,0.9457,0.9418,0.9446,781162.8,425491.5
2026-04-19 09:00:00,0.9446,0.9458,0.94,0.9414,578413.6,285391.1
2026-04-19 10:00:00,0.9414,0.9448,0.9393,0.9442,577503.6,342189.2
2026-04-19 11:00:00,0.9441,0.9557,0.9436,0.9545,1372215.7,876971.4
2026-04-19 12:00:00,0.9544,0.9613,0.9518,0.9558,1660606.3,1006572.3
2026-04-19 13:00:00,0.9557,0.9673,0.9553,0.9618,2428460.8,1326455.9
2026-04-19 14:00:00,0.9619,0.9717,0.9572,0.9663,1462321.1,771002.9
2026-04-19 15:00:00,0.9662,0.9666,0.9465,0.959,1872298.7,971215.9
2026-04-19 16:00:00,0.959,0.9601,0.9482,0.9513,1426727.3,641290.3
2026-04-19 17:00:00,0.9513,0.9513,0.9382,0.9384,1547407.9,572617.4
2026-04-19 18:00:00,0.9385,0.9412,0.9344,0.9395,1669556.3,742062.6
2026-04-19 19:00:00,0.9395,0.9469,0.9395,0.9443,728885.2,419091.4
2026-04-19 20:00:00,0.9443,0.9443,0.9346,0.9379,1329873.7,625917.1
2026-04-19 21:00:00,0.9379,0.9403,0.9314,0.9329,826138.5,448096.7
2026-04-19 22:00:00,0.9329,0.9329,0.9167,0.9243,3176188.7,1255489.3
2026-04-19 23:00:00,0.9242,0.9244,0.9195,0.9228,1067460.9,546519.5
2026-04-20 00:00:00,0.9229,0.9324,0.9205,0.9302,1656986.8,1042179
2026-04-20 01:00:00,0.9302,0.9361,0.9289,0.9349,895522.3,549844.8
2026-04-20 02:00:00,0.9348,0.9368,0.9287,0.9356,743496,401308.1
2026-04-20 03:00:00,0.9356,0.9406,0.9331,0.9388,1035019.6,600429.2
2026-04-20 04:00:00,0.9388,0.9408,0.9356,0.9387,574206.1,294420.7
2026-04-20 05:00:00,0.9387,0.9387,0.9279,0.9307,613231.3,299794.3
2026-04-20 06:00:00,0.9307,0.9424,0.9297,0.9383,821826.7,438756.7
2026-04-20 07:00:00,0.9383,0.9543,0.9372,0.9444,2434599.2,1243640.8
2026-04-20 08:00:00,0.9445,0.9451,0.9387,0.9397,1564478.4,796929.7
2026-04-20 09:00:00,0.9396,0.9468,0.9361,0.9368,2973640.1,1560622.3
2026-04-20 10:00:00,0.9368,0.9464,0.9341,0.9407,1536400.2,852154.9
2026-04-20 11:00:00,0.9407,0.9433,0.9388,0.9421,730561.9,395835.1
2026-04-20 12:00:00,0.9421,0.9475,0.9402,0.9449,1109703.8,615190.1
2026-04-20 13:00:00,0.945,0.9481,0.9386,0.9438,1205250.3,642464.5
2026-04-20 14:00:00,0.9439,0.9493,0.9342,0.9367,2018368.2,1170598.2
2026-04-20 15:00:00,0.9367,0.9461,0.9305,0.9443,1607010.8,900752.5
2026-04-20 16:00:00,0.9443,0.9447,0.9387,0.9399,998889.1,499707.5
2026-04-20 17:00:00,0.9398,0.9476,0.9394,0.9462,972626.5,484103.3
2026-04-20 18:00:00,0.9461,0.9538,0.9459,0.9514,1605288.7,906431.2
2026-04-20 19:00:00,0.9515,0.9527,0.9469,0.9477,710172.1,425271.2
2026-04-20 20:00:00,0.9477,0.9527,0.9455,0.9511,863394.3,543537.4
2026-04-20 21:00:00,0.9511,0.9557,0.9476,0.951,1251964.2,586160.2
2026-04-20 22:00:00,0.951,0.9525,0.9468,0.9471,440833.2,209669.7
2026-04-20 23:00:00,0.947,0.9475,0.9415,0.9441,991389.3,563675.4
2026-04-21 00:00:00,0.9441,0.9504,0.9441,0.9492,809356.2,554409.1
2026-04-21 01:00:00,0.9491,0.9515,0.9458,0.9466,516941.6,335740.1
2026-04-21 02:00:00,0.9465,0.9469,0.9414,0.9414,553914.8,235473.8
2026-04-21 03:00:00,0.9413,0.9438,0.9373,0.9419,756852.2,324422.7
2026-04-21 04:00:00,0.9418,0.9466,0.9406,0.9458,611098.2,304915.9
2026-04-21 05:00:00,0.9457,0.9511,0.9456,0.9478,534810.2,275596.5
2026-04-21 06:00:00,0.9479,0.9505,0.9427,0.9455,645987.3,382020.6
2026-04-21 07:00:00,0.9455,0.9516,0.9432,0.9485,699896.2,377384.6
2026-04-21 08:00:00,0.9484,0.9602,0.9476,0.9549,1087600.1,618273.9
2026-04-21 09:00:00,0.9548,0.9626,0.9519,0.957,2191107.7,1082386.8
2026-04-21 10:00:00,0.9571,0.9603,0.9516,0.9588,2100160.6,1210973.4
2026-04-21 11:00:00,0.9588,0.9611,0.9539,0.9555,1030808.8,552659.7
2026-04-21 12:00:00,0.9556,0.9569,0.9441,0.9491,1534096.7,724185.8
2026-04-21 13:00:00,0.9491,0.9498,0.944,0.9468,1052467.6,591776.5
2026-04-21 14:00:00,0.9469,0.9584,0.9436,0.9454,1282398.9,721787.6
2026-04-21 15:00:00,0.9454,0.9498,0.9407,0.9465,921739.3,498437.1
2026-04-21 16:00:00,0.9465,0.949,0.9397,0.94,738559.7,404805.9
2026-04-21 17:00:00,0.9401,0.9447,0.9286,0.9384,2536765.8,1411396.4
2026-04-21 18:00:00,0.9384,0.9402,0.9332,0.939,901923.9,452997.5
2026-04-21 19:00:00,0.939,0.9436,0.9263,0.9295,1516467.2,753575.7
2026-04-21 20:00:00,0.9295,0.9439,0.9288,0.9396,1704289.5,1000186.7
2026-04-21 21:00:00,0.9396,0.9405,0.9362,0.9383,542672.6,243458.9
2026-04-21 22:00:00,0.9383,0.94,0.934,0.9391,605507.6,321470.7
2026-04-21 23:00:00,0.939,0.9504,0.9387,0.9494,708726.2,448840
2026-04-22 00:00:00,0.9495,0.9515,0.9483,0.9506,795492.9,486405.5
2026-04-22 01:00:00,0.9505,0.9513,0.9445,0.9453,568669.6,279780.5
2026-04-22 02:00:00,0.9452,0.9634,0.9438,0.9626,2761712.1,1601594.4
2026-04-22 03:00:00,0.9627,0.9668,0.958,0.9619,1455811.2,978658.9
2026-04-22 04:00:00,0.9619,0.9657,0.956,0.9647,1433397.8,624922
2026-04-22 05:00:00,0.9647,0.9764,0.9621,0.9686,3002851,1757442.7
2026-04-22 06:00:00,0.9687,0.9698,0.9654,0.9686,1261629.2,539377.6
2026-04-22 07:00:00,0.9686,0.9692,0.9645,0.9676,769184.9,387752.5
2026-04-22 08:00:00,0.9676,0.9699,0.9654,0.9675,757327.4,444657.1
2026-04-22 09:00:00,0.9674,0.9708,0.9666,0.9673,587558.4,308800.7
2026-04-22 10:00:00,0.9673,0.9731,0.9658,0.9724,732490.7,436887.2
2026-04-22 11:00:00,0.9724,0.9758,0.9695,0.9709,884067.1,463972.5
2026-04-22 12:00:00,0.971,0.9728,0.9644,0.9678,1262109.7,784475
2026-04-22 13:00:00,0.9677,0.975,0.9647,0.9715,1385405.7,678280.1
2026-04-22 14:00:00,0.9716,0.9759,0.9673,0.9721,2065978.5,1116993.8
2026-04-22 15:00:00,0.9721,0.9744,0.9684,0.9706,1128053.5,638798.8
2026-04-22 16:00:00,0.9706,0.973,0.9611,0.9615,2720058,867715.2
2026-04-22 17:00:00,0.9615,0.9683,0.9611,0.967,1236990.7,521699.8
2026-04-22 18:00:00,0.9671,0.9706,0.9655,0.9662,1756004.5,617205
2026-04-22 19:00:00,0.9663,0.9664,0.953,0.9584,1755066.4,852201.1
2026-04-22 20:00:00,0.9586,0.9587,0.9517,0.9527,748865.7,340191.5
2026-04-22 21:00:00,0.9527,0.9607,0.9526,0.9589,663573.5,356184.6
2026-04-22 22:00:00,0.9588,0.9598,0.9527,0.9545,492582.6,278374.1
2026-04-22 23:00:00,0.9544,0.9548,0.9434,0.9445,1589315.1,937156.8
2026-04-23 00:00:00,0.9445,0.947,0.9306,0.9442,1854796.9,952742.5
2026-04-23 01:00:00,0.9443,0.9449,0.9372,0.9426,1038221,496684.9
2026-04-23 02:00:00,0.9427,0.9427,0.9321,0.9353,1146718.2,419389.1
2026-04-23 03:00:00,0.9352,0.9371,0.928,0.9329,1431952.8,509227.1
2026-04-23 04:00:00,0.9329,0.938,0.9316,0.9365,775082,438003.8
2026-04-23 05:00:00,0.9365,0.9395,0.934,0.9374,935658.3,469866
2026-04-23 06:00:00,0.9375,0.9453,0.9375,0.9427,971117.9,551458.4
2026-04-23 07:00:00,0.9427,0.9435,0.9381,0.9392,626107.4,276714.4
2026-04-23 08:00:00,0.9391,0.9408,0.9364,0.9388,511430.1,245886.1
2026-04-23 09:00:00,0.9387,0.9387,0.9323,0.9358,794002.7,303053.5
2026-04-23 10:00:00,0.9357,0.9366,0.9305,0.9331,1048248.9,506108.2
2026-04-23 11:00:00,0.9332,0.9427,0.933,0.9385,1452857.8,818084.7
2026-04-23 12:00:00,0.9385,0.942,0.9361,0.9402,950609.8,438812.1
2026-04-23 13:00:00,0.9402,0.9418,0.9374,0.9382,714559.3,298875
2026-04-23 14:00:00,0.9381,0.9471,0.9361,0.9459,1403568.7,776990.8
2026-04-23 15:00:00,0.9459,0.9544,0.9439,0.9492,1511927.9,770792.5
2026-04-23 16:00:00,0.9493,0.9497,0.9409,0.9418,692189.7,321377.4
2026-04-23 17:00:00,0.9419,0.9427,0.9235,0.9338,2675933,1102531.4
2026-04-23 18:00:00,0.9338,0.9378,0.931,0.9311,840684.6,418564.3
2026-04-23 19:00:00,0.931,0.9363,0.9303,0.9342,761143.2,438534.8
2026-04-23 20:00:00,0.9342,0.9428,0.9339,0.9389,656489.3,297610.6
2026-04-23 21:00:00,0.9389,0.9448,0.9389,0.9416,470789.8,180828.5
2026-04-23 22:00:00,0.9416,0.9477,0.9416,0.9435,632970.1,373004.2
2026-04-23 23:00:00,0.9434,0.9467,0.9413,0.9457,370958.8,214394.6
2026-04-24 00:00:00,0.9458,0.9511,0.9458,0.9511,606552.2,333547.8
2026-04-24 01:00:00,0.9512,0.953,0.9444,0.953,705033.5,414282.3
2026-04-24 02:00:00,0.953,0.9539,0.9469,0.9486,659175.8,255835.2
2026-04-24 03:00:00,0.9486,0.9486,0.9384,0.9433,743417.4,275068.1
2026-04-24 04:00:00,0.9434,0.944,0.9385,0.94,556482.7,248393.2
2026-04-24 05:00:00,0.9399,0.9467,0.9368,0.9441,592950.6,253755.5
2026-04-24 06:00:00,0.9442,0.9468,0.9427,0.9436,396793.2,215767.3
2026-04-24 07:00:00,0.9436,0.9471,0.9408,0.9428,758700.2,340763.8
2026-04-24 08:00:00,0.9428,0.9481,0.9416,0.9448,565720.9,362130
2026-04-24 09:00:00,0.9449,0.9456,0.9394,0.941,552718.5,209135.2
2026-04-24 10:00:00,0.941,0.9465,0.9391,0.9455,466280.2,267107.3
2026-04-24 11:00:00,0.9455,0.952,0.9453,0.9499,1154521.8,643849.4
2026-04-24 12:00:00,0.95,0.9528,0.9463,0.9482,683187.1,302130.7
2026-04-24 13:00:00,0.9482,0.9525,0.9438,0.946,687075.4,311245.9
2026-04-24 14:00:00,0.9459,0.9501,0.9429,0.9489,948643.8,477237.2
2026-04-24 15:00:00,0.9489,0.9535,0.9426,0.9527,936974.6,393692
2026-04-24 16:00:00,0.9529,0.9535,0.9461,0.9503,487508.5,267559.9
2026-04-24 17:00:00,0.9502,0.9533,0.9471,0.9514,577028,284061.3
2026-04-24 18:00:00,0.9514,0.952,0.946,0.9497,341753.9,155056.5
2026-04-24 19:00:00,0.9497,0.9522,0.9481,0.9508,355398.3,194379.4
2026-04-24 20:00:00,0.9509,0.955,0.9468,0.954,498127.8,234756.5
2026-04-24 21:00:00,0.954,0.9558,0.9481,0.9498,636290.3,228883
2026-04-24 22:00:00,0.9498,0.95,0.943,0.9443,668544.4,277483.8
2026-04-24 23:00:00,0.9444,0.9465,0.9433,0.9458,269952.4,145038.4
2026-04-25 00:00:00,0.9458,0.9476,0.9435,0.9469,206032.8,95321.8
2026-04-25 01:00:00,0.9469,0.9502,0.9464,0.9487,309733,127694.8
2026-04-25 02:00:00,0.9488,0.9522,0.946,0.9512,666960.3,403480.2
2026-04-25 03:00:00,0.9512,0.9528,0.9484,0.9508,299385.1,156852.1
2026-04-25 04:00:00,0.9509,0.9531,0.9469,0.9471,389488.5,182324.5
2026-04-25 05:00:00,0.9471,0.9487,0.9418,0.9483,1076311.5,570932.3
2026-04-25 06:00:00,0.9483,0.9527,0.9483,0.9497,335421.8,175687
2026-04-25 07:00:00,0.9497,0.9515,0.948,0.9497,278895.4,118355.9
2026-04-25 08:00:00,0.9496,0.9532,0.9494,0.9524,414183.9,276091.4
2026-04-25 09:00:00,0.9524,0.9546,0.9507,0.9528,347320.2,211515.3
2026-04-25 10:00:00,0.9528,0.9545,0.9515,0.9524,271987,119822.1
2026-04-25 11:00:00,0.9524,0.9524,0.9438,0.9458,550865.2,162414.4
2026-04-25 12:00:00,0.9459,0.947,0.9433,0.9446,537473,270287.3
2026-04-25 13:00:00,0.9444,0.9481,0.942,0.9455,923674.6,439266.9
2026-04-25 14:00:00,0.9456,0.9472,0.9434,0.9437,664420.6,204289.3
2026-04-25 15:00:00,0.9437,0.9468,0.9389,0.941,759457,355825
2026-04-25 16:00:00,0.941,0.9439,0.9332,0.9371,1140417.6,452656.1
2026-04-25 17:00:00,0.9371,0.9385,0.932,0.933,711678.1,265629.4
2026-04-25 18:00:00,0.933,0.937,0.9318,0.933,2202545.7,1585774.9
2026-04-25 19:00:00,0.933,0.936,0.9314,0.9328,1048860.8,500211.3
2026-04-25 20:00:00,0.9329,0.9357,0.9315,0.9357,364297.1,170884.4
2026-04-25 21:00:00,0.9357,0.9376,0.9347,0.9354,540342.1,220996.9
2026-04-25 22:00:00,0.9355,0.9395,0.9347,0.938,416513,224463.5
2026-04-25 23:00:00,0.9381,0.9394,0.9363,0.9387,243915.2,120941.3
2026-04-26 00:00:00,0.9387,0.9387,0.9345,0.9357,492536.2,240888.3
2026-04-26 01:00:00,0.9357,0.9359,0.9325,0.9327,368425.9,139790.8
2026-04-26 02:00:00,0.9327,0.9373,0.9327,0.9364,198456,113389.5
2026-04-26 03:00:00,0.9365,0.9383,0.9324,0.9352,411750.9,182840.1
2026-04-26 04:00:00,0.9352,0.9404,0.9338,0.9378,322509.1,161935.1
2026-04-26 05:00:00,0.9377,0.9446,0.9374,0.941,839440.4,491204.9
2026-04-26 06:00:00,0.941,0.945,0.9408,0.9435,240234.2,121031.4
2026-04-26 07:00:00,0.9435,0.9479,0.9422,0.9479,480244.7,264681.6
2026-04-26 08:00:00,0.9479,0.9496,0.9438,0.9439,1025791,501695.7
2026-04-26 09:00:00,0.944,0.9463,0.9404,0.9453,981275.2,444241.1
2026-04-26 10:00:00,0.9453,0.9469,0.944,0.9467,301816.2,142147.9
2026-04-26 11:00:00,0.9467,0.95,0.9458,0.9481,533739.9,227674.7
2026-04-26 12:00:00,0.9481,0.9489,0.9408,0.9424,696690.6,279122.6
2026-04-26 13:00:00,0.9424,0.9443,0.9403,0.9417,347054.3,184432.9
2026-04-26 14:00:00,0.9417,0.948,0.9405,0.9462,457024.9,256553.1
2026-04-26 15:00:00,0.9462,0.9478,0.9446,0.9468,288153.5,87745.2
2026-04-26 16:00:00,0.9468,0.947,0.9416,0.9423,319375.9,123541.4
2026-04-26 17:00:00,0.9422,0.9444,0.9394,0.9437,338853.9,162283.5
2026-04-26 18:00:00,0.9437,0.9477,0.942,0.9462,395755.2,214856
2026-04-26 19:00:00,0.9462,0.95,0.9455,0.946,511958.1,310556
2026-04-26 20:00:00,0.9461,0.9491,0.9447,0.9447,392302.1,199504.8
2026-04-26 21:00:00,0.9448,0.9468,0.938,0.9461,1126773.7,453842.1
2026-04-26 22:00:00,0.9462,0.9509,0.9414,0.9433,849511.6,400351.7
2026-04-26 23:00:00,0.9432,0.9496,0.9414,0.9456,601378.5,364925.3
2026-04-27 00:00:00,0.9456,0.9537,0.9421,0.9528,897674,573443.1
2026-04-27 01:00:00,0.9528,0.9612,0.9511,0.9597,1187164.6,573831.3
2026-04-27 02:00:00,0.9597,0.9601,0.9532,0.956,845445.1,384557.5
2026-04-27 03:00:00,0.9558,0.9612,0.9554,0.9567,573243.9,297907.7
2026-04-27 04:00:00,0.9568,0.9637,0.9556,0.9581,1753420.9,891827
2026-04-27 05:00:00,0.9582,0.9582,0.9316,0.9342,3712800.2,1535214.7
2026-04-27 06:00:00,0.9341,0.9369,0.925,0.9298,2551421.9,1320763.6
2026-04-27 07:00:00,0.9299,0.9303,0.924,0.925,1497281.9,526757.3
2026-04-27 08:00:00,0.925,0.929,0.9222,0.9288,1102171.3,499478.4
2026-04-27 09:00:00,0.9288,0.9314,0.9275,0.9296,1094131.1,626308.5
2026-04-27 10:00:00,0.9295,0.932,0.9268,0.929,925743.3,323762.3
2026-04-27 11:00:00,0.9291,0.93,0.9267,0.9296,510724.8,209494
2026-04-27 12:00:00,0.9296,0.9305,0.9269,0.9285,565113.6,323584.5
2026-04-27 13:00:00,0.9284,0.9317,0.9246,0.9286,684952.2,280203.8
2026-04-27 14:00:00,0.9285,0.9397,0.9276,0.9346,1322477.3,865894.9
2026-04-27 15:00:00,0.9346,0.9346,0.9123,0.9212,7461612,3456889.5
2026-04-27 16:00:00,0.9211,0.9249,0.9193,0.9217,634743.7,286530.1
2026-04-27 17:00:00,0.9217,0.928,0.9213,0.9254,874561.7,533216
2026-04-27 18:00:00,0.9253,0.9276,0.924,0.9244,385713,182694.9
2026-04-27 19:00:00,0.9244,0.9255,0.9185,0.9231,403859.6,158123.2
2026-04-27 20:00:00,0.9231,0.926,0.9231,0.9244,350087,235057.4
2026-04-27 21:00:00,0.9244,0.9269,0.9225,0.9236,251220.1,89753.4
2026-04-27 22:00:00,0.9236,0.9303,0.9235,0.9297,430380.3,238400.9
2026-04-27 23:00:00,0.9297,0.9362,0.9288,0.9356,891180.4,494939.9
2026-04-28 00:00:00,0.9356,0.9356,0.9305,0.9341,532539.8,259017
2026-04-28 01:00:00,0.934,0.9355,0.9325,0.9332,272893.4,135260.9
2026-04-28 02:00:00,0.9332,0.9343,0.9251,0.9285,620280.7,245142.3
2026-04-28 03:00:00,0.9285,0.9302,0.9267,0.9301,446861.7,200634.7
2026-04-28 04:00:00,0.9301,0.933,0.928,0.9307,449561,239366
2026-04-28 05:00:00,0.9308,0.936,0.9308,0.9329,728540.8,410699.6
2026-04-28 06:00:00,0.9329,0.9357,0.9237,0.9271,660379.2,287905.5
2026-04-28 07:00:00,0.9272,0.9285,0.9207,0.9262,1330105.9,743745.5
2026-04-28 08:00:00,0.9263,0.9325,0.9246,0.9277,1149840.2,577309.3
2026-04-28 09:00:00,0.9278,0.9281,0.9217,0.9233,238305.4,99773.9
2026-04-28 10:00:00,0.9233,0.9258,0.9221,0.9248,321719.7,155387.8
2026-04-28 11:00:00,0.9249,0.9255,0.9174,0.9188,818842.4,427454.5
2026-04-28 12:00:00,0.9189,0.9234,0.9171,0.9227,1272867.8,681218.9
2026-04-28 13:00:00,0.9226,0.9265,0.9152,0.9217,1039191.3,528862.1
2026-04-28 14:00:00,0.9216,0.9216,0.9131,0.9196,1028229,549483.9
2026-04-28 15:00:00,0.9196,0.9219,0.9178,0.9211,938764.9,439332.6
2026-04-28 16:00:00,0.9211,0.9219,0.9172,0.9205,613221.4,253712.9
2026-04-28 17:00:00,0.9205,0.924,0.917,0.9215,495289.9,293847.8
2026-04-28 18:00:00,0.9215,0.926,0.9215,0.9254,797643.5,537159.5
2026-04-28 19:00:00,0.9253,0.9287,0.9236,0.9274,731326.1,398608.6
2026-04-28 20:00:00,0.9275,0.9291,0.9251,0.9263,324125.8,117025.6
2026-04-28 21:00:00,0.9263,0.9292,0.9236,0.9247,624871.3,280367
2026-04-28 22:00:00,0.9247,0.9273,0.9227,0.9242,270195.8,138323.4
2026-04-28 23:00:00,0.9242,0.926,0.9226,0.9254,618261.7,273597.6
2026-04-29 00:00:00,0.9255,0.9261,0.9231,0.9251,417988.4,219552.2
2026-04-29 01:00:00,0.925,0.9269,0.9211,0.9258,529985.7,260273.3
2026-04-29 02:00:00,0.9258,0.9275,0.9205,0.9249,1281641.6,382768.9
2026-04-29 03:00:00,0.9249,0.9329,0.9249,0.932,673989.5,405571.2
2026-04-29 04:00:00,0.932,0.9379,0.9297,0.9354,903263.2,521932.9
2026-04-29 05:00:00,0.9354,0.9365,0.9327,0.9335,1209721.6,633193.7
2026-04-29 06:00:00,0.9334,0.9345,0.9296,0.9311,663390.7,298046.5
2026-04-29 07:00:00,0.9311,0.9333,0.9278,0.9305,806259.2,245671.7
2026-04-29 08:00:00,0.9306,0.931,0.9256,0.9267,551339.1,281653
2026-04-29 09:00:00,0.9266,0.9373,0.9258,0.9355,1047717.8,597250.2
2026-04-29 10:00:00,0.9356,0.9373,0.931,0.9321,1089137.7,520918.8
2026-04-29 11:00:00,0.9321,0.9327,0.9282,0.9298,584937.7,279492.1
2026-04-29 12:00:00,0.9299,0.9301,0.9177,0.923,1990786.7,926241.2
2026-04-29 13:00:00,0.9229,0.9241,0.9136,0.9194,1079049.5,388310.8
2026-04-29 14:00:00,0.9193,0.9211,0.9154,0.9163,499848.7,265200.1
2026-04-29 15:00:00,0.9163,0.9171,0.8989,0.902,2796699,1131938.9
2026-04-29 16:00:00,0.9019,0.9054,0.8995,0.9018,1026981.2,428727
2026-04-29 17:00:00,0.9019,0.9096,0.9012,0.9093,1034446.9,666484.1
2026-04-29 18:00:00,0.9093,0.9103,0.8815,0.8985,4890454.7,2618697.6
2026-04-29 19:00:00,0.8986,0.9004,0.8941,0.8979,1745009,809686.6
2026-04-29 20:00:00,0.898,0.9041,0.8973,0.9019,1313880.4,653021.6
2026-04-29 21:00:00,0.9018,0.9096,0.9007,0.9062,795498,393264.2
2026-04-29 22:00:00,0.9061,0.9079,0.9041,0.906,392442,211132.8
2026-04-29 23:00:00,0.906,0.9079,0.9039,0.907,434491,158317
2026-04-30 00:00:00,0.9071,0.9181,0.9064,0.9165,990612.4,495243.1
2026-04-30 01:00:00,0.9164,0.9186,0.9131,0.9151,824496.6,464538
2026-04-30 02:00:00,0.9151,0.9167,0.9057,0.9112,972163.5,419400.9
2026-04-30 03:00:00,0.9111,0.9131,0.9078,0.9116,496307,230280
2026-04-30 04:00:00,0.9117,0.9118,0.9013,0.9027,967002.1,367881.9
2026-04-30 05:00:00,0.9027,0.9054,0.8988,0.9016,390184.5,135678.3
2026-04-30 06:00:00,0.9016,0.906,0.901,0.9048,320241.9,152814.2
2026-04-30 07:00:00,0.9048,0.9104,0.904,0.9099,366679,180785.2
2026-04-30 08:00:00,0.91,0.911,0.9064,0.907,463173.1,239341.5
2026-04-30 09:00:00,0.907,0.9131,0.9061,0.9078,347496.7,188261.4
2026-04-30 10:00:00,0.908,0.9087,0.9032,0.9041,433889.6,200716.6
2026-04-30 11:00:00,0.9042,0.9091,0.9029,0.9069,790890.6,403041.7
2026-04-30 12:00:00,0.907,0.9109,0.9059,0.9059,510483.6,281108
2026-04-30 13:00:00,0.9059,0.9093,0.9022,0.9052,420074.9,202638.1
2026-04-30 14:00:00,0.9051,0.9083,0.9021,0.9024,694653.3,291160.1
2026-04-30 15:00:00,0.9024,0.9098,0.9014,0.9077,456406.8,280798.3
2026-04-30 16:00:00,0.9077,0.9087,0.9051,0.9063,262298.2,113261.2
2026-04-30 17:00:00,0.9063,0.9077,0.9045,0.9063,614966.7,343323
2026-04-30 18:00:00,0.9062,0.91,0.9053,0.907,425990.7,161089
2026-04-30 19:00:00,0.9069,0.909,0.9061,0.9072,288357.8,155245.2
2026-04-30 20:00:00,0.9071,0.9088,0.9058,0.908,542499.6,284741.5
2026-04-30 21:00:00,0.908,0.909,0.9047,0.9048,188795.5,72716.1
2026-04-30 22:00:00,0.9048,0.9069,0.9041,0.9048,305780.7,184545.5
2026-04-30 23:00:00,0.9048,0.9087,0.9045,0.9082,259274.8,115420.3
2026-05-01 00:00:00,0.9083,0.9121,0.9071,0.908,520514.3,276446.4
2026-05-01 01:00:00,0.9081,0.9135,0.908,0.9123,502232.9,240856.1
2026-05-01 02:00:00,0.9123,0.9125,0.9093,0.9118,266037.5,147615.1
2026-05-01 03:00:00,0.9117,0.9208,0.9105,0.9163,1239284.3,632845.7
2026-05-01 04:00:00,0.9164,0.9199,0.915,0.9164,475928.3,216138.4
2026-05-01 05:00:00,0.9164,0.9194,0.9155,0.9164,359736.1,203556.9
2026-05-01 06:00:00,0.9165,0.9193,0.9127,0.9141,816887.1,284868.8
2026-05-01 07:00:00,0.9141,0.9164,0.9125,0.9152,465696.2,190741.8
2026-05-01 08:00:00,0.9152,0.9177,0.9141,0.9167,404235.3,230817.9
2026-05-01 09:00:00,0.9166,0.9168,0.9119,0.9137,333380.9,156264.5
2026-05-01 10:00:00,0.9137,0.9144,0.9094,0.9137,281002,140424.7
2026-05-01 11:00:00,0.9137,0.9162,0.9115,0.9143,342419.7,214512.3
2026-05-01 12:00:00,0.9143,0.9197,0.9129,0.9167,1262813.9,646467.1
2026-05-01 13:00:00,0.9168,0.9271,0.9168,0.9252,2107886.9,1152241.2
2026-05-01 14:00:00,0.9252,0.926,0.9176,0.9224,1091475.8,509985.8
2026-05-01 15:00:00,0.9223,0.9279,0.9191,0.9251,1488199.7,627480.2
2026-05-01 16:00:00,0.9251,0.9273,0.9216,0.9241,771060.1,306411.8
2026-05-01 17:00:00,0.924,0.9261,0.9215,0.9253,403614.1,175156.8
2026-05-01 18:00:00,0.9253,0.9264,0.9237,0.9253,800053.1,440123.4
2026-05-01 19:00:00,0.9253,0.9268,0.923,0.924,368342.9,141067
2026-05-01 20:00:00,0.9241,0.9251,0.9178,0.9204,773314.1,381331.9
2026-05-01 21:00:00,0.9204,0.9231,0.919,0.9228,332407,158420.9
2026-05-01 22:00:00,0.9227,0.9243,0.9172,0.9205,870767.5,280162.4
2026-05-01 23:00:00,0.9204,0.9204,0.9162,0.9189,411440.9,219190.6
2026-05-02 00:00:00,0.919,0.9201,0.9162,0.9192,354414.9,179199
2026-05-02 01:00:00,0.9192,0.9219,0.9182,0.9204,416787,237838.5
2026-05-02 02:00:00,0.9203,0.9212,0.9184,0.9185,407138.6,236957.7
2026-05-02 03:00:00,0.9185,0.9234,0.916,0.92,860748.8,489756.6
2026-05-02 04:00:00,0.92,0.92,0.9167,0.9184,344013.3,146426.6
2026-05-02 05:00:00,0.9185,0.9186,0.9143,0.9165,394311.4,144403.7
2026-05-02 06:00:00,0.9165,0.9205,0.9157,0.9201,313668.5,129474.6
2026-05-02 07:00:00,0.9201,0.9207,0.916,0.9174,457464.8,197941.9
2026-05-02 08:00:00,0.9174,0.9182,0.9164,0.9173,197535,58689
2026-05-02 09:00:00,0.9172,0.9206,0.9165,0.9197,449941.3,197692.2
2026-05-02 10:00:00,0.9196,0.9201,0.918,0.9183,441454,145459.1
2026-05-02 11:00:00,0.9183,0.9197,0.9158,0.9166,412692.1,231168.9
2026-05-02 12:00:00,0.9166,0.9188,0.9164,0.9172,406546.7,217162.1
2026-05-02 13:00:00,0.9173,0.9206,0.917,0.9199,164704.8,109557.7
2026-05-02 14:00:00,0.9198,0.9223,0.9194,0.9213,377728.2,173241.3
2026-05-02 15:00:00,0.9213,0.9289,0.9178,0.9269,2068319.9,1059587.4
2026-05-02 16:00:00,0.9269,0.9281,0.9228,0.9273,626644,264131.9
2026-05-02 17:00:00,0.9273,0.9277,0.9229,0.9232,310262.3,170252.2
2026-05-02 18:00:00,0.9232,0.9264,0.9208,0.9255,467811.2,223053.7
2026-05-02 19:00:00,0.9255,0.9273,0.9247,0.9268,307888.6,184878.1
2026-05-02 20:00:00,0.9269,0.9277,0.9258,0.9263,345684.3,208676.6
2026-05-02 21:00:00,0.9263,0.934,0.9261,0.9291,1006960.8,455399.3
2026-05-02 22:00:00,0.9292,0.9306,0.9268,0.9295,742680.6,454390.3
2026-05-02 23:00:00,0.9295,0.9295,0.9252,0.9276,707023.4,382556.2
2026-05-03 00:00:00,0.9277,0.9282,0.9224,0.9235,328439.4,128673
2026-05-03 01:00:00,0.9235,0.9235,0.9161,0.9168,545866.6,173052.3
2026-05-03 02:00:00,0.9168,0.9174,0.9134,0.9165,686235.2,280905.1
2026-05-03 03:00:00,0.9165,0.9175,0.9145,0.9169,278606.5,115762.3
2026-05-03 04:00:00,0.9168,0.9178,0.9156,0.9163,214728.6,123159.2
2026-05-03 05:00:00,0.9163,0.9182,0.9146,0.9164,318922,145791.7
2026-05-03 06:00:00,0.9165,0.9177,0.9117,0.916,500328.3,159266.6
2026-05-03 07:00:00,0.9161,0.919,0.9158,0.9172,264367.1,163981.4
2026-05-03 08:00:00,0.9171,0.9197,0.9169,0.9173,154354.6,75711.5
2026-05-03 09:00:00,0.9173,0.9203,0.9161,0.9196,307043.5,178700.8
2026-05-03 10:00:00,0.9195,0.9211,0.9181,0.9182,371703.8,171202.4
2026-05-03 11:00:00,0.9181,0.9249,0.9168,0.9213,772506.4,451144.9
2026-05-03 12:00:00,0.9214,0.9254,0.9214,0.9233,607639.4,323677.1
2026-05-03 13:00:00,0.9234,0.9244,0.9214,0.9224,463573.9,260119.9
2026-05-03 14:00:00,0.9225,0.9306,0.9223,0.9261,1103940.5,522128.5
2026-05-03 15:00:00,0.926,0.9299,0.9232,0.9254,837683.7,354041.8
2026-05-03 16:00:00,0.9255,0.926,0.923,0.9233,361142.1,232488.3
2026-05-03 17:00:00,0.9232,0.9254,0.9204,0.923,225975.3,82016.1
2026-05-03 18:00:00,0.9231,0.9254,0.9224,0.9236,248274,86311.1
2026-05-03 19:00:00,0.9238,0.9271,0.9231,0.9252,264011.1,103842.9
2026-05-03 20:00:00,0.9251,0.93,0.9241,0.925,557781.7,300042.3
2026-05-03 21:00:00,0.925,0.9278,0.9185,0.9219,532588.8,217217.3
2026-05-03 22:00:00,0.9219,0.9302,0.9219,0.9269,766530.2,432209.2
2026-05-03 23:00:00,0.9268,0.9281,0.92,0.9201,458537.8,150388
2026-05-04 00:00:00,0.9201,0.9218,0.9125,0.9203,1340810.9,437317.6
2026-05-04 01:00:00,0.9203,0.9322,0.916,0.9303,1509927,826401.4
2026-05-04 02:00:00,0.9304,0.9424,0.9292,0.9392,2245805.2,1084155.4
2026-05-04 03:00:00,0.9392,0.9429,0.9361,0.9414,2037009.7,1009406.1
2026-05-04 04:00:00,0.9415,0.9587,0.9415,0.9461,4097202.3,2076209.5
2026-05-04 05:00:00,0.946,0.9466,0.9401,0.9446,1068232.8,564140
2026-05-04 06:00:00,0.9446,0.9457,0.9353,0.9411,985608.2,321928.8
2026-05-04 07:00:00,0.9412,0.9426,0.9386,0.9405,491075.6,289727.3
2026-05-04 08:00:00,0.9405,0.9424,0.9382,0.9385,727345.3,321633.7
2026-05-04 09:00:00,0.9384,0.95,0.9382,0.948,1018267.7,573328.8
2026-05-04 10:00:00,0.948,0.9488,0.9194,0.9275,4887743.4,2392084.4
2026-05-04 11:00:00,0.9275,0.9298,0.9248,0.9272,1304006.5,679733.7
2026-05-04 12:00:00,0.9271,0.9307,0.9256,0.9273,736379.7,337330.9
2026-05-04 13:00:00,0.9274,0.9312,0.9224,0.9266,1604965.4,838092.2
2026-05-04 14:00:00,0.9265,0.9414,0.9225,0.9374,1637653.4,830891.9
2026-05-04 15:00:00,0.9373,0.9386,0.9242,0.9293,2838314.9,1316499.5
2026-05-04 16:00:00,0.9293,0.9343,0.9241,0.9308,1841553.6,820358.6
2026-05-04 17:00:00,0.9308,0.9428,0.9307,0.9393,999206.2,536396.1
2026-05-04 18:00:00,0.9393,0.9424,0.9371,0.9399,684782.8,348672.1
2026-05-04 19:00:00,0.9399,0.9404,0.9336,0.9353,451503,168820.5
2026-05-04 20:00:00,0.9354,0.9355,0.9293,0.9305,367615.9,143925.3
2026-05-04 21:00:00,0.9304,0.9378,0.9303,0.9365,505884.8,268456.1
2026-05-04 22:00:00,0.9364,0.9384,0.9308,0.9316,400939.6,179761.1
2026-05-04 23:00:00,0.9315,0.9317,0.9277,0.929,381026.1,160649.3
2026-05-05 00:00:00,0.9291,0.9316,0.9279,0.9301,341591.8,196697.3
2026-05-05 01:00:00,0.9302,0.9345,0.9285,0.9339,429955.2,201590.1
2026-05-05 02:00:00,0.934,0.9404,0.9326,0.9374,1155830,395531.6
2026-05-05 03:00:00,0.9375,0.9439,0.9353,0.9413,755976,398412.3
2026-05-05 04:00:00,0.9413,0.9429,0.9388,0.9402,436576,211450.7
2026-05-05 05:00:00,0.9401,0.9474,0.9392,0.9446,913485.9,490288.2
2026-05-05 06:00:00,0.9447,0.9462,0.9415,0.9461,604691.6,247816.5
2026-05-05 07:00:00,0.9462,0.9504,0.9452,0.9457,914798,571232.3
2026-05-05 08:00:00,0.9457,0.9485,0.9451,0.9484,623614.8,274182.9
2026-05-05 09:00:00,0.9485,0.9512,0.9467,0.948,1029729.9,682882.1
2026-05-05 10:00:00,0.9481,0.9559,0.9457,0.9541,1386404,687027
2026-05-05 11:00:00,0.9541,0.9558,0.9502,0.9557,1042655.8,578442.4
2026-05-05 12:00:00,0.9557,0.9728,0.9549,0.971,3000492.1,1779399.6
2026-05-05 13:00:00,0.9711,0.9823,0.9656,0.9666,4299054.6,1944851
2026-05-05 14:00:00,0.9666,0.9697,0.9561,0.9617,2367233.5,1084786.6
2026-05-05 15:00:00,0.9616,0.9668,0.959,0.9628,1150240.5,559475.3
2026-05-05 16:00:00,0.9629,0.9678,0.956,0.9608,1743046,862355.6
2026-05-05 17:00:00,0.9607,0.9624,0.9566,0.9588,750684,251843.7
2026-05-05 18:00:00,0.9589,0.9614,0.9576,0.9595,685326.9,300962.7
2026-05-05 19:00:00,0.9595,0.9644,0.9592,0.9622,658524.6,426740.6
2026-05-05 20:00:00,0.9621,0.9731,0.9618,0.9731,1210128.2,732636.2
2026-05-05 21:00:00,0.9731,0.9774,0.9709,0.975,1252851.6,664675.5
2026-05-05 22:00:00,0.9751,0.979,0.967,0.9706,1604490.8,792792.7
2026-05-05 23:00:00,0.9706,0.9734,0.9644,0.9664,798044.9,358761.5
2026-05-06 00:00:00,0.9663,0.9699,0.9627,0.9678,1006114.9,463058.2
2026-05-06 01:00:00,0.9678,0.9879,0.9671,0.9849,1769460.2,1010460.3
2026-05-06 02:00:00,0.985,0.985,0.9761,0.9818,1005921.5,516821
2026-05-06 03:00:00,0.9818,0.9905,0.979,0.9891,1429774,746431.8
2026-05-06 04:00:00,0.9892,0.9912,0.9806,0.9821,1502293.2,758711.5
2026-05-06 05:00:00,0.982,0.9874,0.9772,0.9869,1233984.5,561925.5
2026-05-06 06:00:00,0.9869,0.9922,0.9825,0.989,1307363.4,616587.1
2026-05-06 07:00:00,0.989,0.9976,0.9886,0.9931,2077590.3,1017465.5
2026-05-06 08:00:00,0.993,1.0167,0.9913,1.0136,4336988.3,2113044.8
2026-05-06 09:00:00,1.0135,1.0311,1.0103,1.0307,3885860.3,2120136.2
2026-05-06 10:00:00,1.0308,1.0341,1.0243,1.0285,2847143.3,1509487.8
2026-05-06 11:00:00,1.0284,1.0304,1.0231,1.0301,2504769.8,1378166.9
2026-05-06 12:00:00,1.0301,1.0336,1.0228,1.0242,2824759.7,1310007.6
2026-05-06 13:00:00,1.0242,1.0242,0.9878,0.9929,11780637.1,5234452.9
2026-05-06 14:00:00,0.9929,0.999,0.9768,0.9835,6498495.6,3300801.3
2026-05-06 15:00:00,0.9836,0.993,0.9816,0.9918,1734527.3,760279.2
2026-05-06 16:00:00,0.9917,0.9997,0.9855,0.9929,2826938.1,1355393.1
2026-05-06 17:00:00,0.9929,0.9959,0.9882,0.9893,1457027.9,507435.2
2026-05-06 18:00:00,0.9893,0.9928,0.9864,0.9887,845482.2,487483
2026-05-06 19:00:00,0.9886,0.9936,0.9867,0.9924,873516.8,453858.7
2026-05-06 20:00:00,0.9924,0.9995,0.989,0.9927,1067501.5,597627
2026-05-06 21:00:00,0.9926,1.0024,0.989,1.0009,1127176,400196.5
2026-05-06 22:00:00,1.001,1.0014,0.9912,0.9932,654584.4,403129.1
2026-05-06 23:00:00,0.9932,0.9933,0.9854,0.9926,920814.4,572339.2
2026-05-07 00:00:00,0.9926,0.9944,0.9797,0.9828,1275744.7,547755.2
2026-05-07 01:00:00,0.9827,0.9827,0.9717,0.9757,1554660.5,840093
2026-05-07 02:00:00,0.9757,0.9767,0.9643,0.9701,2664342.8,1332699.3
2026-05-07 03:00:00,0.9701,0.9733,0.9666,0.969,1109854.7,444931.6
2026-05-07 04:00:00,0.9691,0.9796,0.9684,0.9794,871468.7,440303.2
2026-05-07 05:00:00,0.9795,0.9858,0.9792,0.9836,1725648.1,761938.8
2026-05-07 06:00:00,0.9836,1.0002,0.9789,0.9996,1889890.3,1227003.1
2026-05-07 07:00:00,0.9997,1.0133,0.9985,1.004,2994559.3,1579524.9
2026-05-07 08:00:00,1.0038,1.0049,0.9947,0.9968,2232695.6,1132566.5
2026-05-07 09:00:00,0.9967,0.9972,0.9884,0.9916,1862114,697701
2026-05-07 10:00:00,0.9915,0.995,0.9832,0.9905,1087350.5,555032.7
2026-05-07 11:00:00,0.9906,0.9968,0.9901,0.9932,1234214.7,755167.3
2026-05-07 12:00:00,0.9932,1.0026,0.9927,0.9996,1393413.4,756506.6
2026-05-07 13:00:00,0.9996,1.0003,0.98,0.9853,2142665.8,953570.5
2026-05-07 14:00:00,0.9853,0.9886,0.9692,0.9752,2961255.8,1567651.2
2026-05-07 15:00:00,0.9751,0.9793,0.9647,0.9723,2321343.5,1072167.9
2026-05-07 16:00:00,0.9723,0.978,0.9692,0.972,831490.2,423195.9
2026-05-07 17:00:00,0.9722,0.9746,0.9609,0.9734,1916520.2,958362.2
2026-05-07 18:00:00,0.9735,0.9791,0.9701,0.9732,1443174.6,888102.5
2026-05-07 19:00:00,0.9732,0.9743,0.9682,0.97,881255.3,443291.2
2026-05-07 20:00:00,0.9701,0.9768,0.9629,0.9632,1290875.4,688177.1
2026-05-07 21:00:00,0.9632,0.9673,0.957,0.9642,1538987,604774.7
2026-05-07 22:00:00,0.9641,0.9672,0.9597,0.965,1103587.5,401491.8
2026-05-07 23:00:00,0.9649,0.9693,0.9644,0.9683,527703.3,280740.5
2026-05-08 00:00:00,0.9684,0.9708,0.9623,0.9648,642424,308209.1
2026-05-08 01:00:00,0.9649,0.9655,0.9587,0.9629,1013645.7,373214.2
2026-05-08 02:00:00,0.963,0.9667,0.9576,0.9634,711215,358918.9
2026-05-08 03:00:00,0.9635,0.9673,0.9575,0.9639,685033.6,336323.4
2026-05-08 04:00:00,0.9638,0.9686,0.9635,0.9649,607375.8,348293.4
2026-05-08 05:00:00,0.965,0.969,0.9634,0.9635,615221.9,235601.7
2026-05-08 06:00:00,0.9635,0.9656,0.9607,0.9625,401825.3,193668.4
2026-05-08 07:00:00,0.9626,0.9686,0.958,0.9681,886740.5,471635.3
2026-05-08 08:00:00,0.9682,0.9774,0.9676,0.9739,1564434.4,815923.7
2026-05-08 09:00:00,0.9739,0.985,0.9707,0.9779,2927324.4,1611939.6
2026-05-08 10:00:00,0.9779,0.985,0.9707,0.9821,2006784,1074170.7
2026-05-08 11:00:00,0.9822,0.985,0.9801,0.9827,825257.2,427979.3
2026-05-08 12:00:00,0.9827,0.985,0.978,0.9798,1516550.5,900231.2
2026-05-08 13:00:00,0.9797,0.9809,0.9723,0.9788,1110777.5,490404.9
2026-05-08 14:00:00,0.9787,1.012,0.9782,1.0093,4010378.4,2136566.4
2026-05-08 15:00:00,1.0093,1.015,0.9957,1.0119,3624076.7,1943295.6
2026-05-08 16:00:00,1.0119,1.0133,1.0027,1.008,1809612.7,965711.7
2026-05-08 17:00:00,1.0079,1.0365,1.0039,1.0244,4373257.8,2495867.5
2026-05-08 18:00:00,1.0246,1.0318,1.0206,1.0209,2735642.7,1533983
2026-05-08 19:00:00,1.0209,1.029,1.0173,1.0243,3949598.3,2723436.1
2026-05-08 20:00:00,1.0243,1.0266,1.0192,1.0212,893130.5,488496.3
2026-05-08 21:00:00,1.0214,1.0268,1.0147,1.0249,1207902.5,578075.4
2026-05-08 22:00:00,1.0249,1.0296,1.0224,1.0234,1306299.1,638717.3
2026-05-08 23:00:00,1.0233,1.0239,1.0168,1.0218,1068655.9,649574.6
2026-05-09 00:00:00,1.0218,1.0875,1.019,1.0845,11561488.8,6829578.4
2026-05-09 01:00:00,1.0845,1.098,1.0766,1.0931,10478676.1,6443638.4
2026-05-09 02:00:00,1.0932,1.106,1.0863,1.0893,4854481.9,2499382.6
2026-05-09 03:00:00,1.0893,1.0906,1.0771,1.0832,3692390.8,1725975.9
2026-05-09 04:00:00,1.0832,1.0906,1.0721,1.074,2318792.1,1211203.8
2026-05-09 05:00:00,1.074,1.0829,1.0704,1.0795,2400272.1,1316470.5
2026-05-09 06:00:00,1.0795,1.0834,1.0644,1.0698,2086167.8,962407.2
2026-05-09 07:00:00,1.0699,1.0771,1.0638,1.072,2098584.3,1085566.9
2026-05-09 08:00:00,1.072,1.0789,1.0712,1.0768,2056336.1,973999.1
2026-05-09 09:00:00,1.0767,1.0791,1.04,1.0498,7749980.1,3855333.5
2026-05-09 10:00:00,1.0497,1.0538,1.0388,1.0513,2329053.2,1213032.6
2026-05-09 11:00:00,1.0512,1.0551,1.0496,1.0536,1700685.2,1031995.8
2026-05-09 12:00:00,1.0537,1.0588,1.0511,1.0562,2069379.7,1391661.4
2026-05-09 13:00:00,1.0562,1.0592,1.0436,1.0561,2278898.1,928820.3
2026-05-09 14:00:00,1.0561,1.0566,1.0465,1.0495,1987663.7,970622.2
2026-05-09 15:00:00,1.0495,1.0519,1.0447,1.0491,2072468.2,1111372
2026-05-09 16:00:00,1.0491,1.0541,1.0447,1.0525,1749127.5,904319.5
2026-05-09 17:00:00,1.0526,1.0701,1.0526,1.064,3164811.9,1927585.8
2026-05-09 18:00:00,1.0642,1.0723,1.064,1.0664,1293095.5,795529.5
2026-05-09 19:00:00,1.0664,1.07,1.0623,1.0698,854166.3,431685.9
2026-05-09 20:00:00,1.0699,1.072,1.0649,1.069,651406.9,356506.5
2026-05-09 21:00:00,1.069,1.0774,1.068,1.073,1451606.5,785662.1
2026-05-09 22:00:00,1.073,1.0783,1.0696,1.074,1104085.2,604476
2026-05-09 23:00:00,1.074,1.0776,1.0636,1.0703,1798418.8,873603.7
2026-05-10 00:00:00,1.0702,1.1148,1.0644,1.0806,11400120.9,6497262.5
2026-05-10 01:00:00,1.0807,1.0867,1.0653,1.0733,5946571.6,3308609.8
2026-05-10 02:00:00,1.0732,1.0904,1.0682,1.0875,2427988.6,1325638.6
2026-05-10 03:00:00,1.0874,1.0976,1.0851,1.0881,2316131.5,1064974.3
2026-05-10 04:00:00,1.0882,1.091,1.0758,1.0768,1934338.6,889430.1
2026-05-10 05:00:00,1.0767,1.0789,1.073,1.0753,1187691.5,601111.4
2026-05-10 06:00:00,1.0753,1.0793,1.0716,1.0765,1077494,570144.2
2026-05-10 07:00:00,1.0766,1.0972,1.0766,1.0921,2123797.1,1248814.2
2026-05-10 08:00:00,1.0921,1.1381,1.0912,1.1272,6973254.9,4150267.2
2026-05-10 09:00:00,1.1271,1.1289,1.115,1.1231,3726532.2,1868731.8
2026-05-10 10:00:00,1.1232,1.149,1.1187,1.1411,6408803.5,3669589
2026-05-10 11:00:00,1.141,1.1519,1.1326,1.1491,6755612.4,3795017.6
2026-05-10 12:00:00,1.1492,1.1519,1.1201,1.1257,4157573.4,2245413.4
2026-05-10 13:00:00,1.1257,1.1529,1.1212,1.1482,3822164.2,2397371.3
2026-05-10 14:00:00,1.1481,1.1629,1.134,1.1461,6067029.4,2862111.6
2026-05-10 15:00:00,1.1461,1.23,1.1435,1.225,14284264.8,8500772
2026-05-10 16:00:00,1.225,1.278,1.2169,1.2731,21663730.2,11085935.9
2026-05-10 17:00:00,1.2731,1.352,1.2701,1.3303,26737061,14637209
2026-05-10 18:00:00,1.3304,1.396,1.3034,1.3801,19509587,9632912.6
2026-05-10 19:00:00,1.38,1.4223,1.3559,1.3845,21425996.9,10374711.5
2026-05-10 20:00:00,1.3845,1.3898,1.3114,1.3465,19396842.3,8792264.8
2026-05-10 21:00:00,1.3465,1.383,1.3192,1.352,11298012.3,5438290.4
2026-05-10 22:00:00,1.352,1.3613,1.3232,1.3432,13334931.6,6273723.3
2026-05-10 23:00:00,1.3431,1.3581,1.3214,1.3325,9937343.9,4609148.1
2026-05-11 00:00:00,1.3325,1.3466,1.305,1.3368,13769166.7,6924964.7
2026-05-11 01:00:00,1.3367,1.3517,1.3076,1.339,10060084.5,5331820
2026-05-11 02:00:00,1.339,1.3445,1.2846,1.3064,9927254,4938922.8
2026-05-11 03:00:00,1.3065,1.3165,1.2879,1.3103,7303008.9,3476152.9
2026-05-11 04:00:00,1.3103,1.3107,1.2768,1.2877,6753481.5,3382055.6
2026-05-11 05:00:00,1.2876,1.3046,1.2788,1.2854,7106971.6,3246137.8
2026-05-11 06:00:00,1.2854,1.3197,1.2678,1.2776,10945930.8,5121496.3
2026-05-11 07:00:00,1.2776,1.2878,1.2542,1.2839,8975092,3796274.5
2026-05-11 08:00:00,1.2839,1.2872,1.2461,1.25,3650002.1,1698555.9
2026-05-11 09:00:00,1.25,1.2686,1.2466,1.2637,5817935.7,2731601.9
2026-05-11 10:00:00,1.2637,1.2776,1.2583,1.2663,4066523.7,2261502.5
2026-05-11 11:00:00,1.2664,1.28,1.2616,1.2731,2803810.5,1377188.5
2026-05-11 12:00:00,1.273,1.2862,1.265,1.2794,4362355.1,2319290.1
2026-05-11 13:00:00,1.2794,1.2902,1.2666,1.2724,5143594.9,2975182.9
2026-05-11 14:00:00,1.2724,1.2969,1.2531,1.2661,6416129.5,2918058.3
2026-05-11 15:00:00,1.2662,1.2852,1.2606,1.2775,4524806.9,1851922.8
2026-05-11 16:00:00,1.2775,1.3023,1.2751,1.2901,4987745,2568556.2
2026-05-11 17:00:00,1.2901,1.3166,1.2865,1.3081,6464926.3,3008374.8
2026-05-11 18:00:00,1.3082,1.3237,1.2986,1.3195,3561859.8,1886621.5
2026-05-11 19:00:00,1.3196,1.3285,1.3055,1.3097,3381039.2,1536252.8
2026-05-11 20:00:00,1.3097,1.3158,1.2965,1.3001,2346535.2,1136154.9
2026-05-11 21:00:00,1.3001,1.3027,1.284,1.2927,1749206.4,837867.6
2026-05-11 22:00:00,1.2928,1.3067,1.2909,1.2959,1688783.1,882946.1
2026-05-11 23:00:00,1.2959,1.3024,1.2872,1.2909,1443796.9,611031.3
2026-05-12 00:00:00,1.2909,1.3138,1.282,1.3054,3015245.4,1525670.6
2026-05-12 01:00:00,1.3055,1.3065,1.2682,1.2702,4076015.5,1995573.8
2026-05-12 02:00:00,1.2702,1.3021,1.268,1.2971,2346537.8,1212988.6
2026-05-12 03:00:00,1.2971,1.3095,1.2846,1.2877,2450500,1069750.9
2026-05-12 04:00:00,1.2877,1.29,1.2703,1.2739,2042391.5,985951
2026-05-12 05:00:00,1.274,1.292,1.271,1.2876,2592454.9,938342.6
2026-05-12 06:00:00,1.2876,1.31,1.284,1.29,4087061.7,2335250.7
2026-05-12 07:00:00,1.2899,1.2913,1.2723,1.2772,2847368.5,1293660.3
2026-05-12 08:00:00,1.2772,1.2838,1.2666,1.2752,2948368.9,1219756
2026-05-12 09:00:00,1.2752,1.2802,1.2677,1.272,1702497.9,816644.8
2026-05-12 10:00:00,1.272,1.2729,1.248,1.2599,3312680.5,1359312.9
2026-05-12 11:00:00,1.26,1.2615,1.2301,1.2355,6612161.1,2936884.7
2026-05-12 12:00:00,1.2355,1.2794,1.226,1.2679,5413459.3,2951903.7
2026-05-12 13:00:00,1.2679,1.2792,1.245,1.2477,3927888.5,1733201.6
2026-05-12 14:00:00,1.2478,1.2541,1.2247,1.23,4565577.7,1875938.2
2026-05-12 15:00:00,1.2301,1.2336,1.2139,1.2269,3811897.2,1759546.2
2026-05-12 16:00:00,1.2269,1.2452,1.2222,1.2363,3772697.7,1738514
2026-05-12 17:00:00,1.2364,1.2646,1.2364,1.2403,3059353.7,1654676.9
2026-05-12 18:00:00,1.2402,1.2522,1.2392,1.2467,1454762.3,693057.9
2026-05-12 19:00:00,1.2467,1.273,1.2465,1.2564,2375809.7,1186014.1
2026-05-12 20:00:00,1.2563,1.258,1.2389,1.2439,1293402.8,558779.4
2026-05-12 21:00:00,1.244,1.2467,1.2339,1.241,1396439,626549.7
2026-05-12 22:00:00,1.2411,1.252,1.2411,1.2445,1426279.2,624656
2026-05-12 23:00:00,1.2445,1.2456,1.2354,1.2384,784875.7,421527.3
2026-05-13 00:00:00,1.2383,1.2433,1.2314,1.2352,1400499.7,657398.5
2026-05-13 01:00:00,1.2352,1.2559,1.2351,1.2501,2304517.9,1365659.8
2026-05-13 02:00:00,1.2501,1.259,1.2462,1.2504,1590721.7,713044.8
2026-05-13 03:00:00,1.2503,1.2532,1.2373,1.2521,1566206,789052.6
2026-05-13 04:00:00,1.2521,1.2575,1.2421,1.2433,1791861.9,891197.7
2026-05-13 05:00:00,1.2433,1.245,1.2241,1.2316,2913363,1327534.9
2026-05-13 06:00:00,1.2316,1.2526,1.2301,1.2425,1690179.4,918308.5
2026-05-13 07:00:00,1.2426,1.2659,1.2421,1.2509,2410133.6,1294745.6
2026-05-13 08:00:00,1.251,1.2527,1.2373,1.2459,1576464.8,783561.8
2026-05-13 09:00:00,1.2459,1.2543,1.2433,1.2462,1464701,768745.2
2026-05-13 10:00:00,1.2463,1.2463,1.2292,1.2305,2466321,1095343.9
2026-05-13 11:00:00,1.2304,1.2401,1.2258,1.229,1507152,693124.9
2026-05-13 12:00:00,1.2289,1.2323,1.208,1.2205,3983240.3,1592994.4
2026-05-13 13:00:00,1.2206,1.2317,1.2118,1.214,2662480.8,1239893.3
2026-05-13 14:00:00,1.214,1.2159,1.205,1.2078,3664504,1358825.8
2026-05-13 15:00:00,1.2077,1.2126,1.1776,1.1857,18490291.6,4793846.2
2026-05-13 16:00:00,1.1857,1.2166,1.1848,1.2092,4637465.3,2021876.4
2026-05-13 17:00:00,1.2092,1.2261,1.2092,1.2201,2500009.1,883697.9
2026-05-13 18:00:00,1.2202,1.2284,1.2121,1.2143,1211471.2,524853.2
2026-05-13 19:00:00,1.2143,1.2147,1.2037,1.2092,1485671.4,551312.5
2026-05-13 20:00:00,1.2091,1.2121,1.2062,1.2084,659847.7,412270.6
2026-05-13 21:00:00,1.2085,1.2092,1.1986,1.1996,786725.7,381627.5
2026-05-13 22:00:00,1.1997,1.2078,1.1903,1.2061,851403.9,306397
2026-05-13 23:00:00,1.206,1.2116,1.2049,1.2081,793472.5,305153.8
2026-05-14 00:00:00,1.2081,1.2138,1.2056,1.2072,768008.3,390611.7
2026-05-14 01:00:00,1.2071,1.2115,1.2025,1.2103,745783.1,319927.9
2026-05-14 02:00:00,1.2103,1.2183,1.2062,1.2092,1076794.6,493437.1
2026-05-14 03:00:00,1.2092,1.2117,1.1932,1.1959,1773669.3,937723.4
2026-05-14 04:00:00,1.1959,1.22,1.1953,1.2056,2149188.5,1160371.8
2026-05-14 05:00:00,1.2056,1.2269,1.2031,1.2069,2905437.9,1164430.9
2026-05-14 06:00:00,1.207,1.2108,1.1978,1.201,1136231.2,503193.5
2026-05-14 07:00:00,1.201,1.2025,1.1884,1.1903,1316878.1,566490.1
2026-05-14 08:00:00,1.1902,1.2027,1.1861,1.1966,1456590,860393.9
2026-05-14 09:00:00,1.1967,1.2014,1.1849,1.1951,1044356.8,399629.6
2026-05-14 10:00:00,1.1951,1.2091,1.1941,1.2051,1659823.4,699449.4
2026-05-14 11:00:00,1.205,1.205,1.1901,1.1902,873650.1,383263.4
2026-05-14 12:00:00,1.1902,1.2072,1.1893,1.2025,1468985.2,777118.9
2026-05-14 13:00:00,1.2025,1.2218,1.1996,1.2078,3681032.8,1889666.4
2026-05-14 14:00:00,1.2077,1.2266,1.2064,1.2198,3695296,1852893.2
2026-05-14 15:00:00,1.2199,1.2305,1.2092,1.2164,4013348.5,2023397.4
2026-05-14 16:00:00,1.2165,1.2205,1.1964,1.213,3251449.3,1640627.2
2026-05-14 17:00:00,1.2129,1.2163,1.1938,1.2064,3257750.4,1775289.4
2026-05-14 18:00:00,1.2064,1.2256,1.2,1.2185,2488539.6,1372257.4
2026-05-14 19:00:00,1.2185,1.2232,1.2027,1.2054,1731798.8,919457.1
2026-05-14 20:00:00,1.2054,1.2076,1.1887,1.1984,2266297.7,1160517.5
2026-05-14 21:00:00,1.1985,1.2008,1.1912,1.1961,1508309.8,793104.6
2026-05-14 22:00:00,1.1961,1.2029,1.1935,1.1943,1455880.7,754786.5
2026-05-14 23:00:00,1.1942,1.1943,1.1862,1.1881,1442471.8,759908.1
2026-05-15 00:00:00,1.1881,1.1984,1.1866,1.1948,1706728.3,846722.3
2026-05-15 01:00:00,1.1948,1.1991,1.1633,1.1865,4935856.1,2706678.2
2026-05-15 02:00:00,1.1864,1.1921,1.172,1.1878,3080312.6,1320502.7
2026-05-15 03:00:00,1.1877,1.1909,1.1735,1.1769,1543657.3,779223.4
2026-05-15 04:00:00,1.177,1.1802,1.1651,1.1664,1838912.3,894969.5
2026-05-15 05:00:00,1.1664,1.1708,1.1496,1.1504,5637850.7,2979222.9
2026-05-15 06:00:00,1.1504,1.1572,1.1449,1.1547,10330176.2,5942618.8
2026-05-15 07:00:00,1.1548,1.1603,1.1501,1.1547,2388577.6,994675.9
2026-05-15 08:00:00,1.1547,1.155,1.1386,1.1469,3768668.6,1913366.1
2026-05-15 09:00:00,1.1469,1.1479,1.1285,1.1365,7126095.4,4140643.9
2026-05-15 10:00:00,1.1365,1.1472,1.1309,1.1364,3174876.5,1887558.1
2026-05-15 11:00:00,1.1364,1.1385,1.1291,1.1321,1837252.1,879537.3
2026-05-15 12:00:00,1.1321,1.1344,1.122,1.1252,3175898.5,1567581.7
2026-05-15 13:00:00,1.1251,1.1263,1.06,1.096,17626078.5,6194882.7
2026-05-15 14:00:00,1.0959,1.1058,1.0858,1.0875,6690862.5,3370127.7
2026-05-15 15:00:00,1.0875,1.0984,1.0811,1.0884,4895594.7,2442584.8
2026-05-15 16:00:00,1.0885,1.1067,1.0826,1.1008,4229032.3,2157936.8
2026-05-15 17:00:00,1.1007,1.1093,1.0994,1.1044,2167514.9,1179917
2026-05-15 18:00:00,1.1044,1.11,1.0991,1.1029,1219696.5,635220.9
2026-05-15 19:00:00,1.1029,1.1044,1.0989,1.1014,1043347.5,423529.6
2026-05-15 20:00:00,1.1013,1.102,1.0928,1.0952,1175409.2,499500.9
2026-05-15 21:00:00,1.0951,1.0989,1.0922,1.0929,652408.3,307466
2026-05-15 22:00:00,1.093,1.0986,1.093,1.0978,606876.7,348432.3
2026-05-15 23:00:00,1.0977,1.1004,1.0937,1.0997,769164.3,367287.8
2026-05-16 00:00:00,1.0996,1.1073,1.088,1.0911,1915618.2,825535.9
2026-05-16 01:00:00,1.0911,1.0978,1.085,1.0952,1683130.1,693634.7
2026-05-16 02:00:00,1.0953,1.0978,1.09,1.0943,1229095.1,430452.4
2026-05-16 03:00:00,1.0944,1.096,1.0908,1.0933,699773.3,278288.6
2026-05-16 04:00:00,1.0934,1.0956,1.0814,1.0882,2016507.7,632593.5
2026-05-16 05:00:00,1.0882,1.0883,1.0758,1.0791,2444999.7,937173
2026-05-16 06:00:00,1.0792,1.0804,1.0604,1.0658,2305560.6,930468.9
2026-05-16 07:00:00,1.0659,1.0759,1.0528,1.07,5503114.1,2694816.2
2026-05-16 08:00:00,1.0701,1.0734,1.0649,1.0678,769440.4,379156.4
2026-05-16 09:00:00,1.0677,1.0703,1.0461,1.0517,3034680.2,1334914
2026-05-16 10:00:00,1.0516,1.0539,1.0364,1.0474,4222611.1,1770354.2
2026-05-16 11:00:00,1.0474,1.0566,1.0451,1.0453,2968928.1,1526736.6
2026-05-16 12:00:00,1.0452,1.052,1.0448,1.048,1281428.3,667402.7
2026-05-16 13:00:00,1.048,1.0516,1.0429,1.0486,1024891.7,551059.2
2026-05-16 14:00:00,1.0486,1.0587,1.0456,1.0535,2228291.7,1172267.5
2026-05-16 15:00:00,1.0534,1.0721,1.0533,1.0669,2700012.5,1606939.8
2026-05-16 16:00:00,1.0668,1.072,1.0612,1.0628,1263637.2,610053.5
2026-05-16 17:00:00,1.0629,1.0665,1.0615,1.0654,373892.2,200617.9
2026-05-16 18:00:00,1.0653,1.0677,1.0613,1.0656,411569.9,198981.3
2026-05-16 19:00:00,1.0654,1.0663,1.0636,1.064,267027.5,117292.9
2026-05-16 20:00:00,1.064,1.0677,1.0632,1.0644,242124.7,119005.8
2026-05-16 21:00:00,1.0644,1.0717,1.0635,1.0674,662013.3,313611.3
2026-05-16 22:00:00,1.0673,1.0675,1.0607,1.0626,365123.7,149842.1
2026-05-16 23:00:00,1.0625,1.065,1.0603,1.061,283904,139986.9
2026-05-17 00:00:00,1.061,1.0655,1.0562,1.0585,867268.2,322004.3
2026-05-17 01:00:00,1.0585,1.0589,1.0466,1.0475,1846953.5,677467.9
2026-05-17 02:00:00,1.0476,1.0549,1.0476,1.0504,989264.5,551867.1
2026-05-17 03:00:00,1.0504,1.06,1.0504,1.0591,667901.5,378563.3
2026-05-17 04:00:00,1.059,1.0858,1.0585,1.0649,4357951.2,1924086.1
2026-05-17 05:00:00,1.0649,1.0733,1.0547,1.0631,3662735,2201171.7
2026-05-17 06:00:00,1.0632,1.0644,1.0591,1.0639,649671.1,348986.2
2026-05-17 07:00:00,1.064,1.0745,1.0638,1.0731,1053850.1,649878.9
2026-05-17 08:00:00,1.0731,1.0738,1.0665,1.0703,1293110.7,742305.2
2026-05-17 09:00:00,1.0703,1.0831,1.0674,1.0793,1808710,1164401.7
2026-05-17 10:00:00,1.0793,1.0897,1.079,1.0806,3701365.9,2203302.7
2026-05-17 11:00:00,1.0806,1.0806,1.0676,1.0725,2162579.1,1055639
2026-05-17 12:00:00,1.0725,1.0738,1.0662,1.069,1705925,827325.9
2026-05-17 13:00:00,1.0689,1.0701,1.063,1.0666,878565,435996.6
2026-05-17 14:00:00,1.0667,1.0671,1.0561,1.0627,1248983.5,588685.3
2026-05-17 15:00:00,1.0626,1.0678,1.0613,1.066,828786.1,519015.8
2026-05-17 16:00:00,1.066,1.0687,1.061,1.0637,977652.9,411106.5
2026-05-17 17:00:00,1.0637,1.0641,1.0571,1.0629,825244,367235
2026-05-17 18:00:00,1.0629,1.0654,1.0566,1.0647,626683,312628.3
2026-05-17 19:00:00,1.0648,1.0746,1.0647,1.0736,739207.5,405268.9
2026-05-17 20:00:00,1.0736,1.0746,1.067,1.0693,579438.3,268659.5
2026-05-17 21:00:00,1.0693,1.0738,1.0672,1.0722,868317.1,584101.6
2026-05-17 22:00:00,1.0721,1.0726,1.0583,1.0621,2114609,1261274.8
2026-05-17 23:00:00,1.0622,1.0624,1.0108,1.0439,8616163.6,4381364.8
2026-05-18 00:00:00,1.0438,1.044,1.0297,1.0417,3096093.8,1418848.6
2026-05-18 01:00:00,1.0417,1.0447,1.0321,1.0413,1742641.8,880809.9
2026-05-18 02:00:00,1.0412,1.0565,1.0403,1.051,1869473.9,847959.9
2026-05-18 03:00:00,1.051,1.0558,1.0422,1.0435,1528920,631851.5
2026-05-18 04:00:00,1.0434,1.0517,1.0398,1.0485,1252045.8,589351.3
2026-05-18 05:00:00,1.0485,1.0496,1.0375,1.0397,1147546.6,599688.9
2026-05-18 06:00:00,1.0397,1.0413,1.0244,1.0341,2938762.1,1286331.3
2026-05-18 07:00:00,1.0342,1.038,1.0269,1.0357,1574438.4,666223
2026-05-18 08:00:00,1.0357,1.0418,1.0308,1.0355,865749.4,449448
2026-05-18 09:00:00,1.0355,1.0383,1.0264,1.0352,1561522.6,938558.8
2026-05-18 10:00:00,1.0352,1.0357,1.0271,1.0312,1683634.2,788526.6
2026-05-18 11:00:00,1.0313,1.0523,1.0289,1.0442,1920458.9,1034637.2
2026-05-18 12:00:00,1.0442,1.0612,1.0439,1.0556,4628050.8,2796735.4
2026-05-18 13:00:00,1.0556,1.0562,1.0366,1.0434,3677102.4,1422459.5
2026-05-18 14:00:00,1.0435,1.0439,1.0267,1.0315,2870837.1,1401899.9
2026-05-18 15:00:00,1.0315,1.036,1.0226,1.0318,2676154.2,1340271.8
2026-05-18 16:00:00,1.0319,1.0421,1.0294,1.0399,1686840,810387
2026-05-18 17:00:00,1.0399,1.0466,1.0382,1.0429,799654.1,395913.7
2026-05-18 18:00:00,1.0428,1.0436,1.0264,1.0283,958550.4,401945
2026-05-18 19:00:00,1.0283,1.0531,1.0278,1.0518,1945693.7,1048801.1
2026-05-18 20:00:00,1.0518,1.0586,1.0478,1.0502,1282022.5,627645.3
2026-05-18 21:00:00,1.0501,1.065,1.0471,1.0584,1261688.7,724509.1
2026-05-18 22:00:00,1.0585,1.0634,1.0557,1.0609,1316472.2,564938.8
2026-05-18 23:00:00,1.0608,1.0659,1.059,1.0645,1311086,765241.3
2026-05-19 00:00:00,1.0646,1.0752,1.0614,1.0687,2566975.9,1396172.5
2026-05-19 01:00:00,1.0687,1.0687,1.0537,1.0557,1443877.2,727960.3
2026-05-19 02:00:00,1.0556,1.0634,1.0474,1.0545,1387613.3,539753.9
2026-05-19 03:00:00,1.0545,1.064,1.0487,1.0595,944408.7,419776
2026-05-19 04:00:00,1.0595,1.0702,1.058,1.0698,1099548.6,594166
2026-05-19 05:00:00,1.0698,1.071,1.0562,1.0656,1057564.7,581374.8
2026-05-19 06:00:00,1.0657,1.0875,1.0645,1.0804,2392914.9,1421219.4
2026-05-19 07:00:00,1.0804,1.1026,1.0713,1.087,4126051.4,2310287.5
2026-05-19 08:00:00,1.087,1.0872,1.0688,1.0707,2223171.3,989927.2
2026-05-19 09:00:00,1.0707,1.0736,1.0623,1.0685,1706644.5,780495.6
2026-05-19 10:00:00,1.0684,1.0728,1.0594,1.0652,1701070,822726.2
2026-05-19 11:00:00,1.0652,1.0663,1.0543,1.0578,1461009.4,690229
2026-05-19 12:00:00,1.0578,1.0651,1.0557,1.0644,1292862.2,754080.6
2026-05-19 13:00:00,1.0645,1.0831,1.0598,1.0756,3109830.4,1585477.3
2026-05-19 14:00:00,1.0756,1.078,1.0475,1.0574,3394547.6,1626403
2026-05-19 15:00:00,1.0573,1.0674,1.0531,1.0608,1575095.5,769820
2026-05-19 16:00:00,1.0609,1.0662,1.0564,1.0651,1371395.3,733425.3
2026-05-19 17:00:00,1.0651,1.0694,1.0562,1.0599,1153047.2,528785.4
2026-05-19 18:00:00,1.0599,1.0631,1.0545,1.0568,917351,469665.2
2026-05-19 19:00:00,1.0569,1.0627,1.0541,1.0576,965563.6,374225.7
2026-05-19 20:00:00,1.0577,1.0645,1.0576,1.0641,450437,274440.8
2026-05-19 21:00:00,1.0642,1.0664,1.0615,1.0619,703911,402999.9
2026-05-19 22:00:00,1.0619,1.0619,1.0495,1.0505,1125522.9,518824.8
2026-05-19 23:00:00,1.0506,1.0567,1.0486,1.0521,624196.5,306641.9
2026-05-20 00:00:00,1.0522,1.0534,1.0288,1.0351,4386395.3,2286753.4
2026-05-20 01:00:00,1.0352,1.044,1.0302,1.0411,1821402,872707.2
2026-05-20 02:00:00,1.041,1.0447,1.0349,1.0368,1173690.8,655666
2026-05-20 03:00:00,1.0368,1.0433,1.0343,1.0376,1110842.1,522127.9
2026-05-20 04:00:00,1.0377,1.0397,1.0329,1.0388,904096.7,454358.5
2026-05-20 05:00:00,1.0389,1.0551,1.0389,1.0517,1947336,1142376.3
2026-05-20 06:00:00,1.0516,1.0602,1.0491,1.056,1640143.9,1108360.8
2026-05-20 07:00:00,1.0561,1.0625,1.052,1.0546,1003866.5,484453.4
2026-05-20 08:00:00,1.0546,1.065,1.0523,1.0587,1092424.7,693714.2
2026-05-20 09:00:00,1.0587,1.0624,1.056,1.0577,1205000.6,527654.7
2026-05-20 10:00:00,1.0577,1.0634,1.0561,1.0606,890588.7,429816.1
2026-05-20 11:00:00,1.0606,1.0623,1.0473,1.0527,1420172.2,528274.4
2026-05-20 12:00:00,1.0526,1.0645,1.0492,1.0603,1143329.5,582189.3
2026-05-20 13:00:00,1.0603,1.0615,1.0376,1.0473,3202806.6,1548074.5
2026-05-20 14:00:00,1.0474,1.0745,1.0444,1.0712,4285676.9,2277473.9
2026-05-20 15:00:00,1.0711,1.08,1.064,1.0738,3824875,2037977.2
2026-05-20 16:00:00,1.0739,1.0806,1.0642,1.0739,2414459.6,1120236.8
2026-05-20 17:00:00,1.0738,1.0832,1.0708,1.0761,3131701.3,1771273.3
2026-05-20 18:00:00,1.076,1.0765,1.0665,1.0678,1371402.1,652696.2
2026-05-20 19:00:00,1.0678,1.0761,1.0655,1.0746,1079613.7,520088.3
2026-05-20 20:00:00,1.0745,1.0761,1.0646,1.075,1955664.1,1081408.1
2026-05-20 21:00:00,1.0749,1.0773,1.0702,1.0702,705209.3,299909.1
2026-05-20 22:00:00,1.0702,1.0744,1.0625,1.0728,924469.1,524279
2026-05-20 23:00:00,1.0727,1.08,1.0684,1.08,982116.8,566622.7
2026-05-21 00:00:00,1.08,1.1255,1.078,1.1223,6613732.8,3641789.8
2026-05-21 01:00:00,1.1224,1.1233,1.0975,1.1139,7454871.9,3171484.8
2026-05-21 02:00:00,1.114,1.1453,1.1115,1.115,7551241.7,3818143
2026-05-21 03:00:00,1.115,1.145,1.1071,1.1421,5621697.6,3028126.2
2026-05-21 04:00:00,1.1421,1.1507,1.1202,1.1228,5543523.7,2309689.5
2026-05-21 05:00:00,1.1229,1.1376,1.1086,1.1169,3721781,1876342.3
2026-05-21 06:00:00,1.1168,1.1174,1.1009,1.1044,2778500.9,1396694.6
2026-05-21 07:00:00,1.1045,1.1159,1.0985,1.1127,2752535,1338839.1
2026-05-21 08:00:00,1.1128,1.1335,1.1122,1.1202,5057999.5,2499543.4
2026-05-21 09:00:00,1.1201,1.1265,1.1032,1.1048,2925678.4,1302472.2
2026-05-21 10:00:00,1.1048,1.1087,1.0893,1.092,5131102.7,2289116.3
2026-05-21 11:00:00,1.0921,1.0967,1.0861,1.0862,3294917.2,1625406.7
2026-05-21 12:00:00,1.0863,1.0944,1.08,1.091,2483024.3,1229199.2
2026-05-21 13:00:00,1.091,1.1038,1.0781,1.099,4284999.2,2134667
2026-05-21 14:00:00,1.099,1.1088,1.0871,1.1021,5190429.4,2793102.3
2026-05-21 15:00:00,1.1022,1.1289,1.1007,1.1091,5534589,2860588.5
2026-05-21 16:00:00,1.1091,1.1184,1.1044,1.1122,2514746.1,1176160.1
2026-05-21 17:00:00,1.1123,1.1553,1.1115,1.145,8456500.9,4415366.9
2026-05-21 18:00:00,1.1449,1.165,1.1364,1.1537,7332642.1,3528671.4
2026-05-21 19:00:00,1.1536,1.1575,1.1392,1.1481,4027857.8,2025227.7
2026-05-21 20:00:00,1.1482,1.1508,1.1336,1.1348,2885002.8,1387698
2026-05-21 21:00:00,1.1349,1.1379,1.1235,1.1235,2068411,898124.2
2026-05-21 22:00:00,1.1236,1.129,1.1164,1.1205,2571029.5,1249240.1
2026-05-21 23:00:00,1.1205,1.1271,1.1096,1.1243,2913633.3,1498194.4
2026-05-22 00:00:00,1.1244,1.1256,1.0966,1.0968,4685437.6,2279639.9
2026-05-22 01:00:00,1.0967,1.1037,1.0878,1.0986,3846969.8,1885954.9
2026-05-22 02:00:00,1.0987,1.1118,1.0981,1.1105,2746446,1404652.4
2026-05-22 03:00:00,1.1105,1.1192,1.1069,1.1088,2658139.8,1264432.1
2026-05-22 04:00:00,1.1089,1.1192,1.1068,1.1109,2588204.9,1323345.1
2026-05-22 05:00:00,1.1109,1.1245,1.1075,1.1159,2837227.3,1420762.5
2026-05-22 06:00:00,1.116,1.1163,1.099,1.1012,3167712.5,1399366.2
2026-05-22 07:00:00,1.1012,1.1112,1.0946,1.103,2686376.2,1351601
2026-05-22 08:00:00,1.103,1.11,1.0978,1.1063,2617543.8,1329673.9
2026-05-22 09:00:00,1.1063,1.1143,1.1012,1.1016,3029876.5,1422144.3
2026-05-22 10:00:00,1.1016,1.1104,1.0961,1.1087,2825614.7,1279367.7
2026-05-22 11:00:00,1.1088,1.1268,1.1002,1.1101,6796840.6,3348366.4
2026-05-22 12:00:00,1.1101,1.1297,1.1073,1.1296,4807904.2,2584527.3
2026-05-22 13:00:00,1.1295,1.1329,1.11,1.1233,5497163,2796608.1
2026-05-22 14:00:00,1.1232,1.1232,1.093,1.0932,5979552.8,2855995.8
2026-05-22 15:00:00,1.0932,1.105,1.0863,1.0984,4431135.4,2259045.4
2026-05-22 16:00:00,1.0983,1.1031,1.0908,1.0962,2601268.7,1346267.3
2026-05-22 17:00:00,1.0963,1.1014,1.0866,1.0878,3123941.6,1435102.6
2026-05-22 18:00:00,1.0878,1.0922,1.0536,1.0771,9464429,4572941.3
2026-05-22 19:00:00,1.077,1.0791,1.0517,1.0565,6105345,2661674.2
2026-05-22 20:00:00,1.0565,1.0658,1.055,1.0644,3349465.4,1799403.9
2026-05-22 21:00:00,1.0644,1.0671,1.0601,1.0628,1428823,697766.8
2026-05-22 22:00:00,1.0629,1.0642,1.0531,1.0584,1598251.6,845123.9
2026-05-22 23:00:00,1.0585,1.0649,1.0411,1.0484,3913560.5,1884412.1
2026-05-23 00:00:00,1.0485,1.0509,1.035,1.0451,4351505.8,1914962.4
2026-05-23 01:00:00,1.0451,1.0506,1.0374,1.0443,2586224.5,1298835.3
2026-05-23 02:00:00,1.0444,1.0459,1.0382,1.0423,2522024.3,847930.9
2026-05-23 03:00:00,1.0422,1.0484,1.0411,1.0444,1905758.4,969984.2
2026-05-23 04:00:00,1.0443,1.0444,1.036,1.0367,2353630.1,766625.3
2026-05-23 05:00:00,1.0367,1.038,1.0302,1.0328,3030238.5,1253034.6
2026-05-23 06:00:00,1.0327,1.0347,1.0254,1.0288,2293843.7,1102043.9
2026-05-23 07:00:00,1.0288,1.03,0.9817,0.9959,9982716.6,4201374.1
2026-05-23 08:00:00,0.9958,1.0061,0.9929,1.0006,5906411.3,2592214.8
2026-05-23 09:00:00,1.0006,1.0042,0.998,1.0001,2670282.4,1323582.5
2026-05-23 10:00:00,1.0001,1.0074,0.9995,1.0054,3394962.2,1558571.3
2026-05-23 11:00:00,1.0054,1.0083,1.003,1.0031,1528316.3,760965.4
2026-05-23 12:00:00,1.003,1.006,1.0002,1.0048,1483653.9,658040.7
2026-05-23 13:00:00,1.0047,1.0249,1.0047,1.0204,6238185.3,3763202.7
2026-05-23 14:00:00,1.0204,1.0387,1.0161,1.0387,3904884.7,2249174.8
2026-05-23 15:00:00,1.0388,1.0492,1.0351,1.0393,4427817.5,2342023.2
2026-05-23 16:00:00,1.0393,1.0511,1.0341,1.0445,2642750,1243400.7
2026-05-23 17:00:00,1.0446,1.0464,1.0385,1.0424,1931765,885944.4
2026-05-23 18:00:00,1.0424,1.0616,1.0416,1.0506,5032090.8,2739145.7
2026-05-23 19:00:00,1.0506,1.0583,1.0479,1.0551,1812600.3,834976.9
2026-05-23 20:00:00,1.0552,1.1014,1.0509,1.0989,15951703,5507648.4
2026-05-23 21:00:00,1.0989,1.102,1.0722,1.0782,5253099.7,2574820.4
2026-05-23 22:00:00,1.0782,1.0863,1.063,1.0664,5400517.7,2320989.7
2026-05-23 23:00:00,1.0663,1.0689,1.0625,1.0673,2060294.6,1103805.6
2026-05-24 00:00:00,1.0673,1.073,1.063,1.071,1929644.3,1031128.1
2026-05-24 01:00:00,1.071,1.0749,1.0666,1.0674,1515077.7,734002.7
2026-05-24 02:00:00,1.0675,1.07,1.0581,1.0659,1969786.7,902826.9
2026-05-24 03:00:00,1.0658,1.0713,1.0603,1.0626,1534224.5,633867.1
2026-05-24 04:00:00,1.0627,1.0667,1.0611,1.062,1399588.4,611882.1
2026-05-24 05:00:00,1.0619,1.0626,1.0529,1.0578,1888609.2,896717
2026-05-24 06:00:00,1.0577,1.068,1.0541,1.0673,2057146.6,1117258.4
2026-05-24 07:00:00,1.0673,1.0691,1.0562,1.0572,1407233.1,693567.3
2026-05-24 08:00:00,1.0572,1.064,1.0552,1.0626,1986478.6,1066318.9
2026-05-24 09:00:00,1.0626,1.0685,1.0624,1.0654,2079942.6,1161036.9
2026-05-24 10:00:00,1.0655,1.0709,1.0591,1.0638,1878752.9,965748.3
2026-05-24 11:00:00,1.0638,1.0693,1.0609,1.0654,2131786.7,917986.6
2026-05-24 12:00:00,1.0654,1.0656,1.0516,1.0579,2326658.5,929289.9
2026-05-24 13:00:00,1.058,1.0608,1.0434,1.0487,2999737.1,1294115.9
2026-05-24 14:00:00,1.0487,1.0511,1.0312,1.0439,5164730.3,2156645.3
2026-05-24 15:00:00,1.0438,1.046,1.0421,1.0437,1403156.2,699553.6
2026-05-24 16:00:00,1.0437,1.0498,1.0403,1.0455,1569966,733045.4
2026-05-24 17:00:00,1.0454,1.0488,1.043,1.0454,1616258.1,661816.1
2026-05-24 18:00:00,1.0454,1.0479,1.038,1.0396,1463564.9,525563.4
2026-05-24 19:00:00,1.0396,1.0434,1.0369,1.0395,1307649.9,696271.6
2026-05-24 20:00:00,1.0395,1.0407,1.0226,1.0274,11258039.6,7235481.2
2026-05-24 21:00:00,1.0274,1.0302,1.0042,1.0105,6203387.6,2358645.6
2026-05-24 22:00:00,1.0105,1.0321,1.0099,1.0256,2701268.5,1315882.4
2026-05-24 23:00:00,1.0257,1.037,1.0255,1.0328,1712379.8,991782
2026-05-25 00:00:00,1.0329,1.0386,1.0303,1.032,1326348.2,614084
2026-05-25 01:00:00,1.0321,1.0338,1.0226,1.0236,1677246.3,627365.8
2026-05-25 02:00:00,1.0237,1.0354,1.0237,1.0257,1442241.3,679827.5
2026-05-25 03:00:00,1.0257,1.0277,1.0198,1.0225,1338541.7,553810
2026-05-25 04:00:00,1.0225,1.0376,1.0208,1.0364,1855517.4,984480.1
2026-05-25 05:00:00,1.0363,1.0504,1.0345,1.0458,2578541.4,1598675
2026-05-25 06:00:00,1.0458,1.0484,1.0349,1.0432,1543092.6,632864.5
2026-05-25 07:00:00,1.0433,1.0496,1.0353,1.0404,1785757.7,815954.2
2026-05-25 08:00:00,1.0403,1.0423,1.0367,1.04,1297695.6,668678.3
2026-05-25 09:00:00,1.04,1.0437,1.0378,1.0401,1561339.9,732918.6
2026-05-25 10:00:00,1.0401,1.0499,1.0386,1.0477,2028097.3,856682.3
2026-05-25 11:00:00,1.0476,1.0483,1.0387,1.0441,2240272.5,999049.9
2026-05-25 12:00:00,1.0442,1.0529,1.0416,1.0465,2013256.4,957436.5
2026-05-25 13:00:00,1.0465,1.0518,1.044,1.0511,1594696.5,705065
2026-05-25 14:00:00,1.0511,1.0587,1.0511,1.0571,3036585.9,1451310.3
2026-05-25 15:00:00,1.057,1.0601,1.046,1.0501,3063184.9,1371656.2
2026-05-25 16:00:00,1.0501,1.0619,1.0475,1.0588,1734938.2,919555.5
2026-05-25 17:00:00,1.0589,1.064,1.0544,1.058,2189418,959376.5
2026-05-25 18:00:00,1.0581,1.0608,1.0532,1.0535,1129971.5,462122
2026-05-25 19:00:00,1.0535,1.0579,1.0484,1.0542,1296692.6,527405
2026-05-25 20:00:00,1.0541,1.0593,1.0417,1.0452,2230888.8,791255.7
2026-05-25 21:00:00,1.0452,1.05,1.0438,1.0484,913801,359195.3
2026-05-25 22:00:00,1.0485,1.0502,1.033,1.036,2547360.4,1127062.1
2026-05-25 23:00:00,1.036,1.0479,1.0341,1.043,2930964.3,1535707.2
2026-05-26 00:00:00,1.043,1.0452,1.0219,1.0333,3034629.6,1407110.6
2026-05-26 01:00:00,1.0332,1.0332,1.0194,1.0237,2027550.4,852377
2026-05-26 02:00:00,1.0238,1.026,1.0194,1.0223,2004399.6,842359.6
2026-05-26 03:00:00,1.0223,1.0254,1.0167,1.0249,2137355.1,906784
2026-05-26 04:00:00,1.0249,1.0346,1.0229,1.0327,1783658,872674.4
2026-05-26 05:00:00,1.0327,1.0472,1.029,1.0404,1843143.7,889867.5
2026-05-26 06:00:00,1.0403,1.0427,1.0331,1.0387,1760353.9,722584.5
2026-05-26 07:00:00,1.0388,1.0403,1.0242,1.0325,3185923.7,1474785.9
2026-05-26 08:00:00,1.0325,1.0392,1.0294,1.0323,1832246.9,958548.6
2026-05-26 09:00:00,1.0323,1.0371,1.0296,1.0337,1921973.5,836539.6
2026-05-26 10:00:00,1.0337,1.0539,1.0303,1.0502,4088369.4,2242396.2
2026-05-26 11:00:00,1.0502,1.0518,1.0433,1.0435,2563639.9,1219573.9
2026-05-26 12:00:00,1.0436,1.0477,1.0365,1.0459,3867479.1,1721612.8
2026-05-26 13:00:00,1.0458,1.0492,1.0309,1.0455,4308042.5,2146841
2026-05-26 14:00:00,1.0455,1.058,1.0348,1.0382,6313753.7,3339388.2
2026-05-26 15:00:00,1.0381,1.04,1.0188,1.0287,5208052.7,2386177.5
2026-05-26 16:00:00,1.0287,1.0291,1.0149,1.0238,4594566.3,2025766.7
2026-05-26 17:00:00,1.0239,1.0271,1.0023,1.0108,5129147.3,2353153.9
2026-05-26 18:00:00,1.0108,1.0195,1.0016,1.0106,3247762.9,1474736.9
2026-05-26 19:00:00,1.0107,1.0117,1.0046,1.007,2532485.5,1296262.9
2026-05-26 20:00:00,1.007,1.0105,1.0053,1.0081,1557429.2,678703.5
2026-05-26 21:00:00,1.008,1.0086,0.9985,1.0012,2430462.7,1075332
2026-05-26 22:00:00,1.0012,1.005,0.9982,1,2378133.1,1089677.9
2026-05-26 23:00:00,1,1.0057,1,1.0007,1624175.5,715385.7
2026-05-27 00:00:00,1.0008,1.0145,1.0004,1.0124,2114847,1117398.2
2026-05-27 01:00:00,1.0124,1.0136,1.0029,1.0036,1510899.1,629736.4
2026-05-27 02:00:00,1.0037,1.005,0.9937,1.0039,2789164.8,1322387.8
2026-05-27 03:00:00,1.0039,1.0061,0.9971,0.9985,2589443.6,763751.3
2026-05-27 04:00:00,0.9985,1.0003,0.9844,0.9988,3270309.1,1396629.5
2026-05-27 05:00:00,0.9988,1.0058,0.9986,1.005,1942602.9,1046784.7
2026-05-27 06:00:00,1.005,1.0077,1.0011,1.0051,1535961.8,635185.3
2026-05-27 07:00:00,1.0052,1.0082,1.0018,1.0049,2039616.3,953060.8
2026-05-27 08:00:00,1.0049,1.0077,0.9959,0.9972,1774288.4,791676.8
2026-05-27 09:00:00,0.9972,0.9988,0.9921,0.9942,1773973.1,736129.9
2026-05-27 10:00:00,0.9943,0.9998,0.9928,0.9982,1609400.3,659712.4
2026-05-27 11:00:00,0.9982,1.0036,0.9978,0.9994,1558816.3,643062.4
2026-05-27 12:00:00,0.9995,1.0158,0.9943,1.0051,3682320.4,1898252.6
2026-05-27 13:00:00,1.0051,1.0066,0.9877,0.998,4769667.8,2014498.3
2026-05-27 14:00:00,0.998,1.0021,0.9858,0.998,3591348.6,1689887.8
2026-05-27 15:00:00,0.998,1.0119,0.9967,1.005,3950071.3,2092061
2026-05-27 16:00:00,1.005,1.0087,0.9932,0.9984,3132043.8,1360078.3
2026-05-27 17:00:00,0.9984,0.9989,0.9688,0.9741,5925079.7,2685049.7
2026-05-27 18:00:00,0.9742,0.9826,0.9698,0.9807,4998209.7,2248493.8
2026-05-27 19:00:00,0.9808,0.9853,0.9784,0.9821,3195329.2,1448537
2026-05-27 20:00:00,0.9821,0.9879,0.9782,0.9863,2462933.4,1172333.4
2026-05-27 21:00:00,0.9862,0.9875,0.9568,0.963,2458247.5,1045787.9
2026-05-27 22:00:00,0.9631,0.97,0.955,0.9578,3328628.4,1442744.3
2026-05-27 23:00:00,0.9577,0.9622,0.9539,0.96,3036915.3,1417968.3
2026-05-28 00:00:00,0.9599,0.9627,0.9558,0.9593,2208230,968925.2
2026-05-28 01:00:00,0.9592,0.9602,0.9461,0.9531,3684527.5,1463595.4
2026-05-28 02:00:00,0.9532,0.9558,0.949,0.9515,2326336,954808
2026-05-28 03:00:00,0.9516,0.9524,0.9204,0.9221,9241444.2,4612617
2026-05-28 04:00:00,0.9221,0.9237,0.9068,0.9227,8363427.8,4506753.5
2026-05-28 05:00:00,0.9227,0.9238,0.9087,0.9121,3362209.9,1534485.5
2026-05-28 06:00:00,0.9121,0.9178,0.9086,0.9155,2981892.8,1318888.2
2026-05-28 07:00:00,0.9156,0.9274,0.9136,0.9247,3343133.8,1843196.6
2026-05-28 08:00:00,0.9248,0.9252,0.9189,0.9206,1857010.3,842326.1
2026-05-28 09:00:00,0.9206,0.9251,0.9179,0.9229,1968018.2,947118.1
2026-05-28 10:00:00,0.9229,0.9241,0.9117,0.912,2604557.5,1068594.1
2026-05-28 11:00:00,0.912,0.9148,0.9104,0.9128,2157418.2,857272.8
2026-05-28 12:00:00,0.9128,0.9188,0.9084,0.9188,2314212.8,1146812.6
2026-05-28 13:00:00,0.9188,0.9211,0.9086,0.9125,3234869.7,1515113.3
2026-05-28 14:00:00,0.9125,0.9252,0.9027,0.9207,5296131,2696477.5
2026-05-28 15:00:00,0.9207,0.9237,0.9078,0.9179,2513548.2,1368708
2026-05-28 16:00:00,0.9178,0.9288,0.9129,0.9268,2500462.9,1265052.3
2026-05-28 17:00:00,0.9267,0.9396,0.9232,0.9363,2131455.4,1098543.3
2026-05-28 18:00:00,0.9363,0.9463,0.9361,0.9387,2376039.7,1140168.4
2026-05-28 19:00:00,0.9387,0.9387,0.9266,0.9272,1484800.7,741228
2026-05-28 20:00:00,0.9272,0.9356,0.9223,0.9304,1469536.9,815338.6
2026-05-28 21:00:00,0.9304,0.9366,0.929,0.9339,1791139.7,999475.1
2026-05-28 22:00:00,0.9339,0.9374,0.9232,0.9268,2564505.9,1280998.7
2026-05-28 23:00:00,0.9268,0.9331,0.925,0.9295,1588854.3,751325
2026-05-29 00:00:00,0.9295,0.9349,0.9293,0.9319,2418628,1196888.8
2026-05-29 01:00:00,0.932,0.9361,0.9262,0.9299,1495853.4,702290.1
2026-05-29 02:00:00,0.9298,0.9314,0.9189,0.9209,1747378.1,772871.6
2026-05-29 03:00:00,0.921,0.9278,0.9193,0.9195,1232590,614651
2026-05-29 04:00:00,0.9195,0.924,0.9154,0.9239,2521688.2,1451020.2
2026-05-29 05:00:00,0.9238,0.9278,0.9229,0.9261,1144472.8,609380.6
2026-05-29 06:00:00,0.926,0.9331,0.9237,0.9244,1380188,642058.6
2026-05-29 07:00:00,0.9245,0.9266,0.9139,0.9208,2787183,1333205.3
2026-05-29 08:00:00,0.9207,0.9269,0.9205,0.9231,1272091.6,615092.3
2026-05-29 09:00:00,0.9231,0.9291,0.9225,0.9254,1048196.7,605024.7
2026-05-29 10:00:00,0.9254,0.9254,0.917,0.9182,922893.5,426244.1
2026-05-29 11:00:00,0.9182,0.9197,0.8968,0.9103,5169008.9,2235877.5
2026-05-29 12:00:00,0.9103,0.9106,0.9016,0.9043,3839207.1,2250816.4
2026-05-29 13:00:00,0.9042,0.9072,0.8972,0.9037,2500307.3,1252905.8
2026-05-29 14:00:00,0.9037,0.9119,0.8922,0.9066,4052205.5,2145076.2
2026-05-29 15:00:00,0.9067,0.9387,0.9044,0.9239,7170803.6,3669162.6
2026-05-29 16:00:00,0.924,0.93,0.9156,0.9263,3103442.4,1597734.8
2026-05-29 17:00:00,0.9263,0.9279,0.9151,0.9159,3518473.2,1589255.7
2026-05-29 18:00:00,0.9159,0.9174,0.9013,0.9038,2901706.2,1140174
2026-05-29 19:00:00,0.9038,0.909,0.8948,0.9047,2067166,1060928.5
2026-05-29 20:00:00,0.9047,0.9084,0.9,0.902,1242584.7,688041.8
2026-05-29 21:00:00,0.9021,0.906,0.8949,0.8958,1839989.6,851182.3
2026-05-29 22:00:00,0.8959,0.9034,0.8947,0.9023,1203539.2,626876.1
2026-05-29 23:00:00,0.9023,0.9066,0.9008,0.905,3150217,878306.3
2026-05-30 00:00:00,0.9051,0.9094,0.9028,0.9086,1268371.7,658854.7
2026-05-30 01:00:00,0.9086,0.9194,0.907,0.9166,1940632.4,961422.4
2026-05-30 02:00:00,0.9166,0.9199,0.9126,0.9148,753466.6,371115.8
2026-05-30 03:00:00,0.9148,0.9163,0.9048,0.9063,996082,451513.1
2026-05-30 04:00:00,0.9063,0.9095,0.8919,0.9009,1625908.1,658903.3
2026-05-30 05:00:00,0.9009,0.9068,0.8985,0.9047,551065.2,347559.5
2026-05-30 06:00:00,0.9047,0.9064,0.8994,0.9021,808931,265301.1
2026-05-30 07:00:00,0.9021,0.904,0.8991,0.9017,1136390.8,424599
2026-05-30 08:00:00,0.9017,0.9024,0.8971,0.8984,646747.5,334190.3
2026-05-30 09:00:00,0.8983,0.9037,0.8961,0.9005,892517,557600.6
2026-05-30 10:00:00,0.9006,0.9034,0.8984,0.8994,594508.5,270692.6
2026-05-30 11:00:00,0.8994,0.9004,0.895,0.8993,1189599.2,421156.8
2026-05-30 12:00:00,0.8993,0.902,0.8975,0.9016,630714.6,373766.9
2026-05-30 13:00:00,0.9016,0.9033,0.8964,0.9027,815034.9,436891.6
2026-05-30 14:00:00,0.9027,0.9079,0.9007,0.9076,1365933.8,624171.1
2026-05-30 15:00:00,0.9076,0.9138,0.9055,0.9096,1516859.1,842516.2
2026-05-30 16:00:00,0.9096,0.9149,0.9076,0.9111,790617.8,414329.9
2026-05-30 17:00:00,0.9111,0.9126,0.9043,0.9103,996405.8,513933.1
2026-05-30 18:00:00,0.9102,0.9132,0.9071,0.912,411301,236957.3
2026-05-30 19:00:00,0.9119,0.9158,0.9083,0.91,552369.2,298109.1
2026-05-30 20:00:00,0.91,0.9124,0.9075,0.91,557779.8,247583.6
2026-05-30 21:00:00,0.91,0.9162,0.9094,0.9128,669079.1,317703.5
2026-05-30 22:00:00,0.9128,0.9131,0.9012,0.9049,1040345.4,442139.1
2026-05-30 23:00:00,0.9049,0.9084,0.9031,0.9084,414083.1,218029.9
2026-05-31 00:00:00,0.9085,0.9159,0.9085,0.914,1296596.1,756893
2026-05-31 01:00:00,0.914,0.9198,0.9125,0.9154,954456,331865.7
2026-05-31 02:00:00,0.9154,0.9254,0.9119,0.9159,1498893.3,815081
2026-05-31 03:00:00,0.9159,0.9179,0.9135,0.9155,514310.4,267439.9
2026-05-31 04:00:00,0.9154,0.9211,0.9136,0.9204,582685.1,386740.4
2026-05-31 05:00:00,0.9203,0.9205,0.9134,0.9139,500886.8,223085.4
2026-05-31 06:00:00,0.9138,0.9138,0.9089,0.9093,495099.4,193383.4
2026-05-31 07:00:00,0.9093,0.9095,0.8989,0.9039,1559932.6,544891
2026-05-31 08:00:00,0.9039,0.9062,0.9005,0.9044,431551.3,254694.4
2026-05-31 09:00:00,0.9043,0.9099,0.9018,0.9032,537266.6,282534.9
2026-05-31 10:00:00,0.9032,0.9051,0.8997,0.9039,1326426.6,668477.3
2026-05-31 11:00:00,0.9038,0.9069,0.9009,0.9013,1408542.8,585252.4
2026-05-31 12:00:00,0.9012,0.9054,0.8994,0.9027,1481933.3,711448.3
2026-05-31 13:00:00,0.9027,0.9068,0.9007,0.9015,1251600.5,365164.5
2026-05-31 14:00:00,0.9015,0.9022,0.85,0.8767,12548206.4,5559564.2
2026-05-31 15:00:00,0.8768,0.8852,0.875,0.8794,3493083.2,1360576.3
2026-05-31 16:00:00,0.8794,0.8798,0.8668,0.8712,3221787.5,1399386.3
2026-05-31 17:00:00,0.8711,0.8769,0.8692,0.8761,1695461.7,817378.6
2026-05-31 18:00:00,0.8762,0.88,0.8736,0.8793,888319.4,487751.8
2026-05-31 19:00:00,0.8793,0.8805,0.8722,0.8767,1865404,658589.6
2026-05-31 20:00:00,0.8768,0.8829,0.8768,0.8826,795826.5,461809.8
2026-05-31 21:00:00,0.8827,0.898,0.881,0.895,897171.7,522533.4
2026-05-31 22:00:00,0.895,0.901,0.8895,0.8988,1690136.1,824444.6
2026-05-31 23:00:00,0.8988,0.9035,0.8894,0.8954,1288713.4,640865.1
2026-06-01 00:00:00,0.8954,0.9023,0.895,0.8978,1413335.4,782752.4
2026-06-01 01:00:00,0.8978,0.8984,0.8819,0.882,919395,411251.3
2026-06-01 02:00:00,0.8819,0.8969,0.8798,0.8947,1604432.2,761530.8
2026-06-01 03:00:00,0.8947,0.9024,0.8946,0.8991,1758945,946355.3
2026-06-01 04:00:00,0.8991,0.9036,0.8826,0.8882,1685326.3,718542.7
2026-06-01 05:00:00,0.8881,0.8915,0.8834,0.8869,1986846.6,1155136.6
2026-06-01 06:00:00,0.887,0.8875,0.8751,0.8811,1653502.4,858641.7
2026-06-01 07:00:00,0.8812,0.8832,0.8719,0.8746,2422769.9,805791.8
2026-06-01 08:00:00,0.8746,0.8783,0.8718,0.8766,2484335.3,1303953
2026-06-01 09:00:00,0.8767,0.8841,0.8767,0.8813,1533028.3,699176
2026-06-01 10:00:00,0.8813,0.8822,0.8762,0.8792,1406853.1,699695.4
2026-06-01 11:00:00,0.8793,0.8825,0.8736,0.8775,1936917.8,729332.4
2026-06-01 12:00:00,0.8775,0.882,0.869,0.8757,3984117.1,1924386.8
2026-06-01 13:00:00,0.8757,0.8769,0.8582,0.8648,7559868.3,3626748.4
2026-06-01 14:00:00,0.8649,0.897,0.8585,0.867,6467461.1,3272336.9
2026-06-01 15:00:00,0.867,0.8707,0.8568,0.8629,2556363.7,1239957.4
2026-06-01 16:00:00,0.8628,0.8798,0.8584,0.879,4049212.7,2545676.6
2026-06-01 17:00:00,0.8791,0.8865,0.8753,0.8806,3180156.5,1836918.9
2026-06-01 18:00:00,0.8805,0.882,0.8748,0.8761,1812903.1,978408.6
2026-06-01 19:00:00,0.8761,0.8799,0.8705,0.8783,2341104.5,1207771.2
2026-06-01 20:00:00,0.8783,0.8832,0.8751,0.8807,1614320,972168.5
2026-06-01 21:00:00,0.8808,0.881,0.8684,0.8696,1924889.7,885134.1
2026-06-01 22:00:00,0.8695,0.8812,0.8652,0.8803,2334596.3,1316995.9
2026-06-01 23:00:00,0.8804,0.8828,0.8739,0.8794,1560768,821290.2
2026-06-02 00:00:00,0.8795,0.8805,0.8715,0.8735,1589729.7,815598.3
2026-06-02 01:00:00,0.8735,0.8766,0.8611,0.862,2344632,1152724.3
2026-06-02 02:00:00,0.862,0.8705,0.8527,0.8705,4847298.3,2389336
2026-06-02 03:00:00,0.8705,0.8769,0.8693,0.8756,2189804.7,1377130.2
2026-06-02 04:00:00,0.8756,0.878,0.8643,0.8654,3402972.5,1660978
2026-06-02 05:00:00,0.8653,0.8675,0.8523,0.853,3441035.1,1773158.2
2026-06-02 06:00:00,0.8529,0.858,0.8494,0.8548,4219769.2,2632073.1
2026-06-02 07:00:00,0.8549,0.8582,0.8463,0.8526,3746562.7,1812264.6
2026-06-02 08:00:00,0.8526,0.8543,0.843,0.8489,1959658,860810.6
2026-06-02 09:00:00,0.849,0.8494,0.8365,0.8404,3318764.1,1607348.5
2026-06-02 10:00:00,0.8404,0.8499,0.8375,0.8489,1858362.3,1017622.1
2026-06-02 11:00:00,0.8488,0.8509,0.8436,0.8462,1625885.8,877753.7
2026-06-02 12:00:00,0.8462,0.8491,0.8419,0.8473,1747787.2,861154
2026-06-02 13:00:00,0.8474,0.8552,0.8462,0.8487,3365124.1,1916650.5
2026-06-02 14:00:00,0.8488,0.8492,0.8219,0.8352,10040129.7,5287838.6
2026-06-02 15:00:00,0.8352,0.8358,0.81,0.8222,11137636.7,5530831.8
2026-06-02 16:00:00,0.8222,0.8401,0.8196,0.8266,4130003.4,2053374.4
2026-06-02 17:00:00,0.8267,0.8409,0.8263,0.8343,2731591.8,1614224.6
2026-06-02 18:00:00,0.8344,0.8383,0.8191,0.8249,2674095.6,1452786.7
2026-06-02 19:00:00,0.8248,0.8311,0.8076,0.8251,5036867.9,2298239.4
2026-06-02 20:00:00,0.8252,0.8313,0.817,0.8293,2404522.9,1399351.8
2026-06-02 21:00:00,0.8293,0.8363,0.8255,0.8261,2007954.1,969108.8
2026-06-02 22:00:00,0.8261,0.8261,0.7997,0.8043,7430915.1,3087918.7
2026-06-02 23:00:00,0.8044,0.8101,0.7904,0.8085,8485717.1,4328902.3
2026-06-03 00:00:00,0.8085,0.8202,0.8058,0.8164,5509767.4,2390180.9
2026-06-03 01:00:00,0.8163,0.8212,0.8089,0.817,2560087.1,1092488
2026-06-03 02:00:00,0.8171,0.8173,0.8086,0.8107,1608356.3,576191.4
2026-06-03 03:00:00,0.8108,0.8131,0.791,0.7964,5006832.9,2539271.8
2026-06-03 04:00:00,0.7964,0.8191,0.7961,0.8188,2230618.2,1154721.1
2026-06-03 05:00:00,0.8189,0.8375,0.8176,0.8323,6227162.2,3647634.8
2026-06-03 06:00:00,0.8323,0.8362,0.8268,0.8317,2784048.6,1179543.4
2026-06-03 07:00:00,0.8318,0.8423,0.8282,0.8371,3295696.5,1852589.5
2026-06-03 08:00:00,0.8371,0.8373,0.8314,0.8344,1879506.5,1014027.7
2026-06-03 09:00:00,0.8343,0.8361,0.8271,0.831,2161517.8,1191477.4
2026-06-03 10:00:00,0.8311,0.8386,0.83,0.8376,2357917.2,1299091.5
2026-06-03 11:00:00,0.8376,0.8411,0.8276,0.8293,2591724,1248625.1
2026-06-03 12:00:00,0.8294,0.8321,0.8235,0.8311,1855312.6,1083956
2026-06-03 13:00:00,0.8312,0.8377,0.8278,0.832,3166494.3,1524582.9
2026-06-03 14:00:00,0.8319,0.8347,0.8182,0.8347,3870756.2,1838115.2
2026-06-03 15:00:00,0.8347,0.8367,0.8244,0.826,3664934.2,1774185
2026-06-03 16:00:00,0.8261,0.8273,0.8078,0.8187,5144341.8,2460810.1
2026-06-03 17:00:00,0.8188,0.8322,0.8115,0.8233,3405211.7,1564930.4
2026-06-03 18:00:00,0.8234,0.8288,0.8164,0.828,2112477.6,1073798.9
2026-06-03 19:00:00,0.8279,0.8294,0.8119,0.8134,3724794.1,1806381.5
2026-06-03 20:00:00,0.8133,0.8208,0.8002,0.8046,4131556.6,1899983.8
2026-06-03 21:00:00,0.8047,0.844,0.8023,0.8406,16442680.1,6709956.3
2026-06-03 22:00:00,0.8405,0.8433,0.831,0.8337,4099681.8,1876925.4
2026-06-03 23:00:00,0.8338,0.8348,0.8247,0.8247,3222393.8,1467850.5
2026-06-04 00:00:00,0.8246,0.8307,0.8086,0.8157,5552112.4,2105101.2
2026-06-04 01:00:00,0.8158,0.8196,0.7865,0.7899,12202751.1,5363614.8
2026-06-04 02:00:00,0.79,0.7986,0.7477,0.7927,20515437.7,10728264.8
2026-06-04 03:00:00,0.7928,0.8193,0.7924,0.8138,5580339.7,3284013.1
2026-06-04 04:00:00,0.8138,0.8204,0.8026,0.8043,4654043.4,2690800.8
2026-06-04 05:00:00,0.8042,0.8042,0.7881,0.7945,4046355.9,2135471.7
2026-06-04 06:00:00,0.7944,0.8067,0.7928,0.7999,2882107.1,1172879.4
2026-06-04 07:00:00,0.8,0.801,0.7848,0.7856,3689075.7,1474809.9
2026-06-04 08:00:00,0.7856,0.7912,0.7759,0.7859,3373026.6,1710037.5
2026-06-04 09:00:00,0.7858,0.7861,0.7612,0.7768,12985202.3,5803629
2026-06-04 10:00:00,0.7769,0.7784,0.7611,0.7633,8027620.9,3637865.1
2026-06-04 11:00:00,0.7633,0.7705,0.758,0.7678,4567087.5,2642245.6
2026-06-04 12:00:00,0.7678,0.7965,0.7617,0.7934,5551916,3248913.2
2026-06-04 13:00:00,0.7935,0.7995,0.7776,0.7984,6237586.6,3228751.1
2026-06-04 14:00:00,0.7985,0.8037,0.7861,0.7922,7457240.1,4630368.6
2026-06-04 15:00:00,0.7921,0.8071,0.7905,0.7938,3439532,1946146
2026-06-04 16:00:00,0.7937,0.7943,0.7824,0.7861,3286376.2,1458326.6
2026-06-04 17:00:00,0.786,0.7899,0.773,0.7816,3038875.6,1701583.4
2026-06-04 18:00:00,0.7817,0.7903,0.7719,0.7844,3743378.5,1997219.8
2026-06-04 19:00:00,0.7845,0.7895,0.7788,0.7819,1835717.9,985330.4
2026-06-04 20:00:00,0.7818,0.7837,0.7744,0.7795,1496718.6,739714
2026-06-04 21:00:00,0.7795,0.7841,0.7593,0.7595,3690062.8,1919488.6
2026-06-04 22:00:00,0.7594,0.7687,0.758,0.7669,5848897.4,3163222.2
2026-06-04 23:00:00,0.7669,0.7753,0.7603,0.7666,7042159.1,3096327.6
2026-06-05 00:00:00,0.7666,0.7687,0.7547,0.7572,5646663.9,2865728.1
2026-06-05 01:00:00,0.7571,0.7655,0.7496,0.7582,5288301.2,2562045.5
2026-06-05 02:00:00,0.7582,0.7596,0.735,0.7367,5339231.9,2291279.7
2026-06-05 03:00:00,0.7367,0.742,0.7289,0.7307,4542495,2018118.8
2026-06-05 04:00:00,0.7307,0.748,0.7259,0.743,4620718,2241287.9
2026-06-05 05:00:00,0.7431,0.7458,0.7235,0.7245,5441387,2304184.7
2026-06-05 06:00:00,0.7245,0.7295,0.6855,0.7006,28192438,16700061.3
2026-06-05 07:00:00,0.7007,0.7143,0.6799,0.7126,16513273.6,9631332.9
2026-06-05 08:00:00,0.7126,0.7128,0.6957,0.7002,4055902.8,2170429.4
2026-06-05 09:00:00,0.7002,0.7182,0.6992,0.7164,4061601.3,2063617.5
2026-06-05 10:00:00,0.7164,0.7232,0.7113,0.7134,2679899.2,1196053.7
2026-06-05 11:00:00,0.7133,0.7171,0.7059,0.7096,3171054.6,1397752.4
2026-06-05 12:00:00,0.7096,0.7185,0.7021,0.7133,4626416.6,2295833.5
2026-06-05 13:00:00,0.7133,0.7281,0.6976,0.6978,5479025.4,2362123.3
2026-06-05 14:00:00,0.6978,0.716,0.6908,0.7064,7377288.3,3845487.7
2026-06-05 15:00:00,0.7065,0.7071,0.6881,0.6941,7588297.5,3534811.1
2026-06-05 16:00:00,0.694,0.7198,0.681,0.7181,10401247.3,5062221.3
2026-06-05 17:00:00,0.718,0.7217,0.7061,0.7086,3698152.6,1570339.4
2026-06-05 18:00:00,0.7087,0.7116,0.6782,0.6825,6166527.4,2933524.6
2026-06-05 19:00:00,0.6824,0.7025,0.6706,0.6953,9208437.8,4963366.7
2026-06-05 20:00:00,0.6953,0.7145,0.687,0.712,5614654.8,2946793.5
2026-06-05 21:00:00,0.7119,0.72,0.7107,0.7147,3003786.5,1634967.3
2026-06-05 22:00:00,0.7146,0.7155,0.6977,0.7105,3403328.4,1577972.7
2026-06-05 23:00:00,0.7105,0.7153,0.6899,0.7033,3687288.2,1600808.4
2026-06-06 00:00:00,0.7033,0.7294,0.7029,0.7275,3896386.3,1993707.9
2026-06-06 01:00:00,0.7275,0.7307,0.7043,0.7057,3153939.1,1644446.6
2026-06-06 02:00:00,0.7057,0.707,0.6962,0.6973,2376066,1120126.9
2026-06-06 03:00:00,0.6973,0.7008,0.6914,0.696,3004883.4,1378325.9
2026-06-06 04:00:00,0.696,0.6986,0.664,0.6708,7770354.1,3625286.6
2026-06-06 05:00:00,0.6709,0.6921,0.6618,0.6911,5582509.4,3080908.5
2026-06-06 06:00:00,0.6912,0.7077,0.6909,0.6953,3946088.4,2064108
2026-06-06 07:00:00,0.6953,0.7079,0.6937,0.7032,2949838.6,1440476.9
2026-06-06 08:00:00,0.7032,0.7147,0.6992,0.7107,2661307.2,1437583.1
2026-06-06 09:00:00,0.7107,0.7195,0.7012,0.7031,3008479,1618139.7
2026-06-06 10:00:00,0.7032,0.7033,0.6869,0.6949,3997356,1883359.4
2026-06-06 11:00:00,0.6948,0.7041,0.6943,0.7023,1715547,868548.6
2026-06-06 12:00:00,0.7024,0.725,0.697,0.7183,4213467.2,2298095.8
2026-06-06 13:00:00,0.7184,0.7269,0.7129,0.7184,2688537.3,1426824.8
2026-06-06 14:00:00,0.7185,0.731,0.7174,0.7218,4229456.1,2366377.1
2026-06-06 15:00:00,0.7218,0.7234,0.7085,0.7157,3189866.3,1533451.2
2026-06-06 16:00:00,0.7156,0.7211,0.7085,0.7152,2234954.9,1104659.2
2026-06-06 17:00:00,0.7153,0.716,0.703,0.7058,2160261.9,901285.3
2026-06-06 18:00:00,0.7058,0.7129,0.7039,0.7085,1307534.5,664205.4
2026-06-06 19:00:00,0.7084,0.7136,0.7046,0.7048,1059863.9,562164
2026-06-06 20:00:00,0.7048,0.7078,0.701,0.7061,1642145.4,811051.4
2026-06-06 21:00:00,0.7061,0.7141,0.7061,0.7094,1041659.5,533910.5
2026-06-06 22:00:00,0.7093,0.7147,0.7059,0.7111,1150747.7,613799.2
2026-06-06 23:00:00,0.7111,0.7211,0.7109,0.7181,1144368.6,625457.8
2026-06-07 00:00:00,0.7182,0.7235,0.7166,0.7199,2283993.1,1428378.7
2026-06-07 01:00:00,0.7199,0.758,0.7189,0.7501,7709904.1,4426045.2
2026-06-07 02:00:00,0.7501,0.7563,0.7428,0.7505,3360595.8,1735345.2
2026-06-07 03:00:00,0.7504,0.7545,0.7465,0.753,3227961.9,1710730.9
2026-06-07 04:00:00,0.7529,0.755,0.7425,0.7516,2968792.8,1508581.8
2026-06-07 05:00:00,0.7516,0.7568,0.7485,0.7499,4475902.1,2212904.9
2026-06-07 06:00:00,0.7498,0.758,0.7462,0.7534,4618201.3,2300310.1
2026-06-07 07:00:00,0.7534,0.7571,0.7507,0.7529,4052055.9,1947028.5
2026-06-07 08:00:00,0.7528,0.764,0.7459,0.7574,5764396,3046967.6
2026-06-07 09:00:00,0.7575,0.7657,0.7562,0.7586,5353920.1,2829775.5
2026-06-07 10:00:00,0.7587,0.7594,0.7463,0.7477,3849640.4,1743526
2026-06-07 11:00:00,0.7477,0.7557,0.7471,0.7507,2936614.6,1647475.3
2026-06-07 12:00:00,0.7508,0.7521,0.729,0.7408,5412570.8,2383578.7
2026-06-07 13:00:00,0.7407,0.7451,0.739,0.744,1574570.9,682584.6
2026-06-07 14:00:00,0.7441,0.7563,0.743,0.7478,2998322.6,1557907.4
2026-06-07 15:00:00,0.7478,0.75,0.742,0.7452,2371903.8,973784.1
2026-06-07 16:00:00,0.7452,0.7475,0.7411,0.7461,1482729.1,729501.4
2026-06-07 17:00:00,0.7461,0.752,0.7451,0.7501,2054484.6,1075104.5
2026-06-07 18:00:00,0.7501,0.7515,0.741,0.7415,1534758.9,660597
2026-06-07 19:00:00,0.7416,0.742,0.728,0.7314,3724382.6,1243932.5
2026-06-07 20:00:00,0.7314,0.7425,0.7287,0.741,1781488.3,923195.1
2026-06-07 21:00:00,0.741,0.7439,0.7344,0.7396,1144402.8,633519.9
2026-06-07 22:00:00,0.7396,0.7807,0.7386,0.756,8473094.3,4765228.3
2026-06-07 23:00:00,0.7559,0.7621,0.7506,0.7587,4446744.5,2214128.3
2026-06-08 00:00:00,0.7586,0.767,0.7551,0.7646,2607644.4,1314197
2026-06-08 01:00:00,0.7647,0.766,0.7474,0.7565,3746428.4,1717045.2
2026-06-08 02:00:00,0.7565,0.7578,0.7499,0.7534,2199752.7,1178161.2
2026-06-08 03:00:00,0.7535,0.7572,0.7487,0.7518,2191610.1,1096391.3
2026-06-08 04:00:00,0.7519,0.753,0.7376,0.7389,3978206,1512405.5
2026-06-08 05:00:00,0.739,0.7396,0.7286,0.7358,3100299,1188507.1
2026-06-08 06:00:00,0.7358,0.748,0.7355,0.7448,2463659.9,1113812.3
2026-06-08 07:00:00,0.7449,0.7611,0.7413,0.7608,3143405.5,1414328.7
2026-06-08 08:00:00,0.7608,0.7608,0.7462,0.7492,3469857.7,1542310.3
2026-06-08 09:00:00,0.7493,0.7551,0.747,0.7546,2511963.8,1175586.5
2026-06-08 10:00:00,0.7546,0.7561,0.7476,0.7507,1567501,748381.9
2026-06-08 11:00:00,0.7507,0.7646,0.7484,0.758,2611278.9,1402936.5
2026-06-08 12:00:00,0.7581,0.7687,0.7502,0.767,3760756.8,1903077.6
2026-06-08 13:00:00,0.7671,0.7679,0.7592,0.7657,2479697.1,1257119.8
2026-06-08 14:00:00,0.7657,0.7668,0.7589,0.7644,2889259.8,1553891.5
2026-06-08 15:00:00,0.7645,0.7736,0.7601,0.7629,2744299.9,1148286.1
2026-06-08 16:00:00,0.763,0.7713,0.761,0.7617,2120040.6,719145.3
2026-06-08 17:00:00,0.7617,0.7666,0.7571,0.7665,2015779.5,797276.3
2026-06-08 18:00:00,0.7665,0.7682,0.7592,0.7617,1686945,674164.1
2026-06-08 19:00:00,0.7617,0.7642,0.7584,0.7597,1373101.5,626639.1
2026-06-08 20:00:00,0.7598,0.7611,0.7542,0.7609,1208381.2,505041.3
2026-06-08 21:00:00,0.761,0.7692,0.761,0.7617,2093898.2,838199.9
2026-06-08 22:00:00,0.7616,0.7623,0.7566,0.7593,1305512.9,482184.9
2026-06-08 23:00:00,0.7593,0.7624,0.7527,0.7555,1148178.5,373632.7
2026-06-09 00:00:00,0.7553,0.7568,0.7291,0.7333,4875170.8,1877315
2026-06-09 01:00:00,0.7332,0.7464,0.7329,0.7434,1428314.1,780726.2
2026-06-09 02:00:00,0.7434,0.7492,0.7392,0.7464,1061529.5,456847.3
2026-06-09 03:00:00,0.7465,0.7486,0.7415,0.7457,1155916.2,705418.1
2026-06-09 04:00:00,0.7456,0.7625,0.7428,0.7587,2962220.4,1795906.6
2026-06-09 05:00:00,0.7587,0.7624,0.7555,0.759,1098290.9,505255.7
2026-06-09 06:00:00,0.7591,0.7612,0.7546,0.7566,1482533.7,618458
2026-06-09 07:00:00,0.7566,0.7605,0.7516,0.7545,1459070.2,572399.5
2026-06-09 08:00:00,0.7546,0.7551,0.7461,0.7477,1711522.2,657919.9
2026-06-09 09:00:00,0.7478,0.7506,0.7413,0.7456,1002527.9,477308.1
2026-06-09 10:00:00,0.7456,0.7508,0.7439,0.7496,1780267.4,1040359.1
2026-06-09 11:00:00,0.7496,0.7548,0.7449,0.7538,1186858,535775.3
2026-06-09 12:00:00,0.7537,0.7601,0.7525,0.7561,1209710.4,631442.3
2026-06-09 13:00:00,0.7561,0.7591,0.7493,0.7521,1834019.5,889668.2
2026-06-09 14:00:00,0.7522,0.7538,0.7333,0.7443,3372309.3,1496035.5
2026-06-09 15:00:00,0.7441,0.7458,0.7327,0.7358,2936749.7,1368637.3
2026-06-09 16:00:00,0.7357,0.7422,0.7309,0.7382,3082172.6,1520606.5
2026-06-09 17:00:00,0.7382,0.7573,0.7371,0.7498,6816227.7,2220015.4
2026-06-09 18:00:00,0.7499,0.7561,0.7484,0.7506,1115659.8,436142.1
2026-06-09 19:00:00,0.7505,0.7553,0.7476,0.7535,1695735.9,759929.5
2026-06-09 20:00:00,0.7535,0.76,0.7532,0.756,1037157,464279.1
2026-06-09 21:00:00,0.7561,0.7567,0.7474,0.7494,860851.9,393148.1
2026-06-09 22:00:00,0.7494,0.7532,0.7454,0.7458,703240.5,385216.1
2026-06-09 23:00:00,0.7459,0.7515,0.7444,0.7495,802433,389862.7
2026-06-10 00:00:00,0.7495,0.7571,0.7461,0.7564,830604.9,392629.3
2026-06-10 01:00:00,0.7564,0.7573,0.7457,0.7488,1295882.3,456945.2
2026-06-10 02:00:00,0.7488,0.7508,0.7389,0.74,782565.7,303177.7
2026-06-10 03:00:00,0.7399,0.7459,0.7388,0.7446,394825.1,207982.6
2026-06-10 04:00:00,0.7445,0.7468,0.7368,0.7392,1408071.6,402558.2
2026-06-10 05:00:00,0.7392,0.7429,0.7355,0.7411,543647.5,258627.1
2026-06-10 06:00:00,0.7412,0.746,0.7384,0.7437,783836.5,339840.3
2026-06-10 07:00:00,0.7439,0.753,0.7434,0.7491,1080332.5,520708.1
2026-06-10 08:00:00,0.7492,0.7492,0.7393,0.7408,1508596.2,677459.3
2026-06-10 09:00:00,0.7408,0.7434,0.7348,0.7415,1220843.4,612215.4
2026-06-10 10:00:00,0.7416,0.7428,0.7365,0.742,775326.6,355460.7
2026-06-10 11:00:00,0.7421,0.7436,0.7319,0.7382,2069135.9,1039927.7
2026-06-10 12:00:00,0.7383,0.7552,0.7357,0.748,2570117.8,1299652.3
2026-06-10 13:00:00,0.748,0.7618,0.7472,0.7553,2578784.1,1287400.2
2026-06-10 14:00:00,0.7553,0.7574,0.7486,0.7549,1967902,974009.4
2026-06-10 15:00:00,0.7549,0.7603,0.7489,0.7556,2379868.9,1222693.1
2026-06-10 16:00:00,0.7557,0.7582,0.7371,0.7423,2290638.8,1117821.3
2026-06-10 17:00:00,0.7423,0.7467,0.7355,0.7405,1680285.2,675600.1
2026-06-10 18:00:00,0.7406,0.7426,0.7348,0.7424,1443873.3,652140.9
2026-06-10 19:00:00,0.7424,0.7434,0.7313,0.7333,1243670.1,610350.3
2026-06-10 20:00:00,0.7332,0.737,0.7281,0.7302,1783684.3,668893
2026-06-10 21:00:00,0.7302,0.731,0.7141,0.7183,1955383.8,886661.2
2026-06-10 22:00:00,0.7183,0.7253,0.7162,0.7203,1501039.5,787960.3
2026-06-10 23:00:00,0.7202,0.7289,0.7166,0.7266,2351878.6,1122254.2
2026-06-11 00:00:00,0.7266,0.7359,0.7266,0.7331,1396348.4,726811.7
2026-06-11 01:00:00,0.7331,0.743,0.7331,0.7408,1031775.2,594718.2
2026-06-11 02:00:00,0.7408,0.742,0.736,0.7399,821086.5,385952.9
2026-06-11 03:00:00,0.7399,0.7617,0.7374,0.7554,2296703.6,1382155.9
2026-06-11 04:00:00,0.7554,0.7585,0.7495,0.7543,1588733.9,920038.1
2026-06-11 05:00:00,0.7543,0.7543,0.7499,0.7506,792410.7,421215.3
2026-06-11 06:00:00,0.7507,0.7553,0.7482,0.7497,1261335.2,613651.8
2026-06-11 07:00:00,0.7497,0.7507,0.7457,0.7486,1248469.5,657525
2026-06-11 08:00:00,0.7487,0.7554,0.7485,0.752,1586004.8,812661.7
2026-06-11 09:00:00,0.7519,0.753,0.7461,0.7492,1415822.6,904949.7
2026-06-11 10:00:00,0.7492,0.7527,0.7468,0.7514,886507.3,461006
2026-06-11 11:00:00,0.7513,0.7566,0.7495,0.7536,1518321.8,672694.4
2026-06-11 12:00:00,0.7535,0.7539,0.7422,0.7483,2546561.6,1281385
2026-06-11 13:00:00,0.7483,0.7536,0.7441,0.7507,1409350.4,745347.7
2026-06-11 14:00:00,0.7507,0.7519,0.7458,0.7475,1104642.7,509507
2026-06-11 15:00:00,0.7476,0.753,0.7439,0.7511,1351697.2,654804.1
2026-06-11 16:00:00,0.7512,0.7532,0.7456,0.7471,2051023.5,619425.8
2026-06-11 17:00:00,0.747,0.7698,0.7437,0.7683,4895497.1,2439916.4
2026-06-11 18:00:00,0.7684,0.7699,0.7595,0.7618,2148802,1067293.7
2026-06-11 19:00:00,0.7618,0.7673,0.7579,0.7633,1843017.1,829935
2026-06-11 20:00:00,0.7633,0.7646,0.7566,0.76,1229766.3,491405.4
2026-06-11 21:00:00,0.76,0.7662,0.7599,0.7633,1100711.7,530837
2026-06-11 22:00:00,0.7632,0.7662,0.7601,0.761,1104338.2,655263.3
2026-06-11 23:00:00,0.761,0.761,0.7536,0.7551,1989062.2,946982
2026-06-12 00:00:00,0.755,0.7579,0.7531,0.7531,774165.1,387431.6
2026-06-12 01:00:00,0.753,0.7535,0.7476,0.7515,861354,391734
2026-06-12 02:00:00,0.7516,0.7598,0.7513,0.7576,1120506.4,621429.1
2026-06-12 03:00:00,0.7577,0.7595,0.7555,0.7577,1362979.2,847821.2
2026-06-12 04:00:00,0.7578,0.7615,0.7549,0.7575,635493.8,300227.6
2026-06-12 05:00:00,0.7575,0.7577,0.7517,0.7523,1538101.9,403655.1
2026-06-12 06:00:00,0.7522,0.7538,0.7453,0.7481,1294612,489860.2
2026-06-12 07:00:00,0.7482,0.7536,0.7482,0.7515,1149765,626748
2026-06-12 08:00:00,0.7516,0.7592,0.7516,0.759,841094.2,405462.2
2026-06-12 09:00:00,0.7589,0.7631,0.7568,0.7587,5260072.1,1312056.8
2026-06-12 10:00:00,0.7587,0.7601,0.7525,0.7557,935444.5,489582.3
2026-06-12 11:00:00,0.7558,0.7584,0.7548,0.7574,774600.1,388302.5
2026-06-12 12:00:00,0.7574,0.759,0.7534,0.7548,1197824.9,588578.5
2026-06-12 13:00:00,0.7549,0.7559,0.7482,0.7519,1840147.2,713982.4
2026-06-12 14:00:00,0.7518,0.764,0.7506,0.7634,2345356.5,1350774.4
2026-06-12 15:00:00,0.7635,0.7708,0.7473,0.7477,5365113.2,2368403.8
2026-06-12 16:00:00,0.7477,0.7568,0.7454,0.7566,1949706.8,930042.3
2026-06-12 17:00:00,0.7566,0.7597,0.752,0.7533,856672.4,407901.1
2026-06-12 18:00:00,0.7534,0.7547,0.749,0.7503,778380,351387.1
2026-06-12 19:00:00,0.7503,0.7543,0.7484,0.7485,898437,409235.6
2026-06-12 20:00:00,0.7485,0.7509,0.7472,0.7485,866489.5,344033.5
2026-06-12 21:00:00,0.7485,0.7518,0.7461,0.7476,709560.4,319926.1
2026-06-12 22:00:00,0.7475,0.7514,0.7475,0.7495,360305.4,188176.5
2026-06-12 23:00:00,0.7495,0.7516,0.746,0.7511,412264.5,212562.3
2026-06-13 00:00:00,0.7511,0.7529,0.7498,0.7518,260117.3,137701.8
2026-06-13 01:00:00,0.7518,0.7584,0.7516,0.7573,547348.4,317405.4
2026-06-13 02:00:00,0.7572,0.7572,0.7518,0.753,677490.9,346581.4
2026-06-13 03:00:00,0.753,0.7545,0.7484,0.7509,492895,207427
2026-06-13 04:00:00,0.7509,0.7531,0.7479,0.7496,353229.3,162497.1
2026-06-13 05:00:00,0.7496,0.7518,0.7477,0.7507,401371.8,207039.9
2026-06-13 06:00:00,0.7507,0.7555,0.749,0.7549,796628.1,274061.7
2026-06-13 07:00:00,0.7549,0.767,0.7527,0.7622,2602192.7,1313711.1
2026-06-13 08:00:00,0.7621,0.7659,0.7605,0.7623,2193488.7,831192.3
2026-06-13 09:00:00,0.7623,0.7685,0.7623,0.7651,965500.5,462606.4
2026-06-13 10:00:00,0.7651,0.7704,0.764,0.7655,1395636.7,800473.9
2026-06-13 11:00:00,0.7656,0.7695,0.7648,0.7694,1504370.2,971211
2026-06-13 12:00:00,0.7694,0.7771,0.7662,0.7746,2774808.7,1537584.7
2026-06-13 13:00:00,0.7746,0.776,0.7663,0.768,1877754.4,852765.5
2026-06-13 14:00:00,0.768,0.773,0.7672,0.7725,979779.6,485946.6
2026-06-13 15:00:00,0.7726,0.7752,0.7703,0.774,1514553,797518.5
2026-06-13 16:00:00,0.774,0.7744,0.763,0.7676,2226250,942115.5
2026-06-13 17:00:00,0.7675,0.7703,0.7644,0.7684,1430811.9,500464.3
2026-06-13 18:00:00,0.7684,0.7711,0.7653,0.7663,670562.7,226000.4
2026-06-13 19:00:00,0.7664,0.7693,0.765,0.7659,683148.7,304813.4
2026-06-13 20:00:00,0.7658,0.7667,0.7625,0.7652,607428.1,311518.2
2026-06-13 21:00:00,0.7654,0.7748,0.7625,0.7701,1144127.6,537626.8
2026-06-13 22:00:00,0.7701,0.7703,0.7656,0.7657,750984.1,403282.9
2026-06-13 23:00:00,0.7656,0.7699,0.7651,0.7684,761155.3,394890.4
2026-06-14 00:00:00,0.7683,0.7685,0.7635,0.7654,1873995.1,1197195.2
2026-06-14 01:00:00,0.7654,0.77,0.7639,0.7675,726080.2,414454.6
2026-06-14 02:00:00,0.7674,0.7707,0.7663,0.7688,537102.4,280313.2
2026-06-14 03:00:00,0.7688,0.7697,0.7664,0.7688,558469.2,251210.9
2026-06-14 04:00:00,0.7688,0.7695,0.7615,0.7625,528848.9,178350
2026-06-14 05:00:00,0.7625,0.7634,0.7593,0.7625,849199.9,273995.4
2026-06-14 06:00:00,0.7625,0.7654,0.7582,0.7598,718245.1,297631.2
2026-06-14 07:00:00,0.7599,0.76,0.7566,0.759,607396.1,337728.5
2026-06-14 08:00:00,0.7591,0.7606,0.7573,0.7588,551654.5,204600.4
2026-06-14 09:00:00,0.7588,0.762,0.7553,0.7611,711748.6,260982.8
2026-06-14 10:00:00,0.761,0.7617,0.7581,0.7581,442326.5,200020.7
2026-06-14 11:00:00,0.7582,0.7605,0.7574,0.7592,559585,215565.7
2026-06-14 12:00:00,0.7593,0.7608,0.7552,0.7569,1063910.7,629580.9
2026-06-14 13:00:00,0.757,0.7579,0.753,0.7549,973581.5,429115.1
2026-06-14 14:00:00,0.7547,0.7547,0.7447,0.7482,1546935,532578.3
2026-06-14 15:00:00,0.7481,0.7495,0.7476,0.7486,466607.3,225748.3
2026-06-14 16:00:00,0.7485,0.752,0.7478,0.75,635646.4,284691
2026-06-14 17:00:00,0.7501,0.7528,0.7474,0.7482,465531.1,213238.8
2026-06-14 18:00:00,0.7483,0.7503,0.7467,0.7487,470272.5,297717.2
2026-06-14 19:00:00,0.7486,0.7523,0.7476,0.7495,341883.6,200639.7
2026-06-14 20:00:00,0.7496,0.7557,0.7478,0.7516,439301.9,202726.8
2026-06-14 21:00:00,0.7517,0.7899,0.7513,0.7852,4620499.3,2435056.4
2026-06-14 22:00:00,0.7853,0.7906,0.7767,0.785,3582383.4,1901053.2
2026-06-14 23:00:00,0.7851,0.8035,0.781,0.8031,5046785.8,3559467
2026-06-15 00:00:00,0.8031,0.8046,0.7949,0.798,2351211.3,962008.1
2026-06-15 01:00:00,0.798,0.7986,0.7852,0.7907,2875421.9,1303511.5
2026-06-15 02:00:00,0.7906,0.7985,0.7894,0.7915,1762849.6,1016676.6
2026-06-15 03:00:00,0.7915,0.801,0.7905,0.7997,1314496.1,676397.3
2026-06-15 04:00:00,0.7996,0.8012,0.7941,0.7944,1342875.8,753234.8
2026-06-15 05:00:00,0.7944,0.8044,0.7933,0.8034,1917412.8,1002814.8
2026-06-15 06:00:00,0.8034,0.8049,0.798,0.7982,1482032.3,621205.4
2026-06-15 07:00:00,0.7983,0.8005,0.7934,0.7941,1666138.6,642544.6
2026-06-15 08:00:00,0.7942,0.7989,0.7935,0.7949,1343502.2,511137.9
2026-06-15 09:00:00,0.7949,0.7967,0.7888,0.7923,1485918,709385.2
2026-06-15 10:00:00,0.7924,0.8082,0.7913,0.804,2629841.6,1450646.8
2026-06-15 11:00:00,0.8041,0.8169,0.8015,0.8088,4756648.2,2627044.3
2026-06-15 12:00:00,0.8089,0.8159,0.8071,0.8126,2904823.5,1768700.1
2026-06-15 13:00:00,0.8127,0.8287,0.8119,0.826,5302609.1,2570700.5
2026-06-15 14:00:00,0.826,0.8266,0.8148,0.8153,2656109.7,1354448.8
2026-06-15 15:00:00,0.8153,0.8272,0.8111,0.8246,2962092,1578397.3
2026-06-15 16:00:00,0.8245,0.8277,0.818,0.8186,2443121,1457041.2
2026-06-15 17:00:00,0.8186,0.8187,0.8086,0.8145,2116346.4,914329.1
2026-06-15 18:00:00,0.8144,0.815,0.8074,0.8088,1970601.8,1223252.2
2026-06-15 19:00:00,0.8087,0.8125,0.7956,0.8035,2823680.3,1548367
2026-06-15 20:00:00,0.8034,0.806,0.8,0.8012,1345225.4,716581.3
2026-06-15 21:00:00,0.8012,0.8023,0.797,0.7982,940130.1,323970.6
2026-06-15 22:00:00,0.7982,0.8011,0.7879,0.79,1849007.5,735264.7
2026-06-15 23:00:00,0.7899,0.7946,0.7876,0.7936,1035473.5,451423.7
2026-06-16 00:00:00,0.7936,0.7965,0.7912,0.7917,859073.9,432793.1
2026-06-16 01:00:00,0.7918,0.7953,0.7905,0.7912,796419.7,411776.3
2026-06-16 02:00:00,0.7913,0.7927,0.7771,0.7792,2005143.5,793071.8
2026-06-16 03:00:00,0.7793,0.7879,0.7771,0.7877,1089916.4,604253.4
2026-06-16 04:00:00,0.7877,0.7903,0.7804,0.7824,1594361.7,553546.8
2026-06-16 05:00:00,0.7824,0.7862,0.7824,0.7838,792200.9,338549
2026-06-16 06:00:00,0.7838,0.79,0.7838,0.7889,1196128.8,552674.2
2026-06-16 07:00:00,0.789,0.7924,0.7862,0.7909,1204631.3,587046.2
2026-06-16 08:00:00,0.7909,0.8104,0.7906,0.8077,3034688.9,1799189
2026-06-16 09:00:00,0.8077,0.8088,0.7974,0.7982,1222806.2,458270.9
2026-06-16 10:00:00,0.7982,0.8021,0.7966,0.7978,1095783.5,378228.3
2026-06-16 11:00:00,0.7978,0.7996,0.7917,0.7953,968425.3,470918.1
2026-06-16 12:00:00,0.7954,0.8047,0.7936,0.7998,1302918.5,545819.7
2026-06-16 13:00:00,0.7999,0.8011,0.7862,0.7877,1917881.3,766793.7
2026-06-16 14:00:00,0.7878,0.7921,0.7722,0.7806,3853978.2,1560275.2
2026-06-16 15:00:00,0.7805,0.787,0.7795,0.7841,1457358.5,702049.1
2026-06-16 16:00:00,0.7841,0.7859,0.7814,0.783,990625.1,373020
2026-06-16 17:00:00,0.7831,0.7911,0.7826,0.7905,1349216.6,606690
2026-06-16 18:00:00,0.7906,0.7987,0.7902,0.7945,1474680.4,842146.7
2026-06-16 19:00:00,0.7945,0.7947,0.7874,0.793,1785211.3,669800
2026-06-16 20:00:00,0.793,0.8053,0.7911,0.8043,1608881,698892.7
2026-06-16 21:00:00,0.8043,0.8068,0.7962,0.7987,1187208.1,447662.7
2026-06-16 22:00:00,0.7988,0.8018,0.796,0.8006,722707,400253.8
2026-06-16 23:00:00,0.8006,0.8023,0.7944,0.7966,949902.5,541402.3
2026-06-17 00:00:00,0.7966,0.8043,0.7966,0.8023,794156.6,448386
2026-06-17 01:00:00,0.8024,0.8145,0.8005,0.8129,1393266.3,807426.8
2026-06-17 02:00:00,0.813,0.8195,0.8089,0.8156,1392221.6,687596.2
2026-06-17 03:00:00,0.8156,0.8156,0.8061,0.8073,974861.6,464998.2
2026-06-17 04:00:00,0.8073,0.8132,0.8043,0.8084,1113071.4,658329.9
2026-06-17 05:00:00,0.8084,0.8106,0.8033,0.8055,794100.7,420224.6
2026-06-17 06:00:00,0.8055,0.8093,0.8005,0.8016,1025295.6,608747
2026-06-17 07:00:00,0.8017,0.8058,0.797,0.8001,1495799.7,650769.8
2026-06-17 08:00:00,0.8002,0.8007,0.7875,0.7893,1506065.1,639291.2
2026-06-17 09:00:00,0.7893,0.7925,0.7891,0.7913,1060439,596765.5
2026-06-17 10:00:00,0.7914,0.7937,0.789,0.79,631508.3,362493.7
2026-06-17 11:00:00,0.79,0.791,0.7835,0.7863,859678.3,430922.9
2026-06-17 12:00:00,0.7863,0.792,0.7813,0.7916,1405162.4,667263
2026-06-17 13:00:00,0.7915,0.7956,0.7882,0.7901,1427743.8,605016.3
2026-06-17 14:00:00,0.79,0.7931,0.7813,0.7877,1331867.8,584198.4
2026-06-17 15:00:00,0.7877,0.8057,0.7866,0.8054,1797545.7,1154767.2
2026-06-17 16:00:00,0.8053,0.8111,0.7994,0.7994,1866550.1,956158.3
2026-06-17 17:00:00,0.7995,0.8089,0.7966,0.8083,1783789.6,1049397.4
2026-06-17 18:00:00,0.8083,0.8084,0.783,0.7967,4122528.9,1816254.3
2026-06-17 19:00:00,0.7968,0.799,0.7711,0.7738,4665788.1,1953445.6
2026-06-17 20:00:00,0.7738,0.7805,0.7715,0.7801,1640977,861652.3
2026-06-17 21:00:00,0.7801,0.7806,0.7708,0.7732,950133.3,518569.5
2026-06-17 22:00:00,0.7732,0.7733,0.757,0.7694,2913426,1245426.3
2026-06-17 23:00:00,0.7695,0.7747,0.7666,0.7673,1337058.5,692653.4
2026-06-18 00:00:00,0.7673,0.77,0.7629,0.7661,1519601.5,753096.8
2026-06-18 01:00:00,0.7661,0.7721,0.7584,0.7616,1118307.6,542551.5
2026-06-18 02:00:00,0.7617,0.7726,0.7595,0.7694,1230613.5,621191.9
2026-06-18 03:00:00,0.7694,0.7722,0.76,0.7632,1178287,597509.6
2026-06-18 04:00:00,0.7633,0.7638,0.7453,0.7463,4292948.8,1813340.9
2026-06-18 05:00:00,0.7463,0.747,0.7386,0.746,2100313.3,1054298.2
2026-06-18 06:00:00,0.7461,0.7497,0.7435,0.7489,882739,462204.7
2026-06-18 07:00:00,0.7489,0.755,0.7469,0.7526,1499797.1,815268.5
2026-06-18 08:00:00,0.7527,0.7563,0.7507,0.7533,865180.2,403056.6
2026-06-18 09:00:00,0.7532,0.7552,0.7484,0.7527,1046915.2,520334.3
2026-06-18 10:00:00,0.7527,0.7528,0.7466,0.7496,788205.7,309816.3
2026-06-18 11:00:00,0.7496,0.7522,0.7447,0.7466,755963.6,459652.3
2026-06-18 12:00:00,0.7467,0.7518,0.744,0.7502,966047.3,608000.7
2026-06-18 13:00:00,0.7502,0.7518,0.7304,0.738,2308704.8,1200410.7
2026-06-18 14:00:00,0.7381,0.7457,0.7351,0.74,1328968.7,595788.5
2026-06-18 15:00:00,0.7401,0.7401,0.7094,0.7094,9079944.6,5366265.3
2026-06-18 16:00:00,0.7093,0.7188,0.7074,0.7178,4748009.6,3356573.5
2026-06-18 17:00:00,0.7179,0.7195,0.7097,0.7143,2597038,1263714
2026-06-18 18:00:00,0.7143,0.7211,0.7134,0.7187,2205009.6,1211156.8
2026-06-18 19:00:00,0.7186,0.7236,0.717,0.7203,874488.8,454541.4
2026-06-18 20:00:00,0.7203,0.7267,0.7203,0.7249,1618324.6,763417.3
2026-06-18 21:00:00,0.7249,0.7253,0.7193,0.7231,752348.5,393017.7
2026-06-18 22:00:00,0.723,0.7261,0.7208,0.7251,1905704.1,991081.5
2026-06-18 23:00:00,0.725,0.73,0.7226,0.7296,797864.3,509030.3
2026-06-19 00:00:00,0.7297,0.7311,0.7279,0.7301,647637.9,326024.8
2026-06-19 01:00:00,0.7302,0.7326,0.7257,0.7302,799308,389423.3
2026-06-19 02:00:00,0.7303,0.7326,0.7251,0.7272,643555.1,298532.3
2026-06-19 03:00:00,0.7272,0.7284,0.7118,0.719,2833945.5,1173508.1
2026-06-19 04:00:00,0.7191,0.7215,0.707,0.709,1501352.2,609036.7
2026-06-19 05:00:00,0.7091,0.7156,0.7091,0.7147,890508.5,538403.6
2026-06-19 06:00:00,0.7146,0.7179,0.7133,0.7171,919532.4,562987.7
2026-06-19 07:00:00,0.7171,0.7175,0.7083,0.7116,1012551.8,527085.2
2026-06-19 08:00:00,0.7116,0.7163,0.7113,0.7145,857139.1,391055.1
2026-06-19 09:00:00,0.7146,0.7158,0.7101,0.7112,1388466.9,479594.9
2026-06-19 10:00:00,0.7113,0.713,0.7078,0.7114,1009412.4,376792.2
2026-06-19 11:00:00,0.7114,0.7133,0.7095,0.7108,1098646.5,650433.8
2026-06-19 12:00:00,0.7108,0.7128,0.7015,0.7112,2766818.9,1384897.7
2026-06-19 13:00:00,0.7112,0.7208,0.7081,0.7167,1683926.1,1009572.1
2026-06-19 14:00:00,0.7167,0.7188,0.7123,0.7141,972762.3,430517
2026-06-19 15:00:00,0.7141,0.7163,0.7106,0.7139,834739.8,371265
2026-06-19 16:00:00,0.7139,0.717,0.7077,0.7096,1364160.9,523998.7
2026-06-19 17:00:00,0.7096,0.7161,0.7079,0.7137,926555.6,517302.3
2026-06-19 18:00:00,0.7137,0.7141,0.7081,0.7106,645122.8,314151.2
2026-06-19 19:00:00,0.7106,0.7118,0.7067,0.7091,735440.6,238382.6
2026-06-19 20:00:00,0.7092,0.7141,0.7071,0.7133,525856.3,229500
2026-06-19 21:00:00,0.7133,0.715,0.7091,0.71,608030.8,367003.1
2026-06-19 22:00:00,0.7099,0.7143,0.709,0.7132,456590,242589.4
2026-06-19 23:00:00,0.7133,0.7185,0.7114,0.7166,1148011.5,872718.4
2026-06-20 00:00:00,0.7165,0.7196,0.7128,0.7128,677774.5,381885.7
2026-06-20 01:00:00,0.7127,0.7152,0.7112,0.7135,481935.7,251167
2026-06-20 02:00:00,0.7135,0.7139,0.7077,0.7086,525034.6,226941.6
2026-06-20 03:00:00,0.7086,0.7116,0.7082,0.7105,383257.1,164587.6
2026-06-20 04:00:00,0.7106,0.7144,0.7095,0.7144,361796.4,213059
2026-06-20 05:00:00,0.7144,0.7216,0.7136,0.7196,1085053.3,674213.6
2026-06-20 06:00:00,0.7196,0.7218,0.7184,0.7194,1164613.9,591481.7
2026-06-20 07:00:00,0.7194,0.7216,0.7167,0.7178,1038672.6,437511.9
2026-06-20 08:00:00,0.7179,0.7179,0.7148,0.7158,603215.5,207620.8
2026-06-20 09:00:00,0.7159,0.722,0.7157,0.7205,947874.2,634114.1
2026-06-20 10:00:00,0.7206,0.7227,0.7186,0.7206,622784.2,262845.3
2026-06-20 11:00:00,0.7206,0.7212,0.7166,0.7174,805276.5,328622.1
2026-06-20 12:00:00,0.7174,0.7204,0.7154,0.7167,998394.7,383537.9
2026-06-20 13:00:00,0.7166,0.7167,0.7088,0.7098,1440065.5,490728.7
2026-06-20 14:00:00,0.7098,0.717,0.6969,0.7109,8156411,3813470.8
2026-06-20 15:00:00,0.7109,0.7153,0.7079,0.7102,2218400.1,1367663.9
2026-06-20 16:00:00,0.7103,0.7105,0.7044,0.7084,842467.7,371504.6
2026-06-20 17:00:00,0.7083,0.7083,0.6992,0.7043,2416427.8,815165.1
2026-06-20 18:00:00,0.7043,0.7064,0.7029,0.7031,897623.7,469090.3
2026-06-20 19:00:00,0.703,0.7059,0.7026,0.7053,1050131.2,542319.1
2026-06-20 20:00:00,0.7054,0.7064,0.7034,0.7053,590422.9,301850.7
2026-06-20 21:00:00,0.7053,0.7092,0.7049,0.7078,780204.5,491206.3
2026-06-20 22:00:00,0.7078,0.7159,0.7064,0.7139,2334525.5,1380939.2
2026-06-20 23:00:00,0.714,0.7166,0.713,0.714,430910.9,216079.4
2026-06-21 00:00:00,0.7141,0.7144,0.7102,0.7115,686000.8,424108.2
2026-06-21 01:00:00,0.7115,0.7129,0.7089,0.7113,625548.3,245623.1
2026-06-21 02:00:00,0.7113,0.7115,0.7085,0.7099,314479.6,155553.8
2026-06-21 03:00:00,0.7099,0.7132,0.7085,0.7118,615220.3,429445.3
2026-06-21 04:00:00,0.7119,0.7133,0.707,0.7077,1206114,576734.1
2026-06-21 05:00:00,0.7077,0.7083,0.7047,0.7065,1520931.2,765301.5
2026-06-21 06:00:00,0.7065,0.7102,0.7065,0.7093,628341.1,324954.6
2026-06-21 07:00:00,0.7093,0.713,0.707,0.7109,659351.3,330326.7
2026-06-21 08:00:00,0.7109,0.7116,0.7038,0.7083,990323.8,484645.8
2026-06-21 09:00:00,0.7084,0.7128,0.7067,0.7114,1094735.5,731023.8
2026-06-21 10:00:00,0.7115,0.7138,0.7081,0.7083,751973.1,326978.8
2026-06-21 11:00:00,0.7084,0.7094,0.7032,0.7052,1282515.5,575215.9
2026-06-21 12:00:00,0.7053,0.71,0.7034,0.7094,1139858.7,628748.8
2026-06-21 13:00:00,0.7093,0.7132,0.7075,0.7132,1205072,708392
2026-06-21 14:00:00,0.7131,0.7134,0.7085,0.7121,785110.1,381192.3
2026-06-21 15:00:00,0.7121,0.715,0.7113,0.7137,1082469.5,712013.3
2026-06-21 16:00:00,0.7136,0.7144,0.7061,0.7097,750437.6,309565.9
2026-06-21 17:00:00,0.7097,0.7123,0.7078,0.709,505168.6,249013.7
2026-06-21 18:00:00,0.709,0.7123,0.7056,0.7106,512691,223441.3
2026-06-21 19:00:00,0.7106,0.7135,0.7098,0.7116,777917.9,394252.3
2026-06-21 20:00:00,0.7116,0.7125,0.7049,0.7072,858062.2,416292.8
2026-06-21 21:00:00,0.7072,0.7078,0.6888,0.7024,5336496.5,2387243.9
2026-06-21 22:00:00,0.7023,0.7043,0.6954,0.6979,1694782,903184.6
2026-06-21 23:00:00,0.6978,0.6986,0.6919,0.6934,1182092.4,508325.8
2026-06-22 00:00:00,0.6935,0.706,0.6935,0.7055,1658287.9,982503.3
2026-06-22 01:00:00,0.7055,0.7146,0.7028,0.7111,4514022.2,2909629.9
2026-06-22 02:00:00,0.7111,0.7117,0.705,0.7053,720217.9,266095.3
2026-06-22 03:00:00,0.7053,0.7064,0.6989,0.6997,1032693.8,378425.2
2026-06-22 04:00:00,0.6998,0.7053,0.6981,0.7046,510069.6,266305.3
2026-06-22 05:00:00,0.7045,0.7083,0.7043,0.707,456665.1,202805
2026-06-22 06:00:00,0.7071,0.7091,0.7039,0.7051,800043.1,485967
2026-06-22 07:00:00,0.7051,0.7126,0.7049,0.7106,831719.4,460118.3
2026-06-22 08:00:00,0.7107,0.7142,0.7087,0.7114,1254811.3,707536.9
2026-06-22 09:00:00,0.7115,0.7128,0.7087,0.7094,708251.4,251259.4
2026-06-22 10:00:00,0.7093,0.7124,0.7089,0.7115,437541.3,220152.1
2026-06-22 11:00:00,0.7115,0.7391,0.7104,0.7387,5112232.5,2768149.7
2026-06-22 12:00:00,0.7388,0.7449,0.7326,0.7372,2927971.3,1577557.1
2026-06-22 13:00:00,0.7373,0.7439,0.7351,0.7429,3227840,1861014.8
2026-06-22 14:00:00,0.743,0.7433,0.7243,0.7279,4550312.8,2361233.2
2026-06-22 15:00:00,0.728,0.7302,0.7213,0.723,2880932.6,1451005
2026-06-22 16:00:00,0.723,0.7237,0.7175,0.7222,2601150.6,1164317.6
2026-06-22 17:00:00,0.7222,0.7232,0.7171,0.7211,710309.1,305645
2026-06-22 18:00:00,0.721,0.7246,0.7137,0.7154,1155410.3,481921.7
2026-06-22 19:00:00,0.7155,0.721,0.7122,0.7195,1255546.7,566485.4
2026-06-22 20:00:00,0.7194,0.7297,0.7193,0.726,1110374.5,524488.5
2026-06-22 21:00:00,0.726,0.7262,0.7177,0.7224,528305.1,253949.7
2026-06-22 22:00:00,0.7225,0.7253,0.7129,0.7165,1115094.2,483049.2
2026-06-22 23:00:00,0.7164,0.7205,0.7155,0.7198,478851.4,266746.7
2026-06-23 00:00:00,0.7197,0.7228,0.7151,0.7221,846109.3,433695.1
2026-06-23 01:00:00,0.7221,0.7243,0.7123,0.7181,1014132.9,490591
2026-06-23 02:00:00,0.7181,0.7274,0.7162,0.7256,1010439.6,541868.4
2026-06-23 03:00:00,0.7256,0.7289,0.7193,0.7288,1135367.3,699133.7
2026-06-23 04:00:00,0.7287,0.7294,0.7211,0.7214,899022.6,356785.7
2026-06-23 05:00:00,0.7214,0.7234,0.7036,0.708,2610043.1,1061579.1
2026-06-23 06:00:00,0.708,0.7085,0.677,0.6908,8428728.4,4066301.3
2026-06-23 07:00:00,0.6909,0.6944,0.6861,0.6868,2994043.6,1335341.6
2026-06-23 08:00:00,0.6869,0.6875,0.673,0.6829,5001501.1,2534353.8
2026-06-23 09:00:00,0.6828,0.6876,0.6809,0.6866,1615718.2,752243
2026-06-23 10:00:00,0.6866,0.7028,0.6853,0.7019,2866113.2,1396122.8
2026-06-23 11:00:00,0.702,0.7118,0.6997,0.7106,2873303.1,1695783.1
2026-06-23 12:00:00,0.7106,0.7109,0.6994,0.7021,2309551.2,895277.8
2026-06-23 13:00:00,0.7021,0.7116,0.6979,0.7083,2744379.3,1465193.1
2026-06-23 14:00:00,0.7084,0.7129,0.7032,0.704,1593060,621712.3
2026-06-23 15:00:00,0.7041,0.7056,0.6981,0.7035,1419197.6,521244.1
2026-06-23 16:00:00,0.7036,0.7111,0.702,0.7022,1338924.3,809176.8
2026-06-23 17:00:00,0.7022,0.7038,0.6975,0.6979,918372.7,355419.3
2026-06-23 18:00:00,0.698,0.7002,0.6935,0.6969,882344.3,452352
2026-06-23 19:00:00,0.6969,0.7008,0.6965,0.6981,563815.6,260057
2026-06-23 20:00:00,0.6981,0.7012,0.6973,0.699,497403.3,308923.9
2026-06-23 21:00:00,0.699,0.7055,0.6989,0.7012,945161.6,558017.5
2026-06-23 22:00:00,0.7013,0.7053,0.7012,0.7033,551225.7,274808.6
2026-06-23 23:00:00,0.7033,0.7069,0.7003,0.7042,396364.7,202118.6
2026-06-24 00:00:00,0.7043,0.7096,0.7041,0.7075,855941.5,459091.2
2026-06-24 01:00:00,0.7076,0.7112,0.7052,0.7052,1059712.2,559272.4
2026-06-24 02:00:00,0.7052,0.7057,0.6987,0.699,952249.5,429688.6
2026-06-24 03:00:00,0.699,0.7008,0.6953,0.6983,747507.8,399572.2
2026-06-24 04:00:00,0.6983,0.7009,0.6923,0.7003,947558.9,421208.9
2026-06-24 05:00:00,0.7003,0.7098,0.6996,0.7067,1347983,914379
2026-06-24 06:00:00,0.7066,0.7072,0.7028,0.7043,573009.4,224755.9
2026-06-24 07:00:00,0.7043,0.7065,0.6997,0.7009,693792.1,321885.9
2026-06-24 08:00:00,0.701,0.7047,0.7002,0.7017,943050.1,316857.9
2026-06-24 09:00:00,0.7016,0.702,0.6979,0.7,474610.8,247643.4
2026-06-24 10:00:00,0.7,0.7008,0.6962,0.6965,963159.5,415717.3
2026-06-24 11:00:00,0.6965,0.7105,0.6951,0.7015,1364542.4,750728.4
2026-06-24 12:00:00,0.7015,0.7034,0.6952,0.6963,1360450,671517.3
2026-06-24 13:00:00,0.6964,0.6967,0.6782,0.6835,4841408.4,2336800.7
2026-06-24 14:00:00,0.6834,0.688,0.6805,0.6864,2740671.1,1486071.1
2026-06-24 15:00:00,0.6864,0.6865,0.6721,0.6747,2488509.6,1161601
2026-06-24 16:00:00,0.6746,0.6822,0.6552,0.6649,5805428,2937215.4
2026-06-24 17:00:00,0.665,0.668,0.6526,0.6572,5556011.2,2498635.9
2026-06-24 18:00:00,0.6573,0.6758,0.6565,0.6714,6495337.4,2397342.1
2026-06-24 19:00:00,0.6715,0.6753,0.6685,0.6739,2049323.4,1132445.5
2026-06-24 20:00:00,0.6739,0.6883,0.6735,0.6853,3049179.1,1828829.2
2026-06-24 21:00:00,0.6854,0.6892,0.6797,0.6891,1132559.5,594206.5
2026-06-24 22:00:00,0.689,0.6914,0.6851,0.6855,1065895.9,427206.6
2026-06-24 23:00:00,0.6855,0.6873,0.6838,0.6856,492393.9,255833.5
2026-06-25 00:00:00,0.6857,0.687,0.6785,0.6798,682087.9,366795.4
2026-06-25 01:00:00,0.6798,0.6808,0.6762,0.6783,525695.6,273489.9
2026-06-25 02:00:00,0.6782,0.6805,0.677,0.6793,363687,189230.3
2026-06-25 03:00:00,0.6793,0.6803,0.6766,0.6803,586002.7,304088.2
2026-06-25 04:00:00,0.6803,0.6884,0.6786,0.6867,865952.8,507904.6
2026-06-25 05:00:00,0.6867,0.6951,0.6861,0.6912,1800637.9,1068634.2
2026-06-25 06:00:00,0.6912,0.6959,0.6909,0.6944,932532.6,481713.5
2026-06-25 07:00:00,0.6944,0.7019,0.692,0.7012,1850309.4,920192.9
2026-06-25 08:00:00,0.7012,0.7014,0.6954,0.6975,1697828.8,673217.1
2026-06-25 09:00:00,0.6976,0.6987,0.6941,0.6957,673806.6,375175.5
2026-06-25 10:00:00,0.6956,0.6966,0.69,0.6913,1237944.5,451871.8
2026-06-25 11:00:00,0.6913,0.6936,0.6871,0.6892,1316526.5,666404
2026-06-25 12:00:00,0.6892,0.6978,0.686,0.6918,3265632.7,1420840
2026-06-25 13:00:00,0.6919,0.6995,0.6514,0.6547,10574601.7,4818038.5
2026-06-25 14:00:00,0.6547,0.6826,0.6546,0.6716,7582196.2,4246285.3
2026-06-25 15:00:00,0.6717,0.6785,0.6627,0.6769,2529431.4,1361773.6
2026-06-25 16:00:00,0.6769,0.6844,0.6741,0.6796,2196542.2,1187216.4
2026-06-25 17:00:00,0.6796,0.6924,0.6781,0.6851,2727799.8,1246825
2026-06-25 18:00:00,0.6852,0.6857,0.6706,0.6736,1757751.3,948960.8
2026-06-25 19:00:00,0.6737,0.674,0.669,0.6733,1546241.5,753098.6
2026-06-25 20:00:00,0.6733,0.6783,0.6713,0.672,1388059,734080.1
2026-06-25 21:00:00,0.672,0.6825,0.6716,0.682,1014584.3,630036.2
2026-06-25 22:00:00,0.6819,0.6836,0.6782,0.6804,731229.2,421311.5
2026-06-25 23:00:00,0.6804,0.6856,0.6785,0.6839,629634.5,345213.4
2026-06-26 00:00:00,0.684,0.6875,0.68,0.6804,880209.5,440343.1
2026-06-26 01:00:00,0.6803,0.6817,0.672,0.6754,989114.4,423571.8
2026-06-26 02:00:00,0.6754,0.6757,0.6586,0.6637,3464181.8,1471570.3
2026-06-26 03:00:00,0.6638,0.6809,0.6599,0.6789,2345163.8,1382463.5
2026-06-26 04:00:00,0.6788,0.6815,0.6761,0.677,881371.6,439073.6
2026-06-26 05:00:00,0.6771,0.6826,0.6759,0.6808,596007.1,273854.3
2026-06-26 06:00:00,0.6807,0.695,0.6771,0.6929,1849870.6,1089877.4
2026-06-26 07:00:00,0.693,0.6998,0.6926,0.6961,2170081.8,1121847.4
2026-06-26 08:00:00,0.6962,0.6977,0.6873,0.6895,2346455.9,1174370.1
2026-06-26 09:00:00,0.6895,0.6916,0.6736,0.6748,1420078.2,552808.4
2026-06-26 10:00:00,0.6748,0.6817,0.6726,0.6787,1545097.8,759980.5
2026-06-26 11:00:00,0.6788,0.6819,0.6739,0.6755,1123604.2,453451.1
2026-06-26 12:00:00,0.6756,0.684,0.6722,0.675,1273580.6,634234.7
2026-06-26 13:00:00,0.6751,0.691,0.6678,0.6905,3298502.4,1815469.2
2026-06-26 14:00:00,0.6905,0.6925,0.6804,0.6835,3098795.6,1493515.4
2026-06-26 15:00:00,0.6835,0.6967,0.6825,0.692,2574907.2,1404787.5
2026-06-26 16:00:00,0.6921,0.6985,0.6868,0.6938,2859941.6,1560267.4
2026-06-26 17:00:00,0.6937,0.6994,0.6937,0.6968,1005083.4,493314.5
2026-06-26 18:00:00,0.6969,0.6998,0.6933,0.696,816418.8,437925.1
2026-06-26 19:00:00,0.696,0.7034,0.6943,0.696,2467632.8,1258746.7
2026-06-26 20:00:00,0.696,0.7042,0.6957,0.6983,1652785.9,744642.3
2026-06-26 21:00:00,0.6982,0.6992,0.6955,0.6956,508312.5,238839.6
2026-06-26 22:00:00,0.6956,0.6994,0.6932,0.6989,550316.8,265554.5
2026-06-26 23:00:00,0.6989,0.7001,0.6975,0.6982,659012,230210.3
2026-06-27 00:00:00,0.6983,0.702,0.6949,0.6989,886598.7,395678.1
2026-06-27 01:00:00,0.6988,0.7016,0.6977,0.7013,994480.1,398206.1
2026-06-27 02:00:00,0.7014,0.7104,0.7007,0.7081,1862453.1,1105718.2
2026-06-27 03:00:00,0.7081,0.7099,0.7053,0.708,1000297.3,501161.5
2026-06-27 04:00:00,0.708,0.7113,0.7077,0.7098,1266397.2,536519.6
2026-06-27 05:00:00,0.7098,0.7164,0.7064,0.7159,1888488.6,1062376.6
2026-06-27 06:00:00,0.7159,0.7179,0.7103,0.712,2318160.4,945478.3
2026-06-27 07:00:00,0.712,0.7159,0.7085,0.71,1431268.4,717848.2
2026-06-27 08:00:00,0.71,0.7101,0.7038,0.7059,878541.2,364337.4
2026-06-27 09:00:00,0.706,0.7076,0.6953,0.7012,2250951.8,1034531
2026-06-27 10:00:00,0.7012,0.703,0.7,0.7019,670275.1,334417.1
2026-06-27 11:00:00,0.7019,0.7022,0.696,0.7005,935879.8,406813.9
2026-06-27 12:00:00,0.7004,0.7054,0.6984,0.7052,821845.9,459838.7
2026-06-27 13:00:00,0.7052,0.7076,0.7036,0.7039,1048350.8,541046.3
2026-06-27 14:00:00,0.7039,0.7072,0.7024,0.7063,788149.7,478504
2026-06-27 15:00:00,0.7064,0.715,0.7055,0.7106,1562640.9,809989.2
2026-06-27 16:00:00,0.7106,0.7123,0.7084,0.7117,804890.8,456971.4
2026-06-27 17:00:00,0.7117,0.7117,0.7019,0.7041,1304582.3,506158.6
2026-06-27 18:00:00,0.704,0.7043,0.6975,0.7009,1763673.7,678400.9
2026-06-27 19:00:00,0.7009,0.7019,0.6842,0.6856,2583201.9,1220433.1
2026-06-27 20:00:00,0.6856,0.6892,0.6855,0.6877,807006.7,444732.5
2026-06-27 21:00:00,0.6878,0.6885,0.6812,0.6848,1507545.4,740000.9
2026-06-27 22:00:00,0.6847,0.6889,0.6783,0.6884,1435651.2,728558.4
2026-06-27 23:00:00,0.6884,0.6893,0.6842,0.6845,655200.4,327816.3
2026-06-28 00:00:00,0.6845,0.6877,0.6842,0.685,360045.7,196390.4
2026-06-28 01:00:00,0.6849,0.6853,0.6829,0.6842,342152.9,184522.3
2026-06-28 02:00:00,0.6842,0.6862,0.6805,0.6824,536208.8,224708
2026-06-28 03:00:00,0.6824,0.6852,0.6824,0.6842,389706,161753.2
2026-06-28 04:00:00,0.6842,0.6858,0.6823,0.684,478430,315191.3
2026-06-28 05:00:00,0.6839,0.6839,0.679,0.683,545450.2,306167.6
2026-06-28 06:00:00,0.6831,0.6834,0.6774,0.6807,682586.3,294029.9
2026-06-28 07:00:00,0.6807,0.6862,0.6805,0.6855,618921.2,281231.1
2026-06-28 08:00:00,0.6855,0.6899,0.6841,0.6871,612999,293296.5
2026-06-28 09:00:00,0.6871,0.6897,0.6831,0.6834,827810.9,347009.7
2026-06-28 10:00:00,0.6835,0.6861,0.6818,0.6854,806555.2,470973.9
2026-06-28 11:00:00,0.6853,0.6892,0.684,0.6885,523502.2,316259.7
2026-06-28 12:00:00,0.6886,0.6917,0.6852,0.6883,571959.9,299612.8
2026-06-28 13:00:00,0.6882,0.6883,0.683,0.686,725391.6,312975.1
2026-06-28 14:00:00,0.686,0.6905,0.6839,0.685,724241.8,327767
2026-06-28 15:00:00,0.685,0.6881,0.6839,0.6873,580262.9,212388.5
2026-06-28 16:00:00,0.6874,0.6877,0.68,0.6827,933516.2,329140.8
2026-06-28 17:00:00,0.6827,0.6854,0.6781,0.6839,835409,355680.3
2026-06-28 18:00:00,0.6838,0.6846,0.681,0.6833,440577.3,166738.9
2026-06-28 19:00:00,0.6834,0.6844,0.676,0.6793,597425.5,314600.2
2026-06-28 20:00:00,0.6793,0.684,0.679,0.6819,397533.7,219905.8
2026-06-28 21:00:00,0.6819,0.6829,0.6741,0.6775,602259.7,257009.9
2026-06-28 22:00:00,0.6776,0.6869,0.6707,0.6736,1599952.8,784709
2026-06-28 23:00:00,0.6735,0.6845,0.6728,0.6814,955148.8,531075.5
2026-06-29 00:00:00,0.6814,0.6837,0.6723,0.6826,1494359.5,799501.4
2026-06-29 01:00:00,0.6826,0.683,0.6771,0.6806,770706.7,402860
2026-06-29 02:00:00,0.6806,0.6856,0.6727,0.6853,949662.4,500366.1
2026-06-29 03:00:00,0.6853,0.6944,0.685,0.6916,1333929.2,693030.6
2026-06-29 04:00:00,0.6915,0.6915,0.6844,0.6859,695254.6,222841.4
2026-06-29 05:00:00,0.686,0.6879,0.6795,0.6879,598204.1,280251.1
2026-06-29 06:00:00,0.6879,0.6955,0.6877,0.6925,899824.5,527959.5
2026-06-29 07:00:00,0.6925,0.6972,0.6898,0.6962,797480.5,360329.9
2026-06-29 08:00:00,0.6961,0.6981,0.6871,0.688,1421113.6,639273.6
2026-06-29 09:00:00,0.6879,0.6926,0.6873,0.6918,950714.3,421540.9
2026-06-29 10:00:00,0.6919,0.6964,0.6895,0.6921,1043902.3,522992.7
2026-06-29 11:00:00,0.692,0.6948,0.6864,0.6896,1174318.9,669395.4
2026-06-29 12:00:00,0.6897,0.7015,0.6847,0.6917,2448574.4,1235385.8
2026-06-29 13:00:00,0.6917,0.6977,0.6864,0.6906,1756380.5,914595.2
2026-06-29 14:00:00,0.6907,0.6936,0.6832,0.6915,2058505,910536.8
2026-06-29 15:00:00,0.6916,0.6952,0.6847,0.6934,1712423.6,1000692
2026-06-29 16:00:00,0.6935,0.7,0.6894,0.6959,1098150.3,751892.3
2026-06-29 17:00:00,0.6959,0.7085,0.6957,0.7029,2009284.8,1065624
2026-06-29 18:00:00,0.7029,0.7056,0.701,0.7029,951060.9,495385.1
2026-06-29 19:00:00,0.703,0.7061,0.7008,0.7052,589369.2,297234.5
2026-06-29 20:00:00,0.7052,0.7064,0.7025,0.7026,562313.5,281010.1
2026-06-29 21:00:00,0.7027,0.7071,0.7011,0.7044,622850.1,255813.7
2026-06-29 22:00:00,0.7044,0.7061,0.7008,0.7009,731840.4,236824
2026-06-29 23:00:00,0.7008,0.705,0.6983,0.7027,821445.8,487642.4
2026-06-30 00:00:00,0.7027,0.7034,0.6918,0.6939,1125897.6,503205
2026-06-30 01:00:00,0.6939,0.6954,0.6908,0.6927,768717.3,381216.6
2026-06-30 02:00:00,0.6927,0.6972,0.69,0.6948,1285234.7,630819.8
2026-06-30 03:00:00,0.6947,0.6969,0.6929,0.6954,1584479.2,1143745.5
2026-06-30 04:00:00,0.6954,0.6983,0.693,0.6941,3923136.4,1805316.1
2026-06-30 05:00:00,0.6941,0.6946,0.691,0.6942,716612.1,305802.8
2026-06-30 06:00:00,0.6943,0.6987,0.6926,0.6978,647057.8,274956
2026-06-30 07:00:00,0.6978,0.6986,0.6947,0.6974,766505,294126.6
2026-06-30 08:00:00,0.6974,0.6978,0.6893,0.6924,1850878.3,816518
2026-06-30 09:00:00,0.6924,0.6937,0.6904,0.6935,920597.1,402295.8
2026-06-30 10:00:00,0.6936,0.6965,0.6921,0.6949,593307.5,212367.8
2026-06-30 11:00:00,0.6948,0.6954,0.6878,0.6891,1463681.9,673299.6
2026-06-30 12:00:00,0.6891,0.6896,0.678,0.6782,2164743.5,775873.4
2026-06-30 13:00:00,0.6782,0.6893,0.6772,0.6879,2271748.2,1340017.2
2026-06-30 14:00:00,0.6879,0.6945,0.6859,0.6871,1485168.7,860808
2026-06-30 15:00:00,0.6871,0.6957,0.6838,0.6904,1810182.1,981045.9
2026-06-30 16:00:00,0.6905,0.6954,0.6857,0.6941,1068274.8,512870.3
2026-06-30 17:00:00,0.6942,0.6965,0.6922,0.6924,376672.9,192915.9
2026-06-30 18:00:00,0.6924,0.6985,0.6909,0.6974,576125.9,333343
2026-06-30 19:00:00,0.6973,0.6984,0.6949,0.6961,382989,182251.8
2026-06-30 20:00:00,0.6961,0.6972,0.6917,0.6927,275582.2,125561.5
2026-06-30 21:00:00,0.6928,0.6936,0.6897,0.6927,290047.9,147042.5
2026-06-30 22:00:00,0.6928,0.6949,0.6896,0.6903,705645.4,331327.8
2026-06-30 23:00:00,0.6903,0.6913,0.6886,0.6906,405201.5,173936.6
2026-07-01 00:00:00,0.6907,0.693,0.6882,0.6908,470054.9,186529
2026-07-01 01:00:00,0.6909,0.6925,0.6778,0.6892,4460065.3,2749977.1
2026-07-01 02:00:00,0.6892,0.7027,0.6877,0.7017,2682503.3,1146296.5
2026-07-01 03:00:00,0.7017,0.7086,0.6969,0.7078,1786166.3,1101357.3
2026-07-01 04:00:00,0.7078,0.7086,0.7018,0.7064,1435158.3,773535.2
2026-07-01 05:00:00,0.7064,0.7083,0.7026,0.705,979787.7,507839.5
2026-07-01 06:00:00,0.705,0.7053,0.6933,0.6961,1445295.7,554199.8
2026-07-01 07:00:00,0.6962,0.6982,0.6937,0.6971,462203.9,209062.8
2026-07-01 08:00:00,0.697,0.7007,0.692,0.7007,741279.7,370579
2026-07-01 09:00:00,0.7007,0.7063,0.6992,0.7025,1170959,600706.7
2026-07-01 10:00:00,0.7025,0.7046,0.6958,0.6969,1183898.7,562320.1
2026-07-01 11:00:00,0.6969,0.7006,0.695,0.6993,662558.9,332750.1
2026-07-01 12:00:00,0.6993,0.7004,0.6953,0.6988,859961.9,436624.8
2026-07-01 13:00:00,0.6989,0.7097,0.6941,0.7092,2170447.8,1321507.6
2026-07-01 14:00:00,0.7092,0.7152,0.7063,0.7123,2356586.9,1202869.9
2026-07-01 15:00:00,0.7123,0.7222,0.7123,0.7158,1618440,903081.6
2026-07-01 16:00:00,0.7158,0.7218,0.7119,0.7122,1140983.2,560785.9
2026-07-01 17:00:00,0.7123,0.7183,0.7076,0.7164,918503.7,478271.5
2026-07-01 18:00:00,0.7164,0.718,0.7109,0.7135,789540,299093.3
2026-07-01 19:00:00,0.7135,0.7158,0.7112,0.7122,629737.5,340692.9
2026-07-01 20:00:00,0.7123,0.7161,0.7099,0.716,446951.9,233955.5
2026-07-01 21:00:00,0.716,0.7274,0.7157,0.7246,1444451.7,772816.8
2026-07-01 22:00:00,0.7245,0.7302,0.7219,0.723,2674764,1271432.5
2026-07-01 23:00:00,0.723,0.723,0.715,0.7156,982003,397471.9
2026-07-02 00:00:00,0.7157,0.717,0.7102,0.7157,1153202.7,489988.6
2026-07-02 01:00:00,0.7157,0.7266,0.7153,0.7237,1068651.7,498311.5
2026-07-02 02:00:00,0.7237,0.7243,0.7202,0.7222,544769.3,231787.1
2026-07-02 03:00:00,0.7222,0.7327,0.7217,0.7322,1559332.1,858640.7
2026-07-02 04:00:00,0.7321,0.7388,0.7278,0.7334,1943259.5,942428.9
2026-07-02 05:00:00,0.7334,0.7336,0.727,0.7282,644743.8,282041.1
2026-07-02 06:00:00,0.7282,0.7304,0.7249,0.7263,811724.5,388324.5
2026-07-02 07:00:00,0.7264,0.7285,0.7234,0.7272,944517.4,460264.4
2026-07-02 08:00:00,0.7272,0.7321,0.726,0.7316,806690.2,493354
2026-07-02 09:00:00,0.7316,0.7403,0.7288,0.7361,1579215.1,946559.8
2026-07-02 10:00:00,0.736,0.745,0.7347,0.7419,1551073.3,946966.4
2026-07-02 11:00:00,0.742,0.7466,0.7395,0.7412,2216253.2,1111104
2026-07-02 12:00:00,0.7411,0.7463,0.7383,0.7396,1955842.6,1021259.9
2026-07-02 13:00:00,0.7396,0.7536,0.7376,0.7492,2954961,1527353.5
2026-07-02 14:00:00,0.7493,0.7507,0.7376,0.7418,2037100.3,1135460.9
2026-07-02 15:00:00,0.7418,0.7425,0.7354,0.7405,1457181.5,599303.4
2026-07-02 16:00:00,0.7405,0.7423,0.7339,0.7375,1688456.1,569721.8
2026-07-02 17:00:00,0.7374,0.74,0.7356,0.7365,757637.5,354903.8
2026-07-02 18:00:00,0.7366,0.7401,0.7366,0.7394,526261.6,286998.9
2026-07-02 19:00:00,0.7395,0.7399,0.7336,0.7366,1008641.4,426175.4
2026-07-02 20:00:00,0.7365,0.7376,0.7337,0.7365,451955.9,252919.7
2026-07-02 21:00:00,0.7366,0.7373,0.7324,0.7358,535320.1,265284
2026-07-02 22:00:00,0.7357,0.7362,0.7295,0.7326,1140847.3,430113.4
2026-07-02 23:00:00,0.7325,0.7355,0.7305,0.7354,1055962.5,575328.5
2026-07-03 00:00:00,0.7354,0.7358,0.7288,0.7301,1363305.8,582082.2
2026-07-03 01:00:00,0.73,0.7422,0.7296,0.7397,1365804.4,695695.3
2026-07-03 02:00:00,0.7398,0.7424,0.736,0.7424,1128629.3,543278.3
2026-07-03 03:00:00,0.7423,0.7451,0.7366,0.7439,1684956.9,675606.6
2026-07-03 04:00:00,0.744,0.7449,0.7386,0.7386,1161040.2,500864.9
2026-07-03 05:00:00,0.7385,0.743,0.7374,0.7405,1040551.1,564044
2026-07-03 06:00:00,0.7405,0.7432,0.7378,0.7394,1149022.4,545056.2
2026-07-03 07:00:00,0.7394,0.7436,0.7378,0.7415,1014451.2,513915.6
2026-07-03 08:00:00,0.7415,0.746,0.7387,0.7394,1499226,650468.7
2026-07-03 09:00:00,0.7394,0.7435,0.7387,0.7424,970291.7,560105.1
2026-07-03 10:00:00,0.7424,0.7498,0.7419,0.7473,1867976.5,1128090.2
2026-07-03 11:00:00,0.7474,0.753,0.7454,0.7511,1200197.3,662016.3
2026-07-03 12:00:00,0.7512,0.7589,0.7487,0.7577,1241812,608714.1
2026-07-03 13:00:00,0.7577,0.76,0.7522,0.7579,1358657,618146
2026-07-03 14:00:00,0.7578,0.758,0.7479,0.7541,1719690.6,738575.2
2026-07-03 15:00:00,0.7541,0.7578,0.7509,0.7527,1389066,741698.5
2026-07-03 16:00:00,0.7526,0.7557,0.7497,0.7535,1159836.7,577454.8
2026-07-03 17:00:00,0.7535,0.7595,0.7526,0.7579,931364.2,439914.7
2026-07-03 18:00:00,0.758,0.7644,0.7547,0.7632,1511687.9,731726.9
2026-07-03 19:00:00,0.7632,0.7744,0.7611,0.7691,2385310.2,1305306.1
2026-07-03 20:00:00,0.7691,0.7797,0.7665,0.7752,1644608.7,791588.9
2026-07-03 21:00:00,0.7753,0.7778,0.7698,0.7744,1154005,522139.9
2026-07-03 22:00:00,0.7745,0.7752,0.7678,0.7706,939227.2,474255.2
2026-07-03 23:00:00,0.7706,0.7715,0.7665,0.7692,798006.2,409169.7
2026-07-04 00:00:00,0.7693,0.7736,0.7646,0.7659,931849.8,433121
2026-07-04 01:00:00,0.7658,0.7658,0.7583,0.7605,933263.1,322534.5
2026-07-04 02:00:00,0.7605,0.7622,0.7582,0.7597,609673.6,308161.2
2026-07-04 03:00:00,0.7598,0.7616,0.7559,0.7605,827769.7,343714.8
2026-07-04 04:00:00,0.7604,0.7671,0.7595,0.7645,815885.9,416848.2
2026-07-04 05:00:00,0.7644,0.7644,0.7578,0.7581,476927.5,155794.7
2026-07-04 06:00:00,0.7581,0.7622,0.7541,0.7565,520688.1,226566.9
2026-07-04 07:00:00,0.7566,0.7593,0.7536,0.7587,690827.3,284481.3
2026-07-04 08:00:00,0.7587,0.7602,0.7558,0.7564,479636.2,286447.4
2026-07-04 09:00:00,0.7566,0.7577,0.7511,0.7539,741507.4,296355.5
2026-07-04 10:00:00,0.7538,0.755,0.7521,0.7544,230848,102667.9
2026-07-04 11:00:00,0.7543,0.7586,0.7534,0.757,489943.5,255346.2
2026-07-04 12:00:00,0.7569,0.7605,0.7568,0.7593,373867.3,183400.8
2026-07-04 13:00:00,0.7594,0.765,0.7572,0.7594,525128.5,362262.7
2026-07-04 14:00:00,0.7594,0.765,0.7587,0.7644,829044.4,562419.1
2026-07-04 15:00:00,0.7644,0.7757,0.764,0.7721,2850333.7,1657506.6
2026-07-04 16:00:00,0.7721,0.7735,0.767,0.7677,958254.8,498108.5
2026-07-04 17:00:00,0.7677,0.7828,0.7643,0.7814,1876469.7,974669
2026-07-04 18:00:00,0.7815,0.7824,0.7736,0.7762,915457.2,446827.8
2026-07-04 19:00:00,0.7761,0.7779,0.7705,0.7709,763207.8,315830.2
2026-07-04 20:00:00,0.7709,0.7791,0.7655,0.7694,1209102.8,720176.6
2026-07-04 21:00:00,0.7693,0.7759,0.7684,0.7724,799798.6,360708.1
2026-07-04 22:00:00,0.7723,0.7731,0.7673,0.7691,316131.4,158168.8
2026-07-04 23:00:00,0.7691,0.7691,0.761,0.762,869650,364514.8
2026-07-05 00:00:00,0.7621,0.7625,0.7496,0.7527,2096664.8,783247.4
2026-07-05 01:00:00,0.7527,0.7547,0.7418,0.7444,1841133.2,1001065.3
2026-07-05 02:00:00,0.7443,0.7452,0.7372,0.7418,1678339.3,663583.6
2026-07-05 03:00:00,0.7418,0.7439,0.74,0.7422,461265.6,195270.7
2026-07-05 04:00:00,0.7422,0.7466,0.7412,0.743,1547505.3,1033470.6
2026-07-05 05:00:00,0.7429,0.7455,0.7413,0.7438,837666.8,323289.5
2026-07-05 06:00:00,0.7438,0.7454,0.7415,0.7444,494200.2,232272
2026-07-05 07:00:00,0.7445,0.7462,0.7415,0.7453,930142,368574.1
2026-07-05 08:00:00,0.7453,0.7475,0.7436,0.746,448271.3,231429.6
2026-07-05 09:00:00,0.7461,0.7473,0.7374,0.7404,923022.4,378918.5
2026-07-05 10:00:00,0.7403,0.7445,0.7375,0.7435,762832.3,337989.8
2026-07-05 11:00:00,0.7436,0.7449,0.7419,0.7431,295245,116241.3
2026-07-05 12:00:00,0.743,0.751,0.7405,0.7485,1050121.6,411663.3
2026-07-05 13:00:00,0.7484,0.7521,0.7459,0.7521,378308.1,214862
2026-07-05 14:00:00,0.7522,0.7559,0.7504,0.7558,766696.1,330445
2026-07-05 15:00:00,0.7558,0.7595,0.7515,0.7532,1062402.2,452233.8
2026-07-05 16:00:00,0.7532,0.7585,0.7517,0.7549,1126374.7,653807.5
2026-07-05 17:00:00,0.7549,0.759,0.7529,0.755,454907,251070
2026-07-05 18:00:00,0.755,0.7581,0.7546,0.756,338718.9,177398.8
2026-07-05 19:00:00,0.7559,0.7581,0.7533,0.755,436503.3,195816.9
2026-07-05 20:00:00,0.755,0.7575,0.7549,0.7554,256187.6,166098.2
2026-07-05 21:00:00,0.7554,0.7662,0.7515,0.7616,1055233.6,482037
2026-07-05 22:00:00,0.7616,0.7665,0.7592,0.7619,1160790.7,720459.2
2026-07-05 23:00:00,0.7619,0.7653,0.7557,0.7567,1200261.5,594915.4
2026-07-06 00:00:00,0.7567,0.7574,0.7487,0.7566,788855.5,376313.3
2026-07-06 01:00:00,0.7566,0.7618,0.754,0.7542,638536,314043.1
2026-07-06 02:00:00,0.7542,0.7573,0.7513,0.7536,438216.6,229433
2026-07-06 03:00:00,0.7535,0.754,0.7471,0.7489,665166.7,379889.9
2026-07-06 04:00:00,0.7489,0.7494,0.7447,0.745,691515.6,392315
2026-07-06 05:00:00,0.7449,0.7451,0.7339,0.7363,1846668.8,929556.5
2026-07-06 06:00:00,0.7363,0.7405,0.7363,0.7391,1367040,657639.8
2026-07-06 07:00:00,0.7391,0.7432,0.7378,0.7413,446632.6,243569
2026-07-06 08:00:00,0.7412,0.7441,0.7386,0.7403,623258.1,287727.5
2026-07-06 09:00:00,0.7403,0.7407,0.7362,0.7383,472460.9,169035.6
2026-07-06 10:00:00,0.7382,0.7446,0.7376,0.7425,586188.5,257062.6
2026-07-06 11:00:00,0.7424,0.7448,0.7376,0.7379,673117.6,276687.3
2026-07-06 12:00:00,0.738,0.7381,0.7249,0.725,4645958.5,1765923.7
2026-07-06 13:00:00,0.7249,0.7318,0.72,0.7284,2714747.2,1406872.7
2026-07-06 14:00:00,0.7285,0.7375,0.7274,0.7323,2267665.3,1627770.9
2026-07-06 15:00:00,0.7324,0.7446,0.7324,0.744,2342991.5,1280917.2
2026-07-06 16:00:00,0.7441,0.7497,0.7424,0.7474,1544606.6,698626.6
2026-07-06 17:00:00,0.7475,0.7494,0.7406,0.7437,1745808.8,910012.5
2026-07-06 18:00:00,0.7437,0.7485,0.7423,0.7471,535485,259681.2
2026-07-06 19:00:00,0.7471,0.75,0.7458,0.7491,787813.7,410223.9
2026-07-06 20:00:00,0.7492,0.7496,0.7463,0.7489,397989.5,154971
2026-07-06 21:00:00,0.749,0.768,0.749,0.7607,2498364.7,1384279.6
2026-07-06 22:00:00,0.7607,0.7607,0.7548,0.7558,782354.7,395484.9
2026-07-06 23:00:00,0.7559,0.7564,0.7482,0.7498,1894465.8,756808.3
2026-07-07 00:00:00,0.7498,0.7546,0.7489,0.7517,471627.9,198637.6
2026-07-07 01:00:00,0.7517,0.7517,0.7425,0.7449,739103.2,271384.2
2026-07-07 02:00:00,0.7449,0.746,0.7337,0.7355,1262681.9,539177.7
2026-07-07 03:00:00,0.7354,0.7379,0.7332,0.7353,460237.1,229887.2
2026-07-07 04:00:00,0.7353,0.7365,0.7327,0.7345,576158.8,340574.6
2026-07-07 05:00:00,0.7345,0.7394,0.7294,0.7385,820122.7,362581.4
2026-07-07 06:00:00,0.7384,0.7423,0.7364,0.7412,461830.8,263117.7
2026-07-07 07:00:00,0.7413,0.7434,0.7378,0.7378,540452.5,284047.9
2026-07-07 08:00:00,0.7378,0.741,0.7364,0.7381,519284.8,260252.2
2026-07-07 09:00:00,0.7381,0.7409,0.7372,0.7398,451226.1,220329.5
2026-07-07 10:00:00,0.7398,0.7468,0.7387,0.7393,1710615.7,1252890.6
2026-07-07 11:00:00,0.7392,0.7418,0.7366,0.7401,504702.7,276566.6
2026-07-07 12:00:00,0.7401,0.7455,0.7401,0.7413,702439.6,382523
2026-07-07 13:00:00,0.7414,0.7417,0.7345,0.7359,791024.4,317802.7
2026-07-07 14:00:00,0.7358,0.7408,0.7293,0.7397,974249.8,444966
2026-07-07 15:00:00,0.7397,0.7439,0.7374,0.7425,1455850.8,727313.9
2026-07-07 16:00:00,0.7426,0.7512,0.7412,0.7474,1046630.8,621718.7
2026-07-07 17:00:00,0.7474,0.7501,0.7445,0.7496,640564.9,293507.9
2026-07-07 18:00:00,0.7496,0.7496,0.7333,0.7352,1810652.5,781945.5
2026-07-07 19:00:00,0.7351,0.7393,0.7296,0.7377,1242350.8,616259.2
2026-07-07 20:00:00,0.7378,0.7387,0.732,0.7334,672017.8,271169.2
2026-07-07 21:00:00,0.7333,0.7349,0.7217,0.7246,2026890.8,962936.4
2026-07-07 22:00:00,0.7245,0.7293,0.7195,0.729,1586118.4,683606.3
2026-07-07 23:00:00,0.729,0.7321,0.7267,0.7279,744929.8,229043
2026-07-08 00:00:00,0.728,0.7336,0.7271,0.7326,491956.9,242961.7
2026-07-08 01:00:00,0.7327,0.7334,0.7181,0.7201,1243835,399496.1
2026-07-08 02:00:00,0.72,0.72,0.7091,0.7164,3421070.2,1435709.2
2026-07-08 03:00:00,0.7164,0.7198,0.7139,0.7144,656455.8,303817.3
2026-07-08 04:00:00,0.7145,0.7159,0.7117,0.7149,476739.8,226484.1
2026-07-08 05:00:00,0.7149,0.7174,0.7133,0.715,746765.1,490703
2026-07-08 06:00:00,0.7151,0.7158,0.7116,0.7141,654785.8,312682.6
2026-07-08 07:00:00,0.7141,0.7192,0.7114,0.7181,610259.5,391286.5
2026-07-08 08:00:00,0.7183,0.7198,0.7006,0.7032,3844808.1,1583842.9
2026-07-08 09:00:00,0.7032,0.7058,0.6993,0.7031,1815305.6,772892
2026-07-08 10:00:00,0.7032,0.7062,0.7001,0.7047,955023.6,539746.1
2026-07-08 11:00:00,0.7047,0.7116,0.7034,0.7076,1326538.7,720913.3
2026-07-08 12:00:00,0.7077,0.7094,0.7031,0.7033,1036545.9,496647.9
2026-07-08 13:00:00,0.7034,0.7078,0.7011,0.7073,1371598.9,529864
2026-07-08 14:00:00,0.7073,0.7096,0.701,0.7046,1289081.9,758363.2
2026-07-08 15:00:00,0.7047,0.7051,0.6964,0.6994,1441476.4,566712.4
2026-07-08 16:00:00,0.6994,0.7112,0.6988,0.7089,2228560.3,1491528.5
2026-07-08 17:00:00,0.709,0.7123,0.7067,0.7078,1047060,554215.9
2026-07-08 18:00:00,0.7079,0.7128,0.7076,0.71,503756.9,279256.7
2026-07-08 19:00:00,0.71,0.7137,0.7094,0.7128,562322.6,199466.6
2026-07-08 20:00:00,0.7129,0.7136,0.7083,0.7088,524964.9,234474.5
2026-07-08 21:00:00,0.7089,0.7109,0.7062,0.7101,399471.4,176632
2026-07-08 22:00:00,0.7102,0.7129,0.7093,0.7101,462435.5,220071.2
2026-07-08 23:00:00,0.7101,0.7112,0.7081,0.7111,429981.1,242225.4
2026-07-09 00:00:00,0.7111,0.7126,0.7097,0.711,498140.9,195671.9
2026-07-09 01:00:00,0.7109,0.7207,0.7087,0.7089,1117513.6,603416.3
2026-07-09 02:00:00,0.709,0.7174,0.7077,0.7157,1087972.9,520701.9
2026-07-09 03:00:00,0.7157,0.7223,0.7125,0.719,1081645.1,537173.5
2026-07-09 04:00:00,0.7189,0.7276,0.7187,0.7275,688529,417010.7
2026-07-09 05:00:00,0.7275,0.7326,0.7206,0.7258,1060314.4,594926
2026-07-09 06:00:00,0.7259,0.7299,0.7243,0.7288,968283.3,533851.5
2026-07-09 07:00:00,0.7289,0.7306,0.7228,0.7248,624357.6,294497.8
2026-07-09 08:00:00,0.7248,0.7279,0.724,0.7249,312737.9,178412.9
2026-07-09 09:00:00,0.7248,0.7249,0.7218,0.7242,430503.1,208962.4
2026-07-09 10:00:00,0.7242,0.7245,0.7192,0.7213,368195.3,226836.3
2026-07-09 11:00:00,0.7213,0.7233,0.7197,0.7231,513977.1,161403.6
2026-07-09 12:00:00,0.7231,0.7235,0.7151,0.7174,1391331.8,551310.6
2026-07-09 13:00:00,0.7173,0.7225,0.7158,0.7216,1407072.3,914181
2026-07-09 14:00:00,0.7216,0.7225,0.7156,0.7199,784554,334795
2026-07-09 15:00:00,0.72,0.7217,0.7167,0.717,643685.9,294285.2
2026-07-09 16:00:00,0.717,0.719,0.7158,0.7176,424348.3,235295.4
2026-07-09 17:00:00,0.7175,0.7205,0.7147,0.7203,598846.1,374485.4
2026-07-09 18:00:00,0.7204,0.7236,0.7196,0.721,567131,299371.8
2026-07-09 19:00:00,0.7211,0.7215,0.7181,0.7192,260858.2,148703.8
2026-07-09 20:00:00,0.7191,0.721,0.7181,0.72,173635.5,91600.3
2026-07-09 21:00:00,0.7201,0.7211,0.7179,0.719,271379.6,89848.5
2026-07-09 22:00:00,0.719,0.72,0.7174,0.7177,297896.4,148778.5
2026-07-09 23:00:00,0.7177,0.7188,0.7149,0.7171,374104.6,226552.3
2026-07-10 00:00:00,0.7172,0.7176,0.712,0.7148,579395.1,325018.7
2026-07-10 01:00:00,0.7149,0.7291,0.7124,0.725,1422867.9,781770.9
2026-07-10 02:00:00,0.7251,0.7267,0.7234,0.7252,666917,350957.9
2026-07-10 03:00:00,0.7252,0.727,0.723,0.7257,331655.8,194014.4
2026-07-10 04:00:00,0.7257,0.7271,0.724,0.7251,299173.3,148321.9
2026-07-10 05:00:00,0.7251,0.7272,0.7239,0.7263,316526.2,162167.5
2026-07-10 06:00:00,0.7264,0.7273,0.7224,0.7229,267481.2,117123.1
2026-07-10 07:00:00,0.7229,0.7244,0.7217,0.7227,477469.8,247010.1
2026-07-10 08:00:00,0.7227,0.7295,0.7225,0.7282,711165.6,387369
2026-07-10 09:00:00,0.7281,0.7313,0.7263,0.7303,841341.4,481480.1
2026-07-10 10:00:00,0.7303,0.75,0.7291,0.7434,4056543.2,2028245.6
2026-07-10 11:00:00,0.7434,0.745,0.7359,0.7381,1671981.9,819123.5
2026-07-10 12:00:00,0.7381,0.7421,0.7328,0.7373,2432038.4,1112213.6
2026-07-10 13:00:00,0.7372,0.7465,0.7359,0.7416,1185703.1,613593.3
2026-07-10 14:00:00,0.7416,0.743,0.7294,0.7377,2172761,1111792.7
2026-07-10 15:00:00,0.7377,0.7388,0.7339,0.7368,756541,334847.1
2026-07-10 16:00:00,0.7368,0.74,0.7339,0.7389,592930.6,314875.2
2026-07-10 17:00:00,0.7388,0.7396,0.7321,0.7321,484423.9,198150.3
2026-07-10 18:00:00,0.7321,0.7355,0.7306,0.7326,685745.4,344244.8
2026-07-10 19:00:00,0.7326,0.7386,0.732,0.7371,710896.4,305001.8
2026-07-10 20:00:00,0.7371,0.738,0.7337,0.7351,351916.2,158020.6
2026-07-10 21:00:00,0.7351,0.7403,0.7349,0.7398,319039.7,231762.9
2026-07-10 22:00:00,0.7398,0.7421,0.7397,0.7407,230827.4,120126.5
2026-07-10 23:00:00,0.7407,0.7407,0.7378,0.7389,393198.9,249963.2
2026-07-11 00:00:00,0.739,0.7394,0.7331,0.7348,385846.3,205449.9
2026-07-11 01:00:00,0.7349,0.7363,0.7318,0.7324,500447.2,283270
2026-07-11 02:00:00,0.7325,0.7386,0.7322,0.738,304631.6,115877.8
2026-07-11 03:00:00,0.7381,0.7454,0.7379,0.7429,726617.3,357571.1
2026-07-11 04:00:00,0.743,0.7445,0.739,0.7426,462209.8,246145.4
2026-07-11 05:00:00,0.7426,0.7548,0.7412,0.748,2086901.8,1425290.1
2026-07-11 06:00:00,0.748,0.751,0.7463,0.7472,982667.8,533710.6
2026-07-11 07:00:00,0.7472,0.7483,0.7432,0.7441,796063.3,418235.3
2026-07-11 08:00:00,0.744,0.7467,0.7432,0.7463,846043.7,415821.6
2026-07-11 09:00:00,0.7464,0.7472,0.7413,0.7422,936851.5,320564.5
2026-07-11 10:00:00,0.7422,0.7429,0.7379,0.7398,1424929.9,585179.2
2026-07-11 11:00:00,0.7399,0.7439,0.7394,0.743,438167.4,293086.9
2026-07-11 12:00:00,0.743,0.7438,0.7398,0.7416,487136.3,230722.8
2026-07-11 13:00:00,0.7416,0.7455,0.7405,0.7434,401402.5,159882.5
2026-07-11 14:00:00,0.7433,0.749,0.7432,0.7452,523875,305673.6
2026-07-11 15:00:00,0.7452,0.7521,0.7412,0.743,1968587.2,1081307.9
2026-07-11 16:00:00,0.743,0.7441,0.7401,0.7441,562270.1,287068.2
2026-07-11 17:00:00,0.744,0.7497,0.7428,0.7472,841404.1,676809.7
2026-07-11 18:00:00,0.7471,0.7497,0.7455,0.7492,460111.2,265729.4
2026-07-11 19:00:00,0.7493,0.7508,0.7435,0.7474,874635.5,420241.4
2026-07-11 20:00:00,0.7474,0.7492,0.7466,0.7479,637102.4,464964.5
2026-07-11 21:00:00,0.7479,0.7505,0.7446,0.7457,547359.2,221251.6
2026-07-11 22:00:00,0.7457,0.7459,0.7398,0.7408,677176.5,316987.2
2026-07-11 23:00:00,0.7407,0.7415,0.7283,0.7291,1493143.8,660892.9
2026-07-12 00:00:00,0.729,0.7299,0.7216,0.7241,1457338.8,520918.8
2026-07-12 01:00:00,0.7241,0.731,0.7227,0.7308,967584.7,556427.7
2026-07-12 02:00:00,0.7307,0.7309,0.7278,0.7278,866622.1,345753.1
2026-07-12 03:00:00,0.7278,0.7321,0.7255,0.7318,459824.7,254900.7
2026-07-12 04:00:00,0.7317,0.7331,0.7296,0.7316,1341898.1,718222.4
2026-07-12 05:00:00,0.7316,0.7347,0.7301,0.7331,207264.1,106032.8
2026-07-12 06:00:00,0.7331,0.7331,0.727,0.7313,452103,173223.9
2026-07-12 07:00:00,0.7312,0.739,0.7304,0.7389,735065,503980.8
2026-07-12 08:00:00,0.7389,0.7449,0.7388,0.7404,1048722.2,538528.9
2026-07-12 09:00:00,0.7404,0.7468,0.7377,0.7422,1436127.5,888974.9
2026-07-12 10:00:00,0.7422,0.7424,0.7377,0.7394,949467,322375.5
2026-07-12 11:00:00,0.7394,0.7422,0.7381,0.7409,454020,239359.5
2026-07-12 12:00:00,0.7408,0.7468,0.7405,0.7426,2010098.3,1122576
2026-07-12 13:00:00,0.7424,0.7451,0.7414,0.742,495038.2,274722.2
2026-07-12 14:00:00,0.7421,0.7488,0.7408,0.746,609544,258853.6
2026-07-12 15:00:00,0.7461,0.7466,0.7425,0.7449,565113.2,297616.7
2026-07-12 16:00:00,0.745,0.746,0.7413,0.7431,535827.8,340285.8
2026-07-12 17:00:00,0.743,0.7432,0.7378,0.7391,352572.1,120826.1
2026-07-12 18:00:00,0.7391,0.7405,0.7364,0.7391,558028,289713.5
2026-07-12 19:00:00,0.7391,0.7423,0.7386,0.7418,351632.7,223399.8
2026-07-12 20:00:00,0.7417,0.7429,0.7406,0.7415,381946.6,248376.7
2026-07-12 21:00:00,0.7415,0.7435,0.7369,0.7376,374615,217413.3
2026-07-12 22:00:00,0.7375,0.7375,0.7328,0.7369,861741.4,375430.7
2026-07-12 23:00:00,0.7368,0.7378,0.7342,0.736,265589.8,145959.7
2026-07-13 00:00:00,0.736,0.7471,0.7319,0.7386,1201726.3,705211.7
2026-07-13 01:00:00,0.7385,0.7392,0.7297,0.7301,667116.6,281255
2026-07-13 02:00:00,0.7301,0.733,0.7274,0.7309,625391.4,333941.4
2026-07-13 03:00:00,0.7308,0.7308,0.7223,0.7269,1683982.6,470387.9
2026-07-13 04:00:00,0.7269,0.7309,0.7255,0.7274,509285.6,235074.9
2026-07-13 05:00:00,0.7275,0.7331,0.7252,0.7322,838915.7,390027.8
2026-07-13 06:00:00,0.7322,0.7339,0.7305,0.7316,305384.3,139336.2
2026-07-13 07:00:00,0.7316,0.7335,0.73,0.7325,351456.7,181792.6
2026-07-13 08:00:00,0.7325,0.7363,0.7311,0.7343,411895.4,237834.7
2026-07-13 09:00:00,0.7344,0.7345,0.7325,0.7331,213076.3,103424
2026-07-13 10:00:00,0.7331,0.735,0.7304,0.7316,344030.7,149362.5
2026-07-13 11:00:00,0.7317,0.7337,0.7306,0.7309,348444.8,227453.7
2026-07-13 12:00:00,0.7309,0.7322,0.7254,0.7277,652295.7,294398.2
2026-07-13 13:00:00,0.7277,0.7284,0.723,0.7255,592897.3,323370.9
2026-07-13 14:00:00,0.7255,0.7332,0.7226,0.7332,1291245.4,665400.4
2026-07-13 15:00:00,0.7333,0.7336,0.7277,0.7282,527338,294910.3
2026-07-13 16:00:00,0.7282,0.7293,0.722,0.7249,713781.5,305479.4
2026-07-13 17:00:00,0.7248,0.7265,0.7144,0.7149,967626.8,368672.3
2026-07-13 18:00:00,0.7149,0.719,0.7147,0.7166,371647.8,188544.2
2026-07-13 19:00:00,0.7167,0.7219,0.7165,0.7215,472528.9,238811.8
2026-07-13 20:00:00,0.7215,0.7222,0.7161,0.7189,279830.1,93331.1
2026-07-13 21:00:00,0.7188,0.7191,0.7074,0.712,610960.9,346570.4
2026-07-13 22:00:00,0.7119,0.7167,0.7117,0.7146,330337.3,145405.8
2026-07-13 23:00:00,0.7147,0.722,0.7134,0.722,347271.7,215010.8
2026-07-14 00:00:00,0.722,0.7261,0.7196,0.7255,632402.4,313347.8
2026-07-14 01:00:00,0.7255,0.7289,0.7241,0.7264,951943.3,686691.1
2026-07-14 02:00:00,0.7264,0.7272,0.722,0.7235,346100.5,141013.5
2026-07-14 03:00:00,0.7236,0.7244,0.719,0.7243,306250.1,156744.8
2026-07-14 04:00:00,0.7244,0.7284,0.7229,0.7283,758769,314471.1
2026-07-14 05:00:00,0.7282,0.7314,0.7282,0.7303,1377046.5,603930.1
2026-07-14 06:00:00,0.7303,0.7355,0.73,0.7335,649649.3,361524.6
2026-07-14 07:00:00,0.7336,0.7342,0.7304,0.731,640748.8,299527.2
2026-07-14 08:00:00,0.731,0.7347,0.7299,0.7308,500722.4,231680.7
2026-07-14 09:00:00,0.7307,0.7315,0.729,0.7303,369790,161269.3
2026-07-14 10:00:00,0.7304,0.7339,0.7286,0.7331,385322.5,222148.1
2026-07-14 11:00:00,0.7331,0.7342,0.7301,0.7302,375887,190005.8
2026-07-14 12:00:00,0.7302,0.7498,0.7299,0.7487,4114840.6,2372166.4
2026-07-14 13:00:00,0.7488,0.7616,0.7461,0.7566,4217901,2119155.6
2026-07-14 14:00:00,0.7566,0.7677,0.7526,0.7649,4055464.8,2115640.6
2026-07-14 15:00:00,0.7649,0.7667,0.7584,0.7592,5189864.4,2589801.4
2026-07-14 16:00:00,0.7593,0.7626,0.7554,0.7554,1219249.9,582751.2
2026-07-14 17:00:00,0.7555,0.7569,0.7511,0.7561,2325016.1,1103985.2
2026-07-14 18:00:00,0.7562,0.7604,0.7557,0.7598,1183287.3,742984
2026-07-14 19:00:00,0.7598,0.764,0.7592,0.7621,975674.3,566517.8
2026-07-14 20:00:00,0.7622,0.7628,0.7578,0.7597,772766.5,354797.7
2026-07-14 21:00:00,0.7596,0.7629,0.7588,0.759,515521.7,293447.8
2026-07-14 22:00:00,0.7591,0.7649,0.7563,0.7614,1055540.9,598490.5
2026-07-14 23:00:00,0.7615,0.7631,0.7602,0.7624,683222.5,299121.6
2026-07-15 00:00:00,0.7625,0.7639,0.7596,0.7634,632835.6,362251.4
2026-07-15 01:00:00,0.7634,0.7634,0.7578,0.7591,450672.2,225934.9
2026-07-15 02:00:00,0.7591,0.7598,0.7492,0.7512,910758,375187.4
2026-07-15 03:00:00,0.7511,0.7557,0.7506,0.7533,493570.9,253420.8
2026-07-15 04:00:00,0.7533,0.7549,0.7508,0.7537,593205.5,230622.4
2026-07-15 05:00:00,0.7538,0.7573,0.7501,0.7569,681145.9,335198.4
2026-07-15 06:00:00,0.757,0.7606,0.755,0.7553,1480186,881558.1
2026-07-15 07:00:00,0.7554,0.7565,0.7508,0.7526,463179.6,176148.6
2026-07-15 08:00:00,0.7527,0.7545,0.7509,0.7539,291184.4,161104.7
2026-07-15 09:00:00,0.7539,0.7568,0.7524,0.7526,360972.9,164209.5
2026-07-15 10:00:00,0.7526,0.755,0.7516,0.7525,390510.9,182006.2
2026-07-15 11:00:00,0.7524,0.7546,0.7515,0.7545,355333.8,192139.8
2026-07-15 12:00:00,0.7546,0.763,0.7526,0.7625,1447819.4,840017.3
2026-07-15 13:00:00,0.7626,0.768,0.7574,0.7603,3598755.6,2108844.3
2026-07-15 14:00:00,0.7604,0.7629,0.758,0.7598,1201026.9,684974.4
2026-07-15 15:00:00,0.7598,0.7613,0.757,0.7596,856876.6,426940.9
2026-07-15 16:00:00,0.7597,0.7606,0.7443,0.7504,2428077.2,974827.9
2026-07-15 17:00:00,0.7503,0.7536,0.7483,0.7531,884946.4,435160.7
2026-07-15 18:00:00,0.7532,0.7554,0.7486,0.7495,459176.3,224381.7
2026-07-15 19:00:00,0.7496,0.751,0.7474,0.7494,360321.3,212230.3
2026-07-15 20:00:00,0.7495,0.7536,0.7482,0.7523,401769.1,200391
2026-07-15 21:00:00,0.7522,0.7544,0.7513,0.7544,264035.9,140902.9
2026-07-15 22:00:00,0.7544,0.7598,0.752,0.756,927589.3,455082
2026-07-15 23:00:00,0.756,0.7616,0.7542,0.7552,484039.7,264281.6
2026-07-16 00:00:00,0.7551,0.7565,0.7472,0.748,1693350.4,478971
2026-07-16 01:00:00,0.748,0.7537,0.7461,0.7526,734498.3,400080.2
2026-07-16 02:00:00,0.7527,0.7626,0.752,0.7617,1082126.5,589075.5
2026-07-16 03:00:00,0.7618,0.7658,0.7586,0.7603,988121,529268.4
2026-07-16 04:00:00,0.7603,0.7608,0.7541,0.7555,721291.7,313842.6
2026-07-16 05:00:00,0.7554,0.7592,0.7553,0.758,622566.6,329110.6
2026-07-16 06:00:00,0.7579,0.7597,0.7518,0.7545,651705.7,354400.9
2026-07-16 07:00:00,0.7545,0.7548,0.7397,0.7427,3621916.2,2154226.4
2026-07-16 08:00:00,0.7426,0.7427,0.733,0.7396,5254334.9,2867589.8
2026-07-16 09:00:00,0.7396,0.742,0.739,0.7403,1149643.6,528564
2026-07-16 10:00:00,0.7403,0.7439,0.7397,0.7426,481859.7,270424.1
2026-07-16 11:00:00,0.7426,0.7433,0.7402,0.7427,625480.7,269280.2
2026-07-16 12:00:00,0.7426,0.7438,0.7379,0.7403,842622.4,366430.7
2026-07-16 13:00:00,0.7402,0.7513,0.7401,0.7502,1471486.6,853482.2
2026-07-16 14:00:00,0.7502,0.755,0.748,0.7512,1348595.3,730990.1
2026-07-16 15:00:00,0.7512,0.7537,0.7434,0.751,2367720.4,865093.1
2026-07-16 16:00:00,0.751,0.7535,0.7493,0.7516,600024.7,290496.2
2026-07-16 17:00:00,0.7515,0.7515,0.7449,0.7482,1176279,595826.7
2026-07-16 18:00:00,0.7482,0.752,0.7455,0.748,415074.6,150048.5
2026-07-16 19:00:00,0.7479,0.7497,0.7469,0.7486,439142.4,197579.1
2026-07-16 20:00:00,0.7485,0.7492,0.7462,0.7469,343756.9,116993.1
2026-07-16 21:00:00,0.747,0.7522,0.7464,0.7504,350785.9,191101.2
2026-07-16 22:00:00,0.7504,0.7522,0.7422,0.7433,1125390.4,367631.8
2026-07-16 23:00:00,0.7433,0.7439,0.7353,0.739,1238711,461121.1
2026-07-17 00:00:00,0.7389,0.7446,0.7351,0.7437,1138972.2,765669.7
2026-07-17 01:00:00,0.7438,0.7462,0.7372,0.7381,662523.7,245182.7
2026-07-17 02:00:00,0.7382,0.7414,0.7365,0.7405,563324.2,210565.1
2026-07-17 03:00:00,0.7405,0.7484,0.7392,0.7441,993044.1,384988.3
2026-07-17 04:00:00,0.7441,0.7441,0.7387,0.743,757274.2,249696.9
2026-07-17 05:00:00,0.7429,0.7429,0.7303,0.7317,1467134.2,549640.3
2026-07-17 06:00:00,0.7317,0.75,0.7296,0.734,2197643.9,1347153.3
2026-07-17 07:00:00,0.7341,0.7354,0.7318,0.7318,369811.8,181510.7
2026-07-17 08:00:00,0.7319,0.733,0.7227,0.7294,2262228.6,839329.6
2026-07-17 09:00:00,0.7294,0.7357,0.7291,0.7344,996495.3,623819.1
2026-07-17 10:00:00,0.7345,0.7367,0.7341,0.7351,331620.3,186080.5
2026-07-17 11:00:00,0.7351,0.7397,0.7338,0.7365,428947.4,226775.9
2026-07-17 12:00:00,0.7365,0.7367,0.7283,0.7294,749944.2,332288
2026-07-17 13:00:00,0.7294,0.7325,0.7214,0.7325,2114559,1185204.6
2026-07-17 14:00:00,0.7325,0.7375,0.7294,0.7313,2312013.7,832357.3
2026-07-17 15:00:00,0.7313,0.7348,0.725,0.7347,1531936,658427.5
2026-07-17 16:00:00,0.7347,0.7412,0.7323,0.7387,1009220.7,476369
2026-07-17 17:00:00,0.7388,0.7448,0.7388,0.7401,506341.7,229760.8
2026-07-17 18:00:00,0.7402,0.7425,0.738,0.7406,404313.1,209524.9
2026-07-17 19:00:00,0.7405,0.7406,0.7358,0.7386,352756.1,116568.9
2026-07-17 20:00:00,0.7385,0.7396,0.7366,0.7389,326344.5,168097.8
2026-07-17 21:00:00,0.739,0.7418,0.7384,0.739,467298.4,327120.6
2026-07-17 22:00:00,0.739,0.7397,0.7364,0.7389,263110.6,129873.5
2026-07-17 23:00:00,0.7388,0.7408,0.7364,0.74,158740.5,72083.6
2026-07-18 00:00:00,0.7401,0.7413,0.7388,0.7395,530677.3,273936.4
2026-07-18 01:00:00,0.7395,0.7406,0.7388,0.7389,82516.3,26159.7
2026-07-18 02:00:00,0.7389,0.7425,0.7383,0.7406,303324.2,166766.1
2026-07-18 03:00:00,0.7405,0.7425,0.7394,0.7424,455109,115353.5
2026-07-18 04:00:00,0.7425,0.7426,0.7375,0.7381,264286.3,166446.6
2026-07-18 05:00:00,0.7381,0.7383,0.735,0.7359,420613.5,139984.7
2026-07-18 06:00:00,0.736,0.7377,0.7354,0.7355,181390,89226.1
2026-07-18 07:00:00,0.7356,0.737,0.7342,0.7365,228147.8,160395.8
2026-07-18 08:00:00,0.7364,0.74,0.7356,0.7375,542563.2,450994.3
2026-07-18 09:00:00,0.7376,0.7377,0.7332,0.7348,543292.6,137789.1
2026-07-18 10:00:00,0.7348,0.736,0.7341,0.7358,189835.8,104356.1
2026-07-18 11:00:00,0.7359,0.7369,0.7349,0.7355,181848.3,72893.4
2026-07-18 12:00:00,0.7356,0.7386,0.7336,0.7363,707495,329294.4
2026-07-18 13:00:00,0.7362,0.7362,0.7318,0.7324,364108.8,157156
2026-07-18 14:00:00,0.7325,0.7364,0.7316,0.7361,216217.8,89171.5
2026-07-18 15:00:00,0.7361,0.7368,0.7337,0.7354,216197.1,101264.4
2026-07-18 16:00:00,0.7353,0.738,0.7344,0.7367,539787.9,265250.8
2026-07-18 17:00:00,0.7366,0.7406,0.7357,0.7401,749931.3,256906.3
2026-07-18 18:00:00,0.7402,0.7432,0.7385,0.7401,765227.4,249312.5
2026-07-18 19:00:00,0.7402,0.7428,0.7398,0.7423,608612.3,240958.9
2026-07-18 20:00:00,0.7424,0.7442,0.7412,0.7433,589200.1,220504.3
2026-07-18 21:00:00,0.7434,0.7465,0.7392,0.7403,695187.4,411638.6
2026-07-18 22:00:00,0.7402,0.7453,0.7402,0.744,480399.2,217952.7
2026-07-18 23:00:00,0.744,0.745,0.7419,0.7434,176901,116967.5
2026-07-19 00:00:00,0.7435,0.7445,0.7422,0.7439,309355.1,160399.9
2026-07-19 01:00:00,0.7439,0.744,0.7411,0.7425,259394.8,141324.6
2026-07-19 02:00:00,0.7425,0.7478,0.7425,0.7464,435154.6,261574
2026-07-19 03:00:00,0.7464,0.747,0.741,0.7423,432792.7,136311.7
2026-07-19 04:00:00,0.7423,0.7437,0.7407,0.7423,142911.6,81039.1
2026-07-19 05:00:00,0.7423,0.7436,0.7406,0.7418,128180.4,86786.8
2026-07-19 06:00:00,0.7418,0.7463,0.7415,0.746,738304.2,316375.1
2026-07-19 07:00:00,0.7461,0.7468,0.7443,0.745,1344677.1,277496.7
2026-07-19 08:00:00,0.7451,0.7485,0.7448,0.7474,917950.4,339387.8
2026-07-19 09:00:00,0.7474,0.7501,0.7439,0.7486,943181,335301.7
2026-07-19 10:00:00,0.7487,0.7577,0.7467,0.7543,2120453.1,1027641.8
2026-07-19 11:00:00,0.7544,0.7559,0.7499,0.75,1055809.9,345848.7
2026-07-19 12:00:00,0.7499,0.7532,0.7487,0.7514,677151.1,249121.2
2026-07-19 13:00:00,0.7514,0.7531,0.7478,0.7528,286548.3,131153.8
2026-07-19 14:00:00,0.7528,0.755,0.7504,0.7519,534176.4,224330.1
2026-07-19 15:00:00,0.7518,0.7545,0.75,0.7513,809830.9,460203.2
2026-07-19 16:00:00,0.7513,0.7528,0.749,0.7495,265618.6,96783.9
2026-07-19 17:00:00,0.7495,0.7497,0.7433,0.7462,634019.5,243878.4
2026-07-19 18:00:00,0.7461,0.7461,0.7407,0.7456,654643.4,249386.5
2026-07-19 19:00:00,0.7457,0.7494,0.7445,0.7494,222508.4,155346.6
2026-07-19 20:00:00,0.7494,0.7518,0.7488,0.7518,440915.6,284350.3
2026-07-19 21:00:00,0.7518,0.7525,0.7452,0.7463,281458,146859.4
2026-07-19 22:00:00,0.7462,0.7537,0.7456,0.7487,428140.9,221417.2
2026-07-19 23:00:00,0.7487,0.75,0.7466,0.7496,247667.1,154505.2
2026-07-20 00:00:00,0.7497,0.7565,0.7476,0.7513,1025964.3,618102.9
2026-07-20 01:00:00,0.7513,0.7588,0.7476,0.749,417648.5,201127.7
2026-07-20 02:00:00,0.7488,0.7546,0.7488,0.753,325805.5,163388.6
2026-07-20 03:00:00,0.753,0.7544,0.7486,0.7505,295905.8,130692
2026-07-20 04:00:00,0.7505,0.7506,0.746,0.7475,392151,210409.8
2026-07-20 05:00:00,0.7475,0.7478,0.74,0.742,739154.4,289491.8
2026-07-20 06:00:00,0.742,0.7437,0.7396,0.7408,870549,337213.7
2026-07-20 07:00:00,0.7409,0.7476,0.7404,0.7472,511507.4,282453.2
2026-07-20 08:00:00,0.7472,0.7496,0.7393,0.7421,1814141.9,852060.5
2026-07-20 09:00:00,0.7421,0.7432,0.7401,0.7426,742079.6,436742.9
2026-07-20 10:00:00,0.7425,0.7469,0.7416,0.7451,362139.8,147511.8
2026-07-20 11:00:00,0.7452,0.7557,0.7445,0.7547,1824726.2,1168875.7
2026-07-20 12:00:00,0.7548,0.7564,0.7509,0.7534,1504473.2,751966.8
2026-07-20 13:00:00,0.7534,0.7603,0.7501,0.7514,1291484.6,589999.5
2026-07-20 14:00:00,0.7515,0.7562,0.7476,0.7525,700210.2,229754.1
2026-07-20 15:00:00,0.7526,0.7665,0.7522,0.7655,1418059.6,849324
2026-07-20 16:00:00,0.7656,0.7663,0.759,0.7637,2546186.6,1316760.5
2026-07-20 17:00:00,0.7636,0.7679,0.7609,0.7674,3127599,1340624.5
2026-07-20 18:00:00,0.7674,0.7744,0.7665,0.7677,1504672.4,821810.2
2026-07-20 19:00:00,0.7677,0.7696,0.7637,0.7676,1094548.7,490547.2
2026-07-20 20:00:00,0.7676,0.7703,0.7655,0.7697,440733.9,210098.8
2026-07-20 21:00:00,0.7697,0.7711,0.7648,0.7648,519551.3,179816
2026-07-20 22:00:00,0.7649,0.7649,0.7599,0.7614,528856.2,203927.6
2026-07-20 23:00:00,0.7614,0.7652,0.7611,0.7648,187505.1,91651.7
2026-07-21 00:00:00,0.7647,0.7705,0.7632,0.7699,324424.1,192182
2026-07-21 01:00:00,0.7698,0.7711,0.7642,0.7644,505713,253931.1
2026-07-21 02:00:00,0.7644,0.7674,0.7605,0.7656,524769.8,219350.6
2026-07-21 03:00:00,0.7656,0.7689,0.7656,0.7687,458660.6,222992.4
2026-07-21 04:00:00,0.7687,0.77,0.7656,0.7696,930945.1,660761.9
2026-07-21 05:00:00,0.7696,0.7763,0.7683,0.7736,1422355.8,886851.1
2026-07-21 06:00:00,0.7736,0.777,0.7723,0.7738,1113221.9,545728.3
2026-07-21 07:00:00,0.7739,0.7783,0.7727,0.7775,824667.3,471200.7
2026-07-21 08:00:00,0.7775,0.7776,0.7723,0.7725,739904.8,411419.4
2026-07-21 09:00:00,0.7725,0.7746,0.7709,0.773,678880.4,284718.1
2026-07-21 10:00:00,0.7731,0.7747,0.7711,0.7726,518366.7,248598.8
2026-07-21 11:00:00,0.7726,0.7729,0.7651,0.7694,876712.8,349378.7
2026-07-21 12:00:00,0.7695,0.7708,0.7679,0.769,890246.9,337769.3
2026-07-21 13:00:00,0.769,0.771,0.7669,0.7696,937813.4,386176.7
2026-07-21 14:00:00,0.7697,0.7698,0.7651,0.7681,1303803.9,514076.6
2026-07-21 15:00:00,0.768,0.7691,0.7623,0.7673,1669286.1,534735.4
2026-07-21 16:00:00,0.7674,0.7702,0.766,0.7698,785825.5,367273.8
2026-07-21 17:00:00,0.7697,0.7701,0.7616,0.7643,1489337,575213.1
2026-07-21 18:00:00,0.7643,0.7659,0.7626,0.7644,687800.9,274965.9
2026-07-21 19:00:00,0.7644,0.7667,0.7635,0.7663,493449.7,208150.4
2026-07-21 20:00:00,0.7663,0.7698,0.7659,0.7684,425521.7,179418.2
2026-07-21 21:00:00,0.7684,0.7701,0.7673,0.7695,332845.3,149589.3
2026-07-21 22:00:00,0.7694,0.7694,0.7672,0.768,183138,65999.7
2026-07-21 23:00:00,0.768,0.7722,0.7662,0.7719,519358.6,356381.8
2026-07-22 00:00:00,0.772,0.7754,0.7712,0.772,645823.8,381783.7
2026-07-22 01:00:00,0.772,0.7724,0.7672,0.7691,326283.4,151226.7
2026-07-22 02:00:00,0.7691,0.774,0.7677,0.7696,356421.3,140151.3
2026-07-22 03:00:00,0.7696,0.7702,0.7633,0.7642,751464.3,285216.9
2026-07-22 04:00:00,0.7641,0.7676,0.7639,0.766,295765.2,157593.2
2026-07-22 05:00:00,0.7659,0.766,0.759,0.7604,4866669.6,1553148.2
2026-07-22 06:00:00,0.7605,0.7613,0.7539,0.755,2980582,1519168.7
2026-07-22 07:00:00,0.755,0.7576,0.7527,0.7559,3591579,2127077.8
2026-07-22 08:00:00,0.7559,0.7604,0.7546,0.7593,3629060.2,2136592.9
2026-07-22 09:00:00,0.7593,0.7608,0.7577,0.7598,612290.6,284376.6
2026-07-22 10:00:00,0.7598,0.7623,0.7592,0.7619,334490.1,135951.1
2026-07-22 11:00:00,0.7618,0.7623,0.7596,0.7602,373931,173413.5
2026-07-22 12:00:00,0.7603,0.7603,0.7564,0.76,423547.1,152166.5
2026-07-22 13:00:00,0.76,0.7699,0.76,0.7677,910136.4,513667.3
2026-07-22 14:00:00,0.7676,0.7728,0.7646,0.769,874926.3,444215.6
2026-07-22 15:00:00,0.7691,0.7752,0.7691,0.7707,2827042.5,1630837.9
2026-07-22 16:00:00,0.7706,0.7796,0.7697,0.7758,1106367,695449.1
2026-07-22 17:00:00,0.7758,0.7765,0.7693,0.7703,944875.6,296202.6
2026-07-22 18:00:00,0.7702,0.7711,0.7651,0.769,1188272.3,587428.4
2026-07-22 19:00:00,0.769,0.7697,0.7635,0.7662,415529.9,199693.3
2026-07-22 20:00:00,0.7662,0.7676,0.7643,0.7651,569322.8,269259.1
2026-07-22 21:00:00,0.7652,0.7676,0.7628,0.7664,311673.4,177516.6
2026-07-22 22:00:00,0.7665,0.7669,0.762,0.7651,515795.5,226445.1
2026-07-22 23:00:00,0.7651,0.7651,0.7604,0.7648,322299.6,165553.6
2026-07-23 00:00:00,0.7648,0.7677,0.7635,0.7649,492765.5,243871.3
2026-07-23 01:00:00,0.7649,0.7657,0.7611,0.7613,383606.9,106897
2026-07-23 02:00:00,0.7613,0.7636,0.7591,0.7636,775426.7,396003.4
2026-07-23 03:00:00,0.7637,0.7643,0.7598,0.7628,1951092.1,845701.5
2026-07-23 04:00:00,0.7628,0.7665,0.762,0.7651,511636.6,246444.9
2026-07-23 05:00:00,0.7651,0.7687,0.7637,0.7659,334078.1,160955.9
2026-07-23 06:00:00,0.766,0.7717,0.7647,0.7714,867268.8,639939.3
2026-07-23 07:00:00,0.7714,0.7714,0.7635,0.7702,1017348.5,391310.6
2026-07-23 08:00:00,0.7703,0.7755,0.7694,0.7723,578072.2,293745.7
2026-07-23 09:00:00,0.7723,0.7748,0.7695,0.7697,396388.3,193384.7
2026-07-23 10:00:00,0.7698,0.7715,0.7686,0.7692,508443.4,213360.2
2026-07-23 11:00:00,0.7693,0.7694,0.7665,0.7668,481145.7,272269.3
2026-07-23 12:00:00,0.7668,0.7681,0.759,0.7611,1297686.3,554035.9
2026-07-23 13:00:00,0.7612,0.7621,0.7537,0.7537,1502046.2,615071.5
2026-07-23 14:00:00,0.7537,0.7568,0.7492,0.7505,1470393.5,720071.1
2026-07-23 15:00:00,0.7505,0.7505,0.7407,0.7491,2083485.1,1004462.1
2026-07-23 16:00:00,0.7492,0.7492,0.744,0.746,698461.4,333217.2
2026-07-23 17:00:00,0.746,0.7472,0.74,0.7412,877210.6,349134.5
2026-07-23 18:00:00,0.7411,0.7455,0.74,0.7433,552915.7,213427.2
2026-07-23 19:00:00,0.7434,0.7472,0.7425,0.7452,872175.7,518011.1
2026-07-23 20:00:00,0.7452,0.7506,0.7445,0.7495,645817.8,318613
2026-07-23 21:00:00,0.7495,0.7507,0.7464,0.7473,279595.4,105755.2
2026-07-23 22:00:00,0.7473,0.7493,0.7443,0.748,857107.2,263858.5
2026-07-23 23:00:00,0.7479,0.7485,0.7438,0.7443,737751,378461.5
2026-07-24 00:00:00,0.7444,0.7446,0.7378,0.7425,1056608.2,459838.8
2026-07-24 01:00:00,0.7425,0.7451,0.7418,0.7434,483852,212894.1
2026-07-24 02:00:00,0.7434,0.745,0.7405,0.742,332366.1,178304.8
2026-07-24 03:00:00,0.742,0.7469,0.7414,0.7462,304070.5,196634.8
2026-07-24 04:00:00,0.7462,0.7463,0.7424,0.7431,392847.8,149862.5
2026-07-24 05:00:00,0.7431,0.744,0.7419,0.7432,335041.9,230753.9
2026-07-24 06:00:00,0.7431,0.7463,0.7421,0.743,589795.9,272864.8
2026-07-24 07:00:00,0.743,0.7487,0.7413,0.745,1508216.6,1015908.5
2026-07-24 08:00:00,0.7451,0.7452,0.7417,0.7425,1050922.2,696025.2
2026-07-24 09:00:00,0.7425,0.7428,0.7322,0.7362,5706191.9,3515840.6
2026-07-24 10:00:00,0.7362,0.7367,0.7312,0.7326,1380667.7,668966.8
2026-07-24 11:00:00,0.7327,0.7337,0.7294,0.7311,1152822.9,525860.9
2026-07-24 12:00:00,0.7311,0.7326,0.726,0.7271,1087942.3,473468.3
2026-07-24 13:00:00,0.7271,0.7277,0.7186,0.7217,2469835,969194.4
2026-07-24 14:00:00,0.7217,0.7224,0.7126,0.7176,1601982,783157
2026-07-24 15:00:00,0.7176,0.7208,0.714,0.718,1656785.3,779455.7
2026-07-24 16:00:00,0.718,0.7181,0.7121,0.7135,842585,330749.5
2026-07-24 17:00:00,0.7135,0.7157,0.7113,0.7138,642818.4,322153.7
2026-07-24 18:00:00,0.7138,0.7138,0.7074,0.7104,1164940.3,491737.4
2026-07-24 19:00:00,0.7104,0.7111,0.7073,0.7103,766275.4,430191.6
2026-07-24 20:00:00,0.7103,0.7124,0.7102,0.712,1001765.1,572171.9
2026-07-24 21:00:00,0.712,0.7123,0.7081,0.7093,653969,339027
2026-07-24 22:00:00,0.7093,0.7125,0.7086,0.7117,658914.2,489785.9
2026-07-24 23:00:00,0.7116,0.7127,0.7092,0.711,615723.9,359209.7
2026-07-25 00:00:00,0.711,0.712,0.7098,0.7109,596798.8,329867.9
2026-07-25 01:00:00,0.7109,0.712,0.7092,0.7111,334396.4,139978.5
2026-07-25 02:00:00,0.7111,0.7122,0.7096,0.7117,378468.1,201091.7
2026-07-25 03:00:00,0.7117,0.7144,0.7115,0.7119,458257.3,278364.7
2026-07-25 04:00:00,0.7118,0.7145,0.7116,0.7142,825823.5,477584.5
2026-07-25 05:00:00,0.7143,0.7154,0.7107,0.711,433944.9,229896.4
2026-07-25 06:00:00,0.711,0.7117,0.7044,0.707,950873.6,352165.1
2026-07-25 07:00:00,0.7071,0.7077,0.7018,0.7033,909708.6,403096
2026-07-25 08:00:00,0.7033,0.7062,0.7021,0.7034,571228.2,258269.6
2026-07-25 09:00:00,0.7034,0.7064,0.7026,0.7048,869902.9,310662.6
2026-07-25 10:00:00,0.7049,0.7063,0.7047,0.7056,364801.1,168308.7
2026-07-25 11:00:00,0.7057,0.7068,0.7038,0.705,327330.9,174769.7
2026-07-25 12:00:00,0.705,0.7066,0.7042,0.7066,318636.1,203421.4
2026-07-25 13:00:00,0.7067,0.7096,0.7067,0.7077,528167.2,274820.2
2026-07-25 14:00:00,0.7076,0.7082,0.7063,0.7079,410626.7,186590.2
2026-07-25 15:00:00,0.7079,0.7114,0.7074,0.7101,646843,270034.2
2026-07-25 16:00:00,0.7102,0.7135,0.7101,0.7129,510529.9,288535.2
2026-07-25 17:00:00,0.7129,0.7168,0.7126,0.7142,969331.7,477973.5
2026-07-25 18:00:00,0.7142,0.7178,0.714,0.715,523003.7,334808.8
2026-07-25 19:00:00,0.715,0.715,0.7126,0.7141,328408.3,222058.2
2026-07-25 20:00:00,0.7141,0.7144,0.7116,0.7122,314120.6,105850.9
2026-07-25 21:00:00,0.7122,0.7145,0.7105,0.7129,322342.4,171791.2
2026-07-25 22:00:00,0.7129,0.7141,0.7127,0.7135,402671.8,216405.3
2026-07-25 23:00:00,0.7135,0.7136,0.7107,0.7111,343509.1,158986.3
2026-07-26 00:00:00,0.7111,0.7133,0.7108,0.7124,452414.3,251738.2
2026-07-26 01:00:00,0.7124,0.7132,0.7116,0.7127,307936,235446.7
2026-07-26 02:00:00,0.7128,0.7153,0.7111,0.715,254143.3,179822.7
2026-07-26 03:00:00,0.7149,0.7182,0.7134,0.7178,450310.6,241230.8
2026-07-26 04:00:00,0.7178,0.7225,0.7158,0.7195,808281.3,427977.8
2026-07-26 05:00:00,0.7196,0.7221,0.718,0.721,513559.8,254639.2
2026-07-26 06:00:00,0.7211,0.7243,0.7172,0.7242,671089.3,347851
2026-07-26 07:00:00,0.7243,0.7269,0.7198,0.7204,711396.3,374188.6
2026-07-26 08:00:00,0.7204,0.7204,0.7173,0.7183,283522.8,127115.1
2026-07-26 09:00:00,0.7182,0.7192,0.7162,0.7167,402305.8,170999.1
2026-07-26 10:00:00,0.7167,0.7193,0.7164,0.718,322747.9,163245.1
2026-07-26 11:00:00,0.718,0.7199,0.7175,0.7179,266368,122113
2026-07-26 12:00:00,0.7179,0.7201,0.7164,0.7173,602631.3,396040.7
2026-07-26 13:00:00,0.7174,0.7176,0.7147,0.7158,429217.7,218027.3
2026-07-26 14:00:00,0.7158,0.7203,0.7155,0.7169,397283.9,223804.2
2026-07-26 15:00:00,0.7168,0.7202,0.716,0.7193,601315.3,315510
2026-07-26 16:00:00,0.7193,0.7225,0.7179,0.7184,621890.8,263399
2026-07-26 17:00:00,0.7184,0.7188,0.7143,0.7147,610440.6,252551.3
2026-07-26 18:00:00,0.7148,0.7149,0.7108,0.7132,681516.4,314114.6
2026-07-26 19:00:00,0.7132,0.7135,0.7108,0.7119,359876.3,124416.7
2026-07-26 20:00:00,0.712,0.7138,0.7109,0.7135,446634.4,233694.5
2026-07-26 21:00:00,0.7135,0.7175,0.7131,0.7154,498140,260612.1
2026-07-26 22:00:00,0.7154,0.7231,0.7154,0.7221,953682.1,538704.5
2026-07-26 23:00:00,0.7222,0.726,0.7211,0.7233,698238.1,333147.4
2026-07-27 00:00:00,0.7234,0.7241,0.7167,0.7179,928343.1,425755.2
2026-07-27 01:00:00,0.718,0.7193,0.7135,0.7187,541695.6,283251
2026-07-27 02:00:00,0.7186,0.7211,0.718,0.72,573184.4,260718.8
2026-07-27 03:00:00,0.7199,0.7212,0.7178,0.7194,425014.7,185732.4
2026-07-27 04:00:00,0.7195,0.7213,0.7163,0.7173,521907,282581.7
2026-07-27 05:00:00,0.7173,0.72,0.7167,0.7194,532753,281709.4
2026-07-27 06:00:00,0.7196,0.7247,0.7185,0.7191,783046.2,330118
2026-07-27 07:00:00,0.7192,0.7197,0.7158,0.7172,791982.5,434183.2
2026-07-27 08:00:00,0.7172,0.7177,0.7142,0.7151,548280.7,257872.3
2026-07-27 09:00:00,0.715,0.7181,0.7126,0.7172,675885,348290.7
2026-07-27 10:00:00,0.7171,0.7195,0.7165,0.7177,525154.8,361251.2
2026-07-27 11:00:00,0.7177,0.718,0.7154,0.7162,424690.3,239314.3
2026-07-27 12:00:00,0.7162,0.7182,0.7078,0.7137,1457371.7,563470.1
2026-07-27 13:00:00,0.7138,0.7205,0.7112,0.7164,1084276.1,501135.9
2026-07-27 14:00:00,0.7164,0.717,0.6945,0.701,3435613.6,1343819.9
2026-07-27 15:00:00,0.7009,0.7046,0.6983,0.6993,1339562.8,706961.6
2026-07-27 16:00:00,0.6992,0.706,0.698,0.7048,1110912,613798.6
2026-07-27 17:00:00,0.7047,0.7065,0.7032,0.7038,635065.9,338247
2026-07-27 18:00:00,0.7038,0.7049,0.6991,0.7019,945475.1,432664.8
2026-07-27 19:00:00,0.702,0.7051,0.7013,0.7044,493346.2,225046.7
2026-07-27 20:00:00,0.7044,0.705,0.7005,0.7022,280844.5,149022.2
2026-07-27 21:00:00,0.7022,0.7026,0.6996,0.7011,554179.9,232522.1
2026-07-27 22:00:00,0.7011,0.7011,0.6778,0.6795,4935465.3,1770103
2026-07-27 23:00:00,0.6794,0.6833,0.6741,0.681,2772295.6,1197612.1
2026-07-28 00:00:00,0.6811,0.6828,0.6787,0.6807,817556.8,372182.7
2026-07-28 01:00:00,0.6808,0.6826,0.6738,0.6791,1033717.3,444873.2
2026-07-28 02:00:00,0.679,0.6845,0.6785,0.684,800650.7,486507.9
2026-07-28 03:00:00,0.6842,0.6854,0.683,0.6839,824271.5,392163.2
2026-07-28 04:00:00,0.6839,0.6852,0.6818,0.6836,545314.8,263445.8
2026-07-28 05:00:00,0.6836,0.6846,0.6811,0.6811,692735.2,305941.7
2026-07-28 06:00:00,0.6811,0.6826,0.6786,0.682,1823330,844509.8
2026-07-28 07:00:00,0.6821,0.6831,0.68,0.681,570651.8,276183.2
2026-07-28 08:00:00,0.6809,0.6825,0.6796,0.682,412601.6,194289.9
2026-07-28 09:00:00,0.6821,0.6844,0.6805,0.6828,433810.6,194143.3
2026-07-28 10:00:00,0.6827,0.684,0.6818,0.6837,657234.1,290748.2
2026-07-28 11:00:00,0.6837,0.6855,0.6818,0.6825,1354557.8,493323
2026-07-28 12:00:00,0.6825,0.6864,0.682,0.6855,836087.3,394513.3
2026-07-28 13:00:00,0.6855,0.6861,0.6734,0.6803,2086904.2,876757
2026-07-28 14:00:00,0.6801,0.686,0.6787,0.6843,709531.1,365101.9
2026-07-28 15:00:00,0.6844,0.6927,0.6822,0.6904,2386798.2,1620963.8
2026-07-28 16:00:00,0.6905,0.6929,0.6885,0.6917,755025.5,350901.3
2026-07-28 17:00:00,0.6917,0.6919,0.6861,0.6886,717942.4,322163.1
2026-07-28 18:00:00,0.6887,0.69,0.6879,0.6889,224701.4,94129
2026-07-28 19:00:00,0.6889,0.6939,0.6889,0.6931,846045.3,430538.3
2026-07-28 20:00:00,0.6932,0.6949,0.6923,0.6928,643152.5,345608
2026-07-28 21:00:00,0.6927,0.6961,0.6925,0.6948,229024.9,134734.4
2026-07-28 22:00:00,0.6949,0.6968,0.6924,0.6928,356892,156302.2
2026-07-28 23:00:00,0.6926,0.6931,0.6886,0.6926,547973.2,270386.6
2026-07-29 00:00:00,0.6925,0.6969,0.6925,0.6932,525263.9,330144
2026-07-29 01:00:00,0.6932,0.6947,0.6895,0.6896,543111.7,221378.9
2026-07-29 02:00:00,0.6896,0.694,0.6869,0.6894,545713.2,239026.4
2026-07-29 03:00:00,0.6895,0.6904,0.6815,0.682,933309.4,454045
2026-07-29 04:00:00,0.6821,0.6856,0.6789,0.6848,814182.6,365010.2
2026-07-29 05:00:00,0.6848,0.6872,0.6831,0.6862,438090.2,225902.4
2026-07-29 06:00:00,0.6862,0.6888,0.6849,0.6875,383796.9,222092.2
2026-07-29 07:00:00,0.6876,0.6881,0.6852,0.6879,377714.8,154476.9
2026-07-29 08:00:00,0.688,0.6896,0.6851,0.6876,537435.1,210210.4
2026-07-29 09:00:00,0.6876,0.6918,0.6876,0.6906,418279.4,223850.5
2026-07-29 10:00:00,0.6906,0.6914,0.6877,0.6888,439521.3,182467.3
2026-07-29 11:00:00,0.6888,0.6917,0.6875,0.6893,341526.7,126350.9
2026-07-29 12:00:00,0.6893,0.6893,0.6844,0.6875,274994.2,113281
2026-07-29 13:00:00,0.6876,0.6913,0.6862,0.6903,597905.2,294340.5
2026-07-29 14:00:00,0.6903,0.691,0.6836,0.6852,669772.1,307965.6
2026-07-29 15:00:00,0.6851,0.6872,0.6806,0.6826,1539795.3,479458.3
2026-07-29 16:00:00,0.6826,0.6863,0.6805,0.6829,688109.4,381075.4
2026-07-29 17:00:00,0.6829,0.6898,0.6829,0.6896,521838.2,233082.1
2026-07-29 18:00:00,0.6895,0.6976,0.6861,0.6953,1625310.7,822515.3
2026-07-29 19:00:00,0.6954,0.6969,0.6808,0.6821,1055945.5,425349
2026-07-29 20:00:00,0.6821,0.6842,0.6766,0.6797,1060449.2,444267.8
2026-07-29 21:00:00,0.6796,0.6844,0.677,0.6843,951315.9,430024.7
2026-07-29 22:00:00,0.6843,0.6877,0.6833,0.6859,338454.8,146119.6
2026-07-29 23:00:00,0.6858,0.6871,0.6845,0.6862,227091,129732.5
2026-07-30 00:00:00,0.6862,0.6889,0.6817,0.6833,409756.1,142072.1
2026-07-30 01:00:00,0.6834,0.6909,0.6833,0.6893,612436.5,350333.1
2026-07-30 02:00:00,0.6894,0.692,0.6884,0.6889,506387.5,231515.3
2026-07-30 03:00:00,0.6888,0.6898,0.6869,0.688,223781.7,105697.3
2026-07-30 04:00:00,0.6881,0.6884,0.6846,0.685,280928,105908.6
2026-07-30 05:00:00,0.685,0.6866,0.6837,0.6857,284727.2,161129.4
2026-07-30 06:00:00,0.6856,0.6869,0.6849,0.6863,326440.8,211429.3
2026-07-30 07:00:00,0.6864,0.6897,0.6851,0.6867,405571.5,141993.2
2026-07-30 08:00:00,0.6867,0.6909,0.686,0.6896,436279.3,218735.6
2026-07-30 09:00:00,0.6896,0.6909,0.6879,0.6909,452003.2,234306
2026-07-30 10:00:00,0.691,0.693,0.6902,0.6915,593988.9,281792.1
2026-07-30 11:00:00,0.6916,0.6954,0.6915,0.6933,821444.2,478831.1
2026-07-30 12:00:00,0.6934,0.6963,0.6925,0.6931,601790,286946.9
2026-07-30 13:00:00,0.6931,0.698,0.6901,0.6969,1237843.4,642051.6
2026-07-30 14:00:00,0.6968,0.6992,0.6932,0.6967,892210.9,508324.3
2026-07-30 15:00:00,0.6967,0.7015,0.695,0.6997,946836.8,478985.9
2026-07-30 16:00:00,0.6998,0.7042,0.6998,0.7013,955915.9,536799.4
2026-07-30 17:00:00,0.7013,0.7076,0.6994,0.7045,1025969.3,530003.5
2026-07-30 18:00:00,0.7045,0.7068,0.6997,0.7001,595554.5,239810.1
2026-07-30 19:00:00,0.7001,0.7018,0.699,0.6994,641631.6,326894.3
2026-07-30 20:00:00,0.6995,0.702,0.6947,0.6948,828569,396413.7
2026-07-30 21:00:00,0.6949,0.6979,0.6948,0.6954,460469.4,244120.7
2026-07-30 22:00:00,0.6954,0.6979,0.6944,0.6954,388434.7,196462.5
2026-07-30 23:00:00,0.6954,0.6981,0.6921,0.6922,509515.9,271826.7
2026-07-31 00:00:00,0.6923,0.6938,0.69,0.6932,719623.3,359182.9
2026-07-31 01:00:00,0.6933,0.6971,0.6906,0.6925,710158.9,393821.1
2026-07-31 02:00:00,0.6924,0.6932,0.686,0.6881,1447516,371370.7
2026-07-31 03:00:00,0.6881,0.691,0.6855,0.6901,518246.9,266914.5
2026-07-31 04:00:00,0.6901,0.6908,0.6875,0.6885,356928.9,171124.7
2026-07-31 05:00:00,0.6885,0.6917,0.6877,0.6906,325307.6,155091.2
2026-07-31 06:00:00,0.6905,0.6915,0.6876,0.689,328874.7,132714
2026-07-31 07:00:00,0.6891,0.6916,0.6838,0.6904,601972.4,232607.1
2026-07-31 08:00:00,0.6903,0.6919,0.6893,0.6907,525184.2,248142
2026-07-31 09:00:00,0.6908,0.691,0.6867,0.6871,460279.2,147357.2
2026-07-31 10:00:00,0.6871,0.6899,0.683,0.6894,498553.3,221390.4
2026-07-31 11:00:00,0.6894,0.6912,0.6872,0.6882,324766.9,184005.2
2026-07-31 12:00:00,0.6882,0.6901,0.6859,0.6896,372633.1,154048.9
2026-07-31 13:00:00,0.6896,0.6906,0.6834,0.6858,865336.7,387449.6
2026-07-31 14:00:00,0.6857,0.6905,0.6783,0.6846,1814204.9,824976.1
2026-07-31 15:00:00,0.6846,0.6863,0.681,0.6834,718535.7,374517.2
2026-07-31 16:00:00,0.6834,0.6864,0.6831,0.6843,447537.4,218179.1
2026-07-31 17:00:00,0.6842,0.6859,0.6831,0.6839,827367.4,435150.1
2026-07-31 18:00:00,0.6838,0.6858,0.6814,0.6832,655529.9,220866.2
2026-07-31 19:00:00,0.6831,0.6838,0.6768,0.6794,480253.8,248866.5
2026-07-31 20:00:00,0.6795,0.6824,0.6793,0.6806,475846.9,222377.1
2026-07-31 21:00:00,0.6807,0.6834,0.6793,0.6803,263412.3,149939.5
2026-07-31 22:00:00,0.6802,0.6828,0.6793,0.6819,230903.7,109982.9
2026-07-31 23:00:00,0.6818,0.684,0.6817,0.6821,311612.8,151280.7
2026-08-01 00:00:00,0.6821,0.685,0.6821,0.6838,297838.1,156980.5
2026-08-01 01:00:00,0.6838,0.6864,0.6837,0.6861,525761.4,322159.9
2026-08-01 02:00:00,0.6861,0.6868,0.6853,0.6859,216867.2,71032.2
2026-08-01 03:00:00,0.6859,0.6865,0.6844,0.6861,147162.7,55052.2
2026-08-01 04:00:00,0.6862,0.69,0.6862,0.6894,543718.2,415432.2
2026-08-01 05:00:00,0.6893,0.6905,0.6833,0.6855,481696.6,251110.4
2026-08-01 06:00:00,0.6855,0.6857,0.6837,0.6848,244557.4,83180.7
2026-08-01 07:00:00,0.6849,0.686,0.684,0.6848,214124.4,119436.4
2026-08-01 08:00:00,0.6847,0.6851,0.6835,0.6849,145027.5,70048.1
2026-08-01 09:00:00,0.6849,0.6854,0.684,0.6842,170438.8,88789
2026-08-01 10:00:00,0.6843,0.6846,0.6825,0.6833,165830.3,59944.3
2026-08-01 11:00:00,0.6834,0.685,0.6828,0.6847,294587.2,191411.1
2026-08-01 12:00:00,0.6848,0.6858,0.6847,0.6849,257937.5,78861.4
2026-08-01 13:00:00,0.685,0.6861,0.6836,0.6845,199982.6,110623.1
2026-08-01 14:00:00,0.6845,0.686,0.6836,0.6854,250832.8,165450.6
2026-08-01 15:00:00,0.6855,0.6855,0.6826,0.6827,179765,69941.9
2026-08-01 16:00:00,0.6826,0.6847,0.6812,0.6825,226817,92807.5
2026-08-01 17:00:00,0.6825,0.6832,0.6778,0.68,870667.2,366085.9
2026-08-01 18:00:00,0.68,0.6806,0.663,0.6696,3228950.4,1358330.7
2026-08-01 19:00:00,0.6694,0.6726,0.6692,0.6716,770481.2,342796.4
2026-08-01 20:00:00,0.6715,0.6738,0.671,0.6737,510544.7,282067.4
2026-08-01 21:00:00,0.6737,0.6771,0.6735,0.6771,403826,219942.3
2026-08-01 22:00:00,0.6771,0.679,0.6758,0.676,220323.6,90252.8
2026-08-01 23:00:00,0.6761,0.677,0.6753,0.6758,367891.1,247025.1
2026-08-02 00:00:00,0.6758,0.6785,0.6758,0.678,381020.5,199106.5
2026-08-02 01:00:00,0.6781,0.6837,0.6781,0.6827,737369.6,411455.5
2026-08-02 02:00:00,0.6828,0.6902,0.6821,0.6889,1117160.6,642722.1
2026-08-02 03:00:00,0.6889,0.691,0.6874,0.6897,539097.9,318083
2026-08-02 04:00:00,0.6897,0.6929,0.6897,0.6915,756212.5,492474.3
2026-08-02 05:00:00,0.6915,0.693,0.6892,0.6926,484797.5,227444
2026-08-02 06:00:00,0.6926,0.6942,0.6909,0.6915,1050034.3,497208.5
2026-08-02 07:00:00,0.6916,0.6925,0.6908,0.6914,485159.8,215925.7
2026-08-02 08:00:00,0.6914,0.6919,0.6889,0.6897,501218.8,257019.7
2026-08-02 09:00:00,0.6896,0.6913,0.6871,0.6898,321946,144840.6
2026-08-02 10:00:00,0.6898,0.6901,0.6859,0.6873,671318.8,167261
2026-08-02 11:00:00,0.6874,0.688,0.6832,0.6849,870585.2,203517.4
2026-08-02 12:00:00,0.6849,0.6884,0.6849,0.6878,441811.9,332079.2
2026-08-02 13:00:00,0.6878,0.689,0.6865,0.6877,459769.5,282969.7
2026-08-02 14:00:00,0.6876,0.6915,0.6866,0.6897,384515.6,175642
2026-08-02 15:00:00,0.6898,0.6933,0.6887,0.6902,1790805.4,849689.1
2026-08-02 16:00:00,0.6902,0.6923,0.6886,0.6903,607993.9,226916.8
2026-08-02 17:00:00,0.6902,0.692,0.6899,0.691,213955.5,99157.8
2026-08-02 18:00:00,0.6909,0.6952,0.6906,0.6921,369978.3,217841.5
2026-08-02 19:00:00,0.692,0.6934,0.6909,0.6928,272289.4,142399.1
2026-08-02 20:00:00,0.6927,0.6929,0.6914,0.6917,126032,51576.1
2026-08-02 21:00:00,0.6918,0.6959,0.6916,0.6942,252741.4,127737
2026-08-02 22:00:00,0.6942,0.696,0.6899,0.6899,378267,203036.3
2026-08-02 23:00:00,0.6899,0.6901,0.6877,0.6898,201773,90976
2026-08-03 00:00:00,0.6899,0.6902,0.6864,0.6876,464220.2,191366.9
2026-08-03 01:00:00,0.6876,0.6883,0.6852,0.6872,271484.5,113161.4
2026-08-03 02:00:00,0.6871,0.6886,0.6862,0.6877,149437.6,87850.1
2026-08-03 03:00:00,0.6876,0.6887,0.6843,0.6864,382665.3,141239.6
2026-08-03 04:00:00,0.6864,0.6895,0.686,0.6867,353640.2,164771.4
2026-08-03 05:00:00,0.6867,0.6898,0.6867,0.6896,250702.6,122374.2
2026-08-03 06:00:00,0.6896,0.6901,0.6853,0.6858,523868.3,278821.3
2026-08-03 07:00:00,0.6859,0.687,0.6839,0.685,473822,176432.4
2026-08-03 08:00:00,0.6849,0.6851,0.6792,0.6848,564477,199372.8
2026-08-03 09:00:00,0.6848,0.6881,0.6844,0.687,350388.1,213923.1
2026-08-03 10:00:00,0.6869,0.6877,0.6841,0.6859,385583.9,165352.7
2026-08-03 11:00:00,0.686,0.6879,0.6842,0.6855,369763.7,110774.2
2026-08-03 12:00:00,0.6856,0.6877,0.684,0.6871,385330.2,267583.1
2026-08-03 13:00:00,0.6871,0.6976,0.6867,0.6968,1608223.3,1085965.6
2026-08-03 14:00:00,0.6967,0.6985,0.6928,0.6957,1677737.6,607729.2
2026-08-03 15:00:00,0.6957,0.6965,0.6928,0.6942,659418.8,269787.1
2026-08-03 16:00:00,0.6943,0.6957,0.6922,0.6948,426402.5,202449
2026-08-03 17:00:00,0.6949,0.6974,0.6938,0.6942,581535,187638.2
2026-08-03 18:00:00,0.6942,0.6965,0.694,0.6944,392320.1,177177
2026-08-03 19:00:00,0.6943,0.6961,0.6934,0.6936,351844.8,198691.5
2026-08-03 20:00:00,0.6936,0.6954,0.6929,0.695,399926,161381.3
2026-08-03 21:00:00,0.695,0.6958,0.6932,0.6934,479596.6,222356.5
2026-08-03 22:00:00,0.6933,0.6934,0.6888,0.6906,404014.5,200604.6
2026-08-03 23:00:00,0.6906,0.6915,0.689,0.6912,188804.8,89856.6
2026-08-04 00:00:00,0.6912,0.6924,0.688,0.6893,497995.1,267259.7
2026-08-04 01:00:00,0.6894,0.6961,0.6889,0.6959,485853.8,324065.8
2026-08-04 02:00:00,0.696,0.6978,0.6944,0.6965,438303.8,256708.3
2026-08-04 03:00:00,0.6966,0.6976,0.6935,0.6958,280343.3,136254.9
2026-08-04 04:00:00,0.6958,0.6989,0.6952,0.696,336745,200602.5
2026-08-04 05:00:00,0.6961,0.6968,0.6941,0.6945,402861.9,155241.9
2026-08-04 06:00:00,0.6945,0.6958,0.6911,0.6914,286348.9,121592.3
2026-08-04 07:00:00,0.6914,0.6943,0.6895,0.6933,280407,159673.3
2026-08-04 08:00:00,0.6932,0.6939,0.691,0.6925,235013.2,73824.7
2026-08-04 09:00:00,0.6926,0.6929,0.6904,0.6918,206959.7,95141.2
2026-08-04 10:00:00,0.6919,0.6945,0.6896,0.6931,280487.7,158760.3
2026-08-04 11:00:00,0.6931,0.6952,0.6914,0.6944,239760.3,162807.5
2026-08-04 12:00:00,0.6944,0.6958,0.6929,0.6945,307195.1,163622.3
2026-08-04 13:00:00,0.6944,0.6967,0.6908,0.6912,790486.8,446425.9
2026-08-04 14:00:00,0.6912,0.6933,0.6869,0.6917,795452.7,381181.5
2026-08-04 15:00:00,0.6918,0.6945,0.6883,0.6934,386773.6,182793.1
2026-08-04 16:00:00,0.6935,0.6946,0.6921,0.694,348877.5,212884
2026-08-04 17:00:00,0.6941,0.6965,0.6935,0.694,464778.5,229282.3
2026-08-04 18:00:00,0.6939,0.6987,0.6939,0.6971,420384.8,278189.9
2026-08-04 19:00:00,0.6972,0.7003,0.6971,0.698,405500.9,213259.4
2026-08-04 20:00:00,0.698,0.6991,0.6944,0.6978,733879.7,395160
2026-08-04 21:00:00,0.6978,0.6979,0.6944,0.6949,298649.8,156305.9
2026-08-04 22:00:00,0.695,0.6962,0.6932,0.6959,278821.4,171330
2026-08-04 23:00:00,0.696,0.6966,0.6929,0.6931,297733.8,207840.8
2026-08-05 00:00:00,0.6931,0.6935,0.6895,0.6897,411231.8,161326
2026-08-05 01:00:00,0.6896,0.6943,0.6886,0.694,393494,187307.1
2026-08-05 02:00:00,0.6941,0.6958,0.6929,0.6949,307763.3,128432.4
2026-08-05 03:00:00,0.6949,0.6959,0.6875,0.6889,1077339.9,442338.8
2026-08-05 04:00:00,0.6888,0.6908,0.6885,0.6899,351833.3,155289.5
2026-08-05 05:00:00,0.6899,0.6943,0.6897,0.6925,281275.5,157036.6
2026-08-05 06:00:00,0.6925,0.6939,0.6915,0.6927,504416.4,325382
2026-08-05 07:00:00,0.6928,0.6931,0.69,0.692,360992.6,210705
2026-08-05 08:00:00,0.6922,0.6938,0.6908,0.6915,275869.7,157200.6
2026-08-05 09:00:00,0.6915,0.6938,0.6913,0.6933,366638.8,189958.9
2026-08-05 10:00:00,0.6933,0.6938,0.6908,0.6913,377541.1,206581.4
2026-08-05 11:00:00,0.6914,0.6922,0.6898,0.6906,854552.6,319939.3
2026-08-05 12:00:00,0.6906,0.6955,0.6904,0.691,520056.4,240997.2
2026-08-05 13:00:00,0.6909,0.691,0.683,0.6884,1678253.9,827781.9
2026-08-05 14:00:00,0.6883,0.6929,0.6874,0.6914,792234.7,366259.3
2026-08-05 15:00:00,0.6914,0.6928,0.6873,0.6873,879856.5,336570.6
2026-08-05 16:00:00,0.6873,0.6941,0.6872,0.6923,609452.3,337316.9
2026-08-05 17:00:00,0.6924,0.696,0.6916,0.694,579281.6,324950.8
2026-08-05 18:00:00,0.6941,0.6954,0.6923,0.6929,348764.4,158365.3
2026-08-05 19:00:00,0.6928,0.6936,0.6919,0.6921,189445.9,95521.4
2026-08-05 20:00:00,0.6921,0.6958,0.6906,0.6928,359862.7,193572.8
2026-08-05 21:00:00,0.6928,0.6931,0.6892,0.6902,327742.1,121947.1
2026-08-05 22:00:00,0.6902,0.6917,0.69,0.6905,498717.6,221431
2026-08-05 23:00:00,0.6904,0.6911,0.6891,0.6903,222394.1,75399.1
2026-08-06 00:00:00,0.6904,0.6926,0.6901,0.6906,239207.5,94138.7
2026-08-06 01:00:00,0.6907,0.691,0.686,0.6863,426907.1,217952.7
2026-08-06 02:00:00,0.6862,0.6883,0.6844,0.6851,781163.5,409226.6
2026-08-06 03:00:00,0.6851,0.6852,0.6818,0.6843,641313,237439.4
2026-08-06 04:00:00,0.6843,0.6866,0.6818,0.6865,766851.1,425257.6
2026-08-06 05:00:00,0.6865,0.689,0.6862,0.6884,340414.6,199374.8
2026-08-06 06:00:00,0.6884,0.6884,0.6852,0.6862,533629.2,371148.3
2026-08-06 07:00:00,0.6862,0.6875,0.6841,0.6857,1048061.3,595196.3
2026-08-06 08:00:00,0.6858,0.6882,0.6838,0.687,280157.8,142065.8
2026-08-06 09:00:00,0.687,0.687,0.675,0.6779,2985328.6,1636018.5
2026-08-06 10:00:00,0.6779,0.6779,0.6684,0.6741,2781087.4,1479078.7
2026-08-06 11:00:00,0.6742,0.6776,0.6731,0.6764,719326.8,311023.8
2026-08-06 12:00:00,0.6765,0.6777,0.6746,0.675,524395.1,229192.6
2026-08-06 13:00:00,0.675,0.6763,0.6711,0.6752,1071041.1,492763.8
2026-08-06 14:00:00,0.6751,0.6766,0.6717,0.6761,968825.3,411564.9
2026-08-06 15:00:00,0.676,0.6781,0.6743,0.6743,969258.3,445848.2
2026-08-06 16:00:00,0.6743,0.68,0.6735,0.68,472099.9,223717.9
2026-08-06 17:00:00,0.6799,0.6815,0.6772,0.679,431788.3,187188.4
2026-08-06 18:00:00,0.6791,0.6795,0.6744,0.6755,514306.6,233219.4
2026-08-06 19:00:00,0.6755,0.6773,0.6736,0.6744,492865.7,232385.3
2026-08-06 20:00:00,0.6744,0.6763,0.674,0.674,331796.1,165136.3
2026-08-06 21:00:00,0.674,0.6766,0.6732,0.6759,525615.7,300042.6
2026-08-06 22:00:00,0.676,0.6767,0.6728,0.6742,575313.5,332756.9
2026-08-06 23:00:00,0.6741,0.6741,0.671,0.6725,470569.6,235498.3
2026-08-07 00:00:00,0.6725,0.6746,0.6715,0.6737,379244.8,187733
2026-08-07 01:00:00,0.6738,0.6765,0.6736,0.6757,726880.8,234841.2
2026-08-07 02:00:00,0.6757,0.679,0.6739,0.6765,510106,232760.2
2026-08-07 03:00:00,0.6766,0.6779,0.6737,0.6741,300522.6,130570.3
2026-08-07 04:00:00,0.6741,0.6759,0.671,0.6723,388969.2,178170.4
2026-08-07 05:00:00,0.6723,0.6742,0.6696,0.6739,557558.4,212625.1
2026-08-07 06:00:00,0.6738,0.6748,0.6719,0.6725,312207.3,138962.5
2026-08-07 07:00:00,0.6726,0.6761,0.6713,0.6737,362523.8,182604.4
2026-08-07 08:00:00,0.6737,0.6773,0.6729,0.676,457263.5,223270.4
2026-08-07 09:00:00,0.6761,0.6769,0.6727,0.6754,730059.7,378251.4
2026-08-07 10:00:00,0.6754,0.6762,0.6741,0.6742,432059.4,226278.4
2026-08-07 11:00:00,0.6743,0.678,0.6741,0.6749,1148937.9,680643.4
2026-08-07 12:00:00,0.675,0.6797,0.6721,0.6736,3729996.4,2123409
2026-08-07 13:00:00,0.6737,0.6781,0.6709,0.6724,3664949.6,1976086
2026-08-07 14:00:00,0.6723,0.6729,0.6643,0.6678,7493113.6,4304854.1
2026-08-07 15:00:00,0.6678,0.6742,0.6673,0.6727,1073699.9,495849.4
2026-08-07 16:00:00,0.6728,0.6754,0.6703,0.6704,768182.3,321055.6
2026-08-07 17:00:00,0.6703,0.6715,0.6658,0.6689,705426.5,350927.5
2026-08-07 18:00:00,0.669,0.6711,0.6688,0.6706,463295.6,232735.1
2026-08-07 19:00:00,0.6706,0.6743,0.6704,0.6738,511575.3,299952.6
2026-08-07 20:00:00,0.6738,0.674,0.6714,0.6716,287863.4,169200.2
2026-08-07 21:00:00,0.6717,0.6744,0.6716,0.673,376415.4,242731.6
2026-08-07 22:00:00,0.6729,0.6736,0.6703,0.6707,319022.8,121915.5
2026-08-07 23:00:00,0.6707,0.6729,0.6707,0.6722,218147,121900.8
2026-08-08 00:00:00,0.6721,0.6731,0.671,0.6727,198632.5,101106.3
2026-08-08 01:00:00,0.6728,0.6805,0.6726,0.6778,614259.5,349992.3
2026-08-08 02:00:00,0.6778,0.6787,0.6757,0.6757,682046.1,328159.2
2026-08-08 03:00:00,0.6757,0.6802,0.6757,0.6798,575270,340827.3
2026-08-08 04:00:00,0.6798,0.6824,0.6798,0.6807,690533.5,307470.2
2026-08-08 05:00:00,0.6807,0.685,0.6805,0.6832,971323.9,437262.2
2026-08-08 06:00:00,0.6833,0.6845,0.6811,0.6824,901292.8,390114
2026-08-08 07:00:00,0.6824,0.6845,0.6818,0.684,536695.7,317029.6
2026-08-08 08:00:00,0.684,0.6933,0.6834,0.6933,1493552.1,958581.2
2026-08-08 09:00:00,0.6933,0.6968,0.6916,0.693,1358058,768729.7
2026-08-08 10:00:00,0.6931,0.695,0.6909,0.692,720508.2,381214.6
2026-08-08 11:00:00,0.692,0.6924,0.688,0.6898,1200283.5,492235.6
2026-08-08 12:00:00,0.6897,0.6938,0.6888,0.6932,875186.2,549989.4
2026-08-08 13:00:00,0.6931,0.695,0.6916,0.6926,557853.9,277795.1
2026-08-08 14:00:00,0.6926,0.7057,0.6926,0.7022,3152455.5,1796876.4
2026-08-08 15:00:00,0.7022,0.7071,0.6998,0.7006,2095105.3,1138637.1
2026-08-08 16:00:00,0.7006,0.7012,0.6976,0.6992,986076.6,572836.7
2026-08-08 17:00:00,0.6992,0.6992,0.6941,0.6944,763016.1,328757.6
2026-08-08 18:00:00,0.6944,0.6957,0.694,0.6942,592476.7,261028.5
2026-08-08 19:00:00,0.6942,0.697,0.6931,0.696,624520.2,385523
2026-08-08 20:00:00,0.696,0.6988,0.6956,0.6987,513696.3,364094.7
2026-08-08 21:00:00,0.6986,0.6998,0.6954,0.6959,640654.8,332907.4
2026-08-08 22:00:00,0.696,0.6961,0.6899,0.6905,627564,290854.8
2026-08-08 23:00:00,0.6906,0.6936,0.6882,0.6922,767799.9,404901.9
2026-08-09 00:00:00,0.6921,0.6931,0.6889,0.691,911093.4,327524
2026-08-09 01:00:00,0.6909,0.6919,0.6876,0.6898,503977.3,200998.7
2026-08-09 02:00:00,0.6897,0.6899,0.6884,0.6888,259672.4,136634.4
2026-08-09 03:00:00,0.6889,0.6908,0.6881,0.69,351648.6,204723.2
2026-08-09 04:00:00,0.69,0.6933,0.6894,0.6919,560629.3,336691.9
2026-08-09 05:00:00,0.6918,0.6929,0.6901,0.6916,506159.5,270315.1
2026-08-09 06:00:00,0.6916,0.6946,0.6912,0.6939,478726.2,210520
2026-08-09 07:00:00,0.6939,0.6943,0.6918,0.6925,354236,172507
2026-08-09 08:00:00,0.6926,0.695,0.6917,0.6926,441185,256832.3
2026-08-09 09:00:00,0.6926,0.6933,0.6912,0.693,164407.7,83186.8
2026-08-09 10:00:00,0.693,0.6937,0.6913,0.6914,352167.5,184800.3
2026-08-09 11:00:00,0.6913,0.693,0.6909,0.6925,200468.8,100890.9
2026-08-09 12:00:00,0.6925,0.6925,0.6904,0.6912,336288,132381.3
2026-08-09 13:00:00,0.6913,0.6974,0.6912,0.6959,1056516.2,794011.5
2026-08-09 14:00:00,0.6959,0.6993,0.6953,0.6987,597852.7,300719.5
2026-08-09 15:00:00,0.6988,0.7021,0.6987,0.7014,1214450.9,576905.9
2026-08-09 16:00:00,0.7015,0.7054,0.7012,0.7026,1192679.1,451322.5
2026-08-09 17:00:00,0.7027,0.704,0.6989,0.699,643153.5,219485.1
2026-08-09 18:00:00,0.6991,0.7009,0.6986,0.699,604011.1,318447.9
2026-08-09 19:00:00,0.699,0.6997,0.6974,0.6977,825276.7,247087
2026-08-09 20:00:00,0.6977,0.7004,0.6962,0.7002,712509.3,525606.3
2026-08-09 21:00:00,0.7003,0.7032,0.6985,0.7017,510726.4,262112.4
2026-08-09 22:00:00,0.7017,0.7054,0.6925,0.6943,1316721,532515.9
2026-08-09 23:00:00,0.6943,0.6947,0.6835,0.6866,1488632.7,747937.9
2026-08-10 00:00:00,0.6865,0.6916,0.6845,0.6897,1115456.2,615024.7
2026-08-10 01:00:00,0.6897,0.697,0.6883,0.6946,585249.3,303880.6
2026-08-10 02:00:00,0.6946,0.6951,0.6882,0.6933,534335.5,276167.1
2026-08-10 03:00:00,0.6933,0.6938,0.6881,0.6889,662400,286392.9
2026-08-10 04:00:00,0.6889,0.6915,0.6874,0.689,632966.3,348322.5
2026-08-10 05:00:00,0.6891,0.6961,0.6889,0.6947,653124.3,397273.2
2026-08-10 06:00:00,0.6947,0.6973,0.6945,0.6962,751509.9,383563.3
2026-08-10 07:00:00,0.6962,0.6981,0.6941,0.695,981249.7,357521
2026-08-10 08:00:00,0.695,0.6968,0.6927,0.6955,556424.3,224532.1
2026-08-10 09:00:00,0.6956,0.6956,0.6912,0.6926,449946.2,232834.7
2026-08-10 10:00:00,0.6926,0.6937,0.6914,0.693,453969,254150.6
2026-08-10 11:00:00,0.693,0.6966,0.6923,0.696,414836.9,200978
2026-08-10 12:00:00,0.696,0.6979,0.692,0.6927,647167.6,269430.4
2026-08-10 13:00:00,0.6927,0.6952,0.6913,0.6938,1147319.1,557417.5
2026-08-10 14:00:00,0.6938,0.6969,0.6904,0.6907,701090.1,395622.6
2026-08-10 15:00:00,0.6906,0.692,0.6873,0.6909,1573394.5,669110.9
2026-08-10 16:00:00,0.6908,0.693,0.686,0.6872,1001092.6,492271.1
2026-08-10 17:00:00,0.6873,0.6915,0.6847,0.6888,1175162.6,479994.5
2026-08-10 18:00:00,0.6889,0.6911,0.6883,0.6901,744435.6,398606.6
2026-08-10 19:00:00,0.6901,0.6974,0.6899,0.6927,1073359.4,558299.5
2026-08-10 20:00:00,0.6928,0.6941,0.6905,0.6909,718046.5,198463.9
2026-08-10 21:00:00,0.6909,0.6912,0.6855,0.6856,667358.6,259155
2026-08-10 22:00:00,0.6856,0.6863,0.6821,0.6847,835644.8,328059.4
2026-08-10 23:00:00,0.6847,0.6858,0.6838,0.6844,386811.4,236891.8
2026-08-11 00:00:00,0.6844,0.6867,0.6833,0.6862,329764.4,170627.1
2026-08-11 01:00:00,0.6861,0.6892,0.6849,0.6889,373408.6,193818.1
2026-08-11 02:00:00,0.6888,0.6903,0.6878,0.6884,297073.9,165342.3
2026-08-11 03:00:00,0.6884,0.6898,0.6875,0.6876,182320.7,116677
2026-08-11 04:00:00,0.6875,0.6879,0.687,0.6878,207994.8,104476.7
2026-08-11 05:00:00,0.6877,0.6899,0.6871,0.6871,449544,180338.7
2026-08-11 06:00:00,0.6871,0.691,0.6856,0.6873,1108727.3,629752.9
2026-08-11 07:00:00,0.6874,0.6889,0.6842,0.6876,458307.6,223063.4
2026-08-11 08:00:00,0.6877,0.691,0.6871,0.6901,453044.3,276360.7
2026-08-11 09:00:00,0.6902,0.6935,0.6888,0.6917,1486531.6,763516.4
2026-08-11 10:00:00,0.6917,0.692,0.6878,0.6901,524333.7,315970.1
2026-08-11 11:00:00,0.6901,0.6936,0.6899,0.6924,616547.9,355866.6
2026-08-11 12:00:00,0.6925,0.6928,0.6874,0.6891,637003.5,341463.8
2026-08-11 13:00:00,0.689,0.6911,0.6863,0.6869,781231.2,342169.4
2026-08-11 14:00:00,0.6868,0.6879,0.6748,0.6765,4306989,2063405
2026-08-11 15:00:00,0.6765,0.6785,0.6722,0.6767,2495266.2,1227738.3
2026-08-11 16:00:00,0.6766,0.6806,0.6752,0.6788,845100.5,539851.5
2026-08-11 17:00:00,0.6787,0.6807,0.678,0.6795,429506.4,205392.2
2026-08-11 18:00:00,0.6794,0.6805,0.6772,0.6797,485524.8,212279.3
2026-08-11 19:00:00,0.6798,0.6835,0.6782,0.6832,439000.2,236364.5
2026-08-11 20:00:00,0.6833,0.689,0.683,0.6875,709010.7,368355.7
2026-08-11 21:00:00,0.6874,0.6918,0.6868,0.6913,1023645.4,576381.6
2026-08-11 22:00:00,0.6913,0.6953,0.6903,0.6924,787648.6,518394.9
2026-08-11 23:00:00,0.6924,0.6935,0.6903,0.6931,470562.4,291893.5
2026-08-12 00:00:00,0.6931,0.6941,0.6919,0.6931,489555.7,262768.5
2026-08-12 01:00:00,0.6931,0.699,0.6924,0.698,1301688.3,828369.1
2026-08-12 02:00:00,0.6981,0.6997,0.6946,0.6946,692042.7,337642.7
2026-08-12 03:00:00,0.6946,0.6956,0.6924,0.6931,536303.2,232725.7
2026-08-12 04:00:00,0.6931,0.6938,0.6909,0.6921,704116,295124
2026-08-12 05:00:00,0.692,0.693,0.6909,0.6919,412138,194883.9
2026-08-12 06:00:00,0.6918,0.6921,0.688,0.6891,740307.8,308623.3
2026-08-12 07:00:00,0.6892,0.6913,0.6884,0.6912,241432.8,115532.1
2026-08-12 08:00:00,0.6912,0.6915,0.6869,0.6873,504365.7,197724.5
2026-08-12 09:00:00,0.6872,0.693,0.6862,0.6913,526345.5,290930.2
2026-08-12 10:00:00,0.6912,0.6931,0.6891,0.69,515545.8,282608.9
2026-08-12 11:00:00,0.69,0.6932,0.6898,0.6926,438407.5,340320.7
2026-08-12 12:00:00,0.6927,0.6972,0.6897,0.6922,2604172.2,1353792.2
2026-08-12 13:00:00,0.6923,0.693,0.6899,0.6907,1537360.4,571127
2026-08-12 14:00:00,0.6906,0.6906,0.6831,0.6836,1518080.2,797282.5
2026-08-12 15:00:00,0.6835,0.6876,0.6828,0.6854,590838.5,339780.1
2026-08-12 16:00:00,0.6853,0.6864,0.6834,0.6838,1246603.5,765119.3
2026-08-12 17:00:00,0.6838,0.6863,0.6825,0.6853,682209.2,393072.3
2026-08-12 18:00:00,0.6852,0.6879,0.6848,0.6865,545961,232841.8
2026-08-12 19:00:00,0.6865,0.6875,0.6843,0.6851,796782.7,321306.7
2026-08-12 20:00:00,0.6851,0.6885,0.6851,0.688,353958.8,139932.1
2026-08-12 21:00:00,0.6881,0.689,0.6768,0.6781,1081621.9,443514.2
2026-08-12 22:00:00,0.6781,0.6817,0.675,0.6803,692477.6,395521
2026-08-12 23:00:00,0.6803,0.6821,0.6781,0.6814,379496.1,222018.6
2026-08-13 00:00:00,0.6814,0.6852,0.681,0.6834,428268.7,197474.6
2026-08-13 01:00:00,0.6833,0.6845,0.6808,0.6831,550853.6,321714
2026-08-13 02:00:00,0.6831,0.6884,0.6828,0.6878,177475.4,117962.8
2026-08-13 03:00:00,0.6879,0.692,0.6875,0.6894,1183986,833388.5
2026-08-13 04:00:00,0.6893,0.6902,0.6878,0.6881,460959.1,229522.5
2026-08-13 05:00:00,0.6882,0.6925,0.6867,0.691,653259,384646.3
2026-08-13 06:00:00,0.691,0.6918,0.6896,0.6914,614487.2,325783.1
2026-08-13 07:00:00,0.6914,0.6918,0.6897,0.6899,358424.2,174753.1
2026-08-13 08:00:00,0.69,0.6908,0.6887,0.6891,460959.8,254313.8
2026-08-13 09:00:00,0.6891,0.6917,0.6868,0.691,370186.2,176404.6
2026-08-13 10:00:00,0.691,0.691,0.6877,0.6881,373984.4,122261.3
2026-08-13 11:00:00,0.6882,0.6883,0.6857,0.6861,283376.6,116105.2
2026-08-13 12:00:00,0.6861,0.6909,0.6852,0.6907,548108.7,328017.9
2026-08-13 13:00:00,0.6907,0.6922,0.6896,0.6909,806168.7,460045.6
2026-08-13 14:00:00,0.691,0.6943,0.6905,0.6941,657013.6,378049.1
2026-08-13 15:00:00,0.6942,0.6949,0.6853,0.6854,1043886.6,386341.3
2026-08-13 16:00:00,0.6854,0.6866,0.6802,0.6838,1700792.6,807332.7
2026-08-13 17:00:00,0.6838,0.6862,0.6831,0.6847,3434212.9,1910108.1
2026-08-13 18:00:00,0.6847,0.6873,0.6836,0.6866,335985.2,216983.9
2026-08-13 19:00:00,0.6866,0.6881,0.6861,0.6862,223200.9,115279.7
2026-08-13 20:00:00,0.6862,0.6868,0.6846,0.6863,328774.3,141260.2
2026-08-13 21:00:00,0.6863,0.6881,0.6863,0.6873,222042.6,131670.9
2026-08-13 22:00:00,0.6874,0.6904,0.6873,0.6888,324163.1,194066.5
2026-08-13 23:00:00,0.6888,0.6897,0.6875,0.6894,331124.3,151259.2
2026-08-14 00:00:00,0.6895,0.6908,0.6887,0.6889,191634.1,79845.8
2026-08-14 01:00:00,0.6889,0.6893,0.6872,0.6874,360283.9,124787.9
2026-08-14 02:00:00,0.6875,0.6881,0.6847,0.6857,378583.4,194324.5
2026-08-14 03:00:00,0.6858,0.6863,0.6831,0.6833,258895.8,116535
2026-08-14 04:00:00,0.6833,0.6852,0.6828,0.684,277328.5,142597.2
2026-08-14 05:00:00,0.684,0.6849,0.6827,0.6845,161165.7,70571.3
2026-08-14 06:00:00,0.6845,0.6845,0.6789,0.6789,583695.6,231252.2
2026-08-14 07:00:00,0.6789,0.6802,0.6779,0.6793,740714.4,457357.7
2026-08-14 08:00:00,0.6793,0.6815,0.679,0.681,395772.9,249372.2
2026-08-14 09:00:00,0.681,0.6813,0.677,0.6776,648704.1,342111
2026-08-14 10:00:00,0.6775,0.6785,0.676,0.6763,750866.9,341967.8
2026-08-14 11:00:00,0.6763,0.6777,0.6744,0.675,641281.9,235745.6
2026-08-14 12:00:00,0.6751,0.6778,0.6737,0.6767,538431.1,272658.4
2026-08-14 13:00:00,0.6768,0.6786,0.6755,0.6776,495627.4,255716.4
2026-08-14 14:00:00,0.6777,0.6779,0.6726,0.6734,589296.7,261249.3
2026-08-14 15:00:00,0.6733,0.6793,0.6712,0.6772,1640602.4,752038.2
2026-08-14 16:00:00,0.6772,0.6808,0.6764,0.679,4838856.6,2101271.7
2026-08-14 17:00:00,0.679,0.6811,0.6773,0.6781,3027767.7,1759864.6
2026-08-14 18:00:00,0.6782,0.6799,0.6766,0.6776,444495.8,190143.8
2026-08-14 19:00:00,0.6775,0.6798,0.6754,0.6792,265497.4,123618.5
2026-08-14 20:00:00,0.6791,0.68,0.6783,0.6783,182082,94346.3
2026-08-14 21:00:00,0.6784,0.6788,0.6758,0.6764,228763.7,113985.9
2026-08-14 22:00:00,0.6764,0.6782,0.6753,0.6782,318079.1,79856.8
2026-08-14 23:00:00,0.6781,0.6829,0.6781,0.6829,546990.3,376692.5
2026-08-15 00:00:00,0.6829,0.6845,0.6823,0.683,466704.5,216486.1
2026-08-15 01:00:00,0.6831,0.6834,0.681,0.6812,295288.7,86332.2
2026-08-15 02:00:00,0.6813,0.6872,0.6813,0.6854,578747.8,339909.4
2026-08-15 03:00:00,0.6855,0.6888,0.6848,0.6856,681460.5,315721.6
2026-08-15 04:00:00,0.6857,0.6864,0.6846,0.6859,311723.3,166280.4
2026-08-15 05:00:00,0.686,0.6877,0.684,0.6864,574507,357855.5
2026-08-15 06:00:00,0.6865,0.6871,0.6849,0.6851,300802.4,125472
2026-08-15 07:00:00,0.6852,0.6852,0.682,0.6826,266244.7,73391.4
2026-08-15 08:00:00,0.6827,0.6832,0.6815,0.6816,155747.1,66385.7
2026-08-15 09:00:00,0.6816,0.684,0.681,0.6838,312180.5,210409.5
2026-08-15 10:00:00,0.6839,0.6846,0.6827,0.6832,157670.1,69590.7
2026-08-15 11:00:00,0.6832,0.6833,0.682,0.682,148408.9,72821.1
2026-08-15 12:00:00,0.682,0.6835,0.6816,0.6835,167606.3,87278.6
2026-08-15 13:00:00,0.6835,0.6847,0.6822,0.6831,631836.8,283855.8
2026-08-15 14:00:00,0.6831,0.6833,0.6819,0.6828,181272.4,91748.8
2026-08-15 15:00:00,0.6827,0.6839,0.6824,0.6838,156120.6,68840
2026-08-15 16:00:00,0.6838,0.6841,0.6825,0.6831,180368.1,75695.8
2026-08-15 17:00:00,0.6831,0.6837,0.6815,0.6815,146193.5,61904.8
2026-08-15 18:00:00,0.6815,0.6819,0.6782,0.6804,372641.5,148472.5
2026-08-15 19:00:00,0.6804,0.6819,0.6803,0.6819,110567.2,70330.6
2026-08-15 20:00:00,0.6818,0.6818,0.6792,0.6799,233164.9,95320.7
2026-08-15 21:00:00,0.6799,0.6815,0.6795,0.6811,160036.6,76064.2
2026-08-15 22:00:00,0.681,0.6816,0.68,0.68,253969.3,139401.5
2026-08-15 23:00:00,0.68,0.68,0.6769,0.6775,349402.5,142592.6
2026-08-16 00:00:00,0.6774,0.6786,0.6767,0.6781,121234.1,66227.6
2026-08-16 01:00:00,0.6781,0.6783,0.6747,0.676,234248.7,114114.3
2026-08-16 02:00:00,0.6759,0.6778,0.6742,0.6763,363226.2,179942.4
2026-08-16 03:00:00,0.6764,0.6779,0.6761,0.6762,172561,100835.4
2026-08-16 04:00:00,0.6762,0.677,0.6755,0.6763,150478,95416
2026-08-16 05:00:00,0.6762,0.6769,0.6746,0.6746,114791.7,60484.8
2026-08-16 06:00:00,0.6747,0.6765,0.6727,0.6753,577428.9,158933.8
2026-08-16 07:00:00,0.6754,0.6777,0.6751,0.6776,173502.2,101084.2
2026-08-16 08:00:00,0.6776,0.6779,0.6771,0.6779,150436.1,90322.1
2026-08-16 09:00:00,0.6779,0.6785,0.6756,0.6768,476521.1,262888.5
2026-08-16 10:00:00,0.6768,0.6779,0.6763,0.6778,121382.2,66370.4
2026-08-16 11:00:00,0.6778,0.6788,0.6754,0.6767,1096991.7,759325.9
2026-08-16 12:00:00,0.6767,0.6782,0.6759,0.6782,288041,162081
2026-08-16 13:00:00,0.6783,0.679,0.6778,0.6786,104695,44906.2
2026-08-16 14:00:00,0.6787,0.6797,0.678,0.6791,196563.3,75682
2026-08-16 15:00:00,0.6792,0.681,0.6786,0.6805,233945.4,50452.8
2026-08-16 16:00:00,0.6804,0.6818,0.6787,0.6791,230002.5,114546.5
2026-08-16 17:00:00,0.6791,0.6791,0.6771,0.6775,148199.6,61279.8
2026-08-16 18:00:00,0.6775,0.6775,0.6755,0.6758,149638.4,67551.9
2026-08-16 19:00:00,0.6758,0.6783,0.6758,0.6768,152602.9,70222.9
2026-08-16 20:00:00,0.6769,0.6781,0.6746,0.675,523500.6,307863.9
2026-08-16 21:00:00,0.6751,0.6755,0.6675,0.6689,899718.3,297348.4
2026-08-16 22:00:00,0.6688,0.6716,0.6668,0.671,332506.9,144581.3
2026-08-16 23:00:00,0.671,0.672,0.6703,0.6712,165068.6,86789.8
2026-08-17 00:00:00,0.6712,0.6717,0.6677,0.6704,525462.6,312347.7
2026-08-17 01:00:00,0.6704,0.6757,0.6702,0.6725,289314,180886.8
2026-08-17 02:00:00,0.6726,0.6783,0.6721,0.6782,476995.2,307665.4
2026-08-17 03:00:00,0.6782,0.6801,0.6768,0.6773,689259,293954.4
2026-08-17 04:00:00,0.6773,0.6787,0.6772,0.678,311400.4,164126.3
2026-08-17 05:00:00,0.6781,0.6788,0.6757,0.6757,299222.8,75425.1
2026-08-17 06:00:00,0.6757,0.6808,0.6753,0.68,803836.9,466694.7
2026-08-17 07:00:00,0.6801,0.6802,0.6777,0.6785,230295.6,100640.6
2026-08-17 08:00:00,0.6785,0.6786,0.6736,0.6751,771741.8,344965.7
2026-08-17 09:00:00,0.6751,0.6765,0.6749,0.6758,229076.3,78023.1
2026-08-17 10:00:00,0.6759,0.6792,0.6739,0.6792,376742.1,228691.3
2026-08-17 11:00:00,0.6792,0.6802,0.6776,0.6779,377124.4,271130.8
2026-08-17 12:00:00,0.6779,0.6781,0.675,0.6759,396655.7,194167.1
2026-08-17 13:00:00,0.6759,0.6787,0.6747,0.6768,296299.9,121060.4
2026-08-17 14:00:00,0.6767,0.6774,0.6742,0.677,309204.8,185308.2
2026-08-17 15:00:00,0.677,0.6788,0.6751,0.6785,441486.1,277315.8
2026-08-17 16:00:00,0.6786,0.6788,0.6766,0.6779,468182.5,209758
2026-08-17 17:00:00,0.6779,0.6795,0.6763,0.6778,357573.7,191189.4
2026-08-17 18:00:00,0.6777,0.6791,0.6768,0.6771,362899.5,161246.2
2026-08-17 19:00:00,0.677,0.6771,0.6755,0.6762,241604.6,145194.7
2026-08-17 20:00:00,0.6763,0.6798,0.6744,0.6769,849965.4,443313.8
2026-08-17 21:00:00,0.6769,0.6771,0.6758,0.6767,609033.1,208430.6
2026-08-17 22:00:00,0.6767,0.6774,0.6727,0.6731,1479269.9,300420.3
2026-08-17 23:00:00,0.6731,0.677,0.6719,0.6751,595524.5,294880
2026-08-18 00:00:00,0.6751,0.6762,0.673,0.6758,1109681.2,592281.1
2026-08-18 01:00:00,0.6759,0.6763,0.67,0.6714,454217.3,167372.2
2026-08-18 02:00:00,0.6714,0.6716,0.6354,0.6486,9208596,4329712.2
2026-08-18 03:00:00,0.6487,0.6531,0.6454,0.6461,3171475.6,1715622
2026-08-18 04:00:00,0.646,0.6501,0.643,0.6473,4362646.5,2584537.4
2026-08-18 05:00:00,0.6473,0.6494,0.639,0.6445,4294875.8,2487347.7
2026-08-18 06:00:00,0.6445,0.6507,0.6436,0.6493,2197329.3,920655.5
2026-08-18 07:00:00,0.6494,0.6506,0.6448,0.6469,2097129.6,1238045.5
2026-08-18 08:00:00,0.6469,0.6477,0.643,0.6475,2049598.5,1269756.9
2026-08-18 09:00:00,0.6474,0.6484,0.6461,0.6481,614579.2,286697.4
2026-08-18 10:00:00,0.6481,0.6494,0.6473,0.6487,735838.3,368452.6
2026-08-18 11:00:00,0.6487,0.6534,0.6485,0.6509,1071108.3,611405
2026-08-18 12:00:00,0.6509,0.6542,0.6508,0.6534,1670808.7,825040.1
2026-08-18 13:00:00,0.6534,0.654,0.6507,0.6516,1273152.3,559742.1
2026-08-18 14:00:00,0.6516,0.6602,0.6512,0.6553,1663854,843563.4
2026-08-18 15:00:00,0.6554,0.6571,0.6522,0.6552,1466504.9,520183.2
2026-08-18 16:00:00,0.6552,0.6566,0.6521,0.6543,897980.1,447676.5
2026-08-18 17:00:00,0.6544,0.6555,0.6528,0.6543,492387.5,239766
2026-08-18 18:00:00,0.6542,0.6587,0.6541,0.6579,559204.1,313207.2
2026-08-18 19:00:00,0.6579,0.659,0.655,0.6557,667270.8,148061
2026-08-18 20:00:00,0.6557,0.6564,0.6513,0.653,1228361.7,578585.9
2026-08-18 21:00:00,0.6529,0.6541,0.647,0.6509,949067,389260.9
2026-08-18 22:00:00,0.6509,0.6525,0.6471,0.6496,2029878.2,922472.1
2026-08-18 23:00:00,0.6497,0.6532,0.6496,0.6517,526591.9,266809.4
2026-08-19 00:00:00,0.6518,0.6525,0.6483,0.6511,915447.2,386342
2026-08-19 01:00:00,0.6511,0.655,0.651,0.6542,610230.8,302812.4
2026-08-19 02:00:00,0.6542,0.6546,0.652,0.6535,364683.6,134560
2026-08-19 03:00:00,0.6534,0.6576,0.653,0.6571,456528.6,238282.1
2026-08-19 04:00:00,0.6572,0.6574,0.6546,0.6557,383951.8,179590.2
2026-08-19 05:00:00,0.6556,0.6587,0.6541,0.6551,691646.6,335915
2026-08-19 06:00:00,0.6551,0.6587,0.6532,0.6574,1072302.4,470282.6
2026-08-19 07:00:00,0.6574,0.6582,0.6554,0.6572,631304.7,336887.7
2026-08-19 08:00:00,0.6571,0.6608,0.6564,0.6585,2083181.7,1021482.4
2026-08-19 09:00:00,0.6585,0.6602,0.6569,0.6577,536534.6,297545.1
2026-08-19 10:00:00,0.6577,0.6578,0.6557,0.6574,743242.8,447628.2
2026-08-19 11:00:00,0.6574,0.6588,0.6571,0.658,401723.7,193737.5
2026-08-19 12:00:00,0.658,0.6594,0.6556,0.6585,775565.9,343658.4
2026-08-19 13:00:00,0.6584,0.6598,0.6543,0.6554,1405221.7,758058.7
2026-08-19 14:00:00,0.6555,0.6718,0.655,0.6704,2556315.1,1510356.8
2026-08-19 15:00:00,0.6705,0.7025,0.6697,0.68,15766489,7228025.2
2026-08-19 16:00:00,0.6799,0.6936,0.6798,0.6861,4044087.2,2217200.4
2026-08-19 17:00:00,0.6862,0.6877,0.6779,0.6852,3205723.4,1682559.4
2026-08-19 18:00:00,0.6852,0.688,0.6822,0.6872,863168.6,371424.9
2026-08-19 19:00:00,0.6872,0.6967,0.6856,0.6961,1649558,855389.4
2026-08-19 20:00:00,0.6961,0.7093,0.694,0.7056,3765594.7,2027948.8
2026-08-19 21:00:00,0.7055,0.7249,0.705,0.7221,7550070.6,3947102.2
2026-08-19 22:00:00,0.7221,0.7238,0.703,0.7072,4971250.8,2231271.2
2026-08-19 23:00:00,0.7072,0.7095,0.7022,0.706,1678264.8,879451.8
2026-08-20 00:00:00,0.706,0.7126,0.7059,0.7075,2556224.1,1499704.6
2026-08-20 01:00:00,0.7076,0.7105,0.703,0.7089,1502479.8,717704.7
2026-08-20 02:00:00,0.7089,0.7103,0.7027,0.7034,1275465.9,690564.9
2026-08-20 03:00:00,0.7034,0.7034,0.6905,0.6991,1867208.6,767226.7
2026-08-20 04:00:00,0.6992,0.7017,0.6969,0.7007,858910.8,568488.7
2026-08-20 05:00:00,0.7006,0.7011,0.6983,0.7002,733318.7,456463.8
2026-08-20 06:00:00,0.7002,0.7052,0.6983,0.7044,1417789,870965.4
2026-08-20 07:00:00,0.7045,0.7066,0.6994,0.7023,1376677.8,846091
2026-08-20 08:00:00,0.7024,0.7279,0.7018,0.7218,5878211.1,3635897.6
2026-08-20 09:00:00,0.7218,0.7283,0.7124,0.7219,6598467.7,2944751
2026-08-20 10:00:00,0.7219,0.735,0.7205,0.728,3641030.8,2056682.3
2026-08-20 11:00:00,0.728,0.7346,0.7246,0.728,2461511.6,1395318.4
2026-08-20 12:00:00,0.7281,0.7297,0.7165,0.7228,3141885.3,1666888.7
2026-08-20 13:00:00,0.7228,0.7274,0.7158,0.7259,2480030.8,1288511.3
2026-08-20 14:00:00,0.726,0.7304,0.7214,0.7278,1868449.7,932638.8
2026-08-20 15:00:00,0.7278,0.7419,0.7271,0.7394,3970340.5,2397225.1
2026-08-20 16:00:00,0.7394,0.7507,0.7329,0.7488,4588832.3,2792053.9
2026-08-20 17:00:00,0.7489,0.7532,0.7411,0.7415,3201064.9,1781468.6
2026-08-20 18:00:00,0.7415,0.7447,0.7245,0.7247,4631937.8,1961552.3
2026-08-20 19:00:00,0.7246,0.7293,0.7217,0.7247,3196532.5,1694124.8
2026-08-20 20:00:00,0.7248,0.7305,0.7233,0.7302,1747844.4,926355.7
2026-08-20 21:00:00,0.7302,0.7375,0.7295,0.7342,1685725.7,957305.2
2026-08-20 22:00:00,0.7343,0.7355,0.7271,0.7305,1958348.9,1046223.9
2026-08-20 23:00:00,0.7305,0.7385,0.7293,0.7335,1827527.7,1100943.4
2026-08-21 00:00:00,0.7336,0.7414,0.7329,0.7377,2219658.7,1325610.7
2026-08-21 01:00:00,0.7377,0.7495,0.7363,0.749,3140767.8,1794503.2
2026-08-21 02:00:00,0.749,0.7494,0.7414,0.7446,2860374.5,1692619.1
2026-08-21 03:00:00,0.7446,0.7495,0.7403,0.7452,2886282.5,1426342.1
2026-08-21 04:00:00,0.7452,0.7574,0.745,0.7573,3636324.3,2031929.6
2026-08-21 05:00:00,0.7573,0.7736,0.7525,0.7694,5955454.8,3376928.1
2026-08-21 06:00:00,0.7694,0.779,0.7681,0.7715,7567138,4059801.8
2026-08-21 07:00:00,0.7715,0.7819,0.7692,0.7775,6266638.5,3376278.3
2026-08-21 08:00:00,0.7775,0.814,0.777,0.8128,8988065,6078337.3
2026-08-21 09:00:00,0.8128,0.8138,0.7765,0.7966,13478954,5902321.2
2026-08-21 10:00:00,0.7966,0.8043,0.788,0.8022,5954071.4,2990957.2
2026-08-21 11:00:00,0.8022,0.8044,0.782,0.7835,4986786.8,2312710
2026-08-21 12:00:00,0.7835,0.8033,0.7807,0.7968,4415526.4,2596379.1
2026-08-21 13:00:00,0.7968,0.8061,0.7845,0.8033,5145983.4,2765796.9
2026-08-21 14:00:00,0.8032,0.8039,0.7932,0.8023,4631758.9,2341336.3
2026-08-21 15:00:00,0.8023,0.8235,0.8018,0.815,6319412.4,3651354.8
2026-08-21 16:00:00,0.8149,0.8188,0.8046,0.81,4034723.2,2215693.5
2026-08-21 17:00:00,0.81,0.8159,0.8,0.8135,4351845.2,2154641
2026-08-21 18:00:00,0.8135,0.8228,0.7963,0.7993,4429349.4,2098891.8
2026-08-21 19:00:00,0.7992,0.8041,0.7902,0.8026,3086869.2,1721541.9
2026-08-21 20:00:00,0.8025,0.8157,0.7981,0.8144,2564526.4,1412698.4
2026-08-21 21:00:00,0.8145,0.8477,0.8137,0.8464,6057903.8,3216962.9
2026-08-21 22:00:00,0.8464,0.8623,0.8389,0.8539,9959212.7,5640446.7
2026-08-21 23:00:00,0.8539,0.8557,0.8387,0.8438,5075783.3,2382544.5
2026-08-22 00:00:00,0.8438,0.8503,0.8341,0.8495,3685093.3,1667039.5
2026-08-22 01:00:00,0.8496,0.8726,0.8487,0.8557,7086672,3409497.8
2026-08-22 02:00:00,0.8556,0.9074,0.8548,0.9067,7216671.3,3799607.2
2026-08-22 03:00:00,0.9067,0.925,0.9014,0.9128,10069257.3,5805679.7
2026-08-22 04:00:00,0.9129,0.954,0.9113,0.9435,11213589.5,5452055.3
2026-08-22 05:00:00,0.9434,0.953,0.7722,0.8498,38662551.3,19259594.7
2026-08-22 06:00:00,0.8497,0.8694,0.8322,0.8683,8374652.9,4166276.5
2026-08-22 07:00:00,0.8683,0.8833,0.8595,0.863,6267825.4,2960709
2026-08-22 08:00:00,0.8631,0.8741,0.8369,0.8512,6571250.6,3100756.6
2026-08-22 09:00:00,0.8512,0.8568,0.8359,0.8428,4942043.1,2214304.6
2026-08-22 10:00:00,0.8429,0.8436,0.8076,0.8282,8788806.6,4330359.4
2026-08-22 11:00:00,0.8282,0.8331,0.8192,0.8291,4764719.3,2427498.3
2026-08-22 12:00:00,0.829,0.8427,0.8265,0.8283,3841128,2107007.6
2026-08-22 13:00:00,0.8284,0.8376,0.8227,0.8342,2879792.9,1660378.8
2026-08-22 14:00:00,0.8343,0.8354,0.8146,0.819,3851388.1,1896364.5
2026-08-22 15:00:00,0.8189,0.8241,0.8088,0.8153,3819528.6,1866286.3
2026-08-22 16:00:00,0.8154,0.8412,0.8114,0.8346,4592854,2463531.5
2026-08-22 17:00:00,0.8346,0.8379,0.8262,0.8335,3095593.1,1458260.5
2026-08-22 18:00:00,0.8336,0.8395,0.8218,0.8292,3851584.9,1844923
2026-08-22 19:00:00,0.8291,0.8355,0.8232,0.8331,2771124.2,1330735.6
2026-08-22 20:00:00,0.8332,0.8387,0.8268,0.829,2218514.9,922805.6
2026-08-22 21:00:00,0.8289,0.8302,0.8036,0.8085,4357707.9,1801010.8
2026-08-22 22:00:00,0.8084,0.8203,0.8046,0.8146,3827921.8,2103831.7
2026-08-22 23:00:00,0.8147,0.8163,0.8071,0.8142,1705452.6,661895.8
2026-08-23 00:00:00,0.8142,0.8331,0.809,0.83,3899345.5,1858053.1
2026-08-23 01:00:00,0.8299,0.8299,0.8159,0.8185,2358329.1,921913.6
2026-08-23 02:00:00,0.8184,0.8188,0.8038,0.8081,3118203.9,1377392.6
2026-08-23 03:00:00,0.8082,0.8093,0.7885,0.7928,4915273.3,2002895.9
2026-08-23 04:00:00,0.7927,0.799,0.7819,0.7834,4633878.7,2049446.6
2026-08-23 05:00:00,0.7833,0.7984,0.7782,0.7851,6902038.7,3210488.4
2026-08-23 06:00:00,0.7851,0.7928,0.7811,0.7846,3241094.4,1698462.8
2026-08-23 07:00:00,0.7847,0.7953,0.7838,0.7918,2665082.2,1517879.6
2026-08-23 08:00:00,0.7919,0.8019,0.7901,0.8001,2899605.5,1381434.8
2026-08-23 09:00:00,0.8001,0.8063,0.7968,0.7998,2714805.4,1196871.1
2026-08-23 10:00:00,0.7997,0.8151,0.7993,0.8036,4443272.3,2288772.6
2026-08-23 11:00:00,0.8037,0.8201,0.8029,0.8192,3138834.7,1565808.4
2026-08-23 12:00:00,0.8191,0.8191,0.8097,0.8145,2035759.6,932025.1
2026-08-23 13:00:00,0.8145,0.8378,0.8135,0.8303,5023949.6,2745406.1
2026-08-23 14:00:00,0.8304,0.8387,0.7981,0.8231,7445814.9,3772581
2026-08-23 15:00:00,0.8232,0.8291,0.8148,0.8227,3096115.3,1605212
2026-08-23 16:00:00,0.8228,0.8295,0.8163,0.823,3814256.6,2331095.4
2026-08-23 17:00:00,0.823,0.83,0.8165,0.824,4674529.5,1893109.5
2026-08-23 18:00:00,0.8239,0.8466,0.8214,0.8457,8570567.2,3265919.3
2026-08-23 19:00:00,0.8457,0.8468,0.83,0.8327,3709673.2,1747329.9
2026-08-23 20:00:00,0.8328,0.84,0.8278,0.8363,2648879.1,1105647.4
2026-08-23 21:00:00,0.8363,0.8559,0.8355,0.8426,4526204.4,2148974.6
2026-08-23 22:00:00,0.8427,0.8556,0.8351,0.85,7778739.7,2767639.7
2026-08-23 23:00:00,0.8499,0.8575,0.8415,0.8504,4404800.7,2093386.6
2026-08-24 00:00:00,0.8503,0.8509,0.8242,0.8448,5631488.6,2601706.9
2026-08-24 01:00:00,0.8447,0.8488,0.8189,0.8205,4161786.9,2109328.8
2026-08-24 02:00:00,0.8203,0.8372,0.8143,0.8285,4974801.4,1749004.5
2026-08-24 03:00:00,0.8285,0.8301,0.8175,0.8203,2848433.8,1396996.3
2026-08-24 04:00:00,0.8203,0.8323,0.8203,0.8288,2940940.8,1476872.1
2026-08-24 05:00:00,0.8288,0.8359,0.8196,0.8263,3251031.4,1868133.4
2026-08-24 06:00:00,0.8262,0.8294,0.8164,0.8209,3216051.6,1774607.7
2026-08-24 07:00:00,0.8208,0.8295,0.8107,0.8161,2590249.1,1510342.7
2026-08-24 08:00:00,0.8162,0.8181,0.8041,0.8121,2843716.3,1338173.5
2026-08-24 09:00:00,0.812,0.8218,0.8112,0.8197,1879515.7,1093707.3
2026-08-24 10:00:00,0.8196,0.8279,0.8153,0.8175,2989208.6,1513785.1
2026-08-24 11:00:00,0.8175,0.8379,0.8106,0.8314,4452894.5,2278261.2
2026-08-24 12:00:00,0.8315,0.8408,0.8178,0.8383,5760429,3120387.7
2026-08-24 13:00:00,0.8384,0.8392,0.8106,0.8186,7354510.1,3562024.4
2026-08-24 14:00:00,0.8185,0.8337,0.8168,0.828,3889000.1,2033547.2
2026-08-24 15:00:00,0.8279,0.8422,0.8189,0.8229,4984282.8,2578217.2
2026-08-24 16:00:00,0.8229,0.834,0.8198,0.8207,2660285.7,1369515.4
2026-08-24 17:00:00,0.8208,0.8216,0.7976,0.8085,7360485.2,3599044.3
2026-08-24 18:00:00,0.8086,0.8165,0.7996,0.8036,7725933.9,3917966.2
2026-08-24 19:00:00,0.8037,0.8077,0.799,0.8027,3448799.5,1679761
2026-08-24 20:00:00,0.8028,0.8074,0.7988,0.8062,2304779.7,875669.6
2026-08-24 21:00:00,0.8063,0.8099,0.8058,0.8077,1181325,513994.5
2026-08-24 22:00:00,0.8077,0.8081,0.799,0.8001,2382905.6,1125169.7
2026-08-24 23:00:00,0.8002,0.8023,0.7901,0.7999,4306224.6,2179467.6
2026-08-25 00:00:00,0.7998,0.8162,0.7919,0.8129,5914921.3,2665690.5
2026-08-25 01:00:00,0.8129,0.8171,0.8084,0.8121,3172880.7,1437338.3
2026-08-25 02:00:00,0.8122,0.8346,0.8088,0.8198,9904597.9,3961230.8
2026-08-25 03:00:00,0.8198,0.8349,0.8159,0.8193,4733408.7,2650786.6
2026-08-25 04:00:00,0.8193,0.824,0.8156,0.8205,3142643.9,1584375.3
2026-08-25 05:00:00,0.8205,0.8306,0.8189,0.8273,2657250.4,1513351.7
2026-08-25 06:00:00,0.8274,0.829,0.8129,0.8157,2183148.3,834024.4
2026-08-25 07:00:00,0.8157,0.8227,0.7978,0.8019,6105231,3482640
2026-08-25 08:00:00,0.8018,0.8095,0.8,0.8047,4267483,2378468
2026-08-25 09:00:00,0.8047,0.8078,0.795,0.8003,2653284.4,1136744.8
2026-08-25 10:00:00,0.8003,0.8033,0.7968,0.8011,2189661.1,942114.3
2026-08-25 11:00:00,0.8011,0.8055,0.7978,0.7996,1997656.6,935252.4
2026-08-25 12:00:00,0.7996,0.8033,0.7936,0.8015,4195836.3,1714767.7
2026-08-25 13:00:00,0.8015,0.8027,0.7776,0.789,6209702.3,2723254
2026-08-25 14:00:00,0.789,0.7983,0.7868,0.7931,2906490.8,1712840.8
2026-08-25 15:00:00,0.7932,0.7937,0.7864,0.793,1961506.8,1088344.7
2026-08-25 16:00:00,0.7931,0.7945,0.7851,0.7855,1508885.2,717869
2026-08-25 17:00:00,0.7855,0.7858,0.7749,0.7825,3563991.8,1555265.7
2026-08-25 18:00:00,0.7826,0.7864,0.779,0.7817,2418268.6,1054859.7
2026-08-25 19:00:00,0.7817,0.7833,0.7728,0.775,2611003.4,1355755.5
2026-08-25 20:00:00,0.7749,0.7761,0.7538,0.7554,6648766.7,2615737.8
2026-08-25 21:00:00,0.7554,0.7632,0.7443,0.7597,5150230.4,2477252.4
2026-08-25 22:00:00,0.7598,0.7679,0.7598,0.765,1938967.4,973200.4
2026-08-25 23:00:00,0.765,0.7676,0.754,0.7574,2337499.4,1071499.7
2026-08-26 00:00:00,0.7574,0.7619,0.7526,0.7587,2222043.1,1041275.4
2026-08-26 01:00:00,0.7587,0.7651,0.7585,0.7612,1619034.8,855293.3
2026-08-26 02:00:00,0.7613,0.7674,0.7569,0.7624,1612948.8,786359.2
2026-08-26 03:00:00,0.7624,0.764,0.7576,0.7612,1765972.9,714553.6
2026-08-26 04:00:00,0.7611,0.7651,0.7577,0.7606,2541836.6,1258280.6
2026-08-26 05:00:00,0.7606,0.7667,0.7576,0.766,1715173.9,747213.3
2026-08-26 06:00:00,0.7659,0.7696,0.7623,0.7653,2358925.4,1106470.5
2026-08-26 07:00:00,0.7653,0.7686,0.7594,0.76,2561755.5,1073287.4
2026-08-26 08:00:00,0.7599,0.7645,0.758,0.7597,1343587.9,569170.4
2026-08-26 09:00:00,0.7598,0.762,0.7487,0.7539,2774042.1,1201200
2026-08-26 10:00:00,0.7538,0.7637,0.7516,0.7621,1759381.8,776373.6
2026-08-26 11:00:00,0.7622,0.7634,0.7537,0.755,1343344.7,609821.4
2026-08-26 12:00:00,0.755,0.762,0.7471,0.7552,2617672.5,1123418.7
2026-08-26 13:00:00,0.7552,0.7568,0.742,0.7481,3384019.1,1563820.2
2026-08-26 14:00:00,0.7482,0.7514,0.7312,0.7327,4520320.4,2198263.9
2026-08-26 15:00:00,0.7329,0.7399,0.7251,0.7357,5056096.7,2579529.3
2026-08-26 16:00:00,0.7357,0.7392,0.7281,0.7331,2777680.4,1398327.5
2026-08-26 17:00:00,0.733,0.7451,0.7315,0.7368,2517960.9,1258572
2026-08-26 18:00:00,0.7369,0.7404,0.7347,0.7382,1530870.8,747874.4
2026-08-26 19:00:00,0.7382,0.7428,0.7361,0.7382,1247019.3,765265.9
2026-08-26 20:00:00,0.7382,0.7414,0.733,0.7412,1164549.5,487947.3
2026-08-26 21:00:00,0.7413,0.7511,0.7409,0.7497,2355014,1346417
2026-08-26 22:00:00,0.7497,0.7575,0.7486,0.7508,2171046.4,1021329.7
2026-08-26 23:00:00,0.7508,0.7686,0.75,0.7675,3778880.8,2442607.7
2026-08-27 00:00:00,0.7676,0.7677,0.7543,0.7543,2042722.1,749205.8
2026-08-27 01:00:00,0.7543,0.759,0.7498,0.7545,2252847.1,1048294.1
2026-08-27 02:00:00,0.7546,0.7579,0.7493,0.7505,1071946.9,542875.6
2026-08-27 03:00:00,0.7506,0.7536,0.7469,0.7493,724213.5,349448.3
2026-08-27 04:00:00,0.7494,0.7529,0.7446,0.7474,1020418,594413.3
2026-08-27 05:00:00,0.7474,0.7524,0.7436,0.7499,1931139.3,1197311
2026-08-27 06:00:00,0.7499,0.7568,0.7454,0.7559,2408044.6,1454750.3
2026-08-27 07:00:00,0.756,0.7582,0.7518,0.7582,1165107.4,648051.1
2026-08-27 08:00:00,0.7582,0.7745,0.7569,0.7728,6502224.9,3460033.3
2026-08-27 09:00:00,0.7727,0.7826,0.7675,0.7691,7410061.5,3307287.1
2026-08-27 10:00:00,0.7692,0.7734,0.7535,0.7626,4559874.4,2357391.1
2026-08-27 11:00:00,0.7626,0.7663,0.7589,0.7631,3433318.3,1305186.8
2026-08-27 12:00:00,0.763,0.772,0.7598,0.7668,2564696.1,1439324.4
2026-08-27 13:00:00,0.7668,0.7751,0.7633,0.7744,3916158.9,2051102.8
2026-08-27 14:00:00,0.7744,0.7886,0.7711,0.7814,8153143.9,5270951.7
2026-08-27 15:00:00,0.7814,0.7939,0.78,0.7868,5508554.4,2865025.6
2026-08-27 16:00:00,0.7869,0.7932,0.7791,0.785,5045908.4,2477809.1
2026-08-27 17:00:00,0.785,0.7914,0.7807,0.7823,2619054.1,1259347.8
2026-08-27 18:00:00,0.7824,0.7824,0.7687,0.7785,3394377.1,1656601.1
2026-08-27 19:00:00,0.7786,0.7852,0.7759,0.7771,4174083.9,2456177.6
2026-08-27 20:00:00,0.7772,0.7787,0.7715,0.7781,3723800.9,1916341
2026-08-27 21:00:00,0.7781,0.7811,0.7736,0.7793,3254626.8,1658698.9
2026-08-27 22:00:00,0.7793,0.785,0.7786,0.7797,2310415.6,1080792
2026-08-27 23:00:00,0.7797,0.7822,0.7773,0.7796,1647033.1,803397.9
2026-08-28 00:00:00,0.7796,0.7857,0.7754,0.781,1946200.7,1094441.5
2026-08-28 01:00:00,0.781,0.8052,0.7809,0.7845,5715925.3,3155523.8
2026-08-28 02:00:00,0.7846,0.7846,0.7615,0.7666,5649059.8,2210003.1
2026-08-28 03:00:00,0.7666,0.7676,0.7576,0.7635,2249137.2,1158580.1
2026-08-28 04:00:00,0.7635,0.766,0.7554,0.7594,2386265.4,1213321.8
2026-08-28 05:00:00,0.7594,0.7655,0.7561,0.7629,1861021.3,1190688.8
2026-08-28 06:00:00,0.7629,0.7679,0.7629,0.767,1085651.1,656408.3
2026-08-28 07:00:00,0.767,0.7673,0.7591,0.7601,1257110.2,655656.3
2026-08-28 08:00:00,0.7602,0.7647,0.7585,0.7609,1352059,632674.7
2026-08-28 09:00:00,0.761,0.7642,0.7531,0.7553,2330833.6,1034759.2
2026-08-28 10:00:00,0.7553,0.7632,0.7475,0.7623,2705562.7,1387913.8
2026-08-28 11:00:00,0.7624,0.7659,0.7598,0.7605,1331017.5,669731
2026-08-28 12:00:00,0.7604,0.7619,0.7551,0.7578,1143507.6,493347.7
2026-08-28 13:00:00,0.7578,0.7616,0.7529,0.7581,1475057.8,770321.8
2026-08-28 14:00:00,0.7581,0.7733,0.7488,0.7703,7505511.3,3820358.4
2026-08-28 15:00:00,0.7704,0.7735,0.7527,0.753,3803464.6,1681894.7
2026-08-28 16:00:00,0.7529,0.7559,0.7348,0.7511,7314573.5,3465793.8
2026-08-28 17:00:00,0.7512,0.7537,0.7456,0.7497,2196063.5,1051382.7
2026-08-28 18:00:00,0.7496,0.7503,0.7291,0.7351,7567700.9,4277121.7
2026-08-28 19:00:00,0.7351,0.7391,0.7344,0.7359,1051771,516922.6
2026-08-28 20:00:00,0.7358,0.7404,0.7354,0.7384,694757.1,353829.7
2026-08-28 21:00:00,0.7385,0.74,0.7327,0.7342,608346.1,298718.8
2026-08-28 22:00:00,0.7343,0.7423,0.7335,0.7416,1117290.1,621003.7
2026-08-28 23:00:00,0.7416,0.7439,0.7402,0.7438,919820.4,506790.3
2026-08-29 00:00:00,0.7437,0.7472,0.7413,0.7418,605309.2,309936.9
2026-08-29 01:00:00,0.7418,0.7429,0.7398,0.7419,960490.1,449089.4
2026-08-29 02:00:00,0.7418,0.7433,0.7362,0.7399,1313457.7,685858.8
2026-08-29 03:00:00,0.7398,0.7416,0.7365,0.7367,1006080.8,526414.2
2026-08-29 04:00:00,0.7368,0.7416,0.7365,0.741,1273023.9,755744.8
2026-08-29 05:00:00,0.741,0.745,0.7407,0.7435,1155783.1,518654.8
2026-08-29 06:00:00,0.7436,0.7441,0.7363,0.7397,594162.5,268372.4
2026-08-29 07:00:00,0.7397,0.742,0.7343,0.7352,1627028.5,620658.8
2026-08-29 08:00:00,0.7351,0.736,0.7314,0.7339,1928384.2,1075720.8
2026-08-29 09:00:00,0.7339,0.7373,0.7326,0.7361,1358530.4,698521.2
2026-08-29 10:00:00,0.736,0.7402,0.7334,0.7363,1120135.9,540747.2
2026-08-29 11:00:00,0.7363,0.7379,0.7342,0.7343,405275.3,171588.9
2026-08-29 12:00:00,0.7345,0.7387,0.7344,0.7357,374681.3,209655.2
2026-08-29 13:00:00,0.7357,0.7392,0.734,0.7381,877548.2,536956.9
2026-08-29 14:00:00,0.7382,0.749,0.7379,0.7483,2095922.9,1372773.6
2026-08-29 15:00:00,0.7483,0.7486,0.743,0.7447,1620180.9,661532.8
2026-08-29 16:00:00,0.7446,0.7493,0.743,0.7446,1690377,854903.6
2026-08-29 17:00:00,0.7446,0.7457,0.74,0.7425,793483.2,314109.7
2026-08-29 18:00:00,0.7425,0.7482,0.741,0.745,3117848.9,1422372.1
2026-08-29 19:00:00,0.745,0.7483,0.7448,0.7459,933299.1,505399.6
2026-08-29 20:00:00,0.7459,0.7476,0.7429,0.7446,933430.4,474519.7
2026-08-29 21:00:00,0.7446,0.7462,0.7419,0.7419,966411,604635.1
2026-08-29 22:00:00,0.7419,0.7445,0.7396,0.7438,527360.9,233122.4
2026-08-29 23:00:00,0.7439,0.7457,0.7419,0.745,866864.6,392763.1
2026-08-30 00:00:00,0.745,0.7473,0.7428,0.7433,992922.1,555888.1
2026-08-30 01:00:00,0.7432,0.7436,0.739,0.74,906307,427484.5
2026-08-30 02:00:00,0.74,0.7425,0.7391,0.7402,1000825.7,471993.7
2026-08-30 03:00:00,0.7402,0.7426,0.7394,0.7407,945272.9,529226.2
2026-08-30 04:00:00,0.7407,0.7425,0.7336,0.7399,1438828.3,611572.3
2026-08-30 05:00:00,0.7399,0.7427,0.7391,0.7421,625768.1,292054.8
2026-08-30 06:00:00,0.7421,0.747,0.7411,0.7468,690641.4,339083.3
2026-08-30 07:00:00,0.7469,0.747,0.7398,0.7401,1145499.1,566069.7
2026-08-30 08:00:00,0.7401,0.7426,0.7369,0.7379,847426,442721.4
2026-08-30 09:00:00,0.7379,0.7396,0.7351,0.7372,1201131.2,629388.2
2026-08-30 10:00:00,0.7371,0.7423,0.7358,0.7404,1543101.8,844811.7
2026-08-30 11:00:00,0.7404,0.7419,0.7382,0.7419,1274321.9,719939.6
2026-08-30 12:00:00,0.7419,0.7494,0.741,0.7491,1872304.8,974278.9
2026-08-30 13:00:00,0.749,0.7502,0.7402,0.7488,1943233.7,959486.3
2026-08-30 14:00:00,0.7488,0.7538,0.7458,0.7497,3536908.2,1299552.3
2026-08-30 15:00:00,0.7496,0.751,0.7433,0.7462,1499313.9,736729.6
2026-08-30 16:00:00,0.7463,0.759,0.7454,0.7585,2698539.9,1227244.4
2026-08-30 17:00:00,0.7584,0.7614,0.7502,0.7583,4691049.4,1716628.4
2026-08-30 18:00:00,0.7584,0.7639,0.7518,0.7599,2145450.4,1067005.9
2026-08-30 19:00:00,0.76,0.7606,0.7531,0.7562,3693879.3,894239.2
2026-08-30 20:00:00,0.7563,0.7578,0.7426,0.7461,2416616.2,1119902.2
2026-08-30 21:00:00,0.7462,0.7464,0.737,0.7435,2617933.9,1397690.1
2026-08-30 22:00:00,0.7435,0.7477,0.732,0.7361,2094347.3,958082.2
2026-08-30 23:00:00,0.7361,0.7365,0.6969,0.7111,17031895.9,8120062.5
2026-08-31 00:00:00,0.7111,0.7219,0.708,0.7172,5650903.2,3215220.3
2026-08-31 01:00:00,0.7172,0.7184,0.7063,0.709,6624176,2040187.9
2026-08-31 02:00:00,0.709,0.7183,0.7071,0.71,2908360.2,1378847.5
2026-08-31 03:00:00,0.7101,0.7195,0.7091,0.7174,1984471.4,1106361.7
2026-08-31 04:00:00,0.7173,0.7175,0.7108,0.7143,2976277.1,1391052.6
2026-08-31 05:00:00,0.7143,0.7249,0.7131,0.722,2622612,1431671.7
2026-08-31 06:00:00,0.7219,0.7239,0.7199,0.722,1558975.7,788257.1
2026-08-31 07:00:00,0.7221,0.7265,0.7213,0.7237,2838790.9,1446516.2
2026-08-31 08:00:00,0.7237,0.7254,0.7202,0.7218,1787928.5,772343.7
2026-08-31 09:00:00,0.7218,0.726,0.7202,0.7222,2211021.8,1483285.6
2026-08-31 10:00:00,0.7223,0.7312,0.7148,0.7285,5627627.3,2113742.5
2026-08-31 11:00:00,0.7284,0.7297,0.7241,0.7248,2166601.9,824772.7
2026-08-31 12:00:00,0.7248,0.7289,0.7158,0.719,2696596.6,1300250.4
2026-08-31 13:00:00,0.7191,0.7237,0.7144,0.7165,2440476.9,1239076.1
2026-08-31 14:00:00,0.7167,0.7273,0.7152,0.7264,2650470.6,1422790.7
2026-08-31 15:00:00,0.7264,0.7273,0.7175,0.7209,3024147.4,1096623.3
2026-08-31 16:00:00,0.7208,0.7259,0.7176,0.7222,2026947.3,1026026.7
2026-08-31 17:00:00,0.7222,0.73,0.7214,0.7283,3137605.9,1623730.7
2026-08-31 18:00:00,0.7282,0.7351,0.7251,0.7294,2298319.4,1240097.1
2026-08-31 19:00:00,0.7293,0.7323,0.7247,0.7263,1482739.6,767781.4
2026-08-31 20:00:00,0.7263,0.7311,0.7257,0.7272,1253345,546155.4
2026-08-31 21:00:00,0.7271,0.7311,0.7219,0.7288,2523711.7,1301174.4
2026-08-31 22:00:00,0.7289,0.7298,0.7247,0.7261,506503.3,270060.4
2026-08-31 23:00:00,0.7261,0.7272,0.723,0.727,367402.4,174829.5
2026-09-01 00:00:00,0.7269,0.7348,0.726,0.7325,1957755.6,1085981.3
2026-09-01 01:00:00,0.7326,0.7356,0.7266,0.7318,1847787.5,969876.9
2026-09-01 02:00:00,0.7317,0.7341,0.7264,0.7299,1764172.1,870503.4
2026-09-01 03:00:00,0.7298,0.7374,0.7285,0.7335,1538280.9,918289.5
2026-09-01 04:00:00,0.7335,0.7345,0.7281,0.7295,1932169.7,992311.6
2026-09-01 05:00:00,0.7295,0.7366,0.7289,0.7354,1515084.3,858229.2
2026-09-01 06:00:00,0.7354,0.7364,0.7301,0.7311,2001004.7,944717
2026-09-01 07:00:00,0.7311,0.735,0.7287,0.7301,1616224.1,743614.7
2026-09-01 08:00:00,0.7301,0.7305,0.7193,0.7195,3180129.6,1311975.7
2026-09-01 09:00:00,0.7196,0.7224,0.7169,0.7205,1630335.9,891288.1
2026-09-01 10:00:00,0.7204,0.729,0.7195,0.7267,1788012.3,875353.5
2026-09-01 11:00:00,0.7266,0.7346,0.7248,0.7308,2049177.7,1180954.4
2026-09-01 12:00:00,0.7308,0.7319,0.7231,0.7255,2127886.5,1047065.9
2026-09-01 13:00:00,0.7255,0.7313,0.7189,0.7307,2747365.3,1421853.9
2026-09-01 14:00:00,0.7307,0.738,0.7296,0.7317,2698564.6,1435497.8
2026-09-01 15:00:00,0.7317,0.7339,0.7245,0.7319,1429538.4,727815.2
2026-09-01 16:00:00,0.732,0.7323,0.722,0.7264,1461749.1,668445.3
2026-09-01 17:00:00,0.7263,0.7349,0.7239,0.7261,6323793.8,3770039
2026-09-01 18:00:00,0.7262,0.7285,0.7129,0.7244,5386553.8,2207328.4
2026-09-01 19:00:00,0.7245,0.7279,0.7228,0.7243,1957324.7,1135014.7
2026-09-01 20:00:00,0.7244,0.7262,0.7193,0.724,2482972.9,1324609.7
2026-09-01 21:00:00,0.724,0.7245,0.7117,0.7194,2565938.2,1157967.6
2026-09-01 22:00:00,0.7194,0.722,0.715,0.7172,1644902.6,961076
2026-09-01 23:00:00,0.7172,0.7236,0.7149,0.7218,2898077.8,1476036.2
2026-09-02 00:00:00,0.7218,0.7234,0.7175,0.7181,792896.4,311751.3
2026-09-02 01:00:00,0.718,0.7211,0.7076,0.7127,2554919.8,1172050.6
2026-09-02 02:00:00,0.7126,0.724,0.711,0.7217,2949021.8,1662816.3
2026-09-02 03:00:00,0.7218,0.7298,0.7211,0.7234,2971660.7,1399158.2
2026-09-02 04:00:00,0.7234,0.7247,0.7187,0.7243,1975286.2,1072116.5
2026-09-02 05:00:00,0.7243,0.7283,0.7209,0.7264,1329469,736673.6
2026-09-02 06:00:00,0.7265,0.7283,0.7202,0.7253,2000879.5,1043784.6
2026-09-02 07:00:00,0.7254,0.73,0.7237,0.7242,1241926.1,618604.7
2026-09-02 08:00:00,0.7243,0.7268,0.7163,0.719,1052734.1,425617.1
2026-09-02 09:00:00,0.719,0.7218,0.7134,0.7163,2138344.2,898452.4
2026-09-02 10:00:00,0.7163,0.7165,0.7038,0.7101,4114029,2200608.9
2026-09-02 11:00:00,0.7101,0.7147,0.7068,0.7145,1588116.8,862126.8
2026-09-02 12:00:00,0.7144,0.7174,0.7101,0.7105,1765528.9,1097566.4
2026-09-02 13:00:00,0.7105,0.7227,0.7105,0.72,4780796.5,1910750.8
2026-09-02 14:00:00,0.7201,0.7254,0.7182,0.7186,3167047.2,1198124.9
2026-09-02 15:00:00,0.7186,0.7233,0.7142,0.7217,1906191.1,1022898
2026-09-02 16:00:00,0.7217,0.7299,0.72,0.721,2630655.4,1630801.9
2026-09-02 17:00:00,0.721,0.724,0.717,0.7228,1586494.5,782767.3
2026-09-02 18:00:00,0.7228,0.7336,0.7223,0.7305,3904708.3,2392969.4
2026-09-02 19:00:00,0.7304,0.7307,0.7262,0.7289,1737626.3,1010549.8
2026-09-02 20:00:00,0.729,0.7505,0.729,0.7403,7145401.8,4157551.1
2026-09-02 21:00:00,0.7404,0.7436,0.7364,0.7416,1870910.2,949510.5
2026-09-02 22:00:00,0.7416,0.7422,0.7336,0.7367,1679073.1,788635.7
2026-09-02 23:00:00,0.7366,0.7474,0.7351,0.7462,1819693.8,924936.7
2026-09-03 00:00:00,0.7462,0.7533,0.739,0.7416,3129524.8,1740847.5
2026-09-03 01:00:00,0.7416,0.7614,0.7384,0.7551,5372970.1,2832231.8
2026-09-03 02:00:00,0.7551,0.7804,0.7544,0.7774,7203915.7,4157415.6
2026-09-03 03:00:00,0.7775,0.7778,0.7617,0.7679,4731230.4,2184426.7
2026-09-03 04:00:00,0.768,0.7741,0.7621,0.7736,3389356.5,1657803.8
2026-09-03 05:00:00,0.7736,0.7744,0.7569,0.77,3058176.6,1424897.7
2026-09-03 06:00:00,0.7701,0.7705,0.7643,0.7651,2366907.1,1203267.9
2026-09-03 07:00:00,0.7651,0.7774,0.7646,0.7673,6172995.3,3745622.7
2026-09-03 08:00:00,0.7674,0.7789,0.7674,0.7711,3228190.2,1727703.8
2026-09-03 09:00:00,0.7711,0.7714,0.7621,0.7635,3818793.5,1793022.2
2026-09-03 10:00:00,0.7634,0.7659,0.7582,0.7654,3206293.9,1485089.2
2026-09-03 11:00:00,0.7654,0.7698,0.7632,0.7681,2215230.5,1228964.8
2026-09-03 12:00:00,0.7681,0.7734,0.7633,0.7699,3118346.5,1527287.9
2026-09-03 13:00:00,0.7699,0.7704,0.7635,0.7663,2395873.6,1187290.8
2026-09-03 14:00:00,0.7663,0.7857,0.764,0.7856,5799930.5,3093113.9
2026-09-03 15:00:00,0.7855,0.7898,0.7748,0.789,8939030.5,5140929.8
2026-09-03 16:00:00,0.789,0.7915,0.7756,0.7888,4951739.5,2383832.7
2026-09-03 17:00:00,0.7888,0.7966,0.7854,0.7917,4234797.4,2046521.6
2026-09-03 18:00:00,0.7917,0.7968,0.7864,0.7892,2031067.1,1041856.1
2026-09-03 19:00:00,0.7892,0.7946,0.7842,0.7895,3471903.8,1483678.2
2026-09-03 20:00:00,0.7894,0.7915,0.7835,0.7903,1896002.8,1008341.6
2026-09-03 21:00:00,0.7903,0.796,0.7821,0.788,4209336,1944801.5
2026-09-03 22:00:00,0.788,0.7894,0.7745,0.781,3320201,1698519.3
2026-09-03 23:00:00,0.781,0.7846,0.7782,0.7833,2000530.9,1051079.4
2026-09-04 00:00:00,0.7832,0.7869,0.7744,0.7751,3345567.7,1493737
2026-09-04 01:00:00,0.7751,0.7798,0.7697,0.7733,3622959.1,1953936.1
2026-09-04 02:00:00,0.7732,0.7758,0.7685,0.7757,1717773.6,809050.4
2026-09-04 03:00:00,0.7758,0.7785,0.7721,0.7723,1120516.7,481622.6
2026-09-04 04:00:00,0.7722,0.7777,0.7708,0.773,2114815.7,1209050.4
2026-09-04 05:00:00,0.7729,0.7743,0.7637,0.7681,3294061.5,1600329.6
2026-09-04 06:00:00,0.768,0.7708,0.7663,0.7702,1122469.7,596637.7
2026-09-04 07:00:00,0.7703,0.7741,0.7689,0.7699,2061442.2,1000112.3
2026-09-04 08:00:00,0.7699,0.778,0.7675,0.7766,2337557.5,1295858.4
2026-09-04 09:00:00,0.7767,0.783,0.7732,0.7754,3889786.2,2154133.9
2026-09-04 10:00:00,0.7753,0.777,0.7704,0.7766,1346071.8,687538.3
2026-09-04 11:00:00,0.7766,0.7783,0.7735,0.7766,2189579,1071887.5
2026-09-04 12:00:00,0.7766,0.7792,0.739,0.7518,12257683.7,5839211.8
2026-09-04 13:00:00,0.7517,0.7597,0.7485,0.7534,4215411.4,2024408
2026-09-04 14:00:00,0.7535,0.7561,0.7396,0.7436,3735157.7,1788313.3
2026-09-04 15:00:00,0.7436,0.7508,0.742,0.7492,2220199.8,1189322
2026-09-04 16:00:00,0.7492,0.7567,0.748,0.753,2412996.3,1214874.5
2026-09-04 17:00:00,0.753,0.7538,0.7475,0.7506,1504139,702594.1
2026-09-04 18:00:00,0.7506,0.7548,0.7506,0.7544,665014.7,373320.7
2026-09-04 19:00:00,0.7544,0.7613,0.7539,0.7588,1573332.8,973002.4
2026-09-04 20:00:00,0.7589,0.7601,0.7568,0.757,1284924.6,616120.2
2026-09-04 21:00:00,0.757,0.759,0.7524,0.7526,1625086.5,856272.9
2026-09-04 22:00:00,0.7526,0.7549,0.7512,0.7517,851200.7,416569.6
2026-09-04 23:00:00,0.7517,0.7558,0.7512,0.7555,765751.3,496177.7
2026-09-05 00:00:00,0.7555,0.7686,0.7546,0.7615,3647120.2,2212871.3
2026-09-05 01:00:00,0.7615,0.771,0.7593,0.7633,3096399.9,1655562.5
2026-09-05 02:00:00,0.7633,0.7688,0.7611,0.7652,1962922,1038779.3
2026-09-05 03:00:00,0.7652,0.7695,0.7613,0.7657,1795380.9,979951.5
2026-09-05 04:00:00,0.7658,0.769,0.7617,0.7658,2224993.4,1108160.1
2026-09-05 05:00:00,0.7659,0.7729,0.7631,0.7698,2915128.8,1409826.3
2026-09-05 06:00:00,0.7699,0.786,0.7699,0.7813,4151173.5,2304088.3
2026-09-05 07:00:00,0.7814,0.7939,0.779,0.7935,5295730.8,2905820
2026-09-05 08:00:00,0.7934,0.7939,0.783,0.7867,4743660.1,2528394.3
2026-09-05 09:00:00,0.7868,0.7888,0.7844,0.7847,1770481.4,696314.2
2026-09-05 10:00:00,0.7847,0.7885,0.7818,0.7834,2902552.7,1781273.1
2026-09-05 11:00:00,0.7835,0.7883,0.782,0.7848,2814482.6,1595457.4
2026-09-05 12:00:00,0.7847,0.8066,0.7845,0.8003,6827464.4,4324365.6
2026-09-05 13:00:00,0.8003,0.8033,0.7914,0.7937,6760215.3,3674224.6
2026-09-05 14:00:00,0.7938,0.8072,0.7938,0.7992,4097540.9,2583307.1
2026-09-05 15:00:00,0.7991,0.8023,0.7944,0.7969,4200768,2296327.4
2026-09-05 16:00:00,0.7968,0.802,0.7917,0.7984,4817868.1,2850953.7
2026-09-05 17:00:00,0.7984,0.8053,0.7961,0.8027,5671696.3,3431155.4
2026-09-05 18:00:00,0.8028,0.8125,0.7999,0.8029,5975934.3,3579924.3
2026-09-05 19:00:00,0.8028,0.813,0.8001,0.8023,4172489.7,2438427.6
2026-09-05 20:00:00,0.8023,0.8074,0.7975,0.7983,4769000.5,2586182.2
2026-09-05 21:00:00,0.7983,0.8086,0.7981,0.8044,1488314.4,792761.3
2026-09-05 22:00:00,0.8045,0.806,0.7956,0.7984,1946825.8,1043577
2026-09-05 23:00:00,0.7983,0.7996,0.7921,0.7951,2669964.6,1558306.1
2026-09-06 00:00:00,0.7952,0.7997,0.7937,0.7972,1769938.9,1014176.4
2026-09-06 01:00:00,0.7973,0.8075,0.7964,0.8024,3917387.8,2212077.5
2026-09-06 02:00:00,0.8025,0.813,0.7933,0.7981,9349332.2,6128287.9
2026-09-06 03:00:00,0.7981,0.806,0.7957,0.8016,2364978.1,1382186.3
2026-09-06 04:00:00,0.8016,0.8019,0.7945,0.7969,1430016.7,735157.2
2026-09-06 05:00:00,0.797,0.8048,0.7953,0.7998,2248406,1249295.4
2026-09-06 06:00:00,0.7999,0.7999,0.794,0.7959,1907358.3,961157.8
2026-09-06 07:00:00,0.7959,0.7978,0.782,0.7944,4640623.9,2101684.7
2026-09-06 08:00:00,0.7944,0.7964,0.7913,0.7936,1667698.4,912134.4
2026-09-06 09:00:00,0.7937,0.804,0.7921,0.8002,3784427.3,2154490.9
2026-09-06 10:00:00,0.8002,0.8016,0.7961,0.8004,2163084,992610.3
2026-09-06 11:00:00,0.8004,0.805,0.7973,0.805,3427578,1790078.1
2026-09-06 12:00:00,0.805,0.8075,0.7957,0.7982,3034716,1447339.9
2026-09-06 13:00:00,0.7983,0.8009,0.793,0.7976,2498114.5,1144758.8
2026-09-06 14:00:00,0.7976,0.8026,0.784,0.7911,4365087.2,2175291.7
2026-09-06 15:00:00,0.7911,0.7932,0.7851,0.7923,3223894.1,1630409.8
2026-09-06 16:00:00,0.7922,0.8036,0.7897,0.7992,2837087.3,1464939.6
2026-09-06 17:00:00,0.7992,0.8004,0.7926,0.7958,1937783.5,1039339.2
2026-09-06 18:00:00,0.7959,0.7993,0.7933,0.7945,1341647.6,768955.2
2026-09-06 19:00:00,0.7945,0.7973,0.7936,0.7958,927845.3,533660.8
2026-09-06 20:00:00,0.7959,0.816,0.7955,0.8152,4159969.2,2582006.8
2026-09-06 21:00:00,0.8151,0.8193,0.808,0.8143,3383224.5,1730590.5
2026-09-06 22:00:00,0.8142,0.8142,0.799,0.8054,3418482.6,1852660.9
2026-09-06 23:00:00,0.8054,0.8127,0.805,0.8118,2773311.6,1743224.9
2026-09-07 00:00:00,0.8119,0.8233,0.8093,0.815,6112940.8,3654379.3
2026-09-07 01:00:00,0.815,0.8156,0.795,0.7969,5067712.6,2445466.6
2026-09-07 02:00:00,0.7969,0.8165,0.792,0.8042,4379099.9,2419664.1
2026-09-07 03:00:00,0.8042,0.8072,0.7934,0.7945,2589088.3,1314514.7
2026-09-07 04:00:00,0.7945,0.7994,0.7942,0.7984,2797822.1,1325478.8
2026-09-07 05:00:00,0.7983,0.8125,0.7954,0.7954,4351716.2,2431262
2026-09-07 06:00:00,0.7954,0.8033,0.7954,0.7987,1781300.5,874686.9
2026-09-07 07:00:00,0.7988,0.8061,0.7863,0.7964,5469185.1,2605816
2026-09-07 08:00:00,0.7964,0.8166,0.7957,0.8125,5992231.5,3274835.8
2026-09-07 09:00:00,0.8125,0.8175,0.8039,0.8057,4059411.5,2043271.2
2026-09-07 10:00:00,0.8058,0.8168,0.8056,0.8102,3942073.6,2272943.9
2026-09-07 11:00:00,0.8102,0.8164,0.8067,0.81,3473016.1,1987877.7
2026-09-07 12:00:00,0.81,0.8447,0.8098,0.8397,9638703.7,5526602.2
2026-09-07 13:00:00,0.8397,0.844,0.8218,0.8321,7052097.9,3680099.9
2026-09-07 14:00:00,0.8321,0.8333,0.8174,0.8267,6769567.4,3548955.8
2026-09-07 15:00:00,0.8267,0.8271,0.8,0.804,6795705.8,2910411.9
2026-09-07 16:00:00,0.804,0.8163,0.8031,0.8155,3776817.1,1890697.1
2026-09-07 17:00:00,0.8154,0.8219,0.8144,0.8198,2562268.5,1426749.7
2026-09-07 18:00:00,0.8197,0.8273,0.8183,0.8259,2290952.3,1129080.6
2026-09-07 19:00:00,0.8258,0.8338,0.8226,0.8294,1864393.3,992880.3
2026-09-07 20:00:00,0.8294,0.8355,0.8218,0.8286,4716282.6,2393320.2
2026-09-07 21:00:00,0.8287,0.8338,0.8222,0.8223,2965089.2,1411711.4
2026-09-07 22:00:00,0.8224,0.8238,0.8054,0.8129,3863400.2,1783872.9
2026-09-07 23:00:00,0.8129,0.8212,0.8127,0.8185,2127439.2,1061668.7
2026-09-08 00:00:00,0.8186,0.8325,0.8164,0.8297,2587909.1,1363855.8
2026-09-08 01:00:00,0.8297,0.8362,0.8254,0.8294,2637563.1,1443715.9
2026-09-08 02:00:00,0.8295,0.8369,0.817,0.8173,2852846.6,1346742.7
2026-09-08 03:00:00,0.8172,0.8315,0.8171,0.8239,2792136.6,1420114.4
2026-09-08 04:00:00,0.8238,0.8238,0.8127,0.8134,2455462.8,1175985.2
2026-09-08 05:00:00,0.8134,0.8261,0.8123,0.8199,3404720.6,1675925.9
2026-09-08 06:00:00,0.8199,0.8208,0.8091,0.8131,4363221.4,1881196.5
2026-09-08 07:00:00,0.8132,0.8245,0.8109,0.8195,3647151.1,1814624.5
2026-09-08 08:00:00,0.8195,0.8219,0.8093,0.8181,3328879.3,1926390.5
2026-09-08 09:00:00,0.818,0.8311,0.8152,0.8282,4233699.5,2463575.2
2026-09-08 10:00:00,0.8283,0.8338,0.8213,0.8217,2946222.7,1645481.5
2026-09-08 11:00:00,0.8217,0.8225,0.8055,0.8104,4279687.2,2089547.8
2026-09-08 12:00:00,0.8103,0.8164,0.8051,0.8139,2944269.5,1404293.9
2026-09-08 13:00:00,0.814,0.8153,0.7955,0.8041,5404709.2,2456605.2
2026-09-08 14:00:00,0.804,0.818,0.8023,0.8175,3440356.6,1946405.5
2026-09-08 15:00:00,0.8174,0.83,0.8129,0.8272,5682737.2,2881029.9
2026-09-08 16:00:00,0.8272,0.8339,0.8184,0.8291,3411627.1,1739554.4
2026-09-08 17:00:00,0.8292,0.8314,0.8191,0.8194,2813834.6,1318346.1
2026-09-08 18:00:00,0.8193,0.8269,0.8074,0.8104,2934852.4,1441484.3
2026-09-08 19:00:00,0.8104,0.816,0.8091,0.8122,3313583.4,1686515.4
2026-09-08 20:00:00,0.8121,0.8224,0.8097,0.8105,2708588.1,1370175.1
2026-09-08 21:00:00,0.8104,0.8154,0.8071,0.8093,1838576.7,1012516.3
2026-09-08 22:00:00,0.8092,0.8155,0.8087,0.814,1646031.5,831356.8
2026-09-08 23:00:00,0.814,0.8165,0.8089,0.8113,1477266.6,692730.7
2026-09-09 00:00:00,0.8113,0.824,0.8112,0.8179,2744514.4,1459260.3
2026-09-09 01:00:00,0.8179,0.82,0.8104,0.8162,2756741.9,1452239
2026-09-09 02:00:00,0.8161,0.8211,0.8109,0.8112,3100611.9,1769566.8
2026-09-09 03:00:00,0.8112,0.8115,0.8052,0.8068,2461842.5,1324119.2
2026-09-09 04:00:00,0.8069,0.8236,0.8066,0.8219,3121199.9,1691848.4
2026-09-09 05:00:00,0.822,0.8235,0.8109,0.8124,4186993.9,1855810.6
2026-09-09 06:00:00,0.8125,0.8226,0.8103,0.8216,2292798.3,1213031.1
2026-09-09 07:00:00,0.8217,0.8294,0.8208,0.823,2707890,1519022.4
2026-09-09 08:00:00,0.8231,0.8287,0.8212,0.8268,2433531.9,1114130
2026-09-09 09:00:00,0.8267,0.8269,0.8067,0.8076,4411139.6,1804581.1
2026-09-09 10:00:00,0.8077,0.8127,0.807,0.8092,4480943.9,2611258.4
2026-09-09 11:00:00,0.8092,0.8138,0.8022,0.8128,3597988.2,1779802.7
2026-09-09 12:00:00,0.8129,0.8207,0.8105,0.8182,4033383.1,1991643.4
2026-09-09 13:00:00,0.8182,0.8183,0.8058,0.811,4016797.2,1851415.6
2026-09-09 14:00:00,0.811,0.8159,0.8061,0.8092,3054073.3,1542722.2
2026-09-09 15:00:00,0.8093,0.8157,0.7833,0.7945,9210186.1,4384778.5
2026-09-09 16:00:00,0.7945,0.8004,0.7876,0.7983,3418988.9,1700186.8
2026-09-09 17:00:00,0.7983,0.8029,0.7953,0.7994,2277445,1191933.2
2026-09-09 18:00:00,0.7995,0.804,0.7961,0.7972,1959530.6,1114678.1
2026-09-09 19:00:00,0.7973,0.8008,0.7812,0.7855,3320692.9,1439850.7
2026-09-09 20:00:00,0.7854,0.7888,0.7771,0.7858,3713278.8,1897016.1
2026-09-09 21:00:00,0.7858,0.786,0.7736,0.7776,2428416.2,1101776
2026-09-09 22:00:00,0.7777,0.7791,0.7614,0.7644,4605555.2,1788044.4
2026-09-09 23:00:00,0.7643,0.7733,0.7641,0.7722,1536126.2,732796.8
2026-09-10 00:00:00,0.7722,0.7725,0.7632,0.7646,2690689.7,1335479.6
2026-09-10 01:00:00,0.7645,0.7732,0.757,0.7614,4554177.1,1923422.1
2026-09-10 02:00:00,0.7615,0.7702,0.7605,0.7702,1403139.1,767916.4
2026-09-10 03:00:00,0.7701,0.7723,0.7675,0.7701,2576947.6,1231511.4
2026-09-10 04:00:00,0.77,0.772,0.7678,0.7695,1520597.6,758195.1
2026-09-10 05:00:00,0.7695,0.773,0.7656,0.7714,1432386.5,829906.8
2026-09-10 06:00:00,0.7713,0.7732,0.7641,0.7718,1110644.6,561364.5
2026-09-10 07:00:00,0.7718,0.7718,0.7609,0.7641,1799480.4,827013.4
2026-09-10 08:00:00,0.764,0.7662,0.7614,0.764,2447336,1260796.6
2026-09-10 09:00:00,0.764,0.7668,0.7587,0.7616,1761606.5,966778.2
2026-09-10 10:00:00,0.7617,0.7639,0.754,0.7591,2572214.5,1238857.9
2026-09-10 11:00:00,0.7591,0.7664,0.7567,0.7603,2379988.8,1123124.2
2026-09-10 12:00:00,0.7603,0.7663,0.7419,0.7506,5936087.1,2658793.5
2026-09-10 13:00:00,0.7505,0.7551,0.7462,0.7507,4054382.1,1996233.5
2026-09-10 14:00:00,0.7505,0.7543,0.7354,0.7475,5481105.4,2400786.2
2026-09-10 15:00:00,0.7475,0.7489,0.74,0.7449,3827776.4,1731607.3
2026-09-10 16:00:00,0.7448,0.7457,0.7325,0.741,2746746.7,1203997.4
2026-09-10 17:00:00,0.741,0.7479,0.7396,0.743,2243044.2,1178354.5
2026-09-10 18:00:00,0.743,0.7435,0.7358,0.7415,1259289.4,713809.4
2026-09-10 19:00:00,0.7415,0.7415,0.7357,0.7389,2301705.3,1173369.2
2026-09-10 20:00:00,0.7389,0.7432,0.7362,0.7408,2011965,1174061.9
2026-09-10 21:00:00,0.7408,0.7428,0.7374,0.7387,1666448.6,844546.1
2026-09-10 22:00:00,0.7388,0.7409,0.7308,0.7316,1652975,633228.6
2026-09-10 23:00:00,0.7316,0.7327,0.7237,0.7276,3060913.3,1331327.6
2026-09-11 00:00:00,0.7275,0.7343,0.7273,0.733,2702124.3,1602754.3
2026-09-11 01:00:00,0.733,0.7365,0.7283,0.7345,2034955.7,914493.3
2026-09-11 02:00:00,0.7345,0.7353,0.7315,0.7345,954774.6,494521.6
2026-09-11 03:00:00,0.7345,0.7388,0.7312,0.7365,3504043.6,1097343.9
2026-09-11 04:00:00,0.7366,0.7428,0.7361,0.7402,2048804.1,1265002.4
2026-09-11 05:00:00,0.7402,0.7412,0.738,0.7404,1783710.4,953688.4
2026-09-11 06:00:00,0.7404,0.741,0.7359,0.7374,1599245.2,788463.9
2026-09-11 07:00:00,0.7374,0.7429,0.7368,0.7373,2148548.3,1155858.7
2026-09-11 08:00:00,0.7373,0.741,0.7352,0.7366,2425734.3,819138.3
2026-09-11 09:00:00,0.7367,0.7369,0.7267,0.7309,2662827,1314664.9
2026-09-11 10:00:00,0.7308,0.7335,0.726,0.726,2282055.6,962173.9
2026-09-11 11:00:00,0.726,0.7264,0.7087,0.7188,7635459.1,2764307.3
2026-09-11 12:00:00,0.7188,0.7419,0.7072,0.7399,15160381.1,7879883
2026-09-11 13:00:00,0.74,0.7612,0.7261,0.7593,11184795.7,5087478.5
2026-09-11 14:00:00,0.7593,0.766,0.7435,0.7493,11542720.3,4942972.6
2026-09-11 15:00:00,0.7494,0.7575,0.7319,0.7373,5911258.5,2969153.1
2026-09-11 16:00:00,0.7373,0.7455,0.7343,0.7419,4771779.2,2625229
2026-09-11 17:00:00,0.7419,0.7444,0.7301,0.7325,3593051.3,2047503.5
2026-09-11 18:00:00,0.7325,0.7335,0.7207,0.7224,6347961.2,3112016.3
2026-09-11 19:00:00,0.7225,0.7284,0.7195,0.7269,3264909.8,1868187
2026-09-11 20:00:00,0.7269,0.7315,0.7238,0.728,2703765.3,1439331.9
2026-09-11 21:00:00,0.7281,0.7323,0.7208,0.7217,1033425.6,523740.2
2026-09-11 22:00:00,0.7218,0.7265,0.7175,0.7208,3884528,2093126.1
2026-09-11 23:00:00,0.7207,0.7261,0.7198,0.7257,1191233.8,651822.2
2026-09-12 00:00:00,0.7257,0.7283,0.7248,0.7271,990620,400529.2
2026-09-12 01:00:00,0.727,0.7309,0.7266,0.7288,1199351.8,586659.2
2026-09-12 02:00:00,0.7288,0.7297,0.7251,0.7263,2303439.5,1409868.2
2026-09-12 03:00:00,0.7263,0.729,0.724,0.7275,1587863.1,659915.3
2026-09-12 04:00:00,0.7275,0.7276,0.7217,0.7232,1869760.1,796279.9
2026-09-12 05:00:00,0.7231,0.7255,0.7204,0.7228,1703141,843964.1
2026-09-12 06:00:00,0.7228,0.7264,0.7218,0.7235,1367646.9,629312.1
2026-09-12 07:00:00,0.7236,0.7299,0.7234,0.7282,1159127.6,621854.8
2026-09-12 08:00:00,0.7283,0.73,0.726,0.7277,1805894.8,891026.7
2026-09-12 09:00:00,0.7276,0.7277,0.7245,0.7269,2359373.8,1216689.6
2026-09-12 10:00:00,0.7269,0.7281,0.725,0.7266,1493127.6,761285.5
2026-09-12 11:00:00,0.7267,0.7294,0.7252,0.729,1093525.7,569379.5
2026-09-12 12:00:00,0.729,0.73,0.7267,0.728,1484252.7,603501.5
2026-09-12 13:00:00,0.7281,0.7284,0.7244,0.7259,2062235.1,887644.9
2026-09-12 14:00:00,0.7258,0.7295,0.7252,0.7266,1346823.7,754346.6
2026-09-12 15:00:00,0.7267,0.73,0.7253,0.7284,2423443.2,1091287.9
2026-09-12 16:00:00,0.7284,0.7299,0.7269,0.7273,1546295.3,660938.4
2026-09-12 17:00:00,0.7273,0.7282,0.7247,0.7255,940775.3,355516.7
2026-09-12 18:00:00,0.7255,0.7255,0.7207,0.7219,1859787.5,857975.4
2026-09-12 19:00:00,0.7219,0.7228,0.7194,0.7213,1834180.1,795907.9
2026-09-12 20:00:00,0.7213,0.7247,0.7209,0.7224,1025217.2,438312.7
2026-09-12 21:00:00,0.7224,0.7258,0.7199,0.7217,1147347.4,556190.6
2026-09-12 22:00:00,0.7218,0.7263,0.7206,0.7223,2023471.1,756720.5
2026-09-12 23:00:00,0.7222,0.7254,0.7213,0.725,443642.4,208787.5
2026-09-13 00:00:00,0.725,0.7289,0.7245,0.7282,1415623.2,775246.3
2026-09-13 01:00:00,0.7282,0.7312,0.7264,0.7281,1818631.7,780308.8
2026-09-13 02:00:00,0.728,0.7293,0.7257,0.7263,1367990,606793.3
2026-09-13 03:00:00,0.7262,0.7281,0.721,0.7224,2540515.5,1214675.7
2026-09-13 04:00:00,0.7224,0.7245,0.7216,0.7228,1063646.2,494467.7
2026-09-13 05:00:00,0.7229,0.7262,0.7226,0.7256,1023009,569875.8
2026-09-13 06:00:00,0.7257,0.726,0.7169,0.7192,1574683.7,647309.2
2026-09-13 07:00:00,0.7192,0.7215,0.7144,0.7167,3053924.5,1459111.3
2026-09-13 08:00:00,0.7167,0.7182,0.7049,0.7089,9186684.2,4809049.3
2026-09-13 09:00:00,0.7089,0.7128,0.7063,0.7126,2130045.2,942589.5
2026-09-13 10:00:00,0.7125,0.7129,0.707,0.7085,1319008.5,556813.9
2026-09-13 11:00:00,0.7086,0.7117,0.7075,0.711,1208822.1,519996.4
2026-09-13 12:00:00,0.7111,0.7119,0.7082,0.7106,1067506.5,436700.6
2026-09-13 13:00:00,0.7106,0.7139,0.7046,0.7132,1729289.9,618009.6
2026-09-13 14:00:00,0.7132,0.718,0.7129,0.717,2059823,885962.1
2026-09-13 15:00:00,0.717,0.7173,0.7106,0.7111,1077450.7,401054.2
2026-09-13 16:00:00,0.7112,0.7165,0.7111,0.7165,1321091.1,637647.4
2026-09-13 17:00:00,0.7165,0.7209,0.7163,0.7201,1216440.4,498632.4
2026-09-13 18:00:00,0.7201,0.7255,0.7197,0.7233,1603558.6,1021980.4
2026-09-13 19:00:00,0.7232,0.7244,0.718,0.7186,786874.7,453303.5
2026-09-13 20:00:00,0.7186,0.7221,0.7184,0.7219,665319.7,345302.8
2026-09-13 21:00:00,0.722,0.7222,0.7183,0.7185,743348.2,300394.3
2026-09-13 22:00:00,0.7184,0.7184,0.6978,0.7002,8856583.3,3171509.9
2026-09-13 23:00:00,0.7002,0.7037,0.6977,0.7018,3231110.5,1674498.6
2026-09-14 00:00:00,0.7017,0.707,0.6926,0.7036,3596209.7,1681037.1
2026-09-14 01:00:00,0.7036,0.7092,0.699,0.7085,1975428.4,868276.3
2026-09-14 02:00:00,0.7085,0.7175,0.7065,0.7142,2627174.7,1489788.9
2026-09-14 03:00:00,0.7143,0.7189,0.7136,0.7168,2254494.3,1254838.6
2026-09-14 04:00:00,0.7167,0.7204,0.7155,0.7184,1331812.5,705395.3
2026-09-14 05:00:00,0.7183,0.7187,0.7151,0.7179,1208717.8,555199
2026-09-14 06:00:00,0.718,0.728,0.7178,0.7236,6575478.8,3010872.6
2026-09-14 07:00:00,0.7237,0.7257,0.721,0.7246,1521140.7,900613.4
2026-09-14 08:00:00,0.7246,0.729,0.7203,0.7245,3908990.7,2564803.1
2026-09-14 09:00:00,0.7245,0.73,0.7208,0.7266,4174477,2288089.7
2026-09-14 10:00:00,0.7266,0.7279,0.7229,0.7237,2895544.1,1488937.6
2026-09-14 11:00:00,0.7237,0.7277,0.7196,0.7245,3874907.4,1796961.3
2026-09-14 12:00:00,0.7245,0.7283,0.7201,0.7213,1928992.5,929938.8
2026-09-14 13:00:00,0.7213,0.7269,0.7153,0.722,3211209,1493751.7
2026-09-14 14:00:00,0.722,0.7275,0.7179,0.7203,3613155.5,1683431.8
2026-09-14 15:00:00,0.7202,0.7278,0.7171,0.7247,4159005.9,1984151.6
2026-09-14 16:00:00,0.7247,0.7356,0.7234,0.7316,4093293.7,2506458.2
2026-09-14 17:00:00,0.7317,0.7372,0.7295,0.7351,3936494.6,2144936
2026-09-14 18:00:00,0.7351,0.7451,0.7333,0.7429,5363536.2,2915831
2026-09-14 19:00:00,0.743,0.743,0.7343,0.7356,3028480.6,1488732.1
2026-09-14 20:00:00,0.7357,0.748,0.7354,0.7414,4998573.1,3182668.8
2026-09-14 21:00:00,0.7415,0.7417,0.7292,0.7307,4213035.6,1693838.9
2026-09-14 22:00:00,0.7308,0.7337,0.7242,0.7256,2368292.1,1346776
2026-09-14 23:00:00,0.7257,0.7266,0.7202,0.7209,1490129.5,762374.6
2026-09-15 00:00:00,0.7209,0.7224,0.7172,0.7192,1597435.9,828437.2
2026-09-15 01:00:00,0.7192,0.7216,0.7167,0.7191,1777178,1127472.8
2026-09-15 02:00:00,0.7191,0.723,0.7183,0.7213,1238979.3,651326.5
2026-09-15 03:00:00,0.7213,0.7213,0.7151,0.7163,1791226.2,957738.4
2026-09-15 04:00:00,0.7163,0.718,0.7111,0.7128,2106355.7,1047840.1
2026-09-15 05:00:00,0.7127,0.7132,0.7057,0.7118,2089670.5,1129047.1
2026-09-15 06:00:00,0.7118,0.7131,0.7061,0.7084,1357827.5,726372.8
2026-09-15 07:00:00,0.7085,0.7109,0.7044,0.7051,3408049,1525616.4
2026-09-15 08:00:00,0.7052,0.7094,0.7025,0.7092,2184832.3,1211442.6
2026-09-15 09:00:00,0.7091,0.7141,0.7082,0.7109,1609357.3,788910.1
2026-09-15 10:00:00,0.7108,0.713,0.709,0.7108,1136966.5,546848.3
2026-09-15 11:00:00,0.7109,0.7145,0.705,0.7075,2104919.1,1317427.6
2026-09-15 12:00:00,0.7075,0.7136,0.7074,0.7106,2168339.6,1110684.2
2026-09-15 13:00:00,0.7107,0.717,0.7033,0.7107,3388496.9,1596781.4
2026-09-15 14:00:00,0.7108,0.7121,0.6873,0.6967,9885172.5,3669480.9
2026-09-15 15:00:00,0.6967,0.7066,0.6953,0.702,4423543.3,2512401.9
2026-09-15 16:00:00,0.702,0.7045,0.6977,0.7016,2137797.5,863881.6
2026-09-15 17:00:00,0.7016,0.712,0.6988,0.7101,3755454.8,1341717.1
2026-09-15 18:00:00,0.7101,0.7112,0.673,0.6941,13379807.2,5993453.6
2026-09-15 19:00:00,0.6941,0.6971,0.6844,0.6912,4823428.4,2382861.5
2026-09-15 20:00:00,0.6912,0.6925,0.6812,0.6889,2968897.2,1391808
2026-09-15 21:00:00,0.6889,0.689,0.6767,0.6781,3048916.3,1316637
2026-09-15 22:00:00,0.6782,0.6869,0.6765,0.6855,2934282,1259422.1
2026-09-15 23:00:00,0.6855,0.6909,0.6852,0.6869,1764571.8,950409
2026-09-16 00:00:00,0.6869,0.6906,0.685,0.6864,2427782.3,1341762
2026-09-16 01:00:00,0.6863,0.6894,0.6811,0.6816,1599108.8,703979.2
2026-09-16 02:00:00,0.6817,0.6908,0.6808,0.689,2023522.5,1374403.3
2026-09-16 03:00:00,0.6891,0.6941,0.6877,0.69,1578290.9,751352.7
2026-09-16 04:00:00,0.69,0.6973,0.6899,0.692,1958963.4,1139064.9
2026-09-16 05:00:00,0.692,0.6927,0.6885,0.6917,1425661.5,643231.5
2026-09-16 06:00:00,0.6917,0.6932,0.6859,0.6926,1171832.4,504864.9
2026-09-16 07:00:00,0.6927,0.6958,0.6853,0.6858,2489635.7,1053274.2
2026-09-16 08:00:00,0.6857,0.6861,0.6814,0.6859,2010925.6,1000633.9
2026-09-16 09:00:00,0.6858,0.6905,0.6856,0.6897,1586669.3,717367
2026-09-16 10:00:00,0.6897,0.6908,0.6879,0.6902,1011452.6,600973.6
2026-09-16 11:00:00,0.6902,0.6941,0.6884,0.6919,1686632.1,670075.3
2026-09-16 12:00:00,0.6919,0.6937,0.6864,0.6899,1671303.8,669734.5
2026-09-16 13:00:00,0.6899,0.6937,0.683,0.6898,4118277.2,1639879.8
2026-09-16 14:00:00,0.6898,0.6901,0.6832,0.6854,3061361.5,1612110.8
2026-09-16 15:00:00,0.6855,0.6891,0.6821,0.6839,1664317,867525
2026-09-16 16:00:00,0.684,0.6888,0.6828,0.6872,2179837.3,907808.5
2026-09-16 17:00:00,0.6872,0.6892,0.678,0.6859,3355579.7,1509604.6
2026-09-16 18:00:00,0.6859,0.7042,0.681,0.6947,9260283.1,4631126
2026-09-16 19:00:00,0.6948,0.7082,0.6916,0.7079,4493641.4,2598437.4
2026-09-16 20:00:00,0.7079,0.7185,0.7063,0.7114,7160293,4275753.3
2026-09-16 21:00:00,0.7115,0.7115,0.701,0.7057,2532158.3,888616.2
2026-09-16 22:00:00,0.7057,0.7061,0.6987,0.7008,1754678.4,710029.4
2026-09-16 23:00:00,0.7008,0.716,0.6993,0.7135,3020094.8,1436716.8
2026-09-17 00:00:00,0.7136,0.7175,0.7106,0.7108,1828801.2,984209.3
2026-09-17 01:00:00,0.7107,0.7236,0.709,0.7187,3067228.7,1804555.2
2026-09-17 02:00:00,0.7188,0.7213,0.7139,0.7181,1689168.7,829085
2026-09-17 03:00:00,0.7181,0.7222,0.7177,0.7209,1165602.2,503968
2026-09-17 04:00:00,0.721,0.7233,0.7144,0.7227,1609795.5,791225.3
2026-09-17 05:00:00,0.7228,0.7266,0.7178,0.7196,2159088.1,1019626
2026-09-17 06:00:00,0.7195,0.7241,0.7189,0.723,1027597.4,428590.7
2026-09-17 07:00:00,0.7231,0.7263,0.7221,0.7226,3193417.4,1855797.4
2026-09-17 08:00:00,0.7226,0.7256,0.7206,0.7242,2175195.9,1194309.6
2026-09-17 09:00:00,0.7242,0.725,0.7203,0.7219,2537779.4,1162663.6
2026-09-17 10:00:00,0.7219,0.7224,0.7159,0.7191,4318399.8,2042950.8
2026-09-17 11:00:00,0.719,0.7225,0.7162,0.7218,1396555.7,737371.9
2026-09-17 12:00:00,0.7218,0.7312,0.7199,0.7243,3844815.7,2422957
2026-09-17 13:00:00,0.7244,0.7285,0.722,0.7281,2039305.2,1083207.2
2026-09-17 14:00:00,0.7282,0.7352,0.7255,0.7266,3534439.9,2031074.1
2026-09-17 15:00:00,0.7266,0.7349,0.7228,0.7336,2513054,1074479.2
2026-09-17 16:00:00,0.7337,0.7375,0.7296,0.7338,2988859.9,1612369
2026-09-17 17:00:00,0.7339,0.7388,0.7324,0.7333,2627949,1395242.1
2026-09-17 18:00:00,0.7333,0.7356,0.7291,0.7317,1471641.2,754679.6
2026-09-17 19:00:00,0.7316,0.7349,0.7297,0.7322,1074831.5,492177.1
2026-09-17 20:00:00,0.7322,0.737,0.7316,0.7368,984813.8,492652.9
2026-09-17 21:00:00,0.7368,0.7379,0.7314,0.7324,1638071.1,733567
2026-09-17 22:00:00,0.7324,0.7359,0.7293,0.7351,3776308.6,2006706.4
2026-09-17 23:00:00,0.7351,0.7428,0.7343,0.7413,2429543.9,1240511.9
2026-09-18 00:00:00,0.7413,0.7542,0.737,0.7506,2540545.4,1388186.7
2026-09-18 01:00:00,0.7506,0.7657,0.7483,0.762,4370878.6,2339083.6
2026-09-18 02:00:00,0.762,0.7714,0.7604,0.7666,4795916.6,2421567.2
2026-09-18 03:00:00,0.7666,0.7886,0.7659,0.7884,6530802.1,3200387.2
2026-09-18 04:00:00,0.7884,0.7895,0.7723,0.784,4839004.1,2219113.3
2026-09-18 05:00:00,0.7841,0.7844,0.7733,0.7743,4482131.2,2060241.5
2026-09-18 06:00:00,0.7743,0.7795,0.7739,0.7787,2666227.6,1405880.6
2026-09-18 07:00:00,0.7787,0.7838,0.7772,0.7827,3269839,1594536.2
2026-09-18 08:00:00,0.7826,0.7878,0.7758,0.7863,3925856.8,1778686.6
2026-09-18 09:00:00,0.7864,0.7981,0.7849,0.7977,5513357.1,2845501.3
2026-09-18 10:00:00,0.7976,0.802,0.792,0.7934,5357758.1,2839480.6
2026-09-18 11:00:00,0.7935,0.796,0.7812,0.792,6141820.3,2786673.3
2026-09-18 12:00:00,0.7921,0.8012,0.7893,0.8002,4079629.7,1889279.5
2026-09-18 13:00:00,0.8002,0.8155,0.7913,0.8057,10890322.7,4778375.4
2026-09-18 14:00:00,0.8058,0.81,0.7966,0.8054,16112999.3,9075136.7
2026-09-18 15:00:00,0.8054,0.8065,0.7958,0.8037,7218078.7,3010306.3
2026-09-18 16:00:00,0.8038,0.808,0.7975,0.8001,5959971.5,2575286.4
2026-09-18 17:00:00,0.8002,0.8048,0.7958,0.8048,4057679.8,1852823
2026-09-18 18:00:00,0.8048,0.8048,0.7989,0.801,2525602.9,1024325.8
2026-09-18 19:00:00,0.8011,0.8135,0.8007,0.8134,3839360.7,1808236.5
2026-09-18 20:00:00,0.8133,0.8163,0.8068,0.8133,3744805.9,1738376.7
2026-09-18 21:00:00,0.8132,0.8211,0.813,0.8198,3796406.2,1928133.9
2026-09-18 22:00:00,0.8199,0.8228,0.8116,0.817,3536055.5,1733758
2026-09-18 23:00:00,0.817,0.8179,0.8125,0.8144,2083252.6,807322.9
2026-09-19 00:00:00,0.8144,0.8329,0.8144,0.8221,5606773.7,2727975.7
2026-09-19 01:00:00,0.8221,0.8252,0.8083,0.8208,4235438,2033533.6
2026-09-19 02:00:00,0.8209,0.8334,0.8178,0.8283,3717924.6,1712659
2026-09-19 03:00:00,0.8284,0.83,0.8208,0.8296,2259288.7,1069611.7
2026-09-19 04:00:00,0.8295,0.834,0.8192,0.824,3936108,1456297.1
2026-09-19 05:00:00,0.824,0.8308,0.8162,0.8175,3081446.3,1384271
2026-09-19 06:00:00,0.8176,0.8207,0.8115,0.8163,2691535.6,1072575.5
2026-09-19 07:00:00,0.8163,0.8192,0.807,0.8087,2600193.8,859667.6
2026-09-19 08:00:00,0.8088,0.8266,0.8075,0.8245,3444920.6,1687924.7
2026-09-19 09:00:00,0.8245,0.8369,0.8245,0.8368,5895620.9,2839786.1
2026-09-19 10:00:00,0.8367,0.8574,0.8328,0.8538,12913345.8,6407234.1
2026-09-19 11:00:00,0.8539,0.8698,0.8537,0.8633,11995283.2,5536099.2
2026-09-19 12:00:00,0.8633,0.8656,0.848,0.8511,7719101.5,3282970.4
2026-09-19 13:00:00,0.8511,0.8535,0.845,0.8507,6834241.2,3071930.6
2026-09-19 14:00:00,0.8507,0.8548,0.8435,0.8454,5637033.2,2506685.4
2026-09-19 15:00:00,0.8453,0.8509,0.8379,0.8435,5915180.9,2738362.3
2026-09-19 16:00:00,0.8435,0.8581,0.8378,0.8572,4201040.6,2136936.9
2026-09-19 17:00:00,0.8571,0.8703,0.8544,0.8601,5880233.9,2638267.7
2026-09-19 18:00:00,0.8601,0.8673,0.8539,0.8623,4416800.1,1942662.1
2026-09-19 19:00:00,0.8623,0.8872,0.8603,0.8749,8682064.6,4662392
2026-09-19 20:00:00,0.875,0.8804,0.8665,0.8717,6731488,2736196.8
2026-09-19 21:00:00,0.8718,0.8754,0.8484,0.8553,6086618.3,2554170
2026-09-19 22:00:00,0.8552,0.8648,0.8461,0.8636,3930750.3,1899606.2
2026-09-19 23:00:00,0.8636,0.8703,0.8573,0.8575,4383607.9,1550592.1
2026-09-20 00:00:00,0.8574,0.8712,0.8539,0.8656,4452204.9,2054069.3
2026-09-20 01:00:00,0.8656,0.8679,0.8519,0.86,3544330.9,1537009.8
2026-09-20 02:00:00,0.8601,0.8685,0.8165,0.8198,11155694.2,4170965.5
2026-09-20 03:00:00,0.8198,0.8321,0.8127,0.8264,6644982.6,2805711.8
2026-09-20 04:00:00,0.8265,0.829,0.821,0.8252,2985785.1,1264312.1
2026-09-20 05:00:00,0.8254,0.826,0.8171,0.8241,2700294.9,1208979.3
2026-09-20 06:00:00,0.8241,0.827,0.8186,0.8218,2933887.5,1402658.7
2026-09-20 07:00:00,0.8219,0.824,0.8159,0.816,2398340.5,920625.9
2026-09-20 08:00:00,0.816,0.8232,0.8106,0.8138,3010769,1474067.2
2026-09-20 09:00:00,0.8137,0.8325,0.8136,0.8193,3204063.8,1627973.3
2026-09-20 10:00:00,0.8194,0.8211,0.8088,0.8133,3376331.9,1772567
2026-09-20 11:00:00,0.8133,0.8233,0.813,0.8227,2877066.8,1620480
2026-09-20 12:00:00,0.8227,0.8307,0.8161,0.8237,3859493.5,1962460.4
2026-09-20 13:00:00,0.8236,0.825,0.8145,0.8207,2131495.2,1067172
2026-09-20 14:00:00,0.8206,0.8294,0.8182,0.8215,3238286.3,1808043.4
2026-09-20 15:00:00,0.8215,0.8463,0.8215,0.8455,6932779.7,3574163.7
2026-09-20 16:00:00,0.8455,0.92,0.843,0.9128,24796590.7,13974530.8
2026-09-20 17:00:00,0.9127,0.9209,0.8859,0.8953,14314795.6,6811544.5
2026-09-20 18:00:00,0.8953,0.904,0.876,0.8791,7933556.6,3974560.6
2026-09-20 19:00:00,0.8791,0.8852,0.8724,0.8806,3933118.2,2117573.7
2026-09-20 20:00:00,0.8805,0.8948,0.8775,0.8904,5370103.6,2809938.5
2026-09-20 21:00:00,0.8903,0.8916,0.8711,0.8848,4990915,2358914.3
2026-09-20 22:00:00,0.8849,0.9048,0.8805,0.8957,4780748.5,2385662.7
2026-09-20 23:00:00,0.8957,0.9022,0.8876,0.8974,3184597.1,1744815.4
2026-09-21 00:00:00,0.8975,0.9495,0.8959,0.932,17693250.3,9448055.6
2026-09-21 01:00:00,0.9319,0.955,0.9182,0.9226,15304991.6,8456194
2026-09-21 02:00:00,0.9226,0.9418,0.9142,0.926,8247657.7,3818768.9
2026-09-21 03:00:00,0.9259,0.9518,0.9252,0.9499,6611941.4,3572816.6
2026-09-21 04:00:00,0.95,0.954,0.9328,0.9338,7257506.3,3588543
2026-09-21 05:00:00,0.9337,0.9509,0.9284,0.938,7511764.9,3918293.3
2026-09-21 06:00:00,0.938,0.9784,0.9364,0.9619,17622195.2,9159728.2
2026-09-21 07:00:00,0.9619,0.9693,0.9467,0.9667,10817337.4,5903075.2
2026-09-21 08:00:00,0.9666,1.0005,0.9587,0.9951,19454758.5,11553266.1
2026-09-21 09:00:00,0.995,1.0215,0.98,0.9839,18748681,10091648.1
2026-09-21 10:00:00,0.9839,1.0055,0.9769,1.0023,9095691.9,4595166.6
2026-09-21 11:00:00,1.0023,1.0345,0.9994,1.0155,11782468.1,6019133.7
2026-09-21 12:00:00,1.0156,1.0438,1.014,1.0374,8449353,4299961.1
2026-09-21 13:00:00,1.0372,1.0566,1.0288,1.0376,15172016,8111601.7
2026-09-21 14:00:00,1.0376,1.0566,1.018,1.0336,10329420.2,5346158
2026-09-21 15:00:00,1.0335,1.043,1.005,1.0183,10736984.6,4866117.1
2026-09-21 16:00:00,1.0183,1.0435,1.0143,1.0143,8245377.8,4150728.7
2026-09-21 17:00:00,1.0144,1.0238,0.9894,0.9952,9541896.6,4649433.1
2026-09-21 18:00:00,0.9952,1.0129,0.9946,1.0127,4580420.2,2408650.9
2026-09-21 19:00:00,1.0127,1.0375,1.007,1.0364,6413826.4,4037625.1
2026-09-21 20:00:00,1.0363,1.038,1.0162,1.0202,5788153,2550209.2
2026-09-21 21:00:00,1.0201,1.0206,1.012,1.0175,3048547.8,1367162.6
2026-09-21 22:00:00,1.0175,1.0318,1.0175,1.0273,3173163.9,1685699.6
2026-09-21 23:00:00,1.0273,1.0473,1.0264,1.0427,4055283.4,2137357.2
2026-09-22 00:00:00,1.0427,1.0815,1.0355,1.0508,13067857.8,6996802.3
2026-09-22 01:00:00,1.0509,1.0577,1.0262,1.0378,9011528.6,4623518.9
2026-09-22 02:00:00,1.0377,1.0664,1.0344,1.0443,8065822.8,4129026.9
2026-09-22 03:00:00,1.0443,1.0506,1.0319,1.0372,5634725.3,2943858.6
2026-09-22 04:00:00,1.037,1.0403,1.0143,1.0196,6408372.3,3277139.9
2026-09-22 05:00:00,1.0197,1.0249,0.9981,1.0201,8709532.4,4309145.1
2026-09-22 06:00:00,1.0202,1.0244,1.0088,1.0167,3033431.9,1664432.3
2026-09-22 07:00:00,1.017,1.0215,1.0077,1.0134,2789762.1,1410600
2026-09-22 08:00:00,1.0134,1.0295,1.0084,1.0247,3901893.4,2164799.8
2026-09-22 09:00:00,1.0247,1.0248,1.0099,1.022,3572386.4,1918688.6
2026-09-22 10:00:00,1.022,1.022,1.0025,1.0095,3161447.9,1611567
2026-09-22 11:00:00,1.0095,1.0212,1.0037,1.0144,2812653,1589669
2026-09-22 12:00:00,1.0145,1.028,1.0088,1.0259,4143194.8,2376643.3
2026-09-22 13:00:00,1.0259,1.0308,1.0086,1.0186,6669467.8,3182725.4
2026-09-22 14:00:00,1.0186,1.0186,0.9866,1.0012,8195407.7,3789106.2
2026-09-22 15:00:00,1.0012,1.0155,1.0008,1.0069,4573249.2,2441435.2
2026-09-22 16:00:00,1.0069,1.0082,0.9951,1.0017,4481587,2268183.1
2026-09-22 17:00:00,1.0017,1.01,1.001,1.0073,3910211.7,2173236.8
2026-09-22 18:00:00,1.0072,1.0114,1.003,1.007,3264065,1831873.8
2026-09-22 19:00:00,1.007,1.0155,1.0017,1.0049,3959095.9,1884715
2026-09-22 20:00:00,1.005,1.0121,1.0005,1.0083,2603034.3,1478932.2
2026-09-22 21:00:00,1.0084,1.0203,1.0034,1.01,4198101.4,2348123.1
2026-09-22 22:00:00,1.01,1.0274,1.0033,1.0203,5010968.6,2696210
2026-09-22 23:00:00,1.0203,1.0361,1.0191,1.0236,4669367.1,2685374.6
2026-09-23 00:00:00,1.0237,1.037,1.0192,1.0234,4304283.2,2256464.7
2026-09-23 01:00:00,1.0235,1.0342,1.0139,1.0197,3684184.7,2008086.3
2026-09-23 02:00:00,1.0196,1.0276,1.0122,1.0266,3403370.4,2019765.7
2026-09-23 03:00:00,1.0266,1.0357,1.0239,1.0246,3655879.9,1879153.6
2026-09-23 04:00:00,1.0247,1.032,1.0191,1.0302,3705556.6,2125967.8
2026-09-23 05:00:00,1.0302,1.033,1.0155,1.0198,3971343.7,1920829.4
2026-09-23 06:00:00,1.0198,1.0379,1.0183,1.0276,3668046.8,2015635
2026-09-23 07:00:00,1.0276,1.0324,1.0195,1.0255,4626560,2374913.5
2026-09-23 08:00:00,1.0256,1.0317,1.0057,1.0117,5279113.6,2545189.1
2026-09-23 09:00:00,1.0117,1.0258,1.0109,1.0146,3782484.5,1958075.1
2026-09-23 10:00:00,1.0145,1.0204,1.0073,1.0193,4193687.5,2209796.4
2026-09-23 11:00:00,1.0193,1.0206,1,1.0148,4156298.9,2003319.7
2026-09-23 12:00:00,1.0147,1.0185,1.0071,1.0116,4573963.7,2566657.1
2026-09-23 13:00:00,1.0115,1.0151,0.9969,1.007,6596905.2,3808639.1
2026-09-23 14:00:00,1.007,1.0132,0.9449,0.9807,23673549.2,11191777.8
2026-09-23 15:00:00,0.9808,0.9878,0.9534,0.9554,7259217,3006520.2
2026-09-23 16:00:00,0.9553,0.9656,0.9324,0.9623,7731483.6,3611972.1
2026-09-23 17:00:00,0.9623,0.9711,0.9498,0.969,3573519.1,1875849.5
2026-09-23 18:00:00,0.969,0.9745,0.9631,0.9675,4003841.1,2285101
2026-09-23 19:00:00,0.9675,0.9702,0.9599,0.9605,1988673.3,995539.8
2026-09-23 20:00:00,0.9606,0.9651,0.9544,0.9552,1949518.3,1065265.1
2026-09-23 21:00:00,0.9552,0.9691,0.9541,0.9631,2021471.5,1076330.2
2026-09-23 22:00:00,0.9631,0.9722,0.9575,0.9615,2140476.8,1117431.4
2026-09-23 23:00:00,0.9615,0.964,0.954,0.9601,942210.1,559868.6
2026-09-24 00:00:00,0.9601,0.9634,0.9515,0.9553,1474539.2,647108.7
2026-09-24 01:00:00,0.9554,0.9638,0.9527,0.9543,2372730.2,1206621.7
2026-09-24 02:00:00,0.9543,0.9728,0.9456,0.9677,2575254.3,1374350
2026-09-24 03:00:00,0.9678,0.9743,0.9582,0.9612,1916653.5,969669.6
2026-09-24 04:00:00,0.9613,0.966,0.9568,0.9654,1365404.7,692113.3
2026-09-24 05:00:00,0.9654,0.9786,0.9613,0.9618,1669236.1,999691.1
2026-09-24 06:00:00,0.9618,0.9662,0.959,0.9637,1466937,779049.5
2026-09-24 07:00:00,0.9637,0.9722,0.9579,0.9696,1842341.7,882784.1
2026-09-24 08:00:00,0.9696,0.9727,0.9488,0.9572,3296185.8,1543145.1
2026-09-24 09:00:00,0.9573,0.9595,0.9357,0.9414,4110124.5,1896294.8
2026-09-24 10:00:00,0.9414,0.9468,0.9375,0.9466,2384136,1173180.8
2026-09-24 11:00:00,0.9465,0.9535,0.9465,0.9524,1796747.2,953082.5
2026-09-24 12:00:00,0.9524,0.961,0.9486,0.9601,1809608,945926.8
2026-09-24 13:00:00,0.9601,0.9917,0.96,0.9888,6005675.3,3465265.6
2026-09-24 14:00:00,0.9888,1.0236,0.9797,0.9897,13041125.1,6836952
2026-09-24 15:00:00,0.9897,1.0125,0.9858,1.0025,7248922.3,4808395.5
2026-09-24 16:00:00,1.0026,1.0199,0.994,1.0161,4124950.5,2550553.9
2026-09-24 17:00:00,1.016,1.0215,1.0019,1.0052,2635461.8,1358207
2026-09-24 18:00:00,1.0052,1.0105,0.9965,1.0059,2652507,1588555.1
2026-09-24 19:00:00,1.006,1.0293,1.0002,1.029,3456522.2,2127605
2026-09-24 20:00:00,1.0289,1.0315,1.0168,1.0201,3836173.5,2078319.4
2026-09-24 21:00:00,1.0201,1.0287,1.0123,1.013,1761166.6,1020007.2
2026-09-24 22:00:00,1.013,1.013,1,1.0051,1479590.1,658552.7
2026-09-24 23:00:00,1.0051,1.0145,1.005,1.0141,1209799.3,675933.4
2026-09-25 00:00:00,1.014,1.0556,1.0132,1.0553,5025335,2852379
2026-09-25 01:00:00,1.0554,1.0598,1.0209,1.0274,5952722.5,2984329.9
2026-09-25 02:00:00,1.0275,1.0341,1.005,1.0075,5155416.7,2268562.1
2026-09-25 03:00:00,1.0074,1.0145,1.0053,1.0119,3382064.3,1984603.1
2026-09-25 04:00:00,1.0119,1.0203,1.0091,1.0131,2279286.7,1055788.6
2026-09-25 05:00:00,1.0131,1.0172,1.0074,1.0172,1655693.4,875404.2
2026-09-25 06:00:00,1.0171,1.0225,1.0087,1.0108,2253734.9,1219045.3
2026-09-25 07:00:00,1.0109,1.0184,1.0056,1.0137,3042483.9,2022865.1
2026-09-25 08:00:00,1.0136,1.0341,1.0133,1.0303,3515308.2,1897798.5
2026-09-25 09:00:00,1.0302,1.0452,1.0282,1.0436,5167413.2,2924775
2026-09-25 10:00:00,1.0436,1.0755,1.0352,1.0714,7845846.3,4999974.2
2026-09-25 11:00:00,1.0714,1.1517,1.0661,1.1395,23607937.8,13296694.3
2026-09-25 12:00:00,1.1395,1.1615,1.1095,1.1467,15503108.6,8342837
2026-09-25 13:00:00,1.1467,1.1468,1.1121,1.121,11550937.7,5622949.5
2026-09-25 14:00:00,1.121,1.1296,1.0936,1.1287,9960468.1,4811367.2
2026-09-25 15:00:00,1.1286,1.1356,1.0901,1.1019,8031898.7,4387385.8
2026-09-25 16:00:00,1.102,1.1212,1.101,1.1064,5420823.8,2915537.1
2026-09-25 17:00:00,1.1063,1.1291,1.106,1.1235,4212064.2,2232274.5
2026-09-25 18:00:00,1.1235,1.1404,1.1222,1.1371,5533569,3050089.7
2026-09-25 19:00:00,1.1371,1.1506,1.1292,1.1438,5312715.9,2905611.6
2026-09-25 20:00:00,1.1439,1.1871,1.1439,1.1679,9445374.8,5034311.6
2026-09-25 21:00:00,1.1679,1.174,1.1501,1.1584,4524736.2,2185309.4
2026-09-25 22:00:00,1.1583,1.1976,1.1542,1.1852,8176829.6,4749913.6
2026-09-25 23:00:00,1.1852,1.2179,1.1818,1.1949,8289134.1,4715797.1
2026-09-26 00:00:00,1.1949,1.2049,1.1754,1.1789,8608270.6,4393121.1
2026-09-26 01:00:00,1.1788,1.1897,1.1724,1.1806,3759702.5,1885572.2
2026-09-26 02:00:00,1.1806,1.1869,1.1688,1.1731,3297448.4,1598487.5
2026-09-26 03:00:00,1.1731,1.1745,1.1634,1.1692,2882218.1,1240309.9
2026-09-26 04:00:00,1.1691,1.1761,1.1633,1.1651,2909957.8,1608821.9
2026-09-26 05:00:00,1.1652,1.1652,1.1557,1.1565,2349576.8,1139887.8
2026-09-26 06:00:00,1.1565,1.1587,1.1508,1.1513,2432922.4,1050587.2
2026-09-26 07:00:00,1.1512,1.1675,1.1507,1.1628,2896930.6,1735412.4
2026-09-26 08:00:00,1.1627,1.1678,1.1535,1.1638,2844486.8,1573216.1
2026-09-26 09:00:00,1.1638,1.1671,1.1542,1.1638,3085922,1560215.5
2026-09-26 10:00:00,1.1637,1.1911,1.1636,1.1881,7400447.5,5039300.3
2026-09-26 11:00:00,1.1881,1.1925,1.178,1.1782,3669213,1427522.6
2026-09-26 12:00:00,1.1783,1.1842,1.1664,1.171,3565961.9,1395981.2
2026-09-26 13:00:00,1.171,1.1757,1.155,1.165,3028583.5,1197284.4
