t,o,h,l,c,v,taker_buy_v
2026-09-13 22:45:00,231.6,232.1,231.3,231.7,586.5558,185.4991
2026-09-13 23:00:00,231.8,232.9,231.7,232.2,387.3764,285.2566
2026-09-13 23:15:00,232.3,233.2,231.7,232.5,326.7579,237.9331
2026-09-13 23:30:00,232.4,233,231.6,232.1,727.2383,398.2949
2026-09-13 23:45:00,232,232.2,230.9,231.5,286.2007,69.9013
2026-09-14 00:00:00,231.6,233.6,231.3,232.6,890.3486,591.6593
2026-09-14 00:15:00,232.5,233,229.6,230.5,1678.0718,604.3354
2026-09-14 00:30:00,230.5,232.9,230.2,232.8,597.667,421.895
2026-09-14 00:45:00,232.8,233.4,232.6,232.7,648.8435,251.786
2026-09-14 01:00:00,232.6,233.2,231.6,232.4,538.2069,304.6806
2026-09-14 01:15:00,232.3,233.5,231.4,233.2,594.7591,281.0892
2026-09-14 01:30:00,233.1,233.9,231.7,233,297.2902,129.2779
2026-09-14 01:45:00,233,235.9,233,235.5,917.0879,485.1706
2026-09-14 02:00:00,235.5,236.8,235,236.6,690.3918,294.533
2026-09-14 02:15:00,236.7,237,236,236.5,892.4821,239.0386
2026-09-14 02:30:00,236.6,236.9,235.7,236.1,794.5062,315.4257
2026-09-14 02:45:00,236.2,236.8,235.8,236.5,2675.9387,1455.9488
2026-09-14 03:00:00,236.6,236.7,235.8,236.3,2069.8444,1318.1458
2026-09-14 03:15:00,236.4,236.5,234.9,235.8,2807.7796,1872.9639
2026-09-14 03:30:00,235.8,235.9,235,235.2,570.3361,217.9422
2026-09-14 03:45:00,235.2,236,235,235.8,208.668,103.1142
2026-09-14 04:00:00,235.9,236.4,235.3,236.3,343.295,174.3918
2026-09-14 04:15:00,236.2,236.7,235.7,235.8,581.5429,244.733
2026-09-14 04:30:00,235.9,235.9,235.2,235.6,490.407,346.7628
2026-09-14 04:45:00,235.6,235.9,234.5,234.6,431.8879,113.7525
2026-09-14 05:00:00,234.7,234.9,234.2,234.7,123.6331,77.6515
2026-09-14 05:15:00,234.7,234.9,234.3,234.3,174.3808,70.9872
2026-09-14 05:30:00,234.4,234.9,234.1,234.3,307.2407,238.5426
2026-09-14 05:45:00,234.4,234.4,233.9,234.2,255.1171,57.2411
2026-09-14 06:00:00,234.2,235.6,234,235,1006.4115,583.1125
2026-09-14 06:15:00,235.1,235.1,234.3,234.3,1149.2519,183.0633
2026-09-14 06:30:00,234.3,234.9,232.8,234.8,569.1079,258.6101
2026-09-14 06:45:00,234.8,235.1,234.2,234.3,815.8014,286.8904
2026-09-14 07:00:00,234.3,234.8,233.9,234.3,245.7687,107.9189
2026-09-14 07:15:00,234.4,234.8,234.2,234.4,420.3966,242.9923
2026-09-14 07:30:00,234.4,235.5,234.3,235.4,977.4644,617.9617
2026-09-14 07:45:00,235.3,235.3,234.8,235,518.0439,199.2569
2026-09-14 08:00:00,235,235.5,234.4,235,762.1294,346.8854
2026-09-14 08:15:00,234.9,236.9,234.4,235.6,3593.2448,1412.0563
2026-09-14 08:30:00,235.5,236.1,235.2,235.8,256.8259,182.8486
2026-09-14 08:45:00,235.8,235.9,235,235.4,244.8476,52.9451
2026-09-14 09:00:00,235.4,235.8,233.9,234.3,2603.9052,1282.3121
2026-09-14 09:15:00,234.2,234.5,233.3,234.4,685.5309,292.937
2026-09-14 09:30:00,234.4,235.5,234.4,235.3,654.1041,395.6862
2026-09-14 09:45:00,235.3,237.8,235.3,236.7,1726.5521,850.3086
2026-09-14 10:00:00,236.6,237.1,236.1,236.2,719.2364,282.6374
2026-09-14 10:15:00,236.3,236.5,235.6,236.1,331.1448,112.4114
2026-09-14 10:30:00,236,236.8,236,236.4,297.5099,190.8304
2026-09-14 10:45:00,236.5,236.8,235.9,236,568.3338,185.9928
2026-09-14 11:00:00,236,236.2,234.5,235.4,979.0602,547.2782
2026-09-14 11:15:00,235.5,236.8,235.4,236.6,583.2036,429.2305
2026-09-14 11:30:00,236.5,236.7,235.2,235.3,575.5253,128.5274
2026-09-14 11:45:00,235.5,235.5,234.5,234.8,695.8568,249.7195
2026-09-14 12:00:00,234.8,235,234.1,234.6,291.3317,168.2723
2026-09-14 12:15:00,234.7,235.5,234.6,235.1,560.0868,309.6406
2026-09-14 12:30:00,235,235.4,233.6,234.7,1904.8062,530.3459
2026-09-14 12:45:00,234.6,234.6,232.9,233.2,1200.8433,338.2052
2026-09-14 13:00:00,233.1,233.1,230.5,231.5,2037.2592,900.4008
2026-09-14 13:15:00,231.5,233.2,231.5,232.2,760.8215,469.8162
2026-09-14 13:30:00,232.3,234.4,232,233.7,1204.9044,758.3285
2026-09-14 13:45:00,233.7,234.9,232.6,232.8,797.5649,298.0467
2026-09-14 14:00:00,232.7,235,232.7,234.7,1315.5707,943.9629
2026-09-14 14:15:00,234.7,234.8,231.4,232.8,2347.7667,1032.1961
2026-09-14 14:30:00,232.8,234,231.8,232.4,777.7339,208.6261
2026-09-14 14:45:00,232.5,233.3,231.9,232.4,942.8281,511.5497
2026-09-14 15:00:00,232.3,232.8,231.5,232.2,985.9219,456.0753
2026-09-14 15:15:00,232.1,232.9,231.9,232.8,321.2194,197.4557
2026-09-14 15:30:00,232.7,234.5,232.4,234,733.6641,423.6237
2026-09-14 15:45:00,234,234.1,233.1,233.7,473.2499,228.1186
2026-09-14 16:00:00,233.7,234,233.3,233.5,279.3665,95.1039
2026-09-14 16:15:00,233.5,236.4,233.5,235.4,1712.2437,829.8236
2026-09-14 16:30:00,235.3,235.7,234.7,234.8,1832.3224,1126.9561
2026-09-14 16:45:00,234.7,236.3,234.7,235,1574.5208,688.2006
2026-09-14 17:00:00,234.9,235.7,234.6,235.6,445.6772,237.2611
2026-09-14 17:15:00,235.5,236.1,235.4,235.9,553.089,222.2002
2026-09-14 17:30:00,236,236,234.8,235.4,693.1008,294.3826
2026-09-14 17:45:00,235.4,236.8,235.4,236.5,797.3461,429.3882
2026-09-14 18:00:00,236.5,237,236.2,236.5,739.6052,469.5108
2026-09-14 18:15:00,236.5,237.7,236.5,237.6,947.0886,625.3304
2026-09-14 18:30:00,237.6,238.3,237.3,238.1,769.7864,438.6943
2026-09-14 18:45:00,238.2,239.1,238.2,239,1256.5291,837.8902
2026-09-14 19:00:00,238.9,238.9,236.9,237.2,948.6531,476.9392
2026-09-14 19:15:00,237.2,238.5,237.2,237.9,582.0561,363.3852
2026-09-14 19:30:00,237.8,238.1,237,238,2313.6046,1082.9285
2026-09-14 19:45:00,238,238.1,236.8,237,591.3416,289.4485
2026-09-14 20:00:00,237.1,240.4,237.1,239.8,3422.7995,3063.6007
2026-09-14 20:15:00,239.8,242.1,239.8,241.1,928.2394,622.7936
2026-09-14 20:30:00,241.1,241.5,239.6,239.6,991.9366,493.4295
2026-09-14 20:45:00,239.7,240.1,237.8,237.9,1353.1101,454.4406
2026-09-14 21:00:00,238,238.1,234.9,235.4,2759.4001,1078.4459
2026-09-14 21:15:00,235.5,236.2,235.2,235.4,1317.8125,638.4777
2026-09-14 21:30:00,235.4,236,234.3,235.1,525.2668,230.3009
2026-09-14 21:45:00,235.1,235.2,234.3,234.6,183.4047,98.2031
2026-09-14 22:00:00,234.7,235.5,234.3,235.3,320.023,200.0977
2026-09-14 22:15:00,235.4,235.4,233.6,233.8,469.7971,228.0482
2026-09-14 22:30:00,233.8,233.8,232.9,233.5,459.8457,206.8064
2026-09-14 22:45:00,233.5,233.6,233,233.5,202.7289,96.1672
2026-09-14 23:00:00,233.4,233.6,232.4,232.4,667.986,343.9106
2026-09-14 23:15:00,232.4,233.6,232.4,233.1,772.7261,426.747
2026-09-14 23:30:00,233,233.3,232.6,232.9,253.8276,124.9544
2026-09-14 23:45:00,232.9,233,232.2,232.4,317.3208,154.5241
2026-09-15 00:00:00,232.4,232.7,232,232.1,381.5119,106.5765
2026-09-15 00:15:00,232.1,232.3,230.8,231.4,1806.1263,440.7092
2026-09-15 00:30:00,231.4,232.9,231.4,232.4,554.0794,274.3457
2026-09-15 00:45:00,232.4,232.6,232,232.2,424.7857,147.5263
2026-09-15 01:00:00,232.1,232.4,231.4,231.7,412.7563,267.9042
2026-09-15 01:15:00,231.6,233,231.4,232.1,1346.2319,765.902
2026-09-15 01:30:00,232.2,232.8,232,232.7,949.1305,530.9381
2026-09-15 01:45:00,232.7,233.2,232.3,232.6,361.8599,200.7351
2026-09-15 02:00:00,232.6,233.3,232.4,233.1,247.5793,127.6845
2026-09-15 02:15:00,233.1,233.5,233,233.2,163.9507,89.2274
2026-09-15 02:30:00,233.1,233.2,232.5,233,355.3894,158.7425
2026-09-15 02:45:00,233,233.2,232.6,232.8,455.1256,230.8951
2026-09-15 03:00:00,232.8,232.8,231.1,231.3,1155.873,420.0918
2026-09-15 03:15:00,231.4,231.5,230.8,231.5,566.7254,267.4066
2026-09-15 03:30:00,231.5,232.3,231.4,232.1,574.1052,453.3531
2026-09-15 03:45:00,232.1,232.1,230.7,231.2,590.1441,253.7763
2026-09-15 04:00:00,231.1,231.9,231,231.3,339.612,87.635
2026-09-15 04:15:00,231.3,231.7,231.1,231.5,462.8406,236.1215
2026-09-15 04:30:00,231.5,232.2,230.9,232.2,581.1161,316.4897
2026-09-15 04:45:00,232.1,232.8,232,232.7,725.1903,480.0561
2026-09-15 05:00:00,232.7,233.4,231.2,231.8,795.4818,336.0938
2026-09-15 05:15:00,231.8,232.7,231.6,232.5,944.6699,565.9818
2026-09-15 05:30:00,232.4,232.5,231.6,232.3,389.46,208.5614
2026-09-15 05:45:00,232.4,233.5,232.4,233,379.4796,213.8015
2026-09-15 06:00:00,233,233.1,232.2,232.4,497.0804,259.7576
2026-09-15 06:15:00,232.3,232.4,231.3,231.4,649.9082,413.1905
2026-09-15 06:30:00,231.5,231.8,231.3,231.5,696.0679,380.6593
2026-09-15 06:45:00,231.5,231.6,230,230.5,1726.3126,366.389
2026-09-15 07:00:00,230.6,230.8,229.9,230,747.3644,352.0238
2026-09-15 07:15:00,230,231,230,230.4,791.5446,428.8096
2026-09-15 07:30:00,230.4,230.4,228.6,228.7,1609.8548,524.0729
2026-09-15 07:45:00,228.7,229,225.4,226.9,3465.0844,1604.8235
2026-09-15 08:00:00,226.9,227,224.7,226.5,1882.6634,938.3785
2026-09-15 08:15:00,226.5,226.9,226.2,226.5,470.7723,165.4328
2026-09-15 08:30:00,226.4,227.1,226.2,226.8,807.3296,468.7018
2026-09-15 08:45:00,226.8,227.3,226.5,227.2,367.3146,201.7818
2026-09-15 09:00:00,227.2,227.2,226.4,227,389.5137,154.5357
2026-09-15 09:15:00,227,227.1,226.6,226.7,1149.6562,962.82
2026-09-15 09:30:00,226.6,227,226.5,226.9,837.4186,679.7203
2026-09-15 09:45:00,226.8,227.6,226.8,227.1,761.5522,391.4811
2026-09-15 10:00:00,227.1,227.4,226.5,226.7,973.2102,681.7753
2026-09-15 10:15:00,226.7,227,226.3,226.3,1127.39,134.3796
2026-09-15 10:30:00,226.3,226.5,225.9,226.3,1160.7491,417.742
2026-09-15 10:45:00,226.3,226.7,226.3,226.4,233.7997,137.8739
2026-09-15 11:00:00,226.4,227.2,226.2,226.2,869.9744,555.1553
2026-09-15 11:15:00,226.3,226.4,225,225.2,542.3319,147.738
2026-09-15 11:30:00,225.2,225.2,223.8,224.1,1417.4551,741.7929
2026-09-15 11:45:00,224.2,225,223.6,224.9,551.7388,241.8353
2026-09-15 12:00:00,224.8,225.1,224.3,225.1,335.0457,217.3338
2026-09-15 12:15:00,225.1,225.2,224.5,224.9,775.5615,218.8207
2026-09-15 12:30:00,224.8,225,224.1,224.3,936.5332,498.7575
2026-09-15 12:45:00,224.2,225.5,224,224.5,645.8666,349.2428
2026-09-15 13:00:00,224.5,226.2,224.5,226,876.3054,604.3963
2026-09-15 13:15:00,226.1,226.3,225.8,226.2,300.4933,192.1572
2026-09-15 13:30:00,226.1,226.2,222.6,224.4,1757.6393,680.5906
2026-09-15 13:45:00,224.4,225.5,223.6,225.5,711.9007,486.8347
2026-09-15 14:00:00,225.5,226.2,224.9,225.2,899.6763,572.9745
2026-09-15 14:15:00,225.2,225.8,224.6,224.7,989.9225,671.4091
2026-09-15 14:30:00,224.7,224.9,222,223,2091.2948,768.3006
2026-09-15 14:45:00,223.2,223.4,220.7,223.2,2282.5777,980.7054
2026-09-15 15:00:00,223.2,224.4,222.9,224.3,1431.8003,816.6318
2026-09-15 15:15:00,224.4,227,224.3,226.6,1129.7499,711.9729
2026-09-15 15:30:00,226.5,226.7,225.6,226,857.5475,399.4152
2026-09-15 15:45:00,226,226.1,225,225.5,649.5579,309.9433
2026-09-15 16:00:00,225.5,225.9,224.2,224.2,693.6085,213.3807
2026-09-15 16:15:00,224.2,225.9,224.2,225.3,1166.7268,396.2342
2026-09-15 16:30:00,225.2,225.4,224.7,224.9,584.3709,379.7637
2026-09-15 16:45:00,224.9,226.3,224.8,224.9,721.0432,387.2496
2026-09-15 17:00:00,225,225,223.5,224,667.9401,287.0367
2026-09-15 17:15:00,224,224.8,223.8,224.8,531.1291,331.7942
2026-09-15 17:30:00,224.7,227.2,224.6,225.6,980.1875,661.2447
2026-09-15 17:45:00,225.6,226.7,225.3,225.3,793.2504,509.3507
2026-09-15 18:00:00,225.3,225.4,224.6,225.1,650.1581,334.0794
2026-09-15 18:15:00,225.1,226.2,223.6,225,1870.585,1139.7036
2026-09-15 18:30:00,225,225,219.1,220.3,6556.29,2629.498
2026-09-15 18:45:00,220.3,222.9,215.6,222.8,13920.4121,6175.0728
2026-09-15 19:00:00,222.8,224,221.4,221.7,2832.9545,1550.9121
2026-09-15 19:15:00,221.6,222.9,220.5,220.6,1819.8515,804.6756
2026-09-15 19:30:00,220.6,221.6,220.1,220.3,1274.2801,610.3851
2026-09-15 19:45:00,220.3,222.4,220.2,222.2,612.4507,370.7687
2026-09-15 20:00:00,222.2,222.7,220.1,220.9,678.5068,251.9367
2026-09-15 20:15:00,220.8,220.9,218.8,218.8,1184.1045,394.9258
2026-09-15 20:30:00,218.8,219.4,218.3,219.1,1266.6719,549.6419
2026-09-15 20:45:00,219.2,220.4,219.2,219.8,643.2638,382.986
2026-09-15 21:00:00,219.8,219.9,218.2,219,1052.4666,616.1969
2026-09-15 21:15:00,219,219.3,217.7,217.8,577.0872,331.0072
2026-09-15 21:30:00,217.8,218.9,217.5,218.8,562.4025,319.5846
2026-09-15 21:45:00,218.8,218.9,216.8,217.2,682.6751,315.5072
2026-09-15 22:00:00,217.2,218.1,216.8,216.9,721.6934,379.0061
2026-09-15 22:15:00,216.9,217.7,216.1,217.2,1028.0007,483.5928
2026-09-15 22:30:00,217.2,218,216.9,217.6,472.9756,227.3797
2026-09-15 22:45:00,217.6,218.7,217.6,218.4,483.1766,265.4336
2026-09-15 23:00:00,218.5,220,218.4,220,483.0223,297.1437
2026-09-15 23:15:00,220.1,220.2,219.1,219.1,516.0717,350.1011
2026-09-15 23:30:00,219.1,219.4,217.8,219.1,547.0811,250.6699
2026-09-15 23:45:00,219.1,219.1,217.9,217.9,566.9547,227.1054
2026-09-16 00:00:00,217.9,218.6,217.5,217.9,571.576,297.4696
2026-09-16 00:15:00,217.8,218.4,217.8,218.3,450.321,237.292
2026-09-16 00:30:00,218.4,218.4,217.2,217.3,437.9484,215.4168
2026-09-16 00:45:00,217.3,218.1,217.1,217.4,655.5435,445.058
2026-09-16 01:00:00,217.4,217.8,216.5,217.1,519.3753,293.6896
2026-09-16 01:15:00,217,218.1,216.9,217.5,527.9385,260.9369
2026-09-16 01:30:00,217.5,217.7,216.3,216.5,567.9082,262.8925
2026-09-16 01:45:00,216.3,216.6,215.9,215.9,630.6873,153.5153
2026-09-16 02:00:00,215.8,216.7,215.7,216.4,746.2006,331.3263
2026-09-16 02:15:00,216.4,217.7,216.4,217.6,428.6699,315.9859
2026-09-16 02:30:00,217.7,218.9,217.7,218.4,581.0495,371.8382
2026-09-16 02:45:00,218.4,218.5,217.7,218.1,359.0967,252.4899
2026-09-16 03:00:00,218.1,218.6,217.6,218.5,400.4113,205.6437
2026-09-16 03:15:00,218.4,219,218.2,218.3,803.842,397.3778
2026-09-16 03:30:00,218.2,218.7,218.1,218.4,478.1046,245.1309
2026-09-16 03:45:00,218.4,219,218.2,218.7,362.6814,298.3693
2026-09-16 04:00:00,218.8,219.4,218.7,219.2,343.3846,196.24
2026-09-16 04:15:00,219.1,219.7,218.9,219.2,670.6697,267.3251
2026-09-16 04:30:00,219.1,219.4,218.5,218.8,672.6306,264.2191
2026-09-16 04:45:00,218.7,218.8,217.8,218.2,675.2305,382.1908
2026-09-16 05:00:00,218.1,218.4,216.9,217.7,1473.0613,467.3599
2026-09-16 05:15:00,217.7,218.1,217.3,217.7,400.5196,265.1708
2026-09-16 05:30:00,217.7,218,217.3,218,519.5557,332.4045
2026-09-16 05:45:00,218,218.1,217.2,217.7,594.5781,376.5026
2026-09-16 06:00:00,217.7,217.9,217,217.3,431.4928,185.257
2026-09-16 06:15:00,217.2,217.4,216.7,216.8,279.5417,125.745
2026-09-16 06:30:00,216.8,217.3,216.3,217.2,552.4053,280.117
2026-09-16 06:45:00,217.2,217.6,216.8,217.3,381.0085,250.8909
2026-09-16 07:00:00,217.2,217.9,216.4,216.7,2126.5383,631.8878
2026-09-16 07:15:00,216.7,217,215.6,216,1972.545,681.7393
2026-09-16 07:30:00,216,216.6,215.9,216.1,550.3784,286.1078
2026-09-16 07:45:00,216,216.4,215.5,216,1169.7475,325.0294
2026-09-16 08:00:00,215.9,216,213.7,214.3,3357.945,908.9396
2026-09-16 08:15:00,214.3,214.7,213.7,213.9,1500.1737,665.9692
2026-09-16 08:30:00,213.8,214.3,213.4,213.9,1023.419,479.4913
2026-09-16 08:45:00,213.9,214.7,213.8,214.6,574.4609,311.5825
2026-09-16 09:00:00,214.6,215.5,214.4,214.9,869.0555,550.0104
2026-09-16 09:15:00,214.8,215.5,214.7,215,634.3318,257.3947
2026-09-16 09:30:00,215.1,215.9,214.8,215.6,583.3718,323.7356
2026-09-16 09:45:00,215.5,216.5,215.5,216.3,549.2263,425.818
2026-09-16 10:00:00,216.4,216.6,215.9,216.1,693.1862,373.8984
2026-09-16 10:15:00,216.1,217,216.1,216.8,578.7398,369.4126
2026-09-16 10:30:00,216.8,217.1,216.6,216.8,424.4847,267.1831
2026-09-16 10:45:00,216.7,217,216.4,216.7,669.8276,440.5429
2026-09-16 11:00:00,216.8,217.2,216.4,216.4,952.8164,760.7163
2026-09-16 11:15:00,216.3,217.1,216.1,216.9,618.4798,313.4807
2026-09-16 11:30:00,217,218.8,216.7,218.7,1645.1678,948.0613
2026-09-16 11:45:00,218.8,219.3,218.4,219.1,920.9871,619.0608
2026-09-16 12:00:00,219,219.4,217.9,218,978.072,501.1652
2026-09-16 12:15:00,218,218.6,217.4,217.7,952.8354,534.3707
2026-09-16 12:30:00,217.7,218.2,217,217.8,806.1512,462.9583
2026-09-16 12:45:00,217.8,218.3,217.3,217.6,515.8799,313.3947
2026-09-16 13:00:00,217.7,217.7,216,217.1,799.8318,491.6284
2026-09-16 13:15:00,217.2,217.8,216.8,216.8,619.804,374.4684
2026-09-16 13:30:00,216.7,217.2,216.1,217.1,638.294,274.6293
2026-09-16 13:45:00,217,218.1,216.3,216.4,586.9677,368.1358
2026-09-16 14:00:00,216.4,216.6,214.7,215.2,2430.6829,557.1388
2026-09-16 14:15:00,215.3,215.9,215,215.9,1088.2855,500.7217
2026-09-16 14:30:00,215.9,215.9,215.1,215.7,799.6402,389.8409
2026-09-16 14:45:00,215.7,215.7,214.5,215.1,1379.0956,646.5875
2026-09-16 15:00:00,215.1,215.8,214.6,215.7,620.92,312.0252
2026-09-16 15:15:00,215.6,215.9,214.3,214.4,413.6193,136.0244
2026-09-16 15:30:00,214.5,215.4,214.2,215,293.4234,177.2892
2026-09-16 15:45:00,214.9,215.9,214.2,214.4,1060.8892,582.7163
2026-09-16 16:00:00,214.3,215.1,214.1,215,688.7379,269.802
2026-09-16 16:15:00,215.1,215.4,214.7,215.3,536.4864,312.5272
2026-09-16 16:30:00,215.3,215.6,214.5,214.6,400.8342,145.96
2026-09-16 16:45:00,214.6,216.3,214.6,215.8,315.7608,143.4851
2026-09-16 17:00:00,215.8,215.9,215.1,215.8,453.6614,273.804
2026-09-16 17:15:00,215.8,216.3,215.3,216.1,756.8208,435.0539
2026-09-16 17:30:00,216.1,216.2,214.7,215.1,799.0478,553.7632
2026-09-16 17:45:00,215.2,217.4,214.3,216.8,1685.4198,883.3584
2026-09-16 18:00:00,216.8,220.4,214.9,217.4,7623.4627,3761.9904
2026-09-16 18:15:00,217.4,218.9,216.9,218.9,2193.3212,1153.104
2026-09-16 18:30:00,218.8,219.7,214.4,219,3215.1247,1619.1942
2026-09-16 18:45:00,218.9,219.4,217,217.8,1700.9217,792.4204
2026-09-16 19:00:00,217.8,221.1,217.8,218.9,2508.3225,1340.951
2026-09-16 19:15:00,219,219.2,215.4,216.8,2338.9548,809.8427
2026-09-16 19:30:00,216.7,218.1,216.3,218,1332.514,682.6242
2026-09-16 19:45:00,218,219.3,218,218.5,1074.8401,597.0906
2026-09-16 20:00:00,218.5,220.8,218.2,219.3,1776.9277,1138.0845
2026-09-16 20:15:00,219.2,221.5,219.1,221.1,2657.4574,1527.5786
2026-09-16 20:30:00,221,221.7,220.2,220.8,1016.6337,407.6925
2026-09-16 20:45:00,220.7,221.8,220.7,221.4,1719.384,807.6094
2026-09-16 21:00:00,221.5,221.6,219.4,219.5,1978.6218,769.2877
2026-09-16 21:15:00,219.6,220.4,219.6,219.9,533.4402,357.6782
2026-09-16 21:30:00,220,220.1,219,219,445.372,134.0314
2026-09-16 21:45:00,219,220,218.8,219.8,201.1349,139.695
2026-09-16 22:00:00,219.9,219.9,218.2,219.8,853.4748,409.4649
2026-09-16 22:15:00,219.7,220.1,219.1,219.5,351.4958,122.0135
2026-09-16 22:30:00,219.4,219.4,218.8,219.4,269.9246,182.9075
2026-09-16 22:45:00,219.4,219.4,218.1,218.2,346.4525,171.0352
2026-09-16 23:00:00,218.2,219,217.9,218.9,509.2735,292.8236
2026-09-16 23:15:00,219,221.8,219,221.7,685.9784,497.4517
2026-09-16 23:30:00,221.8,222.4,221.1,222.1,1697.2148,930.3942
2026-09-16 23:45:00,222.1,222.5,221.8,222,908.2598,420.4674
2026-09-17 00:00:00,222.1,225.7,221.9,224,2653.487,1384.9494
2026-09-17 00:15:00,224,225.2,223.3,224.5,979.9951,526.1178
2026-09-17 00:30:00,224.6,225.8,224.3,225.7,1814.3054,1124.9367
2026-09-17 00:45:00,225.7,226,224.6,224.9,1366.8253,843.6253
2026-09-17 01:00:00,225,225.8,224.3,225.5,741.5468,509.6965
2026-09-17 01:15:00,225.6,226.5,224.9,226.4,1110.0336,646.1004
2026-09-17 01:30:00,226.4,226.6,224.5,224.9,2075.5468,782.646
2026-09-17 01:45:00,224.9,225,223.7,224.3,1290.1418,591.5642
2026-09-17 02:00:00,224.3,224.3,222.5,223.1,993.9552,478.8312
2026-09-17 02:15:00,223,223,221.9,222.7,701.0256,351.8768
2026-09-17 02:30:00,222.7,224.5,222.5,224.2,785.4138,311.078
2026-09-17 02:45:00,224.1,224.1,223.4,223.5,562.6321,162.8487
2026-09-17 03:00:00,223.5,224.2,223.5,223.6,644.3298,263.062
2026-09-17 03:15:00,223.7,224.8,223.5,224.8,320.6364,114.0301
2026-09-17 03:30:00,224.9,225.4,224.5,225.2,507.719,220.6955
2026-09-17 03:45:00,225.3,225.3,224.6,224.7,659.6039,323.4283
2026-09-17 04:00:00,224.7,224.8,223.7,223.9,343.9812,166.92
2026-09-17 04:15:00,223.9,223.9,222.8,222.9,533.1198,192.8784
2026-09-17 04:30:00,222.9,224.3,222.8,224,342.3709,187.1167
2026-09-17 04:45:00,223.9,225.1,223.9,224.9,586.215,442.5772
2026-09-17 05:00:00,224.8,225.2,224.7,224.9,400.0383,171.672
2026-09-17 05:15:00,224.8,225.1,224.2,224.6,283.419,141.2007
2026-09-17 05:30:00,224.5,224.7,223.8,224,382.3128,247.0281
2026-09-17 05:45:00,223.9,224.2,223.7,223.8,300.3774,160.7296
2026-09-17 06:00:00,223.7,225,223.7,224.9,185.4078,77.8858
2026-09-17 06:15:00,224.8,225.2,224.6,225.1,250.0194,100.9254
2026-09-17 06:30:00,225.1,225.7,224.8,225.7,383.0637,188.6148
2026-09-17 06:45:00,225.7,225.9,224.9,225.2,390.1701,312.8614
2026-09-17 07:00:00,225.2,226.6,225.1,226.2,592.9772,344.4905
2026-09-17 07:15:00,226.2,226.7,225.8,226.1,775.0448,510.8071
2026-09-17 07:30:00,226.1,226.5,225.9,226.2,653.1271,431.7003
2026-09-17 07:45:00,226.1,227.9,225.8,227.2,2810.4852,1856.9233
2026-09-17 08:00:00,227.2,227.4,226.7,227,759.8841,444.7558
2026-09-17 08:15:00,227.1,228.3,227.1,227.3,1810.3605,1167.1218
2026-09-17 08:30:00,227.3,228,227.3,227.6,718.1113,435.4284
2026-09-17 08:45:00,227.5,228.3,227.5,228,372.1632,214.2985
2026-09-17 09:00:00,228,228.9,228,228.7,680.57,479.2739
2026-09-17 09:15:00,228.7,229.2,227.8,227.9,1161.8055,640.186
2026-09-17 09:30:00,227.8,229,227.6,228.2,742.0836,326.5507
2026-09-17 09:45:00,228.2,228.4,226.8,227.1,1154.8496,380.5902
2026-09-17 10:00:00,227.2,227.2,226,226.6,1064.5586,380.6489
2026-09-17 10:15:00,226.6,226.8,226,226.6,536.5172,328.3439
2026-09-17 10:30:00,226.6,227.7,226.4,226.9,323.5128,233.2334
2026-09-17 10:45:00,226.9,227.6,226.6,227.4,474.6194,297.0689
2026-09-17 11:00:00,227.3,227.8,227,227.3,507.004,223.6392
2026-09-17 11:15:00,227.3,227.4,226.5,226.5,669.9279,447.3284
2026-09-17 11:30:00,226.5,226.5,225.4,225.4,586.5224,159.9702
2026-09-17 11:45:00,225.4,227,225.4,226.8,770.3194,394.5114
2026-09-17 12:00:00,226.8,227.9,226.1,227.7,841.6868,483.2172
2026-09-17 12:15:00,227.8,228.2,227.5,228.1,733.9712,288.8201
2026-09-17 12:30:00,228.1,228.9,227,227.3,1152.1126,578.6233
2026-09-17 12:45:00,227.3,227.9,226.7,227.2,882.8343,401.0502
2026-09-17 13:00:00,227.2,228,226.5,227,702.2716,291.1563
2026-09-17 13:15:00,226.9,227.5,226.3,226.5,468.9315,181.66
2026-09-17 13:30:00,226.5,227,224.8,225.8,1044.1255,300.2522
2026-09-17 13:45:00,225.8,227.6,225.2,227.4,777.9299,319.0871
2026-09-17 14:00:00,227.4,228.5,226.3,228.4,1138.0883,615.4396
2026-09-17 14:15:00,228.4,229.6,227.7,229.4,1884.6827,1144.7555
2026-09-17 14:30:00,229.5,229.9,227.5,227.7,1274.5933,546.5157
2026-09-17 14:45:00,227.8,228.3,226.6,226.7,808.0612,337.0593
2026-09-17 15:00:00,226.7,226.8,225.9,226.4,1195.1108,686.417
2026-09-17 15:15:00,226.4,227.3,226,227.2,447.8899,315.1371
2026-09-17 15:30:00,227.3,229.4,227.3,228.8,923.1924,559.7179
2026-09-17 15:45:00,228.7,228.7,227.8,228,788.7405,409.2703
2026-09-17 16:00:00,228,228.7,227.6,227.9,414.2832,208.9233
2026-09-17 16:15:00,227.9,228.7,227.4,228.5,592.9125,350.6949
2026-09-17 16:30:00,228.6,228.7,227.5,228.5,520.9994,221.3447
2026-09-17 16:45:00,228.6,229.5,228.1,229.3,954.6907,514.8205
2026-09-17 17:00:00,229.4,230.7,229.3,229.4,1165.2615,742.4545
2026-09-17 17:15:00,229.3,230.1,228.8,229.9,680.1248,293.5508
2026-09-17 17:30:00,229.9,230,228.9,229.1,1110.2169,501.8551
2026-09-17 17:45:00,229,229.8,228.5,229.4,491.5858,228.4534
2026-09-17 18:00:00,229.3,230.1,229.2,229.9,1288.2935,767.2645
2026-09-17 18:15:00,229.9,231.4,229.7,230.8,1894.7804,1242.3473
2026-09-17 18:30:00,230.8,231.3,229.6,230.4,2161.0564,907.1653
2026-09-17 18:45:00,230.4,231.5,229.7,231,1532.028,896.191
2026-09-17 19:00:00,231,232,229.6,229.8,2382.5336,842.2866
2026-09-17 19:15:00,229.8,230.8,229,230.6,960.6002,381.7324
2026-09-17 19:30:00,230.6,231.4,230.4,230.9,729.2039,330.9515
2026-09-17 19:45:00,230.8,231.4,230,230.5,768.1102,327.6966
2026-09-17 20:00:00,230.5,231,229.9,230.7,634.3521,311.592
2026-09-17 20:15:00,230.7,230.8,230.4,230.4,641.1381,131.1055
2026-09-17 20:30:00,230.4,230.8,229.8,229.9,663.3813,336.9675
2026-09-17 20:45:00,230,230.3,229.6,230.1,438.7881,209.4688
2026-09-17 21:00:00,230.1,230.5,229,229.3,681.5742,295.1617
2026-09-17 21:15:00,229.3,230,229,229.8,522.2173,433.4464
2026-09-17 21:30:00,229.7,230.4,229.6,229.8,331.779,267.7829
2026-09-17 21:45:00,229.9,229.9,228.9,229,610.7431,471.8165
2026-09-17 22:00:00,228.9,229.2,228.3,228.8,558.1283,263.2983
2026-09-17 22:15:00,228.8,228.9,228.2,228.5,326.4417,142.9179
2026-09-17 22:30:00,228.4,229.9,228.3,229.7,221.7517,85.1721
2026-09-17 22:45:00,229.7,230.8,229.5,230.8,670.0861,433.4869
2026-09-17 23:00:00,230.7,232,230.5,231.9,848.7562,413.6111
2026-09-17 23:15:00,231.9,233.3,231.7,233.2,1142.1072,696.3351
2026-09-17 23:30:00,233.2,234.3,231.6,232.4,1875.3425,1086.6245
2026-09-17 23:45:00,232.3,232.8,232.1,232.4,741.9808,327.3643
2026-09-18 00:00:00,232.4,233.4,232.1,233.1,667.2418,274.1076
2026-09-18 00:15:00,233,233.5,231.3,231.6,600.8239,293.8759
2026-09-18 00:30:00,231.7,233,231.4,233,184.875,80.9237
2026-09-18 00:45:00,233,234.8,232.7,234.3,845.2883,620.7141
2026-09-18 01:00:00,234.2,235,234.2,234.5,1369.351,793.0414
2026-09-18 01:15:00,234.5,235,234,234.2,846.9002,358.0019
2026-09-18 01:30:00,234.1,235.9,234,235.3,1408.2275,1085.2971
2026-09-18 01:45:00,235.3,237.1,235.3,236.9,1921.1574,1213.566
2026-09-18 02:00:00,236.8,237.8,235.8,237,2044.2695,1371.906
2026-09-18 02:15:00,236.9,238,236.6,237.2,1452.3248,728.0484
2026-09-18 02:30:00,237.2,237.9,236.9,237,1450.6354,494.418
2026-09-18 02:45:00,237,239.2,236.9,239.1,1736.2613,866.9964
2026-09-18 03:00:00,239.1,240.9,238.4,240.7,1449.7486,875.9973
2026-09-18 03:15:00,240.6,241.5,240.1,241.1,2258.1896,1279.4155
2026-09-18 03:30:00,241.1,241.5,239.9,240.3,2116.211,653.9301
2026-09-18 03:45:00,240.3,241.6,239.8,239.9,1361.4745,580.3216
2026-09-18 04:00:00,239.9,240.6,238.5,239.2,1967.5537,836.6495
2026-09-18 04:15:00,239.2,240.4,238.7,239,1364.882,526.5797
2026-09-18 04:30:00,239,240.2,238.3,240.1,1023.6604,596.7177
2026-09-18 04:45:00,240.2,244.7,240.1,244.2,2629.2312,1731.6935
2026-09-18 05:00:00,244.3,244.4,241.5,241.7,3756.5639,1152.1628
2026-09-18 05:15:00,241.6,242.4,240.4,241,1285.3849,706.2124
2026-09-18 05:30:00,241,242,240.5,240.9,1598.5378,922.2626
2026-09-18 05:45:00,241,241.3,240.4,240.9,650.4146,309.592
2026-09-18 06:00:00,241,242.4,240.3,240.6,742.6664,377.5331
2026-09-18 06:15:00,240.7,241.3,240.3,240.8,1050.733,403.6959
2026-09-18 06:30:00,240.9,243.5,240.8,243.3,1463.5009,866.7489
2026-09-18 06:45:00,243.4,244.4,242.7,243.7,1203.8398,591.0769
2026-09-18 07:00:00,243.7,244.7,243.2,244.1,1420.0828,683.1693
2026-09-18 07:15:00,244.1,245.9,244,245.6,2889.0174,1685.6649
2026-09-18 07:30:00,245.7,245.8,245.1,245.8,1061.1744,504.6809
2026-09-18 07:45:00,245.9,246.8,245.5,245.9,1937.8289,1046.6375
2026-09-18 08:00:00,245.9,246,244.2,245.1,2376.3081,1164.5566
2026-09-18 08:15:00,245.1,248.7,245.1,247.3,2767.767,1787.1476
2026-09-18 08:30:00,247.3,247.9,246.4,247.4,1084.7638,478.9256
2026-09-18 08:45:00,247.4,248.1,247.1,247.8,1233.5348,491.3897
2026-09-18 09:00:00,247.7,247.8,246.9,247.4,1307.2212,592.1896
2026-09-18 09:15:00,247.3,249.5,246.7,248.5,2581.779,1323.9835
2026-09-18 09:30:00,248.5,249.7,248.2,249.6,2021.1441,1136.6461
2026-09-18 09:45:00,249.6,250.5,249,249.7,2052.085,1288.2166
2026-09-18 10:00:00,249.7,250.3,248.9,249.7,1099.566,555.3483
2026-09-18 10:15:00,249.7,250.4,249.4,250.2,1187.5883,716.2687
2026-09-18 10:30:00,250.2,251.2,249.8,251.1,1259.7567,691.8122
2026-09-18 10:45:00,251.2,251.7,248.5,248.7,1851.8241,846.708
2026-09-18 11:00:00,248.8,249.8,244.1,245.1,3849.1686,1531.11
2026-09-18 11:15:00,245.2,245.6,242.9,244.3,2591.8384,917.9271
2026-09-18 11:30:00,244.4,246.9,244.3,245.7,1996.0762,1406.1168
2026-09-18 11:45:00,245.8,246.8,245.8,245.9,596.9412,275.2968
2026-09-18 12:00:00,246,246,244.1,244.6,1205.7421,560.9769
2026-09-18 12:15:00,244.7,245.3,244.2,245,866.6501,436.3083
2026-09-18 12:30:00,245.1,246.7,244.7,246.6,746.0765,433.7224
2026-09-18 12:45:00,246.5,247.4,245.9,246.8,1400.4654,874.3325
2026-09-18 13:00:00,246.7,247,244.9,245.6,1884.2459,587.9311
2026-09-18 13:15:00,245.7,247.8,245.6,247.6,1619.7287,762.609
2026-09-18 13:30:00,247.4,252.5,247,251.7,5987.8667,3313.4938
2026-09-18 13:45:00,251.7,252.1,247.8,248.9,6711.5741,2621.4024
2026-09-18 14:00:00,248.9,250.7,248.8,249.9,4253.095,2458.1832
2026-09-18 14:15:00,249.8,250.9,249.2,249.3,2594.0064,1112.5183
2026-09-18 14:30:00,249.3,252.1,248.9,251.9,1939.9743,1231.9265
2026-09-18 14:45:00,251.9,253.2,251.8,253,2769.1328,1690.7446
2026-09-18 15:00:00,253,253.3,250.2,251.3,1677.5662,690.247
2026-09-18 15:15:00,251.3,252.8,251.3,252,1867.8636,1042.5051
2026-09-18 15:30:00,252.1,252.3,250,250.1,1382.2701,469.0884
2026-09-18 15:45:00,250.1,251.2,249.4,251.2,1369.638,690.2495
2026-09-18 16:00:00,251.2,251.4,249.6,249.9,1610.8852,757.4461
2026-09-18 16:15:00,249.9,250.5,249.4,249.8,2171.0041,839.9628
2026-09-18 16:30:00,249.7,251.1,249.5,249.8,1087.5804,559.3737
2026-09-18 16:45:00,249.7,249.8,247.5,248.8,1867.1014,767.3888
2026-09-18 17:00:00,248.8,248.8,246.6,247.7,1312.5246,710.3993
2026-09-18 17:15:00,247.8,249.1,247.7,249.1,755.3811,463.4036
2026-09-18 17:30:00,249,249,248.4,249,434.2563,184.2168
2026-09-18 17:45:00,249,250.3,248.7,250.1,1363.4219,669.3695
2026-09-18 18:00:00,250,250.2,249.5,249.9,856.3761,419.2738
2026-09-18 18:15:00,249.9,250,248.6,248.7,727.9109,289.8942
2026-09-18 18:30:00,248.7,248.7,247.7,247.9,1775.8135,636.4423
2026-09-18 18:45:00,247.8,248.6,247.5,248.1,1171.022,608.6227
2026-09-18 19:00:00,248.1,252.4,248.1,251.8,2025.3056,1152.1172
2026-09-18 19:15:00,251.7,252.9,251,251.8,2129.2218,1277.4168
2026-09-18 19:30:00,251.8,252,250.9,251.6,1087.8801,616.6211
2026-09-18 19:45:00,251.5,251.5,249.8,250.3,906.9551,304.7474
2026-09-18 20:00:00,250.3,251.3,250,250.6,1128.9778,737.5244
2026-09-18 20:15:00,250.7,251.6,250,250.3,785.0493,319.2287
2026-09-18 20:30:00,250.5,250.9,249.9,250.8,510.6877,282.7535
2026-09-18 20:45:00,250.7,251,249.6,249.7,977.2559,176.0344
2026-09-18 21:00:00,249.8,249.9,248.8,249.4,1595.8827,555.4969
2026-09-18 21:15:00,249.4,249.7,248.9,249.5,839.5955,375.5615
2026-09-18 21:30:00,249.4,250.8,248.9,250.1,1072.2683,344.6684
2026-09-18 21:45:00,250,250.9,249.5,249.7,635.6736,215.0343
2026-09-18 22:00:00,249.7,250.2,249.2,249.7,638.4045,273.7434
2026-09-18 22:15:00,249.7,250.4,249.6,249.6,759.4525,285.1414
2026-09-18 22:30:00,249.6,249.6,248.4,248.9,549.3874,228.4901
2026-09-18 22:45:00,249,249.4,248.5,249,1228.8325,376.3323
2026-09-18 23:00:00,249.1,249.5,248.5,248.8,925.0325,340.9211
2026-09-18 23:15:00,248.9,249.2,247.8,247.8,1191.0839,655.4494
2026-09-18 23:30:00,247.9,247.9,247,247.2,1012.9428,324.8638
2026-09-18 23:45:00,247.3,250.2,247.2,250.2,1608.7285,787.5799
2026-09-19 00:00:00,250.2,252.5,250.2,252.3,3805.0922,1873.5583
2026-09-19 00:15:00,252.2,254.5,252,254.3,4497.5441,2746.202
2026-09-19 00:30:00,254.4,255,253.4,253.9,2302.8754,960.6013
2026-09-19 00:45:00,253.8,253.8,252.6,252.8,1252.7864,482.7141
2026-09-19 01:00:00,252.9,253.7,251.5,251.6,1255.3677,400.8601
2026-09-19 01:15:00,251.6,251.6,249.4,250.1,1830.3786,460.8553
2026-09-19 01:30:00,250,251.3,248.9,251.2,970.1668,468.8031
2026-09-19 01:45:00,251.2,252.6,251.2,251.9,967.7275,322.3031
2026-09-19 02:00:00,252,253.3,251.7,252.8,961.7715,395.6672
2026-09-19 02:15:00,252.8,254.4,252.8,253.2,1677.0409,716.6282
2026-09-19 02:30:00,253.2,255.5,253.2,255.2,3427.0052,1568.927
2026-09-19 02:45:00,255.2,257.5,255.2,256.2,3538.2727,1718.3067
2026-09-19 03:00:00,256.2,258.4,255.8,258.3,1333.2902,856.9357
2026-09-19 03:15:00,258.3,259.1,257,257.3,2239.7893,1065.7065
2026-09-19 03:30:00,257.3,259,256.7,258.1,1514.0147,807.6996
2026-09-19 03:45:00,258.2,258.9,256.8,256.8,1380.2053,571.3395
2026-09-19 04:00:00,256.8,258.6,256.5,256.8,1096.5478,621.8744
2026-09-19 04:15:00,256.8,256.9,254.6,255.2,1413.8982,759.9986
2026-09-19 04:30:00,255.2,255.3,252.2,252.3,1664.3999,566.5917
2026-09-19 04:45:00,252.2,254.2,251.7,253.9,1322.857,661.3208
2026-09-19 05:00:00,253.9,255.9,253.8,254.6,1018.6015,557.6683
2026-09-19 05:15:00,254.6,256.1,254.5,255.4,1061.5954,459.3467
2026-09-19 05:30:00,255.3,258.3,255.3,255.9,1591.4656,904.7744
2026-09-19 05:45:00,255.9,257,254.1,254.5,1308.8509,545.5179
2026-09-19 06:00:00,254.6,254.8,253,253.7,1159.8529,516.4599
2026-09-19 06:15:00,253.8,254.4,251.5,252.7,1359.2271,653.7478
2026-09-19 06:30:00,252.7,256,252.5,255.6,1502.0083,748.5935
2026-09-19 06:45:00,255.5,255.9,254.5,255.3,1078.9749,513.1535
2026-09-19 07:00:00,255.4,256,255.3,255.7,385.9796,170.8492
2026-09-19 07:15:00,255.7,256.1,253.1,253.3,1521.1721,403.4363
2026-09-19 07:30:00,253.3,253.6,252.1,252.8,801.3075,371.98
2026-09-19 07:45:00,252.8,253.6,252.4,252.4,1248.9852,787.129
2026-09-19 08:00:00,252.5,255,252,254.9,1474.3689,1107.3448
2026-09-19 08:15:00,255,257.3,254.9,256.2,2700.5626,1341.1296
2026-09-19 08:30:00,256.2,258.4,255.9,257.4,1955.0351,1135.7257
2026-09-19 08:45:00,257.5,258.8,256.8,257,2775.7836,1616.1208
2026-09-19 09:00:00,257.1,263.2,256.9,262,6683.4585,4845.6824
2026-09-19 09:15:00,262.1,263.9,261.9,262.7,4483.3846,2240.9439
2026-09-19 09:30:00,262.7,266.2,262.7,265.7,5432.7793,3576.4977
2026-09-19 09:45:00,265.8,267,264.5,265,3793.6796,1731.1802
2026-09-19 10:00:00,265,265.3,263.4,264.2,2338.7931,1316.2896
2026-09-19 10:15:00,264.2,268.9,263.3,268.8,3946.1918,2233.7966
2026-09-19 10:30:00,268.9,269.4,266.9,268.9,4088.6531,2358.5057
2026-09-19 10:45:00,268.8,269.4,267.3,267.4,3128.8493,1971.8821
2026-09-19 11:00:00,267.5,272.3,267.5,271.4,6749.6448,4163.8314
2026-09-19 11:15:00,271.3,272.4,269.1,271.2,5983.8029,3255.6944
2026-09-19 11:30:00,271.3,271.9,269.4,270.4,3376.5564,1753.9773
2026-09-19 11:45:00,270.3,270.7,267.9,268.3,4422.2224,2353.6882
2026-09-19 12:00:00,268.3,269.6,267.3,267.9,2328.7459,1042.8908
2026-09-19 12:15:00,268,269,266.5,266.7,1446.798,571.9826
2026-09-19 12:30:00,266.7,267,264.9,265.1,3241.1717,1311.1615
2026-09-19 12:45:00,265.2,266.4,264.6,265.4,1686.3183,896.0409
2026-09-19 13:00:00,265.4,267,264.1,265,1862.0791,1014.798
2026-09-19 13:15:00,265,265.9,264.1,264.4,1240.5984,490.2429
2026-09-19 13:30:00,264.5,267.4,264.2,265.8,2066.4295,1320.9578
2026-09-19 13:45:00,265.7,267.9,265.6,267.9,801.9031,397.2706
2026-09-19 14:00:00,267.9,269.1,267.6,268.2,1701.6775,953.8156
2026-09-19 14:15:00,268.2,268.6,267,268.3,1295.6188,759.2236
2026-09-19 14:30:00,268.4,271,267.7,270.5,3351.6431,1546.9833
2026-09-19 14:45:00,270.6,271.8,269.4,271.5,2122.6496,1150.6395
2026-09-19 15:00:00,271.4,272.8,270.8,272.3,2685.6793,1431.8026
2026-09-19 15:15:00,272.2,273.6,271,272,2547.7649,1550.4143
2026-09-19 15:30:00,272.1,272.7,270.5,270.9,1759.6335,1009.1573
2026-09-19 15:45:00,270.9,271.3,269.6,270.9,1812.1643,640.691
2026-09-19 16:00:00,270.9,272.7,268.2,271.5,2425.3442,1457.8295
2026-09-19 16:15:00,271.4,271.7,269.8,270.4,1488.6291,717.3014
2026-09-19 16:30:00,270.2,272.1,269.9,271.2,949.9761,598.0859
2026-09-19 16:45:00,271.2,271.2,268.7,269.6,882.0525,292.3265
2026-09-19 17:00:00,269.6,270.4,268.3,268.4,1375.5739,795.5105
2026-09-19 17:15:00,268.5,269.4,265.3,265.6,1357.3322,529.3789
2026-09-19 17:30:00,265.7,266.6,263.8,264.6,2091.7067,750.2883
2026-09-19 17:45:00,264.6,265.8,264.1,264.4,736.7126,284.7428
2026-09-19 18:00:00,264.4,265.5,262.5,262.8,1593.2044,561.8752
2026-09-19 18:15:00,262.9,263.7,262.1,263.4,921.7432,400.4751
2026-09-19 18:30:00,263.3,264,262,263.6,1269.7616,595.7469
2026-09-19 18:45:00,263.5,263.7,262.8,263.7,1019.3547,388.7363
2026-09-19 19:00:00,263.7,264.8,262.1,262.3,868.7811,361.071
2026-09-19 19:15:00,262.3,263.3,261.2,263,1321.8569,724.344
2026-09-19 19:30:00,262.9,263.6,262.4,262.4,487.0728,161.7087
2026-09-19 19:45:00,262.5,263.5,262.3,262.8,479.4113,237.5645
2026-09-19 20:00:00,262.7,263.3,261.4,263.1,2046.8395,737.3877
2026-09-19 20:15:00,262.9,264.5,261.7,263.8,2074.5631,1326.9324
2026-09-19 20:30:00,263.8,264.9,263.7,264.9,728.8533,482.9832
2026-09-19 20:45:00,264.8,264.9,263.3,264.6,1580.3645,985.3871
2026-09-19 21:00:00,264.6,265.2,260.2,260.7,3460.8468,1741.7331
2026-09-19 21:15:00,260.8,263.3,260.3,263.3,1972.0275,1053.093
2026-09-19 21:30:00,263.3,263.3,261,262.1,782.979,439.6506
2026-09-19 21:45:00,262.2,263.3,261.7,262.2,1068.7068,759.329
2026-09-19 22:00:00,262.2,262.9,260.8,262.4,1319.3135,677.2466
2026-09-19 22:15:00,262.4,264,262.3,263.7,530.4256,345.3499
2026-09-19 22:30:00,263.8,265,263.6,264.9,690.2408,304.2272
2026-09-19 22:45:00,264.8,266.1,264.4,265.4,661.9451,343.2177
2026-09-19 23:00:00,265.3,266.2,264.4,264.5,1195.1466,639.8999
2026-09-19 23:15:00,264.5,265,262,263.1,774.7746,271.9811
2026-09-19 23:30:00,263.1,264.4,262.7,263.5,395.2623,168.4043
2026-09-19 23:45:00,263.5,264.7,263.5,263.7,602.2951,388.0666
2026-09-20 00:00:00,263.8,265.6,263,264,1658.0123,799.6842
2026-09-20 00:15:00,264.1,265.3,263.5,264.8,1033.8516,507.3478
2026-09-20 00:30:00,264.8,268.1,264.8,267.9,1434.9163,810.9294
2026-09-20 00:45:00,267.9,268.8,267,267.4,1174.4266,624.1605
2026-09-20 01:00:00,267.4,267.5,263.9,264,1108.7267,491.7191
2026-09-20 01:15:00,264,266.9,264,264.6,905.9919,413.0565
2026-09-20 01:30:00,264.6,265.2,262.9,263.9,1707.3969,491.6939
2026-09-20 01:45:00,264,264.1,262.6,263.5,596.0311,161.7685
2026-09-20 02:00:00,263.5,264.7,263.3,264.3,861.5428,480.0708
2026-09-20 02:15:00,264.3,264.3,261.3,261.7,1221.0738,371.7393
2026-09-20 02:30:00,261.7,262,257.1,257.3,3592.0567,1273.0278
2026-09-20 02:45:00,257.4,258.2,252.8,253.3,8417.6183,3629.5623
2026-09-20 03:00:00,253.3,255.6,251.5,252.5,4397.7612,1574.0237
2026-09-20 03:15:00,252.6,256.3,251,253.8,1790.7678,877.4214
2026-09-20 03:30:00,253.8,254.5,251,251.7,1523.535,684.6654
2026-09-20 03:45:00,251.7,254,251,253.3,1983.0228,1007.4495
2026-09-20 04:00:00,253.3,254.1,252.4,253.4,1313.57,754.7208
2026-09-20 04:15:00,253.4,254,252.1,253,476.1469,179.7185
2026-09-20 04:30:00,253.1,254.1,252.5,252.5,190.1672,67.2634
2026-09-20 04:45:00,252.6,253.6,251.6,252.8,976.8553,551.8288
2026-09-20 05:00:00,252.8,253.6,252.1,252.8,737.163,418.3841
2026-09-20 05:15:00,252.8,253,251.4,253,805.0337,452.3718
2026-09-20 05:30:00,253,254.7,253,253.7,934.5056,475.4294
2026-09-20 05:45:00,253.7,255.2,253.7,254.5,1070.0116,793.0204
2026-09-20 06:00:00,254.5,255.4,253.1,254.3,1965.4017,1181.7801
2026-09-20 06:15:00,254.4,255.2,254,254.3,665.8595,384.0341
2026-09-20 06:30:00,254.2,254.3,252.1,252.8,484.0126,205.7523
2026-09-20 06:45:00,252.9,253.6,252.3,252.9,1009.2606,401.038
2026-09-20 07:00:00,252.9,253.6,252.7,252.8,397.5773,266.6328
2026-09-20 07:15:00,252.7,253.6,252.2,253.3,352.7354,145.8257
2026-09-20 07:30:00,253.4,253.7,252.4,252.5,300.9549,100.3197
2026-09-20 07:45:00,252.4,252.4,251.4,251.8,759.6761,291.6078
2026-09-20 08:00:00,251.9,253.4,251.5,253.2,819.2404,379.3
2026-09-20 08:15:00,253.1,253.3,252.3,252.3,584.8483,236.7962
2026-09-20 08:30:00,252.4,252.8,250.7,250.8,862.0085,397.4514
2026-09-20 08:45:00,250.8,251.7,250.1,251.6,809.2751,356.7074
2026-09-20 09:00:00,251.5,252.9,251.5,252,308.3386,127.1099
2026-09-20 09:15:00,251.9,253.5,251.8,252.9,315.4392,151.7487
2026-09-20 09:30:00,252.9,257,252.9,254.7,3124.5781,2537.3557
2026-09-20 09:45:00,254.7,254.9,251.7,251.8,1087.9672,363.0382
2026-09-20 10:00:00,251.9,252.1,250.4,251.3,561.1194,242.9901
2026-09-20 10:15:00,251.3,251.9,250.8,251,330.6581,114.7416
2026-09-20 10:30:00,251.1,251.9,248.6,249.6,2519.532,1171.6572
2026-09-20 10:45:00,249.7,250.1,248.8,249.3,936.3755,343.6557
2026-09-20 11:00:00,249.3,250.8,249.3,250.2,1153.462,786.5424
2026-09-20 11:15:00,250.2,250.3,249.3,249.9,283.8949,160.1487
2026-09-20 11:30:00,249.8,250.7,249.8,250.3,622.9713,248.7781
2026-09-20 11:45:00,250.3,251.6,250.2,251.4,279.7535,157.1964
2026-09-20 12:00:00,251.3,253.4,250.2,252.6,1504.4759,580.2454
2026-09-20 12:15:00,252.7,252.9,250.4,250.6,521.9837,344.219
2026-09-20 12:30:00,250.5,251.3,250.3,250.9,325.9626,195.0602
2026-09-20 12:45:00,251,253.1,250.9,252.9,1596.6986,1051.4581
2026-09-20 13:00:00,252.8,253.1,252.3,252.4,715.0881,431.5376
2026-09-20 13:15:00,252.5,252.8,251.5,251.8,653.3452,389.096
2026-09-20 13:30:00,251.9,252,250.6,251.7,738.2237,421.776
2026-09-20 13:45:00,251.7,252,250.9,251.6,508.4196,238.6869
2026-09-20 14:00:00,251.6,253.8,250.8,250.8,1012.0956,702.7482
2026-09-20 14:15:00,250.8,251.4,249.9,251.3,1159.056,426.1441
2026-09-20 14:30:00,251.2,252.4,251.1,251.9,506.7872,220.6677
2026-09-20 14:45:00,251.8,252.7,251.5,251.6,984.1369,838.7443
2026-09-20 15:00:00,251.6,254.1,251.6,252.8,1572.0289,857.9295
2026-09-20 15:15:00,252.9,254.2,251.9,252.8,1363.7292,395.5046
2026-09-20 15:30:00,252.8,254,251.9,254,972.2667,429.626
2026-09-20 15:45:00,254,255,253.8,254.5,1012.0954,540.4091
2026-09-20 16:00:00,254.5,258.5,254,258.1,4787.568,2761.5323
2026-09-20 16:15:00,258.1,260.8,257.2,260.6,4182.0819,2270.5515
2026-09-20 16:30:00,260.6,263.1,260.6,262.6,4742.5647,2499.3045
2026-09-20 16:45:00,262.5,265.3,261.3,264.8,5146.3803,2533.0854
2026-09-20 17:00:00,264.8,264.9,260.9,262.2,3720.1907,1925.5348
2026-09-20 17:15:00,262.3,263.4,260.7,261.7,2925.806,1027.4683
2026-09-20 17:30:00,261.8,264.3,260.7,263.4,2301.7732,1102.3058
2026-09-20 17:45:00,263.5,263.9,261.5,262,1465.4037,611.5868
2026-09-20 18:00:00,261.9,263,259.3,261.6,4091.7052,1273.2837
2026-09-20 18:15:00,261.7,263.5,261.2,263.4,1472.2663,941.2968
2026-09-20 18:30:00,263.4,264.9,263.2,264,1736.1238,895.8967
2026-09-20 18:45:00,264.1,264.6,261.7,262.1,932.9285,439.442
2026-09-20 19:00:00,262.2,263.8,261.8,262.6,1180.4451,448.0517
2026-09-20 19:15:00,262.7,263,261.4,262.7,767.981,392.9412
2026-09-20 19:30:00,262.7,264.8,262.6,264.2,439.3094,254.5846
2026-09-20 19:45:00,264.2,266.4,264.1,264.7,2049.1814,1018.7622
2026-09-20 20:00:00,264.7,266.1,264.7,265,1204.3423,769.6116
2026-09-20 20:15:00,265,265.5,264.2,264.8,799.6203,293.2892
2026-09-20 20:30:00,264.7,264.9,263,263.8,1057.1332,469.1132
2026-09-20 20:45:00,263.7,264.4,262.3,262.5,832.6559,262.6538
2026-09-20 21:00:00,262.5,262.6,257.1,258.5,3564.0673,1470.8433
2026-09-20 21:15:00,258.6,260,257.8,259.1,1271.3026,672.9689
2026-09-20 21:30:00,259.1,260.9,258.8,259,1754.9234,897.4427
2026-09-20 21:45:00,259,261.2,259,261.2,247.0688,168.4522
2026-09-20 22:00:00,261.2,264.1,260.1,264.1,1490.1911,941.314
2026-09-20 22:15:00,264.1,264.1,262,262.8,539.1342,301.2152
2026-09-20 22:30:00,262.8,264.7,262.7,262.9,1828.2738,893.3719
2026-09-20 22:45:00,262.9,263.4,262,262.2,901.7229,493.4821
2026-09-20 23:00:00,262.2,262.9,260.6,261.6,1717.2022,774.1205
2026-09-20 23:15:00,261.7,264.3,261.6,261.9,1372.914,728.148
2026-09-20 23:30:00,261.9,264.4,261.3,263.5,1341.0235,875.2699
2026-09-20 23:45:00,263.4,263.6,261.6,261.7,494.081,249.8873
2026-09-21 00:00:00,261.6,263.8,261.6,263.7,1294.7938,594.9012
2026-09-21 00:15:00,263.7,266.8,263.4,266.4,2277.7834,1197.4058
2026-09-21 00:30:00,266.4,266.7,264.2,265.3,2549.3763,1072.2006
2026-09-21 00:45:00,265.3,267.3,264.7,267,1276.4225,767.0741
2026-09-21 01:00:00,267,271,266,269.4,3659.4466,2602.8398
2026-09-21 01:15:00,269.4,270.3,266,267.2,2681.4238,1104.6117
2026-09-21 01:30:00,267.2,269.1,266,266.2,1603.4579,758.8616
2026-09-21 01:45:00,266.1,266.6,261,261.7,4602.3082,1476.7869
2026-09-21 02:00:00,261.6,263.3,261,263.3,1452.949,630.0022
2026-09-21 02:15:00,263.3,266.1,263.2,264.7,3561.7143,1765.2162
2026-09-21 02:30:00,264.7,266.4,263.1,266.1,890.816,387.2741
2026-09-21 02:45:00,266,271.9,266,268.4,4711.0351,2669.8368
2026-09-21 03:00:00,268.4,270.7,267,267.7,1926.3908,1080.377
2026-09-21 03:15:00,267.7,269.1,267.4,268.2,780.3807,309.0751
2026-09-21 03:30:00,268.1,268.6,267.3,267.9,760.4376,426.5245
2026-09-21 03:45:00,267.9,268.9,266.2,267.1,1316.931,732.1419
2026-09-21 04:00:00,267,268.1,264.9,264.9,1415.1339,531.2797
2026-09-21 04:15:00,265,265.8,263.5,263.8,1068.9339,498.7935
2026-09-21 04:30:00,263.8,267.7,263.4,266.7,2074.499,1167.7195
2026-09-21 04:45:00,266.6,266.9,264.8,265.2,553.402,180.0027
2026-09-21 05:00:00,265.1,265.3,263.9,264.3,482.2686,227.9824
2026-09-21 05:15:00,264.3,267.3,264.3,266.8,565.2371,428.0835
2026-09-21 05:30:00,266.8,269.2,266.8,268.1,1597.7238,891.8384
2026-09-21 05:45:00,268.1,269.4,267.9,268.3,1179.7687,497.8043
2026-09-21 06:00:00,268.3,268.9,266.7,267.4,1288.454,494.1385
2026-09-21 06:15:00,267.4,270,267.4,270,1421.3338,754.3821
2026-09-21 06:30:00,269.9,272.8,268.7,268.7,3804.6072,2493.9886
2026-09-21 06:45:00,268.8,271,268.6,269.5,1046.1158,478.9212
2026-09-21 07:00:00,269.5,270.4,267.7,268.8,1615.5386,739.0827
2026-09-21 07:15:00,268.8,270.4,268.1,269.2,1067.5629,576.442
2026-09-21 07:30:00,269.1,272.1,267.5,269.7,3420.6696,1972.8414
2026-09-21 07:45:00,269.7,272.8,269.1,272.1,2266.3656,1416.8618
2026-09-21 08:00:00,272,274.6,271.8,274,3467.2877,2025.0504
2026-09-21 08:15:00,274.1,279,273.8,278,6728.4523,4311.9089
2026-09-21 08:30:00,278.1,281.4,275.5,276.4,10037.8091,6092.7053
2026-09-21 08:45:00,276.4,277.5,275.2,276.8,3001.6016,1294.0922
2026-09-21 09:00:00,276.9,278.4,276.2,277.4,2768.7444,1259.4595
2026-09-21 09:15:00,277.5,281.7,277.3,281.4,3108.6974,1790.2612
2026-09-21 09:30:00,281.5,281.5,278.8,280,3787.298,1967.3987
2026-09-21 09:45:00,279.9,280.7,276,277.3,5527.9174,1420.7239
2026-09-21 10:00:00,277.3,278.2,275.5,277.8,2603.352,1104.327
2026-09-21 10:15:00,277.8,280.2,277.2,279.8,3957.3003,2267.0358
2026-09-21 10:30:00,279.9,281,278.4,280.7,1842.4763,855.0717
2026-09-21 10:45:00,280.7,285,280,284.7,5343.6069,3248.9029
2026-09-21 11:00:00,284.7,285.5,283.5,285.5,3975.5954,2147.9268
2026-09-21 11:15:00,285.5,288.9,284.5,288.2,5918.1109,3856.9314
2026-09-21 11:30:00,288.2,288.3,281.9,285.1,6420.3884,2653.5793
2026-09-21 11:45:00,285.1,285.1,282.7,283.9,2895.1732,1153.0492
2026-09-21 12:00:00,283.8,285,282.9,283.5,2140.1472,1182.3544
2026-09-21 12:15:00,283.6,286.1,283,285.7,2360.3828,1054.0719
2026-09-21 12:30:00,285.8,287.6,285.2,287.2,3787.8751,1316.6487
2026-09-21 12:45:00,287.2,288.2,285.6,287.6,2452.0381,1380.6476
2026-09-21 13:00:00,287.6,288.9,285.4,286.5,2973.4736,1375.7105
2026-09-21 13:15:00,286.5,287,284,284.6,2611.6773,1083.0997
2026-09-21 13:30:00,284.8,285.4,282.3,284.2,3543.198,1404.8728
2026-09-21 13:45:00,284.1,287.6,283.9,286.2,1961.1144,985.5929
2026-09-21 14:00:00,286.2,286.3,281,283.4,2387.7065,892.753
2026-09-21 14:15:00,283.4,285.7,283.2,284.6,1097.2081,611.425
2026-09-21 14:30:00,284.6,284.7,282.4,283.7,1364.6784,589.5069
2026-09-21 14:45:00,283.6,285.9,282.9,285.4,2477.5036,1347.7955
2026-09-21 15:00:00,285.4,288,284.8,285.9,3331.1181,1647.2248
2026-09-21 15:15:00,285.8,285.8,281.4,283.4,3508.0448,1735.5765
2026-09-21 15:30:00,283.5,287.9,283,287.4,2599.9726,1472.1279
2026-09-21 15:45:00,287.4,290.9,287.1,288.7,8025.4333,5703.683
2026-09-21 16:00:00,288.7,289.3,286.4,287.5,3554.7103,1552.5991
2026-09-21 16:15:00,287.5,290.3,287.1,289.9,2240.3422,1346.9369
2026-09-21 16:30:00,289.7,291.6,284.9,287.6,5515.6949,2321.4266
2026-09-21 16:45:00,287.5,288.2,285.2,285.2,2588.7395,817.5615
2026-09-21 17:00:00,285.2,286,283.9,284.4,1409.3231,688.514
2026-09-21 17:15:00,284.4,284.6,281.7,283.5,2033.8475,791.4762
2026-09-21 17:30:00,283.6,285.3,283.1,283.3,1159.2927,637.3195
2026-09-21 17:45:00,283.3,283.3,277.8,280.6,3877.1658,1152.3767
2026-09-21 18:00:00,280.6,283.9,279.9,283.7,2108.3832,1484.0004
2026-09-21 18:15:00,283.8,283.9,282.3,282.7,950.2796,613.8443
2026-09-21 18:30:00,282.7,284.2,281.6,283.9,577.3446,322.8396
2026-09-21 18:45:00,283.9,286.9,283.9,285.6,1130.8144,681.7466
2026-09-21 19:00:00,285.7,289.3,285.3,289.2,2152.5234,1182.4706
2026-09-21 19:15:00,289.2,294.6,287.8,294.5,4451.5864,2794.0526
2026-09-21 19:30:00,294.5,294.8,290.6,291,5155.3793,2541.6035
2026-09-21 19:45:00,291.1,307,290,306.3,15862.8669,10198.0684
2026-09-21 20:00:00,306.4,313.3,303.8,310.2,17507.8061,10588.2442
2026-09-21 20:15:00,310.1,314.7,309,313,13548.707,7596.5634
2026-09-21 20:30:00,313.1,313.9,304.3,305.7,7879.0255,3513.5601
2026-09-21 20:45:00,305.7,309.9,304.4,306.9,4990.4737,2482.7544
2026-09-21 21:00:00,307,307.1,301.5,304.7,6119.9731,3213.6005
2026-09-21 21:15:00,304.7,308.2,304.2,305.6,2988.3135,1698.5168
2026-09-21 21:30:00,305.6,309.9,304.6,309.6,2779.6,1257.6192
2026-09-21 21:45:00,309.7,310.9,306.6,306.6,3141.5982,1849.4756
2026-09-21 22:00:00,306.8,308.6,303.1,304.5,3797.6126,1529.5966
2026-09-21 22:15:00,304.4,304.8,302,303.7,2205.1188,1055.3146
2026-09-21 22:30:00,303.8,306.7,302.4,305.6,2049.1165,1009.0517
2026-09-21 22:45:00,305.7,313,305.4,312.3,3869.6355,2372.046
2026-09-21 23:00:00,312.2,314.6,311.3,312.8,4828.5687,2510.7994
2026-09-21 23:15:00,313,316,311.9,313.5,4437.0959,2427.1619
2026-09-21 23:30:00,313.5,314.4,310.3,312.1,2544.2114,1283.1893
2026-09-21 23:45:00,312.1,319.7,311.1,319.4,4611.8002,2768.8749
2026-09-22 00:00:00,319.4,321.3,317.5,320.5,7557.8234,4092.5927
2026-09-22 00:15:00,320.5,322.4,316.1,316.9,5802.0019,3288.2649
2026-09-22 00:30:00,316.9,320.4,315.4,315.7,4007.2618,2170.7036
2026-09-22 00:45:00,315.7,317.9,311.4,312.5,3770.816,1842.611
2026-09-22 01:00:00,312.6,313.1,307.7,308.6,3847.6372,1509.2199
2026-09-22 01:15:00,308.6,313,306.1,312.6,4851.4405,2309.2514
2026-09-22 01:30:00,312.7,318.8,312.2,317.7,5303.6697,2691.5698
2026-09-22 01:45:00,317.7,319.6,314.4,315.9,5963.3515,2464.5502
2026-09-22 02:00:00,315.9,319,313.3,317.6,5534.7896,2414.0191
2026-09-22 02:15:00,317.6,324.5,317.2,322.6,8042.4148,4977.7314
2026-09-22 02:30:00,322.7,325,315.9,316,5775.1781,2979.8612
2026-09-22 02:45:00,316.1,318.4,314.5,316.2,2605.771,1248.0666
2026-09-22 03:00:00,316.1,317.1,313.5,315.7,3047.5143,1561.0755
2026-09-22 03:15:00,315.8,317.7,312.5,315.8,1880.4501,912.7499
2026-09-22 03:30:00,315.8,316.3,313.5,314.6,1358.1681,682.1286
2026-09-22 03:45:00,314.6,315.4,313.9,314.8,605.2355,259.5677
2026-09-22 04:00:00,314.9,315.9,310.8,311.3,2763.9036,1248.9701
2026-09-22 04:15:00,311.2,312.6,310,311.9,2668.0095,1635.7576
2026-09-22 04:30:00,312,313.4,309.8,312.4,1233.2373,652.5938
2026-09-22 04:45:00,312.3,313.2,309.9,311.4,1730.9636,526.6234
2026-09-22 05:00:00,311.4,314.2,311,314,855.4818,447.3944
2026-09-22 05:15:00,314,316.1,311.4,313.7,2118.6869,970.6372
2026-09-22 05:30:00,313.7,319.9,312.3,318.5,3537.1745,1543.5693
2026-09-22 05:45:00,318.3,324.9,318,324.1,3945.5186,2016.659
2026-09-22 06:00:00,324.1,325.5,318.7,319.7,3278.6301,1770.4291
2026-09-22 06:15:00,319.8,320.5,318.1,319.7,1618.8673,647.063
2026-09-22 06:30:00,319.6,323.2,318.7,320.6,1967.2072,969.3481
2026-09-22 06:45:00,320.7,320.8,316.1,317.4,1037.3532,455.4395
2026-09-22 07:00:00,317.4,319.6,316.4,318.6,1855.9201,934.3075
2026-09-22 07:15:00,318.6,319.1,314.6,315,1804.6455,878.8688
2026-09-22 07:30:00,315,318.4,314.4,317.9,2444.745,1580.7223
2026-09-22 07:45:00,317.9,320.5,316.4,317.8,3389.8135,1636.0545
2026-09-22 08:00:00,317.8,318.3,314.9,316.2,2218.9694,843.5708
2026-09-22 08:15:00,316.2,316.2,311.8,313.2,2251.51,723.2618
2026-09-22 08:30:00,313.2,319.6,312.8,319,4296.337,2266.2315
2026-09-22 08:45:00,319,324.5,318.5,323.6,4693.2359,2695.9134
2026-09-22 09:00:00,323.5,323.5,317.8,319.8,3347.4436,1318.813
2026-09-22 09:15:00,319.9,320.2,317.5,319,2704.5856,1449.267
2026-09-22 09:30:00,318.9,319.4,316.7,317.3,1952.8253,573.8186
2026-09-22 09:45:00,317.2,319.5,316.1,319.3,1565.7517,682.4353
2026-09-22 10:00:00,319.3,319.4,315,315.1,1452.4968,565.4478
2026-09-22 10:15:00,315.1,316,313.2,314.3,1981.3794,839.6666
2026-09-22 10:30:00,314.3,316.3,313.1,314.7,1408.6709,550.9195
2026-09-22 10:45:00,314.7,315.1,313.5,313.9,1975.3478,835.7203
2026-09-22 11:00:00,313.8,314.5,311.3,314.4,2358.1343,941.4999
2026-09-22 11:15:00,314.2,316.3,314,315.6,1347.9255,655.9565
2026-09-22 11:30:00,315.7,319.4,315.1,319,2613.2785,1229.9401
2026-09-22 11:45:00,319,323,318.1,319.1,5331.6216,2300.1658
2026-09-22 12:00:00,319.1,322.6,317.5,321.4,4125.3754,1822.0668
2026-09-22 12:15:00,321.3,325.3,320.9,324.3,5221.8919,2510.0499
2026-09-22 12:30:00,324.3,326.5,320.7,321.2,4237.3276,1832.6996
2026-09-22 12:45:00,321.1,322.5,319.9,321.7,2488.2643,1014.0475
2026-09-22 13:00:00,321.7,326,321.1,324.7,3219.5775,1601.4276
2026-09-22 13:15:00,324.7,324.9,316.4,317.6,5428.4652,2021.2246
2026-09-22 13:30:00,317.6,319.3,315.4,318,2760.2892,1193.9888
2026-09-22 13:45:00,318,322.3,316.1,322.2,3170.1706,2052.6154
2026-09-22 14:00:00,322.1,326,321.1,323.2,6731.6035,3715.9277
2026-09-22 14:15:00,323.3,323.9,319.9,319.9,3993.8064,1900.2445
2026-09-22 14:30:00,319.9,320,312.5,315.5,9097.5791,3971.6687
2026-09-22 14:45:00,315.5,317.3,314.7,317.2,2799.0567,1630.6974
2026-09-22 15:00:00,317.2,318.7,315.4,316.1,2283.1407,1081.7462
2026-09-22 15:15:00,316.2,318.2,315,315.5,1350.4648,716.6361
2026-09-22 15:30:00,315.5,316.3,312.6,315.1,2356.5257,1068.9121
2026-09-22 15:45:00,315.1,315.5,311.7,312.1,1539.2721,788.2715
2026-09-22 16:00:00,312.1,312.3,306.6,307.6,5390.9461,1937.465
2026-09-22 16:15:00,307.6,308.9,307,308.5,1496.3676,744.2354
2026-09-22 16:30:00,308.5,311.8,308,311.4,2352.5216,1297.6822
2026-09-22 16:45:00,311.5,313.1,310.7,312.5,1273.049,767.4664
2026-09-22 17:00:00,312.5,313.4,311.8,312.8,1301.8989,884.784
2026-09-22 17:15:00,312.8,314.7,310.8,314,1796.5305,1027.657
2026-09-22 17:30:00,313.9,315.1,313.5,313.9,1452.4446,700.8351
2026-09-22 17:45:00,314,314.9,313.2,313.4,626.5924,365.9831
2026-09-22 18:00:00,313.4,314.7,311.8,313.5,1369.7891,620.2886
2026-09-22 18:15:00,313.5,313.7,310,310.3,2050.9158,1118.5864
2026-09-22 18:30:00,310.3,311.2,309.5,309.6,1189.9084,417.3434
2026-09-22 18:45:00,309.6,310.3,307.6,309.1,2393.8894,1393.5646
2026-09-22 19:00:00,309.1,310.2,308.7,309.7,562.4656,188.6647
2026-09-22 19:15:00,309.7,312.4,309.5,312.3,846.2579,478.9523
2026-09-22 19:30:00,312.3,313,309,310.2,1777.2993,950.1618
2026-09-22 19:45:00,310.2,314,310.2,312.6,4657.6053,3218.712
2026-09-22 20:00:00,312.6,312.8,309.2,309.7,1528.1138,685.77
2026-09-22 20:15:00,309.7,310.4,308.4,310.3,955.2336,390.2408
2026-09-22 20:30:00,310.4,310.4,308.3,309.3,590.5282,253.2276
2026-09-22 20:45:00,309.3,309.4,307.8,308.3,1527.9172,915.1418
2026-09-22 21:00:00,308.4,309.6,307.2,308.1,748.0718,319.0554
2026-09-22 21:15:00,308,310.2,307.9,309.3,584.0683,277.7412
2026-09-22 21:30:00,309.3,310.2,308.5,308.7,660.0036,249.7795
2026-09-22 21:45:00,308.7,310,308.7,309.3,249.7496,138.7712
2026-09-22 22:00:00,309.4,310.1,308.4,309,710.3054,262.0374
2026-09-22 22:15:00,308.9,312,308.9,311.3,787.6779,422.4508
2026-09-22 22:30:00,311.4,313.5,311.3,313.2,856.1461,484.1928
2026-09-22 22:45:00,313.2,313.9,312.7,312.8,800.8,299.184
2026-09-22 23:00:00,312.7,315.3,312.1,315,1288.8608,822.9598
2026-09-22 23:15:00,315.1,319.1,315,316.9,2931.0576,1624.5387
2026-09-22 23:30:00,316.8,317.8,314.4,315.8,1113.8513,475.6088
2026-09-22 23:45:00,315.8,316.1,313.8,315,781.9208,325.9073
2026-09-23 00:00:00,315,316.5,313.8,314.5,680.6971,295.952
2026-09-23 00:15:00,314.5,315.3,313.4,313.5,617.9475,205.6466
2026-09-23 00:30:00,313.6,314.3,311.3,312,1108.664,362.3877
2026-09-23 00:45:00,311.9,313.1,311.5,313,1570.6607,880.6274
2026-09-23 01:00:00,312.9,314.1,311.6,313.3,2072.0786,1247.5581
2026-09-23 01:15:00,313.4,315.2,313,313.6,2091.1745,1291.5789
2026-09-23 01:30:00,313.5,314,311.5,312.1,2263.347,1243.255
2026-09-23 01:45:00,312.2,312.2,309.5,311.3,1679.0859,669.5709
2026-09-23 02:00:00,311.2,311.9,309.7,311.9,755.5299,330.2733
2026-09-23 02:15:00,312,314.2,311.8,312.2,752.6953,424.1421
2026-09-23 02:30:00,312.2,313.8,312,313,766.1622,299.667
2026-09-23 02:45:00,313.1,314.3,312.9,313.4,718.799,363.6144
2026-09-23 03:00:00,313.4,315.9,312.4,315,1312.9708,708.1976
2026-09-23 03:15:00,314.9,318.7,314.6,317.2,2611.1871,1633.2437
2026-09-23 03:30:00,317.2,317.6,316,317,2611.3999,1267.2593
2026-09-23 03:45:00,316.9,317,314.5,314.7,1867.3254,921.1667
2026-09-23 04:00:00,314.7,315.2,314,314.3,606.1793,271.9019
2026-09-23 04:15:00,314.4,317.2,312.7,315.7,1882.5994,1090.7869
2026-09-23 04:30:00,315.7,316.6,314.2,314.5,1747.2146,697.1133
2026-09-23 04:45:00,314.4,315.3,314,314.8,695.0581,381.1743
2026-09-23 05:00:00,314.8,316.4,314.1,315.9,1485.5345,1065.2668
2026-09-23 05:15:00,316,316.3,314.9,315,548.3017,236.6007
2026-09-23 05:30:00,315,316.1,314.9,315.4,554.6512,241.4517
2026-09-23 05:45:00,315.3,315.8,311,311.8,1490.7865,527.1814
2026-09-23 06:00:00,311.8,314.3,311.8,314.2,1564.7802,661.5645
2026-09-23 06:15:00,314.1,316,314.1,314.8,507.5471,163.4237
2026-09-23 06:30:00,314.7,316.1,314.5,314.9,1285.8432,478.038
2026-09-23 06:45:00,314.8,315.2,313.5,313.6,1291.1584,509.2078
2026-09-23 07:00:00,313.5,314.9,312.5,313.3,940.2131,337.7471
2026-09-23 07:15:00,313.3,314.6,313,314.5,530.4485,308.1113
2026-09-23 07:30:00,314.5,315.2,311.2,311.6,1223.3925,410.9079
2026-09-23 07:45:00,311.7,312.9,310.6,311.6,1829.5901,918.1611
2026-09-23 08:00:00,311.6,312.6,308.6,311.6,1850.8533,645.2585
2026-09-23 08:15:00,311.7,315.6,311.7,312.7,2337.424,1437.648
2026-09-23 08:30:00,312.7,313.8,312.5,312.6,475.4874,183.2134
2026-09-23 08:45:00,312.6,312.7,308.1,310.1,2431.1803,925.1337
2026-09-23 09:00:00,310.1,311,309,310.2,1057.8668,603.7673
2026-09-23 09:15:00,310.3,311.1,309.1,310,565.742,290.558
2026-09-23 09:30:00,310.1,310.8,309.4,310,757.4374,351.2493
2026-09-23 09:45:00,309.9,310.6,309,309.8,747.501,309.5062
2026-09-23 10:00:00,309.9,310.5,308.7,309.9,1171.0215,549.5653
2026-09-23 10:15:00,309.9,310.6,307.1,308.9,1708.3485,514.4308
2026-09-23 10:30:00,309,310.5,307.9,310.4,1084.0564,450.7185
2026-09-23 10:45:00,310.4,311.6,309.5,310.6,907.6552,427.6939
2026-09-23 11:00:00,310.6,311.4,308.7,308.8,810.4242,374.1265
2026-09-23 11:15:00,308.8,309,302.8,304.2,4276.1777,1780.8044
2026-09-23 11:30:00,304.2,304.6,300.3,302.4,4812.5735,2409.7517
2026-09-23 11:45:00,302.4,305.1,302.4,305,1593.331,1021.7204
2026-09-23 12:00:00,304.9,306,302.8,305.1,1290.4018,644.6146
2026-09-23 12:15:00,305.2,307.4,304.5,306.5,1287.8233,834.345
2026-09-23 12:30:00,306.5,312.8,306.5,309.1,2543.7368,1397.6492
2026-09-23 12:45:00,309.2,310.1,306.9,308.2,1026.1574,471.7999
2026-09-23 13:00:00,308.1,308.2,305.3,305.7,1242.8406,314.3916
2026-09-23 13:15:00,305.8,308.1,305.7,308,1186.3715,602.9325
2026-09-23 13:30:00,308,311.1,307.5,310.2,1805.7657,903.9446
2026-09-23 13:45:00,310.2,312.8,308.3,311.1,2458.9996,1149.5029
2026-09-23 14:00:00,311,312.3,295.9,303.7,10316.1611,5134.1246
2026-09-23 14:15:00,303.6,304.5,297.6,297.8,9972.2695,4808.8981
2026-09-23 14:30:00,297.8,303.4,296.4,302.6,6720.4997,3989.8677
2026-09-23 14:45:00,302.6,303.8,299.2,302.5,3924.5053,2060.2917
2026-09-23 15:00:00,302.4,303.9,300.3,301.5,4121.8238,1622.7227
2026-09-23 15:15:00,301.6,302.2,297,297.3,3075.1749,1153.9776
2026-09-23 15:30:00,297.4,298,292.7,293.6,5934.2598,2115.1857
2026-09-23 15:45:00,293.7,294.2,287.8,290.2,10294.0714,4268.4839
2026-09-23 16:00:00,290.2,294.2,284.4,293.8,7512.1338,3355.5206
2026-09-23 16:15:00,293.9,294.4,291.5,291.9,3126.2315,1760.9379
2026-09-23 16:30:00,291.9,293.1,291,292.8,1404.1098,593.5656
2026-09-23 16:45:00,292.7,294,291.4,293.4,1770.7448,837.1113
2026-09-23 17:00:00,293.3,294.5,289.9,292.2,2695.3704,1176.1105
2026-09-23 17:15:00,292.2,296.8,291.9,294.9,3897.8938,1163.7444
2026-09-23 17:30:00,294.9,295.3,293.6,294.9,2013.2573,850.6901
2026-09-23 17:45:00,294.9,295.9,294,294.1,1709.39,875.4301
2026-09-23 18:00:00,294,294.1,290.7,292.2,1342.045,736.8912
2026-09-23 18:15:00,292.2,292.6,289.7,290.2,1269.4766,496.0005
2026-09-23 18:30:00,290.1,291.3,289.5,291.3,1111.4887,683.2078
2026-09-23 18:45:00,291.2,293,290.7,291.2,1262.5372,613.4473
2026-09-23 19:00:00,291.3,292.2,288.8,289.2,2430.1234,1119.6956
2026-09-23 19:15:00,289.2,291.1,289,290.1,646.3703,396.921
2026-09-23 19:30:00,290.1,290.6,288,288.3,2191.8359,935.9088
2026-09-23 19:45:00,288.3,290,288.3,289.3,710.5668,417.0312
2026-09-23 20:00:00,289.3,290.2,287.4,288.1,1366.453,606.4849
2026-09-23 20:15:00,288.1,289.6,286.6,287.4,1050.7603,407.3273
2026-09-23 20:30:00,287.4,288.3,286.7,288.2,840.127,557.9897
2026-09-23 20:45:00,288.3,288.3,286.1,286.6,860.4201,499.7357
2026-09-23 21:00:00,286.7,287.5,285.4,287,688.909,346.1016
2026-09-23 21:15:00,287,287.7,286.5,287.7,683.9599,306.1028
2026-09-23 21:30:00,287.7,288.8,287.6,288.1,407.3067,223.5287
2026-09-23 21:45:00,288.1,288.8,287.8,288,642.3401,358.0581
2026-09-23 22:00:00,288,290.7,287.8,289.7,896.5239,444.1263
2026-09-23 22:15:00,289.8,290.1,287.8,287.8,630.2509,314.9987
2026-09-23 22:30:00,287.8,288,285.1,285.7,1596.5387,623.4471
2026-09-23 22:45:00,285.7,287.6,285.4,286.9,1747.6901,582.0652
2026-09-23 23:00:00,286.8,288.1,285.2,288.1,805.1646,373.4524
2026-09-23 23:15:00,288,288.8,287.5,287.9,670.5138,426.7698
2026-09-23 23:30:00,287.8,288.2,285.9,286.4,655.0505,215.1411
2026-09-23 23:45:00,286.4,287.6,286.4,287.2,562.5273,294.4809
2026-09-24 00:00:00,287.2,288.9,285.3,286,1278.0867,627.0385
2026-09-24 00:15:00,286,286.9,285,285.7,563.968,244.7679
2026-09-24 00:30:00,285.8,287.4,285,286.1,575.451,277.2453
2026-09-24 00:45:00,286,286.2,284.9,285.5,347.4844,230.1009
2026-09-24 01:00:00,285.5,286.7,285.4,285.9,551.2256,318.0199
2026-09-24 01:15:00,286,286.5,284.7,284.8,563.4144,241.3117
2026-09-24 01:30:00,284.8,287.7,283.7,283.9,1296.006,599.9866
2026-09-24 01:45:00,283.9,284.7,282.9,283.6,970.7163,450.4265
2026-09-24 02:00:00,283.8,285.1,282.6,285,1281.4033,580.8046
2026-09-24 02:15:00,285,287,285,286,591.7627,271.9927
2026-09-24 02:30:00,285.9,287.8,285.5,287.7,641.038,290.478
2026-09-24 02:45:00,287.7,289.8,287.6,288.2,1562.3034,1086.9807
2026-09-24 03:00:00,288.3,290.1,288.3,289.6,762.8281,524.0578
2026-09-24 03:15:00,289.6,289.9,286.8,287.3,496.5053,210.8554
2026-09-24 03:30:00,287.2,287.4,285,285.9,1145.8231,494.9267
2026-09-24 03:45:00,286,286.9,285.3,286,287.6602,119.2017
2026-09-24 04:00:00,286,286.3,284.3,285.2,750.0175,412.5
2026-09-24 04:15:00,285.1,286,284.7,285.9,393.9687,205.9889
2026-09-24 04:30:00,286,287.1,285.9,286.6,647.644,350.671
2026-09-24 04:45:00,286.6,289.5,286.1,289.1,725.2656,343.6959
2026-09-24 05:00:00,289,292.6,288.7,291.1,1404.0753,747.6484
2026-09-24 05:15:00,291.1,291.4,289.7,290,1580.3349,801.195
2026-09-24 05:30:00,290,291,288.6,290.3,839.7992,543.5751
2026-09-24 05:45:00,290.3,290.6,287.6,287.6,770.7679,271.1994
2026-09-24 06:00:00,287.7,290.1,287.1,289.6,644.105,392.5748
2026-09-24 06:15:00,289.4,290.7,288.8,290.7,800.3587,452.4234
2026-09-24 06:30:00,290.6,291.3,289.9,290.1,447.6914,301.2655
2026-09-24 06:45:00,290,290.4,289,289.7,500.734,248.7873
2026-09-24 07:00:00,289.7,289.7,287.1,287.9,732.5154,406.7347
2026-09-24 07:15:00,288,289.8,287.8,289.8,586.4402,308.2444
2026-09-24 07:30:00,289.8,291.1,289.8,291,961.9818,501.4197
2026-09-24 07:45:00,290.9,293.8,290.8,292.8,1825.6997,995.0312
2026-09-24 08:00:00,292.8,292.9,290.8,290.9,854.2543,402.6313
2026-09-24 08:15:00,290.9,291.8,287.3,287.3,1205.485,474.1504
2026-09-24 08:30:00,287.4,288.2,285.2,285.3,1697.5041,924.3936
2026-09-24 08:45:00,285.3,287.6,283.7,287.5,2037.9542,915.03
2026-09-24 09:00:00,287.5,288,284.5,284.6,1217.6578,622.1975
2026-09-24 09:15:00,284.6,285.2,282.9,282.9,1693.8072,760.0881
2026-09-24 09:30:00,283.1,283.2,278.6,280.6,5799.3666,2505.6062
2026-09-24 09:45:00,280.6,281.7,280.1,280.7,1262.5091,844.8488
2026-09-24 10:00:00,280.6,281.5,279.3,280.3,875.1718,455.2724
2026-09-24 10:15:00,280.3,280.7,278.9,279.5,1476.4212,841.0979
2026-09-24 10:30:00,279.5,281.2,278.1,280.6,1756.5012,915.0113
2026-09-24 10:45:00,280.5,282.4,279.9,281.2,1257.9004,782.826
2026-09-24 11:00:00,281.2,283.3,281.2,283.1,909.9197,481.687
2026-09-24 11:15:00,283.1,283.2,281.8,281.9,1044.8211,289.7584
2026-09-24 11:30:00,281.9,282.4,281.5,281.8,646.669,404.6602
2026-09-24 11:45:00,281.7,282,280.6,281.6,977.1948,489.2065
2026-09-24 12:00:00,281.5,284.2,280.9,283.2,1316.9613,775.9517
2026-09-24 12:15:00,283.2,283.6,281.8,282,632.1016,382.5439
2026-09-24 12:30:00,282,282,278.3,279.7,2848.9899,1418.0456
2026-09-24 12:45:00,279.8,281.8,278.9,281.3,1065.9435,549.9924
2026-09-24 13:00:00,281.3,284.1,281.3,284.1,1121.9342,607.3904
2026-09-24 13:15:00,284,286.1,283.9,284.7,1759.4064,1063.8662
2026-09-24 13:30:00,284.7,289.2,284.5,287.2,3562.903,1635.405
2026-09-24 13:45:00,287.2,288.5,286.9,288.3,1703.6316,904.3674
2026-09-24 14:00:00,288.2,289.6,287.6,288.7,2349.6919,1109.1013
2026-09-24 14:15:00,288.7,294.6,287.8,294.6,4030.3696,2644.9055
2026-09-24 14:30:00,294.5,295.6,291.7,291.8,3788.361,1870.4916
2026-09-24 14:45:00,291.8,291.8,283.1,286.1,5457.8996,2512.9099
2026-09-24 15:00:00,286.1,288.1,285,287.4,2231.7265,1436.007
2026-09-24 15:15:00,287.3,290,287.3,288.7,2188.2226,1177.1785
2026-09-24 15:30:00,288.7,292,288.6,291.4,3775.9862,2450.2093
2026-09-24 15:45:00,291.5,292,290,290.9,1404.1815,851.7835
2026-09-24 16:00:00,290.9,291,287.7,289.6,2220.3811,1021.7556
2026-09-24 16:15:00,289.6,295.8,289.5,295.5,5246.5414,3257.5991
2026-09-24 16:30:00,295.4,298.3,293,294.8,4677.5959,2023.7171
2026-09-24 16:45:00,294.9,297.2,293.3,293.9,2570.6407,1464.8098
2026-09-24 17:00:00,293.9,295.3,291.3,295,2649.3441,1680.0885
2026-09-24 17:15:00,295,296.9,291.9,293,3931.0932,2665.4969
2026-09-24 17:30:00,293.1,293.4,291.1,291.2,1362.2497,552.3398
2026-09-24 17:45:00,291.2,293.8,290.9,293,1099.9536,671.1526
2026-09-24 18:00:00,292.9,293.6,289.6,293.1,1736.0169,1126.6261
2026-09-24 18:15:00,293.1,296.1,292.6,295.6,1812.2398,1044.0586
2026-09-24 18:30:00,295.6,296.2,293,293.6,1526.0336,790.7889
2026-09-24 18:45:00,293.6,295.4,293.5,294.7,469.7116,229.5556
2026-09-24 19:00:00,294.7,294.8,292.4,293.5,655.4666,283.9764
2026-09-24 19:15:00,293.6,296.9,293.4,296.7,834.0887,577.8409
2026-09-24 19:30:00,296.6,301.7,295.6,300.5,7048.5718,3747.9577
2026-09-24 19:45:00,300.4,304.5,297.2,297.8,8934.9711,4887.1925
2026-09-24 20:00:00,297.9,299.1,296,296.2,3554.2375,1822.3589
2026-09-24 20:15:00,296.3,298.1,294.8,295.1,2793.8733,1250.1301
2026-09-24 20:30:00,295.2,297.1,294.3,296.1,1703.0593,816.3652
2026-09-24 20:45:00,296.1,300,296,299.6,3293.4107,2054.2585
2026-09-24 21:00:00,299.7,299.7,297.6,298.1,1220.0774,610.4644
2026-09-24 21:15:00,298.1,300.9,297.7,299.1,2731.6872,1492.0483
2026-09-24 21:30:00,299,301.6,298.3,298.6,1518.5737,791.1957
2026-09-24 21:45:00,298.7,299.4,295.7,296.4,1876.3287,998.8159
2026-09-24 22:00:00,296.3,296.6,294.8,295.6,970.7576,404.14
2026-09-24 22:15:00,295.7,296.1,292.5,293.3,2691.1181,1235.276
2026-09-24 22:30:00,293.3,297.5,293.1,295.7,1428.5634,734.8022
2026-09-24 22:45:00,295.7,297,294.1,294.4,650.5569,326.3579
2026-09-24 23:00:00,294.4,298.1,294.4,297.5,1544.5963,927.5687
2026-09-24 23:15:00,297.5,298,296,296.6,1492.6455,516.5752
2026-09-24 23:30:00,296.7,297.4,295.5,295.6,743.0454,424.0792
2026-09-24 23:45:00,295.6,296.8,295.4,296.3,1015.1262,476.1797
2026-09-25 00:00:00,296.4,300.1,296.3,299.8,1665.0148,1147.6008
2026-09-25 00:15:00,299.7,299.9,295.5,295.6,4194.9445,2266.6878
2026-09-25 00:30:00,295.6,298.5,294.9,297.4,2175.0514,1191.8781
2026-09-25 00:45:00,297.4,297.7,296.5,297.5,484.1664,258.1507
2026-09-25 01:00:00,297.5,300.3,297,299.1,1317.6649,934.1643
2026-09-25 01:15:00,299,299.9,296.8,297.2,1762.2113,947.7116
2026-09-25 01:30:00,297.3,297.4,295.4,296.8,913.6828,483.728
2026-09-25 01:45:00,296.8,296.8,295,295.3,696.2462,373.6086
2026-09-25 02:00:00,295.4,298.5,295,297.7,572.596,298.4138
2026-09-25 02:15:00,297.7,298.4,295.5,295.8,484.6249,253.0616
2026-09-25 02:30:00,295.7,296.3,293,293.9,897.302,428.9979
2026-09-25 02:45:00,294,294.8,293,294.7,564.6061,325.0056
2026-09-25 03:00:00,294.7,296.2,294,294.4,623.9876,291.7201
2026-09-25 03:15:00,294.5,295.9,294.4,294.8,1250.4646,369.0992
2026-09-25 03:30:00,294.9,295.8,293.9,293.9,1239.9621,400.7191
2026-09-25 03:45:00,293.8,294.5,293.3,294.3,465.6409,212.4137
2026-09-25 04:00:00,294.4,295,293.4,294.2,523.2706,294.3645
2026-09-25 04:15:00,294.2,296.7,294,296.1,715.0499,348.5915
2026-09-25 04:30:00,296.2,300.9,296,300.6,2359.2167,1464.0325
2026-09-25 04:45:00,300.6,301.9,298.1,298.2,3465.7856,1366.3215
2026-09-25 05:00:00,298.3,300.9,297.1,298,1783.4808,843.7174
2026-09-25 05:15:00,298,299.2,296.7,297.5,534.235,287.167
2026-09-25 05:30:00,297.5,299.2,296.5,298.8,838.7532,497.5722
2026-09-25 05:45:00,298.7,300,297.6,299.3,1306.1451,441.659
2026-09-25 06:00:00,299.4,299.6,295.5,297.8,2630.3241,720.4496
2026-09-25 06:15:00,297.8,300.9,296.8,299.1,1901.0755,1208.9191
2026-09-25 06:30:00,299.1,300,296.7,297.1,763.1399,407.6463
2026-09-25 06:45:00,297.1,297.8,296.3,296.4,1048.7429,524.7942
2026-09-25 07:00:00,296.3,297,294.7,295.4,635.2397,192.8099
2026-09-25 07:15:00,295.4,298.5,295.4,297.9,1299.3403,768.5902
2026-09-25 07:30:00,298,298.3,295.2,295.9,677.0287,313.9939
2026-09-25 07:45:00,295.8,298.7,295.6,298.5,511.2425,231.1732
2026-09-25 08:00:00,298.5,299,296.9,298.1,687.1246,462.1767
2026-09-25 08:15:00,298.1,303.2,298.1,303,1792.768,1099.3383
2026-09-25 08:30:00,303,304,301.9,302,1249.803,630.2733
2026-09-25 08:45:00,302,302.9,300.6,302.7,734.6128,254.8766
2026-09-25 09:00:00,302.7,305.4,302.5,304.9,3252.6438,2198.8884
2026-09-25 09:15:00,305,306.7,304.2,306.4,2363.2016,1346.8864
2026-09-25 09:30:00,306.4,306.6,304.6,305.5,1672.6669,752.0229
2026-09-25 09:45:00,305.4,305.6,303.5,304.3,1862.0011,687.881
2026-09-25 10:00:00,304.4,304.6,301.4,302.1,1804.4811,841.8685
2026-09-25 10:15:00,302.1,303.7,301.7,303.4,1050.1527,545.8298
2026-09-25 10:30:00,303.4,304.4,301.9,303.9,1740.8691,879.6698
2026-09-25 10:45:00,303.9,305.3,303.1,304.7,1524.0148,853.2681
2026-09-25 11:00:00,304.8,309.4,304.2,308.9,3766.9601,2261.8974
2026-09-25 11:15:00,308.9,310.1,307.3,309.7,2991.0568,1713.2764
2026-09-25 11:30:00,309.8,309.9,306.7,307,2821.7508,1359.5176
2026-09-25 11:45:00,306.9,307.5,304.9,305.5,2281.9495,1317.0379
2026-09-25 12:00:00,305.5,311.8,305.2,311.6,5077.2401,2863.5748
2026-09-25 12:15:00,311.5,311.5,303.6,308.9,4728.3769,2207.7588
2026-09-25 12:30:00,308.9,310.9,306.6,306.6,2381.355,950.2784
2026-09-25 12:45:00,306.7,307.8,305.2,306.6,1792.622,1078.4721
2026-09-25 13:00:00,306.5,307.4,303.7,304.5,3171.1714,1668.7073
2026-09-25 13:15:00,304.6,305.8,302.3,303.8,2846.3823,1279.572
2026-09-25 13:30:00,303.8,306,301.5,302.5,2038.3395,930.4833
2026-09-25 13:45:00,302.5,305.4,298.2,303.9,5493.564,2260.4058
2026-09-25 14:00:00,303.8,304.4,297.1,300.3,4818.9335,2180.3486
2026-09-25 14:15:00,300.2,303.3,299.2,302.3,1560.6559,876.1744
2026-09-25 14:30:00,302.2,305.6,301.4,302.1,1835.0837,647.8585
2026-09-25 14:45:00,302.1,304.5,300.2,304.3,1517.3531,738.1479
2026-09-25 15:00:00,304.3,305.5,302.7,304.3,1546.449,670.8696
2026-09-25 15:15:00,304.4,304.7,301.2,302.1,1947.2982,1013.2186
2026-09-25 15:30:00,302.1,303.9,300.2,300.4,2297.302,960.5313
2026-09-25 15:45:00,300.4,303.2,298.3,303.1,2713.2508,865.0273
2026-09-25 16:00:00,303.1,307.3,303.1,307,5564.5343,3582.3899
2026-09-25 16:15:00,307.2,308.8,304.2,306.2,2534.9792,1371.3894
2026-09-25 16:30:00,306.1,306.8,304.4,305.6,2131.7104,816.4156
2026-09-25 16:45:00,305.6,305.6,303,303.6,1457.4018,523.5174
2026-09-25 17:00:00,303.6,306.9,303.6,305.8,1115.6056,493.789
2026-09-25 17:15:00,305.8,305.9,301.7,301.7,1978.8273,708.6203
2026-09-25 17:30:00,301.7,303.8,301,303.3,1501.5167,888.0227
2026-09-25 17:45:00,303.3,304,302.1,303.7,685.6244,283.8412
2026-09-25 18:00:00,303.7,305.6,302.7,304.7,1221.1635,527.0374
2026-09-25 18:15:00,304.6,307.7,304.4,304.8,2273.4489,1111.6017
2026-09-25 18:30:00,304.9,306.4,304.3,306.1,961.058,505.3091
2026-09-25 18:45:00,306.2,307,305.6,306.3,1134.0086,484.5014
2026-09-25 19:00:00,306.3,308.3,305.5,308.2,2617.9071,1544.8543
2026-09-25 19:15:00,308.1,308.2,306.9,307,1470.8395,544.6072
2026-09-25 19:30:00,307.1,308.3,306.9,307.9,1613.6508,511.2408
2026-09-25 19:45:00,307.9,309.4,306.9,307.1,2265.3207,980.998
2026-09-25 20:00:00,307.2,308.8,306.7,308.6,1257.2627,622.0645
2026-09-25 20:15:00,308.6,315.4,307.9,314.6,5379.9879,3683.887
2026-09-25 20:30:00,314.6,317,313.3,314.1,3274.0119,1603.6276
2026-09-25 20:45:00,314.1,314.1,309.4,309.5,2121.5339,701.5947
2026-09-25 21:00:00,309.6,310.4,306.7,307.8,2285.6707,758.2632
2026-09-25 21:15:00,307.8,310.6,307.2,310.1,1422.3316,727.3513
2026-09-25 21:30:00,310.1,310.5,307.2,310.3,1285.4153,646.2343
2026-09-25 21:45:00,310.4,311.5,309.1,310.5,1229.1002,712.5784
2026-09-25 22:00:00,310.5,315.1,310.1,314.1,2468.6474,1065.4854
2026-09-25 22:15:00,314.2,315,312.6,314.5,1880.5873,820.4544
2026-09-25 22:30:00,314.6,317,314.1,316.4,2028.3741,756.546
2026-09-25 22:45:00,316.4,316.8,314.6,315.6,1189.9911,426.0649
2026-09-25 23:00:00,315.6,320.8,315.6,320.2,5166.7999,3252.3844
2026-09-25 23:15:00,320.3,321,317,317.2,2283.1486,856.4552
2026-09-25 23:30:00,317.3,318.9,316.1,318.4,1573.4734,1011.2579
2026-09-25 23:45:00,318.4,318.7,316.8,317.8,678.2682,286.6501
2026-09-26 00:00:00,317.7,318.7,315.7,317.5,1104.5861,528.6477
2026-09-26 00:15:00,317.4,317.7,314.8,315,642.2675,286.7271
2026-09-26 00:30:00,315,315,311.4,312.7,2000.8135,846.5355
2026-09-26 00:45:00,312.8,313.7,312.2,313.3,1087.0999,487.2271
2026-09-26 01:00:00,313.3,314,311.6,312.2,1007.0893,435.1185
2026-09-26 01:15:00,312.2,314.3,311.6,313.2,726.8503,525.5772
2026-09-26 01:30:00,313.2,317.2,313.2,317.1,1664.7417,1174.4704
2026-09-26 01:45:00,317,317.3,314.9,315.5,1201.9983,390.4237
2026-09-26 02:00:00,315.5,316.6,313.4,316.5,1396.1265,768.4941
2026-09-26 02:15:00,316.4,317,315.2,315.4,775.2304,471.063
2026-09-26 02:30:00,315.4,316.5,315,315.6,1014.804,519.7726
2026-09-26 02:45:00,315.5,316.4,314,315.1,614.897,216.6436
2026-09-26 03:00:00,315,315,311.6,312.4,988.3891,334.1996
2026-09-26 03:15:00,312.4,313.8,312.2,313.7,351.4681,252.169
2026-09-26 03:30:00,313.6,314.4,312.6,312.6,488.4659,232.6662
2026-09-26 03:45:00,312.6,313,311.5,311.6,891.4553,369.5022
2026-09-26 04:00:00,311.6,313.4,311.3,312.1,1201.665,402.7519
2026-09-26 04:15:00,312.2,313.5,310.9,311.4,1579.8573,747.535
2026-09-26 04:30:00,311.3,312.3,309.8,312.3,1800.6222,883.5474
2026-09-26 04:45:00,312.4,314.2,312.1,312.8,975.6371,541.0046
2026-09-26 05:00:00,312.7,313.2,311.6,311.7,783.2208,429.583
2026-09-26 05:15:00,311.6,312.3,310.6,310.7,914.3529,480.0738
2026-09-26 05:30:00,310.7,311.7,309.7,311.4,1298.6356,697.101
2026-09-26 05:45:00,311.4,311.7,309.9,310.3,794.7035,398.6708
2026-09-26 06:00:00,310.2,310.6,309,310.4,836.4628,399.3183
2026-09-26 06:15:00,310.3,311.6,309.9,310.1,553.529,213.6457
2026-09-26 06:30:00,310,311.3,309.9,310.2,660.1024,224.592
2026-09-26 06:45:00,310.3,311.3,309.9,310.1,547.7837,289.7003
2026-09-26 07:00:00,310.2,313.2,310.2,312.7,694.6597,330.2194
2026-09-26 07:15:00,312.7,312.9,311.7,311.8,427.4767,203.1509
2026-09-26 07:30:00,311.9,313.7,311.9,313.5,909.3017,462.4723
2026-09-26 07:45:00,313.4,315.1,313.4,313.8,1386.9963,678.241
2026-09-26 08:00:00,313.8,314.7,312.4,312.7,563.6629,230.1617
2026-09-26 08:15:00,312.6,312.6,310.3,312.1,909.4166,446.9879
2026-09-26 08:30:00,312.1,314.9,312.1,314.1,857.3128,494.8292
2026-09-26 08:45:00,314.2,314.2,312.3,312.6,521.0928,258.7003
2026-09-26 09:00:00,312.6,317.3,312,314.6,4884.4077,3061.9354
2026-09-26 09:15:00,314.6,318,313.9,315.2,2602.9834,1365.9789
2026-09-26 09:30:00,315.2,316.1,314,315.1,2539.1694,1865.5976
2026-09-26 09:45:00,315,315.1,312.5,312.9,1251.9965,522.6353
2026-09-26 10:00:00,313,318.4,313,317.9,2278.5453,1416.0152
2026-09-26 10:15:00,317.9,319.1,317.7,318.3,2475.3487,1270.7777
2026-09-26 10:30:00,318.3,319.6,318.1,318.3,1628.8019,866.452
2026-09-26 10:45:00,318.4,320.3,317.7,320,2194.9807,1379.4695
2026-09-26 11:00:00,320,320.9,319.4,320.3,1453.6967,894.3784
2026-09-26 11:15:00,320.3,322.8,319.7,321.6,2366.9314,1399.1408
2026-09-26 11:30:00,321.6,323.4,320.1,323.1,1758.6388,919.9101
2026-09-26 11:45:00,323.1,332.3,323,329.8,11716.4798,6174.288
2026-09-26 12:00:00,329.9,334.8,329.9,334.5,7227.5616,4019.0707
2026-09-26 12:15:00,334.5,337.9,332.7,333.8,7673.5318,3619.1556
2026-09-26 12:30:00,333.7,334.7,330.1,330.1,4580.0933,2110.8636
2026-09-26 12:45:00,330.1,332.5,329.9,331.2,3509.6903,1614.4883
2026-09-26 13:00:00,331.1,333.4,329.1,330,3002.4312,1037.9722
2026-09-26 13:15:00,330,330.6,325.1,325.9,5592.4006,2046.2314
2026-09-26 13:30:00,325.9,329.4,325.7,327.1,2019.1265,997.4875
2026-09-26 13:45:00,327.1,328,326,326.2,971.0538,420.3042
2026-09-26 14:00:00,326.2,326.8,324.3,326.2,2323.0824,725.7627
2026-09-26 14:15:00,326.2,326.4,324.6,324.6,1086.6096,472.5581
2026-09-26 14:30:00,324.6,328.9,324.4,327,2307.445,1250.9867
2026-09-26 14:45:00,327,330.1,325.5,329.4,1927.1264,1083.5972
2026-09-26 15:00:00,329.4,330.1,326,328.5,2747.542,1641.206
2026-09-26 15:15:00,328.5,332.2,328.4,331.3,2949.3832,1260.2339
2026-09-26 15:30:00,331.4,336.9,331.2,335.2,5673.9202,2539.2276
2026-09-26 15:45:00,335.2,341.3,334.9,338.6,7356.1897,4268.98
2026-09-26 16:00:00,338.6,338.8,334,334.6,3886.6629,1515.8961
2026-09-26 16:15:00,334.5,335.6,330.9,333.4,3757.5137,1205.2005
2026-09-26 16:30:00,333.4,334.9,333.1,334.2,1413.2121,694.9815
2026-09-26 16:45:00,334.2,334.7,333,333.9,996.5502,551.1746
2026-09-26 17:00:00,333.9,334,331.3,332.4,1132.9911,512.7021
2026-09-26 17:15:00,332.3,332.3,330.6,331.7,974.7351,478.8634
2026-09-26 17:30:00,331.7,332.4,330.9,332.1,1064.5201,671.6066
2026-09-26 17:45:00,332,332.2,329.2,329.9,1248.4919,641.377
2026-09-26 18:00:00,330,330,326.7,327.4,1301.3353,585.8595
2026-09-26 18:15:00,327.4,327.6,326.1,326.9,1283.2161,762.5189
2026-09-26 18:30:00,327,327.4,322.7,323.2,2347.6544,1004.5954
2026-09-26 18:45:00,323.3,323.4,320.9,321.2,2179.418,1131.1294
2026-09-26 19:00:00,321.2,324.4,321.2,323.3,2549.3494,1924.6109
2026-09-26 19:15:00,323.3,324.4,322.6,323,716.883,350.8284
2026-09-26 19:30:00,323.1,323.1,320.6,321.9,852.4316,414.1204
2026-09-26 19:45:00,321.8,322.4,320.4,320.8,517.4273,269.077
2026-09-26 20:00:00,320.9,321,316.5,319.5,1959.7623,646.4015
2026-09-26 20:15:00,319.6,320.3,319.1,319.7,842.2419,447.2577
2026-09-26 20:30:00,319.7,319.7,312.9,313.7,3670.0263,1222.7944
2026-09-26 20:45:00,313.8,315,311.7,314.8,3655.9142,1645.7978
2026-09-26 21:00:00,314.8,316.1,314.4,315.9,1963.5835,1082.9707
2026-09-26 21:15:00,315.8,318.8,315.7,318.5,1191.0337,653.6335
2026-09-26 21:30:00,318.6,319.7,317.5,317.9,2074.3176,1225.5036
2026-09-26 21:45:00,318,318.4,316.7,318.1,1385.2889,830.4201
2026-09-26 22:00:00,318,320.7,318,320.3,1319.5879,737.1007
2026-09-26 22:15:00,320.3,320.4,318.7,319.7,684.7706,353.0518
2026-09-26 22:30:00,319.6,319.6,318.7,319,381.825,231.0161
2026-09-26 22:45:00,319,320,319,319.4,491.5525,306.8569
2026-09-26 23:00:00,319.4,321.4,319.4,321.3,887.6139,676.6445
2026-09-26 23:15:00,321.2,321.5,320,320.7,709.0423,482.9898
2026-09-26 23:30:00,320.6,321,320,320.7,465.3649,304.0274
2026-09-26 23:45:00,320.7,322.1,320.7,321.2,946.2278,415.1316
2026-09-27 00:00:00,321.2,321.5,319.8,320.2,551.7318,289.0431
2026-09-27 00:15:00,320.3,321,319.9,320.9,192.1803,110.6362
2026-09-27 00:30:00,320.9,321.3,319.8,320,682.2728,389.6628
2026-09-27 00:45:00,320,320.2,318.4,319,438.6299,139.4922
2026-09-27 01:00:00,318.9,319.3,317.8,319,1001.4807,407.6564
2026-09-27 01:15:00,318.9,319.1,317.1,317.5,597.0789,250.5767
2026-09-27 01:30:00,317.5,319.6,317.4,319.6,960.0413,564.2752
2026-09-27 01:45:00,319.6,323.3,319.6,322.3,1326.3125,829.8255
2026-09-27 02:00:00,322.2,324.7,321.6,323.2,2395.0859,1313.9522
2026-09-27 02:15:00,323.2,323.2,321.6,321.6,732.567,377.2865
2026-09-27 02:30:00,321.6,323,321.3,322.5,1081.2877,683.7726
2026-09-27 02:45:00,322.3,322.8,320,320.3,979.3879,304.1733
2026-09-27 03:00:00,320.2,322.2,320.2,321.4,1181.3804,750.4852
2026-09-27 03:15:00,321.4,321.4,320.3,320.6,381.9152,198.6974
2026-09-27 03:30:00,320.6,322,320.4,321.2,541.6972,372.5201
2026-09-27 03:45:00,321.1,321.3,320.4,320.8,343.4799,163.5374
2026-09-27 04:00:00,320.7,321.8,319.4,321.4,715.0786,419.1872
2026-09-27 04:15:00,321.4,321.7,318.8,319.3,1641.9285,588.824
2026-09-27 04:30:00,319.3,319.6,318.4,318.8,633.3169,277.7545
2026-09-27 04:45:00,318.7,319.5,318.3,318.5,765.3766,284.3572
2026-09-27 05:00:00,318.4,322.9,318.4,321.7,1056.2419,663.4118
2026-09-27 05:15:00,321.7,322.7,321,321.1,880.3416,345.4784
2026-09-27 05:30:00,321.1,323.5,320.6,321.7,1495.8336,1083.3249
2026-09-27 05:45:00,321.8,326.6,321.6,326.4,6323.2975,2650.3456
2026-09-27 06:00:00,326.3,328.2,324.8,325.3,2166.6994,1407.1964
2026-09-27 06:15:00,325.2,328.5,324.9,327.9,1747.1414,1218.7175
2026-09-27 06:30:00,327.9,328,326.4,326.9,1494.6851,801.3607
2026-09-27 06:45:00,326.8,330.3,326.8,329.6,2652.5563,1602.4527
2026-09-27 07:00:00,329.6,330.5,328.4,328.4,1250.5183,480.1994
2026-09-27 07:15:00,328.5,331.3,328.4,330,1286.9924,766.9439
2026-09-27 07:30:00,330.1,330.1,327.8,328.9,1589.3419,893.9712
2026-09-27 07:45:00,328.8,334.1,328.7,333.7,4099.4001,2616.095
2026-09-27 08:00:00,333.8,334.7,332.4,334.3,2913.5672,1259.4242
2026-09-27 08:15:00,334.3,335.9,333.5,335.6,3198.7003,1504.7364
2026-09-27 08:30:00,335.5,336.4,330.3,330.5,2427.7471,1017.0506
2026-09-27 08:45:00,330.5,331.4,329,329.6,2197.384,879.3699
2026-09-27 09:00:00,329.6,329.8,326.9,328.2,2278.9196,1225.7103
2026-09-27 09:15:00,328.1,328.1,326.6,328,446.568,192.8922
2026-09-27 09:30:00,328,334.4,328,332.6,3915.6277,2167.9639
2026-09-27 09:45:00,332.4,334.1,332,332.9,2235.586,1159.4752
2026-09-27 10:00:00,332.8,334,331.7,333.9,2173.4195,943.4916
2026-09-27 10:15:00,333.7,334.2,332.6,333.2,1274.901,607.483
2026-09-27 10:30:00,333.2,333.3,329.8,330.5,5180.4908,2293.2165
2026-09-27 10:45:00,330.5,331.1,329.3,330.2,1007.5923,581.4223
2026-09-27 11:00:00,330.1,330.3,328.9,329.5,751.4808,359.8216
2026-09-27 11:15:00,329.4,330.9,328.5,330.4,1700.0471,887.2757
2026-09-27 11:30:00,330.5,331.8,329.2,329.7,895.3293,474.8425
2026-09-27 11:45:00,329.7,330.9,329.4,330.4,790.916,458.3738
2026-09-27 12:00:00,330.4,337.1,330.1,335.9,5259.3906,2912.1999
2026-09-27 12:15:00,335.8,335.9,333.5,334,1578.8897,891.0968
2026-09-27 12:30:00,334,336,333.7,334.5,1112.3481,550.0091
2026-09-27 12:45:00,334.5,334.8,332.1,332.2,1576.4741,361.6014
2026-09-27 13:00:00,332.2,332.3,327,327.8,4693.1403,1751.7946
2026-09-27 13:15:00,327.8,329.3,327,329,1966.748,826.2183
2026-09-27 13:30:00,329,331.1,327.4,327.6,1191.8163,723.0192
2026-09-27 13:45:00,327.7,329.8,325.5,329.6,1407.738,661.358
2026-09-27 14:00:00,329.6,329.8,327.4,327.7,1101.5745,419.164
2026-09-27 14:15:00,327.7,328.8,324.5,325.1,1582.7736,758.2662
2026-09-27 14:30:00,325.1,326.8,324.1,325.2,1711.8905,704.417
2026-09-27 14:45:00,325.1,325.2,323.4,323.4,1553.9916,676.8216
2026-09-27 15:00:00,323.5,324.2,319.7,320.4,4629.3852,1605.4165
2026-09-27 15:15:00,320.4,322.6,318.2,320.6,4103.2382,1498.5045
2026-09-27 15:30:00,320.6,321.7,320,320.4,1408.0295,771.0384
2026-09-27 15:45:00,320.3,322.1,320.2,321.9,939.6116,331.1826
2026-09-27 16:00:00,322,324,321.2,323.9,1152.6949,715.3628
2026-09-27 16:15:00,323.7,325.2,323.1,323.4,768.3155,363.6007
2026-09-27 16:30:00,323.4,324.6,322.6,323.5,742.0583,338.883
2026-09-27 16:45:00,323.5,324.3,322.9,323.3,713.9263,332.3106
2026-09-27 17:00:00,323.2,324.5,323.2,324.2,481.4639,216.3745
2026-09-27 17:15:00,324.2,324.4,323.1,323.2,473.2543,209.1792
2026-09-27 17:30:00,323.2,324.4,323,323.8,445.3644,225.5961
2026-09-27 17:45:00,323.7,325.4,323.7,324.8,648.3872,389.865
2026-09-27 18:00:00,324.8,327.6,324.4,327.3,1525.6184,634.8131
2026-09-27 18:15:00,327.3,327.9,326.5,327.7,1093.9482,595.0202
2026-09-27 18:30:00,327.8,327.8,326.7,327.7,539.9612,260.0591
2026-09-27 18:45:00,327.8,329.6,327.5,329.5,680.6158,289.6987
2026-09-27 19:00:00,329.5,329.6,327.3,328.5,1062.3412,187.6227
2026-09-27 19:15:00,328.6,329.5,327.5,327.9,653.7347,328.6302
2026-09-27 19:30:00,328,329.8,327.6,329,624.1848,262.1835
2026-09-27 19:45:00,329.1,329.5,327.3,328.2,613.0515,302.4742
2026-09-27 20:00:00,328.2,329.6,327.9,328.5,573.6229,312.3908
2026-09-27 20:15:00,328.5,328.5,325.3,325.7,1297.0946,445.6871
2026-09-27 20:30:00,325.8,327,325.5,327,701.7004,287.7915
2026-09-27 20:45:00,327.1,327.2,324.6,325.3,577.4371,263.0927
2026-09-27 21:00:00,325.2,328.1,325,328,396.2213,221.3525
2026-09-27 21:15:00,328.1,329.3,327.2,327.4,595.8134,315.5501
2026-09-27 21:30:00,327.3,327.6,325.1,326.3,645.5946,384.1032
2026-09-27 21:45:00,326.3,328.7,326.3,328,577.6626,374.4328
2026-09-27 22:00:00,328,328.7,322.2,322.9,1802.8523,829.2189
2026-09-27 22:15:00,322.9,325.8,321.3,324.9,1184.6308,735.801
2026-09-27 22:30:00,324.8,324.9,320.5,320.7,1482.6419,852.9526
2026-09-27 22:45:00,320.7,320.8,318.5,319.5,2959.607,1543.8548
2026-09-27 23:00:00,319.5,320.7,317.6,318.2,1855.3655,739.8192
2026-09-27 23:15:00,318.1,321.5,318,320.6,1810.5988,1138.1238
2026-09-27 23:30:00,320.6,321.1,318.6,319,908.575,397.5407
2026-09-27 23:45:00,319.1,321,318.9,319.8,2048.9975,1502.1106
2026-09-28 00:00:00,319.7,319.8,316.3,318.2,2323.4641,1022.5769
2026-09-28 00:15:00,318.1,323.1,317.9,320,3702.812,1957.9292
2026-09-28 00:30:00,320.1,320.1,315.4,316.6,2411.2711,1171.6676
2026-09-28 00:45:00,316.7,319.7,315.3,315.4,1210.4567,878.7436
2026-09-28 01:00:00,315.3,316.7,312.9,313.1,2893.8311,1040.0499
2026-09-28 01:15:00,313.1,316.2,312.8,314.7,2252.1895,1073.6823
2026-09-28 01:30:00,314.6,315.7,313,313.2,1089.9371,398.9726
2026-09-28 01:45:00,313.1,313.7,310.9,312.7,3485.0497,927.6073
2026-09-28 02:00:00,312.6,314,309.1,313,4818.7991,1869.575
2026-09-28 02:15:00,313,313.5,311.6,311.9,1273.9153,575.4594
2026-09-28 02:30:00,311.8,313.1,310.3,311.7,2802.0564,937.1917
2026-09-28 02:45:00,311.6,312.1,310,311.4,1448.7069,741.1478
2026-09-28 03:00:00,311.4,312.9,310,310.7,1107.4106,527.3513
2026-09-28 03:15:00,310.6,311.7,307.6,308.1,1664.6332,716.9299
2026-09-28 03:30:00,308.1,310.5,306.3,309.4,1776.0892,654.9233
2026-09-28 03:45:00,309.4,310.7,307.5,307.9,1610.3816,680.7865
2026-09-28 04:00:00,308,308.4,305.2,308.1,2132.3578,1245.4712
2026-09-28 04:15:00,308,309.9,306.6,308.7,2624.3571,1004.1532
2026-09-28 04:30:00,308.6,310,308,309.5,820.5058,487.4075
2026-09-28 04:45:00,309.5,310.3,308.4,309.5,948.8792,483.4179
2026-09-28 05:00:00,309.5,310.4,306.3,307.2,855.4339,483.3883
2026-09-28 05:15:00,307.3,307.8,306,306.6,1553.306,739.1286
2026-09-28 05:30:00,306.6,307.9,303.3,307.7,3086.6311,1243.6593
2026-09-28 05:45:00,307.8,308.3,305.7,307.2,2206.9285,1353.0907
2026-09-28 06:00:00,307.1,308.4,305.7,307.3,809.613,418.4039
2026-09-28 06:15:00,307.2,307.2,305,305.1,1222.9558,605.7863
2026-09-28 06:30:00,305,306.4,304.7,305.8,1047.4958,470.6279
2026-09-28 06:45:00,305.7,306.3,304.5,305.3,1753.1697,675.7546
2026-09-28 07:00:00,305.3,307.2,303.9,304.2,2210.5014,766.8572
2026-09-28 07:15:00,304.3,305,301.5,302.1,2090.8731,801.9824
2026-09-28 07:30:00,302.1,303.7,301.4,302.5,1437.4881,486.9683
2026-09-28 07:45:00,302.5,303.3,301.1,301.2,1578.9217,543.0223
2026-09-28 08:00:00,301.2,304.8,300.9,304.6,2140.0427,1106.2884
2026-09-28 08:15:00,304.7,305.1,303.1,303.5,637.2984,342.7592
2026-09-28 08:30:00,303.6,304.7,302.5,303,1597.7388,682.3852
2026-09-28 08:45:00,303.1,304.5,302.7,303.8,1467.7827,560.3738
2026-09-28 09:00:00,303.8,304.2,299.6,303.2,4013.8654,1325.4478
2026-09-28 09:15:00,303.2,304.8,301.7,302,854.8991,470.7967
2026-09-28 09:30:00,302.1,302.7,299,299.7,2382.0798,850.9067
2026-09-28 09:45:00,299.7,301.2,297.6,298.6,4255.8285,1606.3333
2026-09-28 10:00:00,298.6,301.2,298.6,300,2038.5543,1289.1015
2026-09-28 10:15:00,300.1,302.5,300.1,301.6,1685.2551,980.0115
2026-09-28 10:30:00,301.6,305.8,301.4,305.4,2937.1982,2065.0481
2026-09-28 10:45:00,305.3,306.6,304.4,304.5,3689.1324,2560.0238
2026-09-28 11:00:00,304.5,306.4,304.4,304.8,3121.3951,2074.5964
2026-09-28 11:15:00,304.7,305.8,304.1,304.9,2118.3145,1232.0557
2026-09-28 11:30:00,304.8,307.8,304.5,307.1,2891.3586,2143.0882
2026-09-28 11:45:00,306.9,307,305.4,306.3,1932.3512,1328.1631
2026-09-28 12:00:00,306.3,309.4,304.5,308.1,3845.1132,2469.441
2026-09-28 12:15:00,308.1,309.6,306,306.7,3520.1561,2407.9496
2026-09-28 12:30:00,306.7,306.8,304.5,306.5,2398.2914,1209.0507
2026-09-28 12:45:00,306.6,309.2,306.4,307.9,2193.8272,1484.964
2026-09-28 13:00:00,307.8,307.9,305.8,307.9,1719.9239,1098.2505
2026-09-28 13:15:00,307.9,308.9,306,308.7,1903.4598,1159.0598
2026-09-28 13:30:00,308.7,310.8,306.5,309.8,3270.6906,2015.0239
2026-09-28 13:45:00,309.7,310.6,306.9,307.2,3595.2433,2470.2861
2026-09-28 14:00:00,307.1,307.1,304,305.2,2257.8067,1087.7797
2026-09-28 14:15:00,305.2,306.5,300.6,301.6,3381.4502,1619.9335
2026-09-28 14:30:00,301.6,303.9,299,300.5,4224.9833,2561.9671
2026-09-28 14:45:00,300.6,301.6,297.6,300.9,4074.0811,1631.7049
2026-09-28 15:00:00,301,301.6,294.6,296,6462.8418,3328.3301
2026-09-28 15:15:00,296,299.9,294.8,299.3,3691.8357,1639.0863
2026-09-28 15:30:00,299.3,301.2,298.1,299.1,1939.7904,1158.2314
2026-09-28 15:45:00,299.1,300.8,299,300.1,2582.4307,1595.3118
2026-09-28 16:00:00,300.1,301.9,298.5,300.5,1069.0581,563.953
2026-09-28 16:15:00,300.4,307.2,300.2,306.8,3027.6625,1846.3725
2026-09-28 16:30:00,306.8,307.1,300.6,301.5,3856.3394,1631.5947
2026-09-28 16:45:00,301.6,303,300.9,302.9,799.846,540.5132
2026-09-28 17:00:00,302.8,306.2,299.4,306.2,2582.0787,1319.4667
2026-09-28 17:15:00,306.2,306.5,302.2,302.4,1237.8254,562.7599
2026-09-28 17:30:00,302.4,305.1,302,304.6,1313.2984,745.1776
2026-09-28 17:45:00,304.7,305.5,303.6,305.3,636.871,334.2249
2026-09-28 18:00:00,305.2,306.6,304,306.1,1413.8697,550.9949
2026-09-28 18:15:00,306.1,307.5,305.1,305.5,1470.319,928.1428
2026-09-28 18:30:00,305.4,305.8,304,305.7,863.8451,510.8204
2026-09-28 18:45:00,305.6,307.7,304.9,307.7,1092.7538,614.5181
2026-09-28 19:00:00,307.8,307.8,303.5,304.2,1742.8259,769.8826
2026-09-28 19:15:00,304.2,305,302.6,303,915.5313,289.7723
2026-09-28 19:30:00,303,304.6,300.1,302.8,2146.5271,802.9846
2026-09-28 19:45:00,302.9,304.8,302.2,303.8,2432.1462,1408.7922
2026-09-28 20:00:00,303.8,307.4,301.7,306.2,2303.2204,872.7414
2026-09-28 20:15:00,306.2,307.6,305,307.6,734.4307,400.9675
2026-09-28 20:30:00,307.7,308.6,306.2,306.3,1504.74,767.5608
2026-09-28 20:45:00,306.3,307.8,305.9,307.4,621.4251,305.7455
2026-09-28 21:00:00,307.4,309.5,307.4,307.6,1132.5602,531.505
2026-09-28 21:15:00,307.6,307.6,304.2,305,2113.0294,970.7501
2026-09-28 21:30:00,305,305.7,303.4,303.8,544.6685,282.7129
2026-09-28 21:45:00,303.9,304,301.5,301.8,883.7549,576.6845
2026-09-28 22:00:00,301.9,301.9,299.7,300.9,1331.6621,578.2457
2026-09-28 22:15:00,300.8,302.4,300.4,302,375.3653,184.3007
2026-09-28 22:30:00,302,304.6,301.8,304.5,562.098,352.3389
2026-09-28 22:45:00,304.4,305.5,304.3,304.6,429.9075,172.4291
2026-09-28 23:00:00,304.7,306.6,304.3,305,349.3317,200.9427
2026-09-28 23:15:00,305,307.3,305,307.3,380.7709,219.1844
2026-09-28 23:30:00,307.4,307.7,306.2,306.9,529.7082,222.957
2026-09-28 23:45:00,306.9,308.6,306.4,308.2,1365.5822,789.7622
2026-09-29 00:00:00,308.3,309.8,307.8,308.3,1312.0389,762.7827
2026-09-29 00:15:00,308.4,308.4,305.9,307.2,2662.6019,619.9521
2026-09-29 00:30:00,307.1,308.7,306.5,306.6,384.8578,217.7641
2026-09-29 00:45:00,306.6,306.6,304.1,304.1,889.3935,547.1478
2026-09-29 01:00:00,304.1,306.4,302,302.4,783.7317,320.0964
2026-09-29 01:15:00,302.3,303.7,299.1,299.1,1768.324,891.9344
2026-09-29 01:30:00,299,299.9,297.2,298.5,1846.2203,888.0598
2026-09-29 01:45:00,298.6,301.7,298.3,300.2,1670.7352,1133.5841
2026-09-29 02:00:00,300.3,301.6,296.9,298.2,1823.8793,948.3648
2026-09-29 02:15:00,298.1,299.8,296,296.5,1760.3973,997.6366
2026-09-29 02:30:00,296.5,299,295.5,298.6,1648.9687,1017.769
2026-09-29 02:45:00,298.7,299.6,296.7,298.4,2224.3382,938.405
2026-09-29 03:00:00,298.4,299.5,297.3,297.7,1307.3478,605.5967
2026-09-29 03:15:00,297.6,302.9,297.1,302.7,1084.0955,594.5209
2026-09-29 03:30:00,302.6,303.3,301.3,302.4,1187.4369,521.1397
2026-09-29 03:45:00,302.4,302.8,300.6,301,694.6345,240.9706
2026-09-29 04:00:00,301.1,302.7,299.1,302,670.2985,339.0847
2026-09-29 04:15:00,302,303.6,301.4,301.9,850.2835,401.6484
2026-09-29 04:30:00,301.8,302.2,300.3,301.3,563.3788,411.4854
2026-09-29 04:45:00,301.2,301.8,299.6,301.2,822.5242,277.7891
2026-09-29 05:00:00,301.2,302.6,300.3,302.2,651.4564,463.0502
2026-09-29 05:15:00,302.2,303.7,301,302.6,624.2401,341.7109
2026-09-29 05:30:00,302.5,303,299,302.5,929.9039,352.0469
2026-09-29 05:45:00,302.4,304.2,301.8,303.5,612.6987,241.8588
2026-09-29 06:00:00,303.4,306,303.3,305.7,1074.9733,486.0142
2026-09-29 06:15:00,305.7,305.9,303.6,304.1,1104.2043,498.3682
2026-09-29 06:30:00,304.1,305.5,303.9,305,955.9731,462.5038
2026-09-29 06:45:00,304.9,309.2,304.9,308.9,2291.8386,1340.8582
2026-09-29 07:00:00,308.9,311.7,307.4,311,2658.7309,1478.1774
2026-09-29 07:15:00,311.1,312.6,310.5,311.8,2754.8337,1374.4061
2026-09-29 07:30:00,311.7,313.8,311.7,312.2,2540.9304,1104.6149
2026-09-29 07:45:00,312.3,314.7,312.1,313.9,1763.5908,879.04
2026-09-29 08:00:00,314,314.3,311.7,313.2,1662.5387,595.8502
2026-09-29 08:15:00,313.1,316,312.8,314.3,1691.6552,942.0872
2026-09-29 08:30:00,314.3,314.3,310.6,311.6,1369.2663,673.6685
2026-09-29 08:45:00,311.6,315.5,311.1,315.3,1006.2499,650.8265
2026-09-29 09:00:00,315.3,315.7,312.6,314.1,1552.406,878.4159
2026-09-29 09:15:00,314.1,317,314,315.5,2071.3435,1230.0841
2026-09-29 09:30:00,315.5,316.4,314.7,315.6,1742.9963,943.3033
2026-09-29 09:45:00,315.7,316.6,312.6,313.6,3189.2143,2052.7874
2026-09-29 10:00:00,313.6,314.6,313.3,313.3,1002.3407,487.194
2026-09-29 10:15:00,313.5,313.9,312,313,1001.6864,385.3182
2026-09-29 10:30:00,313.1,313.2,311.8,312.4,1156.0193,442.6913
2026-09-29 10:45:00,312.5,314.5,312.5,313.8,484.3405,282.872
2026-09-29 11:00:00,313.8,314.9,312.9,314.2,924.4138,605.3932
2026-09-29 11:15:00,314.3,315.3,314.1,314.7,1070.3258,548.15
2026-09-29 11:30:00,314.7,317.5,314.6,317.5,2354.5188,1102.0718
2026-09-29 11:45:00,317.5,318.3,316.5,316.6,1694.0613,802.453
2026-09-29 12:00:00,316.6,317.5,314.7,315,1396.0987,529.612
2026-09-29 12:15:00,315,316.7,313.9,314.2,1313.0099,628.9678
2026-09-29 12:30:00,314.3,315,312.6,313.5,1770.3978,1074.6391
2026-09-29 12:45:00,313.5,314.7,312.6,313.9,2698.2623,1939.1387
2026-09-29 13:00:00,313.8,315.7,312.8,314.3,1669.0047,1082.0084
2026-09-29 13:15:00,314.2,315.6,313.4,314.1,1149.1767,578.8654
2026-09-29 13:30:00,314.2,314.2,310.4,312.2,2612.9925,1191.4106
2026-09-29 13:45:00,312.3,316.4,311.1,314.9,2829.7499,1524.6793
2026-09-29 14:00:00,314.8,315.4,311.7,312.1,1608.1549,555.329
2026-09-29 14:15:00,312.1,314.7,310.9,313.9,1073.215,511.3783
2026-09-29 14:30:00,313.9,319.1,312.4,317.6,2407.1797,1597.6822
2026-09-29 14:45:00,317.6,319.1,314.1,314.8,2983.9809,1278.1367
2026-09-29 15:00:00,314.8,315.2,311.3,312.2,3793.3475,1658.1109
2026-09-29 15:15:00,312.1,313.6,305,306.8,5989.8726,2611.1946
2026-09-29 15:30:00,306.8,308.5,306.5,308,2401.8089,1287.0028
2026-09-29 15:45:00,308,309.7,305.9,306.8,2684.0593,1629.8971
2026-09-29 16:00:00,306.8,309.8,306.8,308.8,1226.6352,700.0121
2026-09-29 16:15:00,308.9,310.9,308.7,310.3,1347.4989,703.7358
2026-09-29 16:30:00,310.4,312,308.4,308.4,1651.3268,652.6641
2026-09-29 16:45:00,308.3,310.4,307.1,310,1616.784,704.4894
2026-09-29 17:00:00,309.9,311,308.4,310,1303.0558,764.5832
2026-09-29 17:15:00,309.9,310,306.5,307.4,1713.5011,605.3197
2026-09-29 17:30:00,307.4,308.3,305.8,306.5,1078.9194,501.6579
2026-09-29 17:45:00,306.5,307.1,303,305.5,2108.7388,819.7835
2026-09-29 18:00:00,305.6,308,305.5,307.4,1016.767,621.6249
2026-09-29 18:15:00,307.5,309.3,307.5,308.4,809.4411,345.0609
2026-09-29 18:30:00,308.3,310.1,308.1,309.7,1593.9902,1031.6295
2026-09-29 18:45:00,309.6,309.9,308.2,308.7,639.3518,277.8921
2026-09-29 19:00:00,308.6,310.9,308.5,308.8,702.7542,335.1131
2026-09-29 19:15:00,308.8,309.5,307.9,308.3,506.1666,185.1301
2026-09-29 19:30:00,308.2,308.9,306.3,306.4,1024.2862,434.7612
2026-09-29 19:45:00,306.3,306.3,302.9,303.2,3074.6884,1251.1107
2026-09-29 20:00:00,303.3,304.3,301,303.2,1657.4282,839.3987
2026-09-29 20:15:00,303.2,306.3,303.2,305.6,960.2933,408.5832
2026-09-29 20:30:00,305.5,306.5,305,305.7,437.5314,202.6201
2026-09-29 20:45:00,305.7,306,304.7,304.7,298.3699,145.1428
2026-09-29 21:00:00,304.7,305.1,303.2,304.7,960.2854,625.9438
2026-09-29 21:15:00,304.7,304.9,300.9,301.9,2014.2125,1046.4816
2026-09-29 21:30:00,301.9,302.7,301,301.9,1010.2109,471.8602
2026-09-29 21:45:00,301.8,303.4,300.9,302.3,508.1924,185.7547
2026-09-29 22:00:00,302.1,303.4,301.8,301.9,1210.4495,367.7449
2026-09-29 22:15:00,301.8,302,299.8,300.2,2462.3161,1272.2231
2026-09-29 22:30:00,300.1,301.5,299.8,301.5,604.1416,315.959
2026-09-29 22:45:00,301.5,301.8,300.3,300.5,535.8658,237.9262
2026-09-29 23:00:00,300.4,303.2,300.3,302.6,691.0186,306.6545
2026-09-29 23:15:00,302.6,303,301.2,301.2,628.9884,215.7542
2026-09-29 23:30:00,301.1,301.3,299,299.4,983.0956,373.8247
2026-09-29 23:45:00,299.4,300.7,299.4,300.7,361.549,135.9038
2026-09-30 00:00:00,300.8,301.3,298.5,299,984.4835,450.2224
2026-09-30 00:15:00,299,299.4,297.5,298.9,1230.5197,486.465
2026-09-30 00:30:00,298.9,300.4,298.5,299.4,741.9056,442.6282
2026-09-30 00:45:00,299.5,301,298.8,300.9,968.0102,532.4918
2026-09-30 01:00:00,300.8,305,300.3,303.7,1604.8419,1113.6834
2026-09-30 01:15:00,303.7,304.7,303,303.5,1029.8319,570.0856
2026-09-30 01:30:00,303.5,304.2,302.4,303.9,1457.7838,699.7075
2026-09-30 01:45:00,304,305.4,303.4,304.3,806.4055,505.4565
2026-09-30 02:00:00,304.3,304.7,302.4,302.8,758.1141,319.9612
2026-09-30 02:15:00,302.9,303.7,301.6,302,642.9828,252.8639
2026-09-30 02:30:00,302,303,300.7,302.4,881.8555,297.7794
2026-09-30 02:45:00,302.3,303.6,302.1,303.6,698.7236,414.9958
2026-09-30 03:00:00,303.6,303.7,301.6,301.8,366.4836,145.2888
2026-09-30 03:15:00,301.8,301.8,299.9,301,1234.5255,617.0935
2026-09-30 03:30:00,301,302.9,300.1,302.1,1103.676,747.6745
2026-09-30 03:45:00,302,302.3,300.2,300.6,700.7005,156.2912
2026-09-30 04:00:00,300.7,303,300.7,302.7,351.1451,241.3012
2026-09-30 04:15:00,302.7,305.3,302.5,303.8,2136.7668,1152.2842
2026-09-30 04:30:00,303.8,305.5,303.8,304.7,1247.0633,766.0626
2026-09-30 04:45:00,304.8,305.2,303.4,303.5,1359.162,523.7733
2026-09-30 05:00:00,303.5,305.6,302.7,302.8,780.9324,313.0241
2026-09-30 05:15:00,302.7,304.5,302.4,304.4,689.177,331.5162
2026-09-30 05:30:00,304.3,305.8,304.3,305.6,1982.6427,645.8296
2026-09-30 05:45:00,305.7,306.1,304,304.9,1566.1611,416.6247
2026-09-30 06:00:00,304.9,305.9,303.1,303.4,470.2991,176.0976
2026-09-30 06:15:00,303.4,304.4,301.7,302.8,1213.7432,527.2804
2026-09-30 06:30:00,302.7,302.9,300.7,301.8,1277.3623,496.1609
2026-09-30 06:45:00,301.7,302.2,299.7,300.4,1233.4179,504.9447
2026-09-30 07:00:00,300.4,301.4,298.5,298.7,1712.174,465.6879
2026-09-30 07:15:00,298.8,301.9,298.6,301.1,1029.6454,585.836
2026-09-30 07:30:00,301.1,303.2,300.7,302.9,972.2197,488.7736
2026-09-30 07:45:00,302.9,303,300.8,301.2,1015.55,375.1262
2026-09-30 08:00:00,301.3,301.5,299.7,300,708.7273,277.6036
2026-09-30 08:15:00,299.9,302.4,299.7,301.1,1341.0043,531.9406
2026-09-30 08:30:00,301,301,299.9,300.6,912.7583,571.4254
2026-09-30 08:45:00,300.5,303.3,300.5,302.5,1023.6311,386.803
2026-09-30 09:00:00,302.4,303.5,302,303.1,935.4296,442.3735
2026-09-30 09:15:00,303.2,303.8,302.5,303.4,420.4003,228.4422
2026-09-30 09:30:00,303.4,305.5,303.2,303.5,1254.8324,687.2498
2026-09-30 09:45:00,303.5,304.2,302.8,303,465.2646,247.1951
2026-09-30 10:00:00,303.1,304,302.8,302.8,554.6135,206.085
2026-09-30 10:15:00,302.8,304.7,302.5,304,912.3444,643.2661
2026-09-30 10:30:00,304,305.5,303.9,305,449.3803,259.2851
2026-09-30 10:45:00,305,306.9,304.5,306.5,1564.3967,767.5321
2026-09-30 11:00:00,306.5,306.6,303.9,304.6,1426.908,503.7745
2026-09-30 11:15:00,304.6,305.5,303.4,305,1469.1641,662.9554
2026-09-30 11:30:00,305,307.5,303.7,306.6,1253.3513,761.3317
2026-09-30 11:45:00,306.6,307.4,305.5,306.2,883.5595,408.5965
2026-09-30 12:00:00,306.2,307,304.9,306.2,1500.6926,1073.9428
2026-09-30 12:15:00,306.1,307.6,304.6,306.9,1989.3986,989.2413
2026-09-30 12:30:00,306.9,313.4,306.2,310.2,8698.5303,4430.6935
2026-09-30 12:45:00,310.2,314,309.6,312.7,5322.3464,2829.637
2026-09-30 13:00:00,312.8,314,311,313.1,2582.4917,1380.027
2026-09-30 13:15:00,313.1,314.2,312.6,313.8,1765.0206,870.4012
2026-09-30 13:30:00,313.7,314.7,305.1,308.7,7481.5351,3400.751
2026-09-30 13:45:00,308.7,309.9,307.9,309.7,1976.8881,1204.3919
2026-09-30 14:00:00,309.7,310.4,305,307.7,2676.1613,1011.7075
2026-09-30 14:15:00,307.6,307.7,301.8,304,5165.1415,1710.5302
2026-09-30 14:30:00,304.1,305.7,301.9,302.4,2930.2273,1591.0148
2026-09-30 14:45:00,302.3,304.8,301.8,303.5,1875.8328,929.7388
2026-09-30 15:00:00,303.5,305.3,303.1,304.4,1518.218,711.0147
2026-09-30 15:15:00,304.3,304.4,301,303.2,2296.5305,925.7847
2026-09-30 15:30:00,303.3,306.1,303.3,304.6,1808.1932,722.8574
2026-09-30 15:45:00,304.6,306.8,304.3,306.5,1441.0943,437.0956
2026-09-30 16:00:00,306.6,308.9,306.3,307.8,1428.9959,801.4431
2026-09-30 16:15:00,307.8,308.1,306.5,307.4,1426.4424,487.2024
2026-09-30 16:30:00,307.5,309.2,306.5,309,1127.4079,535.2997
2026-09-30 16:45:00,309,310.4,308,309.2,2293.4603,1045.3803
2026-09-30 17:00:00,309.3,309.7,307.6,308.4,1890.9589,710.8041
2026-09-30 17:15:00,308.4,308.4,305.6,307,1581.4633,543.3367
2026-09-30 17:30:00,307,307,303.5,303.6,2603.3462,806.7207
2026-09-30 17:45:00,303.5,306.6,303.3,304.7,1067.7717,764.8467
2026-09-30 18:00:00,304.6,305.4,302.1,303.5,2120.697,1154.7204
2026-09-30 18:15:00,303.5,304.4,302.6,303.6,744.8019,352.5088
2026-09-30 18:30:00,303.6,304.4,301.5,301.9,1390.3362,614.1787
2026-09-30 18:45:00,301.9,303,301.2,302.6,787.4794,405.1106
2026-09-30 19:00:00,302.6,303.5,301.1,301.9,1174.9049,520.6308
2026-09-30 19:15:00,301.9,302.1,300.5,301.1,1378.1085,686.1058
2026-09-30 19:30:00,301.1,303.3,301,302.1,499.7257,259.6947
2026-09-30 19:45:00,302,302.3,299.1,299.9,2340.5059,826.2437
2026-09-30 20:00:00,299.8,301.4,299.5,301.3,1711.9237,681.6694
2026-09-30 20:15:00,301.4,303.9,301,303.2,639.8622,441.8774
2026-09-30 20:30:00,303.1,303.1,301.4,302,491.759,273.8774
2026-09-30 20:45:00,302.1,302.4,301,302.1,269.548,134.4776
2026-09-30 21:00:00,302.1,302.7,299.8,300.7,766.2618,364.6961
2026-09-30 21:15:00,300.7,302.1,300.3,301.1,441.7125,190.4507
2026-09-30 21:30:00,301.1,302.1,300.3,301.6,239.269,146.3355
2026-09-30 21:45:00,301.5,301.6,300.1,300.6,212.7963,76.3927
2026-09-30 22:00:00,300.6,301.1,297.5,299.2,3153.6664,809.9561
2026-09-30 22:15:00,299.3,302.3,299.3,302.3,1236.9442,711.1798
2026-09-30 22:30:00,302.2,304.3,302.2,304.2,519.9513,266.159
2026-09-30 22:45:00,304.2,304.2,302.5,302.7,602.1687,285.917
2026-09-30 23:00:00,302.6,304.5,301.8,302.3,1271.5181,743.4616
2026-09-30 23:15:00,302.3,303.8,302.3,302.3,682.4623,403.5232
2026-09-30 23:30:00,302.4,302.5,301.1,301.8,379.1405,165.7526
2026-09-30 23:45:00,301.8,301.8,300.8,300.9,623.2057,215.2941
2026-10-01 00:00:00,301,301.4,300.2,300.7,316.5437,200.4355
2026-10-01 00:15:00,300.7,301.8,300.2,301.1,251.5582,164.1453
2026-10-01 00:30:00,301,302.3,300.3,302.1,638.0776,449.9187
2026-10-01 00:45:00,302.1,302.3,300.8,301.1,315.4196,243.5306
2026-10-01 01:00:00,301,302.6,301,302.2,350.8286,256.0427
2026-10-01 01:15:00,302.1,303.4,301.8,302.8,457.3504,296.3923
2026-10-01 01:30:00,302.7,302.8,300.9,301.3,371.8533,219.2763
2026-10-01 01:45:00,301.4,301.6,300.4,300.6,498.3001,300.3285
2026-10-01 02:00:00,300.6,302.7,300.2,301.7,467.5691,252.9706
2026-10-01 02:15:00,301.6,302.4,300.3,302.4,569.1637,353.385
2026-10-01 02:30:00,302.4,303.5,301.9,302.4,407.2442,218.3061
2026-10-01 02:45:00,302.3,304.9,302.3,304.7,407.6888,198.9477
2026-10-01 03:00:00,304.6,305.4,303.6,304,452.2616,156.8655
2026-10-01 03:15:00,304,305,303.6,305,364.7378,164.2285
2026-10-01 03:30:00,305.1,307.7,304.4,307.6,1149.8049,844.469
2026-10-01 03:45:00,307.5,307.7,306.6,306.9,634.8038,321.2228
2026-10-01 04:00:00,307,307.2,305.7,306.1,403.956,174.3655
2026-10-01 04:15:00,306,306.6,305.2,306.4,332.5932,136.653
2026-10-01 04:30:00,306.5,307.9,306.1,307.7,663.8002,325.7847
2026-10-01 04:45:00,307.8,309.9,307.3,307.8,1409.0126,739.3179
2026-10-01 05:00:00,307.8,308.8,307.5,308.5,1489.3757,878.9486
2026-10-01 05:15:00,308.5,308.7,307.6,308.3,2199.8501,1087.1965
2026-10-01 05:30:00,308.3,309.1,308.1,308.4,825.9231,441.2162
2026-10-01 05:45:00,308.4,309.4,307.9,309.4,772.6577,283.9968
2026-10-01 06:00:00,309.4,309.8,309,309.2,568.3212,209.9755
2026-10-01 06:15:00,309.2,310.2,308.9,310.1,590.9744,379.3459
2026-10-01 06:30:00,310.1,310.2,308.9,309.1,1067.0616,599.4277
2026-10-01 06:45:00,309.1,312.4,308.9,311.3,2143.3891,1483.2122
2026-10-01 07:00:00,311.2,312.4,310.3,310.6,1277.7467,391.5088
2026-10-01 07:15:00,310.6,312,304.9,305.9,3147.8666,1119.7213
2026-10-01 07:30:00,306,308.4,305.2,305.6,1963.7986,932.684
2026-10-01 07:45:00,305.5,306.8,304.6,305.2,1342.089,456.6914
2026-10-01 08:00:00,305.3,306.5,304.9,305.5,908.3576,369.422
2026-10-01 08:15:00,305.5,308.3,305.2,306.9,1104.2966,868.5509
2026-10-01 08:30:00,306.8,309.1,303.9,308.1,2091.9651,1024.9812
2026-10-01 08:45:00,308.1,309.2,307.2,308.2,699.5051,391.7851
2026-10-01 09:00:00,308.2,309.3,307.6,308.4,702.2342,279.2756
2026-10-01 09:15:00,308.4,308.4,307,307.9,498.9057,250.688
2026-10-01 09:30:00,308,309.1,306.9,307.2,539.2691,290.8889
2026-10-01 09:45:00,307.1,307.7,305.4,306.7,723.9705,273.1402
2026-10-01 10:00:00,306.7,306.9,302.1,304.9,2743.129,1085.4263
2026-10-01 10:15:00,304.9,304.9,302.2,302.9,1783.2078,922.1811
2026-10-01 10:30:00,303.1,305.2,303.1,304.7,410.3471,195.7701
2026-10-01 10:45:00,304.7,307.1,304.6,305.7,729.413,425.7255
2026-10-01 11:00:00,305.8,305.8,303.7,303.8,794.168,353.2086
2026-10-01 11:15:00,303.8,304.3,303.2,304.3,437.6118,198.6971
2026-10-01 11:30:00,304.2,304.7,302.8,304.4,746.8421,190.2813
2026-10-01 11:45:00,304.5,306.5,304.3,305.7,907.6147,408.7764
2026-10-01 12:00:00,305.8,306.5,305.1,305.5,492.0702,300.3807
2026-10-01 12:15:00,305.5,306,304.2,304.8,1433.9339,938.2064
2026-10-01 12:30:00,304.6,305.6,303.8,303.8,769.9354,436.4318
2026-10-01 12:45:00,303.8,304.2,302.2,302.8,1473.1372,553.157
2026-10-01 13:00:00,302.9,303.5,300.4,300.7,1847.9024,706.6732
2026-10-01 13:15:00,300.8,301.7,299.7,299.9,1778.7644,492.9645
2026-10-01 13:30:00,300,304.1,300,303.5,1387.39,847.6836
2026-10-01 13:45:00,303.5,304.7,302.4,304.5,959.7583,518.4556
2026-10-01 14:00:00,304.5,306.5,301.5,303.3,2562.4312,1367.2526
2026-10-01 14:15:00,303.4,308.2,302.8,307.4,2315.3582,1351.1505
2026-10-01 14:30:00,307.4,310,306.2,306.7,5229.9636,2168.5007
2026-10-01 14:45:00,306.7,308.3,304.7,308,2365.529,1273.8258
2026-10-01 15:00:00,307.9,309,304.2,307.3,2878.2103,1495.2413
2026-10-01 15:15:00,307.4,310.5,307.1,308.1,3061.0201,1505.2964
2026-10-01 15:30:00,308,308.1,303.2,303.7,2299.189,881.8592
2026-10-01 15:45:00,303.7,306.6,303,304.9,2040.1446,1098.8909
2026-10-01 16:00:00,304.9,306.3,304.1,305.2,1514.6524,950.4403
2026-10-01 16:15:00,305.2,306,303.1,303.6,1461.1515,824.8917
2026-10-01 16:30:00,303.7,306.8,301.5,302.3,2206.5382,745.0816
2026-10-01 16:45:00,302.3,303.9,300.2,300.7,3089.7074,1491.9792
2026-10-01 17:00:00,300.7,303.8,300.5,303.4,1499.2612,708.4816
2026-10-01 17:15:00,303.5,306.9,303.5,306.8,2227.156,1090.2805
2026-10-01 17:30:00,306.9,308.4,304.9,308.3,2543.3715,1246.8835
2026-10-01 17:45:00,308.4,308.4,305,305.9,1275.4282,585.4909
2026-10-01 18:00:00,305.8,306.7,304.2,305.6,1092.1345,547.3739
2026-10-01 18:15:00,305.6,306.3,304.9,304.9,311.7498,105.4904
2026-10-01 18:30:00,304.9,308.2,304.8,305.8,787.1826,332.6003
2026-10-01 18:45:00,305.8,306.2,303.8,304.5,806.9778,198.2635
2026-10-01 19:00:00,304.5,305.5,303.2,304.1,434.321,183.8817
2026-10-01 19:15:00,304.1,305,300.6,300.8,2290.3056,770.5072
2026-10-01 19:30:00,300.8,302.5,300.6,302.4,1311.3841,815.6425
2026-10-01 19:45:00,302.2,305.4,302.2,305,870.1809,446.2022
2026-10-01 20:00:00,305,306.2,304.5,305.1,1220.2528,643.3359
2026-10-01 20:15:00,305.3,306.1,305,305.3,465.2863,166.0109
2026-10-01 20:30:00,305.3,305.8,303.4,304,409.5345,191.0353
2026-10-01 20:45:00,304,305.2,303.5,304.8,523.2258,194.4563
2026-10-01 21:00:00,304.9,305.2,303.1,303.1,258.5853,87.6857
2026-10-01 21:15:00,303.1,303.9,301.8,301.9,543.0528,260.9722
2026-10-01 21:30:00,301.9,301.9,300.7,300.9,1771.707,989.4798
2026-10-01 21:45:00,300.8,302,300.6,301.6,689.0114,381.0221
2026-10-01 22:00:00,301.6,303.5,301.6,302,828.11,473.5431
2026-10-01 22:15:00,301.8,302.2,301.5,302.2,221.9178,104.2242
2026-10-01 22:30:00,302.2,302.5,301.5,301.5,488.9791,190.7946
2026-10-01 22:45:00,301.4,302.5,300,302.3,614.3546,299.8008
2026-10-01 23:00:00,302.4,302.5,301.4,301.8,323.2545,142.6321
2026-10-01 23:15:00,301.9,302.8,301.7,302.4,164.2722,94.818
2026-10-01 23:30:00,302.4,303.6,302.1,302.6,324.1342,245.8677
2026-10-01 23:45:00,302.5,303.6,302.1,303.4,503.1043,337.135
2026-10-02 00:00:00,303.3,304.5,302.4,304.2,723.3214,524.0359
2026-10-02 00:15:00,304.2,305.6,303.9,304.1,1626.6533,630.7929
2026-10-02 00:30:00,304,304,302.5,303.1,421.2227,219.3494
2026-10-02 00:45:00,303,304.3,302.9,303.2,269.7507,165.1968
2026-10-02 01:00:00,303.2,303.2,301.5,301.7,393.7934,164.5422
2026-10-02 01:15:00,301.8,304.1,300.8,304.1,890.5274,475.8295
2026-10-02 01:30:00,304.2,304.8,301.6,301.8,805.2438,485.95
2026-10-02 01:45:00,301.8,305,301.8,304.2,1317.3722,617.7055
2026-10-02 02:00:00,304.4,306.9,303.6,306.4,1002.7048,460.0478
2026-10-02 02:15:00,306.4,306.6,304.3,304.8,476.2911,243.8652
2026-10-02 02:30:00,304.9,305.7,304.3,305.5,553.0906,324.6067
2026-10-02 02:45:00,305.5,307.9,305.5,307.7,1034.4412,723.6867
2026-10-02 03:00:00,307.6,308.6,306.2,307.1,2275.5589,859.7404
2026-10-02 03:15:00,307,307.4,305.2,305.4,655.3217,245.6252
2026-10-02 03:30:00,305.5,307.5,305.3,306.7,595.7425,367.1068
2026-10-02 03:45:00,306.8,307.8,306.1,307.2,1054.7025,420.4201
2026-10-02 04:00:00,307.3,308.2,305.2,305.3,1198.7232,572.4246
2026-10-02 04:15:00,305.4,312,305.1,312,4754.8436,3528.5349
2026-10-02 04:30:00,312,312.5,309.7,312.1,4186.9444,2227.1638
2026-10-02 04:45:00,312.1,313.3,311.3,312.6,1773.6497,1048.4774
2026-10-02 05:00:00,312.5,312.5,310.4,310.8,1458.5277,634.9931
2026-10-02 05:15:00,310.8,311.1,309.2,310.2,1861.5922,854.3243
2026-10-02 05:30:00,310.3,311.3,307.9,309.6,1855.0823,681.8101
2026-10-02 05:45:00,309.6,309.6,308.3,309,686.9946,267.5006
2026-10-02 06:00:00,309,310.2,308.6,309.3,983.1397,631.622
2026-10-02 06:15:00,309.2,310.3,308.5,310.1,1212.9883,576.225
2026-10-02 06:30:00,310.1,310.8,309,309.8,901.5192,408.4828
2026-10-02 06:45:00,309.7,310.4,309,309.5,664.3141,262.9849
2026-10-02 07:00:00,309.6,310,308.1,309.7,1365.586,940.4052
2026-10-02 07:15:00,309.6,309.9,307.9,308.1,899.2445,507.1778
2026-10-02 07:30:00,308,308.9,306.7,308.6,1942.2829,737.9632
2026-10-02 07:45:00,308.7,310.9,308.6,310.4,882.4569,469.1372
2026-10-02 08:00:00,310.4,311.1,309.7,309.7,967.4642,662.5696
2026-10-02 08:15:00,309.7,313.1,309.5,312.5,2183.4183,1040.6682
2026-10-02 08:30:00,312.7,314.4,312.3,312.8,2000.4087,1158.6382
2026-10-02 08:45:00,312.8,313.8,312.4,312.7,1307.2096,556.351
2026-10-02 09:00:00,312.7,314.3,311.5,313.6,1692.7757,950.3723
2026-10-02 09:15:00,313.6,314.2,311.5,312.1,1222.778,583.6187
2026-10-02 09:30:00,312,312.8,311.1,311.2,988.6723,611.6508
2026-10-02 09:45:00,311.1,313,310.8,312.3,1267.1894,680.9018
2026-10-02 10:00:00,312.3,312.8,311.4,311.7,577.6246,339.3491
2026-10-02 10:15:00,311.7,312.2,310.4,311.9,830.7894,307.6746
2026-10-02 10:30:00,311.8,312.6,311.2,312,753.0511,375.6833
2026-10-02 10:45:00,312,312.1,310.2,310.4,1235.5865,448.3348
2026-10-02 11:00:00,310.5,311.9,309.7,311.5,899.4843,630.7067
2026-10-02 11:15:00,311.5,312.2,311.4,311.7,667.2967,422.0541
2026-10-02 11:30:00,311.7,312,310.5,311,601.4793,299.1507
2026-10-02 11:45:00,310.9,311.4,309.5,309.6,759.2081,236.2291
2026-10-02 12:00:00,309.6,309.6,307.2,308.2,1526.5006,705.059
2026-10-02 12:15:00,308.2,310.8,308.2,310.1,1103.1862,615.4306
2026-10-02 12:30:00,310.1,313.2,308.7,309.3,4316.4326,2410.2314
2026-10-02 12:45:00,309.3,313.3,309,312.6,1356.1082,760.9668
2026-10-02 13:00:00,312.6,314.1,311.9,312.8,1734.0626,967.0705
2026-10-02 13:15:00,312.9,313.8,311.5,311.9,2148.6426,895.2625
2026-10-02 13:30:00,311.9,316.5,311.6,314.9,4049.1301,2242.6185
2026-10-02 13:45:00,314.9,315.5,311.8,312.5,2397.4825,664.0132
2026-10-02 14:00:00,312.4,313.9,309.9,310.8,1752.9774,800.0361
2026-10-02 14:15:00,310.9,313.2,309.9,310.1,904.9976,377.0721
2026-10-02 14:30:00,310.2,311.8,308.4,311,2573.7707,1612.0534
2026-10-02 14:45:00,311.1,312.4,307,309.9,2758.1833,853.3463
2026-10-02 15:00:00,310.1,310.4,306.9,308.8,1702.3052,864.0968
2026-10-02 15:15:00,308.8,310,307.3,309.4,1786.5088,1192.9144
2026-10-02 15:30:00,309.3,310,307.7,308.3,1390.2537,855.5967
2026-10-02 15:45:00,308.3,309,307.6,308.6,755.8021,346.0747
2026-10-02 16:00:00,308.6,311.3,308.6,309.6,2005.7702,995.8446
2026-10-02 16:15:00,309.7,313.2,309.7,309.9,1871.003,1158.2721
2026-10-02 16:30:00,310,310.3,307.3,309.2,930.9431,329.7585
2026-10-02 16:45:00,309.2,310.3,307.6,308.2,557.1122,250.5399
2026-10-02 17:00:00,308.3,309.2,307,307,711.1342,280.356
2026-10-02 17:15:00,306.9,308.9,305.7,307.5,1673.7774,727.5965
2026-10-02 17:30:00,307.5,307.9,303.7,304.2,4218.1182,1352.9842
2026-10-02 17:45:00,304.3,305.8,303.3,304.5,1239.759,738.2333
2026-10-02 18:00:00,304.4,305.3,303,304.4,1004.9255,631.8275
2026-10-02 18:15:00,304.3,304.3,298.1,298.3,6114.4276,1374.273
2026-10-02 18:30:00,298.4,298.5,283.4,285.6,23176.7013,10115.1839
2026-10-02 18:45:00,285.7,288.1,282,288,9144.824,5272.8255
2026-10-02 19:00:00,288,289.1,284.4,285.4,7956.5175,4661.798
2026-10-02 19:15:00,285.5,288.1,284,287,5592.7498,3767.0365
2026-10-02 19:30:00,287,288.4,286.3,286.7,3012.4625,1708.8977
2026-10-02 19:45:00,286.7,287.1,285,286.3,1756.8799,882.7367
2026-10-02 20:00:00,286.3,287.4,285.6,286.9,1782.8087,1213.8175
2026-10-02 20:15:00,286.8,287.4,285.8,286.7,2053.0225,1151.2315
2026-10-02 20:30:00,286.6,288.2,285.8,286.5,1994.6125,1013.8375
2026-10-02 20:45:00,286.4,287.7,285.3,285.7,1511.1545,665.0636
2026-10-02 21:00:00,285.6,287.8,285.5,286.9,1507.0058,967.6341
2026-10-02 21:15:00,286.9,288,285.7,285.8,1480.8153,740.3678
2026-10-02 21:30:00,285.8,288.1,285.8,287.5,1133.9994,753.2218
2026-10-02 21:45:00,287.5,288.3,286.9,287.7,1464.954,862.6211
2026-10-02 22:00:00,287.8,288.2,287.1,287.2,1972.3816,936.4994
2026-10-02 22:15:00,287.1,287.9,286.4,287.7,1154.7802,582.6319
2026-10-02 22:30:00,287.7,288.6,287.4,287.9,719.1758,377.6385
2026-10-02 22:45:00,288,289.4,287.9,288.7,571.6381,335.4453
2026-10-02 23:00:00,288.7,289.3,288.1,288.6,662.7242,215.9205
2026-10-02 23:15:00,288.6,290.2,288.6,290,495.6855,237.7563
2026-10-02 23:30:00,289.9,292.2,289.9,291.9,895.2658,450.0592
2026-10-02 23:45:00,291.9,293,291.5,292,1009.2594,511.1313
2026-10-03 00:00:00,292.1,292.9,291,292.9,1528.4491,680.2515
2026-10-03 00:15:00,292.8,294.8,292.4,294.4,1753.6963,1101.912
2026-10-03 00:30:00,294.5,295,294,294.8,1141.9567,602.6121
2026-10-03 00:45:00,294.9,294.9,293.4,293.6,692.6073,294.5486
2026-10-03 01:00:00,293.5,294.5,292.6,293.6,881.784,536.5082
2026-10-03 01:15:00,293.7,295.1,293.5,294,1015.5773,569.7627
2026-10-03 01:30:00,294.1,295.8,293.8,295.4,766.2878,468.7732
2026-10-03 01:45:00,295.3,295.4,294.4,294.9,698.1235,246.1463
2026-10-03 02:00:00,295,295.8,293.5,295,550.6497,223.6587
2026-10-03 02:15:00,295,296.4,294.8,295.4,505.7043,237.7961
2026-10-03 02:30:00,295.4,296.1,294.4,294.5,393.591,161.9532
2026-10-03 02:45:00,294.5,294.5,293,293,678.9064,256.4479
2026-10-03 03:00:00,293,295.6,293,295.1,1289.3191,642.9784
2026-10-03 03:15:00,295,296,293.4,293.4,1566.0942,496.1823
2026-10-03 03:30:00,293.4,293.7,291.9,292,4617.201,1109.5604
2026-10-03 03:45:00,292,293,291.7,292.2,3950.4464,939.2456
2026-10-03 04:00:00,292.1,292.6,290.7,291.9,2321.5713,733.0108
2026-10-03 04:15:00,292,292,289.9,290,1646.9381,929.1871
2026-10-03 04:30:00,290.1,291.1,289.9,290.6,971.7222,453.9846
2026-10-03 04:45:00,290.7,291.7,290.7,290.9,387.6277,130.3467
2026-10-03 05:00:00,290.8,291.5,290.2,290.9,337.3642,205.0096
2026-10-03 05:15:00,290.9,291.6,290.7,291.4,732.2665,370.2904
2026-10-03 05:30:00,291.5,292.6,291.1,291.2,420.671,228.6672
2026-10-03 05:45:00,291.2,291.6,290.6,290.9,443.1916,189.6541
2026-10-03 06:00:00,290.9,291.3,289.8,289.9,438.992,187.0865
2026-10-03 06:15:00,289.8,290.2,289.5,290,353.2418,162.2886
2026-10-03 06:30:00,290,290.8,289.7,290.2,628.982,307.3966
2026-10-03 06:45:00,290.3,290.9,289.9,290.4,409.95,218.9693
2026-10-03 07:00:00,290.5,290.5,289.5,289.8,318.6429,165.2565
2026-10-03 07:15:00,289.8,290,288.9,289.5,379.8267,171.1503
2026-10-03 07:30:00,289.5,289.6,288.4,288.4,490.7972,124.1121
2026-10-03 07:45:00,288.4,289.7,288.4,289.2,848.5172,356.5379
2026-10-03 08:00:00,289.1,290,288.5,289.9,741.3376,375.1057
2026-10-03 08:15:00,289.8,289.8,288.7,289.4,381.8522,232.8146
2026-10-03 08:30:00,289.4,289.7,288.5,289.2,786.8394,139.7502
2026-10-03 08:45:00,289.2,289.3,287.9,288,1055.6572,291.0723
2026-10-03 09:00:00,288,289.3,288,288.8,360.6509,180.946
2026-10-03 09:15:00,288.7,289.4,288.3,288.5,365.1249,139.1303
2026-10-03 09:30:00,288.4,288.9,288.3,288.8,91.1592,54.4424
2026-10-03 09:45:00,288.9,290.5,288.9,290.1,455.4504,265.9499
2026-10-03 10:00:00,290.1,291.4,290,290.9,1002.8092,470.415
2026-10-03 10:15:00,291,291.7,290.2,290.9,427.297,220.9182
2026-10-03 10:30:00,290.9,291.8,290.5,291.6,550.9314,275.3354
2026-10-03 10:45:00,291.7,291.9,291.3,291.5,243.9593,131.315
2026-10-03 11:00:00,291.4,291.4,290,290.1,521.789,196.594
2026-10-03 11:15:00,290,290.9,289.9,290.7,587.6411,232.0596
2026-10-03 11:30:00,290.8,292.2,290.8,291.3,686.8247,350.8008
2026-10-03 11:45:00,291.3,291.9,291,291,614.0122,442.7412
2026-10-03 12:00:00,291,291.4,290.9,291,255.2576,122.4384
2026-10-03 12:15:00,291,291,289.1,289.2,612.9047,204.6557
2026-10-03 12:30:00,289.3,290.2,288.8,288.9,967.2079,599.2913
2026-10-03 12:45:00,289,289.7,288.8,289.3,642.3611,275.4898
2026-10-03 13:00:00,289.4,290.3,289.3,289.5,523.8595,338.9077
2026-10-03 13:15:00,289.5,289.9,288.7,289.2,782.4045,366.5304
2026-10-03 13:30:00,289.2,290.6,289.1,289.6,985.85,726.246
2026-10-03 13:45:00,289.6,290.5,289.6,290.4,247.673,109.6504
2026-10-03 14:00:00,290.3,290.6,289,289.1,581.9967,109.4574
2026-10-03 14:15:00,289.2,291.9,289.2,291.8,770.3467,491.4715
2026-10-03 14:30:00,291.9,293,291.4,292.7,833.2491,523.5723
2026-10-03 14:45:00,292.7,294.5,292.7,293.7,1151.5592,725.4803
2026-10-03 15:00:00,293.7,293.8,291.3,292,585.5783,317.8931
2026-10-03 15:15:00,291.9,292.1,291.3,291.6,409.3166,231.6433
2026-10-03 15:30:00,291.6,292.1,290.8,291.8,680.7654,246.921
2026-10-03 15:45:00,291.9,292.7,291.9,292.3,302.8983,146.1257
2026-10-03 16:00:00,292.3,292.6,291.6,291.9,354.867,199.0246
2026-10-03 16:15:00,291.9,291.9,290.2,291.2,849.6859,266.4163
2026-10-03 16:30:00,291.2,292,291.1,291.2,377.6264,213.3931
2026-10-03 16:45:00,291.3,291.6,290.8,291.3,470.8404,171.9555
2026-10-03 17:00:00,291.2,294.2,291.1,293.8,1509.3499,764.9003
2026-10-03 17:15:00,293.8,296,293.5,294.8,1597.9298,861.9409
2026-10-03 17:30:00,294.8,295.8,293.6,295.6,1315.9027,761.7662
2026-10-03 17:45:00,295.5,295.5,294.2,295.2,577.9494,202.7642
2026-10-03 18:00:00,295.1,295.6,293.8,294.8,938.706,176.9695
2026-10-03 18:15:00,294.7,295,293.4,294.1,847.6377,486.642
2026-10-03 18:30:00,294.1,296.1,293.6,296.1,699.7024,304.8466
2026-10-03 18:45:00,296.2,296.6,294.5,295.9,662.8535,225.446
2026-10-03 19:00:00,296,296.1,294.5,295.2,688.9169,215.8617
2026-10-03 19:15:00,295.3,295.9,293.1,294.1,1288.8965,765.2239
2026-10-03 19:30:00,294.1,295.7,294.1,295.1,398.5784,226.2484
2026-10-03 19:45:00,295,296.1,294.8,295.2,904.003,413.4759
2026-10-03 20:00:00,295.3,296.9,295.3,296.2,469.3366,142.785
2026-10-03 20:15:00,296.2,297.7,296.2,297.4,579.4268,304.8846
2026-10-03 20:30:00,297.5,299.2,297.2,299.1,1218.4841,609.5488
2026-10-03 20:45:00,299,299,297.6,298.1,527.5875,209.8294
2026-10-03 21:00:00,298.1,298.6,296.5,297.3,653.6087,146.1862
2026-10-03 21:15:00,297.3,297.5,296.6,296.7,251.7781,156.4249
2026-10-03 21:30:00,296.8,299.2,296.8,299,614.5057,356.7982
2026-10-03 21:45:00,299,300.5,298.9,300.4,2137.9752,951.1302
2026-10-03 22:00:00,300.4,303,300.2,302.5,1384.4009,756.5273
2026-10-03 22:15:00,302.5,303.2,301.2,302.3,2427.0246,1273.5098
2026-10-03 22:30:00,302.4,305.2,302.4,304.6,1499.0169,717.3548
2026-10-03 22:45:00,304.6,305,304,304.4,608.8698,338.1884
