t,o,h,l,c,v,taker_buy_v
2026-09-13 22:45:00,1.3389,1.341,1.336,1.3376,867110,331046.6
2026-09-13 23:00:00,1.3376,1.3423,1.3373,1.3397,1110764.9,544299.3
2026-09-13 23:15:00,1.3396,1.3438,1.338,1.3416,770929.8,359098
2026-09-13 23:30:00,1.3415,1.3446,1.3409,1.3431,1446257.5,691519.3
2026-09-13 23:45:00,1.343,1.3441,1.3397,1.3412,522403.6,196219.2
2026-09-14 00:00:00,1.3413,1.3503,1.341,1.3457,1197122.2,473179.2
2026-09-14 00:15:00,1.3457,1.348,1.335,1.3382,1439233.4,524959.2
2026-09-14 00:30:00,1.3381,1.3479,1.3373,1.3456,1120568.6,452407.9
2026-09-14 00:45:00,1.3456,1.3492,1.3443,1.3474,675151.3,283898.7
2026-09-14 01:00:00,1.3473,1.3511,1.3444,1.3461,1329571.2,649085.6
2026-09-14 01:15:00,1.3461,1.3476,1.3412,1.3456,1086429.3,483617.5
2026-09-14 01:30:00,1.3456,1.3472,1.3383,1.343,1156356.1,528280.2
2026-09-14 01:45:00,1.3429,1.3533,1.3418,1.3518,1232284.6,681941.4
2026-09-14 02:00:00,1.3517,1.36,1.3498,1.3596,1778357.5,946112.5
2026-09-14 02:15:00,1.3596,1.3666,1.357,1.3626,2189641.1,1163028.7
2026-09-14 02:30:00,1.3626,1.3659,1.3595,1.3609,956952.8,519024.2
2026-09-14 02:45:00,1.3609,1.3737,1.3609,1.3702,2005114.6,1175390.5
2026-09-14 03:00:00,1.3702,1.3761,1.3683,1.3758,1807686.4,893014.2
2026-09-14 03:15:00,1.3757,1.3785,1.3729,1.3772,1666120.9,729372.7
2026-09-14 03:30:00,1.3773,1.3809,1.3737,1.3741,1997779.2,930190.6
2026-09-14 03:45:00,1.3742,1.3745,1.37,1.3727,1300599.2,827433.1
2026-09-14 04:00:00,1.3726,1.3765,1.3712,1.3723,1481776.7,806773
2026-09-14 04:15:00,1.3722,1.3786,1.3716,1.3738,1992370.4,1107535.9
2026-09-14 04:30:00,1.3739,1.3767,1.3715,1.3758,1477335.8,873440.1
2026-09-14 04:45:00,1.3759,1.3801,1.3754,1.3773,1682182.2,853035
2026-09-14 05:00:00,1.3773,1.3786,1.3745,1.378,827186,481960
2026-09-14 05:15:00,1.3781,1.3789,1.374,1.3753,1181406.2,550786.3
2026-09-14 05:30:00,1.3753,1.3812,1.3749,1.3781,1466532.7,811283.3
2026-09-14 05:45:00,1.3782,1.3804,1.3765,1.3804,1028056.6,688584.4
2026-09-14 06:00:00,1.3805,1.3882,1.3796,1.3847,2742886.8,1737503
2026-09-14 06:15:00,1.3847,1.3859,1.3808,1.3809,1178559.4,586021.9
2026-09-14 06:30:00,1.3809,1.3855,1.3746,1.3839,2317918.4,1264972.3
2026-09-14 06:45:00,1.384,1.3887,1.3837,1.3866,1488285.7,992959
2026-09-14 07:00:00,1.3867,1.3906,1.3846,1.3865,1559576.8,998696.8
2026-09-14 07:15:00,1.3864,1.3898,1.3859,1.3865,1245590.2,796274.9
2026-09-14 07:30:00,1.3865,1.3902,1.3854,1.3891,1491949.9,894984.8
2026-09-14 07:45:00,1.389,1.3909,1.3857,1.3908,2468339.7,1371458.4
2026-09-14 08:00:00,1.3908,1.3909,1.3844,1.3867,3485154,1852520.5
2026-09-14 08:15:00,1.3867,1.3937,1.3852,1.387,2221898.6,1165020.1
2026-09-14 08:30:00,1.3869,1.3893,1.3858,1.3858,1486070.6,722859.3
2026-09-14 08:45:00,1.3858,1.3869,1.3844,1.3853,1033783.9,533342.6
2026-09-14 09:00:00,1.3854,1.3885,1.3842,1.3846,1450645.6,772633.2
2026-09-14 09:15:00,1.3846,1.3875,1.3808,1.3868,2495225.5,1274294.5
2026-09-14 09:30:00,1.3868,1.3936,1.3867,1.3921,1902667.1,872897.3
2026-09-14 09:45:00,1.3921,1.4096,1.3913,1.4028,6022712,3299441.7
2026-09-14 10:00:00,1.4027,1.4085,1.3987,1.4015,2928831.1,1547628.8
2026-09-14 10:15:00,1.4014,1.4018,1.3947,1.3956,1704526.5,660650.6
2026-09-14 10:30:00,1.3956,1.3998,1.3942,1.3998,1839297.8,929732.5
2026-09-14 10:45:00,1.3998,1.4037,1.3968,1.3968,2054905.5,1120487.1
2026-09-14 11:00:00,1.3969,1.4003,1.3943,1.3973,2397446.6,1232415.3
2026-09-14 11:15:00,1.3973,1.4057,1.3973,1.4047,1385311.3,768948.9
2026-09-14 11:30:00,1.4047,1.4064,1.3995,1.4008,2154783.2,1038797.4
2026-09-14 11:45:00,1.4007,1.4015,1.3964,1.3987,1855616.3,975061.3
2026-09-14 12:00:00,1.3987,1.3999,1.3965,1.3976,827620,415711.9
2026-09-14 12:15:00,1.3976,1.3996,1.3955,1.399,1522719.4,782464
2026-09-14 12:30:00,1.399,1.4045,1.3958,1.4024,2378390,1241201.6
2026-09-14 12:45:00,1.4023,1.4039,1.3924,1.3951,1575810.8,823912.8
2026-09-14 13:00:00,1.395,1.3956,1.3826,1.3902,3999905.3,1946154.5
2026-09-14 13:15:00,1.3902,1.3966,1.3899,1.3937,1611474.9,742157.5
2026-09-14 13:30:00,1.3938,1.402,1.39,1.3954,3237458.8,1692572.8
2026-09-14 13:45:00,1.3954,1.4034,1.3936,1.3945,2435824.4,1411948.2
2026-09-14 14:00:00,1.3946,1.4045,1.3941,1.4013,2612095.7,1295199.9
2026-09-14 14:15:00,1.4013,1.4056,1.3946,1.4007,2954293.9,1588964.8
2026-09-14 14:30:00,1.4007,1.4056,1.3957,1.3978,1672175.3,688531
2026-09-14 14:45:00,1.3979,1.4018,1.3971,1.3999,1655993.5,756297.2
2026-09-14 15:00:00,1.3999,1.4006,1.3924,1.3981,1552104,635770.9
2026-09-14 15:15:00,1.3982,1.4023,1.3968,1.3984,1206037.3,552713.2
2026-09-14 15:30:00,1.3983,1.4075,1.3982,1.4052,3593208.9,1994681.2
2026-09-14 15:45:00,1.4053,1.407,1.4004,1.4033,2397408.4,1092976.8
2026-09-14 16:00:00,1.4033,1.4047,1.4015,1.4025,593617.7,247054.7
2026-09-14 16:15:00,1.4025,1.4199,1.4025,1.4116,5015862.5,2467469.6
2026-09-14 16:30:00,1.4117,1.4146,1.4079,1.4102,1726884.4,866743.6
2026-09-14 16:45:00,1.4102,1.4225,1.41,1.4191,2320544.4,1217592.3
2026-09-14 17:00:00,1.4191,1.4233,1.4167,1.4215,1324845.8,656555.6
2026-09-14 17:15:00,1.4215,1.4244,1.418,1.4241,1967208.9,864226.2
2026-09-14 17:30:00,1.4241,1.4348,1.4212,1.4333,3680054.3,1829270.7
2026-09-14 17:45:00,1.4333,1.4402,1.4306,1.4346,4578695.6,2065383.2
2026-09-14 18:00:00,1.4346,1.4409,1.43,1.4345,3035820.2,1455799.4
2026-09-14 18:15:00,1.4345,1.4541,1.4343,1.4541,5978554.6,3296690.1
2026-09-14 18:30:00,1.4541,1.4685,1.453,1.4656,8094297.1,3537882.9
2026-09-14 18:45:00,1.4656,1.4805,1.4656,1.4772,8675654.1,4371959.7
2026-09-14 19:00:00,1.4771,1.4779,1.4551,1.4631,6905828.9,3246455.6
2026-09-14 19:15:00,1.4631,1.472,1.459,1.4618,4439059.5,1967227.4
2026-09-14 19:30:00,1.4618,1.4618,1.454,1.4594,4569173.9,1894609.9
2026-09-14 19:45:00,1.4595,1.4649,1.4569,1.464,3463413,1365279
2026-09-14 20:00:00,1.464,1.4834,1.4633,1.4774,5327758.2,2584804.7
2026-09-14 20:15:00,1.4775,1.49,1.4774,1.487,5099071,2731482.6
2026-09-14 20:30:00,1.487,1.4961,1.4769,1.4774,5392580.6,2864505.8
2026-09-14 20:45:00,1.4775,1.4778,1.4628,1.4634,3563399,1592055.6
2026-09-14 21:00:00,1.4634,1.4641,1.4444,1.451,6595073,3369784.7
2026-09-14 21:15:00,1.4511,1.4565,1.4463,1.4483,3808753,1841318.4
2026-09-14 21:30:00,1.4483,1.4495,1.4418,1.4456,3263628.9,1335522.1
2026-09-14 21:45:00,1.4457,1.4472,1.4427,1.4429,971172.7,394434.4
2026-09-14 22:00:00,1.4429,1.4522,1.4397,1.4514,2391755.9,1042046.5
2026-09-14 22:15:00,1.4515,1.4521,1.4405,1.4428,1443157.5,699193.9
2026-09-14 22:30:00,1.4429,1.4437,1.439,1.441,1743837.1,845717.6
2026-09-14 22:45:00,1.441,1.441,1.4346,1.4353,1290301,419612.2
2026-09-14 23:00:00,1.4354,1.4377,1.4275,1.4294,2786515.3,1474585.8
2026-09-14 23:15:00,1.4295,1.4315,1.4235,1.4235,2281290.4,948306.2
2026-09-14 23:30:00,1.4236,1.4257,1.4205,1.4232,1396224.4,608063.3
2026-09-14 23:45:00,1.4231,1.4241,1.4185,1.4231,1416683.4,662297.6
2026-09-15 00:00:00,1.4231,1.4272,1.4216,1.4224,1582911,703950.7
2026-09-15 00:15:00,1.4224,1.4225,1.4159,1.4182,1384072.2,817968.4
2026-09-15 00:30:00,1.4181,1.4224,1.4165,1.4177,1271848.4,694261.5
2026-09-15 00:45:00,1.4177,1.4208,1.4158,1.4194,608000.6,296270.1
2026-09-15 01:00:00,1.4193,1.4201,1.4152,1.416,850633,366868.5
2026-09-15 01:15:00,1.416,1.4259,1.4151,1.4191,1988048.8,985906.8
2026-09-15 01:30:00,1.4191,1.4256,1.4176,1.4251,1160131.1,690607.2
2026-09-15 01:45:00,1.4251,1.4256,1.4214,1.4223,1141062.5,648587.2
2026-09-15 02:00:00,1.4223,1.4303,1.4222,1.4288,1477677.7,829476.9
2026-09-15 02:15:00,1.4288,1.4301,1.4254,1.4281,955539.1,643500.5
2026-09-15 02:30:00,1.4281,1.4281,1.4242,1.4272,2359783.9,1331020.6
2026-09-15 02:45:00,1.4271,1.4284,1.423,1.4233,1825295.4,874513.2
2026-09-15 03:00:00,1.4232,1.4233,1.4128,1.4129,2482279.8,1213943.2
2026-09-15 03:15:00,1.4129,1.4162,1.4117,1.4155,1223666.2,551411
2026-09-15 03:30:00,1.4155,1.4208,1.4151,1.4181,816350.8,402863.4
2026-09-15 03:45:00,1.4181,1.4189,1.4146,1.4159,1513237.1,683327.7
2026-09-15 04:00:00,1.4158,1.4184,1.4122,1.4142,1920181.2,904230.5
2026-09-15 04:15:00,1.4143,1.4167,1.4105,1.412,1520093.7,669676
2026-09-15 04:30:00,1.4121,1.4156,1.4088,1.4142,2181280.1,909295.7
2026-09-15 04:45:00,1.4142,1.4169,1.413,1.4135,1185465.5,629672.4
2026-09-15 05:00:00,1.4135,1.4138,1.4009,1.4044,2797364.2,1372738.7
2026-09-15 05:15:00,1.4045,1.4066,1.4001,1.4054,1683815.9,878066.5
2026-09-15 05:30:00,1.4053,1.4064,1.4031,1.4057,837986.1,475404.1
2026-09-15 05:45:00,1.4058,1.4093,1.4051,1.4083,803292.8,547112.4
2026-09-15 06:00:00,1.4083,1.4104,1.4073,1.4073,1615458.3,860234.1
2026-09-15 06:15:00,1.4073,1.4086,1.403,1.4033,736084.2,235913.4
2026-09-15 06:30:00,1.4033,1.405,1.4006,1.4021,1423143.2,857960.5
2026-09-15 06:45:00,1.402,1.4025,1.3961,1.3997,1692448.3,709434.5
2026-09-15 07:00:00,1.3997,1.4018,1.3974,1.4001,1479464.4,728388.9
2026-09-15 07:15:00,1.4001,1.404,1.3989,1.4023,1245169,583276.9
2026-09-15 07:30:00,1.4023,1.4023,1.3962,1.3983,1656176,675831.1
2026-09-15 07:45:00,1.3983,1.4,1.3916,1.394,1773157.8,705305.7
2026-09-15 08:00:00,1.3939,1.394,1.3873,1.3902,2130001.5,1133218.2
2026-09-15 08:15:00,1.3902,1.3915,1.3864,1.3866,1507464.6,675322.1
2026-09-15 08:30:00,1.3866,1.3927,1.386,1.3906,1088770.2,596857.5
2026-09-15 08:45:00,1.3905,1.398,1.3905,1.398,1818182.1,1044654.2
2026-09-15 09:00:00,1.3979,1.3984,1.3956,1.3972,1006302.9,512257.8
2026-09-15 09:15:00,1.3972,1.4014,1.3963,1.4002,1292537.8,803080.4
2026-09-15 09:30:00,1.4001,1.4033,1.3986,1.4022,1415287.9,710365.6
2026-09-15 09:45:00,1.4022,1.407,1.401,1.4023,2096325.2,1001415.4
2026-09-15 10:00:00,1.4023,1.4045,1.3994,1.4023,1681077.2,846779.4
2026-09-15 10:15:00,1.4022,1.4033,1.3981,1.3984,1065524.9,568068.8
2026-09-15 10:30:00,1.3985,1.4016,1.3976,1.4009,1108464.6,583170.7
2026-09-15 10:45:00,1.401,1.4042,1.4009,1.4025,986918.6,480564.5
2026-09-15 11:00:00,1.4024,1.4036,1.4003,1.4006,791273.9,406175.2
2026-09-15 11:15:00,1.4006,1.4018,1.3975,1.3987,1163684.3,358483.5
2026-09-15 11:30:00,1.3986,1.399,1.3935,1.3962,1648316.3,742686.5
2026-09-15 11:45:00,1.3961,1.4017,1.3948,1.4012,811299.1,425903.3
2026-09-15 12:00:00,1.4011,1.4067,1.3992,1.406,1592649.9,820471.9
2026-09-15 12:15:00,1.4059,1.4091,1.4017,1.4073,2307300.6,1103060.5
2026-09-15 12:30:00,1.4074,1.4074,1.4025,1.406,2080006.7,1085376.5
2026-09-15 12:45:00,1.4059,1.4223,1.405,1.4169,3860879.5,1920308.6
2026-09-15 13:00:00,1.4169,1.4598,1.4169,1.4286,12864457.1,6712486.5
2026-09-15 13:15:00,1.4285,1.436,1.4239,1.4337,3620508.4,1862608.1
2026-09-15 13:30:00,1.4336,1.4349,1.3955,1.4099,10521149.9,5952072.6
2026-09-15 13:45:00,1.41,1.4157,1.3996,1.415,3877431.2,1921593.9
2026-09-15 14:00:00,1.4149,1.4171,1.405,1.4105,2737170.5,1172737.5
2026-09-15 14:15:00,1.4105,1.4121,1.401,1.401,2158501.3,996775.7
2026-09-15 14:30:00,1.4011,1.4033,1.3822,1.3869,6149599.7,2873219.8
2026-09-15 14:45:00,1.3869,1.3885,1.3722,1.3849,6679326,3410549.4
2026-09-15 15:00:00,1.3848,1.3913,1.3803,1.3866,2844270.1,1633582.2
2026-09-15 15:15:00,1.3866,1.3977,1.3853,1.3934,2743770.7,1650129.7
2026-09-15 15:30:00,1.3934,1.3959,1.3889,1.3922,2267619.2,1225631.6
2026-09-15 15:45:00,1.3923,1.3936,1.3869,1.3896,2871442.2,1630602.4
2026-09-15 16:00:00,1.3897,1.3917,1.382,1.3824,1487246.8,883688.8
2026-09-15 16:15:00,1.3824,1.3929,1.3824,1.3924,1391496.7,830872.2
2026-09-15 16:30:00,1.3925,1.393,1.3828,1.3845,2063320.2,1016084.4
2026-09-15 16:45:00,1.3845,1.3922,1.3839,1.3877,1495742.3,814981.1
2026-09-15 17:00:00,1.3877,1.3877,1.3796,1.3843,1829788.6,1005252.6
2026-09-15 17:15:00,1.3843,1.39,1.3832,1.3897,1181933.6,570246
2026-09-15 17:30:00,1.3896,1.4135,1.3889,1.4014,5034538.8,2446454.5
2026-09-15 17:45:00,1.4014,1.4129,1.4014,1.4052,4059886.5,1760495.6
2026-09-15 18:00:00,1.4052,1.4076,1.392,1.3987,3911104.5,1965798.2
2026-09-15 18:15:00,1.3987,1.4048,1.3829,1.3981,5910198.2,2974842.4
2026-09-15 18:30:00,1.3981,1.3986,1.3173,1.3236,29489299.1,13820510.5
2026-09-15 18:45:00,1.3235,1.3421,1.2889,1.3252,29498817.9,13870777.5
2026-09-15 19:00:00,1.3252,1.3299,1.3039,1.308,10924165,5822328.9
2026-09-15 19:15:00,1.308,1.3197,1.2953,1.2981,10823971.9,5721082
2026-09-15 19:30:00,1.298,1.3059,1.2942,1.2957,7011849.3,4045202.3
2026-09-15 19:45:00,1.2957,1.3052,1.2947,1.2961,5532582.9,3139506.7
2026-09-15 20:00:00,1.2962,1.3027,1.2828,1.2862,6369168.6,3395563.6
2026-09-15 20:15:00,1.2862,1.2896,1.2651,1.2657,8843062.4,3952358.4
2026-09-15 20:30:00,1.2657,1.2846,1.2654,1.2801,4497165.5,2094917.7
2026-09-15 20:45:00,1.2802,1.2953,1.2801,1.2939,4157546.4,1948318.6
2026-09-15 21:00:00,1.2938,1.2982,1.2885,1.2935,2419860.2,1156555.4
2026-09-15 21:15:00,1.2935,1.298,1.2827,1.2849,3198764.8,1749018.4
2026-09-15 21:30:00,1.2848,1.2873,1.2786,1.2864,2440271.2,1095104.8
2026-09-15 21:45:00,1.2864,1.2867,1.277,1.2781,1745704,795595.3
2026-09-15 22:00:00,1.278,1.2868,1.2757,1.281,2213455.9,1059344.7
2026-09-15 22:15:00,1.281,1.2844,1.2761,1.2813,1680532.9,742709.1
2026-09-15 22:30:00,1.2813,1.2858,1.2803,1.2843,1204747.9,682809.9
2026-09-15 22:45:00,1.2842,1.2909,1.2836,1.289,1398359.1,723512.3
2026-09-15 23:00:00,1.289,1.2978,1.2887,1.2977,2692066.1,1579489
2026-09-15 23:15:00,1.2977,1.2983,1.2926,1.2932,2498896.3,1276427.9
2026-09-15 23:30:00,1.2931,1.2931,1.2833,1.2882,2447916.1,1021859.4
2026-09-15 23:45:00,1.2883,1.289,1.2822,1.2833,1714606.5,689048.7
2026-09-16 00:00:00,1.2833,1.2864,1.2811,1.2829,2223835.2,1069693
2026-09-16 00:15:00,1.2829,1.2889,1.2818,1.2884,2278789,1323465.4
2026-09-16 00:30:00,1.2884,1.2901,1.2865,1.2882,1692103.5,1018534.9
2026-09-16 00:45:00,1.2882,1.2907,1.2839,1.2869,2713832.8,1267899.7
2026-09-16 01:00:00,1.2868,1.2896,1.2851,1.2882,1683633,835395.8
2026-09-16 01:15:00,1.2883,1.2905,1.2869,1.2879,2816496.3,636640
2026-09-16 01:30:00,1.288,1.288,1.2767,1.2789,2387362.4,1108783.7
2026-09-16 01:45:00,1.2789,1.2805,1.2747,1.2757,1549300.1,653789
2026-09-16 02:00:00,1.2758,1.2848,1.2751,1.282,1588924.7,810324.4
2026-09-16 02:15:00,1.2819,1.2915,1.2817,1.2914,1236406,689179.5
2026-09-16 02:30:00,1.2913,1.2994,1.2911,1.2944,2014867.9,985200.8
2026-09-16 02:45:00,1.2944,1.2956,1.287,1.2894,1369976.1,632713.3
2026-09-16 03:00:00,1.2894,1.2957,1.2888,1.2957,1966018.8,1149851.8
2026-09-16 03:15:00,1.2956,1.3003,1.2932,1.294,2557551.5,1266405
2026-09-16 03:30:00,1.2941,1.2983,1.2927,1.2964,1698121.5,946132.6
2026-09-16 03:45:00,1.2964,1.2982,1.2952,1.2974,1040157.3,663449.8
2026-09-16 04:00:00,1.2974,1.3059,1.2962,1.3032,2071411.8,1176473.4
2026-09-16 04:15:00,1.3032,1.3128,1.3013,1.3063,2241882.7,1112774.8
2026-09-16 04:30:00,1.3062,1.3104,1.304,1.3047,2039745.1,1097856
2026-09-16 04:45:00,1.3048,1.3072,1.299,1.301,1601196.7,862006.4
2026-09-16 05:00:00,1.3009,1.3016,1.2941,1.2967,1434752.3,625400.5
2026-09-16 05:15:00,1.2967,1.3007,1.2959,1.2992,829301,535948.1
2026-09-16 05:30:00,1.2992,1.3,1.2966,1.2981,977323,567463.1
2026-09-16 05:45:00,1.2982,1.2982,1.2923,1.2967,1520923,794879.6
2026-09-16 06:00:00,1.2967,1.2997,1.2942,1.2962,1057131.5,532559.7
2026-09-16 06:15:00,1.2963,1.2987,1.2952,1.2956,603496.8,342610.8
2026-09-16 06:30:00,1.2955,1.2956,1.2867,1.2939,1815921.7,844606.1
2026-09-16 06:45:00,1.2938,1.2981,1.2937,1.2977,956889.4,597927.3
2026-09-16 07:00:00,1.2978,1.3016,1.2917,1.2945,2209389,1052082.9
2026-09-16 07:15:00,1.2946,1.296,1.2902,1.2906,1579874.2,739107.6
2026-09-16 07:30:00,1.2907,1.2914,1.288,1.2885,1115793.8,578214.1
2026-09-16 07:45:00,1.2884,1.2899,1.2844,1.2853,966663.5,533805.4
2026-09-16 08:00:00,1.2852,1.2855,1.2801,1.2825,2037241.6,949897.2
2026-09-16 08:15:00,1.2825,1.2849,1.276,1.2777,3073678.2,1391624.3
2026-09-16 08:30:00,1.2776,1.2825,1.2772,1.2809,1159902.5,661349.6
2026-09-16 08:45:00,1.2808,1.285,1.28,1.2849,522728.1,338524.8
2026-09-16 09:00:00,1.2849,1.2892,1.2842,1.2846,1436579.4,720670.2
2026-09-16 09:15:00,1.2846,1.2896,1.2831,1.2866,1245897.8,729781.4
2026-09-16 09:30:00,1.2866,1.2902,1.2864,1.2894,570741.9,326982
2026-09-16 09:45:00,1.2894,1.2937,1.2879,1.2916,752847.9,496073.1
2026-09-16 10:00:00,1.2916,1.2928,1.2862,1.2866,1427196.5,747362.7
2026-09-16 10:15:00,1.2866,1.2902,1.2859,1.2889,961288.2,587854.5
2026-09-16 10:30:00,1.289,1.2915,1.2886,1.291,608707.9,357495.9
2026-09-16 10:45:00,1.291,1.2912,1.288,1.2895,392541.5,165677.7
2026-09-16 11:00:00,1.2895,1.2919,1.2868,1.2871,636453.8,386974.2
2026-09-16 11:15:00,1.2871,1.2904,1.2863,1.2894,1094164.7,563776.5
2026-09-16 11:30:00,1.2893,1.2958,1.2887,1.2953,1609644.6,882956.8
2026-09-16 11:45:00,1.2953,1.2985,1.2933,1.2961,1647767.9,647388.8
2026-09-16 12:00:00,1.2961,1.297,1.2883,1.2888,1481789.3,552315.7
2026-09-16 12:15:00,1.2887,1.2918,1.2817,1.2834,1561516.7,992002.3
2026-09-16 12:30:00,1.2834,1.285,1.2792,1.2821,1132446.3,526252.4
2026-09-16 12:45:00,1.282,1.2859,1.2806,1.283,977959.3,397698
2026-09-16 13:00:00,1.2829,1.2834,1.2708,1.2769,2363949.5,1163284
2026-09-16 13:15:00,1.2768,1.2802,1.2739,1.2773,1423130.7,809205.9
2026-09-16 13:30:00,1.2774,1.2804,1.2726,1.2778,2296392.7,1309295.3
2026-09-16 13:45:00,1.2777,1.2827,1.2742,1.2754,1323916.1,633715
2026-09-16 14:00:00,1.2754,1.2757,1.2681,1.2712,2442221.8,924609.6
2026-09-16 14:15:00,1.2711,1.2762,1.2703,1.2759,2192599.5,1126448.2
2026-09-16 14:30:00,1.2759,1.2759,1.2665,1.2713,2671889.2,1430333.9
2026-09-16 14:45:00,1.2712,1.2717,1.2613,1.2669,3121492,1891138
2026-09-16 15:00:00,1.2668,1.2717,1.2652,1.2711,1826388.6,930957.4
2026-09-16 15:15:00,1.271,1.2725,1.2661,1.2664,1687864.5,750803.5
2026-09-16 15:30:00,1.2665,1.2705,1.2601,1.268,1820398.8,914568.6
2026-09-16 15:45:00,1.2681,1.2747,1.2643,1.2662,2365128.6,1492790
2026-09-16 16:00:00,1.2663,1.2693,1.2623,1.2683,1703520.1,909056
2026-09-16 16:15:00,1.2683,1.2722,1.2652,1.2672,1645820.7,1041282.2
2026-09-16 16:30:00,1.2673,1.2691,1.2637,1.2639,840544.4,384089
2026-09-16 16:45:00,1.2638,1.2702,1.2632,1.2683,1142304.5,658416.4
2026-09-16 17:00:00,1.2682,1.2699,1.2639,1.2661,1704786.1,829475.4
2026-09-16 17:15:00,1.2661,1.2676,1.26,1.2634,3272403.5,1508666.8
2026-09-16 17:30:00,1.2634,1.2656,1.2533,1.2555,3493613.7,1851346.7
2026-09-16 17:45:00,1.2555,1.271,1.2513,1.2618,4965444.9,2808895.3
2026-09-16 18:00:00,1.2617,1.2962,1.2468,1.2749,14195611.7,7064288
2026-09-16 18:15:00,1.2749,1.2877,1.2737,1.2856,5247697.5,2731446.9
2026-09-16 18:30:00,1.2856,1.298,1.259,1.2902,8931441,5022211.9
2026-09-16 18:45:00,1.2902,1.2919,1.2758,1.2788,3915231.7,2000654.3
2026-09-16 19:00:00,1.2788,1.2969,1.2784,1.2901,3612979.3,2436384
2026-09-16 19:15:00,1.2902,1.2926,1.2751,1.2837,2268886.6,1168452.2
2026-09-16 19:30:00,1.2837,1.299,1.2828,1.2972,2191507.5,1239881
2026-09-16 19:45:00,1.2971,1.305,1.2966,1.3008,3186414.1,2027839
2026-09-16 20:00:00,1.3009,1.3184,1.2993,1.3075,4558420.1,2565055
2026-09-16 20:15:00,1.3076,1.3155,1.3048,1.3089,3096691.7,1637052.2
2026-09-16 20:30:00,1.3088,1.3096,1.2972,1.3012,2202928.8,1058642.3
2026-09-16 20:45:00,1.3012,1.3063,1.3006,1.3026,1409766.3,699781.8
2026-09-16 21:00:00,1.3027,1.3029,1.2949,1.2959,1958849.6,795068.4
2026-09-16 21:15:00,1.296,1.2966,1.2935,1.2945,809382.8,430645
2026-09-16 21:30:00,1.2944,1.2952,1.2877,1.2883,922695.1,509643.6
2026-09-16 21:45:00,1.2883,1.2955,1.2874,1.2928,1346566.8,715863.8
2026-09-16 22:00:00,1.2928,1.2937,1.2801,1.2887,2783185.3,965393.8
2026-09-16 22:15:00,1.2887,1.2904,1.2814,1.2832,1057062,414694
2026-09-16 22:30:00,1.2831,1.2883,1.2814,1.2882,868512.1,534500.3
2026-09-16 22:45:00,1.2883,1.2895,1.2849,1.2865,546605.6,324205.6
2026-09-16 23:00:00,1.2865,1.289,1.285,1.2881,495928,246934.5
2026-09-16 23:15:00,1.2881,1.2994,1.2881,1.2984,1958158.2,1173253.3
2026-09-16 23:30:00,1.2983,1.3033,1.2954,1.3015,2803929.1,1514493.9
2026-09-16 23:45:00,1.3015,1.303,1.298,1.2995,2112959.5,794875.8
2026-09-17 00:00:00,1.2996,1.3027,1.2966,1.3,1146941.6,787698.4
2026-09-17 00:15:00,1.3,1.3033,1.2971,1.2972,1009207.6,582765
2026-09-17 00:30:00,1.2972,1.3016,1.2959,1.2982,2080970.4,1066893.7
2026-09-17 00:45:00,1.2983,1.2988,1.2949,1.2949,482814.2,201551
2026-09-17 01:00:00,1.295,1.2958,1.2911,1.2948,1057751.5,584691.3
2026-09-17 01:15:00,1.2948,1.3054,1.2931,1.3046,1973679.9,1111763.3
2026-09-17 01:30:00,1.3046,1.3104,1.3005,1.3044,2726120.7,1390211.3
2026-09-17 01:45:00,1.3044,1.3051,1.2991,1.3005,1737732,903839.4
2026-09-17 02:00:00,1.3006,1.3021,1.2942,1.2975,1220762.7,579716.3
2026-09-17 02:15:00,1.2974,1.3009,1.2934,1.2981,1092295.1,482375.6
2026-09-17 02:30:00,1.298,1.3058,1.2967,1.3038,2455169.6,1419926.8
2026-09-17 02:45:00,1.3039,1.3041,1.2996,1.3,1134842.9,717635
2026-09-17 03:00:00,1.2999,1.3046,1.2996,1.3023,704442.8,470252.6
2026-09-17 03:15:00,1.3024,1.3045,1.3013,1.3043,837173.1,508889.4
2026-09-17 03:30:00,1.3043,1.3076,1.3024,1.303,1130283.9,607751.5
2026-09-17 03:45:00,1.3029,1.3049,1.3008,1.303,1725879.5,977722.4
2026-09-17 04:00:00,1.303,1.303,1.2985,1.299,795586.8,412813.5
2026-09-17 04:15:00,1.299,1.2991,1.2942,1.2945,1066080.3,380686.2
2026-09-17 04:30:00,1.2944,1.2992,1.2934,1.2973,1291690.3,830111.3
2026-09-17 04:45:00,1.2972,1.3007,1.2965,1.3001,1164551.2,780205.7
2026-09-17 05:00:00,1.3001,1.3025,1.296,1.2969,1383564.5,686499.7
2026-09-17 05:15:00,1.2968,1.301,1.2956,1.2982,1268858.4,665740
2026-09-17 05:30:00,1.2981,1.2987,1.2948,1.2957,1308625.4,640597.8
2026-09-17 05:45:00,1.2957,1.2979,1.2944,1.2959,1132638.6,570820.8
2026-09-17 06:00:00,1.2958,1.2988,1.2949,1.297,1068028.3,492994.3
2026-09-17 06:15:00,1.2971,1.2973,1.2941,1.2972,696667.9,397299.1
2026-09-17 06:30:00,1.2973,1.3025,1.2973,1.3018,1335110.7,569966.1
2026-09-17 06:45:00,1.3017,1.3038,1.3006,1.3014,976220.3,424073.8
2026-09-17 07:00:00,1.3015,1.3069,1.3009,1.3039,2237626,1121069.2
2026-09-17 07:15:00,1.3038,1.306,1.3019,1.3039,1707226.8,964493.6
2026-09-17 07:30:00,1.304,1.3053,1.3011,1.3013,1564348.8,723909.4
2026-09-17 07:45:00,1.3012,1.3035,1.2999,1.3023,1400034.2,861722.8
2026-09-17 08:00:00,1.3023,1.3035,1.2988,1.2992,810455.3,313239.3
2026-09-17 08:15:00,1.2993,1.3028,1.2987,1.2998,1395162.7,712475.8
2026-09-17 08:30:00,1.2999,1.3041,1.2992,1.3033,1636539.9,810960.6
2026-09-17 08:45:00,1.3033,1.3044,1.3023,1.3041,1101998.3,659515.1
2026-09-17 09:00:00,1.3041,1.3078,1.304,1.3065,1477752.9,644704.8
2026-09-17 09:15:00,1.3064,1.3094,1.306,1.3066,1858146.9,892079.3
2026-09-17 09:30:00,1.3065,1.3076,1.3035,1.3038,1102082.8,485760.1
2026-09-17 09:45:00,1.3038,1.3058,1.2991,1.2999,1866368.5,948884.2
2026-09-17 10:00:00,1.2999,1.3003,1.293,1.295,1595466.6,716489.2
2026-09-17 10:15:00,1.295,1.2963,1.2935,1.2947,1325057.6,496058.1
2026-09-17 10:30:00,1.2947,1.2963,1.2937,1.2938,711130.6,397090.5
2026-09-17 10:45:00,1.2939,1.2961,1.2923,1.2958,858452.5,431729.5
2026-09-17 11:00:00,1.2958,1.2984,1.2954,1.2983,1071806.5,490589.4
2026-09-17 11:15:00,1.2983,1.2987,1.2959,1.2971,755034.7,300404.5
2026-09-17 11:30:00,1.2971,1.2972,1.2919,1.2921,713569.3,235611.4
2026-09-17 11:45:00,1.292,1.3001,1.292,1.2993,1597223.9,672830.9
2026-09-17 12:00:00,1.2993,1.308,1.2987,1.3078,2672706.9,1122330.2
2026-09-17 12:15:00,1.3078,1.3135,1.3066,1.3124,1888223,1039017.9
2026-09-17 12:30:00,1.3124,1.3151,1.3074,1.3075,1940264.5,1050841.6
2026-09-17 12:45:00,1.3075,1.3081,1.3035,1.3051,1392004.2,561994.5
2026-09-17 13:00:00,1.3051,1.3093,1.3016,1.3032,1700317,685829.2
2026-09-17 13:15:00,1.3031,1.305,1.3012,1.3021,629951.9,294134.3
2026-09-17 13:30:00,1.3021,1.3027,1.29,1.2948,2878116.8,1465301.6
2026-09-17 13:45:00,1.2947,1.304,1.2915,1.3038,1196795,592337.4
2026-09-17 14:00:00,1.3037,1.3106,1.2973,1.3101,2048689.1,1059761
2026-09-17 14:15:00,1.3101,1.3201,1.3048,1.316,4094317.6,2388303.1
2026-09-17 14:30:00,1.316,1.3179,1.3066,1.307,2326307.7,863121
2026-09-17 14:45:00,1.307,1.3095,1.3005,1.3006,1210504.2,453778.4
2026-09-17 15:00:00,1.3006,1.3017,1.2951,1.2965,1616270.1,680203.1
2026-09-17 15:15:00,1.2966,1.3024,1.2948,1.3009,1264873.4,734795.3
2026-09-17 15:30:00,1.3009,1.3105,1.3001,1.3076,1127764.7,673264.2
2026-09-17 15:45:00,1.3075,1.31,1.305,1.3078,798522.7,455966.7
2026-09-17 16:00:00,1.3079,1.3091,1.305,1.3075,580000.3,329939.9
2026-09-17 16:15:00,1.3074,1.3078,1.3024,1.3048,1350190.8,620633.8
2026-09-17 16:30:00,1.3047,1.3057,1.299,1.3023,1873702.2,783537.2
2026-09-17 16:45:00,1.3024,1.3049,1.2992,1.3048,1478097,780800.2
2026-09-17 17:00:00,1.3049,1.3094,1.3043,1.3048,1034459.2,511183.1
2026-09-17 17:15:00,1.3047,1.3084,1.3024,1.3068,464283.8,209071.7
2026-09-17 17:30:00,1.3069,1.307,1.3021,1.3022,749384.1,359926
2026-09-17 17:45:00,1.3021,1.3029,1.3001,1.3009,822262.3,381204.6
2026-09-17 18:00:00,1.3009,1.301,1.2991,1.2998,563562.8,261525.1
2026-09-17 18:15:00,1.2998,1.3008,1.2987,1.2995,583937,266228.6
2026-09-17 18:30:00,1.2996,1.3007,1.2943,1.2971,1014038.2,402166.4
2026-09-17 18:45:00,1.2972,1.299,1.2952,1.2955,1046730.2,460316
2026-09-17 19:00:00,1.2954,1.2959,1.2932,1.294,782191.2,346921.3
2026-09-17 19:15:00,1.294,1.2961,1.2926,1.2954,803367.3,336228.1
2026-09-17 19:30:00,1.2953,1.2978,1.2944,1.2951,1420991.4,645789.8
2026-09-17 19:45:00,1.2952,1.2991,1.2938,1.2956,1181152,458389.9
2026-09-17 20:00:00,1.2956,1.2987,1.2946,1.2986,759115.1,409585.5
2026-09-17 20:15:00,1.2987,1.3008,1.2973,1.3002,548465.6,259582.6
2026-09-17 20:30:00,1.3002,1.3003,1.2956,1.2961,316953.6,138384.2
2026-09-17 20:45:00,1.2962,1.2987,1.2958,1.2986,468457.5,260179.5
2026-09-17 21:00:00,1.2986,1.3007,1.2958,1.2959,651125.1,284439.1
2026-09-17 21:15:00,1.2959,1.2966,1.2944,1.2961,395299.7,245527
2026-09-17 21:30:00,1.2961,1.2974,1.2949,1.2955,591144.6,312042.4
2026-09-17 21:45:00,1.2954,1.2957,1.2918,1.2919,995528.2,286468.5
2026-09-17 22:00:00,1.2918,1.2964,1.2896,1.2929,2647164.1,1288670.6
2026-09-17 22:15:00,1.2928,1.2935,1.2877,1.2891,1139452.9,334418.5
2026-09-17 22:30:00,1.289,1.2954,1.2885,1.2941,673188.7,299668
2026-09-17 22:45:00,1.2942,1.2965,1.293,1.296,1373406.8,683115.8
2026-09-17 23:00:00,1.296,1.2974,1.2931,1.2968,1048631.3,470986.7
2026-09-17 23:15:00,1.2968,1.2983,1.2959,1.2978,358258.2,156343.9
2026-09-17 23:30:00,1.2978,1.2989,1.2937,1.2969,920819.2,402863.2
2026-09-17 23:45:00,1.2969,1.2986,1.295,1.2964,808829,286527.2
2026-09-18 00:00:00,1.2964,1.2973,1.2947,1.296,616960.3,323950.1
2026-09-18 00:15:00,1.2961,1.2962,1.292,1.2933,407167.4,143249.4
2026-09-18 00:30:00,1.2933,1.296,1.2919,1.2947,355838.1,134890.7
2026-09-18 00:45:00,1.2947,1.3016,1.2942,1.3009,607381.2,307936.7
2026-09-18 01:00:00,1.3009,1.3033,1.299,1.3018,555213.4,201288.2
2026-09-18 01:15:00,1.3017,1.304,1.3001,1.3011,542055.7,385493.7
2026-09-18 01:30:00,1.3012,1.3039,1.3004,1.3031,578074.5,344305.6
2026-09-18 01:45:00,1.303,1.3069,1.303,1.3049,1833170,1108984.7
2026-09-18 02:00:00,1.305,1.3085,1.3006,1.3049,1411695.8,632979
2026-09-18 02:15:00,1.3048,1.3079,1.3038,1.3073,1200190.5,676209.2
2026-09-18 02:30:00,1.3073,1.3117,1.3061,1.3065,1765436.5,1121718.2
2026-09-18 02:45:00,1.3065,1.3082,1.3059,1.3064,809740.1,370873.2
2026-09-18 03:00:00,1.3063,1.3165,1.3052,1.3163,1799992.6,1093622
2026-09-18 03:15:00,1.3162,1.3241,1.316,1.3216,3534744.8,1863893.5
2026-09-18 03:30:00,1.3216,1.324,1.317,1.3204,2169196.7,934666.1
2026-09-18 03:45:00,1.3203,1.3292,1.3203,1.3266,2433384.7,1229735.5
2026-09-18 04:00:00,1.3266,1.3275,1.3185,1.3192,1799931.6,803987.1
2026-09-18 04:15:00,1.3192,1.3235,1.3179,1.3179,1614349,685692.1
2026-09-18 04:30:00,1.318,1.3207,1.3142,1.3207,2327704.2,1030872.5
2026-09-18 04:45:00,1.3206,1.3259,1.3201,1.3259,1412850.5,937553.6
2026-09-18 05:00:00,1.3259,1.3268,1.3208,1.3228,1951395.8,1026183.2
2026-09-18 05:15:00,1.3227,1.325,1.3181,1.3217,2232069.4,994321.7
2026-09-18 05:30:00,1.3217,1.3245,1.3196,1.3202,1433265.6,591124.5
2026-09-18 05:45:00,1.3203,1.3205,1.3164,1.3182,896407.5,440493.8
2026-09-18 06:00:00,1.3181,1.3233,1.3181,1.3199,1389281.1,810067.8
2026-09-18 06:15:00,1.3198,1.3239,1.3193,1.3212,1873207.6,755312.6
2026-09-18 06:30:00,1.3213,1.3261,1.3212,1.3238,1205592.3,803741.6
2026-09-18 06:45:00,1.3237,1.3247,1.3186,1.3225,1039280.8,478627.8
2026-09-18 07:00:00,1.3224,1.33,1.3209,1.3264,2480205.6,1252940
2026-09-18 07:15:00,1.3264,1.331,1.3244,1.3294,2282093.7,1152393.6
2026-09-18 07:30:00,1.3294,1.3305,1.321,1.3271,3788638.8,1537358.8
2026-09-18 07:45:00,1.3271,1.3304,1.3253,1.3289,1692757.3,833178.5
2026-09-18 08:00:00,1.329,1.3327,1.3219,1.326,3079845.2,1374526.3
2026-09-18 08:15:00,1.3259,1.3361,1.3256,1.3332,2279730.8,1214905.9
2026-09-18 08:30:00,1.3332,1.336,1.3312,1.3314,1587852.3,723142.3
2026-09-18 08:45:00,1.3313,1.3379,1.3303,1.3372,1559749.1,955692.5
2026-09-18 09:00:00,1.3371,1.3408,1.3355,1.3375,2206408.4,1062582.2
2026-09-18 09:15:00,1.3375,1.3413,1.3316,1.3322,2395530.2,1291763.2
2026-09-18 09:30:00,1.3322,1.3334,1.3301,1.3332,923076.7,468594.7
2026-09-18 09:45:00,1.3332,1.3359,1.3321,1.3349,1474703.5,790298.6
2026-09-18 10:00:00,1.3349,1.337,1.3313,1.3345,1905848.9,1011012.2
2026-09-18 10:15:00,1.3345,1.338,1.3342,1.3375,1010311.4,557316.1
2026-09-18 10:30:00,1.3374,1.3383,1.3355,1.3361,657438.9,299145.2
2026-09-18 10:45:00,1.3362,1.3378,1.3316,1.3317,1340189.3,527219.5
2026-09-18 11:00:00,1.3317,1.3332,1.3163,1.3213,3986332.7,1646595.6
2026-09-18 11:15:00,1.3213,1.3231,1.3188,1.3196,1667962.1,758438.5
2026-09-18 11:30:00,1.3196,1.3264,1.3189,1.3216,1352800.8,718795.7
2026-09-18 11:45:00,1.3215,1.3264,1.3215,1.3238,1238790.2,608159.9
2026-09-18 12:00:00,1.3238,1.3264,1.3189,1.3209,1073289.6,551527.2
2026-09-18 12:15:00,1.3209,1.3247,1.3201,1.3231,952459,488848.1
2026-09-18 12:30:00,1.323,1.3276,1.3216,1.325,1627509.9,793973.5
2026-09-18 12:45:00,1.325,1.328,1.3234,1.3241,1422007.9,804181
2026-09-18 13:00:00,1.324,1.3241,1.3197,1.3218,1287936.8,534088.7
2026-09-18 13:15:00,1.3217,1.3273,1.3215,1.3266,1499423.1,895134.4
2026-09-18 13:30:00,1.3267,1.348,1.3254,1.3468,6727535.3,4001529.6
2026-09-18 13:45:00,1.3469,1.3746,1.3449,1.3612,9820291.9,4778757.7
2026-09-18 14:00:00,1.3612,1.3725,1.3611,1.3656,5350257.9,2555379.7
2026-09-18 14:15:00,1.3656,1.3814,1.3656,1.3718,5359645.5,2725026.1
2026-09-18 14:30:00,1.3718,1.3857,1.3669,1.3837,5862335,2760729.5
2026-09-18 14:45:00,1.3837,1.4028,1.382,1.4002,8297475.9,3696090
2026-09-18 15:00:00,1.4003,1.402,1.3793,1.3877,8040731.4,3681776
2026-09-18 15:15:00,1.3877,1.3965,1.3851,1.3869,4177154.6,2034251
2026-09-18 15:30:00,1.3869,1.3872,1.3725,1.3726,5162271.2,2070731.4
2026-09-18 15:45:00,1.3726,1.3871,1.3713,1.3853,2735812.5,1507694.2
2026-09-18 16:00:00,1.3853,1.387,1.3807,1.3824,1876485.2,909109.7
2026-09-18 16:15:00,1.3824,1.3881,1.3811,1.3844,2733121.1,1343103.9
2026-09-18 16:30:00,1.3844,1.3938,1.3828,1.3844,2807274.2,1365866.7
2026-09-18 16:45:00,1.3843,1.3843,1.3774,1.3806,1919262.7,843368.4
2026-09-18 17:00:00,1.3806,1.3832,1.3742,1.3826,2293280.4,1040135
2026-09-18 17:15:00,1.3827,1.3867,1.3793,1.3854,2077599.5,827878.3
2026-09-18 17:30:00,1.3855,1.3862,1.3814,1.3857,2105586.7,919115.6
2026-09-18 17:45:00,1.3857,1.3918,1.3844,1.3918,2000512.2,1046040.6
2026-09-18 18:00:00,1.3917,1.3919,1.3876,1.3917,1785624.1,886290.2
2026-09-18 18:15:00,1.3916,1.3933,1.3893,1.3916,1208434,654097.9
2026-09-18 18:30:00,1.3917,1.3926,1.3871,1.3889,1827724.1,921226.8
2026-09-18 18:45:00,1.3889,1.3906,1.385,1.3865,1455917.3,680161.9
2026-09-18 19:00:00,1.3866,1.3991,1.3862,1.3988,1741019.2,1041155.2
2026-09-18 19:15:00,1.3989,1.4028,1.3962,1.4012,3198511.3,1645397.7
2026-09-18 19:30:00,1.4012,1.409,1.4005,1.408,2910835.2,1540945
2026-09-18 19:45:00,1.408,1.413,1.397,1.4121,3389928.2,1721694
2026-09-18 20:00:00,1.412,1.4147,1.4039,1.4078,3066484.6,1460403.7
2026-09-18 20:15:00,1.4077,1.4119,1.3955,1.4031,3942529.1,1245559.8
2026-09-18 20:30:00,1.4031,1.4063,1.3981,1.4059,1686363.7,949492.2
2026-09-18 20:45:00,1.4058,1.4084,1.3997,1.4031,2758380.4,1593923.5
2026-09-18 21:00:00,1.4031,1.4082,1.398,1.4076,2029717.8,925108
2026-09-18 21:15:00,1.4076,1.408,1.4001,1.4028,1653876.6,785605.8
2026-09-18 21:30:00,1.4029,1.4036,1.3986,1.3991,1483128.8,475828.2
2026-09-18 21:45:00,1.399,1.4024,1.3977,1.401,1097041.2,443329.7
2026-09-18 22:00:00,1.4011,1.4042,1.4,1.403,1448442,699190.1
2026-09-18 22:15:00,1.403,1.4057,1.3995,1.3996,1256861.6,579748.4
2026-09-18 22:30:00,1.3996,1.4,1.3928,1.3971,1509331.5,591194.2
2026-09-18 22:45:00,1.397,1.4005,1.3958,1.3984,1492903.3,705561
2026-09-18 23:00:00,1.3984,1.402,1.3957,1.3992,1015497.2,529874.7
2026-09-18 23:15:00,1.3993,1.4013,1.3967,1.3976,1113992.7,596685.9
2026-09-18 23:30:00,1.3976,1.3979,1.3938,1.396,1622473.5,696009.8
2026-09-18 23:45:00,1.3959,1.398,1.3957,1.3963,1153533.9,505119.8
2026-09-19 00:00:00,1.3964,1.4042,1.3946,1.404,2014097.5,1008080
2026-09-19 00:15:00,1.4039,1.4097,1.4013,1.4095,2131962.8,1106460
2026-09-19 00:30:00,1.4095,1.4208,1.4095,1.4178,3836305.1,2055494.4
2026-09-19 00:45:00,1.4179,1.4179,1.4082,1.4089,2941560.5,1618909.4
2026-09-19 01:00:00,1.409,1.4124,1.4027,1.4028,1724977.1,1071193.5
2026-09-19 01:15:00,1.4028,1.4043,1.3932,1.4017,2102726.3,1115742.8
2026-09-19 01:30:00,1.4017,1.4055,1.3952,1.4055,1199732.4,673911.8
2026-09-19 01:45:00,1.4054,1.4144,1.4054,1.4125,1451426.5,713533.9
2026-09-19 02:00:00,1.4125,1.42,1.4112,1.416,1668090.3,764529.2
2026-09-19 02:15:00,1.4159,1.4242,1.4136,1.4166,3125964.6,1538583.9
2026-09-19 02:30:00,1.4166,1.4273,1.4147,1.4221,2311681.7,1356898.3
2026-09-19 02:45:00,1.4221,1.4221,1.4127,1.4134,1682718.4,925303.3
2026-09-19 03:00:00,1.4133,1.4177,1.4034,1.417,3209194.8,1271239.3
2026-09-19 03:15:00,1.417,1.4171,1.4097,1.4104,2090443.8,760217.6
2026-09-19 03:30:00,1.4104,1.4144,1.4094,1.4142,757705.3,323865.7
2026-09-19 03:45:00,1.4143,1.4212,1.4124,1.4181,1411450.4,779811.3
2026-09-19 04:00:00,1.418,1.4269,1.4168,1.4244,1893880,963173.8
2026-09-19 04:15:00,1.4244,1.4244,1.4147,1.4151,1216533.5,556508.7
2026-09-19 04:30:00,1.4152,1.4153,1.408,1.4128,1981441.9,816765.2
2026-09-19 04:45:00,1.4127,1.4182,1.4093,1.4149,1779429,937834.3
2026-09-19 05:00:00,1.4148,1.4269,1.4139,1.4264,2264256.6,1108014.8
2026-09-19 05:15:00,1.4264,1.436,1.4194,1.4258,3665752.6,1644153.9
2026-09-19 05:30:00,1.4259,1.4387,1.4257,1.437,3916645.7,1988789.4
2026-09-19 05:45:00,1.4371,1.4391,1.4254,1.4269,1923136.8,973633.4
2026-09-19 06:00:00,1.4269,1.4297,1.4199,1.4215,2028098.4,847045.7
2026-09-19 06:15:00,1.4215,1.4253,1.4159,1.4207,1699738,577658.6
2026-09-19 06:30:00,1.4207,1.4287,1.4199,1.4256,1017732.8,528146.3
2026-09-19 06:45:00,1.4255,1.4268,1.4208,1.4218,914344.4,449268.1
2026-09-19 07:00:00,1.4218,1.4234,1.4175,1.4216,1163844.7,551252.4
2026-09-19 07:15:00,1.4217,1.4241,1.4173,1.4182,1298064.8,735897.7
2026-09-19 07:30:00,1.4183,1.4198,1.4108,1.4122,1531528,730269
2026-09-19 07:45:00,1.4123,1.4146,1.41,1.4107,1976515.6,956320.7
2026-09-19 08:00:00,1.4107,1.4171,1.4088,1.4166,2040663.3,1039777
2026-09-19 08:15:00,1.4166,1.4222,1.4151,1.4165,2156610.6,1013038.6
2026-09-19 08:30:00,1.4165,1.4201,1.4156,1.4173,673420,363242.2
2026-09-19 08:45:00,1.4173,1.4178,1.413,1.415,625131.9,202993.2
2026-09-19 09:00:00,1.415,1.4179,1.4136,1.4137,872186.1,290245
2026-09-19 09:15:00,1.4137,1.4179,1.4117,1.4165,1097683.3,561705.6
2026-09-19 09:30:00,1.4165,1.4171,1.409,1.4123,1272841.3,581175.8
2026-09-19 09:45:00,1.4123,1.4148,1.412,1.4128,766245.7,392346.5
2026-09-19 10:00:00,1.4128,1.4145,1.4115,1.4142,869374.2,400554.9
2026-09-19 10:15:00,1.4142,1.4186,1.4131,1.4183,683813.3,358832.3
2026-09-19 10:30:00,1.4184,1.4235,1.4184,1.4208,1653284.1,821304.7
2026-09-19 10:45:00,1.4209,1.4222,1.4177,1.4178,1504985.5,620047
2026-09-19 11:00:00,1.4178,1.4264,1.4177,1.4212,2007435.1,1002479.4
2026-09-19 11:15:00,1.4213,1.4302,1.4202,1.425,2735647.5,1470629.6
2026-09-19 11:30:00,1.4251,1.4315,1.4244,1.4309,2460765,1311321
2026-09-19 11:45:00,1.4308,1.4384,1.4303,1.4343,2823096.8,1289977.4
2026-09-19 12:00:00,1.4343,1.4386,1.4288,1.4328,3068874.6,1459810.2
2026-09-19 12:15:00,1.4328,1.4347,1.428,1.4292,1637574.5,487040.5
2026-09-19 12:30:00,1.4292,1.4345,1.4292,1.4305,1302294.6,621813.8
2026-09-19 12:45:00,1.4305,1.4355,1.4263,1.4341,2269418.3,1201565.7
2026-09-19 13:00:00,1.4341,1.448,1.4317,1.444,5916691.9,2907723.1
2026-09-19 13:15:00,1.444,1.4499,1.4355,1.4363,3955625.9,1889889.4
2026-09-19 13:30:00,1.4362,1.4398,1.4318,1.4354,2234818.3,1056087
2026-09-19 13:45:00,1.4353,1.4398,1.4322,1.4374,1769734.4,730233.6
2026-09-19 14:00:00,1.4374,1.4438,1.4363,1.4419,2828607,1315740
2026-09-19 14:15:00,1.4419,1.4538,1.4419,1.4469,5309202.1,2823201.2
2026-09-19 14:30:00,1.4468,1.447,1.4359,1.4385,2588333.4,1134816.6
2026-09-19 14:45:00,1.4385,1.4409,1.4356,1.4381,2339394,847090
2026-09-19 15:00:00,1.4381,1.4417,1.4348,1.4352,2384146.5,1074670.7
2026-09-19 15:15:00,1.4353,1.4375,1.4288,1.43,2882668,1030108.4
2026-09-19 15:30:00,1.4301,1.4389,1.4284,1.4369,1909217.9,980689.5
2026-09-19 15:45:00,1.4369,1.4369,1.4293,1.4308,1027598,498289.5
2026-09-19 16:00:00,1.4309,1.4368,1.425,1.4352,2773605.8,1178909.5
2026-09-19 16:15:00,1.4353,1.4377,1.4334,1.4336,2009859.8,1044170.7
2026-09-19 16:30:00,1.4336,1.4372,1.4311,1.4351,1421532.2,665425.2
2026-09-19 16:45:00,1.4351,1.4369,1.4326,1.4342,1133167.3,577681.6
2026-09-19 17:00:00,1.4342,1.4454,1.4336,1.4397,2372611.1,1388435.5
2026-09-19 17:15:00,1.4398,1.4419,1.4272,1.4288,1957155.3,1050402.6
2026-09-19 17:30:00,1.4288,1.4349,1.4228,1.424,1908075.1,645966.5
2026-09-19 17:45:00,1.424,1.4283,1.424,1.4277,761072.7,340072.7
2026-09-19 18:00:00,1.4276,1.4328,1.4249,1.4258,1592414.4,709114.4
2026-09-19 18:15:00,1.4259,1.4286,1.4218,1.4241,1313064.9,685242.4
2026-09-19 18:30:00,1.4242,1.4304,1.4211,1.4272,1395214.4,639014.3
2026-09-19 18:45:00,1.4272,1.431,1.425,1.4301,1013379,529770.8
2026-09-19 19:00:00,1.4302,1.4322,1.4262,1.4263,1471647.8,592331.2
2026-09-19 19:15:00,1.4263,1.4314,1.4255,1.4266,2522328.8,1214407.4
2026-09-19 19:30:00,1.4266,1.432,1.4258,1.4308,707491.8,398212.9
2026-09-19 19:45:00,1.4308,1.4333,1.4264,1.4278,1454846.1,865665.2
2026-09-19 20:00:00,1.4278,1.4329,1.4258,1.432,975560.1,407370
2026-09-19 20:15:00,1.432,1.4354,1.4269,1.4275,1281441.1,624152.7
2026-09-19 20:30:00,1.4276,1.4319,1.4276,1.4319,910342.6,491023
2026-09-19 20:45:00,1.4319,1.4321,1.427,1.4289,881958.8,364650.4
2026-09-19 21:00:00,1.429,1.4323,1.4172,1.4186,2388020.4,803402
2026-09-19 21:15:00,1.4186,1.4203,1.407,1.4182,3330161.8,1305497.5
2026-09-19 21:30:00,1.4182,1.4184,1.4028,1.4076,2344522.2,831845.7
2026-09-19 21:45:00,1.4075,1.4125,1.4071,1.4096,1786623.6,542348.1
2026-09-19 22:00:00,1.4097,1.4097,1.398,1.4022,3373054.2,1213002.9
2026-09-19 22:15:00,1.4022,1.405,1.397,1.4043,1157741.5,285482.8
2026-09-19 22:30:00,1.4042,1.414,1.404,1.4135,1523572,889909.3
2026-09-19 22:45:00,1.4135,1.4183,1.4132,1.4166,1107397.7,581408.8
2026-09-19 23:00:00,1.4167,1.4173,1.4143,1.4153,1267964.7,600448.5
2026-09-19 23:15:00,1.4153,1.4171,1.4096,1.4121,1640494.6,631536.3
2026-09-19 23:30:00,1.412,1.4143,1.4109,1.4116,764717.9,220686.6
2026-09-19 23:45:00,1.4116,1.4128,1.4101,1.4104,797989.7,422159.8
2026-09-20 00:00:00,1.4104,1.4109,1.4059,1.4076,1117242.5,425125.9
2026-09-20 00:15:00,1.4077,1.4093,1.4045,1.4056,1132390.1,635881.6
2026-09-20 00:30:00,1.4057,1.4104,1.4042,1.4092,1175240.2,524887
2026-09-20 00:45:00,1.4092,1.4095,1.4041,1.4061,760493.1,373005
2026-09-20 01:00:00,1.4061,1.4068,1.3995,1.3995,954691,283034.8
2026-09-20 01:15:00,1.3995,1.4048,1.399,1.3993,1491633,808806.6
2026-09-20 01:30:00,1.3994,1.3998,1.3959,1.3996,1936886.5,725013
2026-09-20 01:45:00,1.3996,1.4022,1.396,1.4003,1036631,559247
2026-09-20 02:00:00,1.4004,1.4062,1.3995,1.4062,765597,286151.4
2026-09-20 02:15:00,1.4061,1.4066,1.3971,1.3972,1279665.6,545268.7
2026-09-20 02:30:00,1.3973,1.3987,1.3764,1.3786,4926426.8,1895135.3
2026-09-20 02:45:00,1.3787,1.3866,1.368,1.3707,4894791.2,2259609.3
2026-09-20 03:00:00,1.3706,1.3828,1.3684,1.3719,2355218.7,1039023.5
2026-09-20 03:15:00,1.3718,1.3857,1.368,1.378,2059087.1,1161364.4
2026-09-20 03:30:00,1.3781,1.3806,1.3752,1.3792,1261951.9,817609.2
2026-09-20 03:45:00,1.3792,1.3847,1.3775,1.3823,813676,467815.5
2026-09-20 04:00:00,1.3823,1.3836,1.3795,1.3836,706503.6,350465.8
2026-09-20 04:15:00,1.3836,1.3854,1.3786,1.3823,876489.3,374823.8
2026-09-20 04:30:00,1.3822,1.385,1.381,1.3815,795051.5,313106.5
2026-09-20 04:45:00,1.3814,1.3833,1.3773,1.3812,1086799.8,455571.8
2026-09-20 05:00:00,1.3812,1.3856,1.3794,1.3834,645379.6,317403.9
2026-09-20 05:15:00,1.3834,1.3837,1.3786,1.3814,1606533.5,941065.5
2026-09-20 05:30:00,1.3815,1.3842,1.379,1.3804,780680.3,435087.3
2026-09-20 05:45:00,1.3804,1.3836,1.3801,1.3827,585590.6,241509.2
2026-09-20 06:00:00,1.3826,1.3836,1.3796,1.3825,843977.9,502152.1
2026-09-20 06:15:00,1.3826,1.3853,1.3804,1.3816,1281104.4,582876.8
2026-09-20 06:30:00,1.3815,1.3824,1.3779,1.3808,1470927.4,796366.9
2026-09-20 06:45:00,1.3808,1.383,1.3792,1.3806,1046248.9,505907.3
2026-09-20 07:00:00,1.3806,1.3844,1.3806,1.3837,1135348.8,516164.9
2026-09-20 07:15:00,1.3837,1.385,1.3811,1.3837,1563760.6,880290.6
2026-09-20 07:30:00,1.3838,1.3845,1.3796,1.3805,987832.6,527450.3
2026-09-20 07:45:00,1.3806,1.3815,1.3793,1.3798,676268,296184.9
2026-09-20 08:00:00,1.3798,1.3836,1.3797,1.3824,1033263.1,630772.4
2026-09-20 08:15:00,1.3825,1.3833,1.3805,1.381,628720.8,311752
2026-09-20 08:30:00,1.3809,1.381,1.3773,1.3778,989340.4,479409.9
2026-09-20 08:45:00,1.3778,1.3786,1.3739,1.3771,1254861.5,581873.1
2026-09-20 09:00:00,1.377,1.3806,1.3768,1.3789,1240588.6,498820.4
2026-09-20 09:15:00,1.379,1.3837,1.3787,1.3826,739289.5,376028.8
2026-09-20 09:30:00,1.3827,1.3902,1.3827,1.3874,2488431.3,1088148.7
2026-09-20 09:45:00,1.3874,1.3874,1.3826,1.3829,1063693.8,523583.9
2026-09-20 10:00:00,1.383,1.3845,1.376,1.379,1187492.2,655304.8
2026-09-20 10:15:00,1.379,1.38,1.3755,1.3782,932335.1,471760.2
2026-09-20 10:30:00,1.3782,1.3798,1.3741,1.3773,1016293.9,520048.5
2026-09-20 10:45:00,1.3774,1.3789,1.376,1.3765,687866.8,375413.3
2026-09-20 11:00:00,1.3765,1.3803,1.3747,1.376,1086022.7,553584.3
2026-09-20 11:15:00,1.3761,1.3777,1.3743,1.3769,1448067.3,787028.8
2026-09-20 11:30:00,1.3768,1.3796,1.376,1.378,1021426.7,472427.5
2026-09-20 11:45:00,1.378,1.3812,1.3773,1.3804,692030.9,408084.4
2026-09-20 12:00:00,1.3804,1.3838,1.3768,1.3815,1445799.4,863149.5
2026-09-20 12:15:00,1.3816,1.382,1.3756,1.3761,643202.4,308917
2026-09-20 12:30:00,1.3761,1.3772,1.3735,1.377,959137.4,435658.5
2026-09-20 12:45:00,1.3771,1.3814,1.3765,1.3799,1092172.7,552262.7
2026-09-20 13:00:00,1.38,1.3825,1.3775,1.3781,1172005.4,523977.8
2026-09-20 13:15:00,1.378,1.38,1.3769,1.3774,715470.6,313552.5
2026-09-20 13:30:00,1.3775,1.3784,1.3742,1.3771,863145.8,610188
2026-09-20 13:45:00,1.3771,1.3781,1.3752,1.3775,760215.1,368560.7
2026-09-20 14:00:00,1.3775,1.3839,1.3774,1.3785,1299299.1,496895.2
2026-09-20 14:15:00,1.3786,1.3787,1.3739,1.378,1001599.9,545019.9
2026-09-20 14:30:00,1.3781,1.3821,1.3772,1.3802,1571764,763169.6
2026-09-20 14:45:00,1.3803,1.382,1.3784,1.3793,889298.9,505120.9
2026-09-20 15:00:00,1.3792,1.3896,1.3792,1.3838,3004100.7,1478007.3
2026-09-20 15:15:00,1.3838,1.3902,1.3829,1.3829,2597657.7,1123570.9
2026-09-20 15:30:00,1.383,1.3897,1.3822,1.3874,1738929.4,937507.7
2026-09-20 15:45:00,1.3875,1.3915,1.386,1.391,1460814.9,817550
2026-09-20 16:00:00,1.3911,1.3996,1.3876,1.398,1809416.4,963909.5
2026-09-20 16:15:00,1.398,1.4038,1.3966,1.4017,2126631.5,1330924.2
2026-09-20 16:30:00,1.4017,1.4174,1.4014,1.4124,3964570.4,2308855.6
2026-09-20 16:45:00,1.4124,1.4136,1.4056,1.4105,2351890,1113885.7
2026-09-20 17:00:00,1.4104,1.4145,1.4025,1.4057,2064344.4,942186.4
2026-09-20 17:15:00,1.4057,1.408,1.3987,1.3995,876428.4,359333.2
2026-09-20 17:30:00,1.3996,1.4084,1.399,1.408,874132.5,412942.4
2026-09-20 17:45:00,1.4081,1.409,1.4004,1.4029,850595.5,305253.5
2026-09-20 18:00:00,1.4028,1.4035,1.3984,1.4012,584233.2,213410.5
2026-09-20 18:15:00,1.4011,1.4112,1.4009,1.4109,918548,479608.2
2026-09-20 18:30:00,1.4109,1.4127,1.4051,1.4077,1562570.4,951054.7
2026-09-20 18:45:00,1.4078,1.4082,1.4014,1.4038,1281156.1,764466.7
2026-09-20 19:00:00,1.4039,1.4077,1.4039,1.4048,817978.7,360906.6
2026-09-20 19:15:00,1.4047,1.4054,1.4006,1.4054,879532.2,378475.5
2026-09-20 19:30:00,1.4054,1.4115,1.4051,1.4092,962431.4,557150.5
2026-09-20 19:45:00,1.4091,1.4139,1.4078,1.4093,963181.4,435769
2026-09-20 20:00:00,1.4092,1.4124,1.4076,1.4106,805017.7,323448
2026-09-20 20:15:00,1.4107,1.4127,1.408,1.4109,1624432.7,790764.4
2026-09-20 20:30:00,1.4109,1.4112,1.4057,1.4105,689633.5,388609.1
2026-09-20 20:45:00,1.4105,1.4122,1.4061,1.4063,1091320,470697.4
2026-09-20 21:00:00,1.4063,1.4063,1.392,1.3997,2846899.7,1157680.1
2026-09-20 21:15:00,1.3997,1.4037,1.3963,1.4002,1239340.1,550950.2
2026-09-20 21:30:00,1.4003,1.4043,1.3976,1.3976,1001934.1,477838.8
2026-09-20 21:45:00,1.3976,1.4026,1.3976,1.4021,799184.5,328971.3
2026-09-20 22:00:00,1.4022,1.4126,1.3973,1.4126,1867577.5,985847
2026-09-20 22:15:00,1.4126,1.4126,1.4049,1.4099,1338611.7,754969.9
2026-09-20 22:30:00,1.4098,1.4118,1.4067,1.4069,936584,366554.8
2026-09-20 22:45:00,1.407,1.4118,1.4063,1.4097,817552.5,399162.9
2026-09-20 23:00:00,1.4097,1.4117,1.4075,1.4089,1319288.3,697345.8
2026-09-20 23:15:00,1.4088,1.4142,1.4079,1.4103,1586720.3,829283.2
2026-09-20 23:30:00,1.4103,1.4153,1.4099,1.4151,966946.7,656475.1
2026-09-20 23:45:00,1.4151,1.4161,1.4096,1.4105,1345451.9,718794.5
2026-09-21 00:00:00,1.4104,1.4262,1.41,1.4257,3700311,2079616.7
2026-09-21 00:15:00,1.4258,1.4353,1.422,1.4281,4596024.5,2946425.9
2026-09-21 00:30:00,1.4282,1.4308,1.4215,1.4263,2420345.5,1698589.5
2026-09-21 00:45:00,1.4262,1.432,1.4253,1.4257,1926824.2,929209.5
2026-09-21 01:00:00,1.4256,1.431,1.4209,1.4285,1784167.5,871674.8
2026-09-21 01:15:00,1.4286,1.4388,1.4227,1.4269,3567169.2,1785601.3
2026-09-21 01:30:00,1.4269,1.4329,1.4214,1.4247,1573622.7,800616.5
2026-09-21 01:45:00,1.4246,1.4258,1.4035,1.408,3578406.5,1484194.7
2026-09-21 02:00:00,1.4081,1.4166,1.405,1.4159,1112458.3,738272.4
2026-09-21 02:15:00,1.416,1.4216,1.4139,1.4159,1510846.5,565824.3
2026-09-21 02:30:00,1.4158,1.4159,1.4053,1.4126,1329116.4,530202
2026-09-21 02:45:00,1.4125,1.4186,1.4109,1.4159,1637385.2,731115.6
2026-09-21 03:00:00,1.4158,1.4226,1.4154,1.4183,863745.1,560212
2026-09-21 03:15:00,1.4182,1.4254,1.4182,1.4235,1054469.7,697714.9
2026-09-21 03:30:00,1.4236,1.4261,1.4203,1.4224,1051518.4,619617.9
2026-09-21 03:45:00,1.4223,1.4243,1.4205,1.4229,678495,445966.2
2026-09-21 04:00:00,1.4229,1.4234,1.4163,1.4174,1027427.3,564570.8
2026-09-21 04:15:00,1.4175,1.4197,1.4142,1.416,1631266.3,1005501.5
2026-09-21 04:30:00,1.416,1.4214,1.4145,1.42,1362446.8,829637.6
2026-09-21 04:45:00,1.4199,1.424,1.4186,1.419,1509025.1,909937.5
2026-09-21 05:00:00,1.4191,1.4204,1.4155,1.417,1085442.3,609851.4
2026-09-21 05:15:00,1.4171,1.4247,1.4168,1.4232,1533717.7,980317.6
2026-09-21 05:30:00,1.4232,1.437,1.423,1.4293,3767479.7,2088838.4
2026-09-21 05:45:00,1.4292,1.4357,1.4285,1.43,1793388.4,808644.7
2026-09-21 06:00:00,1.4301,1.4342,1.4272,1.4315,1312586.9,631478.6
2026-09-21 06:15:00,1.4314,1.4418,1.4312,1.4375,3969556.5,1998180.8
2026-09-21 06:30:00,1.4375,1.4383,1.426,1.4261,1481666.9,662676.1
2026-09-21 06:45:00,1.426,1.4371,1.4252,1.4365,2667042.7,1793530.5
2026-09-21 07:00:00,1.4365,1.441,1.4307,1.4364,3056272.8,1838844.6
2026-09-21 07:15:00,1.4364,1.4454,1.4356,1.4397,3331009.2,1711412.4
2026-09-21 07:30:00,1.4397,1.4404,1.4332,1.4358,2493171.7,1625843.2
2026-09-21 07:45:00,1.4359,1.442,1.4346,1.4387,2180621.8,1282369.7
2026-09-21 08:00:00,1.4386,1.4483,1.438,1.4454,3535216.8,1701444.2
2026-09-21 08:15:00,1.4453,1.4505,1.4416,1.4494,4162258.9,2485040.7
2026-09-21 08:30:00,1.4493,1.477,1.4485,1.4724,10471942.4,5562579.3
2026-09-21 08:45:00,1.4724,1.4869,1.4704,1.4761,10496172.1,5048496.9
2026-09-21 09:00:00,1.4761,1.4781,1.4704,1.4734,4772383.8,2510418
2026-09-21 09:15:00,1.4735,1.48,1.4707,1.4785,4895713.3,2871841.6
2026-09-21 09:30:00,1.4786,1.4867,1.4759,1.4801,5015375.8,2898381.9
2026-09-21 09:45:00,1.4801,1.4813,1.4707,1.4744,4244523.3,2287840.1
2026-09-21 10:00:00,1.4745,1.4815,1.469,1.4775,4700725.7,2525476.5
2026-09-21 10:15:00,1.4775,1.4903,1.4775,1.4899,5868838.4,3696207.3
2026-09-21 10:30:00,1.4899,1.4944,1.4838,1.489,5439316.8,2987006.7
2026-09-21 10:45:00,1.4891,1.4909,1.484,1.4906,3552514.5,2364419
2026-09-21 11:00:00,1.4906,1.4979,1.488,1.494,4899027.4,2994126
2026-09-21 11:15:00,1.4939,1.4982,1.49,1.4931,4704800.1,2687343.4
2026-09-21 11:30:00,1.493,1.496,1.4888,1.4902,3159804.2,1820256.3
2026-09-21 11:45:00,1.4903,1.4903,1.4843,1.4856,2546208,856930.6
2026-09-21 12:00:00,1.4856,1.4897,1.4837,1.4868,2341837.8,1105870.6
2026-09-21 12:15:00,1.4868,1.4922,1.4851,1.4854,2742597.3,1274204.7
2026-09-21 12:30:00,1.4853,1.4963,1.4844,1.4929,3931728.1,1805711.1
2026-09-21 12:45:00,1.4929,1.4933,1.486,1.4877,1709242.3,833493.8
2026-09-21 13:00:00,1.4876,1.491,1.4851,1.4881,2545154.2,1322403
2026-09-21 13:15:00,1.488,1.4932,1.4849,1.4859,2774037.1,1565270.2
2026-09-21 13:30:00,1.486,1.489,1.4716,1.4821,8037011.7,3682823.5
2026-09-21 13:45:00,1.4821,1.4975,1.481,1.4901,5413289.5,2854063.6
2026-09-21 14:00:00,1.4901,1.491,1.4755,1.4812,2950035.1,1196226.6
2026-09-21 14:15:00,1.4811,1.495,1.4794,1.4897,3125472.9,1831866.6
2026-09-21 14:30:00,1.4897,1.502,1.4888,1.4936,5773788.8,3345472.8
2026-09-21 14:45:00,1.4937,1.5068,1.4913,1.497,4889209.1,2436371.9
2026-09-21 15:00:00,1.4969,1.5094,1.4954,1.5027,4925499.5,2562024.9
2026-09-21 15:15:00,1.5026,1.5027,1.4849,1.4884,4449764.1,1684020
2026-09-21 15:30:00,1.4885,1.497,1.4863,1.497,2762409.6,1345131.6
2026-09-21 15:45:00,1.497,1.5037,1.4942,1.495,2607492.1,1428346
2026-09-21 16:00:00,1.4951,1.5015,1.4937,1.4976,3578288.1,2041284.2
2026-09-21 16:15:00,1.4976,1.5036,1.4908,1.4912,3825898,2466765.2
2026-09-21 16:30:00,1.4912,1.4937,1.4804,1.4866,3699043.5,1448973.8
2026-09-21 16:45:00,1.4866,1.4921,1.4858,1.489,1600488.4,860664.2
2026-09-21 17:00:00,1.489,1.499,1.4876,1.4942,2427287,1262299.1
2026-09-21 17:15:00,1.4943,1.4979,1.4887,1.4954,2402255.9,1334954.7
2026-09-21 17:30:00,1.4953,1.4998,1.495,1.4958,2478635.6,1352572.2
2026-09-21 17:45:00,1.4957,1.4977,1.4896,1.4956,2480277,1196863.6
2026-09-21 18:00:00,1.4956,1.5094,1.4916,1.5091,4523796,2802290.6
2026-09-21 18:15:00,1.509,1.5145,1.5024,1.5035,3967996.6,2005365.8
2026-09-21 18:30:00,1.5036,1.5086,1.4982,1.5057,1769107.5,565988.3
2026-09-21 18:45:00,1.5058,1.5148,1.5035,1.5093,2380837.9,1389850.3
2026-09-21 19:00:00,1.5094,1.5098,1.501,1.5044,1667850.1,698578.3
2026-09-21 19:15:00,1.5043,1.5076,1.4968,1.4996,2840647.1,1211772.2
2026-09-21 19:30:00,1.4996,1.509,1.4984,1.5007,3923261.1,1584528.1
2026-09-21 19:45:00,1.5008,1.5083,1.4998,1.5074,2605466.3,1289666.3
2026-09-21 20:00:00,1.5075,1.5122,1.5032,1.5108,2897134.8,1739142.2
2026-09-21 20:15:00,1.5109,1.526,1.5102,1.5259,7572124.3,4706535.3
2026-09-21 20:30:00,1.5258,1.531,1.5147,1.5304,7183381,3696949.7
2026-09-21 20:45:00,1.5304,1.5377,1.5265,1.5331,5275945,2692334.9
2026-09-21 21:00:00,1.5331,1.5342,1.5178,1.5197,4341830.8,1992657
2026-09-21 21:15:00,1.5197,1.5279,1.5176,1.5226,3795884,1990451.3
2026-09-21 21:30:00,1.5227,1.5491,1.5227,1.549,8044151.4,4000243.3
2026-09-21 21:45:00,1.549,1.555,1.538,1.5497,3158747.6,1878521.9
2026-09-21 22:00:00,1.5497,1.5741,1.5492,1.574,9300587.3,5103866.5
2026-09-21 22:15:00,1.574,1.5743,1.5451,1.5502,6266182.7,2622804.6
2026-09-21 22:30:00,1.5503,1.5595,1.5482,1.5547,3177203.7,1579173.3
2026-09-21 22:45:00,1.5547,1.5571,1.5452,1.5559,2724673.7,1441124.1
2026-09-21 23:00:00,1.5559,1.5693,1.5543,1.5582,3124551.3,1464966.8
2026-09-21 23:15:00,1.5581,1.559,1.5389,1.5401,3496389.4,1258964.8
2026-09-21 23:30:00,1.54,1.5427,1.5334,1.5335,2947002.5,1542937.9
2026-09-21 23:45:00,1.5335,1.5427,1.5255,1.5363,4437771.6,2766803.7
2026-09-22 00:00:00,1.5363,1.5407,1.528,1.5288,3929202.8,1597753.4
2026-09-22 00:15:00,1.5288,1.535,1.528,1.5327,1575340.2,797857.3
2026-09-22 00:30:00,1.5326,1.5375,1.5266,1.5372,1900266.4,824869.4
2026-09-22 00:45:00,1.5372,1.5395,1.5183,1.5214,3544085.6,1776352.3
2026-09-22 01:00:00,1.5215,1.5231,1.5072,1.5135,4696021.8,2287740.4
2026-09-22 01:15:00,1.5135,1.5178,1.5035,1.517,3624502.3,2001360.2
2026-09-22 01:30:00,1.517,1.5208,1.5116,1.514,2249775.7,1516043.8
2026-09-22 01:45:00,1.514,1.5172,1.5102,1.5121,2115899.7,1201062.7
2026-09-22 02:00:00,1.512,1.5166,1.5074,1.5123,2951304.3,1420355.9
2026-09-22 02:15:00,1.5123,1.5218,1.5111,1.5189,2725177.7,1585846.9
2026-09-22 02:30:00,1.5188,1.5269,1.5149,1.5223,2010373.9,1092043.1
2026-09-22 02:45:00,1.5222,1.523,1.5141,1.5152,2190744.9,1447307.6
2026-09-22 03:00:00,1.5153,1.5177,1.51,1.515,3815199.4,2315194.6
2026-09-22 03:15:00,1.5149,1.5219,1.5105,1.5203,2652622.8,1614499.2
2026-09-22 03:30:00,1.5204,1.5206,1.5127,1.5133,1493721.1,699222
2026-09-22 03:45:00,1.5133,1.5165,1.5105,1.5156,1502720.2,1031924.7
2026-09-22 04:00:00,1.5157,1.5263,1.5123,1.5199,2486458.9,1306663.2
2026-09-22 04:15:00,1.52,1.526,1.5155,1.5238,3622241,2146717.1
2026-09-22 04:30:00,1.5238,1.524,1.514,1.5154,4354601.3,2195670.6
2026-09-22 04:45:00,1.5155,1.5159,1.5085,1.512,4127045.6,1893717.4
2026-09-22 05:00:00,1.5121,1.5154,1.5072,1.509,2721539,1541046.3
2026-09-22 05:15:00,1.5089,1.5095,1.5002,1.5008,2326087.9,848587.5
2026-09-22 05:30:00,1.5008,1.5097,1.4934,1.5094,4111148.8,2309662.9
2026-09-22 05:45:00,1.5094,1.5182,1.5092,1.5138,3753923.2,2491523.2
2026-09-22 06:00:00,1.5137,1.5175,1.5115,1.517,2649696.6,1545600.8
2026-09-22 06:15:00,1.5171,1.5181,1.5135,1.5171,1402376.7,589356.6
2026-09-22 06:30:00,1.517,1.5262,1.516,1.5235,1950314.8,1217775.4
2026-09-22 06:45:00,1.5236,1.5252,1.5193,1.5194,1391502.5,652698.9
2026-09-22 07:00:00,1.5194,1.5256,1.517,1.5243,3077967.6,2117199
2026-09-22 07:15:00,1.5242,1.5258,1.5131,1.5167,3174698,1718303.1
2026-09-22 07:30:00,1.5167,1.5186,1.5105,1.5165,1770451.7,996919.7
2026-09-22 07:45:00,1.5166,1.52,1.5158,1.5186,1667038.3,1016188.8
2026-09-22 08:00:00,1.5187,1.5244,1.5159,1.5219,1520570.9,713782.9
2026-09-22 08:15:00,1.5219,1.5228,1.5143,1.5157,1016855.6,452205.9
2026-09-22 08:30:00,1.5158,1.5365,1.514,1.5362,4022318.2,2293564.2
2026-09-22 08:45:00,1.5361,1.5545,1.5334,1.5466,7268135.5,3577643.1
2026-09-22 09:00:00,1.5467,1.5477,1.5264,1.5321,5020815,2039250.6
2026-09-22 09:15:00,1.5322,1.5399,1.5322,1.5392,4608324.5,2808360.8
2026-09-22 09:30:00,1.5392,1.5452,1.5353,1.5395,2343689.7,1188025.3
2026-09-22 09:45:00,1.5395,1.5449,1.5358,1.5417,3962443,2224486.2
2026-09-22 10:00:00,1.5417,1.5417,1.5276,1.5279,1646732.9,570330
2026-09-22 10:15:00,1.528,1.5347,1.52,1.5261,2516626.7,809781.9
2026-09-22 10:30:00,1.5261,1.5307,1.5227,1.5297,2247810.9,1229877.6
2026-09-22 10:45:00,1.5297,1.5348,1.5275,1.5319,1614532.2,863535
2026-09-22 11:00:00,1.5319,1.5335,1.5219,1.5296,2288531.6,1208786.2
2026-09-22 11:15:00,1.5296,1.5374,1.5292,1.5325,1687910.9,752504.6
2026-09-22 11:30:00,1.5326,1.5453,1.5322,1.5433,2353305.7,1289900.1
2026-09-22 11:45:00,1.5432,1.5459,1.5357,1.5378,2696738.6,1387756.8
2026-09-22 12:00:00,1.5378,1.5412,1.5355,1.5355,2921684.9,1148324.4
2026-09-22 12:15:00,1.5354,1.5396,1.5297,1.5395,2620130.3,1425337.8
2026-09-22 12:30:00,1.5395,1.5453,1.5373,1.5448,3808237.6,1868934.8
2026-09-22 12:45:00,1.5447,1.5466,1.5388,1.5429,2246844.3,1103291.5
2026-09-22 13:00:00,1.543,1.5475,1.5402,1.5449,2129573.7,1015611.3
2026-09-22 13:15:00,1.5448,1.5545,1.5384,1.5453,3713986.3,1924174.8
2026-09-22 13:30:00,1.5452,1.5608,1.5386,1.5601,5941451.2,3507792.2
2026-09-22 13:45:00,1.5601,1.5958,1.5566,1.5885,10346471.2,5128250.9
2026-09-22 14:00:00,1.5884,1.59,1.5665,1.5768,8940294.4,3941426.1
2026-09-22 14:15:00,1.5769,1.5775,1.553,1.5531,4783594.4,2014669.5
2026-09-22 14:30:00,1.5531,1.5565,1.5331,1.5463,8691777.7,3545495.4
2026-09-22 14:45:00,1.5462,1.5648,1.5462,1.5647,3692744.2,1693721.1
2026-09-22 15:00:00,1.5646,1.5789,1.5634,1.5754,6283498.6,3291467.7
2026-09-22 15:15:00,1.5754,1.5857,1.5678,1.5798,6030128.3,2798719.4
2026-09-22 15:30:00,1.5797,1.5832,1.567,1.5749,3601538.4,1739414.5
2026-09-22 15:45:00,1.5749,1.5865,1.5695,1.5722,3010736.4,1536112.6
2026-09-22 16:00:00,1.5722,1.5777,1.5573,1.5597,3886031.4,1302575.9
2026-09-22 16:15:00,1.5596,1.562,1.5475,1.5484,3975636.4,1751489.2
2026-09-22 16:30:00,1.5483,1.5565,1.548,1.5544,1751624.4,807336.6
2026-09-22 16:45:00,1.5545,1.57,1.5525,1.5639,2199618.5,1040374.2
2026-09-22 17:00:00,1.564,1.5721,1.5621,1.569,2713711.7,1225666.2
2026-09-22 17:15:00,1.569,1.5758,1.5643,1.5757,2563720.7,1356852.3
2026-09-22 17:30:00,1.5758,1.576,1.5666,1.5685,3194848.4,1603594.8
2026-09-22 17:45:00,1.5685,1.574,1.564,1.5719,2284666.3,1195196.8
2026-09-22 18:00:00,1.5719,1.5735,1.5677,1.5707,2401340.9,1262054.2
2026-09-22 18:15:00,1.5707,1.5806,1.5694,1.5725,2627637.9,1370085.5
2026-09-22 18:30:00,1.5725,1.5867,1.5725,1.578,3452111.9,1600226.7
2026-09-22 18:45:00,1.5779,1.5874,1.5764,1.5816,2701927.9,1128472.6
2026-09-22 19:00:00,1.5817,1.5951,1.581,1.5872,3838040.7,2029546.2
2026-09-22 19:15:00,1.5873,1.6094,1.5867,1.6041,8897068.2,5036606.2
2026-09-22 19:30:00,1.6042,1.6058,1.5758,1.5844,5846537.1,2691753
2026-09-22 19:45:00,1.5845,1.5891,1.5709,1.5877,5506345.7,2518720.4
2026-09-22 20:00:00,1.5876,1.5921,1.5764,1.578,4199795.6,1877519.1
2026-09-22 20:15:00,1.5779,1.5824,1.5756,1.5805,2316794.6,1205572.2
2026-09-22 20:30:00,1.5805,1.5807,1.5701,1.5737,1848156,653554.9
2026-09-22 20:45:00,1.5736,1.5736,1.5675,1.5718,2625565.2,1329259.5
2026-09-22 21:00:00,1.5719,1.5835,1.5719,1.5759,2461846.5,1035250.3
2026-09-22 21:15:00,1.5758,1.5763,1.57,1.5746,1431007.9,552205.6
2026-09-22 21:30:00,1.5746,1.5787,1.5714,1.5728,1755925.6,732492.3
2026-09-22 21:45:00,1.5728,1.5766,1.5667,1.5684,1546721.9,486058.4
2026-09-22 22:00:00,1.5684,1.5706,1.5552,1.5609,3598855.1,1428418.6
2026-09-22 22:15:00,1.561,1.5687,1.5603,1.5675,1383800.9,535674.3
2026-09-22 22:30:00,1.5674,1.5771,1.5665,1.5767,2276582.8,1333442
2026-09-22 22:45:00,1.5767,1.5801,1.5718,1.5721,1873185.1,686838.1
2026-09-22 23:00:00,1.5721,1.5828,1.5692,1.5802,3817491.4,1517233.7
2026-09-22 23:15:00,1.5802,1.5845,1.5741,1.5769,1737149.6,898141.1
2026-09-22 23:30:00,1.5768,1.5802,1.5688,1.5743,2733480.7,1516084.9
2026-09-22 23:45:00,1.5744,1.5762,1.5693,1.5727,1771433.6,899850.3
2026-09-23 00:00:00,1.5727,1.5793,1.5694,1.5786,1550528.3,751576.1
2026-09-23 00:15:00,1.5787,1.5914,1.5781,1.5844,2057666.1,1087591.4
2026-09-23 00:30:00,1.5843,1.5898,1.5813,1.5836,1094156,582640.8
2026-09-23 00:45:00,1.5836,1.5897,1.5831,1.5859,999513.7,568029.7
2026-09-23 01:00:00,1.5859,1.5995,1.5844,1.5983,2339804.1,1463656.4
2026-09-23 01:15:00,1.5983,1.601,1.5885,1.5888,2963474.1,1775924.3
2026-09-23 01:30:00,1.5889,1.5943,1.5779,1.5807,3392504.7,2003032.6
2026-09-23 01:45:00,1.5807,1.5872,1.5761,1.5865,2519570.5,1355179.8
2026-09-23 02:00:00,1.5864,1.5868,1.5745,1.5782,2586922,1094839.3
2026-09-23 02:15:00,1.5782,1.593,1.5782,1.5885,1788793.1,1011155.4
2026-09-23 02:30:00,1.5885,1.5937,1.5863,1.5912,1751531.3,926819
2026-09-23 02:45:00,1.5912,1.6013,1.5909,1.599,3755677.2,2387100.3
2026-09-23 03:00:00,1.599,1.6001,1.5872,1.5954,1775849,875925.3
2026-09-23 03:15:00,1.5953,1.6064,1.5947,1.6007,4193400.6,2402458.1
2026-09-23 03:30:00,1.6008,1.6246,1.6,1.6239,8543250.6,4530424.5
2026-09-23 03:45:00,1.6239,1.6239,1.6118,1.6182,3751713.1,1848321.6
2026-09-23 04:00:00,1.6183,1.639,1.61,1.6334,7436375.3,3547950.5
2026-09-23 04:15:00,1.6334,1.6581,1.6326,1.6408,12978982.3,5859542.3
2026-09-23 04:30:00,1.6407,1.6535,1.6407,1.6512,4348144,2314091.3
2026-09-23 04:45:00,1.6512,1.6567,1.6381,1.6381,4371955.1,1745013.3
2026-09-23 05:00:00,1.6382,1.64,1.6184,1.6199,4531915.7,2208383.6
2026-09-23 05:15:00,1.6199,1.6232,1.6145,1.6165,3557603.2,1842932.8
2026-09-23 05:30:00,1.6164,1.624,1.6133,1.6201,3200865.1,1869395.9
2026-09-23 05:45:00,1.6201,1.6211,1.5977,1.6088,5664453.5,2367680.8
2026-09-23 06:00:00,1.6087,1.6198,1.6071,1.6172,2685036.3,1607258
2026-09-23 06:15:00,1.6173,1.6231,1.6158,1.6174,2495712.5,1145749
2026-09-23 06:30:00,1.6174,1.6351,1.6147,1.6329,3029450,1439984.4
2026-09-23 06:45:00,1.6328,1.6371,1.6262,1.6266,2451632.9,1226469.1
2026-09-23 07:00:00,1.6265,1.6265,1.6168,1.6205,2700183.6,1259296.2
2026-09-23 07:15:00,1.6205,1.6283,1.62,1.6241,3230940.7,1676962.3
2026-09-23 07:30:00,1.6242,1.6273,1.6125,1.6157,4065586,1625785.4
2026-09-23 07:45:00,1.6157,1.6219,1.6136,1.6168,4007107.2,1741944.2
2026-09-23 08:00:00,1.6168,1.6203,1.6047,1.6095,3135355.8,1358566.8
2026-09-23 08:15:00,1.6095,1.6217,1.6095,1.6098,3653708.7,1931358.3
2026-09-23 08:30:00,1.6099,1.614,1.6074,1.6082,2580841.1,1126962.2
2026-09-23 08:45:00,1.6082,1.6083,1.585,1.5972,7691565.1,3023437
2026-09-23 09:00:00,1.5973,1.6027,1.5935,1.6003,3968289,1831856.9
2026-09-23 09:15:00,1.6003,1.6039,1.5955,1.5996,5249450,2415431.5
2026-09-23 09:30:00,1.5996,1.602,1.5949,1.5967,3523156,1609129.1
2026-09-23 09:45:00,1.5966,1.5986,1.5906,1.5939,3566867.6,1583109.1
2026-09-23 10:00:00,1.594,1.5999,1.5877,1.5893,2306452.3,1298546.1
2026-09-23 10:15:00,1.5892,1.5899,1.5776,1.5862,6402038.5,2416726.4
2026-09-23 10:30:00,1.5862,1.5914,1.581,1.5898,2460541.3,1281500.8
2026-09-23 10:45:00,1.5897,1.5946,1.5823,1.5946,2329252,1230014.2
2026-09-23 11:00:00,1.5946,1.5971,1.5902,1.5911,2383517.7,1298544.3
2026-09-23 11:15:00,1.591,1.5917,1.576,1.5811,2314074.3,917381.2
2026-09-23 11:30:00,1.5811,1.582,1.5682,1.5718,4134970.6,1810994.6
2026-09-23 11:45:00,1.5719,1.5764,1.57,1.5733,2445822.3,1428744.1
2026-09-23 12:00:00,1.5733,1.5741,1.5595,1.5639,4231250.9,2441081.7
2026-09-23 12:15:00,1.5639,1.5709,1.5559,1.5665,2825640.9,1416537.1
2026-09-23 12:30:00,1.5665,1.5718,1.5665,1.5674,2172237.7,1024116.6
2026-09-23 12:45:00,1.5673,1.5704,1.5629,1.5671,1273690.6,584260.2
2026-09-23 13:00:00,1.567,1.568,1.5538,1.5618,2886269.7,1275646.1
2026-09-23 13:15:00,1.5617,1.5734,1.5617,1.5716,2128978.3,1083690.6
2026-09-23 13:30:00,1.5717,1.5824,1.5703,1.5807,6155574.6,2677675.7
2026-09-23 13:45:00,1.5807,1.5807,1.5708,1.5755,2308232.9,947457.3
2026-09-23 14:00:00,1.5756,1.5832,1.507,1.5398,15524153.3,6626328.6
2026-09-23 14:15:00,1.5398,1.5416,1.5136,1.5167,13805055.2,6067212.5
2026-09-23 14:30:00,1.5167,1.5337,1.5085,1.5274,8252338,4505772.8
2026-09-23 14:45:00,1.5274,1.5337,1.5188,1.5284,4399041.9,2429212.2
2026-09-23 15:00:00,1.5284,1.5342,1.5248,1.5302,2406010.8,1624311.6
2026-09-23 15:15:00,1.5301,1.5351,1.5208,1.5214,3237723.7,1589764.4
2026-09-23 15:30:00,1.5214,1.5227,1.5135,1.5147,2781204,1211042
2026-09-23 15:45:00,1.5147,1.5193,1.5033,1.5062,4986634.9,1840254.5
2026-09-23 16:00:00,1.5061,1.5187,1.4835,1.5133,10326007.5,4891227.1
2026-09-23 16:15:00,1.5133,1.515,1.501,1.5032,2154846.1,1339664
2026-09-23 16:30:00,1.5031,1.5077,1.4972,1.5028,2403054.3,1346563.1
2026-09-23 16:45:00,1.5029,1.507,1.4924,1.5004,2793015.6,1674227.5
2026-09-23 17:00:00,1.5005,1.5051,1.4855,1.4924,4726318.7,1565929.2
2026-09-23 17:15:00,1.4924,1.5058,1.4917,1.4986,1350161.7,850806.4
2026-09-23 17:30:00,1.4986,1.5058,1.4958,1.5041,1118771.8,608897.7
2026-09-23 17:45:00,1.5041,1.5081,1.5006,1.5033,1884799.3,1130018.5
2026-09-23 18:00:00,1.5034,1.5037,1.4921,1.4923,2598699.9,1470576.3
2026-09-23 18:15:00,1.4922,1.4943,1.4864,1.4902,2014027.9,1144827.8
2026-09-23 18:30:00,1.4901,1.4949,1.4885,1.4946,1494583.2,865390.3
2026-09-23 18:45:00,1.4945,1.5008,1.493,1.4962,1176318.8,774181.9
2026-09-23 19:00:00,1.4962,1.499,1.4902,1.4968,1043026,656519.7
2026-09-23 19:15:00,1.4966,1.5013,1.4915,1.4998,1531098.9,1108327
2026-09-23 19:30:00,1.4998,1.5023,1.4974,1.4984,1380511.2,931599.2
2026-09-23 19:45:00,1.4984,1.5039,1.4925,1.4938,2899797.3,1768527.7
2026-09-23 20:00:00,1.4939,1.4995,1.4875,1.4882,2126064.4,1212528.3
2026-09-23 20:15:00,1.4882,1.4959,1.4791,1.4835,2671394.2,1257144.5
2026-09-23 20:30:00,1.4836,1.4908,1.4828,1.4888,1220012.7,783045.5
2026-09-23 20:45:00,1.4889,1.4892,1.4802,1.4835,1327471.4,904670
2026-09-23 21:00:00,1.4834,1.4904,1.481,1.4889,1360341.9,846528.5
2026-09-23 21:15:00,1.4889,1.4953,1.4876,1.4932,1490640.2,721026.4
2026-09-23 21:30:00,1.4932,1.5035,1.4932,1.5028,2046038.2,1408261.1
2026-09-23 21:45:00,1.5029,1.5041,1.4971,1.4993,1421622.2,829559.9
2026-09-23 22:00:00,1.4993,1.5117,1.4976,1.5082,3157924.1,1797398.1
2026-09-23 22:15:00,1.5082,1.5097,1.5016,1.502,1567508.6,916260.9
2026-09-23 22:30:00,1.5021,1.5021,1.4966,1.5,1316094.2,631038.9
2026-09-23 22:45:00,1.4999,1.5054,1.4999,1.5018,971086.7,486863.5
2026-09-23 23:00:00,1.5017,1.5034,1.4982,1.5017,694607.5,373171
2026-09-23 23:15:00,1.5016,1.5027,1.4995,1.5001,879549.7,420435.5
2026-09-23 23:30:00,1.5001,1.5006,1.4957,1.4979,1329576.1,429043.4
2026-09-23 23:45:00,1.4979,1.5026,1.4979,1.501,647807.4,351407.9
2026-09-24 00:00:00,1.501,1.5053,1.4975,1.4989,1087779.3,494060.5
2026-09-24 00:15:00,1.4989,1.5047,1.4988,1.5041,873186.7,411399.2
2026-09-24 00:30:00,1.5042,1.5088,1.5024,1.5039,1617375.1,748282.9
2026-09-24 00:45:00,1.5039,1.5049,1.4983,1.5012,1616261.9,1014370.5
2026-09-24 01:00:00,1.5012,1.5042,1.4972,1.4985,1511602.6,810760.2
2026-09-24 01:15:00,1.4986,1.4996,1.4921,1.493,2232116,1022444.9
2026-09-24 01:30:00,1.4931,1.5045,1.4889,1.492,2822946.7,1102080.8
2026-09-24 01:45:00,1.4922,1.4952,1.4873,1.4896,2337015.6,1009407.8
2026-09-24 02:00:00,1.4896,1.4921,1.4823,1.4914,1953301.3,809045.8
2026-09-24 02:15:00,1.4914,1.5008,1.4914,1.4976,1466760.1,915406.1
2026-09-24 02:30:00,1.4975,1.5042,1.496,1.503,1173109.9,819184.5
2026-09-24 02:45:00,1.5031,1.5084,1.5031,1.504,1093502.7,667982.9
2026-09-24 03:00:00,1.5041,1.5103,1.5001,1.5041,1529107.6,970747.3
2026-09-24 03:15:00,1.504,1.5051,1.4935,1.4944,1387405.5,798089.9
2026-09-24 03:30:00,1.4944,1.4956,1.4913,1.4949,1174233.3,633742.6
2026-09-24 03:45:00,1.4949,1.4963,1.4912,1.4942,1310679.8,830891.2
2026-09-24 04:00:00,1.4943,1.4951,1.4877,1.4908,2997440.6,1426883.5
2026-09-24 04:15:00,1.4907,1.4949,1.4891,1.4949,1336466.5,957890.3
2026-09-24 04:30:00,1.495,1.4962,1.4934,1.4947,697877.4,404076.5
2026-09-24 04:45:00,1.4947,1.5011,1.4925,1.5008,1347387.1,939380.8
2026-09-24 05:00:00,1.5007,1.5194,1.5002,1.5123,3213492.5,2145372.6
2026-09-24 05:15:00,1.5123,1.5142,1.5081,1.5104,1660052.4,763242.2
2026-09-24 05:30:00,1.5104,1.5144,1.5061,1.5131,1369934.4,614373.8
2026-09-24 05:45:00,1.513,1.5147,1.5038,1.5044,1917530.6,848816.8
2026-09-24 06:00:00,1.5045,1.5062,1.5,1.5047,1470088.8,824833.2
2026-09-24 06:15:00,1.5046,1.5074,1.503,1.5072,983355.4,543708.1
2026-09-24 06:30:00,1.5072,1.5099,1.5048,1.5069,904131.8,406502
2026-09-24 06:45:00,1.507,1.5078,1.5015,1.5023,998104.4,462380.7
2026-09-24 07:00:00,1.5022,1.5027,1.495,1.4993,1959578.6,870180.9
2026-09-24 07:15:00,1.4993,1.5067,1.4971,1.5067,865575.8,463966.8
2026-09-24 07:30:00,1.5067,1.5107,1.505,1.5068,1111142.7,495589.4
2026-09-24 07:45:00,1.5067,1.5101,1.5053,1.5065,1059963,639397.5
2026-09-24 08:00:00,1.5066,1.5085,1.5,1.5006,1341924.1,662054.2
2026-09-24 08:15:00,1.5005,1.5033,1.4866,1.4871,2126087.7,894818.6
2026-09-24 08:30:00,1.487,1.4932,1.4834,1.4843,2107507.9,902290.1
2026-09-24 08:45:00,1.4843,1.4852,1.4726,1.4839,4178928.8,1867535.3
2026-09-24 09:00:00,1.4839,1.4864,1.4668,1.4692,3681764.6,1747974.9
2026-09-24 09:15:00,1.4693,1.47,1.4627,1.4654,2745621.7,1420806.5
2026-09-24 09:30:00,1.4654,1.4655,1.4547,1.457,4055098.4,1879750.3
2026-09-24 09:45:00,1.4571,1.4617,1.4551,1.4582,2331459.7,1438900.8
2026-09-24 10:00:00,1.4581,1.4614,1.4539,1.4595,1714872.8,943515.8
2026-09-24 10:15:00,1.4594,1.4618,1.4561,1.4591,2045449.9,1259546
2026-09-24 10:30:00,1.4591,1.464,1.4517,1.4627,2643642.2,1413358.3
2026-09-24 10:45:00,1.4627,1.47,1.4621,1.4674,1114385.4,490027.2
2026-09-24 11:00:00,1.4674,1.4729,1.4674,1.4722,1402525.6,713198.5
2026-09-24 11:15:00,1.4721,1.4741,1.4695,1.4709,1146030.2,539494
2026-09-24 11:30:00,1.4708,1.4731,1.4681,1.4709,1202815.4,803393.8
2026-09-24 11:45:00,1.471,1.472,1.4665,1.4696,3380214.8,2282736.6
2026-09-24 12:00:00,1.4697,1.4764,1.4663,1.472,1555175.2,933476.8
2026-09-24 12:15:00,1.472,1.477,1.4715,1.4734,994759.4,471589.8
2026-09-24 12:30:00,1.4735,1.475,1.4681,1.4738,1558941,508227.5
2026-09-24 12:45:00,1.4737,1.4818,1.4723,1.4795,1455034.6,766215.5
2026-09-24 13:00:00,1.4795,1.4875,1.4791,1.4865,1816988,886863.5
2026-09-24 13:15:00,1.4864,1.4974,1.4859,1.4958,2745474.5,1411133.2
2026-09-24 13:30:00,1.4958,1.5093,1.4931,1.4989,5813310.8,3702608.1
2026-09-24 13:45:00,1.499,1.5031,1.4948,1.5026,3074107.4,1320715.5
2026-09-24 14:00:00,1.5025,1.5061,1.4989,1.5,3645598,2052624.8
2026-09-24 14:15:00,1.5,1.526,1.4985,1.525,6113165.5,3604215.6
2026-09-24 14:30:00,1.525,1.5273,1.517,1.5184,5975599.3,2885667.4
2026-09-24 14:45:00,1.5184,1.5185,1.4883,1.499,5528892.5,2634409.1
2026-09-24 15:00:00,1.499,1.5022,1.493,1.4985,2465232.3,1536887.9
2026-09-24 15:15:00,1.4985,1.5097,1.4977,1.5065,2587609.4,1685399.7
2026-09-24 15:30:00,1.5066,1.5178,1.5046,1.5153,2956945.1,1933209.2
2026-09-24 15:45:00,1.5152,1.5167,1.5095,1.515,1887643.7,1049452.4
2026-09-24 16:00:00,1.515,1.5156,1.5037,1.5112,2142534.6,1157677.7
2026-09-24 16:15:00,1.5112,1.5309,1.5112,1.5291,3965946.9,2437642.8
2026-09-24 16:30:00,1.529,1.5348,1.5195,1.5262,3011388.8,1586673.6
2026-09-24 16:45:00,1.5263,1.5369,1.5248,1.5329,2777529.1,1292920.7
2026-09-24 17:00:00,1.5329,1.5367,1.5248,1.5328,3610563,1145973.7
2026-09-24 17:15:00,1.5327,1.5435,1.5224,1.54,4460789.8,2058318.4
2026-09-24 17:30:00,1.54,1.5435,1.5266,1.5296,2937288.9,976215.3
2026-09-24 17:45:00,1.5297,1.5311,1.5231,1.528,1718429.8,743651.3
2026-09-24 18:00:00,1.5281,1.5304,1.5167,1.5269,2302839.2,1059096
2026-09-24 18:15:00,1.5268,1.5368,1.5266,1.5361,1987589,921831
2026-09-24 18:30:00,1.5361,1.5405,1.5306,1.5329,2226109.9,1015417.2
2026-09-24 18:45:00,1.5329,1.5392,1.531,1.537,987159.9,541363
2026-09-24 19:00:00,1.5371,1.5379,1.5288,1.5327,1058942.5,443614
2026-09-24 19:15:00,1.5327,1.535,1.5288,1.5326,701304.2,265368.4
2026-09-24 19:30:00,1.5327,1.5338,1.526,1.5273,1592620.6,723674.9
2026-09-24 19:45:00,1.5273,1.5295,1.5253,1.5283,1658383.9,783835.6
2026-09-24 20:00:00,1.5282,1.5318,1.5243,1.5262,1358661.4,616375.5
2026-09-24 20:15:00,1.5263,1.531,1.5229,1.5277,2065961.8,1030870.8
2026-09-24 20:30:00,1.5277,1.5325,1.5245,1.5306,1008502,399516.6
2026-09-24 20:45:00,1.5305,1.5346,1.5275,1.5308,1413436,723531.6
2026-09-24 21:00:00,1.5309,1.5348,1.5298,1.5322,963843.4,463505.8
2026-09-24 21:15:00,1.5322,1.537,1.5321,1.5353,858307.9,317356.5
2026-09-24 21:30:00,1.5353,1.5406,1.5352,1.5394,1469559.5,867462.6
2026-09-24 21:45:00,1.5394,1.5481,1.5378,1.5385,2547833,1316999.6
2026-09-24 22:00:00,1.5385,1.543,1.5312,1.5368,2348423.1,913892.3
2026-09-24 22:15:00,1.5368,1.5374,1.5283,1.5315,2064992.6,753487.9
2026-09-24 22:30:00,1.5316,1.5367,1.529,1.5325,1078696.7,380772.6
2026-09-24 22:45:00,1.5324,1.5362,1.5315,1.533,1419620.1,476563
2026-09-24 23:00:00,1.533,1.5395,1.5301,1.5316,1832996.7,778506.2
2026-09-24 23:15:00,1.5316,1.5399,1.53,1.5366,987285.4,360533.2
2026-09-24 23:30:00,1.5367,1.539,1.5351,1.5351,871525.8,304651.7
2026-09-24 23:45:00,1.5352,1.5364,1.5322,1.5348,972145.8,262433.7
2026-09-25 00:00:00,1.5347,1.5498,1.5343,1.5483,4622127.1,2044147.6
2026-09-25 00:15:00,1.5482,1.5612,1.5453,1.553,6285285.1,4261576.4
2026-09-25 00:30:00,1.5529,1.5582,1.5483,1.5484,1408015.9,631408.2
2026-09-25 00:45:00,1.5484,1.5487,1.5434,1.5444,1219907.5,544323.3
2026-09-25 01:00:00,1.5444,1.5555,1.5429,1.5494,2087516.7,1179838
2026-09-25 01:15:00,1.5493,1.5522,1.5403,1.5425,1506787.9,653654.4
2026-09-25 01:30:00,1.5424,1.5424,1.5353,1.5403,1090208.3,530724.1
2026-09-25 01:45:00,1.5403,1.5452,1.5385,1.5411,1644455.5,908227
2026-09-25 02:00:00,1.5411,1.5538,1.541,1.5513,2036415.1,1402628.7
2026-09-25 02:15:00,1.5513,1.5528,1.541,1.5438,1761847.2,890101.8
2026-09-25 02:30:00,1.5438,1.5451,1.5281,1.5328,4881795.7,2216658.9
2026-09-25 02:45:00,1.5328,1.533,1.5262,1.5286,2709781.3,1544808.9
2026-09-25 03:00:00,1.5286,1.5329,1.5244,1.5292,3447674.6,1307576.3
2026-09-25 03:15:00,1.5292,1.5326,1.5258,1.5267,1300177.3,607180.1
2026-09-25 03:30:00,1.5266,1.5345,1.5234,1.5291,1433863.1,718385.8
2026-09-25 03:45:00,1.5291,1.5314,1.5271,1.5305,1031283.3,631059.7
2026-09-25 04:00:00,1.5304,1.533,1.5278,1.528,1146956.4,586085.6
2026-09-25 04:15:00,1.5279,1.5317,1.5273,1.5308,1068451.8,724367.4
2026-09-25 04:30:00,1.5308,1.5417,1.5308,1.5396,1453399.2,925738.1
2026-09-25 04:45:00,1.5396,1.5399,1.5321,1.5324,1142870.3,521384.4
2026-09-25 05:00:00,1.5323,1.5363,1.5305,1.5311,1503139.3,799411.3
2026-09-25 05:15:00,1.5311,1.5373,1.5291,1.5311,1661512.6,972265.1
2026-09-25 05:30:00,1.5312,1.5353,1.5268,1.531,1503373.6,785835.8
2026-09-25 05:45:00,1.531,1.5328,1.5277,1.5281,716803.5,321804.4
2026-09-25 06:00:00,1.5282,1.5305,1.521,1.5285,1724937.1,820558.6
2026-09-25 06:15:00,1.5286,1.5358,1.5256,1.5302,1216555.8,687850.8
2026-09-25 06:30:00,1.5302,1.5317,1.5244,1.5283,940349.1,383176.8
2026-09-25 06:45:00,1.5283,1.5315,1.527,1.53,792772,346841.7
2026-09-25 07:00:00,1.53,1.5334,1.5261,1.5278,673136.9,238216.5
2026-09-25 07:15:00,1.5277,1.5381,1.5276,1.5369,952978.7,307788.9
2026-09-25 07:30:00,1.5369,1.54,1.5191,1.526,1990177.6,804218.6
2026-09-25 07:45:00,1.5259,1.5346,1.5248,1.5345,902775,487740.1
2026-09-25 08:00:00,1.5344,1.5383,1.531,1.5337,1267776.9,544015.5
2026-09-25 08:15:00,1.5337,1.5493,1.5337,1.546,2527789.5,1494917.1
2026-09-25 08:30:00,1.546,1.547,1.5391,1.5393,1398918.3,489921.3
2026-09-25 08:45:00,1.5392,1.5433,1.5357,1.5428,1096730.2,369103.4
2026-09-25 09:00:00,1.5429,1.551,1.5422,1.5459,1884570.2,959941.6
2026-09-25 09:15:00,1.5459,1.5576,1.545,1.5576,2829284.4,1598959.9
2026-09-25 09:30:00,1.5575,1.562,1.5546,1.557,2693134.9,1182095.2
2026-09-25 09:45:00,1.5571,1.5592,1.5521,1.5536,2636246.2,787751.1
2026-09-25 10:00:00,1.5536,1.5541,1.5471,1.548,2029959.2,940161.3
2026-09-25 10:15:00,1.548,1.5554,1.545,1.5553,1767085.5,925388.3
2026-09-25 10:30:00,1.5553,1.5573,1.5518,1.5554,1995778.8,726726.7
2026-09-25 10:45:00,1.5554,1.5618,1.5549,1.5567,3142227.8,1181025.9
2026-09-25 11:00:00,1.5568,1.6,1.5563,1.5791,9542366.9,6163545.1
2026-09-25 11:15:00,1.5791,1.5895,1.577,1.5876,14929179.1,7923243.4
2026-09-25 11:30:00,1.5876,1.5903,1.5804,1.5824,9851443.3,6301173.3
2026-09-25 11:45:00,1.5825,1.6,1.5823,1.5947,12416569.5,7570860.8
2026-09-25 12:00:00,1.5948,1.63,1.5944,1.603,16870196.4,9378342.5
2026-09-25 12:15:00,1.603,1.616,1.5789,1.6156,18357334.5,11015060.1
2026-09-25 12:30:00,1.6156,1.6251,1.6117,1.6173,16347545.5,9404930.7
2026-09-25 12:45:00,1.6173,1.6214,1.6001,1.6009,13227013.8,7074120
2026-09-25 13:00:00,1.6009,1.6015,1.5894,1.5952,8172526.2,3197464.1
2026-09-25 13:15:00,1.5951,1.6029,1.5875,1.5903,6507234.7,2445331.6
2026-09-25 13:30:00,1.5903,1.6055,1.5804,1.5896,8217563.1,3490322.6
2026-09-25 13:45:00,1.5895,1.593,1.575,1.5837,6544497.4,2805595.2
2026-09-25 14:00:00,1.5837,1.5868,1.563,1.5745,9093818.9,4173902.7
2026-09-25 14:15:00,1.5745,1.58,1.5667,1.5729,5314102.5,3269461.3
2026-09-25 14:30:00,1.573,1.5995,1.5721,1.5797,15234213.8,10488162.2
2026-09-25 14:45:00,1.5797,1.5891,1.57,1.589,7455186.5,4540721.8
2026-09-25 15:00:00,1.5891,1.5932,1.5825,1.5914,3703024.4,1804052
2026-09-25 15:15:00,1.5914,1.5939,1.5797,1.5813,4501952.1,2417673.3
2026-09-25 15:30:00,1.5814,1.5851,1.5652,1.5694,5736188.2,2593439
2026-09-25 15:45:00,1.5694,1.5766,1.5582,1.5766,5143216.4,2561689.1
2026-09-25 16:00:00,1.5765,1.5841,1.5727,1.5803,3976852.4,1965464
2026-09-25 16:15:00,1.5804,1.5863,1.5721,1.5778,3381857.8,1415091.6
2026-09-25 16:30:00,1.5779,1.5801,1.5684,1.569,3843957.2,1383689.9
2026-09-25 16:45:00,1.569,1.5714,1.5444,1.5625,4533892.7,1522248.4
2026-09-25 17:00:00,1.5626,1.573,1.562,1.5704,2655297.6,1308475
2026-09-25 17:15:00,1.5705,1.5721,1.5548,1.5558,3087615.4,1179771.8
2026-09-25 17:30:00,1.5557,1.5682,1.5507,1.566,3450338.5,1535204.8
2026-09-25 17:45:00,1.566,1.5662,1.5593,1.5643,2043951.9,893923.6
2026-09-25 18:00:00,1.5643,1.5754,1.5629,1.573,2330771.2,1039507.3
2026-09-25 18:15:00,1.573,1.5793,1.5687,1.571,2354506.1,1126547.2
2026-09-25 18:30:00,1.571,1.5746,1.569,1.5723,2163326.4,811234.6
2026-09-25 18:45:00,1.5723,1.5749,1.5672,1.5685,957509,442110.1
2026-09-25 19:00:00,1.5686,1.5707,1.5656,1.5704,1053047.8,462491.1
2026-09-25 19:15:00,1.5705,1.5716,1.566,1.5687,1200461.1,494051.3
2026-09-25 19:30:00,1.5688,1.571,1.5652,1.5675,1701726.5,512205.7
2026-09-25 19:45:00,1.5676,1.5751,1.5668,1.572,2115979.8,1334183.2
2026-09-25 20:00:00,1.572,1.5747,1.5659,1.5663,1665735.2,662240.8
2026-09-25 20:15:00,1.5663,1.5741,1.5659,1.5726,899127,485272.6
2026-09-25 20:30:00,1.5727,1.574,1.5683,1.5695,1075966.4,491016.1
2026-09-25 20:45:00,1.5695,1.5698,1.5604,1.5611,2018004.6,662423
2026-09-25 21:00:00,1.561,1.5626,1.5533,1.5539,2433071.2,1396636.7
2026-09-25 21:15:00,1.5539,1.5582,1.5523,1.5567,1080999.2,468453.5
2026-09-25 21:30:00,1.5568,1.5574,1.5517,1.5555,1226102.2,367201.4
2026-09-25 21:45:00,1.5555,1.5568,1.5516,1.5519,774205.7,382419.2
2026-09-25 22:00:00,1.5519,1.5629,1.5492,1.5621,1820088.4,943694.4
2026-09-25 22:15:00,1.5621,1.5651,1.5608,1.563,1294321.9,656583
2026-09-25 22:30:00,1.5631,1.572,1.563,1.5711,1780928.3,953930
2026-09-25 22:45:00,1.5711,1.5717,1.5686,1.5686,832259.3,326062.3
2026-09-25 23:00:00,1.5687,1.5712,1.568,1.5696,527094.2,231091
2026-09-25 23:15:00,1.5697,1.5704,1.5667,1.5672,1253358.4,564837.1
2026-09-25 23:30:00,1.5672,1.5788,1.5669,1.5691,1483618.7,1213835.7
2026-09-25 23:45:00,1.5691,1.5713,1.5676,1.5685,664533.3,322819
2026-09-26 00:00:00,1.5684,1.569,1.5634,1.5658,891842.2,465660.6
2026-09-26 00:15:00,1.5657,1.569,1.5636,1.564,1009851.6,292282.5
2026-09-26 00:30:00,1.5641,1.5645,1.555,1.561,1260128.1,646350.9
2026-09-26 00:45:00,1.5611,1.5669,1.5602,1.5638,512278.5,267086.8
2026-09-26 01:00:00,1.5638,1.5704,1.5631,1.5685,1045074.6,580141.9
2026-09-26 01:15:00,1.5684,1.576,1.5677,1.5704,1511079,769055.3
2026-09-26 01:30:00,1.5704,1.5794,1.5698,1.5775,1441312.3,697096.8
2026-09-26 01:45:00,1.5775,1.581,1.5745,1.5761,1663959,767978.3
2026-09-26 02:00:00,1.5761,1.5771,1.5717,1.5744,1166329.6,403927.2
2026-09-26 02:15:00,1.5743,1.5757,1.5697,1.5702,994292.4,545603.6
2026-09-26 02:30:00,1.5701,1.5709,1.5651,1.5663,1409110.2,709404.9
2026-09-26 02:45:00,1.5663,1.5681,1.5643,1.5648,1058342.5,358755.7
2026-09-26 03:00:00,1.5648,1.5651,1.5567,1.5589,1280753,536258.6
2026-09-26 03:15:00,1.559,1.5635,1.5589,1.562,1121479.4,603340.3
2026-09-26 03:30:00,1.5621,1.5636,1.558,1.5581,995939.5,379282.4
2026-09-26 03:45:00,1.558,1.5603,1.558,1.5584,442189.8,163982.4
2026-09-26 04:00:00,1.5585,1.5624,1.5583,1.5597,1202227.9,552154.7
2026-09-26 04:15:00,1.5598,1.5623,1.5526,1.5531,2116236.6,867949.2
2026-09-26 04:30:00,1.5531,1.5567,1.5518,1.5559,910255.3,391117.6
2026-09-26 04:45:00,1.556,1.5569,1.5555,1.5568,536186.9,218934.2
2026-09-26 05:00:00,1.5567,1.5581,1.5522,1.5526,895829.2,348730.5
2026-09-26 05:15:00,1.5525,1.5548,1.5501,1.5516,1209766.1,583449.1
2026-09-26 05:30:00,1.5516,1.5547,1.5481,1.5539,1977941.1,1133197.6
2026-09-26 05:45:00,1.554,1.5546,1.5498,1.55,1123302.5,344639.4
2026-09-26 06:00:00,1.55,1.5518,1.5464,1.5498,1453649.3,664587.7
2026-09-26 06:15:00,1.5498,1.5507,1.5459,1.5468,1022910.9,291222
2026-09-26 06:30:00,1.5468,1.5495,1.5463,1.5485,734431.2,316366.1
2026-09-26 06:45:00,1.5485,1.5508,1.548,1.5486,958162.9,335255.1
2026-09-26 07:00:00,1.5487,1.5537,1.5481,1.5533,1000262.4,571177.4
2026-09-26 07:15:00,1.5532,1.5534,1.5504,1.5508,900749.9,510803.1
2026-09-26 07:30:00,1.5509,1.5536,1.5503,1.5519,995116.3,522362.2
2026-09-26 07:45:00,1.5519,1.555,1.5515,1.5527,929675.7,701931.4
2026-09-26 08:00:00,1.5527,1.5539,1.5486,1.5493,1150085.4,655054.7
2026-09-26 08:15:00,1.5494,1.55,1.5444,1.5497,1065693.1,493686.8
2026-09-26 08:30:00,1.5498,1.557,1.5497,1.5554,1236345.5,788498.8
2026-09-26 08:45:00,1.5553,1.5553,1.549,1.5493,654391.9,330372
2026-09-26 09:00:00,1.5492,1.5508,1.538,1.5418,2944200,1366197
2026-09-26 09:15:00,1.5419,1.5419,1.5372,1.5391,1820698,638579.4
2026-09-26 09:30:00,1.5392,1.5421,1.5367,1.5407,1139793.2,392593.4
2026-09-26 09:45:00,1.5406,1.5419,1.5397,1.5412,679464.4,259297.2
2026-09-26 10:00:00,1.5413,1.5465,1.5409,1.5461,1646303.5,395322.3
2026-09-26 10:15:00,1.546,1.55,1.5459,1.5488,1291687.8,639192.4
2026-09-26 10:30:00,1.5487,1.5496,1.5472,1.5491,922905.5,274844.3
2026-09-26 10:45:00,1.5492,1.552,1.5487,1.5516,715976.2,427981.8
2026-09-26 11:00:00,1.5516,1.5524,1.5474,1.5488,1115260.8,451208.6
2026-09-26 11:15:00,1.5488,1.5504,1.5485,1.5495,447147.8,141807.8
2026-09-26 11:30:00,1.5496,1.5503,1.548,1.548,1094107.2,226400.9
2026-09-26 11:45:00,1.5481,1.5486,1.5465,1.5467,747609.5,237088.8
2026-09-26 12:00:00,1.5468,1.5476,1.544,1.5455,1601873.4,954198.4
2026-09-26 12:15:00,1.5455,1.5488,1.5407,1.5407,1610248.1,658541.6
2026-09-26 12:30:00,1.5408,1.5444,1.5387,1.5403,1069745.6,582619.4
2026-09-26 12:45:00,1.5403,1.5431,1.54,1.5428,626068.3,348949.5
2026-09-26 13:00:00,1.5427,1.5485,1.5396,1.5409,1176899.5,398290
2026-09-26 13:15:00,1.541,1.542,1.5371,1.5395,1546822.4,638833.8
2026-09-26 13:30:00,1.5395,1.5405,1.5373,1.5397,644024.1,323238.4
2026-09-26 13:45:00,1.5396,1.5426,1.5388,1.5414,1117182.8,563010.2
2026-09-26 14:00:00,1.5414,1.545,1.54,1.5443,987025.5,366514.1
2026-09-26 14:15:00,1.5444,1.5455,1.5424,1.5444,606178.7,263565.1
2026-09-26 14:30:00,1.5445,1.5461,1.5434,1.5452,802698.6,260404.2
2026-09-26 14:45:00,1.5452,1.5468,1.5443,1.546,710727.6,334452.2
2026-09-26 15:00:00,1.546,1.5487,1.5445,1.5486,712380.7,268921.1
2026-09-26 15:15:00,1.5486,1.5503,1.5476,1.5501,1133896.7,432078
2026-09-26 15:30:00,1.5501,1.5541,1.5496,1.5523,1584130.5,743174.9
2026-09-26 15:45:00,1.5523,1.5532,1.5489,1.5525,1447682,499919.8
2026-09-26 16:00:00,1.5526,1.5528,1.5471,1.5474,905603.7,310419.1
2026-09-26 16:15:00,1.5475,1.5481,1.5446,1.546,957487.6,430846.5
2026-09-26 16:30:00,1.546,1.5491,1.546,1.5472,498888.4,241603.1
2026-09-26 16:45:00,1.5472,1.5485,1.545,1.5464,920558.8,364169.8
2026-09-26 17:00:00,1.5464,1.5466,1.5394,1.5406,1418839.1,661759
2026-09-26 17:15:00,1.5406,1.5406,1.5365,1.5379,1294983.5,454603.8
2026-09-26 17:30:00,1.5378,1.5382,1.5337,1.5375,2157462.8,684081.3
2026-09-26 17:45:00,1.5375,1.5375,1.5339,1.5364,1033989.4,369227.1
2026-09-26 18:00:00,1.5364,1.5373,1.5339,1.5361,840966.7,288281.8
2026-09-26 18:15:00,1.5362,1.5372,1.5344,1.5349,819696.1,285589.3
2026-09-26 18:30:00,1.5349,1.5353,1.5217,1.523,4362691.2,1827251.9
2026-09-26 18:45:00,1.523,1.5241,1.5184,1.5211,2212795.5,770029.3
2026-09-26 19:00:00,1.5211,1.527,1.521,1.5256,1057626.4,426320.6
2026-09-26 19:15:00,1.5256,1.5261,1.524,1.5244,781583.4,264944.9
2026-09-26 19:30:00,1.5244,1.5244,1.5192,1.5233,1217546.5,504413.9
2026-09-26 19:45:00,1.5233,1.525,1.5228,1.523,1207117.7,421621.7
2026-09-26 20:00:00,1.523,1.5254,1.5134,1.5191,1871172.5,672986
2026-09-26 20:15:00,1.5192,1.5226,1.5192,1.5223,1156028.1,343712.8
2026-09-26 20:30:00,1.5223,1.5225,1.5055,1.509,2904582.3,1181769.2
2026-09-26 20:45:00,1.509,1.5139,1.5015,1.5118,3415677,1877275.6
2026-09-26 21:00:00,1.5118,1.5185,1.511,1.5173,837962.9,349394.5
2026-09-26 21:15:00,1.5173,1.5268,1.517,1.525,1537464.7,783677.4
2026-09-26 21:30:00,1.525,1.5281,1.5234,1.5245,1975999.4,752764.6
2026-09-26 21:45:00,1.5245,1.525,1.5206,1.5244,1321545.1,759290
2026-09-26 22:00:00,1.5243,1.5279,1.5214,1.5264,1026607.8,525788.9
2026-09-26 22:15:00,1.5264,1.5268,1.5214,1.5229,927808.2,499495.4
2026-09-26 22:30:00,1.5229,1.5232,1.5204,1.5212,594706.5,278523.1
2026-09-26 22:45:00,1.5213,1.5243,1.5213,1.5221,548713.6,244259.4
2026-09-26 23:00:00,1.522,1.5283,1.522,1.528,1137979.4,790448.2
2026-09-26 23:15:00,1.528,1.5303,1.5273,1.5285,2376942.8,1620506.3
2026-09-26 23:30:00,1.5285,1.5302,1.5278,1.5288,878587.9,458835.8
2026-09-26 23:45:00,1.5287,1.5303,1.5273,1.5274,1405396.9,639595.1
2026-09-27 00:00:00,1.5274,1.5282,1.5239,1.524,525065.6,246605.5
2026-09-27 00:15:00,1.5239,1.524,1.5198,1.5201,834661.6,296619.5
2026-09-27 00:30:00,1.5201,1.5236,1.52,1.5204,803768.2,245749.9
2026-09-27 00:45:00,1.5205,1.5217,1.5158,1.5175,1182034.7,282034.9
2026-09-27 01:00:00,1.5175,1.5208,1.5145,1.52,973418.8,493427.7
2026-09-27 01:15:00,1.52,1.5207,1.5153,1.5174,990042,417969
2026-09-27 01:30:00,1.5175,1.5216,1.5153,1.5205,599665,264551.1
2026-09-27 01:45:00,1.5205,1.526,1.5194,1.5233,1723987,944088.6
2026-09-27 02:00:00,1.5233,1.5285,1.5231,1.5259,1710474.9,756302.6
2026-09-27 02:15:00,1.526,1.5299,1.5253,1.5268,926189.9,435793.4
2026-09-27 02:30:00,1.5268,1.5268,1.5223,1.5229,648169.8,196995.5
2026-09-27 02:45:00,1.523,1.5238,1.5195,1.5203,910594.4,155371.2
2026-09-27 03:00:00,1.5203,1.5218,1.519,1.5209,975938.9,343882.9
2026-09-27 03:15:00,1.5209,1.5209,1.5155,1.516,1132751.5,477661.6
2026-09-27 03:30:00,1.5159,1.5181,1.5156,1.5167,727151.7,267698.4
2026-09-27 03:45:00,1.5168,1.5168,1.515,1.5155,620410,285296.2
2026-09-27 04:00:00,1.5155,1.5186,1.5133,1.5173,486295.5,183606.9
2026-09-27 04:15:00,1.5173,1.518,1.51,1.5113,1096581.4,438712.6
2026-09-27 04:30:00,1.5114,1.5114,1.5065,1.5065,1541843.3,540313.9
2026-09-27 04:45:00,1.5066,1.509,1.506,1.5072,885100.2,373575
2026-09-27 05:00:00,1.5071,1.5144,1.5069,1.5129,765247.8,379295
2026-09-27 05:15:00,1.5129,1.5154,1.5127,1.5135,377234.9,134150.6
2026-09-27 05:30:00,1.5135,1.524,1.5131,1.5193,1552385.3,579448.2
2026-09-27 05:45:00,1.5194,1.5224,1.5187,1.5193,1453121.2,601401.1
2026-09-27 06:00:00,1.5193,1.525,1.5179,1.525,1471696.9,659850.9
2026-09-27 06:15:00,1.5249,1.5252,1.5221,1.5232,1673713.6,577829.2
2026-09-27 06:30:00,1.5231,1.5233,1.5191,1.5213,1710953.2,829181.5
2026-09-27 06:45:00,1.5214,1.5227,1.52,1.5214,749332.6,285130.7
2026-09-27 07:00:00,1.5214,1.5237,1.52,1.5229,707750.7,402203.9
2026-09-27 07:15:00,1.523,1.5265,1.5214,1.5263,826387,365775.7
2026-09-27 07:30:00,1.5263,1.5327,1.5256,1.5323,1677544.5,737360.4
2026-09-27 07:45:00,1.5322,1.5398,1.5315,1.5389,2464437.2,1374831.2
2026-09-27 08:00:00,1.5388,1.5428,1.5361,1.5381,3076306.4,1531560.1
2026-09-27 08:15:00,1.5381,1.542,1.5351,1.5388,1235455.1,646552.9
2026-09-27 08:30:00,1.5389,1.5424,1.5361,1.5372,1202922.9,684225.4
2026-09-27 08:45:00,1.5372,1.5379,1.5341,1.5347,927355.9,511072.3
2026-09-27 09:00:00,1.5348,1.535,1.527,1.53,1516120.2,626765.2
2026-09-27 09:15:00,1.5299,1.531,1.5274,1.5306,643301.1,305287.2
2026-09-27 09:30:00,1.5305,1.5365,1.5305,1.5356,597446.5,382033.8
2026-09-27 09:45:00,1.5357,1.5391,1.5357,1.5387,1221198.2,654934.2
2026-09-27 10:00:00,1.5387,1.5417,1.5368,1.5415,3252469.8,906118.7
2026-09-27 10:15:00,1.5414,1.543,1.5378,1.5391,1652890.5,842960.4
2026-09-27 10:30:00,1.5391,1.5411,1.5364,1.5364,474007.1,233409.4
2026-09-27 10:45:00,1.5364,1.5402,1.5354,1.5383,825048.5,484379
2026-09-27 11:00:00,1.5383,1.5384,1.5346,1.535,425001,264130.4
2026-09-27 11:15:00,1.5351,1.5383,1.5331,1.5363,758964.7,342464.8
2026-09-27 11:30:00,1.5362,1.5374,1.5342,1.5358,583309.6,357761.9
2026-09-27 11:45:00,1.5358,1.5403,1.5338,1.538,835187.1,485098.1
2026-09-27 12:00:00,1.538,1.5419,1.5379,1.5416,605742,307687.4
2026-09-27 12:15:00,1.5416,1.5424,1.5392,1.5399,693690.9,363441.7
2026-09-27 12:30:00,1.5399,1.5446,1.5387,1.5438,1471573.8,1077233.7
2026-09-27 12:45:00,1.5439,1.5464,1.5352,1.5352,1111853.8,703163.1
2026-09-27 13:00:00,1.5352,1.5353,1.5206,1.5221,4147973.7,1499200.4
2026-09-27 13:15:00,1.5221,1.5308,1.5215,1.5307,1148606.2,598189.9
2026-09-27 13:30:00,1.5307,1.5375,1.524,1.5254,1094460.5,578262.4
2026-09-27 13:45:00,1.5254,1.5332,1.5234,1.5332,771750.7,385398.8
2026-09-27 14:00:00,1.5332,1.5343,1.5272,1.5316,881971.1,299380.1
2026-09-27 14:15:00,1.5316,1.5321,1.5181,1.5203,2287948,791470.1
2026-09-27 14:30:00,1.5204,1.5246,1.515,1.5207,2333665.2,846180.4
2026-09-27 14:45:00,1.5206,1.5221,1.5126,1.5168,1936500.1,952489.3
2026-09-27 15:00:00,1.5167,1.5183,1.509,1.5159,2066253.6,851344.3
2026-09-27 15:15:00,1.516,1.5197,1.5107,1.5163,1658560.3,822391.8
2026-09-27 15:30:00,1.5163,1.5186,1.5121,1.5122,1274801.5,541561.4
2026-09-27 15:45:00,1.5121,1.5169,1.512,1.5167,502320.2,284075.3
2026-09-27 16:00:00,1.5167,1.5229,1.516,1.5212,781914.6,394144.8
2026-09-27 16:15:00,1.5211,1.5247,1.5176,1.5176,667430.7,387475.8
2026-09-27 16:30:00,1.5175,1.5202,1.5147,1.5161,768610.5,391486.1
2026-09-27 16:45:00,1.5162,1.5191,1.516,1.5189,603260,282286.3
2026-09-27 17:00:00,1.5188,1.522,1.5183,1.5211,890206.8,387087.2
2026-09-27 17:15:00,1.5212,1.5229,1.5201,1.5201,496061.7,254715.6
2026-09-27 17:30:00,1.5201,1.5238,1.52,1.5221,676078.4,298463.2
2026-09-27 17:45:00,1.5221,1.5257,1.522,1.5246,337767.7,186458.5
2026-09-27 18:00:00,1.5246,1.528,1.524,1.5279,472222,349242.8
2026-09-27 18:15:00,1.5279,1.5379,1.5279,1.5378,1380285.7,696641.6
2026-09-27 18:30:00,1.5378,1.5386,1.535,1.5383,896241.5,423100.2
2026-09-27 18:45:00,1.5383,1.5416,1.5358,1.539,1330358.7,733232.6
2026-09-27 19:00:00,1.539,1.5394,1.5328,1.5337,636961,233848.6
2026-09-27 19:15:00,1.5338,1.5374,1.532,1.533,600043.1,408344.4
2026-09-27 19:30:00,1.5331,1.5368,1.5287,1.5347,985776.5,523803.8
2026-09-27 19:45:00,1.5346,1.5362,1.5315,1.5317,463432.5,170674.9
2026-09-27 20:00:00,1.5317,1.5353,1.5317,1.5352,360574.3,231541.9
2026-09-27 20:15:00,1.5352,1.5355,1.5253,1.5286,1179123.3,586458.5
2026-09-27 20:30:00,1.5286,1.53,1.5276,1.5296,591146.8,287609.4
2026-09-27 20:45:00,1.5296,1.5299,1.5225,1.5235,1063011.4,369800.8
2026-09-27 21:00:00,1.5235,1.5278,1.5173,1.5277,1553214.4,690476.9
2026-09-27 21:15:00,1.5278,1.5299,1.5225,1.5226,1223240.1,456181.2
2026-09-27 21:30:00,1.5225,1.5241,1.5144,1.5194,1749365.1,914204.1
2026-09-27 21:45:00,1.5195,1.5237,1.5195,1.5224,428858.1,305402.7
2026-09-27 22:00:00,1.5224,1.5246,1.5071,1.5083,3476890.3,1613505.6
2026-09-27 22:15:00,1.5083,1.5182,1.505,1.5172,2049705.5,939808.5
2026-09-27 22:30:00,1.5172,1.5172,1.5054,1.5064,2505672.8,1075074.2
2026-09-27 22:45:00,1.5064,1.5095,1.5035,1.5079,1359131.1,682590.4
2026-09-27 23:00:00,1.5079,1.5149,1.5067,1.5094,1860961.6,938753.2
2026-09-27 23:15:00,1.5093,1.5166,1.5087,1.5142,1815228.1,1155757.2
2026-09-27 23:30:00,1.5141,1.516,1.5109,1.5116,1124290.2,481189.1
2026-09-27 23:45:00,1.5115,1.52,1.511,1.5167,1559620.9,722193.6
2026-09-28 00:00:00,1.5167,1.5196,1.5113,1.5156,2373516.4,689166.9
2026-09-28 00:15:00,1.5156,1.5368,1.5153,1.5291,2656410.2,1790151.4
2026-09-28 00:30:00,1.5291,1.5291,1.5107,1.5142,1526944.8,751712.1
2026-09-28 00:45:00,1.5143,1.5283,1.5138,1.5145,1408354.4,771504
2026-09-28 01:00:00,1.5145,1.5208,1.5077,1.5092,2738201.9,1451399.7
2026-09-28 01:15:00,1.5092,1.5212,1.506,1.5176,2358537.5,1216679.4
2026-09-28 01:30:00,1.5175,1.5208,1.5087,1.5087,1550422.4,719451.3
2026-09-28 01:45:00,1.5088,1.5123,1.4952,1.505,4610938,2112056.4
2026-09-28 02:00:00,1.5049,1.516,1.4983,1.5132,2538247.1,1416179.8
2026-09-28 02:15:00,1.5132,1.5141,1.5043,1.506,1458558.2,721652.1
2026-09-28 02:30:00,1.506,1.5063,1.495,1.5004,3042790.9,1524148.8
2026-09-28 02:45:00,1.5003,1.5019,1.4934,1.4966,1932744.4,969272
2026-09-28 03:00:00,1.4966,1.5033,1.4961,1.4985,1394310.3,897705.9
2026-09-28 03:15:00,1.4984,1.5013,1.4892,1.4899,2400369.3,856140.3
2026-09-28 03:30:00,1.4899,1.4987,1.4833,1.4965,2660639.6,1153735.8
2026-09-28 03:45:00,1.4966,1.4994,1.4917,1.4924,991946.8,492021.3
2026-09-28 04:00:00,1.4924,1.4963,1.4843,1.4933,2337940.3,1524199.5
2026-09-28 04:15:00,1.4933,1.4995,1.49,1.4968,1248604.9,608539.7
2026-09-28 04:30:00,1.4968,1.4995,1.4934,1.4979,1279313.3,624365.9
2026-09-28 04:45:00,1.4978,1.498,1.494,1.4962,626322.8,406571.3
2026-09-28 05:00:00,1.4962,1.5,1.484,1.4872,1746465.7,766345
2026-09-28 05:15:00,1.4872,1.4884,1.4799,1.4811,2522325.5,790380.4
2026-09-28 05:30:00,1.481,1.484,1.4704,1.484,3754074.2,1355053.6
2026-09-28 05:45:00,1.484,1.4865,1.4791,1.484,1327591.2,757851.3
2026-09-28 06:00:00,1.4839,1.4907,1.482,1.4879,1550111,922898.2
2026-09-28 06:15:00,1.488,1.4886,1.4789,1.479,1371679.2,637891.1
2026-09-28 06:30:00,1.4789,1.4829,1.4781,1.4797,970055.2,486762.6
2026-09-28 06:45:00,1.4796,1.482,1.4775,1.4798,1250961,879416.5
2026-09-28 07:00:00,1.4799,1.4882,1.4778,1.4786,1527942.9,632945
2026-09-28 07:15:00,1.4787,1.4819,1.4703,1.473,1760941.4,742278.5
2026-09-28 07:30:00,1.473,1.4789,1.4705,1.4734,1438817.7,705153.2
2026-09-28 07:45:00,1.4734,1.4772,1.4713,1.4714,1192923.1,591178.5
2026-09-28 08:00:00,1.4715,1.481,1.4706,1.4808,2072122.7,1143431.3
2026-09-28 08:15:00,1.4808,1.4824,1.4753,1.4775,2426357.5,1551867.7
2026-09-28 08:30:00,1.4776,1.4799,1.4729,1.4759,1538091.1,548862.6
2026-09-28 08:45:00,1.4759,1.4849,1.4754,1.4813,1418691.7,730210.5
2026-09-28 09:00:00,1.4814,1.4834,1.4706,1.482,2580767.4,1112755.5
2026-09-28 09:15:00,1.4819,1.4871,1.4791,1.4827,1837167.3,891076.8
2026-09-28 09:30:00,1.4827,1.4842,1.4769,1.477,1342988.9,636228.9
2026-09-28 09:45:00,1.4771,1.4824,1.4766,1.4794,1023986,444336
2026-09-28 10:00:00,1.4795,1.489,1.4794,1.4836,1973939.3,998936.4
2026-09-28 10:15:00,1.4836,1.487,1.4815,1.4851,1533434.7,679755.3
2026-09-28 10:30:00,1.4852,1.4943,1.4836,1.4916,1403282.7,710428.1
2026-09-28 10:45:00,1.4915,1.4931,1.4886,1.4893,2425044.9,1121004.7
2026-09-28 11:00:00,1.4893,1.493,1.4852,1.4861,1245553.2,843763.3
2026-09-28 11:15:00,1.486,1.4909,1.4855,1.4905,1786970,1010733.9
2026-09-28 11:30:00,1.4904,1.4958,1.489,1.4932,1630879.6,908255.7
2026-09-28 11:45:00,1.4932,1.4945,1.4904,1.4935,1487105.5,942110.5
2026-09-28 12:00:00,1.4934,1.5135,1.4897,1.5091,4912499.3,2837660.8
2026-09-28 12:15:00,1.509,1.5193,1.5069,1.5161,4453477.7,2218392.1
2026-09-28 12:30:00,1.5161,1.5203,1.5094,1.5145,3602232.7,1753181.4
2026-09-28 12:45:00,1.5146,1.5265,1.5146,1.5239,4874598.8,2598096.3
2026-09-28 13:00:00,1.524,1.524,1.515,1.5191,2413678.1,745698.8
2026-09-28 13:15:00,1.5191,1.5259,1.5167,1.523,2575783.7,1518191
2026-09-28 13:30:00,1.5231,1.5324,1.5179,1.5261,3995181.5,2325989.2
2026-09-28 13:45:00,1.5261,1.5276,1.518,1.5211,4189864.1,2466595.9
2026-09-28 14:00:00,1.5211,1.5211,1.5039,1.5041,3235104.9,1344953.1
2026-09-28 14:15:00,1.504,1.5127,1.4911,1.4954,3619756.3,1481928.2
2026-09-28 14:30:00,1.4955,1.5054,1.4836,1.4878,4270176.4,2108528.9
2026-09-28 14:45:00,1.4879,1.4907,1.474,1.4857,6169018.3,2995066.6
2026-09-28 15:00:00,1.4857,1.4946,1.4802,1.4818,2079669.9,916827.1
2026-09-28 15:15:00,1.4819,1.4932,1.475,1.4907,2084298.7,963619.5
2026-09-28 15:30:00,1.4907,1.4979,1.4869,1.4906,1672228.7,831966.4
2026-09-28 15:45:00,1.4907,1.4972,1.4899,1.4948,1206066.7,752371.5
2026-09-28 16:00:00,1.4947,1.4997,1.4905,1.4957,2626966.3,1738596.8
2026-09-28 16:15:00,1.4956,1.5215,1.4942,1.5151,4960738,3338504.1
2026-09-28 16:30:00,1.515,1.517,1.5002,1.5013,1968606.4,911842.8
2026-09-28 16:45:00,1.5012,1.503,1.4966,1.4999,1203597.7,737511.2
2026-09-28 17:00:00,1.4999,1.5195,1.4905,1.5195,2805850.7,1791024.4
2026-09-28 17:15:00,1.5195,1.52,1.5032,1.5051,1692212.6,863569.8
2026-09-28 17:30:00,1.5051,1.5101,1.5039,1.5071,862760.9,560484.5
2026-09-28 17:45:00,1.507,1.5092,1.5034,1.5072,1432945.2,1121277.9
2026-09-28 18:00:00,1.5072,1.5136,1.504,1.5129,1084251.9,704067.1
2026-09-28 18:15:00,1.5129,1.5158,1.5088,1.5091,995920.8,630910.1
2026-09-28 18:30:00,1.5092,1.5109,1.5048,1.5093,905733.4,510747.5
2026-09-28 18:45:00,1.5093,1.5169,1.507,1.5123,945912.1,344663.2
2026-09-28 19:00:00,1.5123,1.5126,1.4948,1.4979,1871911.2,835438.5
2026-09-28 19:15:00,1.4978,1.4987,1.4941,1.4944,785026.2,428179.3
2026-09-28 19:30:00,1.4945,1.4948,1.48,1.4865,2524247.6,1325649.6
2026-09-28 19:45:00,1.4865,1.4932,1.48,1.4841,1620050,761537.8
2026-09-28 20:00:00,1.4841,1.4929,1.4767,1.491,1791629.6,974100.2
2026-09-28 20:15:00,1.4909,1.4948,1.4873,1.4917,802553.3,448721.6
2026-09-28 20:30:00,1.4917,1.4948,1.4907,1.4924,370263.7,206602.1
2026-09-28 20:45:00,1.4923,1.496,1.4908,1.4951,585264.9,239385
2026-09-28 21:00:00,1.4952,1.5009,1.4939,1.494,808128.3,335936.5
2026-09-28 21:15:00,1.494,1.4947,1.489,1.4933,1527235.5,590693.1
2026-09-28 21:30:00,1.4933,1.495,1.4875,1.4893,3457156.2,1001449.2
2026-09-28 21:45:00,1.4894,1.4907,1.4844,1.486,675460.6,235101.8
2026-09-28 22:00:00,1.4861,1.4867,1.4775,1.4804,2276596,862675.9
2026-09-28 22:15:00,1.4803,1.4856,1.4797,1.4843,273757.3,152580.7
2026-09-28 22:30:00,1.4842,1.4936,1.4835,1.4923,600269.4,278849.4
2026-09-28 22:45:00,1.4923,1.4941,1.4912,1.493,953126.9,517593.2
2026-09-28 23:00:00,1.4929,1.5006,1.4917,1.4928,716340.9,406661.7
2026-09-28 23:15:00,1.4928,1.4981,1.4928,1.497,404523.8,167429.3
2026-09-28 23:30:00,1.4971,1.4976,1.4942,1.497,390971.5,199549.6
2026-09-28 23:45:00,1.4969,1.498,1.4946,1.4968,444376.2,210138.5
2026-09-29 00:00:00,1.4968,1.5006,1.4957,1.4995,723996.8,266127.4
2026-09-29 00:15:00,1.4996,1.5002,1.493,1.4989,877544.7,379944.3
2026-09-29 00:30:00,1.4989,1.5038,1.4966,1.5022,690376.6,429572.2
2026-09-29 00:45:00,1.5021,1.5021,1.4882,1.4882,709287.9,317319.6
2026-09-29 01:00:00,1.4882,1.4948,1.4806,1.4816,1738185.1,924576.8
2026-09-29 01:15:00,1.4815,1.4854,1.4722,1.4722,3000796,1348424.3
2026-09-29 01:30:00,1.4723,1.4767,1.4663,1.474,4954357.7,2503140.9
2026-09-29 01:45:00,1.4739,1.4793,1.4711,1.4774,1730429.3,963939.4
2026-09-29 02:00:00,1.4774,1.4804,1.4687,1.4756,991782.8,518343.2
2026-09-29 02:15:00,1.4756,1.4818,1.4688,1.4707,813252.8,368621.3
2026-09-29 02:30:00,1.4708,1.4776,1.4675,1.477,1338245,589348.8
2026-09-29 02:45:00,1.4771,1.48,1.472,1.4762,920596.6,406543.6
2026-09-29 03:00:00,1.4762,1.4816,1.4752,1.4765,987623.7,463346
2026-09-29 03:15:00,1.4766,1.4908,1.475,1.4891,1475175.2,620178.2
2026-09-29 03:30:00,1.489,1.4921,1.4859,1.4885,1175553,542901.4
2026-09-29 03:45:00,1.4886,1.492,1.4873,1.489,570374.5,352640.9
2026-09-29 04:00:00,1.4891,1.4905,1.4813,1.4862,1135431.1,506699.6
2026-09-29 04:15:00,1.4863,1.492,1.4858,1.4874,938922.5,677703
2026-09-29 04:30:00,1.4873,1.4874,1.4817,1.4846,436697.6,209799.5
2026-09-29 04:45:00,1.4845,1.487,1.4795,1.4856,506836.6,225441.5
2026-09-29 05:00:00,1.4856,1.4897,1.4828,1.488,778907.2,379492.2
2026-09-29 05:15:00,1.488,1.4917,1.4848,1.4893,1196708.7,860890
2026-09-29 05:30:00,1.4893,1.4901,1.4745,1.4877,1082916.2,461464.8
2026-09-29 05:45:00,1.4876,1.494,1.4847,1.494,847005.2,508962.2
2026-09-29 06:00:00,1.4939,1.5045,1.4938,1.5044,2004870.5,1026348
2026-09-29 06:15:00,1.5045,1.5047,1.4987,1.5006,1178310.6,381407
2026-09-29 06:30:00,1.5006,1.5052,1.5,1.5029,1002508.3,409277.2
2026-09-29 06:45:00,1.5029,1.5085,1.5022,1.5059,1116803.6,528530.6
2026-09-29 07:00:00,1.5058,1.5064,1.5026,1.5051,907223.1,421322.2
2026-09-29 07:15:00,1.5052,1.5083,1.5033,1.5053,1045847.4,456462.9
2026-09-29 07:30:00,1.5054,1.5119,1.5041,1.5091,1590315.8,1027927.5
2026-09-29 07:45:00,1.5091,1.51,1.5073,1.5079,767321.5,279596.5
2026-09-29 08:00:00,1.5079,1.5094,1.5038,1.5051,883288.1,340514.7
2026-09-29 08:15:00,1.5052,1.5142,1.5052,1.5087,1448680.1,736738.7
2026-09-29 08:30:00,1.5087,1.5089,1.4986,1.4994,1509572.7,347659
2026-09-29 08:45:00,1.4994,1.502,1.498,1.5008,666587.9,262223.1
2026-09-29 09:00:00,1.5008,1.503,1.4981,1.4995,513572.5,176257.9
2026-09-29 09:15:00,1.4996,1.5045,1.4977,1.5024,778508.7,338435.1
2026-09-29 09:30:00,1.5024,1.5088,1.5018,1.5082,499159.6,277818.8
2026-09-29 09:45:00,1.5082,1.5146,1.507,1.511,1088145.8,621367.8
2026-09-29 10:00:00,1.511,1.5126,1.508,1.5093,955056.3,551193.2
2026-09-29 10:15:00,1.5094,1.5105,1.5062,1.5075,819459.4,263230
2026-09-29 10:30:00,1.5075,1.5076,1.5025,1.5037,618681.1,293580.1
2026-09-29 10:45:00,1.5038,1.5085,1.5033,1.5081,501030,259103.1
2026-09-29 11:00:00,1.5081,1.5103,1.5059,1.5072,792694.8,338270.4
2026-09-29 11:15:00,1.5073,1.5092,1.505,1.508,563454.8,220979.5
2026-09-29 11:30:00,1.5081,1.5139,1.5076,1.513,859593.1,379683.6
2026-09-29 11:45:00,1.513,1.5206,1.5129,1.5172,2431466.8,1573873.1
2026-09-29 12:00:00,1.5173,1.5207,1.5154,1.5166,2005498.2,1516332.5
2026-09-29 12:15:00,1.5166,1.5214,1.5122,1.5159,1291785.5,576108.7
2026-09-29 12:30:00,1.5159,1.5556,1.5156,1.554,17405845,9437859.5
2026-09-29 12:45:00,1.5539,1.5562,1.5456,1.5474,10822034.3,6241429.7
2026-09-29 13:00:00,1.5474,1.5505,1.5401,1.5457,4010182.8,1724077.4
2026-09-29 13:15:00,1.5457,1.5517,1.5427,1.5447,3417033.2,1874089
2026-09-29 13:30:00,1.5448,1.5534,1.5395,1.5503,3823251.8,1675306.1
2026-09-29 13:45:00,1.5504,1.5563,1.5462,1.5483,3377435.7,1229435.1
2026-09-29 14:00:00,1.5483,1.5534,1.5417,1.546,3201916.4,1238322
2026-09-29 14:15:00,1.5461,1.5584,1.5456,1.5461,3334255,1687978
2026-09-29 14:30:00,1.546,1.5617,1.5446,1.5545,4517060.2,3120836.6
2026-09-29 14:45:00,1.5546,1.5616,1.5454,1.5456,3004295.1,1508916.7
2026-09-29 15:00:00,1.5456,1.5457,1.5266,1.5301,4855343.5,1774070.6
2026-09-29 15:15:00,1.5302,1.5335,1.5078,1.5131,5541909.2,1897868.9
2026-09-29 15:30:00,1.5132,1.5235,1.5126,1.5179,2659796.5,1393707.9
2026-09-29 15:45:00,1.518,1.5236,1.511,1.5179,2653575.5,1162614.8
2026-09-29 16:00:00,1.5179,1.5241,1.5171,1.5188,2150752.9,1148125
2026-09-29 16:15:00,1.5188,1.5215,1.515,1.5151,1717689.5,803670
2026-09-29 16:30:00,1.5151,1.5153,1.4856,1.4886,7627427,2532489.7
2026-09-29 16:45:00,1.4887,1.4922,1.4805,1.4859,5992961.8,2949059.9
2026-09-29 17:00:00,1.486,1.4903,1.4831,1.4883,2233490.1,1094005.1
2026-09-29 17:15:00,1.4883,1.489,1.4792,1.4859,3028508.3,1458008.1
2026-09-29 17:30:00,1.4859,1.4879,1.4821,1.4822,1653189.6,510816.6
2026-09-29 17:45:00,1.4822,1.4836,1.4764,1.4822,2756001.1,1432829.8
2026-09-29 18:00:00,1.4822,1.4916,1.4822,1.4909,1985949.6,1115624.8
2026-09-29 18:15:00,1.4908,1.494,1.489,1.4909,1509206.1,708835
2026-09-29 18:30:00,1.491,1.5015,1.4906,1.4994,1975797.6,1040239.7
2026-09-29 18:45:00,1.4994,1.5014,1.4974,1.5,1057417.6,620203
2026-09-29 19:00:00,1.4999,1.5039,1.4993,1.4997,993921.9,480379.3
2026-09-29 19:15:00,1.4997,1.5029,1.4987,1.5003,618101.9,250626.7
2026-09-29 19:30:00,1.5003,1.502,1.4938,1.4938,1704174.8,535578.9
2026-09-29 19:45:00,1.4938,1.4966,1.4917,1.4938,1299435,721793.7
2026-09-29 20:00:00,1.4938,1.4976,1.4902,1.4949,669874.6,281436.1
2026-09-29 20:15:00,1.495,1.5011,1.495,1.4991,522070.2,290682.9
2026-09-29 20:30:00,1.4991,1.5006,1.4973,1.4986,415682.2,174008.1
2026-09-29 20:45:00,1.4987,1.4988,1.4961,1.4968,770357.9,422133.5
2026-09-29 21:00:00,1.4968,1.4988,1.4927,1.4986,928902.8,530295.6
2026-09-29 21:15:00,1.4986,1.4987,1.4901,1.4923,1486444.7,496581.1
2026-09-29 21:30:00,1.4924,1.4949,1.4905,1.4937,1448086.4,1005651.6
2026-09-29 21:45:00,1.4936,1.4979,1.492,1.4958,382717,203369.6
2026-09-29 22:00:00,1.4958,1.499,1.4948,1.4973,960503.3,503148
2026-09-29 22:15:00,1.4973,1.5002,1.493,1.4971,4086547.7,1701931.1
2026-09-29 22:30:00,1.4971,1.4971,1.4917,1.4938,2097970.2,1001664.1
2026-09-29 22:45:00,1.4938,1.4949,1.4918,1.4936,2516467.8,1536474.5
2026-09-29 23:00:00,1.4936,1.499,1.4931,1.498,1065580.4,530115.2
2026-09-29 23:15:00,1.4981,1.4986,1.4938,1.4938,1384126.1,491206.2
2026-09-29 23:30:00,1.4938,1.4938,1.4881,1.4897,1334161.5,451853
2026-09-29 23:45:00,1.4896,1.4919,1.4896,1.4906,557736.3,279295.9
2026-09-30 00:00:00,1.4907,1.4926,1.4865,1.4874,2669409.3,446987.5
2026-09-30 00:15:00,1.4873,1.4914,1.4858,1.4909,849555.8,618844.3
2026-09-30 00:30:00,1.4909,1.4926,1.4883,1.4906,370972.8,164117.4
2026-09-30 00:45:00,1.4906,1.4927,1.4887,1.4924,739882.1,336951.8
2026-09-30 01:00:00,1.4923,1.4978,1.4912,1.4966,833686.3,571367.8
2026-09-30 01:15:00,1.4967,1.5003,1.4954,1.4964,1235835.4,801277.7
2026-09-30 01:30:00,1.4964,1.4985,1.4935,1.4981,1545349.2,664115.9
2026-09-30 01:45:00,1.4982,1.5007,1.4966,1.4973,1443529.3,765890.7
2026-09-30 02:00:00,1.4973,1.5047,1.4962,1.4998,1364193.1,808362.6
2026-09-30 02:15:00,1.4997,1.5031,1.4971,1.4981,1046459,523458.7
2026-09-30 02:30:00,1.4981,1.5029,1.4965,1.5005,1239342.3,605390.3
2026-09-30 02:45:00,1.5005,1.5037,1.4993,1.5013,927162.9,521441.4
2026-09-30 03:00:00,1.5013,1.5022,1.4952,1.4954,420372.8,175792.1
2026-09-30 03:15:00,1.4954,1.4959,1.4905,1.4935,873389.8,420013.3
2026-09-30 03:30:00,1.4935,1.4993,1.4915,1.4956,634370.8,384972.3
2026-09-30 03:45:00,1.4956,1.4962,1.4916,1.4934,1140489.9,466212.9
2026-09-30 04:00:00,1.4933,1.4981,1.4927,1.4955,544981.6,228484.4
2026-09-30 04:15:00,1.4956,1.4995,1.4955,1.4968,1091188.4,562697.9
2026-09-30 04:30:00,1.4968,1.4987,1.4945,1.4959,806435.1,444492.6
2026-09-30 04:45:00,1.4959,1.4968,1.4931,1.4935,672627.6,307262.6
2026-09-30 05:00:00,1.4936,1.4987,1.4935,1.4949,663779.2,333128.3
2026-09-30 05:15:00,1.4948,1.4996,1.4935,1.4995,804227.6,270733.8
2026-09-30 05:30:00,1.4995,1.5055,1.4987,1.5043,2732586.8,1381214
2026-09-30 05:45:00,1.5042,1.5057,1.5007,1.5036,1365695.9,568979.5
2026-09-30 06:00:00,1.5035,1.507,1.4983,1.4989,2153493.4,886858
2026-09-30 06:15:00,1.4988,1.5022,1.4951,1.4994,1349524.1,617014.6
2026-09-30 06:30:00,1.4993,1.5,1.495,1.4994,806991.7,347996.3
2026-09-30 06:45:00,1.4993,1.4997,1.4921,1.4931,1663496.2,767731.9
2026-09-30 07:00:00,1.4931,1.497,1.4897,1.491,965994.6,536221.5
2026-09-30 07:15:00,1.491,1.5023,1.491,1.5009,1718865.7,1034918.4
2026-09-30 07:30:00,1.5009,1.5042,1.499,1.5029,2270690.2,1003689.8
2026-09-30 07:45:00,1.503,1.504,1.5001,1.5005,939767.1,192142.5
2026-09-30 08:00:00,1.5004,1.5014,1.4922,1.4933,1887191.9,1188116
2026-09-30 08:15:00,1.4934,1.4992,1.4922,1.4961,1288143.6,585760.4
2026-09-30 08:30:00,1.496,1.4975,1.4926,1.4958,850205.9,538309.7
2026-09-30 08:45:00,1.4958,1.5006,1.4955,1.4974,1029008.8,618684.8
2026-09-30 09:00:00,1.4974,1.5039,1.4968,1.5039,959825,619926.1
2026-09-30 09:15:00,1.5038,1.5098,1.5019,1.5087,2560421.1,1634308.7
2026-09-30 09:30:00,1.5088,1.5161,1.507,1.5115,3156095.5,1360729.3
2026-09-30 09:45:00,1.5114,1.514,1.51,1.5103,1377678.2,611025.5
2026-09-30 10:00:00,1.5103,1.5125,1.5085,1.5085,1273171,721821.5
2026-09-30 10:15:00,1.5086,1.5128,1.5068,1.5103,1696824.6,916677.4
2026-09-30 10:30:00,1.5102,1.5154,1.5102,1.5137,1159253.4,538176.4
2026-09-30 10:45:00,1.5138,1.5139,1.5114,1.5127,786367.6,480617.5
2026-09-30 11:00:00,1.5127,1.5127,1.507,1.5101,1512773.6,561622.7
2026-09-30 11:15:00,1.5101,1.5144,1.5077,1.5129,777422.4,370123
2026-09-30 11:30:00,1.5128,1.5205,1.5107,1.5194,1519058.6,770090.2
2026-09-30 11:45:00,1.5193,1.5195,1.5131,1.5159,1426727.4,731927.6
2026-09-30 12:00:00,1.5158,1.5165,1.5105,1.514,982047.2,318700.3
2026-09-30 12:15:00,1.5141,1.5145,1.5066,1.5131,1439665.3,514658.7
2026-09-30 12:30:00,1.513,1.5403,1.5106,1.5346,9440500.9,4928472.8
2026-09-30 12:45:00,1.5346,1.5407,1.5318,1.5344,4855268.9,2084128.2
2026-09-30 13:00:00,1.5345,1.5386,1.5303,1.5359,4236913,1687986.1
2026-09-30 13:15:00,1.5359,1.5403,1.5332,1.5344,3188112.6,1559438.4
2026-09-30 13:30:00,1.5345,1.5443,1.5081,1.5196,9377251.3,3804250.1
2026-09-30 13:45:00,1.5197,1.5226,1.5144,1.5199,4414053.1,1311008
2026-09-30 14:00:00,1.5199,1.5222,1.5102,1.515,3305251.1,1094775.9
2026-09-30 14:15:00,1.5149,1.5151,1.4932,1.4975,6213493.4,2637325.6
2026-09-30 14:30:00,1.4975,1.5015,1.492,1.4933,2921255.4,1531294.4
2026-09-30 14:45:00,1.4934,1.5009,1.4926,1.4974,1674065.9,938596.4
2026-09-30 15:00:00,1.4973,1.5051,1.4967,1.501,1132394.8,667010.2
2026-09-30 15:15:00,1.5009,1.503,1.4897,1.4975,2989812.6,1358466.6
2026-09-30 15:30:00,1.4976,1.5064,1.4976,1.5017,1309157.8,715272.7
2026-09-30 15:45:00,1.5017,1.5095,1.5009,1.5054,703250.6,349406.5
2026-09-30 16:00:00,1.5054,1.5149,1.505,1.512,1432468.2,1018199.9
2026-09-30 16:15:00,1.512,1.5144,1.51,1.5105,716123.2,307830.7
2026-09-30 16:30:00,1.5105,1.5127,1.5057,1.5118,1281609.2,573534.4
2026-09-30 16:45:00,1.5119,1.514,1.51,1.5118,1241106.1,773598.5
2026-09-30 17:00:00,1.5118,1.5142,1.5092,1.5104,842015.1,439999.5
2026-09-30 17:15:00,1.5104,1.5104,1.5009,1.506,905527.8,341550.6
2026-09-30 17:30:00,1.5059,1.5059,1.4974,1.498,1151380.4,545855.7
2026-09-30 17:45:00,1.4979,1.5029,1.4966,1.4996,671151.3,347584.9
2026-09-30 18:00:00,1.4995,1.5011,1.4951,1.4975,972215.3,547970.9
2026-09-30 18:15:00,1.4974,1.4996,1.4955,1.4967,699622.3,359085.5
2026-09-30 18:30:00,1.4967,1.4989,1.49,1.4923,1197980,651391.7
2026-09-30 18:45:00,1.4922,1.496,1.4897,1.4955,907874.4,344699.1
2026-09-30 19:00:00,1.4955,1.497,1.4879,1.4907,1310037.3,522288
2026-09-30 19:15:00,1.4906,1.4931,1.4859,1.4916,1581596,599724.8
2026-09-30 19:30:00,1.4915,1.4966,1.4911,1.495,1352502.6,549172.2
2026-09-30 19:45:00,1.495,1.4952,1.4852,1.4892,1611718.6,924319
2026-09-30 20:00:00,1.4892,1.4928,1.4867,1.492,1726752.2,1065857
2026-09-30 20:15:00,1.4919,1.4966,1.4903,1.4948,626322.8,388277.9
2026-09-30 20:30:00,1.4948,1.4954,1.4911,1.4918,669854.4,413156.3
2026-09-30 20:45:00,1.4918,1.4939,1.4895,1.4917,607934.6,342121.7
2026-09-30 21:00:00,1.4918,1.494,1.4904,1.4921,775082.1,521693.4
2026-09-30 21:15:00,1.4921,1.4937,1.489,1.489,839054.5,481328
2026-09-30 21:30:00,1.4891,1.4919,1.4875,1.4887,1294372.9,767365.1
2026-09-30 21:45:00,1.4887,1.4899,1.4862,1.4891,738304.4,430687
2026-09-30 22:00:00,1.4891,1.4895,1.4852,1.4886,808379.9,483813.8
2026-09-30 22:15:00,1.4887,1.4921,1.4887,1.4918,573761.7,360374.7
2026-09-30 22:30:00,1.4918,1.4951,1.4918,1.4941,348230.4,174387.2
2026-09-30 22:45:00,1.494,1.494,1.4892,1.4893,697081.4,375639.7
2026-09-30 23:00:00,1.4893,1.4943,1.4875,1.4889,1395705.6,826227.3
2026-09-30 23:15:00,1.4889,1.4923,1.4876,1.4881,768965.8,421637.2
2026-09-30 23:30:00,1.4881,1.4917,1.4856,1.4901,992150.4,454592.6
2026-09-30 23:45:00,1.4901,1.4911,1.4881,1.49,546288.5,318493.9
2026-10-01 00:00:00,1.49,1.4932,1.4883,1.4907,929897.2,460019.5
2026-10-01 00:15:00,1.4906,1.4912,1.488,1.4883,707598.5,349394.6
2026-10-01 00:30:00,1.4882,1.4913,1.4858,1.4912,880244.9,698963.9
2026-10-01 00:45:00,1.4912,1.4917,1.4885,1.4908,605163.7,331341.9
2026-10-01 01:00:00,1.4908,1.494,1.4906,1.4936,773753.3,454605.6
2026-10-01 01:15:00,1.4935,1.4971,1.4922,1.4952,972451.6,727787.6
2026-10-01 01:30:00,1.4952,1.4952,1.4898,1.4909,585784.7,314940.3
2026-10-01 01:45:00,1.491,1.4925,1.4892,1.4896,715598.5,377198.3
2026-10-01 02:00:00,1.4896,1.4923,1.4871,1.4897,927211.7,674468.4
2026-10-01 02:15:00,1.4897,1.4907,1.4863,1.4898,1119467,752046.9
2026-10-01 02:30:00,1.4898,1.4928,1.4883,1.4903,740927.5,570953.4
2026-10-01 02:45:00,1.4902,1.4933,1.4884,1.493,489446,331198.9
2026-10-01 03:00:00,1.493,1.4953,1.4901,1.4923,622415.3,426540.4
2026-10-01 03:15:00,1.4923,1.4952,1.4902,1.4936,526488.1,316724.8
2026-10-01 03:30:00,1.4936,1.4991,1.4912,1.4989,408409.8,224878.1
2026-10-01 03:45:00,1.4989,1.5015,1.4973,1.501,791703.2,422612.7
2026-10-01 04:00:00,1.5011,1.5019,1.4983,1.5002,812278.8,655491.1
2026-10-01 04:15:00,1.5001,1.5012,1.4964,1.5003,840854.3,490628.1
2026-10-01 04:30:00,1.5004,1.5017,1.4982,1.501,430744.7,212855.7
2026-10-01 04:45:00,1.501,1.5086,1.5008,1.5046,963330.4,456019.3
2026-10-01 05:00:00,1.5045,1.5071,1.5028,1.5064,653340.5,340579.5
2026-10-01 05:15:00,1.5064,1.5077,1.505,1.5063,595444.6,323525.4
2026-10-01 05:30:00,1.5064,1.5097,1.5062,1.5086,830249.4,475691.8
2026-10-01 05:45:00,1.5087,1.5103,1.508,1.5086,943323.9,580541.6
2026-10-01 06:00:00,1.5087,1.5087,1.506,1.5075,1291549.8,682491.2
2026-10-01 06:15:00,1.5075,1.508,1.5058,1.5077,851355.1,494184.2
2026-10-01 06:30:00,1.5078,1.5082,1.5032,1.5043,766316.3,367284.2
2026-10-01 06:45:00,1.5042,1.5069,1.5041,1.5057,726713.6,349697.1
2026-10-01 07:00:00,1.5056,1.5073,1.5022,1.5023,870378.7,375553.3
2026-10-01 07:15:00,1.5023,1.5039,1.4802,1.485,5674929.1,2174364.5
2026-10-01 07:30:00,1.485,1.4925,1.484,1.4866,1529341,959744
2026-10-01 07:45:00,1.4866,1.49,1.4855,1.487,1254595.8,884769.7
2026-10-01 08:00:00,1.4869,1.4896,1.4827,1.484,1274268.1,803283.3
2026-10-01 08:15:00,1.4841,1.4883,1.4827,1.4862,1418145.4,894533.2
2026-10-01 08:30:00,1.4862,1.4862,1.4774,1.483,2365317.8,1083990.8
2026-10-01 08:45:00,1.483,1.4894,1.482,1.4878,909863.1,567805.1
2026-10-01 09:00:00,1.4878,1.4937,1.4867,1.4914,959932.8,482653.4
2026-10-01 09:15:00,1.4915,1.4924,1.4885,1.491,799021,346028.5
2026-10-01 09:30:00,1.491,1.4941,1.4905,1.4929,1197428.5,750662.9
2026-10-01 09:45:00,1.493,1.4931,1.4879,1.49,1162469.8,672322.8
2026-10-01 10:00:00,1.49,1.4907,1.4761,1.483,1814246,756241.2
2026-10-01 10:15:00,1.4829,1.4848,1.4795,1.4825,1550619.9,819542.9
2026-10-01 10:30:00,1.4826,1.4912,1.4826,1.4899,1278727,824684.5
2026-10-01 10:45:00,1.4899,1.4954,1.4893,1.4934,1718462.1,801203.1
2026-10-01 11:00:00,1.4934,1.4934,1.488,1.4898,886230.2,472130.2
2026-10-01 11:15:00,1.4898,1.4912,1.4877,1.4884,686124.4,268549.6
2026-10-01 11:30:00,1.4885,1.4924,1.4864,1.4921,887986.3,421078.9
2026-10-01 11:45:00,1.4921,1.4954,1.4916,1.4929,1259104.5,629877.4
2026-10-01 12:00:00,1.4929,1.4944,1.4921,1.4937,435407.9,192051.8
2026-10-01 12:15:00,1.4937,1.4939,1.4901,1.4912,1402978.1,436472.2
2026-10-01 12:30:00,1.4912,1.4939,1.4895,1.49,627273.5,225262.5
2026-10-01 12:45:00,1.4901,1.4918,1.4841,1.4875,1180475.5,577218.2
2026-10-01 13:00:00,1.4876,1.488,1.477,1.4796,2992013.7,1353844.8
2026-10-01 13:15:00,1.4795,1.4824,1.4773,1.4786,1418345,639538.5
2026-10-01 13:30:00,1.4787,1.4925,1.4785,1.4912,2627325.2,1494633.7
2026-10-01 13:45:00,1.4912,1.493,1.4869,1.49,1268701.9,639898.5
2026-10-01 14:00:00,1.4899,1.4904,1.4776,1.482,2475823,990426.5
2026-10-01 14:15:00,1.482,1.4893,1.4808,1.486,1625213.8,977120.8
2026-10-01 14:30:00,1.486,1.49,1.4826,1.4843,1438861.5,591441.3
2026-10-01 14:45:00,1.4844,1.4861,1.4744,1.4826,1844766.1,727002.9
2026-10-01 15:00:00,1.4827,1.4874,1.476,1.4863,1863074.6,1099248.9
2026-10-01 15:15:00,1.4863,1.4918,1.4861,1.487,2117278.1,1305920.2
2026-10-01 15:30:00,1.4871,1.4871,1.479,1.4807,1384872,791411.3
2026-10-01 15:45:00,1.4807,1.49,1.4806,1.4871,1726739.6,924605
2026-10-01 16:00:00,1.4871,1.4899,1.486,1.4888,1360608.3,928366.6
2026-10-01 16:15:00,1.4888,1.49,1.485,1.4872,879005.6,375766.8
2026-10-01 16:30:00,1.4873,1.4925,1.4813,1.4833,1802509.8,871576.1
2026-10-01 16:45:00,1.4833,1.4869,1.4788,1.4814,1735106.6,535493.9
2026-10-01 17:00:00,1.4814,1.4923,1.481,1.4918,1656324.2,886332.3
2026-10-01 17:15:00,1.4919,1.5024,1.4919,1.5018,2991738.1,1727678.8
2026-10-01 17:30:00,1.5017,1.5059,1.4967,1.5043,3052524.3,1686067.9
2026-10-01 17:45:00,1.5042,1.5049,1.4978,1.5002,2285039.1,1155306.4
2026-10-01 18:00:00,1.5002,1.5036,1.4965,1.5014,1317107.3,716547.2
2026-10-01 18:15:00,1.5014,1.504,1.4988,1.5011,2027722.6,965497.1
2026-10-01 18:30:00,1.5011,1.5094,1.5,1.5048,2030309,1314847.8
2026-10-01 18:45:00,1.5048,1.5053,1.4995,1.5013,810983.6,297885.8
2026-10-01 19:00:00,1.5012,1.5042,1.4968,1.5023,539362.1,267026.9
2026-10-01 19:15:00,1.5023,1.5029,1.4934,1.4937,617747.9,175802.2
2026-10-01 19:30:00,1.4938,1.4979,1.4929,1.4971,618081.4,364695.9
2026-10-01 19:45:00,1.497,1.5023,1.4968,1.5012,1138753.4,595272.8
2026-10-01 20:00:00,1.5011,1.5054,1.5011,1.5028,1022216.2,583152.9
2026-10-01 20:15:00,1.5029,1.5059,1.5029,1.5036,758090.2,427699.1
2026-10-01 20:30:00,1.5036,1.5041,1.4978,1.4991,594789.2,237697.1
2026-10-01 20:45:00,1.4991,1.5,1.4966,1.4985,647979.7,394403.3
2026-10-01 21:00:00,1.4984,1.4987,1.495,1.4951,321927.5,139884.1
2026-10-01 21:15:00,1.495,1.4973,1.4922,1.4923,880834.7,415647.9
2026-10-01 21:30:00,1.4922,1.4933,1.4871,1.4883,1926271,1162888.3
2026-10-01 21:45:00,1.4883,1.494,1.4883,1.4904,1229600,615673.3
2026-10-01 22:00:00,1.4903,1.4971,1.49,1.4943,1408682.6,724494.9
2026-10-01 22:15:00,1.4942,1.4959,1.4935,1.4941,533496.1,210858.9
2026-10-01 22:30:00,1.4941,1.4948,1.4912,1.4913,376928.3,169887.4
2026-10-01 22:45:00,1.4913,1.4944,1.4891,1.4941,540750,191712.1
2026-10-01 23:00:00,1.494,1.4941,1.4903,1.4909,289593.4,94473.5
2026-10-01 23:15:00,1.4909,1.493,1.4903,1.4924,302123.9,81997.1
2026-10-01 23:30:00,1.4924,1.4952,1.4918,1.4934,463455.8,281309.5
2026-10-01 23:45:00,1.4933,1.495,1.4919,1.4939,300979.3,138335.2
2026-10-02 00:00:00,1.494,1.496,1.4932,1.4952,541777.9,290702.5
2026-10-02 00:15:00,1.4952,1.4989,1.4945,1.4955,828300.8,481000.9
2026-10-02 00:30:00,1.4954,1.4968,1.4921,1.4962,980836.8,509379.8
2026-10-02 00:45:00,1.4962,1.4978,1.4941,1.495,582829,303916.7
2026-10-02 01:00:00,1.495,1.495,1.4905,1.4905,622457.9,290202.4
2026-10-02 01:15:00,1.4906,1.4933,1.4873,1.4897,1126905.7,579008.5
2026-10-02 01:30:00,1.4896,1.4912,1.4859,1.4866,2665120.4,700493.4
2026-10-02 01:45:00,1.4866,1.498,1.4866,1.4966,2192278.5,840167
2026-10-02 02:00:00,1.4966,1.5025,1.4956,1.5014,1222566.1,748851.6
2026-10-02 02:15:00,1.5014,1.502,1.4953,1.4969,1059501.2,432208.4
2026-10-02 02:30:00,1.4969,1.4981,1.4952,1.4973,994905.9,449411.6
2026-10-02 02:45:00,1.4973,1.5036,1.4969,1.5024,1425993.3,740008.3
2026-10-02 03:00:00,1.5023,1.5083,1.5012,1.5025,1640574.1,821498.6
2026-10-02 03:15:00,1.5025,1.5038,1.5008,1.501,533854.4,278073.2
2026-10-02 03:30:00,1.501,1.507,1.5008,1.506,1403715.5,673900.2
2026-10-02 03:45:00,1.506,1.5099,1.5037,1.5087,1621437.8,936588.3
2026-10-02 04:00:00,1.5088,1.5115,1.5045,1.5048,1635751.3,775162
2026-10-02 04:15:00,1.5048,1.5293,1.5047,1.5289,6164353.3,3144009
2026-10-02 04:30:00,1.5288,1.5316,1.5199,1.5241,4671591.8,1787843.1
2026-10-02 04:45:00,1.5242,1.5337,1.5226,1.5304,3513853.1,1569323.1
2026-10-02 05:00:00,1.5303,1.5304,1.5238,1.5253,2146204.6,920273.2
2026-10-02 05:15:00,1.5254,1.5256,1.52,1.5218,1584377.7,730940.8
2026-10-02 05:30:00,1.5219,1.5232,1.5116,1.5186,2201421.4,851008
2026-10-02 05:45:00,1.5187,1.519,1.5149,1.5169,1139138.1,434227.6
2026-10-02 06:00:00,1.517,1.5275,1.5152,1.5224,2406671.5,1193137
2026-10-02 06:15:00,1.5224,1.5258,1.5206,1.5249,1449540.1,553946.6
2026-10-02 06:30:00,1.5249,1.5279,1.5234,1.5235,981732.4,430310.6
2026-10-02 06:45:00,1.5235,1.525,1.5217,1.5231,1021939.9,433830.5
2026-10-02 07:00:00,1.5231,1.5264,1.522,1.5239,1396380.3,717054.9
2026-10-02 07:15:00,1.524,1.5241,1.5211,1.5222,802626.2,338812.7
2026-10-02 07:30:00,1.5222,1.5244,1.5195,1.5242,1384893.4,593949.2
2026-10-02 07:45:00,1.5242,1.5344,1.5242,1.5319,2093703.8,1111063.1
2026-10-02 08:00:00,1.532,1.536,1.5311,1.5324,2185001.6,1246031.4
2026-10-02 08:15:00,1.5324,1.5422,1.5321,1.5359,2865065.4,1497680.7
2026-10-02 08:30:00,1.5359,1.5419,1.5331,1.539,1808171.2,623548.3
2026-10-02 08:45:00,1.539,1.5396,1.5356,1.5368,1717122.2,584783.9
2026-10-02 09:00:00,1.5369,1.5414,1.5325,1.5387,1978574.6,891472.3
2026-10-02 09:15:00,1.5387,1.5407,1.5344,1.5358,1081468.5,443644.7
2026-10-02 09:30:00,1.5359,1.5391,1.5347,1.5365,1907471.8,1216430.4
2026-10-02 09:45:00,1.5366,1.5418,1.5353,1.539,1719954.7,927233.9
2026-10-02 10:00:00,1.5389,1.5436,1.5363,1.5372,1296285.6,535339
2026-10-02 10:15:00,1.5372,1.5463,1.5353,1.5437,1982472.7,910097.7
2026-10-02 10:30:00,1.5437,1.55,1.5405,1.5456,2907724.7,1350350.3
2026-10-02 10:45:00,1.5455,1.5459,1.5385,1.539,1581402.2,705571.1
2026-10-02 11:00:00,1.5391,1.5439,1.5372,1.5407,1497207.6,564137.7
2026-10-02 11:15:00,1.5407,1.5421,1.5352,1.5359,1495386.5,751305.7
2026-10-02 11:30:00,1.5359,1.5368,1.5328,1.5337,3814702,2885336.2
2026-10-02 11:45:00,1.5338,1.5352,1.5302,1.5319,1339218.1,471871
2026-10-02 12:00:00,1.5319,1.5349,1.5272,1.5325,1595945.9,597432.2
2026-10-02 12:15:00,1.5324,1.5405,1.532,1.5389,1458923,738709.5
2026-10-02 12:30:00,1.5389,1.555,1.5367,1.5373,6623792.6,3061574.2
2026-10-02 12:45:00,1.5372,1.5468,1.5364,1.5421,2056989,994805.3
2026-10-02 13:00:00,1.5421,1.5457,1.5393,1.5393,2097286.9,680965.8
2026-10-02 13:15:00,1.5393,1.5414,1.5364,1.5375,1612925.2,671950.9
2026-10-02 13:30:00,1.5375,1.5501,1.5369,1.5405,2838322.3,1300145.1
2026-10-02 13:45:00,1.5405,1.5421,1.5291,1.5318,4007614.8,1661981
2026-10-02 14:00:00,1.5319,1.5378,1.5256,1.5285,3087137.3,1029632.1
2026-10-02 14:15:00,1.5285,1.5352,1.5252,1.5259,2454616.5,1148563.4
2026-10-02 14:30:00,1.526,1.5285,1.5211,1.527,2468798.1,983426.2
2026-10-02 14:45:00,1.527,1.5293,1.5056,1.5132,4614307.1,1750364.5
2026-10-02 15:00:00,1.5132,1.5147,1.5036,1.5133,3422553.2,1713022.1
2026-10-02 15:15:00,1.5133,1.515,1.5068,1.5118,1973327.6,824351.9
2026-10-02 15:30:00,1.5117,1.5129,1.5041,1.5059,1371264.2,734980.2
2026-10-02 15:45:00,1.506,1.508,1.5015,1.5069,1674454.8,841902.6
2026-10-02 16:00:00,1.5068,1.5106,1.5033,1.506,1589829.8,821676.7
2026-10-02 16:15:00,1.5059,1.5105,1.503,1.5035,1553773.9,467288.2
2026-10-02 16:30:00,1.5036,1.5052,1.4986,1.5039,1887153.5,949563.9
2026-10-02 16:45:00,1.504,1.5063,1.4996,1.5034,907330.3,535858.1
2026-10-02 17:00:00,1.5033,1.5054,1.4971,1.4981,929219.9,348906.1
2026-10-02 17:15:00,1.4982,1.5019,1.495,1.4981,1957406.6,1013925
2026-10-02 17:30:00,1.4982,1.5005,1.4925,1.4949,2172868.3,1116460.8
2026-10-02 17:45:00,1.4948,1.5026,1.4928,1.4979,1639439.6,1069539.8
2026-10-02 18:00:00,1.4978,1.5007,1.4945,1.4984,1199986.4,679118.2
2026-10-02 18:15:00,1.4984,1.4984,1.4865,1.4877,3235392,1553034.1
2026-10-02 18:30:00,1.4878,1.4883,1.4458,1.4602,24462665.1,11385817.5
2026-10-02 18:45:00,1.4601,1.465,1.448,1.4643,7952205.9,5461693.3
2026-10-02 19:00:00,1.4643,1.4705,1.4634,1.4652,4359454.9,2103153.6
2026-10-02 19:15:00,1.4652,1.4692,1.4626,1.4679,3163016.8,2064248.1
2026-10-02 19:30:00,1.468,1.4727,1.4679,1.4725,1958572.8,1182640.5
2026-10-02 19:45:00,1.4726,1.4736,1.468,1.47,1981346.4,1342886.1
2026-10-02 20:00:00,1.47,1.4756,1.47,1.4735,2024178.7,1245451.8
2026-10-02 20:15:00,1.4734,1.478,1.472,1.4749,1393236.5,1095693.8
2026-10-02 20:30:00,1.4749,1.4768,1.4715,1.4721,1916149.4,903545.2
2026-10-02 20:45:00,1.4721,1.4752,1.4715,1.4723,1605502.7,874510.5
2026-10-02 21:00:00,1.4723,1.4757,1.4721,1.4729,978708.4,570407
2026-10-02 21:15:00,1.4729,1.4751,1.4712,1.4718,1243757.6,844363.6
2026-10-02 21:30:00,1.4717,1.4746,1.4715,1.4745,874954.9,616272.3
2026-10-02 21:45:00,1.4746,1.4771,1.4745,1.4765,562415.2,419541
2026-10-02 22:00:00,1.4766,1.4773,1.4737,1.4741,1379093,610213.9
2026-10-02 22:15:00,1.4741,1.4771,1.4732,1.4769,871616,498298.4
2026-10-02 22:30:00,1.477,1.4793,1.4766,1.479,704561,391648
2026-10-02 22:45:00,1.479,1.4807,1.4789,1.4805,898736.9,559054.2
2026-10-02 23:00:00,1.4805,1.4816,1.4797,1.4811,707826.5,411471.4
2026-10-02 23:15:00,1.4811,1.4848,1.4811,1.484,587291.2,388224.6
2026-10-02 23:30:00,1.484,1.4864,1.4836,1.486,859004.1,559644.9
2026-10-02 23:45:00,1.486,1.487,1.4844,1.4847,392024.6,157166.4
2026-10-03 00:00:00,1.4848,1.4858,1.4829,1.485,798591.4,408955.1
2026-10-03 00:15:00,1.485,1.4895,1.485,1.4893,874723.7,626772.4
2026-10-03 00:30:00,1.4893,1.4915,1.4888,1.4902,600035.8,341898.3
2026-10-03 00:45:00,1.4901,1.4914,1.4875,1.4891,408132.3,234916.5
2026-10-03 01:00:00,1.489,1.4919,1.4867,1.4904,642298.6,373148
2026-10-03 01:15:00,1.4905,1.4934,1.4892,1.4919,773644.3,472483.1
2026-10-03 01:30:00,1.4919,1.4935,1.4913,1.4918,1022168.5,544773.5
2026-10-03 01:45:00,1.4918,1.4918,1.4889,1.4897,221176.5,120763.9
2026-10-03 02:00:00,1.4897,1.491,1.4881,1.49,295088.9,165805.4
2026-10-03 02:15:00,1.49,1.4912,1.489,1.489,305921.3,117635.9
2026-10-03 02:30:00,1.489,1.4896,1.4874,1.4885,329631,160551.5
2026-10-03 02:45:00,1.4884,1.4885,1.4853,1.4856,430499.6,177401.7
2026-10-03 03:00:00,1.4855,1.487,1.485,1.4857,347677,135473.8
2026-10-03 03:15:00,1.4857,1.4875,1.4854,1.4858,463714.6,308536.1
2026-10-03 03:30:00,1.4858,1.4873,1.4855,1.4871,218392.4,87190.8
2026-10-03 03:45:00,1.487,1.4903,1.4868,1.4895,423827.8,221318.5
2026-10-03 04:00:00,1.4895,1.4904,1.4864,1.4874,210252.1,56342
2026-10-03 04:15:00,1.4874,1.4877,1.4856,1.4857,276039.9,125989.2
2026-10-03 04:30:00,1.4856,1.4865,1.4821,1.4844,508801.8,190210.6
2026-10-03 04:45:00,1.4844,1.4862,1.4842,1.4857,284380.6,110358.7
2026-10-03 05:00:00,1.4858,1.4888,1.4848,1.4882,216293.8,110402.4
2026-10-03 05:15:00,1.4882,1.4894,1.488,1.4881,178995.1,40003.9
2026-10-03 05:30:00,1.4881,1.489,1.4873,1.4876,396923.6,177546.4
2026-10-03 05:45:00,1.4875,1.4879,1.4843,1.4859,643309.8,263371.5
2026-10-03 06:00:00,1.4859,1.4883,1.485,1.4858,875949,612861.9
2026-10-03 06:15:00,1.4858,1.486,1.4837,1.485,1078464.9,561155.9
2026-10-03 06:30:00,1.485,1.4868,1.4841,1.4859,537426,288704.6
2026-10-03 06:45:00,1.4859,1.4871,1.485,1.486,359381.6,187772
2026-10-03 07:00:00,1.486,1.486,1.4838,1.4838,254044.6,68428.7
2026-10-03 07:15:00,1.4839,1.4846,1.4831,1.4834,241890.3,153864.8
2026-10-03 07:30:00,1.4834,1.4837,1.4797,1.4797,784719.7,369251.4
2026-10-03 07:45:00,1.4796,1.4828,1.4795,1.4824,484757.2,157471.4
2026-10-03 08:00:00,1.4824,1.4843,1.4805,1.4842,1620223.3,280659.5
2026-10-03 08:15:00,1.4841,1.4851,1.4813,1.4824,413235.2,220458.9
2026-10-03 08:30:00,1.4824,1.4837,1.4814,1.4837,220908.6,139483.2
2026-10-03 08:45:00,1.4836,1.4842,1.4817,1.4817,314583.6,110199.6
2026-10-03 09:00:00,1.4818,1.4861,1.4818,1.4851,303246.8,245461.4
2026-10-03 09:15:00,1.4851,1.4861,1.4824,1.4825,435895.2,145459.7
2026-10-03 09:30:00,1.4825,1.4835,1.482,1.4834,98575.6,56708.6
2026-10-03 09:45:00,1.4834,1.4843,1.4832,1.4832,166255.8,109911.5
2026-10-03 10:00:00,1.4832,1.4841,1.4829,1.4838,178840,111970.6
2026-10-03 10:15:00,1.4837,1.4845,1.483,1.484,195734.8,137104.2
2026-10-03 10:30:00,1.484,1.4847,1.4838,1.4844,298064,169686.5
2026-10-03 10:45:00,1.4843,1.4849,1.484,1.4841,245146.1,132891.9
2026-10-03 11:00:00,1.4841,1.4842,1.4827,1.483,406225.8,239709.7
2026-10-03 11:15:00,1.4829,1.4837,1.4822,1.4834,292678.1,176987
2026-10-03 11:30:00,1.4835,1.4886,1.4834,1.4859,961753.9,591634.1
2026-10-03 11:45:00,1.4858,1.4876,1.4858,1.4863,273233.2,212306.6
2026-10-03 12:00:00,1.4863,1.489,1.4863,1.488,325275.4,170011.1
2026-10-03 12:15:00,1.4881,1.4889,1.4851,1.4852,751615.8,255579.3
2026-10-03 12:30:00,1.4853,1.4858,1.4825,1.483,471791.2,220240.2
2026-10-03 12:45:00,1.483,1.4861,1.483,1.4855,256851.9,105375.9
2026-10-03 13:00:00,1.4855,1.487,1.4841,1.4849,162439.4,89164.2
2026-10-03 13:15:00,1.4849,1.485,1.4828,1.4841,301836.2,94128.9
2026-10-03 13:30:00,1.4841,1.4865,1.4828,1.4829,1928751.9,1102467.6
2026-10-03 13:45:00,1.4829,1.4871,1.4828,1.4867,1206629.7,616791.9
2026-10-03 14:00:00,1.4867,1.487,1.483,1.4833,1173702.9,557682
2026-10-03 14:15:00,1.4834,1.486,1.4833,1.4854,282064.6,136663.2
2026-10-03 14:30:00,1.4854,1.4863,1.4844,1.4862,269926.4,159201.1
2026-10-03 14:45:00,1.4863,1.4916,1.4863,1.4901,815475.9,432768.1
2026-10-03 15:00:00,1.49,1.49,1.4874,1.4891,708473.5,266141.9
2026-10-03 15:15:00,1.489,1.491,1.4875,1.4902,565238.6,281991
2026-10-03 15:30:00,1.4902,1.4922,1.49,1.4915,495672.8,251224.4
2026-10-03 15:45:00,1.4916,1.4926,1.49,1.49,356633.3,158224.3
2026-10-03 16:00:00,1.49,1.49,1.4878,1.488,382685.1,180449
2026-10-03 16:15:00,1.488,1.4887,1.4861,1.4886,307378.6,185469.4
2026-10-03 16:30:00,1.4887,1.4915,1.4887,1.4902,519020.7,272308.4
2026-10-03 16:45:00,1.4902,1.4906,1.4887,1.4903,269642.4,180552.9
2026-10-03 17:00:00,1.4904,1.4947,1.4886,1.4932,1556690.6,903159.1
2026-10-03 17:15:00,1.4932,1.496,1.4924,1.4928,934506.9,478418.1
2026-10-03 17:30:00,1.4928,1.4939,1.49,1.4933,389556.1,197255.1
2026-10-03 17:45:00,1.4934,1.4942,1.4911,1.4936,635091.2,373041.3
2026-10-03 18:00:00,1.4937,1.4948,1.4916,1.4923,732970.6,329695.2
2026-10-03 18:15:00,1.4923,1.4933,1.4908,1.4928,429758.3,259420
2026-10-03 18:30:00,1.4929,1.4935,1.4915,1.4923,566812.5,232014.3
2026-10-03 18:45:00,1.4924,1.4924,1.4885,1.4901,358333.9,122004.8
2026-10-03 19:00:00,1.49,1.4903,1.4876,1.4881,350067.6,80149.6
2026-10-03 19:15:00,1.4882,1.4892,1.4873,1.4876,376727.6,129298.1
2026-10-03 19:30:00,1.4876,1.489,1.4875,1.4881,322749,110199
2026-10-03 19:45:00,1.4881,1.4892,1.487,1.4885,424822.9,186093.6
2026-10-03 20:00:00,1.4884,1.492,1.4884,1.4906,255289.4,130832.8
2026-10-03 20:15:00,1.4906,1.4918,1.4896,1.4912,369733.9,154880.2
2026-10-03 20:30:00,1.4912,1.4912,1.4903,1.4908,196834.5,64529
2026-10-03 20:45:00,1.4908,1.4919,1.489,1.4902,476919.8,255682.2
2026-10-03 21:00:00,1.4903,1.4914,1.4868,1.4893,530678.2,162269.2
2026-10-03 21:15:00,1.4893,1.4902,1.4874,1.4875,440838.4,127125.9
2026-10-03 21:30:00,1.4876,1.4886,1.4864,1.4872,311613.6,126265.1
2026-10-03 21:45:00,1.4873,1.4884,1.4862,1.4868,635065.1,396266.7
2026-10-03 22:00:00,1.4869,1.4895,1.4842,1.4886,1042886.7,631540.1
2026-10-03 22:15:00,1.4886,1.4889,1.4866,1.4868,338951.2,108330.9
2026-10-03 22:30:00,1.4868,1.4885,1.4867,1.4878,232043,92398.3
2026-10-03 22:45:00,1.4878,1.4882,1.4877,1.4878,148795.3,22956.9
